nan,-5.000000000000000000e+00,-4.919354838709677047e+00,-4.838709677419354982e+00,-4.758064516129032029e+00,-4.677419354838709964e+00,-4.596774193548387011e+00,-4.516129032258064058e+00,-4.435483870967741993e+00,-4.354838709677419040e+00,-4.274193548387096975e+00,-4.193548387096774022e+00,-4.112903225806451957e+00,-4.032258064516129004e+00,-3.951612903225806495e+00,-3.870967741935483986e+00,-3.790322580645161032e+00,-3.709677419354838968e+00,-3.629032258064516014e+00,-3.548387096774193505e+00,-3.467741935483870996e+00,-3.387096774193548487e+00,-3.306451612903225978e+00,-3.225806451612903025e+00,-3.145161290322580960e+00,-3.064516129032258007e+00,-2.983870967741935498e+00,-2.903225806451612989e+00,-2.822580645161290480e+00,-2.741935483870967971e+00,-2.661290322580645018e+00,-2.580645161290322509e+00,-2.500000000000000000e+00,-2.419354838709677491e+00,-2.338709677419354982e+00,-2.258064516129032473e+00,-2.177419354838709964e+00,-2.096774193548387011e+00,-2.016129032258064502e+00,-1.935483870967741993e+00,-1.854838709677419484e+00,-1.774193548387096975e+00,-1.693548387096774466e+00,-1.612903225806451513e+00,-1.532258064516129004e+00,-1.451612903225806495e+00,-1.370967741935483986e+00,-1.290322580645161477e+00,-1.209677419354838968e+00,-1.129032258064516014e+00,-1.048387096774193505e+00,-9.677419354838709964e-01,-8.870967741935489315e-01,-8.064516129032259784e-01,-7.258064516129030253e-01,-6.451612903225809603e-01,-5.645161290322580072e-01,-4.838709677419359423e-01,-4.032258064516129892e-01,-3.225806451612900361e-01,-2.419354838709679711e-01,-1.612903225806450180e-01,-8.064516129032295311e-02,0.000000000000000000e+00,8.064516129032206493e-02,1.612903225806450180e-01,2.419354838709679711e-01,3.225806451612900361e-01,4.032258064516129892e-01,4.838709677419350541e-01,5.645161290322580072e-01,6.451612903225800721e-01,7.258064516129030253e-01,8.064516129032259784e-01,8.870967741935480433e-01,9.677419354838709964e-01,1.048387096774193061e+00,1.129032258064516014e+00,1.209677419354838968e+00,1.290322580645161032e+00,1.370967741935483986e+00,1.451612903225806051e+00,1.532258064516129004e+00,1.612903225806451069e+00,1.693548387096774022e+00,1.774193548387096975e+00,1.854838709677419040e+00,1.935483870967741993e+00,2.016129032258064058e+00,2.096774193548387011e+00,2.177419354838709076e+00,2.258064516129032029e+00,2.338709677419354982e+00,2.419354838709677047e+00,2.500000000000000000e+00,2.580645161290322065e+00,2.661290322580645018e+00,2.741935483870967971e+00,2.822580645161290036e+00,2.903225806451612989e+00,2.983870967741935054e+00,3.064516129032258007e+00,3.145161290322580072e+00,3.225806451612902137e+00,3.306451612903225978e+00,3.387096774193548043e+00,3.467741935483870108e+00,3.548387096774193949e+00,3.629032258064516014e+00,3.709677419354838079e+00,3.790322580645161921e+00,3.870967741935483986e+00,3.951612903225806051e+00,4.032258064516128115e+00,4.112903225806451957e+00,4.193548387096774022e+00,4.274193548387096087e+00,4.354838709677419928e+00,4.435483870967741993e+00,4.516129032258064058e+00,4.596774193548386123e+00,4.677419354838709964e+00,4.758064516129032029e+00,4.838709677419354094e+00,4.919354838709677935e+00,5.000000000000000000e+00
5.636363636363636020e-01,4.816460658656738225e-01,4.794116355832372389e-01,4.770282774511799828e-01,4.743829477108989501e-01,4.712875253169547807e-01,4.671696917126303972e-01,4.655450906872084516e-01,4.660264211573812432e-01,4.656201754721350228e-01,4.647255531639258863e-01,4.634432755463071540e-01,4.617975163566065966e-01,4.597758888821290579e-01,4.573413814731038807e-01,4.544370099356125348e-01,4.509884445910436468e-01,4.469066348753031326e-01,4.420916199908160871e-01,4.364384366462714104e-01,4.298456213279872595e-01,4.222248034067774825e-01,4.134816626164828368e-01,4.048608287252657423e-01,3.948447642547902592e-01,3.839182343210122417e-01,3.724070683926903880e-01,3.606722567087197739e-01,3.491097513926479379e-01,3.381147104443270601e-01,3.280378686377077857e-01,3.191481800804061852e-01,3.116110987058942627e-01,3.054857534982970968e-01,3.007382952751353478e-01,2.972650492629642094e-01,2.949185232205019380e-01,2.935309667637550635e-01,2.929326346423234417e-01,2.929640599642107657e-01,2.934830086156964835e-01,2.943673785378476682e-01,2.955153681306632585e-01,2.968440268789205860e-01,2.982870055678800703e-01,2.997920461004560111e-01,3.013185327665053315e-01,3.028352733165295407e-01,3.043185792491763797e-01,3.057506560947746421e-01,3.071182831133635882e-01,3.084117476246584499e-01,3.096239950664219642e-01,3.107499572050332337e-01,3.117860248416232660e-01,3.127296362065926094e-01,3.135789571133009712e-01,3.143326334082022777e-01,3.149896001366674358e-01,3.155489351142755639e-01,3.160097472987191680e-01,3.163710925758152492e-01,3.166319113924520590e-01,3.167909841756772482e-01,3.168469017511106323e-01,3.167980490891462164e-01,3.166426017321153363e-01,3.163785352552028196e-01,3.160036491534986003e-01,3.155156076951280975e-01,3.149120016107635478e-01,3.141904360866887291e-01,3.133486524881120006e-01,3.123846936703754684e-01,3.112971257582537454e-01,3.100853330106147498e-01,3.087499069473126911e-01,3.072931563523477738e-01,3.057197710164551441e-01,3.040376788362564864e-01,3.022591423988509329e-01,3.004021459443798614e-01,2.984921238711255587e-01,2.965640730711892048e-01,2.946650659391601423e-01,2.928571278383352294e-01,2.912203470906841174e-01,2.898559293038311946e-01,2.888886750972888828e-01,2.884680482943061675e-01,2.887666418915962874e-01,2.899745381369326913e-01,2.922879890573112371e-01,2.958913036346102476e-01,3.009321221588873718e-01,3.074924961192816442e-01,3.155609746287230677e-01,3.250131105119872243e-01,3.356078576014956405e-01,3.470040845025617049e-01,3.587952622129821356e-01,3.705533378106868336e-01,3.818661762225752931e-01,3.923334107059359699e-01,4.013635402630398863e-01,4.108584650643805070e-01,4.191250212776951312e-01,4.262749825684684080e-01,4.323814871229440526e-01,4.375317572613994788e-01,4.418202838998298021e-01,4.453403145822800169e-01,4.481774827147708140e-01,4.504056356527740279e-01,4.520841240184517162e-01,4.532553900101545796e-01,4.539407365269707562e-01,4.541286821295629772e-01,4.537339031474479922e-01,4.523647032770744536e-01,4.540524559755996781e-01,4.583216126566589388e-01,4.614580501048598515e-01,4.642124525425350146e-01,4.668415727096118517e-01,4.694955329677520384e-01
5.674242424242423866e-01,4.914024785250732386e-01,4.885707809348427966e-01,4.856724162991490346e-01,4.825238773866194486e-01,4.786272255629193673e-01,4.765059764800803621e-01,4.769104582849325036e-01,4.763869940131181258e-01,4.753193428112191810e-01,4.737764196960138618e-01,4.717579071318552808e-01,4.692346878068698879e-01,4.661599719090224747e-01,4.624734552639829799e-01,4.581042082669375404e-01,4.529745026669651509e-01,4.470057857238373678e-01,4.401275787978910503e-01,4.322896241035953380e-01,4.234768214206760528e-01,4.137251076166254538e-01,4.031334182154563961e-01,3.918331620210023791e-01,3.816010447628404023e-01,3.706503323558769103e-01,3.598532040658982134e-01,3.496238121688872713e-01,3.402898778309064176e-01,3.320911384393706589e-01,3.251689335514786339e-01,3.195674959031868934e-01,3.152475957441126519e-01,3.121079114929208864e-01,3.100084905386905065e-01,3.087918783615435370e-01,3.082995049116587505e-01,3.083827305598481616e-01,3.089091301808853385e-01,3.097651209346694579e-01,3.108561067584260651e-01,3.121051372203371699e-01,3.134508218193828855e-01,3.148449950536953978e-01,3.162504311640198518e-01,3.176387673259674638e-01,3.189887025395976572e-01,3.202844844890354592e-01,3.215146667518461454e-01,3.226711048531600845e-01,3.237481553085346797e-01,3.247420426859604081e-01,3.256503631545792365e-01,3.264716973898840746e-01,3.272053101979662260e-01,3.278509183666032945e-01,3.284085118679306303e-01,3.288782165860370532e-01,3.292601892568744471e-01,3.295545373521389099e-01,3.297612582894740019e-01,3.298801936820709435e-01,3.299109954196524086e-01,3.298531012595473100e-01,3.297057183533956271e-01,3.294678137878311319e-01,3.291381118181784249e-01,3.287150980612983386e-01,3.281970315266819482e-01,3.275819660438960002e-01,3.268677834346908617e-01,3.260522417306367382e-01,3.251330429122863408e-01,3.241079261145499713e-01,3.229747940882557455e-01,3.217318830248514505e-01,3.203779887431046913e-01,3.189127658047883340e-01,3.173371204496243103e-01,3.156537233342662785e-01,3.138676738078121642e-01,3.119873534846678287e-01,3.100255123596021845e-01,3.080006340683871247e-01,3.059386253433314384e-01,3.038748636466988007e-01,3.018566092474211371e-01,2.999457333118007440e-01,2.982216183179290936e-01,2.967839359605112248e-01,2.957547885871757987e-01,2.952794150731110623e-01,2.955243459392243865e-01,2.966716395732827971e-01,2.989078174691013334e-01,3.024065914319713499e-01,3.073056828375624328e-01,3.136800203019614597e-01,3.215159546908705757e-01,3.306927983947163252e-01,3.409773871911458420e-01,3.520322377843981831e-01,3.634180158013131656e-01,3.743396699325297061e-01,3.864969895672646372e-01,3.978456080179977872e-01,4.083036285988517755e-01,4.177473680774526632e-01,4.261138300176848803e-01,4.333955734300559692e-01,4.396261405108596310e-01,4.448649611231428325e-01,4.491846879572153894e-01,4.526618967291795026e-01,4.553710397623472739e-01,4.573809148071518726e-01,4.587523162885551176e-01,4.595343226823113136e-01,4.597527573615253771e-01,4.593662589539243002e-01,4.579994285571642454e-01,4.602134383145088936e-01,4.643227379110419495e-01,4.676608165248762883e-01,4.708590677529642665e-01,4.741387473589093182e-01
5.712121212121211711e-01,5.017162529542127380e-01,4.978080718084025302e-01,4.937869371669692531e-01,4.892752415929397802e-01,4.858912774432808668e-01,4.856267727630326214e-01,4.845232152289418726e-01,4.829656589747468032e-01,4.809797226590464270e-01,4.785196021795701804e-01,4.755155976222529279e-01,4.718893094549517220e-01,4.675604260874107188e-01,4.624514142104531045e-01,4.564928033219471382e-01,4.496304978976067845e-01,4.418357147348365710e-01,4.331172333273658470e-01,4.235345196537244616e-01,4.132090202970259418e-01,4.023298599313870350e-01,3.911497818409115923e-01,3.799670066366052090e-01,3.691736241532133089e-01,3.605556967173398908e-01,3.520481350338284243e-01,3.445007825386196543e-01,3.380948269571895648e-01,3.328837825620827862e-01,3.288357445621474806e-01,3.258596192517794754e-01,3.238283361753543366e-01,3.225985590648142165e-01,3.220257184009027718e-01,3.219741314553290490e-01,3.223228047023507514e-01,3.229679170007043743e-01,3.238230307834014665e-01,3.248179266088457862e-01,3.258967329123110823e-01,3.270158056677130998e-01,3.281416365920465927e-01,3.292489410640732639e-01,3.303189924275606315e-01,3.313382177464385125e-01,3.322970414267233386e-01,3.331889493494818444e-01,3.340097414022540900e-01,3.347569405939268550e-01,3.354293297729235568e-01,3.360265908310231531e-01,3.365490253138001542e-01,3.369973391366148374e-01,3.373724774291774753e-01,3.376754983490437012e-01,3.379074770335835920e-01,3.380694327541500233e-01,3.381622738598544786e-01,3.381867563162091472e-01,3.381434526154245557e-01,3.380327286118817165e-01,3.378547264630121783e-01,3.376093523693343701e-01,3.372962682399658907e-01,3.369148867886531673e-01,3.364643699149981737e-01,3.359436305687778512e-01,3.353513386549543118e-01,3.346859319369643870e-01,3.339456333623005424e-01,3.331284767980687289e-01,3.322323438605829238e-01,3.312550153961403843e-01,3.301942422714491676e-01,3.290478415243475729e-01,3.278138256810831930e-01,3.264905752469033362e-01,3.250770671072111262e-01,3.235731749141217972e-01,3.219800615233352481e-01,3.203006881609067324e-01,3.185404700648798992e-01,3.167081134226432115e-01,3.148166726164554619e-01,3.128848684612074438e-01,3.109387044887238494e-01,3.090134049495431579e-01,3.071556683595619286e-01,3.054261747274040761e-01,3.039021912070550835e-01,3.026799773253187054e-01,3.018764889217719349e-01,3.016296255836877771e-01,3.020959962909846586e-01,3.034449795540430372e-01,3.058478783816795943e-01,3.094614099857750933e-01,3.144057575478925726e-01,3.207387458434469707e-01,3.284280162705292549e-01,3.373140938324716287e-01,3.467202866680458295e-01,3.585230617326681801e-01,3.704921105856092134e-01,3.824624249034612733e-01,3.941103180230058345e-01,4.051445355018691297e-01,4.153378393150535808e-01,4.245359576029192894e-01,4.326539292152086214e-01,4.396654273840067129e-01,4.455896024243479747e-01,4.504786686284161235e-01,4.544079700400309174e-01,4.574688907582607489e-01,4.597638182257712813e-01,4.614012905111162799e-01,4.624879594833124496e-01,4.631099810083594281e-01,4.632769619858688182e-01,4.625961933766483125e-01,4.661661302095944093e-01,4.709834702651072846e-01,4.753373889062594282e-01,4.796893867186492466e-01
5.749999999999999556e-01,5.122273889094522970e-01,5.070697262963904661e-01,5.014812328209988790e-01,4.962258879486945440e-01,4.946103318156614970e-01,4.921910069795344400e-01,4.894373103189069152e-01,4.863844623465073402e-01,4.829776371739136764e-01,4.791252774328645936e-01,4.747207820515349508e-01,4.696567577768759882e-01,4.638368440014269400e-01,4.571867456078165803e-01,4.496652217600498047e-01,4.412751234850696425e-01,4.320736696828416656e-01,4.221800787853333681e-01,4.117778169140386413e-01,4.011086294673221753e-01,3.904566504694955698e-01,3.801232332031461714e-01,3.703959178624627313e-01,3.615159929996990540e-01,3.542291248991022434e-01,3.488781480829244996e-01,3.440841922184148527e-01,3.402312298405784641e-01,3.373000747093296559e-01,3.351986735680679841e-01,3.338080953787912475e-01,3.330031982677459368e-01,3.326643228666179564e-01,3.326837068445455126e-01,3.329683686993124003e-01,3.334406817863362904e-01,3.340375546895154590e-01,3.347088775497054636e-01,3.354156774490271720e-01,3.361282570847460294e-01,3.368244695146959677e-01,3.374882006559787317e-01,3.381080808990359898e-01,3.386764185223674062e-01,3.391883331417606118e-01,3.396410617536522736e-01,3.400334093065455199e-01,3.403653177480598369e-01,3.406375306746188270e-01,3.408513342043928418e-01,3.410083580476160336e-01,3.411104237477540213e-01,3.411594296372273960e-01,3.411572641934028649e-01,3.411057412316150228e-01,3.410065517846621042e-01,3.408612286478566178e-01,3.406711204664864545e-01,3.404373729546097405e-01,3.401609153990553525e-01,3.398424510531016240e-01,3.394824503874959154e-01,3.390811464643703199e-01,3.386385319515846648e-01,3.381543575161887194e-01,3.376281315415883277e-01,3.370591213156368116e-01,3.364463560507201523e-01,3.357886323348645008e-01,3.350845228910397933e-01,3.343323898575847886e-01,3.335304042173757866e-01,3.326765735226252518e-01,3.317687807173199110e-01,3.308048376882600228e-01,3.297825582244543474e-01,3.286998563868438472e-01,3.275548779481181061e-01,3.263461746213775494e-01,3.250729333214237848e-01,3.237352757412881310e-01,3.223346470868054814e-01,3.208743168156113490e-01,3.193600184376751971e-01,3.178007593416370402e-01,3.162098342494586989e-01,3.146060755912969409e-01,3.130153680817119310e-01,3.114724388050591486e-01,3.100229019681125520e-01,3.087254807467360584e-01,3.076542371594941927e-01,3.069005045111803387e-01,3.065740298511052675e-01,3.068026019994428699e-01,3.077291901939238072e-01,3.095053928343571292e-01,3.122797854467844747e-01,3.161790529422077722e-01,3.212739408981431510e-01,3.273983289264685292e-01,3.358407684365746215e-01,3.454107886582009623e-01,3.558738170794450428e-01,3.669834900629304064e-01,3.784182983729868499e-01,3.898325748973046623e-01,4.008956828278176787e-01,4.113227591750708845e-01,4.208945479962434844e-01,4.294659121920590406e-01,4.369650210649032585e-01,4.433863971358621980e-01,4.487808177617745309e-01,4.532439939794155603e-01,4.569046354738474092e-01,4.599114520643309834e-01,4.624179895332795054e-01,4.645634200082122134e-01,4.664438336220905201e-01,4.680466125792692722e-01,4.688478567711596989e-01,4.744174019131832121e-01,4.804127058839717246e-01,4.860197498435794294e-01
5.787878787878787401e-01,5.218587880207202767e-01,5.154058956921918622e-01,5.083638343674662385e-01,5.053362862988783899e-01,5.013294676211195178e-01,4.969581349757243860e-01,4.923075669329667892e-01,4.873690151352660371e-01,4.820896088708327976e-01,4.763905688213264655e-01,4.701813105179722396e-01,4.633745724206204120e-01,4.559029276584865009e-01,4.477353630269536033e-01,4.388918549544115200e-01,4.294535123018705658e-01,4.195658197258649857e-01,4.094330002326868057e-01,3.993027809879927115e-01,3.894428906009389513e-01,3.801129271317297276e-01,3.715368783576278866e-01,3.638816703652774653e-01,3.572454035380240311e-01,3.516556903171099702e-01,3.480088299257161899e-01,3.455950922295447647e-01,3.434956784883893555e-01,3.419252704495555628e-01,3.408335361462146995e-01,3.401360318938175253e-01,3.397465018444543183e-01,3.395867777497848516e-01,3.395900678773590142e-01,3.397014777685219422e-01,3.398772413915870372e-01,3.400833876908261333e-01,3.402942323675380298e-01,3.404909039393146930e-01,3.406600077542325522e-01,3.407924697544295056e-01,3.408825666661459697e-01,3.409271307699323073e-01,3.409249089419230661e-01,3.408760530437556224e-01,3.407817193150371460e-01,3.406437565577613569e-01,3.404644656407974646e-01,3.402464156610293111e-01,3.399923047056214731e-01,3.397048554493655170e-01,3.393867377615233938e-01,3.390405121030993785e-01,3.386685888033119096e-01,3.382731993568826034e-01,3.378563767239463056e-01,3.374199422816828720e-01,3.369654976047991024e-01,3.364944196699794499e-01,3.360078584107349942e-01,3.355067358139940947e-01,3.349917459635352590e-01,3.344633556118363771e-01,3.339218050118106240e-01,3.333671088725695952e-01,3.327990574276348257e-01,3.322172177272590954e-01,3.316209353968751494e-01,3.310093372491431096e-01,3.303813353068922876e-01,3.297356329986248502e-01,3.290707345399079276e-01,3.283849588278970333e-01,3.276764595708990258e-01,3.269432538729711846e-01,3.261832621225946305e-01,3.253943628278885836e-01,3.245744670376926044e-01,3.237216182333343406e-01,3.228341251189222327e-01,3.219107366273119553e-01,3.209508707343003975e-01,3.199549113503131204e-01,3.189245905999096853e-01,3.178634770691559086e-01,3.167775937921699092e-01,3.156761922670291431e-01,3.145727095868679490e-01,3.134859330953411183e-01,3.124413880555599321e-01,3.114729444713750794e-01,3.106246033956511776e-01,3.099523625686397277e-01,3.095259652649748894e-01,3.094301903101704387e-01,3.097651202303746132e-01,3.106444530447628471e-01,3.121900372469411655e-01,3.145168070896670609e-01,3.176482977138378461e-01,3.225899088860920694e-01,3.286834857996451253e-01,3.358625528146051420e-01,3.441275789062289148e-01,3.533693446949633943e-01,3.633916471676090776e-01,3.739299599163499188e-01,3.846783250872796156e-01,3.953223665499546180e-01,4.055728275452908371e-01,4.151937775594281010e-01,4.240213564332792062e-01,4.319714362214189807e-01,4.390367889549428582e-01,4.452757046703201826e-01,4.507945681942034377e-01,4.557270140637479927e-01,4.602121415861691878e-01,4.643737012759990845e-01,4.683003840160432363e-01,4.720216088586500769e-01,4.754458561592770915e-01,4.778332577012148752e-01,4.853054675291438858e-01,4.922387156220188187e-01
5.825757575757575246e-01,5.294653187515104831e-01,5.209908005168932821e-01,5.170840647752966701e-01,5.117895346608084539e-01,5.059857857414550297e-01,4.997859847884161821e-01,4.932209039901337966e-01,4.862900550690231749e-01,4.789758479831442983e-01,4.712519680836879665e-01,4.630926222304205253e-01,4.544842871359103809e-01,4.454392275563276438e-01,4.360083577343504824e-01,4.262900402222660201e-01,4.164315174391242103e-01,4.066210206926158532e-01,3.970709282725857769e-01,3.879949157039162544e-01,3.795838895480765918e-01,3.719858514331564336e-01,3.652935497101578721e-01,3.595414206367548715e-01,3.547108999450280797e-01,3.507416514457028511e-01,3.475468968970140127e-01,3.462609171148730569e-01,3.453549998104502028e-01,3.444439287276512829e-01,3.437030077568151154e-01,3.431184428732098057e-01,3.426518471113993436e-01,3.422642109033396385e-01,3.419219211926736723e-01,3.415980820521575256e-01,3.412722538603661926e-01,3.409296421812382238e-01,3.405601446497960594e-01,3.401574289870696322e-01,3.397181125061263240e-01,3.392410651029088009e-01,3.387268346885797810e-01,3.381771836728015290e-01,3.375947213007781111e-01,3.369826161721665159e-01,3.363443743969878885e-01,3.356836706312779084e-01,3.350042211849315055e-01,3.343096902543969962e-01,3.336036219906947653e-01,3.328893925327429115e-01,3.321701773195329666e-01,3.314489299641966702e-01,3.307283697573299430e-01,3.300109754957109565e-01,3.292989838335687591e-01,3.285943907514577988e-01,3.278989550529501362e-01,3.272142030494817333e-01,3.265414337927011745e-01,3.258817243733893587e-01,3.252359349357360485e-01,3.246047131636520255e-01,3.239884980880272103e-01,3.233875231463292921e-01,3.228018185036558019e-01,3.222312127219593703e-01,3.216753339464539230e-01,3.211336108700278968e-01,3.206052738432890181e-01,3.200893566260383238e-01,3.195846994326312918e-01,3.190899541181586030e-01,3.186035925954114334e-01,3.181239198775202004e-01,3.176490935247520686e-01,3.171771517556559727e-01,3.167060530869866830e-01,3.162337311215455138e-01,3.157581690402332941e-01,3.152774995094145827e-01,3.147901371215935384e-01,3.142949521753662934e-01,3.137914965819775803e-01,3.132802949381217616e-01,3.127632162402083638e-01,3.122439441317435560e-01,3.117285655778780917e-01,3.112262987422995120e-01,3.107503793997143937e-01,3.103191194767783156e-01,3.099571380858569536e-01,3.096967394910996041e-01,3.095793647565796558e-01,3.096569557695468822e-01,3.099928910384260328e-01,3.106616809650192823e-01,3.117446089527989295e-01,3.132974005049747879e-01,3.160481969909114675e-01,3.195553378881600959e-01,3.238248905972842540e-01,3.289982759328993200e-01,3.351461392575855180e-01,3.422803144048139345e-01,3.503479116909780089e-01,3.592285658392870284e-01,3.687403550270891839e-01,3.786559921169681542e-01,3.887276170492188210e-01,3.987156821647013238e-01,4.084159086439171915e-01,4.176786916452002729e-01,4.264174631386336567e-01,4.346055291286463063e-01,4.422636947295917609e-01,4.494427151551230182e-01,4.562048804169157035e-01,4.626079597439645141e-01,4.686926605291688586e-01,4.744717180542715740e-01,4.799122611098531332e-01,4.848719154010162069e-01,4.882353473420955603e-01,4.972597991648983196e-01
5.863636363636363091e-01,5.337092609035205548e-01,5.283114578674250605e-01,5.221907101831196885e-01,5.154165131728067895e-01,5.081063379801892266e-01,5.003021892516745783e-01,4.920288542724245984e-01,4.833097059189310762e-01,4.741742486121655054e-01,4.646636806404443321e-01,4.548361058968720116e-01,4.447714495079339581e-01,4.345751319285182102e-01,4.243788910029106520e-01,4.143370812310768203e-01,4.046175793336783122e-01,3.953879722488295445e-01,3.867994077551113463e-01,3.789715385848645424e-01,3.719818404619290586e-01,3.658612955053638371e-01,3.605966192387040636e-01,3.561376419459308384e-01,3.524076478416492408e-01,3.493145503430581389e-01,3.467617858290403254e-01,3.446628778229309242e-01,3.444350239549864301e-01,3.438837798613853525e-01,3.431337815096439647e-01,3.423506440433414233e-01,3.415548720558559403e-01,3.407427775716514451e-01,3.399064046660076333e-01,3.390387439830296890e-01,3.381351071889550641e-01,3.371932531652270248e-01,3.362130897790431283e-01,3.351962562094437104e-01,3.341457059152314057e-01,3.330653359316346762e-01,3.319596761963400922e-01,3.308336386696295595e-01,3.296923202796999131e-01,3.285408518353856167e-01,3.273842849490476992e-01,3.262275096966320564e-01,3.250751967105491858e-01,3.239317584100324665e-01,3.228013250110237653e-01,3.216877317786958068e-01,3.205945146807899770e-01,3.195249121751858601e-01,3.184818713346770358e-01,3.174680568911522061e-01,3.164858620855078297e-01,3.155374204529401982e-01,3.146246178672453819e-01,3.137491043225764109e-01,3.129123050554740715e-01,3.121154307102486647e-01,3.113594863331697327e-01,3.106452790495968785e-01,3.099734243379623222e-01,3.093443508676765319e-01,3.087583039191391099e-01,3.082153474546712180e-01,3.077153649632222709e-01,3.072580592617449868e-01,3.068429515057056189e-01,3.064693797438654554e-01,3.061364974533867800e-01,3.058432726149146186e-01,3.055884880411440241e-01,3.053707438638325611e-01,3.051884633233061805e-01,3.050399033033480700e-01,3.049231714269857729e-01,3.048362519928466408e-01,3.047770436069863198e-01,3.047434120747854469e-01,3.047332629855230568e-01,3.047446394738445030e-01,3.047758518963983310e-01,3.048256476283471850e-01,3.048934308462592502e-01,3.049795439613955383e-01,3.050856241583485007e-01,3.052150500002008826e-01,3.053734937687228035e-01,3.055695941982360386e-01,3.058157598743388994e-01,3.061291026102325175e-01,3.065324755339185470e-01,3.070555327897796505e-01,3.077355617061388049e-01,3.086171315834714268e-01,3.097431460823211746e-01,3.116245048794544226e-01,3.138893287635127760e-01,3.165273915962647511e-01,3.196973224723693163e-01,3.235148168959701143e-01,3.280775315492304167e-01,3.334611190442271500e-01,3.397102121453362544e-01,3.468292078282789181e-01,3.547759513673330312e-01,3.634608362124145953e-01,3.727527336747320508e-01,3.824913934321045317e-01,3.925040071043618406e-01,4.026223097525714056e-01,4.126965436265318532e-01,4.226038574842171935e-01,4.322506377305582181e-01,4.415699650819208122e-01,4.505162172917250851e-01,4.590586817732373315e-01,4.671751936984812614e-01,4.748455631205324434e-01,4.820425306478902661e-01,4.887119029461113318e-01,4.946966508198760715e-01,4.996935702501619780e-01
5.901515151515150936e-01,5.378993622686099041e-01,5.313353915256785465e-01,5.240177901898426249e-01,5.160682051609598586e-01,5.075313441641072787e-01,4.984418549945889843e-01,4.888421506622474544e-01,4.787907000352879527e-01,4.683667620742013593e-01,4.576726622703195524e-01,4.468335486570554349e-01,4.359943113183030183e-01,4.253134859264940393e-01,4.149543550076030263e-01,4.050740186093801931e-01,3.958117838766210261e-01,3.872786139231924607e-01,3.795493778256865403e-01,3.726591693899571345e-01,3.666041222158351043e-01,3.613462187651771962e-01,3.568208803017668962e-01,3.529458254030919395e-01,3.496298100769894002e-01,3.467802969588610340e-01,3.443097552738757505e-01,3.421416179559548243e-01,3.402271961229417774e-01,3.402373482749690425e-01,3.394119299248976040e-01,3.383113941676650360e-01,3.370889981504759936e-01,3.357835844107709411e-01,3.344101694333599384e-01,3.329770647268112116e-01,3.314908042339967942e-01,3.299577383558397470e-01,3.283845005257879923e-01,3.267780589750658438e-01,3.251456201797979784e-01,3.234944914128714544e-01,3.218319462495630168e-01,3.201651096396835317e-01,3.185008671262663515e-01,3.168457975436481666e-01,3.152061264247288941e-01,3.135876967178637398e-01,3.119959534589648031e-01,3.104359393743016393e-01,3.089122988128350511e-01,3.074292878339976998e-01,3.059907886663872922e-01,3.046003270914923178e-01,3.032610915916024164e-01,3.019759533371293436e-01,3.007474862813322991e-01,2.995779867868601509e-01,2.984694923351273177e-01,2.974237989716768671e-01,2.964424772234559580e-01,2.955268862916737849e-01,2.946781863796353873e-01,2.938973490622393547e-01,2.931851656447993504e-01,2.925422534959110643e-01,2.919690603743243518e-01,2.914658668048012991e-01,2.910327865954300819e-01,2.906697656294616183e-01,2.903765791122009388e-01,2.901528275088251507e-01,2.899979314759492111e-01,2.899111261711968535e-01,2.898914554252493003e-01,2.899377663844988073e-01,2.900487053858153419e-01,2.902227160149274399e-01,2.904580405361571471e-01,2.907527261735922686e-01,2.911046380860644600e-01,2.915114813253186776e-01,2.919708346161623003e-01,2.924801994690598983e-01,2.930370689499306458e-01,2.936390214090918160e-01,2.942838456263461300e-01,2.949697051669568082e-01,2.956953512473988743e-01,2.964603950259850351e-01,2.972656518436079809e-01,2.981135713162555989e-01,2.990087678997762621e-01,2.999586657569758286e-01,3.009742672906499106e-01,3.020710382298155139e-01,3.032698210025582264e-01,3.045968726889179412e-01,3.064149002705660596e-01,3.083996004469008456e-01,3.104866709759061538e-01,3.128151954625700837e-01,3.154817499612421750e-01,3.185814717456426082e-01,3.222119138278387585e-01,3.264703500663468372e-01,3.314479062745268045e-01,3.372215815694614149e-01,3.438451547876472669e-01,3.513403111093676423e-01,3.596896170029653117e-01,3.688329616988791915e-01,3.786686330826543601e-01,3.890593378458735985e-01,3.998424288925833125e-01,4.108426961296334223e-01,4.218856026871327658e-01,4.328089300262637495e-01,4.434713400528441651e-01,4.537571236494820082e-01,4.635770945500439222e-01,4.728659538434241139e-01,4.815762265117513041e-01,4.896673261792829912e-01,4.970815952125030579e-01,5.036529491711108086e-01
5.939393939393938782e-01,5.385221733556732060e-01,5.310010250522010367e-01,5.228005403783796412e-01,5.139720627774854167e-01,5.045596228097363189e-01,4.946184428122427090e-01,4.842225562263671179e-01,4.734679992055432773e-01,4.624727411633873797e-01,4.513735548658614483e-01,4.403200793269061442e-01,4.294667050657832164e-01,4.189633052674209823e-01,4.089460447575855584e-01,3.995294275227861958e-01,3.908004330137314630e-01,3.828151778203872091e-01,3.755981632850555196e-01,3.691438991153542792e-01,3.634205147879904230e-01,3.583748426112868812e-01,3.539383636130649102e-01,3.500333729047265252e-01,3.465787770305888138e-01,3.434950937240009994e-01,3.407084844251150324e-01,3.381541091755491668e-01,3.357807095865095737e-01,3.335795265588034630e-01,3.334126242242907434e-01,3.320496793178599471e-01,3.304057609396797712e-01,3.286159242397178604e-01,3.267251074963192781e-01,3.247562994592715913e-01,3.227250711733475885e-01,3.206440842310872563e-01,3.185247106733923306e-01,3.163776340367379647e-01,3.142130539335104000e-01,3.120407326371998358e-01,3.098699827112842420e-01,3.077096382184338896e-01,3.055680274688559739e-01,3.034529541420180054e-01,3.013716885346652830e-01,2.993309684350367039e-01,2.973370082226540201e-01,2.953955145367949675e-01,2.935117068980768185e-01,2.916903418334112486e-01,2.899357392602578964e-01,2.882518100910872461e-01,2.866420842052657125e-01,2.851097380978074858e-01,2.836576216510579007e-01,2.822882835893137377e-01,2.810039952701355870e-01,2.798067725429606023e-01,2.786983954690536169e-01,2.776804257488004191e-01,2.767542217460651766e-01,2.759209510363329620e-01,2.751816004376136937e-01,2.745369835123493418e-01,2.739877455559354136e-01,2.735343661148073591e-01,2.731771591050886627e-01,2.729162706334908317e-01,2.727516746564882522e-01,2.726831666536944643e-01,2.727103555383780797e-01,2.728326540846949255e-01,2.730492682195359011e-01,2.733591856109258700e-01,2.737611640873645613e-01,2.742537205494803842e-01,2.748351211920672110e-01,2.755033740490760441e-01,2.762562251159487170e-01,2.770911596050530945e-01,2.780054102663445659e-01,2.789959751761769691e-01,2.800596479877692779e-01,2.811930643791634155e-01,2.823927693720635346e-01,2.836553113869855758e-01,2.849773704362363325e-01,2.863559298859407187e-01,2.877885040285229068e-01,2.892734379404052203e-01,2.908103034161330092e-01,2.924004301665565353e-01,2.940476529345903423e-01,2.957595066956011931e-01,2.975499933864850233e-01,2.996734222179807672e-01,3.018955028164740373e-01,3.040629846611307974e-01,3.063072631548827141e-01,3.086991902547183142e-01,3.113098615322874019e-01,3.142185955322033819e-01,3.175144276418031541e-01,3.212947875015370602e-01,3.256618678298306424e-01,3.307167381036661968e-01,3.365513836265794367e-01,3.432392157117128972e-01,3.508250649218113693e-01,3.593160983670190545e-01,3.686753320805368772e-01,3.788192886870540010e-01,3.896207998945081519e-01,4.009170303089463205e-01,4.125217210784200006e-01,4.242397410895494825e-01,4.358815870669057735e-01,4.472756226837958926e-01,4.582764879676691216e-01,4.687689538037754233e-01,4.786671709415336595e-01,4.879093371335144758e-01,4.964463482064090938e-01,5.042153687797797934e-01
5.977272727272726627e-01,5.357305582188839344e-01,5.276186003234318855e-01,5.188778719356738067e-01,5.095635009902224066e-01,4.997418795598795316e-01,4.894968000495710791e-01,4.789305410973730970e-01,4.681615265313402441e-01,4.573192567042526080e-01,4.465373201050895080e-01,4.359455946372844948e-01,4.256629057996844101e-01,4.157912635493765108e-01,4.064123514384848646e-01,3.975863374878559342e-01,3.893525365975203378e-01,3.817311653028518381e-01,3.747254575787754005e-01,3.683236818899300324e-01,3.625009522740544332e-01,3.572209943447670066e-01,3.524381166588330117e-01,3.480995547412861768e-01,3.441481810739570046e-01,3.405254143812260770e-01,3.371740982334598957e-01,3.340412139992746665e-01,3.310807283977196813e-01,3.282591559263589587e-01,3.256207672019832411e-01,3.250996529447683914e-01,3.231506006050491875e-01,3.209510215419168477e-01,3.186143454991604007e-01,3.161841693974138390e-01,3.136851700229945639e-01,3.111350951070590565e-01,3.085486769610217839e-01,3.059391033271978144e-01,3.033185992607420611e-01,3.006986536565476875e-01,2.980900993805512544e-01,2.955031353608802980e-01,2.929473293117881849e-01,2.904316178671446091e-01,2.879643108687914288e-01,2.855531019060331133e-01,2.832050850940158737e-01,2.809267771942191017e-01,2.787241438856066233e-01,2.766026289768624968e-01,2.745671854527652611e-01,2.726223073933098928e-01,2.707720619559242925e-01,2.690201207517998738e-01,2.673697900713356557e-01,2.658240395190826222e-01,2.643855287073336169e-01,2.630566317311018310e-01,2.618394592087201489e-01,2.607358777233366731e-01,2.597475265438163872e-01,2.588758315404410815e-01,2.581220162431712151e-01,2.574871100192197559e-01,2.569719533737727102e-01,2.565772004038884280e-01,2.563033184618286331e-01,2.561505851116726573e-01,2.561190824927643828e-01,2.562086892368345969e-01,2.564190701233925451e-01,2.567496637024082040e-01,2.571996681654599159e-01,2.577680258095434440e-01,2.584534065141593784e-01,2.592541907463607465e-01,2.601684527252609569e-01,2.611939445242561497e-01,2.623280820755309328e-01,2.635679342800391622e-01,2.649102167357426096e-01,2.663512920022784169e-01,2.678871788576873136e-01,2.695135737253992469e-01,2.712258884371589462e-01,2.730193098789327477e-01,2.748888890652894101e-01,2.768296702314613777e-01,2.788368755518599862e-01,2.809061704108105628e-01,2.830340545517139872e-01,2.852184798744865635e-01,2.874599960006559152e-01,2.897648562178987142e-01,2.922695727904062735e-01,2.949562163202262277e-01,2.974791494836872552e-01,3.000055935382788808e-01,3.025902664742444736e-01,3.052850361315604388e-01,3.081485125039750694e-01,3.112485938689804610e-01,3.146626494090334902e-01,3.184760924211293420e-01,3.227794818020066070e-01,3.276642257428812322e-01,3.332170438134783308e-01,3.395134684899666078e-01,3.466108029294494575e-01,3.545410962969831048e-01,3.633048535875871288e-01,3.728663403935893461e-01,3.831514057530485684e-01,3.940486279466329234e-01,4.054142114851410628e-01,4.170804423535315331e-01,4.288667819933802972e-01,4.405920749312978724e-01,4.520860714840181926e-01,4.631986102609093048e-01,4.738052676061610957e-01,4.838087934420622349e-01,4.931357509206992229e-01,5.017263041081496677e-01
6.015151515151514472e-01,5.295604453205295936e-01,5.212642023159825833e-01,5.124278840112642674e-01,5.031252732011052275e-01,4.934439198261557080e-01,4.834846859508531991e-01,4.733581201523964777e-01,4.631787704068771050e-01,4.530584977668043467e-01,4.430999454957786354e-01,4.333912573945625790e-01,4.240028456242171395e-01,4.149865337521473352e-01,4.063768753272880008e-01,3.981940180484084268e-01,3.904472531904933930e-01,3.831383936283612179e-01,3.762643283526725391e-01,3.698184289674478209e-01,3.637908387889549622e-01,3.581679678097748343e-01,3.529316811899564366e-01,3.480586783210078972e-01,3.435204329068202167e-01,3.392838601900263762e-01,3.353126734056409153e-01,3.315692650533883512e-01,3.280169868417139867e-01,3.246231827674329051e-01,3.213665890570681638e-01,3.191969854310854338e-01,3.174828309851348562e-01,3.150519143388609278e-01,3.124164483349042842e-01,3.096670478097529045e-01,3.068416854466416988e-01,3.039630581465549430e-01,3.010481402535472029e-01,2.981114021303239436e-01,2.951660274217692281e-01,2.922243853489459586e-01,2.892982030089112366e-01,2.863986153247206068e-01,2.835361684915824743e-01,2.807208100827520147e-01,2.779618799553326136e-01,2.752681073434523618e-01,2.726476154895088322e-01,2.701079333685447725e-01,2.676560133458177337e-01,2.652982534091821165e-01,2.630405226563402032e-01,2.608881888535977689e-01,2.588461470490661664e-01,2.569188483875413098e-01,2.551103284230918922e-01,2.534242343542650877e-01,2.518638507162013762e-01,2.504321231555592941e-01,2.491316799909603363e-01,2.479648513261632214e-01,2.469336855379709872e-01,2.460399630081490097e-01,2.452852070099786064e-01,2.446706916974710211e-01,2.441974471794376433e-01,2.438662616932398830e-01,2.436776809246393172e-01,2.436320045521044031e-01,2.437292801266284226e-01,2.439692944330569269e-01,2.443515625168756200e-01,2.448753146028873062e-01,2.455394811810524824e-01,2.463426765920838091e-01,2.472831815148515966e-01,2.483589248430790319e-01,2.495674655470531689e-01,2.509059752553768896e-01,2.523712224746871846e-01,2.539595596091834273e-01,2.556669142716690435e-01,2.574887868295255289e-01,2.594202567558616668e-01,2.614560012380880982e-01,2.635903307616827562e-01,2.658172482553504690e-01,2.681305412714146130e-01,2.705239214757190758e-01,2.729912346441303317e-01,2.755267837915270634e-01,2.781258601161728516e-01,2.807857589780456964e-01,2.835085161338480875e-01,2.863210424037451740e-01,2.894431522780047117e-01,2.923364211431570547e-01,2.952128285033069899e-01,2.981194736048725646e-01,3.010964911218213524e-01,3.041875755831924266e-01,3.074423662781560762e-01,3.109166795363651481e-01,3.146716535851277752e-01,3.187721552416235005e-01,3.232846563597958078e-01,3.282747421351217554e-01,3.338043585908401778e-01,3.399288303962892943e-01,3.466936117218590296e-01,3.541307184479424164e-01,3.622548681405742266e-01,3.710595320388790364e-01,3.805133434227037093e-01,3.905575292204797044e-01,4.011051345856335715e-01,4.120427056150651746e-01,4.232347521131616386e-01,4.345307853180387370e-01,4.457741521542433749e-01,4.568114404195330880e-01,4.675010400127596055e-01,4.777195314687838201e-01,4.873647849738732551e-01,4.963545663929094243e-01
6.053030303030302317e-01,5.192628393770931661e-01,5.112575600897084627e-01,5.028311107392945400e-01,4.940680508081259914e-01,4.850612154594904912e-01,4.759081128762360779e-01,4.667058887621317043e-01,4.575458922524210936e-01,4.485087727520156720e-01,4.396608639154094833e-01,4.310523261328548239e-01,4.227171701191705377e-01,4.146749505103389244e-01,4.069336689865616918e-01,3.994932973480160299e-01,3.923493217063310223e-01,3.854957943021120603e-01,3.789275256641915779e-01,3.726412262817221377e-01,3.666355896782516055e-01,3.609104776035791384e-01,3.554655027177127669e-01,3.502983839902033547e-01,3.454034593597345437e-01,3.407706765807291260e-01,3.363852638076565982e-01,3.322281435845474418e-01,3.282770538068130461e-01,3.245083801809616753e-01,3.209002919667097720e-01,3.174427141381589990e-01,3.154619002737321098e-01,3.132565455132748089e-01,3.106005420155352748e-01,3.077891927195448574e-01,3.048906467475756554e-01,3.019348212568925272e-01,2.989401395011407336e-01,2.959208574647635981e-01,2.928895784119053824e-01,2.898581811129427033e-01,2.868381453395567049e-01,2.838406348620888253e-01,2.808764849898915394e-01,2.779561581140079785e-01,2.750896948528007702e-01,2.722866721536695289e-01,2.695561721699091251e-01,2.669067622766966297e-01,2.643464851013614392e-01,2.618828569083052615e-01,2.595228725978160900e-01,2.572730156992247830e-01,2.551392719366936679e-01,2.531271451592456145e-01,2.512416746277252866e-01,2.494874528291858851e-01,2.478686431416597391e-01,2.463889968008427522e-01,2.450518687283613217e-01,2.438602318720617945e-01,2.428166897861474827e-01,2.419234872455603980e-01,2.411825187472344811e-01,2.405953348030129835e-01,2.401631459765529997e-01,2.398868246608450439e-01,2.397669046352232658e-01,2.398035784819508021e-01,2.399966929834380924e-01,2.403457426633663907e-01,2.408498616791585056e-01,2.415078143215713680e-01,2.423179844314207187e-01,2.432783641070476732e-01,2.443865421531194737e-01,2.456396928178773420e-01,2.470345654904009813e-01,2.485674761937867461e-01,2.502343019305378613e-01,2.520304792364235213e-01,2.539510087108440284e-01,2.559904678618320495e-01,2.581430354009036088e-01,2.604025312534488656e-01,2.627624781940393062e-01,2.652161935141681970e-01,2.677569232228078633e-01,2.703780388207399077e-01,2.730733330508177681e-01,2.758374946081338375e-01,2.786669912407137017e-01,2.815623252964881140e-01,2.845405557466918478e-01,2.877783403094603121e-01,2.908363346028633445e-01,2.938844584640231128e-01,2.969659572791069069e-01,3.001131760730259002e-01,3.033589787016953698e-01,3.067388127495224714e-01,3.102908247358439620e-01,3.140552627589347501e-01,3.180735857812824752e-01,3.223875047491443491e-01,3.270380871115837196e-01,3.320649664657629452e-01,3.375056031454007344e-01,3.433944565821074879e-01,3.497618799260749367e-01,3.566325510767475171e-01,3.640233209893471988e-01,3.719404865158691953e-01,3.803766650478112021e-01,3.893076330291072584e-01,3.986896490301140017e-01,4.084578654847371149e-01,4.185263949739022049e-01,4.287904105986442005e-01,4.391303372314688258e-01,4.494177896185485022e-01,4.595225275459783321e-01,4.693194202229913903e-01,4.786942811362122074e-01,4.875473645925759714e-01
6.090909090909091272e-01,5.026296031988787272e-01,4.953498464172378934e-01,4.877689380001961617e-01,4.799675834721579548e-01,4.720282011664674315e-01,4.640312283462798004e-01,4.560512251104983927e-01,4.481534448521902747e-01,4.403913512971535660e-01,4.328053514394350487e-01,4.254227968843606322e-01,4.182591176907182184e-01,4.113198203141490983e-01,4.046030149722203428e-01,3.981021310675005309e-01,3.918085153734131576e-01,3.857136676209702575e-01,3.798109371561567138e-01,3.740965743947341493e-01,3.685700996432199616e-01,3.632340199693799287e-01,3.580929916529977941e-01,3.531525869826431796e-01,3.484178711626415570e-01,3.438920173777110789e-01,3.395751780622797700e-01,3.354637890511452669e-01,3.315504253840506066e-01,3.278242921890789363e-01,3.242725371635115650e-01,3.208833984165603836e-01,3.176605334789164292e-01,3.161085516094757630e-01,3.139399528833863862e-01,3.114829681477297441e-01,3.089171021875206646e-01,3.062896319594966554e-01,3.036211845166283951e-01,3.009243259691359307e-01,2.982089939126015277e-01,2.954843936646628366e-01,2.927596721973316773e-01,2.900441136263347541e-01,2.873471399679849991e-01,2.846782369106805044e-01,2.820468576796005267e-01,2.794623284759658044e-01,2.769337651281793544e-01,2.744700039884057086e-01,2.720795470111510572e-01,2.697705196005982242e-01,2.675506393386525295e-01,2.654271936588109004e-01,2.634070246797633463e-01,2.614965196367226574e-01,2.597016055871945173e-01,2.580277472929718985e-01,2.564799473796275375e-01,2.550627480464827124e-01,2.537802337448837320e-01,2.526360343644613593e-01,2.516333285693385102e-01,2.507748470129673168e-01,2.500628752343612704e-01,2.494992561031710299e-01,2.490853917381024851e-01,2.488222448749654592e-01,2.487103397084243772e-01,2.487497622769764272e-01,2.489401605050262090e-01,2.492807440608451608e-01,2.497702842363153930e-01,2.504071141062398365e-01,2.511891292843636547e-01,2.521137896645551657e-01,2.531781226241217597e-01,2.543787282795901272e-01,2.557117875334852242e-01,2.571730738470944244e-01,2.587579699366036601e-01,2.604614909426694602e-01,2.622783160983261919e-01,2.642028315640378988e-01,2.662291879822963891e-01,2.683513775497504694e-01,2.705633372549798299e-01,2.728590879392935320e-01,2.752329244485948734e-01,2.776796845963409588e-01,2.801951583228353138e-01,2.827768126289689210e-01,2.854255381661101598e-01,2.881537218616233575e-01,2.910959248985790504e-01,2.939092094352210860e-01,2.967316539348771598e-01,2.996025820810443996e-01,3.025473189198337187e-01,3.055895977969073640e-01,3.087534566548436610e-01,3.120634491105374608e-01,3.155443984726138962e-01,3.192210577615463563e-01,3.231178317088962970e-01,3.272586247966119410e-01,3.316668119116543689e-01,3.363652709613175751e-01,3.413763729940103575e-01,3.467218007197385155e-01,3.524220644467385144e-01,3.584956060923388255e-01,3.649574258386550918e-01,3.718172299135820147e-01,3.790771785558363915e-01,3.867294047388927236e-01,3.947535664357638141e-01,4.031147717621673121e-01,4.117622554155134784e-01,4.206291632652017221e-01,4.296337029366174565e-01,4.386817404054639269e-01,4.476706861086602873e-01,4.564942580235351599e-01,4.650474761348095121e-01,4.732310451130141704e-01
6.128787878787878007e-01,4.757480660522199756e-01,4.694020592956011928e-01,4.628564769796659761e-01,4.561794646887576410e-01,4.494373607398786108e-01,4.426921598231149391e-01,4.359991760274393724e-01,4.294052333248171149e-01,4.229475714912116491e-01,4.166535282088973391e-01,4.105409507677262315e-01,4.046192127947295103e-01,3.988906669043500997e-01,3.933523505020123934e-01,3.879977717995916620e-01,3.828186272115772781e-01,3.778063314008118234e-01,3.729532716286720895e-01,3.682537261334115075e-01,3.637044120522929802e-01,3.593046535155534627e-01,3.550561867600705579e-01,3.509626471147345717e-01,3.470288111859597402e-01,3.432596931136978058e-01,3.396596117710080631e-01,3.362313523849480013e-01,3.329755411343358062e-01,3.298903435688707031e-01,3.269716198953288577e-01,3.242138538144577753e-01,3.216133242458079078e-01,3.191898769618822795e-01,3.184655197282629802e-01,3.169268035337635681e-01,3.152143197952192999e-01,3.134351711709322252e-01,3.116185429025923881e-01,3.097756887393453007e-01,3.079124471449587452e-01,3.060331636198307392e-01,3.041421113002564236e-01,3.022439963390978201e-01,3.003440869391500456e-01,2.984481817741448384e-01,2.965625133833436067e-01,2.946936311685258714e-01,2.928482849509896901e-01,2.910333184056503320e-01,2.892555758156564738e-01,2.875218226467811666e-01,2.858386790378587006e-01,2.842125647210261841e-01,2.826496537351949612e-01,2.811558373638228803e-01,2.797366938950334170e-01,2.783974640039157955e-01,2.771430307593040210e-01,2.759779034438096801e-01,2.749062045397193677e-01,2.739316593730461435e-01,2.730575880250660781e-01,2.722868992175488390e-01,2.716220859577009872e-01,2.710652227946468429e-01,2.706179645939559286e-01,2.702815467827631712e-01,2.700567870579690388e-01,2.699440885859565875e-01,2.699434447564240669e-01,2.700544455875765748e-01,2.702762859175317778e-01,2.706077755601394852e-01,2.710473516560622520e-01,2.715930935158753501e-01,2.722427403364611198e-01,2.729937122813183570e-01,2.738431355573315851e-01,2.747878723049608785e-01,2.758245563575595916e-01,2.769496362346555163e-01,2.781594271355512515e-01,2.794501742299346225e-01,2.808181302703138260e-01,2.822596516301113523e-01,2.837713186779882157e-01,2.853500899468488505e-01,2.869935078255734240e-01,2.886999963751311071e-01,2.904693684548312338e-01,2.923039950999981595e-01,2.942135430502829108e-01,2.963090201709352445e-01,2.983272875798810286e-01,3.003703230332642193e-01,3.024755079840427685e-01,3.046620875061608058e-01,3.069466901269177761e-01,3.093453518862206986e-01,3.118739606396734865e-01,3.145483309830498508e-01,3.173842025225105945e-01,3.203972587947651052e-01,3.236031941376273924e-01,3.270178176341074217e-01,3.306571576868781448e-01,3.345375140843141470e-01,3.386753961266969482e-01,3.430872852570962528e-01,3.477891681544814650e-01,3.527958008198782691e-01,3.581196855187253059e-01,3.637697705415670613e-01,3.697499175277966232e-01,3.760572216023011505e-01,3.826803129875119835e-01,3.895978095808407815e-01,3.967771198370840247e-01,4.041738037071974654e-01,4.117316759734626075e-01,4.193837739953993893e-01,4.270542101577853300e-01,4.346607959420955014e-01,4.421181729667617577e-01,4.493410253918344588e-01
6.166666666666666963e-01,4.362276091328173844e-01,4.306292684037384966e-01,4.249176610772287810e-01,4.191483360283807524e-01,4.133744411763011772e-01,4.076451165285190359e-01,4.020040649224153051e-01,3.964884694418150946e-01,3.911283488389447616e-01,3.859463759457860688e-01,3.809581301528868202e-01,3.761727161119856611e-01,3.715936577753013448e-01,3.672199683405521498e-01,3.630472995277923554e-01,3.590690840414009766e-01,3.552775994507260671e-01,3.516648973018107194e-01,3.482235564328911015e-01,3.449472336645110215e-01,3.418309984964549852e-01,3.388714517229326484e-01,3.360666413980134548e-01,3.334158032667570715e-01,3.309189658666877309e-01,3.285764716739405511e-01,3.263884734738639604e-01,3.243544688603351989e-01,3.224729369481165731e-01,3.207411475542613077e-01,3.191552519128965648e-01,3.177109598262196632e-01,3.164063437733803941e-01,3.152770522202534842e-01,3.156917755747262744e-01,3.152718366961593799e-01,3.147582037946444755e-01,3.142103759302635746e-01,3.136431355231915630e-01,3.130597080235510421e-01,3.124597401892140747e-01,3.118419970300464472e-01,3.112054007112568521e-01,3.105494262628529234e-01,3.098742171278648372e-01,3.091805729160449490e-01,3.084698803630213093e-01,3.077440226507280330e-01,3.070052848621301345e-01,3.062562643461696488e-01,3.054997899374835568e-01,3.047388513558270673e-01,3.039765387181989631e-01,3.032159914026688607e-01,3.024603552075358914e-01,3.017127466779478961e-01,3.009762235215811543e-01,3.002537601435952275e-01,2.995482274635894449e-01,2.988623763127085664e-01,2.981988238370566480e-01,2.975600424487641060e-01,2.969483509665092891e-01,2.963659076734663778e-01,2.958147050934750721e-01,2.952965663476319058e-01,2.948131430054309332e-01,2.943659143890321461e-01,2.939561883283405841e-01,2.935851034004018367e-01,2.932536327212540428e-01,2.929625893939895032e-01,2.927126337558598190e-01,2.925042826119371164e-01,2.923379206964031862e-01,2.922138146677111248e-01,2.921321300244560382e-01,2.920929514285419137e-01,2.920963070460827482e-01,2.921421976704191015e-01,2.922306315846848190e-01,2.923616663700819851e-01,2.925354592051735425e-01,2.927523277138341373e-01,2.930128243132115728e-01,2.933178288456579352e-01,2.936686686552565928e-01,2.940672873455423275e-01,2.945165227319250234e-01,2.950207163545868760e-01,2.955879003615422551e-01,2.962985228832074602e-01,2.970359976861216000e-01,2.977794506325551205e-01,2.985862853027160257e-01,2.994744478147416955e-01,3.004582314502435847e-01,3.015511429567889201e-01,3.027666345835539063e-01,3.041183566383838799e-01,3.056202629136646753e-01,3.072866652341488258e-01,3.091322663723722886e-01,3.111721737136033394e-01,3.134218819942468093e-01,3.158972051208506215e-01,3.186141325404517333e-01,3.215885843400329014e-01,3.248360410761402250e-01,3.283710292932366936e-01,3.322064518888073748e-01,3.363527640749319758e-01,3.408170107390589010e-01,3.456017592885992640e-01,3.507039827442610114e-01,3.561139691999343215e-01,3.618143529744507481e-01,3.677793759746282864e-01,3.739744904481926979e-01,3.803564020570474047e-01,3.868736219267988052e-01,3.934675472489360670e-01,4.000740241850902490e-01,4.066252681784887080e-01,4.130519272587437341e-01
6.204545454545454808e-01,3.928581306871443690e-01,3.874196699750419581e-01,3.819535413421271675e-01,3.765090057370045762e-01,3.711334726501860914e-01,3.658711676738581331e-01,3.607619044356065729e-01,3.558400870766574853e-01,3.511340244851716141e-01,3.466655947686791417e-01,3.424502594524733157e-01,3.384973944183981565e-01,3.348108808605721465e-01,3.313898854008599515e-01,3.282297534596216870e-01,3.253229424742001830e-01,3.226599295576331183e-01,3.202300396464747290e-01,3.180221533854262761e-01,3.160252677017204581e-01,3.142288954436248671e-01,3.126233031061053658e-01,3.111995971698923724e-01,3.099496795336468269e-01,3.088661004254673048e-01,3.079418425029376016e-01,3.071700721675694745e-01,3.065438933470548966e-01,3.060561356801317356e-01,3.056992048383248006e-01,3.054650219472686556e-01,3.053450955528065336e-01,3.053308682340704072e-01,3.054151988854693633e-01,3.061125784763885083e-01,3.070889933649637582e-01,3.078024739435771817e-01,3.084568842943269940e-01,3.090812887013329457e-01,3.096809229256169971e-01,3.102542975026714167e-01,3.107978221115964002e-01,3.113074677831054737e-01,3.117794363630305710e-01,3.122104269594241921e-01,3.125977199909314996e-01,3.129391747698098136e-01,3.132331868078025994e-01,3.134786285153984831e-01,3.136747857524424532e-01,3.138212967134835218e-01,3.139180963102248811e-01,3.139653673336949558e-01,3.139634986212190282e-01,3.139130498798025082e-01,3.138147225325083611e-01,3.136693358413275567e-01,3.134778075467986036e-01,3.132411383075293099e-01,3.129603992940470647e-01,3.126367223749644819e-01,3.122712924192150852e-01,3.118653413209611647e-01,3.114201434307414806e-01,3.109370121468529868e-01,3.104172974846756694e-01,3.098623844993008136e-01,3.092736924895839734e-01,3.086526749607846343e-01,3.080008203695621116e-01,3.073196537208344181e-01,3.066107391324472964e-01,3.058756835322483103e-01,3.051161417048182667e-01,3.043338229633352765e-01,3.035304997876551725e-01,3.027080188439293384e-01,3.018683148852993048e-01,3.010134281277211943e-01,3.001455257997323600e-01,2.992669286794564787e-01,2.983801435570624938e-01,2.974879027043070279e-01,2.965932116262973706e-01,2.956994067202127763e-01,2.948102253062922506e-01,2.939298929388378112e-01,2.930632410928709630e-01,2.922159014453610260e-01,2.913948118676526478e-01,2.906121176832034969e-01,2.899963946079758270e-01,2.893306878985905106e-01,2.887014932549231694e-01,2.881310577082945579e-01,2.876359911005786918e-01,2.872319938481561197e-01,2.869349522113260886e-01,2.867613067247172243e-01,2.867281882039273699e-01,2.868534543641809709e-01,2.871556708429306437e-01,2.876540502863740301e-01,2.883683498017328151e-01,2.893187196229464186e-01,2.905254912093797603e-01,2.920088904587235801e-01,2.937886613120513912e-01,2.958835870480250319e-01,2.983109013072334226e-01,3.010855885482935923e-01,3.042195841895438124e-01,3.077208977799343881e-01,3.115926973650333665e-01,3.158324084104162655e-01,3.204308942654274239e-01,3.253717947433680258e-01,3.306311022701570734e-01,3.361770487381583461e-01,3.419703590222584189e-01,3.479648987770992408e-01,3.541087060686254340e-01,3.603453515971791754e-01,3.666155243304564659e-01,3.728586902046727714e-01
6.242424242424242653e-01,3.716620572377521414e-01,3.656419553669237876e-01,3.596953664380169169e-01,3.538789133086988614e-01,3.482471423119636311e-01,3.428506036832076331e-01,3.377340657357912890e-01,3.329350335711328546e-01,3.284826996282108058e-01,3.243973997155848998e-01,3.206905905407851365e-01,3.173653109047563370e-01,3.144170454788267621e-01,3.118348817492762048e-01,3.096028385699312047e-01,3.077012473618163102e-01,3.061080810837614186e-01,3.048001476655771702e-01,3.037540897890645408e-01,3.029471585535454259e-01,3.023577523652227206e-01,3.019657328080759262e-01,3.017525453200051166e-01,3.017011836331949803e-01,3.017960428755208091e-01,3.020227070403762593e-01,3.023677126887826527e-01,3.028183231471040515e-01,3.033623373281976732e-01,3.039879459075279788e-01,3.046836357143439256e-01,3.054381298283849744e-01,3.062403280599178546e-01,3.070791335643733855e-01,3.079424408990347195e-01,3.093514785266426315e-01,3.106851077337782763e-01,3.118696892214105620e-01,3.129848011889224679e-01,3.140455065160185355e-01,3.150548078763812931e-01,3.160121227742369587e-01,3.169157791118292211e-01,3.177639358243766754e-01,3.185549484876796789e-01,3.192875046295858832e-01,3.199606547428168191e-01,3.205737948457431652e-01,3.211266276168810996e-01,3.216191158570848030e-01,3.220514353821232745e-01,3.224239309136512355e-01,3.227370765920050677e-01,3.229914416525835885e-01,3.231876612149124917e-01,3.233264118253398323e-01,3.234083912531865446e-01,3.234343019967662602e-01,3.234048379676119911e-01,3.233206738633063737e-01,3.231824567957039540e-01,3.229907998032467975e-01,3.227462769382240526e-01,3.224494196796621748e-01,3.221007144792516486e-01,3.217006013010632048e-01,3.212494730666519693e-01,3.207476759664413257e-01,3.201955106476028212e-01,3.195932343393088626e-01,3.189410640299432664e-01,3.182391808694476909e-01,3.174877360350801259e-01,3.166868583720633956e-01,3.158366642029937221e-01,3.149372697917187103e-01,3.139888070473274007e-01,3.129914431576958367e-01,3.119454049404684626e-01,3.108510087746952366e-01,3.097086969952653202e-01,3.085190815326733782e-01,3.072829952407405418e-01,3.060015505178636519e-01,3.046762028833492342e-01,3.033088124446426392e-01,3.019016831660806255e-01,3.004575154981009022e-01,2.989789949784139034e-01,2.974656208908385002e-01,2.960558936536298313e-01,2.946121773584411963e-01,2.931370099479407854e-01,2.916567132369514703e-01,2.901886091950217628e-01,2.887490749827616998e-01,2.873551484763516850e-01,2.860250651535449218e-01,2.847784772379506890e-01,2.836365430438756441e-01,2.826219497948502246e-01,2.817588947211386308e-01,2.810730327778375170e-01,2.805913889357400381e-01,2.803422242452144331e-01,2.803548369309574184e-01,2.806592732422463210e-01,2.812859188714020853e-01,2.822649418452800596e-01,2.836255631253327136e-01,2.853951425425208521e-01,2.875980853110883806e-01,2.902545974946388885e-01,2.933793456396863730e-01,2.969801033498618015e-01,3.010564917318249156e-01,3.055989365479520048e-01,3.105879677290368512e-01,3.159939729056447932e-01,3.217774843826587405e-01,3.278900303132323280e-01,3.342755210054339510e-01,3.408720782966465634e-01,3.476141585640643572e-01,3.544347750320801516e-01
6.280303030303030498e-01,3.857391910243180289e-01,3.787632028290922048e-01,3.720247335092596308e-01,3.656024060169786871e-01,3.595676569227021502e-01,3.539812929690409060e-01,3.488907270007350347e-01,3.443281837715312377e-01,3.403100287193960849e-01,3.368372204091865663e-01,3.338967490273571648e-01,3.314638226035311330e-01,3.295045115967715210e-01,3.279785604736579208e-01,3.268421114086303980e-01,3.260501448852828332e-01,3.255585095174267085e-01,3.253254771174145521e-01,3.253128120678971946e-01,3.254863840285810994e-01,3.258163806165518817e-01,3.262771940089267408e-01,3.268470645324168533e-01,3.275075666286789700e-01,3.282430187641147135e-01,3.290398892215947724e-01,3.298862549058063087e-01,3.307713516806258802e-01,3.316852344132120156e-01,3.326185450605299021e-01,3.335623691166640370e-01,3.345081429520443406e-01,3.354475467885952855e-01,3.363722345290555138e-01,3.372728359898382600e-01,3.381320896025274969e-01,3.394657619569890206e-01,3.405911683260445799e-01,3.415977427326478688e-01,3.425266680523552654e-01,3.433894622120990392e-01,3.441907884792596017e-01,3.449330574379589343e-01,3.456178780512662585e-01,3.462466046569319666e-01,3.468205532705332939e-01,3.473410796776891796e-01,3.478095960010930132e-01,3.482275598862697996e-01,3.485964525653864610e-01,3.489177537700317577e-01,3.491929173532035691e-01,3.494233493553391967e-01,3.496103891316221235e-01,3.497552935765109727e-01,3.498592241938202063e-01,3.499232366356488377e-01,3.499482722981017702e-01,3.499351515738708951e-01,3.498845683978539789e-01,3.497970857683208590e-01,3.496731319754654010e-01,3.495129973174935234e-01,3.493168311305790974e-01,3.490846390026320356e-01,3.488162800829172072e-01,3.485114644412249385e-01,3.481697504732572113e-01,3.477905423953773223e-01,3.473730879238852709e-01,3.469164762943401925e-01,3.464196368478332233e-01,3.458813384962906023e-01,3.453001904802522337e-01,3.446746449517856248e-01,3.440030020517685361e-01,3.432834183000236239e-01,3.425139192663074761e-01,3.416924176122949075e-01,3.408167376335240473e-01,3.398846472728648815e-01,3.388938979900830151e-01,3.378422713447284398e-01,3.367276274555852655e-01,3.355479413123140242e-01,3.343012876505530584e-01,3.329856521869780650e-01,3.315980834082821738e-01,3.301299041476191132e-01,3.286661458650578238e-01,3.272480478053819142e-01,3.257331650178150739e-01,3.241554922686689655e-01,3.225305840192844165e-01,3.208719659340427688e-01,3.191935955978782991e-01,3.175105548363496566e-01,3.158392542291394989e-01,3.141974535368010080e-01,3.126042155251854138e-01,3.110798629467674270e-01,3.096459908764883640e-01,3.083255724166208966e-01,3.071431771126852950e-01,3.061252970329740863e-01,3.053007473919012726e-01,3.047010804832259723e-01,3.043609275278568171e-01,3.043181663005898319e-01,3.046138056747017542e-01,3.052914833877797829e-01,3.063964919235129813e-01,3.079742808046233016e-01,3.100684326553841408e-01,3.127181743843988615e-01,3.159555599164602380e-01,3.198025387290563959e-01,3.242681917989117535e-01,3.293464567702623635e-01,3.350146607784350028e-01,3.412331215285356878e-01,3.479459649840251356e-01,3.550831552762245269e-01,3.625635654438692512e-01,3.702987683221546367e-01
6.318181818181818343e-01,4.059484608254637084e-01,3.985231614189192473e-01,3.916218644813462824e-01,3.853271266117248017e-01,3.796997551187032971e-01,3.747761019047667896e-01,3.705675113665559683e-01,3.670618325165787010e-01,3.642266106239804291e-01,3.620133913888366473e-01,3.603625201707513770e-01,3.592078819540807655e-01,3.584811633032830014e-01,3.581153791182355439e-01,3.580475568684476917e-01,3.582205867559691281e-01,3.585843205904104547e-01,3.590960387252483121e-01,3.597204128084037777e-01,3.604290836098282269e-01,3.611999578844649617e-01,3.620163134449295717e-01,3.628657912951775422e-01,3.637393483434741559e-01,3.646302415383516071e-01,3.655331102223643991e-01,3.664432140141433147e-01,3.673558662916583950e-01,3.682660789485623920e-01,3.691684059311551303e-01,3.700569457235128867e-01,3.709254391946260054e-01,3.717673748821740953e-01,3.725759635276160719e-01,3.733436493193924566e-01,3.740596737203294442e-01,3.746813466126434067e-01,3.758118671917782816e-01,3.766603598253155383e-01,3.774131641283499650e-01,3.780954532576139560e-01,3.787167022392143312e-01,3.792821513124491339e-01,3.797954996498856262e-01,3.802597959387503113e-01,3.806777766988061473e-01,3.810519984227399015e-01,3.813848845623903916e-01,3.816787361883208218e-01,3.819357277647358329e-01,3.821578978251435332e-01,3.823471389767786333e-01,3.825051890864125670e-01,3.826336242441783497e-01,3.827338535014493948e-01,3.828071151124732285e-01,3.828544739136405251e-01,3.828768194640145839e-01,3.828748646002647638e-01,3.828491441045602794e-01,3.828000132334106187e-01,3.827276459032878386e-01,3.826320323729802686e-01,3.825129763033677799e-01,3.823700911138917524e-01,3.822027955934714227e-01,3.820103087648161200e-01,3.817916440479530715e-01,3.815456028253067511e-01,3.812707675808281738e-01,3.809654948747298042e-01,3.806279085285230734e-01,3.802558935381498140e-01,3.798470914112579422e-01,3.793988978415039903e-01,3.789084638871658139e-01,3.783727021014330338e-01,3.777882993361420527e-01,3.771517381379702050e-01,3.764593286246315507e-01,3.757072521497004658e-01,3.748916162461314316e-01,3.740085156607227401e-01,3.730540825355024293e-01,3.720244772086856444e-01,3.709156728146938975e-01,3.697224937889694307e-01,3.684338877629665943e-01,3.670115450067031326e-01,3.658277067007781880e-01,3.645003206328336076e-01,3.630961571663468002e-01,3.616347533356562005e-01,3.601317904110932222e-01,3.586026372169660581e-01,3.570628941199209816e-01,3.555281462457126063e-01,3.540134231415811850e-01,3.525325887873240749e-01,3.510978263841304514e-01,3.497193562660076416e-01,3.484054916749705355e-01,3.471630887980128866e-01,3.459983903492023782e-01,3.449182072126015797e-01,3.439313405774420129e-01,3.430501229652496153e-01,3.422919495218688657e-01,3.416806748284844097e-01,3.412477572379142288e-01,3.410330357407417856e-01,3.410850208660373695e-01,3.414605734332028519e-01,3.422238404383950439e-01,3.434443273240553873e-01,3.451940235922061340e-01,3.475435759200643515e-01,3.505576249946354417e-01,3.542895825499297602e-01,3.587763003020150721e-01,3.640332323130398007e-01,3.700507662112307861e-01,3.767923508178537828e-01,3.841948565782540848e-01,3.921712894676733230e-01
6.356060606060606188e-01,4.166858493845010392e-01,4.102139294693053495e-01,4.045865287364918128e-01,3.998250344265136813e-01,3.959172353408070832e-01,3.928215541687579693e-01,3.904733030547395400e-01,3.887918790696464066e-01,3.876878996717085801e-01,3.870695277729888639e-01,3.868475488195914358e-01,3.869390526538158959e-01,3.872697908732797289e-01,3.877754113563272598e-01,3.884018254395034675e-01,3.891049611307998979e-01,3.898501203120431358e-01,3.906111076597842957e-01,3.913692468461772433e-01,3.921123532675354628e-01,3.928336963445480667e-01,3.935309604988140864e-01,3.942052031485681063e-01,3.948598102543269261e-01,3.954994631825601292e-01,3.961291506590831624e-01,3.967532795191371364e-01,3.973749495259202291e-01,3.979954534614439376e-01,3.986140408795751933e-01,3.992279453457252547e-01,3.998326287513619404e-01,4.004221504840365653e-01,4.009895213500552780e-01,4.015268101225128450e-01,4.020244034899422836e-01,4.024662706526742073e-01,4.029673140737979331e-01,4.036730337243547018e-01,4.042370249076968070e-01,4.047337188143515507e-01,4.051780204524881857e-01,4.055766553162515886e-01,4.059339452162107897e-01,4.062532982082569522e-01,4.065376998053182866e-01,4.067898865036490008e-01,4.070124026563067821e-01,4.072076126789410666e-01,4.073776972192114654e-01,4.075246451171196105e-01,4.076502458704410192e-01,4.077560841767214339e-01,4.078435367400438660e-01,4.079137709628564701e-01,4.079677449569724113e-01,4.080062082964534542e-01,4.080297029973788958e-01,4.080385642957424230e-01,4.080329208825108078e-01,4.080126943349012270e-01,4.079775975531295673e-01,4.079271320736416184e-01,4.078605841865848847e-01,4.077770198411250768e-01,4.076752783825938753e-01,4.075539652360120613e-01,4.074114437382115872e-01,4.072458264335221956e-01,4.070549662949987657e-01,4.068364485252063956e-01,4.065875838396211250e-01,4.063054044539156084e-01,4.059866643947401266e-01,4.056278462374047766e-01,4.052251769353370503e-01,4.047746560101493363e-01,4.042720999275539184e-01,4.037132067977918792e-01,4.030936451984329372e-01,4.024091690606416138e-01,4.016557552802582087e-01,4.008297473544539802e-01,3.999279537838487664e-01,3.989475494399877253e-01,3.978852633039535736e-01,3.967333865804491544e-01,3.954419344480770149e-01,3.943210312514152660e-01,3.932040466942008927e-01,3.920423476256527096e-01,3.908661098588084304e-01,3.896994587327908266e-01,3.885647632179112798e-01,3.874824701289464324e-01,3.864699466073785450e-01,3.855401010436451670e-01,3.847001778308662967e-01,3.839510081933201757e-01,3.832868994530923001e-01,3.826962244886538134e-01,3.821626489470743571e-01,3.816668356480497626e-01,3.811884160770064311e-01,3.807080233180352158e-01,3.802092274913561609e-01,3.796802821216112012e-01,3.791156556706759551e-01,3.785173705818823398e-01,3.778961947087269291e-01,3.772727259108835662e-01,3.766783828884591734e-01,3.761562685853990784e-01,3.757618118962183784e-01,3.755630252433249106e-01,3.756401489520147519e-01,3.760844022151309529e-01,3.769955449350947396e-01,3.784779999690334740e-01,3.806354159960440575e-01,3.835637810269078574e-01,3.873435134785386258e-01,3.920313109370702209e-01,3.976528343879570104e-01,4.041974331300811629e-01
6.393939393939394034e-01,4.461973266523879267e-01,4.423376791509714412e-01,4.393771128376700585e-01,4.372258894887663949e-01,4.357770171522888925e-01,4.349159768469876286e-01,4.345289317088885106e-01,4.345088735676572167e-01,4.347596297525174180e-01,4.351979725849475233e-01,4.357542362052763685e-01,4.363718823123914903e-01,4.370064141073384256e-01,4.376239578494782734e-01,4.381997434219297438e-01,4.387166359414315098e-01,4.391638067221663722e-01,4.395355846239074049e-01,4.398304956475924676e-01,4.400504761903307749e-01,4.402002304395368770e-01,4.402866926709649298e-01,4.403185496678999056e-01,4.403057774005398883e-01,4.402591509375889944e-01,4.401896991983370588e-01,4.401080976563783165e-01,4.400240210140141661e-01,4.399455087901162909e-01,4.398784204258167074e-01,4.398260622027341249e-01,4.397890483716432319e-01,4.397654130449226706e-01,4.397509241199699104e-01,4.397394683253110781e-01,4.397232352208683137e-01,4.396919155296213910e-01,4.396258526236723196e-01,4.397067046375204846e-01,4.398315430753207411e-01,4.398943032504995521e-01,4.399228691600205465e-01,4.399248410914955998e-01,4.399040572536577209e-01,4.398632632168616996e-01,4.398048255995429812e-01,4.397309424037221803e-01,4.396436917713349990e-01,4.395450264430030840e-01,4.394367527399978268e-01,4.393205086530557746e-01,4.391977460355488416e-01,4.390697179412388351e-01,4.389374705663491305e-01,4.388018387240939511e-01,4.386634437086812666e-01,4.385226925233618456e-01,4.383797776252296163e-01,4.382346765214833462e-01,4.380871507147933719e-01,4.379367436336759623e-01,4.377827772999742795e-01,4.376243475860916998e-01,4.374603180076863107e-01,4.372893120926739097e-01,4.371097044749988059e-01,4.369196109935568062e-01,4.367168782468225374e-01,4.364990732784517213e-01,4.362634743675691817e-01,4.360070642923842277e-01,4.357265279516054912e-01,4.354182568902107420e-01,4.350783641041662819e-01,4.347027134967985096e-01,4.342869694961273286e-01,4.338266735127747076e-01,4.333173548755811511e-01,4.327546841090918472e-01,4.321346748594875886e-01,4.314539352439480391e-01,4.307099549895916368e-01,4.299013788599268526e-01,4.290281202988144305e-01,4.280908539440447247e-01,4.270879763003831986e-01,4.259946477026014811e-01,4.249273305800372880e-01,4.240888386266790655e-01,4.232637839714719630e-01,4.224936577737933296e-01,4.218109307463119295e-01,4.212437823247075497e-01,4.208149243903983039e-01,4.205396484241162858e-01,4.204241538808369261e-01,4.204646680619134602e-01,4.206475981614299364e-01,4.209507058540167823e-01,4.213450788720033979e-01,4.217975416449070702e-01,4.222731229294210409e-01,4.227372686715958894e-01,4.231576123699091752e-01,4.235052469699456257e-01,4.237555482618998171e-01,4.238886653836441143e-01,4.238898208983354898e-01,4.237495611990111932e-01,4.234640795449153838e-01,4.230357080680893778e-01,4.224736465704484467e-01,4.217949657217612836e-01,4.210258880461084652e-01,4.202033075001411766e-01,4.193764524301795693e-01,4.186085231472112533e-01,4.179780436218502593e-01,4.175795631647896688e-01,4.175232459286211673e-01,4.179328260324928213e-01,4.189414314301264652e-01,4.206849447184267121e-01,4.232929153708065995e-01,4.268775622738752440e-01
6.431818181818181879e-01,5.167602132143281901e-01,5.156769487862686852e-01,5.151056375624778472e-01,5.149161185360637827e-01,5.149908172328921951e-01,5.152283851749298593e-01,5.155450123235246762e-01,5.158740492900575347e-01,5.161645579292164498e-01,5.163793019524192118e-01,5.164925529466841692e-01,5.164879584541323121e-01,5.163566147103710868e-01,5.160954112783218140e-01,5.157056651515246060e-01,5.151920322225514992e-01,5.145616683429770077e-01,5.138236054233180639e-01,5.129883061878924844e-01,5.120673614637988313e-01,5.110732943042897158e-01,5.100194346298720927e-01,5.089198259182096118e-01,5.077891220894052982e-01,5.066424294436021603e-01,5.054950479006187214e-01,5.043620716999789311e-01,5.032578265646681093e-01,5.021951514019222795e-01,5.011845772505700847e-01,5.002335067488534737e-01,4.993455381052135378e-01,4.985200877105667172e-01,4.977524278492458931e-01,4.970341659577943716e-01,4.963540574167459307e-01,4.956988471561502574e-01,4.950532732388037149e-01,4.943921425387841628e-01,4.938907970095142153e-01,4.933372437026186108e-01,4.927457335121031567e-01,4.921278710880745422e-01,4.914885097618102994e-01,4.908316031844121574e-01,4.901611773635918268e-01,4.894814347002837129e-01,4.887966499698009337e-01,4.881110317642362584e-01,4.874286019431565697e-01,4.867531063837024496e-01,4.860879561967260676e-01,4.854361938320742031e-01,4.848004775693947055e-01,4.841830784829271872e-01,4.835858850561816080e-01,4.830104117504072092e-01,4.824578088161423639e-01,4.819288714266745655e-01,4.814240468122021332e-01,4.809434385141628243e-01,4.804868071981409638e-01,4.800535676963203491e-01,4.796427821313997697e-01,4.792531491321686543e-01,4.788829893173568442e-01,4.785302274275630152e-01,4.781923717593986600e-01,4.778664919398105670e-01,4.775491966187186965e-01,4.772366134108707580e-01,4.769243744476573399e-01,4.766076122756148226e-01,4.762809726216031825e-01,4.759386527621537466e-01,4.755744768282018642e-01,4.751820221093019381e-01,4.747548127071720137e-01,4.742865974811439900e-01,4.737717256142434108e-01,4.732056201453682664e-01,4.725853157849125852e-01,4.719099403507116541e-01,4.711807647808627930e-01,4.703994401660610003e-01,4.695559932312302065e-01,4.686120941623042602e-01,4.680864236260200983e-01,4.675932388830596476e-01,4.671886355404684665e-01,4.669141233179430195e-01,4.668051231669954060e-01,4.668891384383752063e-01,4.671833981905065825e-01,4.676933509079939100e-01,4.684124741803570302e-01,4.693234143795996238e-01,4.704001482986938099e-01,4.716106854403669391e-01,4.729198167313329315e-01,4.742915248550804153e-01,4.756908370002432274e-01,4.770850609477674809e-01,4.784444629474611244e-01,4.797425106406390527e-01,4.809558246258804903e-01,4.820639738224469784e-01,4.830492277359137443e-01,4.838963540477499436e-01,4.845925288632170203e-01,4.851274119155176145e-01,4.854934300251201873e-01,4.856863076910014065e-01,4.857058815083323267e-01,4.855572321135753211e-01,4.852521596706298457e-01,4.848110115863215608e-01,4.842648380539057995e-01,4.836577951739491343e-01,4.830496301631839740e-01,4.825179650455038716e-01,4.821599487630964798e-01,4.820926923791244989e-01,4.824517799281978214e-01,4.833871264473652563e-01
6.469696969696969724e-01,5.977685751197039377e-01,5.973749059334562128e-01,5.970205586590575653e-01,5.966259881075481886e-01,5.961302345354062560e-01,5.954889513611003604e-01,5.946719510834147515e-01,5.936606633313813441e-01,5.924457498730689720e-01,5.910250059061642469e-01,5.894015970363664092e-01,5.875826316348167211e-01,5.855780410659622293e-01,5.833997283012380963e-01,5.810609428541032573e-01,5.785758425901907920e-01,5.759592079700077694e-01,5.732262798810834337e-01,5.703926972978198284e-01,5.674745148522726268e-01,5.644882824831412016e-01,5.614511691961870943e-01,5.583811101883747741e-01,5.552969508185118253e-01,5.522185520998637021e-01,5.491668111736595081e-01,5.461635384839554908e-01,5.432311249471962755e-01,5.403919335423645887e-01,5.376673687403046298e-01,5.350766222756926371e-01,5.326351685426035099e-01,5.303531797984126772e-01,5.282341260872183142e-01,5.262738770327415327e-01,5.244605876615628937e-01,5.227754972146942958e-01,5.211944745220610242e-01,5.196894378733971642e-01,5.182450165035944467e-01,5.169482550183170932e-01,5.155862470934560182e-01,5.142051255230986051e-01,5.128067369365161277e-01,5.113924444775090894e-01,5.099657448020932238e-01,5.085322282278157413e-01,5.070989959904490529e-01,5.056740143955614775e-01,5.042655571236969170e-01,5.028817780170243834e-01,5.015304121423672656e-01,5.002185851424993945e-01,4.989527059808352427e-01,4.977384194180373700e-01,4.965805983057438033e-01,4.954833601233440965e-01,4.944500961906609371e-01,4.934835053044427378e-01,4.925856261068844444e-01,4.917578643803628413e-01,4.910010128041550348e-01,4.903152616438400946e-01,4.897001995004868213e-01,4.891548037355211709e-01,4.886774206103798313e-01,4.882657356314751840e-01,4.879167351709243206e-01,4.876266612505656961e-01,4.873909625614504249e-01,4.872042464955482766e-01,4.870602393665409702e-01,4.869517652740094626e-01,4.868707583691701535e-01,4.868083286423207090e-01,4.867549075314371865e-01,4.867005058693820718e-01,4.866351212042566710e-01,4.865493309904959651e-01,4.864350965428874130e-01,4.862867691410289739e-01,4.861022119447128698e-01,4.858837659393576147e-01,4.856382149018674266e-01,4.853718537884524897e-01,4.849999932776195566e-01,4.850649080003854308e-01,4.852286398651399768e-01,4.855241011412631535e-01,4.860060624544055852e-01,4.867196101079324100e-01,4.876984436362449271e-01,4.889626695267069723e-01,4.905179794674576210e-01,4.923564726140092218e-01,4.944588092865204731e-01,4.967971294213683331e-01,4.993381439351107787e-01,5.020459349632102608e-01,5.048841921141690170e-01,5.078177929636588095e-01,5.108137670072302461e-01,5.138417545685364241e-01,5.168740962701412478e-01,5.198856818372726840e-01,5.228536650804502806e-01,5.257571261011591002e-01,5.285767384890007747e-01,5.312944813115113574e-01,5.338934236077461648e-01,5.363576023478467958e-01,5.386720124752816252e-01,5.408227287216467172e-01,5.427971824578420312e-01,5.445846220212379185e-01,5.461767906986012555e-01,5.475688614314232483e-01,5.487606692209422432e-01,5.497582779380810747e-01,5.505759031197506870e-01,5.512381800138976828e-01,5.517827088733336938e-01,5.522627194455914657e-01,5.527495689233430376e-01,5.533346261417626533e-01
6.507575757575757569e-01,6.565701553456985140e-01,6.545675813955370570e-01,6.523292745383643121e-01,6.498289379530477472e-01,6.470515046649097934e-01,6.439908882239167021e-01,6.406479967304943290e-01,6.370290591251608348e-01,6.331442633931649855e-01,6.290066794071834666e-01,6.246314273409724338e-01,6.200350501495259792e-01,6.152350513750248773e-01,6.102495647714893945e-01,6.050971282773743853e-01,5.997965407700016627e-01,5.943667853293356229e-01,5.888270072074499595e-01,5.831965382515557073e-01,5.774949621031818525e-01,5.717422159974312468e-01,5.659587252369159271e-01,5.601655651198973462e-01,5.543846418397332387e-01,5.486388781171293028e-01,5.429523805473674969e-01,5.373505535318487958e-01,5.318601095440788074e-01,5.265089089861703098e-01,5.213255488282660943e-01,5.163386144119851417e-01,5.115755232437003697e-01,5.070609349258342613e-01,5.028147862325450523e-01,4.988501323972826529e-01,4.951711121372631141e-01,4.917714561245509208e-01,4.886339565311807465e-01,4.857311185461213321e-01,4.830264887702477306e-01,4.805813986421241246e-01,4.782316520352523637e-01,4.759208444757264678e-01,4.736527693392807437e-01,4.714164511974838212e-01,4.692040670225300913e-01,4.670130341289073783e-01,4.648456317316690956e-01,4.627079098721449402e-01,4.606084596345954019e-01,4.585572957488179280e-01,4.565649540885751700e-01,4.546418251898997065e-01,4.527977021942629077e-01,4.510415033331335311e-01,4.493811253456362342e-01,4.478233881035929009e-01,4.463740377046853669e-01,4.450377827838573053e-01,4.438183455042565839e-01,4.427185141444914263e-01,4.417401883706832955e-01,4.408844113492661476e-01,4.401513850795090166e-01,4.395404669778791851e-01,4.390501470965480491e-01,4.386780066634884956e-01,4.384206601548625848e-01,4.382736851309328441e-01,4.382315468937471592e-01,4.382875289925694529e-01,4.384336860407144210e-01,4.386608424600065836e-01,4.389586696294290324e-01,4.393158839371804070e-01,4.397206178854388692e-01,4.401610225415661382e-01,4.406261568715810206e-01,4.411071996944108675e-01,4.415989723257702781e-01,4.421016710126365323e-01,4.426225563527289020e-01,4.431770512566617359e-01,4.437876750441028251e-01,4.444681412712239710e-01,4.454327626292455267e-01,4.466579715318391708e-01,4.480890853806672181e-01,4.497923167993773674e-01,4.518168695947643587e-01,4.541965573084620900e-01,4.569492295036346463e-01,4.600774336916249596e-01,4.635704188413444227e-01,4.674069862578209555e-01,4.715586012637087987e-01,4.759922925869281563e-01,4.806730523513831899e-01,4.855656265414092787e-01,4.906357143382738539e-01,4.958506673623336858e-01,5.011798069277612067e-01,5.065944749082115228e-01,5.120679161858980866e-01,5.175750681309337908e-01,5.230923110692590194e-01,5.285972159704874773e-01,5.340683123544318622e-01,5.394848903822379027e-01,5.448268455700376878e-01,5.500745717936367241e-01,5.552089076042326932e-01,5.602111418708192181e-01,5.650630870756097046e-01,5.697472319975247501e-01,5.742469898584414700e-01,5.785470630835527484e-01,5.826339513123813818e-01,5.864966345803140912e-01,5.901274675727506969e-01,5.935233216788734500e-01,5.966870063039686478e-01,5.996289852210738847e-01,6.023693718334555136e-01,6.049401321504647155e-01
6.545454545454545414e-01,6.850772006951537652e-01,6.800208058649976905e-01,6.745768538502706635e-01,6.687450032257352683e-01,6.625308059110187608e-01,6.559445485247634711e-01,6.490003111509344835e-01,6.417152153117235969e-01,6.341088283870712772e-01,6.262026924986424659e-01,6.180199494352103251e-01,6.095850379192042645e-01,6.009234444499353955e-01,5.920614936013190999e-01,5.830261677686608968e-01,5.738449498749723654e-01,5.645456854696004889e-01,5.551564630194210093e-01,5.457055130489787409e-01,5.362211281559361442e-01,5.267316068042916521e-01,5.172652241252692074e-01,5.078502326137438461e-01,4.985148943921842712e-01,4.892875443196532670e-01,4.801966792342298729e-01,4.712710625239309725e-01,4.625398244933062730e-01,4.540325272495450148e-01,4.457791481785470800e-01,4.378099196655797498e-01,4.301549475092465991e-01,4.228435221466339544e-01,4.159030442054721943e-01,4.093575202876340025e-01,4.032256567539438952e-01,3.975186913872723604e-01,3.922382404098206932e-01,3.873745601056021726e-01,3.829056597524665984e-01,3.787977453609202572e-01,3.752435350863463359e-01,3.718089514749217672e-01,3.685455024746699393e-01,3.654407636737527776e-01,3.624693234568850952e-01,3.596088130223580315e-01,3.568433702932662932e-01,3.541640814373575585e-01,3.515681702021765664e-01,3.490576648050693898e-01,3.466379566707782356e-01,3.443164878014663977e-01,3.421016795584329029e-01,3.400021320276107040e-01,3.380260735890409096e-01,3.361810166156423696e-01,3.344735686519122453e-01,3.329093515553843696e-01,3.314929886243151436e-01,3.302281284086537871e-01,3.291174819911478755e-01,3.281628573441133789e-01,3.273651798420975090e-01,3.267244923878261376e-01,3.262399322988280836e-01,3.259096855807530613e-01,3.257309229969803099e-01,3.256997269612592061e-01,3.258110242458989725e-01,3.260585472330715939e-01,3.264348561093612378e-01,3.269314656352291792e-01,3.275391315319468033e-01,3.282483601362192749e-01,3.290502055856289187e-01,3.299374037967904849e-01,3.309058526852250992e-01,3.319563754626514984e-01,3.330965966937523004e-01,3.343426285206925197e-01,3.357201197869792431e-01,3.372639804425410226e-01,3.390142805823751493e-01,3.411223649389324430e-01,3.436093639349344087e-01,3.463888410069361212e-01,3.495408691088884301e-01,3.531153724720236808e-01,3.571446052799970849e-01,3.616451975141625197e-01,3.666200627887329921e-01,3.720608083527357501e-01,3.779503690878197597e-01,3.842655171760818722e-01,3.909790085439945329e-01,3.980612598706930738e-01,4.054815535476823385e-01,4.132088303924126294e-01,4.212121568666590266e-01,4.294609563676627384e-01,4.379250836858592510e-01,4.465748059104024947e-01,4.553807367716529719e-01,4.643137570892749144e-01,4.733449425345522821e-01,4.824455113391505345e-01,4.915867985194982692e-01,5.007402591505151213e-01,5.098775007539478876e-01,5.189703435889019278e-01,5.279909072654864755e-01,5.369117224580594039e-01,5.457058674541594989e-01,5.543471307793843561e-01,5.628102031622388424e-01,5.710709046417968837e-01,5.791064556620664217e-01,5.868958044908593186e-01,5.944200271064375984e-01,6.016628195094668730e-01,6.086111056624864402e-01,6.152557859305891608e-01,6.215926493744536874e-01,6.276234660853514669e-01
6.583333333333333259e-01,6.925238830964458581e-01,6.838040557254715379e-01,6.745379570117391310e-01,6.647340777747554608e-01,6.544058647252536387e-01,6.435713208831455034e-01,6.322526659051045383e-01,6.204760330011093172e-01,6.082711819653282559e-01,5.956712116140585600e-01,5.827122590331609286e-01,5.694331771401575093e-01,5.558751859579696974e-01,5.420814965562449350e-01,5.280969097693648528e-01,5.139673945002601885e-01,4.997396526347623325e-01,4.854606793031625012e-01,4.711773284251665195e-01,4.569358941621895487e-01,4.427817190856302432e-01,4.287588395639296834e-01,4.149096780827767339e-01,4.012747909366819465e-01,3.878926779314719742e-01,3.747996583351800859e-01,3.620298141667006031e-01,3.496149977974428724e-01,3.375848954670045421e-01,3.259671313496894651e-01,3.147873879556397636e-01,3.040695078790169315e-01,2.938355298268479077e-01,2.841055999729190651e-01,2.748976914154173667e-01,2.662270654744948728e-01,2.581054266722481172e-01,2.505397679902848784e-01,2.435309847126377047e-01,2.370724770096576395e-01,2.311493686192257480e-01,2.257482009474175988e-01,2.213810799163137277e-01,2.170473760058321266e-01,2.130244015868626717e-01,2.092990221628233116e-01,2.058388556188135154e-01,2.026097403030237554e-01,1.995812647671094953e-01,1.967289200825803885e-01,1.940346023333690550e-01,1.914861662763816252e-01,1.890764765288690807e-01,1.868022751755925304e-01,1.846630786856759410e-01,1.826602249503088415e-01,1.807961198046486861e-01,1.790736843856051141e-01,1.774959775923296013e-01,1.760659564841256242e-01,1.747863360774611352e-01,1.736595141316412128e-01,1.726875330265394970e-01,1.718720579344748811e-01,1.712143573618998826e-01,1.707152786311163795e-01,1.703752172225610206e-01,1.701940855274919895e-01,1.701712939069959241e-01,1.703057652860344162e-01,1.705960136820066642e-01,1.710403261611780634e-01,1.716370946282378684e-01,1.723853448977537006e-01,1.732855003432838825e-01,1.743403898465981650e-01,1.755564597649924008e-01,1.769450770041409438e-01,1.785237234760349290e-01,1.803167978825996332e-01,1.823556653882062450e-01,1.846774219950131635e-01,1.873204392124863393e-01,1.903030012182418684e-01,1.940260669377110725e-01,1.980774740947000845e-01,2.025822219152305093e-01,2.075925271004508132e-01,2.131435891637944724e-01,2.192583452902513441e-01,2.259496050002310907e-01,2.332217876257860478e-01,2.410724818041306838e-01,2.494937801660569998e-01,2.584733414247623595e-01,2.679951738709625553e-01,2.780401695613257118e-01,2.885864380476536040e-01,2.996094944863751386e-01,3.110823541538666470e-01,3.229755780681353161e-01,3.352573053985973828e-01,3.478932994374970278e-01,3.608470259259797808e-01,3.740797757446266414e-01,3.875508383908143339e-01,4.012177281463538137e-01,4.150364612347834936e-01,4.289618794451943717e-01,4.429480135578869326e-01,4.569484783832387098e-01,4.709168902804917733e-01,4.848072976382736821e-01,4.985746149604465827e-01,5.121750518976357913e-01,5.255665297776860312e-01,5.387090798908268363e-01,5.515652199375499221e-01,5.641003075953201495e-01,5.762828730296628565e-01,5.880849352617482095e-01,5.994823104570059513e-01,6.104549231880330717e-01,6.209871341986867854e-01,6.310680996163442469e-01
6.621212121212121104e-01,7.103514328015191337e-01,6.996545166135108573e-01,6.882709277575899121e-01,6.762067873252598504e-01,6.634736199808300983e-01,6.500883813669152689e-01,6.360734580089532075e-01,6.214566233082057245e-01,6.062709357378568420e-01,5.905545683452985140e-01,5.743505619725234324e-01,5.577064981066912619e-01,5.406740908480391905e-01,5.233087010172594589e-01,5.056687788043333631e-01,4.878152444684150102e-01,4.698108193244050490e-01,4.517193214947219371e-01,4.336049425821454362e-01,4.155315224713610478e-01,3.975618398594485958e-01,3.797569358452070332e-01,3.621754869977099611e-01,3.448732428239065784e-01,3.279025405291619011e-01,3.113119074862537028e-01,2.951457589589357444e-01,2.794441953965240422e-01,2.642429000968894437e-01,2.495731340964371658e-01,2.354618206894397991e-01,2.219317069353196337e-01,2.090015836359327417e-01,1.966865384891137991e-01,1.849982096096895179e-01,1.739449990253803813e-01,1.635321996934953337e-01,1.537619881331949989e-01,1.446332435911064640e-01,1.361411861542645985e-01,1.282769286445450130e-01,1.210276587448206459e-01,1.149335742890274237e-01,1.094270950852682112e-01,1.042234623503212332e-01,9.943874164188307163e-02,9.506551883741139186e-02,9.107377340769363949e-02,8.742691598634157180e-02,8.408791954286119752e-02,8.102251814267912022e-02,7.820092188422182733e-02,7.559853752399955940e-02,7.319598875438122765e-02,7.097868257843169271e-02,6.893613324523729935e-02,6.706120851327215804e-02,6.534941014191020248e-02,6.379825161818250545e-02,6.240675786656870588e-02,6.117508606043521591e-02,6.010425239267991326e-02,5.919594405669625914e-02,5.845239588846519452e-02,5.787631481661213023e-02,5.747084086812175724e-02,5.723954000567438305e-02,5.718643092774344100e-02,5.731605463260124045e-02,5.763360131366119382e-02,5.814511281924001490e-02,5.885777862895991142e-02,5.978033664020383775e-02,6.092357449306258499e-02,6.230090111984088602e-02,6.392892254069383606e-02,6.582791495582207553e-02,6.802204814142338851e-02,7.053917206881275825e-02,7.340989783861569251e-02,7.666534555944165552e-02,8.033074163774714394e-02,8.438316522182422175e-02,8.922684451650243764e-02,9.473074911394575859e-02,1.007400292643977485e-01,1.073100900690479170e-01,1.144780950218595855e-01,1.222717046346817188e-01,1.307112267904492475e-01,1.398106114155161506e-01,1.495780737195004928e-01,1.600165164531249795e-01,1.711238036672984297e-01,1.828929174232098165e-01,1.953120280319877444e-01,2.083645095980863338e-01,2.220289319900237146e-01,2.362790577112995338e-01,2.510838681681332174e-01,2.664076391909514507e-01,2.822100808241607139e-01,2.984465515804312630e-01,3.150683527663485917e-01,3.320231041841200104e-01,3.492551985280925031e-01,3.667063282130291202e-01,3.843160752426162952e-01,4.020225521132397839e-01,4.197630797127375746e-01,4.374748867691328758e-01,4.550958146662284487e-01,4.725650113858749779e-01,4.898235989484455710e-01,5.068152999649789825e-01,5.234870107217471924e-01,5.397893105033724215e-01,5.556768995190964899e-01,5.711089607107801003e-01,5.860494437666629031e-01,6.004672727152429168e-01,6.143364814022849174e-01,6.276362838333982008e-01,6.403510886604836250e-01,6.524704688755652571e-01
6.659090909090908950e-01,7.676503720961995736e-01,7.595321961952944401e-01,7.507897959381024666e-01,7.414173941324749828e-01,7.314122978257963092e-01,7.207750494443949663e-01,7.095095769437397282e-01,6.976233367876971680e-01,6.851274437283656482e-01,6.720367813667211809e-01,6.583700874998564823e-01,6.441500083684879030e-01,6.294031160599610208e-01,6.141598835893532504e-01,5.984546126334868710e-01,5.823253095812843672e-01,5.658135065312072109e-01,5.489640251371189494e-01,5.318246827810445554e-01,5.144459424078993148e-01,4.968805094446803183e-01,4.791828814608310450e-01,4.614088585088500505e-01,4.436150242815184441e-01,4.258582102355214505e-01,4.081949565056254836e-01,3.906809845717033602e-01,3.733706972594212914e-01,3.563167215314307912e-01,3.395695085690347281e-01,3.231770037476680013e-01,3.071843961337666906e-01,2.916339529062832447e-01,2.765649384440847514e-01,2.620136105383789049e-01,2.480132772203975933e-01,2.345943873471353636e-01,2.217846175966740885e-01,2.096089114645296458e-01,1.980894325083637497e-01,1.872454509719502225e-01,1.770934868521403249e-01,1.676510030982807931e-01,1.597636905967090015e-01,1.522236436530063353e-01,1.452249774972172724e-01,1.388278111329236675e-01,1.330248323947307298e-01,1.277869873730278771e-01,1.230745270630096838e-01,1.188426069713080097e-01,1.150452597344533007e-01,1.116384315156638413e-01,1.085821681192459670e-01,1.058419657785161921e-01,1.033893627603058724e-01,1.012019182257779398e-01,9.926276272029287140e-02,9.755990451002373443e-02,9.608544829290074918e-02,9.483484243966387728e-02,9.380623025208018051e-02,9.299994715322157379e-02,9.241818189470685230e-02,9.206480508250226846e-02,9.194536004184368505e-02,9.206720597469658651e-02,9.243979815692224267e-02,9.307508159483461607e-02,9.398796096270811695e-02,9.519679010882416137e-02,9.672380065144518813e-02,9.859536606034932649e-02,1.008419832308461578e-01,1.034978575493120945e-01,1.066000067445352917e-01,1.101868504104906582e-01,1.142963020180403910e-01,1.189633589486947945e-01,1.242168706608451911e-01,1.300734412457483224e-01,1.365119288190739522e-01,1.435638768185616976e-01,1.518094096065037979e-01,1.606805143767004729e-01,1.701985284897336304e-01,1.803672595563574621e-01,1.911830174667860927e-01,2.026365395270667558e-01,2.147137515216497594e-01,2.273961552375165784e-01,2.406610465912243091e-01,2.544816522468636988e-01,2.688272377129142798e-01,2.836632237499834841e-01,2.989513370599411468e-01,3.146498124390892381e-01,3.307136560909097467e-01,3.470949734289763833e-01,3.637433593998787296e-01,3.806063450823087280e-01,3.976298910292944688e-01,4.147589154753814067e-01,4.319378440721245993e-01,4.491111671833717955e-01,4.662239909373288027e-01,4.832225690009833152e-01,5.000548033690368488e-01,5.166707042345699552e-01,5.330228010386182103e-01,5.490664989720486222e-01,5.647603773921059389e-01,5.800664287032630817e-01,5.949502381443869670e-01,6.093811065539612715e-01,6.233321195140443249e-01,6.367801672864927820e-01,6.497059206624024030e-01,6.620937682759880927e-01,6.739317211251101281e-01,6.852112900421337693e-01,6.959273417653661920e-01,7.060779389818220286e-01,7.156641693545061633e-01,7.246899682920551200e-01
6.696969696969696795e-01,8.341933571221189503e-01,8.307152168355375066e-01,8.267969344181523850e-01,8.224254578976738506e-01,8.175882066474410292e-01,8.122731680453492142e-01,8.064690165534874611e-01,8.001652554054506927e-01,7.933523806476844298e-01,7.860220667135479067e-01,7.781673719337460771e-01,7.697829616606398639e-01,7.608653458300737027e-01,7.514131267313745033e-01,7.414272518548845614e-01,7.309112657806580149e-01,7.198715542545397472e-01,7.083175729468582649e-01,6.962620529671473824e-01,6.837211750792071552e-01,6.707147047924963967e-01,6.572660811742050413e-01,6.434024532889270898e-01,6.291546597417855269e-01,6.145571488567572738e-01,5.996478394610817997e-01,5.844679250550338656e-01,5.690616272012192223e-01,5.534759071180508361e-01,5.377601475262759889e-01,5.219658195476306606e-01,5.061461516251245518e-01,4.903558187139605562e-01,4.746506700386349253e-01,4.590875121754227628e-01,4.437239608603912866e-01,4.286183698944939779e-01,4.138298402053849911e-01,3.994183115431582110e-01,3.854447600053637624e-01,3.719716263013778113e-01,3.590640514787206139e-01,3.467951584891874051e-01,3.353148456602564886e-01,3.252013695707824947e-01,3.153427446690366676e-01,3.061894290231957361e-01,2.977937952873951355e-01,2.901695008502869211e-01,2.833080684675418071e-01,2.771840572884199938e-01,2.717587709719714306e-01,2.669840571755911496e-01,2.628062864433913237e-01,2.591702139803908067e-01,2.560223726559123780e-01,2.533137369886890311e-01,2.510015473262213748e-01,2.490503307565186120e-01,2.474322638580633282e-01,2.461270787153646278e-01,2.451217218512757867e-01,2.444099491201463248e-01,2.439919928364181201e-01,2.438743818700949417e-01,2.440699378490453209e-01,2.445979140323905066e-01,2.454841895536082064e-01,2.467613834792331262e-01,2.484687166635714262e-01,2.506514347935701048e-01,2.533596256582373862e-01,2.566463275552882672e-01,2.605649346204269023e-01,2.651660433178608112e-01,2.704940175681972425e-01,2.765836262580773086e-01,2.834570582149331663e-01,2.911213179457001199e-01,2.995649147029420534e-01,3.087465407542562268e-01,3.183231393120205532e-01,3.292006574905990135e-01,3.408217500530470456e-01,3.530674589199226387e-01,3.658746087261717794e-01,3.791853729350472269e-01,3.929433399204271260e-01,4.070926055419056278e-01,4.215774783972575657e-01,4.363423689135834116e-01,4.513317718940699774e-01,4.664903271698155884e-01,4.817629569021433800e-01,4.970950760955861192e-01,5.124328676486933354e-01,5.277236086001622084e-01,5.429160311521837867e-01,5.579607006545539427e-01,5.728103927843655185e-01,5.874204533554255869e-01,6.017491262317610223e-01,6.157578374253593889e-01,6.294114263831394052e-01,6.426783185008504429e-01,6.555306358648745890e-01,6.679442459726880887e-01,6.798987505826329381e-01,6.913774188862953363e-01,7.023670708086452441e-01,7.128579173135710656e-01,7.228433653095642786e-01,7.323197950440779591e-01,7.412863178086566140e-01,7.497445214225165744e-01,7.576982103784484224e-01,7.651531467845062995e-01,7.721167973912245186e-01,7.785980911576542152e-01,7.846071907776489551e-01,7.901552807712005633e-01,7.952543740413262618e-01,7.999171379922794811e-01,8.041567406965208775e-01,8.079867170853335390e-01
6.734848484848484640e-01,8.741715775335360261e-01,8.742082407237120600e-01,8.739447970555194178e-01,8.733689787947346295e-01,8.724679852462307039e-01,8.712285177911220924e-01,8.696368322063369183e-01,8.676788096044329990e-01,8.653400472441007407e-01,8.626059703059193451e-01,8.594619654970054867e-01,8.558935370394658015e-01,8.518864852214593775e-01,8.474271071213785866e-01,8.425024185496626794e-01,8.371003957383544858e-01,8.312102344013082567e-01,8.248226230473061360e-01,8.179300266405220565e-01,8.105269758591236995e-01,8.026103564892087538e-01,7.941796928583351178e-01,7.852374187532126237e-01,7.757891290662263239e-01,7.658438055312876136e-01,7.554140104110793619e-01,7.445160429437702732e-01,7.331700547911988997e-01,7.214001226731275862e-01,7.092342788167734779e-01,6.967045027527429824e-01,6.838466812654742100e-01,6.707005468325936137e-01,6.573096085063835359e-01,6.437210927425255358e-01,6.299859151015140268e-01,6.161587073200188724e-01,6.022979293005387147e-01,5.884661064735282610e-01,5.747302634342056349e-01,5.611627203699718347e-01,5.478427571067067126e-01,5.348611435563572769e-01,5.223403328397316914e-01,5.108352077762737808e-01,4.994984096698494302e-01,4.886599894889194773e-01,4.784597855589340920e-01,4.689685727861010456e-01,4.602336046387816015e-01,4.522830189601623752e-01,4.451265690142021114e-01,4.387564816392713896e-01,4.331492812789852764e-01,4.282686720209702425e-01,4.240692375373636414e-01,4.205005581268343451e-01,4.175113112552999439e-01,4.150529889019600183e-01,4.130829914558057925e-01,4.115669984022136130e-01,4.104806325371550546e-01,4.098105046058584389e-01,4.095547437360696486e-01,4.097230937835160125e-01,4.103366027329009569e-01,4.114268712588058374e-01,4.130347778660133362e-01,4.152085806246966215e-01,4.180013238462465530e-01,4.214675576877335295e-01,4.256595013193396060e-01,4.306229207775161272e-01,4.363931113304403975e-01,4.429914264161540771e-01,4.504227445333391366e-01,4.586740901081447497e-01,4.677142891233386779e-01,4.774938132613189556e-01,4.879410510883256391e-01,4.989168960807625619e-01,5.101232217879192454e-01,5.223788600440809615e-01,5.350978881607836302e-01,5.481594026271147113e-01,5.614744313932377162e-01,5.749654680036718757e-01,5.885618236461551689e-01,6.021978984913304300e-01,6.158123505128912933e-01,6.293476469624016412e-01,6.427498259669024439e-01,6.559683932190291111e-01,6.689563103470581584e-01,6.816700432688475031e-01,6.940696444646301533e-01,7.061188470873257517e-01,7.177851525381326869e-01,7.290398968878666341e-01,7.398582852828611278e-01,7.502193870999941394e-01,7.601060879661446501e-01,7.695049977182824019e-01,7.784063158741337807e-01,7.868036581700955656e-01,7.946938491966580864e-01,8.020766871434547030e-01,8.089546871988054777e-01,8.153328102918058207e-01,8.212181836882396224e-01,8.266198195058501730e-01,8.315483365832079254e-01,8.360156904514818299e-01,8.400349153046092754e-01,8.436198810745043630e-01,8.467850679900672528e-01,8.495453600730024091e-01,8.519158585281121354e-01,8.539117154308050184e-01,8.555479875498563924e-01,8.568395097875687316e-01,8.578007874347954864e-01,8.584459062361912141e-01,8.587884591393450950e-01,8.588414885531294729e-01
6.772727272727272485e-01,8.866633851594268867e-01,8.890000337819439213e-01,8.911158556743035142e-01,8.930018640067125535e-01,8.946482838241086588e-01,8.960445493875356382e-01,8.971793129007362699e-01,8.980404656801248553e-01,8.986151729376949948e-01,8.988899234209722922e-01,8.988505951860936705e-01,8.984825387620085646e-01,8.977706788873310861e-01,8.966996358577909998e-01,8.952538673182859341e-01,8.934178310586332605e-01,8.911761689157295940e-01,8.885139113819017220e-01,8.854167021846141017e-01,8.818710412795370823e-01,8.778645440252803578e-01,8.733862136177042990e-01,8.684267231243540941e-01,8.629787027689140855e-01,8.570370275220653422e-01,8.505990996193362186e-01,8.436651204175521501e-01,8.362383460931058776e-01,8.283253221526738486e-01,8.199360926404212213e-01,8.110843813505178579e-01,8.017877443417265049e-01,7.920676956458748696e-01,7.819498113030627362e-01,7.714638208076474157e-01,7.606436998654866333e-01,7.495277844694075986e-01,7.381589348415956708e-01,7.265847918623675739e-01,7.148581968473899373e-01,7.030379140055968978e-01,6.911899929570871626e-01,6.793908129618523306e-01,6.677363120580633860e-01,6.563979233915498979e-01,6.457585615036932625e-01,6.349356838539154113e-01,6.244694942991420028e-01,6.144660169784786907e-01,6.050054212575535217e-01,5.961548960044514844e-01,5.879690580169645298e-01,5.804887767962344514e-01,5.737402463530293373e-01,5.677349317078731472e-01,5.624706325540366203e-01,5.579336617452256286e-01,5.541019428013034265e-01,5.509486945096981891e-01,5.484463057170156919e-01,5.465700085964834143e-01,5.453010164997404985e-01,5.446288767903263439e-01,5.445528757437648748e-01,5.450824077511476906e-01,5.462362834471786721e-01,5.480410095778633917e-01,5.505281392110311645e-01,5.537308714919537689e-01,5.576801719352595388e-01,5.624007705229592258e-01,5.679074493473647012e-01,5.742020272152222882e-01,5.812713690327928617e-01,5.890865944305595514e-01,5.976034486755117392e-01,6.067635315662515127e-01,6.164956374772019299e-01,6.267149763117362271e-01,6.373064708255700150e-01,6.476942248859605122e-01,6.589316227165203932e-01,6.704967195223930920e-01,6.822126994955617363e-01,6.939825141923150476e-01,7.057295987000055115e-01,7.173880522100228863e-01,7.288993781540974437e-01,7.402110160986864473e-01,7.512755608293021359e-01,7.620503096122880349e-01,7.724969886506890537e-01,7.825815826332516156e-01,7.922742214909226366e-01,8.015490935831794950e-01,8.103843636992323907e-01,8.187620807741743389e-01,8.266680653241706977e-01,8.340917707677273363e-01,8.410261162030346904e-01,8.474672909333839099e-01,8.534145331223674802e-01,8.588698864676729272e-01,8.638379397632443002e-01,8.683255547413337716e-01,8.723415877212552516e-01,8.758966104165344380e-01,8.790026348412756096e-01,8.816728466799100827e-01,8.839213508038699096e-01,8.857629318838443622e-01,8.872128323576199405e-01,8.882865493375901034e-01,8.889996511948721203e-01,8.893676142184288036e-01,8.894056792484525964e-01,8.891287277055297533e-01,8.885511761492423943e-01,8.876868882969540797e-01,8.865491032890114864e-01,8.851503789149415269e-01,8.835025485089529340e-01,8.816166902743971523e-01,8.795031078997120888e-01,8.771713214778207313e-01
6.810606060606060330e-01,8.801115909852511576e-01,8.841236170921816795e-01,8.879549599396628912e-01,8.915998002670199041e-01,8.950515199643075404e-01,8.983026724911261640e-01,9.013449626537625159e-01,9.041692361715721882e-01,9.067654796901122305e-01,9.091228320949258368e-01,9.112296081448686413e-01,9.130733355829799835e-01,9.146408069547957709e-01,9.159181474067589201e-01,9.168908997459235266e-01,9.175441279471238110e-01,9.178625401482853885e-01,9.178306319504213606e-01,9.174328505608994044e-01,9.166537798777510959e-01,9.154783460007243079e-01,9.138920423828529316e-01,9.118811729970022206e-01,9.094331111883598995e-01,9.065365712240467388e-01,9.031818888461520256e-01,8.993613065018677410e-01,8.950692584188109091e-01,8.903026503813876724e-01,8.850611290202081705e-01,8.793473357329696372e-01,8.731671410984392923e-01,8.665298569178049304e-01,8.594484249249803032e-01,8.519395838838217383e-01,8.440240204465204732e-01,8.357265141772116657e-01,8.270760943885072658e-01,8.181062378548210612e-01,8.088551569739852454e-01,7.993662710216775658e-01,7.896890602230034473e-01,7.798808239204269022e-01,7.700111036487776728e-01,7.601778217448682540e-01,7.508431211553513451e-01,7.413108744187831833e-01,7.317712596237329059e-01,7.224510399803069083e-01,7.134390097684598642e-01,7.048130253436847292e-01,6.966449077530278977e-01,6.890000972166019366e-01,6.819363575760979401e-01,6.755025068828318657e-01,6.697376009528512864e-01,6.646708075969836038e-01,6.603220684506331262e-01,6.567035041232331949e-01,6.538213845703104710e-01,6.516783816345346203e-01,6.502757637898048948e-01,6.496151937085027361e-01,6.496998454162952186e-01,6.505346584301773261e-01,6.521256749292301258e-01,6.544785438147084911e-01,6.575964027731856509e-01,6.614774466541568643e-01,6.661125402987049249e-01,6.714832249354433236e-01,6.775603979848719982e-01,6.843038274967019330e-01,6.916625152791153752e-01,6.995757684736884086e-01,7.079746794436216906e-01,7.167834705734966727e-01,7.259193769326882650e-01,7.352848819639308253e-01,7.445794367691236371e-01,7.538293860849804018e-01,7.636288635043662065e-01,7.734720875047716993e-01,7.832583779940415214e-01,7.929171772945351471e-01,8.023907634550393464e-01,8.116294953764549014e-01,8.205899116090554779e-01,8.292338009366807539e-01,8.375276875777230012e-01,8.454425173558800521e-01,8.529534455740298560e-01,8.600396733229342949e-01,8.666843008345129773e-01,8.728741786413539705e-01,8.785997449909609402e-01,8.838548432862639581e-01,8.886365171877721458e-01,8.929447838442643448e-01,8.967823877458196424e-01,9.001545390601948249e-01,9.030686411327327745e-01,9.055340121971408029e-01,9.075616063495376418e-01,9.091637385643277502e-01,9.103538180547477987e-01,9.111460936698280166e-01,9.115554143294216649e-01,9.115970068519803071e-01,9.112862728310905380e-01,9.106386053631752020e-01,9.096692261732289841e-01,9.083930430610492879e-01,9.068245271383872375e-01,9.049776090430929898e-01,9.028655930844332600e-01,9.005010881210895324e-01,8.978959538595173706e-01,8.950612612785118216e-01,8.920072659249418390e-01,8.887433928888031076e-01,8.852782324165148209e-01,8.816195452973987212e-01,8.777742773718173463e-01,8.737485827608323374e-01
6.848484848484848175e-01,8.602432197294003213e-01,8.656615547863036886e-01,8.709179109342998215e-01,8.760088560411106728e-01,8.809302720781454488e-01,8.856772954602732950e-01,8.902442679675596215e-01,8.946246978838242603e-01,8.988112313255299801e-01,9.027956340098706178e-01,9.065687839876064302e-01,9.101206761164530867e-01,9.134404392298005604e-01,9.165163671226314035e-01,9.193359645950858194e-01,9.218860098609314990e-01,9.241526346363700961e-01,9.261214231657847185e-01,9.277775313056609852e-01,9.291058265676296335e-01,9.300910497113188402e-01,9.307179981117915668e-01,9.309717305910039098e-01,9.308377926495063903e-01,9.303024607247567523e-01,9.293530031552619253e-01,9.279779547582269750e-01,9.261674012535977552e-01,9.239132690821446614e-01,9.212096156113190881e-01,9.180529143679631021e-01,9.144423298615278473e-01,9.103799768579058371e-01,9.058711597400896931e-01,9.009245889796450024e-01,8.955525739253885620e-01,8.897711943864257123e-01,8.836004583937843160e-01,8.770644612195216405e-01,8.701915738732032279e-01,8.630147146129526492e-01,8.555718134307821465e-01,8.479067281807681766e-01,8.400713527089858079e-01,8.321317584728715744e-01,8.241974456087302059e-01,8.167000027698699816e-01,8.087219585097363828e-01,8.007807264766809707e-01,7.929802794874843963e-01,7.853966464666929381e-01,7.781010703615600654e-01,7.711623746918967459e-01,7.646466971397382073e-01,7.586165659847132758e-01,7.531298354339579504e-01,7.482387127628975509e-01,7.439890156453513592e-01,7.404197331807431670e-01,7.375628980605745122e-01,7.354437115447503004e-01,7.340808097446068770e-01,7.334865329241244680e-01,7.336670679618103597e-01,7.346223775530148492e-01,7.363458980187743697e-01,7.388240630711668810e-01,7.420357734240934366e-01,7.459519650111894329e-01,7.505354233372983908e-01,7.557409501223882886e-01,7.615159218351021941e-01,7.678012030068288585e-01,7.745323018715768448e-01,7.816405777336838945e-01,7.890541768889465235e-01,7.966979396002985547e-01,8.044892507078593713e-01,8.123016139190867291e-01,8.196185607865256184e-01,8.275254230118168630e-01,8.354462359105323532e-01,8.432673359702994587e-01,8.509212721171767191e-01,8.583555293762672456e-01,8.655259470853146064e-01,8.723944468085274018e-01,8.789280366006331224e-01,8.850983019403112495e-01,8.908811075607893093e-01,8.962563928824105464e-01,9.012080037823383405e-01,9.057235303093443823e-01,9.097941338591055693e-01,9.134143554457527792e-01,9.165819018754763903e-01,9.192974100760267220e-01,9.215641921464008401e-01,9.233879651760247276e-01,9.247765707352402220e-01,9.257396892963978274e-01,9.262885548189547791e-01,9.264356744170996194e-01,9.261945575063275093e-01,9.255794581643570496e-01,9.246051337904495071e-01,9.232866223895400681e-01,9.216390398528251371e-01,9.196773983268141661e-01,9.174164460020641787e-01,9.148705281140688816e-01,9.120534685829650989e-01,9.089784714045164860e-01,9.056580406791475690e-01,9.021039180247003575e-01,8.983270360535006160e-01,8.943374865968011234e-01,8.901445024212343293e-01,8.857564512982015748e-01,8.811808414542380286e-01,8.764243375958646887e-01,8.714927869725049847e-01,8.663912552250691013e-01,8.611240720411930116e-01,8.556948870001220842e-01
6.886363636363636020e-01,8.300149980374696979e-01,8.367251203342563892e-01,8.432829473625204075e-01,8.496863345894098973e-01,8.559326966699589700e-01,8.620189048061812631e-01,8.679411986870017026e-01,8.736951117025321123e-01,8.792754085668748054e-01,8.846760348534469243e-01,8.898900783166554529e-01,8.949097422043549299e-01,8.997263310624783461e-01,9.043302497965599596e-01,9.087110169803844784e-01,9.128572935846649417e-01,9.167569284315890688e-01,9.203970217559244160e-01,9.237640082609062109e-01,9.268437609871015281e-01,9.296217171547807023e-01,9.320830268856427070e-01,9.342127253500104311e-01,9.359959284185235262e-01,9.374180513710719254e-01,9.384650495014323912e-01,9.391236785009461352e-01,9.393817721119491759e-01,9.392285334225960458e-01,9.386548353377793807e-01,9.376535250864852511e-01,9.362197270184439146e-01,9.343511375763511317e-01,9.320483062954026954e-01,9.293148970914102414e-01,9.261579250987923562e-01,9.225879661178741920e-01,9.186193386711050124e-01,9.142702634048024413e-01,9.095630125106655139e-01,9.045240763053971067e-01,8.991844038040206488e-01,8.935798447342948592e-01,8.877521207807089754e-01,8.817513706231145942e-01,8.756450067173370266e-01,8.695836673692413088e-01,8.637393557127974741e-01,8.574695834497764180e-01,8.512327925290580355e-01,8.451068156343625182e-01,8.391577082081466132e-01,8.334488036056632021e-01,8.280419247491029866e-01,8.229971325004525884e-01,8.183720070984520367e-01,8.142207401456402760e-01,8.105931566579936964e-01,8.075337404484342896e-01,8.050807165203947013e-01,8.032652306537318987e-01,8.021106546956854322e-01,8.016320368893327108e-01,8.018357113868892494e-01,8.027190801530595943e-01,8.042705819507707243e-01,8.064698636029145051e-01,8.092881646545698748e-01,8.126889158089980469e-01,8.166285344284346381e-01,8.210573794987070517e-01,8.259208067836223410e-01,8.311602429007780568e-01,8.367141667649068415e-01,8.425188146256639143e-01,8.485081755913199686e-01,8.546117082568746026e-01,8.607397051676599631e-01,8.663613942468179063e-01,8.723863809901050148e-01,8.784672727735451936e-01,8.844468255721561478e-01,8.902560760600766177e-01,8.958442447670827979e-01,9.011693081405033334e-01,9.061952745350416727e-01,9.108911341412340157e-01,9.152303748982808518e-01,9.191907169772076669e-01,9.227539307450459694e-01,9.259056778187366721e-01,9.286353461481471339e-01,9.309358652764340158e-01,9.328034962460042268e-01,9.342375955753331462e-01,9.352403558123649763e-01,9.358165270664418056e-01,9.359731249940927977e-01,9.357191311813579659e-01,9.350651918776742288e-01,9.340233207081888311e-01,9.326066104147677782e-01,9.308289580333655167e-01,9.287048071006396288e-01,9.262489093572713328e-01,9.234761080686793022e-01,9.204011441254618120e-01,9.170384853737918451e-01,9.134021791074690144e-01,9.095057271881220595e-01,9.053619829002859110e-01,9.009830683918546024e-01,8.963803113902263364e-01,8.915641998112231459e-01,8.865443528814530572e-01,8.813295074659837081e-01,8.759275184223827004e-01,8.703453719817327849e-01,8.645892113805356827e-01,8.586643742296182769e-01,8.525754414035531248e-01,8.463262975688949918e-01,8.399202038475881427e-01,8.333598834701003710e-01,8.266476217480394073e-01
6.924242424242423866e-01,7.909650385723551169e-01,7.988943213733356030e-01,8.066816325187463610e-01,8.143246454486361419e-01,8.218210148291615891e-01,8.291682122243062558e-01,8.363633826332330656e-01,8.434032196105517576e-01,8.502838571692212799e-01,8.570007771250931494e-01,8.635487309784962706e-01,8.699216758397420035e-01,8.761127242902541079e-01,8.821141084273845800e-01,8.879171586657162996e-01,8.935122981562261257e-01,8.988890539315853578e-01,9.040360860826165412e-01,9.089412364087172680e-01,9.135915980524252911e-01,9.179736076137515743e-01,9.220731611298392805e-01,9.258757550891026922e-01,9.293666533138181807e-01,9.325310800843054082e-01,9.353544392861178336e-01,9.378225586452982876e-01,9.399219573507906489e-01,9.416401343496934029e-01,9.429658734395646169e-01,9.438895607698370993e-01,9.444035090280469280e-01,9.445022817876104204e-01,9.441830109136246652e-01,9.434456995734199491e-01,9.422935034889153849e-01,9.407329837482385493e-01,9.387743259907241899e-01,9.364315234764090112e-01,9.337225261986611402e-01,9.306693664549473555e-01,9.272982872313062508e-01,9.236399345426226093e-01,9.197297634403466260e-01,9.156090809170678302e-01,9.113282547846214277e-01,9.069607783110705812e-01,9.028981819505789153e-01,8.983998378662322315e-01,8.938187063890689066e-01,8.892739132033342653e-01,8.848285432910205639e-01,8.805387351121551909e-01,8.764578253409359698e-01,8.726368907029740107e-01,8.691244527454162760e-01,8.659658974803691178e-01,8.632027795231173029e-01,8.608720857246793257e-01,8.590055059918602076e-01,8.576287508954179017e-01,8.567609529375015409e-01,8.564141859849446758e-01,8.565931332472067616e-01,8.572949274002950037e-01,8.585091769328753175e-01,8.602181810632413272e-01,8.623973227091726867e-01,8.650156163062524550e-01,8.680363758953977271e-01,8.714179590762453076e-01,8.751145322967033291e-01,8.790767856939478708e-01,8.832524800415646471e-01,8.875865588698127473e-01,8.920199599982093774e-01,8.964827958342217462e-01,9.008172840822250560e-01,9.047655900252303818e-01,9.091029643364193502e-01,9.133571013851933262e-01,9.174528144592311030e-01,9.213391649029547548e-01,9.249746264293032816e-01,9.283236817033524435e-01,9.313557024358997127e-01,9.340445041804102955e-01,9.363681308423696947e-01,9.383087115084441932e-01,9.398523251789518973e-01,9.409888454070066688e-01,9.417117534768220111e-01,9.420179173359167768e-01,9.419073383159305424e-01,9.413828704768287814e-01,9.404499189752927313e-01,9.391161245900701005e-01,9.373910416687054603e-01,9.352858164438436761e-01,9.328128721219500763e-01,9.299856063816530627e-01,9.268181055688266001e-01,9.233248794246295965e-01,9.195206190264546553e-01,9.154199796116120336e-01,9.110373892039537180e-01,9.063868832557248068e-01,9.014819649309013805e-01,8.963354901991216206e-01,8.909595765768305586e-01,8.853655341360704423e-01,8.795638172914987951e-01,8.735639958600880384e-01,8.673747439537736748e-01,8.610038454008027697e-01,8.544582145862792411e-01,8.477439318470949559e-01,8.408662928435181039e-01,8.338298716536773902e-01,8.266385976934349511e-01,8.192958469506570474e-01,8.118045484369923459e-01,8.041673072015266266e-01,7.963865457167468298e-01,7.884646659415105452e-01
6.962121212121211711e-01,7.441744705265374016e-01,7.532234291802839543e-01,7.621501009519675574e-01,7.709500731354641534e-01,7.796195543592836508e-01,7.881551298130230476e-01,7.965535445597143882e-01,8.048115119799770234e-01,8.129255448017084218e-01,8.208918065999926128e-01,8.287059820924916886e-01,8.363631649965406201e-01,8.438577626474315085e-01,8.511834169984083820e-01,8.583329420253418274e-01,8.652982779378376454e-01,8.720704629466865532e-01,8.786396236474240951e-01,8.849949853404208699e-01,8.911249038088966401e-01,8.970169202025585209e-01,9.026578407115048996e-01,9.080338426464031887e-01,9.131306083493896386e-01,9.179334880311823541e-01,9.224276921500490500e-01,9.265985133091644288e-01,9.304315768491119298e-01,9.339131183571259820e-01,9.370302852311470643e-01,9.397714583433498525e-01,9.421265884096606813e-01,9.440875403990248715e-01,9.456484386521558649e-01,9.468060039597870903e-01,9.475598733472544444e-01,9.479128931627948118e-01,9.478713765008377479e-01,9.474453173296042419e-01,9.466485563627348165e-01,9.454988985842589511e-01,9.440181913796823476e-01,9.422323904897557112e-01,9.401716830418263005e-01,9.378708515230006482e-01,9.353704517663978812e-01,9.327212092772058094e-01,9.300108253125265456e-01,9.275154867162105354e-01,9.245673530446024690e-01,9.215752122778531064e-01,9.186097390193700418e-01,9.157215352847701828e-01,9.129556877130278192e-01,9.103538544337175242e-01,9.079545317622722544e-01,9.057928617689759987e-01,9.039003064787081154e-01,9.023042946491351968e-01,9.010278833181452063e-01,9.000894540811238409e-01,8.995024555980665193e-01,8.992752006363939898e-01,8.994107247833298402e-01,8.999067132623742582e-01,9.007555012018478857e-01,9.019441507607978137e-01,9.034546055053646052e-01,9.052639182197343981e-01,9.073445425579100831e-01,9.096646702662736228e-01,9.121885800466589256e-01,9.148769290179575853e-01,9.176868209076880500e-01,9.205711515140178047e-01,9.234751546067891947e-01,9.263138968448644261e-01,9.286579848403262449e-01,9.313426712663087637e-01,9.339683112172029178e-01,9.364451552553633151e-01,9.387219667527267886e-01,9.407580564656569111e-01,9.425186718114287876e-01,9.439737428707039024e-01,9.450974805923143540e-01,9.458682306441621446e-01,9.462683916273459950e-01,9.462843255377672014e-01,9.459062319482229864e-01,9.451279762425407460e-01,9.439468715271281951e-01,9.423634188306637682e-01,9.403810129337727419e-01,9.380056225465948083e-01,9.352454540134714778e-01,9.321106076025914566e-01,9.286127349762268723e-01,9.247647049922116391e-01,9.205802843864241414e-01,9.160738386389470911e-01,9.112600568849166249e-01,9.061537036642693943e-01,9.007693992373357883e-01,8.951214292512826853e-01,8.892235837536108800e-01,8.830890249189727870e-01,8.767301823827240437e-01,8.701586747507834563e-01,8.633852556675708501e-01,8.564197827571951027e-01,8.492712077912578650e-01,8.419475865631605993e-01,8.344561071493840076e-01,8.268031354983341741e-01,8.189942775964469401e-01,8.110344578088335421e-01,8.029280133705588574e-01,7.946788054079293451e-01,7.862903472915322434e-01,7.777659515595325423e-01,7.691088970946580172e-01,7.603226186855198687e-01,7.514109215419292331e-01,7.423782237519555016e-01
6.999999999999999556e-01,6.908428557714002549e-01,7.008372087293601727e-01,7.107463866762244731e-01,7.205616357991879717e-01,7.302756865858065494e-01,7.398824187032327915e-01,7.493765594345878078e-01,7.587534129121968896e-01,7.680086174883632433e-01,7.771379287982747019e-01,7.861370263650652168e-01,7.950013419487406141e-01,8.037259082300475255e-01,8.123052268332684456e-01,8.207331551157011074e-01,8.290028115769106920e-01,8.371065001567620234e-01,8.450356540886572176e-01,8.527808003401428083e-01,8.603315459958250644e-01,8.676765881994221719e-01,8.748037494571626604e-01,8.817000401920269681e-01,8.883517504065709947e-01,8.947445721388911366e-01,9.008637540596370341e-01,9.066942890392408749e-01,9.122211347990660801e-01,9.174294668423242927e-01,9.223049617444472048e-01,9.268341075869712675e-01,9.310045368775822228e-01,9.348053757886465309e-01,9.382276021394300169e-01,9.412644027475297603e-01,9.439115197961343018e-01,9.461675753075659001e-01,9.480343620359037438e-01,9.495170897637922325e-01,9.506245775400913312e-01,9.513693855168384728e-01,9.517678857823838046e-01,9.518402823200163843e-01,9.516106123376782966e-01,9.511068143133664110e-01,9.503611034739937180e-01,9.494114853770745377e-01,9.483086260283257740e-01,9.471984247900058218e-01,9.460443973803068785e-01,9.445308701113991345e-01,9.429560931252842781e-01,9.413706681701277112e-01,9.398142300148023542e-01,9.383217642584535945e-01,9.369248154584619570e-01,9.356516946821175074e-01,9.345274125291628264e-01,9.335735328248466747e-01,9.328080113544668928e-01,9.322450434415772147e-01,9.318949303913720561e-01,9.317639703938291884e-01,9.318543783779401624e-01,9.321642390441140513e-01,9.326874967954325024e-01,9.334139851316188841e-01,9.343294961212991190e-01,9.354158875536170425e-01,9.366512203066167386e-01,9.380099084914452767e-01,9.394628419869095470e-01,9.409773801326896114e-01,9.425169238155363116e-01,9.440389958908073087e-01,9.454857878316764719e-01,9.464947092732814982e-01,9.475929432449806677e-01,9.486855212187766950e-01,9.496230221228716406e-01,9.503542021901498771e-01,9.508409047249172241e-01,9.510509523970260837e-01,9.509565598822493637e-01,9.505339212941273930e-01,9.497631173576857044e-01,9.486280949779887228e-01,9.471166317066475049e-01,9.452202520688388621e-01,9.429340852721684874e-01,9.402566646862858812e-01,9.371896752476932546e-01,9.337376580580373231e-01,9.299076829808489153e-01,9.257090007303272472e-01,9.211526851176466968e-01,9.162512755859503200e-01,9.110184292382088600e-01,9.054685897357398483e-01,8.996166790689016368e-01,8.934778167142712890e-01,8.870670692718173322e-01,8.803992324004985548e-01,8.734886457736295018e-01,8.663490408744641824e-01,8.589934207522683662e-01,8.514339703526994096e-01,8.436819957104511047e-01,8.357478901269117522e-01,8.276411254302505904e-01,8.193702665074762415e-01,8.109430074862331583e-01,8.023662282088629416e-01,7.936460699649010575e-01,7.847880298154836787e-01,7.757970732413415060e-01,7.666777652634840790e-01,7.574344206127446855e-01,7.480712739512763720e-01,7.385926715659095754e-01,7.290032863485707004e-01,7.193083582383821284e-01,7.095139626048181380e-01,6.996273092778353409e-01,6.896570750457866605e-01
7.037878787878788511e-01,6.326799654888324298e-01,6.433361844167364563e-01,6.539682169884485363e-01,6.645606829518627690e-01,6.751007077964688019e-01,6.855775073951535514e-01,6.959820060412896803e-01,7.063064867925118451e-01,7.165442725271341518e-01,7.266894358573295909e-01,7.367365359712000350e-01,7.466803805528454685e-01,7.565158111189127510e-01,7.662375103868415138e-01,7.758398306286018453e-01,7.853166423486388492e-01,7.946612030369962776e-01,8.038660461760541720e-01,8.129228911047134964e-01,8.218225747533697279e-01,8.305550066380413821e-01,8.391091488228294981e-01,8.474730228039882851e-01,8.556337454107622031e-01,8.635775958294755750e-01,8.712901157101240468e-01,8.787562439794356361e-01,8.859604874356262760e-01,8.928871274184728701e-01,8.995204618233604288e-01,9.058450804650404198e-01,9.118461703181128808e-01,9.175098455142577381e-01,9.228234952330554020e-01,9.277761408837019719e-01,9.323587924146266026e-01,9.365647924267050950e-01,9.403901354427686154e-01,9.438337501872285928e-01,9.468977335860856437e-01,9.495875270181199923e-01,9.519120296297605144e-01,9.538836506047136954e-01,9.555183153174812150e-01,9.568354676752389709e-01,9.578581804195265281e-01,9.586137080252594700e-01,9.591357936982393140e-01,9.594775155331459748e-01,9.599098703252125775e-01,9.598315380457901336e-01,9.595678949205459496e-01,9.591893615522857353e-01,9.587350639349120351e-01,9.582373650839304258e-01,9.577251012339146330e-01,9.572242753489336176e-01,9.567581128327609097e-01,9.563469041092240719e-01,9.560077697480117154e-01,9.557544064609290180e-01,9.555968478459450077e-01,9.555412644859944127e-01,9.555898224874744828e-01,9.557406139190549599e-01,9.559876658574369968e-01,9.563210270649514788e-01,9.567269232928173883e-01,9.571879640201094164e-01,9.576833738704142451e-01,9.581892061329371213e-01,9.586784585679412052e-01,9.591209012348377305e-01,9.594820214570660699e-01,9.597184199013191197e-01,9.597432917107401318e-01,9.592540288988674613e-01,9.589230829802221079e-01,9.584085732517425571e-01,9.576565945240441691e-01,9.566330555008941694e-01,9.553105762248054189e-01,9.536661183012601350e-01,9.516804002788341599e-01,9.493377631342904133e-01,9.466261461083340656e-01,9.435370600886444636e-01,9.400655162931348396e-01,9.362098956381014192e-01,9.319717571988979099e-01,9.273555911455426681e-01,9.223685257232027146e-01,9.170199995281381744e-01,9.113214110686850278e-01,9.052857581188460401e-01,8.989272779470259822e-01,8.922610983271108687e-01,8.853029076772311878e-01,8.780686509379508342e-01,8.705742560740800107e-01,8.628353944589841618e-01,8.548672769470395671e-01,8.466844862032550934e-01,8.383008448602504714e-01,8.297293183157800067e-01,8.209819504572407611e-01,8.120698302840518856e-01,8.030030872675880671e-01,7.937909133137938111e-01,7.844416093460896411e-01,7.749626547790435804e-01,7.653607984807708764e-01,7.556421702022282361e-01,7.458124118649771539e-01,7.358768285283111554e-01,7.258405592870373901e-01,7.157087687678833632e-01,7.054868602816372070e-01,6.951807120334946299e-01,6.847969380780839499e-01,6.743431759060003472e-01,6.638284026379849267e-01,6.532632817470749309e-01,6.426605419857323032e-01,6.320353897115374986e-01
7.075757575757575246e-01,5.720986987246777788e-01,5.830131610777479212e-01,5.939908770077536593e-01,6.050081106626845617e-01,6.160446604366990320e-01,6.270834016824703427e-01,6.381098534303376590e-01,6.491117714088715518e-01,6.600787683222136826e-01,6.710019613706420527e-01,6.818736463421718463e-01,6.926869972003346643e-01,7.034357898996196345e-01,7.141141491346182368e-01,7.247163168385495347e-01,7.352364414625212063e-01,7.456683873652929506e-01,7.560055640031794200e-01,7.662407750124868855e-01,7.763660877040821084e-01,7.863727239220329457e-01,7.962509736360934287e-01,8.059901330164894739e-01,8.155784690546278304e-01,8.250032130135316333e-01,8.342505850866546169e-01,8.433058525780828818e-01,8.521534236576521204e-01,8.607769782612557652e-01,8.691596369755030249e-01,8.772841677559579665e-01,8.851332290850011386e-01,8.926896467073284214e-01,8.999367194448250062e-01,9.068585478756578944e-01,9.134403779848024874e-01,9.196689504049708752e-01,9.255328447398734060e-01,9.310228079795739298e-01,9.361320562930992573e-01,9.408565400843444948e-01,9.451951657039842081e-01,9.491499711598450073e-01,9.527262607192840127e-01,9.559327181995844747e-01,9.587815522733678097e-01,9.612888219991657657e-01,9.634754373588619858e-01,9.653711649210432455e-01,9.670469984306663269e-01,9.686274124284545151e-01,9.696498765328090963e-01,9.704316851517726938e-01,9.710206016564358888e-01,9.714507237116056793e-01,9.717519534026687333e-01,9.719516495732015704e-01,9.720747994829943561e-01,9.721437368113450272e-01,9.721776976614028287e-01,9.721923369844610585e-01,9.721992765294746874e-01,9.722057344976983151e-01,9.722142736404750796e-01,9.722226917451007866e-01,9.722240645923189151e-01,9.722069367022394548e-01,9.721556401587461149e-01,9.720507065477883568e-01,9.718693193190574009e-01,9.715857250038006931e-01,9.711714522158254592e-01,9.705949629961690972e-01,9.698193914388940629e-01,9.687899903033680982e-01,9.671621741087286228e-01,9.655211278048310142e-01,9.636566448437989818e-01,9.614965678945111005e-01,9.590104370121802502e-01,9.561768766070888326e-01,9.529795571089444417e-01,9.494061795422785721e-01,9.454481348467902446e-01,9.411003403273759949e-01,9.363611052696715342e-01,9.312319734464596932e-01,9.257175239205205353e-01,9.198251263772306840e-01,9.135646545777292848e-01,9.069481651585118431e-01,8.999895523867439406e-01,8.927041898104274287e-01,8.851085698298644111e-01,8.772199515986325302e-01,8.690560264278709424e-01,8.606346083077260900e-01,8.519733554422396216e-01,8.430895269623389643e-01,8.339997773503338152e-01,8.247199896604985314e-01,8.152651474052361458e-01,8.056492440199298777e-01,7.958852281236062920e-01,7.859849823440114847e-01,7.759593332486111050e-01,7.658180898868365283e-01,7.555701085688067975e-01,7.452233817478132183e-01,7.347851492065183843e-01,7.242620301401164751e-01,7.136601751588117493e-01,7.029854376738412514e-01,6.922435645660921510e-01,6.814404064459964605e-01,6.705821481801588213e-01,6.596755606657546123e-01,6.487282750585058322e-01,6.377490807800030304e-01,6.267482486185758095e-01,6.157378800608472869e-01,6.047322836088503406e-01,5.937483782036534485e-01,5.828061229359191575e-01,5.719289709168160485e-01
7.113636363636364202e-01,5.121707958938627181e-01,5.228377336994514124e-01,5.336785772136160011e-01,5.446607319716817441e-01,5.557559572564693129e-01,5.669399311970323430e-01,5.781918204303928555e-01,5.894938611231839154e-01,6.008309560025950624e-01,6.121902903267804064e-01,6.235609683909389966e-01,6.349336711681854428e-01,6.463003349765793493e-01,6.576538506014203422e-01,6.689877820452112545e-01,6.802961039917372332e-01,6.915729571263566910e-01,7.028124206259858120e-01,7.140083013981602944e-01,7.251539399891004933e-01,7.362420334782420195e-01,7.472644761125231128e-01,7.582122188896621706e-01,7.690751497532004599e-01,7.798419964900624723e-01,7.905002547958938086e-01,8.010361442639486462e-01,8.114345952267064677e-01,8.216792694020631505e-01,8.317526171350457798e-01,8.416359736551592974e-01,8.513096961695110210e-01,8.607533427789915148e-01,8.699458931525384520e-01,8.788660096583161829e-01,8.874923362891677936e-01,8.958038313153290355e-01,9.037801282495717681e-01,9.114019185331323492e-01,9.186513484623961556e-01,9.255124224103877806e-01,9.319714046968033960e-01,9.380172133177212546e-01,9.436418010462190864e-01,9.488405267763390105e-01,9.536125345492891814e-01,9.579612010114704201e-01,9.618948544380314658e-01,9.654285747537795226e-01,9.685920156146308191e-01,9.716321154724726350e-01,9.740170556158610493e-01,9.759823737904734786e-01,9.776229788226241668e-01,9.789799184879248717e-01,9.800870141892463749e-01,9.809752666166194901e-01,9.816734300437053307e-01,9.822076389995246792e-01,9.826007328599553059e-01,9.828715128219485120e-01,9.830340529902681368e-01,9.830971441162776880e-01,9.830639236886929977e-01,9.829317255158925848e-01,9.826921616841363116e-01,9.823314290278696292e-01,9.818308109243006898e-01,9.811673222829615515e-01,9.803144162047900956e-01,9.792426179251433327e-01,9.779198130353577989e-01,9.763104117665409865e-01,9.743698471622345147e-01,9.719864686874137849e-01,9.689749929268619555e-01,9.658656065589001916e-01,9.623816365328500266e-01,9.584923882840602483e-01,9.541818976835545474e-01,9.494411411463055117e-01,9.442662516613020696e-01,9.386578050461733547e-01,9.326203681510101262e-01,9.261621071817832673e-01,9.192943970526011865e-01,9.120314162245178879e-01,9.043897259797202270e-01,8.963878404066821792e-01,8.880457954359024519e-01,8.793847257919736871e-01,8.704264587209898929e-01,8.611931325700920015e-01,8.517068471204498614e-01,8.419893511544173093e-01,8.320617711981951325e-01,8.219443838360189769e-01,8.116564325386517176e-01,8.012159886621255112e-01,7.906398552037053884e-01,7.799435110785050140e-01,7.691410931073044965e-01,7.582454125738452566e-01,7.472680030933830375e-01,7.362191966031514934e-01,7.251082245031920115e-01,7.139433413080592539e-01,7.027319685806483474e-01,6.914808573789704704e-01,6.801962679268093170e-01,6.688841656965326399e-01,6.575504335462158956e-01,6.462010999650822374e-01,6.348425838344436967e-01,6.234819563881395243e-01,6.121272212389606837e-01,6.007876134050249561e-01,5.894739181978049247e-01,5.781988105936249900e-01,5.669772152682630573e-01,5.558266867917952547e-01,5.447678085136878900e-01,5.338246073692263227e-01,5.230249801599216042e-01,5.124011247571267358e-01
7.151515151515150936e-01,4.562989808657923474e-01,4.661619647324018456e-01,4.763229252791892909e-01,4.867416200514513291e-01,4.973825554416739791e-01,5.082146482234518592e-01,5.192108660067897841e-01,5.303478575516780147e-01,5.416055812991851237e-01,5.529669382685555856e-01,5.644174136198470970e-01,5.759447296744764078e-01,5.875385119898705044e-01,5.991899691664678285e-01,6.108915863899511134e-01,6.226368322476816264e-01,6.344198780766754364e-01,6.462353289762512443e-01,6.580779656318093140e-01,6.699424962300284392e-01,6.818233179873093297e-01,6.937142881513649328e-01,7.056085047622132622e-01,7.174980979639709044e-01,7.293740332341629440e-01,7.412259285318776314e-01,7.530418880453594310e-01,7.648083559261514841e-01,7.765099941071402778e-01,7.881295889854215142e-01,7.996479923736039552e-01,8.110441026389352270e-01,8.222948923107933350e-01,8.333754885836281989e-01,8.442593130137905355e-01,8.549182862353195134e-01,8.653231026344994081e-01,8.754435785586414109e-01,8.852490757360366169e-01,8.947089991185908087e-01,9.037933653398662059e-01,9.124734345074235753e-01,9.207223943821596368e-01,9.285160827766217873e-01,9.358337328189283433e-01,9.426587287352163891e-01,9.489793786554523436e-01,9.547897757705660071e-01,9.600910623655830589e-01,9.648946404693283796e-01,9.692412140792735498e-01,9.733161511657916209e-01,9.765721415341402922e-01,9.793464673188705394e-01,9.816988726979664071e-01,9.836696630981138778e-01,9.852946547791500143e-01,9.866071388339896497e-01,9.876376404714327650e-01,9.884130713636023469e-01,9.889557404470223911e-01,9.892824282673068348e-01,9.894036424312304678e-01,9.893231285249254325e-01,9.890376800914005839e-01,9.885372637051244027e-01,9.878054479264560817e-01,9.868200963991252683e-01,9.855542523409355216e-01,9.839770937891222369e-01,9.820547401270650623e-01,9.797503942591789805e-01,9.770220079257718737e-01,9.738050328262124467e-01,9.697610394716303928e-01,9.654878678004794601e-01,9.607544941039969366e-01,9.555190487191367321e-01,9.497688821890070132e-01,9.435017275977304330e-01,9.367225513913984836e-01,9.294423233985148469e-01,9.216771738993246865e-01,9.134476259189751035e-01,9.047778330360392030e-01,8.956948179821326850e-01,8.862277265365661183e-01,8.764071143231545458e-01,8.662642829295645885e-01,8.558306783758180547e-01,8.451373609944999865e-01,8.342145519425732125e-01,8.230912581511199422e-01,8.117949746713977177e-01,8.003514611351438823e-01,7.887845873979345557e-01,7.771162423290195465e-01,7.653662990823081325e-01,7.535526299572621323e-01,7.416911640585238663e-01,7.297959813156542630e-01,7.178794369622035765e-01,7.059523112356648200e-01,6.940239797960163770e-01,6.821026011270792111e-01,6.701953179483622902e-01,6.583084703979780183e-01,6.464478194301593872e-01,6.346187794884710076e-01,6.228266600568465039e-01,6.110769161467317634e-01,5.993754081413021906e-01,5.877286716798539867e-01,5.761441984166921770e-01,5.646307285183278513e-01,5.531985556539593674e-01,5.418598449698428521e-01,5.306289640930811347e-01,5.195228265586203653e-01,5.085612461629157588e-01,4.977672995855235150e-01,4.871676931529891896e-01,4.767931278172316545e-01,4.666786542621638723e-01,4.568640075317850213e-01
7.189393939393939892e-01,4.076738442619179947e-01,4.161836963083084817e-01,4.251143118227644901e-01,4.344207686012194758e-01,4.440627257338632949e-01,4.540042411737385541e-01,4.642135443162598296e-01,4.746627765136022248e-01,4.853277100743225714e-01,4.961874541193708743e-01,5.072241537183592719e-01,5.184226870306402057e-01,5.297703637229472795e-01,5.412566267171913248e-01,5.528727583219065211e-01,5.646115909978318692e-01,5.764672223847575605e-01,5.884347337546897982e-01,6.005099107436326911e-01,6.126889650411161403e-01,6.249682556803370925e-01,6.373440086727194531e-01,6.498120339766098041e-01,6.623674391906874126e-01,6.750043399349431317e-01,6.877155676420942942e-01,7.004923764494515037e-01,7.133241520701505411e-01,7.261981269418796847e-01,7.390991075983950331e-01,7.520092220592814458e-01,7.649076970382120422e-01,7.777706768411890570e-01,7.905710978329018035e-01,8.032786341071925795e-01,8.158597312675585078e-01,8.282777457162738832e-01,8.404932062392960201e-01,8.524642126240898898e-01,8.641469822608269791e-01,8.754965499566060849e-01,8.864676185220494720e-01,8.970155483462352031e-01,9.070974638748603436e-01,9.166734450676902179e-01,9.257077652976247739e-01,9.341701399963965313e-01,9.420369791058964548e-01,9.492927485379684116e-01,9.559320254482780443e-01,9.619658074326957742e-01,9.675247923559706642e-01,9.724407319519485782e-01,9.765158397231284981e-01,9.800087518212169391e-01,9.829710427963712638e-01,9.854439766370818310e-01,9.874652498662422895e-01,9.890695127911248719e-01,9.902875108221295131e-01,9.911448843691876842e-01,9.916610015715242588e-01,9.918480104850977419e-01,9.917102189418204317e-01,9.912438623241368596e-01,9.904372804640949601e-01,9.892714875872743452e-01,9.877210794401921623e-01,9.857553720063115810e-01,9.833395839353055168e-01,9.804356765564108400e-01,9.770017591164872339e-01,9.729848878931461886e-01,9.681122423165037238e-01,9.626421676688027285e-01,9.566943063705775074e-01,9.501380088015318748e-01,9.429608397559593458e-01,9.351667701412836875e-01,9.267700026764513765e-01,9.177929834160971634e-01,9.082650839796776454e-01,8.982213763041561050e-01,8.877013963797176777e-01,8.767479051095219411e-01,8.654056836269720110e-01,8.537204037646225485e-01,8.417376080947764905e-01,8.295018242363557670e-01,8.170558277180761664e-01,8.044400580679879065e-01,7.916921847363070919e-01,7.788468132864609927e-01,7.659353180452943555e-01,7.529857849288206229e-01,7.400230471845928859e-01,7.270687969937535966e-01,7.141417569333439186e-01,7.012578969174936283e-01,6.884306841665982502e-01,6.756713558003871745e-01,6.629892056694397517e-01,6.503918789313721804e-01,6.378856695817376465e-01,6.254758176350478927e-01,6.131668039069299025e-01,6.009626413798727640e-01,5.888671629540070951e-01,5.768843060080791618e-01,5.650183946410892721e-01,5.532744207477885423e-01,5.416583252132857185e-01,5.301772805013174050e-01,5.188399757598277651e-01,5.076569052750764532e-01,4.966406606634513610e-01,4.858062265877332586e-01,4.751712790064309688e-01,4.647564839931202507e-01,4.545857939794638036e-01,4.446867368644514817e-01,4.350906917821775188e-01,4.258331434297897289e-01,4.169539047408415966e-01,4.084972953830747211e-01
7.227272727272727737e-01,3.688778671752624971e-01,3.755662380686568547e-01,3.827807933935692963e-01,3.904760876826493532e-01,3.986105241107997799e-01,4.071463528676453891e-01,4.160496107830382040e-01,4.252900138464618673e-01,4.348408127148636337e-01,4.446786197425574017e-01,4.547832145479761001e-01,4.651373336956407534e-01,4.757264487412218856e-01,4.865385356739983513e-01,4.975638376997807977e-01,5.087946223360571008e-01,5.202249329363795027e-01,5.318503340198942331e-01,5.436676491515621823e-01,5.556746896017115134e-01,5.678699716177205703e-01,5.802524198797416322e-01,5.928210546098844347e-01,6.055746598920218604e-01,6.185114310798952575e-01,6.316285997760081594e-01,6.449220358134879483e-01,6.583858270322061612e-01,6.720118394738747725e-01,6.857892629822283093e-01,6.997041501168574928e-01,7.137389597650886097e-01,7.278721208000572540e-01,7.420776354355150817e-01,7.563247463164783913e-01,7.705776954821873526e-01,7.847956066364746297e-01,7.989325240329313571e-01,8.129376410150854770e-01,8.267557481202719716e-01,8.403279240291987584e-01,8.535924821299369913e-01,8.664861710922105997e-01,8.789456102585908592e-01,8.909089213647300998e-01,9.023174998874057273e-01,9.131178572912049818e-01,9.232634705551032717e-01,9.327166286122750005e-01,9.414504876388217758e-01,9.494526175277404612e-01,9.567405763056205936e-01,9.635719799107952399e-01,9.692269774572864760e-01,9.740931691770092771e-01,9.782533272732016894e-01,9.817555298409696984e-01,9.846410869910293684e-01,9.869477120712673024e-01,9.887090687273468737e-01,9.899534476407189088e-01,9.907023476064832357e-01,9.909692895501365228e-01,9.907590363911037423e-01,9.900673100155784612e-01,9.888810363420278415e-01,9.871790938799378523e-01,9.849334807566695327e-01,9.821107334546413936e-01,9.786732752538802593e-01,9.745799277853783860e-01,9.697828364032340387e-01,9.641994686935324577e-01,9.574551056276173755e-01,9.502644785409875006e-01,9.423580126713718697e-01,9.337168100119918046e-01,9.243516674761703689e-01,9.142878195737379476e-01,9.035614992471502349e-01,8.922179508137852988e-01,8.803096319974752504e-01,8.678943961771035109e-01,8.550336659237784964e-01,8.417906623481165029e-01,8.282287605959725019e-01,8.144100304692090120e-01,8.003940033775792662e-01,7.862366877056518044e-01,7.719898370065427784e-01,7.577004607728703434e-01,7.434105565949099548e-01,7.291570353897567358e-01,7.149718077416605810e-01,7.008819986492386134e-01,6.869102594347114010e-01,6.730751485391306410e-01,6.593915567813503076e-01,6.458711568856942975e-01,6.325228612963452735e-01,6.193532762288102012e-01,6.063671433977256831e-01,5.935677638258229916e-01,5.809574005629856153e-01,5.685376590491503235e-01,5.563098452883428191e-01,5.442753030215812249e-01,5.324357317569413661e-01,5.207934878927994449e-01,5.093518713076075066e-01,4.981153997284883950e-01,4.870900729648233729e-01,4.762836287260670542e-01,4.657057912513190012e-01,4.553685133709761690e-01,4.452862119018307085e-01,4.354759954467058436e-01,4.259578827257650135e-01,4.167550085073877253e-01,4.078938130322427025e-01,3.994042095396329040e-01,3.913197231233568330e-01,3.836775926882357579e-01,3.765188262865220015e-01,3.698881986410891276e-01
7.265151515151515582e-01,3.413606932800887783e-01,3.458858503159991105e-01,3.510127127887899268e-01,3.566996972497630813e-01,3.629078907837645085e-01,3.696012173830393599e-01,3.767465462825125844e-01,3.843137495356518940e-01,3.922757157638493974e-01,4.006083264861003967e-01,4.092904007718852211e-01,4.183036131985882755e-01,4.276323892657811210e-01,4.372637815504765713e-01,4.471873289985520139e-01,4.573949008551209117e-01,4.678805258508288434e-01,4.786402063928114625e-01,4.896717166669306009e-01,5.009743827528982951e-01,5.125488421019774865e-01,5.243967790492539693e-01,5.365206324610216626e-01,5.489232711962959144e-01,5.616076328487903391e-01,5.745763213086828580e-01,5.878311591359443034e-01,6.013726916839210457e-01,6.151996414793796664e-01,6.293083136907808850e-01,6.436919567295348310e-01,6.583400862360692107e-01,6.732377859571535561e-01,6.883650052887638759e-01,7.036958803751733882e-01,7.191981132796930742e-01,7.348324513173632999e-01,7.505523153637826406e-01,7.663036307821284865e-01,7.820249163054469044e-01,7.976476834492487455e-01,8.130971905870886252e-01,8.282935808303270031e-01,8.431534111306124846e-01,8.575915524502335519e-01,8.715234098431032805e-01,8.848673815831377132e-01,8.975474571122210588e-01,9.094958651057949428e-01,9.206557888579612881e-01,9.309846475609948602e-01,9.404612694246087257e-01,9.491484312974457493e-01,9.571024036222300913e-01,9.636989187761392239e-01,9.693704034823261706e-01,9.741786262956322329e-01,9.781673211308486993e-01,9.813750433977945775e-01,9.838363484158639816e-01,9.855806195833063388e-01,9.866304201634841231e-01,9.870000225331299060e-01,9.866944221648683566e-01,9.857089894207200498e-01,9.840298095012277590e-01,9.816346695940090239e-01,9.784945510765936660e-01,9.745753355978731269e-01,9.698391039757352505e-01,9.642432497526961521e-01,9.577285248942539742e-01,9.498774483696535986e-01,9.412967218077373799e-01,9.319249294619278423e-01,9.216989543801227258e-01,9.106383121006633719e-01,8.987838118780323571e-01,8.861905643027173651e-01,8.729247944245874802e-01,8.590611931520580891e-01,8.446803170814548567e-01,8.298660208566730478e-01,8.147030112613826702e-01,7.992746243934856221e-01,7.836609087453203504e-01,7.679370679870216598e-01,7.521722866433105947e-01,7.364289343740629823e-01,7.207621226738374354e-01,7.052195724427750001e-01,6.898417419434207387e-01,6.746621613482773894e-01,6.597079212371459445e-01,6.450002667415406510e-01,6.305552553455392450e-01,6.163844436056932219e-01,6.024955754470403546e-01,5.888932516614012735e-01,5.755795664261451616e-01,5.625547018965399992e-01,5.498174761540102207e-01,5.373658430563865718e-01,5.251973449287224982e-01,5.133095206764900498e-01,5.017002729254250726e-01,4.903681983180289139e-01,4.793128852350050928e-01,4.685351830558659447e-01,4.580374467003682781e-01,4.478237596631754469e-01,4.379001381110004809e-01,4.282747178884843686e-01,4.189579254997127244e-01,4.099626333128805755e-01,4.013042983901087268e-01,3.930010834829722466e-01,3.850739578688774922e-01,3.775467748473777529e-01,3.704463218854446294e-01,3.638023386185434971e-01,3.576474972068782732e-01,3.520173389453516988e-01,3.469501605694433333e-01,3.424868434279056406e-01
7.303030303030303427e-01,3.253943468224977376e-01,3.275598753168806332e-01,3.303672525401959992e-01,3.337823659716849245e-01,3.377723342561713693e-01,3.423058056557739537e-01,3.473532115059536629e-01,3.528869759106992299e-01,3.588816838064873282e-01,3.653142101500387318e-01,3.721638133477719879e-01,3.794121961641302998e-01,3.870435372479659186e-01,3.950444961289107937e-01,4.034041940872666876e-01,4.121141727164828183e-01,4.211683312987727912e-01,4.305628433206078465e-01,4.402960515810286357e-01,4.503683404070675245e-01,4.607819825023338201e-01,4.715409569360006214e-01,4.826507337561979361e-01,4.941180197209358860e-01,5.059504587331824510e-01,5.181562798174234041e-01,5.307438849806451753e-01,5.437213691887178291e-01,5.570959651216954578e-01,5.708734065430042248e-01,5.850572062544860952e-01,5.996478479575386711e-01,6.146418961468049780e-01,6.300310346409370155e-01,6.458010526385339345e-01,6.619308072663401266e-01,6.783912032249067581e-01,6.951442427862947193e-01,7.121422121126359528e-01,7.293270812366230427e-01,7.466302032099325636e-01,7.639724006400736567e-01,7.812645227081844723e-01,7.984085406319803013e-01,8.152992230587624567e-01,8.318263952696510755e-01,8.478777401999870733e-01,8.633420523812402880e-01,8.781128241330988793e-01,8.920920681794548557e-01,9.051945073545627496e-01,9.173534454125488180e-01,9.285390174562628829e-01,9.391352685590835803e-01,9.480332629187235849e-01,9.556881038224785962e-01,9.622201459162034176e-01,9.676754737881225754e-01,9.720891761740247938e-01,9.754923212278597822e-01,9.779118466340291915e-01,9.793688746825510716e-01,9.798769451823536869e-01,9.794407757705317907e-01,9.780558332628827012e-01,9.757088064388030890e-01,9.723789057399125912e-01,9.680397283697041999e-01,9.626611225692859319e-01,9.562096762901398650e-01,9.486427906079374361e-01,9.398511983063949637e-01,9.293906500685151784e-01,9.183172228938073500e-01,9.062687751076916598e-01,8.932737255758974593e-01,8.793969325413976135e-01,8.647218301266956786e-01,8.493446919724992883e-01,8.333705255184510330e-01,8.169093087188579183e-01,8.000724430768395568e-01,7.829695199825844609e-01,7.657055222672490835e-01,7.483785518905092804e-01,7.310781285169918320e-01,7.138840583190447786e-01,6.968658348717936546e-01,6.800825073679598320e-01,6.635829358737114214e-01,6.474063477044543768e-01,6.315831111420230348e-01,6.161356503122120687e-01,6.010794358991514708e-01,5.864239986501785795e-01,5.721739249297781438e-01,5.583298049672325014e-01,5.448891143542330395e-01,5.318470175383093190e-01,5.191970885004979497e-01,5.069319486207103376e-01,4.950438251224790753e-01,4.835250356853549314e-01,4.723684060546602947e-01,4.615676279843610730e-01,4.511175648084786438e-01,4.410145115090463586e-01,4.312564154587754106e-01,4.218430631623695248e-01,4.127762373735266443e-01,4.040598479783757968e-01,3.957000390480178709e-01,3.877052735003879702e-01,3.800863958952284682e-01,3.728566730325905687e-01,3.660318112514451827e-01,3.596299486478084506e-01,3.536716198714291992e-01,3.481796907402993080e-01,3.431792596590063082e-01,3.386975227700012581e-01,3.347635999346598723e-01,3.314083190600762840e-01,3.286639569764288060e-01,3.265639360341426878e-01
7.340909090909091272e-01,3.201015159106492258e-01,3.198477029958905482e-01,3.202431655729086057e-01,3.212633673371230181e-01,3.228834935920568139e-01,3.250788426965102174e-01,3.278251906962877382e-01,3.310991245979824638e-01,3.348783416309101257e-01,3.391419134304039518e-01,3.438705153371496848e-01,3.490466219438647100e-01,3.546546706468364230e-01,3.606811952995337411e-01,3.671149321471252613e-01,3.739469000716522662e-01,3.811704568241798818e-01,3.887813323841566859e-01,3.967776398847887021e-01,4.051598636895822891e-01,4.139308232092995254e-01,4.230956099182005548e-01,4.326614937721529608e-01,4.426377938625051245e-01,4.530357066786578346e-01,4.638680838345312640e-01,4.751491495945164845e-01,4.868941470972302232e-01,4.991189009414815914e-01,5.118392829391085197e-01,5.250705675814197892e-01,5.388266644059017674e-01,5.531192163545523011e-01,5.679565568203605030e-01,5.833425238688091374e-01,5.992751385955468191e-01,6.157451661781470076e-01,6.327345931795259615e-01,6.502150730280770174e-01,6.681464128058780538e-01,6.864751972742613173e-01,7.051336683089753921e-01,7.240389964249088761e-01,7.430930917077959164e-01,7.621830994986892316e-01,7.811827070683201590e-01,7.999543483666066157e-01,8.183523358003990111e-01,8.362268802797544476e-01,8.534289124443542596e-01,8.698156795995120039e-01,8.852576368059852374e-01,8.996505772865466266e-01,9.129839594088559052e-01,9.255230436787835746e-01,9.358933801786918361e-01,9.447921722812295808e-01,9.522794595623659264e-01,9.583789698974917171e-01,9.631085862616047821e-01,9.664844642004146724e-01,9.685201559551211981e-01,9.692247594065871441e-01,9.686014525954790289e-01,9.666469932223330508e-01,9.633523611184156010e-01,9.587043955154442854e-01,9.526878972901260401e-01,9.452869567545539864e-01,9.364819044920913438e-01,9.262228809669503793e-01,9.138612086523806299e-01,9.006483109213072602e-01,8.863726922408146081e-01,8.710445190152152906e-01,8.547661958524367387e-01,8.376653600477623751e-01,8.198829772184688114e-01,8.015665560500134790e-01,7.828646168214133949e-01,7.639219098061323932e-01,7.448754131793549060e-01,7.258512001682917436e-01,7.069622171383900255e-01,6.883069470689722191e-01,6.699688749759250550e-01,6.520166326116194622e-01,6.345046803244567268e-01,6.174743814743549608e-01,6.009553348402856265e-01,5.849668483577630251e-01,5.695194592062479133e-01,5.546164275835198110e-01,5.402551523215358698e-01,5.264284745725860137e-01,5.131258505879747744e-01,5.003343860787976549e-01,4.880397330535790612e-01,4.762268557984421502e-01,4.648806762848814444e-01,4.539866112345868898e-01,4.435310137643345696e-01,4.335015323385397190e-01,4.238873989612692017e-01,4.146796573692756449e-01,4.058713406087874342e-01,3.974576059128921979e-01,3.894358333252675997e-01,3.818056930955914252e-01,3.745691855371524048e-01,3.677306558093880740e-01,3.612967849813166210e-01,3.552765577557869814e-01,3.496812063980978547e-01,3.445241297268621938e-01,3.398207855046036507e-01,3.355885542283855716e-01,3.318465721906125321e-01,3.286155317834532075e-01,3.259174473863145072e-01,3.237753858334556645e-01,3.222131614326865789e-01,3.212549968114555288e-01,3.209251525035585750e-01,3.212475301344404066e-01
7.378787878787879118e-01,3.238282340550284188e-01,3.212001206629883088e-01,3.192047965888569205e-01,3.178276608808672243e-01,3.170524244204217523e-01,3.168615629495933339e-01,3.172367585919482758e-01,3.181593215346697479e-01,3.196105859466580879e-01,3.215722763204367229e-01,3.240268422147434824e-01,3.269577608304069516e-01,3.303498079818191768e-01,3.341892988473841308e-01,3.384643004179485049e-01,3.431648178382832870e-01,3.482829568770825501e-01,3.538130645873970304e-01,3.597518498482252247e-01,3.660984849201695535e-01,3.728546884079516066e-01,3.800247890990166022e-01,3.876157690325671701e-01,3.956372828358155069e-01,4.041016488285615327e-01,4.130238056289048387e-01,4.224212259803810099e-01,4.323137772625788022e-01,4.427235156597473797e-01,4.536743982907378570e-01,4.651918948387089858e-01,4.773024775162250655e-01,4.900329658047403170e-01,5.034097006829475474e-01,5.174575225214370633e-01,5.321985281715475580e-01,5.476505869137713312e-01,5.638256029502107802e-01,5.807275252660938358e-01,5.983501251998213366e-01,6.166745889879845510e-01,6.356670073455890080e-01,6.552758861661116541e-01,6.754298493436617923e-01,6.960357518962826395e-01,7.169774617442549181e-01,7.381155921175910350e-01,7.592884634779871744e-01,7.803145375558391272e-01,8.009965040213211651e-01,8.211271632418972732e-01,8.404974499564296098e-01,8.589084714479853222e-01,8.762018224290195612e-01,8.930307730695186130e-01,9.073844890068012425e-01,9.196785502195691242e-01,9.301131991269875332e-01,9.386894310583393519e-01,9.453896885780378456e-01,9.501985674124199255e-01,9.531060976015082176e-01,9.541070337923105438e-01,9.531996380669299773e-01,9.503852601655087273e-01,9.456690961881042412e-01,9.390618056474536735e-01,9.305808039082562599e-01,9.202481134920080796e-01,9.080729584644992025e-01,8.938941666268286346e-01,8.772668698629358941e-01,8.600992479384647060e-01,8.418083121979305083e-01,8.225509740725253094e-01,8.025242558957070838e-01,7.819354906852610254e-01,7.609904300070379213e-01,7.398852833177654853e-01,7.188008600338230414e-01,6.978984823824306849e-01,6.773175321660838133e-01,6.571744560456623807e-01,6.375629913253753056e-01,6.185553374223400347e-01,6.002039944722676879e-01,5.825440134142432225e-01,5.655954413396417912e-01,5.493657923972128376e-01,5.338524208968824514e-01,5.190447148303565239e-01,5.049260624869192915e-01,4.914755715374119482e-01,4.786695393253596609e-01,4.664826861599719598e-01,4.548891713892903588e-01,4.438634161668288947e-01,4.333807581961271471e-01,4.234179632366437684e-01,4.139536164738090163e-01,4.049684145082466102e-01,3.964453760658225856e-01,3.883699868141361478e-01,3.807302910460066969e-01,3.735169405455901481e-01,3.667232087332347179e-01,3.603449762070661810e-01,3.543806920607944777e-01,3.488313138475351294e-01,3.437002277636647118e-01,3.389931495305900655e-01,3.347180055442752211e-01,3.308847931358067651e-01,3.275054182403057124e-01,3.245935084114179303e-01,3.221641989557441077e-01,3.202338900136988964e-01,3.188199727017336782e-01,3.179405229813135891e-01,3.176139627582287850e-01,3.178586888657746190e-01,3.186926720649725930e-01,3.201330300117128380e-01,3.221955802857973672e-01,3.248943820194974963e-01
7.416666666666666963e-01,3.344540362821901702e-01,3.295748885583351662e-01,3.252995830396744892e-01,3.216221826416328922e-01,3.185339095559323042e-01,3.160236323255850577e-01,3.140783494008749788e-01,3.126836598697568803e-01,3.118242143635112651e-01,3.114841412204753524e-01,3.116474448212073201e-01,3.122983745748726392e-01,3.134217643379966223e-01,3.150033430910790799e-01,3.170300184994895853e-01,3.194901355609292004e-01,3.223737129105503918e-01,3.256726595353938714e-01,3.293809746568925889e-01,3.334949333854134168e-01,3.380132604395726381e-01,3.429372937545274169e-01,3.482711391687953739e-01,3.540218165603616907e-01,3.601993967730425794e-01,3.668171273934656695e-01,3.738915438586702389e-01,3.814425604301348582e-01,3.894935331887359187e-01,3.980712843014011515e-01,4.072060732952035300e-01,4.169314968620282946e-01,4.272842937403741881e-01,4.383040254589394835e-01,4.500325972413259379e-01,4.625135763655137122e-01,4.757912581710179722e-01,4.899094234614067567e-01,5.049097264664388351e-01,5.208296516111359242e-01,5.376999826131889648e-01,5.555417422048225529e-01,5.743625890380922305e-01,5.941527043809488040e-01,6.148802688402353889e-01,6.364867205090798397e-01,6.588820988835089043e-01,6.819409062515410236e-01,7.054990463384522847e-01,7.293525128372049249e-01,7.532585990700565448e-01,7.769405784993544950e-01,8.000976195520187462e-01,8.224268628438483608e-01,8.437286848238059189e-01,8.648798373950030705e-01,8.822971322325006138e-01,8.972217220071171395e-01,9.096445610507700730e-01,9.194606031434107152e-01,9.265673148667733505e-01,9.308859970642933135e-01,9.323680616345885186e-01,9.309968591252347769e-01,9.267882612427976730e-01,9.197908529953524592e-01,9.100850141231699997e-01,8.977780208067740464e-01,8.829858344375681733e-01,8.657473837317222198e-01,8.449294695425544344e-01,8.237669789222247241e-01,8.015653975825329791e-01,7.785245597272346663e-01,7.549458081344174731e-01,7.311286055608221535e-01,7.073487083533929187e-01,6.838482925661385492e-01,6.608312517737604530e-01,6.384619399899719161e-01,6.168664249431274893e-01,5.961354885486863653e-01,5.763287068012202807e-01,5.574790521486708839e-01,5.395975881051050527e-01,5.226779522570159653e-01,5.067004361380488264e-01,4.916355612370453265e-01,4.774471178492941115e-01,4.640946794706847789e-01,4.515356337174677992e-01,4.397267855885578780e-01,4.286255942392645513e-01,4.181911035960141354e-01,4.083846226306535043e-01,3.991702047290593969e-01,3.905149685393773384e-01,3.823892957219246491e-01,3.747669345717287714e-01,3.676250327517870953e-01,3.609441174232163596e-01,3.547080368679580986e-01,3.489038742043645280e-01,3.435218409110099014e-01,3.385551555095839271e-01,3.339999108300743536e-01,3.298549317156628247e-01,3.261216237583450250e-01,3.228038126388239060e-01,3.199075728370661675e-01,3.174410438555894665e-01,3.154142316382345657e-01,3.138387925646420884e-01,3.127277972536519624e-01,3.120954714237056948e-01,3.119569112462238225e-01,3.123277710046980515e-01,3.132239214561428620e-01,3.146610781015787839e-01,3.166543996262018990e-01,3.192180580822115976e-01,3.223647839655273684e-01,3.261053911810974371e-01,3.304482889876354523e-01,3.353989903348810753e-01
7.454545454545454808e-01,3.498177101447593751e-01,3.428621489067562589e-01,3.364796822301250878e-01,3.306706003320812326e-01,3.254315951646997718e-01,3.207562461031250867e-01,3.166355044116954676e-01,3.130581684611325466e-01,3.100113433409510955e-01,3.074808800991253310e-01,3.054517913153956266e-01,3.039086410511713243e-01,3.028359084031863047e-01,3.022183249116585646e-01,3.020411869365972057e-01,3.022906448231219012e-01,3.029539712376946303e-01,3.040198114836718535e-01,3.054784189099398750e-01,3.073218787235209581e-01,3.095443236159571287e-01,3.121421446235779218e-01,3.151142005655832579e-01,3.184620292397375985e-01,3.221900632933562547e-01,3.263058533071143685e-01,3.308203000984512032e-01,3.357478975206865113e-01,3.411069860330386838e-01,3.469200159474828404e-01,3.532138173881373966e-01,3.600198714512903297e-01,3.673745735994239925e-01,3.753194756678333022e-01,3.839014866430675021e-01,3.931730041512345175e-01,4.031919378712869872e-01,4.140215723307311135e-01,4.257301992621335684e-01,4.383904285834290260e-01,4.520780622137824389e-01,4.668703872261033561e-01,4.828437164820235661e-01,5.000699802118728776e-01,5.186121583711048588e-01,5.385183525253737225e-01,5.598143439377221142e-01,5.824945930069853617e-01,6.065118298057926571e-01,6.317656937749669410e-01,6.580913341167570207e-01,6.852495466131767188e-01,7.129211815785286843e-01,7.407119010939169357e-01,7.681939592389386284e-01,7.968618293957763221e-01,8.227191444946293508e-01,8.447520779063650842e-01,8.634468763146770920e-01,8.785019826854626457e-01,8.895703036056128443e-01,8.963637410291045438e-01,8.986954044504236183e-01,8.965003090539025443e-01,8.898423740160783524e-01,8.789092800671969297e-01,8.639939436703437670e-01,8.454558665008672369e-01,8.236268814058291809e-01,7.981576095596820686e-01,7.698303343592834969e-01,7.424839395262294861e-01,7.148079844091382862e-01,6.872303119228233559e-01,6.601452046347932034e-01,6.338722527741074142e-01,6.086515791386015728e-01,5.846493068331873877e-01,5.619672930959972446e-01,5.406544210262389516e-01,5.207178789062227864e-01,5.021335134574936854e-01,4.848547942805848665e-01,4.688202346422494227e-01,4.539593089401241510e-01,4.401970165590065598e-01,4.274572906900628300e-01,4.156654604194109370e-01,4.047499614100633081e-01,3.946434662961949558e-01,3.852835778882531259e-01,3.766132007970464102e-01,3.685806823671859966e-01,3.611397927692119314e-01,3.542495968526764849e-01,3.478742566116880819e-01,3.419827923825209948e-01,3.365488226548239981e-01,3.315502961396172843e-01,3.269692250632907360e-01,3.227914251856557337e-01,3.190062654791811503e-01,3.156064285267650149e-01,3.125876813200312299e-01,3.099486551361383402e-01,3.076906324402631787e-01,3.058173382319643308e-01,3.043347328769012150e-01,3.032508032078446991e-01,3.025753485201039816e-01,3.023197580164138087e-01,3.024967762722400866e-01,3.031202533980460467e-01,3.042048767781977969e-01,3.057658815777886119e-01,3.078187376415049692e-01,3.103788109759761937e-01,3.134609987202454096e-01,3.170793373782707647e-01,3.212465851167246034e-01,3.259737801209436348e-01,3.312697783435080146e-01,3.371407754577387950e-01,3.435898194187820276e-01,3.506163217060417336e-01
7.492424242424242653e-01,3.679922815642173162e-01,3.591704937380850726e-01,3.508965785330712128e-01,3.431741151755124952e-01,3.360028135497700186e-01,3.293789484493799269e-01,3.232957956063567395e-01,3.177440632203856197e-01,3.127123136031684791e-01,3.081873705234108862e-01,3.041547088400590737e-01,3.005988240031759462e-01,2.975035799528484848e-01,2.948525348312593386e-01,2.926292447270594232e-01,2.908175463855976473e-01,2.894018204424004814e-01,2.883672372740202494e-01,2.876999880185990843e-01,2.873875037092549767e-01,2.874186658004112549e-01,2.877840116652393143e-01,2.884759389169518351e-01,2.894889126725795903e-01,2.908196801495776529e-01,2.924674972751306057e-01,2.944343723037830540e-01,2.967253317858147277e-01,2.993487146012049349e-01,3.023165001575092159e-01,3.056446772098407871e-01,3.093536600372719936e-01,3.134687588023049032e-01,3.180207106694720731e-01,3.230462774219606814e-01,3.285889135220682045e-01,3.346995052666125736e-01,3.414371760918807341e-01,3.488701440333636938e-01,3.570766032093121711e-01,3.661455797023708270e-01,3.761776802789887353e-01,3.872856059717477706e-01,3.995942366333699036e-01,4.132400014029125046e-01,4.283691280492742948e-01,4.451342081275183604e-01,4.636883281863816708e-01,4.841758178049161421e-01,5.067184989300675957e-01,5.313962839189104725e-01,5.582212469573143432e-01,5.871052534762664088e-01,6.178238305824805821e-01,6.499877365573130117e-01,6.831063200705924654e-01,7.220639007198251802e-01,7.550022740059781912e-01,7.836137559140319286e-01,8.073967050500796550e-01,8.253701486015948552e-01,8.366153586261056985e-01,8.404956421063124461e-01,8.367837937775949309e-01,8.257074138239123284e-01,8.079083070265252742e-01,7.843205628900160598e-01,7.559613683478918489e-01,7.234360088608626782e-01,6.853216356255995567e-01,6.523368092219866687e-01,6.202663686339374705e-01,5.896073967788668657e-01,5.607528824990257732e-01,5.339311536971861338e-01,5.092342613876629231e-01,4.866538704916040237e-01,4.661134604159105077e-01,4.474941739275390407e-01,4.306542076242116934e-01,4.154425929299602194e-01,4.017084991828240859e-01,3.893071601255694847e-01,3.781033645355884043e-01,3.679732563888399310e-01,3.588050059232029687e-01,3.504987585149830775e-01,3.429661471378558923e-01,3.361295633689594387e-01,3.299213160755027352e-01,3.242827604397123809e-01,3.191634479133348412e-01,3.145203260431203018e-01,3.103170028185618934e-01,3.065230810037090081e-01,3.031135621966599691e-01,3.000683169632230030e-01,2.973716155147065332e-01,2.950117124950712988e-01,2.929804791392480734e-01,2.912730761159259552e-01,2.898876606135446510e-01,2.888251215661235549e-01,2.880888372832522415e-01,2.876844501118182573e-01,2.876196530978142318e-01,2.879039839308248916e-01,2.885486217437521761e-01,2.895661826146823659e-01,2.909705098877739537e-01,2.927764557096769193e-01,2.949996504816431719e-01,2.976562572708522647e-01,3.007627086214850753e-01,3.043354236710294480e-01,3.083905040204645842e-01,3.129434074373855235e-01,3.180085991918649158e-01,3.235991816345529237e-01,3.297265035169065772e-01,3.363997515085102585e-01,3.436255273617982442e-01,3.514074151776637178e-01,3.597455441951679100e-01,3.686361534176891830e-01
7.530303030303030498e-01,3.874434564764259181e-01,3.769891368686786315e-01,3.670661109052655857e-01,3.576785458215481772e-01,3.488269538012544468e-01,3.405085196510623802e-01,3.327174400892366490e-01,3.254452687508916919e-01,3.186812614947520106e-01,3.124127172259775764e-01,3.066253101779621293e-01,3.013034103793948981e-01,2.964303898345487798e-01,2.919889127347588542e-01,2.879612087758858796e-01,2.843293293649494791e-01,2.810753871520991765e-01,2.781817799195833163e-01,2.756314004021202524e-01,2.734078341118275080e-01,2.714955477092953484e-01,2.698800709177433532e-01,2.685481754410703470e-01,2.674880548434832028e-01,2.666895099076129205e-01,2.661441446432420421e-01,2.658455789077905917e-01,2.657896845680260967e-01,2.659748533294182260e-01,2.664023058442274716e-01,2.670764535446830679e-01,2.680053269026478890e-01,2.692010865603595704e-01,2.706806370669649353e-01,2.724663668219249324e-01,2.745870422388153598e-01,2.770788889476642480e-01,2.799868976824215761e-01,2.833663965974061449e-01,2.872849337205509168e-01,2.918245106023598656e-01,2.970841967404221351e-01,3.031831270929911115e-01,3.102638308070464479e-01,3.184957409234241976e-01,3.280785666165584313e-01,3.392449353480440077e-01,3.522612854660155390e-01,3.674253584490519975e-01,3.850577647909868007e-01,4.054839898709343138e-01,4.290019900994299085e-01,4.558294839346083704e-01,4.860243511937848426e-01,5.193690888215738433e-01,5.551803936656626304e-01,5.949392498437962029e-01,6.432184522821341455e-01,6.833817493382549069e-01,7.173599602895390781e-01,7.435185597379493361e-01,7.600943191436139168e-01,7.658151754599464844e-01,7.602249322335878912e-01,7.437960082604437861e-01,7.178259623429912306e-01,6.841257321110499889e-01,6.444362366471410031e-01,5.973834478703579087e-01,5.582501552488035035e-01,5.225002459577554603e-01,4.891679044508406848e-01,4.589441958124652055e-01,4.320547951294122502e-01,4.084497905392314721e-01,3.879185435821120853e-01,3.701689621862965796e-01,3.548801653537674849e-01,3.417350070240938731e-01,3.304382613402129798e-01,3.207252606162014352e-01,3.123645889366926665e-01,3.051573448167503866e-01,2.989346215178799726e-01,2.935542274007539865e-01,2.888972438227115358e-01,2.848647442033752086e-01,2.813748291832483539e-01,2.783600336611161685e-01,2.757651065041682448e-01,2.735451357407582829e-01,2.716639799714433701e-01,2.700929636137039958e-01,2.688097951959820819e-01,2.677976717390906369e-01,2.670445368852616963e-01,2.665424650880635626e-01,2.662871484759714580e-01,2.662774667872466750e-01,2.665151240042942793e-01,2.670043380162642199e-01,2.677515718638642239e-01,2.687652969353485632e-01,2.700557799539486381e-01,2.716348867866011929e-01,2.735158970683025381e-01,2.757133244253342497e-01,2.782427377375405464e-01,2.811205794427920623e-01,2.843639773886670330e-01,2.879905472059527960e-01,2.920181826404413816e-01,2.964648317547665668e-01,3.013482574179834339e-01,3.066857810503958448e-01,3.124940091941418863e-01,3.187885431399840597e-01,3.255836725562880063e-01,3.328920548295479787e-01,3.407243826219760741e-01,3.490890429585971066e-01,3.579917719440612878e-01,3.674353099402142830e-01,3.774190626660134940e-01,3.879387741615079044e-01
7.568181818181818343e-01,4.070718818787209536e-01,3.952362129531586388e-01,3.839231571738241922e-01,3.731356592157898389e-01,3.628735849138876590e-01,3.531339084778704063e-01,3.439109276170774221e-01,3.351964996274426900e-01,3.269802920253082057e-01,3.192500419610687090e-01,3.119918193800876316e-01,3.051902896905979712e-01,2.988289725228376326e-01,2.928904939997181156e-01,2.873568307715921866e-01,2.822095448869657019e-01,2.774300093751894680e-01,2.729996252105222898e-01,2.689000311219689743e-01,2.651133085295794278e-01,2.616221847542931633e-01,2.584102386031071341e-01,2.554621135246221697e-01,2.527637448252131880e-01,2.503026090149529370e-01,2.480680053170560284e-01,2.460513818544310116e-01,2.442467221850398995e-01,2.426510118968974450e-01,2.412648101443152504e-01,2.400929576132941057e-01,2.391454607991186088e-01,2.384386030546310764e-01,2.379963460053259039e-01,2.378521009032400213e-01,2.380509682732067922e-01,2.386525650711231183e-01,2.397345794120149809e-01,2.413972090035300666e-01,2.437686412890890664e-01,2.470117033797093464e-01,2.513317171513365644e-01,2.569853875995862236e-01,2.642901492383694095e-01,2.736326785939162121e-01,2.854741045636314811e-01,3.003476839038744517e-01,3.188423767592095670e-01,3.415633058965064639e-01,3.690588421697986732e-01,4.017066810346502370e-01,4.395614995240626488e-01,4.821871985995165311e-01,5.285234903611649715e-01,5.768527951839814705e-01,6.249040612683174345e-01,6.699020688015754343e-01,7.135607207700466192e-01,7.512135085559183967e-01,7.798346778364206866e-01,7.998956257030540584e-01,8.117298393512744070e-01,8.156200355974034810e-01,8.116862890005225317e-01,7.998394111132712814e-01,7.798410541732190282e-01,7.514394864637340410e-01,7.143793392957250576e-01,6.720921783684050688e-01,6.273154846548076868e-01,5.794462141852430026e-01,5.312479966626063588e-01,4.849864797753588030e-01,4.423807271671068020e-01,4.044976147563331681e-01,3.717825348341747826e-01,3.441906957589018212e-01,3.213534601895562948e-01,3.027299812943636259e-01,2.877209509519575437e-01,2.757416509249318581e-01,2.662617672953887515e-01,2.588221155460107004e-01,2.530372363901565169e-01,2.485904063074455828e-01,2.452252935313287696e-01,2.427367343006994194e-01,2.409619305238608067e-01,2.397726530022733782e-01,2.390686296647309972e-01,2.387720893467103478e-01,2.388233374632750816e-01,2.391772087880980890e-01,2.398002434885408152e-01,2.406684479552806122e-01,2.417655223036569989e-01,2.430814569341976095e-01,2.446114190708751357e-01,2.463548659964095722e-01,2.483148347202348005e-01,2.504973683064741774e-01,2.529110474280963916e-01,2.555666022813004590e-01,2.584765851405942394e-01,2.616550878588234652e-01,2.651174917658546404e-01,2.688802398957064188e-01,2.729606234361767747e-01,2.773765758756799871e-01,2.821464696212041545e-01,2.872889109592526302e-01,2.928225301922285917e-01,2.987657646553734669e-01,3.051366331423363554e-01,3.119525010692376643e-01,3.192298365074184852e-01,3.269839580259021883e-01,3.352287761103791563e-01,3.439765307638706915e-01,3.532375287354947990e-01,3.630198846526002110e-01,3.733292711266146258e-01,3.841686836381190129e-01,3.955382266525908075e-01,4.074349279441452643e-01
7.606060606060606188e-01,4.261752812115686684e-01,4.132178673597144969e-01,4.007790387531077192e-01,3.888600559654467048e-01,3.774597957076749610e-01,3.665748178234048971e-01,3.561994726351604967e-01,3.463260421323857141e-01,3.369449087683186739e-01,3.280447461373309226e-01,3.196127264793132139e-01,3.116347407605685182e-01,3.040956279834350351e-01,2.969794113611854414e-01,2.902695400542189552e-01,2.839491363013755820e-01,2.780012490117368951e-01,2.724091162362616281e-01,2.671564404579306329e-01,2.622276823854052807e-01,2.576083809912300127e-01,2.532855100100622203e-01,2.492478841461283345e-01,2.454866320120799861e-01,2.419957575598352395e-01,2.387728177487144499e-01,2.358197517676600408e-01,2.331439066847128816e-01,2.307593163762906852e-01,2.286883054212244248e-01,2.269635076390418282e-01,2.256304100748505181e-01,2.247505566821475231e-01,2.244055693819421160e-01,2.247021623257453304e-01,2.257783275776034104e-01,2.278108375700392541e-01,2.310241072734163792e-01,2.357002297305455796e-01,2.421895523705400732e-01,2.509203684284206370e-01,2.624049959659964237e-01,2.772375631049227573e-01,2.960762324516621469e-01,3.195998742188086994e-01,3.484278102784210684e-01,3.829941709825234741e-01,4.233798961918780468e-01,4.691286591728574540e-01,5.191044382234283328e-01,5.714713501980053234e-01,6.238630327162522082e-01,6.737420738231718609e-01,7.188532135599090545e-01,7.576118895076228155e-01,7.892957538086279312e-01,8.140089632044091861e-01,8.327521632474553792e-01,8.462125826202641088e-01,8.548835022432634823e-01,8.601867689926164795e-01,8.630010550933869817e-01,8.638522722317998337e-01,8.629205279743392687e-01,8.600438862354742309e-01,8.547257696889716261e-01,8.461531434388367412e-01,8.332379650220006484e-01,8.148304666364297733e-01,7.902923655113573975e-01,7.587965762752184595e-01,7.202286167191968014e-01,6.752980383274522769e-01,6.255765099622172531e-01,5.733085909910965450e-01,5.210250127277827881e-01,4.710902489424418360e-01,4.253426420254113882e-01,3.849237175629606766e-01,3.502967865428801564e-01,3.213880442985503350e-01,2.977697806558373128e-01,2.788279703647451035e-01,2.638878408598702152e-01,2.522942433253982375e-01,2.434551743792693346e-01,2.368597576807497940e-01,2.320806418259723225e-01,2.287680694236722267e-01,2.266402984138589094e-01,2.254731079575854891e-01,2.250898208472220940e-01,2.253524809895822434e-01,2.261543772994486501e-01,2.274138749555962569e-01,2.290694115721859658e-01,2.310754821795784619e-01,2.333994386846085234e-01,2.360189471766377389e-01,2.389199695450553163e-01,2.420951590893718197e-01,2.455425807618336898e-01,2.492646845628415098e-01,2.532674753628913478e-01,2.575598343510115407e-01,2.621529568301230184e-01,2.670598786281516701e-01,2.722950693643229059e-01,2.778740755402795415e-01,2.838132001950311456e-01,2.901292088957342363e-01,2.968390543123783365e-01,3.039596136831738127e-01,3.115074352275125080e-01,3.194984910870467543e-01,3.279479357333670575e-01,3.368698700165066451e-01,3.462771121694496190e-01,3.561809781453580404e-01,3.665910746489444705e-01,3.775151091237233247e-01,3.889587217537167629e-01,4.009253452014539532e-01,4.134160982894545255e-01,4.264297200779137431e-01
7.643939393939394034e-01,4.443683716845589493e-01,4.305479117047780746e-01,4.172423555414387919e-01,4.044523429195466258e-01,3.921766283150605603e-01,3.804121249930446091e-01,3.691539801031040180e-01,3.583956813694155197e-01,3.481291942511425819e-01,3.383451276713926870e-01,3.290329262808291411e-01,3.201810875747305163e-01,3.117774029174007477e-01,3.038092225855989481e-01,2.962637462990965198e-01,2.891283423662305285e-01,2.823909005695554586e-01,2.760402263124935307e-01,2.700664864342984806e-01,2.644617206024992839e-01,2.592204364704821518e-01,2.543403120437583431e-01,2.498230351714287312e-01,2.456753180413953630e-01,2.419101342923282716e-01,2.385482381125623164e-01,2.356200385942091580e-01,2.331679184638586755e-01,2.312491033011988828e-01,2.299392034688629294e-01,2.293365620396608795e-01,2.295675401050353559e-01,2.307928418151771466e-01,2.332149011457280430e-01,2.370861812706033800e-01,2.427179146735545801e-01,2.504882506223098937e-01,2.608478661439590507e-01,2.743197300263473526e-01,2.914878599592888309e-01,3.129678050684288615e-01,3.393499928787406250e-01,3.711076972877969671e-01,4.084669815585142971e-01,4.512495792853736254e-01,4.987218303147867848e-01,5.495068783451622085e-01,6.016267015941052509e-01,6.527148940337139660e-01,7.003758362406187210e-01,7.425900660863299363e-01,7.780309834245949796e-01,8.061951198445957978e-01,8.273336968525056845e-01,8.422499586312118813e-01,8.520549114346778197e-01,8.579576978395758724e-01,8.611561078632026245e-01,8.629046997486107262e-01,8.628505771408313541e-01,8.623310592410019515e-01,8.618302597407067056e-01,8.616118868438020773e-01,8.617638484391870746e-01,8.622096774525431773e-01,8.627054843004269280e-01,8.628217461424187995e-01,8.613413180380080636e-01,8.582072830918489048e-01,8.523846540253361415e-01,8.426764621425859580e-01,8.278720721602397248e-01,8.068572991393834215e-01,7.788239197242020628e-01,7.435140186766278081e-01,7.014231924616037839e-01,6.538700103668257935e-01,6.028670303845268252e-01,5.508052395252380773e-01,5.000492920225805271e-01,4.525782461587479766e-01,4.097721236048395554e-01,3.723689667788028235e-01,3.405517838809460907e-01,3.140989896831645756e-01,2.925411746942870317e-01,2.752910366969275047e-01,2.617354331466550943e-01,2.512921294852982212e-01,2.434394372401410545e-01,2.377275743495052551e-01,2.337790022763089892e-01,2.312828959327783984e-01,2.299870578422941458e-01,2.296892233438465047e-01,2.302287936146700242e-01,2.314794715117785284e-01,2.333429519553564535e-01,2.357436468963867715e-01,2.386243440523091452e-01,2.419426691521320560e-01,2.456682192135144771e-01,2.497802451997757078e-01,2.542657783433216467e-01,2.591181112865351133e-01,2.643355609552728858e-01,2.699204539161539351e-01,2.758782866824309177e-01,2.822170231386134653e-01,2.889464991966036456e-01,2.960779112564326243e-01,3.036233702929722611e-01,3.115955076639937427e-01,3.200071222344170185e-01,3.288708612965678957e-01,3.381989301608590015e-01,3.480028272865476335e-01,3.582931034785699631e-01,3.690791450264412910e-01,3.803689817086117197e-01,3.921691213041256230e-01,4.044844125810155289e-01,4.173179385611041625e-01,4.306709410288475093e-01,4.445427755117927759e-01
7.681818181818181879e-01,4.615409248533559605e-01,4.471052144692345132e-01,4.331767153349700972e-01,4.197579453280122497e-01,4.068495265393108906e-01,3.944503797844913229e-01,3.825579020429620836e-01,3.711681451485125405e-01,3.602760080205959503e-01,3.498754508263753893e-01,3.399597371927464695e-01,3.305217095711621700e-01,3.215541028347328467e-01,3.130499019901989421e-01,3.050027514236870463e-01,2.974074253395201928e-01,2.902603720179721125e-01,2.835603482782184659e-01,2.773091651927776513e-01,2.715125717924155024e-01,2.661813103707327821e-01,2.613323851690504962e-01,2.569905957393477935e-01,2.531903970078802635e-01,2.499781594909200877e-01,2.474149140689461124e-01,2.455796738411630542e-01,2.445734264756269372e-01,2.445238764450906044e-01,2.455909746344440703e-01,2.479731820539952947e-01,2.519142423325126390e-01,2.577099368153114578e-01,2.657138026087570992e-01,2.763400337608939439e-01,2.900606993816965407e-01,3.073930166842241962e-01,3.288709286857170455e-01,3.549942725647250996e-01,3.861496307268907358e-01,4.225014586217217261e-01,4.638623077663042715e-01,5.095672411838850779e-01,5.583955440885323140e-01,6.085915227036999831e-01,6.580211711125625307e-01,7.044567505952937791e-01,7.459224866972941070e-01,7.809967869059734058e-01,8.089788020985736461e-01,8.298851372343021282e-01,8.443091438165620799e-01,8.532132140110598728e-01,8.577230478177686468e-01,8.589669104129421529e-01,8.579737344152496004e-01,8.556247633775770911e-01,8.526500984386324866e-01,8.499187779460997128e-01,8.470533740654662136e-01,8.446836338057479576e-01,8.431609207200998490e-01,8.426213682691391371e-01,8.431091676188579020e-01,8.445886360077881072e-01,8.469396252895334820e-01,8.498903508672729368e-01,8.526725567844134490e-01,8.556711350775305647e-01,8.580539429791435024e-01,8.590915898864431854e-01,8.579031153209690785e-01,8.534594605483033503e-01,8.446316272693682459e-01,8.302923181325190249e-01,8.094764545011614576e-01,7.815868266903379658e-01,7.466019717288282509e-01,7.052173664125722663e-01,6.588494597038517808e-01,6.094699225426710720e-01,5.593040548437385739e-01,5.104853313772887979e-01,4.647706462253509141e-01,4.233831711453371893e-01,3.869909764914638006e-01,3.557848018122207745e-01,3.296032721606892979e-01,3.080624706218102471e-01,2.906647380690581262e-01,2.768778358170305154e-01,2.661858361924231975e-01,2.581176200318434644e-01,2.522596779805089118e-01,2.482589575242271918e-01,2.458200149725520145e-01,2.446993387835955380e-01,2.446986255797280463e-01,2.456580304551681249e-01,2.474499196223983455e-01,2.499733523299549620e-01,2.531493466083952204e-01,2.569168923542037297e-01,2.612296331079293488e-01,2.660531236589937509e-01,2.713625713508233672e-01,2.771409769615203467e-01,2.833776019065774587e-01,2.900666998782588935e-01,2.972064617177075374e-01,3.047981318020865360e-01,3.128452623783106179e-01,3.213530791290564181e-01,3.303279369373919305e-01,3.397768494659612060e-01,3.497070799171410060e-01,3.601257832959344207e-01,3.710396927232407771e-01,3.824548438639729930e-01,3.943763323101354690e-01,4.068080986972082980e-01,4.197527352618913299e-01,4.332113052035235778e-01,4.471831622097523495e-01,4.616657513341319574e-01
7.719696969696969724e-01,4.777142330679228777e-01,4.628933005530097566e-01,4.485642745232710227e-01,4.347352023736791304e-01,4.214114754780198258e-01,4.085963947430986676e-01,3.962916273487706031e-01,3.844975999850851478e-01,3.732138627803581188e-01,3.624394499489757004e-01,3.521732576245703017e-01,3.424144559722682168e-01,3.331629511263659582e-01,3.244199124921572919e-01,3.161883822835404589e-01,3.084739867192965446e-01,3.012857720058221278e-01,2.946371930598761790e-01,2.885472888338352915e-01,2.830420849983601994e-01,2.781562723603852594e-01,2.739352171955018456e-01,2.704373665620815603e-01,2.677371156311751932e-01,2.659282015932782905e-01,2.651276738607444283e-01,2.654804534269207261e-01,2.671644202108681698e-01,2.703958331428021888e-01,2.754346609148013991e-01,2.825890384885732520e-01,2.922175157997728423e-01,3.047269892366051280e-01,3.205632072893602746e-01,3.401896418571065950e-01,3.640496780710373304e-01,3.925072503203508312e-01,4.257634680102128644e-01,4.637529181320348970e-01,5.060340670870132618e-01,5.517020043075314684e-01,5.993628742859714587e-01,6.472078399283447414e-01,6.932015702974887450e-01,7.353581233090565883e-01,7.720344796671789744e-01,8.021558180309182884e-01,8.253108794747169297e-01,8.417073949575648584e-01,8.520260389474576534e-01,8.572332512292922813e-01,8.584060734686895788e-01,8.565995357833426915e-01,8.527644028622701766e-01,8.477084637318905713e-01,8.420888276779288084e-01,8.364230741093624522e-01,8.311110182254737300e-01,8.264728637031557579e-01,8.228575923217347210e-01,8.199272940320335712e-01,8.181047898083593228e-01,8.174752254498929283e-01,8.180637889809060370e-01,8.198523889454969460e-01,8.227713856476781551e-01,8.264340686196732788e-01,8.310740642351950314e-01,8.363933645102317183e-01,8.420725295240112374e-01,8.477121691422315752e-01,8.527950861800814852e-01,8.566645114487161372e-01,8.585128775180677074e-01,8.573893934685443696e-01,8.522385847975384454e-01,8.419823593143738183e-01,8.256524593033472970e-01,8.025655560489478590e-01,7.725105228701212301e-01,7.358947836096393358e-01,6.937893714319294247e-01,6.478341265875594557e-01,6.000128979702599175e-01,5.523602572601230554e-01,5.066855798774796416e-01,4.643842866742912134e-01,4.263634923928448783e-01,3.930671881609542617e-01,3.645631946713020488e-01,3.406525676305501849e-01,3.209732033039355836e-01,3.050831945201706863e-01,2.925202208612175947e-01,2.828394061777893542e-01,2.756345002541632505e-01,2.705474230381706424e-01,2.672703759841871807e-01,2.655436280368344004e-01,2.651510861249365414e-01,2.659149848273857919e-01,2.676904813855050524e-01,2.703605793245919542e-01,2.738315769405226807e-01,2.780291026351740524e-01,2.828947248694798633e-01,2.883830874903084429e-01,2.944595062217903458e-01,3.010979595422610955e-01,3.082794110620735717e-01,3.159904073505203637e-01,3.242219029197063729e-01,3.329682716639598694e-01,3.422264709196499721e-01,3.519953301963287817e-01,3.622749414333197304e-01,3.730661313161824921e-01,3.843699987088858849e-01,3.961875015527946409e-01,4.085190775257410700e-01,4.213642811410427402e-01,4.347214165064864355e-01,4.485871392857575524e-01,4.629559930944951440e-01,4.778198342684499278e-01
7.757575757575757569e-01,4.929952764259039610e-01,4.779981086031028226e-01,4.634670623872345629e-01,4.494201587462694492e-01,4.358711417378399178e-01,4.228306266369886157e-01,4.103070231559436953e-01,3.983073034458660677e-01,3.868376734984522169e-01,3.759041962162120165e-01,3.655134060780974581e-01,3.556729493775815931e-01,3.463922804130948885e-01,3.376834425556902164e-01,3.295619635469134723e-01,3.220478964241100805e-01,3.151670408409821822e-01,3.089523838826060964e-01,3.034458042203154737e-01,2.987000877254550879e-01,2.947813049763732818e-01,2.917715989785602537e-01,2.897724208389299005e-01,2.889082256582476416e-01,2.893305905627082120e-01,2.912226266547267017e-01,2.948034053399841703e-01,3.003318782564630696e-01,3.081094041590046739e-01,3.184794716704406059e-01,3.318225088060688943e-01,3.485428407223224445e-01,3.690440630538074362e-01,3.936887288776196869e-01,4.227390125493749040e-01,4.562779415956932372e-01,4.941169233241181624e-01,5.357048515218517659e-01,5.800650543903177470e-01,6.257933483856346069e-01,6.711456455691032774e-01,7.142213882770430677e-01,7.532134902233604823e-01,7.866627704528016407e-01,8.136456070351110181e-01,8.338464828965261866e-01,8.475102559066907126e-01,8.553082139263268324e-01,8.581693803502153939e-01,8.571224435824316146e-01,8.531749170531437443e-01,8.472369256724271436e-01,8.400842357574536123e-01,8.323497498595996413e-01,8.245324768868637078e-01,8.170152732266362516e-01,8.100855458556402988e-01,8.039558047226765813e-01,7.987843826123554036e-01,7.947929382669060017e-01,7.917868544516594165e-01,7.899182424469644026e-01,7.892786613148558006e-01,7.898850192626242217e-01,7.917268667203721799e-01,7.947355532863557004e-01,7.987301970863985856e-01,8.038977368121513756e-01,8.100273662865179469e-01,8.169610499119925873e-01,8.244865297890836553e-01,8.323166803464070451e-01,8.400689652779576022e-01,8.472447126030264730e-01,8.532113236692719926e-01,8.571932233884306251e-01,8.582802557135351673e-01,8.554645201747649308e-01,8.477164461677076934e-01,8.341055218695736517e-01,8.139583296786754296e-01,7.870273306712393113e-01,7.536250509651101215e-01,7.146721828557255352e-01,6.716254596451526337e-01,6.262903566590284354e-01,5.805668447493268491e-01,5.361994285661154658e-01,4.945935164051832866e-01,4.567275241641434724e-01,4.231545270913176227e-01,3.940650728490240895e-01,3.693779161934707123e-01,3.488324106167665639e-01,3.320672533770258061e-01,3.186798359042035678e-01,3.082665903545528940e-01,3.004476564620273127e-01,2.948799631142237088e-01,2.912624535327719699e-01,2.893363912731319321e-01,2.888828561637493686e-01,2.897188419490958622e-01,2.916928431834629465e-01,2.946804530486996643e-01,2.985802524332992758e-01,3.033101191481100689e-01,3.088039958753089342e-01,3.150091049818831146e-01,3.218835727505740540e-01,3.293944149199933280e-01,3.375158332457122157e-01,3.462277750560832645e-01,3.555147120052102316e-01,3.653645989314387998e-01,3.757679780210875786e-01,3.867171968049941677e-01,3.982057105096374339e-01,4.102274396517554544e-01,4.227761522340958700e-01,4.358448362073795157e-01,4.494250217975226946e-01,4.635060048187756299e-01,4.780739115980338072e-01,4.931105349324066967e-01
7.795454545454545414e-01,5.075219621713529250e-01,4.925371165524843331e-01,4.779797434722387051e-01,4.638827077361312168e-01,4.502721793362288172e-01,4.371694860885962930e-01,4.245926541706809276e-01,4.125577029704149967e-01,4.010797650528005742e-01,3.901740980891003630e-01,3.798570488052866456e-01,3.701470223222840250e-01,3.610655050332670091e-01,3.526381858359183274e-01,3.448962190344296852e-01,3.378776721351088308e-01,3.316292023686181478e-01,3.262080059782626607e-01,3.216840824226159246e-01,3.181428490192087510e-01,3.156881261305025665e-01,3.144454825290476929e-01,3.145658757526367255e-01,3.162294295692993362e-01,3.196490414595111185e-01,3.250732832987263121e-01,3.327877209884932408e-01,3.431133105102918135e-01,3.563999269519538271e-01,3.730124028287707949e-01,3.933058575111310073e-01,4.175869439466169397e-01,4.460585303467918261e-01,4.787481094075952681e-01,5.154256732602890967e-01,5.555249467430616317e-01,5.980909347505605211e-01,6.417822324847511917e-01,6.849521337734574278e-01,7.258138301596210873e-01,7.626650111932494758e-01,7.941189928931472464e-01,8.192800559455164500e-01,8.378182724320831776e-01,8.499353074280346920e-01,8.562479074951987457e-01,8.576337827292405125e-01,8.550819302508849695e-01,8.495741429843205461e-01,8.420071044970103280e-01,8.331519408487504386e-01,8.236420797173291675e-01,8.139792608765840098e-01,8.045492153542774805e-01,7.956410392289106071e-01,7.874666081829022612e-01,7.801781357575676701e-01,7.738831853284078299e-01,7.686574443180383964e-01,7.645592837718134804e-01,7.616730099075085247e-01,7.598588207094553182e-01,7.592401550943247424e-01,7.598314686330878143e-01,7.616247554288092525e-01,7.645109422543562294e-01,7.686004853085444122e-01,7.738200011862675920e-01,7.801114081614952678e-01,7.873991853319705081e-01,7.955759354213485235e-01,8.044896463201927084e-01,8.139286922881352471e-01,8.236042740424569519e-01,8.331309880468855678e-01,8.420074198098331797e-01,8.496004118699422847e-01,8.551389780203996205e-01,8.577263471937619510e-01,8.563803004202021896e-01,8.501109685320501486e-01,8.380392498119851874e-01,8.195464854833204305e-01,7.944286842797873005e-01,7.630132600920304098e-01,7.261935479841199470e-01,6.853543152333010369e-01,6.421966897139618213e-01,5.985071545434699214e-01,5.559329054276286319e-01,5.158164772890067029e-01,4.791143962651938648e-01,4.463946316986389662e-01,4.178888583908058618e-01,3.935710979307636137e-01,3.732397796065279327e-01,3.565893136936101881e-01,3.432654220700126491e-01,3.329039193346883807e-01,3.251554167211713198e-01,3.196993165417186811e-01,3.162503122575033854e-01,3.145600167014063198e-01,3.144156618646388179e-01,3.156372132796365082e-01,3.180737739588441193e-01,3.215998154265843900e-01,3.261115435801337781e-01,3.315235577931326949e-01,3.377658688699493594e-01,3.447812865286191131e-01,3.525231565349867813e-01,3.609534121058869394e-01,3.700408975089884422e-01,3.797599198312588964e-01,3.900889850316277552e-01,4.010096749351725887e-01,4.125056216603526504e-01,4.245615343803166297e-01,4.371622298910147753e-01,4.502916131178543724e-01,4.639315468908296602e-01,4.780605434293999090e-01,4.926522059788501218e-01,5.076733535366056982e-01
7.833333333333333259e-01,5.214363114476582295e-01,5.066367129513550394e-01,4.922107610653910781e-01,4.782110690777272022e-01,4.646806406087154451e-01,4.516553511024803957e-01,4.391661535032175823e-01,4.272410058954706491e-01,4.159065664286861752e-01,4.051897213417848809e-01,3.951190174163089486e-01,3.857260685024541114e-01,3.770470013728680625e-01,3.691240012731843989e-01,3.620070128310743374e-01,3.557556470345547006e-01,3.504413384241427676e-01,3.461497860486932310e-01,3.429836933349709183e-01,3.410657901439932971e-01,3.405420666379512240e-01,3.415850614063108970e-01,3.443969096979669353e-01,3.492116515796298004e-01,3.562960023504503915e-01,3.659473808890180702e-01,3.784874769549783080e-01,3.942490636800534687e-01,4.135532668477397977e-01,4.366743820735723425e-01,4.637900862948104441e-01,4.949172122437773824e-01,5.298378137674113475e-01,5.680271516522098496e-01,6.086031426071727424e-01,6.503222113520206182e-01,6.916440737431911456e-01,7.308734562748258057e-01,7.663614253366526352e-01,7.967226486059629798e-01,8.210122460120758969e-01,8.388165439988798378e-01,8.502419693804080802e-01,8.558197665511537711e-01,8.563651265898516440e-01,8.528314291056737773e-01,8.461886084316490031e-01,8.373385810817152164e-01,8.270675980819813811e-01,8.160281173924297526e-01,8.047406506592638120e-01,7.936070038765036250e-01,7.829285348048898863e-01,7.729253199992111023e-01,7.637539402906250441e-01,7.555228451252453681e-01,7.483050253477472324e-01,7.421481539412707606e-01,7.370826117294649871e-01,7.331283306367337715e-01,7.303301226590527273e-01,7.286187922326593513e-01,7.280338930349317117e-01,7.285961852960802787e-01,7.302929052705955382e-01,7.330834674466324419e-01,7.370288169753862473e-01,7.420872174732751070e-01,7.482389079880790161e-01,7.554536317437888782e-01,7.636838423602263504e-01,7.728567038673441747e-01,7.828639641243589908e-01,7.935492877808872914e-01,8.046928896573632972e-01,8.159937377457335828e-01,8.270503630631671488e-01,8.373425644454284278e-01,8.462181124883223493e-01,8.528908284857943389e-01,8.564586215032983230e-01,8.559510391148800190e-01,8.504137560081531655e-01,8.390301658448416910e-01,8.212671724053192124e-01,7.970161926596165403e-01,7.666886696027128689e-01,7.312274692350305694e-01,6.920164088977264205e-01,6.507036044833383048e-01,6.089842728632181013e-01,5.683993280133466941e-01,5.301934874177297585e-01,4.952502746556240454e-01,4.640959666672647144e-01,4.369499907252439308e-01,4.137968413452307037e-01,3.944599685582833581e-01,3.786659945255033133e-01,3.660945164274547747e-01,3.564133153559633782e-01,3.493011168009241829e-01,3.444608068600222839e-01,3.416258902016923171e-01,3.405624827128866383e-01,3.410685578466709500e-01,3.429716514514450365e-01,3.461258233564377673e-01,3.504083764944439516e-01,3.557166282412261293e-01,3.619648919453862801e-01,3.690817393390908863e-01,3.770075607661337869e-01,3.856924081884901545e-01,3.950940874387058321e-01,4.051764554972116517e-01,4.159078719106831801e-01,4.272597484133683343e-01,4.392051359969570967e-01,4.517172836787429202e-01,4.647680987342840964e-01,4.783264364324447127e-01,4.923561528917759778e-01,5.068138754580121530e-01,5.216464932028835877e-01
7.871212121212121104e-01,5.347956242775677715e-01,5.203467391713342272e-01,5.062002654363334520e-01,4.924329357948372676e-01,4.791091013782919350e-01,4.662834297732260658e-01,4.540036221659286553e-01,4.423129719529311221e-01,4.312527115671347389e-01,4.208641669777644645e-01,4.111907765019970351e-01,4.022800457630417159e-01,3.941855132373374149e-01,3.869687963660636276e-01,3.807017790638280164e-01,3.754689875716762382e-01,3.713701807617764139e-01,3.685231488231220376e-01,3.670666638496076772e-01,3.671634472855667686e-01,3.690028990061914316e-01,3.728031540958806067e-01,3.788117773243104836e-01,3.873040561550950001e-01,3.985774094740591189e-01,4.129399259213171192e-01,4.306905902195246050e-01,4.520885788432101315e-01,4.773095111969375415e-01,5.063883079202909920e-01,5.391519514068386920e-01,5.751512239306524332e-01,6.136076132040699793e-01,6.533974110944468228e-01,6.930951581579382070e-01,7.310885585044913926e-01,7.657561190109809512e-01,7.956735807917588721e-01,8.197983481263872996e-01,8.375838505019844726e-01,8.489988266606818268e-01,8.544583493865877122e-01,8.546981183954854844e-01,8.506315895239341396e-01,8.432222621948418650e-01,8.333888532238318270e-01,8.219471832377013287e-01,8.095836137594341064e-01,7.968511916893143976e-01,7.841796784420149713e-01,7.718924572299219466e-01,7.602255486649306393e-01,7.493459080265811867e-01,7.393675928714549261e-01,7.303652983757127348e-01,7.223852768380542022e-01,7.154539144149767438e-01,7.095843369847707471e-01,7.047814378411639824e-01,7.010457549365454177e-01,6.983773046274857066e-01,6.967865291543786643e-01,6.962408976746913281e-01,6.967681414666322404e-01,6.983480624813617199e-01,7.010067849295474884e-01,7.047337881913349200e-01,7.095293110842363360e-01,7.153929658372772948e-01,7.223199718234708522e-01,7.302973137303229167e-01,7.392987358194712533e-01,7.492781500926218863e-01,7.601610679999988296e-01,7.718336845186252182e-01,7.841293411399218316e-01,7.968123500140624760e-01,8.095596796941977313e-01,8.219419109850574223e-01,8.334062865350237992e-01,8.432666217686434207e-01,8.507070839248251914e-01,8.548086671307468798e-01,8.546072195873934962e-01,8.491882067135273493e-01,8.378144129047617739e-01,8.200688819141365160e-01,7.959807876231245194e-01,7.660946521315084023e-01,7.314513365561966518e-01,6.934739172085373493e-01,6.537833947432869497e-01,6.139922707336467056e-01,5.755267992011354750e-01,5.395118904093383350e-01,5.067274674287766123e-01,4.776241941466030094e-01,4.523764445768135856e-01,4.309504912096807083e-01,4.131717141472770471e-01,3.987817427049933361e-01,3.874822219691432257e-01,3.789655430829806937e-01,3.729346447202240289e-01,3.691145007509974429e-01,3.672577339897387660e-01,3.671463416262589763e-01,3.685910152977383558e-01,3.714290954090542773e-01,3.755218502261491453e-01,3.807515141677890735e-01,3.870183409133873265e-01,3.942378066490051514e-01,4.023380200815557806e-01,4.112573453155363157e-01,4.209422113803290011e-01,4.313450612285279484e-01,4.424223790161290193e-01,4.541327252244301005e-01,4.664347046479600523e-01,4.792847949003848917e-01,4.926349784776160590e-01,5.064301590828584887e-01,5.206054165824623992e-01,5.350832809656382860e-01
7.909090909090908950e-01,5.476534076137399287e-01,5.337239726192934963e-01,5.200066708244573954e-01,5.066051732131839902e-01,4.936092850231216245e-01,4.810969574480633559e-01,4.691370205565112972e-01,4.577921603685575769e-01,4.471218792799997455e-01,4.371853326890630109e-01,4.280440305186146155e-01,4.197644441728446418e-01,4.124205809938918388e-01,4.060965893594281062e-01,4.008894434700681075e-01,3.969117285681608154e-01,3.942945018087782305e-01,3.931901344916304830e-01,3.937749373158479504e-01,3.962512176388193197e-01,4.008481999297871523e-01,4.078209424191585608e-01,4.174459985552790298e-01,4.300121214554179505e-01,4.458038676648918286e-01,4.650756941204741146e-01,4.880143737859751196e-01,5.146887616686393052e-01,5.449887005322450184e-01,5.785595699303296424e-01,6.147453403429543606e-01,6.525592451474484523e-01,6.907037688837076583e-01,7.276561338181904981e-01,7.618194006909450033e-01,7.917159356927350178e-01,8.161793937027087553e-01,8.344957364463303495e-01,8.464586045623869737e-01,8.523331473358466415e-01,8.527505438450933006e-01,8.485702819661659069e-01,8.407458213010957637e-01,8.302171280974499634e-01,8.178390791948753069e-01,8.043437243981775842e-01,7.903287079737877363e-01,7.762628489744098914e-01,7.625011041354513575e-01,7.493032777461168248e-01,7.368529318142927886e-01,7.252745786922822901e-01,7.146483405190402483e-01,7.050219224837327436e-01,6.964200967807294695e-01,6.888520448607671209e-01,6.823169415529944937e-01,6.768081419349348815e-01,6.723162855533210136e-01,6.688315875350140383e-01,6.663455943796676717e-01,6.648567067676370845e-01,6.643528851135573898e-01,6.648426738221369092e-01,6.663226000879423072e-01,6.687997686567609401e-01,6.722763103485785985e-01,6.767609242967860261e-01,6.822635491983763956e-01,6.887936601503238387e-01,6.963580087871573676e-01,7.049575391581168748e-01,7.145832144576736988e-01,7.252104422689178431e-01,7.367917384246692736e-01,7.492472460375979582e-01,7.624527615089725652e-01,7.762250693689853875e-01,7.903047369661264643e-01,8.043371820256578486e-01,8.178539278971980186e-01,8.302575904190803158e-01,8.408162307645081768e-01,8.486748528239503875e-01,8.528930538062350353e-01,8.525165440559996366e-01,8.466845717299026353e-01,8.347642841552783688e-01,8.164885600549528499e-01,7.920616882129810632e-01,7.621957963918776224e-01,7.280557392748349121e-01,6.911182746592950954e-01,6.529801592147996825e-01,6.151646353082530494e-01,5.789701872409399597e-01,5.453848651547035242e-01,5.150661102955094162e-01,4.883699330236552227e-01,4.654077583860425915e-01,4.461118241680414598e-01,4.302962590351024352e-01,4.177073245172265858e-01,4.080610205329694429e-01,4.010690147538529815e-01,3.964550653023911075e-01,3.939643401553864499e-01,3.933677757598995628e-01,3.944631764192227941e-01,3.970743060509714928e-01,4.010488397093765478e-01,4.062557440816952914e-01,4.125824382917758770e-01,4.199319335304085299e-01,4.282200458323656700e-01,4.373727066520383122e-01,4.473233502239556403e-01,4.580103282754622307e-01,4.693742885250457020e-01,4.813554545676289598e-01,4.938907666030442067e-01,5.069108950204896935e-01,5.203372359624410803e-01,5.340791536587075061e-01,5.480319533196944537e-01
7.946969696969696795e-01,5.599539806425303246e-01,5.467256205041851613e-01,5.336009174498791419e-01,5.207099862978635807e-01,5.081706606024798401e-01,4.960883410013638417e-01,4.845577436375390623e-01,4.736657168742918200e-01,4.634945440649549386e-01,4.541253853547540520e-01,4.456416891856029849e-01,4.381325180881873171e-01,4.316957927545606588e-01,4.264414751486083621e-01,4.224946938771669269e-01,4.199987659288741959e-01,4.191179850064492562e-01,4.200399194667883696e-01,4.229767796416156189e-01,4.281651609724316243e-01,4.358631365455797879e-01,4.463432675700968466e-01,4.598796688071222771e-01,4.767269260766964223e-01,4.970886491535040363e-01,5.210741425371964164e-01,5.486436103380591955e-01,5.795459794199038228e-01,6.132589101593871606e-01,6.489468948265858517e-01,6.854578994514024526e-01,7.213777101432696792e-01,7.551503307231421935e-01,7.852526315046608474e-01,8.103887440373588325e-01,8.296561799096352496e-01,8.426407103668484000e-01,8.494201764127504717e-01,8.504871351142154756e-01,8.466219984239453655e-01,8.387542799659888360e-01,8.278416083252588820e-01,8.147819991708251663e-01,8.003618655519223468e-01,7.852340802767573402e-01,7.699172589089622321e-01,7.548077053554447247e-01,7.401973410447836299e-01,7.262931419094962315e-01,7.132354840075272318e-01,7.011141471183409690e-01,6.899815799531232585e-01,6.798635097571038566e-01,6.707672077786808185e-01,6.626877998943473402e-01,6.556130076448185573e-01,6.495266624853769377e-01,6.444112803588999405e-01,6.402499283113991524e-01,6.370275670543885660e-01,6.347320200003448987e-01,6.333547229777305443e-01,6.328920975890851564e-01,6.333459956654654555e-01,6.347156785113846622e-01,6.370034577815327781e-01,6.402183663984005735e-01,6.443728468590873559e-01,6.494821073660680399e-01,6.555632052383333352e-01,6.626337346486831370e-01,6.707099793461720472e-01,6.798043513780110958e-01,6.899218865010511292e-01,7.010555103591411541e-01,7.131797330729968687e-01,7.262423868803677962e-01,7.401540169060322194e-01,7.547746123905482163e-01,7.698975937734646724e-01,7.852314495118256632e-01,8.003802702874165398e-01,8.148257766518023359e-01,8.279153136240811062e-01,8.388624914815662192e-01,8.467690359098410946e-01,8.506766916133562395e-01,8.496548870151402477e-01,8.429217091014521435e-01,8.299827236793639873e-01,8.107579962738582502e-01,7.856596847218132451e-01,7.555885010840512894e-01,7.218390709915539771e-01,6.859339590338111581e-01,6.494292909170952255e-01,6.137400052611919898e-01,5.800192823980975243e-01,5.491040031402124599e-01,5.215179337383372138e-01,4.975134996366739060e-01,4.771316970810235425e-01,4.602642353748750970e-01,4.467083282394912480e-01,4.362100379868080191e-01,4.284957466042249585e-01,4.232932646729594128e-01,4.203447908774258224e-01,4.194139229764079491e-01,4.202885824422634142e-01,4.227812841087504880e-01,4.267277774170816773e-01,4.319847530607247021e-01,4.384270554170054957e-01,4.459446577771642439e-01,4.544395300292721207e-01,4.638224444597219276e-01,4.740097162139512710e-01,4.849198575988901694e-01,4.964701426616242586e-01,5.085731388524427077e-01,5.211333781139873000e-01,5.340445198152380391e-01,5.471875961724912418e-01,5.604311833161179646e-01
7.984848484848485750e-01,5.715662821873603860e-01,5.592380344601282083e-01,5.468932990872374944e-01,5.346822478747839114e-01,5.227497089828020416e-01,5.112310108977813350e-01,5.002511682452420727e-01,4.899264153128104482e-01,4.803671668636071979e-01,4.716817132702312843e-01,4.639802005695553011e-01,4.573786378784237550e-01,4.520027938707956716e-01,4.479918922334925058e-01,4.455020003296745745e-01,4.447089298107352873e-01,4.458103307497591206e-01,4.490264549683163908e-01,4.545987815308278890e-01,4.627853376604341706e-01,4.738511354518364360e-01,4.880517535844826615e-01,5.056078881631944633e-01,5.266689740081199611e-01,5.512651827922441239e-01,5.792497629993729191e-01,6.102381526685850544e-01,6.435562442861865184e-01,6.782159454515707120e-01,7.129384169968138174e-01,7.462399320115784551e-01,7.765799017118319991e-01,8.025483236250079422e-01,8.230502974129222382e-01,8.374398851287088164e-01,8.455699681524051492e-01,8.477527551965485797e-01,8.446529837925604856e-01,8.371504239989551177e-01,8.262068178900358051e-01,8.127603243644642150e-01,7.976561194040308056e-01,7.816108569379999205e-01,7.652030790323176568e-01,7.488804465050526993e-01,7.329759651330237658e-01,7.177275851768228909e-01,7.032976785515001605e-01,6.897905425845828331e-01,6.772671818152667944e-01,6.657572736618054821e-01,6.552685620427247670e-01,6.457940620861178926e-01,6.373174847991344150e-01,6.298172592800218572e-01,6.232694754569363393e-01,6.176500109462059740e-01,6.129360505960580463e-01,6.091071605723540339e-01,6.061460423319536828e-01,6.040390698537800862e-01,6.027767371224495019e-01,6.023551848122790098e-01,6.027729148701247430e-01,6.040293003273360384e-01,6.061297226987072406e-01,6.090842532501091755e-01,6.129068276494852308e-01,6.176149396322712093e-01,6.232291640112487263e-01,6.297724350152503758e-01,6.372689920399561281e-01,6.457428735449575186e-01,6.552158000699382923e-01,6.657042392306163903e-01,6.772153897935263567e-01,6.897417620565915453e-01,7.032539767590746393e-01,7.176913730338528863e-01,7.329500411596510112e-01,7.488680343278368845e-01,7.652078512284912204e-01,7.816369349855910587e-01,7.977080360973544115e-01,8.128429319704295608e-01,8.263251239394808767e-01,8.373093391324594181e-01,8.448569752970653823e-01,8.480054181383318568e-01,8.458735532411724156e-01,8.377948535182117018e-01,8.234549961107794358e-01,8.029988759977163548e-01,7.770703751322622921e-01,7.467627819698555713e-01,7.134851362895213711e-01,6.787777967818169333e-01,6.441249435890338271e-01,6.108064022916603886e-01,5.798115865959153625e-01,5.518160653591096532e-01,5.272058449796880319e-01,5.061289990682154016e-01,4.885564992762689296e-01,4.743398569561406708e-01,4.632591316369593648e-01,4.550593299418768112e-01,4.494758801778160340e-01,4.462510758928889265e-01,4.451436612195159848e-01,4.459335273010451295e-01,4.484230988331147638e-01,4.524365773120410661e-01,4.578178480118398341e-01,4.644275750171753536e-01,4.721398027164128153e-01,4.808382450616410231e-01,4.904123687090423123e-01,5.007533611482698488e-01,5.117501244059673438e-01,5.232855561719513826e-01,5.352335748030413454e-01,5.474575914048589453e-01,5.598113621823481711e-01,5.721432278862021992e-01
8.022727272727272485e-01,5.822691393947964089e-01,5.710500059815903917e-01,5.596990272916964049e-01,5.483714867195907949e-01,5.372315332369235197e-01,5.264426790513376808e-01,5.161625649001263527e-01,5.065414945415989134e-01,4.977237625976443369e-01,4.898507626077612254e-01,4.830650453360924024e-01,4.775147293282552274e-01,4.733578491594090387e-01,4.707663213814174408e-01,4.699292037725969484e-01,4.710548205645516129e-01,4.743711265632979956e-01,4.801233898280542478e-01,4.885679003326294234e-01,4.999600064015678469e-01,5.145344502649694673e-01,5.324759322135353967e-01,5.538784349482966940e-01,5.786935750915304100e-01,6.066716098946801639e-01,6.373038588658644921e-01,6.697814020988880346e-01,7.029896324725486423e-01,7.355576979550417782e-01,7.659722877130256125e-01,7.927461591027866739e-01,8.146092355638304694e-01,8.306752898714007127e-01,8.405403312578980657e-01,8.442906286629087154e-01,8.424280814418181329e-01,8.357437236019669147e-01,8.251774910659028794e-01,8.116951029979827537e-01,7.961986068575346298e-01,7.794735813417273951e-01,7.621673100021156833e-01,7.447888089297428627e-01,7.277218068169609699e-01,7.112437257728252415e-01,6.955460239063253614e-01,6.807532326315359761e-01,6.669394336128866563e-01,6.541418079915677364e-01,6.423713818342936532e-01,6.316213202770681878e-01,6.218731947508342461e-01,6.131016360359871076e-01,6.052777361932550892e-01,5.983715005941437903e-01,5.923535907152210900e-01,5.871965450232130568e-01,5.828756210539407512e-01,5.793693665916246349e-01,5.766600009397386817e-01,5.747336679623876732e-01,5.735805987388610250e-01,5.731929273177078787e-01,5.735807497404025179e-01,5.747299533285630257e-01,5.766511743987471350e-01,5.793549928996865050e-01,5.828556588163693597e-01,5.871711908808411318e-01,5.923232075329069035e-01,5.983365849544998172e-01,6.052389081930011905e-01,6.130596435003526912e-01,6.218289277954787142e-01,6.315758339883197348e-01,6.423259257845471693e-01,6.540978617601888034e-01,6.668987475894037065e-01,6.807178731668181992e-01,6.955184213079760314e-01,7.112267226238565554e-01,7.277187025118799779e-01,7.448033940489403593e-01,7.622038811267346503e-01,7.795369232732386466e-01,7.962939254482408469e-01,8.118278890548853433e-01,8.253532960598412016e-01,8.359678340520282358e-01,8.427050938948149605e-01,8.446239526628880334e-01,8.409316808518404462e-01,8.311242555926570130e-01,8.151130430060403720e-01,7.932997019715440912e-01,7.665684685723681557e-01,7.361880329390009248e-01,7.036450087040339030e-01,6.704528455152662936e-01,6.379831844107206607e-01,6.073518766186187801e-01,5.793693269493709330e-01,5.545457539865475960e-01,5.331323547269799512e-01,5.151788003162884877e-01,5.005921923806432305e-01,4.891887066772551140e-01,4.807342828310283145e-01,4.749740827736768090e-01,4.716521791321205970e-01,4.705235396840836137e-01,4.713603340976710299e-01,4.739542599530325306e-01,4.781161801167173042e-01,4.836739917205002959e-01,4.904693541119557465e-01,4.983537039399860147e-01,5.071838835851073535e-01,5.168177063709842312e-01,5.271098789948377439e-01,5.379088881987366122e-01,5.490556938653903263e-01,5.603852556718614819e-01,5.717318809808531466e-01,5.829388952796198398e-01
8.060606060606061440e-01,5.917989091788712352e-01,5.818810483059497773e-01,5.717496972908906461e-01,5.615413151765695776e-01,5.514222652935328872e-01,5.415748072399720892e-01,5.321863824846326807e-01,5.234432770161958626e-01,5.155284209763941750e-01,5.086223783176558877e-01,5.029063904504362803e-01,4.985664368500642984e-01,4.957974550827511928e-01,4.948069907197627515e-01,4.958175605897420790e-01,4.990668910457775054e-01,5.048049430959665740e-01,5.132862902436164942e-01,5.247560464888232357e-01,5.394273001741110019e-01,5.574481609126237247e-01,5.788574840011009304e-01,6.035306163750275843e-01,6.311205314705511382e-01,6.610053637995181308e-01,6.922592925207695647e-01,7.236669509149844526e-01,7.537978950222490315e-01,7.811441505488888604e-01,8.043022663809095141e-01,8.221601056020463316e-01,8.340398602177265808e-01,8.397600177170477798e-01,8.396059968092299819e-01,8.342283305212359057e-01,8.245047367289234375e-01,8.114031206535347041e-01,7.958710714483779869e-01,7.787623374304237789e-01,7.607987656465166060e-01,7.425597491095153879e-01,7.244896059842239611e-01,7.069145559575767956e-01,6.900632710667951031e-01,6.740872573518587041e-01,6.590790972383724355e-01,6.450877708821420864e-01,6.321309760420994461e-01,6.202047241776581510e-01,6.092906335189882672e-01,5.993613618273296861e-01,5.903845836689171067e-01,5.823258555916205337e-01,5.751506472527324609e-01,5.688257566927383824e-01,5.633202771413684529e-01,5.586062414374909357e-01,5.546590371899424721e-01,5.514576587450581435e-01,5.489848343277191622e-01,5.472270013187368054e-01,5.461733563923407697e-01,5.458132461453945039e-01,5.461755271030074299e-01,5.472283800528776609e-01,5.489828710454258687e-01,5.514514012304748691e-01,5.546480954407828623e-01,5.585905344888620894e-01,5.632999282133348551e-01,5.688010445067993581e-01,5.751219855124416469e-01,5.822937892503385893e-01,5.903497966017915433e-01,5.993246931602759231e-01,6.092531011816384456e-01,6.201675549391582054e-01,6.320956416234105868e-01,6.450560298068765963e-01,6.590530418910097721e-01,6.740693652036312544e-01,6.900564581068996395e-01,7.069222288933449949e-01,7.245157075942790792e-01,7.426087881262525281e-01,7.608758187171886789e-01,7.788730063793664060e-01,7.960213751315385888e-01,8.115992989370935939e-01,8.247529473586409088e-01,8.345342314003131312e-01,8.399742293167503648e-01,8.401936406710250882e-01,8.345398218482510400e-01,8.227248675800720168e-01,8.049276910834947119e-01,7.818237189326452397e-01,7.545232450404645297e-01,7.244286423205693604e-01,6.930476507165554967e-01,6.618112512856618723e-01,6.319359360439509299e-01,6.043490093919107187e-01,5.796739592355401038e-01,5.582594004520551323e-01,5.402314258936032898e-01,5.255524105647910726e-01,5.140752447207195264e-01,5.055876135587111797e-01,4.998449667050002820e-01,4.965931038042458168e-01,4.955822629418131231e-01,4.965747527232386993e-01,4.993479288922213488e-01,5.036939493554921654e-01,5.094173967795709856e-01,5.163316096906587216e-01,5.242544434496080319e-01,5.330041984389702892e-01,5.423965843158201627e-01,5.522437717155278536e-01,5.623566823330754527e-01,5.725514742712810579e-01,5.826604593780450037e-01,5.925463441486896743e-01
8.098484848484848175e-01,5.998226069637947466e-01,5.913348912272655689e-01,5.826235281040280656e-01,5.737783707957192503e-01,5.649418199476970992e-01,5.562950055678761441e-01,5.480432480214085800e-01,5.404041808571121708e-01,5.336001603299220797e-01,5.278550059650961579e-01,5.233941326404403238e-01,5.204467287440633916e-01,5.192485801418360580e-01,5.200441959408556025e-01,5.230868962362372754e-01,5.286354021201551401e-01,5.369452330169703913e-01,5.482529550425206955e-01,5.627512266203583691e-01,5.805529774020633527e-01,6.016444003058800671e-01,6.258292617216544285e-01,6.526716537789930550e-01,6.814502820775578673e-01,7.111428299130789776e-01,7.404603022070834761e-01,7.679443532757828095e-01,7.921236553713405515e-01,8.117024674892224789e-01,8.257362375002770261e-01,8.337471887399796611e-01,8.357510257940697906e-01,8.321959291960802085e-01,8.238414621803492599e-01,8.116163588269564855e-01,7.964892322268096736e-01,7.793721007322848005e-01,7.610619030485415992e-01,7.422151031159832657e-01,7.233460997537977111e-01,7.048399606449397004e-01,6.869719213975742367e-01,6.699285483081069970e-01,6.538276127420394879e-01,6.387352805125583455e-01,6.246802012272610893e-01,6.116646254414457307e-01,5.996729287665284458e-01,5.886780000308782235e-01,5.786459366744050037e-01,5.695394353552835076e-01,5.613201978793287417e-01,5.539506066225609038e-01,5.473948659271568040e-01,5.416197583119487513e-01,5.365951262428655388e-01,5.322941599524789735e-01,5.286935464897607462e-01,5.257735080737723221e-01,5.235177001160673527e-01,5.219126078238307542e-01,5.209320623177039478e-01,5.206106343118058755e-01,5.209320623176972864e-01,5.219175615472645413e-01,5.235216389920588353e-01,5.257746821439788221e-01,5.286911394727750180e-01,5.322877868837463389e-01,5.365846642856864079e-01,5.416052718366983765e-01,5.473765717877193682e-01,5.539288609017906095e-01,5.612954960829440454e-01,5.695124222143999049e-01,5.786174236486435474e-01,5.886489896041384728e-01,5.996446451741155315e-01,6.116385517429856478e-01,6.246581227040688411e-01,6.387193342108742344e-01,6.538203425447640660e-01,6.699329640919186035e-01,6.869915594701979655e-01,7.048789405770504723e-01,7.234091697427892376e-01,7.423076620517721214e-01,7.611899826497244836e-01,7.795422861503966683e-01,7.967084959083722273e-01,8.118917828813073667e-01,8.241798328420794073e-01,8.326032071259354961e-01,8.362317295168195663e-01,8.343037710257801276e-01,8.263685726041363200e-01,8.124075804365645803e-01,7.928957948854500337e-01,7.687754359901474155e-01,7.413406606253030162e-01,7.120621180037577380e-01,6.823983664185849785e-01,6.536393458581695182e-01,6.268088104900715329e-01,6.026297335694000834e-01,5.815397298161839590e-01,5.637366146912482501e-01,5.492355598982380238e-01,5.379247393374086972e-01,5.296123251434426971e-01,5.240623135864389548e-01,5.210194894673944033e-01,5.202251854289325905e-01,5.214258860513275584e-01,5.243766323520419048e-01,5.288409240652984789e-01,5.345885852943461636e-01,5.413929431300392725e-01,5.490286770113704806e-01,5.572717555244470766e-01,5.659028212542936975e-01,5.747149698007716356e-01,5.835258669166304424e-01,5.921925412830963964e-01,6.006254079396542433e-01
8.136363636363637131e-01,6.061133612184370634e-01,5.990667908485882709e-01,5.918907693274813031e-01,5.846090973135051883e-01,5.773123366498017495e-01,5.701520430799182915e-01,5.633282017954129861e-01,5.570744391443959165e-01,5.516448949685590630e-01,5.473048903692232514e-01,5.443256851961489895e-01,5.429822956654423161e-01,5.435526291717005520e-01,5.463158958978668878e-01,5.515481332244166479e-01,5.595125827820909281e-01,5.704425966647144186e-01,5.845148952135241771e-01,6.018117090624578447e-01,6.222721190940891933e-01,6.456362766783554363e-01,6.713913115032033030e-01,6.987338184629082738e-01,7.265684546534616484e-01,7.535613937920494498e-01,7.782573161800923067e-01,7.992489742714812273e-01,8.153654320291371382e-01,8.258310223720534138e-01,8.303518469876531860e-01,8.291103969728661482e-01,8.226796550088781856e-01,8.118903593466771929e-01,7.976904877849867459e-01,7.810267448925496403e-01,7.627624397271132173e-01,7.436325633381815070e-01,7.242288435837497262e-01,7.050049333302411680e-01,6.862927387355551856e-01,6.683232069589069013e-01,6.512473367773150557e-01,6.351551362714459303e-01,6.200915879277727472e-01,6.060694791753178379e-01,5.930793682564612368e-01,5.810971234281524511e-01,5.700895037170344848e-01,5.600182112708614879e-01,5.508427800452491141e-01,5.425225954405542561e-01,5.350182752018948218e-01,5.282925874456816384e-01,5.223110376387862797e-01,5.170422216168408802e-01,5.124580143390752296e-01,5.085336412122067884e-01,5.052476547927901018e-01,5.025817949511856009e-01,5.005205305723221532e-01,4.990481970366435482e-01,4.981391387461029385e-01,4.978473983717911500e-01,4.981391387461057141e-01,4.990542051887100206e-01,5.005290436397608067e-01,5.025894611306572779e-01,5.052530774593331220e-01,5.085360789023688488e-01,5.124570785919514426e-01,5.170377573750513100e-01,5.223030676956290641e-01,5.282812869640933773e-01,5.350039633072869449e-01,5.425057380757322134e-01,5.508240012946029607e-01,5.599983118302577223e-01,5.700694859820917282e-01,5.810782231313003088e-01,5.930630928319727824e-01,6.060576531095523967e-01,6.200864052404496674e-01,6.351592199097847447e-01,6.512638039787496114e-01,6.683557383913368843e-01,6.863456472529296803e-01,7.050832252589355198e-01,7.243382613995740238e-01,7.437795934092478189e-01,7.629542629297625389e-01,7.812711026234152589e-01,7.979954337018022592e-01,8.122638720143893210e-01,8.231291032726301138e-01,8.296418817954950287e-01,8.309694889885104185e-01,8.265363123506694887e-01,8.161567913344280889e-01,8.001216594177245067e-01,7.792037367912324486e-01,7.545718103473292304e-01,7.276319225840485183e-01,6.998391890799924298e-01,6.725281122145527757e-01,6.467953512770040492e-01,6.234459866486495860e-01,6.029946647363090273e-01,5.857029115678595854e-01,5.716330921035633894e-01,5.607041140629012155e-01,5.527400518774963079e-01,5.475079914553946381e-01,5.447447692515048345e-01,5.441740656915727836e-01,5.455160292205153416e-01,5.484917591169896633e-01,5.528249177238451217e-01,5.582426515731104821e-01,5.644778795757240397e-01,5.712747054279938563e-01,5.783979850685198043e-01,5.856467324702959720e-01,5.928691770241834025e-01,5.999755112229796516e-01,6.069436861875571187e-01
8.174242424242423866e-01,6.105212555378904948e-01,6.047718271766426845e-01,5.990988569919771800e-01,5.934629263447186442e-01,5.878876982881731106e-01,5.824683766818753439e-01,5.773692733796542687e-01,5.728129171500569994e-01,5.690650552485887470e-01,5.664197227062214290e-01,5.651868425829906784e-01,5.656827432778537279e-01,5.682222671647695345e-01,5.731100754825464438e-01,5.806282471049878380e-01,5.910171929582677119e-01,6.044472886179498294e-01,6.209797291283364329e-01,6.405173938513106791e-01,6.627504250199244273e-01,6.871067568705466755e-01,7.127238235971058433e-01,7.384612574769207072e-01,7.629713783652959380e-01,7.848314471980203377e-01,8.027201921483142488e-01,8.155996475199591700e-01,8.228539764638899134e-01,8.243478554212864129e-01,8.203943168486924620e-01,8.116515371251054045e-01,7.989855438397942544e-01,7.833360033785272680e-01,7.656100839611676978e-01,7.466139077096812793e-01,7.270191348654662100e-01,7.073561037315653222e-01,6.880237203607438845e-01,6.693078318221450385e-01,6.514022882787359192e-01,6.344292208836894709e-01,6.184568086597059811e-01,6.035139395352566716e-01,5.896018128856400642e-01,5.767028394687534476e-01,5.647873012162618611e-01,5.538182309455670360e-01,5.437549192755573024e-01,5.345553863856883359e-01,5.261780870641327157e-01,5.185830564284337196e-01,5.117326531743638940e-01,5.055920169652154961e-01,5.001293251638435633e-01,4.953159095391406197e-01,4.911262732697531108e-01,4.875380280203889249e-01,4.845317371953135055e-01,4.820905458901285079e-01,4.801988407746023979e-01,4.788095187207631054e-01,4.779981749803522417e-01,4.777317142176181752e-01,4.779981749803482449e-01,4.788095187207639936e-01,4.802101057328489464e-01,4.821034985374097470e-01,4.845440789587337482e-01,4.875485680642501207e-01,4.911343220309728475e-01,4.953210790967761401e-01,5.001314415947596403e-01,5.055910782536828796e-01,5.117288103575693414e-01,5.185766087501080257e-01,5.261694868713403528e-01,5.345452517360758105e-01,5.437440533697934786e-01,5.538076481554929931e-01,5.647782598804532705e-01,5.766968818669440111e-01,5.896008129046690360e-01,6.035201584784486428e-01,6.184729593636131284e-01,6.344585396796341703e-01,6.514486132062045076e-01,6.693756836453069736e-01,6.881183800914376647e-01,7.074836762619810537e-01,7.271865828302312984e-01,7.468290330683662326e-01,7.658814280155874510e-01,7.836726312751193246e-01,7.993966809792051320e-01,8.121460376588348629e-01,8.209799736696415939e-01,8.250306077745579447e-01,8.236371273626190703e-01,8.164832482696700033e-01,8.037007578353098092e-01,7.859021150653622279e-01,7.641225165921540219e-01,7.396814123284322084e-01,7.140008090258587181e-01,6.884286740299337959e-01,6.641064529083915424e-01,6.418982725242192711e-01,6.223779366372735877e-01,6.058569638061603868e-01,5.924338747607685862e-01,5.820484967062711235e-01,5.745310326173581617e-01,5.696411760861901374e-01,5.670964736275129203e-01,5.665914284297782766e-01,5.678099498384630017e-01,5.704341407083244331e-01,5.741523414234454004e-01,5.786688362401702923e-01,5.837165407058380051e-01,5.890722485982637924e-01,5.945719048348302449e-01,6.001216475823529795e-01,6.057001957641946488e-01,6.113501320050317434e-01
8.212121212121212821e-01,6.131109850980999143e-01,6.083684067434853571e-01,6.039892635772431406e-01,5.998999502394078975e-01,5.960679554003363023e-01,5.925231499299717930e-01,5.893700392241257857e-01,5.867885384872647547e-01,5.850245200063417528e-01,5.843738438980350391e-01,5.851638617975404300e-01,5.877348758201115242e-01,5.924217654055663473e-01,5.995340480587921794e-01,6.093315125557102752e-01,6.219924932316635013e-01,6.375730119809831509e-01,6.559576756620109084e-01,6.768076144520043247e-01,6.995165875219445661e-01,7.231921338799024435e-01,7.466810821166030010e-01,7.686537445284945536e-01,7.877460687833577335e-01,8.027371075336707795e-01,8.127198747356401132e-01,8.172191246251957475e-01,8.162252112257547543e-01,8.101420572464541614e-01,7.996742907504231779e-01,7.856913452868049541e-01,7.691025353043782209e-01,7.507634586454806636e-01,7.314193418210666042e-01,7.116807110900367217e-01,6.920222673500964206e-01,6.727956066658604684e-01,6.542483488254180468e-01,6.365446959123129966e-01,6.197845808915323218e-01,6.040200988877140187e-01,5.892688683738719346e-01,5.755244873047027365e-01,5.627644807639076152e-01,5.509562008739375960e-01,5.400611173048506242e-01,5.300378770207652135e-01,5.208444422667273255e-01,5.124395497803911903e-01,5.047836773916148934e-01,4.978396578820658558e-01,4.915730434947763183e-01,4.859522962299548943e-01,4.809488571135491775e-01,4.765371297069573298e-01,4.726943957385980055e-01,4.694006553667835480e-01,4.666383193056044543e-01,4.643913933407062267e-01,4.626411752020868628e-01,4.613420053107186170e-01,4.606031847959717873e-01,4.603585705529232297e-01,4.606031847959703440e-01,4.613420053107185614e-01,4.626524610641108981e-01,4.644081201787581548e-01,4.666564699361777091e-01,4.694184223959972924e-01,4.727107294540314752e-01,4.765513853008414569e-01,4.809606552450382821e-01,4.859614572525531306e-01,4.915795552415604397e-01,4.978436618799113589e-01,5.047854668593451111e-01,5.124395762732606441e-01,5.208433295126401186e-01,5.300364414096887522e-01,5.400603950493216843e-01,5.509574822230094426e-01,5.627693518943919226e-01,5.755348806427453834e-01,5.892871220909451369e-01,6.040490261017802398e-01,6.198275485735437185e-01,6.366057124806893119e-01,6.543321576699883124e-01,6.729077800770083551e-01,6.921692912125170238e-01,7.118700449813367692e-01,7.316594318812208453e-01,7.510636724907772122e-01,7.694729813317241485e-01,7.861425367523116048e-01,8.002166237256425063e-01,8.107850973449380882e-01,8.169768303764883832e-01,8.180845911298531004e-01,8.137010588992994453e-01,8.038319912271789658e-01,7.889487123599333573e-01,7.699547639623848250e-01,7.480685546417116250e-01,7.246527376384668262e-01,7.010367367528853588e-01,6.783743847811936067e-01,6.575594031124242234e-01,6.391995371367964474e-01,6.236350922932338836e-01,6.109825906978791910e-01,6.011866768789518867e-01,5.940691392949990490e-01,5.893697540450409944e-01,5.867780612955818542e-01,5.859578536313126973e-01,5.865673164419875629e-01,5.882776830037990123e-01,5.907921187102848082e-01,5.938645665159838494e-01,5.973159904134955900e-01,6.010439323787253318e-01,6.050216087406263821e-01,6.092853052542407388e-01,6.139125980862661924e-01
8.249999999999999556e-01,6.140859779010658936e-01,6.099715077985606859e-01,6.065296528212418270e-01,6.036953335936752207e-01,6.014151109115772886e-01,5.996721944679825889e-01,5.985093754404773314e-01,5.980437145618923145e-01,5.984691524094215564e-01,6.000467773131311633e-01,6.030853085011960157e-01,6.079151149062365089e-01,6.148579552214513688e-01,6.241927012777817030e-01,6.361158816455741993e-01,6.506959957849023368e-01,6.678227073839898553e-01,6.871563440150171287e-01,7.080889547366648884e-01,7.297335442041636977e-01,7.509595640238470038e-01,7.704861455255036518e-01,7.870284539236035437e-01,7.994710075743806099e-01,8.070252624947490405e-01,8.093283004192289853e-01,8.064580406075034791e-01,7.988690924396267823e-01,7.872772371633943722e-01,7.725292834799311059e-01,7.554887073581308954e-01,7.369534861310795826e-01,7.176089946367688599e-01,6.980101910372589202e-01,6.785840308192241377e-01,6.596434264393606917e-01,6.414061282228328276e-01,6.240142407722805151e-01,6.075520224150555704e-01,5.920609558888474400e-01,5.775518894361165723e-01,5.640144724138066445e-01,5.514242880261696067e-01,5.397481238197288089e-01,5.289477882462452207e-01,5.189828207818050210e-01,5.098123765006082886e-01,5.013965045457404734e-01,4.936969878218894214e-01,4.866778691652514643e-01,4.803057562972664063e-01,4.745499724712534118e-01,4.693826000935093501e-01,4.647784487736381642e-01,4.607149645058121190e-01,4.571720772946736844e-01,4.541319423770400765e-01,4.515783828794899257e-01,4.494949945522566659e-01,4.478413393538489551e-01,4.466511113379743603e-01,4.459703889403211496e-01,4.457445146842172190e-01,4.459703889403215382e-01,4.466511113379741937e-01,4.478459388407009523e-01,4.495135594781243804e-01,4.516010227757998319e-01,4.541559076591573652e-01,4.571958608918452738e-01,4.607376262938786549e-01,4.647993882027344204e-01,4.694014551517041167e-01,4.745665695819164531e-01,4.803200856676079211e-01,4.866900750915780782e-01,4.937073691284522559e-01,5.014055228641850492e-01,5.098206713903776777e-01,5.189912314393129167e-01,5.289573820351440858e-01,5.397602321970599304e-01,5.514405506880141195e-01,5.640368906437426277e-01,5.775828896808788970e-01,5.921034644420689608e-01,6.076095516469137703e-01,6.240909864265724583e-01,6.415070756622014425e-01,6.597744610249873798e-01,6.787520434755766052e-01,6.982231641198928251e-01,7.178760453687413889e-01,7.372848355991532543e-01,7.558955340744465401e-01,7.730234154492365839e-01,7.878706411773792606e-01,7.995731413595076331e-01,8.072825843975570681e-01,8.102806327010119158e-01,8.081091453051734153e-01,8.006859616874626440e-01,7.883695058804125466e-01,7.719441302891725254e-01,7.525219377152151390e-01,7.313855224502715524e-01,7.098147180491815034e-01,6.889400662614385551e-01,6.696492452045090804e-01,6.525511871145763809e-01,6.379864854587365963e-01,6.260660695901630879e-01,6.167215534033342328e-01,6.097560142855644738e-01,6.048897761539044904e-01,6.018000839237162003e-01,6.001557035516805749e-01,5.996475676003749644e-01,6.000151312297132833e-01,6.010661509994114082e-01,6.026864650278338509e-01,6.048371682972254471e-01,6.075394821938028267e-01,6.108512674680588450e-01,6.148414991031690979e-01
8.287878787878788511e-01,6.137314003467650991e-01,6.098579364363354571e-01,6.069289924324876573e-01,6.049240503186099627e-01,6.038111367166278942e-01,6.035655449171088982e-01,6.041932263183198426e-01,6.057529920559383552e-01,6.083707244648732804e-01,6.122403958791139411e-01,6.176099576520434065e-01,6.247532584340462769e-01,6.339307093831154649e-01,6.453414129860037818e-01,6.590692227380722246e-01,6.750261422729614269e-01,6.928995376302158338e-01,7.121144578973407357e-01,7.318268647675791883e-01,7.509640249455779015e-01,7.683209040750977881e-01,7.827050982125860479e-01,7.931024670865527426e-01,7.988216942232447826e-01,7.995783220967760396e-01,7.954985916162149451e-01,7.870507984242924859e-01,7.749327692606136075e-01,7.599500467884843236e-01,7.429118427182699325e-01,7.245582741581289010e-01,7.055201480609029074e-01,6.863051821846872791e-01,6.673020545480917720e-01,6.487943465315667568e-01,6.309784691623812058e-01,6.139818247087568404e-01,5.978791936864679135e-01,5.827065201348842205e-01,5.684719717627513269e-01,5.551645130294652342e-01,5.427603753159603306e-01,5.312278333169244693e-01,5.205306621645098275e-01,5.106305919119611403e-01,5.014890143446735227e-01,4.930681408492412210e-01,4.853317626748135938e-01,4.782457267972268777e-01,4.717782108017607445e-01,4.658998572722954368e-01,4.605838105118557069e-01,4.558056843271107716e-01,4.515434769482410404e-01,4.477774340078206072e-01,4.444898321461728252e-01,4.416645734045486216e-01,4.392861228945276197e-01,4.373344645102582029e-01,4.357387452470955491e-01,4.346738714159746331e-01,4.340418295714040808e-01,4.338318756738218096e-01,4.340418295714048580e-01,4.346738714159719685e-01,4.357387452470970479e-01,4.373521599052895836e-01,4.393116834402759907e-01,4.416935585942092235e-01,4.445201114930714126e-01,4.478077119880725099e-01,4.515729066424223892e-01,4.558337115619843227e-01,4.606100987933498536e-01,4.659242493349098901e-01,4.718007099667265725e-01,4.782664907372838337e-01,4.853511060776822261e-01,4.930865453351945815e-01,5.015071450066460601e-01,5.106493204713303813e-01,5.205510971691128530e-01,5.312513581379721961e-01,5.427886949612448220e-01,5.551997109801853902e-01,5.685165781293297638e-01,5.827635923442072707e-01,5.979524105436847536e-01,6.140755938391030400e-01,6.310980462670215951e-01,6.489459622271828154e-01,6.674930403587910899e-01,6.865440810658440807e-01,7.058167863860204116e-01,7.249237616811018414e-01,7.433584561129545909e-01,7.604909444402030427e-01,7.755814861294102469e-01,7.878204882641585138e-01,7.964010271744647040e-01,8.006227329114347091e-01,8.000136026146263957e-01,7.944427444828303653e-01,7.841894661987131032e-01,7.699400229864791223e-01,7.527041629797898148e-01,7.336709801540770570e-01,7.140434250225905499e-01,6.948932440468774674e-01,6.770642647493735344e-01,6.611316128455823060e-01,6.474081417222944390e-01,6.359818976890929676e-01,6.267688671842442938e-01,6.195697178623061907e-01,6.141240316468615790e-01,6.101585562037920019e-01,6.074269077044627263e-01,6.057378800716828327e-01,6.049695387387579171e-01,6.050679014315445414e-01,6.060322031363787332e-01,6.078920895131167956e-01,6.106837023464520842e-01,6.144306328892337188e-01
8.325757575757576356e-01,6.123221882310370123e-01,6.083593153267220499e-01,6.055398599628253331e-01,6.039045625290625496e-01,6.034728966211795331e-01,6.042509049571981317e-01,6.062461193778743151e-01,6.094868059240201585e-01,6.140397104661811101e-01,6.200189636627619905e-01,6.275798499553147947e-01,6.368943449305677351e-01,6.481092108183402756e-01,6.612907682385159580e-01,6.763631744025001558e-01,6.930498702775765851e-01,7.108313721325804080e-01,7.289354142533009950e-01,7.463745663138559028e-01,7.620384464419407422e-01,7.748316359348517146e-01,7.838294266637810814e-01,7.884114517863910487e-01,7.883368596882952550e-01,7.837442207743097189e-01,7.750849656622169626e-01,7.630178178637233577e-01,7.482962537678051751e-01,7.316734148417990413e-01,7.138362456529501188e-01,6.953695233404298959e-01,6.767439230709666464e-01,6.583201723222181778e-01,6.403620672213142795e-01,6.230530084009495706e-01,6.065126857681356620e-01,5.908121125281957653e-01,5.759862728780830166e-01,5.620442791622503043e-01,5.489772579678028341e-01,5.367643151360204090e-01,5.253769516225321734e-01,5.147822706613612853e-01,5.049452643297116516e-01,4.958304118355260637e-01,4.874027709280717713e-01,4.796287008508954286e-01,4.724763206238660196e-01,4.659157793277317605e-01,4.599193941727207635e-01,4.544616960525342808e-01,4.495194095630005160e-01,4.450713833968372724e-01,4.410984748520617726e-01,4.375833723318933721e-01,4.345102905578181463e-01,4.318642994610971120e-01,4.296291152575207883e-01,4.277686750772009550e-01,4.262788843060604238e-01,4.252863285438028274e-01,4.246950631821640454e-01,4.244985190101588923e-01,4.246950631821669875e-01,4.252863285438034935e-01,4.262788843060590360e-01,4.277804097509489978e-01,4.296556766459426191e-01,4.318969677117204808e-01,4.345460053817504775e-01,4.376203875745198202e-01,4.411356587449721811e-01,4.451079733153006091e-01,4.495549007209665993e-01,4.544957848025079072e-01,4.599519485073116920e-01,4.659468251801820449e-01,4.725060386886462127e-01,4.796574313871677098e-01,4.874310254101049122e-01,4.958588911260192744e-01,5.049748835876189945e-01,5.148141915943338365e-01,5.254126230199305247e-01,5.368055228939779822e-01,5.490261860374616720e-01,5.621035829810419049e-01,5.760591668103083318e-01,5.909024725237489450e-01,6.066251676538204629e-01,6.231931806635155890e-01,6.405365544279492118e-01,6.585368009511288756e-01,6.770118549460120150e-01,6.956993526735090194e-01,7.142400240145040380e-01,7.321645555126493621e-01,7.488892562849315260e-01,7.637277514843563431e-01,7.759266660075240241e-01,7.847311962793764861e-01,7.894799767774225430e-01,7.897175582242249581e-01,7.853001496047897767e-01,7.764626106001832895e-01,7.638191607281242801e-01,7.482888545445439687e-01,7.309624572654030983e-01,7.129469390809550777e-01,6.952275213795294784e-01,6.785752300015391869e-01,6.635089880806172014e-01,6.503052649348914915e-01,6.390402440254357996e-01,6.296485143642759352e-01,6.219850614576761805e-01,6.158807714009407741e-01,6.111844758274633804e-01,6.077873022343754927e-01,6.056285070705372808e-01,6.046859653645079158e-01,6.049577730299340317e-01,6.064424749459704778e-01,6.091238542347114926e-01,6.129630602297380104e-01
8.363636363636364202e-01,6.100286365990762460e-01,6.057320663395852067e-01,6.026985791495197420e-01,6.010284246533402763e-01,6.008023955485708445e-01,6.020799428080017002e-01,6.049025730190211725e-01,6.093026704330459786e-01,6.153149821889454252e-01,6.229849163506855358e-01,6.323662233752948003e-01,6.435018957445280963e-01,6.563862830070316123e-01,6.709123224045517864e-01,6.868139507719938086e-01,7.036189969836874614e-01,7.206307267255168680e-01,7.369545656881043572e-01,7.515779313513325510e-01,7.634952332898177207e-01,7.718518426828363532e-01,7.760692981866602613e-01,7.759172833246510415e-01,7.715160876830402525e-01,7.632771481644486933e-01,7.518067582659004877e-01,7.378024918984193992e-01,7.219650497880608642e-01,7.049366565682184671e-01,6.872668896027301910e-01,6.694007414188478666e-01,6.516817015055640372e-01,6.343632307790276759e-01,6.176236881799814782e-01,6.015815616669800692e-01,5.863092978288344526e-01,5.718450097348393157e-01,5.582019335597429022e-01,5.453758123439376160e-01,5.333505136834753024e-01,5.221022146218292637e-01,5.116024624084417605e-01,5.018203744368895380e-01,4.927241910632788602e-01,4.842823490940668107e-01,4.764642046348783189e-01,4.692405022761826361e-01,4.625836626268022833e-01,4.564679408929330218e-01,4.508694943126393406e-01,4.457663845484055032e-01,4.411385312289091143e-01,4.369676227109136057e-01,4.332369756115925785e-01,4.299313036865247684e-01,4.270362639568699437e-01,4.245372617130307447e-01,4.224142753507078019e-01,4.205673593914061037e-01,4.192401496902534719e-01,4.183063187740291844e-01,4.177490570460655195e-01,4.175637269087645875e-01,4.177490570460690167e-01,4.183063187740277966e-01,4.192401496902580238e-01,4.205673593914069364e-01,4.224392886514805046e-01,4.245720791360433899e-01,4.270762482100978752e-01,4.299741012707689602e-01,4.332811116135119600e-01,4.370121011916032194e-01,4.411826691809804246e-01,4.458097301424210346e-01,4.509117836903479004e-01,4.565090757736512961e-01,4.626237008277370166e-01,4.692796573643217006e-01,4.765028529066413499e-01,4.843210431573266028e-01,4.927636799649161570e-01,5.018616307515112451e-01,5.116467170816866306e-01,5.221510006897793765e-01,5.334057202831880007e-01,5.454397506778235760e-01,5.582774166386184067e-01,5.719354477238617340e-01,5.864188105238801185e-01,6.017151088259058422e-01,6.177872168078294424e-01,6.345638355727692970e-01,6.519277899268320908e-01,6.697021876318439704e-01,6.876351512539696786e-01,7.053848150806628636e-01,7.225077197325030509e-01,7.384555316127973112e-01,7.525867090346668453e-01,7.642003430897621463e-01,7.725974147955623206e-01,7.771686655664523657e-01,7.774980551257658634e-01,7.734591922830156285e-01,7.652752280411466712e-01,7.535170626861210641e-01,7.390321178587232476e-01,7.228197752100158358e-01,7.058878125359865363e-01,6.891275474466628248e-01,6.732339729652759841e-01,6.586789536410793122e-01,6.457296609781876251e-01,6.344957423773256444e-01,6.249869783226605913e-01,6.171660004715885384e-01,6.109858913876939912e-01,6.064087361307287649e-01,6.034072169223527737e-01,6.019555890417772614e-01,6.020176445656033604e-01,6.035376194391914861e-01,6.064368092741608818e-01,6.106156772363948715e-01
8.401515151515152047e-01,6.069820806562725712e-01,6.021892499334395854e-01,5.987137801507099732e-01,5.967039794874369196e-01,5.962967637694902567e-01,5.976096456252826261e-01,6.007343311176297496e-01,6.057332726640158871e-01,6.126390173185110033e-01,6.214536150645467716e-01,6.321428439124417986e-01,6.446194244001348661e-01,6.587122562222269551e-01,6.741250512192886735e-01,6.903956417933284628e-01,7.068735433514895528e-01,7.227343511292906308e-01,7.370424812685733018e-01,7.488586526896959805e-01,7.573700897953896671e-01,7.620087953248276813e-01,7.625243294570084318e-01,7.589933315448252893e-01,7.517703120602632350e-01,7.414015507075398803e-01,7.285293843803843927e-01,7.138087315533925281e-01,6.978472454195151498e-01,6.811708078036857739e-01,6.642100785790527873e-01,6.473016133844449183e-01,6.306973895059282409e-01,6.145780397317828214e-01,5.990667310698301051e-01,5.842419777287602978e-01,5.701486214793608509e-01,5.568067907781996118e-01,5.442189602830407313e-01,5.323753695579590550e-01,5.212580964705200159e-01,5.108440656156010284e-01,5.011072345561032870e-01,4.920201571189749545e-01,4.835550815880673703e-01,4.756847058037244613e-01,4.683826817776891582e-01,4.616239390872383108e-01,4.553848781330221973e-01,4.496434702828386865e-01,4.443792909033819072e-01,4.395735021572695911e-01,4.352087937045915900e-01,4.312692783208457170e-01,4.277403188822559432e-01,4.246082100896425016e-01,4.218594548191203497e-01,4.194784604155830654e-01,4.174324969507606786e-01,4.156784607016361099e-01,4.144273156294734917e-01,4.135418685040656017e-01,4.130129068050799046e-01,4.128369250616561459e-01,4.130129068050795160e-01,4.135418685040606057e-01,4.144273156294756011e-01,4.156784607016372757e-01,4.174518018427809674e-01,4.195136049758634300e-01,4.219024227737545041e-01,4.246557644555635780e-01,4.277905514189731528e-01,4.313209223792574543e-01,4.352609718050991505e-01,4.396256085810428260e-01,4.444309305209158123e-01,4.496944256126668149e-01,4.554350927819483252e-01,4.616735120223467992e-01,4.684318697309732826e-01,4.757339325750211678e-01,4.836049538652664737e-01,4.920714870019757825e-01,5.011610694028530988e-01,5.109017261970386636e-01,5.213212247594244397e-01,5.324459877913358952e-01,5.442995432118516996e-01,5.569003532053643513e-01,5.702588231974640154e-01,5.843732476517916608e-01,5.992244114664925236e-01,6.147685496470021160e-01,6.309284031837515405e-01,6.475822440997652807e-01,6.645510499688702666e-01,6.815845828847039156e-01,6.983480678848278389e-01,7.144125159629383104e-01,7.292533754380311484e-01,7.422636647581531966e-01,7.527880880958237597e-01,7.601824675257131680e-01,7.638968696055126184e-01,7.635711547595325221e-01,7.591212182826997390e-01,7.507886942120701734e-01,7.391322347645823410e-01,7.249556809824391213e-01,7.091906882552736491e-01,6.927672106847573286e-01,6.765064468278148002e-01,6.610582992357468823e-01,6.468870094310837926e-01,6.342934737049253924e-01,6.234556126167194456e-01,6.144691664966082101e-01,6.073776397476371436e-01,6.021881364956691574e-01,5.988762458580313419e-01,5.973859904078574479e-01,5.976301827348967644e-01,5.994939139392192473e-01,6.028412393512807554e-01,6.075235884401131159e-01
8.439393939393939892e-01,6.031741942573644044e-01,5.977826014767955165e-01,5.937182948685731931e-01,5.911647196827077844e-01,5.903037223563071256e-01,5.913046980707379330e-01,5.943117205412764559e-01,5.994297395909961024e-01,6.067108049952535387e-01,6.161402686153014674e-01,6.276213508826247178e-01,6.409556106231700801e-01,6.558184966485925971e-01,6.717341443807649526e-01,6.880604286439738759e-01,7.039999297425990621e-01,7.186501527319961724e-01,7.310948762850176808e-01,7.405212145456724349e-01,7.463324930979500227e-01,7.482244946776006600e-01,7.462047859610474454e-01,7.405553585838183794e-01,7.317565511424999336e-01,7.203975122567981559e-01,7.070949271486935972e-01,6.924324261340200071e-01,6.769237128275362725e-01,6.609962181152939653e-01,6.449894749884591549e-01,6.291623735537414941e-01,6.137046746398224784e-01,5.987496707283871400e-01,5.843861866674663341e-01,5.706690508161057496e-01,5.576277592702628683e-01,5.452733854133693381e-01,5.336039426605047042e-01,5.226084601367008142e-01,5.122700273625425682e-01,5.025680347673256998e-01,4.934797990708750248e-01,4.849817250917544120e-01,4.770501223044421035e-01,4.696617667578250055e-01,4.627942767067141916e-01,4.564263528239039247e-01,4.505379202639147596e-01,4.451101992083973391e-01,4.401257218631134394e-01,4.355683060167248044e-01,4.314229862939377713e-01,4.276758898360766836e-01,4.243140108321120652e-01,4.213247425176650518e-01,4.186946453156520365e-01,4.164045481918673963e-01,4.143267721987199947e-01,4.127600820159856854e-01,4.115684265070211345e-01,4.107230128928085477e-01,4.102175861045198046e-01,4.100493867872760378e-01,4.102175861045225802e-01,4.107230128928049395e-01,4.115684265070214676e-01,4.127600820159845751e-01,4.143267721987199392e-01,4.164376893796095658e-01,4.187391510821932838e-01,4.213759504671030220e-01,4.243694355430421283e-01,4.277339384195739669e-01,4.314825624522141134e-01,4.356286400159971595e-01,4.401862850086905032e-01,4.451706576282560834e-01,4.505981100680327978e-01,4.564862685343869519e-01,4.628540690359171927e-01,4.697217478435805060e-01,4.771107776275348433e-01,4.850437319987521145e-01,4.935440523259937429e-01,5.026356799669371433e-01,5.123425034181231519e-01,5.226875523883510732e-01,5.336918485238851817e-01,5.453727947626121342e-01,5.577419519599595699e-01,5.708020137386425885e-01,5.845427523442786599e-01,5.989356783533715811e-01,6.139271522870022313e-01,6.294297362981170485e-01,6.453117271367246888e-01,6.613851376448930397e-01,6.773929816541087723e-01,6.929976508396070711e-01,7.077734729273010839e-01,7.212080529761678571e-01,7.327182303311716716e-01,7.416864746833083943e-01,7.475209768941288857e-01,7.497365106983329142e-01,7.480438005438190263e-01,7.424258223616488905e-01,7.331758549179145934e-01,7.208792601466770256e-01,7.063385724393385079e-01,6.904619271103588085e-01,6.741470304955435866e-01,6.581904170092315320e-01,6.432373407817487676e-01,6.297704153966622309e-01,6.181237022409161730e-01,6.085067046677097302e-01,6.010274616501486422e-01,5.957108433295278394e-01,5.925130941051235389e-01,5.913352042283670507e-01,5.920366983692721963e-01,5.944497630265033195e-01,5.983925953680460097e-01,6.036807532414274480e-01
8.477272727272727737e-01,5.985103822589680211e-01,5.924508735366221801e-01,5.877036440828911079e-01,5.844775286637984291e-01,5.829890724387727374e-01,5.834508936204196861e-01,5.860551901981774225e-01,5.909524904985783422e-01,5.982264978137583622e-01,6.078664925293423282e-01,6.197391164342336278e-01,6.335618585201061581e-01,6.488820726061212962e-01,6.650684559827704234e-01,6.813253103027515634e-01,6.967400432890357154e-01,7.103674975073044351e-01,7.213408742580523780e-01,7.289844515802982317e-01,7.328973296883508626e-01,7.329854195457620181e-01,7.294371797498199195e-01,7.226570223907443635e-01,7.131799590546827883e-01,7.015898161421457724e-01,6.884551974929585816e-01,6.742880480434626511e-01,6.595228962681356499e-01,6.445116078510044755e-01,6.295279777290873069e-01,6.147774489449105983e-01,6.004086592796670230e-01,5.865248135932945583e-01,5.731938502395970136e-01,5.604570034060784023e-01,5.483357300530559142e-01,5.368371545464046823e-01,5.259582564216822576e-01,5.156890368220108378e-01,5.060148787932852166e-01,4.969182843929146332e-01,4.883801374389016847e-01,4.803806094442930608e-01,4.728997996561249972e-01,4.659181784207505062e-01,4.594168858786480958e-01,4.533779245138148117e-01,4.477842735275916475e-01,4.426199445247883668e-01,4.378699906285200560e-01,4.335204734863369325e-01,4.295583819419273031e-01,4.259714753131587650e-01,4.227479703650064424e-01,4.198758113333732056e-01,4.173404300325280758e-01,4.151125721546609082e-01,4.131049802433675588e-01,4.116187090843306806e-01,4.104756803552177535e-01,4.096636055482537064e-01,4.091778367380445869e-01,4.090161425221766622e-01,4.091778367380458081e-01,4.096636055482562044e-01,4.104756803552161437e-01,4.116187090843320129e-01,4.131049802433640061e-01,4.151402446885784636e-01,4.173847944174650104e-01,4.199294839723178296e-01,4.228076456130565042e-01,4.260351501965043974e-01,4.296247055630093015e-01,4.335884961955896455e-01,4.379390443840225910e-01,4.426895793948970037e-01,4.478542227924017238e-01,4.534480864893440932e-01,4.594873168347702319e-01,4.659890938352164724e-01,4.729715825409050445e-01,4.804538253610014520e-01,4.884555564147669560e-01,4.969969104114863589e-01,5.060979879410728577e-01,5.157782255623776235e-01,5.260555018535886251e-01,5.369448888793624253e-01,5.484569318550581718e-01,5.605953083804513515e-01,5.733536842207829221e-01,5.867115498845288935e-01,6.006288010133514765e-01,6.150388342600111580e-01,6.298400004188519086e-01,6.448854376746436801e-01,6.599716701297035915e-01,6.748269847082339901e-01,6.891015644212014069e-01,7.023626497909445376e-01,7.140994165663705484e-01,7.237432364697533593e-01,7.307085199985662305e-01,7.344561545953006698e-01,7.345748460617868014e-01,7.308663969079126632e-01,7.234127880868110871e-01,7.126015847090043653e-01,6.990956339543672460e-01,6.837512396154873384e-01,6.675071628250336397e-01,6.512747983090260151e-01,6.358540556460257065e-01,6.218851257297558499e-01,6.098327270109169529e-01,5.999927393469590697e-01,5.925113491123422671e-01,5.874101559396390781e-01,5.846136136341939515e-01,5.839764769312165704e-01,5.853092657132953347e-01,5.884000693972759599e-01,5.930316520687236581e-01,5.989936365274137753e-01
8.515151515151515582e-01,5.928238938125293123e-01,5.860366990704626300e-01,5.805362759805250406e-01,5.765516852416390225e-01,5.743281004758223895e-01,5.741153808944208237e-01,5.761497047477165401e-01,5.806271875195098131e-01,5.876695521263780586e-01,5.972838349506014444e-01,6.093205762727295083e-01,6.234377383927580674e-01,6.390801848461288293e-01,6.554860513914633202e-01,6.717299718307305767e-01,6.868066032444577473e-01,6.997456058132562884e-01,7.097350350523135010e-01,7.162220166531809706e-01,7.189643095549477225e-01,7.180229853343045310e-01,7.137061077815887167e-01,7.064859477544016553e-01,6.969137270202017120e-01,6.855488903361236508e-01,6.729103118860514376e-01,6.594491031530069769e-01,6.455384936000685414e-01,6.314751215706456700e-01,6.174867362131483128e-01,6.037426523034693515e-01,5.903646380710892982e-01,5.774369644791425005e-01,5.650150537943334772e-01,5.531325919448878414e-01,5.418071957042257525e-01,5.310448256061585104e-01,5.208431625983034330e-01,5.111941560639391424e-01,5.020859241723726329e-01,4.935041562740449805e-01,4.854331371101260340e-01,4.778564864552596880e-01,4.707576861425972203e-01,4.641204490225482315e-01,4.579289706869659748e-01,4.521680940232845058e-01,4.468234080874969316e-01,4.418812955776802998e-01,4.373289362825982241e-01,4.331542654214655674e-01,4.293458715297274741e-01,4.258927862818143728e-01,4.227840253283818850e-01,4.200073881809940346e-01,4.175450489104811092e-01,4.153281534598856073e-01,4.134417851889417017e-01,4.120129775169995012e-01,4.109104340697069535e-01,4.101263681868952959e-01,4.096571473219027260e-01,4.095009320059901370e-01,4.096571473219015602e-01,4.101263681868959621e-01,4.109104340697087299e-01,4.120129775169968367e-01,4.134417851889409246e-01,4.153422194215199426e-01,4.175871831371661957e-01,4.200622091566660332e-01,4.228469591222308033e-01,4.259612895035398417e-01,4.294182862980603366e-01,4.332294386053133217e-01,4.374060504534581506e-01,4.419597823053506014e-01,4.469029003997424532e-01,4.522484004638540611e-01,4.580100629148209368e-01,4.642024590248418625e-01,4.708409111734436214e-01,4.779414009510122296e-01,4.855204115578640178e-01,4.935946835443209557e-01,5.021808542793788632e-01,5.112949407421523151e-01,5.209516115116384904e-01,5.311631764385034149e-01,5.419382007991554451e-01,5.532796245142005409e-01,5.651822368915205841e-01,5.776293257439444329e-01,5.905882923735299439e-01,6.040050123388139847e-01,6.177967470486459556e-01,6.318435080203096410e-01,6.459779976789707945e-01,6.599746711589331571e-01,6.735391656994809129e-01,6.863003857719359724e-01,6.978088677712629417e-01,7.075463977807119331e-01,7.149525487869863305e-01,7.194727298241759827e-01,7.206282296557865452e-01,7.181011026013289777e-01,7.118171961692361105e-01,7.020035677292038034e-01,6.891977760311485124e-01,6.741988488011356750e-01,6.579690731642257040e-01,6.415122700065302164e-01,6.257591401595229419e-01,6.114826150129319959e-01,5.992524291983560847e-01,5.894261573006377430e-01,5.821674578481220719e-01,5.774806590071211998e-01,5.752519714674312334e-01,5.752899206185692060e-01,5.773602598052152146e-01,5.812130953682935752e-01,5.866019607440500216e-01,5.932958165118886740e-01
8.553030303030303427e-01,5.858895557204700788e-01,5.783054645257934556e-01,5.719815502859963985e-01,5.671664142483252569e-01,5.641327935279808470e-01,5.631666791334423161e-01,5.645478271358620459e-01,5.685194305900272971e-01,5.752460013811966366e-01,5.847613501048276596e-01,5.969130873184633757e-01,6.113155627507416146e-01,6.273276538700137683e-01,6.440722116452169965e-01,6.605072111691765446e-01,6.755440704081768777e-01,6.881903803879938497e-01,6.976813185476727908e-01,7.035649231241033474e-01,7.057224661014029898e-01,7.043280359759821474e-01,6.997691171944061539e-01,6.925553967628045315e-01,6.832375091826561331e-01,6.723470985055679527e-01,6.603602119542116844e-01,6.476803139287424793e-01,6.346351433667944963e-01,6.214818809020724588e-01,6.084163759035219332e-01,5.955836198990306363e-01,5.830878400327201838e-01,5.710014197213977294e-01,5.593723727330660589e-01,5.482303852436879454e-01,5.375915785860744256e-01,5.274621947476876294e-01,5.178414083860151118e-01,5.087234484886439256e-01,5.000991841551020167e-01,4.919572997860066632e-01,4.842851586572434197e-01,4.770694316362428800e-01,4.702965497318377097e-01,4.639530248089300257e-01,4.580256714956526531e-01,4.525017543602688486e-01,4.473690770989132148e-01,4.426160238813350301e-01,4.382315558273757738e-01,4.342051551580193847e-01,4.305266890122783074e-01,4.271861127402142300e-01,4.241727652144530736e-01,4.214732876012320939e-01,4.190618665587984015e-01,4.168035720364037799e-01,4.150905684636788107e-01,4.137086436613722773e-01,4.126403597075622987e-01,4.118801219482755571e-01,4.114249994045743875e-01,4.112734540028753494e-01,4.114249994045759418e-01,4.118801219482742249e-01,4.126403597075637975e-01,4.137086436613756635e-01,4.150905684636824189e-01,4.168035720364022811e-01,4.190988457755958629e-01,4.215277402030345733e-01,4.242378941188788000e-01,4.272586218890380705e-01,4.306045359451970422e-01,4.342869491053599207e-01,4.383163144970079195e-01,4.427030546436806491e-01,4.474579130588456910e-01,4.525921189552951085e-01,4.581174600361027638e-01,4.640462974196246648e-01,4.703915329897678799e-01,4.771665277033865227e-01,4.843849616168111050e-01,4.920606195243751868e-01,5.002070786450956152e-01,5.088372658019126860e-01,5.179628402353964045e-01,5.275933438520750141e-01,5.377350426559482921e-01,5.483893608692878008e-01,5.595507828375939630e-01,5.712040683600630997e-01,5.833205978957101134e-01,5.958536424453539926e-01,6.087323528694669195e-01,6.218543098704133465e-01,6.350766095695463687e-01,6.482057414829466291e-01,6.609870262098327398e-01,6.730952039387422259e-01,6.841289441331326326e-01,6.936134843007980555e-01,7.010169082958330744e-01,7.057858763005893099e-01,7.074046532191448078e-01,7.054756936493815633e-01,6.998108018481939974e-01,6.905115588706749463e-01,6.780119716186654433e-01,6.630612797514540135e-01,6.466419922989903313e-01,6.298408060031976952e-01,6.137063391287247427e-01,5.991292234049026000e-01,5.867679338235877173e-01,5.770259765855288991e-01,5.700713843199262110e-01,5.658822327050562206e-01,5.643017598027840753e-01,5.650908313643572267e-01,5.679709074117555989e-01,5.726552862937055455e-01,5.788693861322095069e-01,5.863622198489145676e-01
8.590909090909091272e-01,5.774361504891158958e-01,5.689614623171781460e-01,5.617251812533230471e-01,5.559989767823759754e-01,5.520872834226534520e-01,5.503168838291685461e-01,5.510162377102676423e-01,5.544811347025576653e-01,5.609246461447868759e-01,5.704130611610623847e-01,5.827960686910785837e-01,5.976478938645308769e-01,6.142428722349070336e-01,6.315882861012950267e-01,6.485243786219525575e-01,6.638777080581472756e-01,6.766298524419862570e-01,6.860535396573602673e-01,6.917802301092389472e-01,6.937904751574044404e-01,6.923450992303787910e-01,6.878885452167669001e-01,6.809535555926397032e-01,6.720852772982292000e-01,6.617908808545074351e-01,6.505125268361916513e-01,6.386178023913793300e-01,6.264013051158802137e-01,6.140922095040424189e-01,6.018642535983815822e-01,5.898459827801291189e-01,5.781301188667715696e-01,5.667815836152133580e-01,5.558440868567263715e-01,5.453453834952157742e-01,5.353013841946754336e-01,5.257193224286975664e-01,5.166001673354067014e-01,5.079404458447448478e-01,4.997336086315700698e-01,4.919710473344346968e-01,4.846428470670827160e-01,4.777383389554519244e-01,4.712465019683140799e-01,4.651562510938191397e-01,4.594566392759006912e-01,4.541369927662207706e-01,4.491869929071387602e-01,4.445967108246178801e-01,4.403565932934435656e-01,4.364573840654503711e-01,4.328899337895520949e-01,4.296447644147425304e-01,4.267109428302057195e-01,4.240722320883995589e-01,4.216800189108894648e-01,4.195132839065000563e-01,4.178578156287487411e-01,4.165156130937137657e-01,4.154768369880883494e-01,4.147371959903792260e-01,4.142942740703116078e-01,4.141467715803785477e-01,4.142942740703143834e-01,4.147371959903793925e-01,4.154768369880880163e-01,4.165156130937154866e-01,4.178578156287487411e-01,4.195132839064987240e-01,4.217065641224173045e-01,4.241244575686305418e-01,4.267770923865295551e-01,4.297204187159648914e-01,4.329725480596876008e-01,4.365452805929611046e-01,4.404486022510294418e-01,4.446920056650364161e-01,4.492850045815538484e-01,4.542373624304705815e-01,4.595591926668243232e-01,4.652609867657043208e-01,4.713535895880525683e-01,4.778481258814761268e-01,4.847558726017629493e-01,4.920880648117335610e-01,4.998556160996395215e-01,5.080687266381415101e-01,5.167363423642020726e-01,5.258654165739597985e-01,5.354599098009285019e-01,5.455194445721036622e-01,5.560375081840185363e-01,5.669990693572487528e-01,5.783774452978331926e-01,5.901302288673108132e-01,6.021940707567855489e-01,6.144781266753425175e-01,6.268560556888517210e-01,6.391566429738826383e-01,6.511534915596458584e-01,6.625548761916925100e-01,6.729958704382155155e-01,6.820362494152659716e-01,6.891692871511845286e-01,6.938477714512926164e-01,6.955332281154850138e-01,6.937708137037382761e-01,6.882842800974297015e-01,6.790735129212602805e-01,6.664858664206062544e-01,6.512297538879467940e-01,6.343114164496516105e-01,6.169019615535478174e-01,6.001692973221525174e-01,5.851225998615111612e-01,5.725082611698512070e-01,5.627727523003911436e-01,5.560838300782580124e-01,5.523878232867749372e-01,5.514793333517049589e-01,5.530660895280055112e-01,5.568201367458834872e-01,5.624132868932039120e-01,5.695386732043248301e-01,5.779217876803183218e-01
8.628787878787879118e-01,5.671295533062691296e-01,5.576360078130625508e-01,5.493689084886479446e-01,5.426312116552596265e-01,5.377692120602274306e-01,5.351622110989948666e-01,5.351996489190350426e-01,5.382409947666324523e-01,5.445553322480600755e-01,5.542425542485281964e-01,5.671472247380600074e-01,5.827879265263101738e-01,6.003336541638184531e-01,6.186556816576394002e-01,6.364622207958299249e-01,6.524892644339703729e-01,6.656926213819600591e-01,6.753828869934619394e-01,6.812704609677865397e-01,6.834251077201350943e-01,6.821818096826086641e-01,6.780312183217611643e-01,6.715233013665462547e-01,6.631976674777978475e-01,6.535417905586178300e-01,6.429717630670165329e-01,6.318283524848189447e-01,6.203819363784038865e-01,6.088416363523034835e-01,5.973656817561902033e-01,5.860713550718296139e-01,5.750437500819157721e-01,5.643430945364743545e-01,5.540106694882508398e-01,5.440734850893574892e-01,5.345479144658065174e-01,5.254424847927902098e-01,5.167600023708326384e-01,5.084991597447505729e-01,5.006557444239930765e-01,4.932235434836731991e-01,4.861950171642673291e-01,4.795617974717768517e-01,4.733150542020334584e-01,4.674457601182103739e-01,4.619448785095878196e-01,4.568034893388437934e-01,4.520128638010110222e-01,4.475644900918954172e-01,4.434500429594434578e-01,4.396612697555454807e-01,4.361897167080712179e-01,4.330260686553190630e-01,4.301582699568703982e-01,4.275637362315191647e-01,4.250624925143759447e-01,4.231214927624472044e-01,4.215123280086429669e-01,4.202046532268344237e-01,4.191917662367554143e-01,4.184702441772585324e-01,4.180380659450942948e-01,4.178941249100563415e-01,4.180380659450959047e-01,4.184702441772598092e-01,4.191917662367538044e-01,4.202046532268339796e-01,4.215123280086421342e-01,4.231214927624472599e-01,4.250624925143735577e-01,4.276112281438236851e-01,4.302240828347696500e-01,4.331039385836461530e-01,4.362764111709558357e-01,4.397547524367745320e-01,4.435489241384285020e-01,4.476677946222933913e-01,4.521199153920882896e-01,4.569138478900118261e-01,4.620583057351250744e-01,4.675622023964351448e-01,4.734346373478088843e-01,4.796848309082960560e-01,4.863220064922900709e-01,4.933552114089764240e-01,5.007930607180478555e-01,5.086433815347159992e-01,5.169127266682376209e-01,5.256057158244654692e-01,5.347241490912151285e-01,5.442658203746881806e-01,5.542229373210971755e-01,5.645800289008126027e-01,5.753111930548941988e-01,5.863765073413084172e-01,5.977174017683108964e-01,6.092507878677235755e-01,6.208617753115497351e-01,6.323949275584387353e-01,6.436442775144306516e-01,6.543428273372992043e-01,6.641531204364006236e-01,6.726617748140740760e-01,6.793825799686855627e-01,6.837745470559291050e-01,6.852822244685610187e-01,6.834039609720231612e-01,6.777875024265079817e-01,6.683402635363081545e-01,6.553263493142588159e-01,6.394119410147381943e-01,6.216260064594074652e-01,6.032296196774848962e-01,5.855248006176922981e-01,5.696607005504225052e-01,5.564935492273099804e-01,5.465292634875806854e-01,5.399431936293829226e-01,5.366491639497342758e-01,5.363858261027347751e-01,5.387966844902603025e-01,5.434920085190695360e-01,5.500902780028307237e-01,5.582420528989557873e-01,5.676409668677165898e-01
8.666666666666666963e-01,5.545361647086990420e-01,5.438524003599146672e-01,5.344006352462834508e-01,5.265303923976633049e-01,5.206492305245690178e-01,5.172115481336067022e-01,5.166909206889134243e-01,5.195294370093004321e-01,5.260600998236744097e-01,5.364060247711192053e-01,5.503737086490916308e-01,5.673735680861885511e-01,5.864095473263504221e-01,6.061684152828754613e-01,6.252043599810312990e-01,6.421704092580077239e-01,6.560231909385285665e-01,6.661401238706957662e-01,6.723294492262990030e-01,6.747557383999635006e-01,6.738243856807362153e-01,6.700653936602468663e-01,6.640407022380822033e-01,6.562827492983431821e-01,6.472612031215136952e-01,6.373703855759077497e-01,6.269296656957237257e-01,6.161907340868424399e-01,6.053476664953933994e-01,5.945473606118947263e-01,5.838991115473379789e-01,5.734828165898850916e-01,5.633557185548525581e-01,5.535577958444207747e-01,5.441159899859007165e-01,5.350474778939056097e-01,5.263621810832533887e-01,5.180646767701502231e-01,5.101556460941262250e-01,5.026329671849846248e-01,4.954925372413887530e-01,4.887288884816702317e-01,4.823356474070185640e-01,4.763058746568175073e-01,4.706323131413070460e-01,4.653075644021672508e-01,4.603242065168867136e-01,4.556748603330797454e-01,4.513522026776295992e-01,4.473489116060950233e-01,4.436574993149913215e-01,4.402699089208583216e-01,4.371764827018746469e-01,4.343626595242257582e-01,4.317906692799033941e-01,4.293547197677902716e-01,4.274799639733593559e-01,4.259108327067226973e-01,4.246339177522712172e-01,4.236442370430638649e-01,4.229389916155881779e-01,4.225164737318439223e-01,4.223757362319991993e-01,4.225164737318438668e-01,4.229389916155888995e-01,4.236442370430646975e-01,4.246339177522700514e-01,4.259108327067199218e-01,4.274799639733598000e-01,4.293547197677901051e-01,4.318294550749511851e-01,4.344264882581538312e-01,4.372555437184577065e-01,4.403599727099013483e-01,4.437560645032175843e-01,4.474543225232959776e-01,4.514633144071877324e-01,4.557908808437294290e-01,4.604446136080140861e-01,4.654320603253563338e-01,4.707608010652254427e-01,4.764384495821415433e-01,4.824725980074231479e-01,4.888707083734213921e-01,4.956399454094461698e-01,5.027869381671610238e-01,5.103174512643600114e-01,5.182359387855984822e-01,5.265449443392001827e-01,5.352442987104016892e-01,5.443300512509705591e-01,5.537930519466111035e-01,5.636170775769872021e-01,5.737763677181737521e-01,5.842324060858310464e-01,5.949297541451894489e-01,6.057907262971262696e-01,6.167087078371205067e-01,6.275399905789629251e-01,6.380941872732508457e-01,6.481236848989992971e-01,6.573132946505635399e-01,6.652724116140137367e-01,6.715336592811809169e-01,6.755640265641627007e-01,6.767962703373223698e-01,6.746884027487093372e-01,6.688150830708896599e-01,6.589843564306721024e-01,6.453565320473497735e-01,6.285249759598939834e-01,6.095136725020048329e-01,5.896658428686010200e-01,5.704403782636211506e-01,5.531763729137110230e-01,5.389012975697177188e-01,5.282345213629748848e-01,5.213929674425314964e-01,5.182689003413355477e-01,5.185373021097752222e-01,5.217584561588300973e-01,5.274575185309341441e-01,5.351768296934307223e-01,5.445047446476500852e-01,5.550875544113508253e-01
8.704545454545454808e-01,5.391292476491749142e-01,5.270420479145295767e-01,5.162277186222099523e-01,5.071109880845455775e-01,5.001975709365056311e-01,4.960599858357879755e-01,4.952988825969748543e-01,4.984700795662000972e-01,5.059729781761056477e-01,5.179105717208432047e-01,5.339544396776499946e-01,5.532699054859847587e-01,5.745570671907728189e-01,5.962268593457258348e-01,6.166685792046274761e-01,6.345173701758852758e-01,6.488338892092277987e-01,6.591584895129728450e-01,6.654584690519097512e-01,6.680160004265538465e-01,6.673031291789378594e-01,6.638738444320709808e-01,6.582858184755924214e-01,6.510522644755430965e-01,6.426181752669288816e-01,6.333534430275221672e-01,6.235560984262801254e-01,6.134606193400972129e-01,6.032480187772859548e-01,5.930558230031678368e-01,5.829870116113972101e-01,5.731175797134383521e-01,5.635027058860886395e-01,5.541816595866374540e-01,5.451816430922175050e-01,5.365207642492754170e-01,5.282103184326160106e-01,5.202565304799168233e-01,5.126618791115306051e-01,5.054261008754969975e-01,4.985469491575172940e-01,4.920207663176398016e-01,4.858429131034733284e-01,4.800080885044601398e-01,4.745105644648200949e-01,4.693443526483630501e-01,4.645033139088526886e-01,4.599812140236169689e-01,4.557717191757485464e-01,4.518683057193530472e-01,4.482640136329550939e-01,4.449508404803745876e-01,4.419180732648193555e-01,4.391460584567432046e-01,4.365434442545075289e-01,4.342432155780074909e-01,4.324172838305605504e-01,4.308840930752098619e-01,4.296352340141524340e-01,4.286668153192225161e-01,4.279765110628732105e-01,4.275628689830621165e-01,4.274250759836868419e-01,4.275628689830624496e-01,4.279765110628724334e-01,4.286668153192216280e-01,4.296352340141498249e-01,4.308840930752089182e-01,4.324172838305577193e-01,4.342432155780087677e-01,4.365637431988647621e-01,4.392057393149575995e-01,4.419971442093788561e-01,4.450435139971581910e-01,4.483671598827053129e-01,4.519799369254692833e-01,4.558904906551535796e-01,4.601062052128168656e-01,4.646339175799791832e-01,4.694802153328399008e-01,4.746515551175711223e-01,4.801542850402816254e-01,4.859946019201976664e-01,4.921784526645557878e-01,4.987113777977924545e-01,5.055982875834121870e-01,5.128431544471142578e-01,5.204485981595274868e-01,5.284153315664662509e-01,5.367414238160859163e-01,5.454213243158350100e-01,5.544445733859604264e-01,5.637941042481713350e-01,5.734440155347786394e-01,5.833566648902223095e-01,5.934789055169210625e-01,6.037372671533689505e-01,6.140318780077228533e-01,6.242289783496179911e-01,6.341520071439629147e-01,6.435715426092245561e-01,6.521949287540952378e-01,6.596573380596653102e-01,6.655173918748313877e-01,6.692622470983968785e-01,6.703289306331293718e-01,6.681498202068546499e-01,6.622289974841331084e-01,6.522505633398144598e-01,6.382077896879875256e-01,6.205232929295163569e-01,6.001116953886812544e-01,5.783330662581964710e-01,5.568148206988168258e-01,5.371789178888499716e-01,5.207648647880592785e-01,5.084443434077967616e-01,5.005741990139078723e-01,4.970693912522300972e-01,4.975391190792590179e-01,5.014293113167780369e-01,5.081368274482573888e-01,5.170845131248945625e-01,5.277612883335119909e-01,5.397371607787726511e-01
8.742424242424242653e-01,5.202753717062488237e-01,5.065468934232965070e-01,4.942117119229407218e-01,4.838273709242729703e-01,4.760725283560969801e-01,4.717244739760990679e-01,4.715937651501408423e-01,4.763992881033290439e-01,4.865812499754892939e-01,5.020833895813022751e-01,5.221820843050541949e-01,5.454670145355565714e-01,5.700409014767875426e-01,5.938969943746682523e-01,6.153220094253605277e-01,6.331570419473103728e-01,6.468466655198229498e-01,6.563281026853781119e-01,6.618641361422404890e-01,6.638963146932934656e-01,6.629431287561530217e-01,6.595360367997138429e-01,6.541800442211362920e-01,6.473302482691021265e-01,6.393800549639834241e-01,6.306582202291932671e-01,6.214319945541660895e-01,6.119138086594481107e-01,6.022694429871976451e-01,5.926262872561445239e-01,5.830808989779691087e-01,5.737055114814321177e-01,5.645534175005089139e-01,5.556633052688912944e-01,5.470626850075955838e-01,5.387705624668445159e-01,5.307995068123124716e-01,5.231572401096586944e-01,5.158478539741881974e-01,5.088727380028473801e-01,5.022312864444314906e-01,4.959214345070774854e-01,4.899400635243117419e-01,4.842833044224480465e-01,4.789467609608399901e-01,4.739256673531248021e-01,4.692149881777787357e-01,4.648094603278759562e-01,4.607035635979223054e-01,4.568913790212354997e-01,4.533662228595031207e-01,4.501197155853126630e-01,4.471389679459454869e-01,4.443934995349754224e-01,4.416989985067457103e-01,4.396112922412159230e-01,4.378280390678102596e-01,4.363280553006371743e-01,4.351053751830382677e-01,4.341568664904968955e-01,4.334805770496326649e-01,4.330752678033742975e-01,4.329402402505546643e-01,4.330752678033719660e-01,4.334805770496325539e-01,4.341568664904957853e-01,4.351053751830372684e-01,4.363280553006389506e-01,4.378280390678092604e-01,4.396112922412149238e-01,4.416989985067453217e-01,4.444458393088747683e-01,4.472166140931258527e-01,4.502141591741966598e-01,4.534734428065300693e-01,4.570089586032914375e-01,4.608299159259479083e-01,4.649435178482719255e-01,4.693560532060271906e-01,4.740733337277953097e-01,4.791008729136008171e-01,4.844439379813694213e-01,4.901075236759294129e-01,4.960962651205815255e-01,5.024142920619384389e-01,5.090650179925931829e-01,5.160508506684103880e-01,5.233728036363667346e-01,5.310299805240173976e-01,5.390188942767702995e-01,5.473325716496267868e-01,5.559593785611046668e-01,5.648814841174363277e-01,5.740728604057969697e-01,5.834966935871250815e-01,5.931020598518501608e-01,6.028197094516566379e-01,6.125568131716743192e-01,6.221905750687189984e-01,6.315607446831992267e-01,6.404613013314691683e-01,6.486319718704860460e-01,6.557507818029507662e-01,6.614294555172213208e-01,6.652140252226587114e-01,6.665934074563277800e-01,6.650193885079487277e-01,6.599437163612976720e-01,6.508829027212784668e-01,6.375256638300289547e-01,6.198898572435984633e-01,5.985012819674719875e-01,5.745131513061577655e-01,5.496587323931086955e-01,5.259844655262300162e-01,5.054360569156113314e-01,4.894696484154102412e-01,4.788442961438036938e-01,4.736385159987419602e-01,4.734223950612263532e-01,4.774785842544172487e-01,4.849927529982688834e-01,4.951812854927952201e-01,5.073584749313596598e-01,5.209600400111525920e-01
8.780303030303030498e-01,4.973383226354745057e-01,4.817800205129753044e-01,4.679243152616471835e-01,4.565843445309934467e-01,4.487699889373299444e-01,4.456406025502781532e-01,4.483683185170349028e-01,4.578816275064542807e-01,4.745038729827090740e-01,4.975921455953947747e-01,5.253755645795268325e-01,5.551825346081550316e-01,5.840597149746691308e-01,6.095221716090336583e-01,6.300715384016124521e-01,6.452818642293481899e-01,6.555228548183199555e-01,6.615480364660046853e-01,6.641571950499642885e-01,6.640249159166931037e-01,6.616724896628393138e-01,6.575088185477012681e-01,6.518774853675519676e-01,6.450837323859051065e-01,6.374023600423751601e-01,6.290764541919579012e-01,6.203147992480270156e-01,6.112913855194622714e-01,6.021474045406420839e-01,5.929949163784052901e-01,5.839212287264379242e-01,5.749932824203881632e-01,5.662616421343704687e-01,5.577639215949895535e-01,5.495276141273954806e-01,5.415723754856188732e-01,5.339118318896645121e-01,5.265549971264285034e-01,5.195073741225328945e-01,5.127718064902674344e-01,5.063491339219519105e-01,5.002386944021300907e-01,4.944387066815620901e-01,4.889465583412380134e-01,4.837590177599826458e-01,4.788723817844329211e-01,4.742825638122613041e-01,4.699851171430293184e-01,4.659751705116063070e-01,4.622472115775760892e-01,4.587945385371599016e-01,4.556077911438574102e-01,4.526699284375772514e-01,4.499227693791240656e-01,4.473239367645129305e-01,4.452929860664203154e-01,4.435489477494000687e-01,4.420802667463487601e-01,4.408824288484138876e-01,4.399528667777056756e-01,4.392899337287969885e-01,4.388925722592102452e-01,4.387601833294791920e-01,4.388925722592097456e-01,4.392899337287981543e-01,4.399528667777060642e-01,4.408824288484142762e-01,4.420802667463492597e-01,4.435489477493998467e-01,4.452929860664198713e-01,4.473239367645148734e-01,4.499618758938789265e-01,4.527442619993649608e-01,4.557030027356033242e-01,4.589052655643912071e-01,4.623704630339516841e-01,4.661090569294634167e-01,4.701283978275672126e-01,4.744344419765499921e-01,4.790324008121996102e-01,4.839270074733215132e-01,4.891226102055619140e-01,4.946231685043879223e-01,5.004321803713266403e-01,5.065525486504750541e-01,5.129863835441974551e-01,5.197347309421530559e-01,5.267972096314015307e-01,5.341715335926211505e-01,5.418528877798881593e-01,5.498331167001943021e-01,5.580996747580270201e-01,5.666342764041896185e-01,5.754111745910831521e-01,5.843949875160979746e-01,5.935380047900760125e-01,6.027769249004056862e-01,6.120290450892161838e-01,6.211880483519358620e-01,6.301197302262724342e-01,6.386582567815962674e-01,6.466037185377880858e-01,6.537215079936572470e-01,6.597427946712728364e-01,6.643624976392079606e-01,6.672272190600597730e-01,6.679044923473232975e-01,6.658345371512996991e-01,6.602928802058491975e-01,6.504268840834696030e-01,6.354379971115555747e-01,6.149286887841269866e-01,5.893197557859994884e-01,5.601280462704026908e-01,5.298770806530710420e-01,5.015710286068026935e-01,4.779339465726337166e-01,4.607809056126577762e-01,4.507849351864074983e-01,4.476380690991665356e-01,4.504154073365193023e-01,4.579408460734753494e-01,4.690472694044555135e-01,4.827158708163367118e-01,4.981249320976573469e-01
8.818181818181818343e-01,4.697134319522952017e-01,4.523787681697808982e-01,4.375082509833658206e-01,4.264365619130097151e-01,4.208310048818584281e-01,4.225534854307069210e-01,4.333069312883500168e-01,4.540332658912962227e-01,4.841998435149821867e-01,5.213502948790458280e-01,5.613638716332757239e-01,5.995149581114951332e-01,6.318351792356293739e-01,6.560504538056664003e-01,6.717394982762200373e-01,6.798901396262747587e-01,6.822349822422907328e-01,6.806427689069758369e-01,6.766873919841094320e-01,6.714377506018699426e-01,6.654621295733589292e-01,6.589761582411679530e-01,6.520245826634669672e-01,6.446141022654433561e-01,6.367754383604202761e-01,6.285745416787468232e-01,6.201010382391589637e-01,6.114526124298498289e-01,6.027231708632020402e-01,5.939961767830029826e-01,5.853420392333270605e-01,5.768180157885690607e-01,5.684694077745550134e-01,5.603312640894656527e-01,5.524301554190537145e-01,5.447858052158582876e-01,5.374124951529648531e-01,5.303202307030141505e-01,5.235156839975503296e-01,5.170029452227906663e-01,5.107841142785785049e-01,5.048597622346314706e-01,4.992292874225957022e-01,4.938911857637471314e-01,4.888432494928459104e-01,4.840827024855931526e-01,4.796062727385698166e-01,4.754101901343604775e-01,4.714900722644715936e-01,4.678405977233555668e-01,4.644546728491054099e-01,4.613210329687700284e-01,4.584145294398189741e-01,4.554890392051615389e-01,4.531810048758721510e-01,4.511980480373664615e-01,4.494910563801859382e-01,4.480523745495586518e-01,4.468784577881826925e-01,4.459671813149433395e-01,4.453171550759107422e-01,4.449274794019177914e-01,4.447976429681744226e-01,4.449274794019184576e-01,4.453171550759114639e-01,4.459671813149428954e-01,4.468784577881808051e-01,4.480523745495589294e-01,4.494910563801846615e-01,4.511980480373689040e-01,4.531810048758710407e-01,4.554890392051620385e-01,4.584828559793429625e-01,4.614157614178677203e-01,4.645682492075586811e-01,4.679692303152863664e-01,4.716314819217061749e-01,4.755629262195624207e-01,4.797694266249672435e-01,4.842557686700579289e-01,4.890260552789070791e-01,4.940838587872187215e-01,4.994322477363717927e-01,5.050737332024504145e-01,5.110101503796067313e-01,5.172424772607945309e-01,5.237705840687794101e-01,5.305929010684956593e-01,5.377059871701407312e-01,5.451039769343843933e-01,5.527778795367080944e-01,5.607147021067555581e-01,5.688963701861069477e-01,5.772984351226098099e-01,5.858885874749212297e-01,5.946250630898946010e-01,6.034551534908133563e-01,6.123142418687067545e-01,6.211261000811155730e-01,6.298055596110715415e-01,6.382648909524588632e-01,6.464246683453330755e-01,6.542272874731100973e-01,6.616449550425996806e-01,6.686637362600913459e-01,6.752171650002186665e-01,6.810525035511566516e-01,6.855541126931988805e-01,6.876057995388954458e-01,6.855966028584753458e-01,6.776353187616407370e-01,6.619794103716223344e-01,6.376396004226194680e-01,6.050431982393189578e-01,5.664809329325879439e-01,5.259520756547810816e-01,4.882261037343733068e-01,4.574724700139833344e-01,4.361900510326645608e-01,4.249400284410519979e-01,4.227935184540149161e-01,4.280483943104954614e-01,4.388361725958772608e-01,4.534797701470540399e-01,4.706342391488207433e-01
8.856060606060607299e-01,4.371452213726371161e-01,4.188214991054543535e-01,4.047779169101567986e-01,3.974009039356150019e-01,3.995506706021472731e-01,4.140509119440206054e-01,4.426708925616660850e-01,4.848072403680231957e-01,5.366279834723113318e-01,5.916188692466356480e-01,6.426169099967921072e-01,6.841200190909770829e-01,7.134686389455077160e-01,7.306024522591697545e-01,7.370933925804628029e-01,7.352193503810510178e-01,7.273954857902640292e-01,7.159074968196967870e-01,7.027611684275077986e-01,6.895198675225100438e-01,6.771515720271849004e-01,6.660050877436086703e-01,6.559684637527457562e-01,6.467177868058764378e-01,6.379211836601467178e-01,6.293381692045145748e-01,6.208349251976292837e-01,6.123603395606328492e-01,6.039147121830363840e-01,5.955247207357443617e-01,5.872271819403536153e-01,5.790599112034543472e-01,5.710572571184048263e-01,5.632483679289537193e-01,5.556569077216838570e-01,5.483014607540640517e-01,5.411962042075072477e-01,5.343516333156290710e-01,5.277752396106641930e-01,5.214721002310892528e-01,5.154453705349936188e-01,5.096966843267406455e-01,5.042264714135106241e-01,4.990342025932322234e-01,4.941185697473363669e-01,4.894776039629781250e-01,4.851087263058135313e-01,4.810087096809443352e-01,4.771734932543946206e-01,4.735976905850679541e-01,4.702732977329595054e-01,4.671855940950646602e-01,4.642918041055776324e-01,4.614199776176926560e-01,4.591957765541429537e-01,4.572571674645397599e-01,4.555858773170314291e-01,4.541763667712279129e-01,4.530257937880659003e-01,4.521323947528368414e-01,4.514950010342702047e-01,4.511128526163200037e-01,4.509855167710756785e-01,4.511128526163177832e-01,4.514950010342690945e-01,4.521323947528358977e-01,4.530257937880660668e-01,4.541763667712268582e-01,4.555858773170315401e-01,4.572571674645385387e-01,4.591957765541425096e-01,4.614199776176931000e-01,4.643497467175413673e-01,4.672781956905152079e-01,4.703889281228625374e-01,4.737313857721540122e-01,4.773224555429172455e-01,4.811712263250801924e-01,4.852837586019196348e-01,4.896645984996760848e-01,4.943173657764193818e-01,4.992449898156682275e-01,5.044497792630509014e-01,5.099333947619234531e-01,5.156967516959266584e-01,5.217398615299586595e-01,5.280616112818791175e-01,5.346594758141084425e-01,5.415291555103332044e-01,5.486641330110565429e-01,5.560551486649474295e-01,5.636896077156926532e-01,5.715509682222139620e-01,5.796182152774296270e-01,5.878656439158835845e-01,5.962633708745754824e-01,6.047793220927509816e-01,6.133839283440873924e-01,6.220593507049947402e-01,6.308154112871650065e-01,6.397134947277698380e-01,6.488952941332055691e-01,6.586023642952920643e-01,6.691551217454663192e-01,6.808491596837439319e-01,6.937530163082303858e-01,7.074702941696923153e-01,7.209971888626660608e-01,7.327568639228155822e-01,7.407506629178000068e-01,7.427094561661008454e-01,7.362317017006942965e-01,7.190423527738742937e-01,6.895601181436419314e-01,6.478288702863957971e-01,5.964954578781117567e-01,5.410656329015330890e-01,4.887291160079073604e-01,4.460444522508488219e-01,4.168905426884406684e-01,4.019062446514010123e-01,3.993406668841882334e-01,4.063736817767855114e-01,4.201394466409013595e-01,4.382418442842817008e-01
8.893939393939394034e-01,4.006220550341484943e-01,3.839611124183682778e-01,3.756470687405918385e-01,3.798489858334301861e-01,4.007561319330900651e-01,4.408345922675698247e-01,4.985970480891562251e-01,5.674882032490938810e-01,6.375375531874400981e-01,6.992027850500219799e-01,7.466032748806961106e-01,7.781893127336612093e-01,7.954128754469519391e-01,8.009950667315851591e-01,7.977385434891504090e-01,7.880041723143881294e-01,7.736343774202109058e-01,7.561026044196341722e-01,7.367333560937043835e-01,7.168571818583884259e-01,6.977735661609244522e-01,6.805048201342130954e-01,6.655309985227849667e-01,6.527530424449616842e-01,6.417100328482167049e-01,6.318590464267077600e-01,6.227526775385615609e-01,6.140913284984083065e-01,6.057039081929314062e-01,5.975078921792541520e-01,5.894737140664935149e-01,5.816000074184393132e-01,5.738984958673063463e-01,5.663855599293626808e-01,5.590779015863625023e-01,5.519905443204782269e-01,5.451360889383336517e-01,5.385246041769877756e-01,5.321638101069161575e-01,5.260593737270160553e-01,5.202152256348472337e-01,5.146338530742607942e-01,5.093165517142356213e-01,5.042636283712108591e-01,4.994745511140421534e-01,4.949480410941461961e-01,4.906820916875803684e-01,4.866738788554365036e-01,4.829194712235269638e-01,4.794130848483784679e-01,4.761450242687680912e-01,4.730942280525352039e-01,4.701670625354140154e-01,4.674318719477814077e-01,4.652651047989811994e-01,4.633690019840034369e-01,4.617326626081848517e-01,4.603518839958930520e-01,4.592243662567316864e-01,4.583486508965911588e-01,4.577237645868327820e-01,4.573490730708099083e-01,4.572242151009484057e-01,4.573490730708089647e-01,4.577237645868346139e-01,4.583486508965887718e-01,4.592243662567286888e-01,4.603518839958947728e-01,4.617326626081851293e-01,4.633690019840044361e-01,4.652651047989797561e-01,4.674318719477800199e-01,4.702050742528460225e-01,4.731823991747293734e-01,4.762616988903766724e-01,4.795514696514249775e-01,4.830760528083521965e-01,4.868466069746025804e-01,4.908697713279583374e-01,4.951500710524324167e-01,4.996908006497138288e-01,5.044943823440728448e-01,5.095624968428783541e-01,5.148960941235625199e-01,5.204953278833639452e-01,5.263594324455421747e-01,5.324865510667302626e-01,5.388735223569172117e-01,5.455156363835949040e-01,5.524063816244179081e-01,5.595372343469235954e-01,5.668975869691761371e-01,5.744750036765554624e-01,5.822561511335176965e-01,5.902290246158459208e-01,5.983875298517541408e-01,6.067401191481893719e-01,6.153249041132932140e-01,6.242338902166681969e-01,6.336469623797209572e-01,6.438683422532220924e-01,6.553401473025963764e-01,6.685834962895979006e-01,6.840183658372318565e-01,7.016918043056517007e-01,7.210801000089889223e-01,7.411446164671136039e-01,7.606006774261235837e-01,7.781514147906607448e-01,7.925084731473543975e-01,8.022262605745660302e-01,8.054779325093827103e-01,7.999053992177465044e-01,7.826960353810308302e-01,7.511061073675348032e-01,7.036503915322683822e-01,6.418422578783991028e-01,5.715374505705839159e-01,5.022804965190657001e-01,4.440752849453543649e-01,4.035280592199107508e-01,3.821734533422792568e-01,3.775754899597199565e-01,3.855565083876829058e-01,4.019462339355478475e-01
8.931818181818182989e-01,3.641616974520193728e-01,3.558014825497732847e-01,3.636669852814909398e-01,3.932941491648701549e-01,4.471727727032431265e-01,5.214947569431469532e-01,6.055679995333065335e-01,6.858341107960277405e-01,7.517590639374764905e-01,7.988861661230105549e-01,8.279192999261956176e-01,8.421527134439122930e-01,8.453857484058835414e-01,8.408832328663753408e-01,8.310796669805425863e-01,8.176324586771722691e-01,8.015880071513982186e-01,7.835687326958190591e-01,7.639702853020229334e-01,7.431835369584182116e-01,7.218193919529628522e-01,7.008189020792582324e-01,6.812863415793826150e-01,6.640727254432584603e-01,6.494403022082176902e-01,6.370913085090966765e-01,6.264601569813422755e-01,6.169903540672512232e-01,6.082638305820172731e-01,6.000134053067093243e-01,5.920873498026238968e-01,5.844086715442609048e-01,5.769440249092022688e-01,5.696835780800572069e-01,5.626290991945832598e-01,5.557873222174698480e-01,5.491664450585451718e-01,5.427743972210116175e-01,5.366180702850694706e-01,5.307030522603680689e-01,5.250336107504033345e-01,5.196127879435998853e-01,5.144425310005930063e-01,5.095238186614763354e-01,5.048567594048046780e-01,5.004406406126366003e-01,4.962738998650690347e-01,4.923539597903233145e-01,4.886767825595141890e-01,4.852357248729763928e-01,4.820181333745711671e-01,4.789905052745049852e-01,4.758669626319676493e-01,4.734552216345783715e-01,4.713404906077872658e-01,4.694859726005579104e-01,4.678842450292075017e-01,4.665320401698446195e-01,4.654274984454384589e-01,4.645694275237932103e-01,4.639570304342813256e-01,4.635897884155264492e-01,4.634674064037037633e-01,4.635897884155243953e-01,4.639570304342830465e-01,4.645694275237930437e-01,4.654274984454383479e-01,4.665320401698453967e-01,4.678842450292061139e-01,4.694859726005587985e-01,4.713404906077878764e-01,4.734552216345780384e-01,4.758669626319677048e-01,4.790707060929553784e-01,4.821344870632368051e-01,4.853783140101237126e-01,4.888410636077887839e-01,4.925374338692418141e-01,4.964751777971365132e-01,5.006590723521621156e-01,5.050922673732325396e-01,5.097768260664687912e-01,5.147139448112365567e-01,5.199040206530362029e-01,5.253466358837096672e-01,5.310404946329408959e-01,5.369833365700543704e-01,5.431718563217534657e-01,5.496016725328038977e-01,5.562674290000788613e-01,5.631631706290149975e-01,5.702832562043316234e-01,5.776242709397810815e-01,5.851887401962206914e-01,5.929919763797206755e-01,6.010741163390823649e-01,6.095200746874896991e-01,6.184897126348909424e-01,6.282561553528361875e-01,6.392364930576996951e-01,6.519722993323178173e-01,6.669942164513434912e-01,6.845476477621628142e-01,7.043183941220568789e-01,7.254293394761706093e-01,7.467880211511482846e-01,7.674919218892359840e-01,7.869742046281534842e-01,8.048791945217523836e-01,8.208338702163860967e-01,8.342281504788638946e-01,8.440211029488328132e-01,8.485561634675545806e-01,8.453954788040171087e-01,8.312652107482949582e-01,8.023483214928482932e-01,7.553210027203072219e-01,6.894383424774164215e-01,6.091139630781249314e-01,5.248562876570849189e-01,4.502334207383155151e-01,3.959808310754780458e-01,3.659615336356570325e-01,3.577291274711032476e-01,3.657706467289357777e-01
8.969696969696969724e-01,3.380451112994053986e-01,3.509667342283380176e-01,3.908779563850980909e-01,4.591832264367976535e-01,5.483068527529495473e-01,6.429895479525310487e-01,7.274234137224021568e-01,7.920919518536387871e-01,8.351193065933061321e-01,8.594622469511657981e-01,8.696795529251482026e-01,8.700436683432586360e-01,8.638801555408914812e-01,8.535409794601520606e-01,8.405908521926903632e-01,8.260131905328323976e-01,8.103733539855060286e-01,7.939334900196767242e-01,7.767360546374060259e-01,7.586868268039945740e-01,7.396797268266122050e-01,7.197953589907846172e-01,6.995244539829382768e-01,6.798196866267912641e-01,6.617781421055745072e-01,6.461150933984827205e-01,6.328968390298311819e-01,6.217091564704444462e-01,6.119905183096421286e-01,6.032560728153523177e-01,5.951669378753819961e-01,5.875144042999022043e-01,5.801810003392446902e-01,5.731058649152808160e-01,5.662607149318593658e-01,5.596349460057811198e-01,5.532269573479565716e-01,5.470393071273788044e-01,5.410761022633977513e-01,5.353416495165228550e-01,5.298398003741678908e-01,5.245736660183133448e-01,5.195455197125790070e-01,5.147567826117740442e-01,5.102080282786243259e-01,5.058989599572917273e-01,5.018283071561497888e-01,4.979935472416614495e-01,4.943902224979160875e-01,4.910101426145223602e-01,4.878354704706328038e-01,4.848044076584528961e-01,4.817682827934911538e-01,4.794341072941333826e-01,4.773693206387349397e-01,4.755560535516067944e-01,4.739889199152600430e-01,4.726653590741525246e-01,4.715838855560531839e-01,4.707435464383706303e-01,4.701437078657531576e-01,4.697839593776781397e-01,4.696640683867849830e-01,4.697839593776774181e-01,4.701437078657528246e-01,4.707435464383705193e-01,4.715838855560525178e-01,4.726653590741526356e-01,4.739889199152610977e-01,4.755560535516067389e-01,4.773693206387351617e-01,4.794341072941334381e-01,4.817682827934929302e-01,4.848703310442965542e-01,4.879495536716104698e-01,4.911562592990375009e-01,4.945622682824036831e-01,4.981884059559471556e-01,5.020443398677149061e-01,5.061354647246923966e-01,5.104650107841469664e-01,5.150348615425071053e-01,5.198459061320782615e-01,5.248981938678890513e-01,5.301910010602992607e-01,5.357228722344261618e-01,5.414916867834138614e-01,5.474948227525813227e-01,5.537295262246008098e-01,5.601936755067484786e-01,5.668872689954487232e-01,5.738152049078498740e-01,5.809923128629527200e-01,5.884521849941150018e-01,5.962620718941442632e-01,6.045464619633218462e-01,6.135202369347638740e-01,6.235242362409769701e-01,6.350350435547218453e-01,6.485882014307565724e-01,6.645512273953426696e-01,6.828017457343905638e-01,7.025859149938878945e-01,7.228080710784428042e-01,7.425528509353158668e-01,7.613784815910671355e-01,7.792442974587040494e-01,7.962808140457531270e-01,8.125940514146011706e-01,8.281458541322775924e-01,8.426749295813040774e-01,8.556157314114490875e-01,8.659847307708058439e-01,8.722173616930664064e-01,8.719613865569528777e-01,8.618887752328614482e-01,8.377191314841507808e-01,7.948754231252066482e-01,7.303678559877870846e-01,6.460259235476676354e-01,5.513209179739377852e-01,4.620417613896998232e-01,3.934703131608809357e-01,3.532341043875836251e-01,3.399815827595589757e-01
9.007575757575758679e-01,3.414624340604537900e-01,3.922926631949572029e-01,4.740928186339889994e-01,5.747335872653567268e-01,6.752118023417174042e-01,7.594186505766119533e-01,8.201947664014523909e-01,8.582797132984109068e-01,8.782083947167079740e-01,8.851093502548722514e-01,8.832703243803665671e-01,8.758349521903631141e-01,8.649569797253348069e-01,8.520550882231630041e-01,8.380364119775179921e-01,8.234592744005742038e-01,8.086405218882279922e-01,7.937202968993791741e-01,7.786965047389250438e-01,7.634412540285739901e-01,7.477174511782918032e-01,7.312288307493279849e-01,7.137526907051273684e-01,6.953770224006931011e-01,6.767235056771312429e-01,6.588685570119421353e-01,6.428451303246552895e-01,6.291275794052458847e-01,6.175652387132500865e-01,6.076809706187380478e-01,5.989726554633664213e-01,5.910531851662725877e-01,5.836678082973533188e-01,5.766641353708831241e-01,5.699570270040248410e-01,5.635018655004531141e-01,5.572771547857202634e-01,5.512740227200164655e-01,5.454901508498303242e-01,5.399263600957472375e-01,5.345847333299812432e-01,5.294676064048819963e-01,5.245770378785100663e-01,5.199145296987937037e-01,5.154808627563693957e-01,5.112759494648820846e-01,5.072986105191830131e-01,5.035461226852400163e-01,5.000131639041874854e-01,4.966889064578822732e-01,4.935460216437999592e-01,4.904252730150849282e-01,4.875935804516567940e-01,4.853231974717404085e-01,4.833076238139730196e-01,4.815357051718450188e-01,4.800034156806479158e-01,4.787087654781964630e-01,4.776506005193708604e-01,4.768281899368783106e-01,4.762410546090478647e-01,4.758888879596719357e-01,4.757715176540234792e-01,4.758888879596716581e-01,4.762410546090476982e-01,4.768281899368785881e-01,4.776506005193706383e-01,4.787087654781953527e-01,4.800034156806465280e-01,4.815357051718438530e-01,4.833076238139727976e-01,4.853231974717410746e-01,4.875935804516579042e-01,4.904598929455857848e-01,4.936548729680902969e-01,4.968375576461054322e-01,5.001929805032614418e-01,5.037531058443391885e-01,5.075307880420560913e-01,5.115325608537993896e-01,5.157620364134113400e-01,5.202211561357302783e-01,5.249107449986288865e-01,5.298308033724664634e-01,5.349807128479445728e-01,5.403594608115748210e-01,5.459659900956552736e-01,5.517998156288759226e-01,5.578621419606227816e-01,5.641578746980583370e-01,5.706991902523108617e-01,5.775117589703683274e-01,5.846453211951092577e-01,5.921909140893443224e-01,6.003067935923226406e-01,6.092514058054130377e-01,6.194089614393614163e-01,6.312651038136976034e-01,6.452603492548902864e-01,6.614914051761430214e-01,6.794338358630612751e-01,6.980386746002724685e-01,7.162576498595325525e-01,7.335206124378050863e-01,7.497865542134271033e-01,7.653076153999422981e-01,7.803933179166705481e-01,7.952840574414784536e-01,8.101064251853481446e-01,8.248598386721011089e-01,8.394017140685193779e-01,8.534137030421281578e-01,8.663371786207063607e-01,8.772659374720110925e-01,8.847833143104580911e-01,8.867381947790823338e-01,8.799890546784245871e-01,8.602473290463242828e-01,8.223763479937424847e-01,7.618196118192462896e-01,6.777980089923846263e-01,5.774190710932328718e-01,4.767500331318131335e-01,3.947901852171166737e-01,3.437070450150558898e-01
9.045454545454545414e-01,3.962020203071974778e-01,4.895614456991378982e-01,5.981755371552311962e-01,7.007916597166155004e-01,7.825313835325889977e-01,8.389222967084916105e-01,8.727324162419600739e-01,8.893656192466985466e-01,8.940632270078024968e-01,8.909210781764492770e-01,8.828364822747462037e-01,8.717576549798770058e-01,8.589596230730646154e-01,8.452631784630461054e-01,8.311886524134369791e-01,8.170574287881283704e-01,8.030558492069712617e-01,7.892726397020101148e-01,7.757170363732558416e-01,7.623219487054044841e-01,7.489359062012085344e-01,7.353116510055622834e-01,7.211126099653750732e-01,7.059827991548340842e-01,6.897370664960511544e-01,6.726470364212006059e-01,6.555799498736634146e-01,6.396813963018820326e-01,6.257609777690028574e-01,6.139716832928080459e-01,6.039841415301412386e-01,5.953218596765019743e-01,5.875711967848105122e-01,5.804412573237929251e-01,5.737493686619515865e-01,5.673885474596837009e-01,5.612993096918152958e-01,5.554502468376989466e-01,5.498258990986329975e-01,5.444195490004581917e-01,5.392290516877039641e-01,5.342544581785911850e-01,5.294966684722409722e-01,5.249566583657191421e-01,5.206350028674319175e-01,5.165315111717955210e-01,5.126448072101504883e-01,5.089716040560336996e-01,5.055050488095738093e-01,5.022298324970370098e-01,4.990995985117739342e-01,4.957842746355810015e-01,4.932943029690813885e-01,4.910841729458116922e-01,4.891178750184136392e-01,4.873877624655633123e-01,4.858908122398849505e-01,4.846255229552753341e-01,4.835910462948262989e-01,4.827868639213769297e-01,4.822126475000081403e-01,4.818681925878469663e-01,4.817533863392914895e-01,4.818681925878468553e-01,4.822126475000095835e-01,4.827868639213760971e-01,4.835910462948286304e-01,4.846255229552748345e-01,4.858908122398841734e-01,4.873877624655645890e-01,4.891178750184156376e-01,4.910841729458138571e-01,4.932943029690813885e-01,4.957842746355815566e-01,4.991983177358509383e-01,5.023795052587491927e-01,5.056925149248054918e-01,5.091915447679922213e-01,5.128947880417507044e-01,5.168106997105074152e-01,5.209437021168852322e-01,5.252961333879055950e-01,5.298691169170164361e-01,5.346630734256919704e-01,5.396781645973449670e-01,5.449148496874215430e-01,5.503747504972212878e-01,5.560621080597638599e-01,5.619862885904943761e-01,5.681660919293650691e-01,5.746370687142126066e-01,5.814636290642966054e-01,5.887580847629891867e-01,5.967076133195079457e-01,6.056039056184604474e-01,6.158522639811030430e-01,6.279043131793162758e-01,6.420440128581776928e-01,6.580628803698587159e-01,6.751148566499792780e-01,6.920629062958035815e-01,7.080869665412670155e-01,7.229702085172491355e-01,7.369366241780090920e-01,7.503609538543269952e-01,7.635846758754172292e-01,7.768531035290990872e-01,7.903134180738760062e-01,8.040283137821861992e-01,8.179849615195768919e-01,8.320921298668133570e-01,8.461621024838197336e-01,8.598732334705286862e-01,8.727060349597836053e-01,8.838416783227847073e-01,8.920082144468457486e-01,8.952614709550644756e-01,8.907085768761453526e-01,8.742569880819058836e-01,8.406641576863830290e-01,7.845145053276771918e-01,7.030105678083750087e-01,6.005757134985395540e-01,4.920344378286772846e-01,3.986114231628838933e-01
9.083333333333334370e-01,5.039733881106676083e-01,6.175271948230872665e-01,7.200239333507337802e-01,7.985842313947505433e-01,8.511143976676368572e-01,8.817298216633889796e-01,8.962035524918098295e-01,8.996611243303057615e-01,8.959486386515049805e-01,8.877319985547245107e-01,8.767873036166106138e-01,8.642746404802474913e-01,8.509441213053203779e-01,8.372775968451831030e-01,8.235820560374672583e-01,8.100496927480835829e-01,7.967955855773142249e-01,7.838801236555900109e-01,7.713203522703621084e-01,7.590922100182989629e-01,7.471240876972822242e-01,7.352816796903748342e-01,7.233465161490471029e-01,7.110002818579479467e-01,6.978500381170847922e-01,6.835585670164582295e-01,6.681182082927660248e-01,6.521212457532203910e-01,6.366612954432893101e-01,6.227629189697859724e-01,6.108661869096563279e-01,6.008243014737809640e-01,5.922201277690638532e-01,5.846327777504058965e-01,5.777442556279738239e-01,5.713456663422780135e-01,5.653101329969751898e-01,5.595643720213139272e-01,5.540677210725271085e-01,5.487985650658411263e-01,5.437460669438590743e-01,5.389052739690296523e-01,5.342742524540370352e-01,5.298523966355142001e-01,5.256393820505455006e-01,5.216344147275564502e-01,5.178354823485263880e-01,5.142381905978664625e-01,5.108331049843862770e-01,5.075970798961813024e-01,5.044381080944557727e-01,5.012424889935908068e-01,4.988382295917432319e-01,4.966875572191210009e-01,4.947711912164819981e-01,4.930836844066371349e-01,4.916228170641722128e-01,4.903875292319767598e-01,4.893772660614908454e-01,4.885917192825204869e-01,4.880307117183658172e-01,4.876941420113854453e-01,4.875819575522519211e-01,4.876941420113860559e-01,4.880307117183665389e-01,4.885917192825193767e-01,4.893772660614903458e-01,4.903875292319783696e-01,4.916228170641727679e-01,4.930836844066373015e-01,4.947711912164819981e-01,4.966875572191205568e-01,4.988382295917438980e-01,5.012424889935899186e-01,5.045171656154960882e-01,5.077453840836156918e-01,5.110278617398983370e-01,5.144719964784836286e-01,5.181052345336299991e-01,5.219391829203881006e-01,5.259797119637009688e-01,5.302300669612670658e-01,5.346922379823648708e-01,5.393678370558333546e-01,5.442589538102408087e-01,5.493693068864358153e-01,5.547060501227347729e-01,5.602827637027728569e-01,5.661244683260936439e-01,5.722759562364213570e-01,5.788152338404982666e-01,5.858738703927960367e-01,5.936637258821912955e-01,6.025003693049220121e-01,6.127905948734684305e-01,6.249186997367970342e-01,6.389798952220439032e-01,6.544823268059326571e-01,6.703825167588792766e-01,6.856168128793572736e-01,6.996504780932714107e-01,7.125425712401866063e-01,7.246597654916809850e-01,7.364052414334633090e-01,7.480967229263197904e-01,7.599477790497065621e-01,7.720869967414861756e-01,7.845809060882027453e-01,7.974495688665931281e-01,8.106730432016038268e-01,8.241890422410087513e-01,8.378814786908799217e-01,8.515579696823351030e-01,8.649121430618919026e-01,8.774636141096449071e-01,8.884646785579392025e-01,8.967587123058627929e-01,9.005741853918520778e-01,8.972506640582992299e-01,8.829475082807141106e-01,8.525422007013695458e-01,8.002571775964656409e-01,7.219570726005244410e-01,6.196935795810529779e-01,5.062883544563746563e-01
9.121212121212121104e-01,6.326246769476018272e-01,7.338469416471729012e-01,8.093406492255424967e-01,8.588563988542815553e-01,8.873070997119741898e-01,9.005393941434505223e-01,9.034724061722637645e-01,8.997101331260118906e-01,8.917250911765642885e-01,8.811600140010152904e-01,8.690900324824279988e-01,8.562142605293610043e-01,8.429860921839472665e-01,8.296989743604212819e-01,8.165420324353891424e-01,8.036358395938649757e-01,7.910551361190111264e-01,7.788427637059095465e-01,7.670172852162947530e-01,7.555754313736351424e-01,7.444894215211296240e-01,7.336982479656531941e-01,7.230914571902642418e-01,7.124850899591613773e-01,7.015959300019350975e-01,6.900390313337227965e-01,6.774070776182314901e-01,6.635005646276109781e-01,6.486511358006038508e-01,6.338071915232995623e-01,6.200920497091259032e-01,6.081836849629358444e-01,5.981276984995477219e-01,5.895899606205131649e-01,5.821587375590878688e-01,5.754971965033695014e-01,5.693739398996946477e-01,5.636438860774045656e-01,5.582207886821110021e-01,5.530551910714669450e-01,5.481195841028067006e-01,5.433991378757099255e-01,5.388860998095295063e-01,5.345764272942140627e-01,5.304677035082336900e-01,5.265577006107368119e-01,5.228430735645294147e-01,5.193174721779353353e-01,5.159671398593710379e-01,5.127543833464111023e-01,5.093788413153598205e-01,5.065267961118582463e-01,5.041985411145299967e-01,5.021078965652924220e-01,5.002426348297264180e-01,4.985988761133781089e-01,4.971750940697277077e-01,4.959706487429431654e-01,4.949852781369303290e-01,4.942188884071428978e-01,4.936714583274309232e-01,4.933429934259381255e-01,4.932335036911753567e-01,4.933429934259402905e-01,4.936714583274317558e-01,4.942188884071429533e-01,4.949852781369287191e-01,4.959706487429431654e-01,4.971750940697265975e-01,4.985988761133768876e-01,5.002426348297263070e-01,5.021078965652915338e-01,5.041985411145299967e-01,5.065267961118574691e-01,5.094032056211175163e-01,5.128973601424966500e-01,5.161684043584258141e-01,5.195660828765172878e-01,5.231349168361724145e-01,5.268916983864415648e-01,5.308447325006762085e-01,5.349989671786641310e-01,5.393581846586344986e-01,5.439264851533081035e-01,5.487098625935040719e-01,5.537184193721289560e-01,5.589698609049195133e-01,5.644952000959159166e-01,5.703480332234311945e-01,5.766191233223282309e-01,5.834575531197057074e-01,5.910960021044708856e-01,5.998654321022335312e-01,6.101576612897811058e-01,6.222668602176597563e-01,6.360924419665938689e-01,6.509121992044206717e-01,6.656020308011636466e-01,6.792596969224173886e-01,6.916148652007226838e-01,7.029122639709107778e-01,7.135803423577301574e-01,7.240081529951751804e-01,7.344748845445180363e-01,7.451579933651998333e-01,7.561615840376040287e-01,7.675413802343247216e-01,7.793210903128899858e-01,7.915009984947632971e-01,8.040604620638112099e-01,8.169553050722289100e-01,8.301100857043234305e-01,8.434041000849084035e-01,8.566486513249350621e-01,8.695513183235749066e-01,8.816604189321542995e-01,8.922793754661531018e-01,9.003365925383507440e-01,9.041940338995965165e-01,9.013850522582900204e-01,8.883122015771732771e-01,8.600618763333286454e-01,8.107877735433306476e-01,7.355645579104471699e-01,6.346075074025145923e-01
9.159090909090910060e-01,7.432472484820236147e-01,8.161551067252269531e-01,8.635181246463645710e-01,8.906606737849481759e-01,9.033455470946007981e-01,9.062644885659414395e-01,9.028100729289206816e-01,8.953011695769910183e-01,8.852808636002108544e-01,8.737640180536431211e-01,8.614153849726727818e-01,8.486701796732274428e-01,8.358135410858914538e-01,8.230323458362894806e-01,8.104489009739967997e-01,7.981428412945736905e-01,7.861652957554303711e-01,7.745478600769738486e-01,7.633078723336116367e-01,7.524507284138389762e-01,7.419693306117328691e-01,7.318401057185635050e-01,7.220142919429618500e-01,7.124025309313797294e-01,7.028511045532183088e-01,6.931123180934999350e-01,6.828261470921153098e-01,6.715623091426333735e-01,6.590015553856374275e-01,6.452623932854821831e-01,6.311141733246659058e-01,6.176905906646010802e-01,6.058466290969038992e-01,5.958113493711876263e-01,5.873473984476282883e-01,5.800653765165108000e-01,5.736171074328959563e-01,5.677522382355256747e-01,5.623090820432571357e-01,5.571891669258397517e-01,5.523345868043654239e-01,5.477120713964479526e-01,5.433027738189823985e-01,5.390959507685949559e-01,5.350850238185697050e-01,5.312649275459885301e-01,5.276298462603346007e-01,5.241701058049051953e-01,5.208645859322345029e-01,5.176456229364768680e-01,5.141117595687574315e-01,5.115927101382011788e-01,5.093387527862978104e-01,5.073096247133265235e-01,5.054971155007622619e-01,5.038985869405686602e-01,5.025131535497185942e-01,5.013405945468543123e-01,5.003809510139215488e-01,4.996343547611317715e-01,4.991009499286074846e-01,4.987808557623854555e-01,4.986741489420239426e-01,4.987808557623850669e-01,4.991009499286062634e-01,4.996343547611304947e-01,5.003809510139218819e-01,5.013405945468537572e-01,5.025131535497198154e-01,5.038985869405682161e-01,5.054971155007634831e-01,5.073096247133273007e-01,5.093387527862960340e-01,5.115927101382002906e-01,5.141117595687579866e-01,5.177761802826923443e-01,5.210708187788218870e-01,5.244343987376226535e-01,5.279464778288529558e-01,5.316325745707685124e-01,5.355050050738855427e-01,5.395716979709817007e-01,5.438397591426697986e-01,5.483179815479203301e-01,5.530196738791149924e-01,5.579667416049004514e-01,5.631960964794114899e-01,5.687698204643701905e-01,5.747906991601224869e-01,5.814236892569595305e-01,5.889186422395789045e-01,5.976143054584416303e-01,6.078744966521651971e-01,6.198905890491993587e-01,6.333776321498912898e-01,6.474461567853144750e-01,6.609782433546474989e-01,6.732617479168794272e-01,6.842392007562516643e-01,6.942684687101974284e-01,7.037943626162540545e-01,7.131767903775464434e-01,7.226573115713054163e-01,7.323822898615828247e-01,7.424344869224358545e-01,7.528573708044433710e-01,7.636704914859879789e-01,7.748779870129098857e-01,7.864723445955927872e-01,7.984347699758392869e-01,8.107327392661478616e-01,8.233146369495114580e-01,8.361007377331296508e-01,8.489690317168319122e-01,8.617333550271984999e-01,8.741097638032294670e-01,8.856648304227726642e-01,8.957363418336643512e-01,9.033129297167430405e-01,9.068561808243865707e-01,9.040532118512263349e-01,8.915185283864683896e-01,8.645673593763345544e-01,8.174404289476607799e-01,7.448065301952722095e-01
9.196969696969696795e-01,8.200974796580523529e-01,8.660367298824909188e-01,8.925246167844544942e-01,9.051624788751815309e-01,9.084221893099797551e-01,9.055179410014949637e-01,8.986480765373163759e-01,8.892819316914303274e-01,8.783924459834737686e-01,8.666223615461686736e-01,8.543967217569188310e-01,8.419972579568383297e-01,8.296111660558148637e-01,8.173630713685057225e-01,8.053360415334589462e-01,7.935854518164102700e-01,7.821481383360843198e-01,7.710483743437244186e-01,7.603015999048523543e-01,7.499163992000555945e-01,7.398948544896898349e-01,7.302310259458913988e-01,7.209068288614816078e-01,7.118839422316332044e-01,7.030896605318646131e-01,6.943944121258702751e-01,6.855812668457037518e-01,6.763189535964598820e-01,6.661783892859626244e-01,6.547706828152523029e-01,6.420526100415688830e-01,6.286161623958399502e-01,6.155488907714606883e-01,6.038254170693004852e-01,5.938388747853796668e-01,5.854544350038636269e-01,5.783148562669174764e-01,5.720670177770457165e-01,5.664447777640457815e-01,5.612712434900332115e-01,5.564362930499487936e-01,5.518737532982910254e-01,5.475445362447088904e-01,5.434254958259997492e-01,5.395022960511846044e-01,5.357646371527252649e-01,5.322023421182061620e-01,5.288001350049932325e-01,5.255238483624501411e-01,5.222301170205210230e-01,5.188604664348764883e-01,5.164464838189738449e-01,5.142680763308176140e-01,5.123028708882608750e-01,5.105453791401622921e-01,5.089940414365387022e-01,5.076486019086424717e-01,5.065092765915115702e-01,5.055764310517815163e-01,5.048504416369650194e-01,5.043316326360833823e-01,5.040202474437168734e-01,5.039164356036290870e-01,5.040202474437163183e-01,5.043316326360849366e-01,5.048504416369661296e-01,5.055764310517812943e-01,5.065092765915109041e-01,5.076486019086429158e-01,5.089940414365373700e-01,5.105453791401650676e-01,5.123028708882605420e-01,5.142680763308186132e-01,5.164464838189747331e-01,5.188604664348778206e-01,5.223332390358460531e-01,5.257321998326770496e-01,5.290808260792353446e-01,5.325469372069302487e-01,5.361713799562741745e-01,5.399730830886478872e-01,5.439650447161187286e-01,5.481602604171534887e-01,5.525759757239711023e-01,5.572386630178849387e-01,5.621912490317464428e-01,5.675041586167385299e-01,5.732916387612587705e-01,5.797330971931077270e-01,5.870923254838780192e-01,5.957094223478441863e-01,6.059106663136729631e-01,6.177800260282353406e-01,6.308695415962309871e-01,6.441806983408541187e-01,6.566558029835570798e-01,6.677670270561739674e-01,6.776163156283437905e-01,6.866251953690249987e-01,6.952322887775658211e-01,7.037658865228056948e-01,7.124354913244339560e-01,7.213628727889930259e-01,7.306140655933377470e-01,7.402221544590762425e-01,7.502012803727956536e-01,7.605544792152247879e-01,7.712775650662548887e-01,7.823604592782131828e-01,7.937866961664561405e-01,8.055313489353784773e-01,8.175572387398409857e-01,8.298089265682015991e-01,8.422035541818526649e-01,8.546169983373129719e-01,8.668629048782857671e-01,8.786608032650887745e-01,8.895874489537347607e-01,8.990026033126007343e-01,9.059367526785315761e-01,9.089251618172450309e-01,9.057754757195241035e-01,8.932808280254692646e-01,8.669771652171022192e-01,8.212687330521328821e-01
9.234848484848485750e-01,8.669812560214791297e-01,8.933188603256962956e-01,9.062795510202320548e-01,9.101343446801474224e-01,9.079496718054193005e-01,9.018303035333736783e-01,8.931918245960788205e-01,8.829790553427177002e-01,8.718219406452494269e-01,8.601413919428965160e-01,8.482196292598993548e-01,8.362465952993970442e-01,8.243505909290277378e-01,8.126185829737653243e-01,8.011097483875402325e-01,7.898645633770717822e-01,7.789109262302421621e-01,7.682682666582694164e-01,7.579502355690888038e-01,7.479663128142136630e-01,7.383224606489411368e-01,7.290207377852017112e-01,7.200575188934082993e-01,7.114195720103556608e-01,7.030766677101750739e-01,6.949686530329765022e-01,6.869844546951595632e-01,6.789320562722761521e-01,6.705071339658161822e-01,6.612927256934602038e-01,6.508626126657358624e-01,6.390565662008871328e-01,6.263088174812228015e-01,6.136305611801908810e-01,6.020680604911655687e-01,5.921536828292939258e-01,5.838542317293544670e-01,5.768512122267195341e-01,5.707919140860686635e-01,5.653973081095367004e-01,5.604766029646408576e-01,5.559084982866195901e-01,5.516185598821440328e-01,5.475615208834592185e-01,5.437091018369641926e-01,5.400416722585797968e-01,5.365415119256830012e-01,5.331838314411877500e-01,5.299098066469820623e-01,5.260568608956183168e-01,5.233853779661779004e-01,5.210697152877086236e-01,5.189697433107653968e-01,5.170715963216997446e-01,5.153718973288827776e-01,5.138701031753206694e-01,5.125666097064357496e-01,5.114621048817620252e-01,5.105573115431724096e-01,5.098528774920674245e-01,5.093493276518438195e-01,5.090470438381534679e-01,5.089462568566304190e-01,5.090470438381531348e-01,5.093493276518453738e-01,5.098528774920684237e-01,5.105573115431736309e-01,5.114621048817611371e-01,5.125666097064343063e-01,5.138701031753201143e-01,5.153718973288831107e-01,5.170715963217000777e-01,5.189697433107656188e-01,5.210697152877090677e-01,5.233853779661766792e-01,5.260568608956195380e-01,5.301148679125359253e-01,5.334811086145617720e-01,5.369176305147265182e-01,5.404940699767538659e-01,5.442404007334301630e-01,5.481781508858029062e-01,5.523305115766352635e-01,5.567295282459273631e-01,5.614246101259788846e-01,5.664945865774867473e-01,5.720647307451703911e-01,5.783275982554351158e-01,5.855580050200658304e-01,5.940921055803142226e-01,6.042124584823678202e-01,6.158976203353571099e-01,6.285628405404585228e-01,6.411483757199984979e-01,6.526842629045013222e-01,6.628044567062059134e-01,6.717248303580763968e-01,6.798992679204416412e-01,6.877506207676914451e-01,6.955783119970713191e-01,7.035661398032504454e-01,7.118171447228497373e-01,7.203848067722764537e-01,7.292941877235059600e-01,7.385546487246684721e-01,7.481669632928878988e-01,7.581269920158194564e-01,7.684272690263516115e-01,7.790572452872339682e-01,7.900025344295762419e-01,8.012432369319121284e-01,8.127512076735429192e-01,8.244859245140361281e-01,8.363883614334219896e-01,8.483719129564990524e-01,8.603088826825466828e-01,8.720102310816498781e-01,8.831950245755939566e-01,8.934441434120685699e-01,9.021301087270363617e-01,9.083114634912057284e-01,9.105771518151583033e-01,9.068283531980243506e-01,8.940060704264706226e-01,8.678475987439658867e-01
9.272727272727273595e-01,8.932918846121919998e-01,9.068484434253142323e-01,9.114827489603936073e-01,9.101386351793988583e-01,9.048481517043917011e-01,8.969882045548092098e-01,8.874857743889699169e-01,8.769648454004852489e-01,8.658467039349460048e-01,8.544170269510957816e-01,8.428704589032378625e-01,8.313402500426220199e-01,8.199180535881495091e-01,8.086672384409283598e-01,7.976319098772122196e-01,7.868430683131154568e-01,7.763228397413628468e-01,7.660873858221641797e-01,7.561488829287944524e-01,7.465168041002129273e-01,7.371986137097275016e-01,7.281998636681580317e-01,7.195235311485601581e-01,7.111682199047122399e-01,7.031245030721858802e-01,6.953681495735367646e-01,6.878482416151097123e-01,6.804675707941629792e-01,6.730536259049478831e-01,6.653252748686975249e-01,6.568815705291959350e-01,6.472787851641096379e-01,6.362746053217199771e-01,6.241710188225577660e-01,6.118909262247689274e-01,6.005156697866025350e-01,5.906912061723504914e-01,5.824806829649041839e-01,5.756081791230683864e-01,5.697256442241752650e-01,5.645436486646844276e-01,5.598585618571003675e-01,5.555380886078095104e-01,5.514990866651514612e-01,5.476889315167118299e-01,5.440716990597682656e-01,5.406167163402193498e-01,5.372826952801397216e-01,5.339588828077505012e-01,5.301135939714243239e-01,5.276502464034783513e-01,5.254343550786710892e-01,5.234171871626206451e-01,5.215901813215986227e-01,5.199517898772818558e-01,5.185024916647053006e-01,5.172433839060114336e-01,5.161756779631849756e-01,5.153004981498491288e-01,5.146187989804227314e-01,5.141313325406946522e-01,5.138386374587915473e-01,5.137410366005167317e-01,5.138386374587899930e-01,5.141313325406927648e-01,5.146187989804215102e-01,5.153004981498477965e-01,5.161756779631851977e-01,5.172433839060107674e-01,5.185024916647056337e-01,5.199517898772820779e-01,5.215901813215988447e-01,5.234171871626214223e-01,5.254343550786719774e-01,5.276502464034776851e-01,5.301135939714236578e-01,5.341500114843900082e-01,5.375958096457330582e-01,5.410284106554594796e-01,5.445778449258800169e-01,5.482929987211367928e-01,5.522097281490835341e-01,5.563686075794873620e-01,5.608269437698232274e-01,5.656725549583990764e-01,5.710416370033242206e-01,5.771388762497733360e-01,5.842476615869067746e-01,5.926960887783532250e-01,6.027196413620925508e-01,6.141977317065342445e-01,6.264353065639589602e-01,6.383471551637546204e-01,6.490604804094128877e-01,6.583435592544915060e-01,6.664912347590892239e-01,6.739709836938565513e-01,6.811870406327471539e-01,6.884143711108836605e-01,6.958167925886762362e-01,7.034833682653804932e-01,7.114583660436054613e-01,7.197609071276309667e-01,7.283966011502734927e-01,7.373640292119556516e-01,7.466581502137894510e-01,7.562719053383550882e-01,7.661967375016539572e-01,7.764223931835368964e-01,7.869361567601240726e-01,7.977215208266743574e-01,8.087561772885049072e-01,8.200090918243579940e-01,8.314362706340235887e-01,8.429746111637356210e-01,8.545329043109449740e-01,8.659785606650758361e-01,8.771178728117635659e-01,8.876664636326803137e-01,8.972048320617643791e-01,9.051114338043226848e-01,9.104626070931214343e-01,9.118859193097542670e-01,9.073552295198281659e-01,8.939341757924921250e-01
9.310606060606061440e-01,9.069514215951792746e-01,9.125028743073236859e-01,9.120887633772583047e-01,9.076844550234078879e-01,9.006396261749913812e-01,8.918711957860779860e-01,8.820023665746010710e-01,8.714582335335766539e-01,8.605302188951439168e-01,8.494192119659015328e-01,8.382644697643015785e-01,8.271630675175456471e-01,8.161830777092868860e-01,8.053725702547822607e-01,7.947658103360052406e-01,7.843875621088670647e-01,7.742560998212708601e-01,7.643853251422244588e-01,7.547862524813814256e-01,7.454680269419435845e-01,7.364385635029776500e-01,7.277048250455691036e-01,7.192726736022939660e-01,7.111461103904992420e-01,7.033255305781394018e-01,6.958043057657535835e-01,6.885625056390174414e-01,6.815558549440003944e-01,6.746973276291998722e-01,6.678292919292116991e-01,6.606895969791596324e-01,6.528935587905783100e-01,6.439915615279159233e-01,6.336851580253153315e-01,6.221697713594521728e-01,6.102797986619301618e-01,5.991057904705888726e-01,5.893832175583968436e-01,5.812633740438077901e-01,5.745143304020156050e-01,5.687958046748845531e-01,5.638099217750898173e-01,5.593408337112203421e-01,5.552447894645110571e-01,5.514282855428086494e-01,5.478275529202990546e-01,5.443897614544462860e-01,5.410440435003129878e-01,5.375441867642202221e-01,5.339368177777185087e-01,5.316167594797931439e-01,5.295054974782595902e-01,5.275767213304022318e-01,5.258258074564254869e-01,5.242529334930627893e-01,5.228596516135299854e-01,5.216478320455135709e-01,5.206192752417118097e-01,5.197755616669221812e-01,5.191179957679573631e-01,5.186475892322840453e-01,5.183650599876870047e-01,5.182708361694120525e-01,5.183650599876857834e-01,5.186475892322827130e-01,5.191179957679569190e-01,5.197755616669207379e-01,5.206192752417123648e-01,5.216478320455134599e-01,5.228596516135289862e-01,5.242529334930625673e-01,5.258258074564248208e-01,5.275767213304014547e-01,5.295054974782605894e-01,5.316167594797929219e-01,5.339368177777163993e-01,5.376965927718578842e-01,5.413702417121756261e-01,5.448413881635457701e-01,5.483973005699452896e-01,5.521204602554165008e-01,5.560707833014443269e-01,5.603179233451173191e-01,5.649606746037932892e-01,5.701468034693767395e-01,5.760926210615926468e-01,5.830882423940305648e-01,5.914508142403225310e-01,6.013678489536624650e-01,6.126286427622912312e-01,6.244522983310292208e-01,6.357528461519581509e-01,6.457527073727915568e-01,6.543275977766540574e-01,6.618257214259830601e-01,6.687175035585209981e-01,6.753891305461932060e-01,6.820957872531047128e-01,6.889861434044575184e-01,6.961390345863834872e-01,7.035921138081718818e-01,7.113602413863869822e-01,7.194462600873618996e-01,7.278469779567520170e-01,7.365563350396678866e-01,7.455669554641299879e-01,7.548707652009248870e-01,7.644590385796423693e-01,7.743220479479333562e-01,7.844483742593063580e-01,7.948238553285685848e-01,8.054300793262301195e-01,8.162422564734849173e-01,8.272262059248086663e-01,8.383340588155409057e-01,8.494980766958476481e-01,8.606216789764712383e-01,8.715663059868306028e-01,8.821320298313827246e-01,8.920287411385566800e-01,9.008331316963300583e-01,9.079244278279792191e-01,9.123890056057979425e-01,9.128816267421078212e-01,9.074327998525894001e-01
9.348484848484849286e-01,9.132184283646517242e-01,9.137985683400019488e-01,9.103223444638831596e-01,9.041199961190511392e-01,8.961037309088851766e-01,8.868995811564384102e-01,8.769388841351800634e-01,8.665204617014535815e-01,8.558525916698460634e-01,8.450813482811599942e-01,8.343098222162500521e-01,8.236112410674604201e-01,8.130379954896873596e-01,8.026279005896244101e-01,7.924085769614684915e-01,7.824005428373084214e-01,7.726194151518860354e-01,7.630774879418729117e-01,7.537848683231398450e-01,7.447502877270190114e-01,7.359816578761717576e-01,7.274863977750527511e-01,7.192715100066414680e-01,7.113433189784027499e-01,7.037066806977154698e-01,6.963633013850208942e-01,6.893085115667088036e-01,6.825253694715708308e-01,6.759742779397958090e-01,6.695755764415572964e-01,6.631828240911723515e-01,6.565490356710407260e-01,6.493044906409177752e-01,6.410001288933804275e-01,6.312995240054460888e-01,6.203134300775952070e-01,6.087931273318107905e-01,5.978214803156148838e-01,5.882034685144987840e-01,5.801698907410544059e-01,5.735327361958146852e-01,5.679613822743938556e-01,5.631504305185445203e-01,5.588712080052339326e-01,5.549660163992851114e-01,5.513250104276008479e-01,5.478576157799217583e-01,5.444370423454543140e-01,5.399867256638622992e-01,5.374650126378488491e-01,5.352849684489578985e-01,5.332854215006446186e-01,5.314518863182317032e-01,5.297830307432255248e-01,5.282807440137152755e-01,5.269477276390711618e-01,5.257867074353672621e-01,5.248001483168422965e-01,5.239901497512365891e-01,5.233584162122650874e-01,5.229062568988650517e-01,5.226345954884163980e-01,5.225439809903490440e-01,5.226345954884156209e-01,5.229062568988653847e-01,5.233584162122645322e-01,5.239901497512376993e-01,5.248001483168422965e-01,5.257867074353687054e-01,5.269477276390733822e-01,5.282807440137150534e-01,5.297830307432254138e-01,5.314518863182313702e-01,5.332854215006449516e-01,5.352849684489582316e-01,5.374650126378486270e-01,5.399867256638625213e-01,5.447694815427012172e-01,5.483536090283015474e-01,5.519704342967975963e-01,5.557656050567609807e-01,5.598393740166365262e-01,5.643085156998828289e-01,5.693353493253859865e-01,5.751486905823255391e-01,5.820446591113214163e-01,5.903278345171957264e-01,6.001383385335536946e-01,6.111846574021910783e-01,6.226201501654682335e-01,6.333737806463510811e-01,6.427560946281613008e-01,6.507276482294556130e-01,6.576723164338909022e-01,6.640578469231296355e-01,6.702543000240597237e-01,6.765012351863712858e-01,6.829360092163929696e-01,6.896300919577635913e-01,6.966164864112535104e-01,7.039070887064792226e-01,7.115027958075427206e-01,7.193991070421018597e-01,7.275891013140425301e-01,7.360649270881531869e-01,7.448184513314997091e-01,7.538414191274375176e-01,7.631253044046608647e-01,7.726609313319104944e-01,7.824378823855627774e-01,7.924436628279768469e-01,8.026625494472976463e-01,8.130740042197965867e-01,8.236504717996534497e-01,8.343542922628761627e-01,8.451333318309358633e-01,8.559147413770907820e-01,8.665959604830048013e-01,8.770316408275654618e-01,8.870144885492218245e-01,8.962470114654856879e-01,9.042996696903498055e-01,9.105488630323693711e-01,9.140856725376178549e-01,9.135842801443421202e-01
9.386363636363637131e-01,9.152630111233608368e-01,9.127470670386408358e-01,9.074084118485929995e-01,9.001584354557617962e-01,8.916286776821485960e-01,8.822585595349684562e-01,8.723555810578526026e-01,8.621363118706066864e-01,8.517542978704675249e-01,8.413191357034561779e-01,8.309095919555858911e-01,8.205826939576824630e-01,8.103800802891525379e-01,8.003324744215953856e-01,7.904628634299325496e-01,7.807887765993926088e-01,7.713239336153902004e-01,7.620794474361702875e-01,7.530647087431929787e-01,7.442880374376299457e-01,7.357571550987144215e-01,7.274795050117808248e-01,7.194624176604401677e-01,7.117130822759193398e-01,7.042382282904878776e-01,6.970433265395534761e-01,6.901309592705779927e-01,6.834977340556719350e-01,6.771286681404987684e-01,6.709873079902425319e-01,6.649991255211566976e-01,6.590258332793318408e-01,6.528321541384244364e-01,6.460612066567967826e-01,6.382676776962860066e-01,6.290898362018525480e-01,6.185721453143220305e-01,6.073912766779857586e-01,5.966121515795154151e-01,5.870926940572942510e-01,5.791341765193425140e-01,5.725909136005761235e-01,5.671423444580866446e-01,5.624746991129804252e-01,5.583427701736842774e-01,5.545652503075668704e-01,5.509881282289478266e-01,5.473689462977048281e-01,5.429115722224661100e-01,5.406640521371811614e-01,5.386284827133749342e-01,5.367485142701210465e-01,5.350175652456923281e-01,5.334372123807418209e-01,5.320110410812001200e-01,5.307429578671208903e-01,5.296366171848738702e-01,5.286952162999534188e-01,5.279214345731472191e-01,5.273174270787124307e-01,5.268848397856520371e-01,5.266248300036554530e-01,5.265380842489153501e-01,5.266248300036550090e-01,5.268848397856530363e-01,5.273174270787119866e-01,5.279214345731486624e-01,5.286952162999535298e-01,5.296366171848752025e-01,5.307429578671193360e-01,5.320110410812007862e-01,5.334372123807413768e-01,5.350175652456924391e-01,5.367485142701208245e-01,5.386284827133751563e-01,5.406640521371812724e-01,5.429115722224649998e-01,5.476912134889313499e-01,5.515318867375388345e-01,5.553004601996339717e-01,5.592731291357360135e-01,5.636170271215943384e-01,5.685203326650559719e-01,5.742288385780646154e-01,5.810459757809519621e-01,5.892637821840537304e-01,5.989771429455754692e-01,6.098233088781785938e-01,6.209063120180652318e-01,6.311790716548134617e-01,6.400303712155454017e-01,6.474868597100862377e-01,6.539559391365286078e-01,6.599002025994967768e-01,6.656762162732492438e-01,6.715116418690028066e-01,6.775356768842945021e-01,6.838146953087602675e-01,6.903785862032962850e-01,6.972372995561665343e-01,7.043904539492077399e-01,7.118326618367288861e-01,7.195563706672913895e-01,7.275533037555931282e-01,7.358151188823512934e-01,7.443336249193063248e-01,7.531007368996562867e-01,7.621082580133069495e-01,7.713475222699099909e-01,7.808088959051097122e-01,7.904811081352375313e-01,8.003503554865418756e-01,8.103990930766638012e-01,8.206043853606326266e-01,8.309356311349151980e-01,8.413513934787865134e-01,8.517949406899874010e-01,8.621879178023932333e-01,8.724212875756283125e-01,8.823422562902676347e-01,8.917352623203317341e-01,9.002941572436174988e-01,9.075813366857427011e-01,9.129677078605051843e-01,9.155451770850027149e-01
9.424242424242424976e-01,9.149560300996851803e-01,9.104972078192870022e-01,9.040254132442370194e-01,8.961791423345010221e-01,8.874069626512249842e-01,8.780258388190731456e-01,8.682612234830699993e-01,8.582745887710128141e-01,8.481823972030808623e-01,8.380692499798619854e-01,8.279970647364115477e-01,8.180115317156229082e-01,8.081466922395070807e-01,7.984282124629316080e-01,7.888757440271098043e-01,7.795046412495982846e-01,7.703272218596709520e-01,7.613537017427611797e-01,7.525928948436735322e-01,7.440527412599543533e-01,7.357407052970115213e-01,7.276640673799955605e-01,7.198301158623070517e-01,7.122462228453623201e-01,7.049197561189084471e-01,6.978577274444909273e-01,6.910659890461476884e-01,6.845476375261984048e-01,6.783000235952223456e-01,6.723093384324465571e-01,6.665411140245742772e-01,6.609242672037268784e-01,6.553263305152218221e-01,6.495209396281882430e-01,6.431618912361677376e-01,6.358088361668841060e-01,6.270827194491942480e-01,6.169749438250243800e-01,6.060953557574699779e-01,5.954850525876705936e-01,5.860429131203412911e-01,5.781333303763281917e-01,5.716505643800817715e-01,5.662819150427974568e-01,5.616990495954757856e-01,5.576236319482520409e-01,5.537977471160081544e-01,5.496879430850616366e-01,5.456050751257049969e-01,5.435615575956211920e-01,5.416756730317392465e-01,5.399226182403599195e-01,5.383014874634038938e-01,5.368162787632138055e-01,5.354721115945039189e-01,5.342740534362780958e-01,5.332266950071750111e-01,5.323340002923511172e-01,5.315992689903069612e-01,5.310251453071609395e-01,5.306136458508077247e-01,5.303661868164432081e-01,5.302836077659704994e-01,5.303661868164440962e-01,5.306136458508093900e-01,5.310251453071599403e-01,5.315992689903080715e-01,5.323340002923504510e-01,5.332266950071741229e-01,5.342740534362785398e-01,5.354721115945043630e-01,5.368162787632111410e-01,5.383014874634040048e-01,5.399226182403586982e-01,5.416756730317404678e-01,5.435615575956213030e-01,5.456050751257018883e-01,5.499567060553987030e-01,5.543898542158948173e-01,5.584647345010883557e-01,5.627877229589058894e-01,5.676343852888162678e-01,5.732868349485549242e-01,5.800632170251263098e-01,5.882459632071614930e-01,5.978877419118104886e-01,6.085624096661077509e-01,6.193364904348765965e-01,6.291917232772715751e-01,6.375863363521282468e-01,6.445996640933197019e-01,6.506551297538359924e-01,6.562095308053648157e-01,6.616085067760167915e-01,6.670708413369312861e-01,6.727200114944035247e-01,6.786190244054094434e-01,6.847958241544973568e-01,6.912591973165639336e-01,6.980080109194406468e-01,7.050363443623475224e-01,7.123362402045670949e-01,7.198991141575646902e-01,7.277164197955597880e-01,7.357798987390663514e-01,7.440815951021116925e-01,7.526137265240107066e-01,7.613684541123905136e-01,7.703375631723508032e-01,7.795120458546526132e-01,7.888815598770533288e-01,7.984337202447866488e-01,8.081531601282732069e-01,8.180202693310549833e-01,8.280094798092834107e-01,8.380869114921477570e-01,8.482071093894719693e-01,8.583084814327741618e-01,8.683068656981819400e-01,8.780863855285860886e-01,8.874863470306176838e-01,8.962823316652591688e-01,9.041587525534051650e-01,9.106688840552673581e-01,9.151766995378317615e-01
9.462121212121212821e-01,9.133684569723630187e-01,9.076842035868057934e-01,9.005287242174260243e-01,8.923603792226527665e-01,8.835061333854076215e-01,8.742007625485205269e-01,8.646140275578283463e-01,8.548695584308901863e-01,8.450580466233796884e-01,8.352465225457317288e-01,8.254849283445232500e-01,8.158108105180328362e-01,8.062526965870749907e-01,7.968325442331829489e-01,7.875675322036098658e-01,7.784713811308158204e-01,7.695553367143154189e-01,7.608289091111474223e-01,7.523004352515912929e-01,7.439775112707964766e-01,7.358673275404133962e-01,7.279769266933167060e-01,7.203133934990306741e-01,7.128839720695550053e-01,7.056960872601373280e-01,6.987572178482956975e-01,6.920745199429606531e-01,6.856540143613867322e-01,6.794990049940193844e-01,6.736071448556836261e-01,6.679651572299011297e-01,6.625396136338169706e-01,6.572614884283725090e-01,6.520021809771996413e-01,6.465417894035987434e-01,6.405425539631695031e-01,6.335690550469214033e-01,6.252298679969547912e-01,6.154729244292453938e-01,6.048478099702208066e-01,5.943679339003568041e-01,5.849634003144938976e-01,5.770544400911440386e-01,5.705699794590317619e-01,5.651948909010561239e-01,5.605570565820388040e-01,5.562359738246971386e-01,5.501299560437834524e-01,5.479984246474706167e-01,5.461376843332742537e-01,5.444002491948087830e-01,5.427770369269799833e-01,5.412703212555762811e-01,5.398853987683722710e-01,5.386283195531014201e-01,5.375049868981689460e-01,5.365207619035287090e-01,5.356802982982747929e-01,5.349874893827059052e-01,5.344454686690724987e-01,5.340566304783864737e-01,5.338226608318357158e-01,5.337445603927400972e-01,5.338226608318373811e-01,5.340566304783866958e-01,5.344454686690724987e-01,5.349874893827075706e-01,5.356802982982755701e-01,5.365207619035293751e-01,5.375049868981687240e-01,5.386283195530998658e-01,5.398853987683723821e-01,5.412703212555757259e-01,5.427770369269795392e-01,5.444002491948091160e-01,5.461376843332728104e-01,5.479984246474703946e-01,5.501299560437832303e-01,5.568694198523325145e-01,5.615204646801528199e-01,5.664711414555123614e-01,5.721662353990258909e-01,5.789726501693680527e-01,5.871755078180443954e-01,5.967916829712778259e-01,6.073395698296162326e-01,6.178577950995814971e-01,6.273599188151586237e-01,6.353662809757082419e-01,6.419992775780642980e-01,6.476938766303623751e-01,6.529016452530880255e-01,6.579599074022921545e-01,6.630812367394953721e-01,6.683854546364594862e-01,6.739336405973047617e-01,6.797527604556198311e-01,6.858510847968077861e-01,6.922271687012676589e-01,6.988748617496546300e-01,7.057860100717211482e-01,7.129518559416352375e-01,7.203637135023388538e-01,7.280132444748227405e-01,7.358925113111753902e-01,7.439939021865404900e-01,7.523099748378602181e-01,7.608332384379900004e-01,7.695558752035976946e-01,7.784693908915049088e-01,7.875641724151211109e-01,7.968289191751410927e-01,8.062499003379357543e-01,8.158099710476589550e-01,8.254872536724748855e-01,8.352533518212061914e-01,8.450709094263861854e-01,8.548902463485913428e-01,8.646446832434901975e-01,8.742439931572589806e-01,8.835651576922992634e-01,8.924392211237054395e-01,9.006324700118767401e-01,9.078193467638073777e-01,9.135433623029717287e-01
9.500000000000000666e-01,9.111272984801291885e-01,9.046688919653775862e-01,8.971101503645853015e-01,8.887881079060098166e-01,8.799470131829096875e-01,8.707650970345118813e-01,8.613733448349356614e-01,8.518687209791394599e-01,8.423235419789759648e-01,8.327921658958347129e-01,8.233158014464994068e-01,8.139259911329328467e-01,8.046471529438872228e-01,7.954984491406841274e-01,7.864951709921799150e-01,7.776497733242410115e-01,7.689726544900105099e-01,7.604727505130086662e-01,7.521579930708658379e-01,7.440356671510302000e-01,7.361126937974420414e-01,7.283958549489663037e-01,7.208919696469339167e-01,7.136080224132452798e-01,7.065512334056428534e-01,6.997290429834567282e-01,6.931489554542032971e-01,6.868181392462403556e-01,6.807425985054011974e-01,6.749255889493332994e-01,6.693647093248424884e-01,6.640467070505248204e-01,6.589384582925843503e-01,6.539719324034742876e-01,6.490209059772611422e-01,6.438700307170596160e-01,6.381880471853863535e-01,6.315436380134792360e-01,6.235349577014821509e-01,6.140709187765550636e-01,6.036428772113056063e-01,5.932315251087262320e-01,5.837892968495848045e-01,5.757831195450657802e-01,5.691595287522583924e-01,5.635473331733238389e-01,5.582800112773959045e-01,5.520194215057125930e-01,5.501675359429064605e-01,5.484483355526518222e-01,5.468404282879233413e-01,5.453388968544056192e-01,5.439444157009204472e-01,5.426608311624675496e-01,5.414934914082262241e-01,5.404481700515504361e-01,5.395304343371403188e-01,5.387453037029540370e-01,5.380970831205722504e-01,5.375892950380584123e-01,5.372246631865282840e-01,5.370051171062858453e-01,5.369318076257822980e-01,5.370051171062871775e-01,5.372246631865282840e-01,5.375892950380584123e-01,5.380970831205725835e-01,5.387453037029549252e-01,5.395304343371400968e-01,5.404481700515497700e-01,5.414934914082273343e-01,5.426608311624669945e-01,5.439444157009210024e-01,5.453388968544051751e-01,5.468404282879238965e-01,5.484483355526512671e-01,5.501675359429044621e-01,5.520194215057115938e-01,5.589287959640331094e-01,5.646461758004956977e-01,5.706485100635050323e-01,5.776413556418451556e-01,5.859749717017854742e-01,5.956507473077871095e-01,6.061422466054915414e-01,6.164695025411717211e-01,6.256825498249790618e-01,6.333613948651987124e-01,6.396671192328804434e-01,6.450447212443566336e-01,6.499418363973120671e-01,6.546897701737462993e-01,6.594970200844993968e-01,6.644813726219521710e-01,6.697031145455721868e-01,6.751890063234282646e-01,6.809473292190767468e-01,6.869766911348129668e-01,6.932709700081881588e-01,6.998220008616133914e-01,7.066209835430213859e-01,7.136591770204205876e-01,7.209281994912080105e-01,7.284201112282701063e-01,7.361273761748429179e-01,7.440427523299328882e-01,7.521591344534330759e-01,7.604693567040815561e-01,7.689659524208500851e-01,7.776408603646212114e-01,7.864850594415595531e-01,7.954881058301284114e-01,8.046375362667432807e-01,8.139180876078430105e-01,8.233106638779694730e-01,8.327909553305268275e-01,8.423275759752726355e-01,8.518795312482297932e-01,8.613927481343118808e-01,8.707952843905115703e-01,8.799906642208519258e-01,8.888485394572200882e-01,8.971915118397527644e-01,9.047764245174627629e-01,9.112676809898516694e-01
9.537878787878788511e-01,9.085917538022756368e-01,9.016470645711834875e-01,8.938614877614418086e-01,8.854887024592871247e-01,8.767154759186244206e-01,8.676802679905433191e-01,8.584864568685584008e-01,8.492117915518494486e-01,8.399151903681028042e-01,8.306416640522794603e-01,8.214259057353205939e-01,8.122949272766939455e-01,8.032700089238395957e-01,7.943681514151913481e-01,7.856031654577859680e-01,7.769864955744842927e-01,7.685278485688715744e-01,7.602356778414296468e-01,7.521175611245334292e-01,7.441804992142297959e-01,7.364311557478744330e-01,7.288760520603171367e-01,7.215217258052820659e-01,7.143748564533594081e-01,7.074423538011925805e-01,7.007313954834695213e-01,6.942493832793508179e-01,6.880037608291043050e-01,6.820015887515382680e-01,6.762486925837433160e-01,6.707480603742160818e-01,6.654969328597140077e-01,6.604816515182841963e-01,6.556687780218662942e-01,6.509903825943723632e-01,6.463213529372078270e-01,6.414492054051901260e-01,6.360472172788889100e-01,6.296864986480956716e-01,6.219541609563821183e-01,6.127198181384612141e-01,6.024126910082135966e-01,5.919696363333029066e-01,5.823478350157320627e-01,5.740287904881803405e-01,5.668721969535255312e-01,5.597618854084943640e-01,5.540890478724868062e-01,5.522611506783150492e-01,5.505804848617712466e-01,5.490425036978112683e-01,5.476286576930781136e-01,5.463277969005165824e-01,5.451360751249109127e-01,5.440543271448857743e-01,5.430858761387000744e-01,5.422350845951293685e-01,5.415064810215096669e-01,5.409042633511232934e-01,5.404320312086324796e-01,5.400926504619734114e-01,5.398881907254579060e-01,5.398198991447062944e-01,5.398881907254590162e-01,5.400926504619721902e-01,5.404320312086330347e-01,5.409042633511248477e-01,5.415064810215100000e-01,5.422350845951293685e-01,5.430858761387007405e-01,5.440543271448868845e-01,5.451360751249110237e-01,5.463277969005174706e-01,5.476286576930772254e-01,5.490425036978111573e-01,5.505804848617709135e-01,5.522611506783159374e-01,5.540890478724860291e-01,5.603431736738133662e-01,5.681062970442035676e-01,5.757365798145928082e-01,5.844459856174869516e-01,5.943420830533987509e-01,6.048912238885767456e-01,6.151144485742732204e-01,6.241098689953564760e-01,6.315211607371181701e-01,6.375487064328477782e-01,6.426487022911820945e-01,6.472670566459790553e-01,6.517314212710206833e-01,6.562481739512616707e-01,6.609344988426261169e-01,6.658508833466511012e-01,6.710245591097249163e-01,6.764642803635405599e-01,6.821690289944130070e-01,6.881329397063881137e-01,6.943480025046454562e-01,7.008054965486575361e-01,7.074967122038851031e-01,7.144132781508033547e-01,7.215472709985125688e-01,7.288912052154846721e-01,7.364379558783410440e-01,7.441806407717839189e-01,7.521124731472700331e-01,7.602265870471993647e-01,7.685158306759080071e-01,7.769725181289807159e-01,7.855881247465846817e-01,7.943529055656369797e-01,8.032554089925030283e-01,8.122818479724850382e-01,8.214152773944503050e-01,8.306345075796205402e-01,8.399126570918821200e-01,8.492152103302951227e-01,8.584973913792540712e-01,8.677005879883372685e-01,8.767474474562209075e-01,8.855351037525172053e-01,8.939257597178594805e-01,9.017335082001647351e-01,9.087057910257452242e-01
9.575757575757576356e-01,9.059744250220589379e-01,8.987294841489780195e-01,8.908293988854143475e-01,8.824692826537346990e-01,8.737950264132930966e-01,8.649164599748350168e-01,8.559168452797150106e-01,8.468597619728263082e-01,8.377941324582449667e-01,8.287579128611434198e-01,8.197808218253124224e-01,8.108863711490039705e-01,8.020933867436739195e-01,7.934171553631231832e-01,7.848702951151805829e-01,7.764634211903099770e-01,7.682056592481765200e-01,7.601050452272630764e-01,7.521688404005333339e-01,7.444037831681354911e-01,7.368162935329538588e-01,7.294126418056900985e-01,7.221990892747500723e-01,7.151820047767718513e-01,7.083679565975071757e-01,7.017637728761846327e-01,6.953765540105302234e-01,6.892136046674791627e-01,6.832822261098420169e-01,6.775892634276041715e-01,6.721402229424119357e-01,6.669376395383941336e-01,6.619781467763722338e-01,6.572473394948559200e-01,6.527109928114173121e-01,6.483006194308088554e-01,6.438913004457494926e-01,6.392721458926275968e-01,6.341192160191645444e-01,6.280035408498100269e-01,6.204970209675458870e-01,6.114213712959651881e-01,6.011253799920822649e-01,5.904681894145060728e-01,5.803454968822617799e-01,5.710324633244362458e-01,5.587728853798659134e-01,5.568291323184590969e-01,5.546521586988191199e-01,5.527850368887661237e-01,5.511779044316343912e-01,5.497666203254268913e-01,5.485078617602452411e-01,5.473772339580121882e-01,5.463630399793305559e-01,5.454611803986803009e-01,5.446717315418729832e-01,5.439968177174904218e-01,5.434393396829864109e-01,5.430022350727544689e-01,5.426880584773036142e-01,5.424987495350729327e-01,5.424355101464685136e-01,5.424987495350743760e-01,5.426880584773038363e-01,5.430022350727536917e-01,5.434393396829860778e-01,5.439968177174906439e-01,5.446717315418723171e-01,5.454611803986800789e-01,5.463630399793294457e-01,5.473772339580120772e-01,5.485078617602469064e-01,5.497666203254264472e-01,5.511779044316329479e-01,5.527850368887650134e-01,5.546521586988197861e-01,5.568291323184593189e-01,5.587728853798646922e-01,5.723699325633654356e-01,5.822364265106921843e-01,5.927193566807765768e-01,6.035349216269511041e-01,6.137813410464415531e-01,6.226422753833287249e-01,6.298448815381345600e-01,6.356383920122248288e-01,6.404951647947453308e-01,6.448625445850501015e-01,6.490667745954358248e-01,6.533137244871027871e-01,6.577211177218945659e-01,6.623504427903887937e-01,6.672299625055891914e-01,6.723692981928337531e-01,6.777680868268854963e-01,6.834209241397046775e-01,6.893201065241053582e-01,6.954571062229892853e-01,7.018233300043605905e-01,7.084104773296756585e-01,7.152106768618679000e-01,7.222165012576517995e-01,7.294209150698779398e-01,7.368171847147089171e-01,7.443987644326455211e-01,7.521591631747224227e-01,7.600917916013445463e-01,7.681897842563915058e-01,7.764457884624256234e-01,7.848517078826785509e-01,7.933983844571308452e-01,8.020751970016194443e-01,8.108695475321135993e-01,8.197661965283741248e-01,8.287463947675532960e-01,8.377867404639278703e-01,8.468576639888490964e-01,8.559214051533058365e-01,8.649292951844568256e-01,8.738180802565803651e-01,8.825049158429127960e-01,8.908805071086505212e-01,8.987996503977494500e-01,9.060681185029975104e-01
9.613636363636364202e-01,9.033898616800030146e-01,8.959655467905007775e-01,8.880218355108592254e-01,8.797118743112901651e-01,8.711519012288810870e-01,8.624307216166875456e-01,8.536166461699304930e-01,8.447625979222033177e-01,8.359098930803667837e-01,8.270910566761338067e-01,8.183319319449777751e-01,8.096532699931617838e-01,8.010719349275862156e-01,7.926018229921942826e-01,7.842545680193943047e-01,7.760400866129971709e-01,7.679670027944004440e-01,7.600429818632035150e-01,7.522749958838830242e-01,7.446695377459724430e-01,7.372327965919419634e-01,7.299708041240851042e-01,7.228895585107270039e-01,7.159951299348925602e-01,7.092937488117150302e-01,7.027918737100518065e-01,6.964962300625568981e-01,6.904138012156507687e-01,6.845517375159947404e-01,6.789171222701472219e-01,6.735164875543717677e-01,6.683548945267996366e-01,6.634342601830811592e-01,6.587503923011222007e-01,6.542878452182581128e-01,6.500112082406777070e-01,6.458508870483323783e-01,6.416813791086041219e-01,6.372922188423689738e-01,6.323602697512650250e-01,6.264525439770667337e-01,6.191167002902906447e-01,6.101046181450432426e-01,5.996327271223116373e-01,5.883548215529963432e-01,5.766146197790670280e-01,5.646754971227782027e-01,5.610986301312379521e-01,5.579483819611573692e-01,5.554749073537084136e-01,5.535222211438044493e-01,5.519351077892596935e-01,5.506045497512299658e-01,5.494626353461548041e-01,5.484700830590002463e-01,5.476057240868604792e-01,5.468592231734172859e-01,5.462264195696590052e-01,5.457064574805896573e-01,5.453000571000169439e-01,5.450084894726883178e-01,5.448329805585759855e-01,5.447743782729830286e-01,5.448329805585748753e-01,5.450084894726886509e-01,5.453000571000172769e-01,5.457064574805905455e-01,5.462264195696602265e-01,5.468592231734187292e-01,5.476057240868600351e-01,5.484700830589981368e-01,5.494626353461566914e-01,5.506045497512295217e-01,5.519351077892604707e-01,5.535222211438056705e-01,5.554749073537074144e-01,5.579483819611574802e-01,5.610986301312397284e-01,5.646754971227777586e-01,5.779584566683900748e-01,5.903271755382222263e-01,6.018838796426227988e-01,6.123760744759922936e-01,6.212189547869676476e-01,6.282814818235911147e-01,6.338866123288163790e-01,6.385336039444350353e-01,6.426762924334630256e-01,6.466422404794420764e-01,6.506384736321214612e-01,6.547843519363156783e-01,6.591431179690856457e-01,6.637445924493873273e-01,6.685996367027368104e-01,6.737088100158107329e-01,6.790673635482583625e-01,6.846680439885179936e-01,6.905026249042018893e-01,6.965627114098646988e-01,7.028401346864390220e-01,7.093271174639708132e-01,7.160163130051589997e-01,7.229007748644239451e-01,7.299738886191780018e-01,7.372292816374950153e-01,7.446607180070187182e-01,7.522619802604012529e-01,7.600267358919819971e-01,7.679483839063274697e-01,7.760198741592180260e-01,7.842334896098581698e-01,7.925805784355201000e-01,8.010512188985670079e-01,8.096337944691832655e-01,8.183144494371727973e-01,8.270763853343205962e-01,8.358989448769826858e-01,8.447564113312509004e-01,8.536164250712535706e-01,8.624378826025687061e-01,8.711681321098649899e-01,8.797392074685035368e-01,8.880627408994703487e-01,8.960230509634259377e-01,9.034677012949114960e-01
9.651515151515152047e-01,9.009049993754433272e-01,8.933806212251633738e-01,8.854381914304192414e-01,8.772001592007320214e-01,8.687608058436449010e-01,8.601931802827794682e-01,8.515542547534838969e-01,8.428887757643462875e-01,8.342321552613221058e-01,8.256126526548162037e-01,8.170530303850844778e-01,8.085718167100951481e-01,8.001842740369979889e-01,7.919031455120126850e-01,7.837392339655550044e-01,7.757018537083613108e-01,7.677991856862492748e-01,7.600385591226550552e-01,7.524266772880433551e-01,7.449698009074530169e-01,7.376738995601075377e-01,7.305447789308089357e-01,7.235881896808231684e-01,7.168099217611859642e-01,7.102158859004785718e-01,7.038121813654623082e-01,6.976051453195323271e-01,6.916013732303271100e-01,6.858076902072324232e-01,6.802310371838199421e-01,6.748782089150214825e-01,6.697553350744236411e-01,6.648669183775597347e-01,6.602141138094400619e-01,6.557917196878773058e-01,6.515830162318777541e-01,6.475511099730815179e-01,6.436249139083436432e-01,6.396777922993414078e-01,6.354987316298952305e-01,6.307631376613662688e-01,6.250277214233989076e-01,6.177973393099318589e-01,6.086983286999779752e-01,5.976327960502220149e-01,5.840443618461886865e-01,5.738547938589857456e-01,5.679289945006003038e-01,5.630453957574778068e-01,5.593469694710554441e-01,5.565907115513140102e-01,5.545080895478240457e-01,5.528896355196186718e-01,5.515925518240405445e-01,5.505263495923530259e-01,5.496363926861294047e-01,5.488909893386478833e-01,5.482725236484766729e-01,5.477717290796337846e-01,5.473841102080088117e-01,5.471077552524424847e-01,5.469420209827363655e-01,5.468867773127458198e-01,5.469420209827360324e-01,5.471077552524433729e-01,5.473841102080079235e-01,5.477717290796328964e-01,5.482725236484771170e-01,5.488909893386482164e-01,5.496363926861301819e-01,5.505263495923531369e-01,5.515925518240408776e-01,5.528896355196195600e-01,5.545080895478246008e-01,5.565907115513133441e-01,5.593469694710559992e-01,5.630453957574774737e-01,5.679289945006007478e-01,5.738547938589843023e-01,5.851828876573234028e-01,5.995233817310948732e-01,6.107778353494633938e-01,6.197982039215803596e-01,6.268103028901002016e-01,6.322770087806224293e-01,6.367474991263404327e-01,6.406906676949783996e-01,6.444389634442961867e-01,6.482023292992042940e-01,6.521027994130629279e-01,6.562060600421412149e-01,6.605439764033422811e-01,6.651290017721894765e-01,6.699628752668415066e-01,6.750416936680063706e-01,6.803587959602444002e-01,6.859063642973106667e-01,6.916762838252760170e-01,6.976605793987142867e-01,7.038516132488458199e-01,7.102421491683221788e-01,7.168253431499650441e-01,7.235946939289005231e-01,7.305439714399605267e-01,7.376671321087791000e-01,7.449582244133576836e-01,7.524112846873277638e-01,7.600202207390548415e-01,7.677786789499071451e-01,7.756798887075532223e-01,7.837164760436842181e-01,7.918802359343449782e-01,8.001618496307295603e-01,8.085505293180449415e-01,8.170335669617000418e-01,8.255957568729119789e-01,8.342186515919068901e-01,8.428795971479262628e-01,8.515504752122937671e-01,8.601960541486582956e-01,8.687718157231477667e-01,8.772210754047896630e-01,8.854711464102595908e-01,8.934282036432545926e-01,9.009703738779654136e-01
9.689393939393939892e-01,8.985540792795558840e-01,8.909817812501914513e-01,8.830686527981623790e-01,8.749142494772811363e-01,8.665962788233821934e-01,8.581757544797512516e-01,8.497008864184291133e-01,8.412100289371451378e-01,8.327339243358498067e-01,8.242974182377468262e-01,8.159207769736134264e-01,8.076207040127192371e-01,7.994111278624532746e-01,7.913038157762283253e-01,7.833088542544079935e-01,7.754350274213379635e-01,7.676901169884327025e-01,7.600811419951892800e-01,7.526145523649245828e-01,7.452963871557987119e-01,7.381324059552973882e-01,7.311281999415774058e-01,7.242892875344676407e-01,7.176211981073702395e-01,7.111295457337336590e-01,7.048200931436974237e-01,6.986988035975046918e-01,6.927718746600365352e-01,6.870457419366221563e-01,6.815270311241317103e-01,6.762224205873810234e-01,6.711383496152653061e-01,6.662804620475332174e-01,6.616525987372081641e-01,6.572550256829308157e-01,6.530813786912931240e-01,6.491134846306760853e-01,6.453127631907629169e-01,6.416063943829168892e-01,6.378662422149156130e-01,6.338798331672539366e-01,6.293180431139581144e-01,6.237161370970057961e-01,6.164941869294018328e-01,6.069688941379440816e-01,5.924246701021993466e-01,5.857692121854887191e-01,5.776920314005439261e-01,5.707252768997395087e-01,5.652324686068304072e-01,5.611056728565757545e-01,5.580609399781577551e-01,5.558051727069530656e-01,5.541036803670602584e-01,5.527902699326412428e-01,5.517551366996741313e-01,5.509287830062550295e-01,5.502685163679615910e-01,5.497487422283336977e-01,5.493544870471844810e-01,5.490772346461176845e-01,5.489123645293035869e-01,5.488576300905763095e-01,5.489123645293044751e-01,5.490772346461171294e-01,5.493544870471848141e-01,5.497487422283343639e-01,5.502685163679630342e-01,5.509287830062548075e-01,5.517551366996747975e-01,5.527902699326414648e-01,5.541036803670608135e-01,5.558051727069545089e-01,5.580609399781590874e-01,5.611056728565768648e-01,5.652324686068319615e-01,5.707252768997401748e-01,5.776920314005450363e-01,5.857692121854862766e-01,5.927447044413886035e-01,6.086040466343758393e-01,6.182783746518560886e-01,6.253911246989501960e-01,6.307849889243891672e-01,6.351162920500525999e-01,6.388859754877816988e-01,6.424371635690518945e-01,6.459850543651632915e-01,6.496555288543883755e-01,6.535174327568612496e-01,6.576051677104075566e-01,6.619331352201239804e-01,6.665045173541950252e-01,6.713164524510135678e-01,6.763630186659037591e-01,6.816369176632316451e-01,6.871303989745414231e-01,6.928357453633109397e-01,6.987455067892791583e-01,7.048525919834182085e-01,7.111502804989636717e-01,7.176321910602670995e-01,7.242922261481936630e-01,7.311245033705816576e-01,7.381232785367988214e-01,7.452828618818299056e-01,7.525975266163358324e-01,7.600614073383061831e-01,7.676683844665385115e-01,7.754119494997520068e-01,7.832850443791214978e-01,7.912798663668993981e-01,7.993876274705485896e-01,8.075982543281163828e-01,8.159000103543423421e-01,8.242790164673223785e-01,8.327186393827198385e-01,8.411987066067559971e-01,8.496944939586090761e-01,8.581754134374716125e-01,8.666033047732539796e-01,8.749302006730850234e-01,8.830953903696422413e-01,8.910215443168235661e-01,8.986095793271055010e-01
9.727272727272727737e-01,8.963488051352100916e-01,8.887622621486955810e-01,8.808948585240491402e-01,8.728287765855564651e-01,8.646289964496367553e-01,8.563471812173883979e-01,8.480246543857486996e-01,8.396946884232933117e-01,8.313842698692739397e-01,8.231154656503204547e-01,8.149064847041105342e-01,8.067725060538873949e-01,7.987263272937783487e-01,7.907788745668168362e-01,7.829396054482928857e-01,7.752168288674596841e-01,7.676179607017529216e-01,7.601497295076566907e-01,7.528183436737571066e-01,7.456296288410014794e-01,7.385891425389683462e-01,7.317022714802048355e-01,7.249743157080968947e-01,7.184105626835287639e-01,7.120163532894515646e-01,7.057971404628673451e-01,6.997585394943331982e-01,6.939063666049164469e-01,6.882466586426626565e-01,6.827856606924709304e-01,6.775297585013843049e-01,6.724853162819337538e-01,6.676583533271819304e-01,6.630539477628281109e-01,6.586751809666258062e-01,6.545213132965114200e-01,6.505846838386155628e-01,6.468455203724712277e-01,6.432634066161649899e-01,6.397636232604542172e-01,6.362162033799534377e-01,6.324059878769585641e-01,6.279940132614819648e-01,6.224697614222650666e-01,6.150273798035394979e-01,6.059482882202198439e-01,5.979279521909562911e-01,5.891769946878064879e-01,5.808267125287950305e-01,5.735808455094923985e-01,5.677458189020149204e-01,5.632787872044172639e-01,5.599498413079466719e-01,5.574875782843810024e-01,5.556561181347621226e-01,5.542776777443814140e-01,5.532283971018946422e-01,5.524259358703741407e-01,5.518171924409298601e-01,5.513687037458995244e-01,5.510599254903603139e-01,5.508788070136457771e-01,5.508190800604005899e-01,5.508788070136471093e-01,5.510599254903628674e-01,5.513687037458995244e-01,5.518171924409287499e-01,5.524259358703758060e-01,5.532283971018956414e-01,5.542776777443815250e-01,5.556561181347612344e-01,5.574875782843808913e-01,5.599498413079471160e-01,5.632787872044159316e-01,5.677458189020131440e-01,5.735808455094921765e-01,5.808267125287943644e-01,5.891769946878053776e-01,5.979279521909558470e-01,6.059482882202193998e-01,6.162873671527921982e-01,6.239134509821276930e-01,6.293519531855285010e-01,6.335962092999274375e-01,6.372236288369104162e-01,6.406002754958493028e-01,6.439508247278552533e-01,6.474068147309870458e-01,6.510412149582665009e-01,6.548915681659875920e-01,6.589746398882330158e-01,6.632953535956570557e-01,6.678521075583202515e-01,6.726398805587127105e-01,6.776520141238735473e-01,6.828812125466955374e-01,6.883200846784649496e-01,6.939614194447728535e-01,6.997983081010933359e-01,7.058241793961177457e-01,7.120327860647467366e-01,7.184181646171942104e-01,7.249745805884003635e-01,7.316964655208891832e-01,7.385783483511519920e-01,7.456147815878610974e-01,7.528002611256874310e-01,7.601291373707333987e-01,7.675955143288274440e-01,7.751931322631672172e-01,7.829152283331658468e-01,7.907543681628034227e-01,7.987022394262144331e-01,8.067493961293922267e-01,8.148849391174717294e-01,8.230961141956386617e-01,8.313678037831073731e-01,8.396818807736978751e-01,8.480163836464776894e-01,8.563444590395148381e-01,8.646330008746108131e-01,8.728408922487754795e-01,8.809167257947052576e-01,8.887958376616318379e-01,8.963964368167915975e-01
9.765151515151515582e-01,8.942925531792437210e-01,8.867133376200030392e-01,8.789007440000217164e-01,8.709235371061109232e-01,8.628367525662499204e-01,8.546846634502170970e-01,8.465030885595093979e-01,8.383211917097871391e-01,8.301628875282408559e-01,8.220479427676689044e-01,8.139928416024704294e-01,8.060114675915268645e-01,7.981156429157127974e-01,7.903155562690175051e-01,7.826201037295883456e-01,7.750371615409570314e-01,7.675738055970339202e-01,7.602364892438622235e-01,7.530311885567435581e-01,7.459635223453554564e-01,7.390388526452076334e-01,7.322623702599830864e-01,7.256391689327885697e-01,7.191743108571158061e-01,7.128728853982083669e-01,7.067400619693906538e-01,7.007811368412434350e-01,6.950015720246850437e-01,6.894070219032935043e-01,6.840033394204706463e-01,6.787965474163609736e-01,6.737927506186025539e-01,6.689979472828940787e-01,6.644176723765310433e-01,6.600563596701333191e-01,6.559162371625558707e-01,6.519954517814292583e-01,6.482849300985792373e-01,6.447631888905461794e-01,6.413878794096012914e-01,6.380822690258323160e-01,6.347141440846438831e-01,6.310634378871653460e-01,6.267690047198213321e-01,6.211783804908225237e-01,6.148986783740709727e-01,6.079768120920749919e-01,6.001267825347353924e-01,5.918431971520629054e-01,5.837993935094518694e-01,5.766139427948062668e-01,5.706410121554588155e-01,5.659355420512701684e-01,5.623531740287145420e-01,5.596732283473383474e-01,5.576801650265035271e-01,5.561982683614924428e-01,5.550974496133905811e-01,5.542868043109567822e-01,5.537052807277005329e-01,5.533133541402684985e-01,5.530868158517054933e-01,5.530126658454542765e-01,5.530868158517079358e-01,5.533133541402678324e-01,5.537052807277007549e-01,5.542868043109572262e-01,5.550974496133908032e-01,5.561982683614924428e-01,5.576801650265035271e-01,5.596732283473394576e-01,5.623531740287140979e-01,5.659355420512701684e-01,5.706410121554581494e-01,5.766139427948043794e-01,5.837993935094508702e-01,5.918431971520640156e-01,6.001267825347331719e-01,6.079768120920774344e-01,6.148986783740698625e-01,6.220117594618224111e-01,6.278878567255979926e-01,6.321453481173883171e-01,6.356760348008803074e-01,6.389061303026463134e-01,6.420797920201627429e-01,6.453377801039188455e-01,6.487587887881897108e-01,6.523843751610027830e-01,6.562342147652771018e-01,6.603153423341197037e-01,6.646276774851973546e-01,6.691672886366341055e-01,6.739282957312984212e-01,6.789039603948069379e-01,6.840872940247020306e-01,6.894713815982804750e-01,6.950495390894408931e-01,7.008153745154236391e-01,7.067627939850893437e-01,7.128859769490517584e-01,7.191793345241001001e-01,7.256374585137748134e-01,7.322550649218337870e-01,7.390269333640262506e-01,7.459478422254300911e-01,7.530124983167101327e-01,7.602154589193745871e-01,7.675510433226511164e-01,7.750132301311961625e-01,7.825955356725317058e-01,7.902908676697744106e-01,7.980913468770184371e-01,8.059880874922130678e-01,8.139709247296191830e-01,8.220280747749836303e-01,8.301457082322292180e-01,8.383074127991769764e-01,8.464935138853305618e-01,8.546802126893160434e-01,8.628384892162546116e-01,8.709327019833396077e-01,8.789187956829095372e-01,8.867420016191671639e-01,8.943338820292282554e-01
9.803030303030304538e-01,8.923817470349645342e-01,8.848231675914810523e-01,8.770695192805302298e-01,8.691790309259846969e-01,8.611988399426544483e-01,8.531672837302712864e-01,8.451157099889859969e-01,8.370699074926317707e-01,8.290512381691886867e-01,8.210775343115529479e-01,8.131638110654619833e-01,8.053228335138005178e-01,7.975655691780317857e-01,7.899015501198640710e-01,7.823391636546467298e-01,7.748858866625517594e-01,7.675484753487114009e-01,7.603331198589379225e-01,7.532455712462999831e-01,7.462912467825576490e-01,7.394753184195987927e-01,7.328027882497949452e-01,7.262785540228831049e-01,7.199074670869484160e-01,7.136943844668902637e-01,7.076442160971943007e-01,7.017619673831673177e-01,6.960527761262552682e-01,6.905219411856091671e-01,6.851749377011577824e-01,6.800174096981800309e-01,6.750551245028432179e-01,6.702938631155259674e-01,6.657392040627299057e-01,6.613961312959900640e-01,6.572683529989147289e-01,6.533571474588796280e-01,6.496594384884085693e-01,6.461646220931818174e-01,6.428493826043948367e-01,6.396692950188587190e-01,6.365452881076025804e-01,6.333415177772989679e-01,6.298251748811998230e-01,6.255170275592665252e-01,6.206455995755209010e-01,6.152076516323923272e-01,6.089066997712160312e-01,6.018074602195140343e-01,5.942454460087105428e-01,5.867502850199639575e-01,5.798606735067441953e-01,5.739447189445724407e-01,5.691339244558257793e-01,5.653712203545705473e-01,5.625019022467362406e-01,5.603485210705126951e-01,5.587521352873910940e-01,5.575870143499552789e-01,5.567610646823245579e-01,5.562108104932184105e-01,5.558955890159789082e-01,5.557929082925530118e-01,5.558955890159796853e-01,5.562108104932187436e-01,5.567610646823230036e-01,5.575870143499563891e-01,5.587521352873905389e-01,5.603485210705112518e-01,5.625019022467357965e-01,5.653712203545708803e-01,5.691339244558257793e-01,5.739447189445729958e-01,5.798606735067463047e-01,5.867502850199639575e-01,5.942454460087098767e-01,6.018074602195140343e-01,6.089066997712192508e-01,6.152076516323907729e-01,6.206455995755224553e-01,6.258569179512440961e-01,6.306623952026464419e-01,6.341962038608472962e-01,6.373239770650356295e-01,6.403475815446035835e-01,6.434268935941460654e-01,6.466499044391224027e-01,6.500638058680719977e-01,6.536920567568952345e-01,6.575443344346268981e-01,6.616224291247451150e-01,6.659237394581061231e-01,6.704433343117629507e-01,6.751751557547820415e-01,6.801127077181463587e-01,6.852494374644880759e-01,6.905789343818991011e-01,6.960950209634459984e-01,7.017917808834046589e-01,7.076635509617879016e-01,7.137048928035097939e-01,7.199105531787954870e-01,7.262754180759939393e-01,7.327944627778147924e-01,7.394626986610662867e-01,7.462751163119677456e-01,7.532266237428432154e-01,7.603119778347815494e-01,7.675257065089080566e-01,7.748620184671931588e-01,7.823146965767630023e-01,7.898769700368831748e-01,7.975413592976853261e-01,8.052994862154991829e-01,8.131418400346285269e-01,8.210574873566880427e-01,8.290337111405489123e-01,8.370555597681128557e-01,8.451052820598270454e-01,8.531616175088989618e-01,8.611989025308793844e-01,8.691859427280199668e-01,8.770845875249724255e-01,8.848479265415556405e-01,8.924180064144818791e-01
9.840909090909091272e-01,8.906093940297385991e-01,8.830791156581625501e-01,8.753852541755343664e-01,8.675776314804900524e-01,8.596970122147611360e-01,8.517768914517935830e-01,8.438449289573388690e-01,8.359240984181262046e-01,8.280336080665283705e-01,8.201896385349742857e-01,8.124059348209403675e-01,8.046942818779707629e-01,7.970648873869835560e-01,7.895266904861750756e-01,7.820876114353307873e-01,7.747547541737026533e-01,7.675345713418079141e-01,7.604329994465195419e-01,7.534555703499871138e-01,7.466075040713329170e-01,7.398937869364567987e-01,7.333192383380142676e-01,7.268885687253839878e-01,7.206064308866528823e-01,7.144774660639962027e-01,7.085063459048879242e-01,7.026978106231994703e-01,6.970567029255779756e-01,6.915879960999057330e-01,6.862968129340745183e-01,6.811884294733669964e-01,6.762682534610301444e-01,6.715417607236001674e-01,6.670143622924095128e-01,6.626911583359648139e-01,6.585765082245657043e-01,6.546733031814498949e-01,6.509817592615003701e-01,6.474974381337093021e-01,6.442080249130724967e-01,6.410880951681350304e-01,6.380905527644460395e-01,6.351320477473610948e-01,6.320630894547468737e-01,6.283028847756962909e-01,6.243789708392989413e-01,6.201180605824401226e-01,6.152374653173707797e-01,6.096162264173011769e-01,6.032997361592151719e-01,5.965345788381216652e-01,5.897269481095696042e-01,5.833196608521902249e-01,5.776561324232393213e-01,5.729091678428169798e-01,5.690928238963877117e-01,5.661202227807609066e-01,5.638633842110604144e-01,5.621938245051573135e-01,5.610027405091594366e-01,5.602076096815649109e-01,5.597520933491895168e-01,5.596037706323097050e-01,5.597520933491886286e-01,5.602076096815649109e-01,5.610027405091606578e-01,5.621938245051572025e-01,5.638633842110594152e-01,5.661202227807601295e-01,5.690928238963872676e-01,5.729091678428177570e-01,5.776561324232393213e-01,5.833196608521914461e-01,5.897269481095686050e-01,5.965345788381216652e-01,6.032997361592169483e-01,6.096162264172999556e-01,6.152374653173716679e-01,6.201180605824412329e-01,6.243789708393004956e-01,6.283028847756946256e-01,6.326647665555549249e-01,6.358039941029840492e-01,6.387235544453220282e-01,6.416508935305135219e-01,6.446945859583356198e-01,6.479114007619832805e-01,6.513303239809514755e-01,6.549645859735820919e-01,6.588183821010811236e-01,6.628907810844165693e-01,6.671780284898976010e-01,6.716749048004952982e-01,6.763755185813326021e-01,6.812737601044404068e-01,6.863635507008686298e-01,6.916389696009054289e-01,6.970943078281239824e-01,7.027240791690044786e-01,7.085230062925712557e-01,7.144859927436678637e-01,7.206080869783679788e-01,7.268844417589941376e-01,7.333102704124537796e-01,7.398808002669760020e-01,7.465912227614436292e-01,7.534366391037572441e-01,7.604119998319296414e-01,7.675120361283404025e-01,7.747311801968841394e-01,7.820634713861754905e-01,7.895024439833810970e-01,7.970409916626642888e-01,8.046712023932199864e-01,8.123841561248124066e-01,8.201696756895976437e-01,8.280160189821790251e-01,8.359094974761586139e-01,8.438340023465639161e-01,8.517704147067711729e-01,8.596958705236503739e-01,8.675828434262832234e-01,8.753979996872469638e-01,8.831007690742175287e-01,8.906415633049860059e-01
9.878787878787880228e-01,8.889669501929978734e-01,8.814687415180233465e-01,8.738333006238635514e-01,8.661036368260279783e-01,8.583152941279925674e-01,8.504977577038169700e-01,8.426756001370591109e-01,8.348694125594298132e-01,8.270965597086974430e-01,8.193717917269520701e-01,8.117077398523810938e-01,8.041153182383988796e-01,7.966040499922231177e-01,7.891823321022215509e-01,7.818576511283854558e-01,7.746367592651388634e-01,7.675258185587440218e-01,7.605305195916225447e-01,7.536561797640126681e-01,7.469078253515496479e-01,7.402902607469898921e-01,7.338081276638530603e-01,7.274659565532646255e-01,7.212682120282246645e-01,7.152193336671078816e-01,7.093237731407875390e-01,7.035860281243118131e-01,6.980106728457952103e-01,6.926023842905170147e-01,6.873659618656653425e-01,6.823063365060787477e-01,6.774285623993404615e-01,6.727377801551718273e-01,6.682391334311417186e-01,6.639376103078389324e-01,6.598377637661585471e-01,6.559432387107754225e-01,6.522559899227738933e-01,6.487750054191537830e-01,6.454942324512524809e-01,6.423991904596075830e-01,6.394612872503697698e-01,6.366273005991285316e-01,6.337895518174322396e-01,6.302617234752675435e-01,6.269478980818888880e-01,6.234746100791546120e-01,6.196282623112802090e-01,6.152555200966318694e-01,6.102737186374739276e-01,6.047180910546420263e-01,5.987704533703623877e-01,5.927350265489382819e-01,5.869590025037311198e-01,5.817372505332026877e-01,5.772511095977569395e-01,5.735613985944992832e-01,5.706397709490889092e-01,5.684107758002300281e-01,5.667862172820870015e-01,5.656865116132877569e-01,5.650513210978245215e-01,5.648437136917734414e-01,5.650513210978259648e-01,5.656865116132864246e-01,5.667862172820870015e-01,5.684107758002283628e-01,5.706397709490906855e-01,5.735613985944976179e-01,5.772511095977560514e-01,5.817372505332032429e-01,5.869590025037326741e-01,5.927350265489396142e-01,5.987704533703631649e-01,6.047180910546402499e-01,6.102737186374730394e-01,6.152555200966302040e-01,6.196282623112815413e-01,6.234746100791530576e-01,6.269478980818896652e-01,6.302617234752692088e-01,6.341910260662028120e-01,6.371527243162065091e-01,6.399781881187450727e-01,6.428697829834154609e-01,6.459078399873536824e-01,6.491314292144634290e-01,6.525592616701559878e-01,6.561989053647254710e-01,6.600516466583087327e-01,6.641152448588505397e-01,6.683855387220946076e-01,6.728573906498025448e-01,6.775252379068346098e-01,6.823834074433520192e-01,6.874262877667400851e-01,6.926484144363062034e-01,6.980445036742564113e-01,7.036094551463758506e-01,7.093383366882378693e-01,7.152263586047994393e-01,7.212688419387905947e-01,7.274611830479789099e-01,7.337988154990388034e-01,7.402771693926838426e-01,7.468916276012494970e-01,7.536374779095549314e-01,7.605098596245974951e-01,7.675037028041375997e-01,7.746136578059331645e-01,7.818340123422220511e-01,7.891585926029566211e-01,7.965806442499676621e-01,8.040926881411460947e-01,8.116863444703480424e-01,8.193521175473206242e-01,8.270791316236261181e-01,8.348548059141551736e-01,8.426644541780896613e-01,8.504907908096138724e-01,8.583133212558099467e-01,8.661075896676058150e-01,8.738442510257878881e-01,8.814879287828200072e-01,8.889958129205280946e-01
9.916666666666666963e-01,8.874493343198051054e-01,8.799845177309993938e-01,8.724049223839834832e-01,8.647479502342246827e-01,8.570448024881101023e-01,8.493215933385874772e-01,8.416002724299340709e-01,8.338993846868048010e-01,8.262346939633834486e-01,8.186196938012690882e-01,8.110660252244177304e-01,8.035838183279077063e-01,7.961819715947990872e-01,7.888683804477707451e-01,7.816501244974884965e-01,7.745336212508756590e-01,7.675247526434822998e-01,7.606289696142894963e-01,7.538513790056093899e-01,7.471968163066862179e-01,7.406699071337077278e-01,7.342751198215136110e-01,7.280168110669510417e-01,7.218992661850396342e-01,7.159267351910243438e-01,7.101034655745062096e-01,7.044337322494854670e-01,6.989218646971241400e-01,6.935722706958465933e-01,6.883894551520448601e-01,6.833780312468065166e-01,6.785427191576084427e-01,6.738883246226978763e-01,6.694196849988754972e-01,6.651415632812875955e-01,6.610584592865049736e-01,6.571742893164114196e-01,6.534918566744006840e-01,6.500119867990684641e-01,6.467321128858111168e-01,6.436439131259049651e-01,6.407290833443942679e-01,6.379499419966007112e-01,6.351977655895185704e-01,6.318143559640291285e-01,6.288724654865091024e-01,6.258916532275221600e-01,6.227243206372402584e-01,6.192411739496909151e-01,6.153351892034027992e-01,6.109516782880543007e-01,6.061228272780249116e-01,6.009859896596763118e-01,5.957675857726618673e-01,5.907320328009963983e-01,5.861184142049332690e-01,5.820947434577994350e-01,5.787451106967349546e-01,5.760842941242940718e-01,5.740844227630772512e-01,5.727006995189960481e-01,5.718902492623686440e-01,5.716235661695207027e-01,5.718902492623697542e-01,5.727006995189966032e-01,5.740844227630752528e-01,5.760842941242937387e-01,5.787451106967346215e-01,5.820947434577995461e-01,5.861184142049342682e-01,5.907320328009962873e-01,5.957675857726630886e-01,6.009859896596767559e-01,6.061228272780249116e-01,6.109516782880537455e-01,6.153351892034041315e-01,6.192411739496923584e-01,6.227243206372402584e-01,6.258916532275224931e-01,6.288724654865094355e-01,6.318143559640291285e-01,6.354083444243506795e-01,6.383564943835987604e-01,6.411525896816748782e-01,6.440401171112136725e-01,6.470865407601713581e-01,6.503214487990865988e-01,6.537579378076112668e-01,6.574005479762702331e-01,6.612491177282585619e-01,6.653008815007043220e-01,6.695516700330925719e-01,6.739966100874982269e-01,6.786305317618507305e-01,6.834482007895446021e-01,6.884444448670060668e-01,6.936142156094923239e-01,6.989526115281851082e-01,7.044548775968120236e-01,7.101163909108066941e-01,7.159326381442997489e-01,7.218991881009090283e-01,7.280116611016533845e-01,7.342656959300133401e-01,7.406569143543393352e-01,7.471808827400416853e-01,7.538330698621490411e-01,7.606087996744511637e-01,7.675031974423038861e-01,7.745111272702500660e-01,7.816271186246425140e-01,7.888452789396163123e-01,7.961591887745242957e-01,8.035617752328482188e-01,8.110451584229204647e-01,8.186004646007247754e-01,8.262175982421391396e-01,8.338849635988656583e-01,8.415891242532255179e-01,8.493143867642053424e-01,8.570422916781671452e-01,8.647509920067262268e-01,8.724144959094232155e-01,8.800017471375366496e-01,8.874755145850363736e-01
9.954545454545455918e-01,8.860487166329864550e-01,8.786168218697130161e-01,8.710896156586156458e-01,8.634998147536028235e-01,8.558749543990196162e-01,8.482382739437238639e-01,8.406094629706677424e-01,8.330052847069780997e-01,8.254400939842373441e-01,8.179262659624556564e-01,8.104745501101688898e-01,8.030943620244391790e-01,7.957940238203771166e-01,7.885809621325484686e-01,7.814618712913565801e-01,7.744428479704975610e-01,7.675295025324392340e-01,7.607270514052600907e-01,7.540403940820779027e-01,7.474741777187896563e-01,7.410328517953397309e-01,7.347207148786887299e-01,7.285419551632781321e-01,7.225006861478812104e-01,7.166009785169281665e-01,7.108468890074809421e-01,7.052424867327156122e-01,6.997918770629201202e-01,6.944992226847299666e-01,6.893687607946183959e-01,6.844048144224860186e-01,6.796117944571551384e-01,6.749941867953325181e-01,6.705565157473009075e-01,6.663032697395541160e-01,6.622387673432258426e-01,6.583669287535134362e-01,6.546908962222014461e-01,6.512124080683309169e-01,6.479307516619501328e-01,6.448409209356850136e-01,6.419298978905036979e-01,6.391656614068985665e-01,6.361245061731076733e-01,6.331581178158660617e-01,6.304388019566441459e-01,6.277581289689996291e-01,6.250166412238553626e-01,6.221184107451054324e-01,6.189711045565428060e-01,6.155015502543772499e-01,6.116789679251620759e-01,6.075374233357639930e-01,6.031855501613249126e-01,5.987942080598042116e-01,5.945632220895948894e-01,5.906806147526632023e-01,5.872914581334546247e-01,5.844860395836869449e-01,5.823058212639962150e-01,5.807590789393042296e-01,5.798380239562218597e-01,5.795324453247264751e-01,5.798380239562213045e-01,5.807590789393035635e-01,5.823058212639963260e-01,5.844860395836897204e-01,5.872914581334544026e-01,5.906806147526637574e-01,5.945632220895947784e-01,5.987942080598060990e-01,6.031855501613265780e-01,6.075374233357652143e-01,6.116789679251620759e-01,6.155015502543786932e-01,6.189711045565410297e-01,6.221184107451044332e-01,6.250166412238564728e-01,6.277581289690004063e-01,6.304388019566422585e-01,6.331581178158642853e-01,6.361245061731085615e-01,6.394733388660683859e-01,6.422772545713177905e-01,6.451763891344381996e-01,6.482366174312863549e-01,6.514831112928992640e-01,6.549261104759591667e-01,6.585686556061010055e-01,6.624099681054486100e-01,6.664471897489646635e-01,6.706763494412291138e-01,6.750929188670046210e-01,6.796921340860822003e-01,6.844691787423875518e-01,6.894192837808758023e-01,6.945377763357430956e-01,6.998200976361694803e-01,7.052618021017655892e-01,7.108585450824220775e-01,7.166060637385829324e-01,7.225001536691911808e-01,7.285366426653409055e-01,7.347113621467507016e-01,7.410201162675249531e-01,7.474586482564402612e-01,7.540226032185379790e-01,7.607074863231348960e-01,7.675086150060773660e-01,7.744210634953707650e-01,7.814395976077249673e-01,7.885585973391215919e-01,7.957719642650205039e-01,8.030730101542973287e-01,8.104543224625437858e-01,8.179076014807783457e-01,8.254234628502591375e-01,8.329911978904247505e-01,8.405984827106697255e-01,8.482310253908050823e-01,8.558721386604183357e-01,8.635022235941262059e-01,8.710981481078022837e-01,8.786325029625851046e-01,8.860727184474294083e-01
9.992424242424242653e-01,8.847496348394212617e-01,8.773485437447803292e-01,8.698693100975457559e-01,8.623406792697578815e-01,8.547870484569207727e-01,8.472291718668238936e-01,8.396847659080595161e-01,8.321690224791080670e-01,8.246950408117497133e-01,8.172741887554727525e-01,8.099164038485021644e-01,8.026304435370459345e-01,7.954240927702288522e-01,7.883043360690177304e-01,7.812775001194883773e-01,7.743493720072798236e-01,7.675252973978299309e-01,7.608102622724577380e-01,7.542089612415101563e-01,7.477258549597867177e-01,7.413652187516525105e-01,7.351311841995378238e-01,7.290277751462603817e-01,7.230589392943534977e-01,7.172285763398831282e-01,7.115405633369663585e-01,7.059987777314192803e-01,7.006071182004394160e-01,6.953695230514455039e-01,6.902899854121570256e-01,6.853725637031787832e-01,6.806213847982405252e-01,6.760406356497676850e-01,6.716345366729737920e-01,6.674072863123543531e-01,6.633629600244255187e-01,6.595053365953614799e-01,6.558376063586940363e-01,6.523618795811869653e-01,6.490783286395888085e-01,6.459835457953818638e-01,6.430666281420105435e-01,6.402928765716718873e-01,6.371468094191570231e-01,6.343713010015328280e-01,6.317853349886979331e-01,6.292863194348858880e-01,6.268071374102495152e-01,6.242797186434899670e-01,6.216338646158057202e-01,6.188048903444685056e-01,6.157470928887345263e-01,6.124499950913703250e-01,6.089517964934140215e-01,6.053431148581877030e-01,6.017567186829061443e-01,5.983453066708579460e-01,5.952555610496361727e-01,5.926080484470732657e-01,5.904883873530836214e-01,5.889491070416972285e-01,5.880177628724000405e-01,5.877062669617875157e-01,5.880177628723984862e-01,5.889491070416970064e-01,5.904883873530821781e-01,5.926080484470727106e-01,5.952555610496366167e-01,5.983453066708606105e-01,6.017567186829070325e-01,6.053431148581882582e-01,6.089517964934132443e-01,6.124499950913696589e-01,6.157470928887321948e-01,6.188048903444676174e-01,6.216338646158057202e-01,6.242797186434904111e-01,6.268071374102482940e-01,6.292863194348866651e-01,6.317853349886987102e-01,6.343713010015337161e-01,6.371468094191565790e-01,6.405145389115202148e-01,6.433508533579502808e-01,6.462688050170641851e-01,6.493439083265458711e-01,6.526002746799144383e-01,6.560469669933216563e-01,6.596864267872440957e-01,6.635177333794309851e-01,6.675381709078722636e-01,6.717440668439131901e-01,6.761312644559585028e-01,6.806953939466293679e-01,6.854320268132877425e-01,6.903367603642501793e-01,6.954052597695263849e-01,7.006332741091531036e-01,7.060166364770945613e-01,7.115512543036348614e-01,7.172330936259544432e-01,7.230581594809754042e-01,7.290224735764613273e-01,7.351220497101822460e-01,7.413528669245125213e-01,7.477108400237837404e-01,7.541917867893789262e-01,7.607913909666734753e-01,7.675051598414595055e-01,7.743283749511433722e-01,7.812560341707519562e-01,7.882827830602626706e-01,7.954028329432871747e-01,8.026098626929969448e-01,8.098969006147330729e-01,8.172561821222918965e-01,8.246789780950235516e-01,8.321553878706375862e-01,8.396740897815705429e-01,8.472220410124944312e-01,8.547841174186976421e-01,8.623426829529045046e-01,8.698770777914346386e-01,8.773630146558042409e-01,8.847718751313969898e-01
1.003030303030303161e+00,8.835345722933378720e-01,8.761607671253645035e-01,8.687242162957082847e-01,8.612502511750336209e-01,8.537605462086668151e-01,8.462736791457836638e-01,8.388056219001406300e-01,8.313701636970811659e-01,8.239792718129070881e-01,8.166433967158511775e-01,8.093717287409930572e-01,8.021724131361003263e-01,7.950527297248227709e-01,7.880192427314340886e-01,7.810779255973816504e-01,7.742342649468582083e-01,7.674933472498624010e-01,7.608599311947711330e-01,7.543385083174185546e-01,7.479333540340233899e-01,7.416485708833656654e-01,7.354881254899858778e-01,7.294558805052442363e-01,7.235556225564069299e-01,7.177910870244051944e-01,7.121659802649167315e-01,7.066839996689726622e-01,7.013488517066996941e-01,6.961642677806629820e-01,6.911340172908032597e-01,6.862619167154165867e-01,6.815518326421861062e-01,6.770076753792085844e-01,6.726333777715578499e-01,6.684328506733839825e-01,6.644099012840952723e-01,6.605680913687449474e-01,6.569104947629096358e-01,6.534392750400987993e-01,6.501549029508840727e-01,6.470544895244275674e-01,6.441269962275074645e-01,6.413229763377455983e-01,6.381611398819860836e-01,6.354784207638208837e-01,6.329730617466724496e-01,6.305841746483019650e-01,6.282658119915147665e-01,6.259700890269526141e-01,6.236459508308391797e-01,6.212429809075195042e-01,6.187190288922255199e-01,6.160505783127792068e-01,6.132434245816711371e-01,6.103398672855319118e-01,6.074186442991490464e-01,6.045861103760888922e-01,6.019608951566421950e-01,5.996571620118811285e-01,5.977716805536920086e-01,5.963773866425797765e-01,5.955228716223052166e-01,5.952351719159022503e-01,5.955228716223074370e-01,5.963773866425785553e-01,5.977716805536931188e-01,5.996571620118804624e-01,6.019608951566419730e-01,6.045861103760864497e-01,6.074186442991488244e-01,6.103398672855323559e-01,6.132434245816698049e-01,6.160505783127789847e-01,6.187190288922270742e-01,6.212429809075185050e-01,6.236459508308407340e-01,6.259700890269528362e-01,6.282658119915166539e-01,6.305841746483004107e-01,6.329730617466713394e-01,6.354784207638193294e-01,6.381611398819885261e-01,6.414622947868942049e-01,6.443577757366798497e-01,6.472976887356409748e-01,6.503867029676287936e-01,6.536504884132355864e-01,6.570980223784715912e-01,6.607316943879311122e-01,6.645507156123333647e-01,6.685526374209026512e-01,6.727341287055207397e-01,6.770914033185694292e-01,6.816204627058745080e-01,6.863172339545215994e-01,6.911776461096242885e-01,6.961976691364484271e-01,7.013733299637200380e-01,7.067007143589902896e-01,7.121759599862453882e-01,7.177952438905155219e-01,7.235547663127250839e-01,7.294507318588492328e-01,7.354793284523297725e-01,7.416367040775555530e-01,7.479189410060060883e-01,7.543220269393166033e-01,7.608418222742965309e-01,7.674740224715650427e-01,7.742141142750268434e-01,7.810573242705735053e-01,7.879985579770292237e-01,7.950323273201507224e-01,8.021526639414860993e-01,8.093530153297485707e-01,8.166261202269273767e-01,8.239638591534655943e-01,8.313570752237454675e-01,8.387953597083558366e-01,8.462667960942377166e-01,8.537576557973761693e-01,8.612520383762299891e-01,8.687314493981720398e-01,8.761743105828029288e-01,8.835554004450927312e-01
1.006818181818181834e+00,8.824015300441632181e-01,8.750512275745497837e-01,8.676522099656660547e-01,8.602268276024129801e-01,8.527943568094686899e-01,8.453714414866467797e-01,8.379724896445321924e-01,8.306100215751194282e-01,8.232949709864056942e-01,8.160369427241759288e-01,8.088444316760947661e-01,8.017250076817226123e-01,7.946854711005482130e-01,7.877319833204579069e-01,7.808701760381494550e-01,7.741052426771404260e-01,7.674420148633113170e-01,7.608850264696103149e-01,7.544385673772390222e-01,7.481067287803623289e-01,7.418934415819566919e-01,7.358025091847505417e-01,7.298376357664582148e-01,7.240024509355275084e-01,7.183005314833601496e-01,7.127354207713431089e-01,7.073106461023020985e-01,7.020297342092352011e-01,6.968962247239295360e-01,6.919136811289173794e-01,6.870856981926888318e-01,6.824159041542833259e-01,6.779079548157598278e-01,6.735655149715596979e-01,6.693922197876314151e-01,6.653916038968094027e-01,6.615669769676644218e-01,6.579212058680917741e-01,6.544563189976749795e-01,6.511727191715078744e-01,6.480673010811905943e-01,6.451268762296848980e-01,6.421662354174000331e-01,6.391434778080274937e-01,6.365142900500689871e-01,6.340584997620047902e-01,6.317369635769617409e-01,6.295175675958983863e-01,6.273663672925008372e-01,6.252465583870836507e-01,6.231205144176318322e-01,6.209542391741450507e-01,6.187238509042671808e-01,6.164230271206011524e-01,6.140694376144807398e-01,6.117077297409255765e-01,6.094072326138606499e-01,6.072542882354804439e-01,6.053411916960330652e-01,6.037548941057367946e-01,6.025682092984742111e-01,6.018346821483880893e-01,6.015865951576587767e-01,6.018346821483886444e-01,6.025682092984739890e-01,6.037548941057362395e-01,6.053411916960335093e-01,6.072542882354804439e-01,6.094072326138590956e-01,6.117077297409273529e-01,6.140694376144835154e-01,6.164230271206002643e-01,6.187238509042659595e-01,6.209542391741461609e-01,6.231205144176311661e-01,6.252465583870823185e-01,6.273663672925012813e-01,6.295175675958983863e-01,6.317369635769599645e-01,6.340584997620066776e-01,6.365142900500692091e-01,6.391434778080286039e-01,6.421662354174011433e-01,6.453110645360654596e-01,6.482746769395795194e-01,6.513758151930487683e-01,6.546443910067870631e-01,6.580900927139697876e-01,6.617156080735648871e-01,6.655204398610412575e-01,6.695024692714853787e-01,6.736587178415799348e-01,6.779857548697406644e-01,6.824799256499364253e-01,6.871374811484807221e-01,6.919546504805977882e-01,6.969276790479785877e-01,7.020528456237468129e-01,7.073264663508764816e-01,7.127448905016847691e-01,7.183044909405094103e-01,7.240016510266211736e-01,7.298327489070248753e-01,7.357941396155812663e-01,7.418821350172077889e-01,7.480929813518550908e-01,7.544228339025882413e-01,7.608677281082386612e-01,7.674235462449149336e-01,7.740859785978736474e-01,7.808504778249708567e-01,7.877122049661281489e-01,7.946659652723183642e-01,8.017061317068195914e-01,8.088265536070063932e-01,8.160204475866307261e-01,8.232802673126059512e-01,8.305975483232193035e-01,8.379627236016368164e-01,8.453649052442584466e-01,8.527916273842290895e-01,8.602285457457009565e-01,8.676590901548466572e-01,8.750640685933330776e-01,8.824212259187729224e-01
1.010606060606060730e+00,8.813474705259288777e-01,8.740166884441450401e-01,8.666501681155974746e-01,8.592676170716883055e-01,8.518861685870334766e-01,8.445207243693378940e-01,8.371842718566461228e-01,8.298881689721405719e-01,8.226423945034050389e-01,8.154557651769898108e-01,8.083361219748548265e-01,8.012904888781865465e-01,7.943252073836396532e-01,7.874460500325208834e-01,7.806583159537447969e-01,7.739669111235364385e-01,7.673764157319857837e-01,7.608911407438827545e-01,7.545151754601006067e-01,7.482524276317408241e-01,7.421066574523009773e-01,7.360815065513600652e-01,7.301805229326028268e-01,7.244071826341215159e-01,7.187649087332296238e-01,7.132570881630103665e-01,7.078870866425619468e-01,7.026582618325768470e-01,6.975739745909748102e-01,6.926375978884191653e-01,6.878525225010726496e-01,6.832221579481739804e-01,6.787499261471803269e-01,6.744392436690935799e-01,6.702934857977494998e-01,6.663159207688267305e-01,6.625095930509883324e-01,6.588771134648911953e-01,6.554202596340500397e-01,6.521391189755527673e-01,6.490297818585204492e-01,6.460743395725456750e-01,6.429289025709893357e-01,6.400930030456438713e-01,6.374972237427427579e-01,6.350726915251196925e-01,6.327928912316214127e-01,6.306348778908806851e-01,6.285741743050041741e-01,6.265840457990832224e-01,6.246366612070926028e-01,6.227058227945797553e-01,6.207711055543759793e-01,6.188228990063681101e-01,6.168673016734567138e-01,6.149293933857298278e-01,6.130534670528169361e-01,6.112995347832594906e-01,6.097366174587144361e-01,6.084343877007382106e-01,6.074550855242570879e-01,6.068471425508477068e-01,6.066410371350043906e-01,6.068471425508478179e-01,6.074550855242571989e-01,6.084343877007374335e-01,6.097366174587137699e-01,6.112995347832606008e-01,6.130534670528160479e-01,6.149293933857296057e-01,6.168673016734578241e-01,6.188228990063695534e-01,6.207711055543738699e-01,6.227058227945799773e-01,6.246366612070936020e-01,6.265840457990835555e-01,6.285741743050030639e-01,6.306348778908817954e-01,6.327928912316206356e-01,6.350726915251203586e-01,6.374972237427436461e-01,6.400930030456442044e-01,6.429289025709905570e-01,6.462161942522312019e-01,6.492060944733991645e-01,6.523175015482558514e-01,6.555884082548396607e-01,6.590299234931366046e-01,6.626452852913335967e-01,6.664343873324343193e-01,6.703954707078403352e-01,6.745259054476683280e-01,6.788225956303224340e-01,6.832822028172269579e-01,6.879012726266198197e-01,6.926763061883013384e-01,6.976037988626603292e-01,7.026802589603664551e-01,7.079022139973004668e-01,7.132662090386323595e-01,7.187687998939097378e-01,7.244065428038408694e-01,7.301759815316076763e-01,7.360736322806388232e-01,7.420959665138202599e-01,7.482393914893441522e-01,7.545002281190203997e-01,7.608746855718461211e-01,7.673588318721554780e-01,7.739485595655694050e-01,7.806395453384321614e-01,7.874272022704428275e-01,7.943066231707742730e-01,8.012725131924629540e-01,8.083191096378118390e-01,8.154400865638296025e-01,8.226284414829432290e-01,8.298763611540922458e-01,8.371750632164097761e-01,8.445146103074646637e-01,8.518836934582808551e-01,8.592693821815938771e-01,8.666568401221727003e-01,8.740290080052535160e-01,8.813662608780993279e-01
1.014393939393939403e+00,8.803739990297289042e-01,8.730588943005502811e-01,8.657202175339441252e-01,8.583752966497054659e-01,8.510393216191749488e-01,8.437256027849314721e-01,8.364458202633693329e-01,8.292102540770455166e-01,8.220279905778555829e-01,8.149071041238510338e-01,8.078548148577954224e-01,8.008776244085531459e-01,7.939814317659089626e-01,7.871716316921422152e-01,7.804531979681527121e-01,7.738307536128361530e-01,7.673086300126260584e-01,7.608909166834261217e-01,7.545815031764715464e-01,7.483841144413774238e-01,7.423023407774828053e-01,7.363396633386516399e-01,7.304994760050067537e-01,7.247851042944194466e-01,7.191998218513278029e-01,7.137468649142606480e-01,7.084294450166466195e-01,7.032507600051320917e-01,6.982140032464276835e-01,6.933223706083472271e-01,6.885790643965749025e-01,6.839872928266899077e-01,6.795502626710295813e-01,6.752711611746425868e-01,6.711531206338988698e-01,6.671991539361826762e-01,6.634120387706440303e-01,6.597941033385782417e-01,6.563467978985539908e-01,6.530697026297884733e-01,6.499575091303285701e-01,6.469827386154725080e-01,6.438018208118594377e-01,6.410214770140948426e-01,6.384480812749124823e-01,6.360440399360391961e-01,6.337906844018328378e-01,6.316712194089260102e-01,6.296676412852483251e-01,6.277602187568698255e-01,6.259282091858506814e-01,6.241516188973157409e-01,6.224139330019131666e-01,6.207055508869269156e-01,6.190273353262527589e-01,6.173933736598360422e-01,6.158319619399895695e-01,6.143841158767658905e-01,6.130995609567569948e-01,6.120309000624714058e-01,6.112271442579667591e-01,6.107278116498379150e-01,6.105584305667411948e-01,6.107278116498379150e-01,6.112271442579660929e-01,6.120309000624701845e-01,6.130995609567568838e-01,6.143841158767663346e-01,6.158319619399899025e-01,6.173933736598347100e-01,6.190273353262543132e-01,6.207055508869268046e-01,6.224139330019131666e-01,6.241516188973160739e-01,6.259282091858506814e-01,6.277602187568696035e-01,6.296676412852492133e-01,6.316712194089266763e-01,6.337906844018341701e-01,6.360440399360411945e-01,6.384480812749133705e-01,6.410214770140960638e-01,6.438018208118592156e-01,6.470833002094110720e-01,6.501063132279515377e-01,6.532265038490221443e-01,6.564975895015255913e-01,6.599328990296522424e-01,6.635364369304942445e-01,6.673085580307935860e-01,6.712478775775030382e-01,6.753521033321731037e-01,6.796184522975394771e-01,6.840438764204869182e-01,6.886251897817585732e-01,6.933591409475819978e-01,6.982424531804171108e-01,7.032718451337686139e-01,7.084440393868597363e-01,7.137557632268485275e-01,7.192037443458325630e-01,7.247847030452445605e-01,7.304953418493723705e-01,7.363323329669361206e-01,7.422923037146579306e-01,7.483718197752494694e-01,7.545673659697348379e-01,7.608753240582508681e-01,7.672919469292248662e-01,7.738133283837528298e-01,7.804353675624585707e-01,7.871537268910375751e-01,7.939637822353723395e-01,8.008605637565416879e-01,8.078386857437731550e-01,8.148922634871561543e-01,8.220148150481947358e-01,8.291991456244584002e-01,8.364372121348521150e-01,8.437199657580590761e-01,8.510371705759581795e-01,8.583771974307958796e-01,8.657267939654130773e-01,8.730708351793582400e-01,8.803920646883788281e-01
1.018181818181818299e+00,8.794653209885361367e-01,8.721613292754699653e-01,8.648453281188452912e-01,8.575324725056442388e-01,8.502361670677660577e-01,8.429682507785545287e-01,8.357391869739213552e-01,8.285582455588157424e-01,8.214336707172282814e-01,8.143728312831919336e-01,8.073823531687555066e-01,8.004682345025999624e-01,7.936359447918003296e-01,7.868905097159585305e-01,7.802365832449349448e-01,7.736785087303919006e-01,7.672203705139418739e-01,7.608660374555160644e-01,7.546191996349653763e-01,7.484833993300809007e-01,7.424620572304482247e-01,7.365584947118259951e-01,7.307759528692753248e-01,7.251176088872894887e-01,7.195865902077027698e-01,7.141859868354673013e-01,7.089188619905160138e-01,7.037882611585205561e-01,6.987972193968706724e-01,6.939487664858403626e-01,6.892459291321766379e-01,6.846917288520757428e-01,6.802891732323389506e-01,6.760412366963909347e-01,6.719508240515001951e-01,6.680207044828396779e-01,6.642533914301870235e-01,6.606509134851074050e-01,6.572143327544515135e-01,6.539425385840527127e-01,6.508280475492864703e-01,6.478183906776439072e-01,6.446520469337218007e-01,6.419039303072532343e-01,6.393466491405245256e-01,6.369567459928650033e-01,6.347206331470669483e-01,6.326257366792114034e-01,6.306585262000604652e-01,6.288041494329147385e-01,6.270469029075999012e-01,6.253714192865743593e-01,6.237645295216469599e-01,6.222176476364753572e-01,6.207293210802338201e-01,6.193073758780220928e-01,6.179699798743695238e-01,6.167450585522017414e-01,6.156678525800651780e-01,6.147768979663394973e-01,6.141091379000731543e-01,6.136950659645550310e-01,6.135547165308040674e-01,6.136950659645535877e-01,6.141091379000747086e-01,6.147768979663394973e-01,6.156678525800646229e-01,6.167450585522045170e-01,6.179699798743704120e-01,6.193073758780235361e-01,6.207293210802343753e-01,6.222176476364744691e-01,6.237645295216482921e-01,6.253714192865734711e-01,6.270469029076011225e-01,6.288041494329149605e-01,6.306585262000611314e-01,6.326257366792116255e-01,6.347206331470671703e-01,6.369567459928634490e-01,6.393466491405265240e-01,6.419039303072521241e-01,6.446520469337206904e-01,6.478707502236225046e-01,6.509519039832052378e-01,6.540802570218384737e-01,6.573498686118496304e-01,6.607774071060088517e-01,6.643678745700744015e-01,6.681221506468696392e-01,6.720392350013237870e-01,6.761171621708971236e-01,6.803534425108576089e-01,6.847452960208947337e-01,6.892897830657023217e-01,6.939838790677110847e-01,6.988245168649221961e-01,7.038086096022402316e-01,7.089330615299828109e-01,7.141947710833559393e-01,7.195906288796924954e-01,7.251175122140193219e-01,7.307722769623297143e-01,7.365517473566794981e-01,7.424527037865222834e-01,7.484718685529265780e-01,7.546058893233764664e-01,7.608513198835300528e-01,7.672045976447716686e-01,7.736620172330928025e-01,7.802196993497634292e-01,7.868735539535575141e-01,7.936192366668881615e-01,8.004520971553084063e-01,8.073671180772254985e-01,8.143588430592921812e-01,8.214212920430175036e-01,8.285478623037626500e-01,8.357312135204068015e-01,8.429631355632115630e-01,8.502343983151741114e-01,8.575345840828011434e-01,8.648519053649467159e-01,8.721730145481612073e-01,8.794828184936989146e-01
1.021969696969696972e+00,8.786148836743498114e-01,8.713172345390841622e-01,8.640187002515584691e-01,8.567324222803802680e-01,8.494701426158560720e-01,8.422423225654374068e-01,8.350582796536035746e-01,8.279263269164346406e-01,8.208539058818336009e-01,8.138477087816393674e-01,8.069137881055267192e-01,8.000576531207895803e-01,7.932843538444792619e-01,7.865985534133579371e-01,7.800045900082782646e-01,7.735065295520447970e-01,7.671082103747733916e-01,7.608132809676356745e-01,7.546252318481562193e-01,7.485474224525316966e-01,7.425831038608945445e-01,7.367354380539017367e-01,7.310075142948866400e-01,7.254023631300726693e-01,7.199229683970774785e-01,7.145722775245932912e-01,7.093532102860544697e-01,7.042686660262279519e-01,6.993215291942702638e-01,6.945146727613287219e-01,6.898509587269164856e-01,6.853332343388833792e-01,6.809643217014373917e-01,6.767469967859596203e-01,6.726839507442097243e-01,6.687777200463579375e-01,6.650305574501600425e-01,6.614441780199556975e-01,6.580191967741771952e-01,6.547535979425408437e-01,6.516364750171427245e-01,6.484368097322220637e-01,6.454599482270216848e-01,6.427341426124837387e-01,6.401894148312138322e-01,6.378099649358838219e-01,6.355856301258373531e-01,6.335067899189961160e-01,6.315630559044397296e-01,6.297430115627855596e-01,6.280345372721501951e-01,6.264256417537881205e-01,6.249057723158401023e-01,6.234675073903084286e-01,6.221084019291031053e-01,6.208326092001108520e-01,6.196518115595871512e-01,6.185850309940325031e-01,6.176570917516658321e-01,6.168958307103105110e-01,6.163284846085189672e-01,6.159779023143682197e-01,6.158592684728558808e-01,6.159779023143682197e-01,6.163284846085190782e-01,6.168958307103086236e-01,6.176570917516657211e-01,6.185850309940331693e-01,6.196518115595882614e-01,6.208326092001124064e-01,6.221084019291021061e-01,6.234675073903079845e-01,6.249057723158395472e-01,6.264256417537877875e-01,6.280345372721488628e-01,6.297430115627855596e-01,6.315630559044401737e-01,6.335067899189942286e-01,6.355856301258367980e-01,6.378099649358863754e-01,6.401894148312137212e-01,6.427341426124837387e-01,6.454599482270214628e-01,6.484368097322213975e-01,6.517369312922804969e-01,6.548741802733181183e-01,6.581411756700424887e-01,6.615597744192307506e-01,6.651362667600676515e-01,6.688721276212591382e-01,6.727667528149932075e-01,6.768184946979363126e-01,6.810251402777436347e-01,6.853841586003120989e-01,6.898928375310088290e-01,6.945483619854859736e-01,6.993478589575666815e-01,7.042884227730834557e-01,7.093671281279534391e-01,7.145810353421532257e-01,7.199271904874225969e-01,7.254026219855564950e-01,7.310043346089042382e-01,7.367293013787129530e-01,7.425744535571561222e-01,7.485366687113386153e-01,7.546127566595522973e-01,7.607994429711342210e-01,7.670933495680763992e-01,7.734909718607693163e-01,7.799886517368509464e-01,7.865825456080762779e-01,7.932685866062858526e-01,8.000424399084187232e-01,8.068994500702147965e-01,8.138345791724775902e-01,8.208423345557728235e-01,8.279166849779184822e-01,8.350509642343937333e-01,8.422377617327013732e-01,8.494688003622203887e-01,8.567348034975986737e-01,8.640253555105529282e-01,8.713287643799209059e-01,8.786319419286447996e-01
1.025757575757575868e+00,8.778180399157985425e-01,8.705218806847115909e-01,8.632356583733820088e-01,8.559706214076476805e-01,8.487369426366514480e-01,8.415437775248494345e-01,8.343993523796242595e-01,8.273110643903401895e-01,8.202855828411821371e-01,8.133289455415847469e-01,8.064466474007966346e-01,7.996437198318379069e-01,7.929248007225584427e-01,7.862941953193831601e-01,7.797559286983076765e-01,7.733137906532956407e-01,7.669713738816421600e-01,7.607321063318540633e-01,7.545992785292698901e-01,7.485760666250320661e-01,7.426655518347226037e-01,7.368707368502043220e-01,7.311945597238779238e-01,7.256399056389883917e-01,7.202096168909515317e-01,7.149065013084319187e-01,7.097333392326734547e-01,7.046928890380192989e-01,6.997878909980971285e-01,6.950210690510061351e-01,6.903951296413244343e-01,6.859127562210268758e-01,6.815765969883353925e-01,6.773892416395408400e-01,6.733531794099300027e-01,6.694707232532064456e-01,6.657438673965679898e-01,6.621739973665691226e-01,6.587612116501450066e-01,6.555022963282077786e-01,6.523805014812604774e-01,6.491349884032769912e-01,6.462183732774688938e-01,6.435098761205182427e-01,6.409756936518022918e-01,6.386046208042103212e-01,6.363888729015791945e-01,6.343209394460815886e-01,6.323926802837765981e-01,6.305951366541100445e-01,6.289187639501905291e-01,6.273540320546571181e-01,6.258923727231451295e-01,6.245274079565630299e-01,6.232563037391101179e-01,6.220809910672613352e-01,6.210089251977720659e-01,6.200530638392871552e-01,6.192308656559132318e-01,6.185623275129561449e-01,6.180673288041860225e-01,6.177627479487975970e-01,6.176598947702283127e-01,6.177627479487958206e-01,6.180673288041855784e-01,6.185623275129585874e-01,6.192308656559146751e-01,6.200530638392869331e-01,6.210089251977720659e-01,6.220809910672610021e-01,6.232563037391105620e-01,6.245274079565626968e-01,6.258923727231476830e-01,6.273540320546575622e-01,6.289187639501897520e-01,6.305951366541091563e-01,6.323926802837748218e-01,6.343209394460821438e-01,6.363888729015798607e-01,6.386046208042103212e-01,6.409756936518015147e-01,6.435098761205171325e-01,6.462183732774692269e-01,6.491349884032748818e-01,6.524578464405912381e-01,6.556072153445354767e-01,6.588710030486079061e-01,6.622798518546570978e-01,6.658417509920112609e-01,6.695588609911535816e-01,6.734309916954893671e-01,6.774568082337411035e-01,6.816343611162701821e-01,6.859613528342018984e-01,6.904352831579295691e-01,6.950535320206449041e-01,6.998134076950142113e-01,7.047121745661316661e-01,7.097470683986613071e-01,7.149153036696500596e-01,7.202140756905296426e-01,7.256405591554987433e-01,7.311919040827029592e-01,7.368652296806726953e-01,7.426576163782512285e-01,7.485660960460178703e-01,7.545876402780000713e-01,7.607191464740366005e-01,7.669574213527383666e-01,7.732991614248730938e-01,7.797409298628402707e-01,7.862791291120738713e-01,7.929099685062634961e-01,7.996294260747325300e-01,8.064332036770798240e-01,8.133166745830782141e-01,8.202748226618512550e-01,8.273021724956429734e-01,8.343927100565021737e-01,8.415397941835411899e-01,8.487360601384786873e-01,8.559733182573573407e-01,8.632424535718564718e-01,8.705333369134783394e-01,8.778347655379328263e-01
1.029545454545454763e+00,8.770729357171086482e-01,8.697735410706167736e-01,8.624947184880655815e-01,8.552459105226697389e-01,8.480357892487816462e-01,8.408722571414561919e-01,8.337624895794539803e-01,8.267129981556569085e-01,8.197297022321941018e-01,8.128180013200906329e-01,8.059828440779486236e-01,7.992287917287110854e-01,7.925600749318960636e-01,7.859806438996874700e-01,7.794942119855190477e-01,7.731042932167224713e-01,7.668142343611075162e-01,7.606272421580297927e-01,7.545464063378889419e-01,7.485747190190010780e-01,7.427150910196327338e-01,7.369703655625310379e-01,7.313433297831288815e-01,7.258367243817178682e-01,7.204532516831766431e-01,7.151955822813665931e-01,7.100663603429370196e-01,7.050682075155952910e-01,7.002037252107566889e-01,6.954754947780428243e-01,6.908860747026255300e-01,6.864379933283706325e-01,6.821337345245065409e-01,6.779757117057643168e-01,6.739662215996679029e-01,6.701073603298810522e-01,6.664008626014880088e-01,6.628477621586981172e-01,6.594475483789372650e-01,6.561953625766074882e-01,6.530625562459544398e-01,6.498139257507140609e-01,6.469306992160291925e-01,6.442368043656724330e-01,6.417120921672111455e-01,6.393483052291480950e-01,6.371393560501086295e-01,6.350792735892856200e-01,6.331615590633598023e-01,6.313790452753478277e-01,6.297240677321390701e-01,6.281889090309865642e-01,6.267665002288074216e-01,6.254513313347569436e-01,6.242404606804966560e-01,6.231344402315771580e-01,6.221379202521120089e-01,6.212596961223966208e-01,6.205120364296955460e-01,6.199092812673906439e-01,6.194658853413186339e-01,6.191942424554929270e-01,6.191027114436647993e-01,6.191942424554924829e-01,6.194658853413165245e-01,6.199092812673897557e-01,6.205120364296954349e-01,6.212596961223978420e-01,6.221379202521106766e-01,6.231344402315773801e-01,6.242404606804958789e-01,6.254513313347566106e-01,6.267665002288085319e-01,6.281889090309895618e-01,6.297240677321396252e-01,6.313790452753487159e-01,6.331615590633595803e-01,6.350792735892836216e-01,6.371393560501087405e-01,6.393483052291495383e-01,6.417120921672107015e-01,6.442368043656732102e-01,6.469306992160281933e-01,6.498139257507140609e-01,6.531146788778652290e-01,6.562856537449209826e-01,6.595462444283534120e-01,6.629448232798033080e-01,6.664917090644884023e-01,6.701898725646593391e-01,6.740395656932223201e-01,6.780397665845334654e-01,6.821887800536271529e-01,6.864845298215750402e-01,6.909247149511275055e-01,6.955068985309790230e-01,7.002285594946165981e-01,7.050871230888804408e-01,7.100799783869423676e-01,7.152044876362422254e-01,7.204579902723095008e-01,7.258378032984214023e-01,7.313412190436475724e-01,7.369655008737684421e-01,7.427078771369916010e-01,7.485655334208389799e-01,7.545356030445580231e-01,7.606151555918195806e-01,7.668011831896629493e-01,7.730905841534646550e-01,7.794801435414154822e-01,7.859665100940805837e-01,7.925461689782102859e-01,7.992154097150522274e-01,8.059702886631758822e-01,8.128065854632593457e-01,8.197197529668990290e-01,8.267048604096246534e-01,8.337565300222908871e-01,8.408688680169752461e-01,8.480353921089999192e-01,8.552489597221726303e-01,8.625017042109980325e-01,8.697849915340668536e-01,8.770894180023094400e-01
1.033333333333333437e+00,8.763741088837542215e-01,8.690665746972096040e-01,8.617901595770595113e-01,8.545525604131416486e-01,8.473609965432847835e-01,8.402221549662729494e-01,8.331421888459634717e-01,8.261267457057106522e-01,8.191810107468958657e-01,8.123097563879666527e-01,8.055173926952432506e-01,7.988080156395729325e-01,7.921854515414646913e-01,7.856532969610858785e-01,7.792149538391314190e-01,7.728736600218493180e-01,7.666325154878008696e-01,7.604945046866851133e-01,7.544625154348395535e-01,7.485393548099310568e-01,7.427277624622292684e-01,7.370304217203110797e-01,7.314499688197056981e-01,7.259890005256742773e-01,7.206500803552700063e-01,7.154357435259397491e-01,7.103485006617792363e-01,7.053908401626614033e-01,7.005652289662276377e-01,6.958741111738756535e-01,6.913199036054104019e-01,6.869049866707466201e-01,6.826316877479164935e-01,6.785022519780611328e-01,6.745187906918814758e-01,6.706831870099598802e-01,6.669969107235500516e-01,6.634606113787018256e-01,6.600730373706522602e-01,6.568269367793235780e-01,6.536431434854486078e-01,6.504482467918113464e-01,6.475890907929219287e-01,6.449082364652536370e-01,6.423924223096227903e-01,6.400353778335455823e-01,6.378322557826343608e-01,6.357782301780652290e-01,6.338680233822893140e-01,6.320957984928874396e-01,6.304552875868874029e-01,6.289401276338251190e-01,6.275443907335769289e-01,6.262632725769984310e-01,6.250938582847417324e-01,6.240358321826031673e-01,6.230919578403059100e-01,6.222681508400131900e-01,6.215730176128573259e-01,6.210168400486367757e-01,6.206101240759820392e-01,6.203619590836393360e-01,6.202785101138861279e-01,6.203619590836380038e-01,6.206101240759832605e-01,6.210168400486342222e-01,6.215730176128575479e-01,6.222681508400135231e-01,6.230919578403067982e-01,6.240358321826033894e-01,6.250938582847409553e-01,6.262632725769979869e-01,6.275443907335774840e-01,6.289401276338233426e-01,6.304552875868867368e-01,6.320957984928871065e-01,6.338680233822904242e-01,6.357782301780648959e-01,6.378322557826348049e-01,6.400353778335445831e-01,6.423924223096214581e-01,6.449082364652538590e-01,6.475890907929208185e-01,6.504482467918121236e-01,6.536518916360907205e-01,6.569031913789797894e-01,6.601614953266469188e-01,6.635496582492386164e-01,6.670813785822031772e-01,6.707606163297662460e-01,6.745881079018920534e-01,6.785631510361550545e-01,6.826842997276842961e-01,6.869496898644084082e-01,6.913572098097369167e-01,6.959045961687168047e-01,7.005894898034812357e-01,7.054094692145627121e-01,7.103620703512301127e-01,7.154447979432965177e-01,7.206551313351454713e-01,7.259905266068642504e-01,7.314484160527212619e-01,7.370262056389063066e-01,7.427212707677626202e-01,7.485309504729624752e-01,7.544525400230903678e-01,7.604832817997172478e-01,7.666203542271267102e-01,7.728608584580293206e-01,7.792018024594679071e-01,7.856400820959131837e-01,7.921724587758974812e-01,7.987955332219792703e-01,8.055057149544344597e-01,8.122991871682332388e-01,8.191718668629431876e-01,8.261193604076951802e-01,8.331369152660772492e-01,8.402193694903384857e-01,8.473611020094046209e-01,8.545559889785924179e-01,8.617973750050247350e-01,8.690780736825418629e-01,8.763904208396748885e-01
