0.200000000000000	1.81514044276818	0.540983829224516
0.200100000000000	1.81558020614232	0.541364519567791
0.200200000000000	1.81602115953203	0.541744785730700
0.200300000000000	1.81646330364018	0.542124623655422
0.200400000000000	1.81690663915576	0.542504029272807
0.200500000000000	1.81735116675379	0.542882998502421
0.200600000000000	1.81779688709526	0.543261527252578
0.200700000000000	1.81824380082697	0.543639611420379
0.200800000000000	1.81869190858152	0.544017246891745
0.200900000000000	1.81914121097717	0.544394429541457
0.201000000000000	1.81959170861774	0.544771155233202
0.201100000000000	1.82004340209258	0.545147419819598
0.201200000000000	1.82049629197639	0.545523219142251
0.201300000000000	1.82095037882922	0.545898549031780
0.201400000000000	1.82140566319630	0.546273405307868
0.201500000000000	1.82186214560800	0.546647783779303
0.201600000000000	1.82231982657973	0.547021680244017
0.201700000000000	1.82277870661182	0.547395090489132
0.201800000000000	1.82323878618948	0.547768010291005
0.201900000000000	1.82370006578264	0.548140435415270
0.202000000000000	1.82416254584593	0.548512361616885
0.202100000000000	1.82462622681853	0.548883784640177
0.202200000000000	1.82509110912412	0.549254700218890
0.202300000000000	1.82555719317076	0.549625104076232
0.202400000000000	1.82602447935082	0.549994991924923
0.202500000000000	1.82649296804088	0.550364359467242
0.202600000000000	1.82696265960162	0.550733202395082
0.202700000000000	1.82743355437777	0.551101516389989
0.202800000000000	1.82790565269797	0.551469297123228
0.202900000000000	1.82837895487471	0.551836540255820
0.203000000000000	1.82885346120423	0.552203241438604
0.203100000000000	1.82932917196645	0.552569396312286
0.203200000000000	1.82980608742482	0.552935000507494
0.203300000000000	1.83028420782629	0.553300049644830
0.203400000000000	1.83076353340119	0.553664539334924
0.203500000000000	1.83124406436315	0.554028465178498
0.203600000000000	1.83172580090897	0.554391822766413
0.203700000000000	1.83220874321861	0.554754607679729
0.203800000000000	1.83269289145501	0.555116815489765
0.203900000000000	1.83317824576405	0.555478441758155
0.204000000000000	1.83366480627446	0.555839482036910
0.204100000000000	1.83415257309768	0.556199931868473
0.204200000000000	1.83464154632785	0.556559786785788
0.204300000000000	1.83513172604164	0.556919042312351
0.204400000000000	1.83562311229821	0.557277693962281
0.204500000000000	1.83611570513909	0.557635737240381
0.204600000000000	1.83660950458811	0.557993167642194
0.204700000000000	1.83710451065130	0.558349980654080
0.204800000000000	1.83760072331680	0.558706171753270
0.204900000000000	1.83809814255476	0.559061736407939
0.205000000000000	1.83859676831729	0.559416670077269
0.205100000000000	1.83909660053831	0.559770968211516
0.205200000000000	1.83959763913350	0.560124626252084
0.205300000000000	1.84009988400019	0.560477639631580
0.205400000000000	1.84060333501731	0.560830003773902
0.205500000000000	1.84110799204524	0.561181714094294
0.205600000000000	1.84161385492577	0.561532765999424
0.205700000000000	1.84212092348198	0.561883154887456
0.205800000000000	1.84262919751818	0.562232876148120
0.205900000000000	1.84313867681979	0.562581925162785
0.206000000000000	1.84364936115327	0.562930297304538
0.206100000000000	1.84416125026603	0.563277987938250
0.206200000000000	1.84467434388634	0.563624992420660
0.206300000000000	1.84518864172324	0.563971306100448
0.206400000000000	1.84570414346645	0.564316924318311
0.206500000000000	1.84622084878629	0.564661842407041
0.206600000000000	1.84673875733358	0.565006055691605
0.206700000000000	1.84725786873959	0.565349559489223
0.206800000000000	1.84777818261587	0.565692349109451
0.206900000000000	1.84829969855428	0.566034419854255
0.207000000000000	1.84882241612678	0.566375767018103
0.207100000000000	1.84934633488545	0.566716385888036
0.207200000000000	1.84987145436234	0.567056271743758
0.207300000000000	1.85039777406940	0.567395419857719
0.207400000000000	1.85092529349840	0.567733825495203
0.207500000000000	1.85145401212085	0.568071483914401
0.207600000000000	1.85198392938789	0.568408390366514
0.207700000000000	1.85251504473022	0.568744540095828
0.207800000000000	1.85304735755804	0.569079928339805
0.207900000000000	1.85358086726093	0.569414550329173
0.208000000000000	1.85411557320778	0.569748401288015
0.208100000000000	1.85465147474670	0.570081476433859
0.208200000000000	1.85518857120494	0.570413770977763
0.208300000000000	1.85572686188884	0.570745280124421
0.208400000000000	1.85626634608367	0.571075999072236
0.208500000000000	1.85680702305363	0.571405923013431
0.208600000000000	1.85734889204171	0.571735047134132
0.208700000000000	1.85789195226966	0.572063366614466
0.208800000000000	1.85843620293786	0.572390876628658
0.208900000000000	1.85898164322525	0.572717572345124
0.209000000000000	1.85952827228929	0.573043448926568
0.209100000000000	1.86007608926581	0.573368501530087
0.209200000000000	1.86062509326899	0.573692725307259
0.209300000000000	1.86117528339128	0.574016115404250
0.209400000000000	1.86172665870326	0.574338666961910
0.209500000000000	1.86227921825362	0.574660375115876
0.209600000000000	1.86283296106908	0.574981234996672
0.209700000000000	1.86338788615428	0.575301241729814
0.209800000000000	1.86394399249171	0.575620390435912
0.209900000000000	1.86450127904166	0.575938676230770
0.210000000000000	1.86505974474212	0.576256094225498
0.210100000000000	1.86561938850870	0.576572639526613
0.210200000000000	1.86618020923460	0.576888307236144
0.210300000000000	1.86674220579044	0.577203092451742
0.210400000000000	1.86730537702431	0.577516990266791
0.210500000000000	1.86786972176157	0.577829995770506
0.210600000000000	1.86843523880489	0.578142104048050
0.210700000000000	1.86900192693409	0.578453310180649
0.210800000000000	1.86956978490610	0.578763609245687
0.210900000000000	1.87013881145492	0.579072996316838
0.211000000000000	1.87070900529149	0.579381466464156
0.211100000000000	1.87128036510365	0.579689014754211
0.211200000000000	1.87185288955607	0.579995636250184
0.211300000000000	1.87242657729018	0.580301326011993
0.211400000000000	1.87300142692408	0.580606079096402
0.211500000000000	1.87357743705252	0.580909890557143
0.211600000000000	1.87415460624676	0.581212755445028
0.211700000000000	1.87473293305456	0.581514668808069
0.211800000000000	1.87531241600010	0.581815625691594
0.211900000000000	1.87589305358389	0.582115621138370
0.212000000000000	1.87647484428273	0.582414650188721
0.212100000000000	1.87705778654964	0.582712707880647
0.212200000000000	1.87764187881378	0.583009789249948
0.212300000000000	1.87822711948039	0.583305889330343
0.212400000000000	1.87881350693075	0.583601003153598
0.212500000000000	1.87940103952210	0.583895125749643
0.212600000000000	1.87998971558755	0.584188252146699
0.212700000000000	1.88057953343606	0.584480377371410
0.212800000000000	1.88117049135237	0.584771496448952
0.212900000000000	1.88176258759693	0.585061604403180
0.213000000000000	1.88235582040583	0.585350696256741
0.213100000000000	1.88295018799077	0.585638767031201
0.213200000000000	1.88354568853897	0.585925811747185
0.213300000000000	1.88414232021313	0.586211825424500
0.213400000000000	1.88474008115138	0.586496803082259
0.213500000000000	1.88533896946720	0.586780739739024
0.213600000000000	1.88593898324939	0.587063630412926
0.213700000000000	1.88654012056198	0.587345470121806
0.213800000000000	1.88714237944422	0.587626253883341
0.213900000000000	1.88774575791050	0.587905976715182
0.214000000000000	1.88835025395028	0.588184633635087
0.214100000000000	1.88895586552809	0.588462219661057
0.214200000000000	1.88956259058342	0.588738729811465
0.214300000000000	1.89017042703071	0.589014159105204
0.214400000000000	1.89077937275929	0.589288502561813
0.214500000000000	1.89138942563330	0.589561755201622
0.214600000000000	1.89200058349171	0.589833912045885
0.214700000000000	1.89261284414820	0.590104968116921
0.214800000000000	1.89322620539116	0.590374918438257
0.214900000000000	1.89384066498360	0.590643758034762
0.215000000000000	1.89445622066317	0.590911481932792
0.215100000000000	1.89507287014206	0.591178085160332
0.215200000000000	1.89569061110697	0.591443562747135
0.215300000000000	1.89630944121908	0.591707909724866
0.215400000000000	1.89692935811399	0.591971121127248
0.215500000000000	1.89755035940170	0.592233191990204
0.215600000000000	1.89817244266654	0.592494117352001
0.215700000000000	1.89879560546718	0.592753892253396
0.215800000000000	1.89941984533652	0.593012511737783
0.215900000000000	1.90004515978171	0.593269970851337
0.216000000000000	1.90067154628411	0.593526264643166
0.216100000000000	1.90129900229923	0.593781388165453
0.216200000000000	1.90192752525668	0.594035336473610
0.216300000000000	1.90255711256019	0.594288104626416
0.216400000000000	1.90318776158753	0.594539687686188
0.216500000000000	1.90381946969050	0.594790080718903
0.216600000000000	1.90445223419490	0.595039278794376
0.216700000000000	1.90508605240048	0.595287276986389
0.216800000000000	1.90572092158091	0.595534070372857
0.216900000000000	1.90635683898381	0.595779654035977
0.217000000000000	1.90699380183062	0.596024023062375
0.217100000000000	1.90763180731666	0.596267172543269
0.217200000000000	1.90827085261107	0.596509097574615
0.217300000000000	1.90891093485678	0.596749793257264
0.217400000000000	1.90955205117051	0.596989254697124
0.217500000000000	1.91019419864272	0.597227477005299
0.217600000000000	1.91083737433760	0.597464455298266
0.217700000000000	1.91148157529304	0.597700184698015
0.217800000000000	1.91212679852063	0.597934660332214
0.217900000000000	1.91277304100564	0.598167877334364
0.218000000000000	1.91342029970697	0.598399830843958
0.218100000000000	1.91406857155716	0.598630516006640
0.218200000000000	1.91471785346238	0.598859927974366
0.218300000000000	1.91536814230240	0.599088061905556
0.218400000000000	1.91601943493056	0.599314912965265
0.218500000000000	1.91667172817382	0.599540476325331
0.218600000000000	1.91732501883266	0.599764747164547
0.218700000000000	1.91797930368114	0.599987720668820
0.218800000000000	1.91863457946686	0.600209392031322
0.218900000000000	1.91929084291096	0.600429756452671
0.219000000000000	1.91994809070811	0.600648809141078
0.219100000000000	1.92060631952649	0.600866545312513
0.219200000000000	1.92126552600782	0.601082960190879
0.219300000000000	1.92192570676731	0.601298049008161
0.219400000000000	1.92258685839369	0.601511807004598
0.219500000000000	1.92324897744920	0.601724229428849
0.219600000000000	1.92391206046960	0.601935311538154
0.219700000000000	1.92457610396413	0.602145048598500
0.219800000000000	1.92524110441556	0.602353435884791
0.219900000000000	1.92590705828016	0.602560468681007
0.220000000000000	1.92657396198773	0.602766142280377
0.220100000000000	1.92724181194157	0.602970451985543
0.220200000000000	1.92791060451852	0.603173393108723
0.220300000000000	1.92858033606896	0.603374960971887
0.220400000000000	1.92925100291678	0.603575150906917
0.220500000000000	1.92992260135944	0.603773958255780
0.220600000000000	1.93059512766798	0.603971378370695
0.220700000000000	1.93126857808699	0.604167406614298
0.220800000000000	1.93194294883463	0.604362038359814
0.220900000000000	1.93261823610270	0.604555268991231
0.221000000000000	1.93329443605659	0.604747093903457
0.221100000000000	1.93397154483531	0.604937508502503
0.221200000000000	1.93464955855155	0.605126508205644
0.221300000000000	1.93532847329165	0.605314088441591
0.221400000000000	1.93600828511563	0.605500244650663
0.221500000000000	1.93668899005724	0.605684972284960
0.221600000000000	1.93737058412394	0.605868266808525
0.221700000000000	1.93805306329696	0.606050123697523
0.221800000000000	1.93873642353130	0.606230538440411
0.221900000000000	1.93942066075578	0.606409506538106
0.222000000000000	1.94010577087304	0.606587023504158
0.222100000000000	1.94079174975959	0.606763084864922
0.222200000000000	1.94147859326582	0.606937686159733
0.222300000000000	1.94216629721607	0.607110822941069
0.222400000000000	1.94285485740861	0.607282490774733
0.222500000000000	1.94354426961570	0.607452685240020
0.222600000000000	1.94423452958364	0.607621401929887
0.222700000000000	1.94492563303279	0.607788636451132
0.222800000000000	1.94561757565758	0.607954384424559
0.222900000000000	1.94631035312661	0.608118641485163
0.223000000000000	1.94700396108264	0.608281403282281
0.223100000000000	1.94769839514264	0.608442665479787
0.223200000000000	1.94839365089786	0.608602423756254
0.223300000000000	1.94908972391384	0.608760673805125
0.223400000000000	1.94978660973047	0.608917411334892
0.223500000000000	1.95048430386204	0.609072632069262
0.223600000000000	1.95118280179728	0.609226331747337
0.223700000000000	1.95188209899940	0.609378506123781
0.223800000000000	1.95258219090618	0.609529150968995
0.223900000000000	1.95328307292996	0.609678262069292
0.224000000000000	1.95398474045776	0.609825835227063
0.224100000000000	1.95468718885127	0.609971866260960
0.224200000000000	1.95539041344695	0.610116351006055
0.224300000000000	1.95609440955607	0.610259285314028
0.224400000000000	1.95679917246478	0.610400665053326
0.224500000000000	1.95750469743415	0.610540486109345
0.224600000000000	1.95821097970025	0.610678744384594
0.224700000000000	1.95891801447417	0.610815435798877
0.224800000000000	1.95962579694217	0.610950556289453
0.224900000000000	1.96033432226565	0.611084101811219
0.225000000000000	1.96104358558127	0.611216068336878
0.225100000000000	1.96175358200101	0.611346451857105
0.225200000000000	1.96246430661222	0.611475248380726
0.225300000000000	1.96317575447770	0.611602453934887
0.225400000000000	1.96388792063580	0.611728064565221
0.225500000000000	1.96460080010045	0.611852076336031
0.225600000000000	1.96531438786123	0.611974485330440
0.225700000000000	1.96602867888351	0.612095287650583
0.225800000000000	1.96674366810844	0.612214479417763
0.225900000000000	1.96745935045309	0.612332056772628
0.226000000000000	1.96817572081053	0.612448015875335
0.226100000000000	1.96889277404985	0.612562352905726
0.226200000000000	1.96961050501630	0.612675064063494
0.226300000000000	1.97032890853136	0.612786145568348
0.226400000000000	1.97104797939283	0.612895593660188
0.226500000000000	1.97176771237488	0.613003404599270
0.226600000000000	1.97248810222819	0.613109574666375
0.226700000000000	1.97320914367998	0.613214100162974
0.226800000000000	1.97393083143417	0.613316977411399
0.226900000000000	1.97465316017141	0.613418202755007
0.227000000000000	1.97537612454920	0.613517772558349
0.227100000000000	1.97609971920199	0.613615683207333
0.227200000000000	1.97682393874124	0.613711931109391
0.227300000000000	1.97754877775558	0.613806512693643
0.227400000000000	1.97827423081084	0.613899424411068
0.227500000000000	1.97900029245019	0.613990662734660
0.227600000000000	1.97972695719423	0.614080224159596
0.227700000000000	1.98045421954110	0.614168105203402
0.227800000000000	1.98118207396656	0.614254302406108
0.227900000000000	1.98191051492412	0.614338812330422
0.228000000000000	1.98263953684513	0.614421631561881
0.228100000000000	1.98336913413891	0.614502756709022
0.228200000000000	1.98409930119282	0.614582184403533
0.228300000000000	1.98483003237241	0.614659911300423
0.228400000000000	1.98556132202149	0.614735934078178
0.228500000000000	1.98629316446230	0.614810249438919
0.228600000000000	1.98702555399555	0.614882854108563
0.228700000000000	1.98775848490062	0.614953744836980
0.228800000000000	1.98849195143559	0.615022918398152
0.228900000000000	1.98922594783742	0.615090371590329
0.229000000000000	1.98996046832205	0.615156101236187
0.229100000000000	1.99069550708451	0.615220104182979
0.229200000000000	1.99143105829905	0.615282377302699
0.229300000000000	1.99216711611927	0.615342917492229
0.229400000000000	1.99290367467824	0.615401721673494
0.229500000000000	1.99364072808862	0.615458786793620
0.229600000000000	1.99437827044278	0.615514109825079
0.229700000000000	1.99511629581295	0.615567687765849
0.229800000000000	1.99585479825133	0.615619517639559
0.229900000000000	1.99659377179025	0.615669596495643
0.230000000000000	1.99733321044225	0.615717921409487
0.230100000000000	1.99807310820025	0.615764489482579
0.230200000000000	1.99881345903771	0.615809297842661
0.230300000000000	1.99955425690868	0.615852343643865
0.230400000000000	2.00029549574804	0.615893624066876
0.230500000000000	2.00103716947157	0.615933136319066
0.230600000000000	2.00177927197609	0.615970877634640
0.230700000000000	2.00252179713965	0.616006845274787
0.230800000000000	2.00326473882163	0.616041036527816
0.230900000000000	2.00400809086289	0.616073448709303
0.231000000000000	2.00475184708591	0.616104079162229
0.231100000000000	2.00549600129497	0.616132925257127
0.231200000000000	2.00624054727624	0.616159984392216
0.231300000000000	2.00698547879800	0.616185253993541
0.231400000000000	2.00773078961070	0.616208731515117
0.231500000000000	2.00847647344719	0.616230414439054
0.231600000000000	2.00922252402284	0.616250300275709
0.231700000000000	2.00996893503569	0.616268386563808
0.231800000000000	2.01071570016658	0.616284670870590
0.231900000000000	2.01146281307938	0.616299150791936
0.232000000000000	2.01221026742107	0.616311823952500
0.232100000000000	2.01295805682192	0.616322688005841
0.232200000000000	2.01370617489568	0.616331740634562
0.232300000000000	2.01445461523968	0.616338979550428
0.232400000000000	2.01520337143507	0.616344402494502
0.232500000000000	2.01595243704689	0.616348007237267
0.232600000000000	2.01670180562431	0.616349791578759
0.232700000000000	2.01745147070076	0.616349753348689
0.232800000000000	2.01820142579410	0.616347890406567
0.232900000000000	2.01895166440678	0.616344200641824
0.233000000000000	2.01970218002601	0.616338681973940
0.233100000000000	2.02045296612395	0.616331332352561
0.233200000000000	2.02120401615786	0.616322149757618
0.233300000000000	2.02195532357025	0.616311132199448
0.233400000000000	2.02270688178909	0.616298277718914
0.233500000000000	2.02345868422798	0.616283584387521
0.233600000000000	2.02421072428630	0.616267050307522
0.233700000000000	2.02496299534939	0.616248673612050
0.233800000000000	2.02571549078874	0.616228452465218
0.233900000000000	2.02646820396217	0.616206385062233
0.234000000000000	2.02722112821397	0.616182469629515
0.234100000000000	2.02797425687514	0.616156704424795
0.234200000000000	2.02872758326351	0.616129087737233
0.234300000000000	2.02948110068397	0.616099617887522
0.234400000000000	2.03023480242861	0.616068293227994
0.234500000000000	2.03098868177693	0.616035112142722
0.234600000000000	2.03174273199602	0.616000073047629
0.234700000000000	2.03249694634074	0.615963174390592
0.234800000000000	2.03325131805390	0.615924414651533
0.234900000000000	2.03400584036647	0.615883792342531
0.235000000000000	2.03476050649774	0.615841306007908
0.235100000000000	2.03551530965552	0.615796954224340
0.235200000000000	2.03627024303632	0.615750735600944
0.235300000000000	2.03702529982558	0.615702648779377
0.235400000000000	2.03778047319780	0.615652692433921
0.235500000000000	2.03853575631677	0.615600865271592
0.235600000000000	2.03929114233578	0.615547166032212
0.235700000000000	2.04004662439775	0.615491593488511
0.235800000000000	2.04080219563549	0.615434146446209
0.235900000000000	2.04155784917186	0.615374823744108
0.236000000000000	2.04231357811999	0.615313624254172
0.236100000000000	2.04306937558345	0.615250546881611
0.236200000000000	2.04382523465645	0.615185590564972
0.236300000000000	2.04458114842408	0.615118754276209
0.236400000000000	2.04533710996244	0.615050037020769
0.236500000000000	2.04609311233892	0.614979437837669
0.236600000000000	2.04684914861232	0.614906955799574
0.236700000000000	2.04760521183312	0.614832590012873
0.236800000000000	2.04836129504365	0.614756339617751
0.236900000000000	2.04911739127827	0.614678203788262
0.237000000000000	2.04987349356363	0.614598181732404
0.237100000000000	2.05062959491883	0.614516272692179
0.237200000000000	2.05138568835565	0.614432475943678
0.237300000000000	2.05214176687873	0.614346790797131
0.237400000000000	2.05289782348581	0.614259216596982
0.237500000000000	2.05365385116789	0.614169752721951
0.237600000000000	2.05440984290951	0.614078398585092
0.237700000000000	2.05516579168887	0.613985153633865
0.237800000000000	2.05592169047811	0.613890017350181
0.237900000000000	2.05667753224349	0.613792989250473
0.238000000000000	2.05743330994559	0.613694068885745
0.238100000000000	2.05818901653955	0.613593255841625
0.238200000000000	2.05894464497525	0.613490549738426
0.238300000000000	2.05970018819755	0.613385950231196
0.238400000000000	2.06045563914647	0.613279457009758
0.238500000000000	2.06121099075745	0.613171069798776
0.238600000000000	2.06196623596152	0.613060788357788
0.238700000000000	2.06272136768550	0.612948612481258
0.238800000000000	2.06347637885230	0.612834541998620
0.238900000000000	2.06423126238102	0.612718576774317
0.239000000000000	2.06498601118726	0.612600716707847
0.239100000000000	2.06574061818329	0.612480961733800
0.239200000000000	2.06649507627825	0.612359311821891
0.239300000000000	2.06724937837844	0.612235766977009
0.239400000000000	2.06800351738742	0.612110327239236
0.239500000000000	2.06875748620636	0.611982992683893
0.239600000000000	2.06951127773413	0.611853763421561
0.239700000000000	2.07026488486764	0.611722639598120
0.239800000000000	2.07101830050195	0.611589621394772
0.239900000000000	2.07177151753056	0.611454709028068
0.240000000000000	2.07252452884559	0.611317902749935
0.240100000000000	2.07327732733803	0.611179202847699
0.240200000000000	2.07402990589793	0.611038609644101
0.240300000000000	2.07478225741463	0.610896123497326
0.240400000000000	2.07553437477700	0.610751744801019
0.240500000000000	2.07628625087363	0.610605473984298
0.240600000000000	2.07703787859307	0.610457311511773
0.240700000000000	2.07778925082403	0.610307257883558
0.240800000000000	2.07854036045564	0.610155313635281
0.240900000000000	2.07929120037761	0.610001479338102
0.241000000000000	2.08004176348052	0.609845755598711
0.241100000000000	2.08079204265599	0.609688143059346
0.241200000000000	2.08154203079693	0.609528642397784
0.241300000000000	2.08229172079774	0.609367254327365
0.241400000000000	2.08304110555455	0.609203979596973
0.241500000000000	2.08379017796543	0.609038818991054
0.241600000000000	2.08453893093063	0.608871773329598
0.241700000000000	2.08528735735277	0.608702843468154
0.241800000000000	2.08603545013709	0.608532030297810
0.241900000000000	2.08678320219166	0.608359334745199
0.242000000000000	2.08753060642760	0.608184757772478
0.242100000000000	2.08827765575932	0.608008300377332
0.242200000000000	2.08902434310472	0.607829963592954
0.242300000000000	2.08977066138543	0.607649748488039
0.242400000000000	2.09051660352699	0.607467656166758
0.242500000000000	2.09126216245915	0.607283687768758
0.242600000000000	2.09200733111602	0.607097844469126
0.242700000000000	2.09275210243633	0.606910127478383
0.242800000000000	2.09349646936362	0.606720538042466
0.242900000000000	2.09424042484651	0.606529077442684
0.243000000000000	2.09498396183888	0.606335746995719
0.243100000000000	2.09572707330010	0.606140548053581
0.243200000000000	2.09646975219527	0.605943482003593
0.243300000000000	2.09721199149541	0.605744550268349
0.243400000000000	2.09795378417770	0.605543754305700
0.243500000000000	2.09869512322573	0.605341095608699
0.243600000000000	2.09943600162965	0.605136575705587
0.243700000000000	2.10017641238645	0.604930196159748
0.243800000000000	2.10091634850015	0.604721958569666
0.243900000000000	2.10165580298204	0.604511864568898
0.244000000000000	2.10239476885089	0.604299915826020
0.244100000000000	2.10313323913315	0.604086114044597
0.244200000000000	2.10387120686322	0.603870460963125
0.244300000000000	2.10460866508359	0.603652958354999
0.244400000000000	2.10534560684516	0.603433608028452
0.244500000000000	2.10608202520736	0.603212411826519
0.244600000000000	2.10681791323843	0.602989371626973
0.244700000000000	2.10755326401561	0.602764489342283
0.244800000000000	2.10828807062537	0.602537766919551
0.244900000000000	2.10902232616361	0.602309206340468
0.245000000000000	2.10975602373590	0.602078809621239
0.245100000000000	2.11048915645768	0.601846578812546
0.245200000000000	2.11122171745448	0.601612515999464
0.245300000000000	2.11195369986213	0.601376623301419
0.245400000000000	2.11268509682698	0.601138902872111
0.245500000000000	2.11341590150609	0.600899356899452
0.245600000000000	2.11414610706751	0.600657987605503
0.245700000000000	2.11487570669040	0.600414797246402
0.245800000000000	2.11560469356533	0.600169788112289
0.245900000000000	2.11633306089442	0.599922962527243
0.246000000000000	2.11706080189160	0.599674322849204
0.246100000000000	2.11778790978280	0.599423871469896
0.246200000000000	2.11851437780617	0.599171610814756
0.246300000000000	2.11924019921227	0.598917543342848
0.246400000000000	2.11996536726431	0.598661671546794
0.246500000000000	2.12068987523833	0.598403997952681
0.246600000000000	2.12141371642341	0.598144525119984
0.246700000000000	2.12213688412191	0.597883255641486
0.246800000000000	2.12285937164964	0.597620192143181
0.246900000000000	2.12358117233606	0.597355337284199
0.247000000000000	2.12430227952453	0.597088693756704
0.247100000000000	2.12502268657248	0.596820264285817
0.247200000000000	2.12574238685162	0.596550051629511
0.247300000000000	2.12646137374813	0.596278058578528
0.247400000000000	2.12717964066290	0.596004287956280
0.247500000000000	2.12789718101169	0.595728742618747
0.247600000000000	2.12861398822536	0.595451425454389
0.247700000000000	2.12933005575005	0.595172339384041
0.247800000000000	2.13004537704738	0.594891487360809
0.247900000000000	2.13075994559469	0.594608872369975
0.248000000000000	2.13147375488516	0.594324497428887
0.248100000000000	2.13218679842807	0.594038365586857
0.248200000000000	2.13289906974899	0.593750479925052
0.248300000000000	2.13361056238993	0.593460843556386
0.248400000000000	2.13432126990959	0.593169459625413
0.248500000000000	2.13503118588352	0.592876331308212
0.248600000000000	2.13574030390432	0.592581461812279
0.248700000000000	2.13644861758184	0.592284854376406
0.248800000000000	2.13715612054334	0.591986512270574
0.248900000000000	2.13786280643372	0.591686438795832
0.249000000000000	2.13856866891571	0.591384637284179
0.249100000000000	2.13927370167000	0.591081111098444
0.249200000000000	2.13997789839549	0.590775863632166
0.249300000000000	2.14068125280945	0.590468898309472
0.249400000000000	2.14138375864769	0.590160218584952
0.249500000000000	2.14208540966479	0.589849827943544
0.249600000000000	2.14278619963423	0.589537729900386
0.249700000000000	2.14348612234860	0.589223928000712
0.249800000000000	2.14418517161978	0.588908425819708
0.249900000000000	2.14488334127912	0.588591226962389
0.250000000000000	2.14558062517760	0.588272335063463
0.250100000000000	2.14627701718604	0.587951753787208
0.250200000000000	2.14697251119525	0.587629486827321
0.250300000000000	2.14766710111622	0.587305537906799
0.250400000000000	2.14836078088027	0.586979910777795
0.250500000000000	2.14905354443927	0.586652609221482
0.250600000000000	2.14974538576576	0.586323637047910
0.250700000000000	2.15043629885318	0.585992998095878
0.250800000000000	2.15112627771597	0.585660696232775
0.250900000000000	2.15181531638979	0.585326735354451
0.251000000000000	2.15250340893168	0.584991119385069
0.251100000000000	2.15319054942020	0.584653852276961
0.251200000000000	2.15387673195563	0.584314938010478
0.251300000000000	2.15456195066013	0.583974380593849
0.251400000000000	2.15524619967786	0.583632184063027
0.251500000000000	2.15592947317520	0.583288352481543
0.251600000000000	2.15661176534087	0.582942889940353
0.251700000000000	2.15729307038612	0.582595800557693
0.251800000000000	2.15797338254485	0.582247088478911
0.251900000000000	2.15865269607382	0.581896757876334
0.252000000000000	2.15933100525274	0.581544812949094
0.252100000000000	2.16000830438448	0.581191257922982
0.252200000000000	2.16068458779521	0.580836097050291
0.252300000000000	2.16135984983452	0.580479334609654
0.252400000000000	2.16203408487561	0.580120974905884
0.252500000000000	2.16270728731544	0.579761022269821
0.252600000000000	2.16337945157483	0.579399481058163
0.252700000000000	2.16405057209867	0.579036355653308
0.252800000000000	2.16472064335602	0.578671650463190
0.252900000000000	2.16538965984026	0.578305369921114
0.253000000000000	2.16605761606928	0.577937518485591
0.253100000000000	2.16672450658555	0.577568100640175
0.253200000000000	2.16739032595629	0.577197120893290
0.253300000000000	2.16805506877365	0.576824583778068
0.253400000000000	2.16871872965478	0.576450493852176
0.253500000000000	2.16938130324200	0.576074855697654
0.253600000000000	2.17004278420295	0.575697673920729
0.253700000000000	2.17070316723069	0.575318953151660
0.253800000000000	2.17136244704386	0.574938698044559
0.253900000000000	2.17202061838677	0.574556913277212
0.254000000000000	2.17267767602960	0.574173603550917
0.254100000000000	2.17333361476845	0.573788773590300
0.254200000000000	2.17398842942554	0.573402428143144
0.254300000000000	2.17464211484924	0.573014571980205
0.254400000000000	2.17529466591432	0.572625209895049
0.254500000000000	2.17594607752196	0.572234346703861
0.254600000000000	2.17659634459991	0.571841987245271
0.254700000000000	2.17724546210265	0.571448136380178
0.254800000000000	2.17789342501145	0.571052798991563
0.254900000000000	2.17854022833450	0.570655979984310
0.255000000000000	2.17918586710706	0.570257684285029
0.255100000000000	2.17983033639151	0.569857916841872
0.255200000000000	2.18047363127755	0.569456682624345
0.255300000000000	2.18111574688223	0.569053986623128
0.255400000000000	2.18175667835008	0.568649833849894
0.255500000000000	2.18239642085327	0.568244229337119
0.255600000000000	2.18303496959163	0.567837178137899
0.255700000000000	2.18367231979283	0.567428685325758
0.255800000000000	2.18430846671244	0.567018755994474
0.255900000000000	2.18494340563405	0.566607395257880
0.256000000000000	2.18557713186938	0.566194608249677
0.256100000000000	2.18620964075834	0.565780400123255
0.256200000000000	2.18684092766916	0.565364776051495
0.256300000000000	2.18747098799851	0.564947741226580
0.256400000000000	2.18809981717152	0.564529300859807
0.256500000000000	2.18872741064194	0.564109460181398
0.256600000000000	2.18935376389221	0.563688224440308
0.256700000000000	2.18997887243355	0.563265598904032
0.256800000000000	2.19060273180605	0.562841588858410
0.256900000000000	2.19122533757872	0.562416199607444
0.257000000000000	2.19184668534967	0.561989436473096
0.257100000000000	2.19246677074610	0.561561304795100
0.257200000000000	2.19308558942442	0.561131809930762
0.257300000000000	2.19370313707032	0.560700957254774
0.257400000000000	2.19431940939889	0.560268752159016
0.257500000000000	2.19493440215464	0.559835200052359
0.257600000000000	2.19554811111161	0.559400306360472
0.257700000000000	2.19616053207344	0.558964076525625
0.257800000000000	2.19677166087344	0.558526516006496
0.257900000000000	2.19738149337467	0.558087630277970
0.258000000000000	2.19799002547001	0.557647424830948
0.258100000000000	2.19859725308220	0.557205905172144
0.258200000000000	2.19920317216395	0.556763076823898
0.258300000000000	2.19980777869798	0.556318945323961
0.258400000000000	2.20041106869711	0.555873516225320
0.258500000000000	2.20101303820428	0.555426795095980
0.258600000000000	2.20161368329265	0.554978787518776
0.258700000000000	2.20221300006564	0.554529499091176
0.258800000000000	2.20281098465701	0.554078935425080
0.258900000000000	2.20340763323088	0.553627102146614
0.259000000000000	2.20400294198182	0.553174004895945
0.259100000000000	2.20459690713488	0.552719649327071
0.259200000000000	2.20518952494568	0.552264041107629
0.259300000000000	2.20578079170041	0.551807185918692
0.259400000000000	2.20637070371591	0.551349089454566
0.259500000000000	2.20695925733970	0.550889757422598
0.259600000000000	2.20754644895006	0.550429195542973
0.259700000000000	2.20813227495605	0.549967409548516
0.259800000000000	2.20871673179753	0.549504405184485
0.259900000000000	2.20929981594525	0.549040188208383
0.260000000000000	2.20988152390088	0.548574764389747
0.260100000000000	2.21046185219699	0.548108139509955
0.260200000000000	2.21104079739720	0.547640319362028
0.260300000000000	2.21161835609609	0.547171309750418
0.260400000000000	2.21219452491933	0.546701116490824
0.260500000000000	2.21276930052366	0.546229745409978
0.260600000000000	2.21334267959694	0.545757202345460
0.260700000000000	2.21391465885820	0.545283493145480
0.260800000000000	2.21448523505761	0.544808623668696
0.260900000000000	2.21505440497658	0.544332599784001
0.261000000000000	2.21562216542771	0.543855427370332
0.261100000000000	2.21618851325490	0.543377112316468
0.261200000000000	2.21675344533328	0.542897660520829
0.261300000000000	2.21731695856931	0.542417077891278
0.261400000000000	2.21787904990073	0.541935370344917
0.261500000000000	2.21843971629666	0.541452543807900
0.261600000000000	2.21899895475753	0.540968604215225
0.261700000000000	2.21955676231516	0.540483557510535
0.261800000000000	2.22011313603274	0.539997409645924
0.261900000000000	2.22066807300484	0.539510166581733
0.262000000000000	2.22122157035746	0.539021834286361
0.262100000000000	2.22177362524798	0.538532418736057
0.262200000000000	2.22232423486523	0.538041925914730
0.262300000000000	2.22287339642944	0.537550361813743
0.262400000000000	2.22342110719229	0.537057732431732
0.262500000000000	2.22396736443689	0.536564043774388
0.262600000000000	2.22451216547777	0.536069301854277
0.262700000000000	2.22505550766092	0.535573512690636
0.262800000000000	2.22559738836376	0.535076682309180
0.262900000000000	2.22613780499515	0.534578816741901
0.263000000000000	2.22667675499536	0.534079922026883
0.263100000000000	2.22721423583612	0.533580004208094
0.263200000000000	2.22775024502056	0.533079069335202
0.263300000000000	2.22828478008322	0.532577123463377
0.263400000000000	2.22881783859006	0.532074172653093
0.263500000000000	2.22934941813843	0.531570222969941
0.263600000000000	2.22987951635705	0.531065280484429
0.263700000000000	2.23040813090602	0.530559351271798
0.263800000000000	2.23093525947680	0.530052441411821
0.263900000000000	2.23146089979218	0.529544556988614
0.264000000000000	2.23198504960627	0.529035704090445
0.264100000000000	2.23250770670451	0.528525888809545
0.264200000000000	2.23302886890358	0.528015117241912
0.264300000000000	2.23354853405147	0.527503395487124
0.264400000000000	2.23406670002738	0.526990729648150
0.264500000000000	2.23458336474173	0.526477125831158
0.264600000000000	2.23509852613616	0.525962590145330
0.264700000000000	2.23561218218344	0.525447128702667
0.264800000000000	2.23612433088749	0.524930747617809
0.264900000000000	2.23663497028336	0.524413453007845
0.265000000000000	2.23714409843716	0.523895250992122
0.265100000000000	2.23765171344605	0.523376147692063
0.265200000000000	2.23815781343821	0.522856149230984
0.265300000000000	2.23866239657280	0.522335261733897
0.265400000000000	2.23916546103994	0.521813491327343
0.265500000000000	2.23966700506064	0.521290844139195
0.265600000000000	2.24016702688679	0.520767326298476
0.265700000000000	2.24066552480112	0.520242943935180
0.265800000000000	2.24116249711716	0.519717703180090
0.265900000000000	2.24165794217917	0.519191610164589
0.266000000000000	2.24215185836214	0.518664671020491
0.266100000000000	2.24264424407173	0.518136891879849
0.266200000000000	2.24313509774420	0.517608278874784
0.266300000000000	2.24362441784641	0.517078838137298
0.266400000000000	2.24411220287573	0.516548575799103
0.266500000000000	2.24459845136003	0.516017497991438
0.266600000000000	2.24508316185760	0.515485610844896
0.266700000000000	2.24556633295711	0.514952920489240
0.266800000000000	2.24604796327755	0.514419433053238
0.266900000000000	2.24652805146821	0.513885154664479
0.267000000000000	2.24700659620859	0.513350091449202
0.267100000000000	2.24748359620834	0.512814249532122
0.267200000000000	2.24795905020724	0.512277635036261
0.267300000000000	2.24843295697513	0.511740254082764
0.267400000000000	2.24890531531182	0.511202112790741
0.267500000000000	2.24937612404707	0.510663217277090
0.267600000000000	2.24984538204051	0.510123573656326
0.267700000000000	2.25031308818159	0.509583188040412
0.267800000000000	2.25077924138951	0.509042066538595
0.267900000000000	2.25124384061314	0.508500215257231
0.268000000000000	2.25170688483098	0.507957640299622
0.268100000000000	2.25216837305111	0.507414347765851
0.268200000000000	2.25262830431105	0.506870343752615
0.268300000000000	2.25308667767779	0.506325634353057
0.268400000000000	2.25354349224764	0.505780225656610
0.268500000000000	2.25399874714620	0.505234123748825
0.268600000000000	2.25445244152828	0.504687334711214
0.268700000000000	2.25490457457784	0.504139864621086
0.268800000000000	2.25535514550790	0.503591719551393
0.268900000000000	2.25580415356046	0.503042905570557
0.269000000000000	2.25625159800646	0.502493428742327
0.269100000000000	2.25669747814566	0.501943295125605
0.269200000000000	2.25714179330661	0.501392510774303
0.269300000000000	2.25758454284653	0.500841081737175
0.269400000000000	2.25802572615125	0.500289014057670
0.269500000000000	2.25846534263513	0.499736313773769
0.269600000000000	2.25890339174100	0.499182986917841
0.269700000000000	2.25933987294003	0.498629039516482
0.269800000000000	2.25977478573169	0.498074477590361
0.269900000000000	2.26020812964366	0.497519307154082
0.270000000000000	2.26063990423172	0.496963534216020
0.270100000000000	2.26107010907972	0.496407164778176
0.270200000000000	2.26149874379941	0.495850204836029
0.270300000000000	2.26192580803045	0.495292660378386
0.270400000000000	2.26235130144026	0.494734537387245
0.270500000000000	2.26277522372394	0.494175841837631
0.270600000000000	2.26319757460419	0.493616579697467
0.270700000000000	2.26361835383123	0.493056756927425
0.270800000000000	2.26403756118269	0.492496379480779
0.270900000000000	2.26445519646355	0.491935453303267
0.271000000000000	2.26487125950599	0.491373984332948
0.271100000000000	2.26528575016937	0.490811978500064
0.271200000000000	2.26569866834007	0.490249441726898
0.271300000000000	2.26611001393145	0.489686379927635
0.271400000000000	2.26651978688373	0.489122799008226
0.271500000000000	2.26692798716387	0.488558704866251
0.271600000000000	2.26733461476553	0.487994103390784
0.271700000000000	2.26773966970892	0.487429000462259
0.271800000000000	2.26814315204075	0.486863401952333
0.271900000000000	2.26854506183408	0.486297313723754
0.272000000000000	2.26894539918825	0.485730741630232
0.272100000000000	2.26934416422881	0.485163691516308
0.272200000000000	2.26974135710733	0.484596169217219
0.272300000000000	2.27013697800142	0.484028180558773
0.272400000000000	2.27053102711451	0.483459731357225
0.272500000000000	2.27092350467583	0.482890827419140
0.272600000000000	2.27131441094028	0.482321474541275
0.272700000000000	2.27170374618832	0.481751678510453
0.272800000000000	2.27209151072585	0.481181445103433
0.272900000000000	2.27247770488417	0.480610780086796
0.273000000000000	2.27286232901979	0.480039689216815
0.273100000000000	2.27324538351438	0.479468178239339
0.273200000000000	2.27362686877467	0.478896252889672
0.273300000000000	2.27400678523228	0.478323918892452
0.273400000000000	2.27438513334369	0.477751181961529
0.273500000000000	2.27476191359008	0.477178047799858
0.273600000000000	2.27513712647722	0.476604522099379
0.273700000000000	2.27551077253542	0.476030610540895
0.273800000000000	2.27588285231935	0.475456318793967
0.273900000000000	2.27625336640795	0.474881652516795
0.274000000000000	2.27662231540435	0.474306617356107
0.274100000000000	2.27698969993572	0.473731218947055
0.274200000000000	2.27735552065318	0.473155462913086
0.274300000000000	2.27771977823169	0.472579354865860
0.274400000000000	2.27808247336991	0.472002900405116
0.274500000000000	2.27844360679013	0.471426105118580
0.274600000000000	2.27880317923812	0.470848974581858
0.274700000000000	2.27916119148303	0.470271514358324
0.274800000000000	2.27951764431727	0.469693729999017
0.274900000000000	2.27987253855642	0.469115627042549
0.275000000000000	2.28022587503907	0.468537211014986
0.275100000000000	2.28057765462674	0.467958487429759
0.275200000000000	2.28092787820377	0.467379461787562
0.275300000000000	2.28127654667717	0.466800139576245
0.275400000000000	2.28162366097651	0.466220526270730
0.275500000000000	2.28196922205385	0.465640627332901
0.275600000000000	2.28231323088354	0.465060448211512
0.275700000000000	2.28265568846219	0.464479994342094
0.275800000000000	2.28299659580850	0.463899271146864
0.275900000000000	2.28333595396313	0.463318284034620
0.276000000000000	2.28367376398863	0.462737038400659
0.276100000000000	2.28401002696928	0.462155539626690
0.276200000000000	2.28434474401100	0.461573793080728
0.276300000000000	2.28467791624120	0.460991804117022
0.276400000000000	2.28500954480869	0.460409578075956
0.276500000000000	2.28533963088353	0.459827120283963
0.276600000000000	2.28566817565695	0.459244436053446
0.276700000000000	2.28599518034119	0.458661530682687
0.276800000000000	2.28632064616938	0.458078409455763
0.276900000000000	2.28664457439545	0.457495077642463
0.277000000000000	2.28696696629401	0.456911540498214
0.277100000000000	2.28728782316018	0.456327803263985
0.277200000000000	2.28760714630951	0.455743871166218
0.277300000000000	2.28792493707784	0.455159749416747
0.277400000000000	2.28824119682119	0.454575443212721
0.277500000000000	2.28855592691564	0.453990957736520
0.277600000000000	2.28886912875719	0.453406298155689
0.277700000000000	2.28918080376165	0.452821469622854
0.277800000000000	2.28949095336451	0.452236477275652
0.277900000000000	2.28979957902083	0.451651326236661
0.278000000000000	2.29010668220509	0.451066021613319
0.278100000000000	2.29041226441110	0.450480568497863
0.278200000000000	2.29071632715186	0.449894971967252
0.278300000000000	2.29101887195943	0.449309237083098
0.278400000000000	2.29131990038482	0.448723368891606
0.278500000000000	2.29161941399785	0.448137372423491
0.278600000000000	2.29191741438705	0.447551252693929
0.278700000000000	2.29221390315952	0.446965014702481
0.278800000000000	2.29250888194079	0.446378663433030
0.278900000000000	2.29280235237474	0.445792203853720
0.279000000000000	2.29309431612342	0.445205640916894
0.279100000000000	2.29338477486697	0.444618979559026
0.279200000000000	2.29367373030349	0.444032224700672
0.279300000000000	2.29396118414890	0.443445381246401
0.279400000000000	2.29424713813680	0.442858454084738
0.279500000000000	2.29453159401841	0.442271448088110
0.279600000000000	2.29481455356235	0.441684368112785
0.279700000000000	2.29509601855462	0.441097218998821
0.279800000000000	2.29537599079838	0.440510005570003
0.279900000000000	2.29565447211390	0.439922732633801
0.280000000000000	2.29593146433839	0.439335404981304
0.280100000000000	2.29620696932588	0.438748027387180
0.280200000000000	2.29648098894713	0.438160604609614
0.280300000000000	2.29675352508946	0.437573141390268
0.280400000000000	2.29702457965665	0.436985642454225
0.280500000000000	2.29729415456882	0.436398112509939
0.280600000000000	2.29756225176229	0.435810556249194
0.280700000000000	2.29782887318945	0.435222978347057
0.280800000000000	2.29809402081867	0.434635383461824
0.280900000000000	2.29835769663415	0.434047776234986
0.281000000000000	2.29861990263578	0.433460161291179
0.281100000000000	2.29888064083906	0.432872543238140
0.281200000000000	2.29913991327494	0.432284926666671
0.281300000000000	2.29939772198970	0.431697316150592
0.281400000000000	2.29965406904484	0.431109716246702
0.281500000000000	2.29990895651695	0.430522131494746
0.281600000000000	2.30016238649759	0.429934566417364
0.281700000000000	2.30041436109316	0.429347025520067
0.281800000000000	2.30066488242477	0.428759513291187
0.281900000000000	2.30091395262813	0.428172034201856
0.282000000000000	2.30116157385343	0.427584592705957
0.282100000000000	2.30140774826518	0.426997193240099
0.282200000000000	2.30165247804216	0.426409840223581
0.282300000000000	2.30189576537722	0.425822538058356
0.282400000000000	2.30213761247720	0.425235291129006
0.282500000000000	2.30237802156280	0.424648103802707
0.282600000000000	2.30261699486844	0.424060980429200
0.282700000000000	2.30285453464218	0.423473925340762
0.282800000000000	2.30309064314555	0.422886942852180
0.282900000000000	2.30332532265345	0.422300037260719
0.283000000000000	2.30355857545403	0.421713212846098
0.283100000000000	2.30379040384858	0.421126473870466
0.283200000000000	2.30402081015138	0.420539824578378
0.283300000000000	2.30424979668958	0.419953269196760
0.283400000000000	2.30447736580313	0.419366811934904
0.283500000000000	2.30470351984458	0.418780456984431
0.283600000000000	2.30492826117903	0.418194208519273
0.283700000000000	2.30515159218397	0.417608070695657
0.283800000000000	2.30537351524918	0.417022047652076
0.283900000000000	2.30559403277657	0.416436143509280
0.284000000000000	2.30581314718014	0.415850362370249
0.284100000000000	2.30603086088578	0.415264708320183
0.284200000000000	2.30624717633118	0.414679185426474
0.284300000000000	2.30646209596573	0.414093797738704
0.284400000000000	2.30667562225038	0.413508549288617
0.284500000000000	2.30688775765753	0.412923444090112
0.284600000000000	2.30709850467090	0.412338486139227
0.284700000000000	2.30730786578542	0.411753679414124
0.284800000000000	2.30751584350713	0.411169027875081
0.284900000000000	2.30772244035304	0.410584535464476
0.285000000000000	2.30792765885100	0.410000206106776
0.285100000000000	2.30813150153963	0.409416043708533
0.285200000000000	2.30833397096816	0.408832052158368
0.285300000000000	2.30853506969634	0.408248235326964
0.285400000000000	2.30873480029430	0.407664597067062
0.285500000000000	2.30893316534246	0.407081141213445
0.285600000000000	2.30913016743140	0.406497871582942
0.285700000000000	2.30932580916174	0.405914791974414
0.285800000000000	2.30952009314406	0.405331906168754
0.285900000000000	2.30971302199873	0.404749217928883
0.286000000000000	2.30990459835583	0.404166730999735
0.286100000000000	2.31009482485505	0.403584449108275
0.286200000000000	2.31028370414554	0.403002375963474
0.286300000000000	2.31047123888583	0.402420515256325
0.286400000000000	2.31065743174368	0.401838870659833
0.286500000000000	2.31084228539601	0.401257445829015
0.286600000000000	2.31102580252877	0.400676244400905
0.286700000000000	2.31120798583681	0.400095269994549
0.286800000000000	2.31138883802380	0.399514526211011
0.286900000000000	2.31156836180209	0.398934016633376
0.287000000000000	2.31174655989263	0.398353744826748
0.287100000000000	2.31192343502483	0.397773714338259
0.287200000000000	2.31209898993647	0.397193928697071
0.287300000000000	2.31227322737359	0.396614391414380
0.287400000000000	2.31244615009035	0.396035105983423
0.287500000000000	2.31261776084897	0.395456075879482
0.287600000000000	2.31278806241959	0.394877304559894
0.287700000000000	2.31295705758017	0.394298795464059
0.287800000000000	2.31312474911638	0.393720552013441
0.287900000000000	2.31329113982149	0.393142577611585
0.288000000000000	2.31345623249627	0.392564875644119
0.288100000000000	2.31362002994890	0.391987449478774
0.288200000000000	2.31378253499480	0.391410302465381
0.288300000000000	2.31394375045662	0.390833437935892
0.288400000000000	2.31410367916405	0.390256859204389
0.288500000000000	2.31426232395375	0.389680569567093
0.288600000000000	2.31441968766926	0.389104572302382
0.288700000000000	2.31457577316086	0.388528870670799
0.288800000000000	2.31473058328551	0.387953467915070
0.288900000000000	2.31488412090671	0.387378367260119
0.289000000000000	2.31503638889440	0.386803571913074
0.289100000000000	2.31518739012488	0.386229085063296
0.289200000000000	2.31533712748068	0.385654909882385
0.289300000000000	2.31548560385050	0.385081049524200
0.289400000000000	2.31563282212906	0.384507507124878
0.289500000000000	2.31577878521702	0.383934285802847
0.289600000000000	2.31592349602089	0.383361388658848
0.289700000000000	2.31606695745292	0.382788818775952
0.289800000000000	2.31620917243100	0.382216579219581
0.289900000000000	2.31635014387855	0.381644673037527
0.290000000000000	2.31648987472444	0.381073103259967
0.290100000000000	2.31662836790290	0.380501872899494
0.290200000000000	2.31676562635338	0.379930984951130
0.290300000000000	2.31690165302050	0.379360442392350
0.290400000000000	2.31703645085391	0.378790248183105
0.290500000000000	2.31717002280825	0.378220405265844
0.290600000000000	2.31730237184298	0.377650916565538
0.290700000000000	2.31743350092235	0.377081784989702
0.290800000000000	2.31756341301527	0.376513013428420
0.290900000000000	2.31769211109522	0.375944604754372
0.291000000000000	2.31781959814016	0.375376561822853
0.291100000000000	2.31794587713243	0.374808887471804
0.291200000000000	2.31807095105869	0.374241584521837
0.291300000000000	2.31819482290975	0.373674655776259
0.291400000000000	2.31831749568057	0.373108104021099
0.291500000000000	2.31843897237010	0.372541932025139
0.291600000000000	2.31855925598121	0.371976142539937
0.291700000000000	2.31867834952062	0.371410738299861
0.291800000000000	2.31879625599877	0.370845722022106
0.291900000000000	2.31891297842976	0.370281096406738
0.292000000000000	2.31902851983124	0.369716864136714
0.292100000000000	2.31914288322435	0.369153027877913
0.292200000000000	2.31925607163358	0.368589590279167
0.292300000000000	2.31936808808674	0.368026553972290
0.292400000000000	2.31947893561484	0.367463921572114
0.292500000000000	2.31958861725199	0.366901695676513
0.292600000000000	2.31969713603534	0.366339878866440
0.292700000000000	2.31980449500499	0.365778473705960
0.292800000000000	2.31991069720390	0.365217482742276
0.292900000000000	2.32001574567777	0.364656908505767
0.293000000000000	2.32011964347502	0.364096753510022
0.293100000000000	2.32022239364666	0.363537020251870
0.293200000000000	2.32032399924622	0.362977711211416
0.293300000000000	2.32042446332964	0.362418828852075
0.293400000000000	2.32052378895524	0.361860375620608
0.293500000000000	2.32062197918359	0.361302353947151
0.293600000000000	2.32071903707745	0.360744766245262
0.293700000000000	2.32081496570167	0.360187614911944
0.293800000000000	2.32090976812314	0.359630902327688
0.293900000000000	2.32100344741067	0.359074630856510
0.294000000000000	2.32109600663493	0.358518802845982
0.294100000000000	2.32118744886839	0.357963420627276
0.294200000000000	2.32127777718519	0.357408486515195
0.294300000000000	2.32136699466111	0.356854002808217
0.294400000000000	2.32145510437346	0.356299971788525
0.294500000000000	2.32154210940101	0.355746395722052
0.294600000000000	2.32162801282392	0.355193276858520
0.294700000000000	2.32171281772366	0.354640617431469
0.294800000000000	2.32179652718293	0.354088419658310
0.294900000000000	2.32187914428558	0.353536685740352
0.295000000000000	2.32196067211653	0.352985417862851
0.295100000000000	2.32204111376171	0.352434618195042
0.295200000000000	2.32212047230799	0.351884288890190
0.295300000000000	2.32219875084307	0.351334432085615
0.295400000000000	2.32227595245544	0.350785049902748
0.295500000000000	2.32235208023429	0.350236144447163
0.295600000000000	2.32242713726947	0.349687717808622
0.295700000000000	2.32250112665134	0.349139772061114
0.295800000000000	2.32257405147078	0.348592309262898
0.295900000000000	2.32264591481909	0.348045331456548
0.296000000000000	2.32271671978789	0.347498840668987
0.296100000000000	2.32278646946908	0.346952838911538
0.296200000000000	2.32285516695479	0.346407328179968
0.296300000000000	2.32292281533725	0.345862310454519
0.296400000000000	2.32298941770877	0.345317787699964
0.296500000000000	2.32305497716164	0.344773761865641
0.296600000000000	2.32311949678810	0.344230234885506
0.296700000000000	2.32318297968023	0.343687208678169
0.296800000000000	2.32324542892991	0.343144685146941
0.296900000000000	2.32330684762874	0.342602666179879
0.297000000000000	2.32336723886798	0.342061153649827
0.297100000000000	2.32342660573847	0.341520149414466
0.297200000000000	2.32348495133059	0.340979655316358
0.297300000000000	2.32354227873417	0.340439673182984
0.297400000000000	2.32359859103845	0.339900204826797
0.297500000000000	2.32365389133199	0.339361252045268
0.297600000000000	2.32370818270260	0.338822816620926
0.297700000000000	2.32376146823734	0.338284900321405
0.297800000000000	2.32381375102236	0.337747504899495
0.297900000000000	2.32386503414292	0.337210632093182
0.298000000000000	2.32391532068328	0.336674283625696
0.298100000000000	2.32396461372668	0.336138461205563
0.298200000000000	2.32401291635522	0.335603166526644
0.298300000000000	2.32406023164986	0.335068401268186
0.298400000000000	2.32410656269032	0.334534167094867
0.298500000000000	2.32415191255504	0.334000465656845
0.298600000000000	2.32419628432110	0.333467298589803
0.298700000000000	2.32423968106419	0.332934667515000
0.298800000000000	2.32428210585853	0.332402574039315
0.298900000000000	2.32432356177683	0.331871019755298
0.299000000000000	2.32436405189020	0.331340006241212
0.299100000000000	2.32440357926813	0.330809535061090
0.299200000000000	2.32444214697841	0.330279607764772
0.299300000000000	2.32447975808710	0.329750225887966
0.299400000000000	2.32451641565842	0.329221390952284
0.299500000000000	2.32455212275477	0.328693104465300
0.299600000000000	2.32458688243660	0.328165367920591
0.299700000000000	2.32462069776242	0.327638182797793
0.299800000000000	2.32465357178871	0.327111550562644
0.299900000000000	2.32468550756985	0.326585472667036
0.300000000000000	2.32471650815812	0.326059950549062
0.300100000000000	2.32474657660362	0.325534985633068
0.300200000000000	2.32477571595418	0.325010579329700
0.300300000000000	2.32480392925539	0.324486733035951
0.300400000000000	2.32483121955047	0.323963448135217
0.300500000000000	2.32485758988026	0.323440725997340
0.300600000000000	2.32488304328317	0.322918567978664
0.300700000000000	2.32490758279511	0.322396975422074
0.300800000000000	2.32493121144946	0.321875949657061
0.300900000000000	2.32495393227700	0.321355491999757
0.301000000000000	2.32497574830590	0.320835603752994
0.301100000000000	2.32499666256162	0.320316286206354
0.301200000000000	2.32501667806689	0.319797540636209
0.301300000000000	2.32503579784167	0.319279368305785
0.301400000000000	2.32505402490308	0.318761770465205
0.301500000000000	2.32507136226539	0.318244748351536
0.301600000000000	2.32508781293992	0.317728303188848
0.301700000000000	2.32510337993505	0.317212436188257
0.301800000000000	2.32511806625613	0.316697148547977
0.301900000000000	2.32513187490546	0.316182441453373
0.302000000000000	2.32514480888224	0.315668316077009
0.302100000000000	2.32515687118252	0.315154773578700
0.302200000000000	2.32516806479917	0.314641815105563
0.302300000000000	2.32517839272182	0.314129441792062
0.302400000000000	2.32518785793682	0.313617654760069
0.302500000000000	2.32519646342723	0.313106455118906
0.302600000000000	2.32520421217271	0.312595843965400
0.302700000000000	2.32521110714955	0.312085822383928
0.302800000000000	2.32521715133057	0.311576391446479
0.302900000000000	2.32522234768513	0.311067552212693
0.303000000000000	2.32522669917905	0.310559305729918
0.303100000000000	2.32523020877460	0.310051653033261
0.303200000000000	2.32523287943042	0.309544595145635
0.303300000000000	2.32523471410153	0.309038133077816
0.303400000000000	2.32523571573925	0.308532267828486
0.303500000000000	2.32523588729120	0.308027000384291
0.303600000000000	2.32523523170121	0.307522331719889
0.303700000000000	2.32523375190935	0.307018262798000
0.303800000000000	2.32523145085181	0.306514794569459
0.303900000000000	2.32522833146094	0.306011927973264
0.304000000000000	2.32522439666518	0.305509663936631
0.304100000000000	2.32521964938900	0.305008003375041
0.304200000000000	2.32521409255292	0.304506947192293
0.304300000000000	2.32520772907342	0.304006496280555
0.304400000000000	2.32520056186294	0.303506651520417
0.304500000000000	2.32519259382982	0.303007413780932
0.304600000000000	2.32518382787830	0.302508783919682
0.304700000000000	2.32517426690845	0.302010762782816
0.304800000000000	2.32516391381615	0.301513351205110
0.304900000000000	2.32515277149305	0.301016550010010
0.305000000000000	2.32514084282658	0.300520360009687
0.305100000000000	2.32512813069984	0.300024782005090
0.305200000000000	2.32511463799164	0.299529816785992
0.305300000000000	2.32510036757641	0.299035465131044
0.305400000000000	2.32508532232423	0.298541727807822
0.305500000000000	2.32506950510073	0.298048605572882
0.305600000000000	2.32505291876711	0.297556099171810
0.305700000000000	2.32503556618012	0.297064209339270
0.305800000000000	2.32501745019195	0.296572936799055
0.305900000000000	2.32499857365030	0.296082282264139
0.306000000000000	2.32497893939828	0.295592246436729
0.306100000000000	2.32495855027442	0.295102830008312
0.306200000000000	2.32493740911262	0.294614033659707
0.306300000000000	2.32491551874212	0.294125858061114
0.306400000000000	2.32489288198749	0.293638303872167
0.306500000000000	2.32486950166860	0.293151371741982
0.306600000000000	2.32484538060057	0.292665062309208
0.306700000000000	2.32482052159376	0.292179376202079
0.306800000000000	2.32479492745376	0.291694314038460
0.306900000000000	2.32476860098133	0.291209876425900
0.307000000000000	2.32474154497238	0.290726063961681
0.307100000000000	2.32471376221798	0.290242877232869
0.307200000000000	2.32468525550428	0.289760316816363
0.307300000000000	2.32465602761253	0.289278383278943
0.307400000000000	2.32462608131904	0.288797077177325
0.307500000000000	2.32459541939514	0.288316399058205
0.307600000000000	2.32456404460719	0.287836349458313
0.307700000000000	2.32453195971651	0.287356928904457
0.307800000000000	2.32449916747941	0.286878137913580
0.307900000000000	2.32446567064713	0.286399976992805
0.308000000000000	2.32443147196581	0.285922446639480
0.308100000000000	2.32439657417651	0.285445547341238
0.308200000000000	2.32436098001515	0.284969279576039
0.308300000000000	2.32432469221249	0.284493643812216
0.308400000000000	2.32428771349415	0.284018640508535
0.308500000000000	2.32425004658052	0.283544270114233
0.308600000000000	2.32421169418679	0.283070533069071
0.308700000000000	2.32417265902294	0.282597429803388
0.308800000000000	2.32413294379366	0.282124960738137
0.308900000000000	2.32409255119838	0.281653126284949
0.309000000000000	2.32405148393124	0.281181926846170
0.309100000000000	2.32400974468107	0.280711362814915
0.309200000000000	2.32396733613135	0.280241434575114
0.309300000000000	2.32392426096022	0.279772142501560
0.309400000000000	2.32388052184044	0.279303486959961
0.309500000000000	2.32383612143940	0.278835468306983
0.309600000000000	2.32379106241906	0.278368086890303
0.309700000000000	2.32374534743598	0.277901343048653
0.309800000000000	2.32369897914126	0.277435237111868
0.309900000000000	2.32365196018055	0.276969769400937
0.310000000000000	2.32360429319401	0.276504940228049
0.310100000000000	2.32355598081632	0.276040749896637
0.310200000000000	2.32350702567666	0.275577198701432
0.310300000000000	2.32345743039866	0.275114286928504
0.310400000000000	2.32340719760043	0.274652014855317
0.310500000000000	2.32335632989451	0.274190382750765
0.310600000000000	2.32330482988789	0.273729390875230
0.310700000000000	2.32325270018195	0.273269039480622
0.310800000000000	2.32319994337247	0.272809328810429
0.310900000000000	2.32314656204963	0.272350259099763
0.311000000000000	2.32309255879797	0.271891830575406
0.311100000000000	2.32303793619640	0.271434043455859
0.311200000000000	2.32298269681814	0.270976897951382
0.311300000000000	2.32292684323077	0.270520394264048
0.311400000000000	2.32287037799618	0.270064532587785
0.311500000000000	2.32281330367056	0.269609313108423
0.311600000000000	2.32275562280438	0.269154736003743
0.311700000000000	2.32269733794241	0.268700801443513
0.311800000000000	2.32263845162366	0.268247509589544
0.311900000000000	2.32257896638142	0.267794860595735
0.312000000000000	2.32251888474321	0.267342854608112
0.312100000000000	2.32245820923077	0.266891491764876
0.312200000000000	2.32239694236009	0.266440772196454
0.312300000000000	2.32233508664133	0.265990696025534
0.312400000000000	2.32227264457889	0.265541263367120
0.312500000000000	2.32220961867132	0.265092474328569
0.312600000000000	2.32214601141137	0.264644329009641
0.312700000000000	2.32208182528595	0.264196827502542
0.312800000000000	2.32201706277613	0.263749969891967
0.312900000000000	2.32195172635714	0.263303756255147
0.313000000000000	2.32188581849832	0.262858186661893
0.313100000000000	2.32181934166317	0.262413261174636
0.313200000000000	2.32175229830929	0.261968979848477
0.313300000000000	2.32168469088841	0.261525342731229
0.313400000000000	2.32161652184635	0.261082349863458
0.313500000000000	2.32154779362303	0.260640001278531
0.313600000000000	2.32147850865247	0.260198297002656
0.313700000000000	2.32140866936276	0.259757237054927
0.313800000000000	2.32133827817606	0.259316821447369
0.313900000000000	2.32126733750860	0.258877050184975
0.314000000000000	2.32119584977066	0.258437923265758
0.314100000000000	2.32112381736660	0.257999440680788
0.314200000000000	2.32105124269479	0.257561602414235
0.314300000000000	2.32097812814766	0.257124408443414
0.314400000000000	2.32090447611167	0.256687858738825
0.314500000000000	2.32083028896729	0.256251953264199
0.314600000000000	2.32075556908904	0.255816691976537
0.314700000000000	2.32068031884544	0.255382074826152
0.314800000000000	2.32060454059901	0.254948101756714
0.314900000000000	2.32052823670628	0.254514772705289
0.315000000000000	2.32045140951780	0.254082087602381
0.315100000000000	2.32037406137808	0.253650046371978
0.315200000000000	2.32029619462565	0.253218648931586
0.315300000000000	2.32021781159301	0.252787895192277
0.315400000000000	2.32013891460664	0.252357785058725
0.315500000000000	2.32005950598700	0.251928318429252
0.315600000000000	2.31997958804854	0.251499495195865
0.315700000000000	2.31989916309966	0.251071315244298
0.315800000000000	2.31981823344273	0.250643778454056
0.315900000000000	2.31973680137408	0.250216884698449
0.316000000000000	2.31965486918401	0.249790633844636
0.316100000000000	2.31957243915677	0.249365025753670
0.316200000000000	2.31948951357057	0.248940060280527
0.316300000000000	2.31940609469756	0.248515737274156
0.316400000000000	2.31932218480385	0.248092056577513
0.316500000000000	2.31923778614951	0.247669018027607
0.316600000000000	2.31915290098852	0.247246621455530
0.316700000000000	2.31906753156882	0.246824866686505
0.316800000000000	2.31898168013232	0.246403753539924
0.316900000000000	2.31889534891481	0.245983281829379
0.317000000000000	2.31880854014608	0.245563451362715
0.317100000000000	2.31872125604981	0.245144261942055
0.317200000000000	2.31863349884365	0.244725713363849
0.317300000000000	2.31854527073917	0.244307805418907
0.317400000000000	2.31845657394187	0.243890537892439
0.317500000000000	2.31836741065120	0.243473910564093
0.317600000000000	2.31827778306053	0.243057923207993
0.317700000000000	2.31818769335716	0.242642575592782
0.317800000000000	2.31809714372235	0.242227867481648
0.317900000000000	2.31800613633127	0.241813798632376
0.318000000000000	2.31791467335302	0.241400368797375
0.318100000000000	2.31782275695065	0.240987577723720
0.318200000000000	2.31773038928115	0.240575425153190
0.318300000000000	2.31763757249543	0.240163910822301
0.318400000000000	2.31754430873833	0.239753034462349
0.318500000000000	2.31745060014865	0.239342795799442
0.318600000000000	2.31735644885912	0.238933194554539
0.318700000000000	2.31726185699640	0.238524230443486
0.318800000000000	2.31716682668111	0.238115903177053
0.318900000000000	2.31707136002779	0.237708212460969
0.319000000000000	2.31697545914496	0.237301157995961
0.319100000000000	2.31687912613504	0.236894739477786
0.319200000000000	2.31678236309443	0.236488956597272
0.319300000000000	2.31668517211348	0.236083809040347
0.319400000000000	2.31658755527648	0.235679296488082
0.319500000000000	2.31648951466169	0.235275418616722
0.319600000000000	2.31639105234132	0.234872175097722
0.319700000000000	2.31629217038154	0.234469565597783
0.319800000000000	2.31619287084248	0.234067589778885
0.319900000000000	2.31609315577825	0.233666247298327
0.320000000000000	2.31599302723692	0.233265537808755
0.320100000000000	2.31589248726053	0.232865460958202
0.320200000000000	2.31579153788510	0.232466016390119
0.320300000000000	2.31569018114064	0.232067203743413
0.320400000000000	2.31558841905113	0.231669022652476
0.320500000000000	2.31548625363453	0.231271472747225
0.320600000000000	2.31538368690282	0.230874553653132
0.320700000000000	2.31528072086195	0.230478264991258
0.320800000000000	2.31517735751186	0.230082606378287
0.320900000000000	2.31507359884653	0.229687577426563
0.321000000000000	2.31496944685392	0.229293177744116
0.321100000000000	2.31486490351600	0.228899406934703
0.321200000000000	2.31475997080877	0.228506264597837
0.321300000000000	2.31465465070224	0.228113750328818
0.321400000000000	2.31454894516046	0.227721863718772
0.321500000000000	2.31444285614150	0.227330604354676
0.321600000000000	2.31433638559746	0.226939971819399
0.321700000000000	2.31422953547449	0.226549965691725
0.321800000000000	2.31412230771279	0.226160585546393
0.321900000000000	2.31401470424660	0.225771830954127
0.322000000000000	2.31390672700421	0.225383701481664
0.322100000000000	2.31379837790801	0.224996196691790
0.322200000000000	2.31368965887441	0.224609316143372
0.322300000000000	2.31358057181393	0.224223059391388
0.322400000000000	2.31347111863115	0.223837425986956
0.322500000000000	2.31336130122473	0.223452415477369
0.322600000000000	2.31325112148744	0.223068027406125
0.322700000000000	2.31314058130615	0.222684261312959
0.322800000000000	2.31302968256180	0.222301116733869
0.322900000000000	2.31291842712948	0.221918593201155
0.323000000000000	2.31280681687837	0.221536690243440
0.323100000000000	2.31269485367178	0.221155407385708
0.323200000000000	2.31258253936717	0.220774744149332
0.323300000000000	2.31246987581609	0.220394700052102
0.323400000000000	2.31235686486429	0.220015274608255
0.323500000000000	2.31224350835162	0.219636467328512
0.323600000000000	2.31212980811212	0.219258277720096
0.323700000000000	2.31201576597397	0.218880705286771
0.323800000000000	2.31190138375954	0.218503749528867
0.323900000000000	2.31178666328538	0.218127409943312
0.324000000000000	2.31167160636220	0.217751686023657
0.324100000000000	2.31155621479493	0.217376577260110
0.324200000000000	2.31144049038269	0.217002083139562
0.324300000000000	2.31132443491881	0.216628203145615
0.324400000000000	2.31120805019083	0.216254936758613
0.324500000000000	2.31109133798052	0.215882283455668
0.324600000000000	2.31097430006388	0.215510242710692
0.324700000000000	2.31085693821115	0.215138813994422
0.324800000000000	2.31073925418681	0.214767996774447
0.324900000000000	2.31062124974960	0.214397790515240
0.325000000000000	2.31050292665253	0.214028194678184
0.325100000000000	2.31038428664287	0.213659208721599
0.325200000000000	2.31026533146218	0.213290832100769
0.325300000000000	2.31014606284630	0.212923064267969
0.325400000000000	2.31002648252537	0.212555904672498
0.325500000000000	2.30990659222383	0.212189352760697
0.325600000000000	2.30978639366044	0.211823407975984
0.325700000000000	2.30966588854829	0.211458069758877
0.325800000000000	2.30954507859477	0.211093337547018
0.325900000000000	2.30942396550165	0.210729210775207
0.326000000000000	2.30930255096502	0.210365688875423
0.326100000000000	2.30918083667533	0.210002771276852
0.326200000000000	2.30905882431741	0.209640457405911
0.326300000000000	2.30893651557045	0.209278746686278
0.326400000000000	2.30881391210803	0.208917638538915
0.326500000000000	2.30869101559814	0.208557132382095
0.326600000000000	2.30856782770314	0.208197227631428
0.326700000000000	2.30844435007982	0.207837923699886
0.326800000000000	2.30832058437939	0.207479219997825
0.326900000000000	2.30819653224750	0.207121115933018
0.327000000000000	2.30807219532422	0.206763610910675
0.327100000000000	2.30794757524408	0.206406704333466
0.327200000000000	2.30782267363607	0.206050395601552
0.327300000000000	2.30769749212365	0.205694684112604
0.327400000000000	2.30757203232475	0.205339569261832
0.327500000000000	2.30744629585179	0.204985050442009
0.327600000000000	2.30732028431170	0.204631127043489
0.327700000000000	2.30719399930591	0.204277798454242
0.327800000000000	2.30706744243035	0.203925064059868
0.327900000000000	2.30694061527550	0.203572923243629
0.328000000000000	2.30681351942638	0.203221375386467
0.328100000000000	2.30668615646253	0.202870419867031
0.328200000000000	2.30655852795808	0.202520056061701
0.328300000000000	2.30643063548170	0.202170283344609
0.328400000000000	2.30630248059665	0.201821101087662
0.328500000000000	2.30617406486079	0.201472508660570
0.328600000000000	2.30604538982655	0.201124505430864
0.328700000000000	2.30591645704099	0.200777090763924
0.328800000000000	2.30578726804578	0.200430264022995
0.328900000000000	2.30565782437723	0.200084024569217
0.329000000000000	2.30552812756628	0.199738371761641
0.329100000000000	2.30539817913851	0.199393304957258
0.329200000000000	2.30526798061417	0.199048823511019
0.329300000000000	2.30513753350820	0.198704926775852
0.329400000000000	2.30500683933019	0.198361614102695
0.329500000000000	2.30487589958444	0.198018884840506
0.329600000000000	2.30474471576995	0.197676738336294
0.329700000000000	2.30461328938044	0.197335173935137
0.329800000000000	2.30448162190434	0.196994190980204
0.329900000000000	2.30434971482482	0.196653788812777
0.330000000000000	2.30421756961980	0.196313966772271
0.330100000000000	2.30408518776196	0.195974724196259
0.330200000000000	2.30395257071874	0.195636060420488
0.330300000000000	2.30381971995237	0.195297974778905
0.330400000000000	2.30368663691985	0.194960466603675
0.330500000000000	2.30355332307300	0.194623535225201
0.330600000000000	2.30341977985844	0.194287179972150
0.330700000000000	2.30328600871762	0.193951400171466
0.330800000000000	2.30315201108682	0.193616195148399
0.330900000000000	2.30301778839717	0.193281564226516
0.331000000000000	2.30288334207465	0.192947506727730
0.331100000000000	2.30274867354010	0.192614021972314
0.331200000000000	2.30261378420926	0.192281109278924
0.331300000000000	2.30247867549274	0.191948767964620
0.331400000000000	2.30234334879605	0.191616997344881
0.331500000000000	2.30220780551964	0.191285796733631
0.331600000000000	2.30207204705886	0.190955165443253
0.331700000000000	2.30193607480399	0.190625102784612
0.331800000000000	2.30179989014026	0.190295608067074
0.331900000000000	2.30166349444788	0.189966680598523
0.332000000000000	2.30152688910201	0.189638319685381
0.332100000000000	2.30139007547278	0.189310524632631
0.332200000000000	2.30125305492533	0.188983294743830
0.332300000000000	2.30111582881981	0.188656629321130
0.332400000000000	2.30097839851136	0.188330527665300
0.332500000000000	2.30084076535016	0.188004989075738
0.332600000000000	2.30070293068143	0.187680012850496
0.332700000000000	2.30056489584544	0.187355598286295
0.332800000000000	2.30042666217752	0.187031744678543
0.332900000000000	2.30028823100806	0.186708451321355
0.333000000000000	2.30014960366257	0.186385717507569
0.333100000000000	2.30001078146160	0.186063542528766
0.333200000000000	2.29987176572087	0.185741925675286
0.333300000000000	2.29973255775117	0.185420866236247
0.333400000000000	2.29959315885845	0.185100363499564
0.333500000000000	2.29945357034378	0.184780416751960
0.333600000000000	2.29931379350341	0.184461025278994
0.333700000000000	2.29917382962875	0.184142188365067
0.333800000000000	2.29903368000637	0.183823905293449
0.333900000000000	2.29889334591805	0.183506175346290
0.334000000000000	2.29875282864075	0.183188997804637
0.334100000000000	2.29861212944667	0.182872371948456
0.334200000000000	2.29847124960323	0.182556297056643
0.334300000000000	2.29833019037306	0.182240772407045
0.334400000000000	2.29818895301407	0.181925797276473
0.334500000000000	2.29804753877941	0.181611370940720
0.334600000000000	2.29790594891753	0.181297492674580
0.334700000000000	2.29776418467213	0.180984161751861
0.334800000000000	2.29762224728223	0.180671377445399
0.334900000000000	2.29748013798216	0.180359139027082
0.335000000000000	2.29733785800154	0.180047445767859
0.335100000000000	2.29719540856535	0.179736296937756
0.335200000000000	2.29705279089392	0.179425691805896
0.335300000000000	2.29691000620292	0.179115629640514
0.335400000000000	2.29676705570338	0.178806109708969
0.335500000000000	2.29662394060173	0.178497131277760
0.335600000000000	2.29648066209977	0.178188693612547
0.335700000000000	2.29633722139474	0.177880795978160
0.335800000000000	2.29619361967926	0.177573437638616
0.335900000000000	2.29604985814138	0.177266617857136
0.336000000000000	2.29590593796461	0.176960335896159
0.336100000000000	2.29576186032791	0.176654591017354
0.336200000000000	2.29561762640568	0.176349382481640
0.336300000000000	2.29547323736781	0.176044709549197
0.336400000000000	2.29532869437968	0.175740571479482
0.336500000000000	2.29518399860218	0.175436967531244
0.336600000000000	2.29503915119168	0.175133896962535
0.336700000000000	2.29489415330010	0.174831359030731
0.336800000000000	2.29474900607489	0.174529352992538
0.336900000000000	2.29460371065905	0.174227878104016
0.337000000000000	2.29445826819112	0.173926933620583
0.337100000000000	2.29431267980524	0.173626518797035
0.337200000000000	2.29416694663112	0.173326632887559
0.337300000000000	2.29402106979406	0.173027275145745
0.337400000000000	2.29387505041497	0.172728444824604
0.337500000000000	2.29372888961038	0.172430141176575
0.337600000000000	2.29358258849247	0.172132363453545
0.337700000000000	2.29343614816904	0.171835110906856
0.337800000000000	2.29328956974355	0.171538382787328
0.337900000000000	2.29314285431513	0.171242178345260
0.338000000000000	2.29299600297860	0.170946496830454
0.338100000000000	2.29284901682446	0.170651337492220
0.338200000000000	2.29270189693890	0.170356699579396
0.338300000000000	2.29255464440386	0.170062582340355
0.338400000000000	2.29240726029698	0.169768985023021
0.338500000000000	2.29225974569165	0.169475906874882
0.338600000000000	2.29211210165701	0.169183347143000
0.338700000000000	2.29196432925797	0.168891305074027
0.338800000000000	2.29181642955520	0.168599779914215
0.338900000000000	2.29166840360517	0.168308770909429
0.339000000000000	2.29152025246014	0.168018277305160
0.339100000000000	2.29137197716819	0.167728298346538
0.339200000000000	2.29122357877323	0.167438833278340
0.339300000000000	2.29107505831498	0.167149881345008
0.339400000000000	2.29092641682904	0.166861441790657
0.339500000000000	2.29077765534684	0.166573513859087
0.339600000000000	2.29062877489569	0.166286096793797
0.339700000000000	2.29047977649880	0.165999189837995
0.339800000000000	2.29033066117525	0.165712792234610
0.339900000000000	2.29018142994004	0.165426903226306
0.340000000000000	2.29003208380409	0.165141522055488
0.340100000000000	2.28988262377425	0.164856647964319
0.340200000000000	2.28973305085330	0.164572280194729
0.340300000000000	2.28958336603999	0.164288417988424
0.340400000000000	2.28943357032903	0.164005060586903
0.340500000000000	2.28928366471111	0.163722207231464
0.340600000000000	2.28913365017290	0.163439857163217
0.340700000000000	2.28898352769710	0.163158009623094
0.340800000000000	2.28883329826238	0.162876663851861
0.340900000000000	2.28868296284347	0.162595819090129
0.341000000000000	2.28853252241113	0.162315474578364
0.341100000000000	2.28838197793216	0.162035629556896
0.341200000000000	2.28823133036943	0.161756283265935
0.341300000000000	2.28808058068188	0.161477434945573
0.341400000000000	2.28792972982453	0.161199083835804
0.341500000000000	2.28777877874850	0.160921229176527
0.341600000000000	2.28762772840101	0.160643870207559
0.341700000000000	2.28747657972543	0.160367006168646
0.341800000000000	2.28732533366121	0.160090636299471
0.341900000000000	2.28717399114399	0.159814759839668
0.342000000000000	2.28702255310554	0.159539376028825
0.342100000000000	2.28687102047381	0.159264484106502
0.342200000000000	2.28671939417290	0.158990083312235
0.342300000000000	2.28656767512315	0.158716172885550
0.342400000000000	2.28641586424105	0.158442752065968
0.342500000000000	2.28626396243933	0.158169820093017
0.342600000000000	2.28611197062694	0.157897376206245
0.342700000000000	2.28595988970907	0.157625419645222
0.342800000000000	2.28580772058715	0.157353949649557
0.342900000000000	2.28565546415888	0.157082965458903
0.343000000000000	2.28550312131821	0.156812466312965
0.343100000000000	2.28535069295539	0.156542451451515
0.343200000000000	2.28519817995697	0.156272920114394
0.343300000000000	2.28504558320579	0.156003871541528
0.343400000000000	2.28489290358102	0.155735304972932
0.343500000000000	2.28474014195814	0.155467219648720
0.343600000000000	2.28458729920899	0.155199614809116
0.343700000000000	2.28443437620175	0.154932489694460
0.343800000000000	2.28428137380097	0.154665843545217
0.343900000000000	2.28412829286756	0.154399675601990
0.344000000000000	2.28397513425884	0.154133985105523
0.344100000000000	2.28382189882851	0.153868771296711
0.344200000000000	2.28366858742668	0.153604033416611
0.344300000000000	2.28351520089988	0.153339770706449
0.344400000000000	2.28336174009108	0.153075982407625
0.344500000000000	2.28320820583968	0.152812667761728
0.344600000000000	2.28305459898154	0.152549826010538
0.344700000000000	2.28290092034899	0.152287456396039
0.344800000000000	2.28274717077082	0.152025558160421
0.344900000000000	2.28259335107233	0.151764130546096
0.345000000000000	2.28243946207531	0.151503172795699
0.345100000000000	2.28228550459805	0.151242684152100
0.345200000000000	2.28213147945537	0.150982663858410
0.345300000000000	2.28197738745863	0.150723111157988
0.345400000000000	2.28182322941572	0.150464025294453
0.345500000000000	2.28166900613108	0.150205405511685
0.345600000000000	2.28151471840575	0.149947251053839
0.345700000000000	2.28136036703731	0.149689561165349
0.345800000000000	2.28120595281995	0.149432335090936
0.345900000000000	2.28105147654444	0.149175572075615
0.346000000000000	2.28089693899818	0.148919271364704
0.346100000000000	2.28074234096518	0.148663432203830
0.346200000000000	2.28058768322609	0.148408053838937
0.346300000000000	2.28043296655820	0.148153135516292
0.346400000000000	2.28027819173544	0.147898676482494
0.346500000000000	2.28012335952844	0.147644675984476
0.346600000000000	2.27996847070446	0.147391133269522
0.346700000000000	2.27981352602749	0.147138047585263
0.346800000000000	2.27965852625821	0.146885418179692
0.346900000000000	2.27950347215397	0.146633244301166
0.347000000000000	2.27934836446889	0.146381525198412
0.347100000000000	2.27919320395380	0.146130260120541
0.347200000000000	2.27903799135627	0.145879448317047
0.347300000000000	2.27888272742062	0.145629089037815
0.347400000000000	2.27872741288794	0.145379181533133
0.347500000000000	2.27857204849608	0.145129725053690
0.347600000000000	2.27841663497971	0.144880718850589
0.347700000000000	2.27826117307025	0.144632162175353
0.347800000000000	2.27810566349596	0.144384054279927
0.347900000000000	2.27795010698189	0.144136394416686
0.348000000000000	2.27779450424994	0.143889181838446
0.348100000000000	2.27763885601885	0.143642415798463
0.348200000000000	2.27748316300418	0.143396095550444
0.348300000000000	2.27732742591837	0.143150220348551
0.348400000000000	2.27717164547074	0.142904789447407
0.348500000000000	2.27701582236747	0.142659802102104
0.348600000000000	2.27685995731163	0.142415257568206
0.348700000000000	2.27670405100321	0.142171155101757
0.348800000000000	2.27654810413910	0.141927493959287
0.348900000000000	2.27639211741311	0.141684273397814
0.349000000000000	2.27623609151599	0.141441492674856
0.349100000000000	2.27608002713543	0.141199151048432
0.349200000000000	2.27592392495608	0.140957247777068
0.349300000000000	2.27576778565953	0.140715782119804
0.349400000000000	2.27561160992438	0.140474753336199
0.349500000000000	2.27545539842619	0.140234160686337
0.349600000000000	2.27529915183752	0.139994003430832
0.349700000000000	2.27514287082794	0.139754280830833
0.349800000000000	2.27498655606403	0.139514992148027
0.349900000000000	2.27483020820940	0.139276136644653
0.350000000000000	2.27467382792470	0.139037713583493
0.350100000000000	2.27451741586761	0.138799722227893
0.350200000000000	2.27436097269288	0.138562161841755
0.350300000000000	2.27420449905233	0.138325031689550
0.350400000000000	2.27404799559485	0.138088331036321
0.350500000000000	2.27389146296641	0.137852059147685
0.350600000000000	2.27373490181009	0.137616215289843
0.350700000000000	2.27357831276606	0.137380798729581
0.350800000000000	2.27342169647164	0.137145808734277
0.350900000000000	2.27326505356124	0.136911244571905
0.351000000000000	2.27310838466642	0.136677105511039
0.351100000000000	2.27295169041590	0.136443390820860
0.351200000000000	2.27279497143553	0.136210099771157
0.351300000000000	2.27263822834837	0.135977231632337
0.351400000000000	2.27248146177460	0.135744785675423
0.351500000000000	2.27232467233164	0.135512761172066
0.351600000000000	2.27216786063406	0.135281157394541
0.351700000000000	2.27201102729368	0.135049973615761
0.351800000000000	2.27185417291951	0.134819209109272
0.351900000000000	2.27169729811779	0.134588863149264
0.352000000000000	2.27154040349199	0.134358935010572
0.352100000000000	2.27138348964285	0.134129423968684
0.352200000000000	2.27122655716833	0.133900329299739
0.352300000000000	2.27106960666368	0.133671650280538
0.352400000000000	2.27091263872142	0.133443386188543
0.352500000000000	2.27075565393134	0.133215536301885
0.352600000000000	2.27059865288055	0.132988099899365
0.352700000000000	2.27044163615345	0.132761076260459
0.352800000000000	2.27028460433173	0.132534464665324
0.352900000000000	2.27012755799445	0.132308264394798
0.353000000000000	2.26997049771796	0.132082474730408
0.353100000000000	2.26981342407597	0.131857094954372
0.353200000000000	2.26965633763955	0.131632124349603
0.353300000000000	2.26949923897710	0.131407562199711
0.353400000000000	2.26934212865443	0.131183407789012
0.353500000000000	2.26918500723470	0.130959660402524
0.353600000000000	2.26902787527846	0.130736319325978
0.353700000000000	2.26887073334367	0.130513383845819
0.353800000000000	2.26871358198570	0.130290853249206
0.353900000000000	2.26855642175733	0.130068726824023
0.354000000000000	2.26839925320875	0.129847003858874
0.354100000000000	2.26824207688762	0.129625683643095
0.354200000000000	2.26808489333902	0.129404765466752
0.354300000000000	2.26792770310548	0.129184248620643
0.354400000000000	2.26777050672701	0.128964132396308
0.354500000000000	2.26761330474109	0.128744416086027
0.354600000000000	2.26745609768267	0.128525098982824
0.354700000000000	2.26729888608419	0.128306180380472
0.354800000000000	2.26714167047561	0.128087659573497
0.354900000000000	2.26698445138438	0.127869535857176
0.355000000000000	2.26682722933546	0.127651808527546
0.355100000000000	2.26667000485136	0.127434476881406
0.355200000000000	2.26651277845212	0.127217540216317
0.355300000000000	2.26635555065531	0.127000997830607
0.355400000000000	2.26619832197606	0.126784849023377
0.355500000000000	2.26604109292707	0.126569093094497
0.355600000000000	2.26588386401861	0.126353729344617
0.355700000000000	2.26572663575853	0.126138757075163
0.355800000000000	2.26556940865225	0.125924175588345
0.355900000000000	2.26541218320282	0.125709984187158
0.356000000000000	2.26525495991088	0.125496182175383
0.356100000000000	2.26509773927468	0.125282768857593
0.356200000000000	2.26494052179010	0.125069743539153
0.356300000000000	2.26478330795066	0.124857105526226
0.356400000000000	2.26462609824752	0.124644854125772
0.356500000000000	2.26446889316948	0.124432988645553
0.356600000000000	2.26431169320301	0.124221508394134
0.356700000000000	2.26415449883223	0.124010412680889
0.356800000000000	2.26399731053898	0.123799700816000
0.356900000000000	2.26384012880272	0.123589372110461
0.357000000000000	2.26368295410067	0.123379425876079
0.357100000000000	2.26352578690770	0.123169861425479
0.357200000000000	2.26336862769642	0.122960678072106
0.357300000000000	2.26321147693716	0.122751875130226
0.357400000000000	2.26305433509795	0.122543451914929
0.357500000000000	2.26289720264459	0.122335407742131
0.357600000000000	2.26274008004061	0.122127741928579
0.357700000000000	2.26258296774728	0.121920453791847
0.357800000000000	2.26242586622365	0.121713542650347
0.357900000000000	2.26226877592654	0.121507007823324
0.358000000000000	2.26211169731054	0.121300848630861
0.358100000000000	2.26195463082802	0.121095064393883
0.358200000000000	2.26179757692915	0.120889654434155
0.358300000000000	2.26164053606193	0.120684618074287
0.358400000000000	2.26148350867212	0.120479954637737
0.358500000000000	2.26132649520333	0.120275663448808
0.358600000000000	2.26116949609701	0.120071743832658
0.358700000000000	2.26101251179242	0.119868195115296
0.358800000000000	2.26085554272667	0.119665016623583
0.358900000000000	2.26069858933472	0.119462207685241
0.359000000000000	2.26054165204941	0.119259767628848
0.359100000000000	2.26038473130143	0.119057695783842
0.359200000000000	2.26022782751934	0.118855991480525
0.359300000000000	2.26007094112959	0.118654654050063
0.359400000000000	2.25991407255655	0.118453682824487
0.359500000000000	2.25975722222244	0.118253077136696
0.359600000000000	2.25960039054744	0.118052836320460
0.359700000000000	2.25944357794959	0.117852959710420
0.359800000000000	2.25928678484491	0.117653446642088
0.359900000000000	2.25913001164731	0.117454296451854
0.360000000000000	2.25897325876866	0.117255508476983
0.360100000000000	2.25881652661878	0.117057082055617
0.360200000000000	2.25865981560543	0.116859016526780
0.360300000000000	2.25850312613435	0.116661311230377
0.360400000000000	2.25834645860923	0.116463965507195
0.360500000000000	2.25818981343177	0.116266978698905
0.360600000000000	2.25803319100162	0.116070350148067
0.360700000000000	2.25787659171645	0.115874079198125
0.360800000000000	2.25772001597192	0.115678165193416
0.360900000000000	2.25756346416170	0.115482607479163
0.361000000000000	2.25740693667749	0.115287405401485
0.361100000000000	2.25725043390900	0.115092558307392
0.361200000000000	2.25709395624398	0.114898065544790
0.361300000000000	2.25693750406820	0.114703926462480
0.361400000000000	2.25678107776551	0.114510140410161
0.361500000000000	2.25662467771779	0.114316706738432
0.361600000000000	2.25646830430500	0.114123624798790
0.361700000000000	2.25631195790515	0.113930893943635
0.361800000000000	2.25615563889434	0.113738513526269
0.361900000000000	2.25599934764676	0.113546482900898
0.362000000000000	2.25584308453467	0.113354801422632
0.362100000000000	2.25568684992845	0.113163468447489
0.362200000000000	2.25553064419658	0.112972483332394
0.362300000000000	2.25537446770566	0.112781845435179
0.362400000000000	2.25521832082040	0.112591554114588
0.362500000000000	2.25506220390363	0.112401608730274
0.362600000000000	2.25490611731635	0.112212008642802
0.362700000000000	2.25475006141768	0.112022753213651
0.362800000000000	2.25459403656488	0.111833841805213
0.362900000000000	2.25443804311339	0.111645273780796
0.363000000000000	2.25428208141681	0.111457048504622
0.363100000000000	2.25412615182690	0.111269165341831
0.363200000000000	2.25397025469360	0.111081623658483
0.363300000000000	2.25381439036505	0.110894422821552
0.363400000000000	2.25365855918757	0.110707562198937
0.363500000000000	2.25350276150569	0.110521041159454
0.363600000000000	2.25334699766213	0.110334859072841
0.363700000000000	2.25319126799786	0.110149015309760
0.363800000000000	2.25303557285202	0.109963509241795
0.363900000000000	2.25287991256203	0.109778340241453
0.364000000000000	2.25272428746350	0.109593507682168
0.364100000000000	2.25256869789031	0.109409010938299
0.364200000000000	2.25241314417459	0.109224849385129
0.364300000000000	2.25225762664670	0.109041022398871
0.364400000000000	2.25210214563530	0.108857529356665
0.364500000000000	2.25194670146728	0.108674369636578
0.364600000000000	2.25179129446783	0.108491542617608
0.364700000000000	2.25163592496043	0.108309047679681
0.364800000000000	2.25148059326682	0.108126884203657
0.364900000000000	2.25132529970707	0.107945051571322
0.365000000000000	2.25117004459954	0.107763549165398
0.365100000000000	2.25101482826088	0.107582376369536
0.365200000000000	2.25085965100608	0.107401532568324
0.365300000000000	2.25070451314846	0.107221017147280
0.365400000000000	2.25054941499964	0.107040829492856
0.365500000000000	2.25039435686961	0.106860968992440
0.365600000000000	2.25023933906668	0.106681435034356
0.365700000000000	2.25008436189752	0.106502227007860
0.365800000000000	2.24992942566714	0.106323344303147
0.365900000000000	2.24977453067894	0.106144786311348
0.366000000000000	2.24961967723467	0.105966552424529
0.366100000000000	2.24946486563446	0.105788642035695
0.366200000000000	2.24931009617683	0.105611054538789
0.366300000000000	2.24915536915867	0.105433789328691
0.366400000000000	2.24900068487528	0.105256845801221
0.366500000000000	2.24884604362036	0.105080223353134
0.366600000000000	2.24869144568602	0.104903921382130
0.366700000000000	2.24853689136277	0.104727939286843
0.366800000000000	2.24838238093956	0.104552276466850
0.366900000000000	2.24822791470375	0.104376932322668
0.367000000000000	2.24807349294115	0.104201906255754
0.367100000000000	2.24791911593599	0.104027197668503
0.367200000000000	2.24776478397095	0.103852805964256
0.367300000000000	2.24761049732718	0.103678730547291
0.367400000000000	2.24745625628428	0.103504970822829
0.367500000000000	2.24730206112029	0.103331526197032
0.367600000000000	2.24714791211176	0.103158396077005
0.367700000000000	2.24699380953368	0.102985579870793
0.367800000000000	2.24683975365954	0.102813076987385
0.367900000000000	2.24668574476133	0.102640886836711
0.368000000000000	2.24653178310952	0.102469008829643
0.368100000000000	2.24637786897308	0.102297442377998
0.368200000000000	2.24622400261948	0.102126186894532
0.368300000000000	2.24607018431474	0.101955241792947
0.368400000000000	2.24591641432334	0.101784606487886
0.368500000000000	2.24576269290835	0.101614280394934
0.368600000000000	2.24560902033132	0.101444262930622
0.368700000000000	2.24545539685235	0.101274553512420
0.368800000000000	2.24530182273010	0.101105151558744
0.368900000000000	2.24514829822177	0.100936056488952
0.369000000000000	2.24499482358310	0.100767267723345
0.369100000000000	2.24484139906841	0.100598784683166
0.369200000000000	2.24468802493057	0.100430606790602
0.369300000000000	2.24453470142104	0.100262733468782
0.369400000000000	2.24438142878984	0.100095164141780
0.369500000000000	2.24422820728559	0.0999278982346104
0.369600000000000	2.24407503715548	0.0997609351732305
0.369700000000000	2.24392191864531	0.0995942743845410
0.369800000000000	2.24376885199949	0.0994279152963851
0.369900000000000	2.24361583746101	0.0992618573375479
0.370000000000000	2.24346287527149	0.0990960999377566
0.370100000000000	2.24330996567116	0.0989306425276811
0.370200000000000	2.24315710889889	0.0987654845389329
0.370300000000000	2.24300430519215	0.0986006254040652
0.370400000000000	2.24285155478707	0.0984360645565729
0.370500000000000	2.24269885791842	0.0982718014308925
0.370600000000000	2.24254621481959	0.0981078354624013
0.370700000000000	2.24239362572266	0.0979441660874181
0.370800000000000	2.24224109085832	0.0977807927432020
0.370900000000000	2.24208861045598	0.0976177148679532
0.371000000000000	2.24193618474366	0.0974549319008116
0.371100000000000	2.24178381394810	0.0972924432818576
0.371200000000000	2.24163149829468	0.0971302484521112
0.371300000000000	2.24147923800750	0.0969683468535321
0.371400000000000	2.24132703330933	0.0968067379290190
0.371500000000000	2.24117488442163	0.0966454211224095
0.371600000000000	2.24102279156458	0.0964843958784801
0.371700000000000	2.24087075495705	0.0963236616429452
0.371800000000000	2.24071877481662	0.0961632178624576
0.371900000000000	2.24056685135960	0.0960030639846077
0.372000000000000	2.24041498480101	0.0958431994579225
0.372100000000000	2.24026317535461	0.0956836237318667
0.372200000000000	2.24011142323288	0.0955243362568412
0.372300000000000	2.23995972864703	0.0953653364841833
0.372400000000000	2.23980809180704	0.0952066238661657
0.372500000000000	2.23965651292161	0.0950481978559969
0.372600000000000	2.23950499219822	0.0948900579078198
0.372700000000000	2.23935352984308	0.0947322034767124
0.372800000000000	2.23920212606118	0.0945746340186868
0.372900000000000	2.23905078105628	0.0944173489906883
0.373000000000000	2.23889949503091	0.0942603478505956
0.373100000000000	2.23874826818637	0.0941036300572207
0.373200000000000	2.23859710072277	0.0939471950703071
0.373300000000000	2.23844599283897	0.0937910423505308
0.373400000000000	2.23829494473266	0.0936351713594987
0.373500000000000	2.23814395660031	0.0934795815597487
0.373600000000000	2.23799302863720	0.0933242724147491
0.373700000000000	2.23784216103741	0.0931692433888980
0.373800000000000	2.23769135399386	0.0930144939475227
0.373900000000000	2.23754060769825	0.0928600235568796
0.374000000000000	2.23738992234114	0.0927058316841530
0.374100000000000	2.23723929811190	0.0925519177974550
0.374200000000000	2.23708873519872	0.0923982813658249
0.374300000000000	2.23693823378867	0.0922449218592286
0.374400000000000	2.23678779406763	0.0920918387485580
0.374500000000000	2.23663741622033	0.0919390315056303
0.374600000000000	2.23648710043037	0.0917864996031877
0.374700000000000	2.23633684688019	0.0916342425148967
0.374800000000000	2.23618665575111	0.0914822597153473
0.374900000000000	2.23603652722331	0.0913305506800525
0.375000000000000	2.23588646147583	0.0911791148854478
0.375100000000000	2.23573645868660	0.0910279518088905
0.375200000000000	2.23558651903244	0.0908770609286592
0.375300000000000	2.23543664268904	0.0907264417239526
0.375400000000000	2.23528682983098	0.0905760936748894
0.375500000000000	2.23513708063175	0.0904260162625079
0.375600000000000	2.23498739526373	0.0902762089687642
0.375700000000000	2.23483777389821	0.0901266712765331
0.375800000000000	2.23468821670539	0.0899774026696061
0.375900000000000	2.23453872385439	0.0898284026326911
0.376000000000000	2.23438929551322	0.0896796706514120
0.376100000000000	2.23423993184885	0.0895312062123078
0.376200000000000	2.23409063302717	0.0893830088028317
0.376300000000000	2.23394139921297	0.0892350779113509
0.376400000000000	2.23379223057003	0.0890874130271454
0.376500000000000	2.23364312726102	0.0889400136404070
0.376600000000000	2.23349408944760	0.0887928792422398
0.376700000000000	2.23334511729035	0.0886460093246581
0.376800000000000	2.23319621094881	0.0884994033805862
0.376900000000000	2.23304737058150	0.0883530609038581
0.377000000000000	2.23289859634588	0.0882069813892155
0.377100000000000	2.23274988839839	0.0880611643323085
0.377200000000000	2.23260124689443	0.0879156092296938
0.377300000000000	2.23245267198840	0.0877703155788343
0.377400000000000	2.23230416383367	0.0876252828780985
0.377500000000000	2.23215572258257	0.0874805106267590
0.377600000000000	2.23200734838647	0.0873359983249926
0.377700000000000	2.23185904139570	0.0871917454738789
0.377800000000000	2.23171080175960	0.0870477515753997
0.377900000000000	2.23156262962650	0.0869040161324380
0.378000000000000	2.23141452514375	0.0867605386487773
0.378100000000000	2.23126648845772	0.0866173186291010
0.378200000000000	2.23111851971376	0.0864743555789915
0.378300000000000	2.23097061905629	0.0863316490049287
0.378400000000000	2.23082278662872	0.0861891984142899
0.378500000000000	2.23067502257348	0.0860470033153486
0.378600000000000	2.23052732703208	0.0859050632172741
0.378700000000000	2.23037970014500	0.0857633776301301
0.378800000000000	2.23023214205183	0.0856219460648738
0.378900000000000	2.23008465289114	0.0854807680333555
0.379000000000000	2.22993723280060	0.0853398430483174
0.379100000000000	2.22978988191691	0.0851991706233928
0.379200000000000	2.22964260037583	0.0850587502731050
0.379300000000000	2.22949538831218	0.0849185815128671
0.379400000000000	2.22934824585984	0.0847786638589800
0.379500000000000	2.22920117315177	0.0846389968286323
0.379600000000000	2.22905417032000	0.0844995799398993
0.379700000000000	2.22890723749563	0.0843604127117421
0.379800000000000	2.22876037480887	0.0842214946640061
0.379900000000000	2.22861358238896	0.0840828253174212
0.380000000000000	2.22846686036429	0.0839444041935993
0.380100000000000	2.22832020886230	0.0838062308150350
0.380200000000000	2.22817362800954	0.0836683047051034
0.380300000000000	2.22802711793167	0.0835306253880605
0.380400000000000	2.22788067875345	0.0833931923890404
0.380500000000000	2.22773431059874	0.0832560052340560
0.380600000000000	2.22758801359053	0.0831190634499973
0.380700000000000	2.22744178785090	0.0829823665646307
0.380800000000000	2.22729563350107	0.0828459141065975
0.380900000000000	2.22714955066139	0.0827097056054140
0.381000000000000	2.22700353945132	0.0825737405914690
0.381100000000000	2.22685759998946	0.0824380185960241
0.381200000000000	2.22671173239355	0.0823025391512128
0.381300000000000	2.22656593678046	0.0821673017900383
0.381400000000000	2.22642021326621	0.0820323060463734
0.381500000000000	2.22627456196596	0.0818975514549593
0.381600000000000	2.22612898299403	0.0817630375514048
0.381700000000000	2.22598347646389	0.0816287638721851
0.381800000000000	2.22583804248816	0.0814947299546408
0.381900000000000	2.22569268117863	0.0813609353369768
0.382000000000000	2.22554739264626	0.0812273795582613
0.382100000000000	2.22540217700117	0.0810940621584252
0.382200000000000	2.22525703435265	0.0809609826782607
0.382300000000000	2.22511196480917	0.0808281406594201
0.382400000000000	2.22496696847839	0.0806955356444152
0.382500000000000	2.22482204546714	0.0805631671766159
0.382600000000000	2.22467719588144	0.0804310348002496
0.382700000000000	2.22453241982650	0.0802991380603997
0.382800000000000	2.22438771740674	0.0801674765030050
0.382900000000000	2.22424308872574	0.0800360496748581
0.383000000000000	2.22409853388632	0.0799048571236046
0.383100000000000	2.22395405299049	0.0797738983977425
0.383200000000000	2.22380964613946	0.0796431730466207
0.383300000000000	2.22366531343367	0.0795126806204378
0.383400000000000	2.22352105497275	0.0793824206702413
0.383500000000000	2.22337687085557	0.0792523927479262
0.383600000000000	2.22323276118021	0.0791225964062349
0.383700000000000	2.22308872604400	0.0789930311987549
0.383800000000000	2.22294476554345	0.0788636966799183
0.383900000000000	2.22280087977436	0.0787345924050010
0.384000000000000	2.22265706883171	0.0786057179301207
0.384100000000000	2.22251333280977	0.0784770728122371
0.384200000000000	2.22236967180201	0.0783486566091497
0.384300000000000	2.22222608590118	0.0782204688794975
0.384400000000000	2.22208257519926	0.0780925091827571
0.384500000000000	2.22193913978748	0.0779647770792423
0.384600000000000	2.22179577975634	0.0778372721301029
0.384700000000000	2.22165249519558	0.0777099938973234
0.384800000000000	2.22150928619423	0.0775829419437218
0.384900000000000	2.22136615284055	0.0774561158329489
0.385000000000000	2.22122309522211	0.0773295151294867
0.385100000000000	2.22108011342571	0.0772031393986476
0.385200000000000	2.22093720753747	0.0770769882065737
0.385300000000000	2.22079437764274	0.0769510611202345
0.385400000000000	2.22065162382619	0.0768253577074270
0.385500000000000	2.22050894617177	0.0766998775367738
0.385600000000000	2.22036634476269	0.0765746201777226
0.385700000000000	2.22022381968148	0.0764495852005444
0.385800000000000	2.22008137100997	0.0763247721763330
0.385900000000000	2.21993899882925	0.0762001806770035
0.386000000000000	2.21979670321976	0.0760758102752907
0.386100000000000	2.21965448426120	0.0759516605447496
0.386200000000000	2.21951234203260	0.0758277310597526
0.386300000000000	2.21937027661231	0.0757040213954888
0.386400000000000	2.21922828807797	0.0755805311279633
0.386500000000000	2.21908637650655	0.0754572598339955
0.386600000000000	2.21894454197433	0.0753342070912187
0.386700000000000	2.21880278455692	0.0752113724780781
0.386800000000000	2.21866110432927	0.0750887555738303
0.386900000000000	2.21851950136562	0.0749663559585417
0.387000000000000	2.21837797573959	0.0748441732130874
0.387100000000000	2.21823652752409	0.0747222069191507
0.387200000000000	2.21809515679139	0.0746004566592210
0.387300000000000	2.21795386361311	0.0744789220165934
0.387400000000000	2.21781264806020	0.0743576025753670
0.387500000000000	2.21767151020295	0.0742364979204439
0.387600000000000	2.21753045011102	0.0741156076375286
0.387700000000000	2.21738946785340	0.0739949313131257
0.387800000000000	2.21724856349845	0.0738744685345399
0.387900000000000	2.21710773711389	0.0737542188898740
0.388000000000000	2.21696698876679	0.0736341819680284
0.388100000000000	2.21682631852360	0.0735143573586991
0.388200000000000	2.21668572645012	0.0733947446523775
0.388300000000000	2.21654521261153	0.0732753434403486
0.388400000000000	2.21640477707238	0.0731561533146899
0.388500000000000	2.21626441989660	0.0730371738682701
0.388600000000000	2.21612414114749	0.0729184046947484
0.388700000000000	2.21598394088774	0.0727998453885733
0.388800000000000	2.21584381917942	0.0726814955449808
0.388900000000000	2.21570377608399	0.0725633547599935
0.389000000000000	2.21556381166230	0.0724454226304198
0.389100000000000	2.21542392597458	0.0723276987538523
0.389200000000000	2.21528411908047	0.0722101827286669
0.389300000000000	2.21514439103900	0.0720928741540213
0.389400000000000	2.21500474190862	0.0719757726298541
0.389500000000000	2.21486517174715	0.0718588777568831
0.389600000000000	2.21472568061184	0.0717421891366051
0.389700000000000	2.21458626855935	0.0716257063712941
0.389800000000000	2.21444693564574	0.0715094290639996
0.389900000000000	2.21430768192649	0.0713933568185464
0.390000000000000	2.21416850745649	0.0712774892395325
0.390100000000000	2.21402941229007	0.0711618259323290
0.390200000000000	2.21389039648097	0.0710463665030777
0.390300000000000	2.21375146008234	0.0709311105586910
0.390400000000000	2.21361260314678	0.0708160577068497
0.390500000000000	2.21347382572632	0.0707012075560024
0.390600000000000	2.21333512787240	0.0705865597153643
0.390700000000000	2.21319650963593	0.0704721137949159
0.390800000000000	2.21305797106722	0.0703578694054017
0.390900000000000	2.21291951221606	0.0702438261583292
0.391000000000000	2.21278113313165	0.0701299836659674
0.391100000000000	2.21264283386266	0.0700163415413460
0.391200000000000	2.21250461445719	0.0699028993982539
0.391300000000000	2.21236647496281	0.0697896568512383
0.391400000000000	2.21222841542652	0.0696766135156027
0.391500000000000	2.21209043589481	0.0695637690074070
0.391600000000000	2.21195253641358	0.0694511229434650
0.391700000000000	2.21181471702825	0.0693386749413444
0.391800000000000	2.21167697778365	0.0692264246193644
0.391900000000000	2.21153931872412	0.0691143715965955
0.392000000000000	2.21140173989343	0.0690025154928574
0.392100000000000	2.21126424133485	0.0688908559287186
0.392200000000000	2.21112682309111	0.0687793925254949
0.392300000000000	2.21098948520443	0.0686681249052479
0.392400000000000	2.21085222771648	0.0685570526907844
0.392500000000000	2.21071505066844	0.0684461755056542
0.392600000000000	2.21057795410096	0.0683354929741503
0.392700000000000	2.21044093805419	0.0682250047213063
0.392800000000000	2.21030400256774	0.0681147103728963
0.392900000000000	2.21016714768073	0.0680046095554327
0.393000000000000	2.21003037343177	0.0678947018961658
0.393100000000000	2.20989367985898	0.0677849870230822
0.393200000000000	2.20975706699995	0.0676754645649036
0.393300000000000	2.20962053489178	0.0675661341510862
0.393400000000000	2.20948408357109	0.0674569954118180
0.393500000000000	2.20934771307398	0.0673480479780192
0.393600000000000	2.20921142343607	0.0672392914813402
0.393700000000000	2.20907521469249	0.0671307255541604
0.393800000000000	2.20893908687788	0.0670223498295874
0.393900000000000	2.20880304002639	0.0669141639414551
0.394000000000000	2.20866707417169	0.0668061675243230
0.394100000000000	2.20853118934696	0.0666983602134752
0.394200000000000	2.20839538558493	0.0665907416449183
0.394300000000000	2.20825966291781	0.0664833114553814
0.394400000000000	2.20812402137737	0.0663760692823138
0.394500000000000	2.20798846099489	0.0662690147638842
0.394600000000000	2.20785298180119	0.0661621475389796
0.394700000000000	2.20771758382661	0.0660554672472044
0.394800000000000	2.20758226710104	0.0659489735288782
0.394900000000000	2.20744703165389	0.0658426660250355
0.395000000000000	2.20731187751412	0.0657365443774241
0.395100000000000	2.20717680471023	0.0656306082285040
0.395200000000000	2.20704181327026	0.0655248572214461
0.395300000000000	2.20690690322180	0.0654192910001312
0.395400000000000	2.20677207459197	0.0653139092091485
0.395500000000000	2.20663732740747	0.0652087114937943
0.395600000000000	2.20650266169452	0.0651036975000714
0.395700000000000	2.20636807747892	0.0649988668746873
0.395800000000000	2.20623357478601	0.0648942192650533
0.395900000000000	2.20609915364069	0.0647897543192831
0.396000000000000	2.20596481406743	0.0646854716861916
0.396100000000000	2.20583055609025	0.0645813710152939
0.396200000000000	2.20569637973275	0.0644774519568039
0.396300000000000	2.20556228501807	0.0643737141616333
0.396400000000000	2.20542827196895	0.0642701572813898
0.396500000000000	2.20529434060767	0.0641667809683768
0.396600000000000	2.20516049095612	0.0640635848755915
0.396700000000000	2.20502672303573	0.0639605686567239
0.396800000000000	2.20489303686752	0.0638577319661559
0.396900000000000	2.20475943247209	0.0637550744589593
0.397000000000000	2.20462590986963	0.0636525957908955
0.397100000000000	2.20449246907988	0.0635502956184137
0.397200000000000	2.20435911012222	0.0634481735986500
0.397300000000000	2.20422583301556	0.0633462293894261
0.397400000000000	2.20409263777843	0.0632444626492478
0.397500000000000	2.20395952442895	0.0631428730373045
0.397600000000000	2.20382649298482	0.0630414602134671
0.397700000000000	2.20369354346335	0.0629402238382878
0.397800000000000	2.20356067588143	0.0628391635729980
0.397900000000000	2.20342789025557	0.0627382790795074
0.398000000000000	2.20329518660187	0.0626375700204031
0.398100000000000	2.20316256493602	0.0625370360589481
0.398200000000000	2.20303002527333	0.0624366768590803
0.398300000000000	2.20289756762871	0.0623364920854105
0.398400000000000	2.20276519201669	0.0622364814032230
0.398500000000000	2.20263289845140	0.0621366444784721
0.398600000000000	2.20250068694658	0.0620369809777829
0.398700000000000	2.20236855751559	0.0619374905684489
0.398800000000000	2.20223651017140	0.0618381729184312
0.398900000000000	2.20210454492661	0.0617390276963574
0.399000000000000	2.20197266179343	0.0616400545715200
0.399100000000000	2.20184086078369	0.0615412532138759
0.399200000000000	2.20170914190884	0.0614426232940445
0.399300000000000	2.20157750517998	0.0613441644833069
0.399400000000000	2.20144595060780	0.0612458764536048
0.399500000000000	2.20131447820266	0.0611477588775386
0.399600000000000	2.20118308797451	0.0610498114283672
0.399700000000000	2.20105177993296	0.0609520337800060
0.399800000000000	2.20092055408725	0.0608544256070266
0.399900000000000	2.20078941044625	0.0607569865846544
0.400000000000000	2.20065834901847	0.0606597163887685
0.400100000000000	2.20052736981206	0.0605626146958998
0.400200000000000	2.20039647283481	0.0604656811832304
0.400300000000000	2.20026565809416	0.0603689155285919
0.400400000000000	2.20013492559719	0.0602723174104644
0.400500000000000	2.20000427535063	0.0601758865079756
0.400600000000000	2.19987370736085	0.0600796225008990
0.400700000000000	2.19974322163389	0.0599835250696534
0.400800000000000	2.19961281817541	0.0598875938953013
0.400900000000000	2.19948249699076	0.0597918286595476
0.401000000000000	2.19935225808492	0.0596962290447390
0.401100000000000	2.19922210146254	0.0596007947338622
0.401200000000000	2.19909202712792	0.0595055254105431
0.401300000000000	2.19896203508503	0.0594104207590455
0.401400000000000	2.19883212533749	0.0593154804642699
0.401500000000000	2.19870229788860	0.0592207042117522
0.401600000000000	2.19857255274132	0.0591260916876630
0.401700000000000	2.19844288989827	0.0590316425788058
0.401800000000000	2.19831330936175	0.0589373565726165
0.401900000000000	2.19818381113371	0.0588432333571614
0.402000000000000	2.19805439521581	0.0587492726211369
0.402100000000000	2.19792506160935	0.0586554740538676
0.402200000000000	2.19779581031531	0.0585618373453057
0.402300000000000	2.19766664133437	0.0584683621860296
0.402400000000000	2.19753755466686	0.0583750482672426
0.402500000000000	2.19740855031281	0.0582818952807718
0.402600000000000	2.19727962827193	0.0581889029190671
0.402700000000000	2.19715078854361	0.0580960708751998
0.402800000000000	2.19702203112692	0.0580033988428620
0.402900000000000	2.19689335602063	0.0579108865163645
0.403000000000000	2.19676476322319	0.0578185335906361
0.403100000000000	2.19663625273273	0.0577263397612231
0.403200000000000	2.19650782454710	0.0576343047242871
0.403300000000000	2.19637947866381	0.0575424281766042
0.403400000000000	2.19625121508009	0.0574507098155641
0.403500000000000	2.19612303379286	0.0573591493391688
0.403600000000000	2.19599493479874	0.0572677464460311
0.403700000000000	2.19586691809403	0.0571765008353743
0.403800000000000	2.19573898367475	0.0570854122070300
0.403900000000000	2.19561113153663	0.0569944802614378
0.404000000000000	2.19548336167508	0.0569037046996434
0.404100000000000	2.19535567408523	0.0568130852232984
0.404200000000000	2.19522806876193	0.0567226215346582
0.404300000000000	2.19510054569970	0.0566323133365816
0.404400000000000	2.19497310489281	0.0565421603325290
0.404500000000000	2.19484574633523	0.0564521622265616
0.404600000000000	2.19471847002062	0.0563623187233406
0.404700000000000	2.19459127594239	0.0562726295281254
0.404800000000000	2.19446416409364	0.0561830943467727
0.404900000000000	2.19433713446720	0.0560937128857357
0.405000000000000	2.19421018705561	0.0560044848520625
0.405100000000000	2.19408332185115	0.0559154099533951
0.405200000000000	2.19395653884579	0.0558264878979685
0.405300000000000	2.19382983803125	0.0557377183946093
0.405400000000000	2.19370321939896	0.0556491011527346
0.405500000000000	2.19357668294009	0.0555606358823509
0.405600000000000	2.19345022864553	0.0554723222940530
0.405700000000000	2.19332385650588	0.0553841600990231
0.405800000000000	2.19319756651151	0.0552961490090291
0.405900000000000	2.19307135865249	0.0552082887364240
0.406000000000000	2.19294523291864	0.0551205789941444
0.406100000000000	2.19281918929950	0.0550330194957099
0.406200000000000	2.19269322778435	0.0549456099552212
0.406300000000000	2.19256734836222	0.0548583500873598
0.406400000000000	2.19244155102187	0.0547712396073864
0.406500000000000	2.19231583575180	0.0546842782311396
0.406600000000000	2.19219020254024	0.0545974656750355
0.406700000000000	2.19206465137519	0.0545108016560657
0.406800000000000	2.19193918224436	0.0544242858917971
0.406900000000000	2.19181379513524	0.0543379181003700
0.407000000000000	2.19168849003505	0.0542516980004973
0.407100000000000	2.19156326693075	0.0541656253114637
0.407200000000000	2.19143812580905	0.0540796997531239
0.407300000000000	2.19131306665644	0.0539939210459021
0.407400000000000	2.19118808945913	0.0539082889107908
0.407500000000000	2.19106319420310	0.0538228030693491
0.407600000000000	2.19093838087407	0.0537374632437027
0.407700000000000	2.19081364945752	0.0536522691565416
0.407800000000000	2.19068899993871	0.0535672205311200
0.407900000000000	2.19056443230263	0.0534823170912545
0.408000000000000	2.19043994653405	0.0533975585613233
0.408100000000000	2.19031554261748	0.0533129446662651
0.408200000000000	2.19019122053721	0.0532284751315781
0.408300000000000	2.19006698027730	0.0531441496833186
0.408400000000000	2.18994282182154	0.0530599680481002
0.408500000000000	2.18981874515352	0.0529759299530924
0.408600000000000	2.18969475025660	0.0528920351260200
0.408700000000000	2.18957083711387	0.0528082832951616
0.408800000000000	2.18944700570824	0.0527246741893487
0.408900000000000	2.18932325602235	0.0526412075379642
0.409000000000000	2.18919958803865	0.0525578830709422
0.409100000000000	2.18907600173932	0.0524747005187660
0.409200000000000	2.18895249710634	0.0523916596124673
0.409300000000000	2.18882907412148	0.0523087600836259
0.409400000000000	2.18870573276627	0.0522260016643671
0.409500000000000	2.18858247302200	0.0521433840873619
0.409600000000000	2.18845929486978	0.0520609070858255
0.409700000000000	2.18833619829047	0.0519785703935161
0.409800000000000	2.18821318326473	0.0518963737447340
0.409900000000000	2.18809024977299	0.0518143168743205
0.410000000000000	2.18796739779548	0.0517323995176566
0.410100000000000	2.18784462731219	0.0516506214106625
0.410200000000000	2.18772193830292	0.0515689822897958
0.410300000000000	2.18759933074726	0.0514874818920511
0.410400000000000	2.18747680462457	0.0514061199549584
0.410500000000000	2.18735435991402	0.0513248962165823
0.410600000000000	2.18723199659455	0.0512438104155212
0.410700000000000	2.18710971464491	0.0511628622909055
0.410800000000000	2.18698751404364	0.0510820515823975
0.410900000000000	2.18686539476907	0.0510013780301895
0.411000000000000	2.18674335679933	0.0509208413750031
0.411100000000000	2.18662140011235	0.0508404413580881
0.411200000000000	2.18649952468585	0.0507601777212219
0.411300000000000	2.18637773049735	0.0506800502067076
0.411400000000000	2.18625601752419	0.0506000585573733
0.411500000000000	2.18613438574348	0.0505202025165715
0.411600000000000	2.18601283513215	0.0504404818281775
0.411700000000000	2.18589136566695	0.0503608962365886
0.411800000000000	2.18576997732439	0.0502814454867229
0.411900000000000	2.18564867008084	0.0502021293240185
0.412000000000000	2.18552744391243	0.0501229474944323
0.412100000000000	2.18540629879513	0.0500438997444387
0.412200000000000	2.18528523470471	0.0499649858210291
0.412300000000000	2.18516425161674	0.0498862054717109
0.412400000000000	2.18504334950661	0.0498075584445056
0.412500000000000	2.18492252834952	0.0497290444879485
0.412600000000000	2.18480178812049	0.0496506633510879
0.412700000000000	2.18468112879435	0.0495724147834832
0.412800000000000	2.18456055034575	0.0494942985352047
0.412900000000000	2.18444005274914	0.0494163143568320
0.413000000000000	2.18431963597880	0.0493384619994531
0.413100000000000	2.18419930000884	0.0492607412146639
0.413200000000000	2.18407904481317	0.0491831517545665
0.413300000000000	2.18395887036554	0.0491056933717685
0.413400000000000	2.18383877663949	0.0490283658193818
0.413500000000000	2.18371876360841	0.0489511688510217
0.413600000000000	2.18359883124552	0.0488741022208062
0.413700000000000	2.18347897952384	0.0487971656833544
0.413800000000000	2.18335920841623	0.0487203589937857
0.413900000000000	2.18323951789537	0.0486436819077192
0.414000000000000	2.18311990793378	0.0485671341812718
0.414100000000000	2.18300037850380	0.0484907155710584
0.414200000000000	2.18288092957760	0.0484144258341896
0.414300000000000	2.18276156112717	0.0483382647282718
0.414400000000000	2.18264227312436	0.0482622320114055
0.414500000000000	2.18252306554082	0.0481863274421845
0.414600000000000	2.18240393834806	0.0481105507796949
0.414700000000000	2.18228489151741	0.0480349017835144
0.414800000000000	2.18216592502005	0.0479593802137107
0.414900000000000	2.18204703882697	0.0478839858308410
0.415000000000000	2.18192823290902	0.0478087183959508
0.415100000000000	2.18180950723688	0.0477335776705729
0.415200000000000	2.18169086178107	0.0476585634167265
0.415300000000000	2.18157229651197	0.0475836753969163
0.415400000000000	2.18145381139976	0.0475089133741310
0.415500000000000	2.18133540641449	0.0474342771118431
0.415600000000000	2.18121708152605	0.0473597663740074
0.415700000000000	2.18109883670418	0.0472853809250599
0.415800000000000	2.18098067191845	0.0472111205299174
0.415900000000000	2.18086258713829	0.0471369849539760
0.416000000000000	2.18074458233296	0.0470629739631101
0.416100000000000	2.18062665747158	0.0469890873236720
0.416200000000000	2.18050881252312	0.0469153248024901
0.416300000000000	2.18039104745639	0.0468416861668688
0.416400000000000	2.18027336224006	0.0467681711845869
0.416500000000000	2.18015575684265	0.0466947796238967
0.416600000000000	2.18003823123253	0.0466215112535234
0.416700000000000	2.17992078537792	0.0465483658426636
0.416800000000000	2.17980341924689	0.0464753431609850
0.416900000000000	2.17968613280738	0.0464024429786247
0.417000000000000	2.17956892602717	0.0463296650661888
0.417100000000000	2.17945179887392	0.0462570091947513
0.417200000000000	2.17933475131511	0.0461844751358527
0.417300000000000	2.17921778331811	0.0461120626615001
0.417400000000000	2.17910089485014	0.0460397715441648
0.417500000000000	2.17898408587827	0.0459676015567827
0.417600000000000	2.17886735636944	0.0458955524727525
0.417700000000000	2.17875070629047	0.0458236240659350
0.417800000000000	2.17863413560800	0.0457518161106522
0.417900000000000	2.17851764428856	0.0456801283816865
0.418000000000000	2.17840123229856	0.0456085606542792
0.418100000000000	2.17828489960423	0.0455371127041303
0.418200000000000	2.17816864617171	0.0454657843073968
0.418300000000000	2.17805247196699	0.0453945752406925
0.418400000000000	2.17793637695592	0.0453234852810867
0.418500000000000	2.17782036110422	0.0452525142061028
0.418600000000000	2.17770442437749	0.0451816617937182
0.418700000000000	2.17758856674119	0.0451109278223631
0.418800000000000	2.17747278816066	0.0450403120709192
0.418900000000000	2.17735708860110	0.0449698143187192
0.419000000000000	2.17724146802759	0.0448994343455454
0.419100000000000	2.17712592640508	0.0448291719316295
0.419200000000000	2.17701046369840	0.0447590268576509
0.419300000000000	2.17689507987225	0.0446889989047363
0.419400000000000	2.17677977489121	0.0446190878544585
0.419500000000000	2.17666454871972	0.0445492934888357
0.419600000000000	2.17654940132211	0.0444796155903303
0.419700000000000	2.17643433266260	0.0444100539418481
0.419800000000000	2.17631934270527	0.0443406083267377
0.419900000000000	2.17620443141408	0.0442712785287890
0.420000000000000	2.17608959875288	0.0442020643322327
0.420100000000000	2.17597484468539	0.0441329655217392
0.420200000000000	2.17586016917523	0.0440639818824179
0.420300000000000	2.17574557218588	0.0439951131998161
0.420400000000000	2.17563105368071	0.0439263592599182
0.420500000000000	2.17551661362299	0.0438577198491445
0.420600000000000	2.17540225197586	0.0437891947543507
0.420700000000000	2.17528796870234	0.0437207837628270
0.420800000000000	2.17517376376535	0.0436524866622967
0.420900000000000	2.17505963712769	0.0435843032409160
0.421000000000000	2.17494558875205	0.0435162332872723
0.421100000000000	2.17483161860100	0.0434482765903841
0.421200000000000	2.17471772663701	0.0433804329396995
0.421300000000000	2.17460391282244	0.0433127021250959
0.421400000000000	2.17449017711953	0.0432450839368783
0.421500000000000	2.17437651949042	0.0431775781657791
0.421600000000000	2.17426293989714	0.0431101846029571
0.421700000000000	2.17414943830161	0.0430429030399961
0.421800000000000	2.17403601466565	0.0429757332689050
0.421900000000000	2.17392266895097	0.0429086750821158
0.422000000000000	2.17380940111917	0.0428417282724834
0.422100000000000	2.17369621113175	0.0427748926332845
0.422200000000000	2.17358309895011	0.0427081679582171
0.422300000000000	2.17347006453554	0.0426415540413990
0.422400000000000	2.17335710784923	0.0425750506773672
0.422500000000000	2.17324422885227	0.0425086576610772
0.422600000000000	2.17313142750566	0.0424423747879020
0.422700000000000	2.17301870377026	0.0423762018536310
0.422800000000000	2.17290605760689	0.0423101386544696
0.422900000000000	2.17279348897621	0.0422441849870381
0.423000000000000	2.17268099783883	0.0421783406483704
0.423100000000000	2.17256858415523	0.0421126054359138
0.423200000000000	2.17245624788582	0.0420469791475282
0.423300000000000	2.17234398899088	0.0419814615814843
0.423400000000000	2.17223180743063	0.0419160525364639
0.423500000000000	2.17211970316518	0.0418507518115581
0.423600000000000	2.17200767615453	0.0417855592062670
0.423700000000000	2.17189572635861	0.0417204745204987
0.423800000000000	2.17178385373724	0.0416554975545686
0.423900000000000	2.17167205825016	0.0415906281091981
0.424000000000000	2.17156033985702	0.0415258659855140
0.424100000000000	2.17144869851736	0.0414612109850481
0.424200000000000	2.17133713419065	0.0413966629097355
0.424300000000000	2.17122564683625	0.0413322215619143
0.424400000000000	2.17111423641345	0.0412678867443249
0.424500000000000	2.17100290288145	0.0412036582601084
0.424600000000000	2.17089164619934	0.0411395359128068
0.424700000000000	2.17078046632615	0.0410755195063613
0.424800000000000	2.17066936322080	0.0410116088451120
0.424900000000000	2.17055833684215	0.0409478037337965
0.425000000000000	2.17044738714895	0.0408841039775497
0.425100000000000	2.17033651409987	0.0408205093819026
0.425200000000000	2.17022571765351	0.0407570197527817
0.425300000000000	2.17011499776837	0.0406936348965077
0.425400000000000	2.17000435440288	0.0406303546197953
0.425500000000000	2.16989378751537	0.0405671787297518
0.425600000000000	2.16978329706411	0.0405041070338768
0.425700000000000	2.16967288300727	0.0404411393400609
0.425800000000000	2.16956254530295	0.0403782754565852
0.425900000000000	2.16945228390916	0.0403155151921203
0.426000000000000	2.16934209878385	0.0402528583557257
0.426100000000000	2.16923198988486	0.0401903047568486
0.426200000000000	2.16912195716999	0.0401278542053235
0.426300000000000	2.16901200059692	0.0400655065113712
0.426400000000000	2.16890212012329	0.0400032614855979
0.426500000000000	2.16879231570664	0.0399411189389945
0.426600000000000	2.16868258730445	0.0398790786829358
0.426700000000000	2.16857293487411	0.0398171405291797
0.426800000000000	2.16846335837294	0.0397553042898663
0.426900000000000	2.16835385775818	0.0396935697775171
0.427000000000000	2.16824443298702	0.0396319368050342
0.427100000000000	2.16813508401654	0.0395704051856999
0.427200000000000	2.16802581080378	0.0395089747331751
0.427300000000000	2.16791661330569	0.0394476452614992
0.427400000000000	2.16780749147916	0.0393864165850889
0.427500000000000	2.16769844528098	0.0393252885187377
0.427600000000000	2.16758947466792	0.0392642608776149
0.427700000000000	2.16748057959663	0.0392033334772647
0.427800000000000	2.16737176002371	0.0391425061336058
0.427900000000000	2.16726301590571	0.0390817786629304
0.428000000000000	2.16715434719908	0.0390211508819030
0.428100000000000	2.16704575386023	0.0389606226075605
0.428200000000000	2.16693723584547	0.0389001936573107
0.428300000000000	2.16682879311108	0.0388398638489317
0.428400000000000	2.16672042561324	0.0387796330005712
0.428500000000000	2.16661213330809	0.0387195009307457
0.428600000000000	2.16650391615169	0.0386594674583397
0.428700000000000	2.16639577410005	0.0385995324026048
0.428800000000000	2.16628770710909	0.0385396955831591
0.428900000000000	2.16617971513470	0.0384799568199866
0.429000000000000	2.16607179813267	0.0384203159334357
0.429100000000000	2.16596395605876	0.0383607727442193
0.429200000000000	2.16585618886865	0.0383013270734136
0.429300000000000	2.16574849651797	0.0382419787424575
0.429400000000000	2.16564087896227	0.0381827275731512
0.429500000000000	2.16553333615705	0.0381235733876565
0.429600000000000	2.16542586805775	0.0380645160084952
0.429700000000000	2.16531847461976	0.0380055552585487
0.429800000000000	2.16521115579840	0.0379466909610574
0.429900000000000	2.16510391154893	0.0378879229396191
0.430000000000000	2.16499674182656	0.0378292510181895
0.430100000000000	2.16488964658642	0.0377706750210803
0.430200000000000	2.16478262578362	0.0377121947729593
0.430300000000000	2.16467567937318	0.0376538100988489
0.430400000000000	2.16456880731009	0.0375955208241262
0.430500000000000	2.16446200954925	0.0375373267745212
0.430600000000000	2.16435528604555	0.0374792277761171
0.430700000000000	2.16424863675378	0.0374212236553489
0.430800000000000	2.16414206162871	0.0373633142390028
0.430900000000000	2.16403556062503	0.0373054993542156
0.431000000000000	2.16392913369740	0.0372477788284736
0.431100000000000	2.16382278080042	0.0371901524896124
0.431200000000000	2.16371650188862	0.0371326201658158
0.431300000000000	2.16361029691650	0.0370751816856149
0.431400000000000	2.16350416583850	0.0370178368778878
0.431500000000000	2.16339810860900	0.0369605855718586
0.431600000000000	2.16329212518235	0.0369034275970967
0.431700000000000	2.16318621551283	0.0368463627835159
0.431800000000000	2.16308037955468	0.0367893909613744
0.431900000000000	2.16297461726210	0.0367325119612728
0.432000000000000	2.16286892858921	0.0366757256141546
0.432100000000000	2.16276331349011	0.0366190317513048
0.432200000000000	2.16265777191885	0.0365624302043493
0.432300000000000	2.16255230382942	0.0365059208052543
0.432400000000000	2.16244690917576	0.0364495033863255
0.432500000000000	2.16234158791179	0.0363931777802072
0.432600000000000	2.16223633999136	0.0363369438198818
0.432700000000000	2.16213116536827	0.0362808013386693
0.432800000000000	2.16202606399629	0.0362247501702260
0.432900000000000	2.16192103582915	0.0361687901485443
0.433000000000000	2.16181608082051	0.0361129211079515
0.433100000000000	2.16171119892401	0.0360571428831098
0.433200000000000	2.16160639009323	0.0360014553090147
0.433300000000000	2.16150165428172	0.0359458582209952
0.433400000000000	2.16139699144298	0.0358903514547123
0.433500000000000	2.16129240153047	0.0358349348461588
0.433600000000000	2.16118788449760	0.0357796082316583
0.433700000000000	2.16108344029775	0.0357243714478647
0.433800000000000	2.16097906888426	0.0356692243317616
0.433900000000000	2.16087477021041	0.0356141667206612
0.434000000000000	2.16077054422946	0.0355591984522038
0.434100000000000	2.16066639089462	0.0355043193643573
0.434200000000000	2.16056231015907	0.0354495292954161
0.434300000000000	2.16045830197594	0.0353948280840009
0.434400000000000	2.16035436629831	0.0353402155690575
0.434500000000000	2.16025050307926	0.0352856915898565
0.434600000000000	2.16014671227180	0.0352312559859924
0.434700000000000	2.16004299382890	0.0351769085973829
0.434800000000000	2.15993934770352	0.0351226492642684
0.434900000000000	2.15983577384856	0.0350684778272111
0.435000000000000	2.15973227221689	0.0350143941270944
0.435100000000000	2.15962884276134	0.0349603980051223
0.435200000000000	2.15952548543472	0.0349064893028185
0.435300000000000	2.15942220018979	0.0348526678620260
0.435400000000000	2.15931898697926	0.0347989335249062
0.435500000000000	2.15921584575585	0.0347452861339383
0.435600000000000	2.15911277647221	0.0346917255319185
0.435700000000000	2.15900977908097	0.0346382515619597
0.435800000000000	2.15890685353471	0.0345848640674903
0.435900000000000	2.15880399978600	0.0345315628922541
0.436000000000000	2.15870121778736	0.0344783478803090
0.436100000000000	2.15859850749129	0.0344252188760268
0.436200000000000	2.15849586885026	0.0343721757240923
0.436300000000000	2.15839330181668	0.0343192182695030
0.436400000000000	2.15829080634297	0.0342663463575678
0.436500000000000	2.15818838238150	0.0342135598339068
0.436600000000000	2.15808602988459	0.0341608585444506
0.436700000000000	2.15798374880456	0.0341082423354395
0.436800000000000	2.15788153909368	0.0340557110534229
0.436900000000000	2.15777940070422	0.0340032645452586
0.437000000000000	2.15767733358838	0.0339509026581122
0.437100000000000	2.15757533769836	0.0338986252394564
0.437200000000000	2.15747341298632	0.0338464321370706
0.437300000000000	2.15737155940440	0.0337943231990396
0.437400000000000	2.15726977690469	0.0337422982737538
0.437500000000000	2.15716806543930	0.0336903572099076
0.437600000000000	2.15706642496026	0.0336384998564998
0.437700000000000	2.15696485541960	0.0335867260628321
0.437800000000000	2.15686335676933	0.0335350356785088
0.437900000000000	2.15676192896141	0.0334834285534362
0.438000000000000	2.15666057194780	0.0334319045378218
0.438100000000000	2.15655928568041	0.0333804634821737
0.438200000000000	2.15645807011115	0.0333291052373000
0.438300000000000	2.15635692519190	0.0332778296543084
0.438400000000000	2.15625585087449	0.0332266365846050
0.438500000000000	2.15615484711076	0.0331755258798940
0.438600000000000	2.15605391385250	0.0331244973921771
0.438700000000000	2.15595305105150	0.0330735509737529
0.438800000000000	2.15585225865950	0.0330226864772160
0.438900000000000	2.15575153662825	0.0329719037554567
0.439000000000000	2.15565088490945	0.0329212026616601
0.439100000000000	2.15555030345480	0.0328705830493054
0.439200000000000	2.15544979221595	0.0328200447721658
0.439300000000000	2.15534935114454	0.0327695876843074
0.439400000000000	2.15524898019222	0.0327192116400885
0.439500000000000	2.15514867931057	0.0326689164941594
0.439600000000000	2.15504844845119	0.0326187021014613
0.439700000000000	2.15494828756563	0.0325685683172261
0.439800000000000	2.15484819660543	0.0325185149969757
0.439900000000000	2.15474817552213	0.0324685419965211
0.440000000000000	2.15464822426721	0.0324186491719619
0.440100000000000	2.15454834279218	0.0323688363796860
0.440200000000000	2.15444853104849	0.0323191034763685
0.440300000000000	2.15434878898759	0.0322694503189713
0.440400000000000	2.15424911656091	0.0322198767647428
0.440500000000000	2.15414951371986	0.0321703826712168
0.440600000000000	2.15404998041585	0.0321209678962118
0.440700000000000	2.15395051660023	0.0320716322978312
0.440800000000000	2.15385112222439	0.0320223757344619
0.440900000000000	2.15375179723965	0.0319731980647739
0.441000000000000	2.15365254159735	0.0319240991477199
0.441100000000000	2.15355335524880	0.0318750788425343
0.441200000000000	2.15345423814530	0.0318261370087332
0.441300000000000	2.15335519023812	0.0317772735061132
0.441400000000000	2.15325621147853	0.0317284881947512
0.441500000000000	2.15315730181779	0.0316797809350033
0.441600000000000	2.15305846120712	0.0316311515875051
0.441700000000000	2.15295968959775	0.0315826000131700
0.441800000000000	2.15286098694089	0.0315341260731896
0.441900000000000	2.15276235318773	0.0314857296290324
0.442000000000000	2.15266378828946	0.0314374105424435
0.442100000000000	2.15256529219723	0.0313891686754441
0.442200000000000	2.15246686486220	0.0313410038903307
0.442300000000000	2.15236850623552	0.0312929160496747
0.442400000000000	2.15227021626832	0.0312449050163214
0.442500000000000	2.15217199491171	0.0311969706533901
0.442600000000000	2.15207384211680	0.0311491128242730
0.442700000000000	2.15197575783468	0.0311013313926347
0.442800000000000	2.15187774201643	0.0310536262224118
0.442900000000000	2.15177979461313	0.0310059971778120
0.443000000000000	2.15168191557584	0.0309584441233140
0.443100000000000	2.15158410485561	0.0309109669236663
0.443200000000000	2.15148636240347	0.0308635654438872
0.443300000000000	2.15138868817046	0.0308162395492640
0.443400000000000	2.15129108210760	0.0307689891053522
0.443500000000000	2.15119354416590	0.0307218139779752
0.443600000000000	2.15109607429637	0.0306747140332238
0.443700000000000	2.15099867244999	0.0306276891374554
0.443800000000000	2.15090133857774	0.0305807391572935
0.443900000000000	2.15080407263062	0.0305338639596271
0.444000000000000	2.15070687455957	0.0304870634116103
0.444100000000000	2.15060974431557	0.0304403373806615
0.444200000000000	2.15051268184956	0.0303936857344630
0.444300000000000	2.15041568711249	0.0303471083409605
0.444400000000000	2.15031876005529	0.0303006050683622
0.444500000000000	2.15022190062890	0.0302541757851386
0.444600000000000	2.15012510878424	0.0302078203600217
0.444700000000000	2.15002838447223	0.0301615386620046
0.444800000000000	2.14993172764377	0.0301153305603411
0.444900000000000	2.14983513824978	0.0300691959245445
0.445000000000000	2.14973861624114	0.0300231346243877
0.445100000000000	2.14964216156877	0.0299771465299024
0.445200000000000	2.14954577418353	0.0299312315113786
0.445300000000000	2.14944945403632	0.0298853894393640
0.445400000000000	2.14935320107802	0.0298396201846634
0.445500000000000	2.14925701525950	0.0297939236183380
0.445600000000000	2.14916089653162	0.0297482996117056
0.445700000000000	2.14906484484526	0.0297027480363390
0.445800000000000	2.14896886015128	0.0296572687640663
0.445900000000000	2.14887294240052	0.0296118616669698
0.446000000000000	2.14877709154386	0.0295665266173857
0.446100000000000	2.14868130753213	0.0295212634879037
0.446200000000000	2.14858559031619	0.0294760721513660
0.446300000000000	2.14848993984688	0.0294309524808675
0.446400000000000	2.14839435607505	0.0293859043497544
0.446500000000000	2.14829883895154	0.0293409276316242
0.446600000000000	2.14820338842717	0.0292960222003250
0.446700000000000	2.14810800445280	0.0292511879299552
0.446800000000000	2.14801268697925	0.0292064246948624
0.446900000000000	2.14791743595737	0.0291617323696437
0.447000000000000	2.14782225133797	0.0291171108291443
0.447100000000000	2.14772713307190	0.0290725599484576
0.447200000000000	2.14763208110998	0.0290280796029242
0.447300000000000	2.14753709540304	0.0289836696681320
0.447400000000000	2.14744217590191	0.0289393300199148
0.447500000000000	2.14734732255743	0.0288950605343526
0.447600000000000	2.14725253532041	0.0288508610877708
0.447700000000000	2.14715781414170	0.0288067315567392
0.447800000000000	2.14706315897211	0.0287626718180722
0.447900000000000	2.14696856976249	0.0287186817488278
0.448000000000000	2.14687404646366	0.0286747612263075
0.448100000000000	2.14677958902645	0.0286309101280552
0.448200000000000	2.14668519740170	0.0285871283318572
0.448300000000000	2.14659087154024	0.0285434157157413
0.448400000000000	2.14649661139292	0.0284997721579767
0.448500000000000	2.14640241691056	0.0284561975370732
0.448600000000000	2.14630828804402	0.0284126917317804
0.448700000000000	2.14621422474412	0.0283692546210881
0.448800000000000	2.14612022696173	0.0283258860842247
0.448900000000000	2.14602629464768	0.0282825860006575
0.449000000000000	2.14593242775283	0.0282393542500917
0.449100000000000	2.14583862622803	0.0281961907124703
0.449200000000000	2.14574489002415	0.0281530952679732
0.449300000000000	2.14565121909203	0.0281100677970169
0.449400000000000	2.14555761338255	0.0280671081802540
0.449500000000000	2.14546407284657	0.0280242162985726
0.449600000000000	2.14537059743496	0.0279813920330959
0.449700000000000	2.14527718709861	0.0279386352651816
0.449800000000000	2.14518384178839	0.0278959458764217
0.449900000000000	2.14509056145519	0.0278533237486413
0.450000000000000	2.14499734604989	0.0278107687638989
0.450100000000000	2.14490419552340	0.0277682808044855
0.450200000000000	2.14481110982661	0.0277258597529240
0.450300000000000	2.14471808891042	0.0276835054919691
0.450400000000000	2.14462513272576	0.0276412179046064
0.450500000000000	2.14453224122353	0.0275989968740521
0.450600000000000	2.14443941435466	0.0275568422837524
0.450700000000000	2.14434665207007	0.0275147540173833
0.450800000000000	2.14425395432071	0.0274727319588498
0.450900000000000	2.14416132105750	0.0274307759922855
0.451000000000000	2.14406875223140	0.0273888860020521
0.451100000000000	2.14397624779337	0.0273470618727389
0.451200000000000	2.14388380769436	0.0273053034891625
0.451300000000000	2.14379143188534	0.0272636107363660
0.451400000000000	2.14369912031728	0.0272219834996189
0.451500000000000	2.14360687294118	0.0271804216644161
0.451600000000000	2.14351468970801	0.0271389251164778
0.451700000000000	2.14342257056878	0.0270974937417493
0.451800000000000	2.14333051547449	0.0270561274263996
0.451900000000000	2.14323852437616	0.0270148260568219
0.452000000000000	2.14314659722480	0.0269735895196324
0.452100000000000	2.14305473397146	0.0269324177016705
0.452200000000000	2.14296293456716	0.0268913104899974
0.452300000000000	2.14287119896296	0.0268502677718968
0.452400000000000	2.14277952710991	0.0268092894348732
0.452500000000000	2.14268791895908	0.0267683753666525
0.452600000000000	2.14259637446154	0.0267275254551808
0.452700000000000	2.14250489356837	0.0266867395886244
0.452800000000000	2.14241347623068	0.0266460176553688
0.452900000000000	2.14232212239956	0.0266053595440188
0.453000000000000	2.14223083202612	0.0265647651433977
0.453100000000000	2.14213960506150	0.0265242343425469
0.453200000000000	2.14204844145682	0.0264837670307255
0.453300000000000	2.14195734116323	0.0264433630974097
0.453400000000000	2.14186630413188	0.0264030224322926
0.453500000000000	2.14177533031393	0.0263627449252834
0.453600000000000	2.14168441966056	0.0263225304665071
0.453700000000000	2.14159357212297	0.0262823789463041
0.453800000000000	2.14150278765234	0.0262422902552297
0.453900000000000	2.14141206619988	0.0262022642840535
0.454000000000000	2.14132140771681	0.0261623009237593
0.454100000000000	2.14123081215438	0.0261224000655441
0.454200000000000	2.14114027946381	0.0260825616008182
0.454300000000000	2.14104980959636	0.0260427854212044
0.454400000000000	2.14095940250331	0.0260030714185376
0.454500000000000	2.14086905813592	0.0259634194848646
0.454600000000000	2.14077877644550	0.0259238295124431
0.454700000000000	2.14068855738334	0.0258843013937420
0.454800000000000	2.14059840090076	0.0258448350214402
0.454900000000000	2.14050830694910	0.0258054302884268
0.455000000000000	2.14041827547968	0.0257660870878000
0.455100000000000	2.14032830644387	0.0257268053128672
0.455200000000000	2.14023839979304	0.0256875848571444
0.455300000000000	2.14014855547856	0.0256484256143557
0.455400000000000	2.14005877345183	0.0256093274784328
0.455500000000000	2.13996905366425	0.0255702903435146
0.455600000000000	2.13987939606726	0.0255313141039469
0.455700000000000	2.13978980061228	0.0254923986542818
0.455800000000000	2.13970026725076	0.0254535438892773
0.455900000000000	2.13961079593417	0.0254147497038968
0.456000000000000	2.13952138661398	0.0253760159933089
0.456100000000000	2.13943203924169	0.0253373426528866
0.456200000000000	2.13934275376880	0.0252987295782072
0.456300000000000	2.13925353014683	0.0252601766650517
0.456400000000000	2.13916436832731	0.0252216838094043
0.456500000000000	2.13907526826181	0.0251832509074522
0.456600000000000	2.13898622990188	0.0251448778555849
0.456700000000000	2.13889725319910	0.0251065645503940
0.456800000000000	2.13880833810506	0.0250683108886726
0.456900000000000	2.13871948457139	0.0250301167674149
0.457000000000000	2.13863069254971	0.0249919820838160
0.457100000000000	2.13854196199165	0.0249539067352711
0.457200000000000	2.13845329284887	0.0249158906193752
0.457300000000000	2.13836468507305	0.0248779336339229
0.457400000000000	2.13827613861588	0.0248400356769078
0.457500000000000	2.13818765342907	0.0248021966465220
0.457600000000000	2.13809922946432	0.0247644164411557
0.457700000000000	2.13801086667339	0.0247266949593971
0.457800000000000	2.13792256500803	0.0246890321000315
0.457900000000000	2.13783432442001	0.0246514277620410
0.458000000000000	2.13774614486111	0.0246138818446046
0.458100000000000	2.13765802628314	0.0245763942470969
0.458200000000000	2.13756996863792	0.0245389648690884
0.458300000000000	2.13748197187729	0.0245015936103449
0.458400000000000	2.13739403595311	0.0244642803708267
0.458500000000000	2.13730616081724	0.0244270250506888
0.458600000000000	2.13721834642158	0.0243898275502802
0.458700000000000	2.13713059271804	0.0243526877701432
0.458800000000000	2.13704289965854	0.0243156056110135
0.458900000000000	2.13695526719503	0.0242785809738196
0.459000000000000	2.13686769527946	0.0242416137596822
0.459100000000000	2.13678018386382	0.0242047038699139
0.459200000000000	2.13669273290009	0.0241678512060189
0.459300000000000	2.13660534234031	0.0241310556696927
0.459400000000000	2.13651801213649	0.0240943171628213
0.459500000000000	2.13643074224070	0.0240576355874810
0.459600000000000	2.13634353260499	0.0240210108459381
0.459700000000000	2.13625638318147	0.0239844428406485
0.459800000000000	2.13616929392223	0.0239479314742570
0.459900000000000	2.13608226477941	0.0239114766495973
0.460000000000000	2.13599529570515	0.0238750782696912
0.460100000000000	2.13590838665162	0.0238387362377485
0.460200000000000	2.13582153757099	0.0238024504571666
0.460300000000000	2.13573474841547	0.0237662208315298
0.460400000000000	2.13564801913728	0.0237300472646094
0.460500000000000	2.13556134968867	0.0236939296603628
0.460600000000000	2.13547474002189	0.0236578679229332
0.460700000000000	2.13538819008923	0.0236218619566497
0.460800000000000	2.13530169984299	0.0235859116660262
0.460900000000000	2.13521526923548	0.0235500169557615
0.461000000000000	2.13512889821905	0.0235141777307387
0.461100000000000	2.13504258674605	0.0234783938960249
0.461200000000000	2.13495633476887	0.0234426653568707
0.461300000000000	2.13487014223991	0.0234069920187099
0.461400000000000	2.13478400911159	0.0233713737871590
0.461500000000000	2.13469793533635	0.0233358105680172
0.461600000000000	2.13461192086665	0.0233003022672654
0.461700000000000	2.13452596565497	0.0232648487910663
0.461800000000000	2.13444006965383	0.0232294500457638
0.461900000000000	2.13435423281573	0.0231941059378825
0.462000000000000	2.13426845509324	0.0231588163741278
0.462100000000000	2.13418273643890	0.0231235812613850
0.462200000000000	2.13409707680532	0.0230884005067190
0.462300000000000	2.13401147614510	0.0230532740173744
0.462400000000000	2.13392593441086	0.0230182017007743
0.462500000000000	2.13384045155527	0.0229831834645208
0.462600000000000	2.13375502753098	0.0229482192163939
0.462700000000000	2.13366966229070	0.0229133088643516
0.462800000000000	2.13358435578715	0.0228784523165291
0.462900000000000	2.13349910797305	0.0228436494812389
0.463000000000000	2.13341391880117	0.0228089002669703
0.463100000000000	2.13332878822429	0.0227742045823885
0.463200000000000	2.13324371619521	0.0227395623363351
0.463300000000000	2.13315870266676	0.0227049734378270
0.463400000000000	2.13307374759178	0.0226704377960563
0.463500000000000	2.13298885092315	0.0226359553203901
0.463600000000000	2.13290401261376	0.0226015259203698
0.463700000000000	2.13281923261651	0.0225671495057111
0.463800000000000	2.13273451088435	0.0225328259863032
0.463900000000000	2.13264984737024	0.0224985552722086
0.464000000000000	2.13256524202716	0.0224643372736632
0.464100000000000	2.13248069480811	0.0224301719010752
0.464200000000000	2.13239620566612	0.0223960590650250
0.464300000000000	2.13231177455425	0.0223619986762652
0.464400000000000	2.13222740142556	0.0223279906457197
0.464500000000000	2.13214308623315	0.0222940348844836
0.464600000000000	2.13205882893015	0.0222601313038229
0.464700000000000	2.13197462946968	0.0222262798151740
0.464800000000000	2.13189048780493	0.0221924803301434
0.464900000000000	2.13180640388909	0.0221587327605072
0.465000000000000	2.13172237767535	0.0221250370182112
0.465100000000000	2.13163840911697	0.0220913930153699
0.465200000000000	2.13155449816720	0.0220578006642666
0.465300000000000	2.13147064477932	0.0220242598773528
0.465400000000000	2.13138684890664	0.0219907705672480
0.465500000000000	2.13130311050251	0.0219573326467395
0.465600000000000	2.13121942952026	0.0219239460287815
0.465700000000000	2.13113580591328	0.0218906106264953
0.465800000000000	2.13105223963497	0.0218573263531687
0.465900000000000	2.13096873063877	0.0218240931222555
0.466000000000000	2.13088527887812	0.0217909108473756
0.466100000000000	2.13080188430650	0.0217577794423143
0.466200000000000	2.13071854687741	0.0217246988210220
0.466300000000000	2.13063526654438	0.0216916688976138
0.466400000000000	2.13055204326095	0.0216586895863694
0.466500000000000	2.13046887698070	0.0216257608017326
0.466600000000000	2.13038576765723	0.0215928824583106
0.466700000000000	2.13030271524416	0.0215600544708746
0.466800000000000	2.13021971969515	0.0215272767543584
0.466900000000000	2.13013678096385	0.0214945492238585
0.467000000000000	2.13005389900398	0.0214618717946341
0.467100000000000	2.12997107376925	0.0214292443821061
0.467200000000000	2.12988830521341	0.0213966669018573
0.467300000000000	2.12980559329024	0.0213641392696318
0.467400000000000	2.12972293795354	0.0213316614013346
0.467500000000000	2.12964033915712	0.0212992332130315
0.467600000000000	2.12955779685484	0.0212668546209485
0.467700000000000	2.12947531100057	0.0212345255414718
0.467800000000000	2.12939288154821	0.0212022458911469
0.467900000000000	2.12931050845168	0.0211700155866791
0.468000000000000	2.12922819166495	0.0211378345449323
0.468100000000000	2.12914593114198	0.0211057026829292
0.468200000000000	2.12906372683677	0.0210736199178507
0.468300000000000	2.12898157870336	0.0210415861670359
0.468400000000000	2.12889948669579	0.0210096013479813
0.468500000000000	2.12881745076816	0.0209776653783411
0.468600000000000	2.12873547087455	0.0209457781759259
0.468700000000000	2.12865354696911	0.0209139396587035
0.468800000000000	2.12857167900599	0.0208821497447977
0.468900000000000	2.12848986693938	0.0208504083524885
0.469000000000000	2.12840811072349	0.0208187154002115
0.469100000000000	2.12832641031254	0.0207870708065576
0.469200000000000	2.12824476566082	0.0207554744902728
0.469300000000000	2.12816317672259	0.0207239263702577
0.469400000000000	2.12808164345219	0.0206924263655674
0.469500000000000	2.12800016580394	0.0206609743954108
0.469600000000000	2.12791874373223	0.0206295703791508
0.469700000000000	2.12783737719143	0.0205982142363036
0.469800000000000	2.12775606613599	0.0205669058865385
0.469900000000000	2.12767481052033	0.0205356452496773
0.470000000000000	2.12759361029895	0.0205044322456947
0.470100000000000	2.12751246542633	0.0204732667947171
0.470200000000000	2.12743137585702	0.0204421488170229
0.470300000000000	2.12735034154556	0.0204110782330419
0.470400000000000	2.12726936244653	0.0203800549633551
0.470500000000000	2.12718843851456	0.0203490789286944
0.470600000000000	2.12710756970426	0.0203181500499421
0.470700000000000	2.12702675597031	0.0202872682481308
0.470800000000000	2.12694599726740	0.0202564334444429
0.470900000000000	2.12686529355025	0.0202256455602105
0.471000000000000	2.12678464477360	0.0201949045169148
0.471100000000000	2.12670405089222	0.0201642102361862
0.471200000000000	2.12662351186091	0.0201335626398036
0.471300000000000	2.12654302763451	0.0201029616496941
0.471400000000000	2.12646259816786	0.0200724071879330
0.471500000000000	2.12638222341585	0.0200418991767433
0.471600000000000	2.12630190333339	0.0200114375384953
0.471700000000000	2.12622163787542	0.0199810221957066
0.471800000000000	2.12614142699690	0.0199506530710412
0.471900000000000	2.12606127065282	0.0199203300873100
0.472000000000000	2.12598116879822	0.0198900531674699
0.472100000000000	2.12590112138812	0.0198598222346234
0.472200000000000	2.12582112837762	0.0198296372120191
0.472300000000000	2.12574118972182	0.0197994980230503
0.472400000000000	2.12566130537584	0.0197694045912556
0.472500000000000	2.12558147529485	0.0197393568403182
0.472600000000000	2.12550169943404	0.0197093546940656
0.472700000000000	2.12542197774862	0.0196793980764692
0.472800000000000	2.12534231019385	0.0196494869116444
0.472900000000000	2.12526269672498	0.0196196211238498
0.473000000000000	2.12518313729733	0.0195898006374874
0.473100000000000	2.12510363186621	0.0195600253771017
0.473200000000000	2.12502418038700	0.0195302952673802
0.473300000000000	2.12494478281508	0.0195006102331521
0.473400000000000	2.12486543910585	0.0194709701993889
0.473500000000000	2.12478614921477	0.0194413750912038
0.473600000000000	2.12470691309730	0.0194118248338511
0.473700000000000	2.12462773070895	0.0193823193527264
0.473800000000000	2.12454860200524	0.0193528585733658
0.473900000000000	2.12446952694173	0.0193234424214462
0.474000000000000	2.12439050547400	0.0192940708227844
0.474100000000000	2.12431153755768	0.0192647437033371
0.474200000000000	2.12423262314839	0.0192354609892009
0.474300000000000	2.12415376220182	0.0192062226066113
0.474400000000000	2.12407495467367	0.0191770284819430
0.474500000000000	2.12399620051966	0.0191478785417095
0.474600000000000	2.12391749969556	0.0191187727125625
0.474700000000000	2.12383885215714	0.0190897109212921
0.474800000000000	2.12376025786023	0.0190606930948262
0.474900000000000	2.12368171676067	0.0190317191602300
0.475000000000000	2.12360322881434	0.0190027890447063
0.475100000000000	2.12352479397714	0.0189739026755948
0.475200000000000	2.12344641220500	0.0189450599803719
0.475300000000000	2.12336808345388	0.0189162608866503
0.475400000000000	2.12328980767977	0.0188875053221790
0.475500000000000	2.12321158483870	0.0188587932148428
0.475600000000000	2.12313341488671	0.0188301244926621
0.475700000000000	2.12305529777988	0.0188014990837926
0.475800000000000	2.12297723347432	0.0187729169165248
0.475900000000000	2.12289922192617	0.0187443779192843
0.476000000000000	2.12282126309158	0.0187158820206308
0.476100000000000	2.12274335692677	0.0186874291492584
0.476200000000000	2.12266550338794	0.0186590192339950
0.476300000000000	2.12258770243137	0.0186306522038020
0.476400000000000	2.12250995401333	0.0186023279877744
0.476500000000000	2.12243225809013	0.0185740465151399
0.476600000000000	2.12235461461812	0.0185458077152594
0.476700000000000	2.12227702355368	0.0185176115176258
0.476800000000000	2.12219948485319	0.0184894578518647
0.476900000000000	2.12212199847311	0.0184613466477334
0.477000000000000	2.12204456436989	0.0184332778351208
0.477100000000000	2.12196718250001	0.0184052513440474
0.477200000000000	2.12188985282001	0.0183772671046648
0.477300000000000	2.12181257528643	0.0183493250472554
0.477400000000000	2.12173534985586	0.0183214251022320
0.477500000000000	2.12165817648490	0.0182935672001381
0.477600000000000	2.12158105513019	0.0182657512716470
0.477700000000000	2.12150398574842	0.0182379772475618
0.477800000000000	2.12142696829627	0.0182102450588150
0.477900000000000	2.12135000273048	0.0181825546364686
0.478000000000000	2.12127308900781	0.0181549059117134
0.478100000000000	2.12119622708505	0.0181272988158688
0.478200000000000	2.12111941691901	0.0180997332803829
0.478300000000000	2.12104265846656	0.0180722092368316
0.478400000000000	2.12096595168457	0.0180447266169191
0.478500000000000	2.12088929652996	0.0180172853524770
0.478600000000000	2.12081269295966	0.0179898853754642
0.478700000000000	2.12073614093064	0.0179625266179669
0.478800000000000	2.12065964039991	0.0179352090121979
0.478900000000000	2.12058319132450	0.0179079324904970
0.479000000000000	2.12050679366146	0.0178806969853298
0.479100000000000	2.12043044736791	0.0178535024292882
0.479200000000000	2.12035415240094	0.0178263487550900
0.479300000000000	2.12027790871773	0.0177992358955784
0.479400000000000	2.12020171627545	0.0177721637837218
0.479500000000000	2.12012557503131	0.0177451323526138
0.479600000000000	2.12004948494256	0.0177181415354726
0.479700000000000	2.11997344596648	0.0176911912656409
0.479800000000000	2.11989745806036	0.0176642814765857
0.479900000000000	2.11982152118155	0.0176374121018980
0.480000000000000	2.11974563528741	0.0176105830752924
0.480100000000000	2.11966980033534	0.0175837943306072
0.480200000000000	2.11959401628276	0.0175570458018037
0.480300000000000	2.11951828308713	0.0175303374229661
0.480400000000000	2.11944260070594	0.0175036691283015
0.480500000000000	2.11936696909671	0.0174770408521394
0.480600000000000	2.11929138821699	0.0174504525289314
0.480700000000000	2.11921585802435	0.0174239040932511
0.480800000000000	2.11914037847641	0.0173973954797939
0.480900000000000	2.11906494953082	0.0173709266233764
0.481000000000000	2.11898957114523	0.0173444974589366
0.481100000000000	2.11891424327736	0.0173181079215333
0.481200000000000	2.11883896588494	0.0172917579463461
0.481300000000000	2.11876373892573	0.0172654474686749
0.481400000000000	2.11868856235753	0.0172391764239399
0.481500000000000	2.11861343613817	0.0172129447476813
0.481600000000000	2.11853836022549	0.0171867523755588
0.481700000000000	2.11846333457739	0.0171605992433517
0.481800000000000	2.11838835915179	0.0171344852869583
0.481900000000000	2.11831343390664	0.0171084104423963
0.482000000000000	2.11823855879991	0.0170823746458015
0.482100000000000	2.11816373378962	0.0170563778334287
0.482200000000000	2.11808895883381	0.0170304199416506
0.482300000000000	2.11801423389055	0.0170045009069580
0.482400000000000	2.11793955891795	0.0169786206659594
0.482500000000000	2.11786493387414	0.0169527791553807
0.482600000000000	2.11779035871729	0.0169269763120652
0.482700000000000	2.11771583340559	0.0169012120729732
0.482800000000000	2.11764135789728	0.0168754863751816
0.482900000000000	2.11756693215061	0.0168497991558839
0.483000000000000	2.11749255612387	0.0168241503523901
0.483100000000000	2.11741822977539	0.0167985399021259
0.483200000000000	2.11734395306351	0.0167729677426330
0.483300000000000	2.11726972594662	0.0167474338115686
0.483400000000000	2.11719554838314	0.0167219380467053
0.483500000000000	2.11712142033151	0.0166964803859307
0.483600000000000	2.11704734175020	0.0166710607672473
0.483700000000000	2.11697331259773	0.0166456791287722
0.483800000000000	2.11689933283264	0.0166203354087370
0.483900000000000	2.11682540241348	0.0165950295454872
0.484000000000000	2.11675152129888	0.0165697614774825
0.484100000000000	2.11667768944746	0.0165445311432960
0.484200000000000	2.11660390681788	0.0165193384816145
0.484300000000000	2.11653017336884	0.0164941834312378
0.484400000000000	2.11645648905906	0.0164690659310787
0.484500000000000	2.11638285384731	0.0164439859201629
0.484600000000000	2.11630926769237	0.0164189433376286
0.484700000000000	2.11623573055307	0.0163939381227260
0.484800000000000	2.11616224238825	0.0163689702148177
0.484900000000000	2.11608880315680	0.0163440395533780
0.485000000000000	2.11601541281763	0.0163191460779927
0.485100000000000	2.11594207132969	0.0162942897283591
0.485200000000000	2.11586877865196	0.0162694704442854
0.485300000000000	2.11579553474345	0.0162446881656911
0.485400000000000	2.11572233956318	0.0162199428326059
0.485500000000000	2.11564919307025	0.0161952343851705
0.485600000000000	2.11557609522374	0.0161705627636352
0.485700000000000	2.11550304598280	0.0161459279083609
0.485800000000000	2.11543004530658	0.0161213297598179
0.485900000000000	2.11535709315429	0.0160967682585860
0.486000000000000	2.11528418948516	0.0160722433453548
0.486100000000000	2.11521133425844	0.0160477549609223
0.486200000000000	2.11513852743342	0.0160233030461960
0.486300000000000	2.11506576896944	0.0159988875421916
0.486400000000000	2.11499305882583	0.0159745083900336
0.486500000000000	2.11492039696200	0.0159501655309545
0.486600000000000	2.11484778333734	0.0159258589062948
0.486700000000000	2.11477521791133	0.0159015884575027
0.486800000000000	2.11470270064343	0.0158773541261341
0.486900000000000	2.11463023149315	0.0158531558538521
0.487000000000000	2.11455781042005	0.0158289935824271
0.487100000000000	2.11448543738369	0.0158048672537361
0.487200000000000	2.11441311234368	0.0157807768097629
0.487300000000000	2.11434083525965	0.0157567221925978
0.487400000000000	2.11426860609129	0.0157327033444373
0.487500000000000	2.11419642479829	0.0157087202075838
0.487600000000000	2.11412429134038	0.0156847727244457
0.487700000000000	2.11405220567732	0.0156608608375369
0.487800000000000	2.11398016776892	0.0156369844894765
0.487900000000000	2.11390817757500	0.0156131436229890
0.488000000000000	2.11383623505541	0.0155893381809037
0.488100000000000	2.11376434017006	0.0155655681061546
0.488200000000000	2.11369249287885	0.0155418333417802
0.488300000000000	2.11362069314175	0.0155181338309234
0.488400000000000	2.11354894091874	0.0154944695168311
0.488500000000000	2.11347723616984	0.0154708403428542
0.488600000000000	2.11340557885509	0.0154472462524469
0.488700000000000	2.11333396893458	0.0154236871891672
0.488800000000000	2.11326240636842	0.0154001630966762
0.488900000000000	2.11319089111675	0.0153766739187381
0.489000000000000	2.11311942313974	0.0153532195992197
0.489100000000000	2.11304800239761	0.0153298000820906
0.489200000000000	2.11297662885059	0.0153064153114228
0.489300000000000	2.11290530245895	0.0152830652313903
0.489400000000000	2.11283402318299	0.0152597497862692
0.489500000000000	2.11276279098305	0.0152364689204375
0.489600000000000	2.11269160581949	0.0152132225783745
0.489700000000000	2.11262046765272	0.0151900107046610
0.489800000000000	2.11254937644314	0.0151668332439789
0.489900000000000	2.11247833215124	0.0151436901411110
0.490000000000000	2.11240733473749	0.0151205813409409
0.490100000000000	2.11233638416243	0.0150975067884529
0.490200000000000	2.11226548038660	0.0150744664287312
0.490300000000000	2.11219462337060	0.0150514602069605
0.490400000000000	2.11212381307504	0.0150284880684252
0.490500000000000	2.11205304946057	0.0150055499585095
0.490600000000000	2.11198233248788	0.0149826458226971
0.490700000000000	2.11191166211767	0.0149597756065711
0.490800000000000	2.11184103831070	0.0149369392558136
0.490900000000000	2.11177046102774	0.0149141367162054
0.491000000000000	2.11169993022959	0.0148913679336265
0.491100000000000	2.11162944587711	0.0148686328540550
0.491200000000000	2.11155900793116	0.0148459314235674
0.491300000000000	2.11148861635264	0.0148232635883384
0.491400000000000	2.11141827110249	0.0148006292946404
0.491500000000000	2.11134797214167	0.0147780284888438
0.491600000000000	2.11127771943120	0.0147554611174162
0.491700000000000	2.11120751293208	0.0147329271269228
0.491800000000000	2.11113735260540	0.0147104264640256
0.491900000000000	2.11106723841224	0.0146879590754837
0.492000000000000	2.11099717031373	0.0146655249081530
0.492100000000000	2.11092714827102	0.0146431239089856
0.492200000000000	2.11085717224530	0.0146207560250304
0.492300000000000	2.11078724219780	0.0145984212034319
0.492400000000000	2.11071735808977	0.0145761193914310
0.492500000000000	2.11064751988248	0.0145538505363640
0.492600000000000	2.11057772753727	0.0145316145856629
0.492700000000000	2.11050798101546	0.0145094114868550
0.492800000000000	2.11043828027845	0.0144872411875629
0.492900000000000	2.11036862528764	0.0144651036355039
0.493000000000000	2.11029901600448	0.0144429987784904
0.493100000000000	2.11022945239044	0.0144209265644290
0.493200000000000	2.11015993440702	0.0143988869413210
0.493300000000000	2.11009046201576	0.0143768798572618
0.493400000000000	2.11002103517824	0.0143549052604408
0.493500000000000	2.10995165385605	0.0143329630991411
0.493600000000000	2.10988231801083	0.0143110533217397
0.493700000000000	2.10981302760424	0.0142891758767068
0.493800000000000	2.10974378259797	0.0142673307126060
0.493900000000000	2.10967458295375	0.0142455177780937
0.494000000000000	2.10960542863335	0.0142237370219195
0.494100000000000	2.10953631959855	0.0142019883929256
0.494200000000000	2.10946725581117	0.0141802718400465
0.494300000000000	2.10939823723308	0.0141585873123092
0.494400000000000	2.10932926382615	0.0141369347588327
0.494500000000000	2.10926033555230	0.0141153141288282
0.494600000000000	2.10919145237348	0.0140937253715982
0.494700000000000	2.10912261425167	0.0140721684365372
0.494800000000000	2.10905382114889	0.0140506432731309
0.494900000000000	2.10898507302718	0.0140291498309561
0.495000000000000	2.10891636984861	0.0140076880596807
0.495100000000000	2.10884771157530	0.0139862579090635
0.495200000000000	2.10877909816937	0.0139648593289539
0.495300000000000	2.10871052959300	0.0139434922692918
0.495400000000000	2.10864200580840	0.0139221566801071
0.495500000000000	2.10857352677779	0.0139008525115202
0.495600000000000	2.10850509246344	0.0138795797137411
0.495700000000000	2.10843670282765	0.0138583382370699
0.495800000000000	2.10836835783274	0.0138371280318958
0.495900000000000	2.10830005744108	0.0138159490486976
0.496000000000000	2.10823180161506	0.0137948012380434
0.496100000000000	2.10816359031710	0.0137736845505901
0.496200000000000	2.10809542350965	0.0137525989370837
0.496300000000000	2.10802730115521	0.0137315443483584
0.496400000000000	2.10795922321628	0.0137105207353374
0.496500000000000	2.10789118965542	0.0136895280490318
0.496600000000000	2.10782320043522	0.0136685662405411
0.496700000000000	2.10775525551827	0.0136476352610525
0.496800000000000	2.10768735486723	0.0136267350618412
0.496900000000000	2.10761949844477	0.0136058655942698
0.497000000000000	2.10755168621359	0.0135850268097885
0.497100000000000	2.10748391813645	0.0135642186599344
0.497200000000000	2.10741619417610	0.0135434410963321
0.497300000000000	2.10734851429534	0.0135226940706927
0.497400000000000	2.10728087845702	0.0135019775348143
0.497500000000000	2.10721328662399	0.0134812914405813
0.497600000000000	2.10714573875915	0.0134606357399647
0.497700000000000	2.10707823482543	0.0134400103850215
0.497800000000000	2.10701077478579	0.0134194153278948
0.497900000000000	2.10694335860321	0.0133988505208136
0.498000000000000	2.10687598624072	0.0133783159160924
0.498100000000000	2.10680865766138	0.0133578114661312
0.498200000000000	2.10674137282826	0.0133373371234157
0.498300000000000	2.10667413170448	0.0133168928405163
0.498400000000000	2.10660693425319	0.0132964785700886
0.498500000000000	2.10653978043757	0.0132760942648729
0.498600000000000	2.10647267022083	0.0132557398776944
0.498700000000000	2.10640560356621	0.0132354153614625
0.498800000000000	2.10633858043698	0.0132151206691710
0.498900000000000	2.10627160079645	0.0131948557538978
0.499000000000000	2.10620466460795	0.0131746205688049
0.499100000000000	2.10613777183485	0.0131544150671380
0.499200000000000	2.10607092244055	0.0131342392022264
0.499300000000000	2.10600411638848	0.0131140929274829
0.499400000000000	2.10593735364210	0.0130939761964036
0.499500000000000	2.10587063416490	0.0130738889625678
0.499600000000000	2.10580395792040	0.0130538311796376
0.499700000000000	2.10573732487216	0.0130338028013580
0.499800000000000	2.10567073498377	0.0130138037815567
0.499900000000000	2.10560418821884	0.0129938340741438
0.500000000000000	2.10553768454103	0.0129738936331115
0.500100000000000	2.10547122391401	0.0129539824125345
0.500200000000000	2.10540480630149	0.0129341003665692
0.500300000000000	2.10533843166722	0.0129142474494540
0.500400000000000	2.10527209997497	0.0128944236155088
0.500500000000000	2.10520581118854	0.0128746288191350
0.500600000000000	2.10513956527178	0.0128548630148154
0.500700000000000	2.10507336218854	0.0128351261571139
0.500800000000000	2.10500720190273	0.0128154182006753
0.500900000000000	2.10494108437828	0.0127957391002255
0.501000000000000	2.10487500957914	0.0127760888105707
0.501100000000000	2.10480897746932	0.0127564672865980
0.501200000000000	2.10474298801283	0.0127368744832745
0.501300000000000	2.10467704117373	0.0127173103556477
0.501400000000000	2.10461113691610	0.0126977748588451
0.501500000000000	2.10454527520406	0.0126782679480740
0.501600000000000	2.10447945600176	0.0126587895786215
0.501700000000000	2.10441367927338	0.0126393397058542
0.501800000000000	2.10434794498312	0.0126199182852180
0.501900000000000	2.10428225309523	0.0126005252722382
0.502000000000000	2.10421660357398	0.0125811606225191
0.502100000000000	2.10415099638367	0.0125618242917438
0.502200000000000	2.10408543148864	0.0125425162356745
0.502300000000000	2.10401990885326	0.0125232364101516
0.502400000000000	2.10395442844191	0.0125039847710942
0.502500000000000	2.10388899021902	0.0124847612744995
0.502600000000000	2.10382359414906	0.0124655658764431
0.502700000000000	2.10375824019652	0.0124463985330783
0.502800000000000	2.10369292832590	0.0124272592006365
0.502900000000000	2.10362765850178	0.0124081478354265
0.503000000000000	2.10356243068871	0.0123890643938347
0.503100000000000	2.10349724485133	0.0123700088323250
0.503200000000000	2.10343210095427	0.0123509811074383
0.503300000000000	2.10336699896221	0.0123319811757928
0.503400000000000	2.10330193883985	0.0123130089940833
0.503500000000000	2.10323692055194	0.0122940645190815
0.503600000000000	2.10317194406323	0.0122751477076357
0.503700000000000	2.10310700933853	0.0122562585166708
0.503800000000000	2.10304211634266	0.0122373969031876
0.503900000000000	2.10297726504049	0.0122185628242633
0.504000000000000	2.10291245539691	0.0121997562370511
0.504100000000000	2.10284768737683	0.0121809770987800
0.504200000000000	2.10278296094521	0.0121622253667546
0.504300000000000	2.10271827606704	0.0121435009983551
0.504400000000000	2.10265363270733	0.0121248039510371
0.504500000000000	2.10258903083112	0.0121061341823314
0.504600000000000	2.10252447040349	0.0120874916498439
0.504700000000000	2.10245995138954	0.0120688763112555
0.504800000000000	2.10239547375441	0.0120502881243218
0.504900000000000	2.10233103746328	0.0120317270468730
0.505000000000000	2.10226664248133	0.0120131930368140
0.505100000000000	2.10220228877379	0.0119946860521238
0.505200000000000	2.10213797630594	0.0119762060508557
0.505300000000000	2.10207370504305	0.0119577529911370
0.505400000000000	2.10200947495044	0.0119393268311691
0.505500000000000	2.10194528599348	0.0119209275292270
0.505600000000000	2.10188113813754	0.0119025550436592
0.505700000000000	2.10181703134803	0.0118842093328878
0.505800000000000	2.10175296559040	0.0118658903554083
0.505900000000000	2.10168894083012	0.0118475980697893
0.506000000000000	2.10162495703270	0.0118293324346723
0.506100000000000	2.10156101416367	0.0118110934087718
0.506200000000000	2.10149711218860	0.0117928809508751
0.506300000000000	2.10143325107307	0.0117746950198420
0.506400000000000	2.10136943078273	0.0117565355746048
0.506500000000000	2.10130565128323	0.0117384025741682
0.506600000000000	2.10124191254025	0.0117202959776087
0.506700000000000	2.10117821451951	0.0117022157440753
0.506800000000000	2.10111455718676	0.0116841618327887
0.506900000000000	2.10105094050778	0.0116661342030411
0.507000000000000	2.10098736444838	0.0116481328141967
0.507100000000000	2.10092382897439	0.0116301576256909
0.507200000000000	2.10086033405170	0.0116122085970305
0.507300000000000	2.10079687964619	0.0115942856877934
0.507400000000000	2.10073346572380	0.0115763888576286
0.507500000000000	2.10067009225050	0.0115585180662561
0.507600000000000	2.10060675919226	0.0115406732734664
0.507700000000000	2.10054346651512	0.0115228544391209
0.507800000000000	2.10048021418512	0.0115050615231512
0.507900000000000	2.10041700216835	0.0114872944855594
0.508000000000000	2.10035383043093	0.0114695532864178
0.508100000000000	2.10029069893898	0.0114518378858687
0.508200000000000	2.10022760765869	0.0114341482441244
0.508300000000000	2.10016455655626	0.0114164843214669
0.508400000000000	2.10010154559792	0.0113988460782478
0.508500000000000	2.10003857474994	0.0113812334748884
0.508600000000000	2.09997564397861	0.0113636464718793
0.508700000000000	2.09991275325025	0.0113460850297801
0.508800000000000	2.09984990253121	0.0113285491092199
0.508900000000000	2.09978709178789	0.0113110386708964
0.509000000000000	2.09972432098670	0.0112935536755764
0.509100000000000	2.09966159009408	0.0112760940840953
0.509200000000000	2.09959889907650	0.0112586598573569
0.509300000000000	2.09953624790046	0.0112412509563336
0.509400000000000	2.09947363653252	0.0112238673420661
0.509500000000000	2.09941106493922	0.0112065089756633
0.509600000000000	2.09934853308716	0.0111891758183018
0.509700000000000	2.09928604094297	0.0111718678312264
0.509800000000000	2.09922358847330	0.0111545849757496
0.509900000000000	2.09916117564484	0.0111373272132514
0.510000000000000	2.09909880242430	0.0111200945051794
0.510100000000000	2.09903646877842	0.0111028868130486
0.510200000000000	2.09897417467398	0.0110857040984410
0.510300000000000	2.09891192007778	0.0110685463230059
0.510400000000000	2.09884970495666	0.0110514134484595
0.510500000000000	2.09878752927748	0.0110343054365848
0.510600000000000	2.09872539300713	0.0110172222492315
0.510700000000000	2.09866329611254	0.0110001638483159
0.510800000000000	2.09860123856067	0.0109831301958207
0.510900000000000	2.09853922031848	0.0109661212537950
0.511000000000000	2.09847724135300	0.0109491369843538
0.511100000000000	2.09841530163127	0.0109321773496784
0.511200000000000	2.09835340112037	0.0109152423120160
0.511300000000000	2.09829153978738	0.0108983318336796
0.511400000000000	2.09822971759945	0.0108814458770476
0.511500000000000	2.09816793452374	0.0108645844045643
0.511600000000000	2.09810619052743	0.0108477473787391
0.511700000000000	2.09804448557776	0.0108309347621469
0.511800000000000	2.09798281964196	0.0108141465174275
0.511900000000000	2.09792119268732	0.0107973826072860
0.512000000000000	2.09785960468115	0.0107806429944921
0.512100000000000	2.09779805559079	0.0107639276418806
0.512200000000000	2.09773654538360	0.0107472365123505
0.512300000000000	2.09767507402699	0.0107305695688657
0.512400000000000	2.09761364148838	0.0107139267744543
0.512500000000000	2.09755224773523	0.0106973080922087
0.512600000000000	2.09749089273503	0.0106807134852854
0.512700000000000	2.09742957645529	0.0106641429169050
0.512800000000000	2.09736829886356	0.0106475963503518
0.512900000000000	2.09730705992742	0.0106310737489741
0.513000000000000	2.09724585961446	0.0106145750761836
0.513100000000000	2.09718469789233	0.0105981002954556
0.513200000000000	2.09712357472868	0.0105816493703289
0.513300000000000	2.09706249009121	0.0105652222644054
0.513400000000000	2.09700144394764	0.0105488189413502
0.513500000000000	2.09694043626573	0.0105324393648914
0.513600000000000	2.09687946701325	0.0105160834988199
0.513700000000000	2.09681853615801	0.0104997513069896
0.513800000000000	2.09675764366786	0.0104834427533170
0.513900000000000	2.09669678951066	0.0104671578017807
0.514000000000000	2.09663597365431	0.0104508964164224
0.514100000000000	2.09657519606673	0.0104346585613455
0.514200000000000	2.09651445671589	0.0104184442007158
0.514300000000000	2.09645375556977	0.0104022532987613
0.514400000000000	2.09639309259638	0.0103860858197714
0.514500000000000	2.09633246776378	0.0103699417280980
0.514600000000000	2.09627188104002	0.0103538209881540
0.514700000000000	2.09621133239321	0.0103377235644143
0.514800000000000	2.09615082179149	0.0103216494214151
0.514900000000000	2.09609034920301	0.0103055985237539
0.515000000000000	2.09602991459597	0.0102895708360894
0.515100000000000	2.09596951793858	0.0102735663231414
0.515200000000000	2.09590915919909	0.0102575849496906
0.515300000000000	2.09584883834577	0.0102416266805787
0.515400000000000	2.09578855534694	0.0102256914807080
0.515500000000000	2.09572831017092	0.0102097793150413
0.515600000000000	2.09566810278608	0.0101938901486021
0.515700000000000	2.09560793316082	0.0101780239464742
0.515800000000000	2.09554780126355	0.0101621806738016
0.515900000000000	2.09548770706272	0.0101463602957884
0.516000000000000	2.09542765052681	0.0101305627776990
0.516100000000000	2.09536763162433	0.0101147880848572
0.516200000000000	2.09530765032382	0.0100990361826470
0.516300000000000	2.09524770659385	0.0100833070365120
0.516400000000000	2.09518780040300	0.0100676006119552
0.516500000000000	2.09512793171990	0.0100519168745393
0.516600000000000	2.09506810051320	0.0100362557898859
0.516700000000000	2.09500830675158	0.0100206173236763
0.516800000000000	2.09494855040375	0.0100050014416505
0.516900000000000	2.09488883143846	0.00998940810960779
0.517000000000000	2.09482914982446	0.00997383729340610
0.517100000000000	2.09476950553055	0.00995828895896216
0.517200000000000	2.09470989852556	0.00994276307225141
0.517300000000000	2.09465032877834	0.00992725959930776
0.517400000000000	2.09459079625777	0.00991177850622352
0.517500000000000	2.09453130093275	0.00989631975914933
0.517600000000000	2.09447184277224	0.00988088332429400
0.517700000000000	2.09441242174519	0.00986546916792440
0.517800000000000	2.09435303782060	0.00985007725636540
0.517900000000000	2.09429369096749	0.00983470755599962
0.518000000000000	2.09423438115492	0.00981936003326758
0.518100000000000	2.09417510835198	0.00980403465466725
0.518200000000000	2.09411587252775	0.00978873138675422
0.518300000000000	2.09405667365140	0.00977345019614148
0.518400000000000	2.09399751169207	0.00975819104949920
0.518500000000000	2.09393838661898	0.00974295391355490
0.518600000000000	2.09387929840133	0.00972773875509302
0.518700000000000	2.09382024700838	0.00971254554095504
0.518800000000000	2.09376123240942	0.00969737423803930
0.518900000000000	2.09370225457374	0.00968222481330077
0.519000000000000	2.09364331347069	0.00966709723375122
0.519100000000000	2.09358440906963	0.00965199146645875
0.519200000000000	2.09352554133995	0.00963690747854806
0.519300000000000	2.09346671025108	0.00962184523720003
0.519400000000000	2.09340791577245	0.00960680470965171
0.519500000000000	2.09334915787357	0.00959178586319638
0.519600000000000	2.09329043652391	0.00957678866518315
0.519700000000000	2.09323175169303	0.00956181308301706
0.519800000000000	2.09317310335048	0.00954685908415896
0.519900000000000	2.09311449146586	0.00953192663612524
0.520000000000000	2.09305591600878	0.00951701570648796
0.520100000000000	2.09299737694888	0.00950212626287452
0.520200000000000	2.09293887425585	0.00948725827296771
0.520300000000000	2.09288040789938	0.00947241170450556
0.520400000000000	2.09282197784920	0.00945758652528112
0.520500000000000	2.09276358407508	0.00944278270314264
0.520600000000000	2.09270522654680	0.00942800020599308
0.520700000000000	2.09264690523418	0.00941323900179031
0.520800000000000	2.09258862010705	0.00939849905854691
0.520900000000000	2.09253037113529	0.00938378034432994
0.521000000000000	2.09247215828879	0.00936908282726115
0.521100000000000	2.09241398153749	0.00935440647551646
0.521200000000000	2.09235584085133	0.00933975125732619
0.521300000000000	2.09229773620030	0.00932511714097481
0.521400000000000	2.09223966755440	0.00931050409480083
0.521500000000000	2.09218163488368	0.00929591208719681
0.521600000000000	2.09212363815820	0.00928134108660905
0.521700000000000	2.09206567734805	0.00926679106153769
0.521800000000000	2.09200775242335	0.00925226198053653
0.521900000000000	2.09194986335426	0.00923775381221286
0.522000000000000	2.09189201011094	0.00922326652522752
0.522100000000000	2.09183419266360	0.00920880008829458
0.522200000000000	2.09177641098248	0.00919435447018147
0.522300000000000	2.09171866503783	0.00917992963970869
0.522400000000000	2.09166095479993	0.00916552556574975
0.522500000000000	2.09160328023911	0.00915114221723124
0.522600000000000	2.09154564132570	0.00913677956313242
0.522700000000000	2.09148803803008	0.00912243757248541
0.522800000000000	2.09143047032263	0.00910811621437492
0.522900000000000	2.09137293817379	0.00909381545793816
0.523000000000000	2.09131544155401	0.00907953527236486
0.523100000000000	2.09125798043376	0.00906527562689701
0.523200000000000	2.09120055478356	0.00905103649082885
0.523300000000000	2.09114316457393	0.00903681783350679
0.523400000000000	2.09108580977544	0.00902261962432922
0.523500000000000	2.09102849035868	0.00900844183274653
0.523600000000000	2.09097120629427	0.00899428442826087
0.523700000000000	2.09091395755284	0.00898014738042619
0.523800000000000	2.09085674410507	0.00896603065884805
0.523900000000000	2.09079956592166	0.00895193423318352
0.524000000000000	2.09074242297334	0.00893785807314118
0.524100000000000	2.09068531523085	0.00892380214848091
0.524200000000000	2.09062824266498	0.00890976642901382
0.524300000000000	2.09057120524653	0.00889575088460219
0.524400000000000	2.09051420294633	0.00888175548515934
0.524500000000000	2.09045723573526	0.00886778020064956
0.524600000000000	2.09040030358420	0.00885382500108794
0.524700000000000	2.09034340646407	0.00883988985654040
0.524800000000000	2.09028654434580	0.00882597473712348
0.524900000000000	2.09022971720038	0.00881207961300422
0.525000000000000	2.09017292499879	0.00879820445440029
0.525100000000000	2.09011616771206	0.00878434923157958
0.525200000000000	2.09005944531124	0.00877051391486032
0.525300000000000	2.09000275776741	0.00875669847461090
0.525400000000000	2.08994610505169	0.00874290288124977
0.525500000000000	2.08988948713519	0.00872912710524545
0.525600000000000	2.08983290398907	0.00871537111711628
0.525700000000000	2.08977635558454	0.00870163488743039
0.525800000000000	2.08971984189279	0.00868791838680568
0.525900000000000	2.08966336288507	0.00867422158590956
0.526000000000000	2.08960691853265	0.00866054445545907
0.526100000000000	2.08955050880681	0.00864688696622058
0.526200000000000	2.08949413367889	0.00863324908900979
0.526300000000000	2.08943779312023	0.00861963079469171
0.526400000000000	2.08938148710219	0.00860603205418036
0.526500000000000	2.08932521559619	0.00859245283843895
0.526600000000000	2.08926897857365	0.00857889311847951
0.526700000000000	2.08921277600603	0.00856535286536302
0.526800000000000	2.08915660786480	0.00855183205019919
0.526900000000000	2.08910047412148	0.00853833064414636
0.527000000000000	2.08904437474759	0.00852484861841155
0.527100000000000	2.08898830971471	0.00851138594425018
0.527200000000000	2.08893227899442	0.00849794259296608
0.527300000000000	2.08887628255833	0.00848451853591145
0.527400000000000	2.08882032037808	0.00847111374448658
0.527500000000000	2.08876439242534	0.00845772819014003
0.527600000000000	2.08870849867181	0.00844436184436826
0.527700000000000	2.08865263908921	0.00843101467871573
0.527800000000000	2.08859681364928	0.00841768666477475
0.527900000000000	2.08854102232380	0.00840437777418532
0.528000000000000	2.08848526508456	0.00839108797863525
0.528100000000000	2.08842954190340	0.00837781724985975
0.528200000000000	2.08837385275216	0.00836456555964165
0.528300000000000	2.08831819760273	0.00835133287981111
0.528400000000000	2.08826257642701	0.00833811918224557
0.528500000000000	2.08820698919694	0.00832492443886981
0.528600000000000	2.08815143588446	0.00831174862165559
0.528700000000000	2.08809591646157	0.00829859170262178
0.528800000000000	2.08804043090028	0.00828545365383421
0.528900000000000	2.08798497917262	0.00827233444740551
0.529000000000000	2.08792956125066	0.00825923405549516
0.529100000000000	2.08787417710649	0.00824615245030926
0.529200000000000	2.08781882671222	0.00823308960410052
0.529300000000000	2.08776351003999	0.00822004548916819
0.529400000000000	2.08770822706198	0.00820702007785785
0.529500000000000	2.08765297775037	0.00819401334256155
0.529600000000000	2.08759776207739	0.00818102525571744
0.529700000000000	2.08754258001529	0.00816805578980992
0.529800000000000	2.08748743153633	0.00815510491736942
0.529900000000000	2.08743231661281	0.00814217261097231
0.530000000000000	2.08737723521706	0.00812925884324099
0.530100000000000	2.08732218732144	0.00811636358684350
0.530200000000000	2.08726717289831	0.00810348681449371
0.530300000000000	2.08721219192008	0.00809062849895112
0.530400000000000	2.08715724435917	0.00807778861302068
0.530500000000000	2.08710233018805	0.00806496712955297
0.530600000000000	2.08704744937919	0.00805216402144381
0.530700000000000	2.08699260190509	0.00803937926163433
0.530800000000000	2.08693778773830	0.00802661282311092
0.530900000000000	2.08688300685136	0.00801386467890505
0.531000000000000	2.08682825921687	0.00800113480209327
0.531100000000000	2.08677354480742	0.00798842316579701
0.531200000000000	2.08671886359566	0.00797572974318261
0.531300000000000	2.08666421555425	0.00796305450746121
0.531400000000000	2.08660960065587	0.00795039743188860
0.531500000000000	2.08655501887323	0.00793775848976524
0.531600000000000	2.08650047017908	0.00792513765443606
0.531700000000000	2.08644595454618	0.00791253489929047
0.531800000000000	2.08639147194731	0.00789995019776225
0.531900000000000	2.08633702235530	0.00788738352332942
0.532000000000000	2.08628260574297	0.00787483484951425
0.532100000000000	2.08622822208320	0.00786230414988305
0.532200000000000	2.08617387134889	0.00784979139804624
0.532300000000000	2.08611955351294	0.00783729656765814
0.532400000000000	2.08606526854830	0.00782481963241690
0.532500000000000	2.08601101642794	0.00781236056606456
0.532600000000000	2.08595679712484	0.00779991934238675
0.532700000000000	2.08590261061204	0.00778749593521277
0.532800000000000	2.08584845686258	0.00777509031841545
0.532900000000000	2.08579433584952	0.00776270246591103
0.533000000000000	2.08574024754595	0.00775033235165922
0.533100000000000	2.08568619192501	0.00773797994966293
0.533200000000000	2.08563216895984	0.00772564523396830
0.533300000000000	2.08557817862360	0.00771332817866463
0.533400000000000	2.08552422088950	0.00770102875788421
0.533500000000000	2.08547029573076	0.00768874694580239
0.533600000000000	2.08541640312062	0.00767648271663731
0.533700000000000	2.08536254303235	0.00766423604464995
0.533800000000000	2.08530871543926	0.00765200690414404
0.533900000000000	2.08525492031467	0.00763979526946592
0.534000000000000	2.08520115763192	0.00762760111500453
0.534100000000000	2.08514742736438	0.00761542441519126
0.534200000000000	2.08509372948547	0.00760326514449992
0.534300000000000	2.08504006396859	0.00759112327744667
0.534400000000000	2.08498643078720	0.00757899878858986
0.534500000000000	2.08493282991476	0.00756689165253010
0.534600000000000	2.08487926132479	0.00755480184391000
0.534700000000000	2.08482572499080	0.00754272933741422
0.534800000000000	2.08477222088635	0.00753067410776938
0.534900000000000	2.08471874898499	0.00751863612974387
0.535000000000000	2.08466530926034	0.00750661537814798
0.535100000000000	2.08461190168602	0.00749461182783357
0.535200000000000	2.08455852623567	0.00748262545369419
0.535300000000000	2.08450518288297	0.00747065623066494
0.535400000000000	2.08445187160161	0.00745870413372233
0.535500000000000	2.08439859236533	0.00744676913788433
0.535600000000000	2.08434534514785	0.00743485121821016
0.535700000000000	2.08429212992297	0.00742295034980029
0.535800000000000	2.08423894666448	0.00741106650779638
0.535900000000000	2.08418579534619	0.00739919966738108
0.536000000000000	2.08413267594196	0.00738734980377817
0.536100000000000	2.08407958842565	0.00737551689225223
0.536200000000000	2.08402653277117	0.00736370090810877
0.536300000000000	2.08397350895242	0.00735190182669406
0.536400000000000	2.08392051694337	0.00734011962339501
0.536500000000000	2.08386755671798	0.00732835427363927
0.536600000000000	2.08381462825024	0.00731660575289491
0.536700000000000	2.08376173151417	0.00730487403667053
0.536800000000000	2.08370886648382	0.00729315910051514
0.536900000000000	2.08365603313326	0.00728146092001801
0.537000000000000	2.08360323143657	0.00726977947080875
0.537100000000000	2.08355046136788	0.00725811472855703
0.537200000000000	2.08349772290133	0.00724646666897270
0.537300000000000	2.08344501601108	0.00723483526780558
0.537400000000000	2.08339234067133	0.00722322050084544
0.537500000000000	2.08333969685628	0.00721162234392197
0.537600000000000	2.08328708454019	0.00720004077290461
0.537700000000000	2.08323450369731	0.00718847576370251
0.537800000000000	2.08318195430193	0.00717692729226453
0.537900000000000	2.08312943632836	0.00716539533457904
0.538000000000000	2.08307694975095	0.00715387986667398
0.538100000000000	2.08302449454405	0.00714238086461664
0.538200000000000	2.08297207068205	0.00713089830451373
0.538300000000000	2.08291967813936	0.00711943216251124
0.538400000000000	2.08286731689041	0.00710798241479430
0.538500000000000	2.08281498690966	0.00709654903758728
0.538600000000000	2.08276268817159	0.00708513200715352
0.538700000000000	2.08271042065071	0.00707373129979540
0.538800000000000	2.08265818432156	0.00706234689185425
0.538900000000000	2.08260597915868	0.00705097875971015
0.539000000000000	2.08255380513665	0.00703962687978206
0.539100000000000	2.08250166223008	0.00702829122852757
0.539200000000000	2.08244955041359	0.00701697178244295
0.539300000000000	2.08239746966184	0.00700566851806300
0.539400000000000	2.08234541994949	0.00699438141196101
0.539500000000000	2.08229340125126	0.00698311044074871
0.539600000000000	2.08224141354186	0.00697185558107615
0.539700000000000	2.08218945679604	0.00696061680963168
0.539800000000000	2.08213753098856	0.00694939410314183
0.539900000000000	2.08208563609424	0.00693818743837125
0.540000000000000	2.08203377208787	0.00692699679212274
0.540100000000000	2.08198193894431	0.00691582214123697
0.540200000000000	2.08193013663843	0.00690466346259262
0.540300000000000	2.08187836514510	0.00689352073310618
0.540400000000000	2.08182662443925	0.00688239392973193
0.540500000000000	2.08177491449582	0.00687128302946191
0.540600000000000	2.08172323528976	0.00686018800932571
0.540700000000000	2.08167158679606	0.00684910884639057
0.540800000000000	2.08161996898974	0.00683804551776120
0.540900000000000	2.08156838184581	0.00682699800057974
0.541000000000000	2.08151682533934	0.00681596627202574
0.541100000000000	2.08146529944541	0.00680495030931597
0.541200000000000	2.08141380413913	0.00679395008970450
0.541300000000000	2.08136233939561	0.00678296559048252
0.541400000000000	2.08131090519001	0.00677199678897830
0.541500000000000	2.08125950149751	0.00676104366255719
0.541600000000000	2.08120812829330	0.00675010618862142
0.541700000000000	2.08115678555260	0.00673918434461015
0.541800000000000	2.08110547325066	0.00672827810799935
0.541900000000000	2.08105419136275	0.00671738745630169
0.542000000000000	2.08100293986415	0.00670651236706664
0.542100000000000	2.08095171873019	0.00669565281788017
0.542200000000000	2.08090052793620	0.00668480878636482
0.542300000000000	2.08084936745755	0.00667398025017967
0.542400000000000	2.08079823726961	0.00666316718702012
0.542500000000000	2.08074713734780	0.00665236957461802
0.542600000000000	2.08069606766756	0.00664158739074138
0.542700000000000	2.08064502820432	0.00663082061319450
0.542800000000000	2.08059401893359	0.00662006921981785
0.542900000000000	2.08054303983085	0.00660933318848785
0.543000000000000	2.08049209087163	0.00659861249711710
0.543100000000000	2.08044117203148	0.00658790712365402
0.543200000000000	2.08039028328597	0.00657721704608295
0.543300000000000	2.08033942461070	0.00656654224242407
0.543400000000000	2.08028859598128	0.00655588269073323
0.543500000000000	2.08023779737335	0.00654523836910208
0.543600000000000	2.08018702876259	0.00653460925565778
0.543700000000000	2.08013629012467	0.00652399532856309
0.543800000000000	2.08008558143531	0.00651339656601625
0.543900000000000	2.08003490267023	0.00650281294625089
0.544000000000000	2.07998425380521	0.00649224444753607
0.544100000000000	2.07993363481601	0.00648169104817607
0.544200000000000	2.07988304567843	0.00647115272651042
0.544300000000000	2.07983248636832	0.00646062946091382
0.544400000000000	2.07978195686150	0.00645012122979604
0.544500000000000	2.07973145713385	0.00643962801160192
0.544600000000000	2.07968098716127	0.00642914978481124
0.544700000000000	2.07963054691968	0.00641868652793869
0.544800000000000	2.07958013638501	0.00640823821953381
0.544900000000000	2.07952975553323	0.00639780483818088
0.545000000000000	2.07947940434032	0.00638738636249898
0.545100000000000	2.07942908278228	0.00637698277114172
0.545200000000000	2.07937879083516	0.00636659404279739
0.545300000000000	2.07932852847501	0.00635622015618877
0.545400000000000	2.07927829567790	0.00634586109007306
0.545500000000000	2.07922809241992	0.00633551682324195
0.545600000000000	2.07917791867721	0.00632518733452135
0.545700000000000	2.07912777442591	0.00631487260277154
0.545800000000000	2.07907765964219	0.00630457260688695
0.545900000000000	2.07902757430222	0.00629428732579614
0.546000000000000	2.07897751838224	0.00628401673846184
0.546100000000000	2.07892749185847	0.00627376082388069
0.546200000000000	2.07887749470717	0.00626351956108336
0.546300000000000	2.07882752690461	0.00625329292913441
0.546400000000000	2.07877758842712	0.00624308090713218
0.546500000000000	2.07872767925100	0.00623288347420887
0.546600000000000	2.07867779935260	0.00622270060953032
0.546700000000000	2.07862794870830	0.00621253229229603
0.546800000000000	2.07857812729450	0.00620237850173913
0.546900000000000	2.07852833508759	0.00619223921712620
0.547000000000000	2.07847857206403	0.00618211441775739
0.547100000000000	2.07842883820026	0.00617200408296615
0.547200000000000	2.07837913347279	0.00616190819211934
0.547300000000000	2.07832945785809	0.00615182672461709
0.547400000000000	2.07827981133272	0.00614175965989271
0.547500000000000	2.07823019387321	0.00613170697741273
0.547600000000000	2.07818060545613	0.00612166865667677
0.547700000000000	2.07813104605808	0.00611164467721744
0.547800000000000	2.07808151565568	0.00610163501860040
0.547900000000000	2.07803201422556	0.00609163966042415
0.548000000000000	2.07798254174438	0.00608165858232015
0.548100000000000	2.07793309818883	0.00607169176395259
0.548200000000000	2.07788368353561	0.00606173918501841
0.548300000000000	2.07783429776144	0.00605180082524724
0.548400000000000	2.07778494084308	0.00604187666440132
0.548500000000000	2.07773561275730	0.00603196668227550
0.548600000000000	2.07768631348089	0.00602207085869706
0.548700000000000	2.07763704299066	0.00601218917352579
0.548800000000000	2.07758780126345	0.00600232160665382
0.548900000000000	2.07753858827612	0.00599246813800560
0.549000000000000	2.07748940400556	0.00598262874753792
0.549100000000000	2.07744024842866	0.00597280341523971
0.549200000000000	2.07739112152235	0.00596299212113204
0.549300000000000	2.07734202326358	0.00595319484526816
0.549400000000000	2.07729295362931	0.00594341156773322
0.549500000000000	2.07724391259653	0.00593364226864449
0.549600000000000	2.07719490014227	0.00592388692815105
0.549700000000000	2.07714591624355	0.00591414552643389
0.549800000000000	2.07709696087742	0.00590441804370579
0.549900000000000	2.07704803402098	0.00589470446021126
0.550000000000000	2.07699913565131	0.00588500475622655
0.550100000000000	2.07695026574553	0.00587531891205944
0.550200000000000	2.07690142428080	0.00586564690804939
0.550300000000000	2.07685261123428	0.00585598872456733
0.550400000000000	2.07680382658314	0.00584634434201560
0.550500000000000	2.07675507030461	0.00583671374082803
0.550600000000000	2.07670634237591	0.00582709690146972
0.550700000000000	2.07665764277428	0.00581749380443709
0.550800000000000	2.07660897147702	0.00580790443025780
0.550900000000000	2.07656032846140	0.00579832875949064
0.551000000000000	2.07651171370476	0.00578876677272559
0.551100000000000	2.07646312718441	0.00577921845058361
0.551200000000000	2.07641456887773	0.00576968377371671
0.551300000000000	2.07636603876209	0.00576016272280787
0.551400000000000	2.07631753681490	0.00575065527857087
0.551500000000000	2.07626906301358	0.00574116142175047
0.551600000000000	2.07622061733558	0.00573168113312207
0.551700000000000	2.07617219975836	0.00572221439349188
0.551800000000000	2.07612381025941	0.00571276118369678
0.551900000000000	2.07607544881624	0.00570332148460419
0.552000000000000	2.07602711540638	0.00569389527711220
0.552100000000000	2.07597881000738	0.00568448254214930
0.552200000000000	2.07593053259682	0.00567508326067450
0.552300000000000	2.07588228315229	0.00566569741367718
0.552400000000000	2.07583406165141	0.00565632498217702
0.552500000000000	2.07578586807182	0.00564696594722408
0.552600000000000	2.07573770239117	0.00563762028989856
0.552700000000000	2.07568956458714	0.00562828799131087
0.552800000000000	2.07564145463744	0.00561896903260156
0.552900000000000	2.07559337251978	0.00560966339494118
0.553000000000000	2.07554531821192	0.00560037105953040
0.553100000000000	2.07549729169161	0.00559109200759973
0.553200000000000	2.07544929293664	0.00558182622040968
0.553300000000000	2.07540132192481	0.00557257367925056
0.553400000000000	2.07535337863396	0.00556333436544246
0.553500000000000	2.07530546304194	0.00555410826033530
0.553600000000000	2.07525757512661	0.00554489534530860
0.553700000000000	2.07520971486586	0.00553569560177153
0.553800000000000	2.07516188223761	0.00552650901116290
0.553900000000000	2.07511407721979	0.00551733555495097
0.554000000000000	2.07506629979035	0.00550817521463355
0.554100000000000	2.07501854992727	0.00549902797173782
0.554200000000000	2.07497082760855	0.00548989380782036
0.554300000000000	2.07492313281219	0.00548077270446706
0.554400000000000	2.07487546551625	0.00547166464329306
0.554500000000000	2.07482782569877	0.00546256960594275
0.554600000000000	2.07478021333783	0.00545348757408964
0.554700000000000	2.07473262841154	0.00544441852943636
0.554800000000000	2.07468507089802	0.00543536245371462
0.554900000000000	2.07463754077540	0.00542631932868508
0.555000000000000	2.07459003802186	0.00541728913613743
0.555100000000000	2.07454256261557	0.00540827185789017
0.555200000000000	2.07449511453473	0.00539926747579071
0.555300000000000	2.07444769375758	0.00539027597171525
0.555400000000000	2.07440030026235	0.00538129732756869
0.555500000000000	2.07435293402732	0.00537233152528467
0.555600000000000	2.07430559503076	0.00536337854682545
0.555700000000000	2.07425828325099	0.00535443837418189
0.555800000000000	2.07421099866634	0.00534551098937339
0.555900000000000	2.07416374125514	0.00533659637444778
0.556000000000000	2.07411651099578	0.00532769451148144
0.556100000000000	2.07406930786664	0.00531880538257902
0.556200000000000	2.07402213184612	0.00530992896987359
0.556300000000000	2.07397498291267	0.00530106525552645
0.556400000000000	2.07392786104473	0.00529221422172715
0.556500000000000	2.07388076622077	0.00528337585069344
0.556600000000000	2.07383369841928	0.00527455012467117
0.556700000000000	2.07378665761878	0.00526573702593431
0.556800000000000	2.07373964379780	0.00525693653678482
0.556900000000000	2.07369265693489	0.00524814863955264
0.557000000000000	2.07364569700862	0.00523937331659573
0.557100000000000	2.07359876399760	0.00523061055029981
0.557200000000000	2.07355185788042	0.00522186032307850
0.557300000000000	2.07350497863573	0.00521312261737320
0.557400000000000	2.07345812624219	0.00520439741565299
0.557500000000000	2.07341130067845	0.00519568470041473
0.557600000000000	2.07336450192323	0.00518698445418281
0.557700000000000	2.07331772995524	0.00517829665950929
0.557800000000000	2.07327098475320	0.00516962129897371
0.557900000000000	2.07322426629589	0.00516095835518308
0.558000000000000	2.07317757456206	0.00515230781077193
0.558100000000000	2.07313090953052	0.00514366964840210
0.558200000000000	2.07308427118009	0.00513504385076278
0.558300000000000	2.07303765948960	0.00512643040057051
0.558400000000000	2.07299107443791	0.00511782928056897
0.558500000000000	2.07294451600388	0.00510924047352913
0.558600000000000	2.07289798416643	0.00510066396224905
0.558700000000000	2.07285147890446	0.00509209972955390
0.558800000000000	2.07280500019692	0.00508354775829590
0.558900000000000	2.07275854802275	0.00507500803135425
0.559000000000000	2.07271212236094	0.00506648053163515
0.559100000000000	2.07266572319047	0.00505796524207165
0.559200000000000	2.07261935049038	0.00504946214562368
0.559300000000000	2.07257300423969	0.00504097122527799
0.559400000000000	2.07252668441745	0.00503249246404805
0.559500000000000	2.07248039100275	0.00502402584497411
0.559600000000000	2.07243412397468	0.00501557135112301
0.559700000000000	2.07238788331235	0.00500712896558824
0.559800000000000	2.07234166899491	0.00499869867148989
0.559900000000000	2.07229548100150	0.00499028045197450
0.560000000000000	2.07224931931130	0.00498187429021520
0.560100000000000	2.07220318390350	0.00497348016941141
0.560200000000000	2.07215707475733	0.00496509807278905
0.560300000000000	2.07211099185201	0.00495672798360031
0.560400000000000	2.07206493516679	0.00494836988512367
0.560500000000000	2.07201890468096	0.00494002376066391
0.560600000000000	2.07197290037380	0.00493168959355192
0.560700000000000	2.07192692222462	0.00492336736714480
0.560800000000000	2.07188097021276	0.00491505706482576
0.560900000000000	2.07183504431758	0.00490675867000399
0.561000000000000	2.07178914451843	0.00489847216611478
0.561100000000000	2.07174327079472	0.00489019753661932
0.561200000000000	2.07169742312584	0.00488193476500476
0.561300000000000	2.07165160149125	0.00487368383478409
0.561400000000000	2.07160580587037	0.00486544472949613
0.561500000000000	2.07156003624269	0.00485721743270552
0.561600000000000	2.07151429258768	0.00484900192800259
0.561700000000000	2.07146857488486	0.00484079819900336
0.561800000000000	2.07142288311376	0.00483260622934953
0.561900000000000	2.07137721725392	0.00482442600270835
0.562000000000000	2.07133157728491	0.00481625750277267
0.562100000000000	2.07128596318631	0.00480810071326081
0.562200000000000	2.07124037493773	0.00479995561791658
0.562300000000000	2.07119481251879	0.00479182220050919
0.562400000000000	2.07114927590913	0.00478370044483321
0.562500000000000	2.07110376508843	0.00477559033470858
0.562600000000000	2.07105828003635	0.00476749185398048
0.562700000000000	2.07101282073261	0.00475940498651936
0.562800000000000	2.07096738715691	0.00475132971622084
0.562900000000000	2.07092197928901	0.00474326602700569
0.563000000000000	2.07087659710866	0.00473521390281982
0.563100000000000	2.07083124059564	0.00472717332763415
0.563200000000000	2.07078590972974	0.00471914428544465
0.563300000000000	2.07074060449079	0.00471112676027225
0.563400000000000	2.07069532485861	0.00470312073616280
0.563500000000000	2.07065007081307	0.00469512619718706
0.563600000000000	2.07060484233403	0.00468714312744061
0.563700000000000	2.07055963940139	0.00467917151104380
0.563800000000000	2.07051446199506	0.00467121133214182
0.563900000000000	2.07046931009496	0.00466326257490444
0.564000000000000	2.07042418368106	0.00465532522352623
0.564100000000000	2.07037908273332	0.00464739926222628
0.564200000000000	2.07033400723173	0.00463948467524829
0.564300000000000	2.07028895715628	0.00463158144686054
0.564400000000000	2.07024393248702	0.00462368956135572
0.564500000000000	2.07019893320398	0.00461580900305105
0.564600000000000	2.07015395928722	0.00460793975628809
0.564700000000000	2.07010901071684	0.00460008180543279
0.564800000000000	2.07006408747292	0.00459223513487545
0.564900000000000	2.07001918953560	0.00458439972903056
0.565000000000000	2.06997431688500	0.00457657557233697
0.565100000000000	2.06992946950129	0.00456876264925762
0.565200000000000	2.06988464736464	0.00456096094427962
0.565300000000000	2.06983985045525	0.00455317044191423
0.565400000000000	2.06979507875332	0.00454539112669670
0.565500000000000	2.06975033223910	0.00453762298318640
0.565600000000000	2.06970561089284	0.00452986599596659
0.565700000000000	2.06966091469480	0.00452212014964450
0.565800000000000	2.06961624362527	0.00451438542885130
0.565900000000000	2.06957159766457	0.00450666181824192
0.566000000000000	2.06952697679300	0.00449894930249520
0.566100000000000	2.06948238099093	0.00449124786631368
0.566200000000000	2.06943781023871	0.00448355749442366
0.566300000000000	2.06939326451673	0.00447587817157513
0.566400000000000	2.06934874380538	0.00446820988254169
0.566500000000000	2.06930424808508	0.00446055261212061
0.566600000000000	2.06925977733628	0.00445290634513264
0.566700000000000	2.06921533153942	0.00444527106642212
0.566800000000000	2.06917091067498	0.00443764676085684
0.566900000000000	2.06912651472345	0.00443003341332802
0.567000000000000	2.06908214366535	0.00442243100875032
0.567100000000000	2.06903779748120	0.00441483953206169
0.567200000000000	2.06899347615155	0.00440725896822344
0.567300000000000	2.06894917965697	0.00439968930222017
0.567400000000000	2.06890490797804	0.00439213051905965
0.567500000000000	2.06886066109537	0.00438458260377294
0.567600000000000	2.06881643898957	0.00437704554141415
0.567700000000000	2.06877224164129	0.00436951931706057
0.567800000000000	2.06872806903118	0.00436200391581255
0.567900000000000	2.06868392113993	0.00435449932279345
0.568000000000000	2.06863979794821	0.00434700552314964
0.568100000000000	2.06859569943675	0.00433952250205045
0.568200000000000	2.06855162558628	0.00433205024468807
0.568300000000000	2.06850757637755	0.00432458873627765
0.568400000000000	2.06846355179132	0.00431713796205708
0.568500000000000	2.06841955180838	0.00430969790728710
0.568600000000000	2.06837557640954	0.00430226855725119
0.568700000000000	2.06833162557561	0.00429484989725551
0.568800000000000	2.06828769928743	0.00428744191262895
0.568900000000000	2.06824379752587	0.00428004458872295
0.569000000000000	2.06819992027179	0.00427265791091166
0.569100000000000	2.06815606750610	0.00426528186459166
0.569200000000000	2.06811223920970	0.00425791643518212
0.569300000000000	2.06806843536352	0.00425056160812467
0.569400000000000	2.06802465594852	0.00424321736888336
0.569500000000000	2.06798090094566	0.00423588370294466
0.569600000000000	2.06793717033592	0.00422856059581738
0.569700000000000	2.06789346410030	0.00422124803303265
0.569800000000000	2.06784978221983	0.00421394600014390
0.569900000000000	2.06780612467554	0.00420665448272676
0.570000000000000	2.06776249144849	0.00419937346637911
0.570100000000000	2.06771888251976	0.00419210293672097
0.570200000000000	2.06767529787042	0.00418484287939447
0.570300000000000	2.06763173748160	0.00417759328006386
0.570400000000000	2.06758820133441	0.00417035412441541
0.570500000000000	2.06754468941002	0.00416312539815743
0.570600000000000	2.06750120168957	0.00415590708702016
0.570700000000000	2.06745773815424	0.00414869917675581
0.570800000000000	2.06741429878524	0.00414150165313846
0.570900000000000	2.06737088356379	0.00413431450196406
0.571000000000000	2.06732749247111	0.00412713770905040
0.571100000000000	2.06728412548845	0.00411997126023700
0.571200000000000	2.06724078259710	0.00411281514138518
0.571300000000000	2.06719746377832	0.00410566933837791
0.571400000000000	2.06715416901343	0.00409853383711987
0.571500000000000	2.06711089828375	0.00409140862353736
0.571600000000000	2.06706765157062	0.00408429368357826
0.571700000000000	2.06702442885540	0.00407718900321202
0.571800000000000	2.06698123011945	0.00407009456842960
0.571900000000000	2.06693805534418	0.00406301036524343
0.572000000000000	2.06689490451099	0.00405593637968744
0.572100000000000	2.06685177760131	0.00404887259781688
0.572200000000000	2.06680867459658	0.00404181900570842
0.572300000000000	2.06676559547827	0.00403477558946007
0.572400000000000	2.06672254022786	0.00402774233519109
0.572500000000000	2.06667950882684	0.00402071922904207
0.572600000000000	2.06663650125673	0.00401370625717473
0.572700000000000	2.06659351749906	0.00400670340577205
0.572800000000000	2.06655055753538	0.00399971066103813
0.572900000000000	2.06650762134726	0.00399272800919817
0.573000000000000	2.06646470891627	0.00398575543649848
0.573100000000000	2.06642182022403	0.00397879292920636
0.573200000000000	2.06637895525215	0.00397184047361015
0.573300000000000	2.06633611398227	0.00396489805601914
0.573400000000000	2.06629329639604	0.00395796566276355
0.573500000000000	2.06625050247514	0.00395104328019450
0.573600000000000	2.06620773220124	0.00394413089468395
0.573700000000000	2.06616498555605	0.00393722849262471
0.573800000000000	2.06612226252131	0.00393033606043035
0.573900000000000	2.06607956307874	0.00392345358453518
0.574000000000000	2.06603688721010	0.00391658105139427
0.574100000000000	2.06599423489717	0.00390971844748333
0.574200000000000	2.06595160612174	0.00390286575929870
0.574300000000000	2.06590900086562	0.00389602297335738
0.574400000000000	2.06586641911063	0.00388919007619686
0.574500000000000	2.06582386083861	0.00388236705437524
0.574600000000000	2.06578132603143	0.00387555389447109
0.574700000000000	2.06573881467096	0.00386875058308344
0.574800000000000	2.06569632673910	0.00386195710683177
0.574900000000000	2.06565386221775	0.00385517345235590
0.575000000000000	2.06561142108884	0.00384839960631609
0.575100000000000	2.06556900333433	0.00384163555539284
0.575200000000000	2.06552660893616	0.00383488128628700
0.575300000000000	2.06548423787632	0.00382813678571966
0.575400000000000	2.06544189013680	0.00382140204043209
0.575500000000000	2.06539956569962	0.00381467703718581
0.575600000000000	2.06535726454680	0.00380796176276244
0.575700000000000	2.06531498666040	0.00380125620396371
0.575800000000000	2.06527273202247	0.00379456034761147
0.575900000000000	2.06523050061510	0.00378787418054757
0.576000000000000	2.06518829242037	0.00378119768963392
0.576100000000000	2.06514610742042	0.00377453086175236
0.576200000000000	2.06510394559736	0.00376787368380469
0.576300000000000	2.06506180693334	0.00376122614271264
0.576400000000000	2.06501969141053	0.00375458822541778
0.576500000000000	2.06497759901111	0.00374795991888153
0.576600000000000	2.06493552971727	0.00374134121008511
0.576700000000000	2.06489348351124	0.00373473208602953
0.576800000000000	2.06485146037523	0.00372813253373553
0.576900000000000	2.06480946029150	0.00372154254024353
0.577000000000000	2.06476748324232	0.00371496209261366
0.577100000000000	2.06472552920996	0.00370839117792564
0.577200000000000	2.06468359817672	0.00370182978327884
0.577300000000000	2.06464169012491	0.00369527789579216
0.577400000000000	2.06459980503688	0.00368873550260404
0.577500000000000	2.06455794289495	0.00368220259087247
0.577600000000000	2.06451610368150	0.00367567914777481
0.577700000000000	2.06447428737891	0.00366916516050797
0.577800000000000	2.06443249396958	0.00366266061628817
0.577900000000000	2.06439072343591	0.00365616550235102
0.578000000000000	2.06434897576035	0.00364967980595152
0.578100000000000	2.06430725092532	0.00364320351436391
0.578200000000000	2.06426554891331	0.00363673661488169
0.578300000000000	2.06422386970678	0.00363027909481766
0.578400000000000	2.06418221328824	0.00362383094150375
0.578500000000000	2.06414057964019	0.00361739214229113
0.578600000000000	2.06409896874517	0.00361096268455005
0.578700000000000	2.06405738058571	0.00360454255566989
0.578800000000000	2.06401581514439	0.00359813174305910
0.578900000000000	2.06397427240377	0.00359173023414514
0.579000000000000	2.06393275234646	0.00358533801637456
0.579100000000000	2.06389125495506	0.00357895507721278
0.579200000000000	2.06384978021220	0.00357258140414421
0.579300000000000	2.06380832810052	0.00356621698467219
0.579400000000000	2.06376689860269	0.00355986180631888
0.579500000000000	2.06372549170137	0.00355351585662537
0.579600000000000	2.06368410737926	0.00354717912315145
0.579700000000000	2.06364274561907	0.00354085159347579
0.579800000000000	2.06360140640352	0.00353453325519577
0.579900000000000	2.06356008971535	0.00352822409592744
0.580000000000000	2.06351879553732	0.00352192410330564
0.580100000000000	2.06347752385220	0.00351563326498375
0.580200000000000	2.06343627464278	0.00350935156863385
0.580300000000000	2.06339504789187	0.00350307900194657
0.580400000000000	2.06335384358228	0.00349681555263111
0.580500000000000	2.06331266169685	0.00349056120841520
0.580600000000000	2.06327150221844	0.00348431595704503
0.580700000000000	2.06323036512991	0.00347807978628531
0.580800000000000	2.06318925041415	0.00347185268391913
0.580900000000000	2.06314815805406	0.00346563463774799
0.581000000000000	2.06310708803256	0.00345942563559180
0.581100000000000	2.06306604033259	0.00345322566528874
0.581200000000000	2.06302501493708	0.00344703471469535
0.581300000000000	2.06298401182901	0.00344085277168641
0.581400000000000	2.06294303099136	0.00343467982415495
0.581500000000000	2.06290207240712	0.00342851586001225
0.581600000000000	2.06286113605931	0.00342236086718771
0.581700000000000	2.06282022193095	0.00341621483362892
0.581800000000000	2.06277933000510	0.00341007774730159
0.581900000000000	2.06273846026480	0.00340394959618948
0.582000000000000	2.06269761269314	0.00339783036829448
0.582100000000000	2.06265678727322	0.00339172005163642
0.582200000000000	2.06261598398813	0.00338561863425320
0.582300000000000	2.06257520282099	0.00337952610420064
0.582400000000000	2.06253444375497	0.00337344244955251
0.582500000000000	2.06249370677319	0.00336736765840051
0.582600000000000	2.06245299185885	0.00336130171885416
0.582700000000000	2.06241229899511	0.00335524461904087
0.582800000000000	2.06237162816519	0.00334919634710587
0.582900000000000	2.06233097935231	0.00334315689121211
0.583000000000000	2.06229035253970	0.00333712623954038
0.583100000000000	2.06224974771060	0.00333110438028913
0.583200000000000	2.06220916484829	0.00332509130167452
0.583300000000000	2.06216860393603	0.00331908699193038
0.583400000000000	2.06212806495714	0.00331309143930818
0.583500000000000	2.06208754789492	0.00330710463207699
0.583600000000000	2.06204705273270	0.00330112655852343
0.583700000000000	2.06200657945382	0.00329515720695169
0.583800000000000	2.06196612804165	0.00328919656568347
0.583900000000000	2.06192569847955	0.00328324462305794
0.584000000000000	2.06188529075091	0.00327730136743176
0.584100000000000	2.06184490483914	0.00327136678717897
0.584200000000000	2.06180454072767	0.00326544087069104
0.584300000000000	2.06176419839992	0.00325952360637680
0.584400000000000	2.06172387783935	0.00325361498266238
0.584500000000000	2.06168357902942	0.00324771498799130
0.584600000000000	2.06164330195362	0.00324182361082427
0.584700000000000	2.06160304659545	0.00323594083963930
0.584800000000000	2.06156281293842	0.00323006666293161
0.584900000000000	2.06152260096606	0.00322420106921359
0.585000000000000	2.06148241066190	0.00321834404701485
0.585100000000000	2.06144224200952	0.00321249558488206
0.585200000000000	2.06140209499249	0.00320665567137905
0.585300000000000	2.06136196959439	0.00320082429508669
0.585400000000000	2.06132186579883	0.00319500144460291
0.585500000000000	2.06128178358943	0.00318918710854267
0.585600000000000	2.06124172294983	0.00318338127553790
0.585700000000000	2.06120168386368	0.00317758393423750
0.585800000000000	2.06116166631464	0.00317179507330729
0.585900000000000	2.06112167028640	0.00316601468143000
0.586000000000000	2.06108169576265	0.00316024274730526
0.586100000000000	2.06104174272710	0.00315447925964950
0.586200000000000	2.06100181116349	0.00314872420719600
0.586300000000000	2.06096190105555	0.00314297757869482
0.586400000000000	2.06092201238705	0.00313723936291276
0.586500000000000	2.06088214514174	0.00313150954863341
0.586600000000000	2.06084229930343	0.00312578812465700
0.586700000000000	2.06080247485591	0.00312007507980048
0.586800000000000	2.06076267178300	0.00311437040289744
0.586900000000000	2.06072289006854	0.00310867408279805
0.587000000000000	2.06068312969637	0.00310298610836915
0.587100000000000	2.06064339065036	0.00309730646849407
0.587200000000000	2.06060367291437	0.00309163515207271
0.587300000000000	2.06056397647232	0.00308597214802151
0.587400000000000	2.06052430130809	0.00308031744527331
0.587500000000000	2.06048464740563	0.00307467103277749
0.587600000000000	2.06044501474886	0.00306903289949979
0.587700000000000	2.06040540332173	0.00306340303442239
0.587800000000000	2.06036581310822	0.00305778142654383
0.587900000000000	2.06032624409231	0.00305216806487897
0.588000000000000	2.06028669625799	0.00304656293845902
0.588100000000000	2.06024716958928	0.00304096603633146
0.588200000000000	2.06020766407020	0.00303537734756002
0.588300000000000	2.06016817968480	0.00302979686122471
0.588400000000000	2.06012871641713	0.00302422456642168
0.588500000000000	2.06008927425127	0.00301866045226331
0.588600000000000	2.06004985317129	0.00301310450787810
0.588700000000000	2.06001045316131	0.00300755672241070
0.588800000000000	2.05997107420544	0.00300201708502186
0.588900000000000	2.05993171628781	0.00299648558488836
0.589000000000000	2.05989237939256	0.00299096221120308
0.589100000000000	2.05985306350386	0.00298544695317488
0.589200000000000	2.05981376860587	0.00297993980002860
0.589300000000000	2.05977449468280	0.00297444074100510
0.589400000000000	2.05973524171884	0.00296894976536110
0.589500000000000	2.05969600969821	0.00296346686236930
0.589600000000000	2.05965679860515	0.00295799202131824
0.589700000000000	2.05961760842390	0.00295252523151234
0.589800000000000	2.05957843913873	0.00294706648227183
0.589900000000000	2.05953929073391	0.00294161576293275
0.590000000000000	2.05950016319374	0.00293617306284694
0.590100000000000	2.05946105650253	0.00293073837138195
0.590200000000000	2.05942197064459	0.00292531167792108
0.590300000000000	2.05938290560426	0.00291989297186335
0.590400000000000	2.05934386136589	0.00291448224262339
0.590500000000000	2.05930483791384	0.00290907947963154
0.590600000000000	2.05926583523250	0.00290368467233372
0.590700000000000	2.05922685330626	0.00289829781019146
0.590800000000000	2.05918789211953	0.00289291888268186
0.590900000000000	2.05914895165672	0.00288754787929754
0.591000000000000	2.05911003190228	0.00288218478954667
0.591100000000000	2.05907113284066	0.00287682960295287
0.591200000000000	2.05903225445632	0.00287148230905526
0.591300000000000	2.05899339673374	0.00286614289740838
0.591400000000000	2.05895455965743	0.00286081135758217
0.591500000000000	2.05891574321188	0.00285548767916200
0.591600000000000	2.05887694738162	0.00285017185174855
0.591700000000000	2.05883817215120	0.00284486386495785
0.591800000000000	2.05879941750515	0.00283956370842128
0.591900000000000	2.05876068342805	0.00283427137178543
0.592000000000000	2.05872196990448	0.00282898684471223
0.592100000000000	2.05868327691903	0.00282371011687878
0.592200000000000	2.05864460445631	0.00281844117797741
0.592300000000000	2.05860595250095	0.00281318001771565
0.592400000000000	2.05856732103758	0.00280792662581616
0.592500000000000	2.05852871005086	0.00280268099201675
0.592600000000000	2.05849011952545	0.00279744310607032
0.592700000000000	2.05845154944602	0.00279221295774487
0.592800000000000	2.05841299979729	0.00278699053682345
0.592900000000000	2.05837447056395	0.00278177583310413
0.593000000000000	2.05833596173072	0.00277656883640003
0.593100000000000	2.05829747328235	0.00277136953653917
0.593200000000000	2.05825900520359	0.00276617792336461
0.593300000000000	2.05822055747919	0.00276099398673431
0.593400000000000	2.05818213009395	0.00275581771652110
0.593500000000000	2.05814372303265	0.00275064910261277
0.593600000000000	2.05810533628009	0.00274548813491190
0.593700000000000	2.05806696982111	0.00274033480333593
0.593800000000000	2.05802862364053	0.00273518909781712
0.593900000000000	2.05799029772321	0.00273005100830247
0.594000000000000	2.05795199205401	0.00272492052475380
0.594100000000000	2.05791370661780	0.00271979763714762
0.594200000000000	2.05787544139948	0.00271468233547517
0.594300000000000	2.05783719638396	0.00270957460974237
0.594400000000000	2.05779897155615	0.00270447444996978
0.594500000000000	2.05776076690098	0.00269938184619265
0.594600000000000	2.05772258240340	0.00269429678846078
0.594700000000000	2.05768441804838	0.00268921926683862
0.594800000000000	2.05764627382089	0.00268414927140514
0.594900000000000	2.05760814970591	0.00267908679225386
0.595000000000000	2.05757004568845	0.00267403181949284
0.595100000000000	2.05753196175353	0.00266898434324458
0.595200000000000	2.05749389788617	0.00266394435364611
0.595300000000000	2.05745585407142	0.00265891184084888
0.595400000000000	2.05741783029434	0.00265388679501873
0.595500000000000	2.05737982654000	0.00264886920633595
0.595600000000000	2.05734184279349	0.00264385906499515
0.595700000000000	2.05730387903989	0.00263885636120534
0.595800000000000	2.05726593526434	0.00263386108518981
0.595900000000000	2.05722801145195	0.00262887322718617
0.596000000000000	2.05719010758786	0.00262389277744634
0.596100000000000	2.05715222365722	0.00261891972623642
0.596200000000000	2.05711435964522	0.00261395406383682
0.596300000000000	2.05707651553702	0.00260899578054210
0.596400000000000	2.05703869131782	0.00260404486666103
0.596500000000000	2.05700088697283	0.00259910131251654
0.596600000000000	2.05696310248727	0.00259416510844568
0.596700000000000	2.05692533784638	0.00258923624479964
0.596800000000000	2.05688759303541	0.00258431471194368
0.596900000000000	2.05684986803962	0.00257940050025712
0.597000000000000	2.05681216284428	0.00257449360013337
0.597100000000000	2.05677447743469	0.00256959400197979
0.597200000000000	2.05673681179616	0.00256470169621780
0.597300000000000	2.05669916591399	0.00255981667328277
0.597400000000000	2.05666153977352	0.00255493892362399
0.597500000000000	2.05662393336010	0.00255006843770474
0.597600000000000	2.05658634665907	0.00254520520600216
0.597700000000000	2.05654877965582	0.00254034921900729
0.597800000000000	2.05651123233573	0.00253550046722504
0.597900000000000	2.05647370468418	0.00253065894117411
0.598000000000000	2.05643619668661	0.00252582463138709
0.598100000000000	2.05639870832843	0.00252099752841029
0.598200000000000	2.05636123959508	0.00251617762280382
0.598300000000000	2.05632379047201	0.00251136490514154
0.598400000000000	2.05628636094468	0.00250655936601101
0.598500000000000	2.05624895099858	0.00250176099601353
0.598600000000000	2.05621156061920	0.00249696978576405
0.598700000000000	2.05617418979204	0.00249218572589117
0.598800000000000	2.05613683850263	0.00248740880703714
0.598900000000000	2.05609950673648	0.00248263901985781
0.599000000000000	2.05606219447915	0.00247787635502264
0.599100000000000	2.05602490171620	0.00247312080321461
0.599200000000000	2.05598762843320	0.00246837235513030
0.599300000000000	2.05595037461572	0.00246363100147978
0.599400000000000	2.05591314024938	0.00245889673298662
0.599500000000000	2.05587592531978	0.00245416954038786
0.599600000000000	2.05583872981255	0.00244944941443402
0.599700000000000	2.05580155371332	0.00244473634588904
0.599800000000000	2.05576439700775	0.00244003032553027
0.599900000000000	2.05572725968150	0.00243533134414844
0.600000000000000	2.05569014172024	0.00243063939254766
0.600100000000000	2.05565304310967	0.00242595446154538
0.600200000000000	2.05561596383549	0.00242127654197239
0.600300000000000	2.05557890388342	0.00241660562467275
0.600400000000000	2.05554186323918	0.00241194170050380
0.600500000000000	2.05550484188852	0.00240728476033620
0.600600000000000	2.05546783981720	0.00240263479505375
0.600700000000000	2.05543085701099	0.00239799179555353
0.600800000000000	2.05539389345566	0.00239335575274581
0.600900000000000	2.05535694913701	0.00238872665755400
0.601000000000000	2.05532002404086	0.00238410450091469
0.601100000000000	2.05528311815301	0.00237948927377757
0.601200000000000	2.05524623145931	0.00237488096710547
0.601300000000000	2.05520936394560	0.00237027957187427
0.601400000000000	2.05517251559774	0.00236568507907292
0.601500000000000	2.05513568640161	0.00236109747970346
0.601600000000000	2.05509887634309	0.00235651676478087
0.601700000000000	2.05506208540807	0.00235194292533320
0.601800000000000	2.05502531358248	0.00234737595240145
0.601900000000000	2.05498856085224	0.00234281583703956
0.602000000000000	2.05495182720328	0.00233826257031445
0.602100000000000	2.05491511262155	0.00233371614330591
0.602200000000000	2.05487841709302	0.00232917654710665
0.602300000000000	2.05484174060366	0.00232464377282225
0.602400000000000	2.05480508313947	0.00232011781157113
0.602500000000000	2.05476844468644	0.00231559865448455
0.602600000000000	2.05473182523059	0.00231108629270659
0.602700000000000	2.05469522475794	0.00230658071739409
0.602800000000000	2.05465864325454	0.00230208191971669
0.602900000000000	2.05462208070644	0.00229758989085674
0.603000000000000	2.05458553709971	0.00229310462200937
0.603100000000000	2.05454901242042	0.00228862610438236
0.603200000000000	2.05451250665466	0.00228415432919621
0.603300000000000	2.05447601978854	0.00227968928768408
0.603400000000000	2.05443955180818	0.00227523097109175
0.603500000000000	2.05440310269969	0.00227077937067766
0.603600000000000	2.05436667244924	0.00226633447771282
0.603700000000000	2.05433026104297	0.00226189628348084
0.603800000000000	2.05429386846704	0.00225746477927789
0.603900000000000	2.05425749470764	0.00225303995641266
0.604000000000000	2.05422113975096	0.00224862180620641
0.604100000000000	2.05418480358320	0.00224421031999284
0.604200000000000	2.05414848619059	0.00223980548911817
0.604300000000000	2.05411218755935	0.00223540730494106
0.604400000000000	2.05407590767573	0.00223101575883263
0.604500000000000	2.05403964652598	0.00222663084217641
0.604600000000000	2.05400340409637	0.00222225254636830
0.604700000000000	2.05396718037317	0.00221788086281662
0.604800000000000	2.05393097534269	0.00221351578294204
0.604900000000000	2.05389478899123	0.00220915729817756
0.605000000000000	2.05385862130511	0.00220480539996848
0.605100000000000	2.05382247227065	0.00220046007977244
0.605200000000000	2.05378634187420	0.00219612132905933
0.605300000000000	2.05375023010211	0.00219178913931131
0.605400000000000	2.05371413694076	0.00218746350202275
0.605500000000000	2.05367806237652	0.00218314440870029
0.605600000000000	2.05364200639579	0.00217883185086274
0.605700000000000	2.05360596898497	0.00217452582004108
0.605800000000000	2.05356995013047	0.00217022630777847
0.605900000000000	2.05353394981874	0.00216593330563019
0.606000000000000	2.05349796803620	0.00216164680516366
0.606100000000000	2.05346200476932	0.00215736679795839
0.606200000000000	2.05342606000456	0.00215309327560597
0.606300000000000	2.05339013372840	0.00214882622971005
0.606400000000000	2.05335422592733	0.00214456565188632
0.606500000000000	2.05331833658786	0.00214031153376252
0.606600000000000	2.05328246569651	0.00213606386697834
0.606700000000000	2.05324661323979	0.00213182264318551
0.606800000000000	2.05321077920426	0.00212758785404768
0.606900000000000	2.05317496357646	0.00212335949124046
0.607000000000000	2.05313916634295	0.00211913754645139
0.607100000000000	2.05310338749033	0.00211492201137992
0.607200000000000	2.05306762700517	0.00211071287773737
0.607300000000000	2.05303188487408	0.00210651013724694
0.607400000000000	2.05299616108368	0.00210231378164367
0.607500000000000	2.05296045562058	0.00209812380267445
0.607600000000000	2.05292476847143	0.00209394019209794
0.607700000000000	2.05288909962287	0.00208976294168462
0.607800000000000	2.05285344906158	0.00208559204321675
0.607900000000000	2.05281781677422	0.00208142748848832
0.608000000000000	2.05278220274748	0.00207726926930507
0.608100000000000	2.05274660696806	0.00207311737748443
0.608200000000000	2.05271102942267	0.00206897180485556
0.608300000000000	2.05267547009804	0.00206483254325928
0.608400000000000	2.05263992898089	0.00206069958454806
0.608500000000000	2.05260440605799	0.00205657292058603
0.608600000000000	2.05256890131607	0.00205245254324891
0.608700000000000	2.05253341474193	0.00204833844442406
0.608800000000000	2.05249794632234	0.00204423061601040
0.608900000000000	2.05246249604409	0.00204012904991841
0.609000000000000	2.05242706389399	0.00203603373807013
0.609100000000000	2.05239164985887	0.00203194467239913
0.609200000000000	2.05235625392555	0.00202786184485046
0.609300000000000	2.05232087608087	0.00202378524738071
0.609400000000000	2.05228551631170	0.00201971487195787
0.609500000000000	2.05225017460490	0.00201565071056147
0.609600000000000	2.05221485094734	0.00201159275518240
0.609700000000000	2.05217954532592	0.00200754099782301
0.609800000000000	2.05214425772754	0.00200349543049703
0.609900000000000	2.05210898813912	0.00199945604522958
0.610000000000000	2.05207373654758	0.00199542283405712
0.610100000000000	2.05203850293986	0.00199139578902748
0.610200000000000	2.05200328730291	0.00198737490219980
0.610300000000000	2.05196808962369	0.00198336016564453
0.610400000000000	2.05193290988918	0.00197935157144340
0.610500000000000	2.05189774808636	0.00197534911168943
0.610600000000000	2.05186260420223	0.00197135277848687
0.610700000000000	2.05182747822379	0.00196736256395122
0.610800000000000	2.05179237013808	0.00196337846020920
0.610900000000000	2.05175727993211	0.00195940045939869
0.611000000000000	2.05172220759295	0.00195542855366881
0.611100000000000	2.05168715310763	0.00195146273517978
0.611200000000000	2.05165211646324	0.00194750299610301
0.611300000000000	2.05161709764684	0.00194354932862103
0.611400000000000	2.05158209664554	0.00193960172492745
0.611500000000000	2.05154711344642	0.00193566017722700
0.611600000000000	2.05151214803662	0.00193172467773547
0.611700000000000	2.05147720040325	0.00192779521867970
0.611800000000000	2.05144227053346	0.00192387179229759
0.611900000000000	2.05140735841438	0.00191995439083803
0.612000000000000	2.05137246403319	0.00191604300656093
0.612100000000000	2.05133758737705	0.00191213763173718
0.612200000000000	2.05130272843316	0.00190823825864865
0.612300000000000	2.05126788718870	0.00190434487958812
0.612400000000000	2.05123306363088	0.00190045748685934
0.612500000000000	2.05119825774693	0.00189657607277697
0.612600000000000	2.05116346952407	0.00189270062966655
0.612700000000000	2.05112869894954	0.00188883114986451
0.612800000000000	2.05109394601060	0.00188496762571814
0.612900000000000	2.05105921069452	0.00188111004958557
0.613000000000000	2.05102449298857	0.00187725841383577
0.613100000000000	2.05098979288004	0.00187341271084849
0.613200000000000	2.05095511035622	0.00186957293301432
0.613300000000000	2.05092044540444	0.00186573907273458
0.613400000000000	2.05088579801201	0.00186191112242137
0.613500000000000	2.05085116816626	0.00185808907449753
0.613600000000000	2.05081655585455	0.00185427292139662
0.613700000000000	2.05078196106423	0.00185046265556290
0.613800000000000	2.05074738378266	0.00184665826945134
0.613900000000000	2.05071282399723	0.00184285975552755
0.614000000000000	2.05067828169532	0.00183906710626783
0.614100000000000	2.05064375686435	0.00183528031415910
0.614200000000000	2.05060924949172	0.00183149937169890
0.614300000000000	2.05057475956486	0.00182772427139539
0.614400000000000	2.05054028707121	0.00182395500576727
0.614500000000000	2.05050583199821	0.00182019156734389
0.614600000000000	2.05047139433332	0.00181643394866508
0.614700000000000	2.05043697406401	0.00181268214228125
0.614800000000000	2.05040257117777	0.00180893614075331
0.614900000000000	2.05036818566209	0.00180519593665268
0.615000000000000	2.05033381750447	0.00180146152256127
0.615100000000000	2.05029946669242	0.00179773289107145
0.615200000000000	2.05026513321348	0.00179401003478606
0.615300000000000	2.05023081705518	0.00179029294631836
0.615400000000000	2.05019651820507	0.00178658161829203
0.615500000000000	2.05016223665072	0.00178287604334116
0.615600000000000	2.05012797237968	0.00177917621411024
0.615700000000000	2.05009372537956	0.00177548212325410
0.615800000000000	2.05005949563793	0.00177179376343795
0.615900000000000	2.05002528314240	0.00176811112733731
0.616000000000000	2.04999108788060	0.00176443420763807
0.616100000000000	2.04995690984015	0.00176076299703635
0.616200000000000	2.04992274900868	0.00175709748823863
0.616300000000000	2.04988860537385	0.00175343767396164
0.616400000000000	2.04985447892332	0.00174978354693232
0.616500000000000	2.04982036964476	0.00174613509988791
0.616600000000000	2.04978627752585	0.00174249232557585
0.616700000000000	2.04975220255429	0.00173885521675378
0.616800000000000	2.04971814471777	0.00173522376618954
0.616900000000000	2.04968410400403	0.00173159796666112
0.617000000000000	2.04965008040078	0.00172797781095672
0.617100000000000	2.04961607389576	0.00172436329187463
0.617200000000000	2.04958208447672	0.00172075440222329
0.617300000000000	2.04954811213143	0.00171715113482125
0.617400000000000	2.04951415684765	0.00171355348249713
0.617500000000000	2.04948021861316	0.00170996143808967
0.617600000000000	2.04944629741577	0.00170637499444763
0.617700000000000	2.04941239324326	0.00170279414442985
0.617800000000000	2.04937850608347	0.00169921888090517
0.617900000000000	2.04934463592420	0.00169564919675246
0.618000000000000	2.04931078275331	0.00169208508486060
0.618100000000000	2.04927694655863	0.00168852653812842
0.618200000000000	2.04924312732804	0.00168497354946473
0.618300000000000	2.04920932504939	0.00168142611178832
0.618400000000000	2.04917553971056	0.00167788421802787
0.618500000000000	2.04914177129946	0.00167434786112200
0.618600000000000	2.04910801980397	0.00167081703401925
0.618700000000000	2.04907428521202	0.00166729172967800
0.618800000000000	2.04904056751152	0.00166377194106656
0.618900000000000	2.04900686669042	0.00166025766116305
0.619000000000000	2.04897318273665	0.00165674888295546
0.619100000000000	2.04893951563818	0.00165324559944159
0.619200000000000	2.04890586538297	0.00164974780362905
0.619300000000000	2.04887223195900	0.00164625548853527
0.619400000000000	2.04883861535425	0.00164276864718741
0.619500000000000	2.04880501555674	0.00163928727262244
0.619600000000000	2.04877143255445	0.00163581135788705
0.619700000000000	2.04873786633543	0.00163234089603767
0.619800000000000	2.04870431688770	0.00162887588014046
0.619900000000000	2.04867078419929	0.00162541630327126
0.620000000000000	2.04863726825827	0.00162196215851562
0.620100000000000	2.04860376905270	0.00161851343896874
0.620200000000000	2.04857028657066	0.00161507013773548
0.620300000000000	2.04853682080022	0.00161163224793036
0.620400000000000	2.04850337172948	0.00160819976267749
0.620500000000000	2.04846993934655	0.00160477267511064
0.620600000000000	2.04843652363955	0.00160135097837311
0.620700000000000	2.04840312459660	0.00159793466561785
0.620800000000000	2.04836974220585	0.00159452373000733
0.620900000000000	2.04833637645543	0.00159111816471357
0.621000000000000	2.04830302733352	0.00158771796291815
0.621100000000000	2.04826969482828	0.00158432311781215
0.621200000000000	2.04823637892789	0.00158093362259617
0.621300000000000	2.04820307962054	0.00157754947048028
0.621400000000000	2.04816979689443	0.00157417065468404
0.621500000000000	2.04813653073778	0.00157079716843647
0.621600000000000	2.04810328113881	0.00156742900497603
0.621700000000000	2.04807004808575	0.00156406615755061
0.621800000000000	2.04803683156685	0.00156070861941752
0.621900000000000	2.04800363157035	0.00155735638384345
0.622000000000000	2.04797044808453	0.00155400944410453
0.622100000000000	2.04793728109766	0.00155066779348619
0.622200000000000	2.04790413059803	0.00154733142528326
0.622300000000000	2.04787099657392	0.00154400033279992
0.622400000000000	2.04783787901366	0.00154067450934964
0.622500000000000	2.04780477790555	0.00153735394825523
0.622600000000000	2.04777169323792	0.00153403864284879
0.622700000000000	2.04773862499911	0.00153072858647171
0.622800000000000	2.04770557317747	0.00152742377247462
0.622900000000000	2.04767253776135	0.00152412419421744
0.623000000000000	2.04763951873913	0.00152082984506933
0.623100000000000	2.04760651609919	0.00151754071840863
0.623200000000000	2.04757352982991	0.00151425680762294
0.623300000000000	2.04754055991969	0.00151097810610904
0.623400000000000	2.04750760635695	0.00150770460727287
0.623500000000000	2.04747466913011	0.00150443630452957
0.623600000000000	2.04744174822759	0.00150117319130341
0.623700000000000	2.04740884363784	0.00149791526102781
0.623800000000000	2.04737595534931	0.00149466250714532
0.623900000000000	2.04734308335045	0.00149141492310757
0.624000000000000	2.04731022762976	0.00148817250237533
0.624100000000000	2.04727738817569	0.00148493523841841
0.624200000000000	2.04724456497676	0.00148170312471572
0.624300000000000	2.04721175802146	0.00147847615475520
0.624400000000000	2.04717896729830	0.00147525432203383
0.624500000000000	2.04714619279580	0.00147203762005764
0.624600000000000	2.04711343450251	0.00146882604234163
0.624700000000000	2.04708069240696	0.00146561958240983
0.624800000000000	2.04704796649771	0.00146241823379525
0.624900000000000	2.04701525676333	0.00145922199003984
0.625000000000000	2.04698256319238	0.00145603084469454
0.625100000000000	2.04694988577345	0.00145284479131920
0.625200000000000	2.04691722449513	0.00144966382348262
0.625300000000000	2.04688457934604	0.00144648793476250
0.625400000000000	2.04685195031478	0.00144331711874543
0.625500000000000	2.04681933738998	0.00144015136902691
0.625600000000000	2.04678674056027	0.00143699067921130
0.625700000000000	2.04675415981430	0.00143383504291179
0.625800000000000	2.04672159514073	0.00143068445375046
0.625900000000000	2.04668904652822	0.00142753890535818
0.626000000000000	2.04665651396544	0.00142439839137466
0.626100000000000	2.04662399744109	0.00142126290544838
0.626200000000000	2.04659149694385	0.00141813244123666
0.626300000000000	2.04655901246243	0.00141500699240556
0.626400000000000	2.04652654398555	0.00141188655262987
0.626500000000000	2.04649409150193	0.00140877111559321
0.626600000000000	2.04646165500030	0.00140566067498785
0.626700000000000	2.04642923446942	0.00140255522451483
0.626800000000000	2.04639682989804	0.00139945475788388
0.626900000000000	2.04636444127492	0.00139635926881340
0.627000000000000	2.04633206858884	0.00139326875103053
0.627100000000000	2.04629971182859	0.00139018319827101
0.627200000000000	2.04626737098295	0.00138710260427926
0.627300000000000	2.04623504604074	0.00138402696280836
0.627400000000000	2.04620273699077	0.00138095626761996
0.627500000000000	2.04617044382186	0.00137789051248438
0.627600000000000	2.04613816652285	0.00137482969118049
0.627700000000000	2.04610590508259	0.00137177379749579
0.627800000000000	2.04607365948992	0.00136872282522632
0.627900000000000	2.04604142973372	0.00136567676817667
0.628000000000000	2.04600921580285	0.00136263562016001
0.628100000000000	2.04597701768621	0.00135959937499802
0.628200000000000	2.04594483537268	0.00135656802652090
0.628300000000000	2.04591266885117	0.00135354156856736
0.628400000000000	2.04588051811060	0.00135051999498458
0.628500000000000	2.04584838313988	0.00134750329962825
0.628600000000000	2.04581626392795	0.00134449147636251
0.628700000000000	2.04578416046375	0.00134148451905996
0.628800000000000	2.04575207273624	0.00133848242160163
0.628900000000000	2.04572000073437	0.00133548517787697
0.629000000000000	2.04568794444713	0.00133249278178387
0.629100000000000	2.04565590386349	0.00132950522722858
0.629200000000000	2.04562387897244	0.00132652250812578
0.629300000000000	2.04559186976299	0.00132354461839849
0.629400000000000	2.04555987622414	0.00132057155197810
0.629500000000000	2.04552789834493	0.00131760330280437
0.629600000000000	2.04549593611437	0.00131463986482537
0.629700000000000	2.04546398952151	0.00131168123199749
0.629800000000000	2.04543205855540	0.00130872739828545
0.629900000000000	2.04540014320510	0.00130577835766224
0.630000000000000	2.04536824345967	0.00130283410410916
0.630100000000000	2.04533635930821	0.00129989463161577
0.630200000000000	2.04530449073978	0.00129695993417988
0.630300000000000	2.04527263774351	0.00129403000580756
0.630400000000000	2.04524080030848	0.00129110484051309
0.630500000000000	2.04520897842382	0.00128818443231899
0.630600000000000	2.04517717207866	0.00128526877525599
0.630700000000000	2.04514538126213	0.00128235786336299
0.630800000000000	2.04511360596338	0.00127945169068709
0.630900000000000	2.04508184617157	0.00127655025128356
0.631000000000000	2.04505010187585	0.00127365353921582
0.631100000000000	2.04501837306541	0.00127076154855542
0.631200000000000	2.04498665972943	0.00126787427338208
0.631300000000000	2.04495496185711	0.00126499170778360
0.631400000000000	2.04492327943763	0.00126211384585589
0.631500000000000	2.04489161246023	0.00125924068170298
0.631600000000000	2.04485996091413	0.00125637220943695
0.631700000000000	2.04482832478854	0.00125350842317797
0.631800000000000	2.04479670407272	0.00125064931705427
0.631900000000000	2.04476509875592	0.00124779488520208
0.632000000000000	2.04473350882739	0.00124494512176573
0.632100000000000	2.04470193427642	0.00124210002089750
0.632200000000000	2.04467037509226	0.00123925957675772
0.632300000000000	2.04463883126423	0.00123642378351471
0.632400000000000	2.04460730278160	0.00123359263534474
0.632500000000000	2.04457578963370	0.00123076612643211
0.632600000000000	2.04454429180983	0.00122794425096900
0.632700000000000	2.04451280929933	0.00122512700315559
0.632800000000000	2.04448134209152	0.00122231437719999
0.632900000000000	2.04444989017577	0.00121950636731820
0.633000000000000	2.04441845354140	0.00121670296773415
0.633100000000000	2.04438703217781	0.00121390417267966
0.633200000000000	2.04435562607435	0.00121110997639443
0.633300000000000	2.04432423522040	0.00120832037312606
0.633400000000000	2.04429285960537	0.00120553535712995
0.633500000000000	2.04426149921865	0.00120275492266941
0.633600000000000	2.04423015404965	0.00119997906401556
0.633700000000000	2.04419882408779	0.00119720777544732
0.633800000000000	2.04416750932250	0.00119444105125146
0.633900000000000	2.04413620974322	0.00119167888572253
0.634000000000000	2.04410492533940	0.00118892127316287
0.634100000000000	2.04407365610049	0.00118616820788260
0.634200000000000	2.04404240201596	0.00118341968419958
0.634300000000000	2.04401116307529	0.00118067569643946
0.634400000000000	2.04397993926795	0.00117793623893559
0.634500000000000	2.04394873058345	0.00117520130602909
0.634600000000000	2.04391753701128	0.00117247089206876
0.634700000000000	2.04388635854097	0.00116974499141111
0.634800000000000	2.04385519516202	0.00116702359842036
0.634900000000000	2.04382404686397	0.00116430670746839
0.635000000000000	2.04379291363636	0.00116159431293476
0.635100000000000	2.04376179546874	0.00115888640920669
0.635200000000000	2.04373069235067	0.00115618299067903
0.635300000000000	2.04369960427171	0.00115348405175429
0.635400000000000	2.04366853122144	0.00115078958684255
0.635500000000000	2.04363747318944	0.00114809959036156
0.635600000000000	2.04360643016532	0.00114541405673664
0.635700000000000	2.04357540213867	0.00114273298040068
0.635800000000000	2.04354438909911	0.00114005635579418
0.635900000000000	2.04351339103626	0.00113738417736518
0.636000000000000	2.04348240793975	0.00113471643956928
0.636100000000000	2.04345143979921	0.00113205313686962
0.636200000000000	2.04342048660431	0.00112939426373686
0.636300000000000	2.04338954834469	0.00112673981464919
0.636400000000000	2.04335862501003	0.00112408978409229
0.636500000000000	2.04332771659000	0.00112144416655935
0.636600000000000	2.04329682307428	0.00111880295655104
0.636700000000000	2.04326594445258	0.00111616614857548
0.636800000000000	2.04323508071459	0.00111353373714829
0.636900000000000	2.04320423185002	0.00111090571679250
0.637000000000000	2.04317339784860	0.00110828208203859
0.637100000000000	2.04314257870006	0.00110566282742447
0.637200000000000	2.04311177439413	0.00110304794749547
0.637300000000000	2.04308098492057	0.00110043743680431
0.637400000000000	2.04305021026913	0.00109783128991109
0.637500000000000	2.04301945042958	0.00109522950138333
0.637600000000000	2.04298870539169	0.00109263206579588
0.637700000000000	2.04295797514525	0.00109003897773097
0.637800000000000	2.04292725968005	0.00108745023177817
0.637900000000000	2.04289655898589	0.00108486582253438
0.638000000000000	2.04286587305259	0.00108228574460383
0.638100000000000	2.04283520186995	0.00107970999259805
0.638200000000000	2.04280454542782	0.00107713856113591
0.638300000000000	2.04277390371602	0.00107457144484352
0.638400000000000	2.04274327672441	0.00107200863835431
0.638500000000000	2.04271266444284	0.00106945013630895
0.638600000000000	2.04268206686116	0.00106689593335538
0.638700000000000	2.04265148396927	0.00106434602414879
0.638800000000000	2.04262091575703	0.00106180040335161
0.638900000000000	2.04259036221434	0.00105925906563346
0.639000000000000	2.04255982333109	0.00105672200567122
0.639100000000000	2.04252929909721	0.00105418921814894
0.639200000000000	2.04249878950259	0.00105166069775787
0.639300000000000	2.04246829453717	0.00104913643919645
0.639400000000000	2.04243781419087	0.00104661643717027
0.639500000000000	2.04240734845366	0.00104410068639210
0.639600000000000	2.04237689731547	0.00104158918158184
0.639700000000000	2.04234646076626	0.00103908191746654
0.639800000000000	2.04231603879602	0.00103657888878036
0.639900000000000	2.04228563139470	0.00103408009026459
0.640000000000000	2.04225523855231	0.00103158551666762
0.640100000000000	2.04222486025884	0.00102909516274493
0.640200000000000	2.04219449650428	0.00102660902325908
0.640300000000000	2.04216414727866	0.00102412709297972
0.640400000000000	2.04213381257199	0.00102164936668352
0.640500000000000	2.04210349237431	0.00101917583915425
0.640600000000000	2.04207318667565	0.00101670650518270
0.640700000000000	2.04204289546606	0.00101424135956667
0.640800000000000	2.04201261873560	0.00101178039711100
0.640900000000000	2.04198235647434	0.00100932361262753
0.641000000000000	2.04195210867233	0.00100687100093511
0.641100000000000	2.04192187531968	0.00100442255685956
0.641200000000000	2.04189165640647	0.00100197827523367
0.641300000000000	2.04186145192279	0.000999538150897219
0.641400000000000	2.04183126185876	0.000997102178696914
0.641500000000000	2.04180108620450	0.000994670353486435
0.641600000000000	2.04177092495012	0.000992242670126370
0.641700000000000	2.04174077808576	0.000989819123484242
0.641800000000000	2.04171064560157	0.000987399708434489
0.641900000000000	2.04168052748769	0.000984984419858436
0.642000000000000	2.04165042373428	0.000982573252644322
0.642100000000000	2.04162033433152	0.000980166201687249
0.642200000000000	2.04159025926957	0.000977763261889196
0.642300000000000	2.04156019853863	0.000975364428159006
0.642400000000000	2.04153015212888	0.000972969695412359
0.642500000000000	2.04150012003053	0.000970579058571796
0.642600000000000	2.04147010223379	0.000968192512566667
0.642700000000000	2.04144009872887	0.000965810052333149
0.642800000000000	2.04141010950601	0.000963431672814233
0.642900000000000	2.04138013455544	0.000961057368959691
0.643000000000000	2.04135017386741	0.000958687135726110
0.643100000000000	2.04132022743216	0.000956320968076826
0.643200000000000	2.04129029523996	0.000953958860981962
0.643300000000000	2.04126037728108	0.000951600809418391
0.643400000000000	2.04123047354580	0.000949246808369729
0.643500000000000	2.04120058402440	0.000946896852826344
0.643600000000000	2.04117070870717	0.000944550937785310
0.643700000000000	2.04114084758443	0.000942209058250433
0.643800000000000	2.04111100064648	0.000939871209232220
0.643900000000000	2.04108116788364	0.000937537385747869
0.644000000000000	2.04105134928624	0.000935207582821279
0.644100000000000	2.04102154484462	0.000932881795483006
0.644200000000000	2.04099175454912	0.000930560018770286
0.644300000000000	2.04096197839010	0.000928242247727007
0.644400000000000	2.04093221635792	0.000925928477403696
0.644500000000000	2.04090246844294	0.000923618702857529
0.644600000000000	2.04087273463555	0.000921312919152298
0.644700000000000	2.04084301492613	0.000919011121358412
0.644800000000000	2.04081330930508	0.000916713304552890
0.644900000000000	2.04078361776281	0.000914419463819337
0.645000000000000	2.04075394028971	0.000912129594247962
0.645100000000000	2.04072427687622	0.000909843690935530
0.645200000000000	2.04069462751276	0.000907561748985387
0.645300000000000	2.04066499218977	0.000905283763507428
0.645400000000000	2.04063537089769	0.000903009729618088
0.645500000000000	2.04060576362698	0.000900739642440361
0.645600000000000	2.04057617036809	0.000898473497103741
0.645700000000000	2.04054659111150	0.000896211288744254
0.645800000000000	2.04051702584768	0.000893953012504434
0.645900000000000	2.04048747456712	0.000891698663533297
0.646000000000000	2.04045793726032	0.000889448236986372
0.646100000000000	2.04042841391777	0.000887201728025640
0.646200000000000	2.04039890452999	0.000884959131819565
0.646300000000000	2.04036940908749	0.000882720443543067
0.646400000000000	2.04033992758081	0.000880485658377507
0.646500000000000	2.04031046000047	0.000878254771510699
0.646600000000000	2.04028100633702	0.000876027778136873
0.646700000000000	2.04025156658101	0.000873804673456682
0.646800000000000	2.04022214072300	0.000871585452677196
0.646900000000000	2.04019272875357	0.000869370111011871
0.647000000000000	2.04016333066327	0.000867158643680571
0.647100000000000	2.04013394644270	0.000864951045909525
0.647200000000000	2.04010457608245	0.000862747312931346
0.647300000000000	2.04007521957313	0.000860547439985003
0.647400000000000	2.04004587690532	0.000858351422315810
0.647500000000000	2.04001654806967	0.000856159255175443
0.647600000000000	2.03998723305678	0.000853970933821892
0.647700000000000	2.03995793185729	0.000851786453519483
0.647800000000000	2.03992864446184	0.000849605809538853
0.647900000000000	2.03989937086108	0.000847428997156935
0.648000000000000	2.03987011104566	0.000845256011656977
0.648100000000000	2.03984086500626	0.000843086848328494
0.648200000000000	2.03981163273353	0.000840921502467285
0.648300000000000	2.03978241421817	0.000838759969375421
0.648400000000000	2.03975320945086	0.000836602244361218
0.648500000000000	2.03972401842230	0.000834448322739258
0.648600000000000	2.03969484112319	0.000832298199830346
0.648700000000000	2.03966567754425	0.000830151870961522
0.648800000000000	2.03963652767619	0.000828009331466055
0.648900000000000	2.03960739150975	0.000825870576683405
0.649000000000000	2.03957826903565	0.000823735601959261
0.649100000000000	2.03954916024465	0.000821604402645481
0.649200000000000	2.03952006512750	0.000819476974100116
0.649300000000000	2.03949098367495	0.000817353311687392
0.649400000000000	2.03946191587778	0.000815233410777694
0.649500000000000	2.03943286172676	0.000813117266747575
0.649600000000000	2.03940382121268	0.000811004874979717
0.649700000000000	2.03937479432632	0.000808896230862951
0.649800000000000	2.03934578105849	0.000806791329792235
0.649900000000000	2.03931678139999	0.000804690167168639
0.650000000000000	2.03928779534165	0.000802592738399356
0.650100000000000	2.03925882287427	0.000800499038897661
0.650200000000000	2.03922986398871	0.000798409064082938
0.650300000000000	2.03920091867578	0.000796322809380645
0.650400000000000	2.03917198692635	0.000794240270222310
0.650500000000000	2.03914306873127	0.000792161442045535
0.650600000000000	2.03911416408139	0.000790086320293969
0.650700000000000	2.03908527296759	0.000788014900417310
0.650800000000000	2.03905639538075	0.000785947177871296
0.650900000000000	2.03902753131175	0.000783883148117684
0.651000000000000	2.03899868075149	0.000781822806624266
0.651100000000000	2.03896984369087	0.000779766148864828
0.651200000000000	2.03894102012080	0.000777713170319164
0.651300000000000	2.03891221003220	0.000775663866473064
0.651400000000000	2.03888341341598	0.000773618232818292
0.651500000000000	2.03885463026309	0.000771576264852600
0.651600000000000	2.03882586056447	0.000769537958079691
0.651700000000000	2.03879710431105	0.000767503308009234
0.651800000000000	2.03876836149381	0.000765472310156845
0.651900000000000	2.03873963210370	0.000763444960044072
0.652000000000000	2.03871091613169	0.000761421253198406
0.652100000000000	2.03868221356877	0.000759401185153246
0.652200000000000	2.03865352440592	0.000757384751447909
0.652300000000000	2.03862484863413	0.000755371947627621
0.652400000000000	2.03859618624441	0.000753362769243491
0.652500000000000	2.03856753722776	0.000751357211852526
0.652600000000000	2.03853890157522	0.000749355271017604
0.652700000000000	2.03851027927779	0.000747356942307471
0.652800000000000	2.03848167032651	0.000745362221296741
0.652900000000000	2.03845307471243	0.000743371103565865
0.653000000000000	2.03842449242660	0.000741383584701153
0.653100000000000	2.03839592346006	0.000739399660294735
0.653200000000000	2.03836736780388	0.000737419325944574
0.653300000000000	2.03833882544913	0.000735442577254451
0.653400000000000	2.03831029638690	0.000733469409833942
0.653500000000000	2.03828178060827	0.000731499819298444
0.653600000000000	2.03825327810433	0.000729533801269124
0.653700000000000	2.03822478886618	0.000727571351372942
0.653800000000000	2.03819631288494	0.000725612465242633
0.653900000000000	2.03816785015171	0.000723657138516684
0.654000000000000	2.03813940065764	0.000721705366839360
0.654100000000000	2.03811096439383	0.000719757145860652
0.654200000000000	2.03808254135145	0.000717812471236304
0.654300000000000	2.03805413152162	0.000715871338627787
0.654400000000000	2.03802573489552	0.000713933743702291
0.654500000000000	2.03799735146429	0.000711999682132730
0.654600000000000	2.03796898121912	0.000710069149597710
0.654700000000000	2.03794062415117	0.000708142141781544
0.654800000000000	2.03791228025163	0.000706218654374230
0.654900000000000	2.03788394951169	0.000704298683071443
0.655000000000000	2.03785563192256	0.000702382223574540
0.655100000000000	2.03782732747544	0.000700469271590529
0.655200000000000	2.03779903616154	0.000698559822832079
0.655300000000000	2.03777075797209	0.000696653873017510
0.655400000000000	2.03774249289831	0.000694751417870765
0.655500000000000	2.03771424093145	0.000692852453121440
0.655600000000000	2.03768600206275	0.000690956974504730
0.655700000000000	2.03765777628345	0.000689064977761458
0.655800000000000	2.03762956358483	0.000687176458638047
0.655900000000000	2.03760136395814	0.000685291412886512
0.656000000000000	2.03757317739466	0.000683409836264469
0.656100000000000	2.03754500388567	0.000681531724535100
0.656200000000000	2.03751684342246	0.000679657073467169
0.656300000000000	2.03748869599633	0.000677785878835000
0.656400000000000	2.03746056159858	0.000675918136418467
0.656500000000000	2.03743244022052	0.000674053842003006
0.656600000000000	2.03740433185347	0.000672192991379576
0.656700000000000	2.03737623648876	0.000670335580344675
0.656800000000000	2.03734815411772	0.000668481604700327
0.656900000000000	2.03732008473169	0.000666631060254059
0.657000000000000	2.03729202832201	0.000664783942818920
0.657100000000000	2.03726398488005	0.000662940248213443
0.657200000000000	2.03723595439717	0.000661099972261660
0.657300000000000	2.03720793686473	0.000659263110793083
0.657400000000000	2.03717993227411	0.000657429659642694
0.657500000000000	2.03715194061671	0.000655599614650952
0.657600000000000	2.03712396188390	0.000653772971663758
0.657700000000000	2.03709599606709	0.000651949726532479
0.657800000000000	2.03706804315769	0.000650129875113914
0.657900000000000	2.03704010314711	0.000648313413270296
0.658000000000000	2.03701217602676	0.000646500336869290
0.658100000000000	2.03698426178809	0.000644690641783973
0.658200000000000	2.03695636042252	0.000642884323892836
0.658300000000000	2.03692847192149	0.000641081379079770
0.658400000000000	2.03690059627647	0.000639281803234055
0.658500000000000	2.03687273347889	0.000637485592250371
0.658600000000000	2.03684488352024	0.000635692742028761
0.658700000000000	2.03681704639198	0.000633903248474647
0.658800000000000	2.03678922208558	0.000632117107498813
0.658900000000000	2.03676141059254	0.000630334315017390
0.659000000000000	2.03673361190435	0.000628554866951869
0.659100000000000	2.03670582601251	0.000626778759229067
0.659200000000000	2.03667805290853	0.000625005987781137
0.659300000000000	2.03665029258392	0.000623236548545557
0.659400000000000	2.03662254503020	0.000621470437465113
0.659500000000000	2.03659481023891	0.000619707650487913
0.659600000000000	2.03656708820157	0.000617948183567347
0.659700000000000	2.03653937890974	0.000616192032662110
0.659800000000000	2.03651168235496	0.000614439193736177
0.659900000000000	2.03648399852880	0.000612689662758791
0.660000000000000	2.03645632742281	0.000610943435704483
0.660100000000000	2.03642866902857	0.000609200508553025
0.660200000000000	2.03640102333766	0.000607460877289454
0.660300000000000	2.03637339034166	0.000605724537904050
0.660400000000000	2.03634577003217	0.000603991486392323
0.660500000000000	2.03631816240079	0.000602261718755031
0.660600000000000	2.03629056743913	0.000600535230998135
0.660700000000000	2.03626298513879	0.000598812019132823
0.660800000000000	2.03623541549141	0.000597092079175486
0.660900000000000	2.03620785848861	0.000595375407147710
0.661000000000000	2.03618031412203	0.000593661999076287
0.661100000000000	2.03615278238330	0.000591951850993176
0.661200000000000	2.03612526326409	0.000590244958935526
0.661300000000000	2.03609775675604	0.000588541318945650
0.661400000000000	2.03607026285082	0.000586840927071017
0.661500000000000	2.03604278154011	0.000585143779364263
0.661600000000000	2.03601531281557	0.000583449871883160
0.661700000000000	2.03598785666890	0.000581759200690621
0.661800000000000	2.03596041309179	0.000580071761854694
0.661900000000000	2.03593298207593	0.000578387551448546
0.662000000000000	2.03590556361304	0.000576706565550467
0.662100000000000	2.03587815769482	0.000575028800243849
0.662200000000000	2.03585076431299	0.000573354251617188
0.662300000000000	2.03582338345929	0.000571682915764078
0.662400000000000	2.03579601512544	0.000570014788783191
0.662500000000000	2.03576865930319	0.000568349866778291
0.662600000000000	2.03574131598429	0.000566688145858201
0.662700000000000	2.03571398516048	0.000565029622136812
0.662800000000000	2.03568666682354	0.000563374291733080
0.662900000000000	2.03565936096523	0.000561722150770996
0.663000000000000	2.03563206757732	0.000560073195379611
0.663100000000000	2.03560478665160	0.000558427421692993
0.663200000000000	2.03557751817986	0.000556784825850250
0.663300000000000	2.03555026215389	0.000555145403995507
0.663400000000000	2.03552301856550	0.000553509152277894
0.663500000000000	2.03549578740649	0.000551876066851563
0.663600000000000	2.03546856866869	0.000550246143875648
0.663700000000000	2.03544136234392	0.000548619379514284
0.663800000000000	2.03541416842401	0.000546995769936587
0.663900000000000	2.03538698690079	0.000545375311316643
0.664000000000000	2.03535981776611	0.000543757999833521
0.664100000000000	2.03533266101182	0.000542143831671239
0.664200000000000	2.03530551662978	0.000540532803018776
0.664300000000000	2.03527838461186	0.000538924910070058
0.664400000000000	2.03525126494992	0.000537320149023948
0.664500000000000	2.03522415763585	0.000535718516084250
0.664600000000000	2.03519706266152	0.000534120007459683
0.664700000000000	2.03516998001884	0.000532524619363894
0.664800000000000	2.03514290969970	0.000530932348015438
0.664900000000000	2.03511585169601	0.000529343189637770
0.665000000000000	2.03508880599967	0.000527757140459253
0.665100000000000	2.03506177260262	0.000526174196713131
0.665200000000000	2.03503475149677	0.000524594354637535
0.665300000000000	2.03500774267405	0.000523017610475473
0.665400000000000	2.03498074612642	0.000521443960474815
0.665500000000000	2.03495376184580	0.000519873400888305
0.665600000000000	2.03492678982417	0.000518305927973529
0.665700000000000	2.03489983005347	0.000516741537992929
0.665800000000000	2.03487288252567	0.000515180227213787
0.665900000000000	2.03484594723274	0.000513621991908213
0.666000000000000	2.03481902416668	0.000512066828353152
0.666100000000000	2.03479211331945	0.000510514732830362
0.666200000000000	2.03476521468307	0.000508965701626416
0.666300000000000	2.03473832824951	0.000507419731032695
0.666400000000000	2.03471145401080	0.000505876817345370
0.666500000000000	2.03468459195895	0.000504336956865419
0.666600000000000	2.03465774208597	0.000502800145898590
0.666700000000000	2.03463090438390	0.000501266380755416
0.666800000000000	2.03460407884476	0.000499735657751201
0.666900000000000	2.03457726546060	0.000498207973206009
0.667000000000000	2.03455046422347	0.000496683323444668
0.667100000000000	2.03452367512541	0.000495161704796749
0.667200000000000	2.03449689815848	0.000493643113596570
0.667300000000000	2.03447013331477	0.000492127546183187
0.667400000000000	2.03444338058632	0.000490614998900378
0.667500000000000	2.03441663996524	0.000489105468096657
0.667600000000000	2.03438991144360	0.000487598950125240
0.667700000000000	2.03436319501349	0.000486095441344060
0.667800000000000	2.03433649066702	0.000484594938115754
0.667900000000000	2.03430979839629	0.000483097436807645
0.668000000000000	2.03428311819342	0.000481602933791757
0.668100000000000	2.03425645005053	0.000480111425444785
0.668200000000000	2.03422979395973	0.000478622908148105
0.668300000000000	2.03420314991317	0.000477137378287762
0.668400000000000	2.03417651790298	0.000475654832254458
0.668500000000000	2.03414989792131	0.000474175266443557
0.668600000000000	2.03412328996031	0.000472698677255062
0.668700000000000	2.03409669401214	0.000471225061093625
0.668800000000000	2.03407011006897	0.000469754414368531
0.668900000000000	2.03404353812296	0.000468286733493687
0.669000000000000	2.03401697816630	0.000466822014887635
0.669100000000000	2.03399043019117	0.000465360254973516
0.669200000000000	2.03396389418976	0.000463901450179088
0.669300000000000	2.03393737015427	0.000462445596936712
0.669400000000000	2.03391085807690	0.000460992691683333
0.669500000000000	2.03388435794987	0.000459542730860500
0.669600000000000	2.03385786976539	0.000458095710914329
0.669700000000000	2.03383139351568	0.000456651628295520
0.669800000000000	2.03380492919299	0.000455210479459337
0.669900000000000	2.03377847678953	0.000453772260865604
0.670000000000000	2.03375203629756	0.000452336968978709
0.670100000000000	2.03372560770933	0.000450904600267578
0.670200000000000	2.03369919101709	0.000449475151205682
0.670300000000000	2.03367278621311	0.000448048618271035
0.670400000000000	2.03364639328965	0.000446624997946167
0.670500000000000	2.03362001223898	0.000445204286718143
0.670600000000000	2.03359364305340	0.000443786481078535
0.670700000000000	2.03356728572519	0.000442371577523427
0.670800000000000	2.03354094024664	0.000440959572553410
0.670900000000000	2.03351460661006	0.000439550462673561
0.671000000000000	2.03348828480775	0.000438144244393462
0.671100000000000	2.03346197483203	0.000436740914227164
0.671200000000000	2.03343567667521	0.000435340468693204
0.671300000000000	2.03340939032963	0.000433942904314589
0.671400000000000	2.03338311578761	0.000432548217618780
0.671500000000000	2.03335685304150	0.000431156405137714
0.671600000000000	2.03333060208364	0.000429767463407761
0.671700000000000	2.03330436290638	0.000428381388969747
0.671800000000000	2.03327813550208	0.000426998178368936
0.671900000000000	2.03325191986311	0.000425617828155015
0.672000000000000	2.03322571598184	0.000424240334882112
0.672100000000000	2.03319952385064	0.000422865695108760
0.672200000000000	2.03317334346190	0.000421493905397912
0.672300000000000	2.03314717480801	0.000420124962316928
0.672400000000000	2.03312101788136	0.000418758862437566
0.672500000000000	2.03309487267436	0.000417395602335982
0.672600000000000	2.03306873917942	0.000416035178592712
0.672700000000000	2.03304261738894	0.000414677587792683
0.672800000000000	2.03301650729536	0.000413322826525192
0.672900000000000	2.03299040889110	0.000411970891383903
0.673000000000000	2.03296432216860	0.000410621778966850
0.673100000000000	2.03293824712028	0.000409275485876416
0.673200000000000	2.03291218373861	0.000407932008719337
0.673300000000000	2.03288613201604	0.000406591344106694
0.673400000000000	2.03286009194501	0.000405253488653903
0.673500000000000	2.03283406351801	0.000403918438980718
0.673600000000000	2.03280804672749	0.000402586191711206
0.673700000000000	2.03278204156594	0.000401256743473768
0.673800000000000	2.03275604802584	0.000399930090901106
0.673900000000000	2.03273006609969	0.000398606230630233
0.674000000000000	2.03270409577997	0.000397285159302467
0.674100000000000	2.03267813705919	0.000395966873563412
0.674200000000000	2.03265218992986	0.000394651370062966
0.674300000000000	2.03262625438449	0.000393338645455310
0.674400000000000	2.03260033041561	0.000392028696398892
0.674500000000000	2.03257441801574	0.000390721519556444
0.674600000000000	2.03254851717742	0.000389417111594951
0.674700000000000	2.03252262789318	0.000388115469185658
0.674800000000000	2.03249675015557	0.000386816589004066
0.674900000000000	2.03247088395715	0.000385520467729913
0.675000000000000	2.03244502929046	0.000384227102047188
0.675100000000000	2.03241918614808	0.000382936488644100
0.675200000000000	2.03239335452258	0.000381648624213096
0.675300000000000	2.03236753440653	0.000380363505450844
0.675400000000000	2.03234172579251	0.000379081129058215
0.675500000000000	2.03231592867312	0.000377801491740307
0.675600000000000	2.03229014304094	0.000376524590206407
0.675700000000000	2.03226436888858	0.000375250421170006
0.675800000000000	2.03223860620865	0.000373978981348787
0.675900000000000	2.03221285499376	0.000372710267464611
0.676000000000000	2.03218711523653	0.000371444276243529
0.676100000000000	2.03216138692958	0.000370181004415756
0.676200000000000	2.03213567006554	0.000368920448715680
0.676300000000000	2.03210996463706	0.000367662605881849
0.676400000000000	2.03208427063677	0.000366407472656962
0.676500000000000	2.03205858805733	0.000365155045787877
0.676600000000000	2.03203291689139	0.000363905322025588
0.676700000000000	2.03200725713161	0.000362658298125228
0.676800000000000	2.03198160877066	0.000361413970846066
0.676900000000000	2.03195597180121	0.000360172336951490
0.677000000000000	2.03193034621595	0.000358933393209016
0.677100000000000	2.03190473200756	0.000357697136390266
0.677200000000000	2.03187912916873	0.000356463563270978
0.677300000000000	2.03185353769216	0.000355232670630988
0.677400000000000	2.03182795757055	0.000354004455254229
0.677500000000000	2.03180238879661	0.000352778913928728
0.677600000000000	2.03177683136306	0.000351556043446592
0.677700000000000	2.03175128526263	0.000350335840604012
0.677800000000000	2.03172575048802	0.000349118302201249
0.677900000000000	2.03170022703200	0.000347903425042632
0.678000000000000	2.03167471488728	0.000346691205936557
0.678100000000000	2.03164921404662	0.000345481641695469
0.678200000000000	2.03162372450276	0.000344274729135865
0.678300000000000	2.03159824624847	0.000343070465078291
0.678400000000000	2.03157277927652	0.000341868846347324
0.678500000000000	2.03154732357966	0.000340669869771585
0.678600000000000	2.03152187915067	0.000339473532183710
0.678700000000000	2.03149644598234	0.000338279830420365
0.678800000000000	2.03147102406745	0.000337088761322230
0.678900000000000	2.03144561339880	0.000335900321733992
0.679000000000000	2.03142021396918	0.000334714508504348
0.679100000000000	2.03139482577141	0.000333531318485990
0.679200000000000	2.03136944879828	0.000332350748535604
0.679300000000000	2.03134408304262	0.000331172795513864
0.679400000000000	2.03131872849725	0.000329997456285423
0.679500000000000	2.03129338515500	0.000328824727718916
0.679600000000000	2.03126805300870	0.000327654606686943
0.679700000000000	2.03124273205119	0.000326487090066071
0.679800000000000	2.03121742227533	0.000325322174736829
0.679900000000000	2.03119212367395	0.000324159857583691
0.680000000000000	2.03116683623993	0.000323000135495091
0.680100000000000	2.03114155996611	0.000321843005363397
0.680200000000000	2.03111629484538	0.000320688464084916
0.680300000000000	2.03109104087061	0.000319536508559888
0.680400000000000	2.03106579803467	0.000318387135692475
0.680500000000000	2.03104056633046	0.000317240342390765
0.680600000000000	2.03101534575087	0.000316096125566754
0.680700000000000	2.03099013628879	0.000314954482136352
0.680800000000000	2.03096493793714	0.000313815409019372
0.680900000000000	2.03093975068882	0.000312678903139520
0.681000000000000	2.03091457453674	0.000311544961424404
0.681100000000000	2.03088940947384	0.000310413580805508
0.681200000000000	2.03086425549303	0.000309284758218206
0.681300000000000	2.03083911258726	0.000308158490601747
0.681400000000000	2.03081398074945	0.000307034774899243
0.681500000000000	2.03078885997256	0.000305913608057682
0.681600000000000	2.03076375024953	0.000304794987027902
0.681700000000000	2.03073865157333	0.000303678908764601
0.681800000000000	2.03071356393691	0.000302565370226327
0.681900000000000	2.03068848733324	0.000301454368375463
0.682000000000000	2.03066342175529	0.000300345900178241
0.682100000000000	2.03063836719606	0.000299239962604715
0.682200000000000	2.03061332364851	0.000298136552628772
0.682300000000000	2.03058829110564	0.000297035667228122
0.682400000000000	2.03056326956045	0.000295937303384284
0.682500000000000	2.03053825900594	0.000294841458082596
0.682600000000000	2.03051325943512	0.000293748128312196
0.682700000000000	2.03048827084100	0.000292657311066024
0.682800000000000	2.03046329321661	0.000291569003340817
0.682900000000000	2.03043832655495	0.000290483202137095
0.683000000000000	2.03041337084908	0.000289399904459170
0.683100000000000	2.03038842609202	0.000288319107315126
0.683200000000000	2.03036349227681	0.000287240807716824
0.683300000000000	2.03033856939651	0.000286165002679893
0.683400000000000	2.03031365744416	0.000285091689223722
0.683500000000000	2.03028875641283	0.000284020864371462
0.683600000000000	2.03026386629559	0.000282952525150012
0.683700000000000	2.03023898708549	0.000281886668590019
0.683800000000000	2.03021411877562	0.000280823291725873
0.683900000000000	2.03018926135906	0.000279762391595697
0.684000000000000	2.03016441482889	0.000278703965241353
0.684100000000000	2.03013957917822	0.000277648009708417
0.684200000000000	2.03011475440013	0.000276594522046194
0.684300000000000	2.03008994048773	0.000275543499307703
0.684400000000000	2.03006513743414	0.000274494938549670
0.684500000000000	2.03004034523246	0.000273448836832533
0.684600000000000	2.03001556387582	0.000272405191220419
0.684700000000000	2.02999079335735	0.000271363998781158
0.684800000000000	2.02996603367017	0.000270325256586267
0.684900000000000	2.02994128480743	0.000269288961710944
0.685000000000000	2.02991654676226	0.000268255111234074
0.685100000000000	2.02989181952783	0.000267223702238204
0.685200000000000	2.02986710309727	0.000266194731809559
0.685300000000000	2.02984239746375	0.000265168197038024
0.685400000000000	2.02981770262044	0.000264144095017141
0.685500000000000	2.02979301856051	0.000263122422844112
0.685600000000000	2.02976834527714	0.000262103177619776
0.685700000000000	2.02974368276350	0.000261086356448623
0.685800000000000	2.02971903101278	0.000260071956438780
0.685900000000000	2.02969439001819	0.000259059974702001
0.686000000000000	2.02966975977291	0.000258050408353677
0.686100000000000	2.02964514027015	0.000257043254512812
0.686200000000000	2.02962053150312	0.000256038510302034
0.686300000000000	2.02959593346504	0.000255036172847583
0.686400000000000	2.02957134614912	0.000254036239279298
0.686500000000000	2.02954676954860	0.000253038706730633
0.686600000000000	2.02952220365670	0.000252043572338630
0.686700000000000	2.02949764846666	0.000251050833243926
0.686800000000000	2.02947310397173	0.000250060486590747
0.686900000000000	2.02944857016515	0.000249072529526894
0.687000000000000	2.02942404704018	0.000248086959203757
0.687100000000000	2.02939953459008	0.000247103772776286
0.687200000000000	2.02937503280810	0.000246122967403006
0.687300000000000	2.02935054168753	0.000245144540246001
0.687400000000000	2.02932606122163	0.000244168488470910
0.687500000000000	2.02930159140369	0.000243194809246931
0.687600000000000	2.02927713222699	0.000242223499746800
0.687700000000000	2.02925268368483	0.000241254557146802
0.687800000000000	2.02922824577050	0.000240287978626758
0.687900000000000	2.02920381847731	0.000239323761370018
0.688000000000000	2.02917940179856	0.000238361902563464
0.688100000000000	2.02915499572757	0.000237402399397496
0.688200000000000	2.02913060025765	0.000236445249066034
0.688300000000000	2.02910621538213	0.000235490448766512
0.688400000000000	2.02908184109434	0.000234537995699865
0.688500000000000	2.02905747738762	0.000233587887070541
0.688600000000000	2.02903312425531	0.000232640120086476
0.688700000000000	2.02900878169074	0.000231694691959105
0.688800000000000	2.02898444968728	0.000230751599903351
0.688900000000000	2.02896012823827	0.000229810841137614
0.689000000000000	2.02893581733709	0.000228872412883781
0.689100000000000	2.02891151697709	0.000227936312367206
0.689200000000000	2.02888722715166	0.000227002536816715
0.689300000000000	2.02886294785416	0.000226071083464599
0.689400000000000	2.02883867907799	0.000225141949546600
0.689500000000000	2.02881442081653	0.000224215132301925
0.689600000000000	2.02879017306317	0.000223290628973224
0.689700000000000	2.02876593581132	0.000222368436806592
0.689800000000000	2.02874170905438	0.000221448553051568
0.689900000000000	2.02871749278575	0.000220530974961116
0.690000000000000	2.02869328699886	0.000219615699791642
0.690100000000000	2.02866909168713	0.000218702724802970
0.690200000000000	2.02864490684398	0.000217792047258347
0.690300000000000	2.02862073246284	0.000216883664424436
0.690400000000000	2.02859656853715	0.000215977573571308
0.690500000000000	2.02857241506034	0.000215073771972447
0.690600000000000	2.02854827202588	0.000214172256904731
0.690700000000000	2.02852413942721	0.000213273025648439
0.690800000000000	2.02850001725778	0.000212376075487243
0.690900000000000	2.02847590551107	0.000211481403708197
0.691000000000000	2.02845180418053	0.000210589007601746
0.691100000000000	2.02842771325965	0.000209698884461705
0.691200000000000	2.02840363274189	0.000208811031585267
0.691300000000000	2.02837956262075	0.000207925446272993
0.691400000000000	2.02835550288972	0.000207042125828805
0.691500000000000	2.02833145354228	0.000206161067559989
0.691600000000000	2.02830741457194	0.000205282268777180
0.691700000000000	2.02828338597221	0.000204405726794369
0.691800000000000	2.02825936773658	0.000203531438928887
0.691900000000000	2.02823535985859	0.000202659402501408
0.692000000000000	2.02821136233174	0.000201789614835942
0.692100000000000	2.02818737514957	0.000200922073259830
0.692200000000000	2.02816339830560	0.000200056775103739
0.692300000000000	2.02813943179337	0.000199193717701660
0.692400000000000	2.02811547560643	0.000198332898390897
0.692500000000000	2.02809152973832	0.000197474314512075
0.692600000000000	2.02806759418258	0.000196617963409118
0.692700000000000	2.02804366893279	0.000195763842429260
0.692800000000000	2.02801975398249	0.000194911948923033
0.692900000000000	2.02799584932526	0.000194062280244258
0.693000000000000	2.02797195495467	0.000193214833750056
0.693100000000000	2.02794807086429	0.000192369606800825
0.693200000000000	2.02792419704772	0.000191526596760247
0.693300000000000	2.02790033349853	0.000190685800995280
0.693400000000000	2.02787648021032	0.000189847216876153
0.693500000000000	2.02785263717669	0.000189010841776366
0.693600000000000	2.02782880439124	0.000188176673072675
0.693700000000000	2.02780498184758	0.000187344708145100
0.693800000000000	2.02778116953933	0.000186514944376912
0.693900000000000	2.02775736746009	0.000185687379154629
0.694000000000000	2.02773357560350	0.000184862009868020
0.694100000000000	2.02770979396318	0.000184038833910089
0.694200000000000	2.02768602253277	0.000183217848677076
0.694300000000000	2.02766226130591	0.000182399051568454
0.694400000000000	2.02763851027624	0.000181582439986921
0.694500000000000	2.02761476943741	0.000180768011338400
0.694600000000000	2.02759103878307	0.000179955763032029
0.694700000000000	2.02756731830689	0.000179145692480160
0.694800000000000	2.02754360800253	0.000178337797098356
0.694900000000000	2.02751990786365	0.000177532074305379
0.695000000000000	2.02749621788393	0.000176728521523199
0.695100000000000	2.02747253805706	0.000175927136176973
0.695200000000000	2.02744886837671	0.000175127915695057
0.695300000000000	2.02742520883658	0.000174330857508990
0.695400000000000	2.02740155943035	0.000173535959053492
0.695500000000000	2.02737792015174	0.000172743217766465
0.695600000000000	2.02735429099445	0.000171952631088980
0.695700000000000	2.02733067195218	0.000171164196465280
0.695800000000000	2.02730706301865	0.000170377911342775
0.695900000000000	2.02728346418757	0.000169593773172028
0.696000000000000	2.02725987545269	0.000168811779406769
0.696100000000000	2.02723629680771	0.000168031927503869
0.696200000000000	2.02721272824639	0.000167254214923353
0.696300000000000	2.02718916976246	0.000166478639128388
0.696400000000000	2.02716562134966	0.000165705197585277
0.696500000000000	2.02714208300174	0.000164933887763462
0.696600000000000	2.02711855471247	0.000164164707135511
0.696700000000000	2.02709503647559	0.000163397653177118
0.696800000000000	2.02707152828488	0.000162632723367104
0.696900000000000	2.02704803013410	0.000161869915187397
0.697000000000000	2.02702454201703	0.000161109226123050
0.697100000000000	2.02700106392744	0.000160350653662214
0.697200000000000	2.02697759585913	0.000159594195296151
0.697300000000000	2.02695413780589	0.000158839848519220
0.697400000000000	2.02693068976149	0.000158087610828875
0.697500000000000	2.02690725171976	0.000157337479725667
0.697600000000000	2.02688382367449	0.000156589452713226
0.697700000000000	2.02686040561948	0.000155843527298272
0.697800000000000	2.02683699754857	0.000155099700990600
0.697900000000000	2.02681359945555	0.000154357971303080
0.698000000000000	2.02679021133427	0.000153618335751654
0.698100000000000	2.02676683317854	0.000152880791855328
0.698200000000000	2.02674346498220	0.000152145337136172
0.698300000000000	2.02672010673910	0.000151411969119312
0.698400000000000	2.02669675844307	0.000150680685332925
0.698500000000000	2.02667342008796	0.000149951483308245
0.698600000000000	2.02665009166762	0.000149224360579542
0.698700000000000	2.02662677317593	0.000148499314684134
0.698800000000000	2.02660346460673	0.000147776343162371
0.698900000000000	2.02658016595390	0.000147055443557636
0.699000000000000	2.02655687721130	0.000146336613416346
0.699100000000000	2.02653359837283	0.000145619850287934
0.699200000000000	2.02651032943236	0.000144905151724857
0.699300000000000	2.02648707038377	0.000144192515282590
0.699400000000000	2.02646382122097	0.000143481938519614
0.699500000000000	2.02644058193784	0.000142773418997425
0.699600000000000	2.02641735252830	0.000142066954280517
0.699700000000000	2.02639413298624	0.000141362541936384
0.699800000000000	2.02637092330559	0.000140660179535519
0.699900000000000	2.02634772348025	0.000139959864651399
0.700000000000000	2.02632453350415	0.000139261594860497
0.700100000000000	2.02630135337121	0.000138565367742264
0.700200000000000	2.02627818307537	0.000137871180879127
0.700300000000000	2.02625502261056	0.000137179031856495
0.700400000000000	2.02623187197073	0.000136488918262741
0.700500000000000	2.02620873114981	0.000135800837689210
0.700600000000000	2.02618560014177	0.000135114787730206
0.700700000000000	2.02616247894054	0.000134430765982992
0.700800000000000	2.02613936754010	0.000133748770047788
0.700900000000000	2.02611626593442	0.000133068797527761
0.701000000000000	2.02609317411745	0.000132390846029027
0.701100000000000	2.02607009208317	0.000131714913160643
0.701200000000000	2.02604701982557	0.000131040996534603
0.701300000000000	2.02602395733862	0.000130369093765842
0.701400000000000	2.02600090461632	0.000129699202472215
0.701500000000000	2.02597786165266	0.000129031320274512
0.701600000000000	2.02595482844164	0.000128365444796440
0.701700000000000	2.02593180497725	0.000127701573664627
0.701800000000000	2.02590879125351	0.000127039704508615
0.701900000000000	2.02588578726444	0.000126379834960856
0.702000000000000	2.02586279300404	0.000125721962656707
0.702100000000000	2.02583980846634	0.000125066085234431
0.702200000000000	2.02581683364537	0.000124412200335183
0.702300000000000	2.02579386853515	0.000123760305603021
0.702400000000000	2.02577091312973	0.000123110398684887
0.702500000000000	2.02574796742314	0.000122462477230611
0.702600000000000	2.02572503140944	0.000121816538892908
0.702700000000000	2.02570210508266	0.000121172581327367
0.702800000000000	2.02567918843687	0.000120530602192458
0.702900000000000	2.02565628146612	0.000119890599149516
0.703000000000000	2.02563338416449	0.000119252569862746
0.703100000000000	2.02561049652603	0.000118616511999217
0.703200000000000	2.02558761854482	0.000117982423228852
0.703300000000000	2.02556475021495	0.000117350301224437
0.703400000000000	2.02554189153048	0.000116720143661602
0.703500000000000	2.02551904248552	0.000116091948218828
0.703600000000000	2.02549620307416	0.000115465712577440
0.703700000000000	2.02547337329048	0.000114841434421599
0.703800000000000	2.02545055312859	0.000114219111438307
0.703900000000000	2.02542774258261	0.000113598741317395
0.704000000000000	2.02540494164663	0.000112980321751521
0.704100000000000	2.02538215031478	0.000112363850436171
0.704200000000000	2.02535936858118	0.000111749325069646
0.704300000000000	2.02533659643994	0.000111136743353069
0.704400000000000	2.02531383388521	0.000110526102990372
0.704500000000000	2.02529108091111	0.000109917401688297
0.704600000000000	2.02526833751179	0.000109310637156392
0.704700000000000	2.02524560368138	0.000108705807107004
0.704800000000000	2.02522287941403	0.000108102909255281
0.704900000000000	2.02520016470390	0.000107501941319160
0.705000000000000	2.02517745954515	0.000106902901019372
0.705100000000000	2.02515476393193	0.000106305786079432
0.705200000000000	2.02513207785842	0.000105710594225637
0.705300000000000	2.02510940131878	0.000105117323187063
0.705400000000000	2.02508673430719	0.000104525970695561
0.705500000000000	2.02506407681783	0.000103936534485751
0.705600000000000	2.02504142884489	0.000103349012295025
0.705700000000000	2.02501879038254	0.000102763401863531
0.705800000000000	2.02499616142500	0.000102179700934185
0.705900000000000	2.02497354196645	0.000101597907252651
0.706000000000000	2.02495093200110	0.000101018018567350
0.706100000000000	2.02492833152316	0.000100440032629451
0.706200000000000	2.02490574052684	9.98639471928651e-05
0.706300000000000	2.02488315900635	9.92897600142480e-05
0.706400000000000	2.02486058695592	9.87174688529884e-05
0.706500000000000	2.02483802436978	9.81470714712124e-05
0.706600000000000	2.02481547124215	9.75785656337749e-05
0.706700000000000	2.02479292756726	9.70119491082539e-05
0.706800000000000	2.02477039333936	9.64472196649548e-05
0.706900000000000	2.02474786855270	9.58843750768978e-05
0.707000000000000	2.02472535320151	9.53234131198189e-05
0.707100000000000	2.02470284728006	9.47643315721683e-05
0.707200000000000	2.02468035078259	9.42071282150982e-05
0.707300000000000	2.02465786370338	9.36518008324716e-05
0.707400000000000	2.02463538603669	9.30983472108461e-05
0.707500000000000	2.02461291777679	9.25467651394793e-05
0.707600000000000	2.02459045891795	9.19970524103216e-05
0.707700000000000	2.02456800945445	9.14492068180096e-05
0.707800000000000	2.02454556938059	9.09032261598712e-05
0.707900000000000	2.02452313869064	9.03591082359112e-05
0.708000000000000	2.02450071737891	8.98168508488159e-05
0.708100000000000	2.02447830543968	8.92764518039457e-05
0.708200000000000	2.02445590286727	8.87379089093303e-05
0.708300000000000	2.02443350965598	8.82012199756717e-05
0.708400000000000	2.02441112580011	8.76663828163305e-05
0.708500000000000	2.02438875129399	8.71333952473320e-05
0.708600000000000	2.02436638613194	8.66022550873561e-05
0.708700000000000	2.02434403030828	8.60729601577347e-05
0.708800000000000	2.02432168381733	8.55455082824540e-05
0.708900000000000	2.02429934665344	8.50198972881412e-05
0.709000000000000	2.02427701881094	8.44961250040681e-05
0.709100000000000	2.02425470028417	8.39741892621473e-05
0.709200000000000	2.02423239106748	8.34540878969216e-05
0.709300000000000	2.02421009115522	8.29358187455719e-05
0.709400000000000	2.02418780054175	8.24193796479024e-05
0.709500000000000	2.02416551922143	8.19047684463442e-05
0.709600000000000	2.02414324718861	8.13919829859500e-05
0.709700000000000	2.02412098443768	8.08810211143873e-05
0.709800000000000	2.02409873096300	8.03718806819421e-05
0.709900000000000	2.02407648675894	7.98645595415067e-05
0.710000000000000	2.02405425181990	7.93590555485824e-05
0.710100000000000	2.02403202614026	7.88553665612748e-05
0.710200000000000	2.02400980971441	7.83534904402867e-05
0.710300000000000	2.02398760253675	7.78534250489210e-05
0.710400000000000	2.02396540460167	7.73551682530708e-05
0.710500000000000	2.02394321590357	7.68587179212193e-05
0.710600000000000	2.02392103643688	7.63640719244374e-05
0.710700000000000	2.02389886619599	7.58712281363750e-05
0.710800000000000	2.02387670517533	7.53801844332654e-05
0.710900000000000	2.02385455336931	7.48909386939139e-05
0.711000000000000	2.02383241077237	7.44034887996991e-05
0.711100000000000	2.02381027737893	7.39178326345698e-05
0.711200000000000	2.02378815318343	7.34339680850363e-05
0.711300000000000	2.02376603818031	7.29518930401745e-05
0.711400000000000	2.02374393236400	7.24716053916163e-05
0.711500000000000	2.02372183572897	7.19931030335488e-05
0.711600000000000	2.02369974826965	7.15163838627118e-05
0.711700000000000	2.02367766998050	7.10414457783897e-05
0.711800000000000	2.02365560085599	7.05682866824162e-05
0.711900000000000	2.02363354089058	7.00969044791616e-05
0.712000000000000	2.02361149007874	6.96272970755368e-05
0.712100000000000	2.02358944841494	6.91594623809862e-05
0.712200000000000	2.02356741589366	6.86933983074831e-05
0.712300000000000	2.02354539250938	6.82291027695327e-05
0.712400000000000	2.02352337825659	6.77665736841596e-05
0.712500000000000	2.02350137312978	6.73058089709114e-05
0.712600000000000	2.02347937712344	6.68468065518538e-05
0.712700000000000	2.02345739023207	6.63895643515629e-05
0.712800000000000	2.02343541245018	6.59340802971301e-05
0.712900000000000	2.02341344377227	6.54803523181498e-05
0.713000000000000	2.02339148419285	6.50283783467227e-05
0.713100000000000	2.02336953370645	6.45781563174491e-05
0.713200000000000	2.02334759230757	6.41296841674252e-05
0.713300000000000	2.02332565999076	6.36829598362443e-05
0.713400000000000	2.02330373675052	6.32379812659860e-05
0.713500000000000	2.02328182258141	6.27947464012194e-05
0.713600000000000	2.02325991747795	6.23532531889972e-05
0.713700000000000	2.02323802143469	6.19134995788505e-05
0.713800000000000	2.02321613444617	6.14754835227908e-05
0.713900000000000	2.02319425650694	6.10392029752999e-05
0.714000000000000	2.02317238761157	6.06046558933319e-05
0.714100000000000	2.02315052775459	6.01718402363084e-05
0.714200000000000	2.02312867693059	5.97407539661119e-05
0.714300000000000	2.02310683513412	5.93113950470899e-05
0.714400000000000	2.02308500235976	5.88837614460424e-05
0.714500000000000	2.02306317860208	5.84578511322272e-05
0.714600000000000	2.02304136385567	5.80336620773506e-05
0.714700000000000	2.02301955811510	5.76111922555651e-05
0.714800000000000	2.02299776137496	5.71904396434710e-05
0.714900000000000	2.02297597362985	5.67714022201055e-05
0.715000000000000	2.02295419487437	5.63540779669459e-05
0.715100000000000	2.02293242510311	5.59384648679028e-05
0.715200000000000	2.02291066431067	5.55245609093160e-05
0.715300000000000	2.02288891249168	5.51123640799573e-05
0.715400000000000	2.02286716964073	5.47018723710185e-05
0.715500000000000	2.02284543575245	5.42930837761159e-05
0.715600000000000	2.02282371082147	5.38859962912820e-05
0.715700000000000	2.02280199484239	5.34806079149639e-05
0.715800000000000	2.02278028780986	5.30769166480222e-05
0.715900000000000	2.02275858971852	5.26749204937238e-05
0.716000000000000	2.02273690056298	5.22746174577414e-05
0.716100000000000	2.02271522033791	5.18760055481501e-05
0.716200000000000	2.02269354903794	5.14790827754222e-05
0.716300000000000	2.02267188665773	5.10838471524280e-05
0.716400000000000	2.02265023319194	5.06902966944270e-05
0.716500000000000	2.02262858863521	5.02984294190702e-05
0.716600000000000	2.02260695298221	4.99082433463937e-05
0.716700000000000	2.02258532622762	4.95197364988149e-05
0.716800000000000	2.02256370836609	4.91329069011342e-05
0.716900000000000	2.02254209939231	4.87477525805244e-05
0.717000000000000	2.02252049930096	4.83642715665337e-05
0.717100000000000	2.02249890808672	4.79824618910808e-05
0.717200000000000	2.02247732574428	4.76023215884485e-05
0.717300000000000	2.02245575226832	4.72238486952869e-05
0.717400000000000	2.02243418765356	4.68470412506036e-05
0.717500000000000	2.02241263189467	4.64718972957656e-05
0.717600000000000	2.02239108498638	4.60984148744932e-05
0.717700000000000	2.02236954692338	4.57265920328568e-05
0.717800000000000	2.02234801770039	4.53564268192784e-05
0.717900000000000	2.02232649731213	4.49879172845203e-05
0.718000000000000	2.02230498575332	4.46210614816893e-05
0.718100000000000	2.02228348301867	4.42558574662303e-05
0.718200000000000	2.02226198910293	4.38923032959231e-05
0.718300000000000	2.02224050400082	4.35303970308813e-05
0.718400000000000	2.02221902770707	4.31701367335455e-05
0.718500000000000	2.02219756021644	4.28115204686846e-05
0.718600000000000	2.02217610152366	4.24545463033899e-05
0.718700000000000	2.02215465162348	4.20992123070710e-05
0.718800000000000	2.02213321051066	4.17455165514581e-05
0.718900000000000	2.02211177817995	4.13934571105916e-05
0.719000000000000	2.02209035462612	4.10430320608246e-05
0.719100000000000	2.02206893984392	4.06942394808170e-05
0.719200000000000	2.02204753382813	4.03470774515335e-05
0.719300000000000	2.02202613657353	4.00015440562415e-05
0.719400000000000	2.02200474807488	3.96576373805045e-05
0.719500000000000	2.02198336832697	3.93153555121836e-05
0.719600000000000	2.02196199732458	3.89746965414313e-05
0.719700000000000	2.02194063506251	3.86356585606887e-05
0.719800000000000	2.02191928153554	3.82982396646854e-05
0.719900000000000	2.02189793673848	3.79624379504319e-05
0.720000000000000	2.02187660066612	3.76282515172204e-05
0.720100000000000	2.02185527331327	3.72956784666195e-05
0.720200000000000	2.02183395467474	3.69647169024715e-05
0.720300000000000	2.02181264474534	3.66353649308921e-05
0.720400000000000	2.02179134351990	3.63076206602622e-05
0.720500000000000	2.02177005099322	3.59814822012297e-05
0.720600000000000	2.02174876716014	3.56569476667044e-05
0.720700000000000	2.02172749201548	3.53340151718539e-05
0.720800000000000	2.02170622555408	3.50126828341042e-05
0.720900000000000	2.02168496777077	3.46929487731321e-05
0.721000000000000	2.02166371866040	3.43748111108661e-05
0.721100000000000	2.02164247821781	3.40582679714811e-05
0.721200000000000	2.02162124643784	3.37433174813959e-05
0.721300000000000	2.02160002331536	3.34299577692722e-05
0.721400000000000	2.02157880884522	3.31181869660074e-05
0.721500000000000	2.02155760302228	3.28080032047360e-05
0.721600000000000	2.02153640584140	3.24994046208247e-05
0.721700000000000	2.02151521729745	3.21923893518677e-05
0.721800000000000	2.02149403738531	3.18869555376884e-05
0.721900000000000	2.02147286609985	3.15831013203312e-05
0.722000000000000	2.02145170343596	3.12808248440625e-05
0.722100000000000	2.02143054938851	3.09801242553660e-05
0.722200000000000	2.02140940395239	3.06809977029386e-05
0.722300000000000	2.02138826712250	3.03834433376916e-05
0.722400000000000	2.02136713889373	3.00874593127419e-05
0.722500000000000	2.02134601926099	2.97930437834151e-05
0.722600000000000	2.02132490821917	2.95001949072379e-05
0.722700000000000	2.02130380576319	2.92089108439373e-05
0.722800000000000	2.02128271188795	2.89191897554385e-05
0.722900000000000	2.02126162658837	2.86310298058592e-05
0.723000000000000	2.02124054985938	2.83444291615096e-05
0.723100000000000	2.02121948169589	2.80593859908883e-05
0.723200000000000	2.02119842209283	2.77758984646780e-05
0.723300000000000	2.02117737104513	2.74939647557466e-05
0.723400000000000	2.02115632854773	2.72135830391389e-05
0.723500000000000	2.02113529459557	2.69347514920781e-05
0.723600000000000	2.02111426918359	2.66574682939617e-05
0.723700000000000	2.02109325230673	2.63817316263564e-05
0.723800000000000	2.02107224395995	2.61075396730003e-05
0.723900000000000	2.02105124413820	2.58348906197936e-05
0.724000000000000	2.02103025283644	2.55637826548010e-05
0.724100000000000	2.02100927004963	2.52942139682467e-05
0.724200000000000	2.02098829577274	2.50261827525099e-05
0.724300000000000	2.02096733000074	2.47596872021271e-05
0.724400000000000	2.02094637272859	2.44947255137827e-05
0.724500000000000	2.02092542395128	2.42312958863110e-05
0.724600000000000	2.02090448366379	2.39693965206922e-05
0.724700000000000	2.02088355186111	2.37090256200468e-05
0.724800000000000	2.02086262853822	2.34501813896385e-05
0.724900000000000	2.02084171369011	2.31928620368652e-05
0.725000000000000	2.02082080731179	2.29370657712598e-05
0.725100000000000	2.02079990939825	2.26827908044876e-05
0.725200000000000	2.02077901994449	2.24300353503402e-05
0.725300000000000	2.02075813894553	2.21787976247375e-05
0.725400000000000	2.02073726639638	2.19290758457207e-05
0.725500000000000	2.02071640229204	2.16808682334513e-05
0.725600000000000	2.02069554662755	2.14341730102091e-05
0.725700000000000	2.02067469939793	2.11889884003866e-05
0.725800000000000	2.02065386059820	2.09453126304909e-05
0.725900000000000	2.02063303022338	2.07031439291351e-05
0.726000000000000	2.02061220826853	2.04624805270405e-05
0.726100000000000	2.02059139472867	2.02233206570315e-05
0.726200000000000	2.02057058959885	1.99856625540322e-05
0.726300000000000	2.02054979287411	1.97495044550663e-05
0.726400000000000	2.02052900454951	1.95148445992509e-05
0.726500000000000	2.02050822462009	1.92816812277968e-05
0.726600000000000	2.02048745308092	1.90500125840040e-05
0.726700000000000	2.02046668992705	1.88198369132591e-05
0.726800000000000	2.02044593515355	1.85911524630340e-05
0.726900000000000	2.02042518875549	1.83639574828802e-05
0.727000000000000	2.02040445072793	1.81382502244296e-05
0.727100000000000	2.02038372106597	1.79140289413896e-05
0.727200000000000	2.02036299976467	1.76912918895398e-05
0.727300000000000	2.02034228681912	1.74700373267321e-05
0.727400000000000	2.02032158222441	1.72502635128845e-05
0.727500000000000	2.02030088597562	1.70319687099812e-05
0.727600000000000	2.02028019806786	1.68151511820685e-05
0.727700000000000	2.02025951849621	1.65998091952517e-05
0.727800000000000	2.02023884725579	1.63859410176945e-05
0.727900000000000	2.02021818434170	1.61735449196133e-05
0.728000000000000	2.02019752974905	1.59626191732771e-05
0.728100000000000	2.02017688347294	1.57531620530036e-05
0.728200000000000	2.02015624550851	1.55451718351559e-05
0.728300000000000	2.02013561585086	1.53386467981421e-05
0.728400000000000	2.02011499449513	1.51335852224095e-05
0.728500000000000	2.02009438143644	1.49299853904447e-05
0.728600000000000	2.02007377666993	1.47278455867696e-05
0.728700000000000	2.02005318019072	1.45271640979382e-05
0.728800000000000	2.02003259199396	1.43279392125357e-05
0.728900000000000	2.02001201207479	1.41301692211737e-05
0.729000000000000	2.01999144042836	1.39338524164897e-05
0.729100000000000	2.01997087704981	1.37389870931428e-05
0.729200000000000	2.01995032193431	1.35455715478111e-05
0.729300000000000	2.01992977507700	1.33536040791911e-05
0.729400000000000	2.01990923647306	1.31630829879921e-05
0.729500000000000	2.01988870611764	1.29740065769355e-05
0.729600000000000	2.01986818400592	1.27863731507523e-05
0.729700000000000	2.01984767013306	1.26001810161783e-05
0.729800000000000	2.01982716449424	1.24154284819552e-05
0.729900000000000	2.01980666708465	1.22321138588236e-05
0.730000000000000	2.01978617789946	1.20502354595242e-05
0.730100000000000	2.01976569693386	1.18697915987931e-05
0.730200000000000	2.01974522418304	1.16907805933585e-05
0.730300000000000	2.01972475964220	1.15132007619418e-05
0.730400000000000	2.01970430330653	1.13370504252499e-05
0.730500000000000	2.01968385517124	1.11623279059765e-05
0.730600000000000	2.01966341523153	1.09890315287981e-05
0.730700000000000	2.01964298348260	1.08171596203708e-05
0.730800000000000	2.01962255991968	1.06467105093294e-05
0.730900000000000	2.01960214453798	1.04776825262828e-05
0.731000000000000	2.01958173733271	1.03100740038129e-05
0.731100000000000	2.01956133829910	1.01438832764719e-05
0.731200000000000	2.01954094743237	9.97910868077829e-06
0.731300000000000	2.01952056472777	9.81574855521694e-06
0.731400000000000	2.01950019018051	9.65380124023328e-06
0.731500000000000	2.01947982378584	9.49326507823372e-06
0.731600000000000	2.01945946553900	9.33413841358128e-06
0.731700000000000	2.01943911543524	9.17641959259316e-06
0.731800000000000	2.01941877346980	9.02010696353976e-06
0.731900000000000	2.01939843963793	8.86519887663947e-06
0.732000000000000	2.01937811393489	8.71169368405855e-06
0.732100000000000	2.01935779635594	8.55958973990782e-06
0.732200000000000	2.01933748689634	8.40888540023883e-06
0.732300000000000	2.01931718555136	8.25957902304409e-06
0.732400000000000	2.01929689231626	8.11166896825140e-06
0.732500000000000	2.01927660718633	7.96515359772372e-06
0.732600000000000	2.01925633015683	7.82003127525569e-06
0.732700000000000	2.01923606122305	7.67630036657057e-06
0.732800000000000	2.01921580038028	7.53395923931952e-06
0.732900000000000	2.01919554762379	7.39300626307648e-06
0.733000000000000	2.01917530294888	7.25343980933829e-06
0.733100000000000	2.01915506635085	7.11525825152053e-06
0.733200000000000	2.01913483782500	6.97845996495521e-06
0.733300000000000	2.01911461736661	6.84304332688941e-06
0.733400000000000	2.01909440497101	6.70900671648090e-06
0.733500000000000	2.01907420063350	6.57634851479742e-06
0.733600000000000	2.01905400434939	6.44506710481347e-06
0.733700000000000	2.01903381611400	6.31516087140691e-06
0.733800000000000	2.01901363592265	6.18662820135903e-06
0.733900000000000	2.01899346377065	6.05946748334884e-06
0.734000000000000	2.01897329965335	5.93367710795307e-06
0.734100000000000	2.01895314356606	5.80925546764297e-06
0.734200000000000	2.01893299550412	5.68620095678077e-06
0.734300000000000	2.01891285546286	5.56451197161964e-06
0.734400000000000	2.01889272343764	5.44418691029835e-06
0.734500000000000	2.01887259942378	5.32522417284098e-06
0.734600000000000	2.01885248341665	5.20762216115388e-06
0.734700000000000	2.01883237541158	5.09137927902231e-06
0.734800000000000	2.01881227540395	4.97649393210982e-06
0.734900000000000	2.01879218338909	4.86296452795379e-06
0.735000000000000	2.01877209936238	4.75078947596447e-06
0.735100000000000	2.01875202331917	4.63996718742199e-06
0.735200000000000	2.01873195525485	4.53049607547370e-06
0.735300000000000	2.01871189516477	4.42237455513265e-06
0.735400000000000	2.01869184304432	4.31560104327388e-06
0.735500000000000	2.01867179888887	4.21017395863314e-06
0.735600000000000	2.01865176269381	4.10609172180390e-06
0.735700000000000	2.01863173445452	4.00335275523463e-06
0.735800000000000	2.01861171416639	3.90195548322770e-06
0.735900000000000	2.01859170182482	3.80189833193527e-06
0.736000000000000	2.01857169742519	3.70317972935812e-06
0.736100000000000	2.01855170096292	3.60579810534304e-06
0.736200000000000	2.01853171243340	3.50975189157946e-06
0.736300000000000	2.01851173183203	3.41503952159892e-06
0.736400000000000	2.01849175915424	3.32165943077076e-06
0.736500000000000	2.01847179439543	3.22961005630110e-06
0.736600000000000	2.01845183755102	3.13888983722985e-06
0.736700000000000	2.01843188861643	3.04949721442802e-06
0.736800000000000	2.01841194758708	2.96143063059667e-06
0.736900000000000	2.01839201445841	2.87468853026273e-06
0.737000000000000	2.01837208922583	2.78926935977808e-06
0.737100000000000	2.01835217188479	2.70517156731661e-06
0.737200000000000	2.01833226243072	2.62239360287159e-06
0.737300000000000	2.01831236085907	2.54093391825420e-06
0.737400000000000	2.01829246716527	2.46079096709000e-06
0.737500000000000	2.01827258134478	2.38196320481770e-06
0.737600000000000	2.01825270339305	2.30444908868606e-06
0.737700000000000	2.01823283330552	2.22824707775179e-06
0.737800000000000	2.01821297107767	2.15335563287749e-06
0.737900000000000	2.01819311670494	2.07977321672872e-06
0.738000000000000	2.01817327018281	2.00749829377224e-06
0.738100000000000	2.01815343150674	1.93652933027340e-06
0.738200000000000	2.01813360067221	1.86686479429366e-06
0.738300000000000	2.01811377767468	1.79850315568893e-06
0.738400000000000	2.01809396250964	1.73144288610639e-06
0.738500000000000	2.01807415517257	1.66568245898266e-06
0.738600000000000	2.01805435565896	1.60122034954157e-06
0.738700000000000	2.01803456396428	1.53805503479149e-06
0.738800000000000	2.01801478008404	1.47618499352351e-06
0.738900000000000	2.01799500401373	1.41560870630857e-06
0.739000000000000	2.01797523574884	1.35632465549561e-06
0.739100000000000	2.01795547528488	1.29833132520915e-06
0.739200000000000	2.01793572261736	1.24162720134677e-06
0.739300000000000	2.01791597774178	1.18621077157745e-06
0.739400000000000	2.01789624065365	1.13208052533831e-06
0.739500000000000	2.01787651134849	1.07923495383326e-06
0.739600000000000	2.01785678982182	1.02767255003033e-06
0.739700000000000	2.01783707606916	9.77391808659127e-07
0.739800000000000	2.01781737008603	9.28391226209247e-07
0.739900000000000	2.01779767186797	8.80669300927205e-07
0.740000000000000	2.01777798141050	8.34224532814881e-07
0.740100000000000	2.01775829870916	7.89055423626836e-07
0.740200000000000	2.01773862375949	7.45160476868019e-07
0.740300000000000	2.01771895655703	7.02538197792040e-07
0.740400000000000	2.01769929709733	6.61187093398177e-07
0.740500000000000	2.01767964537593	6.21105672429579e-07
0.740600000000000	2.01766000138839	5.82292445371115e-07
0.740700000000000	2.01764036513026	5.44745924446639e-07
0.740800000000000	2.01762073659710	5.08464623617431e-07
0.740900000000000	2.01760111578447	4.73447058579297e-07
0.741000000000000	2.01758150268794	4.39691746760742e-07
0.741100000000000	2.01756189730307	4.07197207320667e-07
0.741200000000000	2.01754229962544	3.75961961146015e-07
0.741300000000000	2.01752270965062	3.45984530849799e-07
0.741400000000000	2.01750312737419	3.17263440768578e-07
0.741500000000000	2.01748355279173	2.89797216960456e-07
0.741600000000000	2.01746398589882	2.63584387202808e-07
0.741700000000000	2.01744442669106	2.38623480990021e-07
0.741800000000000	2.01742487516404	2.14913029531411e-07
0.741900000000000	2.01740533131334	1.92451565748856e-07
0.742000000000000	2.01738579513458	1.71237624274756e-07
0.742100000000000	2.01736626662334	1.51269741449702e-07
0.742200000000000	2.01734674577523	1.32546455320356e-07
0.742300000000000	2.01732723258587	1.15066305637307e-07
0.742400000000000	2.01730772705086	9.88278338527202e-08
0.742500000000000	2.01728822916581	8.38295831183062e-08
0.742600000000000	2.01726873892635	7.00700982831336e-08
0.742700000000000	2.01724925632809	5.75479258912781e-08
0.742800000000000	2.01722978136666	4.62616141799365e-08
0.742900000000000	2.01721031403769	3.62097130769543e-08
0.743000000000000	2.01719085433680	2.73907741988637e-08
0.743100000000000	2.01717140225964	1.98033508486488e-08
0.743200000000000	2.01715195780183	1.34459980135439e-08
0.743300000000000	2.01713252095901	8.31727236295547e-09
0.743400000000000	2.01711309172684	4.41573224623676e-09
0.743500000000000	2.01709367010095	1.73993769057215e-09
0.743600000000000	2.01707425607700	2.88450398814047e-10
0.743700000000000	2.01705484965064	0
0.743800000000000	2.01703545081753	0
0.743900000000000	2.01701605957332	0
0.744000000000000	2.01699667591368	0
0.744100000000000	2.01697729983428	0
0.744200000000000	2.01695793133078	0
0.744300000000000	2.01693857039885	0
0.744400000000000	2.01691921703418	0
0.744500000000000	2.01689987123244	0
0.744600000000000	2.01688053298931	0
0.744700000000000	2.01686120230048	0
0.744800000000000	2.01684187916163	0
0.744900000000000	2.01682256356846	0
0.745000000000000	2.01680325551666	0
0.745100000000000	2.01678395500194	0
0.745200000000000	2.01676466201998	0
0.745300000000000	2.01674537656650	0
0.745400000000000	2.01672609863721	0
0.745500000000000	2.01670682822780	0
0.745600000000000	2.01668756533401	0
0.745700000000000	2.01666830995154	0
0.745800000000000	2.01664906207611	0
0.745900000000000	2.01662982170345	0
0.746000000000000	2.01661058882928	0
0.746100000000000	2.01659136344934	0
0.746200000000000	2.01657214555936	0
0.746300000000000	2.01655293515507	0
0.746400000000000	2.01653373223221	0
0.746500000000000	2.01651453678652	0
0.746600000000000	2.01649534881375	0
0.746700000000000	2.01647616830966	0
0.746800000000000	2.01645699526997	0
0.746900000000000	2.01643782969047	0
0.747000000000000	2.01641867156689	0
0.747100000000000	2.01639952089501	0
0.747200000000000	2.01638037767059	0
0.747300000000000	2.01636124188939	0
0.747400000000000	2.01634211354718	0
0.747500000000000	2.01632299263974	0
0.747600000000000	2.01630387916285	0
0.747700000000000	2.01628477311228	0
0.747800000000000	2.01626567448382	0
0.747900000000000	2.01624658327325	0
0.748000000000000	2.01622749947637	0
0.748100000000000	2.01620842308895	0
0.748200000000000	2.01618935410681	0
0.748300000000000	2.01617029252574	0
0.748400000000000	2.01615123834153	0
0.748500000000000	2.01613219155000	0
0.748600000000000	2.01611315214695	0
0.748700000000000	2.01609412012819	0
0.748800000000000	2.01607509548953	0
0.748900000000000	2.01605607822680	0
0.749000000000000	2.01603706833581	0
0.749100000000000	2.01601806581239	0
0.749200000000000	2.01599907065236	0
0.749300000000000	2.01598008285155	0
0.749400000000000	2.01596110240579	0
0.749500000000000	2.01594212931092	0
0.749600000000000	2.01592316356277	0
0.749700000000000	2.01590420515719	0
0.749800000000000	2.01588525409003	0
0.749900000000000	2.01586631035712	0
0.750000000000000	2.01584737395432	0
0.750100000000000	2.01582844487749	0
0.750200000000000	2.01580952312247	0
0.750300000000000	2.01579060868514	0
0.750400000000000	2.01577170156135	0
0.750500000000000	2.01575280174696	0
0.750600000000000	2.01573390923785	0
0.750700000000000	2.01571502402989	0
0.750800000000000	2.01569614611896	0
0.750900000000000	2.01567727550092	0
0.751000000000000	2.01565841217167	0
0.751100000000000	2.01563955612708	0
0.751200000000000	2.01562070736304	0
0.751300000000000	2.01560186587544	0
0.751400000000000	2.01558303166018	0
0.751500000000000	2.01556420471315	0
0.751600000000000	2.01554538503026	0
0.751700000000000	2.01552657260739	0
0.751800000000000	2.01550776744046	0
0.751900000000000	2.01548896952537	0
0.752000000000000	2.01547017885804	0
0.752100000000000	2.01545139543437	0
0.752200000000000	2.01543261925030	0
0.752300000000000	2.01541385030173	0
0.752400000000000	2.01539508858459	0
0.752500000000000	2.01537633409480	0
0.752600000000000	2.01535758682829	0
0.752700000000000	2.01533884678100	0
0.752800000000000	2.01532011394886	0
0.752900000000000	2.01530138832781	0
0.753000000000000	2.01528266991378	0
0.753100000000000	2.01526395870273	0
0.753200000000000	2.01524525469060	0
0.753300000000000	2.01522655787333	0
0.753400000000000	2.01520786824688	0
0.753500000000000	2.01518918580721	0
0.753600000000000	2.01517051055027	0
0.753700000000000	2.01515184247203	0
0.753800000000000	2.01513318156845	0
0.753900000000000	2.01511452783549	0
0.754000000000000	2.01509588126913	0
0.754100000000000	2.01507724186535	0
0.754200000000000	2.01505860962011	0
0.754300000000000	2.01503998452939	0
0.754400000000000	2.01502136658918	0
0.754500000000000	2.01500275579547	0
0.754600000000000	2.01498415214423	0
0.754700000000000	2.01496555563146	0
0.754800000000000	2.01494696625316	0
0.754900000000000	2.01492838400532	0
0.755000000000000	2.01490980888394	0
0.755100000000000	2.01489124088502	0
0.755200000000000	2.01487268000457	0
0.755300000000000	2.01485412623860	0
0.755400000000000	2.01483557958311	0
0.755500000000000	2.01481704003413	0
0.755600000000000	2.01479850758766	0
0.755700000000000	2.01477998223973	0
0.755800000000000	2.01476146398636	0
0.755900000000000	2.01474295282358	0
0.756000000000000	2.01472444874741	0
0.756100000000000	2.01470595175389	0
0.756200000000000	2.01468746183905	0
0.756300000000000	2.01466897899892	0
0.756400000000000	2.01465050322956	0
0.756500000000000	2.01463203452699	0
0.756600000000000	2.01461357288727	0
0.756700000000000	2.01459511830644	0
0.756800000000000	2.01457667078056	0
0.756900000000000	2.01455823030568	0
0.757000000000000	2.01453979687786	0
0.757100000000000	2.01452137049316	0
0.757200000000000	2.01450295114763	0
0.757300000000000	2.01448453883736	0
0.757400000000000	2.01446613355840	0
0.757500000000000	2.01444773530682	0
0.757600000000000	2.01442934407871	0
0.757700000000000	2.01441095987013	0
0.757800000000000	2.01439258267717	0
0.757900000000000	2.01437421249592	0
0.758000000000000	2.01435584932245	0
0.758100000000000	2.01433749315286	0
0.758200000000000	2.01431914398323	0
0.758300000000000	2.01430080180966	0
0.758400000000000	2.01428246662826	0
0.758500000000000	2.01426413843511	0
0.758600000000000	2.01424581722632	0
0.758700000000000	2.01422750299800	0
0.758800000000000	2.01420919574625	0
0.758900000000000	2.01419089546719	0
0.759000000000000	2.01417260215693	0
0.759100000000000	2.01415431581158	0
0.759200000000000	2.01413603642727	0
0.759300000000000	2.01411776400012	0
0.759400000000000	2.01409949852626	0
0.759500000000000	2.01408124000180	0
0.759600000000000	2.01406298842289	0
0.759700000000000	2.01404474378566	0
0.759800000000000	2.01402650608623	0
0.759900000000000	2.01400827532076	0
0.760000000000000	2.01399005148539	0
0.760100000000000	2.01397183457625	0
0.760200000000000	2.01395362458950	0
0.760300000000000	2.01393542152128	0
0.760400000000000	2.01391722536776	0
0.760500000000000	2.01389903612508	0
0.760600000000000	2.01388085378941	0
0.760700000000000	2.01386267835690	0
0.760800000000000	2.01384450982372	0
0.760900000000000	2.01382634818604	0
0.761000000000000	2.01380819344002	0
0.761100000000000	2.01379004558185	0
0.761200000000000	2.01377190460769	0
0.761300000000000	2.01375377051372	0
0.761400000000000	2.01373564329612	0
0.761500000000000	2.01371752295109	0
0.761600000000000	2.01369940947479	0
0.761700000000000	2.01368130286343	0
0.761800000000000	2.01366320311319	0
0.761900000000000	2.01364511022027	0
0.762000000000000	2.01362702418087	0
0.762100000000000	2.01360894499118	0
0.762200000000000	2.01359087264741	0
0.762300000000000	2.01357280714577	0
0.762400000000000	2.01355474848246	0
0.762500000000000	2.01353669665369	0
0.762600000000000	2.01351865165568	0
0.762700000000000	2.01350061348464	0
0.762800000000000	2.01348258213680	0
0.762900000000000	2.01346455760837	0
0.763000000000000	2.01344653989557	0
0.763100000000000	2.01342852899465	0
0.763200000000000	2.01341052490182	0
0.763300000000000	2.01339252761332	0
0.763400000000000	2.01337453712539	0
0.763500000000000	2.01335655343425	0
0.763600000000000	2.01333857653616	0
0.763700000000000	2.01332060642736	0
0.763800000000000	2.01330264310409	0
0.763900000000000	2.01328468656260	0
0.764000000000000	2.01326673679915	0
0.764100000000000	2.01324879380998	0
0.764200000000000	2.01323085759136	0
0.764300000000000	2.01321292813955	0
0.764400000000000	2.01319500545080	0
0.764500000000000	2.01317708952138	0
0.764600000000000	2.01315918034756	0
0.764700000000000	2.01314127792561	0
0.764800000000000	2.01312338225181	0
0.764900000000000	2.01310549332242	0
0.765000000000000	2.01308761113373	0
0.765100000000000	2.01306973568202	0
0.765200000000000	2.01305186696357	0
0.765300000000000	2.01303400497467	0
0.765400000000000	2.01301614971161	0
0.765500000000000	2.01299830117068	0
0.765600000000000	2.01298045934817	0
0.765700000000000	2.01296262424038	0
0.765800000000000	2.01294479584362	0
0.765900000000000	2.01292697415417	0
0.766000000000000	2.01290915916836	0
0.766100000000000	2.01289135088247	0
0.766200000000000	2.01287354929284	0
0.766300000000000	2.01285575439576	0
0.766400000000000	2.01283796618756	0
0.766500000000000	2.01282018466455	0
0.766600000000000	2.01280240982305	0
0.766700000000000	2.01278464165939	0
0.766800000000000	2.01276688016990	0
0.766900000000000	2.01274912535089	0
0.767000000000000	2.01273137719871	0
0.767100000000000	2.01271363570968	0
0.767200000000000	2.01269590088015	0
0.767300000000000	2.01267817270645	0
0.767400000000000	2.01266045118492	0
0.767500000000000	2.01264273631192	0
0.767600000000000	2.01262502808378	0
0.767700000000000	2.01260732649685	0
0.767800000000000	2.01258963154749	0
0.767900000000000	2.01257194323206	0
0.768000000000000	2.01255426154691	0
0.768100000000000	2.01253658648839	0
0.768200000000000	2.01251891805288	0
0.768300000000000	2.01250125623674	0
0.768400000000000	2.01248360103633	0
0.768500000000000	2.01246595244803	0
0.768600000000000	2.01244831046821	0
0.768700000000000	2.01243067509324	0
0.768800000000000	2.01241304631951	0
0.768900000000000	2.01239542414339	0
0.769000000000000	2.01237780856127	0
0.769100000000000	2.01236019956953	0
0.769200000000000	2.01234259716456	0
0.769300000000000	2.01232500134276	0
0.769400000000000	2.01230741210051	0
0.769500000000000	2.01228982943422	0
0.769600000000000	2.01227225334028	0
0.769700000000000	2.01225468381509	0
0.769800000000000	2.01223712085505	0
0.769900000000000	2.01221956445658	0
0.770000000000000	2.01220201461608	0
0.770100000000000	2.01218447132997	0
0.770200000000000	2.01216693459465	0
0.770300000000000	2.01214940440655	0
0.770400000000000	2.01213188076209	0
0.770500000000000	2.01211436365768	0
0.770600000000000	2.01209685308974	0
0.770700000000000	2.01207934905472	0
0.770800000000000	2.01206185154903	0
0.770900000000000	2.01204436056911	0
0.771000000000000	2.01202687611139	0
0.771100000000000	2.01200939817232	0
0.771200000000000	2.01199192674832	0
0.771300000000000	2.01197446183584	0
0.771400000000000	2.01195700343133	0
0.771500000000000	2.01193955153123	0
0.771600000000000	2.01192210613200	0
0.771700000000000	2.01190466723007	0
0.771800000000000	2.01188723482192	0
0.771900000000000	2.01186980890400	0
0.772000000000000	2.01185238947276	0
0.772100000000000	2.01183497652467	0
0.772200000000000	2.01181757005619	0
0.772300000000000	2.01180017006380	0
0.772400000000000	2.01178277654395	0
0.772500000000000	2.01176538949313	0
0.772600000000000	2.01174800890781	0
0.772700000000000	2.01173063478445	0
0.772800000000000	2.01171326711956	0
0.772900000000000	2.01169590590960	0
0.773000000000000	2.01167855115106	0
0.773100000000000	2.01166120284043	0
0.773200000000000	2.01164386097419	0
0.773300000000000	2.01162652554885	0
0.773400000000000	2.01160919656089	0
0.773500000000000	2.01159187400682	0
0.773600000000000	2.01157455788313	0
0.773700000000000	2.01155724818632	0
0.773800000000000	2.01153994491290	0
0.773900000000000	2.01152264805937	0
0.774000000000000	2.01150535762225	0
0.774100000000000	2.01148807359805	0
0.774200000000000	2.01147079598327	0
0.774300000000000	2.01145352477445	0
0.774400000000000	2.01143625996809	0
0.774500000000000	2.01141900156073	0
0.774600000000000	2.01140174954887	0
0.774700000000000	2.01138450392906	0
0.774800000000000	2.01136726469782	0
0.774900000000000	2.01135003185168	0
0.775000000000000	2.01133280538717	0
0.775100000000000	2.01131558530084	0
0.775200000000000	2.01129837158921	0
0.775300000000000	2.01128116424884	0
0.775400000000000	2.01126396327627	0
0.775500000000000	2.01124676866804	0
0.775600000000000	2.01122958042070	0
0.775700000000000	2.01121239853081	0
0.775800000000000	2.01119522299491	0
0.775900000000000	2.01117805380956	0
0.776000000000000	2.01116089097132	0
0.776100000000000	2.01114373447676	0
0.776200000000000	2.01112658432243	0
0.776300000000000	2.01110944050490	0
0.776400000000000	2.01109230302074	0
0.776500000000000	2.01107517186652	0
0.776600000000000	2.01105804703881	0
0.776700000000000	2.01104092853419	0
0.776800000000000	2.01102381634924	0
0.776900000000000	2.01100671048053	0
0.777000000000000	2.01098961092465	0
0.777100000000000	2.01097251767818	0
0.777200000000000	2.01095543073772	0
0.777300000000000	2.01093835009985	0
0.777400000000000	2.01092127576116	0
0.777500000000000	2.01090420771825	0
0.777600000000000	2.01088714596771	0
0.777700000000000	2.01087009050615	0
0.777800000000000	2.01085304133017	0
0.777900000000000	2.01083599843636	0
0.778000000000000	2.01081896182135	0
0.778100000000000	2.01080193148173	0
0.778200000000000	2.01078490741411	0
0.778300000000000	2.01076788961512	0
0.778400000000000	2.01075087808137	0
0.778500000000000	2.01073387280947	0
0.778600000000000	2.01071687379605	0
0.778700000000000	2.01069988103773	0
0.778800000000000	2.01068289453113	0
0.778900000000000	2.01066591427289	0
0.779000000000000	2.01064894025964	0
0.779100000000000	2.01063197248800	0
0.779200000000000	2.01061501095461	0
0.779300000000000	2.01059805565611	0
0.779400000000000	2.01058110658914	0
0.779500000000000	2.01056416375035	0
0.779600000000000	2.01054722713636	0
0.779700000000000	2.01053029674385	0
0.779800000000000	2.01051337256944	0
0.779900000000000	2.01049645460980	0
0.780000000000000	2.01047954286157	0
0.780100000000000	2.01046263732142	0
0.780200000000000	2.01044573798601	0
0.780300000000000	2.01042884485198	0
0.780400000000000	2.01041195791601	0
0.780500000000000	2.01039507717477	0
0.780600000000000	2.01037820262491	0
0.780700000000000	2.01036133426312	0
0.780800000000000	2.01034447208606	0
0.780900000000000	2.01032761609041	0
0.781000000000000	2.01031076627284	0
0.781100000000000	2.01029392263004	0
0.781200000000000	2.01027708515869	0
0.781300000000000	2.01026025385546	0
0.781400000000000	2.01024342871706	0
0.781500000000000	2.01022660974016	0
0.781600000000000	2.01020979692146	0
0.781700000000000	2.01019299025765	0
0.781800000000000	2.01017618974543	0
0.781900000000000	2.01015939538150	0
0.782000000000000	2.01014260716255	0
0.782100000000000	2.01012582508529	0
0.782200000000000	2.01010904914642	0
0.782300000000000	2.01009227934265	0
0.782400000000000	2.01007551567070	0
0.782500000000000	2.01005875812727	0
0.782600000000000	2.01004200670907	0
0.782700000000000	2.01002526141283	0
0.782800000000000	2.01000852223526	0
0.782900000000000	2.00999178917308	0
0.783000000000000	2.00997506222302	0
0.783100000000000	2.00995834138181	0
0.783200000000000	2.00994162664616	0
0.783300000000000	2.00992491801282	0
0.783400000000000	2.00990821547850	0
0.783500000000000	2.00989151903996	0
0.783600000000000	2.00987482869392	0
0.783700000000000	2.00985814443713	0
0.783800000000000	2.00984146626632	0
0.783900000000000	2.00982479417824	0
0.784000000000000	2.00980812816964	0
0.784100000000000	2.00979146823726	0
0.784200000000000	2.00977481437786	0
0.784300000000000	2.00975816658819	0
0.784400000000000	2.00974152486500	0
0.784500000000000	2.00972488920505	0
0.784600000000000	2.00970825960510	0
0.784700000000000	2.00969163606192	0
0.784800000000000	2.00967501857226	0
0.784900000000000	2.00965840713290	0
0.785000000000000	2.00964180174060	0
0.785100000000000	2.00962520239213	0
0.785200000000000	2.00960860908427	0
0.785300000000000	2.00959202181379	0
0.785400000000000	2.00957544057747	0
0.785500000000000	2.00955886537209	0
0.785600000000000	2.00954229619443	0
0.785700000000000	2.00952573304128	0
0.785800000000000	2.00950917590942	0
0.785900000000000	2.00949262479564	0
0.786000000000000	2.00947607969674	0
0.786100000000000	2.00945954060950	0
0.786200000000000	2.00944300753072	0
0.786300000000000	2.00942648045721	0
0.786400000000000	2.00940995938575	0
0.786500000000000	2.00939344431316	0
0.786600000000000	2.00937693523623	0
0.786700000000000	2.00936043215178	0
0.786800000000000	2.00934393505661	0
0.786900000000000	2.00932744394753	0
0.787000000000000	2.00931095882136	0
0.787100000000000	2.00929447967491	0
0.787200000000000	2.00927800650500	0
0.787300000000000	2.00926153930845	0
0.787400000000000	2.00924507808208	0
0.787500000000000	2.00922862282272	0
0.787600000000000	2.00921217352719	0
0.787700000000000	2.00919573019232	0
0.787800000000000	2.00917929281495	0
0.787900000000000	2.00916286139190	0
0.788000000000000	2.00914643592002	0
0.788100000000000	2.00913001639613	0
0.788200000000000	2.00911360281708	0
0.788300000000000	2.00909719517971	0
0.788400000000000	2.00908079348086	0
0.788500000000000	2.00906439771739	0
0.788600000000000	2.00904800788613	0
0.788700000000000	2.00903162398395	0
0.788800000000000	2.00901524600768	0
0.788900000000000	2.00899887395420	0
0.789000000000000	2.00898250782035	0
0.789100000000000	2.00896614760299	0
0.789200000000000	2.00894979329899	0
0.789300000000000	2.00893344490520	0
0.789400000000000	2.00891710241851	0
0.789500000000000	2.00890076583576	0
0.789600000000000	2.00888443515384	0
0.789700000000000	2.00886811036962	0
0.789800000000000	2.00885179147996	0
0.789900000000000	2.00883547848175	0
0.790000000000000	2.00881917137187	0
0.790100000000000	2.00880287014719	0
0.790200000000000	2.00878657480461	0
0.790300000000000	2.00877028534099	0
0.790400000000000	2.00875400175324	0
0.790500000000000	2.00873772403825	0
0.790600000000000	2.00872145219289	0
0.790700000000000	2.00870518621407	0
0.790800000000000	2.00868892609869	0
0.790900000000000	2.00867267184364	0
0.791000000000000	2.00865642344582	0
0.791100000000000	2.00864018090213	0
0.791200000000000	2.00862394420948	0
0.791300000000000	2.00860771336478	0
0.791400000000000	2.00859148836493	0
0.791500000000000	2.00857526920685	0
0.791600000000000	2.00855905588744	0
0.791700000000000	2.00854284840363	0
0.791800000000000	2.00852664675233	0
0.791900000000000	2.00851045093046	0
0.792000000000000	2.00849426093494	0
0.792100000000000	2.00847807676269	0
0.792200000000000	2.00846189841065	0
0.792300000000000	2.00844572587574	0
0.792400000000000	2.00842955915488	0
0.792500000000000	2.00841339824501	0
0.792600000000000	2.00839724314308	0
0.792700000000000	2.00838109384600	0
0.792800000000000	2.00836495035072	0
0.792900000000000	2.00834881265418	0
0.793000000000000	2.00833268075333	0
0.793100000000000	2.00831655464510	0
0.793200000000000	2.00830043432645	0
0.793300000000000	2.00828431979433	0
0.793400000000000	2.00826821104567	0
0.793500000000000	2.00825210807745	0
0.793600000000000	2.00823601088661	0
0.793700000000000	2.00821991947011	0
0.793800000000000	2.00820383382491	0
0.793900000000000	2.00818775394797	0
0.794000000000000	2.00817167983625	0
0.794100000000000	2.00815561148673	0
0.794200000000000	2.00813954889636	0
0.794300000000000	2.00812349206213	0
0.794400000000000	2.00810744098099	0
0.794500000000000	2.00809139564993	0
0.794600000000000	2.00807535606591	0
0.794700000000000	2.00805932222593	0
0.794800000000000	2.00804329412695	0
0.794900000000000	2.00802727176597	0
0.795000000000000	2.00801125513996	0
0.795100000000000	2.00799524424591	0
0.795200000000000	2.00797923908081	0
0.795300000000000	2.00796323964165	0
0.795400000000000	2.00794724592542	0
0.795500000000000	2.00793125792913	0
0.795600000000000	2.00791527564975	0
0.795700000000000	2.00789929908430	0
0.795800000000000	2.00788332822977	0
0.795900000000000	2.00786736308317	0
0.796000000000000	2.00785140364151	0
0.796100000000000	2.00783544990178	0
0.796200000000000	2.00781950186099	0
0.796300000000000	2.00780355951617	0
0.796400000000000	2.00778762286432	0
0.796500000000000	2.00777169190245	0
0.796600000000000	2.00775576662759	0
0.796700000000000	2.00773984703675	0
0.796800000000000	2.00772393312696	0
0.796900000000000	2.00770802489524	0
0.797000000000000	2.00769212233860	0
0.797100000000000	2.00767622545409	0
0.797200000000000	2.00766033423873	0
0.797300000000000	2.00764444868955	0
0.797400000000000	2.00762856880358	0
0.797500000000000	2.00761269457787	0
0.797600000000000	2.00759682600944	0
0.797700000000000	2.00758096309534	0
0.797800000000000	2.00756510583260	0
0.797900000000000	2.00754925421828	0
0.798000000000000	2.00753340824942	0
0.798100000000000	2.00751756792306	0
0.798200000000000	2.00750173323626	0
0.798300000000000	2.00748590418607	0
0.798400000000000	2.00747008076953	0
0.798500000000000	2.00745426298371	0
0.798600000000000	2.00743845082566	0
0.798700000000000	2.00742264429245	0
0.798800000000000	2.00740684338113	0
0.798900000000000	2.00739104808877	0
0.799000000000000	2.00737525841243	0
0.799100000000000	2.00735947434919	0
0.799200000000000	2.00734369589610	0
0.799300000000000	2.00732792305025	0
0.799400000000000	2.00731215580870	0
0.799500000000000	2.00729639416854	0
0.799600000000000	2.00728063812684	0
0.799700000000000	2.00726488768067	0
0.799800000000000	2.00724914282713	0
0.799900000000000	2.00723340356329	0
0.800000000000000	2.00721766988624	0
0.800100000000000	2.00720194179306	0
0.800200000000000	2.00718621928086	0
0.800300000000000	2.00717050234671	0
0.800400000000000	2.00715479098771	0
0.800500000000000	2.00713908520096	0
0.800600000000000	2.00712338498356	0
0.800700000000000	2.00710769033260	0
0.800800000000000	2.00709200124518	0
0.800900000000000	2.00707631771842	0
0.801000000000000	2.00706063974940	0
0.801100000000000	2.00704496733525	0
0.801200000000000	2.00702930047307	0
0.801300000000000	2.00701363915997	0
0.801400000000000	2.00699798339306	0
0.801500000000000	2.00698233316947	0
0.801600000000000	2.00696668848630	0
0.801700000000000	2.00695104934067	0
0.801800000000000	2.00693541572972	0
0.801900000000000	2.00691978765055	0
0.802000000000000	2.00690416510029	0
0.802100000000000	2.00688854807608	0
0.802200000000000	2.00687293657504	0
0.802300000000000	2.00685733059430	0
0.802400000000000	2.00684173013099	0
0.802500000000000	2.00682613518225	0
0.802600000000000	2.00681054574521	0
0.802700000000000	2.00679496181702	0
0.802800000000000	2.00677938339481	0
0.802900000000000	2.00676381047573	0
0.803000000000000	2.00674824305691	0
0.803100000000000	2.00673268113551	0
0.803200000000000	2.00671712470868	0
0.803300000000000	2.00670157377356	0
0.803400000000000	2.00668602832731	0
0.803500000000000	2.00667048836707	0
0.803600000000000	2.00665495389002	0
0.803700000000000	2.00663942489329	0
0.803800000000000	2.00662390137406	0
0.803900000000000	2.00660838332949	0
0.804000000000000	2.00659287075673	0
0.804100000000000	2.00657736365296	0
0.804200000000000	2.00656186201534	0
0.804300000000000	2.00654636584104	0
0.804400000000000	2.00653087512723	0
0.804500000000000	2.00651538987109	0
0.804600000000000	2.00649991006978	0
0.804700000000000	2.00648443572050	0
0.804800000000000	2.00646896682041	0
0.804900000000000	2.00645350336669	0
0.805000000000000	2.00643804535654	0
0.805100000000000	2.00642259278713	0
0.805200000000000	2.00640714565565	0
0.805300000000000	2.00639170395928	0
0.805400000000000	2.00637626769523	0
0.805500000000000	2.00636083686068	0
0.805600000000000	2.00634541145282	0
0.805700000000000	2.00632999146885	0
0.805800000000000	2.00631457690597	0
0.805900000000000	2.00629916776138	0
0.806000000000000	2.00628376403228	0
0.806100000000000	2.00626836571587	0
0.806200000000000	2.00625297280936	0
0.806300000000000	2.00623758530995	0
0.806400000000000	2.00622220321487	0
0.806500000000000	2.00620682652130	0
0.806600000000000	2.00619145522648	0
0.806700000000000	2.00617608932761	0
0.806800000000000	2.00616072882190	0
0.806900000000000	2.00614537370659	0
0.807000000000000	2.00613002397889	0
0.807100000000000	2.00611467963601	0
0.807200000000000	2.00609934067519	0
0.807300000000000	2.00608400709366	0
0.807400000000000	2.00606867888863	0
0.807500000000000	2.00605335605734	0
0.807600000000000	2.00603803859702	0
0.807700000000000	2.00602272650491	0
0.807800000000000	2.00600741977823	0
0.807900000000000	2.00599211841423	0
0.808000000000000	2.00597682241015	0
0.808100000000000	2.00596153176322	0
0.808200000000000	2.00594624647068	0
0.808300000000000	2.00593096652980	0
0.808400000000000	2.00591569193780	0
0.808500000000000	2.00590042269194	0
0.808600000000000	2.00588515878947	0
0.808700000000000	2.00586990022763	0
0.808800000000000	2.00585464700370	0
0.808900000000000	2.00583939911491	0
0.809000000000000	2.00582415655852	0
0.809100000000000	2.00580891933181	0
0.809200000000000	2.00579368743202	0
0.809300000000000	2.00577846085642	0
0.809400000000000	2.00576323960227	0
0.809500000000000	2.00574802366685	0
0.809600000000000	2.00573281304742	0
0.809700000000000	2.00571760774125	0
0.809800000000000	2.00570240774561	0
0.809900000000000	2.00568721305777	0
0.810000000000000	2.00567202367502	0
0.810100000000000	2.00565683959463	0
0.810200000000000	2.00564166081388	0
0.810300000000000	2.00562648733005	0
0.810400000000000	2.00561131914043	0
0.810500000000000	2.00559615624229	0
0.810600000000000	2.00558099863293	0
0.810700000000000	2.00556584630963	0
0.810800000000000	2.00555069926968	0
0.810900000000000	2.00553555751039	0
0.811000000000000	2.00552042102903	0
0.811100000000000	2.00550528982291	0
0.811200000000000	2.00549016388932	0
0.811300000000000	2.00547504322557	0
0.811400000000000	2.00545992782895	0
0.811500000000000	2.00544481769677	0
0.811600000000000	2.00542971282633	0
0.811700000000000	2.00541461321494	0
0.811800000000000	2.00539951885991	0
0.811900000000000	2.00538442975855	0
0.812000000000000	2.00536934590816	0
0.812100000000000	2.00535426730607	0
0.812200000000000	2.00533919394959	0
0.812300000000000	2.00532412583604	0
0.812400000000000	2.00530906296273	0
0.812500000000000	2.00529400532698	0
0.812600000000000	2.00527895292613	0
0.812700000000000	2.00526390575749	0
0.812800000000000	2.00524886381839	0
0.812900000000000	2.00523382710616	0
0.813000000000000	2.00521879561813	0
0.813100000000000	2.00520376935162	0
0.813200000000000	2.00518874830399	0
0.813300000000000	2.00517373247254	0
0.813400000000000	2.00515872185464	0
0.813500000000000	2.00514371644761	0
0.813600000000000	2.00512871624880	0
0.813700000000000	2.00511372125554	0
0.813800000000000	2.00509873146518	0
0.813900000000000	2.00508374687507	0
0.814000000000000	2.00506876748256	0
0.814100000000000	2.00505379328499	0
0.814200000000000	2.00503882427972	0
0.814300000000000	2.00502386046409	0
0.814400000000000	2.00500890183547	0
0.814500000000000	2.00499394839121	0
0.814600000000000	2.00497900012867	0
0.814700000000000	2.00496405704520	0
0.814800000000000	2.00494911913818	0
0.814900000000000	2.00493418640495	0
0.815000000000000	2.00491925884290	0
0.815100000000000	2.00490433644938	0
0.815200000000000	2.00488941922177	0
0.815300000000000	2.00487450715743	0
0.815400000000000	2.00485960025373	0
0.815500000000000	2.00484469850806	0
0.815600000000000	2.00482980191779	0
0.815700000000000	2.00481491048028	0
0.815800000000000	2.00480002419294	0
0.815900000000000	2.00478514305312	0
0.816000000000000	2.00477026705823	0
0.816100000000000	2.00475539620563	0
0.816200000000000	2.00474053049272	0
0.816300000000000	2.00472566991689	0
0.816400000000000	2.00471081447552	0
0.816500000000000	2.00469596416601	0
0.816600000000000	2.00468111898575	0
0.816700000000000	2.00466627893213	0
0.816800000000000	2.00465144400256	0
0.816900000000000	2.00463661419442	0
0.817000000000000	2.00462178950512	0
0.817100000000000	2.00460696993207	0
0.817200000000000	2.00459215547265	0
0.817300000000000	2.00457734612429	0
0.817400000000000	2.00456254188439	0
0.817500000000000	2.00454774275035	0
0.817600000000000	2.00453294871958	0
0.817700000000000	2.00451815978950	0
0.817800000000000	2.00450337595753	0
0.817900000000000	2.00448859722107	0
0.818000000000000	2.00447382357754	0
0.818100000000000	2.00445905502437	0
0.818200000000000	2.00444429155897	0
0.818300000000000	2.00442953317876	0
0.818400000000000	2.00441477988118	0
0.818500000000000	2.00440003166364	0
0.818600000000000	2.00438528852358	0
0.818700000000000	2.00437055045841	0
0.818800000000000	2.00435581746558	0
0.818900000000000	2.00434108954252	0
0.819000000000000	2.00432636668665	0
0.819100000000000	2.00431164889542	0
0.819200000000000	2.00429693616626	0
0.819300000000000	2.00428222849662	0
0.819400000000000	2.00426752588393	0
0.819500000000000	2.00425282832563	0
0.819600000000000	2.00423813581918	0
0.819700000000000	2.00422344836201	0
0.819800000000000	2.00420876595158	0
0.819900000000000	2.00419408858533	0
0.820000000000000	2.00417941626071	0
0.820100000000000	2.00416474897519	0
0.820200000000000	2.00415008672620	0
0.820300000000000	2.00413542951121	0
0.820400000000000	2.00412077732768	0
0.820500000000000	2.00410613017307	0
0.820600000000000	2.00409148804483	0
0.820700000000000	2.00407685094043	0
0.820800000000000	2.00406221885733	0
0.820900000000000	2.00404759179301	0
0.821000000000000	2.00403296974493	0
0.821100000000000	2.00401835271055	0
0.821200000000000	2.00400374068735	0
0.821300000000000	2.00398913367280	0
0.821400000000000	2.00397453166438	0
0.821500000000000	2.00395993465957	0
0.821600000000000	2.00394534265583	0
0.821700000000000	2.00393075565065	0
0.821800000000000	2.00391617364152	0
0.821900000000000	2.00390159662591	0
0.822000000000000	2.00388702460130	0
0.822100000000000	2.00387245756520	0
0.822200000000000	2.00385789551507	0
0.822300000000000	2.00384333844842	0
0.822400000000000	2.00382878636273	0
0.822500000000000	2.00381423925550	0
0.822600000000000	2.00379969712421	0
0.822700000000000	2.00378515996638	0
0.822800000000000	2.00377062777949	0
0.822900000000000	2.00375610056104	0
0.823000000000000	2.00374157830854	0
0.823100000000000	2.00372706101948	0
0.823200000000000	2.00371254869138	0
0.823300000000000	2.00369804132173	0
0.823400000000000	2.00368353890805	0
0.823500000000000	2.00366904144784	0
0.823600000000000	2.00365454893862	0
0.823700000000000	2.00364006137789	0
0.823800000000000	2.00362557876318	0
0.823900000000000	2.00361110109199	0
0.824000000000000	2.00359662836185	0
0.824100000000000	2.00358216057027	0
0.824200000000000	2.00356769771478	0
0.824300000000000	2.00355323979290	0
0.824400000000000	2.00353878680214	0
0.824500000000000	2.00352433874004	0
0.824600000000000	2.00350989560412	0
0.824700000000000	2.00349545739192	0
0.824800000000000	2.00348102410096	0
0.824900000000000	2.00346659572877	0
0.825000000000000	2.00345217227289	0
0.825100000000000	2.00343775373085	0
0.825200000000000	2.00342334010019	0
0.825300000000000	2.00340893137846	0
0.825400000000000	2.00339452756318	0
0.825500000000000	2.00338012865189	0
0.825600000000000	2.00336573464216	0
0.825700000000000	2.00335134553151	0
0.825800000000000	2.00333696131749	0
0.825900000000000	2.00332258199766	0
0.826000000000000	2.00330820756956	0
0.826100000000000	2.00329383803075	0
0.826200000000000	2.00327947337877	0
0.826300000000000	2.00326511361118	0
0.826400000000000	2.00325075872554	0
0.826500000000000	2.00323640871941	0
0.826600000000000	2.00322206359034	0
0.826700000000000	2.00320772333589	0
0.826800000000000	2.00319338795364	0
0.826900000000000	2.00317905744113	0
0.827000000000000	2.00316473179594	0
0.827100000000000	2.00315041101564	0
0.827200000000000	2.00313609509779	0
0.827300000000000	2.00312178403996	0
0.827400000000000	2.00310747783973	0
0.827500000000000	2.00309317649467	0
0.827600000000000	2.00307888000236	0
0.827700000000000	2.00306458836036	0
0.827800000000000	2.00305030156627	0
0.827900000000000	2.00303601961766	0
0.828000000000000	2.00302174251210	0
0.828100000000000	2.00300747024720	0
0.828200000000000	2.00299320282052	0
0.828300000000000	2.00297894022966	0
0.828400000000000	2.00296468247220	0
0.828500000000000	2.00295042954573	0
0.828600000000000	2.00293618144785	0
0.828700000000000	2.00292193817614	0
0.828800000000000	2.00290769972820	0
0.828900000000000	2.00289346610163	0
0.829000000000000	2.00287923729403	0
0.829100000000000	2.00286501330298	0
0.829200000000000	2.00285079412610	0
0.829300000000000	2.00283657976098	0
0.829400000000000	2.00282237020523	0
0.829500000000000	2.00280816545645	0
0.829600000000000	2.00279396551225	0
0.829700000000000	2.00277977037024	0
0.829800000000000	2.00276558002803	0
0.829900000000000	2.00275139448323	0
0.830000000000000	2.00273721373344	0
0.830100000000000	2.00272303777630	0
0.830200000000000	2.00270886660940	0
0.830300000000000	2.00269470023038	0
0.830400000000000	2.00268053863684	0
0.830500000000000	2.00266638182641	0
0.830600000000000	2.00265222979672	0
0.830700000000000	2.00263808254538	0
0.830800000000000	2.00262394007001	0
0.830900000000000	2.00260980236826	0
0.831000000000000	2.00259566943774	0
0.831100000000000	2.00258154127608	0
0.831200000000000	2.00256741788093	0
0.831300000000000	2.00255329924990	0
0.831400000000000	2.00253918538063	0
0.831500000000000	2.00252507627077	0
0.831600000000000	2.00251097191794	0
0.831700000000000	2.00249687231979	0
0.831800000000000	2.00248277747395	0
0.831900000000000	2.00246868737808	0
0.832000000000000	2.00245460202980	0
0.832100000000000	2.00244052142678	0
0.832200000000000	2.00242644556665	0
0.832300000000000	2.00241237444706	0
0.832400000000000	2.00239830806566	0
0.832500000000000	2.00238424642011	0
0.832600000000000	2.00237018950806	0
0.832700000000000	2.00235613732716	0
0.832800000000000	2.00234208987506	0
0.832900000000000	2.00232804714943	0
0.833000000000000	2.00231400914792	0
0.833100000000000	2.00229997586820	0
0.833200000000000	2.00228594730792	0
0.833300000000000	2.00227192346475	0
0.833400000000000	2.00225790433635	0
0.833500000000000	2.00224388992039	0
0.833600000000000	2.00222988021455	0
0.833700000000000	2.00221587521648	0
0.833800000000000	2.00220187492386	0
0.833900000000000	2.00218787933436	0
0.834000000000000	2.00217388844565	0
0.834100000000000	2.00215990225542	0
0.834200000000000	2.00214592076133	0
0.834300000000000	2.00213194396107	0
0.834400000000000	2.00211797185232	0
0.834500000000000	2.00210400443275	0
0.834600000000000	2.00209004170006	0
0.834700000000000	2.00207608365192	0
0.834800000000000	2.00206213028602	0
0.834900000000000	2.00204818160005	0
0.835000000000000	2.00203423759170	0
0.835100000000000	2.00202029825866	0
0.835200000000000	2.00200636359861	0
0.835300000000000	2.00199243360927	0
0.835400000000000	2.00197850828830	0
0.835500000000000	2.00196458763343	0
0.835600000000000	2.00195067164234	0
0.835700000000000	2.00193676031273	0
0.835800000000000	2.00192285364230	0
0.835900000000000	2.00190895162876	0
0.836000000000000	2.00189505426981	0
0.836100000000000	2.00188116156315	0
0.836200000000000	2.00186727350649	0
0.836300000000000	2.00185339009755	0
0.836400000000000	2.00183951133402	0
0.836500000000000	2.00182563721363	0
0.836600000000000	2.00181176773408	0
0.836700000000000	2.00179790289308	0
0.836800000000000	2.00178404268836	0
0.836900000000000	2.00177018711764	0
0.837000000000000	2.00175633617862	0
0.837100000000000	2.00174248986903	0
0.837200000000000	2.00172864818659	0
0.837300000000000	2.00171481112902	0
0.837400000000000	2.00170097869405	0
0.837500000000000	2.00168715087941	0
0.837600000000000	2.00167332768282	0
0.837700000000000	2.00165950910201	0
0.837800000000000	2.00164569513471	0
0.837900000000000	2.00163188577866	0
0.838000000000000	2.00161808103158	0
0.838100000000000	2.00160428089121	0
0.838200000000000	2.00159048535528	0
0.838300000000000	2.00157669442154	0
0.838400000000000	2.00156290808773	0
0.838500000000000	2.00154912635158	0
0.838600000000000	2.00153534921083	0
0.838700000000000	2.00152157666324	0
0.838800000000000	2.00150780870654	0
0.838900000000000	2.00149404533848	0
0.839000000000000	2.00148028655681	0
0.839100000000000	2.00146653235927	0
0.839200000000000	2.00145278274363	0
0.839300000000000	2.00143903770762	0
0.839400000000000	2.00142529724901	0
0.839500000000000	2.00141156136555	0
0.839600000000000	2.00139783005499	0
0.839700000000000	2.00138410331510	0
0.839800000000000	2.00137038114362	0
0.839900000000000	2.00135666353834	0
0.840000000000000	2.00134295049699	0
0.840100000000000	2.00132924201736	0
0.840200000000000	2.00131553809720	0
0.840300000000000	2.00130183873428	0
0.840400000000000	2.00128814392637	0
0.840500000000000	2.00127445367124	0
0.840600000000000	2.00126076796666	0
0.840700000000000	2.00124708681039	0
0.840800000000000	2.00123341020022	0
0.840900000000000	2.00121973813392	0
0.841000000000000	2.00120607060927	0
0.841100000000000	2.00119240762404	0
0.841200000000000	2.00117874917602	0
0.841300000000000	2.00116509526297	0
0.841400000000000	2.00115144588270	0
0.841500000000000	2.00113780103297	0
0.841600000000000	2.00112416071158	0
0.841700000000000	2.00111052491631	0
0.841800000000000	2.00109689364495	0
0.841900000000000	2.00108326689529	0
0.842000000000000	2.00106964466511	0
0.842100000000000	2.00105602695222	0
0.842200000000000	2.00104241375440	0
0.842300000000000	2.00102880506945	0
0.842400000000000	2.00101520089516	0
0.842500000000000	2.00100160122934	0
0.842600000000000	2.00098800606978	0
0.842700000000000	2.00097441541429	0
0.842800000000000	2.00096082926066	0
0.842900000000000	2.00094724760670	0
0.843000000000000	2.00093367045021	0
0.843100000000000	2.00092009778900	0
0.843200000000000	2.00090652962087	0
0.843300000000000	2.00089296594364	0
0.843400000000000	2.00087940675512	0
0.843500000000000	2.00086585205312	0
0.843600000000000	2.00085230183544	0
0.843700000000000	2.00083875609991	0
0.843800000000000	2.00082521484434	0
0.843900000000000	2.00081167806656	0
0.844000000000000	2.00079814576436	0
0.844100000000000	2.00078461793559	0
0.844200000000000	2.00077109457805	0
0.844300000000000	2.00075757568958	0
0.844400000000000	2.00074406126799	0
0.844500000000000	2.00073055131111	0
0.844600000000000	2.00071704581677	0
0.844700000000000	2.00070354478280	0
0.844800000000000	2.00069004820703	0
0.844900000000000	2.00067655608728	0
0.845000000000000	2.00066306842139	0
0.845100000000000	2.00064958520720	0
0.845200000000000	2.00063610644254	0
0.845300000000000	2.00062263212524	0
0.845400000000000	2.00060916225315	0
0.845500000000000	2.00059569682410	0
0.845600000000000	2.00058223583594	0
0.845700000000000	2.00056877928650	0
0.845800000000000	2.00055532717364	0
0.845900000000000	2.00054187949519	0
0.846000000000000	2.00052843624900	0
0.846100000000000	2.00051499743292	0
0.846200000000000	2.00050156304480	0
0.846300000000000	2.00048813308248	0
0.846400000000000	2.00047470754383	0
0.846500000000000	2.00046128642669	0
0.846600000000000	2.00044786972892	0
0.846700000000000	2.00043445744838	0
0.846800000000000	2.00042104958292	0
0.846900000000000	2.00040764613039	0
0.847000000000000	2.00039424708867	0
0.847100000000000	2.00038085245560	0
0.847200000000000	2.00036746222906	0
0.847300000000000	2.00035407640691	0
0.847400000000000	2.00034069498701	0
0.847500000000000	2.00032731796723	0
0.847600000000000	2.00031394534544	0
0.847700000000000	2.00030057711951	0
0.847800000000000	2.00028721328730	0
0.847900000000000	2.00027385384670	0
0.848000000000000	2.00026049879557	0
0.848100000000000	2.00024714813179	0
0.848200000000000	2.00023380185323	0
0.848300000000000	2.00022045995777	0
0.848400000000000	2.00020712244330	0
0.848500000000000	2.00019378930769	0
0.848600000000000	2.00018046054882	0
0.848700000000000	2.00016713616457	0
0.848800000000000	2.00015381615284	0
0.848900000000000	2.00014050051150	0
0.849000000000000	2.00012718923844	0
0.849100000000000	2.00011388233156	0
0.849200000000000	2.00010057978873	0
0.849300000000000	2.00008728160786	0
0.849400000000000	2.00007398778683	0
0.849500000000000	2.00006069832354	0
0.849600000000000	2.00004741321588	0
0.849700000000000	2.00003413246174	0
0.849800000000000	2.00002085605904	0
0.849900000000000	2.00000758400566	0
0.850000000000000	1.99999431629950	0
0.850100000000000	1.99998105293847	0
0.850200000000000	1.99996779392047	0
0.850300000000000	1.99995453924340	0
0.850400000000000	1.99994128890517	0
0.850500000000000	1.99992804290369	0
0.850600000000000	1.99991480123686	0
0.850700000000000	1.99990156390260	0
0.850800000000000	1.99988833089881	0
0.850900000000000	1.99987510222341	0
0.851000000000000	1.99986187787431	0
0.851100000000000	1.99984865784942	0
0.851200000000000	1.99983544214666	0
0.851300000000000	1.99982223076396	0
0.851400000000000	1.99980902369922	0
0.851500000000000	1.99979582095036	0
0.851600000000000	1.99978262251532	0
0.851700000000000	1.99976942839201	0
0.851800000000000	1.99975623857835	0
0.851900000000000	1.99974305307227	0
0.852000000000000	1.99972987187170	0
0.852100000000000	1.99971669497456	0
0.852200000000000	1.99970352237879	0
0.852300000000000	1.99969035408232	0
0.852400000000000	1.99967719008307	0
0.852500000000000	1.99966403037898	0
0.852600000000000	1.99965087496798	0
0.852700000000000	1.99963772384801	0
0.852800000000000	1.99962457701701	0
0.852900000000000	1.99961143447292	0
0.853000000000000	1.99959829621367	0
0.853100000000000	1.99958516223720	0
0.853200000000000	1.99957203254146	0
0.853300000000000	1.99955890712440	0
0.853400000000000	1.99954578598395	0
0.853500000000000	1.99953266911806	0
0.853600000000000	1.99951955652468	0
0.853700000000000	1.99950644820176	0
0.853800000000000	1.99949334414725	0
0.853900000000000	1.99948024435909	0
0.854000000000000	1.99946714883525	0
0.854100000000000	1.99945405757368	0
0.854200000000000	1.99944097057232	0
0.854300000000000	1.99942788782914	0
0.854400000000000	1.99941480934210	0
0.854500000000000	1.99940173510915	0
0.854600000000000	1.99938866512825	0
0.854700000000000	1.99937559939737	0
0.854800000000000	1.99936253791447	0
0.854900000000000	1.99934948067751	0
0.855000000000000	1.99933642768446	0
0.855100000000000	1.99932337893328	0
0.855200000000000	1.99931033442195	0
0.855300000000000	1.99929729414842	0
0.855400000000000	1.99928425811068	0
0.855500000000000	1.99927122630669	0
0.855600000000000	1.99925819873443	0
0.855700000000000	1.99924517539187	0
0.855800000000000	1.99923215627698	0
0.855900000000000	1.99921914138775	0
0.856000000000000	1.99920613072215	0
0.856100000000000	1.99919312427816	0
0.856200000000000	1.99918012205376	0
0.856300000000000	1.99916712404693	0
0.856400000000000	1.99915413025566	0
0.856500000000000	1.99914114067793	0
0.856600000000000	1.99912815531173	0
0.856700000000000	1.99911517415504	0
0.856800000000000	1.99910219720585	0
0.856900000000000	1.99908922446215	0
0.857000000000000	1.99907625592193	0
0.857100000000000	1.99906329158319	0
0.857200000000000	1.99905033144391	0
0.857300000000000	1.99903737550210	0
0.857400000000000	1.99902442375574	0
0.857500000000000	1.99901147620283	0
0.857600000000000	1.99899853284138	0
0.857700000000000	1.99898559366938	0
0.857800000000000	1.99897265868483	0
0.857900000000000	1.99895972788573	0
0.858000000000000	1.99894680127009	0
0.858100000000000	1.99893387883592	0
0.858200000000000	1.99892096058121	0
0.858300000000000	1.99890804650398	0
0.858400000000000	1.99889513660222	0
0.858500000000000	1.99888223087396	0
0.858600000000000	1.99886932931721	0
0.858700000000000	1.99885643192997	0
0.858800000000000	1.99884353871025	0
0.858900000000000	1.99883064965608	0
0.859000000000000	1.99881776476547	0
0.859100000000000	1.99880488403643	0
0.859200000000000	1.99879200746699	0
0.859300000000000	1.99877913505516	0
0.859400000000000	1.99876626679896	0
0.859500000000000	1.99875340269641	0
0.859600000000000	1.99874054274555	0
0.859700000000000	1.99872768694438	0
0.859800000000000	1.99871483529095	0
0.859900000000000	1.99870198778327	0
0.860000000000000	1.99868914441937	0
0.860100000000000	1.99867630519728	0
0.860200000000000	1.99866347011504	0
0.860300000000000	1.99865063917067	0
0.860400000000000	1.99863781236220	0
0.860500000000000	1.99862498968768	0
0.860600000000000	1.99861217114514	0
0.860700000000000	1.99859935673260	0
0.860800000000000	1.99858654644812	0
0.860900000000000	1.99857374028973	0
0.861000000000000	1.99856093825547	0
0.861100000000000	1.99854814034338	0
0.861200000000000	1.99853534655150	0
0.861300000000000	1.99852255687788	0
0.861400000000000	1.99850977132057	0
0.861500000000000	1.99849698987760	0
0.861600000000000	1.99848421254704	0
0.861700000000000	1.99847143932691	0
0.861800000000000	1.99845867021529	0
0.861900000000000	1.99844590521021	0
0.862000000000000	1.99843314430973	0
0.862100000000000	1.99842038751190	0
0.862200000000000	1.99840763481478	0
0.862300000000000	1.99839488621643	0
0.862400000000000	1.99838214171489	0
0.862500000000000	1.99836940130824	0
0.862600000000000	1.99835666499452	0
0.862700000000000	1.99834393277181	0
0.862800000000000	1.99833120463816	0
0.862900000000000	1.99831848059163	0
0.863000000000000	1.99830576063029	0
0.863100000000000	1.99829304475221	0
0.863200000000000	1.99828033295545	0
0.863300000000000	1.99826762523808	0
0.863400000000000	1.99825492159817	0
0.863500000000000	1.99824222203379	0
0.863600000000000	1.99822952654301	0
0.863700000000000	1.99821683512391	0
0.863800000000000	1.99820414777455	0
0.863900000000000	1.99819146449302	0
0.864000000000000	1.99817878527739	0
0.864100000000000	1.99816611012574	0
0.864200000000000	1.99815343903614	0
0.864300000000000	1.99814077200668	0
0.864400000000000	1.99812810903544	0
0.864500000000000	1.99811545012050	0
0.864600000000000	1.99810279525994	0
0.864700000000000	1.99809014445186	0
0.864800000000000	1.99807749769432	0
0.864900000000000	1.99806485498543	0
0.865000000000000	1.99805221632327	0
0.865100000000000	1.99803958170592	0
0.865200000000000	1.99802695113149	0
0.865300000000000	1.99801432459806	0
0.865400000000000	1.99800170210372	0
0.865500000000000	1.99798908364657	0
0.865600000000000	1.99797646922471	0
0.865700000000000	1.99796385883623	0
0.865800000000000	1.99795125247923	0
0.865900000000000	1.99793865015180	0
0.866000000000000	1.99792605185205	0
0.866100000000000	1.99791345757809	0
0.866200000000000	1.99790086732800	0
0.866300000000000	1.99788828109990	0
0.866400000000000	1.99787569889189	0
0.866500000000000	1.99786312070207	0
0.866600000000000	1.99785054652856	0
0.866700000000000	1.99783797636946	0
0.866800000000000	1.99782541022288	0
0.866900000000000	1.99781284808693	0
0.867000000000000	1.99780028995972	0
0.867100000000000	1.99778773583937	0
0.867200000000000	1.99777518572399	0
0.867300000000000	1.99776263961170	0
0.867400000000000	1.99775009750060	0
0.867500000000000	1.99773755938883	0
0.867600000000000	1.99772502527450	0
0.867700000000000	1.99771249515572	0
0.867800000000000	1.99769996903062	0
0.867900000000000	1.99768744689733	0
0.868000000000000	1.99767492875396	0
0.868100000000000	1.99766241459864	0
0.868200000000000	1.99764990442949	0
0.868300000000000	1.99763739824465	0
0.868400000000000	1.99762489604224	0
0.868500000000000	1.99761239782038	0
0.868600000000000	1.99759990357722	0
0.868700000000000	1.99758741331087	0
0.868800000000000	1.99757492701948	0
0.868900000000000	1.99756244470118	0
0.869000000000000	1.99754996635410	0
0.869100000000000	1.99753749197638	0
0.869200000000000	1.99752502156615	0
0.869300000000000	1.99751255512156	0
0.869400000000000	1.99750009264074	0
0.869500000000000	1.99748763412184	0
0.869600000000000	1.99747517956299	0
0.869700000000000	1.99746272896234	0
0.869800000000000	1.99745028231804	0
0.869900000000000	1.99743783962822	0
0.870000000000000	1.99742540089104	0
0.870100000000000	1.99741296610463	0
0.870200000000000	1.99740053526716	0
0.870300000000000	1.99738810837677	0
0.870400000000000	1.99737568543161	0
0.870500000000000	1.99736326642984	0
0.870600000000000	1.99735085136960	0
0.870700000000000	1.99733844024905	0
0.870800000000000	1.99732603306635	0
0.870900000000000	1.99731362981965	0
0.871000000000000	1.99730123050711	0
0.871100000000000	1.99728883512690	0
0.871200000000000	1.99727644367716	0
0.871300000000000	1.99726405615606	0
0.871400000000000	1.99725167256176	0
0.871500000000000	1.99723929289243	0
0.871600000000000	1.99722691714623	0
0.871700000000000	1.99721454532133	0
0.871800000000000	1.99720217741589	0
0.871900000000000	1.99718981342808	0
0.872000000000000	1.99717745335607	0
0.872100000000000	1.99716509719803	0
0.872200000000000	1.99715274495213	0
0.872300000000000	1.99714039661655	0
0.872400000000000	1.99712805218945	0
0.872500000000000	1.99711571166901	0
0.872600000000000	1.99710337505341	0
0.872700000000000	1.99709104234083	0
0.872800000000000	1.99707871352943	0
0.872900000000000	1.99706638861741	0
0.873000000000000	1.99705406760294	0
0.873100000000000	1.99704175048420	0
0.873200000000000	1.99702943725937	0
0.873300000000000	1.99701712792664	0
0.873400000000000	1.99700482248420	0
0.873500000000000	1.99699252093022	0
0.873600000000000	1.99698022326290	0
0.873700000000000	1.99696792948042	0
0.873800000000000	1.99695563958098	0
0.873900000000000	1.99694335356276	0
0.874000000000000	1.99693107142395	0
0.874100000000000	1.99691879316274	0
0.874200000000000	1.99690651877734	0
0.874300000000000	1.99689424826593	0
0.874400000000000	1.99688198162671	0
0.874500000000000	1.99686971885787	0
0.874600000000000	1.99685745995762	0
0.874700000000000	1.99684520492416	0
0.874800000000000	1.99683295375567	0
0.874900000000000	1.99682070645038	0
0.875000000000000	1.99680846300646	0
0.875100000000000	1.99679622342214	0
0.875200000000000	1.99678398769562	0
0.875300000000000	1.99677175582509	0
0.875400000000000	1.99675952780877	0
0.875500000000000	1.99674730364486	0
0.875600000000000	1.99673508333158	0
0.875700000000000	1.99672286686713	0
0.875800000000000	1.99671065424973	0
0.875900000000000	1.99669844547758	0
0.876000000000000	1.99668624054890	0
0.876100000000000	1.99667403946190	0
0.876200000000000	1.99666184221481	0
0.876300000000000	1.99664964880583	0
0.876400000000000	1.99663745923318	0
0.876500000000000	1.99662527349509	0
0.876600000000000	1.99661309158976	0
0.876700000000000	1.99660091351543	0
0.876800000000000	1.99658873927031	0
0.876900000000000	1.99657656885263	0
0.877000000000000	1.99656440226062	0
0.877100000000000	1.99655223949248	0
0.877200000000000	1.99654008054646	0
0.877300000000000	1.99652792542078	0
0.877400000000000	1.99651577411367	0
0.877500000000000	1.99650362662336	0
0.877600000000000	1.99649148294807	0
0.877700000000000	1.99647934308605	0
0.877800000000000	1.99646720703552	0
0.877900000000000	1.99645507479471	0
0.878000000000000	1.99644294636186	0
0.878100000000000	1.99643082173521	0
0.878200000000000	1.99641870091300	0
0.878300000000000	1.99640658389345	0
0.878400000000000	1.99639447067482	0
0.878500000000000	1.99638236125534	0
0.878600000000000	1.99637025563325	0
0.878700000000000	1.99635815380680	0
0.878800000000000	1.99634605577422	0
0.878900000000000	1.99633396153377	0
0.879000000000000	1.99632187108368	0
0.879100000000000	1.99630978442221	0
0.879200000000000	1.99629770154760	0
0.879300000000000	1.99628562245810	0
0.879400000000000	1.99627354715197	0
0.879500000000000	1.99626147562744	0
0.879600000000000	1.99624940788278	0
0.879700000000000	1.99623734391623	0
0.879800000000000	1.99622528372605	0
0.879900000000000	1.99621322731050	0
0.880000000000000	1.99620117466783	0
0.880100000000000	1.99618912579630	0
0.880200000000000	1.99617708069417	0
0.880300000000000	1.99616503935969	0
0.880400000000000	1.99615300179113	0
0.880500000000000	1.99614096798675	0
0.880600000000000	1.99612893794480	0
0.880700000000000	1.99611691166356	0
0.880800000000000	1.99610488914129	0
0.880900000000000	1.99609287037625	0
0.881000000000000	1.99608085536672	0
0.881100000000000	1.99606884411095	0
0.881200000000000	1.99605683660722	0
0.881300000000000	1.99604483285379	0
0.881400000000000	1.99603283284894	0
0.881500000000000	1.99602083659095	0
0.881600000000000	1.99600884407807	0
0.881700000000000	1.99599685530859	0
0.881800000000000	1.99598487028078	0
0.881900000000000	1.99597288899292	0
0.882000000000000	1.99596091144329	0
0.882100000000000	1.99594893763015	0
0.882200000000000	1.99593696755180	0
0.882300000000000	1.99592500120651	0
0.882400000000000	1.99591303859257	0
0.882500000000000	1.99590107970825	0
0.882600000000000	1.99588912455184	0
0.882700000000000	1.99587717312162	0
0.882800000000000	1.99586522541588	0
0.882900000000000	1.99585328143290	0
0.883000000000000	1.99584134117098	0
0.883100000000000	1.99582940462840	0
0.883200000000000	1.99581747180345	0
0.883300000000000	1.99580554269442	0
0.883400000000000	1.99579361729961	0
0.883500000000000	1.99578169561730	0
0.883600000000000	1.99576977764579	0
0.883700000000000	1.99575786338337	0
0.883800000000000	1.99574595282834	0
0.883900000000000	1.99573404597900	0
0.884000000000000	1.99572214283364	0
0.884100000000000	1.99571024339057	0
0.884200000000000	1.99569834764807	0
0.884300000000000	1.99568645560447	0
0.884400000000000	1.99567456725804	0
0.884500000000000	1.99566268260711	0
0.884600000000000	1.99565080164996	0
0.884700000000000	1.99563892438492	0
0.884800000000000	1.99562705081028	0
0.884900000000000	1.99561518092434	0
0.885000000000000	1.99560331472543	0
0.885100000000000	1.99559145221184	0
0.885200000000000	1.99557959338189	0
0.885300000000000	1.99556773823389	0
0.885400000000000	1.99555588676615	0
0.885500000000000	1.99554403897698	0
0.885600000000000	1.99553219486470	0
0.885700000000000	1.99552035442762	0
0.885800000000000	1.99550851766406	0
0.885900000000000	1.99549668457233	0
0.886000000000000	1.99548485515076	0
0.886100000000000	1.99547302939766	0
0.886200000000000	1.99546120731136	0
0.886300000000000	1.99544938889017	0
0.886400000000000	1.99543757413241	0
0.886500000000000	1.99542576303642	0
0.886600000000000	1.99541395560051	0
0.886700000000000	1.99540215182301	0
0.886800000000000	1.99539035170224	0
0.886900000000000	1.99537855523654	0
0.887000000000000	1.99536676242422	0
0.887100000000000	1.99535497326363	0
0.887200000000000	1.99534318775309	0
0.887300000000000	1.99533140589093	0
0.887400000000000	1.99531962767548	0
0.887500000000000	1.99530785310508	0
0.887600000000000	1.99529608217806	0
0.887700000000000	1.99528431489276	0
0.887800000000000	1.99527255124751	0
0.887900000000000	1.99526079124064	0
0.888000000000000	1.99524903487051	0
0.888100000000000	1.99523728213544	0
0.888200000000000	1.99522553303379	0
0.888300000000000	1.99521378756388	0
0.888400000000000	1.99520204572406	0
0.888500000000000	1.99519030751267	0
0.888600000000000	1.99517857292806	0
0.888700000000000	1.99516684196858	0
0.888800000000000	1.99515511463256	0
0.888900000000000	1.99514339091836	0
0.889000000000000	1.99513167082433	0
0.889100000000000	1.99511995434881	0
0.889200000000000	1.99510824149015	0
0.889300000000000	1.99509653224671	0
0.889400000000000	1.99508482661684	0
0.889500000000000	1.99507312459889	0
0.889600000000000	1.99506142619121	0
0.889700000000000	1.99504973139216	0
0.889800000000000	1.99503804020009	0
0.889900000000000	1.99502635261337	0
0.890000000000000	1.99501466863035	0
0.890100000000000	1.99500298824939	0
0.890200000000000	1.99499131146884	0
0.890300000000000	1.99497963828708	0
0.890400000000000	1.99496796870246	0
0.890500000000000	1.99495630271334	0
0.890600000000000	1.99494464031810	0
0.890700000000000	1.99493298151508	0
0.890800000000000	1.99492132630267	0
0.890900000000000	1.99490967467922	0
0.891000000000000	1.99489802664311	0
0.891100000000000	1.99488638219270	0
0.891200000000000	1.99487474132636	0
0.891300000000000	1.99486310404247	0
0.891400000000000	1.99485147033939	0
0.891500000000000	1.99483984021549	0
0.891600000000000	1.99482821366916	0
0.891700000000000	1.99481659069877	0
0.891800000000000	1.99480497130268	0
0.891900000000000	1.99479335547929	0
0.892000000000000	1.99478174322696	0
0.892100000000000	1.99477013454407	0
0.892200000000000	1.99475852942901	0
0.892300000000000	1.99474692788015	0
0.892400000000000	1.99473532989587	0
0.892500000000000	1.99472373547456	0
0.892600000000000	1.99471214461461	0
0.892700000000000	1.99470055731438	0
0.892800000000000	1.99468897357228	0
0.892900000000000	1.99467739338668	0
0.893000000000000	1.99466581675598	0
0.893100000000000	1.99465424367856	0
0.893200000000000	1.99464267415280	0
0.893300000000000	1.99463110817711	0
0.893400000000000	1.99461954574987	0
0.893500000000000	1.99460798686947	0
0.893600000000000	1.99459643153431	0
0.893700000000000	1.99458487974278	0
0.893800000000000	1.99457333149327	0
0.893900000000000	1.99456178678419	0
0.894000000000000	1.99455024561392	0
0.894100000000000	1.99453870798086	0
0.894200000000000	1.99452717388342	0
0.894300000000000	1.99451564331999	0
0.894400000000000	1.99450411628898	0
0.894500000000000	1.99449259278877	0
0.894600000000000	1.99448107281779	0
0.894700000000000	1.99446955637443	0
0.894800000000000	1.99445804345709	0
0.894900000000000	1.99444653406418	0
0.895000000000000	1.99443502819411	0
0.895100000000000	1.99442352584528	0
0.895200000000000	1.99441202701610	0
0.895300000000000	1.99440053170499	0
0.895400000000000	1.99438903991034	0
0.895500000000000	1.99437755163058	0
0.895600000000000	1.99436606686411	0
0.895700000000000	1.99435458560934	0
0.895800000000000	1.99434310786469	0
0.895900000000000	1.99433163362858	0
0.896000000000000	1.99432016289942	0
0.896100000000000	1.99430869567563	0
0.896200000000000	1.99429723195561	0
0.896300000000000	1.99428577173781	0
0.896400000000000	1.99427431502062	0
0.896500000000000	1.99426286180248	0
0.896600000000000	1.99425141208179	0
0.896700000000000	1.99423996585700	0
0.896800000000000	1.99422852312651	0
0.896900000000000	1.99421708388876	0
0.897000000000000	1.99420564814216	0
0.897100000000000	1.99419421588515	0
0.897200000000000	1.99418278711615	0
0.897300000000000	1.99417136183358	0
0.897400000000000	1.99415994003589	0
0.897500000000000	1.99414852172148	0
0.897600000000000	1.99413710688881	0
0.897700000000000	1.99412569553630	0
0.897800000000000	1.99411428766237	0
0.897900000000000	1.99410288326547	0
0.898000000000000	1.99409148234403	0
0.898100000000000	1.99408008489648	0
0.898200000000000	1.99406869092127	0
0.898300000000000	1.99405730041682	0
0.898400000000000	1.99404591338157	0
0.898500000000000	1.99403452981397	0
0.898600000000000	1.99402314971245	0
0.898700000000000	1.99401177307546	0
0.898800000000000	1.99400039990143	0
0.898900000000000	1.99398903018881	0
0.899000000000000	1.99397766393605	0
0.899100000000000	1.99396630114158	0
0.899200000000000	1.99395494180385	0
0.899300000000000	1.99394358592131	0
0.899400000000000	1.99393223349240	0
0.899500000000000	1.99392088451558	0
0.899600000000000	1.99390953898929	0
0.899700000000000	1.99389819691199	0
0.899800000000000	1.99388685828211	0
0.899900000000000	1.99387552309812	0
0.900000000000000	1.99386419135847	0
0.900100000000000	1.99385286306161	0
0.900200000000000	1.99384153820600	0
0.900300000000000	1.99383021679008	0
0.900400000000000	1.99381889881232	0
0.900500000000000	1.99380758427118	0
0.900600000000000	1.99379627316511	0
0.900700000000000	1.99378496549257	0
0.900800000000000	1.99377366125203	0
0.900900000000000	1.99376236044193	0
0.901000000000000	1.99375106306075	0
0.901100000000000	1.99373976910695	0
0.901200000000000	1.99372847857898	0
0.901300000000000	1.99371719147532	0
0.901400000000000	1.99370590779444	0
0.901500000000000	1.99369462753478	0
0.901600000000000	1.99368335069483	0
0.901700000000000	1.99367207727306	0
0.901800000000000	1.99366080726792	0
0.901900000000000	1.99364954067789	0
0.902000000000000	1.99363827750145	0
0.902100000000000	1.99362701773706	0
0.902200000000000	1.99361576138319	0
0.902300000000000	1.99360450843832	0
0.902400000000000	1.99359325890093	0
0.902500000000000	1.99358201276948	0
0.902600000000000	1.99357077004246	0
0.902700000000000	1.99355953071834	0
0.902800000000000	1.99354829479560	0
0.902900000000000	1.99353706227272	0
0.903000000000000	1.99352583314817	0
0.903100000000000	1.99351460742045	0
0.903200000000000	1.99350338508803	0
0.903300000000000	1.99349216614939	0
0.903400000000000	1.99348095060301	0
0.903500000000000	1.99346973844739	0
0.903600000000000	1.99345852968100	0
0.903700000000000	1.99344732430233	0
0.903800000000000	1.99343612230987	0
0.903900000000000	1.99342492370211	0
0.904000000000000	1.99341372847753	0
0.904100000000000	1.99340253663462	0
0.904200000000000	1.99339134817188	0
0.904300000000000	1.99338016308780	0
0.904400000000000	1.99336898138086	0
0.904500000000000	1.99335780304957	0
0.904600000000000	1.99334662809240	0
0.904700000000000	1.99333545650787	0
0.904800000000000	1.99332428829447	0
0.904900000000000	1.99331312345069	0
0.905000000000000	1.99330196197502	0
0.905100000000000	1.99329080386598	0
0.905200000000000	1.99327964912205	0
0.905300000000000	1.99326849774174	0
0.905400000000000	1.99325734972354	0
0.905500000000000	1.99324620506597	0
0.905600000000000	1.99323506376752	0
0.905700000000000	1.99322392582669	0
0.905800000000000	1.99321279124200	0
0.905900000000000	1.99320166001194	0
0.906000000000000	1.99319053213503	0
0.906100000000000	1.99317940760977	0
0.906200000000000	1.99316828643466	0
0.906300000000000	1.99315716860822	0
0.906400000000000	1.99314605412895	0
0.906500000000000	1.99313494299537	0
0.906600000000000	1.99312383520599	0
0.906700000000000	1.99311273075932	0
0.906800000000000	1.99310162965388	0
0.906900000000000	1.99309053188817	0
0.907000000000000	1.99307943746072	0
0.907100000000000	1.99306834637003	0
0.907200000000000	1.99305725861463	0
0.907300000000000	1.99304617419303	0
0.907400000000000	1.99303509310375	0
0.907500000000000	1.99302401534532	0
0.907600000000000	1.99301294091624	0
0.907700000000000	1.99300186981505	0
0.907800000000000	1.99299080204025	0
0.907900000000000	1.99297973759039	0
0.908000000000000	1.99296867646397	0
0.908100000000000	1.99295761865953	0
0.908200000000000	1.99294656417559	0
0.908300000000000	1.99293551301068	0
0.908400000000000	1.99292446516331	0
0.908500000000000	1.99291342063203	0
0.908600000000000	1.99290237941536	0
0.908700000000000	1.99289134151182	0
0.908800000000000	1.99288030691996	0
0.908900000000000	1.99286927563829	0
0.909000000000000	1.99285824766536	0
0.909100000000000	1.99284722299970	0
0.909200000000000	1.99283620163983	0
0.909300000000000	1.99282518358430	0
0.909400000000000	1.99281416883164	0
0.909500000000000	1.99280315738038	0
0.909600000000000	1.99279214922907	0
0.909700000000000	1.99278114437624	0
0.909800000000000	1.99277014282044	0
0.909900000000000	1.99275914456019	0
0.910000000000000	1.99274814959404	0
0.910100000000000	1.99273715792054	0
0.910200000000000	1.99272616953822	0
0.910300000000000	1.99271518444564	0
0.910400000000000	1.99270420264132	0
0.910500000000000	1.99269322412382	0
0.910600000000000	1.99268224889169	0
0.910700000000000	1.99267127694346	0
0.910800000000000	1.99266030827769	0
0.910900000000000	1.99264934289293	0
0.911000000000000	1.99263838078773	0
0.911100000000000	1.99262742196063	0
0.911200000000000	1.99261646641018	0
0.911300000000000	1.99260551413494	0
0.911400000000000	1.99259456513346	0
0.911500000000000	1.99258361940430	0
0.911600000000000	1.99257267694600	0
0.911700000000000	1.99256173775713	0
0.911800000000000	1.99255080183623	0
0.911900000000000	1.99253986918187	0
0.912000000000000	1.99252893979260	0
0.912100000000000	1.99251801366698	0
0.912200000000000	1.99250709080358	0
0.912300000000000	1.99249617120094	0
0.912400000000000	1.99248525485763	0
0.912500000000000	1.99247434177222	0
0.912600000000000	1.99246343194326	0
0.912700000000000	1.99245252536933	0
0.912800000000000	1.99244162204897	0
0.912900000000000	1.99243072198077	0
0.913000000000000	1.99241982516327	0
0.913100000000000	1.99240893159506	0
0.913200000000000	1.99239804127470	0
0.913300000000000	1.99238715420075	0
0.913400000000000	1.99237627037179	0
0.913500000000000	1.99236538978639	0
0.913600000000000	1.99235451244311	0
0.913700000000000	1.99234363834053	0
0.913800000000000	1.99233276747723	0
0.913900000000000	1.99232189985176	0
0.914000000000000	1.99231103546272	0
0.914100000000000	1.99230017430867	0
0.914200000000000	1.99228931638819	0
0.914300000000000	1.99227846169985	0
0.914400000000000	1.99226761024224	0
0.914500000000000	1.99225676201393	0
0.914600000000000	1.99224591701350	0
0.914700000000000	1.99223507523954	0
0.914800000000000	1.99222423669061	0
0.914900000000000	1.99221340136531	0
0.915000000000000	1.99220256926221	0
0.915100000000000	1.99219174037990	0
0.915200000000000	1.99218091471697	0
0.915300000000000	1.99217009227199	0
0.915400000000000	1.99215927304356	0
0.915500000000000	1.99214845703025	0
0.915600000000000	1.99213764423067	0
0.915700000000000	1.99212683464338	0
0.915800000000000	1.99211602826700	0
0.915900000000000	1.99210522510009	0
0.916000000000000	1.99209442514127	0
0.916100000000000	1.99208362838910	0
0.916200000000000	1.99207283484220	0
0.916300000000000	1.99206204449915	0
0.916400000000000	1.99205125735854	0
0.916500000000000	1.99204047341897	0
0.916600000000000	1.99202969267903	0
0.916700000000000	1.99201891513733	0
0.916800000000000	1.99200814079246	0
0.916900000000000	1.99199736964301	0
0.917000000000000	1.99198660168759	0
0.917100000000000	1.99197583692479	0
0.917200000000000	1.99196507535321	0
0.917300000000000	1.99195431697146	0
0.917400000000000	1.99194356177814	0
0.917500000000000	1.99193280977185	0
0.917600000000000	1.99192206095119	0
0.917700000000000	1.99191131531477	0
0.917800000000000	1.99190057286120	0
0.917900000000000	1.99188983358907	0
0.918000000000000	1.99187909749700	0
0.918100000000000	1.99186836458359	0
0.918200000000000	1.99185763484745	0
0.918300000000000	1.99184690828720	0
0.918400000000000	1.99183618490143	0
0.918500000000000	1.99182546468877	0
0.918600000000000	1.99181474764782	0
0.918700000000000	1.99180403377719	0
0.918800000000000	1.99179332307551	0
0.918900000000000	1.99178261554137	0
0.919000000000000	1.99177191117340	0
0.919100000000000	1.99176120997022	0
0.919200000000000	1.99175051193043	0
0.919300000000000	1.99173981705266	0
0.919400000000000	1.99172912533552	0
0.919500000000000	1.99171843677764	0
0.919600000000000	1.99170775137762	0
0.919700000000000	1.99169706913410	0
0.919800000000000	1.99168639004569	0
0.919900000000000	1.99167571411102	0
0.920000000000000	1.99166504132871	0
0.920100000000000	1.99165437169737	0
0.920200000000000	1.99164370521564	0
0.920300000000000	1.99163304188215	0
0.920400000000000	1.99162238169550	0
0.920500000000000	1.99161172465435	0
0.920600000000000	1.99160107075730	0
0.920700000000000	1.99159042000299	0
0.920800000000000	1.99157977239004	0
0.920900000000000	1.99156912791710	0
0.921000000000000	1.99155848658278	0
0.921100000000000	1.99154784838572	0
0.921200000000000	1.99153721332455	0
0.921300000000000	1.99152658139790	0
0.921400000000000	1.99151595260441	0
0.921500000000000	1.99150532694272	0
0.921600000000000	1.99149470441145	0
0.921700000000000	1.99148408500924	0
0.921800000000000	1.99147346873474	0
0.921900000000000	1.99146285558657	0
0.922000000000000	1.99145224556338	0
0.922100000000000	1.99144163866380	0
0.922200000000000	1.99143103488648	0
0.922300000000000	1.99142043423005	0
0.922400000000000	1.99140983669316	0
0.922500000000000	1.99139924227445	0
0.922600000000000	1.99138865097256	0
0.922700000000000	1.99137806278614	0
0.922800000000000	1.99136747771383	0
0.922900000000000	1.99135689575427	0
0.923000000000000	1.99134631690612	0
0.923100000000000	1.99133574116802	0
0.923200000000000	1.99132516853861	0
0.923300000000000	1.99131459901655	0
0.923400000000000	1.99130403260048	0
0.923500000000000	1.99129346928905	0
0.923600000000000	1.99128290908092	0
0.923700000000000	1.99127235197474	0
0.923800000000000	1.99126179796916	0
0.923900000000000	1.99125124706283	0
0.924000000000000	1.99124069925440	0
0.924100000000000	1.99123015454254	0
0.924200000000000	1.99121961292589	0
0.924300000000000	1.99120907440311	0
0.924400000000000	1.99119853897286	0
0.924500000000000	1.99118800663380	0
0.924600000000000	1.99117747738458	0
0.924700000000000	1.99116695122386	0
0.924800000000000	1.99115642815031	0
0.924900000000000	1.99114590816259	0
0.925000000000000	1.99113539125935	0
0.925100000000000	1.99112487743926	0
0.925200000000000	1.99111436670098	0
0.925300000000000	1.99110385904318	0
0.925400000000000	1.99109335446452	0
0.925500000000000	1.99108285296366	0
0.925600000000000	1.99107235453927	0
0.925700000000000	1.99106185919002	0
0.925800000000000	1.99105136691458	0
0.925900000000000	1.99104087771161	0
0.926000000000000	1.99103039157978	0
0.926100000000000	1.99101990851777	0
0.926200000000000	1.99100942852424	0
0.926300000000000	1.99099895159787	0
0.926400000000000	1.99098847773732	0
0.926500000000000	1.99097800694127	0
0.926600000000000	1.99096753920840	0
0.926700000000000	1.99095707453737	0
0.926800000000000	1.99094661292687	0
0.926900000000000	1.99093615437557	0
0.927000000000000	1.99092569888214	0
0.927100000000000	1.99091524644526	0
0.927200000000000	1.99090479706362	0
0.927300000000000	1.99089435073589	0
0.927400000000000	1.99088390746074	0
0.927500000000000	1.99087346723687	0
0.927600000000000	1.99086303006295	0
0.927700000000000	1.99085259593766	0
0.927800000000000	1.99084216485968	0
0.927900000000000	1.99083173682771	0
0.928000000000000	1.99082131184042	0
0.928100000000000	1.99081088989650	0
0.928200000000000	1.99080047099463	0
0.928300000000000	1.99079005513351	0
0.928400000000000	1.99077964231181	0
0.928500000000000	1.99076923252823	0
0.928600000000000	1.99075882578145	0
0.928700000000000	1.99074842207016	0
0.928800000000000	1.99073802139306	0
0.928900000000000	1.99072762374883	0
0.929000000000000	1.99071722913617	0
0.929100000000000	1.99070683755377	0
0.929200000000000	1.99069644900032	0
0.929300000000000	1.99068606347451	0
0.929400000000000	1.99067568097504	0
0.929500000000000	1.99066530150061	0
0.929600000000000	1.99065492504991	0
0.929700000000000	1.99064455162164	0
0.929800000000000	1.99063418121450	0
0.929900000000000	1.99062381382718	0
0.930000000000000	1.99061344945838	0
0.930100000000000	1.99060308810680	0
0.930200000000000	1.99059272977115	0
0.930300000000000	1.99058237445012	0
0.930400000000000	1.99057202214242	0
0.930500000000000	1.99056167284675	0
0.930600000000000	1.99055132656181	0
0.930700000000000	1.99054098328630	0
0.930800000000000	1.99053064301894	0
0.930900000000000	1.99052030575842	0
0.931000000000000	1.99050997150346	0
0.931100000000000	1.99049964025276	0
0.931200000000000	1.99048931200503	0
0.931300000000000	1.99047898675897	0
0.931400000000000	1.99046866451330	0
0.931500000000000	1.99045834526673	0
0.931600000000000	1.99044802901796	0
0.931700000000000	1.99043771576571	0
0.931800000000000	1.99042740550869	0
0.931900000000000	1.99041709824562	0
0.932000000000000	1.99040679397520	0
0.932100000000000	1.99039649269615	0
0.932200000000000	1.99038619440719	0
0.932300000000000	1.99037589910703	0
0.932400000000000	1.99036560679440	0
0.932500000000000	1.99035531746799	0
0.932600000000000	1.99034503112654	0
0.932700000000000	1.99033474776877	0
0.932800000000000	1.99032446739339	0
0.932900000000000	1.99031418999912	0
0.933000000000000	1.99030391558468	0
0.933100000000000	1.99029364414880	0
0.933200000000000	1.99028337569019	0
0.933300000000000	1.99027311020759	0
0.933400000000000	1.99026284769971	0
0.933500000000000	1.99025258816527	0
0.933600000000000	1.99024233160302	0
0.933700000000000	1.99023207801166	0
0.933800000000000	1.99022182738993	0
0.933900000000000	1.99021157973655	0
0.934000000000000	1.99020133505025	0
0.934100000000000	1.99019109332977	0
0.934200000000000	1.99018085457382	0
0.934300000000000	1.99017061878115	0
0.934400000000000	1.99016038595048	0
0.934500000000000	1.99015015608054	0
0.934600000000000	1.99013992917006	0
0.934700000000000	1.99012970521778	0
0.934800000000000	1.99011948422244	0
0.934900000000000	1.99010926618276	0
0.935000000000000	1.99009905109749	0
0.935100000000000	1.99008883896535	0
0.935200000000000	1.99007862978509	0
0.935300000000000	1.99006842355544	0
0.935400000000000	1.99005822027514	0
0.935500000000000	1.99004801994293	0
0.935600000000000	1.99003782255754	0
0.935700000000000	1.99002762811773	0
0.935800000000000	1.99001743662222	0
0.935900000000000	1.99000724806977	0
0.936000000000000	1.98999706245911	0
0.936100000000000	1.98998687978898	0
0.936200000000000	1.98997670005814	0
0.936300000000000	1.98996652326532	0
0.936400000000000	1.98995634940927	0
0.936500000000000	1.98994617848874	0
0.936600000000000	1.98993601050246	0
0.936700000000000	1.98992584544920	0
0.936800000000000	1.98991568332770	0
0.936900000000000	1.98990552413670	0
0.937000000000000	1.98989536787495	0
0.937100000000000	1.98988521454121	0
0.937200000000000	1.98987506413423	0
0.937300000000000	1.98986491665276	0
0.937400000000000	1.98985477209554	0
0.937500000000000	1.98984463046134	0
0.937600000000000	1.98983449174890	0
0.937700000000000	1.98982435595699	0
0.937800000000000	1.98981422308435	0
0.937900000000000	1.98980409312974	0
0.938000000000000	1.98979396609192	0
0.938100000000000	1.98978384196964	0
0.938200000000000	1.98977372076167	0
0.938300000000000	1.98976360246675	0
0.938400000000000	1.98975348708366	0
0.938500000000000	1.98974337461115	0
0.938600000000000	1.98973326504798	0
0.938700000000000	1.98972315839290	0
0.938800000000000	1.98971305464470	0
0.938900000000000	1.98970295380212	0
0.939000000000000	1.98969285586392	0
0.939100000000000	1.98968276082888	0
0.939200000000000	1.98967266869576	0
0.939300000000000	1.98966257946333	0
0.939400000000000	1.98965249313034	0
0.939500000000000	1.98964240969557	0
0.939600000000000	1.98963232915778	0
0.939700000000000	1.98962225151575	0
0.939800000000000	1.98961217676823	0
0.939900000000000	1.98960210491401	0
0.940000000000000	1.98959203595185	0
0.940100000000000	1.98958196988052	0
0.940200000000000	1.98957190669879	0
0.940300000000000	1.98956184640544	0
0.940400000000000	1.98955178899923	0
0.940500000000000	1.98954173447895	0
0.940600000000000	1.98953168284336	0
0.940700000000000	1.98952163409125	0
0.940800000000000	1.98951158822138	0
0.940900000000000	1.98950154523254	0
0.941000000000000	1.98949150512349	0
0.941100000000000	1.98948146789303	0
0.941200000000000	1.98947143353992	0
0.941300000000000	1.98946140206294	0
0.941400000000000	1.98945137346089	0
0.941500000000000	1.98944134773252	0
0.941600000000000	1.98943132487664	0
0.941700000000000	1.98942130489202	0
0.941800000000000	1.98941128777743	0
0.941900000000000	1.98940127353167	0
0.942000000000000	1.98939126215352	0
0.942100000000000	1.98938125364177	0
0.942200000000000	1.98937124799519	0
0.942300000000000	1.98936124521257	0
0.942400000000000	1.98935124529271	0
0.942500000000000	1.98934124823439	0
0.942600000000000	1.98933125403639	0
0.942700000000000	1.98932126269750	0
0.942800000000000	1.98931127421652	0
0.942900000000000	1.98930128859224	0
0.943000000000000	1.98929130582344	0
0.943100000000000	1.98928132590891	0
0.943200000000000	1.98927134884745	0
0.943300000000000	1.98926137463786	0
0.943400000000000	1.98925140327891	0
0.943500000000000	1.98924143476942	0
0.943600000000000	1.98923146910817	0
0.943700000000000	1.98922150629395	0
0.943800000000000	1.98921154632557	0
0.943900000000000	1.98920158920182	0
0.944000000000000	1.98919163492150	0
0.944100000000000	1.98918168348340	0
0.944200000000000	1.98917173488633	0
0.944300000000000	1.98916178912908	0
0.944400000000000	1.98915184621046	0
0.944500000000000	1.98914190612926	0
0.944600000000000	1.98913196888429	0
0.944700000000000	1.98912203447435	0
0.944800000000000	1.98911210289823	0
0.944900000000000	1.98910217415475	0
0.945000000000000	1.98909224824271	0
0.945100000000000	1.98908232516091	0
0.945200000000000	1.98907240490816	0
0.945300000000000	1.98906248748327	0
0.945400000000000	1.98905257288503	0
0.945500000000000	1.98904266111227	0
0.945600000000000	1.98903275216378	0
0.945700000000000	1.98902284603837	0
0.945800000000000	1.98901294273486	0
0.945900000000000	1.98900304225205	0
0.946000000000000	1.98899314458876	0
0.946100000000000	1.98898324974379	0
0.946200000000000	1.98897335771596	0
0.946300000000000	1.98896346850409	0
0.946400000000000	1.98895358210697	0
0.946500000000000	1.98894369852344	0
0.946600000000000	1.98893381775229	0
0.946700000000000	1.98892393979236	0
0.946800000000000	1.98891406464245	0
0.946900000000000	1.98890419230138	0
0.947000000000000	1.98889432276796	0
0.947100000000000	1.98888445604102	0
0.947200000000000	1.98887459211938	0
0.947300000000000	1.98886473100185	0
0.947400000000000	1.98885487268725	0
0.947500000000000	1.98884501717440	0
0.947600000000000	1.98883516446213	0
0.947700000000000	1.98882531454926	0
0.947800000000000	1.98881546743460	0
0.947900000000000	1.98880562311699	0
0.948000000000000	1.98879578159524	0
0.948100000000000	1.98878594286818	0
0.948200000000000	1.98877610693463	0
0.948300000000000	1.98876627379343	0
0.948400000000000	1.98875644344340	0
0.948500000000000	1.98874661588335	0
0.948600000000000	1.98873679111213	0
0.948700000000000	1.98872696912856	0
0.948800000000000	1.98871714993147	0
0.948900000000000	1.98870733351969	0
0.949000000000000	1.98869751989205	0
0.949100000000000	1.98868770904737	0
0.949200000000000	1.98867790098450	0
0.949300000000000	1.98866809570226	0
0.949400000000000	1.98865829319949	0
0.949500000000000	1.98864849347501	0
0.949600000000000	1.98863869652768	0
0.949700000000000	1.98862890235630	0
0.949800000000000	1.98861911095974	0
0.949900000000000	1.98860932233681	0
0.950000000000000	1.98859953648636	0
0.950100000000000	1.98858975340722	0
0.950200000000000	1.98857997309824	0
0.950300000000000	1.98857019555825	0
0.950400000000000	1.98856042078608	0
0.950500000000000	1.98855064878059	0
0.950600000000000	1.98854087954060	0
0.950700000000000	1.98853111306497	0
0.950800000000000	1.98852134935253	0
0.950900000000000	1.98851158840213	0
0.951000000000000	1.98850183021260	0
0.951100000000000	1.98849207478280	0
0.951200000000000	1.98848232211157	0
0.951300000000000	1.98847257219774	0
0.951400000000000	1.98846282504018	0
0.951500000000000	1.98845308063771	0
0.951600000000000	1.98844333898920	0
0.951700000000000	1.98843360009349	0
0.951800000000000	1.98842386394942	0
0.951900000000000	1.98841413055585	0
0.952000000000000	1.98840439991162	0
0.952100000000000	1.98839467201559	0
0.952200000000000	1.98838494686660	0
0.952300000000000	1.98837522446351	0
0.952400000000000	1.98836550480517	0
0.952500000000000	1.98835578789043	0
0.952600000000000	1.98834607371814	0
0.952700000000000	1.98833636228716	0
0.952800000000000	1.98832665359635	0
0.952900000000000	1.98831694764455	0
0.953000000000000	1.98830724443063	0
0.953100000000000	1.98829754395343	0
0.953200000000000	1.98828784621183	0
0.953300000000000	1.98827815120467	0
0.953400000000000	1.98826845893081	0
0.953500000000000	1.98825876938911	0
0.953600000000000	1.98824908257844	0
0.953700000000000	1.98823939849764	0
0.953800000000000	1.98822971714559	0
0.953900000000000	1.98822003852115	0
0.954000000000000	1.98821036262317	0
0.954100000000000	1.98820068945051	0
0.954200000000000	1.98819101900205	0
0.954300000000000	1.98818135127665	0
0.954400000000000	1.98817168627316	0
0.954500000000000	1.98816202399046	0
0.954600000000000	1.98815236442741	0
0.954700000000000	1.98814270758288	0
0.954800000000000	1.98813305345574	0
0.954900000000000	1.98812340204484	0
0.955000000000000	1.98811375334907	0
0.955100000000000	1.98810410736728	0
0.955200000000000	1.98809446409836	0
0.955300000000000	1.98808482354116	0
0.955400000000000	1.98807518569456	0
0.955500000000000	1.98806555055744	0
0.955600000000000	1.98805591812865	0
0.955700000000000	1.98804628840708	0
0.955800000000000	1.98803666139161	0
0.955900000000000	1.98802703708109	0
0.956000000000000	1.98801741547441	0
0.956100000000000	1.98800779657044	0
0.956200000000000	1.98799818036806	0
0.956300000000000	1.98798856686614	0
0.956400000000000	1.98797895606357	0
0.956500000000000	1.98796934795921	0
0.956600000000000	1.98795974255195	0
0.956700000000000	1.98795013984067	0
0.956800000000000	1.98794053982424	0
0.956900000000000	1.98793094250154	0
0.957000000000000	1.98792134787146	0
0.957100000000000	1.98791175593288	0
0.957200000000000	1.98790216668467	0
0.957300000000000	1.98789258012573	0
0.957400000000000	1.98788299625493	0
0.957500000000000	1.98787341507116	0
0.957600000000000	1.98786383657329	0
0.957700000000000	1.98785426076023	0
0.957800000000000	1.98784468763084	0
0.957900000000000	1.98783511718403	0
0.958000000000000	1.98782554941867	0
0.958100000000000	1.98781598433365	0
0.958200000000000	1.98780642192786	0
0.958300000000000	1.98779686220019	0
0.958400000000000	1.98778730514953	0
0.958500000000000	1.98777775077476	0
0.958600000000000	1.98776819907478	0
0.958700000000000	1.98775865004849	0
0.958800000000000	1.98774910369476	0
0.958900000000000	1.98773956001249	0
0.959000000000000	1.98773001900058	0
0.959100000000000	1.98772048065792	0
0.959200000000000	1.98771094498339	0
0.959300000000000	1.98770141197591	0
0.959400000000000	1.98769188163436	0
0.959500000000000	1.98768235395763	0
0.959600000000000	1.98767282894463	0
0.959700000000000	1.98766330659426	0
0.959800000000000	1.98765378690540	0
0.959900000000000	1.98764426987695	0
0.960000000000000	1.98763475550783	0
0.960100000000000	1.98762524379691	0
0.960200000000000	1.98761573474312	0
0.960300000000000	1.98760622834534	0
0.960400000000000	1.98759672460247	0
0.960500000000000	1.98758722351343	0
0.960600000000000	1.98757772507710	0
0.960700000000000	1.98756822929240	0
0.960800000000000	1.98755873615823	0
0.960900000000000	1.98754924567349	0
0.961000000000000	1.98753975783708	0
0.961100000000000	1.98753027264792	0
0.961200000000000	1.98752079010490	0
0.961300000000000	1.98751131020694	0
0.961400000000000	1.98750183295294	0
0.961500000000000	1.98749235834181	0
0.961600000000000	1.98748288637246	0
0.961700000000000	1.98747341704379	0
0.961800000000000	1.98746395035472	0
0.961900000000000	1.98745448630415	0
0.962000000000000	1.98744502489100	0
0.962100000000000	1.98743556611418	0
0.962200000000000	1.98742610997260	0
0.962300000000000	1.98741665646518	0
0.962400000000000	1.98740720559081	0
0.962500000000000	1.98739775734843	0
0.962600000000000	1.98738831173694	0
0.962700000000000	1.98737886875526	0
0.962800000000000	1.98736942840230	0
0.962900000000000	1.98735999067698	0
0.963000000000000	1.98735055557822	0
0.963100000000000	1.98734112310493	0
0.963200000000000	1.98733169325604	0
0.963300000000000	1.98732226603045	0
0.963400000000000	1.98731284142709	0
0.963500000000000	1.98730341944488	0
0.963600000000000	1.98729400008273	0
0.963700000000000	1.98728458333958	0
0.963800000000000	1.98727516921434	0
0.963900000000000	1.98726575770592	0
0.964000000000000	1.98725634881327	0
0.964100000000000	1.98724694253529	0
0.964200000000000	1.98723753887091	0
0.964300000000000	1.98722813781906	0
0.964400000000000	1.98721873937865	0
0.964500000000000	1.98720934354863	0
0.964600000000000	1.98719995032790	0
0.964700000000000	1.98719055971540	0
0.964800000000000	1.98718117171006	0
0.964900000000000	1.98717178631080	0
0.965000000000000	1.98716240351656	0
0.965100000000000	1.98715302332625	0
0.965200000000000	1.98714364573881	0
0.965300000000000	1.98713427075317	0
0.965400000000000	1.98712489836826	0
0.965500000000000	1.98711552858302	0
0.965600000000000	1.98710616139636	0
0.965700000000000	1.98709679680724	0
0.965800000000000	1.98708743481457	0
0.965900000000000	1.98707807541729	0
0.966000000000000	1.98706871861434	0
0.966100000000000	1.98705936440465	0
0.966200000000000	1.98705001278715	0
0.966300000000000	1.98704066376079	0
0.966400000000000	1.98703131732449	0
0.966500000000000	1.98702197347720	0
0.966600000000000	1.98701263221786	0
0.966700000000000	1.98700329354539	0
0.966800000000000	1.98699395745874	0
0.966900000000000	1.98698462395685	0
0.967000000000000	1.98697529303866	0
0.967100000000000	1.98696596470311	0
0.967200000000000	1.98695663894914	0
0.967300000000000	1.98694731577569	0
0.967400000000000	1.98693799518170	0
0.967500000000000	1.98692867716612	0
0.967600000000000	1.98691936172789	0
0.967700000000000	1.98691004886595	0
0.967800000000000	1.98690073857925	0
0.967900000000000	1.98689143086673	0
0.968000000000000	1.98688212572734	0
0.968100000000000	1.98687282316003	0
0.968200000000000	1.98686352316373	0
0.968300000000000	1.98685422573741	0
0.968400000000000	1.98684493087999	0
0.968500000000000	1.98683563859045	0
0.968600000000000	1.98682634886771	0
0.968700000000000	1.98681706171074	0
0.968800000000000	1.98680777711848	0
0.968900000000000	1.98679849508989	0
0.969000000000000	1.98678921562391	0
0.969100000000000	1.98677993871949	0
0.969200000000000	1.98677066437560	0
0.969300000000000	1.98676139259117	0
0.969400000000000	1.98675212336518	0
0.969500000000000	1.98674285669656	0
0.969600000000000	1.98673359258427	0
0.969700000000000	1.98672433102727	0
0.969800000000000	1.98671507202452	0
0.969900000000000	1.98670581557497	0
0.970000000000000	1.98669656167757	0
0.970100000000000	1.98668731033129	0
0.970200000000000	1.98667806153509	0
0.970300000000000	1.98666881528791	0
0.970400000000000	1.98665957158873	0
0.970500000000000	1.98665033043649	0
0.970600000000000	1.98664109183017	0
0.970700000000000	1.98663185576871	0
0.970800000000000	1.98662262225109	0
0.970900000000000	1.98661339127627	0
0.971000000000000	1.98660416284320	0
0.971100000000000	1.98659493695085	0
0.971200000000000	1.98658571359818	0
0.971300000000000	1.98657649278416	0
0.971400000000000	1.98656727450775	0
0.971500000000000	1.98655805876792	0
0.971600000000000	1.98654884556364	0
0.971700000000000	1.98653963489386	0
0.971800000000000	1.98653042675756	0
0.971900000000000	1.98652122115370	0
0.972000000000000	1.98651201808125	0
0.972100000000000	1.98650281753919	0
0.972200000000000	1.98649361952647	0
0.972300000000000	1.98648442404207	0
0.972400000000000	1.98647523108496	0
0.972500000000000	1.98646604065411	0
0.972600000000000	1.98645685274850	0
0.972700000000000	1.98644766736708	0
0.972800000000000	1.98643848450884	0
0.972900000000000	1.98642930417275	0
0.973000000000000	1.98642012635778	0
0.973100000000000	1.98641095106291	0
0.973200000000000	1.98640177828710	0
0.973300000000000	1.98639260802935	0
0.973400000000000	1.98638344028861	0
0.973500000000000	1.98637427506387	0
0.973600000000000	1.98636511235411	0
0.973700000000000	1.98635595215830	0
0.973800000000000	1.98634679447542	0
0.973900000000000	1.98633763930444	0
0.974000000000000	1.98632848664436	0
0.974100000000000	1.98631933649414	0
0.974200000000000	1.98631018885276	0
0.974300000000000	1.98630104371922	0
0.974400000000000	1.98629190109248	0
0.974500000000000	1.98628276097153	0
0.974600000000000	1.98627362335536	0
0.974700000000000	1.98626448824294	0
0.974800000000000	1.98625535563326	0
0.974900000000000	1.98624622552530	0
0.975000000000000	1.98623709791805	0
0.975100000000000	1.98622797281050	0
0.975200000000000	1.98621885020162	0
0.975300000000000	1.98620973009040	0
0.975400000000000	1.98620061247583	0
0.975500000000000	1.98619149735690	0
0.975600000000000	1.98618238473260	0
0.975700000000000	1.98617327460191	0
0.975800000000000	1.98616416696382	0
0.975900000000000	1.98615506181733	0
0.976000000000000	1.98614595916141	0
0.976100000000000	1.98613685899507	0
0.976200000000000	1.98612776131729	0
0.976300000000000	1.98611866612706	0
0.976400000000000	1.98610957342338	0
0.976500000000000	1.98610048320524	0
0.976600000000000	1.98609139547163	0
0.976700000000000	1.98608231022154	0
0.976800000000000	1.98607322745398	0
0.976900000000000	1.98606414716793	0
0.977000000000000	1.98605506936239	0
0.977100000000000	1.98604599403635	0
0.977200000000000	1.98603692118882	0
0.977300000000000	1.98602785081878	0
0.977400000000000	1.98601878292524	0
0.977500000000000	1.98600971750720	0
0.977600000000000	1.98600065456364	0
0.977700000000000	1.98599159409358	0
0.977800000000000	1.98598253609601	0
0.977900000000000	1.98597348056993	0
0.978000000000000	1.98596442751434	0
0.978100000000000	1.98595537692824	0
0.978200000000000	1.98594632881064	0
0.978300000000000	1.98593728316053	0
0.978400000000000	1.98592823997692	0
0.978500000000000	1.98591919925882	0
0.978600000000000	1.98591016100522	0
0.978700000000000	1.98590112521513	0
0.978800000000000	1.98589209188755	0
0.978900000000000	1.98588306102150	0
0.979000000000000	1.98587403261597	0
0.979100000000000	1.98586500666998	0
0.979200000000000	1.98585598318252	0
0.979300000000000	1.98584696215261	0
0.979400000000000	1.98583794357926	0
0.979500000000000	1.98582892746147	0
0.979600000000000	1.98581991379825	0
0.979700000000000	1.98581090258862	0
0.979800000000000	1.98580189383158	0
0.979900000000000	1.98579288752614	0
0.980000000000000	1.98578388367131	0
0.980100000000000	1.98577488226611	0
0.980200000000000	1.98576588330955	0
0.980300000000000	1.98575688680064	0
0.980400000000000	1.98574789273839	0
0.980500000000000	1.98573890112183	0
0.980600000000000	1.98572991194995	0
0.980700000000000	1.98572092522178	0
0.980800000000000	1.98571194093633	0
0.980900000000000	1.98570295909263	0
0.981000000000000	1.98569397968967	0
0.981100000000000	1.98568500272649	0
0.981200000000000	1.98567602820210	0
0.981300000000000	1.98566705611551	0
0.981400000000000	1.98565808646575	0
0.981500000000000	1.98564911925183	0
0.981600000000000	1.98564015447278	0
0.981700000000000	1.98563119212761	0
0.981800000000000	1.98562223221535	0
0.981900000000000	1.98561327473501	0
0.982000000000000	1.98560431968562	0
0.982100000000000	1.98559536706619	0
0.982200000000000	1.98558641687576	0
0.982300000000000	1.98557746911335	0
0.982400000000000	1.98556852377797	0
0.982500000000000	1.98555958086866	0
0.982600000000000	1.98555064038443	0
0.982700000000000	1.98554170232432	0
0.982800000000000	1.98553276668735	0
0.982900000000000	1.98552383347254	0
0.983000000000000	1.98551490267892	0
0.983100000000000	1.98550597430552	0
0.983200000000000	1.98549704835137	0
0.983300000000000	1.98548812481550	0
0.983400000000000	1.98547920369692	0
0.983500000000000	1.98547028499469	0
0.983600000000000	1.98546136870781	0
0.983700000000000	1.98545245483533	0
0.983800000000000	1.98544354337627	0
0.983900000000000	1.98543463432967	0
0.984000000000000	1.98542572769455	0
0.984100000000000	1.98541682346996	0
0.984200000000000	1.98540792165492	0
0.984300000000000	1.98539902224846	0
0.984400000000000	1.98539012524963	0
0.984500000000000	1.98538123065745	0
0.984600000000000	1.98537233847096	0
0.984700000000000	1.98536344868919	0
0.984800000000000	1.98535456131119	0
0.984900000000000	1.98534567633599	0
0.985000000000000	1.98533679376261	0
0.985100000000000	1.98532791359012	0
0.985200000000000	1.98531903581753	0
0.985300000000000	1.98531016044389	0
0.985400000000000	1.98530128746824	0
0.985500000000000	1.98529241688962	0
0.985600000000000	1.98528354870706	0
0.985700000000000	1.98527468291961	0
0.985800000000000	1.98526581952632	0
0.985900000000000	1.98525695852621	0
0.986000000000000	1.98524809991833	0
0.986100000000000	1.98523924370173	0
0.986200000000000	1.98523038987545	0
0.986300000000000	1.98522153843854	0
0.986400000000000	1.98521268939002	0
0.986500000000000	1.98520384272896	0
0.986600000000000	1.98519499845440	0
0.986700000000000	1.98518615656537	0
0.986800000000000	1.98517731706094	0
0.986900000000000	1.98516847994014	0
0.987000000000000	1.98515964520201	0
0.987100000000000	1.98515081284562	0
0.987200000000000	1.98514198287001	0
0.987300000000000	1.98513315527422	0
0.987400000000000	1.98512433005731	0
0.987500000000000	1.98511550721832	0
0.987600000000000	1.98510668675630	0
0.987700000000000	1.98509786867031	0
0.987800000000000	1.98508905295940	0
0.987900000000000	1.98508023962262	0
0.988000000000000	1.98507142865901	0
0.988100000000000	1.98506262006764	0
0.988200000000000	1.98505381384755	0
0.988300000000000	1.98504500999781	0
0.988400000000000	1.98503620851745	0
0.988500000000000	1.98502740940555	0
0.988600000000000	1.98501861266115	0
0.988700000000000	1.98500981828331	0
0.988800000000000	1.98500102627108	0
0.988900000000000	1.98499223662352	0
0.989000000000000	1.98498344933969	0
0.989100000000000	1.98497466441865	0
0.989200000000000	1.98496588185946	0
0.989300000000000	1.98495710166116	0
0.989400000000000	1.98494832382283	0
0.989500000000000	1.98493954834352	0
0.989600000000000	1.98493077522229	0
0.989700000000000	1.98492200445821	0
0.989800000000000	1.98491323605032	0
0.989900000000000	1.98490446999771	0
0.990000000000000	1.98489570629942	0
0.990100000000000	1.98488694495451	0
0.990200000000000	1.98487818596206	0
0.990300000000000	1.98486942932113	0
0.990400000000000	1.98486067503078	0
0.990500000000000	1.98485192309007	0
0.990600000000000	1.98484317349807	0
0.990700000000000	1.98483442625384	0
0.990800000000000	1.98482568135646	0
0.990900000000000	1.98481693880498	0
0.991000000000000	1.98480819859848	0
0.991100000000000	1.98479946073602	0
0.991200000000000	1.98479072521667	0
0.991300000000000	1.98478199203949	0
0.991400000000000	1.98477326120357	0
0.991500000000000	1.98476453270796	0
0.991600000000000	1.98475580655173	0
0.991700000000000	1.98474708273396	0
0.991800000000000	1.98473836125372	0
0.991900000000000	1.98472964211008	0
0.992000000000000	1.98472092530211	0
0.992100000000000	1.98471221082888	0
0.992200000000000	1.98470349868947	0
0.992300000000000	1.98469478888294	0
0.992400000000000	1.98468608140838	0
0.992500000000000	1.98467737626485	0
0.992600000000000	1.98466867345144	0
0.992700000000000	1.98465997296721	0
0.992800000000000	1.98465127481125	0
0.992900000000000	1.98464257898262	0
0.993000000000000	1.98463388548041	0
0.993100000000000	1.98462519430369	0
0.993200000000000	1.98461650545155	0
0.993300000000000	1.98460781892305	0
0.993400000000000	1.98459913471727	0
0.993500000000000	1.98459045283331	0
0.993600000000000	1.98458177327022	0
0.993700000000000	1.98457309602711	0
0.993800000000000	1.98456442110304	0
0.993900000000000	1.98455574849709	0
0.994000000000000	1.98454707820836	0
0.994100000000000	1.98453841023591	0
0.994200000000000	1.98452974457884	0
0.994300000000000	1.98452108123622	0
0.994400000000000	1.98451242020715	0
0.994500000000000	1.98450376149069	0
0.994600000000000	1.98449510508595	0
0.994700000000000	1.98448645099199	0
0.994800000000000	1.98447779920791	0
0.994900000000000	1.98446914973280	0
0.995000000000000	1.98446050256574	0
0.995100000000000	1.98445185770581	0
0.995200000000000	1.98444321515210	0
0.995300000000000	1.98443457490371	0
0.995400000000000	1.98442593695971	0
0.995500000000000	1.98441730131921	0
0.995600000000000	1.98440866798128	0
0.995700000000000	1.98440003694501	0
0.995800000000000	1.98439140820951	0
0.995900000000000	1.98438278177385	0
0.996000000000000	1.98437415763713	0
0.996100000000000	1.98436553579844	0
0.996200000000000	1.98435691625687	0
0.996300000000000	1.98434829901151	0
0.996400000000000	1.98433968406146	0
0.996500000000000	1.98433107140581	0
0.996600000000000	1.98432246104366	0
0.996700000000000	1.98431385297409	0
0.996800000000000	1.98430524719621	0
0.996900000000000	1.98429664370911	0
0.997000000000000	1.98428804251188	0
0.997100000000000	1.98427944360362	0
0.997200000000000	1.98427084698343	0
0.997300000000000	1.98426225265040	0
0.997400000000000	1.98425366060364	0
0.997500000000000	1.98424507084223	0
0.997600000000000	1.98423648336529	0
0.997700000000000	1.98422789817190	0
0.997800000000000	1.98421931526116	0
0.997900000000000	1.98421073463219	0
0.998000000000000	1.98420215628407	0
0.998100000000000	1.98419358021591	0
0.998200000000000	1.98418500642681	0
0.998300000000000	1.98417643491588	0
0.998400000000000	1.98416786568220	0
0.998500000000000	1.98415929872489	0
0.998600000000000	1.98415073404306	0
0.998700000000000	1.98414217163579	0
0.998800000000000	1.98413361150220	0
0.998900000000000	1.98412505364140	0
0.999000000000000	1.98411649805248	0
0.999100000000000	1.98410794473456	0
0.999200000000000	1.98409939368673	0
0.999300000000000	1.98409084490811	0
0.999400000000000	1.98408229839781	0
0.999500000000000	1.98407375415492	0
0.999600000000000	1.98406521217856	0
0.999700000000000	1.98405667246783	0
0.999800000000000	1.98404813502185	0
0.999900000000000	1.98403959983973	0
1	1.98403106692056	0
1.00010000000000	1.98402253626348	0
1.00020000000000	1.98401400786757	0
1.00030000000000	1.98400548173196	0
1.00040000000000	1.98399695785576	0
1.00050000000000	1.98398843623808	0
1.00060000000000	1.98397991687803	0
1.00070000000000	1.98397139977472	0
1.00080000000000	1.98396288492728	0
1.00090000000000	1.98395437233480	0
1.00100000000000	1.98394586199641	0
1.00110000000000	1.98393735391122	0
1.00120000000000	1.98392884807835	0
1.00130000000000	1.98392034449691	0
1.00140000000000	1.98391184316601	0
1.00150000000000	1.98390334408478	0
1.00160000000000	1.98389484725234	0
1.00170000000000	1.98388635266779	0
1.00180000000000	1.98387786033026	0
1.00190000000000	1.98386937023886	0
1.00200000000000	1.98386088239272	0
1.00210000000000	1.98385239679096	0
1.00220000000000	1.98384391343268	0
1.00230000000000	1.98383543231702	0
1.00240000000000	1.98382695344310	0
1.00250000000000	1.98381847681003	0
1.00260000000000	1.98381000241694	0
1.00270000000000	1.98380153026295	0
1.00280000000000	1.98379306034718	0
1.00290000000000	1.98378459266875	0
1.00300000000000	1.98377612722679	0
1.00310000000000	1.98376766402043	0
1.00320000000000	1.98375920304878	0
1.00330000000000	1.98375074431097	0
1.00340000000000	1.98374228780613	0
1.00350000000000	1.98373383353338	0
1.00360000000000	1.98372538149185	0
1.00370000000000	1.98371693168067	0
1.00380000000000	1.98370848409896	0
1.00390000000000	1.98370003874584	0
1.00400000000000	1.98369159562046	0
1.00410000000000	1.98368315472193	0
1.00420000000000	1.98367471604939	0
1.00430000000000	1.98366627960195	0
1.00440000000000	1.98365784537877	0
1.00450000000000	1.98364941337896	0
1.00460000000000	1.98364098360165	0
1.00470000000000	1.98363255604597	0
1.00480000000000	1.98362413071107	0
1.00490000000000	1.98361570759606	0
1.00500000000000	1.98360728670009	0
1.00510000000000	1.98359886802228	0
1.00520000000000	1.98359045156177	0
1.00530000000000	1.98358203731769	0
1.00540000000000	1.98357362528917	0
1.00550000000000	1.98356521547536	0
1.00560000000000	1.98355680787538	0
1.00570000000000	1.98354840248837	0
1.00580000000000	1.98353999931347	0
1.00590000000000	1.98353159834982	0
1.00600000000000	1.98352319959654	0
1.00610000000000	1.98351480305278	0
1.00620000000000	1.98350640871768	0
1.00630000000000	1.98349801659037	0
1.00640000000000	1.98348962667000	0
1.00650000000000	1.98348123895569	0
1.00660000000000	1.98347285344660	0
1.00670000000000	1.98346447014186	0
1.00680000000000	1.98345608904061	0
1.00690000000000	1.98344771014199	0
1.00700000000000	1.98343933344515	0
1.00710000000000	1.98343095894922	0
1.00720000000000	1.98342258665335	0
1.00730000000000	1.98341421655668	0
1.00740000000000	1.98340584865835	0
1.00750000000000	1.98339748295751	0
1.00760000000000	1.98338911945330	0
1.00770000000000	1.98338075814487	0
1.00780000000000	1.98337239903136	0
1.00790000000000	1.98336404211191	0
1.00800000000000	1.98335568738567	0
1.00810000000000	1.98334733485179	0
1.00820000000000	1.98333898450942	0
1.00830000000000	1.98333063635769	0
1.00840000000000	1.98332229039577	0
1.00850000000000	1.98331394662279	0
1.00860000000000	1.98330560503790	0
1.00870000000000	1.98329726564026	0
1.00880000000000	1.98328892842901	0
1.00890000000000	1.98328059340331	0
1.00900000000000	1.98327226056229	0
1.00910000000000	1.98326392990512	0
1.00920000000000	1.98325560143094	0
1.00930000000000	1.98324727513891	0
1.00940000000000	1.98323895102818	0
1.00950000000000	1.98323062909789	0
1.00960000000000	1.98322230934721	0
1.00970000000000	1.98321399177528	0
1.00980000000000	1.98320567638126	0
1.00990000000000	1.98319736316431	0
1.01000000000000	1.98318905212357	0
1.01010000000000	1.98318074325820	0
1.01020000000000	1.98317243656736	0
1.01030000000000	1.98316413205021	0
1.01040000000000	1.98315582970589	0
1.01050000000000	1.98314752953357	0
1.01060000000000	1.98313923153240	0
1.01070000000000	1.98313093570155	0
1.01080000000000	1.98312264204016	0
1.01090000000000	1.98311435054740	0
1.01100000000000	1.98310606122242	0
1.01110000000000	1.98309777406439	0
1.01120000000000	1.98308948907246	0
1.01130000000000	1.98308120624580	0
1.01140000000000	1.98307292558356	0
1.01150000000000	1.98306464708490	0
1.01160000000000	1.98305637074900	0
1.01170000000000	1.98304809657500	0
1.01180000000000	1.98303982456207	0
1.01190000000000	1.98303155470938	0
1.01200000000000	1.98302328701608	0
1.01210000000000	1.98301502148135	0
1.01220000000000	1.98300675810433	0
1.01230000000000	1.98299849688421	0
1.01240000000000	1.98299023782014	0
1.01250000000000	1.98298198091129	0
1.01260000000000	1.98297372615682	0
1.01270000000000	1.98296547355590	0
1.01280000000000	1.98295722310769	0
1.01290000000000	1.98294897481138	0
1.01300000000000	1.98294072866611	0
1.01310000000000	1.98293248467106	0
1.01320000000000	1.98292424282539	0
1.01330000000000	1.98291600312828	0
1.01340000000000	1.98290776557890	0
1.01350000000000	1.98289953017640	0
1.01360000000000	1.98289129691997	0
1.01370000000000	1.98288306580878	0
1.01380000000000	1.98287483684199	0
1.01390000000000	1.98286661001877	0
1.01400000000000	1.98285838533830	0
1.01410000000000	1.98285016279975	0
1.01420000000000	1.98284194240229	0
1.01430000000000	1.98283372414510	0
1.01440000000000	1.98282550802734	0
1.01450000000000	1.98281729404820	0
1.01460000000000	1.98280908220684	0
1.01470000000000	1.98280087250243	0
1.01480000000000	1.98279266493417	0
1.01490000000000	1.98278445950121	0
1.01500000000000	1.98277625620274	0
1.01510000000000	1.98276805503793	0
1.01520000000000	1.98275985600596	0
1.01530000000000	1.98275165910600	0
1.01540000000000	1.98274346433724	0
1.01550000000000	1.98273527169884	0
1.01560000000000	1.98272708119000	0
1.01570000000000	1.98271889280988	0
1.01580000000000	1.98271070655767	0
1.01590000000000	1.98270252243255	0
1.01600000000000	1.98269434043369	0
1.01610000000000	1.98268616056028	0
1.01620000000000	1.98267798281150	0
1.01630000000000	1.98266980718652	0
1.01640000000000	1.98266163368454	0
1.01650000000000	1.98265346230472	0
1.01660000000000	1.98264529304626	0
1.01670000000000	1.98263712590834	0
1.01680000000000	1.98262896089014	0
1.01690000000000	1.98262079799085	0
1.01700000000000	1.98261263720964	0
1.01710000000000	1.98260447854570	0
1.01720000000000	1.98259632199823	0
1.01730000000000	1.98258816756639	0
1.01740000000000	1.98258001524939	0
1.01750000000000	1.98257186504640	0
1.01760000000000	1.98256371695661	0
1.01770000000000	1.98255557097921	0
1.01780000000000	1.98254742711339	0
1.01790000000000	1.98253928535833	0
1.01800000000000	1.98253114571322	0
1.01810000000000	1.98252300817726	0
1.01820000000000	1.98251487274962	0
1.01830000000000	1.98250673942950	0
1.01840000000000	1.98249860821609	0
1.01850000000000	1.98249047910859	0
1.01860000000000	1.98248235210617	0
1.01870000000000	1.98247422720803	0
1.01880000000000	1.98246610441337	0
1.01890000000000	1.98245798372137	0
1.01900000000000	1.98244986513122	0
1.01910000000000	1.98244174864213	0
1.01920000000000	1.98243363425328	0
1.01930000000000	1.98242552196387	0
1.01940000000000	1.98241741177309	0
1.01950000000000	1.98240930368013	0
1.01960000000000	1.98240119768419	0
1.01970000000000	1.98239309378447	0
1.01980000000000	1.98238499198015	0
1.01990000000000	1.98237689227045	0
1.02000000000000	1.98236879465454	0
1.02010000000000	1.98236069913164	0
1.02020000000000	1.98235260570093	0
1.02030000000000	1.98234451436162	0
1.02040000000000	1.98233642511290	0
1.02050000000000	1.98232833795397	0
1.02060000000000	1.98232025288403	0
1.02070000000000	1.98231216990228	0
1.02080000000000	1.98230408900792	0
1.02090000000000	1.98229601020015	0
1.02100000000000	1.98228793347817	0
1.02110000000000	1.98227985884117	0
1.02120000000000	1.98227178628837	0
1.02130000000000	1.98226371581896	0
1.02140000000000	1.98225564743215	0
1.02150000000000	1.98224758112714	0
1.02160000000000	1.98223951690312	0
1.02170000000000	1.98223145475931	0
1.02180000000000	1.98222339469491	0
1.02190000000000	1.98221533670912	0
1.02200000000000	1.98220728080114	0
1.02210000000000	1.98219922697019	0
1.02220000000000	1.98219117521546	0
1.02230000000000	1.98218312553617	0
1.02240000000000	1.98217507793151	0
1.02250000000000	1.98216703240070	0
1.02260000000000	1.98215898894294	0
1.02270000000000	1.98215094755743	0
1.02280000000000	1.98214290824340	0
1.02290000000000	1.98213487100004	0
1.02300000000000	1.98212683582656	0
1.02310000000000	1.98211880272218	0
1.02320000000000	1.98211077168609	0
1.02330000000000	1.98210274271752	0
1.02340000000000	1.98209471581567	0
1.02350000000000	1.98208669097975	0
1.02360000000000	1.98207866820897	0
1.02370000000000	1.98207064750255	0
1.02380000000000	1.98206262885969	0
1.02390000000000	1.98205461227961	0
1.02400000000000	1.98204659776152	0
1.02410000000000	1.98203858530464	0
1.02420000000000	1.98203057490817	0
1.02430000000000	1.98202256657133	0
1.02440000000000	1.98201456029333	0
1.02450000000000	1.98200655607339	0
1.02460000000000	1.98199855391073	0
1.02470000000000	1.98199055380455	0
1.02480000000000	1.98198255575408	0
1.02490000000000	1.98197455975853	0
1.02500000000000	1.98196656581712	0
1.02510000000000	1.98195857392906	0
1.02520000000000	1.98195058409357	0
1.02530000000000	1.98194259630987	0
1.02540000000000	1.98193461057717	0
1.02550000000000	1.98192662689470	0
1.02560000000000	1.98191864526168	0
1.02570000000000	1.98191066567731	0
1.02580000000000	1.98190268814083	0
1.02590000000000	1.98189471265146	0
1.02600000000000	1.98188673920840	0
1.02610000000000	1.98187876781089	0
1.02620000000000	1.98187079845814	0
1.02630000000000	1.98186283114938	0
1.02640000000000	1.98185486588383	0
1.02650000000000	1.98184690266070	0
1.02660000000000	1.98183894147924	0
1.02670000000000	1.98183098233864	0
1.02680000000000	1.98182302523815	0
1.02690000000000	1.98181507017698	0
1.02700000000000	1.98180711715436	0
1.02710000000000	1.98179916616951	0
1.02720000000000	1.98179121722166	0
1.02730000000000	1.98178327031003	0
1.02740000000000	1.98177532543385	0
1.02750000000000	1.98176738259235	0
1.02760000000000	1.98175944178475	0
1.02770000000000	1.98175150301028	0
1.02780000000000	1.98174356626816	0
1.02790000000000	1.98173563155763	0
1.02800000000000	1.98172769887791	0
1.02810000000000	1.98171976822823	0
1.02820000000000	1.98171183960782	0
1.02830000000000	1.98170391301590	0
1.02840000000000	1.98169598845172	0
1.02850000000000	1.98168806591450	0
1.02860000000000	1.98168014540346	0
1.02870000000000	1.98167222691785	0
1.02880000000000	1.98166431045688	0
1.02890000000000	1.98165639601980	0
1.02900000000000	1.98164848360583	0
1.02910000000000	1.98164057321421	0
1.02920000000000	1.98163266484418	0
1.02930000000000	1.98162475849495	0
1.02940000000000	1.98161685416577	0
1.02950000000000	1.98160895185587	0
1.02960000000000	1.98160105156449	0
1.02970000000000	1.98159315329086	0
1.02980000000000	1.98158525703421	0
1.02990000000000	1.98157736279378	0
1.03000000000000	1.98156947056881	0
1.03010000000000	1.98156158035853	0
1.03020000000000	1.98155369216217	0
1.03030000000000	1.98154580597899	0
1.03040000000000	1.98153792180821	0
1.03050000000000	1.98153003964907	0
1.03060000000000	1.98152215950081	0
1.03070000000000	1.98151428136266	0
1.03080000000000	1.98150640523387	0
1.03090000000000	1.98149853111368	0
1.03100000000000	1.98149065900133	0
1.03110000000000	1.98148278889605	0
1.03120000000000	1.98147492079708	0
1.03130000000000	1.98146705470368	0
1.03140000000000	1.98145919061507	0
1.03150000000000	1.98145132853050	0
1.03160000000000	1.98144346844921	0
1.03170000000000	1.98143561037044	0
1.03180000000000	1.98142775429345	0
1.03190000000000	1.98141990021746	0
1.03200000000000	1.98141204814172	0
1.03210000000000	1.98140419806548	0
1.03220000000000	1.98139634998799	0
1.03230000000000	1.98138850390847	0
1.03240000000000	1.98138065982619	0
1.03250000000000	1.98137281774039	0
1.03260000000000	1.98136497765030	0
1.03270000000000	1.98135713955518	0
1.03280000000000	1.98134930345428	0
1.03290000000000	1.98134146934684	0
1.03300000000000	1.98133363723211	0
1.03310000000000	1.98132580710933	0
1.03320000000000	1.98131797897776	0
1.03330000000000	1.98131015283663	0
1.03340000000000	1.98130232868521	0
1.03350000000000	1.98129450652274	0
1.03360000000000	1.98128668634847	0
1.03370000000000	1.98127886816165	0
1.03380000000000	1.98127105196152	0
1.03390000000000	1.98126323774735	0
1.03400000000000	1.98125542551837	0
1.03410000000000	1.98124761527385	0
1.03420000000000	1.98123980701304	0
1.03430000000000	1.98123200073518	0
1.03440000000000	1.98122419643952	0
1.03450000000000	1.98121639412533	0
1.03460000000000	1.98120859379185	0
1.03470000000000	1.98120079543834	0
1.03480000000000	1.98119299906405	0
1.03490000000000	1.98118520466824	0
1.03500000000000	1.98117741225016	0
1.03510000000000	1.98116962180907	0
1.03520000000000	1.98116183334421	0
1.03530000000000	1.98115404685486	0
1.03540000000000	1.98114626234025	0
1.03550000000000	1.98113847979966	0
1.03560000000000	1.98113069923233	0
1.03570000000000	1.98112292063753	0
1.03580000000000	1.98111514401450	0
1.03590000000000	1.98110736936252	0
1.03600000000000	1.98109959668083	0
1.03610000000000	1.98109182596870	0
1.03620000000000	1.98108405722539	0
1.03630000000000	1.98107629045015	0
1.03640000000000	1.98106852564225	0
1.03650000000000	1.98106076280094	0
1.03660000000000	1.98105300192549	0
1.03670000000000	1.98104524301515	0
1.03680000000000	1.98103748606919	0
1.03690000000000	1.98102973108687	0
1.03700000000000	1.98102197806746	0
1.03710000000000	1.98101422701020	0
1.03720000000000	1.98100647791438	0
1.03730000000000	1.98099873077924	0
1.03740000000000	1.98099098560406	0
1.03750000000000	1.98098324238809	0
1.03760000000000	1.98097550113060	0
1.03770000000000	1.98096776183087	0
1.03780000000000	1.98096002448814	0
1.03790000000000	1.98095228910169	0
1.03800000000000	1.98094455567078	0
1.03810000000000	1.98093682419468	0
1.03820000000000	1.98092909467265	0
1.03830000000000	1.98092136710396	0
1.03840000000000	1.98091364148788	0
1.03850000000000	1.98090591782368	0
1.03860000000000	1.98089819611062	0
1.03870000000000	1.98089047634798	0
1.03880000000000	1.98088275853501	0
1.03890000000000	1.98087504267100	0
1.03900000000000	1.98086732875520	0
1.03910000000000	1.98085961678689	0
1.03920000000000	1.98085190676534	0
1.03930000000000	1.98084419868982	0
1.03940000000000	1.98083649255960	0
1.03950000000000	1.98082878837394	0
1.03960000000000	1.98082108613213	0
1.03970000000000	1.98081338583344	0
1.03980000000000	1.98080568747713	0
1.03990000000000	1.98079799106248	0
1.04000000000000	1.98079029658876	0
1.04010000000000	1.98078260405525	0
1.04020000000000	1.98077491346121	0
1.04030000000000	1.98076722480593	0
1.04040000000000	1.98075953808867	0
1.04050000000000	1.98075185330872	0
1.04060000000000	1.98074417046534	0
1.04070000000000	1.98073648955782	0
1.04080000000000	1.98072881058542	0
1.04090000000000	1.98072113354743	0
1.04100000000000	1.98071345844312	0
1.04110000000000	1.98070578527176	0
1.04120000000000	1.98069811403264	0
1.04130000000000	1.98069044472503	0
1.04140000000000	1.98068277734822	0
1.04150000000000	1.98067511190147	0
1.04160000000000	1.98066744838406	0
1.04170000000000	1.98065978679529	0
1.04180000000000	1.98065212713441	0
1.04190000000000	1.98064446940073	0
1.04200000000000	1.98063681359351	0
1.04210000000000	1.98062915971203	0
1.04220000000000	1.98062150775558	0
1.04230000000000	1.98061385772344	0
1.04240000000000	1.98060620961489	0
1.04250000000000	1.98059856342921	0
1.04260000000000	1.98059091916568	0
1.04270000000000	1.98058327682358	0
1.04280000000000	1.98057563640221	0
1.04290000000000	1.98056799790083	0
1.04300000000000	1.98056036131875	0
1.04310000000000	1.98055272665523	0
1.04320000000000	1.98054509390956	0
1.04330000000000	1.98053746308103	0
1.04340000000000	1.98052983416893	0
1.04350000000000	1.98052220717253	0
1.04360000000000	1.98051458209113	0
1.04370000000000	1.98050695892401	0
1.04380000000000	1.98049933767045	0
1.04390000000000	1.98049171832975	0
1.04400000000000	1.98048410090119	0
1.04410000000000	1.98047648538406	0
1.04420000000000	1.98046887177764	0
1.04430000000000	1.98046126008122	0
1.04440000000000	1.98045365029410	0
1.04450000000000	1.98044604241556	0
1.04460000000000	1.98043843644490	0
1.04470000000000	1.98043083238139	0
1.04480000000000	1.98042323022433	0
1.04490000000000	1.98041562997301	0
1.04500000000000	1.98040803162672	0
1.04510000000000	1.98040043518476	0
1.04520000000000	1.98039284064641	0
1.04530000000000	1.98038524801096	0
1.04540000000000	1.98037765727771	0
1.04550000000000	1.98037006844595	0
1.04560000000000	1.98036248151497	0
1.04570000000000	1.98035489648406	0
1.04580000000000	1.98034731335253	0
1.04590000000000	1.98033973211965	0
1.04600000000000	1.98033215278474	0
1.04610000000000	1.98032457534707	0
1.04620000000000	1.98031699980595	0
1.04630000000000	1.98030942616067	0
1.04640000000000	1.98030185441052	0
1.04650000000000	1.98029428455481	0
1.04660000000000	1.98028671659283	0
1.04670000000000	1.98027915052387	0
1.04680000000000	1.98027158634723	0
1.04690000000000	1.98026402406221	0
1.04700000000000	1.98025646366810	0
1.04710000000000	1.98024890516421	0
1.04720000000000	1.98024134854983	0
1.04730000000000	1.98023379382427	0
1.04740000000000	1.98022624098681	0
1.04750000000000	1.98021869003676	0
1.04760000000000	1.98021114097342	0
1.04770000000000	1.98020359379609	0
1.04780000000000	1.98019604850407	0
1.04790000000000	1.98018850509666	0
1.04800000000000	1.98018096357315	0
1.04810000000000	1.98017342393286	0
1.04820000000000	1.98016588617508	0
1.04830000000000	1.98015835029912	0
1.04840000000000	1.98015081630428	0
1.04850000000000	1.98014328418986	0
1.04860000000000	1.98013575395516	0
1.04870000000000	1.98012822559948	0
1.04880000000000	1.98012069912214	0
1.04890000000000	1.98011317452243	0
1.04900000000000	1.98010565179966	0
1.04910000000000	1.98009813095314	0
1.04920000000000	1.98009061198216	0
1.04930000000000	1.98008309488604	0
1.04940000000000	1.98007557966408	0
1.04950000000000	1.98006806631558	0
1.04960000000000	1.98006055483986	0
1.04970000000000	1.98005304523621	0
1.04980000000000	1.98004553750396	0
1.04990000000000	1.98003803164239	0
1.05000000000000	1.98003052765083	0
1.05010000000000	1.98002302552858	0
1.05020000000000	1.98001552527494	0
1.05030000000000	1.98000802688923	0
1.05040000000000	1.98000053037076	0
1.05050000000000	1.97999303571884	0
1.05060000000000	1.97998554293277	0
1.05070000000000	1.97997805201186	0
1.05080000000000	1.97997056295543	0
1.05090000000000	1.97996307576279	0
1.05100000000000	1.97995559043324	0
1.05110000000000	1.97994810696611	0
1.05120000000000	1.97994062536070	0
1.05130000000000	1.97993314561632	0
1.05140000000000	1.97992566773228	0
1.05150000000000	1.97991819170791	0
1.05160000000000	1.97991071754250	0
1.05170000000000	1.97990324523538	0
1.05180000000000	1.97989577478587	0
1.05190000000000	1.97988830619326	0
1.05200000000000	1.97988083945688	0
1.05210000000000	1.97987337457605	0
1.05220000000000	1.97986591155007	0
1.05230000000000	1.97985845037827	0
1.05240000000000	1.97985099105996	0
1.05250000000000	1.97984353359445	0
1.05260000000000	1.97983607798106	0
1.05270000000000	1.97982862421911	0
1.05280000000000	1.97982117230792	0
1.05290000000000	1.97981372224680	0
1.05300000000000	1.97980627403508	0
1.05310000000000	1.97979882767206	0
1.05320000000000	1.97979138315707	0
1.05330000000000	1.97978394048943	0
1.05340000000000	1.97977649966845	0
1.05350000000000	1.97976906069346	0
1.05360000000000	1.97976162356378	0
1.05370000000000	1.97975418827872	0
1.05380000000000	1.97974675483760	0
1.05390000000000	1.97973932323976	0
1.05400000000000	1.97973189348450	0
1.05410000000000	1.97972446557115	0
1.05420000000000	1.97971703949903	0
1.05430000000000	1.97970961526747	0
1.05440000000000	1.97970219287578	0
1.05450000000000	1.97969477232329	0
1.05460000000000	1.97968735360932	0
1.05470000000000	1.97967993673319	0
1.05480000000000	1.97967252169424	0
1.05490000000000	1.97966510849178	0
1.05500000000000	1.97965769712514	0
1.05510000000000	1.97965028759363	0
1.05520000000000	1.97964287989660	0
1.05530000000000	1.97963547403336	0
1.05540000000000	1.97962807000324	0
1.05550000000000	1.97962066780556	0
1.05560000000000	1.97961326743965	0
1.05570000000000	1.97960586890484	0
1.05580000000000	1.97959847220046	0
1.05590000000000	1.97959107732583	0
1.05600000000000	1.97958368428028	0
1.05610000000000	1.97957629306313	0
1.05620000000000	1.97956890367372	0
1.05630000000000	1.97956151611138	0
1.05640000000000	1.97955413037543	0
1.05650000000000	1.97954674646521	0
1.05660000000000	1.97953936438004	0
1.05670000000000	1.97953198411925	0
1.05680000000000	1.97952460568217	0
1.05690000000000	1.97951722906814	0
1.05700000000000	1.97950985427649	0
1.05710000000000	1.97950248130654	0
1.05720000000000	1.97949511015762	0
1.05730000000000	1.97948774082908	0
1.05740000000000	1.97948037332024	0
1.05750000000000	1.97947300763044	0
1.05760000000000	1.97946564375900	0
1.05770000000000	1.97945828170526	0
1.05780000000000	1.97945092146856	0
1.05790000000000	1.97944356304822	0
1.05800000000000	1.97943620644359	0
1.05810000000000	1.97942885165400	0
1.05820000000000	1.97942149867877	0
1.05830000000000	1.97941414751726	0
1.05840000000000	1.97940679816878	0
1.05850000000000	1.97939945063269	0
1.05860000000000	1.97939210490830	0
1.05870000000000	1.97938476099497	0
1.05880000000000	1.97937741889203	0
1.05890000000000	1.97937007859881	0
1.05900000000000	1.97936274011466	0
1.05910000000000	1.97935540343890	0
1.05920000000000	1.97934806857088	0
1.05930000000000	1.97934073550994	0
1.05940000000000	1.97933340425541	0
1.05950000000000	1.97932607480664	0
1.05960000000000	1.97931874716296	0
1.05970000000000	1.97931142132371	0
1.05980000000000	1.97930409728824	0
1.05990000000000	1.97929677505588	0
1.06000000000000	1.97928945462597	0
1.06010000000000	1.97928213599786	0
1.06020000000000	1.97927481917088	0
1.06030000000000	1.97926750414438	0
1.06040000000000	1.97926019091770	0
1.06050000000000	1.97925287949018	0
1.06060000000000	1.97924556986117	0
1.06070000000000	1.97923826203000	0
1.06080000000000	1.97923095599602	0
1.06090000000000	1.97922365175858	0
1.06100000000000	1.97921634931701	0
1.06110000000000	1.97920904867067	0
1.06120000000000	1.97920174981889	0
1.06130000000000	1.97919445276102	0
1.06140000000000	1.97918715749641	0
1.06150000000000	1.97917986402439	0
1.06160000000000	1.97917257234433	0
1.06170000000000	1.97916528245556	0
1.06180000000000	1.97915799435742	0
1.06190000000000	1.97915070804927	0
1.06200000000000	1.97914342353046	0
1.06210000000000	1.97913614080032	0
1.06220000000000	1.97912885985821	0
1.06230000000000	1.97912158070348	0
1.06240000000000	1.97911430333547	0
1.06250000000000	1.97910702775353	0
1.06260000000000	1.97909975395701	0
1.06270000000000	1.97909248194526	0
1.06280000000000	1.97908521171764	0
1.06290000000000	1.97907794327348	0
1.06300000000000	1.97907067661213	0
1.06310000000000	1.97906341173296	0
1.06320000000000	1.97905614863531	0
1.06330000000000	1.97904888731853	0
1.06340000000000	1.97904162778198	0
1.06350000000000	1.97903437002499	0
1.06360000000000	1.97902711404694	0
1.06370000000000	1.97901985984716	0
1.06380000000000	1.97901260742501	0
1.06390000000000	1.97900535677985	0
1.06400000000000	1.97899810791102	0
1.06410000000000	1.97899086081788	0
1.06420000000000	1.97898361549979	0
1.06430000000000	1.97897637195610	0
1.06440000000000	1.97896913018616	0
1.06450000000000	1.97896189018933	0
1.06460000000000	1.97895465196496	0
1.06470000000000	1.97894741551240	0
1.06480000000000	1.97894018083103	0
1.06490000000000	1.97893294792018	0
1.06500000000000	1.97892571677921	0
1.06510000000000	1.97891848740749	0
1.06520000000000	1.97891125980437	0
1.06530000000000	1.97890403396921	0
1.06540000000000	1.97889680990136	0
1.06550000000000	1.97888958760018	0
1.06560000000000	1.97888236706504	0
1.06570000000000	1.97887514829528	0
1.06580000000000	1.97886793129027	0
1.06590000000000	1.97886071604936	0
1.06600000000000	1.97885350257192	0
1.06610000000000	1.97884629085731	0
1.06620000000000	1.97883908090488	0
1.06630000000000	1.97883187271400	0
1.06640000000000	1.97882466628403	0
1.06650000000000	1.97881746161432	0
1.06660000000000	1.97881025870424	0
1.06670000000000	1.97880305755315	0
1.06680000000000	1.97879585816042	0
1.06690000000000	1.97878866052539	0
1.06700000000000	1.97878146464745	0
1.06710000000000	1.97877427052594	0
1.06720000000000	1.97876707816024	0
1.06730000000000	1.97875988754970	0
1.06740000000000	1.97875269869369	0
1.06750000000000	1.97874551159157	0
1.06760000000000	1.97873832624271	0
1.06770000000000	1.97873114264648	0
1.06780000000000	1.97872396080223	0
1.06790000000000	1.97871678070933	0
1.06800000000000	1.97870960236715	0
1.06810000000000	1.97870242577506	0
1.06820000000000	1.97869525093241	0
1.06830000000000	1.97868807783858	0
1.06840000000000	1.97868090649293	0
1.06850000000000	1.97867373689483	0
1.06860000000000	1.97866656904365	0
1.06870000000000	1.97865940293876	0
1.06880000000000	1.97865223857951	0
1.06890000000000	1.97864507596529	0
1.06900000000000	1.97863791509545	0
1.06910000000000	1.97863075596938	0
1.06920000000000	1.97862359858643	0
1.06930000000000	1.97861644294598	0
1.06940000000000	1.97860928904739	0
1.06950000000000	1.97860213689004	0
1.06960000000000	1.97859498647330	0
1.06970000000000	1.97858783779653	0
1.06980000000000	1.97858069085911	0
1.06990000000000	1.97857354566041	0
1.07000000000000	1.97856640219981	0
1.07010000000000	1.97855926047666	0
1.07020000000000	1.97855212049035	0
1.07030000000000	1.97854498224025	0
1.07040000000000	1.97853784572573	0
1.07050000000000	1.97853071094616	0
1.07060000000000	1.97852357790091	0
1.07070000000000	1.97851644658937	0
1.07080000000000	1.97850931701090	0
1.07090000000000	1.97850218916488	0
1.07100000000000	1.97849506305068	0
1.07110000000000	1.97848793866768	0
1.07120000000000	1.97848081601525	0
1.07130000000000	1.97847369509277	0
1.07140000000000	1.97846657589961	0
1.07150000000000	1.97845945843515	0
1.07160000000000	1.97845234269877	0
1.07170000000000	1.97844522868984	0
1.07180000000000	1.97843811640774	0
1.07190000000000	1.97843100585185	0
1.07200000000000	1.97842389702154	0
1.07210000000000	1.97841678991619	0
1.07220000000000	1.97840968453519	0
1.07230000000000	1.97840258087790	0
1.07240000000000	1.97839547894371	0
1.07250000000000	1.97838837873199	0
1.07260000000000	1.97838128024213	0
1.07270000000000	1.97837418347351	0
1.07280000000000	1.97836708842550	0
1.07290000000000	1.97835999509748	0
1.07300000000000	1.97835290348884	0
1.07310000000000	1.97834581359895	0
1.07320000000000	1.97833872542721	0
1.07330000000000	1.97833163897298	0
1.07340000000000	1.97832455423565	0
1.07350000000000	1.97831747121460	0
1.07360000000000	1.97831038990922	0
1.07370000000000	1.97830331031888	0
1.07380000000000	1.97829623244297	0
1.07390000000000	1.97828915628088	0
1.07400000000000	1.97828208183198	0
1.07410000000000	1.97827500909566	0
1.07420000000000	1.97826793807131	0
1.07430000000000	1.97826086875830	0
1.07440000000000	1.97825380115603	0
1.07450000000000	1.97824673526387	0
1.07460000000000	1.97823967108121	0
1.07470000000000	1.97823260860744	0
1.07480000000000	1.97822554784195	0
1.07490000000000	1.97821848878412	0
1.07500000000000	1.97821143143333	0
1.07510000000000	1.97820437578897	0
1.07520000000000	1.97819732185044	0
1.07530000000000	1.97819026961710	0
1.07540000000000	1.97818321908837	0
1.07550000000000	1.97817617026361	0
1.07560000000000	1.97816912314223	0
1.07570000000000	1.97816207772360	0
1.07580000000000	1.97815503400712	0
1.07590000000000	1.97814799199218	0
1.07600000000000	1.97814095167816	0
1.07610000000000	1.97813391306446	0
1.07620000000000	1.97812687615046	0
1.07630000000000	1.97811984093555	0
1.07640000000000	1.97811280741913	0
1.07650000000000	1.97810577560059	0
1.07660000000000	1.97809874547931	0
1.07670000000000	1.97809171705468	0
1.07680000000000	1.97808469032611	0
1.07690000000000	1.97807766529298	0
1.07700000000000	1.97807064195468	0
1.07710000000000	1.97806362031061	0
1.07720000000000	1.97805660036015	0
1.07730000000000	1.97804958210271	0
1.07740000000000	1.97804256553767	0
1.07750000000000	1.97803555066443	0
1.07760000000000	1.97802853748238	0
1.07770000000000	1.97802152599091	0
1.07780000000000	1.97801451618943	0
1.07790000000000	1.97800750807732	0
1.07800000000000	1.97800050165398	0
1.07810000000000	1.97799349691880	0
1.07820000000000	1.97798649387119	0
1.07830000000000	1.97797949251053	0
1.07840000000000	1.97797249283622	0
1.07850000000000	1.97796549484767	0
1.07860000000000	1.97795849854426	0
1.07870000000000	1.97795150392539	0
1.07880000000000	1.97794451099046	0
1.07890000000000	1.97793751973887	0
1.07900000000000	1.97793053017001	0
1.07910000000000	1.97792354228329	0
1.07920000000000	1.97791655607810	0
1.07930000000000	1.97790957155384	0
1.07940000000000	1.97790258870991	0
1.07950000000000	1.97789560754571	0
1.07960000000000	1.97788862806064	0
1.07970000000000	1.97788165025409	0
1.07980000000000	1.97787467412547	0
1.07990000000000	1.97786769967418	0
1.08000000000000	1.97786072689962	0
1.08010000000000	1.97785375580119	0
1.08020000000000	1.97784678637830	0
1.08030000000000	1.97783981863033	0
1.08040000000000	1.97783285255670	0
1.08050000000000	1.97782588815681	0
1.08060000000000	1.97781892543005	0
1.08070000000000	1.97781196437584	0
1.08080000000000	1.97780500499357	0
1.08090000000000	1.97779804728265	0
1.08100000000000	1.97779109124248	0
1.08110000000000	1.97778413687246	0
1.08120000000000	1.97777718417201	0
1.08130000000000	1.97777023314052	0
1.08140000000000	1.97776328377739	0
1.08150000000000	1.97775633608204	0
1.08160000000000	1.97774939005387	0
1.08170000000000	1.97774244569228	0
1.08180000000000	1.97773550299668	0
1.08190000000000	1.97772856196648	0
1.08200000000000	1.97772162260108	0
1.08210000000000	1.97771468489988	0
1.08220000000000	1.97770774886230	0
1.08230000000000	1.97770081448775	0
1.08240000000000	1.97769388177562	0
1.08250000000000	1.97768695072533	0
1.08260000000000	1.97768002133628	0
1.08270000000000	1.97767309360789	0
1.08280000000000	1.97766616753956	0
1.08290000000000	1.97765924313070	0
1.08300000000000	1.97765232038073	0
1.08310000000000	1.97764539928904	0
1.08320000000000	1.97763847985505	0
1.08330000000000	1.97763156207817	0
1.08340000000000	1.97762464595780	0
1.08350000000000	1.97761773149337	0
1.08360000000000	1.97761081868428	0
1.08370000000000	1.97760390752994	0
1.08380000000000	1.97759699802976	0
1.08390000000000	1.97759009018315	0
1.08400000000000	1.97758318398953	0
1.08410000000000	1.97757627944831	0
1.08420000000000	1.97756937655890	0
1.08430000000000	1.97756247532072	0
1.08440000000000	1.97755557573317	0
1.08450000000000	1.97754867779567	0
1.08460000000000	1.97754178150763	0
1.08470000000000	1.97753488686847	0
1.08480000000000	1.97752799387759	0
1.08490000000000	1.97752110253443	0
1.08500000000000	1.97751421283838	0
1.08510000000000	1.97750732478887	0
1.08520000000000	1.97750043838531	0
1.08530000000000	1.97749355362711	0
1.08540000000000	1.97748667051370	0
1.08550000000000	1.97747978904448	0
1.08560000000000	1.97747290921887	0
1.08570000000000	1.97746603103630	0
1.08580000000000	1.97745915449617	0
1.08590000000000	1.97745227959790	0
1.08600000000000	1.97744540634092	0
1.08610000000000	1.97743853472463	0
1.08620000000000	1.97743166474846	0
1.08630000000000	1.97742479641182	0
1.08640000000000	1.97741792971414	0
1.08650000000000	1.97741106465483	0
1.08660000000000	1.97740420123331	0
1.08670000000000	1.97739733944900	0
1.08680000000000	1.97739047930132	0
1.08690000000000	1.97738362078969	0
1.08700000000000	1.97737676391353	0
1.08710000000000	1.97736990867225	0
1.08720000000000	1.97736305506529	0
1.08730000000000	1.97735620309206	0
1.08740000000000	1.97734935275198	0
1.08750000000000	1.97734250404448	0
1.08760000000000	1.97733565696897	0
1.08770000000000	1.97732881152488	0
1.08780000000000	1.97732196771162	0
1.08790000000000	1.97731512552863	0
1.08800000000000	1.97730828497533	0
1.08810000000000	1.97730144605113	0
1.08820000000000	1.97729460875547	0
1.08830000000000	1.97728777308776	0
1.08840000000000	1.97728093904743	0
1.08850000000000	1.97727410663390	0
1.08860000000000	1.97726727584660	0
1.08870000000000	1.97726044668495	0
1.08880000000000	1.97725361914838	0
1.08890000000000	1.97724679323631	0
1.08900000000000	1.97723996894816	0
1.08910000000000	1.97723314628338	0
1.08920000000000	1.97722632524137	0
1.08930000000000	1.97721950582156	0
1.08940000000000	1.97721268802339	0
1.08950000000000	1.97720587184628	0
1.08960000000000	1.97719905728965	0
1.08970000000000	1.97719224435294	0
1.08980000000000	1.97718543303557	0
1.08990000000000	1.97717862333697	0
1.09000000000000	1.97717181525656	0
1.09010000000000	1.97716500879378	0
1.09020000000000	1.97715820394806	0
1.09030000000000	1.97715140071882	0
1.09040000000000	1.97714459910549	0
1.09050000000000	1.97713779910750	0
1.09060000000000	1.97713100072428	0
1.09070000000000	1.97712420395527	0
1.09080000000000	1.97711740879989	0
1.09090000000000	1.97711061525757	0
1.09100000000000	1.97710382332774	0
1.09110000000000	1.97709703300984	0
1.09120000000000	1.97709024430330	0
1.09130000000000	1.97708345720754	0
1.09140000000000	1.97707667172200	0
1.09150000000000	1.97706988784611	0
1.09160000000000	1.97706310557931	0
1.09170000000000	1.97705632492102	0
1.09180000000000	1.97704954587068	0
1.09190000000000	1.97704276842773	0
1.09200000000000	1.97703599259159	0
1.09210000000000	1.97702921836170	0
1.09220000000000	1.97702244573749	0
1.09230000000000	1.97701567471840	0
1.09240000000000	1.97700890530387	0
1.09250000000000	1.97700213749332	0
1.09260000000000	1.97699537128620	0
1.09270000000000	1.97698860668193	0
1.09280000000000	1.97698184367995	0
1.09290000000000	1.97697508227971	0
1.09300000000000	1.97696832248063	0
1.09310000000000	1.97696156428215	0
1.09320000000000	1.97695480768371	0
1.09330000000000	1.97694805268475	0
1.09340000000000	1.97694129928469	0
1.09350000000000	1.97693454748299	0
1.09360000000000	1.97692779727907	0
1.09370000000000	1.97692104867238	0
1.09380000000000	1.97691430166236	0
1.09390000000000	1.97690755624843	0
1.09400000000000	1.97690081243005	0
1.09410000000000	1.97689407020664	0
1.09420000000000	1.97688732957765	0
1.09430000000000	1.97688059054253	0
1.09440000000000	1.97687385310070	0
1.09450000000000	1.97686711725160	0
1.09460000000000	1.97686038299469	0
1.09470000000000	1.97685365032939	0
1.09480000000000	1.97684691925516	0
1.09490000000000	1.97684018977142	0
1.09500000000000	1.97683346187763	0
1.09510000000000	1.97682673557322	0
1.09520000000000	1.97682001085764	0
1.09530000000000	1.97681328773032	0
1.09540000000000	1.97680656619071	0
1.09550000000000	1.97679984623826	0
1.09560000000000	1.97679312787240	0
1.09570000000000	1.97678641109258	0
1.09580000000000	1.97677969589824	0
1.09590000000000	1.97677298228883	0
1.09600000000000	1.97676627026378	0
1.09610000000000	1.97675955982255	0
1.09620000000000	1.97675285096458	0
1.09630000000000	1.97674614368931	0
1.09640000000000	1.97673943799619	0
1.09650000000000	1.97673273388466	0
1.09660000000000	1.97672603135417	0
1.09670000000000	1.97671933040416	0
1.09680000000000	1.97671263103408	0
1.09690000000000	1.97670593324338	0
1.09700000000000	1.97669923703150	0
1.09710000000000	1.97669254239789	0
1.09720000000000	1.97668584934199	0
1.09730000000000	1.97667915786326	0
1.09740000000000	1.97667246796114	0
1.09750000000000	1.97666577963508	0
1.09760000000000	1.97665909288453	0
1.09770000000000	1.97665240770893	0
1.09780000000000	1.97664572410773	0
1.09790000000000	1.97663904208039	0
1.09800000000000	1.97663236162634	0
1.09810000000000	1.97662568274505	0
1.09820000000000	1.97661900543596	0
1.09830000000000	1.97661232969852	0
1.09840000000000	1.97660565553217	0
1.09850000000000	1.97659898293638	0
1.09860000000000	1.97659231191059	0
1.09870000000000	1.97658564245425	0
1.09880000000000	1.97657897456681	0
1.09890000000000	1.97657230824773	0
1.09900000000000	1.97656564349645	0
1.09910000000000	1.97655898031243	0
1.09920000000000	1.97655231869512	0
1.09930000000000	1.97654565864397	0
1.09940000000000	1.97653900015844	0
1.09950000000000	1.97653234323797	0
1.09960000000000	1.97652568788202	0
1.09970000000000	1.97651903409005	0
1.09980000000000	1.97651238186150	0
1.09990000000000	1.97650573119584	0
1.10000000000000	1.97649908209251	0
1.10010000000000	1.97649243455096	0
1.10020000000000	1.97648578857067	0
1.10030000000000	1.97647914415107	0
1.10040000000000	1.97647250129163	0
1.10050000000000	1.97646585999179	0
1.10060000000000	1.97645922025102	0
1.10070000000000	1.97645258206877	0
1.10080000000000	1.97644594544450	0
1.10090000000000	1.97643931037766	0
1.10100000000000	1.97643267686771	0
1.10110000000000	1.97642604491411	0
1.10120000000000	1.97641941451631	0
1.10130000000000	1.97641278567378	0
1.10140000000000	1.97640615838596	0
1.10150000000000	1.97639953265232	0
1.10160000000000	1.97639290847231	0
1.10170000000000	1.97638628584540	0
1.10180000000000	1.97637966477104	0
1.10190000000000	1.97637304524869	0
1.10200000000000	1.97636642727781	0
1.10210000000000	1.97635981085785	0
1.10220000000000	1.97635319598829	0
1.10230000000000	1.97634658266858	0
1.10240000000000	1.97633997089817	0
1.10250000000000	1.97633336067654	0
1.10260000000000	1.97632675200313	0
1.10270000000000	1.97632014487741	0
1.10280000000000	1.97631353929885	0
1.10290000000000	1.97630693526690	0
1.10300000000000	1.97630033278102	0
1.10310000000000	1.97629373184068	0
1.10320000000000	1.97628713244534	0
1.10330000000000	1.97628053459446	0
1.10340000000000	1.97627393828750	0
1.10350000000000	1.97626734352393	0
1.10360000000000	1.97626075030320	0
1.10370000000000	1.97625415862479	0
1.10380000000000	1.97624756848816	0
1.10390000000000	1.97624097989277	0
1.10400000000000	1.97623439283808	0
1.10410000000000	1.97622780732356	0
1.10420000000000	1.97622122334867	0
1.10430000000000	1.97621464091288	0
1.10440000000000	1.97620806001565	0
1.10450000000000	1.97620148065645	0
1.10460000000000	1.97619490283475	0
1.10470000000000	1.97618832655000	0
1.10480000000000	1.97618175180168	0
1.10490000000000	1.97617517858925	0
1.10500000000000	1.97616860691218	0
1.10510000000000	1.97616203676994	0
1.10520000000000	1.97615546816198	0
1.10530000000000	1.97614890108779	0
1.10540000000000	1.97614233554682	0
1.10550000000000	1.97613577153855	0
1.10560000000000	1.97612920906244	0
1.10570000000000	1.97612264811796	0
1.10580000000000	1.97611608870458	0
1.10590000000000	1.97610953082177	0
1.10600000000000	1.97610297446899	0
1.10610000000000	1.97609641964573	0
1.10620000000000	1.97608986635143	0
1.10630000000000	1.97608331458558	0
1.10640000000000	1.97607676434765	0
1.10650000000000	1.97607021563710	0
1.10660000000000	1.97606366845341	0
1.10670000000000	1.97605712279605	0
1.10680000000000	1.97605057866448	0
1.10690000000000	1.97604403605818	0
1.10700000000000	1.97603749497662	0
1.10710000000000	1.97603095541928	0
1.10720000000000	1.97602441738561	0
1.10730000000000	1.97601788087510	0
1.10740000000000	1.97601134588722	0
1.10750000000000	1.97600481242144	0
1.10760000000000	1.97599828047724	0
1.10770000000000	1.97599175005408	0
1.10780000000000	1.97598522115144	0
1.10790000000000	1.97597869376879	0
1.10800000000000	1.97597216790561	0
1.10810000000000	1.97596564356137	0
1.10820000000000	1.97595912073555	0
1.10830000000000	1.97595259942762	0
1.10840000000000	1.97594607963705	0
1.10850000000000	1.97593956136332	0
1.10860000000000	1.97593304460591	0
1.10870000000000	1.97592652936429	0
1.10880000000000	1.97592001563793	0
1.10890000000000	1.97591350342632	0
1.10900000000000	1.97590699272892	0
1.10910000000000	1.97590048354522	0
1.10920000000000	1.97589397587470	0
1.10930000000000	1.97588746971682	0
1.10940000000000	1.97588096507106	0
1.10950000000000	1.97587446193691	0
1.10960000000000	1.97586796031384	0
1.10970000000000	1.97586146020133	0
1.10980000000000	1.97585496159885	0
1.10990000000000	1.97584846450590	0
1.11000000000000	1.97584196892193	0
1.11010000000000	1.97583547484644	0
1.11020000000000	1.97582898227889	0
1.11030000000000	1.97582249121878	0
1.11040000000000	1.97581600166558	0
1.11050000000000	1.97580951361877	0
1.11060000000000	1.97580302707784	0
1.11070000000000	1.97579654204225	0
1.11080000000000	1.97579005851149	0
1.11090000000000	1.97578357648504	0
1.11100000000000	1.97577709596239	0
1.11110000000000	1.97577061694301	0
1.11120000000000	1.97576413942639	0
1.11130000000000	1.97575766341200	0
1.11140000000000	1.97575118889933	0
1.11150000000000	1.97574471588787	0
1.11160000000000	1.97573824437709	0
1.11170000000000	1.97573177436647	0
1.11180000000000	1.97572530585550	0
1.11190000000000	1.97571883884367	0
1.11200000000000	1.97571237333045	0
1.11210000000000	1.97570590931533	0
1.11220000000000	1.97569944679779	0
1.11230000000000	1.97569298577732	0
1.11240000000000	1.97568652625340	0
1.11250000000000	1.97568006822552	0
1.11260000000000	1.97567361169315	0
1.11270000000000	1.97566715665580	0
1.11280000000000	1.97566070311293	0
1.11290000000000	1.97565425106404	0
1.11300000000000	1.97564780050861	0
1.11310000000000	1.97564135144613	0
1.11320000000000	1.97563490387608	0
1.11330000000000	1.97562845779795	0
1.11340000000000	1.97562201321123	0
1.11350000000000	1.97561557011541	0
1.11360000000000	1.97560912850996	0
1.11370000000000	1.97560268839438	0
1.11380000000000	1.97559624976816	0
1.11390000000000	1.97558981263078	0
1.11400000000000	1.97558337698173	0
1.11410000000000	1.97557694282051	0
1.11420000000000	1.97557051014659	0
1.11430000000000	1.97556407895946	0
1.11440000000000	1.97555764925863	0
1.11450000000000	1.97555122104357	0
1.11460000000000	1.97554479431377	0
1.11470000000000	1.97553836906873	0
1.11480000000000	1.97553194530793	0
1.11490000000000	1.97552552303086	0
1.11500000000000	1.97551910223702	0
1.11510000000000	1.97551268292590	0
1.11520000000000	1.97550626509698	0
1.11530000000000	1.97549984874975	0
1.11540000000000	1.97549343388372	0
1.11550000000000	1.97548702049836	0
1.11560000000000	1.97548060859318	0
1.11570000000000	1.97547419816766	0
1.11580000000000	1.97546778922129	0
1.11590000000000	1.97546138175357	0
1.11600000000000	1.97545497576400	0
1.11610000000000	1.97544857125205	0
1.11620000000000	1.97544216821723	0
1.11630000000000	1.97543576665904	0
1.11640000000000	1.97542936657695	0
1.11650000000000	1.97542296797048	0
1.11660000000000	1.97541657083910	0
1.11670000000000	1.97541017518232	0
1.11680000000000	1.97540378099963	0
1.11690000000000	1.97539738829052	0
1.11700000000000	1.97539099705450	0
1.11710000000000	1.97538460729104	0
1.11720000000000	1.97537821899966	0
1.11730000000000	1.97537183217985	0
1.11740000000000	1.97536544683109	0
1.11750000000000	1.97535906295290	0
1.11760000000000	1.97535268054475	0
1.11770000000000	1.97534629960616	0
1.11780000000000	1.97533992013662	0
1.11790000000000	1.97533354213562	0
1.11800000000000	1.97532716560266	0
1.11810000000000	1.97532079053724	0
1.11820000000000	1.97531441693886	0
1.11830000000000	1.97530804480701	0
1.11840000000000	1.97530167414119	0
1.11850000000000	1.97529530494091	0
1.11860000000000	1.97528893720565	0
1.11870000000000	1.97528257093493	0
1.11880000000000	1.97527620612823	0
1.11890000000000	1.97526984278506	0
1.11900000000000	1.97526348090491	0
1.11910000000000	1.97525712048729	0
1.11920000000000	1.97525076153170	0
1.11930000000000	1.97524440403763	0
1.11940000000000	1.97523804800459	0
1.11950000000000	1.97523169343207	0
1.11960000000000	1.97522534031959	0
1.11970000000000	1.97521898866663	0
1.11980000000000	1.97521263847271	0
1.11990000000000	1.97520628973731	0
1.12000000000000	1.97519994245995	0
1.12010000000000	1.97519359664012	0
1.12020000000000	1.97518725227734	0
1.12030000000000	1.97518090937109	0
1.12040000000000	1.97517456792089	0
1.12050000000000	1.97516822792623	0
1.12060000000000	1.97516188938662	0
1.12070000000000	1.97515555230156	0
1.12080000000000	1.97514921667056	0
1.12090000000000	1.97514288249312	0
1.12100000000000	1.97513654976874	0
1.12110000000000	1.97513021849693	0
1.12120000000000	1.97512388867719	0
1.12130000000000	1.97511756030903	0
1.12140000000000	1.97511123339195	0
1.12150000000000	1.97510490792545	0
1.12160000000000	1.97509858390905	0
1.12170000000000	1.97509226134225	0
1.12180000000000	1.97508594022455	0
1.12190000000000	1.97507962055546	0
1.12200000000000	1.97507330233448	0
1.12210000000000	1.97506698556113	0
1.12220000000000	1.97506067023491	0
1.12230000000000	1.97505435635532	0
1.12240000000000	1.97504804392188	0
1.12250000000000	1.97504173293408	0
1.12260000000000	1.97503542339145	0
1.12270000000000	1.97502911529347	0
1.12280000000000	1.97502280863968	0
1.12290000000000	1.97501650342956	0
1.12300000000000	1.97501019966264	0
1.12310000000000	1.97500389733841	0
1.12320000000000	1.97499759645639	0
1.12330000000000	1.97499129701609	0
1.12340000000000	1.97498499901701	0
1.12350000000000	1.97497870245867	0
1.12360000000000	1.97497240734058	0
1.12370000000000	1.97496611366224	0
1.12380000000000	1.97495982142317	0
1.12390000000000	1.97495353062287	0
1.12400000000000	1.97494724126086	0
1.12410000000000	1.97494095333665	0
1.12420000000000	1.97493466684975	0
1.12430000000000	1.97492838179966	0
1.12440000000000	1.97492209818591	0
1.12450000000000	1.97491581600801	0
1.12460000000000	1.97490953526545	0
1.12470000000000	1.97490325595777	0
1.12480000000000	1.97489697808446	0
1.12490000000000	1.97489070164505	0
1.12500000000000	1.97488442663905	0
1.12510000000000	1.97487815306596	0
1.12520000000000	1.97487188092530	0
1.12530000000000	1.97486561021659	0
1.12540000000000	1.97485934093934	0
1.12550000000000	1.97485307309306	0
1.12560000000000	1.97484680667727	0
1.12570000000000	1.97484054169148	0
1.12580000000000	1.97483427813521	0
1.12590000000000	1.97482801600797	0
1.12600000000000	1.97482175530927	0
1.12610000000000	1.97481549603863	0
1.12620000000000	1.97480923819557	0
1.12630000000000	1.97480298177961	0
1.12640000000000	1.97479672679025	0
1.12650000000000	1.97479047322702	0
1.12660000000000	1.97478422108943	0
1.12670000000000	1.97477797037699	0
1.12680000000000	1.97477172108923	0
1.12690000000000	1.97476547322566	0
1.12700000000000	1.97475922678580	0
1.12710000000000	1.97475298176916	0
1.12720000000000	1.97474673817527	0
1.12730000000000	1.97474049600364	0
1.12740000000000	1.97473425525379	0
1.12750000000000	1.97472801592523	0
1.12760000000000	1.97472177801749	0
1.12770000000000	1.97471554153009	0
1.12780000000000	1.97470930646254	0
1.12790000000000	1.97470307281436	0
1.12800000000000	1.97469684058508	0
1.12810000000000	1.97469060977420	0
1.12820000000000	1.97468438038126	0
1.12830000000000	1.97467815240577	0
1.12840000000000	1.97467192584725	0
1.12850000000000	1.97466570070523	0
1.12860000000000	1.97465947697922	0
1.12870000000000	1.97465325466874	0
1.12880000000000	1.97464703377331	0
1.12890000000000	1.97464081429246	0
1.12900000000000	1.97463459622571	0
1.12910000000000	1.97462837957258	0
1.12920000000000	1.97462216433259	0
1.12930000000000	1.97461595050527	0
1.12940000000000	1.97460973809012	0
1.12950000000000	1.97460352708669	0
1.12960000000000	1.97459731749449	0
1.12970000000000	1.97459110931304	0
1.12980000000000	1.97458490254187	0
1.12990000000000	1.97457869718051	0
1.13000000000000	1.97457249322846	0
1.13010000000000	1.97456629068527	0
1.13020000000000	1.97456008955044	0
1.13030000000000	1.97455388982352	0
1.13040000000000	1.97454769150401	0
1.13050000000000	1.97454149459145	0
1.13060000000000	1.97453529908536	0
1.13070000000000	1.97452910498527	0
1.13080000000000	1.97452291229070	0
1.13090000000000	1.97451672100117	0
1.13100000000000	1.97451053111622	0
1.13110000000000	1.97450434263537	0
1.13120000000000	1.97449815555814	0
1.13130000000000	1.97449196988406	0
1.13140000000000	1.97448578561266	0
1.13150000000000	1.97447960274346	0
1.13160000000000	1.97447342127600	0
1.13170000000000	1.97446724120980	0
1.13180000000000	1.97446106254438	0
1.13190000000000	1.97445488527927	0
1.13200000000000	1.97444870941401	0
1.13210000000000	1.97444253494812	0
1.13220000000000	1.97443636188112	0
1.13230000000000	1.97443019021256	0
1.13240000000000	1.97442401994194	0
1.13250000000000	1.97441785106882	0
1.13260000000000	1.97441168359270	0
1.13270000000000	1.97440551751313	0
1.13280000000000	1.97439935282963	0
1.13290000000000	1.97439318954174	0
1.13300000000000	1.97438702764897	0
1.13310000000000	1.97438086715087	0
1.13320000000000	1.97437470804696	0
1.13330000000000	1.97436855033677	0
1.13340000000000	1.97436239401984	0
1.13350000000000	1.97435623909570	0
1.13360000000000	1.97435008556387	0
1.13370000000000	1.97434393342389	0
1.13380000000000	1.97433778267528	0
1.13390000000000	1.97433163331759	0
1.13400000000000	1.97432548535035	0
1.13410000000000	1.97431933877307	0
1.13420000000000	1.97431319358531	0
1.13430000000000	1.97430704978659	0
1.13440000000000	1.97430090737644	0
1.13450000000000	1.97429476635440	0
1.13460000000000	1.97428862672000	0
1.13470000000000	1.97428248847277	0
1.13480000000000	1.97427635161225	0
1.13490000000000	1.97427021613797	0
1.13500000000000	1.97426408204947	0
1.13510000000000	1.97425794934627	0
1.13520000000000	1.97425181802793	0
1.13530000000000	1.97424568809396	0
1.13540000000000	1.97423955954390	0
1.13550000000000	1.97423343237730	0
1.13560000000000	1.97422730659367	0
1.13570000000000	1.97422118219257	0
1.13580000000000	1.97421505917353	0
1.13590000000000	1.97420893753608	0
1.13600000000000	1.97420281727975	0
1.13610000000000	1.97419669840409	0
1.13620000000000	1.97419058090864	0
1.13630000000000	1.97418446479292	0
1.13640000000000	1.97417835005647	0
1.13650000000000	1.97417223669884	0
1.13660000000000	1.97416612471956	0
1.13670000000000	1.97416001411816	0
1.13680000000000	1.97415390489419	0
1.13690000000000	1.97414779704719	0
1.13700000000000	1.97414169057668	0
1.13710000000000	1.97413558548222	0
1.13720000000000	1.97412948176334	0
1.13730000000000	1.97412337941957	0
1.13740000000000	1.97411727845046	0
1.13750000000000	1.97411117885555	0
1.13760000000000	1.97410508063437	0
1.13770000000000	1.97409898378646	0
1.13780000000000	1.97409288831138	0
1.13790000000000	1.97408679420864	0
1.13800000000000	1.97408070147781	0
1.13810000000000	1.97407461011841	0
1.13820000000000	1.97406852012998	0
1.13830000000000	1.97406243151208	0
1.13840000000000	1.97405634426423	0
1.13850000000000	1.97405025838598	0
1.13860000000000	1.97404417387687	0
1.13870000000000	1.97403809073645	0
1.13880000000000	1.97403200896426	0
1.13890000000000	1.97402592855983	0
1.13900000000000	1.97401984952271	0
1.13910000000000	1.97401377185244	0
1.13920000000000	1.97400769554857	0
1.13930000000000	1.97400162061063	0
1.13940000000000	1.97399554703818	0
1.13950000000000	1.97398947483075	0
1.13960000000000	1.97398340398789	0
1.13970000000000	1.97397733450914	0
1.13980000000000	1.97397126639405	0
1.13990000000000	1.97396519964216	0
1.14000000000000	1.97395913425301	0
1.14010000000000	1.97395307022615	0
1.14020000000000	1.97394700756112	0
1.14030000000000	1.97394094625748	0
1.14040000000000	1.97393488631475	0
1.14050000000000	1.97392882773250	0
1.14060000000000	1.97392277051026	0
1.14070000000000	1.97391671464758	0
1.14080000000000	1.97391066014400	0
1.14090000000000	1.97390460699908	0
1.14100000000000	1.97389855521236	0
1.14110000000000	1.97389250478339	0
1.14120000000000	1.97388645571170	0
1.14130000000000	1.97388040799686	0
1.14140000000000	1.97387436163840	0
1.14150000000000	1.97386831663587	0
1.14160000000000	1.97386227298883	0
1.14170000000000	1.97385623069682	0
1.14180000000000	1.97385018975938	0
1.14190000000000	1.97384415017607	0
1.14200000000000	1.97383811194643	0
1.14210000000000	1.97383207507001	0
1.14220000000000	1.97382603954636	0
1.14230000000000	1.97382000537504	0
1.14240000000000	1.97381397255558	0
1.14250000000000	1.97380794108754	0
1.14260000000000	1.97380191097047	0
1.14270000000000	1.97379588220392	0
1.14280000000000	1.97378985478743	0
1.14290000000000	1.97378382872057	0
1.14300000000000	1.97377780400287	0
1.14310000000000	1.97377178063389	0
1.14320000000000	1.97376575861318	0
1.14330000000000	1.97375973794028	0
1.14340000000000	1.97375371861476	0
1.14350000000000	1.97374770063617	0
1.14360000000000	1.97374168400405	0
1.14370000000000	1.97373566871795	0
1.14380000000000	1.97372965477743	0
1.14390000000000	1.97372364218204	0
1.14400000000000	1.97371763093134	0
1.14410000000000	1.97371162102487	0
1.14420000000000	1.97370561246218	0
1.14430000000000	1.97369960524284	0
1.14440000000000	1.97369359936639	0
1.14450000000000	1.97368759483239	0
1.14460000000000	1.97368159164039	0
1.14470000000000	1.97367558978995	0
1.14480000000000	1.97366958928061	0
1.14490000000000	1.97366359011193	0
1.14500000000000	1.97365759228347	0
1.14510000000000	1.97365159579479	0
1.14520000000000	1.97364560064542	0
1.14530000000000	1.97363960683494	0
1.14540000000000	1.97363361436290	0
1.14550000000000	1.97362762322884	0
1.14560000000000	1.97362163343233	0
1.14570000000000	1.97361564497293	0
1.14580000000000	1.97360965785018	0
1.14590000000000	1.97360367206364	0
1.14600000000000	1.97359768761288	0
1.14610000000000	1.97359170449744	0
1.14620000000000	1.97358572271689	0
1.14630000000000	1.97357974227078	0
1.14640000000000	1.97357376315866	0
1.14650000000000	1.97356778538010	0
1.14660000000000	1.97356180893465	0
1.14670000000000	1.97355583382187	0
1.14680000000000	1.97354986004131	0
1.14690000000000	1.97354388759254	0
1.14700000000000	1.97353791647512	0
1.14710000000000	1.97353194668860	0
1.14720000000000	1.97352597823254	0
1.14730000000000	1.97352001110649	0
1.14740000000000	1.97351404531003	0
1.14750000000000	1.97350808084270	0
1.14760000000000	1.97350211770407	0
1.14770000000000	1.97349615589369	0
1.14780000000000	1.97349019541113	0
1.14790000000000	1.97348423625595	0
1.14800000000000	1.97347827842771	0
1.14810000000000	1.97347232192596	0
1.14820000000000	1.97346636675026	0
1.14830000000000	1.97346041290019	0
1.14840000000000	1.97345446037529	0
1.14850000000000	1.97344850917513	0
1.14860000000000	1.97344255929927	0
1.14870000000000	1.97343661074728	0
1.14880000000000	1.97343066351871	0
1.14890000000000	1.97342471761312	0
1.14900000000000	1.97341877303008	0
1.14910000000000	1.97341282976916	0
1.14920000000000	1.97340688782990	0
1.14930000000000	1.97340094721188	0
1.14940000000000	1.97339500791466	0
1.14950000000000	1.97338906993780	0
1.14960000000000	1.97338313328087	0
1.14970000000000	1.97337719794342	0
1.14980000000000	1.97337126392502	0
1.14990000000000	1.97336533122524	0
1.15000000000000	1.97335939984364	0
1.15010000000000	1.97335346977977	0
1.15020000000000	1.97334754103322	0
1.15030000000000	1.97334161360354	0
1.15040000000000	1.97333568749030	0
1.15050000000000	1.97332976269305	0
1.15060000000000	1.97332383921138	0
1.15070000000000	1.97331791704483	0
1.15080000000000	1.97331199619299	0
1.15090000000000	1.97330607665540	0
1.15100000000000	1.97330015843165	0
1.15110000000000	1.97329424152129	0
1.15120000000000	1.97328832592389	0
1.15130000000000	1.97328241163902	0
1.15140000000000	1.97327649866625	0
1.15150000000000	1.97327058700513	0
1.15160000000000	1.97326467665524	0
1.15170000000000	1.97325876761615	0
1.15180000000000	1.97325285988742	0
1.15190000000000	1.97324695346863	0
1.15200000000000	1.97324104835933	0
1.15210000000000	1.97323514455909	0
1.15220000000000	1.97322924206749	0
1.15230000000000	1.97322334088410	0
1.15240000000000	1.97321744100847	0
1.15250000000000	1.97321154244018	0
1.15260000000000	1.97320564517880	0
1.15270000000000	1.97319974922390	0
1.15280000000000	1.97319385457505	0
1.15290000000000	1.97318796123181	0
1.15300000000000	1.97318206919376	0
1.15310000000000	1.97317617846047	0
1.15320000000000	1.97317028903150	0
1.15330000000000	1.97316440090642	0
1.15340000000000	1.97315851408482	0
1.15350000000000	1.97315262856625	0
1.15360000000000	1.97314674435029	0
1.15370000000000	1.97314086143650	0
1.15380000000000	1.97313497982447	0
1.15390000000000	1.97312909951376	0
1.15400000000000	1.97312322050394	0
1.15410000000000	1.97311734279458	0
1.15420000000000	1.97311146638526	0
1.15430000000000	1.97310559127555	0
1.15440000000000	1.97309971746502	0
1.15450000000000	1.97309384495325	0
1.15460000000000	1.97308797373980	0
1.15470000000000	1.97308210382424	0
1.15480000000000	1.97307623520616	0
1.15490000000000	1.97307036788513	0
1.15500000000000	1.97306450186071	0
1.15510000000000	1.97305863713248	0
1.15520000000000	1.97305277370002	0
1.15530000000000	1.97304691156290	0
1.15540000000000	1.97304105072069	0
1.15550000000000	1.97303519117297	0
1.15560000000000	1.97302933291931	0
1.15570000000000	1.97302347595929	0
1.15580000000000	1.97301762029248	0
1.15590000000000	1.97301176591846	0
1.15600000000000	1.97300591283680	0
1.15610000000000	1.97300006104707	0
1.15620000000000	1.97299421054886	0
1.15630000000000	1.97298836134174	0
1.15640000000000	1.97298251342529	0
1.15650000000000	1.97297666679907	0
1.15660000000000	1.97297082146267	0
1.15670000000000	1.97296497741567	0
1.15680000000000	1.97295913465763	0
1.15690000000000	1.97295329318814	0
1.15700000000000	1.97294745300678	0
1.15710000000000	1.97294161411312	0
1.15720000000000	1.97293577650674	0
1.15730000000000	1.97292994018721	0
1.15740000000000	1.97292410515412	0
1.15750000000000	1.97291827140705	0
1.15760000000000	1.97291243894556	0
1.15770000000000	1.97290660776924	0
1.15780000000000	1.97290077787767	0
1.15790000000000	1.97289494927042	0
1.15800000000000	1.97288912194709	0
1.15810000000000	1.97288329590723	0
1.15820000000000	1.97287747115044	0
1.15830000000000	1.97287164767629	0
1.15840000000000	1.97286582548436	0
1.15850000000000	1.97286000457424	0
1.15860000000000	1.97285418494550	0
1.15870000000000	1.97284836659772	0
1.15880000000000	1.97284254953049	0
1.15890000000000	1.97283673374337	0
1.15900000000000	1.97283091923597	0
1.15910000000000	1.97282510600784	0
1.15920000000000	1.97281929405859	0
1.15930000000000	1.97281348338778	0
1.15940000000000	1.97280767399500	0
1.15950000000000	1.97280186587983	0
1.15960000000000	1.97279605904185	0
1.15970000000000	1.97279025348065	0
1.15980000000000	1.97278444919580	0
1.15990000000000	1.97277864618689	0
1.16000000000000	1.97277284445351	0
1.16010000000000	1.97276704399522	0
1.16020000000000	1.97276124481163	0
1.16030000000000	1.97275544690230	0
1.16040000000000	1.97274965026683	0
1.16050000000000	1.97274385490480	0
1.16060000000000	1.97273806081578	0
1.16070000000000	1.97273226799937	0
1.16080000000000	1.97272647645515	0
1.16090000000000	1.97272068618270	0
1.16100000000000	1.97271489718161	0
1.16110000000000	1.97270910945145	0
1.16120000000000	1.97270332299183	0
1.16130000000000	1.97269753780231	0
1.16140000000000	1.97269175388249	0
1.16150000000000	1.97268597123195	0
1.16160000000000	1.97268018985028	0
1.16170000000000	1.97267440973706	0
1.16180000000000	1.97266863089188	0
1.16190000000000	1.97266285331432	0
1.16200000000000	1.97265707700397	0
1.16210000000000	1.97265130196042	0
1.16220000000000	1.97264552818325	0
1.16230000000000	1.97263975567205	0
1.16240000000000	1.97263398442641	0
1.16250000000000	1.97262821444591	0
1.16260000000000	1.97262244573014	0
1.16270000000000	1.97261667827868	0
1.16280000000000	1.97261091209114	0
1.16290000000000	1.97260514716708	0
1.16300000000000	1.97259938350611	0
1.16310000000000	1.97259362110780	0
1.16320000000000	1.97258785997176	0
1.16330000000000	1.97258210009756	0
1.16340000000000	1.97257634148479	0
1.16350000000000	1.97257058413305	0
1.16360000000000	1.97256482804192	0
1.16370000000000	1.97255907321099	0
1.16380000000000	1.97255331963985	0
1.16390000000000	1.97254756732809	0
1.16400000000000	1.97254181627530	0
1.16410000000000	1.97253606648107	0
1.16420000000000	1.97253031794500	0
1.16430000000000	1.97252457066666	0
1.16440000000000	1.97251882464565	0
1.16450000000000	1.97251307988156	0
1.16460000000000	1.97250733637398	0
1.16470000000000	1.97250159412251	0
1.16480000000000	1.97249585312673	0
1.16490000000000	1.97249011338624	0
1.16500000000000	1.97248437490062	0
1.16510000000000	1.97247863766947	0
1.16520000000000	1.97247290169238	0
1.16530000000000	1.97246716696894	0
1.16540000000000	1.97246143349875	0
1.16550000000000	1.97245570128139	0
1.16560000000000	1.97244997031647	0
1.16570000000000	1.97244424060356	0
1.16580000000000	1.97243851214227	0
1.16590000000000	1.97243278493218	0
1.16600000000000	1.97242705897290	0
1.16610000000000	1.97242133426401	0
1.16620000000000	1.97241561080511	0
1.16630000000000	1.97240988859578	0
1.16640000000000	1.97240416763564	0
1.16650000000000	1.97239844792426	0
1.16660000000000	1.97239272946125	0
1.16670000000000	1.97238701224620	0
1.16680000000000	1.97238129627869	0
1.16690000000000	1.97237558155834	0
1.16700000000000	1.97236986808473	0
1.16710000000000	1.97236415585745	0
1.16720000000000	1.97235844487611	0
1.16730000000000	1.97235273514030	0
1.16740000000000	1.97234702664961	0
1.16750000000000	1.97234131940364	0
1.16760000000000	1.97233561340198	0
1.16770000000000	1.97232990864424	0
1.16780000000000	1.97232420513001	0
1.16790000000000	1.97231850285888	0
1.16800000000000	1.97231280183045	0
1.16810000000000	1.97230710204432	0
1.16820000000000	1.97230140350009	0
1.16830000000000	1.97229570619734	0
1.16840000000000	1.97229001013569	0
1.16850000000000	1.97228431531473	0
1.16860000000000	1.97227862173405	0
1.16870000000000	1.97227292939325	0
1.16880000000000	1.97226723829194	0
1.16890000000000	1.97226154842970	0
1.16900000000000	1.97225585980615	0
1.16910000000000	1.97225017242087	0
1.16920000000000	1.97224448627346	0
1.16930000000000	1.97223880136353	0
1.16940000000000	1.97223311769067	0
1.16950000000000	1.97222743525449	0
1.16960000000000	1.97222175405457	0
1.16970000000000	1.97221607409053	0
1.16980000000000	1.97221039536196	0
1.16990000000000	1.97220471786846	0
1.17000000000000	1.97219904160963	0
1.17010000000000	1.97219336658508	0
1.17020000000000	1.97218769279439	0
1.17030000000000	1.97218202023718	0
1.17040000000000	1.97217634891304	0
1.17050000000000	1.97217067882158	0
1.17060000000000	1.97216500996239	0
1.17070000000000	1.97215934233509	0
1.17080000000000	1.97215367593925	0
1.17090000000000	1.97214801077450	0
1.17100000000000	1.97214234684044	0
1.17110000000000	1.97213668413665	0
1.17120000000000	1.97213102266276	0
1.17130000000000	1.97212536241835	0
1.17140000000000	1.97211970340303	0
1.17150000000000	1.97211404561641	0
1.17160000000000	1.97210838905808	0
1.17170000000000	1.97210273372765	0
1.17180000000000	1.97209707962473	0
1.17190000000000	1.97209142674891	0
1.17200000000000	1.97208577509981	0
1.17210000000000	1.97208012467701	0
1.17220000000000	1.97207447548014	0
1.17230000000000	1.97206882750878	0
1.17240000000000	1.97206318076256	0
1.17250000000000	1.97205753524106	0
1.17260000000000	1.97205189094390	0
1.17270000000000	1.97204624787067	0
1.17280000000000	1.97204060602100	0
1.17290000000000	1.97203496539447	0
1.17300000000000	1.97202932599069	0
1.17310000000000	1.97202368780928	0
1.17320000000000	1.97201805084983	0
1.17330000000000	1.97201241511195	0
1.17340000000000	1.97200678059525	0
1.17350000000000	1.97200114729934	0
1.17360000000000	1.97199551522381	0
1.17370000000000	1.97198988436828	0
1.17380000000000	1.97198425473235	0
1.17390000000000	1.97197862631564	0
1.17400000000000	1.97197299911773	0
1.17410000000000	1.97196737313826	0
1.17420000000000	1.97196174837681	0
1.17430000000000	1.97195612483300	0
1.17440000000000	1.97195050250644	0
1.17450000000000	1.97194488139673	0
1.17460000000000	1.97193926150348	0
1.17470000000000	1.97193364282630	0
1.17480000000000	1.97192802536480	0
1.17490000000000	1.97192240911858	0
1.17500000000000	1.97191679408726	0
1.17510000000000	1.97191118027044	0
1.17520000000000	1.97190556766774	0
1.17530000000000	1.97189995627876	0
1.17540000000000	1.97189434610310	0
1.17550000000000	1.97188873714039	0
1.17560000000000	1.97188312939023	0
1.17570000000000	1.97187752285223	0
1.17580000000000	1.97187191752599	0
1.17590000000000	1.97186631341114	0
1.17600000000000	1.97186071050728	0
1.17610000000000	1.97185510881401	0
1.17620000000000	1.97184950833096	0
1.17630000000000	1.97184390905773	0
1.17640000000000	1.97183831099393	0
1.17650000000000	1.97183271413917	0
1.17660000000000	1.97182711849307	0
1.17670000000000	1.97182152405524	0
1.17680000000000	1.97181593082528	0
1.17690000000000	1.97181033880282	0
1.17700000000000	1.97180474798745	0
1.17710000000000	1.97179915837880	0
1.17720000000000	1.97179356997647	0
1.17730000000000	1.97178798278009	0
1.17740000000000	1.97178239678925	0
1.17750000000000	1.97177681200357	0
1.17760000000000	1.97177122842268	0
1.17770000000000	1.97176564604617	0
1.17780000000000	1.97176006487366	0
1.17790000000000	1.97175448490478	0
1.17800000000000	1.97174890613912	0
1.17810000000000	1.97174332857630	0
1.17820000000000	1.97173775221594	0
1.17830000000000	1.97173217705765	0
1.17840000000000	1.97172660310105	0
1.17850000000000	1.97172103034575	0
1.17860000000000	1.97171545879136	0
1.17870000000000	1.97170988843750	0
1.17880000000000	1.97170431928379	0
1.17890000000000	1.97169875132983	0
1.17900000000000	1.97169318457525	0
1.17910000000000	1.97168761901966	0
1.17920000000000	1.97168205466267	0
1.17930000000000	1.97167649150391	0
1.17940000000000	1.97167092954298	0
1.17950000000000	1.97166536877950	0
1.17960000000000	1.97165980921309	0
1.17970000000000	1.97165425084337	0
1.17980000000000	1.97164869366995	0
1.17990000000000	1.97164313769245	0
1.18000000000000	1.97163758291048	0
1.18010000000000	1.97163202932366	0
1.18020000000000	1.97162647693161	0
1.18030000000000	1.97162092573395	0
1.18040000000000	1.97161537573030	0
1.18050000000000	1.97160982692026	0
1.18060000000000	1.97160427930347	0
1.18070000000000	1.97159873287953	0
1.18080000000000	1.97159318764807	0
1.18090000000000	1.97158764360870	0
1.18100000000000	1.97158210076105	0
1.18110000000000	1.97157655910472	0
1.18120000000000	1.97157101863935	0
1.18130000000000	1.97156547936454	0
1.18140000000000	1.97155994127992	0
1.18150000000000	1.97155440438511	0
1.18160000000000	1.97154886867972	0
1.18170000000000	1.97154333416338	0
1.18180000000000	1.97153780083571	0
1.18190000000000	1.97153226869632	0
1.18200000000000	1.97152673774484	0
1.18210000000000	1.97152120798088	0
1.18220000000000	1.97151567940407	0
1.18230000000000	1.97151015201403	0
1.18240000000000	1.97150462581037	0
1.18250000000000	1.97149910079272	0
1.18260000000000	1.97149357696070	0
1.18270000000000	1.97148805431393	0
1.18280000000000	1.97148253285204	0
1.18290000000000	1.97147701257463	0
1.18300000000000	1.97147149348134	0
1.18310000000000	1.97146597557179	0
1.18320000000000	1.97146045884560	0
1.18330000000000	1.97145494330239	0
1.18340000000000	1.97144942894178	0
1.18350000000000	1.97144391576340	0
1.18360000000000	1.97143840376686	0
1.18370000000000	1.97143289295180	0
1.18380000000000	1.97142738331783	0
1.18390000000000	1.97142187486458	0
1.18400000000000	1.97141636759167	0
1.18410000000000	1.97141086149872	0
1.18420000000000	1.97140535658536	0
1.18430000000000	1.97139985285121	0
1.18440000000000	1.97139435029589	0
1.18450000000000	1.97138884891904	0
1.18460000000000	1.97138334872026	0
1.18470000000000	1.97137784969920	0
1.18480000000000	1.97137235185547	0
1.18490000000000	1.97136685518869	0
1.18500000000000	1.97136135969850	0
1.18510000000000	1.97135586538451	0
1.18520000000000	1.97135037224636	0
1.18530000000000	1.97134488028366	0
1.18540000000000	1.97133938949604	0
1.18550000000000	1.97133389988314	0
1.18560000000000	1.97132841144456	0
1.18570000000000	1.97132292417995	0
1.18580000000000	1.97131743808892	0
1.18590000000000	1.97131195317111	0
1.18600000000000	1.97130646942613	0
1.18610000000000	1.97130098685362	0
1.18620000000000	1.97129550545321	0
1.18630000000000	1.97129002522451	0
1.18640000000000	1.97128454616715	0
1.18650000000000	1.97127906828077	0
1.18660000000000	1.97127359156500	0
1.18670000000000	1.97126811601945	0
1.18680000000000	1.97126264164375	0
1.18690000000000	1.97125716843754	0
1.18700000000000	1.97125169640044	0
1.18710000000000	1.97124622553208	0
1.18720000000000	1.97124075583209	0
1.18730000000000	1.97123528730010	0
1.18740000000000	1.97122981993573	0
1.18750000000000	1.97122435373861	0
1.18760000000000	1.97121888870838	0
1.18770000000000	1.97121342484466	0
1.18780000000000	1.97120796214708	0
1.18790000000000	1.97120250061527	0
1.18800000000000	1.97119704024886	0
1.18810000000000	1.97119158104749	0
1.18820000000000	1.97118612301077	0
1.18830000000000	1.97118066613834	0
1.18840000000000	1.97117521042983	0
1.18850000000000	1.97116975588487	0
1.18860000000000	1.97116430250310	0
1.18870000000000	1.97115885028413	0
1.18880000000000	1.97115339922761	0
1.18890000000000	1.97114794933316	0
1.18900000000000	1.97114250060041	0
1.18910000000000	1.97113705302900	0
1.18920000000000	1.97113160661856	0
1.18930000000000	1.97112616136872	0
1.18940000000000	1.97112071727910	0
1.18950000000000	1.97111527434935	0
1.18960000000000	1.97110983257909	0
1.18970000000000	1.97110439196796	0
1.18980000000000	1.97109895251559	0
1.18990000000000	1.97109351422161	0
1.19000000000000	1.97108807708566	0
1.19010000000000	1.97108264110736	0
1.19020000000000	1.97107720628635	0
1.19030000000000	1.97107177262226	0
1.19040000000000	1.97106634011473	0
1.19050000000000	1.97106090876339	0
1.19060000000000	1.97105547856787	0
1.19070000000000	1.97105004952781	0
1.19080000000000	1.97104462164284	0
1.19090000000000	1.97103919491259	0
1.19100000000000	1.97103376933671	0
1.19110000000000	1.97102834491481	0
1.19120000000000	1.97102292164655	0
1.19130000000000	1.97101749953155	0
1.19140000000000	1.97101207856944	0
1.19150000000000	1.97100665875987	0
1.19160000000000	1.97100124010246	0
1.19170000000000	1.97099582259686	0
1.19180000000000	1.97099040624270	0
1.19190000000000	1.97098499103961	0
1.19200000000000	1.97097957698722	0
1.19210000000000	1.97097416408519	0
1.19220000000000	1.97096875233313	0
1.19230000000000	1.97096334173070	0
1.19240000000000	1.97095793227751	0
1.19250000000000	1.97095252397322	0
1.19260000000000	1.97094711681745	0
1.19270000000000	1.97094171080985	0
1.19280000000000	1.97093630595005	0
1.19290000000000	1.97093090223769	0
1.19300000000000	1.97092549967240	0
1.19310000000000	1.97092009825382	0
1.19320000000000	1.97091469798160	0
1.19330000000000	1.97090929885536	0
1.19340000000000	1.97090390087475	0
1.19350000000000	1.97089850403940	0
1.19360000000000	1.97089310834895	0
1.19370000000000	1.97088771380304	0
1.19380000000000	1.97088232040131	0
1.19390000000000	1.97087692814340	0
1.19400000000000	1.97087153702895	0
1.19410000000000	1.97086614705759	0
1.19420000000000	1.97086075822896	0
1.19430000000000	1.97085537054270	0
1.19440000000000	1.97084998399846	0
1.19450000000000	1.97084459859587	0
1.19460000000000	1.97083921433457	0
1.19470000000000	1.97083383121421	0
1.19480000000000	1.97082844923441	0
1.19490000000000	1.97082306839483	0
1.19500000000000	1.97081768869510	0
1.19510000000000	1.97081231013486	0
1.19520000000000	1.97080693271375	0
1.19530000000000	1.97080155643142	0
1.19540000000000	1.97079618128750	0
1.19550000000000	1.97079080728164	0
1.19560000000000	1.97078543441347	0
1.19570000000000	1.97078006268264	0
1.19580000000000	1.97077469208879	0
1.19590000000000	1.97076932263156	0
1.19600000000000	1.97076395431060	0
1.19610000000000	1.97075858712554	0
1.19620000000000	1.97075322107602	0
1.19630000000000	1.97074785616170	0
1.19640000000000	1.97074249238220	0
1.19650000000000	1.97073712973718	0
1.19660000000000	1.97073176822628	0
1.19670000000000	1.97072640784913	0
1.19680000000000	1.97072104860539	0
1.19690000000000	1.97071569049470	0
1.19700000000000	1.97071033351669	0
1.19710000000000	1.97070497767101	0
1.19720000000000	1.97069962295731	0
1.19730000000000	1.97069426937523	0
1.19740000000000	1.97068891692441	0
1.19750000000000	1.97068356560450	0
1.19760000000000	1.97067821541514	0
1.19770000000000	1.97067286635598	0
1.19780000000000	1.97066751842666	0
1.19790000000000	1.97066217162682	0
1.19800000000000	1.97065682595611	0
1.19810000000000	1.97065148141417	0
1.19820000000000	1.97064613800066	0
1.19830000000000	1.97064079571521	0
1.19840000000000	1.97063545455746	0
1.19850000000000	1.97063011452708	0
1.19860000000000	1.97062477562369	0
1.19870000000000	1.97061943784695	0
1.19880000000000	1.97061410119651	0
1.19890000000000	1.97060876567200	0
1.19900000000000	1.97060343127308	0
1.19910000000000	1.97059809799939	0
1.19920000000000	1.97059276585058	0
1.19930000000000	1.97058743482629	0
1.19940000000000	1.97058210492617	0
1.19950000000000	1.97057677614987	0
1.19960000000000	1.97057144849704	0
1.19970000000000	1.97056612196732	0
1.19980000000000	1.97056079656036	0
1.19990000000000	1.97055547227581	0
1.20000000000000	1.97055014911331	0