2.48000000000000	4.56079233042918	0.000327639705911555
2.47504990019960	4.56080898256923	0.000327819236239480
2.47011952191235	4.56082567713297	0.000327999269448395
2.46520874751491	4.56084241418277	0.000328179812829817
2.46031746031746	4.56085919378120	0.000328360865542220
2.45544554455446	4.56087601599108	0.000328542426743559
2.45059288537549	4.56089288087539	0.000328724498293181
2.44575936883629	4.56090978849736	0.000328907084744339
2.44094488188976	4.56092673892041	0.000329090182541106
2.43614931237721	4.56094373220817	0.000329273793527843
2.43137254901961	4.56096076842450	0.000329457922238285
2.42661448140900	4.56097784763345	0.000329642565110507
2.42187500000000	4.56099496989930	0.000329827726666713
2.41715399610136	4.56101213528653	0.000330013406033845
2.41245136186770	4.56102934385986	0.000330199605028191
2.40776699029126	4.56104659568419	0.000330386325459500
2.40310077519380	4.56106389082467	0.000330573566444190
2.39845261121857	4.56108122934663	0.000330761329783475
2.39382239382239	4.56109861131566	0.000330949619955740
2.38921001926782	4.56111603679754	0.000331138433380092
2.38461538461538	4.56113350585827	0.000331327774523304
2.38003838771593	4.56115101856407	0.000331517639802052
2.37547892720307	4.56116857498140	0.000331708036349084
2.37093690248566	4.56118617517691	0.000331898960574051
2.36641221374046	4.56120381921749	0.000332090419590364
2.36190476190476	4.56122150717026	0.000332282407127668
2.35741444866920	4.56123923910253	0.000332474927613209
2.35294117647059	4.56125701508186	0.000332667982791574
2.34848484848485	4.56127483517605	0.000332861574400732
2.34404536862004	4.56129269945307	0.000333055701505265
2.33962264150943	4.56131060798117	0.000333250365834553
2.33521657250471	4.56132856082881	0.000333445571774983
2.33082706766917	4.56134655806466	0.000333641315713826
2.32645403377111	4.56136459975763	0.000333837599365235
2.32209737827715	4.56138268597686	0.000334034427095665
2.31775700934579	4.56140081679172	0.000334231797943899
2.31343283582090	4.56141899227181	0.000334429713604139
2.30912476722533	4.56143721248694	0.000334628175763924
2.30483271375465	4.56145547750720	0.000334827183451474
2.30055658627087	4.56147378740285	0.000335026740996783
2.29629629629630	4.56149214224443	0.000335226847417875
2.29205175600739	4.56151054210269	0.000335427507028220
2.28782287822878	4.56152898704863	0.000335628716189313
2.28360957642726	4.56154747715347	0.000335830476558104
2.27941176470588	4.56156601248868	0.000336032795071118
2.27522935779817	4.56158459312595	0.000336235668079285
2.27106227106227	4.56160321913721	0.000336439097219462
2.26691042047532	4.56162189059465	0.000336643084121795
2.26277372262774	4.56164060757066	0.000336847633046457
2.25865209471767	4.56165937013792	0.000337052740335081
2.25454545454545	4.56167817836930	0.000337258407602469
2.25045372050817	4.56169703233794	0.000337464641720533
2.24637681159420	4.56171593211722	0.000337671439020350
2.24231464737794	4.56173487778075	0.000337878801096531
2.23826714801444	4.56175386940240	0.000338086729536949
2.23423423423423	4.56177290705626	0.000338295228548187
2.23021582733813	4.56179199081670	0.000338504294452097
2.22621184919210	4.56181112075830	0.000338713934065588
2.22222222222222	4.56183029695590	0.000338924143703483
2.21824686940966	4.56184951948461	0.000339134927543715
2.21428571428571	4.56186878841974	0.000339346284516291
2.21033868092692	4.56188810383690	0.000339558218782356
2.20640569395018	4.56190746581192	0.000339770729261636
2.20248667850799	4.56192687442088	0.000339983817486042
2.19858156028369	4.56194632974012	0.000340197487591480
2.19469026548673	4.56196583184623	0.000340411741091370
2.19081272084806	4.56198538081606	0.000340626574277368
2.18694885361552	4.56200497672671	0.000340841991265015
2.18309859154930	4.56202461965552	0.000341057993552284
2.17926186291740	4.56204430968010	0.000341274582630351
2.17543859649123	4.56206404687832	0.000341491759983589
2.17162872154116	4.56208383132830	0.000341709524490343
2.16783216783217	4.56210366310841	0.000341927882821469
2.16404886561955	4.56212354229730	0.000342146831244131
2.16027874564460	4.56214346897386	0.000342366373814680
2.15652173913043	4.56216344321725	0.000342586509390858
2.15277777777778	4.56218346510689	0.000342807242012053
2.14904679376083	4.56220353472246	0.000343028573114929
2.14532871972318	4.56222365214391	0.000343250504129318
2.14162348877375	4.56224381745145	0.000343473033892344
2.13793103448276	4.56226403072555	0.000343696166409400
2.13425129087780	4.56228429204694	0.000343919900507300
2.13058419243986	4.56230460149665	0.000344144240174413
2.12692967409949	4.56232495915593	0.000344369184227244
2.12328767123288	4.56234536510634	0.000344594736637119
2.11965811965812	4.56236581942969	0.000344820898785998
2.11604095563140	4.56238632220805	0.000345047669474919
2.11243611584327	4.56240687352379	0.000345275052649603
2.10884353741497	4.56242747345952	0.000345503049671463
2.10526315789474	4.56244812209816	0.000345731659326070
2.10169491525424	4.56246881952286	0.000345960888100788
2.09813874788494	4.56248956581707	0.000346190732200197
2.09459459459459	4.56251036106453	0.000346421195527266
2.09106239460371	4.56253120534923	0.000346652279409118
2.08754208754209	4.56255209875544	0.000346883985166016
2.08403361344538	4.56257304136773	0.000347116314111359
2.08053691275168	4.56259403327092	0.000347349267551683
2.07705192629816	4.56261507455014	0.000347582846786659
2.07357859531773	4.56263616529079	0.000347817055662674
2.07011686143573	4.56265730557853	0.000348051892908647
2.06666666666667	4.56267849549935	0.000348287362353780
2.06322795341098	4.56269973513947	0.000348523462716694
2.05980066445183	4.56272102458544	0.000348760197809397
2.05638474295191	4.56274236392407	0.000348997568885164
2.05298013245033	4.56276375324248	0.000349235577190395
2.04958677685950	4.56278519262805	0.000349474221423139
2.04620462046205	4.56280668216847	0.000349713507900722
2.04283360790774	4.56282822195171	0.000349953435305706
2.03947368421053	4.56284981206604	0.000350194004856989
2.03612479474548	4.56287145260002	0.000350435222835597
2.03278688524590	4.56289314364248	0.000350677082837934
2.02945990180033	4.56291488528259	0.000350919593660531
2.02614379084967	4.56293667760977	0.000351162753955028
2.02283849918434	4.56295852071377	0.000351406564900690
2.01954397394137	4.56298041468461	0.000351651027669903
2.01626016260163	4.56300235961263	0.000351896143428178
2.01298701298701	4.56302435558846	0.000352141918378586
2.00972447325770	4.56304640270303	0.000352388348621404
2.00647249190939	4.56306850104757	0.000352635440338890
2.00323101777060	4.56309065071362	0.000352883189624617
2	4.56311285179300	0.000353131602640023
1.99677938808374	4.56313510437788	0.000353380680498755
1.99356913183280	4.56315740856069	0.000353630421795975
1.99036918138042	4.56317976443418	0.000353880832656546
1.98717948717949	4.56320217209143	0.000354131911660100
1.98400000000000	4.56322463162580	0.000354383662399032
1.98083067092652	4.56324714313097	0.000354636085947259
1.97767145135566	4.56326970670093	0.000354889180869123
1.97452229299363	4.56329232243000	0.000355142953231960
1.97138314785374	4.56331499041278	0.000355397401584586
1.96825396825397	4.56333771074420	0.000355652529470750
1.96513470681458	4.56336048351952	0.000355908340420160
1.96202531645570	4.56338330883430	0.000356164832961013
1.95892575039494	4.56340618678441	0.000356422008113752
1.95583596214511	4.56342911746606	0.000356679869382093
1.95275590551181	4.56345210097576	0.000356938417767358
1.94968553459120	4.56347513741036	0.000357197656750527
1.94662480376766	4.56349822686701	0.000357457587313783
1.94357366771160	4.56352136944321	0.000357718210432447
1.94053208137715	4.56354456523676	0.000357979527074983
1.93750000000000	4.56356781434580	0.000358241540682279
1.93447737909516	4.56359111686878	0.000358504252203657
1.93146417445483	4.56361447290450	0.000358767665057224
1.92846034214619	4.56363788255208	0.000359031777699329
1.92546583850932	4.56366134591097	0.000359296596002743
1.92248062015504	4.56368486308094	0.000359562118408302
1.91950464396285	4.56370843416211	0.000359828348293983
1.91653786707883	4.56373205925492	0.000360095286557109
1.91358024691358	4.56375573846015	0.000360362936552846
1.91063174114022	4.56377947187893	0.000360631299159357
1.90769230769231	4.56380325961270	0.000360900375247973
1.90476190476190	4.56382710176327	0.000361170165683206
1.90184049079755	4.56385099843275	0.000361440678694738
1.89892802450230	4.56387494972364	0.000361711907750420
1.89602446483180	4.56389895573873	0.000361983861055255
1.89312977099237	4.56392301658120	0.000362256536978115
1.89024390243902	4.56394713235454	0.000362529938788346
1.88736681887367	4.56397130316260	0.000362804067293000
1.88449848024316	4.56399552910959	0.000363078925738571
1.88163884673748	4.56401981030005	0.000363354514912959
1.87878787878788	4.56404414683887	0.000363630838039802
1.87594553706505	4.56406853883129	0.000363907895887851
1.87311178247734	4.56409298638293	0.000364185691657879
1.87028657616893	4.56411748959972	0.000364464226099489
1.86746987951807	4.56414204858798	0.000364743499955511
1.86466165413534	4.56416666345436	0.000365023516395218
1.86186186186186	4.56419133430590	0.000365304278573651
1.85907046476762	4.56421606124996	0.000365585787202142
1.85628742514970	4.56424084439428	0.000365868045412859
1.85351270553064	4.56426568384698	0.000366151053898007
1.85074626865672	4.56429057971649	0.000366434813343044
1.84798807749627	4.56431553211167	0.000366719326848657
1.84523809523810	4.56434054114169	0.000367004599921353
1.84249628528975	4.56436560691611	0.000367290630791275
1.83976261127596	4.56439072954487	0.000367577420105682
1.83703703703704	4.56441590913825	0.000367864973333958
1.83431952662722	4.56444114580692	0.000368153293511139
1.83161004431315	4.56446643966193	0.000368442376426095
1.82890855457227	4.56449179081468	0.000368732229919829
1.82621502209131	4.56451719937697	0.000369022856990235
1.82352941176471	4.56454266546094	0.000369314253406107
1.82085168869310	4.56456818917916	0.000369606424556911
1.81818181818182	4.56459377064452	0.000369899373409106
1.81551976573939	4.56461940997034	0.000370193102914872
1.81286549707602	4.56464510727030	0.000370487611217460
1.81021897810219	4.56467086265846	0.000370782903647343
1.80758017492711	4.56469667624927	0.000371078980726076
1.80494905385735	4.56472254815757	0.000371375847751757
1.80232558139535	4.56474847849859	0.000371673502831522
1.79970972423803	4.56477446738792	0.000371971948849060
1.79710144927536	4.56480051494158	0.000372271188673786
1.79450072358900	4.56482662127596	0.000372571227544750
1.79190751445087	4.56485278650785	0.000372872061151054
1.78932178932179	4.56487901075444	0.000373173697090940
1.78674351585014	4.56490529413330	0.000373476133420409
1.78417266187050	4.56493163676240	0.000373779375325232
1.78160919540230	4.56495803876014	0.000374083425594904
1.77905308464849	4.56498450024527	0.000374388284632292
1.77650429799427	4.56501102133699	0.000374693952833712
1.77396280400572	4.56503760215488	0.000375000437694373
1.77142857142857	4.56506424281892	0.000375307737213568
1.76890156918688	4.56509094344951	0.000375615854121012
1.76638176638177	4.56511770416746	0.000375924791132151
1.76386913229018	4.56514452509398	0.000376234550948160
1.76136363636364	4.56517140635070	0.000376545136255946
1.75886524822695	4.56519834805965	0.000376856547371335
1.75637393767705	4.56522535034329	0.000377168789313402
1.75388967468175	4.56525241332449	0.000377481862373344
1.75141242937853	4.56527953712653	0.000377795769186857
1.74894217207334	4.56530672187313	0.000378110512375382
1.74647887323944	4.56533396768841	0.000378426094546104
1.74402250351617	4.56536127469693	0.000378742515946882
1.74157303370787	4.56538864302365	0.000379059781505393
1.73913043478261	4.56541607279398	0.000379377893786074
1.73669467787115	4.56544356413375	0.000379696852999935
1.73426573426573	4.56547111716921	0.000380016661688826
1.73184357541899	4.56549873202706	0.000380337324715607
1.72942817294282	4.56552640883441	0.000380658842254488
1.72701949860724	4.56555414771882	0.000380981216804635
1.72461752433936	4.56558194880829	0.000381304453180307
1.72222222222222	4.56560981223123	0.000381628549191628
1.71983356449376	4.56563773811652	0.000381953511951768
1.71745152354571	4.56566572659346	0.000382279339250344
1.71507607192255	4.56569377779181	0.000382606038164200
1.71270718232044	4.56572189184176	0.000382933608781893
1.71034482758621	4.56575006887395	0.000383262053503145
1.70798898071625	4.56577830901947	0.000383591374713498
1.70563961485557	4.56580661240986	0.000383921577097753
1.70329670329670	4.56583497917711	0.000384252660695676
1.70096021947874	4.56586340945366	0.000384584627850293
1.69863013698630	4.56589190337241	0.000384917483197921
1.69630642954856	4.56592046106671	0.000385251226741827
1.69398907103825	4.56594908267038	0.000385585863086035
1.69167803547067	4.56597776831768	0.000385921394510974
1.68937329700272	4.56600651814335	0.000386257823282937
1.68707482993197	4.56603533228259	0.000386595151654092
1.68478260869565	4.56606421087106	0.000386933379567058
1.68249660786974	4.56609315404489	0.000387272516132064
1.68021680216802	4.56612216194067	0.000387612558964071
1.67794316644114	4.56615123469549	0.000387953510258827
1.67567567567568	4.56618037244688	0.000388295374485378
1.67341430499325	4.56620957533287	0.000388638156090637
1.67115902964960	4.56623884349193	0.000388981852649344
1.66890982503365	4.56626817706306	0.000389326473144945
1.66666666666667	4.56629757618570	0.000389672015126088
1.66442953020134	4.56632704099978	0.000390018482975386
1.66219839142091	4.56635657164574	0.000390365881053322
1.65997322623829	4.56638616826446	0.000390714209151817
1.65775401069519	4.56641583099735	0.000391063469328080
1.65554072096128	4.56644555998629	0.000391413668163641
1.65333333333333	4.56647535537365	0.000391764807675538
1.65113182423435	4.56650521730230	0.000392116887601740
1.64893617021277	4.56653514591561	0.000392469914463537
1.64674634794157	4.56656514135745	0.000392823885707925
1.64456233421751	4.56659520377216	0.000393178810079116
1.64238410596026	4.56662533330462	0.000393534687255196
1.64021164021164	4.56665553010020	0.000393891519163374
1.63804491413474	4.56668579430476	0.000394249309969793
1.63588390501319	4.56671612606470	0.000394608063818515
1.63372859025033	4.56674652552689	0.000394967782582786
1.63157894736842	4.56677699283874	0.000395328465875291
1.62943495400788	4.56680752814817	0.000395690122281598
1.62729658792651	4.56683813160362	0.000396052749135904
1.62516382699869	4.56686880335403	0.000396416354977617
1.62303664921466	4.56689954354887	0.000396780937115336
1.62091503267974	4.56693035233813	0.000397146501805929
1.61879895561358	4.56696122987234	0.000397513050807317
1.61668839634941	4.56699217630253	0.000397880590328197
1.61458333333333	4.56702319178028	0.000398249117626151
1.61248374512354	4.56705427645770	0.000398618636645969
1.61038961038961	4.56708543048741	0.000398989155762595
1.60830090791180	4.56711665402259	0.000399360672192418
1.60621761658031	4.56714794721694	0.000399733189820480
1.60413971539457	4.56717931022472	0.000400106714729713
1.60206718346253	4.56721074320070	0.000400481248537229
1.60000000000000	4.56724224630023	0.000400856792846487
1.59793814432990	4.56727381967919	0.000401233351460935
1.59588159588160	4.56730546349399	0.000401610925950554
1.59383033419023	4.56733717790161	0.000401989522290643
1.59178433889602	4.56736896305960	0.000402369144218886
1.58974358974359	4.56740081912602	0.000402749791040487
1.58770806658131	4.56743274625952	0.000403131466461851
1.58567774936061	4.56746474461930	0.000403514176368619
1.58365261813538	4.56749681436513	0.000403897922218173
1.58163265306122	4.56752895565733	0.000404282707651329
1.57961783439490	4.56756116865680	0.000404668534092233
1.57760814249364	4.56759345352499	0.000405055407337052
1.57560355781449	4.56762581042394	0.000405443326579846
1.57360406091371	4.56765823951626	0.000405832299763807
1.57160963244613	4.56769074096514	0.000406222328234239
1.56962025316456	4.56772331493432	0.000406613415507405
1.56763590391909	4.56775596158815	0.000407005562895582
1.56565656565657	4.56778868109155	0.000407398776057966
1.56368221941992	4.56782147361004	0.000407793056267576
1.56171284634761	4.56785433930971	0.000408188409135953
1.55974842767296	4.56788727835725	0.000408584833723127
1.55778894472362	4.56792029091994	0.000408982339942738
1.55583437892095	4.56795337716565	0.000409380924644011
1.55388471177945	4.56798653726286	0.000409780593349695
1.55193992490613	4.56801977138063	0.000410181351552447
1.55000000000000	4.56805307968865	0.000410583202551624
1.54806491885144	4.56808646235719	0.000410986145302797
1.54613466334165	4.56811991955715	0.000411390187392807
1.54420921544209	4.56815345146001	0.000411795329899421
1.54228855721393	4.56818705823790	0.000412201578196797
1.54037267080745	4.56822074006353	0.000412608933323887
1.53846153846154	4.56825449711026	0.000413017400607572
1.53655514250310	4.56828832955204	0.000413426983196406
1.53465346534653	4.56832223756347	0.000413837684217476
1.53275648949320	4.56835622131976	0.000414249508920491
1.53086419753086	4.56839028099674	0.000414662458241339
1.52897657213317	4.56842441677089	0.000415076535242838
1.52709359605911	4.56845862881933	0.000415491745104092
1.52521525215252	4.56849291731978	0.000415908092974289
1.52334152334152	4.56852728245064	0.000416325579705971
1.52147239263804	4.56856172439092	0.000416744208270159
1.51960784313725	4.56859624332030	0.000417163985874765
1.51774785801714	4.56863083941908	0.000417584913308449
1.51589242053790	4.56866551286824	0.000418006995596797
1.51404151404151	4.56870026384938	0.000418430233490293
1.51219512195122	4.56873509254479	0.000418854634088310
1.51035322777101	4.56876999913740	0.000419280200215157
1.50851581508516	4.56880498381079	0.000419706934673998
1.50668286755772	4.56884004674922	0.000420134842360905
1.50485436893204	4.56887518813761	0.000420563923918485
1.50303030303030	4.56891040816157	0.000420994188415775
1.50121065375303	4.56894570700734	0.000421425634337079
1.49939540507860	4.56898108486188	0.000421858268584552
1.49758454106280	4.56901654191279	0.000422292093815604
1.49577804583836	4.56905207834838	0.000422727114767753
1.49397590361446	4.56908769435763	0.000423163334050026
1.49217809867629	4.56912339013022	0.000423600756347280
1.49038461538462	4.56915916585649	0.000424039386314831
1.48859543817527	4.56919502172751	0.000424479224393679
1.48681055155875	4.56923095793501	0.000424920277283369
1.48502994011976	4.56926697467146	0.000425362549557237
1.48325358851675	4.56930307212999	0.000425806043673294
1.48148148148148	4.56933925050446	0.000426250764152528
1.47971360381862	4.56937550998944	0.000426696713405007
1.47794994040524	4.56941185078019	0.000427143895899489
1.47619047619048	4.56944827307270	0.000427592318152552
1.47443519619501	4.56948477706369	0.000428041982492777
1.47268408551069	4.56952136295056	0.000428492893300974
1.47093712930012	4.56955803093147	0.000428945050787471
1.46919431279621	4.56959478120529	0.000429398465492978
1.46745562130178	4.56963161397164	0.000429853137571574
1.46572104018913	4.56966852943083	0.000430309071293765
1.46399055489965	4.56970552778396	0.000430766270900912
1.46226415094340	4.56974260923282	0.000431224742664932
1.46054181389870	4.56977977397998	0.000431684488704946
1.45882352941176	4.56981702222874	0.000432145513175072
1.45710928319624	4.56985435418314	0.000432607820200411
1.45539906103286	4.56989177004799	0.000433071415927962
1.45369284876905	4.56992927002884	0.000433536300320925
1.45199063231850	4.56996685433202	0.000434002481517109
1.45029239766082	4.57000452316460	0.000434469963519272
1.44859813084112	4.57004227673443	0.000434938748259238
1.44690781796966	4.57008011525011	0.000435408843768446
1.44522144522145	4.57011803892105	0.000435880249881247
1.44353899883586	4.57015604795739	0.000436352974562730
1.44186046511628	4.57019414257009	0.000436827019631867
1.44018583042973	4.57023232297086	0.000437302390949871
1.43851508120650	4.57027058937222	0.000437779092311648
1.43684820393975	4.57030894198746	0.000438257127483512
1.43518518518519	4.57034738103068	0.000438736502227617
1.43352601156069	4.57038590671677	0.000439217222268739
1.43187066974596	4.57042451926142	0.000439699287234405
1.43021914648212	4.57046321888113	0.000440182708847938
1.42857142857143	4.57050200579319	0.000440667484660054
1.42692750287687	4.57054088021572	0.000441153620272981
1.42528735632184	4.57057984236765	0.000441641125273930
1.42365097588978	4.57061889246872	0.000442129999150849
1.42201834862385	4.57065803073949	0.000442620249407794
1.42038946162658	4.57069725740137	0.000443111877489599
1.41876430205950	4.57073657267657	0.000443604892830599
1.41714285714286	4.57077597678815	0.000444099294810520
1.41552511415525	4.57081546996000	0.000444595092787490
1.41391106043330	4.57085505241685	0.000445092288082892
1.41230068337130	4.57089472438429	0.000445590885985595
1.41069397042093	4.57093448608873	0.000446090891747626
1.40909090909091	4.57097433775745	0.000446592310584207
1.40749148694665	4.57101427961859	0.000447095147673802
1.40589569160998	4.57105431190113	0.000447599408158154
1.40430351075878	4.57109443483494	0.000448105093178179
1.40271493212670	4.57113464865074	0.000448612211775426
1.40112994350282	4.57117495358012	0.000449120767004160
1.39954853273138	4.57121534985555	0.000449630761891072
1.39797068771139	4.57125583771038	0.000450142205354664
1.39639639639640	4.57129641737885	0.000450655100346459
1.39482564679415	4.57133708909606	0.000451169451759180
1.39325842696629	4.57137785309805	0.000451685266415574
1.39169472502806	4.57141870962170	0.000452202545200747
1.39013452914798	4.57145965890484	0.000452721294867160
1.38857782754759	4.57150070118616	0.000453241524081696
1.38702460850112	4.57154183670528	0.000453763233627632
1.38547486033520	4.57158306570274	0.000454286428180397
1.38392857142857	4.57162438841998	0.000454811116285089
1.38238573021182	4.57166580509937	0.000455337300580999
1.38084632516704	4.57170731598419	0.000455864987577189
1.37931034482759	4.57174892131867	0.000456394181791739
1.37777777777778	4.57179062134795	0.000456924889650733
1.37624861265261	4.57183241631813	0.000457457113652337
1.37472283813747	4.57187430647624	0.000457990860146652
1.37320044296788	4.57191629207026	0.000458526137376117
1.37168141592920	4.57195837334910	0.000459062947725178
1.37016574585635	4.57200055056266	0.000459601295484312
1.36865342163355	4.57204282396177	0.000460141188768995
1.36714443219405	4.57208519379824	0.000460682631785237
1.36563876651982	4.57212766032484	0.000461225630629395
1.36413641364136	4.57217022379532	0.000461770189430048
1.36263736263736	4.57221288446439	0.000462316314201705
1.36114160263447	4.57225564258777	0.000462864008995762
1.35964912280702	4.57229849842215	0.000463413283578337
1.35815991237678	4.57234145222520	0.000463964138081600
1.35667396061269	4.57238450425560	0.000464516582181217
1.35519125683060	4.57242765477302	0.000465070619761337
1.35371179039301	4.57247090403815	0.000465626256578779
1.35223555070883	4.57251425231268	0.000466183498346497
1.35076252723312	4.57255769985932	0.000466742350733646
1.34929270946681	4.57260124694178	0.000467302819365646
1.34782608695652	4.57264489382481	0.000467864909824253
1.34636264929425	4.57268864077419	0.000468428629543702
1.34490238611714	4.57273248805673	0.000468993982117968
1.34344528710726	4.57277643594027	0.000469560972998217
1.34199134199134	4.57282048469371	0.000470129609481447
1.34054054054054	4.57286463458698	0.000470699896925258
1.33909287257019	4.57290888589108	0.000471271842528642
1.33764832793959	4.57295323887805	0.000471845449673555
1.33620689655172	4.57299769382100	0.000472420725468138
1.33476856835307	4.57304225099412	0.000472997676968339
1.33333333333333	4.57308691067265	0.000473576307427046
1.33190118152524	4.57313167313293	0.000474156625682977
1.33047210300429	4.57317653865238	0.000474738636771939
1.32904608788853	4.57322150750948	0.000475322345687024
1.32762312633833	4.57326657998385	0.000475907761111256
1.32620320855615	4.57331175635618	0.000476494887938747
1.32478632478633	4.57335703690826	0.000477083731021139
1.32337246531483	4.57340242192300	0.000477674297027064
1.32196162046908	4.57344791168443	0.000478266594430722
1.32055378061768	4.57349350647768	0.000478860626081345
1.31914893617021	4.57353920658903	0.000479456400352656
1.31774707757705	4.57358501230588	0.000480053923707727
1.31634819532909	4.57363092391675	0.000480653200710586
1.31495227995758	4.57367694171133	0.000481254241420042
1.31355932203390	4.57372306598043	0.000481857048452459
1.31216931216931	4.57376929701603	0.000482461628073605
1.31078224101480	4.57381563511128	0.000483067990175656
1.30939809926082	4.57386208056045	0.000483676137236313
1.30801687763713	4.57390863365903	0.000484286079037096
1.30663856691254	4.57395529470365	0.000484897821627090
1.30526315789474	4.57400206399213	0.000485511369175533
1.30389064143007	4.57404894182349	0.000486126731291692
1.30252100840336	4.57409592849792	0.000486743913866551
1.30115424973767	4.57414302431682	0.000487362922740896
1.29979035639413	4.57419022958279	0.000487983765525516
1.29842931937173	4.57423754459965	0.000488606446136364
1.29707112970711	4.57428496967243	0.000489230975710609
1.29571577847440	4.57433250510736	0.000489857359868360
1.29436325678497	4.57438015121194	0.000490485602369210
1.29301355578728	4.57442790829486	0.000491115712357917
1.29166666666667	4.57447577666607	0.000491747698911165
1.29032258064516	4.57452375663678	0.000492381563822281
1.28898128898129	4.57457184851942	0.000493017319663008
1.28764278296989	4.57462005262770	0.000493654969922751
1.28630705394191	4.57466836927658	0.000494294521644876
1.28497409326425	4.57471679878230	0.000494935983609013
1.28364389233954	4.57476534146238	0.000495579362735112
1.28231644260600	4.57481399763561	0.000496224664095198
1.28099173553719	4.57486276762208	0.000496871896287753
1.27966976264190	4.57491165174315	0.000497521067844106
1.27835051546392	4.57496065032153	0.000498172185445657
1.27703398558187	4.57500976368119	0.000498825253935657
1.27572016460905	4.57505899214744	0.000499480283443821
1.27440904419322	4.57510833604690	0.000500137278696201
1.27310061601643	4.57515779570753	0.000500796251465068
1.27179487179487	4.57520737145861	0.000501457204581534
1.27049180327869	4.57525706363078	0.000502120147913822
1.26919140225179	4.57530687255600	0.000502785087721518
1.26789366053170	4.57535679856761	0.000503452033735790
1.26659856996936	4.57540684200029	0.000504120990326927
1.26530612244898	4.57545700319010	0.000504791968856039
1.26401630988787	4.57550728247449	0.000505464973571131
1.26272912423625	4.57555768019225	0.000506140013937738
1.26144455747711	4.57560819668359	0.000506817097594050
1.26016260162602	4.57565883229011	0.000507496232112875
1.25888324873096	4.57570958735481	0.000508177425001769
1.25760649087221	4.57576046222209	0.000508860683703174
1.25633232016211	4.57581145723780	0.000509546019080698
1.25506072874494	4.57586257274916	0.000510233434951399
1.25379170879676	4.57591380910486	0.000510922942039929
1.25252525252525	4.57596516665503	0.000511614545779477
1.25126135216953	4.57601664575122	0.000512308258482916
1.25000000000000	4.57606824674644	0.000513004083713967
1.24874118831823	4.57611996999518	0.000513702031906913
1.24748490945674	4.57617181585338	0.000514402111686587
1.24623115577889	4.57622378467844	0.000515104329880274
1.24497991967871	4.57627587682928	0.000515808694973452
1.24373119358074	4.57632809266629	0.000516515217098176
1.24248496993988	4.57638043255134	0.000517223901152625
1.24124124124124	4.57643289684782	0.000517934758840523
1.24000000000000	4.57648548592065	0.000518647796636735
1.23876123876124	4.57653820013625	0.000519363022663297
1.23752495009980	4.57659103986256	0.000520080448385556
1.23629112662014	4.57664400546908	0.000520800078356262
1.23505976095618	4.57669709732684	0.000521521925590380
1.23383084577114	4.57675031580842	0.000522245992798651
1.23260437375746	4.57680366128796	0.000522972294536847
1.23138033763654	4.57685713414117	0.000523700836771690
1.23015873015873	4.57691073474534	0.000524431628795284
1.22893954410307	4.57696446347935	0.000525164678127939
1.22772277227723	4.57701832072364	0.000525899997285652
1.22650840751731	4.57707230686028	0.000526637590252738
1.22529644268775	4.57712642227295	0.000527377469382554
1.22408687068115	4.57718066734692	0.000528119641884322
1.22287968441815	4.57723504246912	0.000528864118255839
1.22167487684729	4.57728954802808	0.000529610907228861
1.22047244094488	4.57734418441399	0.000530360017455787
1.21927236971485	4.57739895201870	0.000531111457509841
1.21807465618861	4.57745385123568	0.000531865237555187
1.21687929342493	4.57750888246012	0.000532621367667695
1.21568627450980	4.57756404608885	0.000533379856169941
1.21449559255632	4.57761934252040	0.000534140711306058
1.21330724070450	4.57767477215498	0.000534903944562825
1.21212121212121	4.57773033539452	0.000535669564013839
1.21093750000000	4.57778603264265	0.000536437580966230
1.20975609756098	4.57784186430473	0.000537208001670498
1.20857699805068	4.57789783078784	0.000537980838912969
1.20740019474197	4.57795393250079	0.000538756102077050
1.20622568093385	4.57801016985417	0.000539533798813384
1.20505344995141	4.57806654326030	0.000540313941627208
1.20388349514563	4.57812305313327	0.000541096536352813
1.20271580989331	4.57817969988895	0.000541881596952876
1.20155038759690	4.57823648394500	0.000542669132365730
1.20038722168441	4.57829340572086	0.000543459149809866
1.19922630560928	4.57835046563779	0.000544251662955673
1.19806763285024	4.57840766411884	0.000545046680471239
1.19691119691120	4.57846500158892	0.000545844212566923
1.19575699132112	4.57852247847473	0.000546644267734110
1.19460500963391	4.57858009520484	0.000547446859246940
1.19345524542830	4.57863785220967	0.000548251995406692
1.19230769230769	4.57869574992150	0.000549059686048286
1.19116234390010	4.57875378877447	0.000549869944143849
1.19001919385797	4.57881196920461	0.000550682777714770
1.18887823585810	4.57887029164985	0.000551498197920104
1.18773946360153	4.57892875655001	0.000552316215816771
1.18660287081340	4.57898736434684	0.000553136840754076
1.18546845124283	4.57904611548398	0.000553960085195859
1.18433619866285	4.57910501040703	0.000554785959894049
1.18320610687023	4.57916404956353	0.000555614473900846
1.18207816968541	4.57922323340296	0.000556445637773230
1.18095238095238	4.57928256237678	0.000557279465155051
1.17982873453853	4.57934203693842	0.000558115966387845
1.17870722433460	4.57940165754329	0.000558955150123970
1.17758784425451	4.57946142464880	0.000559797028098640
1.17647058823529	4.57952133871436	0.000560641613522066
1.17535545023697	4.57958140020141	0.000561488916322285
1.17424242424242	4.57964160957341	0.000562338947907635
1.17313150425733	4.57970196729587	0.000563191718000983
1.17202268431002	4.57976247383633	0.000564047240950560
1.17091595845137	4.57982312966440	0.000564905526260791
1.16981132075472	4.57988393525179	0.000565766584907927
1.16870876531574	4.57994489107225	0.000566630430895833
1.16760828625235	4.58000599760166	0.000567497073406933
1.16650987770461	4.58006725531799	0.000568366524651827
1.16541353383459	4.58012866470132	0.000569238798285352
1.16431924882629	4.58019022623390	0.000570113903163302
1.16322701688555	4.58025194040008	0.000570991852711660
1.16213683223992	4.58031380768637	0.000571872658678535
1.16104868913858	4.58037582858147	0.000572756334247863
1.15996258185220	4.58043800357624	0.000573642890931094
1.15887850467290	4.58050033316372	0.000574532338579483
1.15779645191410	4.58056281783917	0.000575424691570453
1.15671641791045	4.58062545810005	0.000576319962607469
1.15563839701771	4.58068825444606	0.000577218162732332
1.15456238361266	4.58075120737912	0.000578119304410138
1.15348837209302	4.58081431740342	0.000579023401517603
1.15241635687732	4.58087758502539	0.000579930464736815
1.15134633240483	4.58094101075376	0.000580840507696059
1.15027829313544	4.58100459509953	0.000581753543892694
1.14921223354958	4.58106833857601	0.000582669583644836
1.14814814814815	4.58113224169882	0.000583588641725327
1.14708603145236	4.58119630498590	0.000584510731247960
1.14602587800370	4.58126052895755	0.000585435863679835
1.14496768236380	4.58132491413639	0.000586364053397868
1.14391143911439	4.58138946104744	0.000587295313128174
1.14285714285714	4.58145417021809	0.000588229655468341
1.14180478821363	4.58151904217809	0.000589167092887791
1.14075436982521	4.58158407745964	0.000590107640738365
1.13970588235294	4.58164927659734	0.000591051311219823
1.13865932047750	4.58171464012821	0.000591998119405465
1.13761467889908	4.58178016859174	0.000592948077226856
1.13657195233731	4.58184586252987	0.000593901197984739
1.13553113553114	4.58191172248702	0.000594857496337393
1.13449222323879	4.58197774901007	0.000595816985307616
1.13345521023766	4.58204394264844	0.000596779680759990
1.13242009132420	4.58211030395405	0.000597745592461939
1.13138686131387	4.58217683348135	0.000598714738966983
1.13035551504102	4.58224353178732	0.000599687131251207
1.12932604735883	4.58231039943154	0.000600662786081777
1.12829845313922	4.58237743697612	0.000601641714159173
1.12727272727273	4.58244464498578	0.000602623933430383
1.12624886466848	4.58251202402785	0.000603609455786153
1.12522686025408	4.58257957467226	0.000604598298861852
1.12420670897552	4.58264729749159	0.000605590472790067
1.12318840579710	4.58271519306105	0.000606585994903458
1.12217194570136	4.58278326195852	0.000607584879442291
1.12115732368897	4.58285150476458	0.000608587141957174
1.12014453477868	4.58291992206247	0.000609592796383461
1.11913357400722	4.58298851443816	0.000610601856508326
1.11812443642922	4.58305728248034	0.000611614340327781
1.11711711711712	4.58312622678044	0.000612630261312334
1.11611161116112	4.58319534793265	0.000613649634233052
1.11510791366906	4.58326464653393	0.000614672476594953
1.11410601976640	4.58333412318402	0.000615698801400615
1.11310592459605	4.58340377848549	0.000616728624387510
1.11210762331839	4.58347361304370	0.000617761962566654
1.11111111111111	4.58354362746686	0.000618798829905073
1.11011638316920	4.58361382236605	0.000619839244514964
1.10912343470483	4.58368419835519	0.000620883220035004
1.10813226094727	4.58375475605110	0.000621930772807483
1.10714285714286	4.58382549607352	0.000622981920429026
1.10615521855486	4.58389641904509	0.000624036677469213
1.10516934046346	4.58396752559140	0.000625095059757801
1.10418521816563	4.58403881634097	0.000626157084373196
1.10320284697509	4.58411029192534	0.000627222768214876
1.10222222222222	4.58418195297899	0.000628292128003928
1.10124333925400	4.58425380013943	0.000629365178872345
1.10026619343390	4.58432583404721	0.000630441938602086
1.09929078014184	4.58439805534589	0.000631522423382288
1.09831709477414	4.58447046468212	0.000632606650629867
1.09734513274336	4.58454306270561	0.000633694637576442
1.09637488947834	4.58461585006917	0.000634786399869718
1.09540636042403	4.58468882742873	0.000635881955776410
1.09443954104148	4.58476199544335	0.000636981323369998
1.09347442680776	4.58483535477525	0.000638084519139372
1.09251101321586	4.58490890608981	0.000639191560780534
1.09154929577465	4.58498265005561	0.000640302464410895
1.09058927000880	4.58505658734443	0.000641417250120780
1.08963093145870	4.58513071863128	0.000642535933644062
1.08867427568042	4.58520504459442	0.000643658534674282
1.08771929824561	4.58527956591537	0.000644785069941705
1.08676599474145	4.58535428327895	0.000645915558738332
1.08581436077058	4.58542919737327	0.000647050017403790
1.08486439195101	4.58550430888977	0.000648188466201317
1.08391608391608	4.58557961852325	0.000649330923810895
1.08296943231441	4.58565512697185	0.000650477405976538
1.08202443280977	4.58573083493711	0.000651627935072154
1.08108108108108	4.58580674312398	0.000652782526435907
1.08013937282230	4.58588285224083	0.000653941200654896
1.07919930374238	4.58595916299948	0.000655103976738708
1.07826086956522	4.58603567611521	0.000656270873485527
1.07732406602954	4.58611239230681	0.000657441909482835
1.07638888888889	4.58618931229655	0.000658617105805204
1.07545533391154	4.58626643681025	0.000659796480606351
1.07452339688042	4.58634376657729	0.000660980054518866
1.07359307359307	4.58642130233062	0.000662167845265562
1.07266435986159	4.58649904480677	0.000663359874378853
1.07173725151253	4.58657699474590	0.000664556161819338
1.07081174438687	4.58665515289181	0.000665756725988607
1.06988783433995	4.58673351999197	0.000666961589068752
1.06896551724138	4.58681209679753	0.000668170769011375
1.06804478897502	4.58689088406334	0.000669384288862509
1.06712564543890	4.58696988254798	0.000670602167444068
1.06620808254514	4.58704909301380	0.000671824426000965
1.06529209621993	4.58712851622692	0.000673051084218930
1.06437768240343	4.58720815295724	0.000674282165506237
1.06346483704974	4.58728800397850	0.000675517689069511
1.06255355612682	4.58736807006830	0.000676757675200293
1.06164383561644	4.58744835200807	0.000678002146573818
1.06073567151411	4.58752885058319	0.000679251125610594
1.05982905982906	4.58760956658290	0.000680504630561719
1.05892399658412	4.58769050080042	0.000681762685968008
1.05802047781570	4.58777165403294	0.000683025313498130
1.05711849957374	4.58785302708160	0.000684292534569468
1.05621805792164	4.58793462075162	0.000685564370349001
1.05531914893617	4.58801643585220	0.000686840843047331
1.05442176870748	4.58809847319665	0.000688121977198274
1.05352591333900	4.58818073360234	0.000689407793194092
1.05263157894737	4.58826321789080	0.000690698315038010
1.05173876166243	4.58834592688766	0.000691993563891498
1.05084745762712	4.58842886142274	0.000693293563223688
1.04995766299746	4.58851202233005	0.000694598337509558
1.04906937394247	4.58859541044784	0.000695907908390004
1.04818258664413	4.58867902661859	0.000697222299792394
1.04729729729730	4.58876287168905	0.000698541535364542
1.04641350210970	4.58884694651030	0.000699865637206625
1.04553119730186	4.58893125193772	0.000701194630950874
1.04465037910699	4.58901578883107	0.000702528540669471
1.04377104377104	4.58910055805448	0.000703867388887593
1.04289318755257	4.58918556047649	0.000705211200374829
1.04201680672269	4.58927079697010	0.000706560000865124
1.04114189756507	4.58935626841277	0.000707913813281902
1.04026845637584	4.58944197568645	0.000709272662772115
1.03939647946354	4.58952791967762	0.000710636574183625
1.03852596314908	4.58961410127731	0.000712005572066289
1.03765690376569	4.58970052138116	0.000713379681918095
1.03678929765886	4.58978718088938	0.000714758930174260
1.03592314118630	4.58987408070686	0.000716143340475674
1.03505843071786	4.58996122174315	0.000717532938645353
1.03419516263553	4.59004860491250	0.000718927752665565
1.03333333333333	4.59013623113389	0.000720327806489885
1.03247293921732	4.59022410133108	0.000721733126233485
1.03161397670549	4.59031221643261	0.000723143738922091
1.03075644222776	4.59040057737184	0.000724559670029549
1.02990033222591	4.59048918508701	0.000725980947161295
1.02904564315353	4.59057804052122	0.000727407597589548
1.02819237147595	4.59066714462251	0.000728839647035929
1.02734051367026	4.59075649834386	0.000730277122117159
1.02649006622517	4.59084610264325	0.000731720052761973
1.02564102564103	4.59093595848365	0.000733168463696456
1.02479338842975	4.59102606683310	0.000734622384165519
1.02394715111478	4.59111642866473	0.000736081840646472
1.02310231023102	4.59120704495675	0.000737546862895488
1.02225886232481	4.59129791669254	0.000739017477903811
1.02141680395387	4.59138904486068	0.000740493714720829
1.02057613168724	4.59148043045494	0.000741975602037400
1.01973684210526	4.59157207447435	0.000743463166992580
1.01889893179951	4.59166397792321	0.000744956441148274
1.01806239737274	4.59175614181118	0.000746455452113730
1.01722723543888	4.59184856715323	0.000747960228332752
1.01639344262295	4.59194125496976	0.000749470800258248
1.01556101556102	4.59203420628655	0.000750987197964390
1.01472995090016	4.59212742213490	0.000752509451148097
1.01390024529845	4.59222090355155	0.000754037589130527
1.01307189542484	4.59231465157881	0.000755571643209596
1.01224489795918	4.59240866726456	0.000757111643118244
1.01141924959217	4.59250295166229	0.000758657620550106
1.01059494702526	4.59259750583111	0.000760209605632165
1.00977198697068	4.59269233083584	0.000761767629270171
1.00895036615134	4.59278742774702	0.000763331721974723
1.00813008130081	4.59288279764094	0.000764901917346388
1.00731112916328	4.59297844159969	0.000766478246247603
1.00649350649351	4.59307436071122	0.000768060740297386
1.00567721005677	4.59317055606932	0.000769649430707056
1.00486223662885	4.59326702877372	0.000771244351736763
1.00404858299595	4.59336377993011	0.000772845534915245
1.00323624595469	4.59346081065016	0.000774453012505944
1.00242522231205	4.59355812205159	0.000776066818641282
1.00161550888530	4.59365571525819	0.000777686985874341
1.00080710250202	4.59375359139988	0.000779313548611647
1	4.59385175161273	0.000780946538541892
0.999194198227236	4.59395019703901	0.000782585991471148
0.998389694041868	4.59404892882726	0.000784231940481783
0.997586484312148	4.59414794813227	0.000785884419348637
0.996784565916399	4.59424725611520	0.000787543463656774
0.995983935742972	4.59434685394354	0.000789209108528774
0.995184590690209	4.59444674279124	0.000790881388626657
0.994386527666400	4.59454692383868	0.000792560338153831
0.993589743589744	4.59464739827277	0.000794245994211852
0.992794235388311	4.59474816728694	0.000795938391187301
0.992000000000000	4.59484923208125	0.000797637565231614
0.991207034372502	4.59495059386238	0.000799343554239343
0.990415335463259	4.59505225384369	0.000801056393391420
0.989624900239425	4.59515421324529	0.000802776119606531
0.988835725677831	4.59525647329407	0.000804502770415455
0.988047808764940	4.59535903522373	0.000806236380646414
0.987261146496815	4.59546190027486	0.000807976991245056
0.986475735879077	4.59556506969495	0.000809724638236544
0.985691573926868	4.59566854473849	0.000811479358247798
0.984908657664813	4.59577232666697	0.000813241192866438
0.984126984126984	4.59587641674894	0.000815010177686005
0.983346550356860	4.59598081626008	0.000816786353241558
0.982567353407290	4.59608552648324	0.000818569757357473
0.981789390340459	4.59619054870847	0.000820360430586801
0.981012658227848	4.59629588423310	0.000822158410776600
0.980237154150198	4.59640153436178	0.000823963740639521
0.979462875197472	4.59650750040651	0.000825776458016947
0.978689818468824	4.59661378368674	0.000827596603441162
0.977917981072555	4.59672038552937	0.000829424217960656
0.977147360126083	4.59682730726884	0.000831259344199269
0.976377952755905	4.59693455024718	0.000833102019938415
0.975609756097561	4.59704211581402	0.000834952290931862
0.974842767295598	4.59715000532671	0.000836810194893030
0.974076983503535	4.59725822015034	0.000838675777465629
0.973312401883830	4.59736676165777	0.000840549079451884
0.972549019607843	4.59747563122975	0.000842430144242549
0.971786833855799	4.59758483025491	0.000844319013576429
0.971025841816758	4.59769436012987	0.000846215731753254
0.970266040688576	4.59780422225926	0.000848120343506611
0.969507427677873	4.59791441805578	0.000850032890860334
0.968750000000000	4.59802494894030	0.000851953418367489
0.967993754879001	4.59813581634185	0.000853881972037735
0.967238689547582	4.59824702169774	0.000855818596203237
0.966484801247077	4.59835856645359	0.000857763335604285
0.965732087227414	4.59847045206339	0.000859716235380487
0.964980544747082	4.59858267998958	0.000861677343123506
0.964230171073095	4.59869525170309	0.000863646702674401
0.963480963480964	4.59880816868339	0.000865624363396442
0.962732919254658	4.59892143241861	0.000867610368846952
0.961986035686579	4.59903504440552	0.000869604769095467
0.961240310077519	4.59914900614968	0.000871607611473625
0.960495739736638	4.59926331916542	0.000873618941618526
0.959752321981424	4.59937798497598	0.000875638809573622
0.959010054137664	4.59949300511352	0.000877667263661515
0.958268933539413	4.59960838111922	0.000879704352518277
0.957528957528958	4.59972411454330	0.000881750126092383
0.956790123456790	4.59984020694516	0.000883804632609848
0.956052428681573	4.59995665989338	0.000885867923602412
0.955315870570108	4.60007347496581	0.000887940048862877
0.954580446497306	4.60019065374967	0.000890021058456186
0.953846153846154	4.60030819784157	0.000892111004702481
0.953112990007686	4.60042610884759	0.000894209939165881
0.952380952380952	4.60054438838338	0.000896317911667216
0.951650038372986	4.60066303807420	0.000898434976230908
0.950920245398773	4.60078205955503	0.000900561185112822
0.950191570881226	4.60090145447057	0.000902696590783570
0.949464012251149	4.60102122447540	0.000904841247883833
0.948737566947207	4.60114137123399	0.000906995209276250
0.948012232415902	4.60126189642079	0.000909158528991759
0.947288006111535	4.60138280172034	0.000911331262210261
0.946564885496183	4.60150408882728	0.000913513463296814
0.945842868039664	4.60162575944650	0.000915705187745572
0.945121951219512	4.60174781529314	0.000917906492160624
0.944402132520944	4.60187025809275	0.000920117431341032
0.943683409436834	4.60199308958128	0.000922338063111487
0.942965779467681	4.60211631150523	0.000924568444437520
0.942249240121581	4.60223992562171	0.000926808632388141
0.941533788914199	4.60236393369849	0.000929058685084590
0.940819423368741	4.60248833751413	0.000931318660727860
0.940106141015921	4.60261313885803	0.000933588618542935
0.939393939393939	4.60273833953050	0.000935868616862037
0.938682816048448	4.60286394134289	0.000938158715969382
0.937972768532526	4.60298994611765	0.000940458976182241
0.937263794406652	4.60311635568837	0.000942769457844057
0.936555891238671	4.60324317189996	0.000945090222257403
0.935849056603774	4.60337039660865	0.000947421330728181
0.935143288084465	4.60349803168213	0.000949762844558927
0.934438583270535	4.60362607899962	0.000952114826907864
0.933734939759036	4.60375454045194	0.000954477340898160
0.933032355154251	4.60388341794163	0.000956850449611431
0.932330827067669	4.60401271338304	0.000959234216081303
0.931630353117956	4.60414242870239	0.000961628706057900
0.930930930930931	4.60427256583791	0.000964033984281705
0.930232558139535	4.60440312673987	0.000966450115407874
0.929535232383808	4.60453411337074	0.000968877164916787
0.928838951310862	4.60466552770525	0.000971315200925258
0.928143712574850	4.60479737173048	0.000973764288673367
0.927449513836948	4.60492964744596	0.000976224496011880
0.926756352765321	4.60506235686381	0.000978695890639361
0.926064227035101	4.60519550200876	0.000981178541001595
0.925373134328358	4.60532908491833	0.000983672517177322
0.924683072334079	4.60546310764287	0.000986177887247144
0.923994038748137	4.60559757224569	0.000988694721802579
0.923306031273269	4.60573248080315	0.000991223091218062
0.922619047619048	4.60586783540480	0.000993763067433052
0.921933085501859	4.60600363815341	0.000996314722140893
0.921248142644874	4.60613989116516	0.000998878125894410
0.920564216778025	4.60627659656967	0.00100145335254664
0.919881305637982	4.60641375651017	0.00100404047654620
0.919199406968125	4.60655137314358	0.00100663957115629
0.918518518518518	4.60668944864059	0.00100925070934124
0.917838638045892	4.60682798518585	0.00101187396815046
0.917159763313610	4.60696698497799	0.00101450942340387
0.916481892091648	4.60710645022979	0.00101715715057185
0.915805022156573	4.60724638316828	0.00101981722651257
0.915129151291513	4.60738678603485	0.00102248972944476
0.914454277286136	4.60752766108538	0.00102517473718787
0.913780397936625	4.60766901059033	0.00102787232802191
0.913107511045655	4.60781083683488	0.00103058258239557
0.912435614422369	4.60795314211904	0.00103330557944989
0.911764705882353	4.60809592875778	0.00103604140131205
0.911094783247612	4.60823919908115	0.00103879012706105
0.910425844346549	4.60838295543437	0.00104155184128541
0.909757887013940	4.60852720017801	0.00104432662464494
0.909090909090909	4.60867193568808	0.00104711456069818
0.908424908424908	4.60881716435615	0.00104991573500775
0.907759882869692	4.60896288858951	0.00105273023004094
0.907095830285296	4.60910911081126	0.00105555813277325
0.906432748538012	4.60925583346047	0.00105839952874332
0.905770635500365	4.60940305899231	0.00106125450540881
0.905109489051095	4.60955078987816	0.00106412314877110
0.904449307075128	4.60969902860576	0.00106700554754576
0.903790087463557	4.60984777767933	0.00106990179145452
0.903131828113620	4.60999703961976	0.00107281196954438
0.902474526928675	4.61014681696465	0.00107573617183654
0.901818181818182	4.61029711226857	0.00107867449012496
0.901162790697675	4.61044792810309	0.00108162701629813
0.900508351488744	4.61059926705698	0.00108459384150696
0.899854862119013	4.61075113173637	0.00108757506106271
0.899202320522118	4.61090352476483	0.00109057076785263
0.898550724637681	4.61105644878359	0.00109358105804585
0.897900072411296	4.61120990645164	0.00109660602536636
0.897250361794501	4.61136390044588	0.00109964576838322
0.896601590744758	4.61151843346131	0.00110270038318181
0.895953757225434	4.61167350821114	0.00110576996820445
0.895306859205776	4.61182912742695	0.00110885462180171
0.894660894660895	4.61198529385890	0.00111195444541540
0.894015861571738	4.61214201027579	0.00111506953794641
0.893371757925072	4.61229927946532	0.00111820000133652
0.892728581713463	4.61245710423417	0.00112134593813604
0.892086330935252	4.61261548740821	0.00112450745148126
0.891445003594536	4.61277443183264	0.00112768464585972
0.890804597701150	4.61293394037219	0.00113087762472068
0.890165111270639	4.61309401591124	0.00113408649595749
0.889526542324247	4.61325466135400	0.00113731136402075
0.888888888888889	4.61341587962473	0.00114055233773936
0.888252148997135	4.61357767366784	0.00114380952636101
0.887616320687187	4.61374004644812	0.00114708303798229
0.886981402002861	4.61390300095088	0.00115037298341005
0.886347390993567	4.61406654018215	0.00115367947379767
0.885714285714286	4.61423066716885	0.00115700262215959
0.885082084225553	4.61439538495898	0.00116034254179770
0.884450784593438	4.61456069662178	0.00116369934551776
0.883820384889522	4.61472660524796	0.00116707314942539
0.883190883190883	4.61489311394984	0.00117046407058543
0.882562277580071	4.61506022586156	0.00117387222472130
0.881934566145092	4.61522794413929	0.00117729773074398
0.881307746979389	4.61539627196137	0.00118074070767965
0.880681818181818	4.61556521252857	0.00118420127615065
0.880056777856636	4.61573476906425	0.00118767955758663
0.879432624113475	4.61590494481457	0.00119117567419488
0.878809355067328	4.61607574304866	0.00119468974818737
0.878186968838527	4.61624716705890	0.00119822190695117
0.877565463552725	4.61641922016104	0.00120177227334591
0.876944837340877	4.61659190569445	0.00120534097533096
0.876325088339223	4.61676522702235	0.00120892814072841
0.875706214689266	4.61693918753199	0.00121253389867067
0.875088214537756	4.61711379063485	0.00121615837883118
0.874471086036671	4.61728903976692	0.00121980171285284
0.873854827343199	4.61746493838885	0.00122346403284672
0.873239436619718	4.61764148998622	0.00122714547281226
0.872624912033779	4.61781869806975	0.00123084616714530
0.872011251758087	4.61799656617552	0.00123456625205006
0.871398453970485	4.61817509786519	0.00123830586477364
0.870786516853933	4.61835429672626	0.00124206514356893
0.870175438596491	4.61853416637229	0.00124584422908353
0.869565217391304	4.61871471044314	0.00124964326003711
0.868955851436580	4.61889593260519	0.00125346238173139
0.868347338935574	4.61907783655162	0.00125730173462492
0.867739678096571	4.61926042600261	0.00126116146565202
0.867132867132867	4.61944370470562	0.00126504172037789
0.866526904262753	4.61962767643564	0.00126894264579573
0.865921787709497	4.61981234499543	0.00127286439097896
0.865317515701326	4.61999771421576	0.00127680710563396
0.864714086471409	4.62018378795570	0.00128077094214638
0.864111498257840	4.62037057010288	0.00128475605274977
0.863509749303621	4.62055806457373	0.00128876259157043
0.862908837856646	4.62074627531376	0.00129279071457272
0.862308762169680	4.62093520629783	0.00129684057882000
0.861709520500347	4.62112486153044	0.00130091234311412
0.861111111111111	4.62131524504596	0.00130500616658075
0.860513532269257	4.62150636090897	0.00130912221270834
0.859916782246879	4.62169821321449	0.00131326064181307
0.859320859320859	4.62189080608829	0.00131742162049980
0.858725761772853	4.62208414368719	0.00132160531414277
0.858131487889273	4.62227823019933	0.00132581189022625
0.857538035961272	4.62247306984447	0.00133004151761486
0.856945404284727	4.62266866687429	0.00133429436783406
0.856353591160221	4.62286502557272	0.00133857061300787
0.855762594893030	4.62306215025619	0.00134287042648093
0.855172413793103	4.62326004527398	0.00134719398408745
0.854583046175052	4.62345871500852	0.00135154146342369
0.853994490358127	4.62365816387573	0.00135591304247858
0.853406744666208	4.62385839632529	0.00136030890286062
0.852819807427785	4.62405941684100	0.00136472922710447
0.852233676975945	4.62426122994112	0.00136917419797495
0.851648351648352	4.62446384017865	0.00137364400231012
0.851063829787234	4.62466725214171	0.00137813882705520
0.850480109739369	4.62487147045386	0.00138265886179665
0.849897189856066	4.62507649977446	0.00138720429804473
0.849315068493151	4.62528234479900	0.00139177532789118
0.848733744010952	4.62548901025943	0.00139637214714493
0.848153214774282	4.62569650092457	0.00140099495206575
0.847573479152426	4.62590482160042	0.00140564394121637
0.846994535519126	4.62611397713056	0.00141031931538794
0.846416382252560	4.62632397239647	0.00141502127627085
0.845839017735334	4.62653481231794	0.00141975002953014
0.845262440354465	4.62674650185347	0.00142450578096047
0.844686648501362	4.62695904600056	0.00142928873893082
0.844111640571818	4.62717244979621	0.00143409911368315
0.843537414965986	4.62738671831721	0.00143893711849582
0.842963970088375	4.62760185668058	0.00144380296713173
0.842391304347826	4.62781787004400	0.00144869687685469
0.841819416157502	4.62803476360614	0.00145361906649603
0.841248303934871	4.62825254260712	0.00145856975638605
0.840677966101695	4.62847121232892	0.00146354917010666
0.840108401084011	4.62869077809578	0.00146855753378821
0.839539607312119	4.62891124527464	0.00147359507421397
0.838971583220568	4.62913261927555	0.00147866202176787
0.838404327248141	4.62935490555213	0.00148375860733485
0.837837837837838	4.62957810960198	0.00148888506701888
0.837272113436867	4.62980223696714	0.00149404163725104
0.836707152496626	4.63002729323456	0.00149922855651398
0.836142953472690	4.63025328403650	0.00150444606702984
0.835579514824798	4.63048021505104	0.00150969441288226
0.835016835016835	4.63070809200254	0.00151497384052106
0.834454912516824	4.63093692066208	0.00152028459808701
0.833893745796906	4.63116670684798	0.00152562693824264
0.833333333333333	4.63139745642626	0.00153100111456119
0.832773673606447	4.63162917531112	0.00153640738377074
0.832214765100671	4.63186186946547	0.00154184600449392
0.831656606304494	4.63209554490138	0.00154731723945700
0.831099195710456	4.63233020768066	0.00155282135307518
0.830542531815137	4.63256586391531	0.00155835861250721
0.829986613119143	4.63280251976805	0.00156392928755078
0.829431438127090	4.63304018145290	0.00156953365110460
0.828877005347594	4.63327885523564	0.00157517197961934
0.828323313293253	4.63351854743440	0.00158084454960442
0.827770360480641	4.63375926442020	0.00158655164428539
0.827218145430287	4.63400101261749	0.00159229354784512
0.826666666666667	4.63424379850471	0.00159807054590086
0.826115922718188	4.63448762861488	0.00160388293040021
0.825565912117177	4.63473250953617	0.00160973099337432
0.825016633399867	4.63497844791245	0.00161561503181986
0.824468085106383	4.63522545044392	0.00162153534480513
0.823920265780731	4.63547352388770	0.00162749223554925
0.823373173970784	4.63572267505842	0.00163348600910429
0.822826808228268	4.63597291082884	0.00163951697442063
0.822281167108753	4.63622423813048	0.00164558544366664
0.821736249171637	4.63647666395423	0.00165169173371261
0.821192052980132	4.63673019535101	0.00165783616222244
0.820648577101257	4.63698483943240	0.00166401905130285
0.820105820105820	4.63724060337129	0.00167024072734786
0.819563780568407	4.63749749440256	0.00167650151982490
0.819022457067371	4.63775551982374	0.00168280176061396
0.818481848184818	4.63801468699568	0.00168914178704061
0.817941952506596	4.63827500334325	0.00169552193802911
0.817402768622281	4.63853647635605	0.00170194255816798
0.816864295125165	4.63879911358907	0.00170840399440360
0.816326530612245	4.63906292266348	0.00171490659746762
0.815789473684211	4.63932791126726	0.00172145072275427
0.815253122945431	4.63959408715603	0.00172803672911963
0.814717477003942	4.63986145815374	0.00173466497873010
0.814182534471438	4.64013003215342	0.00174133583844242
0.813648293963255	4.64039981711797	0.00174804967962577
0.813114754098361	4.64067082108092	0.00175480687596079
0.812581913499345	4.64094305214723	0.00176160780683333
0.812049770792404	4.64121651849406	0.00176845285562530
0.811518324607330	4.64149122837159	0.00177534240904297
0.810987573577502	4.64176719010384	0.00178227685895035
0.810457516339869	4.64204441208950	0.00178925660117921
0.809928151534945	4.64232290280274	0.00179628203634201
0.809399477806788	4.64260267079412	0.00180335356865330
0.808871493803001	4.64288372469137	0.00181047160821022
0.808344198174707	4.64316607320033	0.00181763656833043
0.807817589576547	4.64344972510582	0.00182484886781699
0.807291666666667	4.64373468927252	0.00183210892977385
0.806766428106701	4.64402097464589	0.00183941718286068
0.806241872561769	4.64430859025308	0.00184677405914859
0.805717998700455	4.64459754520389	0.00185417999729318
0.805194805194805	4.64488784869171	0.00186163543942676
0.804672290720312	4.64517950999445	0.00186914083334881
0.804150453955902	4.64547253847557	0.00187669663276799
0.803629293583927	4.64576694358500	0.00188430329470690
0.803108808290155	4.64606273486019	0.00189196128353854
0.802588996763754	4.64635992192713	0.00189967106744151
0.802069857697283	4.64665851450134	0.00190743312052524
0.801551389786684	4.64695852238892	0.00191524792304552
0.801033591731266	4.64725995548766	0.00192311595884015
0.800516462233699	4.64756282378805	0.00193103772018307
0.800000000000000	4.64786713737440	0.00193901370243884
0.799484203739523	4.64817290642593	0.00194704440842408
0.798969072164948	4.64848014121789	0.00195513034629826
0.798454603992273	4.64878885212274	0.00196327202976452
0.797940797940798	4.64909904961120	0.00197146997961346
0.797427652733119	4.64941074425354	0.00197972472163548
0.796915167095116	4.64972394672066	0.00198803678815526
0.796403339755941	4.65003866778536	0.00199640671863429
0.795892169448010	4.65035491832352	0.00200483505759585
0.795381654906992	4.65067270931535	0.00201332235700947
0.794871794871795	4.65099205184666	0.00202186917465765
0.794362588084561	4.65131295711009	0.00203047607647618
0.793854033290653	4.65163543640644	0.00203914363316833
0.793346129238644	4.65195950114596	0.00204787242340606
0.792838874680307	4.65228516284969	0.00205666303262696
0.792332268370607	4.65261243315078	0.00206551605400688
0.791826309067688	4.65294132379591	0.00207443208640570
0.791320995532865	4.65327184664661	0.00208341173747683
0.790816326530612	4.65360401368072	0.00209245562159806
0.790312300828553	4.65393783699380	0.00210156435996366
0.789808917197452	4.65427332880058	0.00211073858277313
0.789306174411203	4.65461050143643	0.00211997892674921
0.788804071246819	4.65494936735885	0.00212928603688617
0.788302606484425	4.65528993914899	0.00213866056648608
0.787801778907243	4.65563222951319	0.00214810317594775
0.787301587301587	4.65597625128455	0.00215761453487515
0.786802030456853	4.65632201742448	0.00216719532043593
0.786303107165504	4.65666954102433	0.00217684621861333
0.785804816223067	4.65701883530705	0.00218656792379412
0.785307156428119	4.65736991362878	0.00219636113916999
0.784810126582278	4.65772278948060	0.00220622657671932
0.784313725490196	4.65807747649020	0.00221616495718291
0.783817951959545	4.65843398842362	0.00222617701003378
0.783322804801011	4.65879233918700	0.00223626347542700
0.782828282828283	4.65915254282841	0.00224642510095010
0.782334384858044	4.65951461353960	0.00225666264514497
0.781841109709962	4.65987856565788	0.00226697687505063
0.781348456206679	4.66024441366802	0.00227736856848524
0.780856423173803	4.66061217220407	0.00228783851315288
0.780365009439899	4.66098185605136	0.00229838750576675
0.779874213836478	4.66135348014842	0.00230901635465078
0.779384035197989	4.66172705958901	0.00231972587728438
0.778894472361809	4.66210260962408	0.00233051690362312
0.778405524168236	4.66248014566387	0.00234139027173263
0.777917189460477	4.66285968327998	0.00235234683259665
0.777429467084640	4.66324123820750	0.00236338744726699
0.776942355889724	4.66362482634712	0.00237451298894632
0.776455854727614	4.66401046376737	0.00238572434165319
0.775969962453066	4.66439816670681	0.00239702240076773
0.775484677923702	4.66478795157627	0.00240840807392164
0.775000000000000	4.66517983496118	0.00241988228038527
0.774515927545284	4.66557383362385	0.00243144595265382
0.774032459425718	4.66596996450588	0.00244310003361578
0.773549594510293	4.66636824473056	0.00245484548066619
0.773067331670823	4.66676869160525	0.00246668326285069
0.772585669781931	4.66717132262394	0.00247861436273877
0.772104607721046	4.66757615546973	0.00249063977537950
0.771624144368388	4.66798320801739	0.00250276051011522
0.771144278606965	4.66839249833600	0.00251497758915296
0.770665009322561	4.66880404469153	0.00252729204932832
0.770186335403727	4.66921786554962	0.00253970494030907
0.769708255741775	4.66963397957821	0.00255221732736280
0.769230769230769	4.67005240565042	0.00256483028918331
0.768753874767514	4.67047316284731	0.00257754492059182
0.768277571251549	4.67089627046077	0.00259036232965966
0.767801857585139	4.67132174799644	0.00260328364138486
0.767326732673267	4.67174961517669	0.00261630999547519
0.766852195423624	4.67217989194363	0.00262944254654727
0.766378244746601	4.67261259846215	0.00264268246733065
0.765904879555281	4.67304775512309	0.00265603094507336
0.765432098765432	4.67348538254639	0.00266948918436146
0.764959901295497	4.67392550158432	0.00268305840619769
0.764488286066584	4.67436813332473	0.00269673984939749
0.764017252002465	4.67481329909444	0.00271053476963306
0.763546798029557	4.67526102046260	0.00272444444044596
0.763076923076923	4.67571131924415	0.00273847015356365
0.762607626076261	4.67616421750333	0.00275261321886640
0.762138905961893	4.67661973755726	0.00276687496497976
0.761670761670762	4.67707790197954	0.00278125673951145
0.761203192142419	4.67753873360401	0.00279575990894496
0.760736196319018	4.67800225552844	0.00281038586009784
0.760269773145310	4.67846849111839	0.00282513599931480
0.759803921568627	4.67893746401110	0.00284001175322978
0.759338640538885	4.67940919811946	0.00285501456948422
0.758873929008568	4.67988371763601	0.00287014591678321
0.758409785932722	4.68036104703708	0.00288540728431295
0.757946210268949	4.68084121108690	0.00290080018421708
0.757483200977398	4.68132423484193	0.00291632615001328
0.757020757020757	4.68181014365512	0.00293198673806652
0.756558877364246	4.68229896318032	0.00294778352808851
0.756097560975610	4.68279071937678	0.00296371812239833
0.755636806825107	4.68328543851369	0.00297979214726912
0.755176613885505	4.68378314717481	0.00299600725391011
0.754716981132075	4.68428387226323	0.00301236511703251
0.754257907542579	4.68478764100613	0.00302886743754097
0.753799392097264	4.68529448095970	0.00304551594073641
0.753341433778858	4.68580442001416	0.00306231237919035
0.752884031572556	4.68631748639875	0.00307925853088228
0.752427184466019	4.68683370868699	0.00309635620109794
0.751970891449363	4.68735311580188	0.00311360722280975
0.751515151515152	4.68787573702128	0.00313101345701404
0.751059963658389	4.68840160198339	0.00314857679246181
0.750605326876513	4.68893074069228	0.00316629914761090
0.750151240169389	4.68946318352355	0.00318418247024896
0.749697702539299	4.68999896123015	0.00320222873792749
0.749244712990937	4.69053810494819	0.00322043995945036
0.748792270531401	4.69108064620297	0.00323881817435732
0.748340374170187	4.69162661691506	0.00325736545402485
0.747889022919180	4.69217604940654	0.00327608390242177
0.747438215792646	4.69272897640730	0.00329497565653157
0.746987951807229	4.69328543106151	0.00331404288645333
0.746538229981939	4.69384544693419	0.00333328779759114
0.746089049338147	4.69440905801793	0.00335271262954823
0.745640408899579	4.69497629873969	0.00337231965712401
0.745192307692308	4.69554720396778	0.00339211119228142
0.744744744744745	4.69612180901894	0.00341208958365881
0.744297719087635	4.69670014966560	0.00343225721734705
0.743851229754049	4.69728226214323	0.00345261651810773
0.743405275779377	4.69786818315786	0.00347316994998935
0.742959856201318	4.69845794989375	0.00349392001636415
0.742514970059880	4.69905160002120	0.00351486926193521
0.742070616397367	4.69964917170452	0.00353602027261108
0.741626794258373	4.70025070361015	0.00355737567707960
0.741183502689779	4.70085623491496	0.00357893814653366
0.740740740740741	4.70146580531467	0.00360071039657111
0.740298507462687	4.70207945503251	0.00362269518749791
0.739856801909308	4.70269722482798	0.00364489532553612
0.739415623136553	4.70331915600583	0.00366731366368526
0.738974970202622	4.70394529042520	0.00368995310273090
0.738534842167957	4.70457567050897	0.00371281659167401
0.738095238095238	4.70521033925327	0.00373590712926766
0.737656157049375	4.70584934023720	0.00375922776495751
0.737217598097503	4.70649271763272	0.00378278159971810
0.736779560308972	4.70714051621483	0.00380657178725366
0.736342042755344	4.70779278137183	0.00383060153508117
0.735905044510386	4.70844955911588	0.00385487410549771
0.735468564650059	4.70911089609378	0.00387939281689224
0.735032602252519	4.70977683959790	0.00390416104492864
0.734597156398104	4.71044743757746	0.00392918222315017
0.734162226169331	4.71112273864989	0.00395445984527410
0.733727810650888	4.71180279211257	0.00397999746552741
0.733293908929627	4.71248764795476	0.00400579870021101
0.732860520094563	4.71317735686973	0.00403186722955350
0.732427643236858	4.71387197026726	0.00405820679764861
0.731995277449823	4.71457154028630	0.00408482121512514
0.731563421828909	4.71527611980798	0.00411171436075036
0.731132075471698	4.71598576246883	0.00413889018136603
0.730701237477902	4.71670052267433	0.00416635269470636
0.730270906949352	4.71742045561276	0.00419410599051504
0.729841082989994	4.71814561726929	0.00422215423213780
0.729411764705882	4.71887606444048	0.00425050165793719
0.728982951205173	4.71961185474896	0.00427915258274082
0.728554641598120	4.72035304665855	0.00430811140055375
0.728126834997064	4.72109969948965	0.00433738258498930
0.727699530516432	4.72185187343501	0.00436697069199429
0.727272727272727	4.72260962957579	0.00439688036091781
0.726846424384525	4.72337302989804	0.00442711631700506
0.726420620972466	4.72414213730952	0.00445768337285211
0.725995316159251	4.72491701565687	0.00448858643064570
0.725570509069631	4.72569772974323	0.00451983048416196
0.725146198830409	4.72648434534619	0.00455142062052880
0.724722384570427	4.72727692923620	0.00458336202272602
0.724299065420561	4.72807554919535	0.00461565997162587
0.723876240513719	4.72888027403664	0.00464831984777998
0.723453908984831	4.72969117362361	0.00468134713447608
0.723032069970846	4.73050831889051	0.00471474741992215
0.722610722610723	4.73133178186286	0.00474852639896668
0.722189866045428	4.73216163567855	0.00478268987641285
0.721769499417928	4.73299795460935	0.00481724376925835
0.721349621873182	4.73384081408303	0.00485219410900294
0.720930232558140	4.73469029070590	0.00488754704473874
0.720511330621732	4.73554646228594	0.00492330884607265
0.720092915214866	4.73640940785645	0.00495948590516273
0.719674985490424	4.73727920770027	0.00499608474074787
0.719257540603248	4.73815594337455	0.00503311200035353
0.718840579710145	4.73903969773620	0.00507057446338240
0.718424101969873	4.73993055496782	0.00510847904451269
0.718008106543138	4.74082860060437	0.00514683279737646
0.717592592592593	4.74173392156039	0.00518564291694924
0.717177559282823	4.74264660615801	0.00522491674359559
0.716763005780347	4.74356674415546	0.00526466176681589
0.716348931253611	4.74449442677648	0.00530488562852846
0.715935334872979	4.74542974674027	0.00534559612656213
0.715522215810733	4.74637279829232	0.00538680121932341
0.715109573241061	4.74732367723595	0.00542850902894284
0.714697406340058	4.74828248096460	0.00547072784588807
0.714285714285714	4.74924930849498	0.00551346613301625
0.713874496257916	4.75022426050102	0.00555673252987787
0.713463751438435	4.75120743934874	0.00560053585692403
0.713053479010926	4.75219894913189	0.00564488512054843
0.712643678160920	4.75319889570860	0.00568978951780727
0.712234348075818	4.75420738673889	0.00573525844096920
0.711825487944891	4.75522453172323	0.00578130148234567
0.711417096959266	4.75625044204201	0.00582792843997519
0.711009174311927	4.75728523099604	0.00587514932288261
0.710601719197708	4.75832901384818	0.00592297435621366
0.710194730813288	4.75938190786594	0.00597141398726961
0.709788208357184	4.76044403236531	0.00602047889059650
0.709382151029748	4.76151550875565	0.00607017997522967
0.708976558033162	4.76259646058584	0.00612052838988138
0.708571428571429	4.76368701359160	0.00617153552918235
0.708166761850371	4.76478729574410	0.00622321304131787
0.707762557077626	4.76589743729990	0.00627557283397528
0.707358813462635	4.76701757085214	0.00632862708119472
0.706955530216648	4.76814783138322	0.00638238823131786
0.706552706552707	4.76928835631888	0.00643686901400451
0.706150341685649	4.77043928558370	0.00649208244770399
0.705748434832100	4.77160076165818	0.00654804184806118
0.705346985210467	4.77277292963740	0.00660476083581891
0.704945992040932	4.77395593729122	0.00666225334527290
0.704545454545455	4.77514993512629	0.00672053363320521
0.704145371947757	4.77635507644964	0.00677961628743800
0.703745743473326	4.77757151743416	0.00683951623667384
0.703346568349404	4.77879941718587	0.00690024875995307
0.702947845804989	4.78003893781314	0.00696182949621237
0.702549575070822	4.78129024449784	0.00702427445502571
0.702151755379389	4.78255350556854	0.00708760002702346
0.701754385964912	4.78382889257579	0.00715182299469841
0.701357466063348	4.78511658036962	0.00721696054425558
0.700960994912380	4.78641674717926	0.00728303027642852
0.700564971751412	4.78772957469515	0.00735005021964733
0.700169395821570	4.78905524815341	0.00741803884151301
0.699774266365689	4.79039395642277	0.00748701506288658
0.699379582628314	4.79174589209405	0.00755699827024116
0.698985343855693	4.79311125157232	0.00762800833015488
0.698591549295775	4.79449023517185	0.00770006560365268
0.698198198198198	4.79588304721381	0.00777319096078080
0.697805289814294	4.79728989612702	0.00784740579621851
0.697412823397075	4.79871099455169	0.00792273204509692
0.697020798201237	4.80014655944634	0.00799919219969423
0.696629213483146	4.80159681219804	0.00807680932630114
0.696238068500842	4.80306197873592	0.00815560708312225
0.695847362514029	4.80454228964836	0.00823560973860515
0.695457094784072	4.80603798030366	0.00831684219005535
0.695067264573991	4.80754929097462	0.00839932998430334
0.694677871148459	4.80907646696696	0.00848309933701940
0.694288913773796	4.81061975875176	0.00856817715488823
0.693900391717963	4.81217942210226	0.00865459105702816
0.693512304250559	4.81375571823482	0.00874236939790006
0.693124650642817	4.81534891395460	0.00883154129105175
0.692737430167598	4.81695928180580	0.00892213663388098
0.692350642099386	4.81858710022685	0.00901418613288482
0.691964285714286	4.82023265371064	0.00910772132996892
0.691578360290017	4.82189623296999	0.00920277463062262
0.691192865105909	4.82357813510865	0.00929937933163035
0.690807799442897	4.82527866379785	0.00939756965155517
0.690423162583519	4.82699812945884	0.00949738076059276
0.690038953811909	4.82873684945154	0.00959884881396962
0.689655172413793	4.83049514826948	0.00970201098400129
0.689271817676487	4.83227335774143	0.00980690549537379
0.688888888888889	4.83407181723990	0.00991357166082662
0.688506385341477	4.83589087389673	0.0100220499192415
0.688124306326304	4.83773088282618	0.0101323818738329
0.687742651136994	4.83959220735577	0.0102446103330816
0.687361419068736	4.84147521926509	0.0103587793534637
0.686980609418283	4.84338029903311	0.0104749342824022
0.686600221483942	4.84530783609414	0.0105931218049351
0.686220254565578	4.84725822910291	0.0107133899912090
0.685840707964602	4.84923188620915	0.0108357883457383
0.685461580983969	4.85122922534196	0.0109603678599945
0.685082872928177	4.85325067450460	0.0110871810657109
0.684704583103258	4.85529667207983	0.0112162820915588
0.684326710816777	4.85736766714661	0.0113477267218253
0.683949255377827	4.85946411980834	0.0114815724578171
0.683572216097023	4.86158650153328	0.0116178785813157
0.683195592286501	4.86373529550773	0.0117567062219977
0.682819383259912	4.86591099700242	0.0118981184265585
0.682443588332416	4.86811411375270	0.0120421802318672
0.682068206820682	4.87034516635324	0.0121889587407181
0.681693238042881	4.87260468866781	0.0123385232013448
0.681318681318681	4.87489322825479	0.0124909450905643
0.680944535969248	4.87721134680918	0.0126462982004378
0.680570801317234	4.87955962062193	0.0128046587292581
0.680197476686780	4.88193864105712	0.0129661053761582
0.679824561403509	4.88434901504817	0.0131307194408658
0.679452054794521	4.88679136561365	0.0132985849274988
0.679079956188390	4.88926633239382	0.0134697886535690
0.678708264915162	4.89177457220871	0.0136444203641151
0.678336980306346	4.89431675963896	0.0138225728510618
0.677966101694915	4.89689358763024	0.0140043420786816
0.677595628415301	4.89950576812267	0.0141898273147757
0.677225559803386	4.90215403270617	0.0143791312684809
0.676855895196507	4.90483913330324	0.0145723602346599
0.676486633933442	4.90756184288036	0.0147696242455535
0.676117775354417	4.91032295618949	0.0149710372301654
0.675749318801090	4.91312329054110	0.0151767171808295
0.675381263616558	4.91596368661046	0.0153867863294340
0.675013609145346	4.91884500927863	0.0156013713314663
0.674646354733406	4.92176814851013	0.0158206034603273
0.674279499728113	4.92473402026905	0.0160446188109139
0.673913043478261	4.92774356747560	0.0162735585144245
0.673546985334058	4.93079776100525	0.0165075689642343
0.673181324647123	4.93389760073254	0.0167468020533639
0.672816060770483	4.93704411662213	0.0169914154252594
0.672451193058568	4.94023836986941	0.0172415727372252
0.672086720867209	4.94348145409344	0.0174974439386675
0.671722643553629	4.94677449658491	0.0177592055641338
0.671358960476448	4.95011865961229	0.0180270410430024
0.670995670995671	4.95351514178917	0.0183011410252857
0.670632774472688	4.95696517950630	0.0185817037268217
0.670270270270270	4.96047004843184	0.0188689352928686
0.669908157752566	4.96403106508368	0.0191630501828309
0.669546436285097	4.96764958847796	0.0194642715769104
0.669185105234755	4.97132702185790	0.0197728318058986
0.668824163969795	4.97506481450795	0.0200889728066064
0.668463611859838	4.97886446365774	0.0204129466030748
0.668103448275862	4.98272751648146	0.0207450158168321
0.667743672590199	4.98665557219799	0.0210854542077013
0.667384284176534	4.99065028427802	0.0214345472464143
0.667025282409898	4.99471336276433	0.0217925927226908
0.666666666666667	4.99884657671220	0.0221599013901800
0.666308436324557	5.00305175675723	0.0225367976511260
0.665950590762621	5.00733079781842	0.0229236202838569
0.665593129361245	5.01168566194482	0.0233207232160397
0.665236051502146	5.01611838131483	0.0237284763467324
0.664879356568365	5.02063106139761	0.0241472664215064
0.664523043944266	5.02522588428721	0.0245774979633631
0.664167113015533	5.02990511222014	0.0250195942652454
0.663811563169165	5.03467109128858	0.0254739984473041
0.663456393793472	5.03952625536188	0.0259411745845061
0.663101604278075	5.04447313023016	0.0264216089103114
0.662747194013896	5.04951433798471	0.0269158111013724
0.662393162393162	5.05465260165131	0.0274243156506371
0.662039508809397	5.05989075009349	0.0279476833349949
0.661686232657417	5.06523172320431	0.0284865027858077
0.661333333333333	5.07067857740672	0.0290413921698425
0.660980810234542	5.07623449148390	0.0296130009902047
0.660628662759723	5.08190277276315	0.0302020120169162
0.660276890308839	5.08768686367834	0.0308091433579389
0.659925492283129	5.09359034873840	0.0314351506825735
0.659574468085106	5.09961696193129	0.0320808296098888
0.659223817118554	5.10577059459555	0.0327470182769327
0.658873538788523	5.11205530379438	0.0334346001018970
0.658523632501328	5.11847532122966	0.0341445067592513
0.658174097664544	5.12503506273737	0.0348777213864489
0.657824933687003	5.13173913840874	0.0356352820419125
0.657476139978791	5.13859236338587	0.0364182854383770
0.657127715951245	5.14559976938477	0.0372278909757657
0.656779661016949	5.15276661700356	0.0380653251023671
0.656431974589730	5.16009840887879	0.0389318860345910
0.656084656084656	5.16760090375892	0.0398289488701591
0.655737704918033	5.17528013157017	0.0407579711318245
0.655391120507400	5.18314240955723	0.0417204987845627
0.655044902271527	5.19119435958928	0.0427181727723773
0.654699049630412	5.19944292673040	0.0437527361271914
0.654353562005277	5.20789539918334	0.0448260417075844
0.654008438818565	5.21655942972630	0.0459400606321840
0.653663679493938	5.22544305877444	0.0470968914801494
0.653319283456270	5.23455473921151	0.0482987703393707
0.652975250131648	5.24390336315140	0.0495480817933723
0.652631578947368	5.25349829080680	0.0508473709482897
0.652288269331931	5.26334938166032	0.0521993566145349
0.651945320715037	5.27346702815466	0.0536069457715515
0.651602732527588	5.28386219214188	0.0550732494608780
0.651260504201681	5.29454644435801	0.0566016002710893
0.650918635170604	5.30553200721919	0.0581955715998462
0.650577124868835	5.31683180126879	0.0598589989031591
0.650235972732040	5.32845949564254	0.0615960031696253
0.649895178197065	5.34042956296173	0.0634110168905689
0.649554740701938	5.35275733911212	0.0653088128348330
0.649214659685864	5.36545908842128	0.0672945359799328
0.648874934589220	5.37855207480902	0.0693737390024983
0.648535564853557	5.39205463955566	0.0715524217894473
0.648196549921589	5.40598628641387	0.0738370754998896
0.647857889237200	5.42036777488050	0.0762347317876585
0.647519582245431	5.43522122255041	0.0787530178881446
0.647181628392484	5.45057021759336	0.0814002183829386
0.646844027125717	5.46643994253287	0.0841853445850036
0.646506777893639	5.48285731066369	0.0871182126398706
0.646169880145909	5.49985111662641	0.0902095316185403
0.645833333333333	5.51745220286698	0.0934710030923237
0.645497136907861	5.53569364395170	0.0969154339342680
0.645161290322581	5.55461095098783	0.100556864396364
0.644825793031721	5.57424229872581	0.104410713875895
0.644490644490645	5.59462877829639	0.108493947222015
0.644155844155844	5.61581467897595	0.112825264961112
0.643821391484943	5.63784780288632	0.117425321458069
0.643487285936689	5.66077981713462	0.122316975805285
0.643153526970954	5.68466664859988	0.127525581176137
0.642820114048730	5.70956892739591	0.133079319535140
0.642487046632124	5.73555248600457	0.139009590017280
0.642154324184360	5.76268892220868	0.145351461040886
0.641821946169772	5.79105623528892	0.152144198389234
0.641489912053802	5.82073954652115	0.159431884199460
0.641158221302999	5.85183191686265	0.167264145177295
0.640826873385013	5.88443527689625	0.175697012606188
0.640495867768595	5.91866148666593	0.184793942087903
0.640165203923593	5.95463354604730	0.194627027771277
0.639834881320950	5.99248697981540	0.205278454536198
0.639504899432697	6.03237142566279	0.216842242788565
0.639175257731959	6.07445245813297	0.229426354981926
0.638845955692942	6.11891368678920	0.243155251783631
0.638516992790937	6.16595917289471	0.258173010409909
0.638188368502316	6.21581621528259	0.274647150072225
0.637860082304527	6.26873856257574	0.292773352478571
0.637532133676093	6.32501011474731	0.312781322778398
0.637204522096608	6.38494918081779	0.334942113633337
0.636877247046739	6.44891335879667	0.359577339860632
0.636550308008214	6.51730509443096	0.387070854141899
0.636223704463828	6.59057794930965	0.417883651028451
0.635897435897436	6.66924355316230	0.452573038956255
0.635571501793952	6.75387910681646	0.491817499814607
0.635245901639344	6.84513510123988	0.536449187995172
0.634920634920635	6.94374255439464	0.587496769936923
0.634595701125896	7.05051841797131	0.646242360381123
0.634271099744245	7.16636665168582	0.714297792831522
0.633946830265849	7.29227041270458	0.793707517494030
0.633622892181911	7.42926715886756	0.887088199253885
0.633299284984678	7.57839194884936	0.997818638246085
0.632976008167432	7.74056256172138	1.13029759957615
0.632653061224490	7.91635922270773	1.29028994077820
0.632330443651198	8.10561487741386	1.48537818120953
0.632008154943935	8.30666866271809	1.72551405928475
0.631686194600102	8.51503386868377	2.02358920883531
0.631364562118126	8.72109654203189	2.39573864203351
0.631043256997455	8.90637900138341	2.86060182643335
0.630722278738556	9.03824102510024	3.43578967743655
0.630401626842908	9.06467330984806	4.12848847226770
0.630081300813008	8.91562042629357	4.91751383322978
0.629761300152362	8.52330710085204	5.73224618076784
0.629441624365482	7.86678788321442	6.45262362140309
0.629122272957889	7.00944565710985	6.95639827813405
0.628803245436105	6.07761266699389	7.18657792819803
0.628484541307653	5.19184302211241	7.17011899685134
0.628166160081054	4.42066830529760	6.97884478590509
0.627848101265823	3.78228094455919	6.68494726380530
0.627530364372470	3.26664468397819	6.34130994936433
0.627212948912494	2.85380965650205	5.98073667962984
0.626895854398382	2.52333884434118	5.62149385915209
0.626579080343608	2.25776198945532	5.27279366802700
0.626262626262626	2.04322177000987	4.93862885084319
0.625946491670873	1.86909367921406	4.62012558598985
0.625630676084763	1.72736024902698	4.31690172148523
0.625315179021684	1.61202431205724	4.02782625489800
0.625000000000000	1.51863954743523	3.75143600137039
0.624685138539043	1.44396197281624	3.48616195814732
0.624370594159114	1.38570463342015	3.23045434533345
0.624056366381480	1.34237537447064	2.98285993941534
0.623742454728370	1.31318015088319	2.74208806583761
0.623428858722976	1.29797508196065	2.50709630672407
0.623115577889447	1.29724349359390	2.27722949742768
0.622802611752888	1.31205066567161	2.05244905288306
0.622489959839357	1.34387863325349	1.83367333987680
0.622177621675866	1.39417752397554	1.62316308387304
0.621865596790371	1.46349195121073	1.42467158600322
0.621553884711779	1.55035979495149	1.24286150712172
0.621242484969940	1.65079773871800	1.08179564821231
0.620931397095643	1.75915325416846	0.943344165974550
0.620620620620621	1.86983759833504	0.826761905130012
0.620310155077539	1.97861662178217	0.729525775664499
0.620000000000000	2.08289873341777	0.648481057240376
0.619690154922539	2.18140087910847	0.580605962411444
0.619380619380619	2.27368640599052	0.523328375030319
0.619071392910634	2.35979998494764	0.474576427373162
0.618762475049900	2.44003228236033	0.432720108048463
0.618453865336658	2.51478284198552	0.396485996724361
0.618145563310070	2.58448497592511	0.364877565232705
0.617837568510214	2.64956676127851	0.337110151401584
0.617529880478088	2.71043219601257	0.312560770386033
0.617222498755600	2.76745330606639	0.290730258797070
0.616915422885572	2.82096804250746	0.271214931755600
0.616608652411736	2.87128111992478	0.253685348030330
0.616302186878728	2.91866624095606	0.237870321250888
0.615996025832092	2.96336886962650	0.223544793649015
0.615690168818272	3.00560911305981	0.210520562054491
0.615384615384615	3.04558448989405	0.198639122535601
0.615079365079365	3.08347248354243	0.187766100533259
0.614774417451661	3.11943284314573	0.177786877310887
0.614469772051536	3.15360962905896	0.168603126807386
0.614165428429916	3.18613301663427	0.160130051261791
0.613861386138614	3.21712087956329	0.152294157695012
0.613557644730332	3.24668017644271	0.145031456440558
0.613254203758655	3.27490816395481	0.138285991600279
0.612951062778052	3.30189345847884	0.132008634505121
0.612648221343874	3.32771696582239	0.126156087061212
0.612345679012346	3.35245269649621	0.120690053728378
0.612043435340573	3.37616848176338	0.115576549860269
0.611741489886532	3.39892660367668	0.110785320985334
0.611439842209073	3.42078435051328	0.106289352870671
0.611138491867915	3.44179450743377	0.102064456281862
0.610837438423645	3.46200579081742	0.0980889135236530
0.610536681437715	3.48146323354176	0.0943431763322223
0.610236220472441	3.50020852745878	0.0908096066513641
0.609936055090999	3.51828032845124	0.0874722533813396
0.609636184857424	3.53571452870989	0.0843166594312589
0.609336609336609	3.55254450023906	0.0813296944026707
0.609037328094303	3.56880131305588	0.0784994090362653
0.608738340697104	3.58451393108639	0.0758149082051092
0.608439646712463	3.59970938836481	0.0732662397689019
0.608141245708681	3.61441294780348	0.0708442970381877
0.607843137254902	3.62864824450940	0.0685407329541927
0.607545320921117	3.64243741537277	0.0663478843849367
0.607247796278159	3.65580121643739	0.0642587051819212
0.606950562897699	3.66875912937647	0.0622667068451850
0.606653620352251	3.68132945823660	0.0603659058135392
0.606356968215159	3.69352941747318	0.0585507765392398
0.606060606060606	3.70537521217960	0.0568162096253060
0.605764533463605	3.71688211130727	0.0551574744046867
0.605468750000000	3.72806451458209	0.0535701854254347
0.605173255246462	3.73893601374271	0.0520502723784495
0.604878048780488	3.74950944865610	0.0505939530657548
0.604583130180400	3.75979695880476	0.207311592068373
0.604288499025341	3.76981003058588	0.271465061500015
0.603994154895275	3.77955954081554	0.320433841260733
0.603700097370983	3.78905579678952	0.361565520760483
0.603406326034063	3.79830857321523	0.397704568234096
0.603112840466926	3.80732714629715	0.430308676021571
0.602819640252795	3.81612032522892	0.460242929096115
0.602526724975705	3.82469648132030	0.488070313629335
0.602234094220495	3.83306357496397	0.514181350806126
0.601941747572816	3.84122918062752	0.538859946388926
0.601649684619117	3.84920051003761	0.562320072497939
0.601357904946654	3.85698443370756	0.584727670189722
0.601066408143480	3.86458750094516	0.606214457190635
0.600775193798450	3.87201595846482	0.626887021513222
0.600484261501211	3.87927576771651	0.646833029934688
0.600193610842207	3.88637262103399	0.666125596589989
0.599903241412675	3.89331195669515	0.684826436899398
0.599613152804642	3.90009897297949	0.702988195508519
0.599323344610923	3.90673864129977	0.720656197988391
0.599033816425121	3.91323571847851	0.737869791442058
0.598744567841622	3.91959475823372	0.754663385998505
0.598455598455599	3.92582012193287	0.771067274830859
0.598166907863001	3.93191598866889	0.787108287597679
0.597878495660559	3.93788636470786	0.802810316822741
0.597590361445783	3.94373509235368	0.818194746112805
0.597302504816956	3.94946585827119	0.833280801657039
0.597014925373134	3.95508220130637	0.848085843131264
0.596727622714148	3.96058751983848	0.862625606275332
0.596440596440597	3.96598507869677	0.876914406583667
0.596153846153846	3.97127801567154	0.890965311446893
0.595867371456031	3.97646934764712	0.904790286501513
0.595581171950048	3.98156197638218	0.918400320745154
0.595295247239558	3.98655869396086	0.931805534053915
0.595009596928983	3.99146218793646	0.945015270025396
0.594724220623501	3.99627504618769	0.958038176515321
0.594439117929051	4.00099976150620	0.970882275797229
0.594154288452324	4.00563873593247	0.983555025927920
0.593869731800766	4.01019428485625	0.996063374625012
0.593585447582575	4.01466864089610	1.00841380673836
0.593301435406699	4.01906395757210	1.02061238622043
0.593017694882831	4.02338231278421	1.03266479335054
0.592734225621415	4.02762571210849	1.04457635785081
0.592451027233636	4.03179609192203	1.05635208843297
0.592168099331423	4.03589532236691	1.06799669923225
0.591885441527446	4.03992521016293	1.07951463351936
0.591603053435114	4.04388750127797	1.09091008502307
0.591320934668574	4.04778388346424	1.10218701715102
0.591039084842707	4.05161598866844	1.11334918035476
0.590757503573130	4.05538539532290	1.12440012785244
0.590476190476191	4.05909363052460	1.13534322989536
0.590195145168967	4.06274217210839	1.14618168673746
0.589914367269267	4.06633245062048	1.15691854045074
0.589633856395625	4.06986585119755	1.16755668570645
0.589353612167300	4.07334371535690	1.17809887963308
0.589073634204276	4.07676734270248	1.18854775084318
0.588793922127256	4.08013799255126	1.19890580771418
0.588514475557665	4.08345688548447	1.20917544599637
0.588235294117647	4.08672520482749	1.21935895581375
0.587956377430062	4.08994409806244	1.22945852811534
0.587677725118483	4.09311467817679	1.23947626062938
0.587399336807201	4.09623802495152	1.24941416336473
0.587121212121212	4.09931518619190	1.25927416370310
0.586843350686228	4.10234717890382	1.26905811111611
0.586565752128666	4.10533499041858	1.27876778154229
0.586288416075650	4.10827957946860	1.28840488145188
0.586011342155009	4.11118187721667	1.29797105162796
0.585734529995276	4.11404278824104	1.30746787068536
0.585457979225685	4.11686319147842	1.31689685835142
0.585181689476168	4.11964394112719	1.32625947852669
0.584905660377359	4.12238586751261	1.33555714214362
0.584629891560585	4.12508977791590	1.34479120983929
0.584354382657870	4.12775645736901	1.35396299445666
0.584079133301931	4.13038666941669	1.36307376338812
0.583804143126177	4.13298115684737	1.37212474077187
0.583529411764706	4.13554064239444	1.38111710955449
0.583254938852305	4.13806582940922	1.39005201342728
0.582980724024448	4.14055740250697	1.39893055864711
0.582706766917293	4.14301602818726	1.40775381574953
0.582433067167684	4.14544235542980	1.41652282116222
0.582159624413146	4.14783701626685	1.42523857872474
0.581886438291882	4.15020062633338	1.43390206112319
0.581613508442777	4.15253378539585	1.44251421124274
0.581340834505391	4.15483707786072	1.45107594344647
0.581068416119962	4.15711107326340	1.45958814478338
0.580796252927401	4.15935632673874	1.46805167613142
0.580524344569288	4.16157337947368	1.47646737327924
0.580252690687880	4.16376275914293	1.48483604795071
0.579981290926099	4.16592498032843	1.49315848877621
0.579710144927536	4.16806054492326	1.50143546221329
0.579439252336449	4.17016994252064	1.50966771342105
0.579168612797758	4.17225365078877	1.51785596708981
0.578898225957049	4.17431213583194	1.52600092822978
0.578628091460569	4.17634585253866	1.53410328292053
0.578358208955224	4.17835524491727	1.54216369902414
0.578088578088578	4.18034074641949	1.55018282686373
0.577819198508854	4.18230278025260	1.55816129986973
0.577550069864928	4.18424175968051	1.56609973519571
0.577281191806331	4.18615808831427	1.57399873430546
0.577012563983248	4.18805216039252	1.58185888353229
0.576744186046512	4.18992436105211	1.58968075461395
0.576476057647606	4.19177506658948	1.59746490520168
0.576208178438662	4.19360464471301	1.60521187934849
0.575940548072457	4.19541345478682	1.61292220797392
0.575673166202414	4.19720184806627	1.62059640930923
0.575406032482599	4.19897016792554	1.62823498932322
0.575139146567718	4.20071875007759	1.63583844212961
0.574872508113120	4.20244792278676	1.64340725037696
0.574606116774791	4.20415800707437	1.65094188562237
0.574339972209356	4.20584931691747	1.65844280868891
0.574074074074074	4.20752215944119	1.66591047000925
0.573808422026840	4.20917683510469	1.67334530995415
0.573543015726180	4.21081363788118	1.68074775914860
0.573277854831253	4.21243285543210	1.68811823877385
0.573012939001848	4.21403476927568	1.69545716085926
0.572748267898383	4.21561965495018	1.70276492856021
0.572483841181902	4.21718778217193	1.71004193642780
0.572219658514075	4.21873941498834	1.71728857066576
0.571955719557196	4.22027481192621	1.72450520937893
0.571692023974182	4.22179422613524	1.73169222281117
0.571428571428571	4.22329790552729	1.73884997357551
0.571165361584523	4.22478609291112	1.74597881687439
0.570902394106814	4.22625902612319	1.75307910071257
0.570639668660838	4.22771693815428	1.76015116610153
0.570377184912604	4.22916005727238	1.76719534725747
0.570114942528736	4.23058860714180	1.77421197179063
0.569852941176471	4.23200280693870	1.78120136088874
0.569591180523656	4.23340287146319	1.78816382949454
0.569329660238751	4.23478901124800	1.79509968647474
0.569068379990821	4.23616143266404	1.80200923478566
0.568807339449541	4.23752033802277	1.80889277163236
0.568546538285190	4.23886592567552	1.81575058861987
0.568285976168653	4.24019839011006	1.82258297190394
0.568025652771416	4.24151792204417	1.82939020233151
0.567765567765568	4.24282470851662	1.83617255558051
0.567505720823799	4.24411893297551	1.84293030229284
0.567246111619396	4.24540077536406	1.84966370820307
0.566986739826246	4.24667041220393	1.85637303426406
0.566727605118830	4.24792801667620	1.86305853676702
0.566468707172225	4.24917375870011	1.86972046745848
0.566210045662100	4.25040780500943	1.87635907365358
0.565951620264719	4.25163031922690	1.88297459834524
0.565693430656934	4.25284146193638	1.88956728031027
0.565435476516188	4.25404139075320	1.89613735421165
0.565177757520511	4.25523026039238	1.90268505069843
0.564920273348519	4.25640822273513	1.90921059650160
0.564663023679417	4.25757542689344	1.91571421452777
0.564406008192991	4.25873201927290	1.92219612394912
0.564149226569609	4.25987814363392	1.92865654029165
0.563892678490223	4.26101394115114	1.93509567551991
0.563636363636364	4.26213955047139	1.94151373811928
0.563380281690141	4.26325510777003	1.94791093317718
0.563124432334242	4.26436074680576	1.95428746245892
0.562868815251929	4.26545659897407	1.96064352448454
0.562613430127042	4.26654279335915	1.96697931460141
0.562358276643991	4.26761945678457	1.97329502505575
0.562103354487761	4.26868671386255	1.97959084506021
0.561848663343906	4.26974468704194	1.98586696086320
0.561594202898551	4.27079349665501	1.99212355581186
0.561339972838388	4.27183326096300	1.99836081041699
0.561085972850679	4.27286409620050	2.00457890241313
0.560832202623247	4.27388611661867	2.01077800681970
0.560578661844485	4.27489943452741	2.01695829599785
0.560325350203344	4.27590416033642	2.02311993970812
0.560072267389341	4.27690040259522	2.02926310516463
0.559819413092551	4.27788826803221	2.03538795708922
0.559566787003610	4.27886786159265	2.04149465776260
0.559314388813712	4.27983928647584	2.04758336707589
0.559062218214608	4.28080264417121	2.05365424257970
0.558810274898603	4.28175803449366	2.05970743953157
0.558558558558559	4.28270555561791	2.06574311094313
0.558307068887888	4.28364530411213	2.07176140762615
0.558055805580558	4.28457737497061	2.07776247823540
0.557804768331084	4.28550186164575	2.08374646931301
0.557553956834532	4.28641885607921	2.08971352533020
0.557303370786517	4.28732844873230	2.09566378872808
0.557053009883199	4.28823072861574	2.10159739995793
0.556802873821284	4.28912578331854	2.10751449751974
0.556552962298025	4.29001369903632	2.11341521800011
0.556303275011216	4.29089456059893	2.11929969610970
0.556053811659193	4.29176845149738	2.12516806471873
0.555804571940834	4.29263545391016	2.13102045489268
0.555555555555556	4.29349564872894	2.13685699592675
0.555306762203314	4.29434911558368	2.14267781537781
0.555058191584602	4.29519593286712	2.14848303909930
0.554809843400447	4.29603617775873	2.15427279127145
0.554561717352415	4.29686992624809	2.16004719443321
0.554313813142602	4.29769725315777	2.16580636951196
0.554066130473637	4.29851823216562	2.17155043585397
0.553818669048683	4.29933293582658	2.17727951125205
0.553571428571429	4.30014143559403	2.18299371197582
0.553324408746096	4.30094380184061	2.18869315279737
0.553077609277431	4.30174010387855	2.19437794701865
0.552831029870709	4.30253040997962	2.20004820649891
0.552584670231729	4.30331478739455	2.20570404167879
0.552338530066815	4.30409330237208	2.21134556160714
0.552092609082814	4.30486602017751	2.21697287396400
0.551846906987094	4.30563300511096	2.22258608508560
0.551601423487544	4.30639432052508	2.22818529998737
0.551356158292574	4.30715002884248	2.23377062238699
0.551111111111111	4.30790019157270	2.23934215472703
0.550866281652599	4.30864486932893	2.24489999819696
0.550621669626998	4.30938412184417	2.25044425275364
0.550377274744785	4.31011800798724	2.25597501714313
0.550133096716948	4.31084658577833	2.26149238892164
0.549889135254989	4.31156991240422	2.26699646447421
0.549645390070922	4.31228804423321	2.27248733903570
0.549401860877271	4.31300103682973	2.27796510670882
0.549158547387068	4.31370894496859	2.28342986048389
0.548915449313856	4.31441182264898	2.28888169225668
0.548672566371682	4.31510972310815	2.29432069284716
0.548429898275100	4.31580269883481	2.29974695201530
0.548187444739169	4.31649080158223	2.30516055848090
0.547945205479452	4.31717408238109	2.31056159993822
0.547703180212014	4.31785259155203	2.31595016307386
0.547461368653422	4.31852637871798	2.32132633358228
0.547219770520741	4.31919549281623	2.32669019618205
0.546978385531540	4.31985998211018	2.33204183463092
0.546737213403880	4.32051989420094	2.33738133174198
0.546496253856324	4.32117527603866	2.34270876939740
0.546255506607930	4.32182617393360	2.34802422856361
0.546014971378248	4.32247263356699	2.35332778930539
0.545774647887324	4.32311470000172	2.35861953080103
0.545534535855697	4.32375241769272	2.36389953135397
0.545294635004398	4.32438583049721	2.36916786840740
0.545054945054945	4.32501498168468	2.37442461855851
0.544815465729350	4.32563991394676	2.37966985756946
0.544576196750110	4.32626066940680	2.38490366038176
0.544337137840211	4.32687728962927	2.39012610112640
0.544098288723124	4.32748981562906	2.39533725313981
0.543859649122807	4.32809828788051	2.40053718897158
0.543621218763700	4.32870274632625	2.40572598039937
0.543382997370727	4.32930323038596	2.41090369843887
0.543144984669295	4.32989977896488	2.41607041335574
0.542907180385289	4.33049243046216	2.42122619467586
0.542669584245077	4.33108122277911	2.42637111119731
0.542432195975503	4.33166619332717	2.43150523099994
0.542195015303892	4.33224737903587	2.43662862145640
0.541958041958042	4.33282481636054	2.44174134924321
0.541721275666230	4.33339854128988	2.44684348034868
0.541484716157205	4.33396858935343	2.45193508008488
0.541248363160192	4.33453499562886	2.45701621309634
0.541012216404887	4.33509779474915	2.46208694336930
0.540776275621457	4.33565702090955	2.46714733424250
0.540540540540541	4.33621270787459	2.47219744841471
0.540305010893246	4.33676488898471	2.47723734795353
0.540069686411150	4.33731359716301	2.48226709430727
0.539834566826295	4.33785886492169	2.48728674830949
0.539599651871192	4.33840072436848	2.49229637019043
0.539364941278817	4.33893920721289	2.49729601958403
0.539130434782609	4.33947434477236	2.50228575553708
0.538896132116471	4.34000616797834	2.50726563651688
0.538662033014770	4.34053470738217	2.51223572041801
0.538428137212332	4.34105999316094	2.51719606457311
0.538194444444444	4.34158205512318	2.52214672575643
0.537960954446855	4.34210092271449	2.52708776019580
0.537727666955768	4.34261662502302	2.53201922357574
0.537494581707846	4.34312919078491	2.53694117104870
0.537261698440208	4.34363864838958	2.54185365723975
0.537029016890429	4.34414502588495	2.54675673625300
0.536796536796537	4.34464835098256	2.55165046168119
0.536564257897014	4.34514865106259	2.55653488661011
0.536332179930796	4.34564595317882	2.56141006362709
0.536100302637268	4.34614028406346	2.56627604482498
0.535868625756266	4.34663167013190	2.57113288181200
0.535637149028078	4.34712013748745	2.57598062571456
0.535405872193437	4.34760571192586	2.58081932718719
0.535174794993526	4.34808841893990	2.58564903641465
0.534943917169974	4.34856828372376	2.59046980312152
0.534713238464856	4.34904533117741	2.59528167657570
0.534482758620690	4.34951958591091	2.60008470559608
0.534252477380440	4.34999107224857	2.60487893855603
0.534022394487511	4.35045981423314	2.60966442339180
0.533792509685751	4.35092583562984	2.61444120760566
0.533562822719449	4.35138915993036	2.61920933827269
0.533333333333333	4.35184981035678	2.62396886204595
0.533104041272571	4.35230780986545	2.62871982516064
0.532874946282768	4.35276318115074	2.63346227344140
0.532646048109966	4.35321594664880	2.63819625230620
0.532417346500644	4.35366612854121	2.64292180677007
0.532188841201717	4.35411374875859	2.64763898145352
0.531960531960532	4.35455882898413	2.65234782058411
0.531732418524871	4.35500139065706	2.65704836800223
0.531504500642949	4.35544145497611	2.66174066716632
0.531276778063410	4.35587904290282	2.66642476115790
0.531049250535332	4.35631417516489	2.67110069268515
0.530821917808219	4.35674687225942	2.67576850408676
0.530594779632007	4.35717715445611	2.68042823733917
0.530367835757057	4.35760504180038	2.68507993405830
0.530141085934160	4.35803055411651	2.68972363550360
0.529914529914530	4.35845371101065	2.69435938258549
0.529688167449808	4.35887453187380	2.69898721586532
0.529461998292058	4.35929303588480	2.70360717556410
0.529236022193769	4.35970924201318	2.70821930156068
0.529010238907850	4.36012316902204	2.71282363340242
0.528784648187633	4.36053483547080	2.71742021030316
0.528559249786871	4.36094425971803	2.72200907115166
0.528334043459736	4.36135145992411	2.72659025451195
0.528109028960818	4.36175645405388	2.73116379862909
0.527884206045126	4.36215925987935	2.73572974143291
0.527659574468085	4.36255989498217	2.74028812053998
0.527435133985538	4.36295837675625	2.74483897325879
0.527210884353742	4.36335472241024	2.74938233659366
0.526986825329367	4.36374894896998	2.75391824724551
0.526762956669499	4.36414107328092	2.75844674161831
0.526539278131635	4.36453111201052	2.76296785582182
0.526315789473684	4.36491908165058	2.76748162567255
0.526092490453967	4.36530499851956	2.77198808670008
0.525869380831213	4.36568887876484	2.77648727414902
0.525646460364561	4.36607073836496	2.78097922298252
0.525423728813559	4.36645059313181	2.78546396788452
0.525201185938162	4.36682845871284	2.78994154326316
0.524978831498730	4.36720435059313	2.79441198325465
0.524756665256031	4.36757828409753	2.79887532172591
0.524534686971235	4.36795027439275	2.80333159227722
0.524312896405920	4.36832033648931	2.80778082824593
0.524091293322063	4.36868848524365	2.81222306270659
0.523869877482045	4.36905473536002	2.81665832847862
0.523648648648649	4.36941910139247	2.82108665812462
0.523427606585057	4.36978159774674	2.82550808395617
0.523206751054852	4.37014223868217	2.82992263803373
0.522986081822016	4.37050103831352	2.83433035217240
0.522765598650928	4.37085801061282	2.83873125794286
0.522545301306363	4.37121316941118	2.84312538667347
0.522325189553496	4.37156652840053	2.84751276945469
0.522105263157895	4.37191810113540	2.85189343713865
0.521885521885522	4.37226790103460	2.85626742034592
0.521665965502735	4.37261594138297	2.86063474946377
0.521446593776283	4.37296223533300	2.86499545465097
0.521227406473308	4.37330679590649	2.86934956584029
0.521008403361345	4.37364963599617	2.87369711274015
0.520789584208316	4.37399076836730	2.87803812483569
0.520570948782536	4.37433020565923	2.88237263139355
0.520352496852707	4.37466796038697	2.88670066146341
0.520134228187919	4.37500404494267	2.89102224387958
0.519916142557652	4.37533847159719	2.89533740726242
0.519698239731769	4.37567125250151	2.89964618002369
0.519480519480519	4.37600239968827	2.90394859036533
0.519262981574539	4.37633192507312	2.90824466628211
0.519045625784847	4.37665984045621	2.91253443556685
0.518828451882845	4.37698615752353	2.91681792580843
0.518611459640318	4.37731088784834	2.92109516439628
0.518394648829431	4.37763404289249	2.92536617852090
0.518178019222733	4.37795563400776	2.92963099517835
0.517961570593150	4.37827567243721	2.93388964116932
0.517745302713987	4.37859416931643	2.93814214310221
0.517529215358932	4.37891113567485	2.94238852739549
0.517313308302044	4.37922658243701	2.94662882028008
0.517097581317765	4.37954052042379	2.95086304779886
0.516882034180909	4.37985296035362	2.95509123581178
0.516666666666667	4.38016391284372	2.95931340999457
0.516451478550604	4.38047338841130	2.96352959584237
0.516236469608659	4.38078139747467	2.96773981867124
0.516021639617145	4.38108795035450	2.97194410361961
0.515806988352745	4.38139305727485	2.97614247565036
0.515592515592516	4.38169672836439	2.98033495955229
0.515378221113882	4.38199897365746	2.98452157994213
0.515164104694641	4.38229980309519	2.98870236126593
0.514950166112957	4.38259922652656	2.99287732779957
0.514736405147364	4.38289725370946	2.99704650365222
0.514522821576763	4.38319389431179	3.00120991276907
0.514309415180423	4.38348915791243	3.00536757892813
0.514096185737977	4.38378305400230	3.00951952574727
0.513883133029424	4.38407559198537	3.01366577668171
0.513670256835129	4.38436678117963	3.01780635502810
0.513457556935818	4.38465663081809	3.02194128392339
0.513245033112583	4.38494515004973	3.02607058635109
0.513032685146876	4.38523234794048	3.03019428513713
0.512820512820513	4.38551823347413	3.03431240295463
0.512608515915668	4.38580281555329	3.03842496232482
0.512396694214876	4.38608610300026	3.04253198561657
0.512185047501033	4.38636810455798	3.04663349505342
0.511973575557391	4.38664882889090	3.05072951270602
0.511762278167561	4.38692828458585	3.05482006050152
0.511551155115512	4.38720648015292	3.05890516022137
0.511340206185567	4.38748342402633	3.06298483350367
0.511129431162407	4.38775912456523	3.06705910184246
0.510918829831067	4.38803359005457	3.07112798659084
0.510708401976936	4.38830682870592	3.07519150896412
0.510498147385755	4.38857884865825	3.07924969003583
0.510288065843621	4.38884965797878	3.08330255074478
0.510078157136981	4.38911926466372	3.08735011189262
0.509868421052632	4.38938767663907	3.09139239414525
0.509658857377723	4.38965490176140	3.09542941803677
0.509449465899754	4.38992094781859	3.09946120396683
0.509240246406571	4.39018582253060	3.10348777220536
0.509031198686371	4.39044953355018	3.10750914289066
0.508822322527698	4.39071208846362	3.11152533603413
0.508613617719442	4.39097349479147	3.11553637151666
0.508405084050841	4.39123375998925	3.11954226909667
0.508196721311475	4.39149289144814	3.12354304840140
0.507988529291274	4.39175089649567	3.12753872893916
0.507780507780508	4.39200778239643	3.13152933009226
0.507572656569791	4.39226355635273	3.13551487111905
0.507364975450082	4.39251822550525	3.13949537116041
0.507157464212679	4.39277179693372	3.14347084923585
0.506950122649223	4.39302427765756	3.14744132424389
0.506742950551696	4.39327567463652	3.15140681496851
0.506535947712418	4.39352599477131	3.15536734007428
0.506329113924051	4.39377524490425	3.15932291810930
0.506122448979592	4.39402343181983	3.16327356750905
0.505915952672379	4.39427056224538	3.16721930659226
0.505709624796085	4.39451664285165	3.17116015356830
0.505503465144721	4.39476168025337	3.17509612653123
0.505297473512632	4.39500568100990	3.17902724346624
0.505091649694501	4.39524865162575	3.18295352224728
0.504885993485342	4.39549059855118	3.18687498063807
0.504680504680505	4.39573152818278	3.19079163629688
0.504475183075671	4.39597144686398	3.19470350677310
0.504270028466856	4.39621036088564	3.19861060951009
0.504065040650407	4.39644827648659	3.20251296184443
0.503860219422999	4.39668519985414	3.20641058101066
0.503655564581641	4.39692113712466	3.21030348413674
0.503451075923670	4.39715609438404	3.21419168825074
0.503246753246753	4.39739007766826	3.21807521027517
0.503042596348884	4.39762309296387	3.22195406703566
0.502838605028386	4.39785514620851	3.22582827525334
0.502634779083908	4.39808624329142	3.22969785155346
0.502431118314425	4.39831639005389	3.23356281245971
0.502227622519239	4.39854559228979	3.23742317439991
0.502024291497976	4.39877385574604	3.24127895370510
0.501821125050587	4.39900118612306	3.24513016660751
0.501618122977346	4.39922758907526	3.24897682924741
0.501415285078852	4.39945307021153	3.25281895766709
0.501212611156023	4.39967763509562	3.25665656781773
0.501010101010101	4.39990128924669	3.26048967555634
0.500807754442650	4.40012403813968	3.26431829664664
0.500605571255551	4.40034588720577	3.26814244676292
0.500403551251009	4.40056684183285	3.27196214148594
0.500201694231545	4.40078690736592	3.27577739630977
0.500000000000000	4.40100608910751	3.27958822663461
0.499798468359532	4.40122439231813	3.28339464777674
0.499597099113618	4.40144182221664	3.28719667496122
0.499395892066049	4.40165838398072	3.29099432332573
0.499194847020934	4.40187408274723	3.29478760792558
0.498993963782696	4.40208892361263	3.29857654372413
0.498793242156074	4.40230291163336	3.30236114560501
0.498592681946120	4.40251605182628	3.30614142836355
0.498392282958199	4.40272834916897	3.30991740671277
0.498192044997991	4.40293980860020	3.31368909528311
0.497991967871486	4.40315043502028	3.31745650862111
0.497792051384986	4.40336023329139	3.32121966119114
0.497592295345104	4.40356920823801	3.32497856738053
0.497392699558765	4.40377736464726	3.32873324148955
0.497193263833200	4.40398470726926	3.33248369774500
0.496993987975952	4.40419124081749	3.33622995028808
0.496794871794872	4.40439696996912	3.33997201318474
0.496595915098118	4.40460189936542	3.34370990042429
0.496397117694155	4.40480603361202	3.34744362591689
0.496198479391757	4.40500937727934	3.35117320349186
0.496000000000000	4.40521193490283	3.35489864691068
0.495801679328269	4.40541371098340	3.35861996985097
0.495603517186251	4.40561470998768	3.36233718592050
0.495405513383939	4.40581493634836	3.36605030865012
0.495207667731629	4.40601439446456	3.36975935149769
0.495009980039920	4.40621308870206	3.37346432784539
0.494812450119713	4.40641102339368	3.37716525100491
0.494615077782210	4.40660820283959	3.38086213421578
0.494417862838916	4.40680463130758	3.38455499064493
0.494220805101634	4.40700031303339	3.38824383338838
0.494023904382470	4.40719525222100	3.39192867546963
0.493827160493827	4.40738945304295	3.39560952984483
0.493630573248408	4.40758291964058	3.39928640939879
0.493434142459212	4.40777565612439	3.40295932694791
0.493237867939539	4.40796766657428	3.40662829524078
0.493041749502982	4.40815895503985	3.41029332695404
0.492845786963434	4.40834952554066	3.41395443470241
0.492649980135082	4.40853938206654	3.41761163102983
0.492454328832407	4.40872852857785	3.42126492841356
0.492258832870187	4.40891696900576	3.42491433926835
0.492063492063492	4.40910470725249	3.42855987593859
0.491868306227687	4.40929174719160	3.43220155070610
0.491673275178430	4.40947809266826	3.43583937578826
0.491478398731669	4.40966374749949	3.43947336333856
0.491283676703645	4.40984871547442	3.44310352544348
0.491089108910891	4.41003300035456	3.44672987413281
0.490894695170230	4.41021660587404	3.45035242136544
0.490700435298773	4.41039953573984	3.45397117904592
0.490506329113924	4.41058179363207	3.45758615901009
0.490312376433373	4.41076338320421	3.46119737303808
0.490118577075099	4.41094430808332	3.46480483284480
0.489924930857369	4.41112457187030	3.46840855008669
0.489731437598736	4.41130417814013	3.47200853636102
0.489538097118042	4.41148313044209	3.47560480320125
0.489344909234412	4.41166143229999	3.47919736208773
0.489151873767258	4.41183908721241	3.48278622443671
0.488958990536278	4.41201609865293	3.48637140160975
0.488766259361451	4.41219247007032	3.48995290490781
0.488573680063042	4.41236820488880	3.49353074557552
0.488381252461599	4.41254330650823	3.49710493480045
0.488188976377953	4.41271777830435	3.50067548371349
0.487996851633215	4.41289162362897	3.50424240338935
0.487804878048781	4.41306484581019	3.50780570484436
0.487613055446323	4.41323744815262	3.51136539904353
0.487421383647799	4.41340943393757	3.51492149689305
0.487229862475442	4.41358080642328	3.51847400924737
0.487038491751767	4.41375156884509	3.52202294690430
0.486847271299568	4.41392172441567	3.52556832060813
0.486656200941915	4.41409127632518	3.52911014105004
0.486465280502158	4.41426022774152	3.53264841886718
0.486274509803922	4.41442858181047	3.53618316464582
0.486083888671109	4.41459634165594	3.53971438891767
0.485893416927900	4.41476351038010	3.54324210216164
0.485703094398747	4.41493009106360	3.54676631480839
0.485512920908379	4.41509608676577	3.55028703723248
0.485322896281800	4.41526150052477	3.55380427976239
0.485133020344288	4.41542633535780	3.55731805266991
0.484943292921392	4.41559059426125	3.56082836618296
0.484753713838937	4.41575428021093	3.56433523047489
0.484564282923017	4.41591739616220	3.56783865567186
0.484375000000000	4.41607994505015	3.57133865184754
0.484185864896525	4.41624192978980	3.57483522903202
0.483996877439500	4.41640335327625	3.57832839719940
0.483808037456106	4.41656421838487	3.58181816628098
0.483619344773791	4.41672452797141	3.58530454615991
0.483430799220273	4.41688428487227	3.58878754666871
0.483242400623539	4.41704349190455	3.59226717759392
0.483054148811843	4.41720215186631	3.59574344867501
0.482866043613707	4.41736026753665	3.59921636960624
0.482678084857921	4.41751784167594	3.60268595003111
0.482490272373541	4.41767487702592	3.60615219955301
0.482302605989887	4.41783137630992	3.60961512772379
0.482115085536547	4.41798734223293	3.61307474405295
0.481927710843374	4.41814277748183	3.61653105800504
0.481740481740482	4.41829768472552	3.61998407899998
0.481553398058252	4.41845206661503	3.62343381640892
0.481366459627329	4.41860592578373	3.62688027956356
0.481179666278619	4.41875926484745	3.63032347774896
0.480993017843289	4.41891208640459	3.63376342020838
0.480806514152772	4.41906439303635	3.63720011613910
0.480620155038760	4.41921618730678	3.64063357469726
0.480433940333204	4.41936747176298	3.64406380499667
0.480247869868319	4.41951824893522	3.64749081610607
0.480061943476578	4.41966852133709	3.65091461705247
0.479876160990712	4.41981829146562	3.65433521682305
0.479690522243714	4.41996756180143	3.65775262436082
0.479505027068832	4.42011633480886	3.66116684856800
0.479319675299575	4.42026461293610	3.66457789830791
0.479134466769706	4.42041239861532	3.66798578239742
0.478949401313248	4.42055969426282	3.67139050961826
0.478764478764479	4.42070650227914	3.67479208870942
0.478579698957931	4.42085282504920	3.67819052836743
0.478395061728395	4.42099866494239	3.68158583725462
0.478210566910914	4.42114402431277	3.68497802398985
0.478026214340786	4.42128890549912	3.68836709715032
0.477842003853565	4.42143331082511	3.69175306527994
0.477657935285054	4.42157724259939	3.69513593687835
0.477474008471313	4.42172070311575	3.69851572040919
0.477290223248653	4.42186369465319	3.70189242429722
0.477106579453636	4.42200621947609	3.70526605693019
0.476923076923077	4.42214827983428	3.70863662665583
0.476739715494041	4.42228987796320	3.71200414178375
0.476556495003843	4.42243101608397	3.71536861059068
0.476373415290050	4.42257169640355	3.71873004130912
0.476190476190476	4.42271192111483	3.72208844214258
0.476007677543186	4.42285169239673	3.72544382124913
0.475825019186493	4.42299101241433	3.72879618675841
0.475642500958957	4.42312988331897	3.73214554675846
0.475460122699387	4.42326830724837	3.73549190930269
0.475277884246838	4.42340628632673	3.73883528240843
0.475095785440613	4.42354382266482	3.74217567406063
0.474913826120260	4.42368091836013	3.74551309220352
0.474732006125574	4.42381757549692	3.74884754475117
0.474550325296594	4.42395379614637	3.75217903957738
0.474368783473604	4.42408958236665	3.75550758452456
0.474187380497132	4.42422493620306	3.75883318740223
0.474006116207951	4.42435985968807	3.76215585598035
0.473824990447077	4.42449435484148	3.76547559799992
0.473644003055768	4.42462842367049	3.76879242116634
0.473463153875525	4.42476206816980	3.77210633314777
0.473282442748092	4.42489529032172	3.77541734158600
0.473101869515452	4.42502809209623	3.77872545408426
0.472921434019832	4.42516047545114	3.78203067821282
0.472741136103698	4.42529244233211	3.78533302151090
0.472560975609756	4.42542399467281	3.78863249148520
0.472380952380952	4.42555513439495	3.79192909560829
0.472201066260472	4.42568586340844	3.79522284132241
0.472021317091740	4.42581618361141	3.79851373603428
0.471841704718417	4.42594609689035	3.80180178712256
0.471662228984405	4.42607560512019	3.80508700193260
0.471482889733840	4.42620471016438	3.80836938777851
0.471303686811098	4.42633341387498	3.81164895194335
0.471124620060790	4.42646171809274	3.81492570167561
0.470945689327763	4.42658962464720	3.81819964420058
0.470766894457099	4.42671713535676	3.82147078670382
0.470588235294118	4.42684425202879	3.82473913634622
0.470409711684370	4.42697097645969	3.82800470025494
0.470231323473644	4.42709731043497	3.83126748553103
0.470053070507961	4.42722325572934	3.83452749924028
0.469874952633573	4.42734881410682	3.83778474842282
0.469696969696970	4.42747398732077	3.84103924008956
0.469519121544869	4.42759877711399	3.84429098121474
0.469341408024224	4.42772318521884	3.84753997875137
0.469163828982217	4.42784721335723	3.85078623961999
0.468986384266263	4.42797086324080	3.85402977071267
0.468809073724008	4.42809413657090	3.85727057889128
0.468631897203326	4.42821703503876	3.86050867099151
0.468454854552323	4.42833956032548	3.86374405381923
0.468277945619335	4.42846171410218	3.86697673415062
0.468101170252926	4.42858349803000	3.87020671873432
0.467924528301887	4.42870491376025	3.87343401429555
0.467748019615240	4.42882596293443	3.87665862752251
0.467571644042232	4.42894664718430	3.87988056508427
0.467395401432341	4.42906696813201	3.88309983361918
0.467219291635268	4.42918692739010	3.88631643973491
0.467043314500942	4.42930652656162	3.88953039001866
0.466867469879518	4.42942576724016	3.89274169102738
0.466691757621378	4.42954465100997	3.89595034928986
0.466516177577126	4.42966317944598	3.89915637130693
0.466340729597593	4.42978135411389	3.90235976355766
0.466165413533835	4.42989917657024	3.90556053248947
0.465990229237129	4.43001664836249	3.90875868452836
0.465815176558978	4.43013377102903	3.91195422607101
0.465640255351108	4.43025054609931	3.91514716349104
0.465465465465466	4.43036697509389	3.91833750313095
0.465290806754221	4.43048305952446	3.92152525131258
0.465116279069767	4.43059880089398	3.92471041432902
0.464941882264717	4.43071420069667	3.92789299845095
0.464767616191904	4.43082926041812	3.93107300992063
0.464593480704384	4.43094398153534	3.93425045495823
0.464419475655431	4.43105836551680	3.93742533975788
0.464245600898540	4.43117241382254	3.94059767048777
0.464071856287425	4.43128612790417	3.94376745329030
0.463898241676019	4.43139950920499	3.94693469428859
0.463724756918474	4.43151255916001	3.95009939957391
0.463551401869159	4.43162527919602	3.95326157522069
0.463378176382661	4.43173767073164	3.95642122727606
0.463205080313784	4.43184973517741	3.95957836175780
0.463032113517550	4.43196147393580	3.96273298466951
0.462859275849197	4.43207288840132	3.96588510198572
0.462686567164179	4.43218397996053	3.96903471965417
0.462513987318165	4.43229474999212	3.97218184360895
0.462341536167040	4.43240519986696	3.97532647974893
0.462169213566903	4.43251533094817	3.97846863395966
0.461997019374069	4.43262514459115	3.98160831209606
0.461824953445065	4.43273464214364	3.98474551999790
0.461653015636634	4.43284382494579	3.98788026347230
0.461481205805731	4.43295269433021	3.99101254831377
0.461309523809524	4.43306125162200	3.99414238028887
0.461137969505392	4.43316949813884	3.99726976513848
0.460966542750929	4.43327743519100	4.00039470858689
0.460795243403939	4.43338506408141	4.00351721633525
0.460624071322437	4.43349238610575	4.00663729406171
0.460453026364649	4.43359940255243	4.00975494741923
0.460282108389013	4.43370611470269	4.01287018204707
0.460111317254174	4.43381252383063	4.01598300355276
0.459940652818991	4.43391863120327	4.01909341752813
0.459770114942529	4.43402443808059	4.02220142954491
0.459599703484062	4.43412994571558	4.02530704514796
0.459429418303075	4.43423515535431	4.02841026986460
0.459259259259259	4.43434006823594	4.03151110919778
0.459089226212514	4.43444468559279	4.03460956863783
0.458919319022946	4.43454900865039	4.03770565364401
0.458749537550869	4.43465303862751	4.04079936965854
0.458579881656805	4.43475677673624	4.04389072210207
0.458410351201479	4.43486022418198	4.04697971637618
0.458240946045824	4.43496338216355	4.05006635786583
0.458071666050979	4.43506625187318	4.05315065192772
0.457902511078287	4.43516883449660	4.05623260389979
0.457733480989295	4.43527113121305	4.05931221910613
0.457564575645757	4.43537314319534	4.06238950284283
0.457395794909627	4.43547487160989	4.06546446038760
0.457227138643068	4.43557631761677	4.06853709700710
0.457058606708441	4.43567748236977	4.07160741793547
0.456890198968312	4.43577836701640	4.07467542839604
0.456721915285451	4.43587897269795	4.07774113358700
0.456553755522828	4.43597930054955	4.08080453869119
0.456385719543614	4.43607935170019	4.08386564887136
0.456217807211185	4.43617912727277	4.08692446927028
0.456050018389114	4.43627862838412	4.08998100500837
0.455882352941177	4.43637785614510	4.09303526119365
0.455714810731349	4.43647681166056	4.09608724290956
0.455547391623806	4.43657549602944	4.09913695522239
0.455380095482923	4.43667391034479	4.10218440318400
0.455212922173275	4.43677205569380	4.10522959181939
0.455045871559633	4.43686993315786	4.10827252613926
0.454878943506970	4.43696754381258	4.11131321114021
0.454712137880455	4.43706488872783	4.11435165178972
0.454545454545455	4.43716196896779	4.11738785304889
0.454378893367534	4.43725878559100	4.12042181985240
0.454212454212454	4.43735533965034	4.12345355711869
0.454046136946174	4.43745163219313	4.12648306975008
0.453879941434846	4.43754766426114	4.12951036263290
0.453713867544823	4.43764343689064	4.13253544062732
0.453547915142648	4.43773895111241	4.13555830858539
0.453382084095064	4.43783420795180	4.13857897133578
0.453216374269006	4.43792920842875	4.14159743368890
0.453050785531604	4.43802395355785	4.14461370044492
0.452885317750183	4.43811844434834	4.14762777637817
0.452719970792260	4.43821268180418	4.15063966625034
0.452554744525547	4.43830666692406	4.15364937480263
0.452389638817950	4.43840040070144	4.15665690676380
0.452224653537564	4.43849388412460	4.15966226684236
0.452059788552680	4.43858711817664	4.16266545973192
0.451895043731778	4.43868010383556	4.16566649010334
0.451730418943534	4.43877284207425	4.16866536262072
0.451565914056810	4.43886533386055	4.17166208192027
0.451401528940663	4.43895758015726	4.17465665263436
0.451237263464338	4.43904958192220	4.17764907936756
0.451073117497272	4.43914134010823	4.18063936671281
0.450909090909091	4.43923285566326	4.18362751924611
0.450745183569611	4.43932412953034	4.18661354152661
0.450581395348837	4.43941516264762	4.18959743809947
0.450417726116963	4.43950595594843	4.19257921349041
0.450254175744372	4.43959651036129	4.19555887221407
0.450090744101633	4.43968682680995	4.19853641876310
0.449927431059507	4.43977690621343	4.20151185761924
0.449764236488937	4.43986674948601	4.20448519324236
0.449601160261059	4.43995635753733	4.20745643008437
0.449438202247191	4.44004573127234	4.21042557257825
0.449275362318841	4.44013487159138	4.21339262513534
0.449112640347700	4.44022377939021	4.21635759216490
0.448950036205648	4.44031245556001	4.21932047804907
0.448787549764749	4.44040090098744	4.22228128715697
0.448625180897250	4.44048911655464	4.22524002384755
0.448462929475588	4.44057710313929	4.22819669245844
0.448300795372379	4.44066486161460	4.23115129731445
0.448138778460427	4.44075239284938	4.23410384272774
0.447976878612717	4.44083969770804	4.23705433299212
0.447815095702420	4.44092677705062	4.24000277239177
0.447653429602888	4.44101363173284	4.24294916518408
0.447491880187658	4.44110026260608	4.24589351562844
0.447330447330447	4.44118667051746	4.24883582795180
0.447169130905157	4.44127285630984	4.25177610638623
0.447007930785869	4.44135882082186	4.25471435512857
0.446846846846847	4.44144456488793	4.25765057837807
0.446685878962536	4.44153008933831	4.26058478031046
0.446525027007562	4.44161539499910	4.26351696508955
0.446364290856731	4.44170048269227	4.26644713686151
0.446203670385031	4.44178535323569	4.26937529976667
0.446043165467626	4.44187000744318	4.27230145792789
0.445882775979863	4.44195444612449	4.27522561544164
0.445722501797268	4.44203867008534	4.27814777641368
0.445562342795544	4.44212268012747	4.28106794491165
0.445402298850575	4.44220647704865	4.28398612500972
0.445242369838420	4.44229006164268	4.28690232075593
0.445082555635319	4.44237343469946	4.28981653618713
0.444922856117689	4.44245659700496	4.29272877532907
0.444763271162123	4.44253954934131	4.29563904219050
0.444603800645393	4.44262229248676	4.29854734077223
0.444444444444444	4.44270482721574	4.30145367505212
0.444285202436403	4.44278715429888	4.30435804900634
0.444126074498567	4.44286927450302	4.30726046658820
0.443967060508414	4.44295118859126	4.31016093174032
0.443808160343593	4.44303289732293	4.31305944839479
0.443649373881932	4.44311440145367	4.31595602046707
0.443490701001431	4.44319570173544	4.31885065186530
0.443332141580265	4.44327679891652	4.32174334647489
0.443173695496783	4.44335769374153	4.32463410817721
0.443015362629511	4.44343838695149	4.32752294083719
0.442857142857143	4.44351887928382	4.33040984830969
0.442699036058551	4.44359917147233	4.33329483442695
0.442541042112777	4.44367926424731	4.33617790302382
0.442383160899037	4.44375915833549	4.33905905790631
0.442225392296719	4.44383885446010	4.34193830288328
0.442067736185383	4.44391835334086	4.34481564174113
0.441910192444761	4.44399765569403	4.34769107825340
0.441752760954756	4.44407676223242	4.35056461618716
0.441595441595442	4.44415567366539	4.35343625929035
0.441438234247063	4.44423439069893	4.35630601130785
0.441281138790036	4.44431291403559	4.35917387596548
0.441124155104945	4.44439124437459	4.36203985697326
0.440967283072546	4.44446938241177	4.36490395803837
0.440810522573765	4.44454732883968	4.36776618284907
0.440653873489694	4.44462508434751	4.37062653508772
0.440497335701599	4.44470264962121	4.37348501841456
0.440340909090909	4.44478002534343	4.37634163648733
0.440184593539226	4.44485721219358	4.37919639295158
0.440028388928318	4.44493421084782	4.38204929143408
0.439872295140121	4.44501102197913	4.38490033555611
0.439716312056738	4.44508764625728	4.38774952892024
0.439560439560440	4.44516408434886	4.39059687512698
0.439404677533664	4.44524033691731	4.39344237776160
0.439249025859015	4.44531640462294	4.39628604039414
0.439093484419264	4.44539228812293	4.39912786658277
0.438938053097345	4.44546798807138	4.40196785988396
0.438782731776362	4.44554350511927	4.40480602383236
0.438627520339583	4.44561883991456	4.40764236195094
0.438472418670438	4.44569399310214	4.41047687775776
0.438317426652527	4.44576896532388	4.41330957476275
0.438162544169611	4.44584375721864	4.41614045644733
0.438007771105616	4.44591836942227	4.41896952630525
0.437853107344633	4.44599280256768	4.42179678780185
0.437698552770914	4.44606705728479	4.42462224439446
0.437544107268878	4.44614113420060	4.42744589953598
0.437389770723104	4.44621503393918	4.43026775665771
0.437235543018336	4.44628875712169	4.43308781919703
0.437081424039478	4.44636230436640	4.43590609055939
0.436927413671600	4.44643567628872	4.43872257415993
0.436773511799930	4.44650887350120	4.44153727338537
0.436619718309859	4.44658189661354	4.44435019161835
0.436466033086941	4.44665474623262	4.44716133223755
0.436312456016890	4.44672742296253	4.44997069860376
0.436158986985579	4.44679992740455	4.45277829406334
0.436005625879044	4.44687226015719	4.45558412196599
0.435852372583480	4.44694442181621	4.45838818563647
0.435699226985242	4.44701641297462	4.46119048839948
0.435546188970847	4.44708823422270	4.46399103356192
0.435393258426966	4.44715988614804	4.46678982442365
0.435240435240435	4.44723136933551	4.46958686427751
0.435087719298246	4.44730268436731	4.47238215639507
0.434935110487548	4.44737383182297	4.47517570405176
0.434782608695652	4.44744481227939	4.47796751050179
0.434630213810025	4.44751562631080	4.48075757899984
0.434477925718290	4.44758627448884	4.48354591277570
0.434325744308231	4.44765675738254	4.48633251506707
0.434173669467787	4.44772707555833	4.48911738908315
0.434021701085054	4.44779722958007	4.49190053804123
0.433869839048286	4.44786722000908	4.49468196513743
0.433718083245890	4.44793704740410	4.49746167355408
0.433566433566434	4.44800671232135	4.50023966647813
0.433414889898637	4.44807621531455	4.50301594707549
0.433263452131377	4.44814555693489	4.50579051850200
0.433112120153685	4.44821473773110	4.50856338391475
0.432960893854749	4.44828375824941	4.51133454644602
0.432809773123909	4.44835261903361	4.51410400923316
0.432658757850663	4.44842132062502	4.51687177539626
0.432507847924660	4.44848986356255	4.51963784803805
0.432357043235704	4.44855824838267	4.52240223027041
0.432206343673754	4.44862647561946	4.52516492518040
0.432055749128920	4.44869454580460	4.52792593585302
0.431905259491466	4.44876245946739	4.53068526536368
0.431754874651811	4.44883021713476	4.53344291677442
0.431604594500522	4.44889781933130	4.53619889313388
0.431454418928323	4.44896526657926	4.53895319750040
0.431304347826087	4.44903255939854	4.54170583290371
0.431154381084840	4.44909969830675	4.54445680236795
0.431004518595760	4.44916668381920	4.54720610891948
0.430854760250174	4.44923351644890	4.54995375555989
0.430705105939562	4.44930019670657	4.55269974529309
0.430555555555556	4.44936672510071	4.55544408110988
0.430406108989934	4.44943310213753	4.55818676599186
0.430256766134629	4.44949932832103	4.56092780291145
0.430107526881720	4.44956540415296	4.56366719483590
0.429958391123440	4.44963133013287	4.56640494471547
0.429809358752166	4.44969710675811	4.56914105550324
0.429660429660430	4.44976273452384	4.57187553013140
0.429511603740908	4.44982821392304	4.57460837153110
0.429362880886427	4.44989354544652	4.57733958262056
0.429214260989962	4.44995872958295	4.58006916631712
0.429065743944637	4.45002376681885	4.58279712551325
0.428917329643722	4.45008865763861	4.58552346311663
0.428769017980636	4.45015340252450	4.58824818200209
0.428620808848946	4.45021800195670	4.59097128505179
0.428472702142364	4.45028245641327	4.59369277513517
0.428324697754750	4.45034676637020	4.59641265510893
0.428176795580111	4.45041093230140	4.59913092782518
0.428028995512599	4.45047495467875	4.60184759613151
0.427881297446515	4.45053883397203	4.60456266285881
0.427733701276302	4.45060257064901	4.60727613083348
0.427586206896552	4.45066616517544	4.60998800287757
0.427438814201999	4.45072961801503	4.61269828180055
0.427291523087526	4.45079292962951	4.61540697040348
0.427144333448157	4.45085610047858	4.61811407147486
0.426997245179063	4.45091913102000	4.62081958781144
0.426850258175559	4.45098202170952	4.62352352218089
0.426703372333104	4.45104477300094	4.62622587735504
0.426556587547300	4.45110738534611	4.62892665609333
0.426409903713893	4.45116985919494	4.63162586115534
0.426263320728773	4.45123219499540	4.63432349528411
0.426116838487973	4.45129439319355	4.63701956121451
0.425970456887667	4.45135645423352	4.63971406167329
0.425824175824176	4.45141837855755	4.64240699938755
0.425677995193958	4.45148016660601	4.64509837706790
0.425531914893617	4.45154181881735	4.64778819742117
0.425385934819897	4.45160333562819	4.65047646314622
0.425240054869685	4.45166471747325	4.65316317692968
0.425094274940007	4.45172596478543	4.65584834145880
0.424948594928033	4.45178707799577	4.65853195940010
0.424803014731072	4.45184805753350	4.66121403342942
0.424657534246575	4.45190890382601	4.66389456620189
0.424512153372133	4.45196961729887	4.66657356037347
0.424366872005476	4.45203019837589	4.66925101857935
0.424221690044475	4.45209064747904	4.67192694346437
0.424076607387141	4.45215096502852	4.67460133765263
0.423931623931624	4.45221115144279	4.67727420377365
0.423786739576213	4.45227120713849	4.67994554442745
0.423641954219337	4.45233113253055	4.68261536223711
0.423497267759563	4.45239092803213	4.68528365978742
0.423352680095596	4.45245059405467	4.68795043967759
0.423208191126280	4.45251013100786	4.69061570449498
0.423063800750597	4.45256953929970	4.69327945681057
0.422919508867667	4.45262881933645	4.69594169919678
0.422775315376747	4.45268797152269	4.69860243421412
0.422631220177232	4.45274699626130	4.70126166442020
0.422487223168654	4.45280589395349	4.70391939236978
0.422343324250681	4.45286466499877	4.70657562058781
0.422199523323119	4.45292330979502	4.70923035162341
0.422055820285909	4.45298182873842	4.71188358799592
0.421912215039129	4.45304022222355	4.71453533222190
0.421768707482993	4.45309849064331	4.71718558682433
0.421625297517851	4.45315663438899	4.71983435430084
0.421481985044188	4.45321465385024	4.72248163715097
0.421338769962623	4.45327254941513	4.72512743786715
0.421195652173913	4.45333032147009	4.72777175893470
0.421052631578947	4.45338797039996	4.73041460283188
0.420909708078751	4.45344549658800	4.73305597202989
0.420766881574483	4.45350290041589	4.73569586898831
0.420624151967436	4.45356018226371	4.73833429616895
0.420481519159037	4.45361734251002	4.74097125601741
0.420338983050847	4.45367438153178	4.74360675098161
0.420196543544561	4.45373129970444	4.74624078349328
0.420054200542005	4.45378809740187	4.74887335598657
0.419911953945140	4.45384477499643	4.75150447088414
0.419769803656060	4.45390133285895	4.75413413060651
0.419627749576988	4.45395777135875	4.75676233755326
0.419485791610284	4.45401409086363	4.75938909413132
0.419343929658438	4.45407029173989	4.76201440274562
0.419202163624070	4.45412637435234	4.76463826577546
0.419060493409936	4.45418233906429	4.76726068560759
0.418918918918919	4.45423818623759	4.76988166462696
0.418777440054036	4.45429391623261	4.77250120518794
0.418636056718434	4.45434952940825	4.77511930966698
0.418494768815390	4.45440502612196	4.77773598041961
0.418353576248313	4.45446040672974	4.78035121979474
0.418212478920742	4.45451567158615	4.78296503013476
0.418071476736345	4.45457082104430	4.78557741378518
0.417930569598921	4.45462585545589	4.78818837307054
0.417789757412399	4.45468077517120	4.79079791031855
0.417649040080835	4.45473558053909	4.79340602785053
0.417508417508418	4.45479027190700	4.79601272797158
0.417367889599462	4.45484484962100	4.79861801300492
0.417227456258412	4.45489931402575	4.80122188523305
0.417087117389842	4.45495366546453	4.80382434696160
0.416946872898453	4.45500790427924	4.80642540047020
0.416806722689076	4.45506203081040	4.80902504804695
0.416666666666667	4.45511604539719	4.81162329196880
0.416526704736312	4.45516994837741	4.81422013449648
0.416386836803224	4.45522374008751	4.81681557790439
0.416247062772743	4.45527742086262	4.81940962444083
0.416107382550336	4.45533099103650	4.82200227636285
0.415967796041597	4.45538445094159	4.82459353591138
0.415828303152247	4.45543780090903	4.82718340532619
0.415688903788133	4.45549104126862	4.82977188684097
0.415549597855228	4.45554417234884	4.83235898268838
0.415410385259632	4.45559719447688	4.83494469508493
0.415271265907569	4.45565010797864	4.83752902624611
0.415132239705390	4.45570291317871	4.84011197838142
0.414993306559572	4.45575561040042	4.84269355369435
0.414854466376715	4.45580819996578	4.84527375438243
0.414715719063545	4.45586068219556	4.84785258263723
0.414577064526914	4.45591305740927	4.85043004064439
0.414438502673797	4.45596532592513	4.85300613058882
0.414300033411293	4.45601748806013	4.85558085464441
0.414161656646627	4.45606954413001	4.85815421497396
0.414023372287145	4.45612149444925	4.86072621374484
0.413885180240320	4.45617333933112	4.86329685311339
0.413747080413747	4.45622507908764	4.86586613523537
0.413609072715143	4.45627671402962	4.86843406224511
0.413471157052351	4.45632824446665	4.87100063629733
0.413333333333333	4.45637967070709	4.87356585951482
0.413195601466178	4.45643099305814	4.87612973403568
0.413057961359094	4.45648221182575	4.87869226197651
0.412920412920413	4.45653332731470	4.88125344546411
0.412782956058589	4.45658433982859	4.88381328659846
0.412645590682196	4.45663524966982	4.88637178749507
0.412508316699933	4.45668605713962	4.88892895025863
0.412371134020619	4.45673676253805	4.89148477697755
0.412234042553191	4.45678736616401	4.89403926973998
0.412097042206713	4.45683786831524	4.89659243063925
0.411960132890366	4.45688826928831	4.89914426175249
0.411823314513451	4.45693856937866	4.90169476515128
0.411686586985392	4.45698876888059	4.90424394290712
0.411549950215732	4.45703886808724	4.90679179708064
0.411413404114134	4.45708886729064	4.90933832973790
0.411276948590381	4.45713876678169	4.91188354291778
0.411140583554377	4.45718856685015	4.91442743868097
0.411004308916142	4.45723826778470	4.91697001905550
0.410868124585818	4.45728786987288	4.91951128609687
0.410732030473667	4.45733737340114	4.92205124182236
0.410596026490066	4.45738677865482	4.92458988826036
0.410460112545515	4.45743608591817	4.92712722743952
0.410324288550629	4.45748529547436	4.92966326136660
0.410188554416143	4.45753440760547	4.93219799205973
0.410052910052910	4.45758342259249	4.93473142152068
0.409917355371901	4.45763234071535	4.93726355175157
0.409781890284204	4.45768116225292	4.93979438474930
0.409646514701024	4.45772988748299	4.94232392249999
0.409511228533686	4.45777851668229	4.94485216699019
0.409376031693628	4.45782705012651	4.94737912020129
0.409240924092409	4.45787548809029	4.94990478411522
0.409105905641702	4.45792383084721	4.95242916068620
0.408970976253298	4.45797207866984	4.95495225189157
0.408836135839103	4.45802023182969	4.95747405968668
0.408701384311140	4.45806829059726	4.95999458603312
0.408566721581549	4.45811625524202	4.96251383287612
0.408432147562582	4.45816412603241	4.96503180215582
0.408297662166612	4.45821190323588	4.96754849581877
0.408163265306122	4.45825958711885	4.97006391580662
0.408028956893715	4.45830717794674	4.97257806403302
0.407894736842105	4.45835467598398	4.97509094244119
0.407760605064124	4.45840208149400	4.97760255294063
0.407626561472715	4.45844939473923	4.98011289745320
0.407492605980940	4.45849661598113	4.98262197789014
0.407358738501971	4.45854374548017	4.98512979615194
0.407224958949097	4.45859078349584	4.98763635414588
0.407091267235719	4.45863773028667	4.99014165376271
0.406957663275353	4.45868458611021	4.99264569690592
0.406824146981627	4.45873135122306	4.99514848545076
0.406690718268285	4.45877802588084	4.99765002128525
0.406557377049180	4.45882461033825	5.00015030628677
0.406424123238283	4.45887110484900	5.00264934233386
0.406290956749672	4.45891750966590	5.00514713128255
0.406157877497543	4.45896382504077	5.00764367500783
0.406024885396202	4.45901005122454	5.01013897536218
0.405891980360066	4.45905618846717	5.01263303420528
0.405759162303665	4.45910223701773	5.01512585339218
0.405626431141642	4.45914819712433	5.01761743475528
0.405493786788751	4.45919406903418	5.02010778014029
0.405361229159856	4.45923985299358	5.02259689138832
0.405228758169935	4.45928554924790	5.02508477032382
0.405096373734074	4.45933115804162	5.02757141878475
0.404964075767472	4.45937667961832	5.03005683858030
0.404831864185439	4.45942211422067	5.03254103153931
0.404699738903394	4.45946746209045	5.03502399947397
0.404567699836868	4.45951272346855	5.03750574419189
0.404435746901500	4.45955789859499	5.03998626749620
0.404303880013042	4.45960298770887	5.04246557119160
0.404172099087353	4.45964799104845	5.04494365706607
0.404040404040404	4.45969290885110	5.04742052692151
0.403908794788274	4.45973774135333	5.04989618254312
0.403777271247151	4.45978248879077	5.05237062570545
0.403645833333333	4.45982715139819	5.05484385819714
0.403514480963228	4.45987172940952	5.05731588178388
0.403383214053351	4.45991622305782	5.05978669824557
0.403252032520325	4.45996063257530	5.06225630933909
0.403120936280884	4.46000495819333	5.06472471682938
0.402989925251869	4.46004920014244	5.06719192247081
0.402858999350227	4.46009335865232	5.06965792801966
0.402728158493017	4.46013743395181	5.07212273522164
0.402597402597403	4.46018142626893	5.07458634582442
0.402466731580656	4.46022533583090	5.07704876156509
0.402336145360156	4.46026916286406	5.07950998417644
0.402205643853390	4.46031290759398	5.08197001539970
0.402075226977951	4.46035657024540	5.08442885695280
0.401944894651540	4.46040015104222	5.08688651056213
0.401814646791964	4.46044365020758	5.08934297794989
0.401684483317136	4.46048706796378	5.09179826082770
0.401554404145078	4.46053040453233	5.09425236090294
0.401424409193914	4.46057366013394	5.09670527989169
0.401294498381877	4.46061683498852	5.09915701948657
0.401164671627305	4.46065992931520	5.10160758139537
0.401034928848642	4.46070294333233	5.10405696730888
0.400905269964436	4.46074587725745	5.10650517890721
0.400775694893342	4.46078873130735	5.10895221789887
0.400646203554120	4.46083150569802	5.11139808594276
0.400516795865633	4.46087420064469	5.11384278473275
0.400387471746852	4.46091681636181	5.11628631593911
0.400258231116850	4.46095935306308	5.11872868123462
0.400129073894805	4.46100181096141	5.12116988227484
0.400000000000000	4.46104419026899	5.12360992073764
0.399871009351822	4.46108649119723	5.12604879826391
0.399742101869761	4.46112871395677	5.12848651653020
0.399613277473413	4.46117085875754	5.13092307716938
0.399484536082474	4.46121292580869	5.13335848183020
0.399355877616747	4.46125491531866	5.13579273215744
0.399227301996137	4.46129682749512	5.13822582979866
0.399098809140650	4.46133866254501	5.14065777637745
0.398970398970399	4.46138042067455	5.14308857352684
0.398842071405597	4.46142210208923	5.14551822288266
0.398713826366560	4.46146370699381	5.14794672605673
0.398585663773706	4.46150523559231	5.15037408467715
0.398457583547558	4.46154668808805	5.15280030035468
0.398329585608738	4.46158806468363	5.15522537470297
0.398201669877970	4.46162936558093	5.15764930932505
0.398073836276083	4.46167059098113	5.16007210584053
0.397946084724005	4.46171174108469	5.16249376583800
0.397818415142766	4.46175281609138	5.16491429091584
0.397690827453496	4.46179381620024	5.16733368266866
0.397563321577429	4.46183474160966	5.16975194268729
0.397435897435897	4.46187559251729	5.17216907255193
0.397308554950336	4.46191636912010	5.17458507385279
0.397181294042281	4.46195707161439	5.17699994816948
0.397054114633365	4.46199770019575	5.17941369706403
0.396927016645327	4.46203825505911	5.18182632211551
0.396800000000000	4.46207873639869	5.18423782489235
0.396673064619322	4.46211914440806	5.18664820695236
0.396546210425328	4.46215947928010	5.18905746987059
0.396419437340153	4.46219974120703	5.19146561519050
0.396292745286034	4.46223993038039	5.19387264446585
0.396166134185304	4.46228004699107	5.19627855924675
0.396039603960396	4.46232009122928	5.19868336107971
0.395913154533844	4.46236006328458	5.20108705151466
0.395786785828280	4.46239996334586	5.20348963207676
0.395660497766433	4.46243979160139	5.20589110430875
0.395534290271132	4.46247954823875	5.20829146974275
0.395408163265306	4.46251923344490	5.21069072990729
0.395282116671980	4.46255884740613	5.21308888632022
0.395156150414277	4.46259839030810	5.21548594051009
0.395030264415419	4.46263786233584	5.21788189399480
0.394904458598726	4.46267726367373	5.22027674828155
0.394778732887615	4.46271659450551	5.22267050488116
0.394653087205602	4.46275585501429	5.22506316530817
0.394527521476297	4.46279504538258	5.22745473106646
0.394402035623410	4.46283416579222	5.22984520364918
0.394276629570747	4.46287321642446	5.23223458456048
0.394151303242212	4.46291219745991	5.23462287527927
0.394026056561805	4.46295110907856	5.23701007731737
0.393900889453621	4.46298995145980	5.23939619214679
0.393775801841855	4.46302872478240	5.24178122125063
0.393650793650794	4.46306742922451	5.24416516610862
0.393525864804824	4.46310606496369	5.24654802821174
0.393401015228426	4.46314463217687	5.24892980901826
0.393276244846178	4.46318313104041	5.25131051000507
0.393151553582752	4.46322156173004	5.25369013263096
0.393026941362916	4.46325992442090	5.25606867836614
0.392902408111534	4.46329821928754	5.25844614867006
0.392777953753564	4.46333644650393	5.26082254499886
0.392653578214060	4.46337460624343	5.26319786880534
0.392529281418170	4.46341269867881	5.26557212153898
0.392405063291139	4.46345072398227	5.26794530463843
0.392280923758304	4.46348868232542	5.27031741956907
0.392156862745098	4.46352657387928	5.27268846775548
0.392032880177047	4.46356439881432	5.27505845063396
0.391908975979772	4.46360215730041	5.27742736963753
0.391785150078989	4.46363984950686	5.27979522621109
0.391661402400505	4.46367747560240	5.28216202176604
0.391537732870224	4.46371503575519	5.28452775773328
0.391414141414141	4.46375253013283	5.28689243553285
0.391290627958346	4.46378995890237	5.28925605658163
0.391167192429022	4.46382732223028	5.29161862230090
0.391043834752444	4.46386462028247	5.29398013409347
0.390920554854981	4.46390185322431	5.29634059337428
0.390797352663095	4.46393902122060	5.29870000154744
0.390674228103340	4.46397612443560	5.30105836001387
0.390551181102362	4.46401316303302	5.30341567017135
0.390428211586902	4.46405013717602	5.30577193341448
0.390305319483790	4.46408704702720	5.30812715114251
0.390182504719950	4.46412389274865	5.31048132473603
0.390059767222397	4.46416067450189	5.31283445558804
0.389937106918239	4.46419739244792	5.31518654508850
0.389814523734675	4.46423404674720	5.31753759460082
0.389692017598994	4.46427063755964	5.31988760552442
0.389569588438580	4.46430716504465	5.32223657921651
0.389447236180905	4.46434362936108	5.32458451704685
0.389324960753532	4.46438003066728	5.32693142040581
0.389202762084118	4.46441636912105	5.32927729063343
0.389080640100408	4.46445264487969	5.33162212910614
0.388958594730238	4.46448885809997	5.33396593718157
0.388836625901537	4.46452500893813	5.33630871621430
0.388714733542320	4.46456109754992	5.33865046756389
0.388592917580696	4.46459712409054	5.34099119256294
0.388471177944862	4.46463308871472	5.34333089258097
0.388349514563107	4.46466899157664	5.34566956895260
0.388227927363807	4.46470483283001	5.34800722302547
0.388106416275430	4.46474061262801	5.35034385612014
0.387984981226533	4.46477633112331	5.35267946960249
0.387863622145762	4.46481198846811	5.35501406477910
0.387742338961851	4.46484758481408	5.35734764298579
0.387621131603626	4.46488312031240	5.35968020556365
0.387500000000000	4.46491859511377	5.36201175381839
0.387378944079975	4.46495400936838	5.36434228908528
0.387257963772642	4.46498936322593	5.36667181267229
0.387137059007181	4.46502465683564	5.36900032590900
0.387016229712859	4.46505989034623	5.37132783009756
0.386895475819033	4.46509506390596	5.37365432654542
0.386774797255147	4.46513017766257	5.37597981656536
0.386654193950733	4.46516523176334	5.37830430146735
0.386533665835411	4.46520022635507	5.38062778254203
0.386413212838891	4.46523516158409	5.38295026109366
0.386292834890966	4.46527003759623	5.38527173841543
0.386172531921520	4.46530485453687	5.38759221580601
0.386052303860523	4.46533961255090	5.38991169454461
0.385932150638033	4.46537431178276	5.39223017593262
0.385812072184194	4.46540895237642	5.39454766125198
0.385692068429238	4.46544353447535	5.39686415177347
0.385572139303483	4.46547805822260	5.39917964879017
0.385452284737333	4.46551252376073	5.40149415356727
0.385332504661280	4.46554693123186	5.40380766739239
0.385212799005903	4.46558128077763	5.40612019152516
0.385093167701863	4.46561557253924	5.40843172723084
0.384973610679913	4.46564980665743	5.41074227579739
0.384854127870888	4.46568398327247	5.41305183845917
0.384734719205709	4.46571810252422	5.41536041649023
0.384615384615385	4.46575216455204	5.41766801115346
0.384496124031008	4.46578616949488	5.41997462369196
0.384376937383757	4.46582011749124	5.42228025536321
0.384257824604896	4.46585400867915	5.42458490743063
0.384138785625775	4.46588784319623	5.42688858112061
0.384019820377826	4.46592162117963	5.42919127768260
0.383900928792570	4.46595534276609	5.43149299836343
0.383782110801609	4.46598900809189	5.43379374439863
0.383663366336634	4.46602261729289	5.43609351702976
0.383544695329415	4.46605617050451	5.43839231748705
0.383426097711812	4.46608966786173	5.44069014699809
0.383307573415765	4.46612310949912	5.44298700679653
0.383189122373300	4.46615649555080	5.44528289811347
0.383070744516528	4.46618982615048	5.44757782215111
0.382952439777641	4.46622310143144	5.44987178016158
0.382834208088916	4.46625632152653	5.45216477334188
0.382716049382716	4.46628948656819	5.45445680291269
0.382597963591484	4.46632259668842	5.45674787008332
0.382479950647748	4.46635565201883	5.45903797606933
0.382362010484120	4.46638865269059	5.46132712208375
0.382244143033292	4.46642159883447	5.46361530932820
0.382126348228043	4.46645449058082	5.46590253900174
0.382008626001232	4.46648732805957	5.46818881230974
0.381890976285802	4.46652011140026	5.47047413043722
0.381773399014778	4.46655284073200	5.47275849460241
0.381655894121268	4.46658551618351	5.47504190598527
0.381538461538462	4.46661813788309	5.47732436578115
0.381421101199631	4.46665070595865	5.47960587517391
0.381303813038130	4.46668322053770	5.48188643534488
0.381186596987396	4.46671568174733	5.48416604749097
0.381069452980947	4.46674808971424	5.48644471277950
0.380952380952381	4.46678044456474	5.48872243239340
0.380835380835381	4.46681274642475	5.49099920751314
0.380718452563709	4.46684499541977	5.49327503930767
0.380601596071209	4.46687719167493	5.49554992895258
0.380484811291807	4.46690933531495	5.49782387761188
0.380368098159509	4.46694142646418	5.50009688644712
0.380251456608402	4.46697346524658	5.50236895663575
0.380134886572655	4.46700545178571	5.50464008932530
0.380018387986516	4.46703738620474	5.50691028567920
0.379901960784314	4.46706926862649	5.50917954686774
0.379785604900459	4.46710109917335	5.51144787402191
0.379669320269443	4.46713287796738	5.51371526830719
0.379553106825834	4.46716460513021	5.51598173086821
0.379436964504284	4.46719628078314	5.51824726285648
0.379320893239523	4.46722790504706	5.52051186542116
0.379204892966361	4.46725947804250	5.52277553969975
0.379088963619688	4.46729099988960	5.52503828681796
0.378973105134474	4.46732247070816	5.52730010793658
0.378857317445768	4.46735389061759	5.52956100417661
0.378741600488699	4.46738525973692	5.53182097668486
0.378625954198473	4.46741657818482	5.53408002657761
0.378510378510379	4.46744784607961	5.53633815498758
0.378394873359780	4.46747906353924	5.53859536304524
0.378279438682123	4.46751023068126	5.54085165186923
0.378164074412931	4.46754134762292	5.54310702257590
0.378048780487805	4.46757241448105	5.54536147630779
0.377933556842426	4.46760343137217	5.54761501415763
0.377818403412553	4.46763439841240	5.54986763725391
0.377703320134024	4.46766531571753	5.55211934670376
0.377588306942753	4.46769618340299	5.55437014361204
0.377473363774734	4.46772700158386	5.55662002910049
0.377358490566038	4.46775777037485	5.55886900426943
0.377243687252814	4.46778848989033	5.56111707020724
0.377128953771290	4.46781916024433	5.56336422804829
0.377014290057768	4.46784978155051	5.56561047885711
0.376899696048632	4.46788035392221	5.56785582375399
0.376785171680340	4.46791087747240	5.57010026382798
0.376670716889429	4.46794135231371	5.57234380016587
0.376556331612511	4.46797177855844	5.57458643385219
0.376442015786278	4.46800215631854	5.57682816599854
0.376327769347496	4.46803248570561	5.57906899766551
0.376213592233010	4.46806276683093	5.58130892995056
0.376099484379739	4.46809299980543	5.58354796393922
0.375985445724682	4.46812318473970	5.58578610069517
0.375871476204911	4.46815332174401	5.58802334130939
0.375757575757576	4.46818341092827	5.59025968685102
0.375643744319903	4.46821345240208	5.59249513839687
0.375529981829194	4.46824344627471	5.59472969702164
0.375416288222828	4.46827339265507	5.59696336377800
0.375302663438257	4.46830329165179	5.59919613974624
0.375189107413011	4.46833314337312	5.60142802599464
0.375075620084694	4.46836294792701	5.60365902356934
0.374962201390989	4.46839270542109	5.60588913353427
0.374848851269649	4.46842241596265	5.60811835696134
0.374735569658507	4.46845207965867	5.61034669490027
0.374622356495468	4.46848169661580	5.61257414839865
0.374509211718514	4.46851126694037	5.61480071851199
0.374396135265701	4.46854079073840	5.61702640629376
0.374283127075159	4.46857026811557	5.61925121277503
0.374170187085094	4.46859969917727	5.62147513902534
0.374057315233786	4.46862908402855	5.62369818608176
0.373944511459590	4.46865842277417	5.62592035497922
0.373831775700935	4.46868771551856	5.62814164675057
0.373719107896323	4.46871696236583	5.63036206245720
0.373606507984333	4.46874616341980	5.63258160310738
0.373493975903615	4.46877531878396	5.63480026974819
0.373381511592894	4.46880442856151	5.63701806341448
0.373269114990969	4.46883349285534	5.63923498512877
0.373156786036714	4.46886251176801	5.64145103592182
0.373044524669073	4.46889148540181	5.64366621681202
0.372932330827068	4.46892041385869	5.64588052882606
0.372820204449790	4.46894929724032	5.64809397299904
0.372708145476405	4.46897813564806	5.65030655032247
0.372596153846154	4.46900692918298	5.65251826183781
0.372484229498348	4.46903567794583	5.65472910855334
0.372372372372372	4.46906438203708	5.65693909147531
0.372260582407685	4.46909304155689	5.65914821161836
0.372148859543818	4.46912165660514	5.66135646999523
0.372037203720372	4.46915022728139	5.66356386760611
0.371925614877025	4.46917875368493	5.66577040547029
0.371814092953523	4.46920723591473	5.66797608458406
0.371702637889688	4.46923567406950	5.67018090594166
0.371591249625412	4.46926406824764	5.67238487055654
0.371479928100659	4.46929241854725	5.67458797940842
0.371368673255466	4.46932072506617	5.67679023350688
0.371257485029940	4.46934898790192	5.67899163383830
0.371146363364262	4.46937720715176	5.68119218139778
0.371035308198683	4.46940538291266	5.68339187717848
0.370924319473527	4.46943351528128	5.68559072217167
0.370813397129187	4.46946160435403	5.68778871734523
0.370702541106129	4.46948965022701	5.68998586369726
0.370591751344889	4.46951765299606	5.69218216221328
0.370481027786077	4.46954561275673	5.69437761386613
0.370370370370370	4.46957352960429	5.69657221962665
0.370259779038519	4.46960140363373	5.69876598049629
0.370149253731343	4.46962923493977	5.70095889742046
0.370038794389734	4.46965702361683	5.70315097139688
0.369928400954654	4.46968476975910	5.70534220337795
0.369818073367134	4.46971247346045	5.70753259434684
0.369707811568277	4.46974013481449	5.70972214526304
0.369597615499255	4.46976775391458	5.71191085709510
0.369487485101311	4.46979533085378	5.71409873080971
0.369377420315758	4.46982286572490	5.71628576734973
0.369267421083979	4.46985035862045	5.71847196770010
0.369157487347425	4.46987780963271	5.72065733279994
0.369047619047619	4.46990521885367	5.72284186363064
0.368937816126153	4.46993258637506	5.72502556111652
0.368828078524688	4.46995991228833	5.72720842622423
0.368718406184954	4.46998719668469	5.72939045990761
0.368608799048752	4.47001443965507	5.73157166309638
0.368499257057949	4.47004164129014	5.73375203677413
0.368389780154486	4.47006880168032	5.73593158184463
0.368280368280368	4.47009592091574	5.73811029928793
0.368171021377672	4.47012299908629	5.74028819002644
0.368061739388543	4.47015003628161	5.74246525500312
0.367952522255193	4.47017703259107	5.74464149515915
0.367843369919905	4.47020398810378	5.74681691142266
0.367734282325030	4.47023090290860	5.74899150473122
0.367625259412985	4.47025777709412	5.75116527603200
0.367516301126260	4.47028461074870	5.75333822623642
0.367407407407407	4.47031140396044	5.75551035628812
0.367298578199052	4.47033815681716	5.75768166710627
0.367189813443885	4.47036486940648	5.75985215961964
0.367081113084665	4.47039154181571	5.76202183474384
0.366972477064220	4.47041817413195	5.76419069342701
0.366863905325444	4.47044476644205	5.76635873655836
0.366755397811298	4.47047131883258	5.76852596507110
0.366646954464814	4.47049783138991	5.77069237989683
0.366538575229087	4.47052430420012	5.77285798191935
0.366430260047281	4.47055073734907	5.77502277207829
0.366322008862629	4.47057713092237	5.77718675127700
0.366213821618429	4.47060348500539	5.77934992042868
0.366105698258045	4.47062979968323	5.78151228043317
0.365997638724912	4.47065607504079	5.78367383220019
0.365889642962526	4.47068231116270	5.78583457663779
0.365781710914454	4.47070850813335	5.78799451466398
0.365673842524329	4.47073466603692	5.79015364716012
0.365566037735849	4.47076078495731	5.79231197502912
0.365458296492779	4.47078686497821	5.79446949917226
0.365350618738951	4.47081290618307	5.79662622050090
0.365243004418262	4.47083890865509	5.79878213988946
0.365135453474676	4.47086487247725	5.80093725823416
0.365027965852223	4.47089079773229	5.80309157644140
0.364920541494997	4.47091668450271	5.80524509539231
0.364813180347161	4.47094253287078	5.80739781597814
0.364705882352941	4.47096834291856	5.80954973907666
0.364598647456630	4.47099411472783	5.81170086557578
0.364491475602587	4.47101984838020	5.81385119636180
0.364384366735234	4.47104554395700	5.81600073233135
0.364277320799060	4.47107120153935	5.81814947434359
0.364170337738620	4.47109682120816	5.82029742327988
0.364063417498532	4.47112240304408	5.82244458003200
0.363956560023481	4.47114794712756	5.82459094546610
0.363849765258216	4.47117345353880	5.82673652044667
0.363743033147551	4.47119892235781	5.82888130587272
0.363636363636364	4.47122435366434	5.83102530258135
0.363529756669598	4.47124974753794	5.83316851145629
0.363423212192263	4.47127510405792	5.83531093337976
0.363316730149429	4.47130042330338	5.83745256920816
0.363210310486233	4.47132570535321	5.83959341979622
0.363103953147877	4.47135095028606	5.84173348600921
0.362997658079625	4.47137615818036	5.84387276871082
0.362891425226807	4.47140132911434	5.84601126877544
0.362785254534816	4.47142646316600	5.84814898703914
0.362679145949108	4.47145156041311	5.85028592437315
0.362573099415205	4.47147662093326	5.85242208162260
0.362467114878690	4.47150164480378	5.85455745964331
0.362361192285213	4.47152663210183	5.85669205928956
0.362255331580485	4.47155158290431	5.85882588141406
0.362149532710280	4.47157649728795	5.86095892686800
0.362043795620438	4.47160137532924	5.86309119647619
0.361938120256859	4.47162621710446	5.86522269111148
0.361832506565509	4.47165102268970	5.86735341160800
0.361726954492415	4.47167579216080	5.86948335881073
0.361621463983669	4.47170052559344	5.87161253355062
0.361516034985423	4.47172522306305	5.87374093668210
0.361410667443894	4.47174988464487	5.87586856903303
0.361305361305361	4.47177451041393	5.87799543144227
0.361200116516167	4.47179910044506	5.88012152473457
0.361094933022714	4.47182365481286	5.88224684977095
0.360989810771470	4.47184817359176	5.88437140736053
0.360884749708964	4.47187265685596	5.88649519833609
0.360779749781786	4.47189710467946	5.88861822352893
0.360674810936591	4.47192151713605	5.89074048378154
0.360569933120093	4.47194589429935	5.89286197988413
0.360465116279070	4.47197023624273	5.89498271270165
0.360360360360360	4.47199454303941	5.89710268303397
0.360255665310866	4.47201881476236	5.89922189170491
0.360151031077549	4.47204305148438	5.90134033953683
0.360046457607433	4.47206725327807	5.90345802735059
0.359941944847605	4.47209142021582	5.90557495596561
0.359837492745212	4.47211555236984	5.90769112617409
0.359733101247462	4.47213964981211	5.90980653883113
0.359628770301624	4.47216371261445	5.91192119472596
0.359524499855030	4.47218774084846	5.91403509465919
0.359420289855072	4.47221173458555	5.91614823946878
0.359316140249203	4.47223569389696	5.91826062993947
0.359212050984936	4.47225961885369	5.92037226688039
0.359108022009847	4.47228350952659	5.92248315111231
0.359004053271569	4.47230736598628	5.92459328342850
0.358900144717800	4.47233118830323	5.92670266463383
0.358796296296296	4.47235497654768	5.92881129553173
0.358692507954874	4.47237873078971	5.93091917691108
0.358588779641411	4.47240245109918	5.93302630958557
0.358485111303845	4.47242613754578	5.93513269434120
0.358381502890173	4.47244979019902	5.93723833197568
0.358277954348454	4.47247340912820	5.93934322329855
0.358174465626805	4.47249699440245	5.94144736907827
0.358071036673405	4.47252054609069	5.94355077012155
0.357967667436490	4.47254406426169	5.94565342720722
0.357864357864358	4.47256754898400	5.94775534113922
0.357761107905366	4.47259100032600	5.94985651269356
0.357657917507932	4.47261441835590	5.95195694265810
0.357554786620531	4.47263780314169	5.95405663181934
0.357451715191698	4.47266115475122	5.95615558094899
0.357348703170029	4.47268447325212	5.95825379085758
0.357245750504177	4.47270775871186	5.96035126228720
0.357142857142857	4.47273101119773	5.96244799604565
0.357040023034840	4.47275423077682	5.96454399289908
0.356937248128958	4.47277741751607	5.96663925362569
0.356834532374101	4.47280057148221	5.96873377900234
0.356731875719218	4.47282369274180	5.97082756979096
0.356629278113316	4.47284678136124	5.97292062679279
0.356526739505463	4.47286983740673	5.97501295073986
0.356424259844783	4.47289286094431	5.97710454241714
0.356321839080460	4.47291585203983	5.97919540260830
0.356219477161735	4.47293881075897	5.98128553206845
0.356117174037909	4.47296173716724	5.98337493155125
0.356014929658341	4.47298463132996	5.98546360185012
0.355912743972446	4.47300749331230	5.98755154368859
0.355810616929699	4.47303032317923	5.98963875785745
0.355708548479633	4.47305312099556	5.99172524511875
0.355606538571838	4.47307588682593	5.99381100620561
0.355504587155963	4.47309862073481	5.99589604189116
0.355402694181714	4.47312132278649	5.99798035293343
0.355300859598854	4.47314399304510	6.00006394008918
0.355199083357204	4.47316663157459	6.00214680409990
0.355097365406644	4.47318923843873	6.00422894573361
0.354995705697109	4.47321181370116	6.00631036571520
0.354894104178592	4.47323435742531	6.00839106482404
0.354792560801144	4.47325686967446	6.01047104381036
0.354691075514874	4.47327935051173	6.01255030339506
0.354589648269946	4.47330180000006	6.01462884432565
0.354488279016581	4.47332421820223	6.01670666736244
0.354386967705059	4.47334660518085	6.01878377325048
0.354285714285714	4.47336896099837	6.02086016271937
0.354184518708940	4.47339128571708	6.02293583651152
0.354083380925186	4.47341357939909	6.02501079536806
0.353982300884956	4.47343584210636	6.02708504002886
0.353881278538813	4.47345807390068	6.02915857123252
0.353780313837375	4.47348027484369	6.03123138971637
0.353679406731318	4.47350244499685	6.03330349620221
0.353578557171372	4.47352458442148	6.03537489143909
0.353477765108324	4.47354669317871	6.03744557613195
0.353377030493018	4.47356877132953	6.03951555104163
0.353276353276353	4.47359081893478	6.04158481688484
0.353175733409285	4.47361283605511	6.04365337439133
0.353075170842825	4.47363482275105	6.04572122428961
0.352974665528039	4.47365677908293	6.04778836730697
0.352874217416050	4.47367870511095	6.04985480414050
0.352773826458037	4.47370060089515	6.05192053555833
0.352673492605233	4.47372246649541	6.05398556224058
0.352573215808928	4.47374430197144	6.05604988493851
0.352472996020466	4.47376610738282	6.05811350435870
0.352372833191248	4.47378788278896	6.06017642122098
0.352272727272727	4.47380962824912	6.06223863624395
0.352172678216416	4.47383134382240	6.06430015013039
0.352072685973879	4.47385302956775	6.06636096361107
0.351972750496736	4.47387468554396	6.06842107738628
0.351872871736663	4.47389631180969	6.07048049218443
0.351773049645390	4.47391790842342	6.07253920870335
0.351673284174702	4.47393947544349	6.07459722765433
0.351573575276439	4.47396101292809	6.07665454976226
0.351473922902494	4.47398252093526	6.07871117569169
0.351374327004817	4.47400399952289	6.08076710619467
0.351274787535411	4.47402544874872	6.08282234194809
0.351175304446333	4.47404686867034	6.08487688368696
0.351075877689694	4.47406825934518	6.08693073207080
0.350976507217662	4.47408962083054	6.08898388783227
0.350877192982456	4.47411095318356	6.09103635164327
0.350777934936351	4.47413225646125	6.09308812424919
0.350678733031674	4.47415353072044	6.09513920630455
0.350579587220809	4.47417477601785	6.09718959850746
0.350480497456190	4.47419599241004	6.09923930160003
0.350381463690308	4.47421717995341	6.10128831621799
0.350282485875706	4.47423833870423	6.10333664308607
0.350183563964982	4.47425946871863	6.10538428288270
0.350084697910785	4.47428057005258	6.10743123631535
0.349985887665820	4.47430164276193	6.10947750404491
0.349887133182844	4.47432268690236	6.11152308680689
0.349788434414669	4.47434370252942	6.11356798524465
0.349689791314157	4.47436468969852	6.11561220006107
0.349591203834226	4.47438564846493	6.11765573194272
0.349492671927847	4.47440657888377	6.11969858155974
0.349394195548042	4.47442748101002	6.12174074961168
0.349295774647887	4.47444835489853	6.12378223678168
0.349197409180513	4.47446920060400	6.12582304373642
0.349099099099099	4.47449001818100	6.12786317115670
0.349000844356882	4.47451080768394	6.12990261973765
0.348902644907147	4.47453156916712	6.13194139012702
0.348804500703235	4.47455230268468	6.13397948303312
0.348706411698538	4.47457300829063	6.13601689911688
0.348608377846500	4.47459368603884	6.13805363903797
0.348510399100618	4.47461433598306	6.14008970348597
0.348412475414442	4.47463495817688	6.14212509313387
0.348314606741573	4.47465555267376	6.14415980863795
0.348216793035664	4.47467611952703	6.14619385068452
0.348119034250421	4.47469665878988	6.14822721992762
0.348021330339601	4.47471717051538	6.15025991703573
0.347923681257015	4.47473765475644	6.15229194267625
0.347826086956522	4.47475811156585	6.15432329753119
0.347728547392036	4.47477854099628	6.15635398223435
0.347631062517522	4.47479894310023	6.15838399746552
0.347533632286996	4.47481931793011	6.16041334387194
0.347436256654525	4.47483966553818	6.16244202214711
0.347338935574230	4.47485998597655	6.16447003292027
0.347241669000280	4.47488027929723	6.16649737685112
0.347144456886898	4.47490054555207	6.16852405461416
0.347047299188357	4.47492078479281	6.17055006686703
0.346950195858982	4.47494099707106	6.17257541421840
0.346853146853147	4.47496118243829	6.17460009738744
0.346756152125280	4.47498134094584	6.17662411699661
0.346659211629857	4.47500147264493	6.17864747368316
0.346562325321409	4.47502157758664	6.18067016811525
0.346465493154512	4.47504165582193	6.18269220094403
0.346368715083799	4.47506170740164	6.18471357281957
0.346271991063949	4.47508173237647	6.18673428435861
0.346175321049693	4.47510173079699	6.18875433625747
0.346078704995814	4.47512170271365	6.19077372913076
0.345982142857143	4.47514164817679	6.19279246362426
0.345885634588564	4.47516156723659	6.19481054039895
0.345789180145008	4.47518145994313	6.19682796006608
0.345692779481461	4.47520132634635	6.19884472330081
0.345596432552954	4.47522116649609	6.20086083071220
0.345500139314572	4.47524098044204	6.20287628297343
0.345403899721448	4.47526076823378	6.20489108069138
0.345307713728766	4.47528052992075	6.20690522452088
0.345211581291759	4.47530026555228	6.20891871508299
0.345115502365711	4.47531997517759	6.21093155304697
0.345019476905954	4.47533965884576	6.21294373899890
0.344923504867872	4.47535931660574	6.21495527360603
0.344827586206897	4.47537894850639	6.21696615750173
0.344731720878510	4.47539855459641	6.21897639128528
0.344635908838243	4.47541813492440	6.22098597560442
0.344540150041678	4.47543768953886	6.22299491110602
0.344444444444444	4.47545721848812	6.22500319840276
0.344348792002222	4.47547672182044	6.22701083810621
0.344253192670739	4.47549619958393	6.22901783086021
0.344157646405773	4.47551565182658	6.23102417729097
0.344062153163152	4.47553507859629	6.23302987802370
0.343966712898752	4.47555447994082	6.23503493366586
0.343871325568497	4.47557385590781	6.23703934485736
0.343775991128362	4.47559320654479	6.23904311220362
0.343680709534368	4.47561253189916	6.24104623632577
0.343585480742588	4.47563183201824	6.24304871786084
0.343490304709141	4.47565110694918	6.24505055741118
0.343395181390197	4.47567035673906	6.24705175559496
0.343300110741971	4.47568958143482	6.24905231302938
0.343205092720731	4.47570878108330	6.25105223031367
0.343110127282789	4.47572795573120	6.25305150809698
0.343015214384509	4.47574710542513	6.25505014697661
0.342920353982301	4.47576623021157	6.25704814754878
0.342825546032624	4.47578533013690	6.25904551044279
0.342730790491985	4.47580440524739	6.26104223626997
0.342636087316938	4.47582345558916	6.26303832562354
0.342541436464088	4.47584248120827	6.26503377911280
0.342446837890086	4.47586148215062	6.26702859736330
0.342352291551629	4.47588045846203	6.26902278096527
0.342257797405465	4.47589941018820	6.27101633054238
0.342163355408389	4.47591833737470	6.27300924666563
0.342068965517241	4.47593724006702	6.27500152995673
0.341974627688913	4.47595611831051	6.27699318103657
0.341880341880342	4.47597497215043	6.27898420049046
0.341786108048512	4.47599380163193	6.28097458890266
0.341691926150455	4.47601260680002	6.28296434689121
0.341597796143251	4.47603138769965	6.28495347505585
0.341503717984026	4.47605014437561	6.28694197399539
0.341409691629956	4.47606887687263	6.28892984427270
0.341315717038260	4.47608758523528	6.29091708653712
0.341221794166208	4.47610626950807	6.29290370134959
0.341127922971114	4.47612492973537	6.29488968930511
0.341034103410341	4.47614356596146	6.29687505103290
0.340940335441298	4.47616217823049	6.29885978705571
0.340846619021440	4.47618076658654	6.30084389801852
0.340752954108272	4.47619933107355	6.30282738451266
0.340659340659341	4.47621787173536	6.30481024709311
0.340565778632244	4.47623638861573	6.30679248636691
0.340472267984624	4.47625488175827	6.30877410292253
0.340378808674170	4.47627335120654	6.31075509734754
0.340285400658617	4.47629179700393	6.31273547022856
0.340192043895748	4.47631021919379	6.31471522213347
0.340098738343390	4.47632861781931	6.31669435366487
0.340005483959419	4.47634699292362	6.31867286540666
0.339912280701754	4.47636534454972	6.32065075794181
0.339819128528364	4.47638367274051	6.32262803181648
0.339726027397260	4.47640197753880	6.32460468764766
0.339632977266502	4.47642025898728	6.32658072599760
0.339539978094195	4.47643851712855	6.32855614746362
0.339447029838489	4.47645675200511	6.33053095258805
0.339354132457581	4.47647496365934	6.33250514200260
0.339261285909713	4.47649315213354	6.33447871622962
0.339168490153173	4.47651131746988	6.33645167586290
0.339075745146295	4.47652945971048	6.33842402147723
0.338983050847458	4.47654757889730	6.34039575364654
0.338890407215086	4.47656567507223	6.34236687292559
0.338797814207650	4.47658374827707	6.34433737992300
0.338705271783666	4.47660179855350	6.34630727517349
0.338612779901693	4.47661982594311	6.34827655926569
0.338520338520339	4.47663783048738	6.35024523275074
0.338427947598253	4.47665581222771	6.35221329621555
0.338335607094134	4.47667377120539	6.35418075022785
0.338243316966721	4.47669170746160	6.35614759531764
0.338151077174802	4.47670962103745	6.35811383208766
0.338058887677208	4.47672751197392	6.36007946110303
0.337966748432816	4.47674538031193	6.36204448290949
0.337874659400545	4.47676322609227	6.36400889805178
0.337782620539363	4.47678104935565	6.36597270712940
0.337690631808279	4.47679885014267	6.36793591070403
0.337598693166349	4.47681662849385	6.36989850928052
0.337506804572673	4.47683438444961	6.37186050349323
0.337414965986395	4.47685211805027	6.37382189384523
0.337323177366703	4.47686982933604	6.37578268089457
0.337231438672831	4.47688751834707	6.37774286523596
0.337139749864057	4.47690518512339	6.37970244738833
0.337048110899701	4.47692282970494	6.38166142792600
0.336956521739130	4.47694045213156	6.38361980740369
0.336864982341755	4.47695805244301	6.38557758635642
0.336773492667029	4.47697563067894	6.38753476533714
0.336682052674450	4.47699318687893	6.38949134491687
0.336590662323561	4.47701072108244	6.39144732564699
0.336499321573948	4.47702823332886	6.39340270804001
0.336408030385242	4.47704572365746	6.39535749268349
0.336316788717114	4.47706319210745	6.39731168012625
0.336225596529284	4.47708063871792	6.39926527087815
0.336134453781513	4.47709806352789	6.40121826550530
0.336043360433604	4.47711546657627	6.40317066457309
0.335952316445408	4.47713284790190	6.40512246860785
0.335861321776815	4.47715020754350	6.40707367813501
0.335770376387761	4.47716754553972	6.40902429373669
0.335679480238224	4.47718486192913	6.41097431591743
0.335588633288227	4.47720215675017	6.41292374523854
0.335497835497835	4.47721943004123	6.41487258224133
0.335407086827157	4.47723668184059	6.41682082746630
0.335316387236344	4.47725391218645	6.41876848143374
0.335225736685591	4.47727112111691	6.42071554470183
0.335135135135135	4.47728830866999	6.42266201780860
0.335044582545258	4.47730547488362	6.42460790125239
0.334954078876283	4.47732261979564	6.42655319562788
0.334863624088577	4.47733974344380	6.42849790143176
0.334773218142549	4.47735684586577	6.43044201919875
0.334682860998650	4.47737392709911	6.43238554946276
0.334592552617377	4.47739098718132	6.43432849277651
0.334502292959266	4.47740802614981	6.43627084965276
0.334412081984898	4.47742504404188	6.43821262062302
0.334321919654894	4.47744204089477	6.44015380623771
0.334231805929919	4.47745901674561	6.44209440698738
0.334141740770682	4.47747597163146	6.44403442342082
0.334051724137931	4.47749290558930	6.44597385608614
0.333961755992459	4.47750981865600	6.44791270547135
0.333871836295100	4.47752671086836	6.44985097212294
0.333781965006729	4.47754358226310	6.45178865656688
0.333692142088267	4.47756043287685	6.45372575932835
0.333602367500673	4.47757726274614	6.45566228091180
0.333512641204949	4.47759407190745	6.45759822186070
0.333422963162140	4.47761086039713	6.45953358269790
0.333333333333333	4.47762762825150	6.46146836392541
0.333243751679656	4.47764437550674	6.46340256608446
0.333154218162278	4.47766110219900	6.46533618967546
0.333064732742412	4.47767780836430	6.46726923523816
0.332975295381310	4.47769449403860	6.46920170327135
0.332885906040268	4.47771115925779	6.47113359429311
0.332796564680623	4.47772780405764	6.47306490884097
0.332707271263751	4.47774442847389	6.47499564743154
0.332618025751073	4.47776103254214	6.47692581054019
0.332528828104049	4.47777761629795	6.47885539872241
0.332439678284182	4.47779417977678	6.48078441245190
0.332350576253015	4.47781072301402	6.48271285228276
0.332261521972133	4.47782724604496	6.48464071870742
0.332172515403161	4.47784374890484	6.48656801223784
0.332083556507766	4.47786023162879	6.48849473338525
0.331994645247657	4.47787669425186	6.49042088263962
0.331905781584582	4.47789313680905	6.49234646055156
0.331816965480332	4.47790955933525	6.49427146760958
0.331728196896736	4.47792596186528	6.49619590430131
0.331639475795667	4.47794234443389	6.49811977115470
0.331550802139037	4.47795870707573	6.50004306865583
0.331462175888800	4.47797504982538	6.50196579735187
0.331373597006948	4.47799137271736	6.50388795770674
0.331285065455517	4.47800767578608	6.50580955022482
0.331196581196581	4.47802395906590	6.50773057545123
0.331108144192256	4.47804022259107	6.50965103384749
0.331019754404698	4.47805646639580	6.51157092591576
0.330931411796104	4.47807269051420	6.51349025215744
0.330843116328709	4.47808889498029	6.51540901309410
0.330754867964791	4.47810507982804	6.51732720920485
0.330666666666667	4.47812124509134	6.51924484098892
0.330578512396694	4.47813739080397	6.52116190898671
0.330490405117271	4.47815351699968	6.52307841363318
0.330402344790834	4.47816962371211	6.52499435544629
0.330314331379862	4.47818571097484	6.52690973492232
0.330226364846871	4.47820177882137	6.52882455255685
0.330138445154420	4.47821782728511	6.53073880886585
0.330050572265105	4.47823385639942	6.53265250432238
0.329962746141565	4.47824986619758	6.53456563939868
0.329874966746475	4.47826585671277	6.53647821462974
0.329787234042553	4.47828182797811	6.53839023046516
0.329699547992555	4.47829778002667	6.54030168741737
0.329611908559277	4.47831371289141	6.54221258597689
0.329524315705554	4.47832962660522	6.54412292663355
0.329436769394261	4.47834552120094	6.54603270985511
0.329349269588313	4.47836139671131	6.54794193617265
0.329261816250664	4.47837725316901	6.54985060600968
0.329174409344306	4.47839309060665	6.55175871991738
0.329087048832272	4.47840890905675	6.55366627836062
0.328999734677633	4.47842470855177	6.55557328178194
0.328912466843501	4.47844048912410	6.55747973070913
0.328825245293026	4.47845625080605	6.55938562562635
0.328738069989396	4.47847199362986	6.56129096701707
0.328650940895839	4.47848771762769	6.56319575532077
0.328563857975623	4.47850342283164	6.56509999106268
0.328476821192053	4.47851910927373	6.56700367470247
0.328389830508475	4.47853477698592	6.56890680674248
0.328302885888271	4.47855042600009	6.57080938764090
0.328215987294865	4.47856605634803	6.57271141787695
0.328129134691717	4.47858166806150	6.57461289795097
0.328042328042328	4.47859726117216	6.57651382829714
0.327955567310235	4.47861283571160	6.57841420943630
0.327868852459016	4.47862839171135	6.58031404180113
0.327782183452287	4.47864392920287	6.58221332591121
0.327695560253700	4.47865944821754	6.58411206221974
0.327608982826948	4.47867494878667	6.58601025120110
0.327522451135763	4.47869043094152	6.58790789330694
0.327435965143913	4.47870589471326	6.58980498905441
0.327349524815206	4.47872134013300	6.59170153889381
0.327263130113486	4.47873676723177	6.59359754327468
0.327176781002639	4.47875217604055	6.59549300269011
0.327090477446584	4.47876756659023	6.59738791763267
0.327004219409283	4.47878293891164	6.59928228850533
0.326918006854732	4.47879829303556	6.60117611584376
0.326831839746969	4.47881362899267	6.60306940007172
0.326745718050066	4.47882894681360	6.60496214167914
0.326659641728135	4.47884424652892	6.60685434111059
0.326573610745325	4.47885952816911	6.60874599887714
0.326487625065824	4.47887479176460	6.61063711537718
0.326401684653856	4.47889003734575	6.61252769112047
0.326315789473684	4.47890526494284	6.61441772657133
0.326229939489608	4.47892047458611	6.61630722214835
0.326144134665965	4.47893566630570	6.61819617838207
0.326058374967131	4.47895084013171	6.62008459568970
0.325972660357518	4.47896599609416	6.62197247453284
0.325886990801577	4.47898113422301	6.62385981539512
0.325801366263794	4.47899625454815	6.62574661869148
0.325715786708695	4.47901135709941	6.62763288492695
0.325630252100840	4.47902644190655	6.62951861456061
0.325544762404831	4.47904150899927	6.63140380800526
0.325459317585302	4.47905655840718	6.63328846578702
0.325373917606927	4.47907159015987	6.63517258827161
0.325288562434418	4.47908660428682	6.63705617598395
0.325203252032520	4.47910160081748	6.63893922935694
0.325117986366020	4.47911657978122	6.64082174884567
0.325032765399738	4.47913154120734	6.64270373490460
0.324947589098533	4.47914648512508	6.64458518801058
0.324862457427299	4.47916141156362	6.64646610854767
0.324777370350969	4.47917632055208	6.64834649703752
0.324692327834512	4.47919121211951	6.65022635390899
0.324607329842932	4.47920608629490	6.65210567961334
0.324522376341272	4.47922094310717	6.65398447457799
0.324437467294610	4.47923578258517	6.65586273929931
0.324352602668062	4.47925060475772	6.65774047418022
0.324267782426778	4.47926540965354	6.65961767969266
0.324183006535948	4.47928019730131	6.66149435626139
0.324098274960795	4.47929496772964	6.66337050438051
0.324013587666580	4.47930972096707	6.66524612445016
0.323928944618600	4.47932445704209	6.66712121691646
0.323844345782189	4.47933917598313	6.66899578227185
0.323759791122715	4.47935387781854	6.67086982089088
0.323675280605586	4.47936856257664	6.67274333328830
0.323590814196242	4.47938323028565	6.67461631983723
0.323506391860162	4.47939788097376	6.67648878105139
0.323422013562859	4.47941251466907	6.67836071732609
0.323337679269883	4.47942713139966	6.68023212907942
0.323253388946820	4.47944173119351	6.68210301682354
0.323169142559291	4.47945631407856	6.68397338095172
0.323084940072955	4.47947088008267	6.68584322192766
0.323000781453504	4.47948542923368	6.68771254014314
0.322916666666667	4.47949996155932	6.68958133608444
0.322832595678209	4.47951447708729	6.69144961018976
0.322748568453930	4.47952897584523	6.69331736284885
0.322664584959667	4.47954345786071	6.69518459454637
0.322580645161290	4.47955792316125	6.69705130569469
0.322496749024707	4.47957237177429	6.69891749670548
0.322412896515861	4.47958680372724	6.70078316808580
0.322329087600728	4.47960121904744	6.70264832019809
0.322245322245322	4.47961561776216	6.70451295350019
0.322161600415692	4.47962999989862	6.70637706844949
0.322077922077922	4.47964436548398	6.70824066543038
0.321994287198130	4.47965871454534	6.71010374492324
0.321910695742471	4.47967304710976	6.71196630731112
0.321827147677135	4.47968736320422	6.71382835307333
0.321743642968345	4.47970166285564	6.71568988259160
0.321660181582361	4.47971594609089	6.71755089631984
0.321576763485477	4.47973021293679	6.71941139468712
0.321493388644024	4.47974446342010	6.72127137812193
0.321410057024365	4.47975869756752	6.72313084705214
0.321326768592900	4.47977291540567	6.72498980188057
0.321243523316062	4.47978711696116	6.72684824308287
0.321160321160321	4.47980130226050	6.72870617101159
0.321077162092180	4.47981547133017	6.73056358616584
0.320994046078178	4.47982962419659	6.73242048892142
0.320910973084886	4.47984376088610	6.73427687972727
0.320827943078913	4.47985788142501	6.73613275900715
0.320744956026901	4.47987198583957	6.73798812718428
0.320662011895526	4.47988607415596	6.73984298465651
0.320579110651499	4.47990014640033	6.74169733184580
0.320496252261566	4.47991420259874	6.74355116919832
0.320413436692506	4.47992824277723	6.74540449713497
0.320330663911134	4.47994226696175	6.74725731605116
0.320247933884298	4.47995627517823	6.74910962639146
0.320165246578879	4.47997026745251	6.75096142855006
0.320082601961797	4.47998424381040	6.75281272294545
0.320000000000000	4.47999820427765	6.75466351002059
0.319917440660475	4.48001214887994	6.75651379019292
0.319834923910240	4.48002607764293	6.75836356382911
0.319752449716349	4.48003999059219	6.76021283139554
0.319670018045888	4.48005388775325	6.76206159328279
0.319587628865979	4.48006776915159	6.76390984993113
0.319505282143777	4.48008163481263	6.76575760172994
0.319422977846471	4.48009548476173	6.76760484909316
0.319340715941283	4.48010931902422	6.76945159243416
0.319258496395469	4.48012313762535	6.77129783216577
0.319176319176319	4.48013694059033	6.77314356872564
0.319094184251158	4.48015072794432	6.77498880250014
0.319012091587342	4.48016449971241	6.77683353390042
0.318930041152263	4.48017825591965	6.77867776333705
0.318848032913345	4.48019199659105	6.78052149122007
0.318766066838046	4.48020572175154	6.78236471798452
0.318684142893858	4.48021943142602	6.78420744398820
0.318602261048304	4.48023312563931	6.78604966966501
0.318520421268944	4.48024680441622	6.78789139542277
0.318438623523369	4.48026046778146	6.78973262169444
0.318356867779204	4.48027411575973	6.79157334883535
0.318275154004107	4.48028774837566	6.79341357727733
0.318193482165769	4.48030136565381	6.79525330742599
0.318111852231914	4.48031496761872	6.79709253968640
0.318030264170300	4.48032855429487	6.79893127446308
0.317948717948718	4.48034212570667	6.80076951213407
0.317867213534991	4.48035568187851	6.80260725315461
0.317785750896976	4.48036922283470	6.80444449787572
0.317704330002562	4.48038274859951	6.80628124672565
0.317622950819672	4.48039625919716	6.80811750010622
0.317541613316261	4.48040975465183	6.80995325839257
0.317460317460317	4.48042323498763	6.81178852203762
0.317379063219862	4.48043670022863	6.81362329136312
0.317297850562948	4.48045015039885	6.81545756684714
0.317216679457662	4.48046358552227	6.81729134883642
0.317135549872123	4.48047700562278	6.81912463775570
0.317054461774482	4.48049041072427	6.82095743397671
0.316973415132924	4.48050380085056	6.82278973794958
0.316892409915666	4.48051717602541	6.82462154999220
0.316811446090956	4.48053053627254	6.82645287055367
0.316730523627075	4.48054388161562	6.82828370002992
0.316649642492339	4.48055721207828	6.83011403881633
0.316568802655093	4.48057052768409	6.83194388728123
0.316488004083716	4.48058382845657	6.83377324581884
0.316407246746619	4.48059711441919	6.83560211482288
0.316326530612245	4.48061038559539	6.83743049471315
0.316245855649069	4.48062364200853	6.83925838588243
0.316165221825599	4.48063688368195	6.84108578872296
0.316084629110375	4.48065011063892	6.84291270357294
0.316004077471967	4.48066332290269	6.84473913085013
0.315923566878981	4.48067652049643	6.84656507097194
0.315843097300051	4.48068970344328	6.84839052432852
0.315762668703845	4.48070287176633	6.85021549125570
0.315682281059063	4.48071602548861	6.85203997219628
0.315601934334436	4.48072916463313	6.85386396753885
0.315521628498728	4.48074228922283	6.85568747761748
0.315441363520733	4.48075539928060	6.85751050287362
0.315361139369278	4.48076849482931	6.85933304366726
0.315280956013222	4.48078157589174	6.86115510038483
0.315200813421454	4.48079464249066	6.86297667341226
0.315120711562897	4.48080769464878	6.86479776313497
0.315040650406504	4.48082073238876	6.86661836996511
0.314960629921260	4.48083375573323	6.86843849425991
0.314880650076181	4.48084676470474	6.87025813637597
0.314800710840315	4.48085975932582	6.87207729675124
0.314720812182741	4.48087273961896	6.87389597574134
0.314640954072570	4.48088570560658	6.87571417372864
0.314561136478945	4.48089865731107	6.87753189109502
0.314481359371037	4.48091159475477	6.87934912822183
0.314401622718053	4.48092451795997	6.88116588548997
0.314321926489227	4.48093742694892	6.88298216327977
0.314242270653827	4.48095032174382	6.88479796194352
0.314162655181150	4.48096320236683	6.88661328191574
0.314083080040527	4.48097606884007	6.88842812354774
0.314003545201317	4.48098892118560	6.89024248719017
0.313924050632911	4.48100175942543	6.89205637327631
0.313844596304733	4.48101458358156	6.89386978212805
0.313765182186235	4.48102739367590	6.89568271417784
0.313685808246901	4.48104018973035	6.89749516971857
0.313606474456247	4.48105297176675	6.89930714920963
0.313527180783818	4.48106573980690	6.90111865299859
0.313447927199191	4.48107849387255	6.90292968143239
0.313368713671974	4.48109123398541	6.90474023494139
0.313289540171804	4.48110396016714	6.90655031381544
0.313210406668351	4.48111667243936	6.90835991851207
0.313131313131313	4.48112937082366	6.91016904937621
0.313052259530422	4.48114205534157	6.91197770672399
0.312973245835437	4.48115472601457	6.91378589101181
0.312894272016149	4.48116738286411	6.91559360255477
0.312815338042381	4.48118002591159	6.91740084175208
0.312736443883985	4.48119265517838	6.91920760897426
0.312657589510842	4.48120527068578	6.92101390459138
0.312578774892866	4.48121787245507	6.92281972891620
0.312500000000000	4.48123046050749	6.92462508240291
0.312421264802217	4.48124303486420	6.92642996536327
0.312342569269521	4.48125559554637	6.92823437816530
0.312263913371947	4.48126814257508	6.93003832120511
0.312185297079557	4.48128067597141	6.93184179484987
0.312106720362447	4.48129319575635	6.93364479943766
0.312028183190740	4.48130570195090	6.93544733533458
0.311949685534591	4.48131819457596	6.93724940296370
0.311871227364185	4.48133067365245	6.93905100260416
0.311792808649736	4.48134313920119	6.94085213470691
0.311714429361488	4.48135559124300	6.94265279952110
0.311636089469716	4.48136802979864	6.94445299752570
0.311557788944724	4.48138045488883	6.94625272905531
0.311479527756845	4.48139286653424	6.94805199441500
0.311401305876444	4.48140526475553	6.94985079402493
0.311323123273914	4.48141764957327	6.95164912821809
0.311244979919679	4.48143002100802	6.95344699738494
0.311166875784191	4.48144237908031	6.95524440185745
0.311088810837933	4.48145472381060	6.95704134196695
0.311010785051417	4.48146705521931	6.95883781816086
0.310932798395186	4.48147937332685	6.96063383074055
0.310854850839809	4.48149167815356	6.96242938006511
0.310776942355890	4.48150396971975	6.96422446649315
0.310699072914057	4.48151624804569	6.96601909041217
0.310621242484970	4.48152851315160	6.96781325212126
0.310543451039319	4.48154076505767	6.96960695203636
0.310465698547822	4.48155300378404	6.97140019048494
0.310387984981227	4.48156522935083	6.97319296785281
0.310310310310310	4.48157744177810	6.97498528443690
0.310232674505879	4.48158964108587	6.97677714062210
0.310155077538769	4.48160182729413	6.97856853679295
0.310077519379845	4.48161400042282	6.98035947327445
0.310000000000000	4.48162616049186	6.98214995039098