2.48000000000000	4.50000000000000	0
2.47504990019960	4.50000000000000	0
2.47011952191235	4.50000000000000	0
2.46520874751491	4.50000000000000	0
2.46031746031746	4.50000000000000	0
2.45544554455446	4.50000000000000	0
2.45059288537549	4.50000000000000	0
2.44575936883629	4.50000000000000	0
2.44094488188976	4.50000000000000	0
2.43614931237721	4.50000000000000	0
2.43137254901961	4.50000000000000	0
2.42661448140900	4.50000000000000	0
2.42187500000000	4.50000000000000	0
2.41715399610136	4.50000000000000	0
2.41245136186770	4.50000000000000	0
2.40776699029126	4.50000000000000	0
2.40310077519380	4.50000000000000	0
2.39845261121857	4.50000000000000	0
2.39382239382239	4.50000000000000	0
2.38921001926782	4.50000000000000	0
2.38461538461538	4.50000000000000	0
2.38003838771593	4.50000000000000	0
2.37547892720307	4.50000000000000	0
2.37093690248566	4.50000000000000	0
2.36641221374046	4.50000000000000	0
2.36190476190476	4.50000000000000	0
2.35741444866920	4.50000000000000	0
2.35294117647059	4.50000000000000	0
2.34848484848485	4.50000000000000	0
2.34404536862004	4.50000000000000	0
2.33962264150943	4.50000000000000	0
2.33521657250471	4.50000000000000	0
2.33082706766917	4.50000000000000	0
2.32645403377111	4.50000000000000	0
2.32209737827715	4.50000000000000	0
2.31775700934579	4.50000000000000	0
2.31343283582090	4.50000000000000	0
2.30912476722533	4.50000000000000	0
2.30483271375465	4.50000000000000	0
2.30055658627087	4.50000000000000	0
2.29629629629630	4.50000000000000	0
2.29205175600739	4.50000000000000	0
2.28782287822878	4.50000000000000	0
2.28360957642726	4.50000000000000	0
2.27941176470588	4.50000000000000	0
2.27522935779817	4.50000000000000	0
2.27106227106227	4.50000000000000	0
2.26691042047532	4.50000000000000	0
2.26277372262774	4.50000000000000	0
2.25865209471767	4.50000000000000	0
2.25454545454545	4.50000000000000	0
2.25045372050817	4.50000000000000	0
2.24637681159420	4.50000000000000	0
2.24231464737794	4.50000000000000	0
2.23826714801444	4.50000000000000	0
2.23423423423423	4.50000000000000	0
2.23021582733813	4.50000000000000	0
2.22621184919210	4.50000000000000	0
2.22222222222222	4.50000000000000	0
2.21824686940966	4.50000000000000	0
2.21428571428571	4.50000000000000	0
2.21033868092692	4.50000000000000	0
2.20640569395018	4.50000000000000	0
2.20248667850799	4.50000000000000	0
2.19858156028369	4.50000000000000	0
2.19469026548673	4.50000000000000	0
2.19081272084806	4.50000000000000	0
2.18694885361552	4.50000000000000	0
2.18309859154930	4.50000000000000	0
2.17926186291740	4.50000000000000	0
2.17543859649123	4.50000000000000	0
2.17162872154116	4.50000000000000	0
2.16783216783217	4.50000000000000	0
2.16404886561955	4.50000000000000	0
2.16027874564460	4.50000000000000	0
2.15652173913043	4.50000000000000	0
2.15277777777778	4.50000000000000	0
2.14904679376083	4.50000000000000	0
2.14532871972318	4.50000000000000	0
2.14162348877375	4.50000000000000	0
2.13793103448276	4.50000000000000	0
2.13425129087780	4.50000000000000	0
2.13058419243986	4.50000000000000	0
2.12692967409949	4.50000000000000	0
2.12328767123288	4.50000000000000	0
2.11965811965812	4.50000000000000	0
2.11604095563140	4.50000000000000	0
2.11243611584327	4.50000000000000	0
2.10884353741497	4.50000000000000	0
2.10526315789474	4.50000000000000	0
2.10169491525424	4.50000000000000	0
2.09813874788494	4.50000000000000	0
2.09459459459459	4.50000000000000	0
2.09106239460371	4.50000000000000	0
2.08754208754209	4.50000000000000	0
2.08403361344538	4.50000000000000	0
2.08053691275168	4.50000000000000	0
2.07705192629816	4.50000000000000	0
2.07357859531773	4.50000000000000	0
2.07011686143573	4.50000000000000	0
2.06666666666667	4.50000000000000	0
2.06322795341098	4.50000000000000	0
2.05980066445183	4.50000000000000	0
2.05638474295191	4.50000000000000	0
2.05298013245033	4.50000000000000	0
2.04958677685950	4.50000000000000	0
2.04620462046205	4.50000000000000	0
2.04283360790774	4.50000000000000	0
2.03947368421053	4.50000000000000	0
2.03612479474548	4.50000000000000	0
2.03278688524590	4.50000000000000	0
2.02945990180033	4.50000000000000	0
2.02614379084967	4.50000000000000	0
2.02283849918434	4.50000000000000	0
2.01954397394137	4.50000000000000	0
2.01626016260163	4.50000000000000	0
2.01298701298701	4.50000000000000	0
2.00972447325770	4.50000000000000	0
2.00647249190939	4.50000000000000	0
2.00323101777060	4.50000000000000	0
2	4.50000000000000	0
1.99677938808374	4.50000000000000	0
1.99356913183280	4.50000000000000	0
1.99036918138042	4.50000000000000	0
1.98717948717949	4.50000000000000	0
1.98400000000000	4.50000000000000	0
1.98083067092652	4.50000000000000	0
1.97767145135566	4.50000000000000	0
1.97452229299363	4.50000000000000	0
1.97138314785374	4.50000000000000	0
1.96825396825397	4.50000000000000	0
1.96513470681458	4.50000000000000	0
1.96202531645570	4.50000000000000	0
1.95892575039494	4.50000000000000	0
1.95583596214511	4.50000000000000	0
1.95275590551181	4.50000000000000	0
1.94968553459120	4.50000000000000	0
1.94662480376766	4.50000000000000	0
1.94357366771160	4.50000000000000	0
1.94053208137715	4.50000000000000	0
1.93750000000000	4.50000000000000	0
1.93447737909516	4.50000000000000	0
1.93146417445483	4.50000000000000	0
1.92846034214619	4.50000000000000	0
1.92546583850932	4.50000000000000	0
1.92248062015504	4.50000000000000	0
1.91950464396285	4.50000000000000	0
1.91653786707883	4.50000000000000	0
1.91358024691358	4.50000000000000	0
1.91063174114022	4.50000000000000	0
1.90769230769231	4.50000000000000	0
1.90476190476190	4.50000000000000	0
1.90184049079755	4.50000000000000	0
1.89892802450230	4.50000000000000	0
1.89602446483180	4.50000000000000	0
1.89312977099237	4.50000000000000	0
1.89024390243902	4.50000000000000	0
1.88736681887367	4.50000000000000	0
1.88449848024316	4.50000000000000	0
1.88163884673748	4.50000000000000	0
1.87878787878788	4.50000000000000	0
1.87594553706505	4.50000000000000	0
1.87311178247734	4.50000000000000	0
1.87028657616893	4.50000000000000	0
1.86746987951807	4.50000000000000	0
1.86466165413534	4.50000000000000	0
1.86186186186186	4.50000000000000	0
1.85907046476762	4.50000000000000	0
1.85628742514970	4.50000000000000	0
1.85351270553064	4.50000000000000	0
1.85074626865672	4.50000000000000	0
1.84798807749627	4.50000000000000	0
1.84523809523810	4.50000000000000	0
1.84249628528975	4.50000000000000	0
1.83976261127596	4.50000000000000	0
1.83703703703704	4.50000000000000	0
1.83431952662722	4.50000000000000	0
1.83161004431315	4.50000000000000	0
1.82890855457227	4.50000000000000	0
1.82621502209131	4.50000000000000	0
1.82352941176471	4.50000000000000	0
1.82085168869310	4.50000000000000	0
1.81818181818182	4.50000000000000	0
1.81551976573939	4.50000000000000	0
1.81286549707602	4.50000000000000	0
1.81021897810219	4.50000000000000	0
1.80758017492711	4.50000000000000	0
1.80494905385735	4.50000000000000	0
1.80232558139535	4.50000000000000	0
1.79970972423803	4.50000000000000	0
1.79710144927536	4.50000000000000	0
1.79450072358900	4.50000000000000	0
1.79190751445087	4.50000000000000	0
1.78932178932179	4.50000000000000	0
1.78674351585014	4.50000000000000	0
1.78417266187050	4.50000000000000	0
1.78160919540230	4.50000000000000	0
1.77905308464849	4.50000000000000	0
1.77650429799427	4.50000000000000	0
1.77396280400572	4.50000000000000	0
1.77142857142857	4.50000000000000	0
1.76890156918688	4.50000000000000	0
1.76638176638177	4.50000000000000	0
1.76386913229018	4.50000000000000	0
1.76136363636364	4.50000000000000	0
1.75886524822695	4.50000000000000	0
1.75637393767705	4.50000000000000	0
1.75388967468175	4.50000000000000	0
1.75141242937853	4.50000000000000	0
1.74894217207334	4.50000000000000	0
1.74647887323944	4.50000000000000	0
1.74402250351617	4.50000000000000	0
1.74157303370787	4.50000000000000	0
1.73913043478261	4.50000000000000	0
1.73669467787115	4.50000000000000	0
1.73426573426573	4.50000000000000	0
1.73184357541899	4.50000000000000	0
1.72942817294282	4.50000000000000	0
1.72701949860724	4.50000000000000	0
1.72461752433936	4.50000000000000	0
1.72222222222222	4.50000000000000	0
1.71983356449376	4.50000000000000	0
1.71745152354571	4.50000000000000	0
1.71507607192255	4.50000000000000	0
1.71270718232044	4.50000000000000	0
1.71034482758621	4.50000000000000	0
1.70798898071625	4.50000000000000	0
1.70563961485557	4.50000000000000	0
1.70329670329670	4.50000000000000	0
1.70096021947874	4.50000000000000	0
1.69863013698630	4.50000000000000	0
1.69630642954856	4.50000000000000	0
1.69398907103825	4.50000000000000	0
1.69167803547067	4.50000000000000	0
1.68937329700272	4.50000000000000	0
1.68707482993197	4.50000000000000	0
1.68478260869565	4.50000000000000	0
1.68249660786974	4.50000000000000	0
1.68021680216802	4.50000000000000	0
1.67794316644114	4.50000000000000	0
1.67567567567568	4.50000000000000	0
1.67341430499325	4.50000000000000	0
1.67115902964960	4.50000000000000	0
1.66890982503365	4.50000000000000	0
1.66666666666667	4.50000000000000	0
1.66442953020134	4.50000000000000	0
1.66219839142091	4.50000000000000	0
1.65997322623829	4.50000000000000	0
1.65775401069519	4.50000000000000	0
1.65554072096128	4.50000000000000	0
1.65333333333333	4.50000000000000	0
1.65113182423435	4.50000000000000	0
1.64893617021277	4.50000000000000	0
1.64674634794157	4.50000000000000	0
1.64456233421751	4.50000000000000	0
1.64238410596026	4.50000000000000	0
1.64021164021164	4.50000000000000	0
1.63804491413474	4.50000000000000	0
1.63588390501319	4.50000000000000	0
1.63372859025033	4.50000000000000	0
1.63157894736842	4.50000000000000	0
1.62943495400788	4.50000000000000	0
1.62729658792651	4.50000000000000	0
1.62516382699869	4.50000000000000	0
1.62303664921466	4.50000000000000	0
1.62091503267974	4.50000000000000	0
1.61879895561358	4.50000000000000	0
1.61668839634941	4.50000000000000	0
1.61458333333333	4.50000000000000	0
1.61248374512354	4.50000000000000	0
1.61038961038961	4.50000000000000	0
1.60830090791180	4.50000000000000	0
1.60621761658031	4.50000000000000	0
1.60413971539457	4.50000000000000	0
1.60206718346253	4.50000000000000	0
1.60000000000000	4.50000000000000	0
1.59793814432990	4.50000000000000	0
1.59588159588160	4.50000000000000	0
1.59383033419023	4.50000000000000	0
1.59178433889602	4.50000000000000	0
1.58974358974359	4.50000000000000	0
1.58770806658131	4.50000000000000	0
1.58567774936061	4.50000000000000	0
1.58365261813538	4.50000000000000	0
1.58163265306122	4.50000000000000	0
1.57961783439490	4.50000000000000	0
1.57760814249364	4.50000000000000	0
1.57560355781449	4.50000000000000	0
1.57360406091371	4.50000000000000	0
1.57160963244613	4.50000000000000	0
1.56962025316456	4.50000000000000	0
1.56763590391909	4.50000000000000	0
1.56565656565657	4.50000000000000	0
1.56368221941992	4.50000000000000	0
1.56171284634761	4.50000000000000	0
1.55974842767296	4.50000000000000	0
1.55778894472362	4.50000000000000	0
1.55583437892095	4.50000000000000	0
1.55388471177945	4.50000000000000	0
1.55193992490613	4.50000000000000	0
1.55000000000000	4.50000000000000	0
1.54806491885144	4.50000000000000	0
1.54613466334165	4.50000000000000	0
1.54420921544209	4.50000000000000	0
1.54228855721393	4.50000000000000	0
1.54037267080745	4.50000000000000	0
1.53846153846154	4.50000000000000	0
1.53655514250310	4.50000000000000	0
1.53465346534653	4.50000000000000	0
1.53275648949320	4.50000000000000	0
1.53086419753086	4.50000000000000	0
1.52897657213317	4.50000000000000	0
1.52709359605911	4.50000000000000	0
1.52521525215252	4.50000000000000	0
1.52334152334152	4.50000000000000	0
1.52147239263804	4.50000000000000	0
1.51960784313725	4.50000000000000	0
1.51774785801714	4.50000000000000	0
1.51589242053790	4.50000000000000	0
1.51404151404151	4.50000000000000	0
1.51219512195122	4.50000000000000	0
1.51035322777101	4.50000000000000	0
1.50851581508516	4.50000000000000	0
1.50668286755772	4.50000000000000	0
1.50485436893204	4.50000000000000	0
1.50303030303030	4.50000000000000	0
1.50121065375303	4.50000000000000	0
1.49939540507860	4.50000000000000	0
1.49758454106280	4.50000000000000	0
1.49577804583836	4.50000000000000	0
1.49397590361446	4.50000000000000	0
1.49217809867629	4.50000000000000	0
1.49038461538462	4.50000000000000	0
1.48859543817527	4.50000000000000	0
1.48681055155875	4.50000000000000	0
1.48502994011976	4.50000000000000	0
1.48325358851675	4.50000000000000	0
1.48148148148148	4.50000000000000	0
1.47971360381862	4.50000000000000	0
1.47794994040524	4.50000000000000	0
1.47619047619048	4.50000000000000	0
1.47443519619501	4.50000000000000	0
1.47268408551069	4.50000000000000	0
1.47093712930012	4.50000000000000	0
1.46919431279621	4.50000000000000	0
1.46745562130178	4.50000000000000	0
1.46572104018913	4.50000000000000	0
1.46399055489965	4.50000000000000	0
1.46226415094340	4.50000000000000	0
1.46054181389870	4.50000000000000	0
1.45882352941176	4.50000000000000	0
1.45710928319624	4.50000000000000	0
1.45539906103286	4.50000000000000	0
1.45369284876905	4.50000000000000	0
1.45199063231850	4.50000000000000	0
1.45029239766082	4.50000000000000	0
1.44859813084112	4.50000000000000	0
1.44690781796966	4.50000000000000	0
1.44522144522145	4.50000000000000	0
1.44353899883586	4.50000000000000	0
1.44186046511628	4.50000000000000	0
1.44018583042973	4.50000000000000	0
1.43851508120650	4.50000000000000	0
1.43684820393975	4.50000000000000	0
1.43518518518519	4.50000000000000	0
1.43352601156069	4.50000000000000	0
1.43187066974596	4.50000000000000	0
1.43021914648212	4.50000000000000	0
1.42857142857143	4.50000000000000	0
1.42692750287687	4.50000000000000	0
1.42528735632184	4.50000000000000	0
1.42365097588978	4.50000000000000	0
1.42201834862385	4.50000000000000	0
1.42038946162658	4.50000000000000	0
1.41876430205950	4.50000000000000	0
1.41714285714286	4.50000000000000	0
1.41552511415525	4.50000000000000	0
1.41391106043330	4.50000000000000	0
1.41230068337130	4.50000000000000	0
1.41069397042093	4.50000000000000	0
1.40909090909091	4.50000000000000	0
1.40749148694665	4.50000000000000	0
1.40589569160998	4.50000000000000	0
1.40430351075878	4.50000000000000	0
1.40271493212670	4.50000000000000	0
1.40112994350282	4.50000000000000	0
1.39954853273138	4.50000000000000	0
1.39797068771139	4.50000000000000	0
1.39639639639640	4.50000000000000	0
1.39482564679415	4.50000000000000	0
1.39325842696629	4.50000000000000	0
1.39169472502806	4.50000000000000	0
1.39013452914798	4.50000000000000	0
1.38857782754759	4.50000000000000	0
1.38702460850112	4.50000000000000	0
1.38547486033520	4.50000000000000	0
1.38392857142857	4.50000000000000	0
1.38238573021182	4.50000000000000	0
1.38084632516704	4.50000000000000	0
1.37931034482759	4.50000000000000	0
1.37777777777778	4.50000000000000	0
1.37624861265261	4.50000000000000	0
1.37472283813747	4.50000000000000	0
1.37320044296788	4.50000000000000	0
1.37168141592920	4.50000000000000	0
1.37016574585635	4.50000000000000	0
1.36865342163355	4.50000000000000	0
1.36714443219405	4.50000000000000	0
1.36563876651982	4.50000000000000	0
1.36413641364136	4.50000000000000	0
1.36263736263736	4.50000000000000	0
1.36114160263447	4.50000000000000	0
1.35964912280702	4.50000000000000	0
1.35815991237678	4.50000000000000	0
1.35667396061269	4.50000000000000	0
1.35519125683060	4.50000000000000	0
1.35371179039301	4.50000000000000	0
1.35223555070883	4.50000000000000	0
1.35076252723312	4.50000000000000	0
1.34929270946681	4.50000000000000	0
1.34782608695652	4.50000000000000	0
1.34636264929425	4.50000000000000	0
1.34490238611714	4.50000000000000	0
1.34344528710726	4.50000000000000	0
1.34199134199134	4.50000000000000	0
1.34054054054054	4.50000000000000	0
1.33909287257019	4.50000000000000	0
1.33764832793959	4.50000000000000	0
1.33620689655172	4.50000000000000	0
1.33476856835307	4.50000000000000	0
1.33333333333333	4.50000000000000	0
1.33190118152524	4.50000000000000	0
1.33047210300429	4.50000000000000	0
1.32904608788853	4.50000000000000	0
1.32762312633833	4.50000000000000	0
1.32620320855615	4.50000000000000	0
1.32478632478633	4.50000000000000	0
1.32337246531483	4.50000000000000	0
1.32196162046908	4.50000000000000	0
1.32055378061768	4.50000000000000	0
1.31914893617021	4.50000000000000	0
1.31774707757705	4.50000000000000	0
1.31634819532909	4.50000000000000	0
1.31495227995758	4.50000000000000	0
1.31355932203390	4.50000000000000	0
1.31216931216931	4.50000000000000	0
1.31078224101480	4.50000000000000	0
1.30939809926082	4.50000000000000	0
1.30801687763713	4.50000000000000	0
1.30663856691254	4.50000000000000	0
1.30526315789474	4.50000000000000	0
1.30389064143007	4.50000000000000	0
1.30252100840336	4.50000000000000	0
1.30115424973767	4.50000000000000	0
1.29979035639413	4.50000000000000	0
1.29842931937173	4.50000000000000	0
1.29707112970711	4.50000000000000	0
1.29571577847440	4.50000000000000	0
1.29436325678497	4.50000000000000	0
1.29301355578728	4.50000000000000	0
1.29166666666667	4.50000000000000	0
1.29032258064516	4.50000000000000	0
1.28898128898129	4.50000000000000	0
1.28764278296989	4.50000000000000	0
1.28630705394191	4.50000000000000	0
1.28497409326425	4.50000000000000	0
1.28364389233954	4.50000000000000	0
1.28231644260600	4.50000000000000	0
1.28099173553719	4.50000000000000	0
1.27966976264190	4.50000000000000	0
1.27835051546392	4.50000000000000	0
1.27703398558187	4.50000000000000	0
1.27572016460905	4.50000000000000	0
1.27440904419322	4.50000000000000	0
1.27310061601643	4.50000000000000	0
1.27179487179487	4.50000000000000	0
1.27049180327869	4.50000000000000	0
1.26919140225179	4.50000000000000	0
1.26789366053170	4.50000000000000	0
1.26659856996936	4.50000000000000	0
1.26530612244898	4.50000000000000	0
1.26401630988787	4.50000000000000	0
1.26272912423625	4.50000000000000	0
1.26144455747711	4.50000000000000	0
1.26016260162602	4.50000000000000	0
1.25888324873096	4.50000000000000	0
1.25760649087221	4.50000000000000	0
1.25633232016211	4.50000000000000	0
1.25506072874494	4.50000000000000	0
1.25379170879676	4.50000000000000	0
1.25252525252525	4.50000000000000	0
1.25126135216953	4.50000000000000	0
1.25000000000000	4.50000000000000	0
1.24874118831823	4.50000000000000	0
1.24748490945674	4.50000000000000	0
1.24623115577889	4.50000000000000	0
1.24497991967871	4.50000000000000	0
1.24373119358074	4.50000000000000	0
1.24248496993988	4.50000000000000	0
1.24124124124124	4.50000000000000	0
1.24000000000000	4.50000000000000	0
1.23876123876124	4.50000000000000	0
1.23752495009980	4.50000000000000	0
1.23629112662014	4.50000000000000	0
1.23505976095618	4.50000000000000	0
1.23383084577114	4.50000000000000	0
1.23260437375746	4.50000000000000	0
1.23138033763654	4.50000000000000	0
1.23015873015873	4.50000000000000	0
1.22893954410307	4.50000000000000	0
1.22772277227723	4.50000000000000	0
1.22650840751731	4.50000000000000	0
1.22529644268775	4.50000000000000	0
1.22408687068115	4.50000000000000	0
1.22287968441815	4.50000000000000	0
1.22167487684729	4.50000000000000	0
1.22047244094488	4.50000000000000	0
1.21927236971485	4.50000000000000	0
1.21807465618861	4.50000000000000	0
1.21687929342493	4.50000000000000	0
1.21568627450980	4.50000000000000	0
1.21449559255632	4.50000000000000	0
1.21330724070450	4.50000000000000	0
1.21212121212121	4.50000000000000	0
1.21093750000000	4.50000000000000	0
1.20975609756098	4.50000000000000	0
1.20857699805068	4.50000000000000	0
1.20740019474197	4.50000000000000	0
1.20622568093385	4.50000000000000	0
1.20505344995141	4.50000000000000	0
1.20388349514563	4.50000000000000	0
1.20271580989331	4.50000000000000	0
1.20155038759690	4.50000000000000	0
1.20038722168441	4.50000000000000	0
1.19922630560928	4.50000000000000	0
1.19806763285024	4.50000000000000	0
1.19691119691120	4.50000000000000	0
1.19575699132112	4.50000000000000	0
1.19460500963391	4.50000000000000	0
1.19345524542830	4.50000000000000	0
1.19230769230769	4.50000000000000	0
1.19116234390010	4.50000000000000	0
1.19001919385797	4.50000000000000	0
1.18887823585810	4.50000000000000	0
1.18773946360153	4.50000000000000	0
1.18660287081340	4.50000000000000	0
1.18546845124283	4.50000000000000	0
1.18433619866285	4.50000000000000	0
1.18320610687023	4.50000000000000	0
1.18207816968541	4.50000000000000	0
1.18095238095238	4.50000000000000	0
1.17982873453853	4.50000000000000	0
1.17870722433460	4.50000000000000	0
1.17758784425451	4.50000000000000	0
1.17647058823529	4.50000000000000	0
1.17535545023697	4.50000000000000	0
1.17424242424242	4.50000000000000	0
1.17313150425733	4.50000000000000	0
1.17202268431002	4.50000000000000	0
1.17091595845137	4.50000000000000	0
1.16981132075472	4.50000000000000	0
1.16870876531574	4.50000000000000	0
1.16760828625235	4.50000000000000	0
1.16650987770461	4.50000000000000	0
1.16541353383459	4.50000000000000	0
1.16431924882629	4.50000000000000	0
1.16322701688555	4.50000000000000	0
1.16213683223992	4.50000000000000	0
1.16104868913858	4.50000000000000	0
1.15996258185220	4.50000000000000	0
1.15887850467290	4.50000000000000	0
1.15779645191410	4.50000000000000	0
1.15671641791045	4.50000000000000	0
1.15563839701771	4.50000000000000	0
1.15456238361266	4.50000000000000	0
1.15348837209302	4.50000000000000	0
1.15241635687732	4.50000000000000	0
1.15134633240483	4.50000000000000	0
1.15027829313544	4.50000000000000	0
1.14921223354958	4.50000000000000	0
1.14814814814815	4.50000000000000	0
1.14708603145236	4.50000000000000	0
1.14602587800370	4.50000000000000	0
1.14496768236380	4.50000000000000	0
1.14391143911439	4.50000000000000	0
1.14285714285714	4.50000000000000	0
1.14180478821363	4.50000000000000	0
1.14075436982521	4.50000000000000	0
1.13970588235294	4.50000000000000	0
1.13865932047750	4.50000000000000	0
1.13761467889908	4.50000000000000	0
1.13657195233731	4.50000000000000	0
1.13553113553114	4.50000000000000	0
1.13449222323879	4.50000000000000	0
1.13345521023766	4.50000000000000	0
1.13242009132420	4.50000000000000	0
1.13138686131387	4.50000000000000	0
1.13035551504102	4.50000000000000	0
1.12932604735883	4.50000000000000	0
1.12829845313922	4.50000000000000	0
1.12727272727273	4.50000000000000	0
1.12624886466848	4.50000000000000	0
1.12522686025408	4.50000000000000	0
1.12420670897552	4.50000000000000	0
1.12318840579710	4.50000000000000	0
1.12217194570136	4.50000000000000	0
1.12115732368897	4.50000000000000	0
1.12014453477868	4.50000000000000	0
1.11913357400722	4.50000000000000	0
1.11812443642922	4.50000000000000	0
1.11711711711712	4.50000000000000	0
1.11611161116112	4.50000000000000	0
1.11510791366906	4.50000000000000	0
1.11410601976640	4.50000000000000	0
1.11310592459605	4.50000000000000	0
1.11210762331839	4.50000000000000	0
1.11111111111111	4.50000000000000	0
1.11011638316920	4.50000000000000	0
1.10912343470483	4.50000000000000	0
1.10813226094727	4.50000000000000	0
1.10714285714286	4.50000000000000	0
1.10615521855486	4.50000000000000	0
1.10516934046346	4.50000000000000	0
1.10418521816563	4.50000000000000	0
1.10320284697509	4.50000000000000	0
1.10222222222222	4.50000000000000	0
1.10124333925400	4.50000000000000	0
1.10026619343390	4.50000000000000	0
1.09929078014184	4.50000000000000	0
1.09831709477414	4.50000000000000	0
1.09734513274336	4.50000000000000	0
1.09637488947834	4.50000000000000	0
1.09540636042403	4.50000000000000	0
1.09443954104148	4.50000000000000	0
1.09347442680776	4.50000000000000	0
1.09251101321586	4.50000000000000	0
1.09154929577465	4.50000000000000	0
1.09058927000880	4.50000000000000	0
1.08963093145870	4.50000000000000	0
1.08867427568042	4.50000000000000	0
1.08771929824561	4.50000000000000	0
1.08676599474145	4.50000000000000	0
1.08581436077058	4.50000000000000	0
1.08486439195101	4.50000000000000	0
1.08391608391608	4.50000000000000	0
1.08296943231441	4.50000000000000	0
1.08202443280977	4.50000000000000	0
1.08108108108108	4.50000000000000	0
1.08013937282230	4.50000000000000	0
1.07919930374238	4.50000000000000	0
1.07826086956522	4.50000000000000	0
1.07732406602954	4.50000000000000	0
1.07638888888889	4.50000000000000	0
1.07545533391154	4.50000000000000	0
1.07452339688042	4.50000000000000	0
1.07359307359307	4.50000000000000	0
1.07266435986159	4.50000000000000	0
1.07173725151253	4.50000000000000	0
1.07081174438687	4.50000000000000	0
1.06988783433995	4.50000000000000	0
1.06896551724138	4.50000000000000	0
1.06804478897502	4.50000000000000	0
1.06712564543890	4.50000000000000	0
1.06620808254514	4.50000000000000	0
1.06529209621993	4.50000000000000	0
1.06437768240343	4.50000000000000	0
1.06346483704974	4.50000000000000	0
1.06255355612682	4.50000000000000	0
1.06164383561644	4.50000000000000	0
1.06073567151411	4.50000000000000	0
1.05982905982906	4.50000000000000	0
1.05892399658412	4.50000000000000	0
1.05802047781570	4.50000000000000	0
1.05711849957374	4.50000000000000	0
1.05621805792164	4.50000000000000	0
1.05531914893617	4.50000000000000	0
1.05442176870748	4.50000000000000	0
1.05352591333900	4.50000000000000	0
1.05263157894737	4.50000000000000	0
1.05173876166243	4.50000000000000	0
1.05084745762712	4.50000000000000	0
1.04995766299746	4.50000000000000	0
1.04906937394247	4.50000000000000	0
1.04818258664413	4.50000000000000	0
1.04729729729730	4.50000000000000	0
1.04641350210970	4.50000000000000	0
1.04553119730186	4.50000000000000	0
1.04465037910699	4.50000000000000	0
1.04377104377104	4.50000000000000	0
1.04289318755257	4.50000000000000	0
1.04201680672269	4.50000000000000	0
1.04114189756507	4.50000000000000	0
1.04026845637584	4.50000000000000	0
1.03939647946354	4.50000000000000	0
1.03852596314908	4.50000000000000	0
1.03765690376569	4.50000000000000	0
1.03678929765886	4.50000000000000	0
1.03592314118630	4.50000000000000	0
1.03505843071786	4.50000000000000	0
1.03419516263553	4.50000000000000	0
1.03333333333333	4.50000000000000	0
1.03247293921732	4.50000000000000	0
1.03161397670549	4.50000000000000	0
1.03075644222776	4.50000000000000	0
1.02990033222591	4.50000000000000	0
1.02904564315353	4.50000000000000	0
1.02819237147595	4.50000000000000	0
1.02734051367026	4.50000000000000	0
1.02649006622517	4.50000000000000	0
1.02564102564103	4.50000000000000	0
1.02479338842975	4.50000000000000	0
1.02394715111478	4.50000000000000	0
1.02310231023102	4.50000000000000	0
1.02225886232481	4.50000000000000	0
1.02141680395387	4.50000000000000	0
1.02057613168724	4.50000000000000	0
1.01973684210526	4.50000000000000	0
1.01889893179951	4.50000000000000	0
1.01806239737274	4.50000000000000	0
1.01722723543888	4.50000000000000	0
1.01639344262295	4.50000000000000	0
1.01556101556102	4.50000000000000	0
1.01472995090016	4.50000000000000	0
1.01390024529845	4.50000000000000	0
1.01307189542484	4.50000000000000	0
1.01224489795918	4.50000000000000	0
1.01141924959217	4.50000000000000	0
1.01059494702526	4.50000000000000	0
1.00977198697068	4.50000000000000	0
1.00895036615134	4.50000000000000	0
1.00813008130081	4.50000000000000	0
1.00731112916328	4.50000000000000	0
1.00649350649351	4.50000000000000	0
1.00567721005677	4.50000000000000	0
1.00486223662885	4.50000000000000	0
1.00404858299595	4.50000000000000	0
1.00323624595469	4.50000000000000	0
1.00242522231205	4.50000000000000	0
1.00161550888530	4.50000000000000	0
1.00080710250202	4.50000000000000	0
1	4.50000000000000	0
0.999194198227236	4.50000000000000	0
0.998389694041868	4.50000000000000	0
0.997586484312148	4.50000000000000	0
0.996784565916399	4.50000000000000	0
0.995983935742972	4.50000000000000	0
0.995184590690209	4.50000000000000	0
0.994386527666400	4.50000000000000	0
0.993589743589744	4.50000000000000	0
0.992794235388311	4.50000000000000	0
0.992000000000000	4.50000000000000	0
0.991207034372502	4.50000000000000	0
0.990415335463259	4.50000000000000	0
0.989624900239425	4.50000000000000	0
0.988835725677831	4.50000000000000	0
0.988047808764940	4.50000000000000	0
0.987261146496815	4.50000000000000	0
0.986475735879077	4.50000000000000	0
0.985691573926868	4.50000000000000	0
0.984908657664813	4.50000000000000	0
0.984126984126984	4.50000000000000	0
0.983346550356860	4.50000000000000	0
0.982567353407290	4.50000000000000	0
0.981789390340459	4.50000000000000	0
0.981012658227848	4.50000000000000	0
0.980237154150198	4.50000000000000	0
0.979462875197472	4.50000000000000	0
0.978689818468824	4.50000000000000	0
0.977917981072555	4.50000000000000	0
0.977147360126083	4.50000000000000	0
0.976377952755905	4.50000000000000	0
0.975609756097561	4.50000000000000	0
0.974842767295598	4.50000000000000	0
0.974076983503535	4.50000000000000	0
0.973312401883830	4.50000000000000	0
0.972549019607843	4.50000000000000	0
0.971786833855799	4.50000000000000	0
0.971025841816758	4.50000000000000	0
0.970266040688576	4.50000000000000	0
0.969507427677873	4.50000000000000	0
0.968750000000000	4.50000000000000	0
0.967993754879001	4.50000000000000	0
0.967238689547582	4.50000000000000	0
0.966484801247077	4.50000000000000	0
0.965732087227414	4.50000000000000	0
0.964980544747082	4.50000000000000	0
0.964230171073095	4.50000000000000	0
0.963480963480964	4.50000000000000	0
0.962732919254658	4.50000000000000	0
0.961986035686579	4.50000000000000	0
0.961240310077519	4.50000000000000	0
0.960495739736638	4.50000000000000	0
0.959752321981424	4.50000000000000	0
0.959010054137664	4.50000000000000	0
0.958268933539413	4.50000000000000	0
0.957528957528958	4.50000000000000	0
0.956790123456790	4.50000000000000	0
0.956052428681573	4.50000000000000	0
0.955315870570108	4.50000000000000	0
0.954580446497306	4.50000000000000	0
0.953846153846154	4.50000000000000	0
0.953112990007686	4.50000000000000	0
0.952380952380952	4.50000000000000	0
0.951650038372986	4.50000000000000	0
0.950920245398773	4.50000000000000	0
0.950191570881226	4.50000000000000	0
0.949464012251149	4.50000000000000	0
0.948737566947207	4.50000000000000	0
0.948012232415902	4.50000000000000	0
0.947288006111535	4.50000000000000	0
0.946564885496183	4.50000000000000	0
0.945842868039664	4.50000000000000	0
0.945121951219512	4.50000000000000	0
0.944402132520944	4.50000000000000	0
0.943683409436834	4.50000000000000	0
0.942965779467681	4.50000000000000	0
0.942249240121581	4.50000000000000	0
0.941533788914199	4.50000000000000	0
0.940819423368741	4.50000000000000	0
0.940106141015921	4.50000000000000	0
0.939393939393939	4.50000000000000	0
0.938682816048448	4.50000000000000	0
0.937972768532526	4.50000000000000	0
0.937263794406652	4.50000000000000	0
0.936555891238671	4.50000000000000	0
0.935849056603774	4.50000000000000	0
0.935143288084465	4.50000000000000	0
0.934438583270535	4.50000000000000	0
0.933734939759036	4.50000000000000	0
0.933032355154251	4.50000000000000	0
0.932330827067669	4.50000000000000	0
0.931630353117956	4.50000000000000	0
0.930930930930931	4.50000000000000	0
0.930232558139535	4.50000000000000	0
0.929535232383808	4.50000000000000	0
0.928838951310862	4.50000000000000	0
0.928143712574850	4.50000000000000	0
0.927449513836948	4.50000000000000	0
0.926756352765321	4.50000000000000	0
0.926064227035101	4.50000000000000	0
0.925373134328358	4.50000000000000	0
0.924683072334079	4.50000000000000	0
0.923994038748137	4.50000000000000	0
0.923306031273269	4.50000000000000	0
0.922619047619048	4.50000000000000	0
0.921933085501859	4.50000000000000	0
0.921248142644874	4.50000000000000	0
0.920564216778025	4.50000000000000	0
0.919881305637982	4.50000000000000	0
0.919199406968125	4.50000000000000	0
0.918518518518518	4.50000000000000	0
0.917838638045892	4.50000000000000	0
0.917159763313610	4.50000000000000	0
0.916481892091648	4.50000000000000	0
0.915805022156573	4.50000000000000	0
0.915129151291513	4.50000000000000	0
0.914454277286136	4.50000000000000	0
0.913780397936625	4.50000000000000	0
0.913107511045655	4.50000000000000	0
0.912435614422369	4.50000000000000	0
0.911764705882353	4.50000000000000	0
0.911094783247612	4.50000000000000	0
0.910425844346549	4.50000000000000	0
0.909757887013940	4.50000000000000	0
0.909090909090909	4.50000000000000	0
0.908424908424908	4.50000000000000	0
0.907759882869692	4.50000000000000	0
0.907095830285296	4.50000000000000	0
0.906432748538012	4.50000000000000	0
0.905770635500365	4.50000000000000	0
0.905109489051095	4.50000000000000	0
0.904449307075128	4.50000000000000	0
0.903790087463557	4.50000000000000	0
0.903131828113620	4.50000000000000	0
0.902474526928675	4.50000000000000	0
0.901818181818182	4.50000000000000	0
0.901162790697675	4.50000000000000	0
0.900508351488744	4.50000000000000	0
0.899854862119013	4.50000000000000	0
0.899202320522118	4.50000000000000	0
0.898550724637681	4.50000000000000	0
0.897900072411296	4.50000000000000	0
0.897250361794501	4.50000000000000	0
0.896601590744758	4.50000000000000	0
0.895953757225434	4.50000000000000	0
0.895306859205776	4.50000000000000	0
0.894660894660895	4.50000000000000	0
0.894015861571738	4.50000000000000	0
0.893371757925072	4.50000000000000	0
0.892728581713463	4.50000000000000	0
0.892086330935252	4.50000000000000	0
0.891445003594536	4.50000000000000	0
0.890804597701150	4.50000000000000	0
0.890165111270639	4.50000000000000	0
0.889526542324247	4.50000000000000	0
0.888888888888889	4.50000000000000	0
0.888252148997135	4.50000000000000	0
0.887616320687187	4.50000000000000	0
0.886981402002861	4.50000000000000	0
0.886347390993567	4.50000000000000	0
0.885714285714286	4.50000000000000	0
0.885082084225553	4.50000000000000	0
0.884450784593438	4.50000000000000	0
0.883820384889522	4.50000000000000	0
0.883190883190883	4.50000000000000	0
0.882562277580071	4.50000000000000	0
0.881934566145092	4.50000000000000	0
0.881307746979389	4.50000000000000	0
0.880681818181818	4.50000000000000	0
0.880056777856636	4.50000000000000	0
0.879432624113475	4.50000000000000	0
0.878809355067328	4.50000000000000	0
0.878186968838527	4.50000000000000	0
0.877565463552725	4.50000000000000	0
0.876944837340877	4.50000000000000	0
0.876325088339223	4.50000000000000	0
0.875706214689266	4.50000000000000	0
0.875088214537756	4.50000000000000	0
0.874471086036671	4.50000000000000	0
0.873854827343199	4.50000000000000	0
0.873239436619718	4.50000000000000	0
0.872624912033779	4.50000000000000	0
0.872011251758087	4.50000000000000	0
0.871398453970485	4.50000000000000	0
0.870786516853933	4.50000000000000	0
0.870175438596491	4.50000000000000	0
0.869565217391304	4.50000000000000	0
0.868955851436580	4.50000000000000	0
0.868347338935574	4.50000000000000	0
0.867739678096571	4.50000000000000	0
0.867132867132867	4.50000000000000	0
0.866526904262753	4.50000000000000	0
0.865921787709497	4.50000000000000	0
0.865317515701326	4.50000000000000	0
0.864714086471409	4.50000000000000	0
0.864111498257840	4.50000000000000	0
0.863509749303621	4.50000000000000	0
0.862908837856646	4.50000000000000	0
0.862308762169680	4.50000000000000	0
0.861709520500347	4.50000000000000	0
0.861111111111111	4.50000000000000	0
0.860513532269257	4.50000000000000	0
0.859916782246879	4.50000000000000	0
0.859320859320859	4.50000000000000	0
0.858725761772853	4.50000000000000	0
0.858131487889273	4.50000000000000	0
0.857538035961272	4.50000000000000	0
0.856945404284727	4.50000000000000	0
0.856353591160221	4.50000000000000	0
0.855762594893030	4.50000000000000	0
0.855172413793103	4.50000000000000	0
0.854583046175052	4.50000000000000	0
0.853994490358127	4.50000000000000	0
0.853406744666208	4.50000000000000	0
0.852819807427785	4.50000000000000	0
0.852233676975945	4.50000000000000	0
0.851648351648352	4.50000000000000	0
0.851063829787234	4.50000000000000	0
0.850480109739369	4.50000000000000	0
0.849897189856066	4.50000000000000	0
0.849315068493151	4.50000000000000	0
0.848733744010952	4.50000000000000	0
0.848153214774282	4.50000000000000	0
0.847573479152426	4.50000000000000	0
0.846994535519126	4.50000000000000	0
0.846416382252560	4.50000000000000	0
0.845839017735334	4.50000000000000	0
0.845262440354465	4.50000000000000	0
0.844686648501362	4.50000000000000	0
0.844111640571818	4.50000000000000	0
0.843537414965986	4.50000000000000	0
0.842963970088375	4.50000000000000	0
0.842391304347826	4.50000000000000	0
0.841819416157502	4.50000000000000	0
0.841248303934871	4.50000000000000	0
0.840677966101695	4.50000000000000	0
0.840108401084011	4.50000000000000	0
0.839539607312119	4.50000000000000	0
0.838971583220568	4.50000000000000	0
0.838404327248141	4.50000000000000	0
0.837837837837838	4.50000000000000	0
0.837272113436867	4.50000000000000	0
0.836707152496626	4.50000000000000	0
0.836142953472690	4.50000000000000	0
0.835579514824798	4.50000000000000	0
0.835016835016835	4.50000000000000	0
0.834454912516824	4.50000000000000	0
0.833893745796906	4.50000000000000	0
0.833333333333333	4.50000000000000	0
0.832773673606447	4.50000000000000	0
0.832214765100671	4.50000000000000	0
0.831656606304494	4.50000000000000	0
0.831099195710456	4.50000000000000	0
0.830542531815137	4.50000000000000	0
0.829986613119143	4.50000000000000	0
0.829431438127090	4.50000000000000	0
0.828877005347594	4.50000000000000	0
0.828323313293253	4.50000000000000	0
0.827770360480641	4.50000000000000	0
0.827218145430287	4.50000000000000	0
0.826666666666667	4.50000000000000	0
0.826115922718188	4.50000000000000	0
0.825565912117177	4.50000000000000	0
0.825016633399867	4.50000000000000	0
0.824468085106383	4.50000000000000	0
0.823920265780731	4.50000000000000	0
0.823373173970784	4.50000000000000	0
0.822826808228268	4.50000000000000	0
0.822281167108753	4.50000000000000	0
0.821736249171637	4.50000000000000	0
0.821192052980132	4.50000000000000	0
0.820648577101257	4.50000000000000	0
0.820105820105820	4.50000000000000	0
0.819563780568407	4.50000000000000	0
0.819022457067371	4.50000000000000	0
0.818481848184818	4.50000000000000	0
0.817941952506596	4.50000000000000	0
0.817402768622281	4.50000000000000	0
0.816864295125165	4.50000000000000	0
0.816326530612245	4.50000000000000	0
0.815789473684211	4.50000000000000	0
0.815253122945431	4.50000000000000	0
0.814717477003942	4.50000000000000	0
0.814182534471438	4.50000000000000	0
0.813648293963255	4.50000000000000	0
0.813114754098361	4.50000000000000	0
0.812581913499345	4.50000000000000	0
0.812049770792404	4.50000000000000	0
0.811518324607330	4.50000000000000	0
0.810987573577502	4.50000000000000	0
0.810457516339869	4.50000000000000	0
0.809928151534945	4.50000000000000	0
0.809399477806788	4.50000000000000	0
0.808871493803001	4.50000000000000	0
0.808344198174707	4.50000000000000	0
0.807817589576547	4.50000000000000	0
0.807291666666667	4.50000000000000	0
0.806766428106701	4.50000000000000	0
0.806241872561769	4.50000000000000	0
0.805717998700455	4.50000000000000	0
0.805194805194805	4.50000000000000	0
0.804672290720312	4.50000000000000	0
0.804150453955902	4.50000000000000	0
0.803629293583927	4.50000000000000	0
0.803108808290155	4.50000000000000	0
0.802588996763754	4.50000000000000	0
0.802069857697283	4.50000000000000	0
0.801551389786684	4.50000000000000	0
0.801033591731266	4.50000000000000	0
0.800516462233699	4.50000000000000	0
0.800000000000000	4.50000000000000	0
0.799484203739523	4.50000000000000	0
0.798969072164948	4.50000000000000	0
0.798454603992273	4.50000000000000	0
0.797940797940798	4.50000000000000	0
0.797427652733119	4.50000000000000	0
0.796915167095116	4.50000000000000	0
0.796403339755941	4.50000000000000	0
0.795892169448010	4.50000000000000	0
0.795381654906992	4.50000000000000	0
0.794871794871795	4.50000000000000	0
0.794362588084561	4.50000000000000	0
0.793854033290653	4.50000000000000	0
0.793346129238644	4.50000000000000	0
0.792838874680307	4.50000000000000	0
0.792332268370607	4.50000000000000	0
0.791826309067688	4.50000000000000	0
0.791320995532865	4.50000000000000	0
0.790816326530612	4.50000000000000	0
0.790312300828553	4.50000000000000	0
0.789808917197452	4.50000000000000	0
0.789306174411203	4.50000000000000	0
0.788804071246819	4.50000000000000	0
0.788302606484425	4.50000000000000	0
0.787801778907243	4.50000000000000	0
0.787301587301587	4.50000000000000	0
0.786802030456853	4.50000000000000	0
0.786303107165504	4.50000000000000	0
0.785804816223067	4.50000000000000	0
0.785307156428119	4.50000000000000	0
0.784810126582278	4.50000000000000	0
0.784313725490196	4.50000000000000	0
0.783817951959545	4.50000000000000	0
0.783322804801011	4.50000000000000	0
0.782828282828283	4.50000000000000	0
0.782334384858044	4.50000000000000	0
0.781841109709962	4.50000000000000	0
0.781348456206679	4.50000000000000	0
0.780856423173803	4.50000000000000	0
0.780365009439899	4.50000000000000	0
0.779874213836478	4.50000000000000	0
0.779384035197989	4.50000000000000	0
0.778894472361809	4.50000000000000	0
0.778405524168236	4.50000000000000	0
0.777917189460477	4.50000000000000	0
0.777429467084640	4.50000000000000	0
0.776942355889724	4.50000000000000	0
0.776455854727614	4.50000000000000	0
0.775969962453066	4.50000000000000	0
0.775484677923702	4.50000000000000	0
0.775000000000000	4.50000000000000	0
0.774515927545284	4.50000000000000	0
0.774032459425718	4.50000000000000	0
0.773549594510293	4.50000000000000	0
0.773067331670823	4.50000000000000	0
0.772585669781931	4.50000000000000	0
0.772104607721046	4.50000000000000	0
0.771624144368388	4.50000000000000	0
0.771144278606965	4.50000000000000	0
0.770665009322561	4.50000000000000	0
0.770186335403727	4.50000000000000	0
0.769708255741775	4.50000000000000	0
0.769230769230769	4.50000000000000	0
0.768753874767514	4.50000000000000	0
0.768277571251549	4.50000000000000	0
0.767801857585139	4.50000000000000	0
0.767326732673267	4.50000000000000	0
0.766852195423624	4.50000000000000	0
0.766378244746601	4.50000000000000	0
0.765904879555281	4.50000000000000	0
0.765432098765432	4.50000000000000	0
0.764959901295497	4.50000000000000	0
0.764488286066584	4.50000000000000	0
0.764017252002465	4.50000000000000	0
0.763546798029557	4.50000000000000	0
0.763076923076923	4.50000000000000	0
0.762607626076261	4.50000000000000	0
0.762138905961893	4.50000000000000	0
0.761670761670762	4.50000000000000	0
0.761203192142419	4.50000000000000	0
0.760736196319018	4.50000000000000	0
0.760269773145310	4.50000000000000	0
0.759803921568627	4.50000000000000	0
0.759338640538885	4.50000000000000	0
0.758873929008568	4.50000000000000	0
0.758409785932722	4.50000000000000	0
0.757946210268949	4.50000000000000	0
0.757483200977398	4.50000000000000	0
0.757020757020757	4.50000000000000	0
0.756558877364246	4.50000000000000	0
0.756097560975610	4.50000000000000	0
0.755636806825107	4.50000000000000	0
0.755176613885505	4.50000000000000	0
0.754716981132075	4.50000000000000	0
0.754257907542579	4.50000000000000	0
0.753799392097264	4.50000000000000	0
0.753341433778858	4.50000000000000	0
0.752884031572556	4.50000000000000	0
0.752427184466019	4.50000000000000	0
0.751970891449363	4.50000000000000	0
0.751515151515152	4.50000000000000	0
0.751059963658389	4.50000000000000	0
0.750605326876513	4.50000000000000	0
0.750151240169389	4.50000000000000	0
0.749697702539299	4.50000000000000	0
0.749244712990937	4.50000000000000	0
0.748792270531401	4.50000000000000	0
0.748340374170187	4.50000000000000	0
0.747889022919180	4.50000000000000	0
0.747438215792646	4.50000000000000	0
0.746987951807229	4.50000000000000	0
0.746538229981939	4.50000000000000	0
0.746089049338147	4.50000000000000	0
0.745640408899579	4.50000000000000	0
0.745192307692308	4.50000000000000	0
0.744744744744745	4.50000000000000	0
0.744297719087635	4.50000000000000	0
0.743851229754049	4.50000000000000	0
0.743405275779377	4.50000000000000	0
0.742959856201318	4.50000000000000	0
0.742514970059880	4.50000000000000	0
0.742070616397367	4.50000000000000	0
0.741626794258373	4.50000000000000	0
0.741183502689779	4.50000000000000	0
0.740740740740741	4.50000000000000	0
0.740298507462687	4.50000000000000	0
0.739856801909308	4.50000000000000	0
0.739415623136553	4.50000000000000	0
0.738974970202622	4.50000000000000	0
0.738534842167957	4.50000000000000	0
0.738095238095238	4.50000000000000	0
0.737656157049375	4.50000000000000	0
0.737217598097503	4.50000000000000	0
0.736779560308972	4.50000000000000	0
0.736342042755344	4.50000000000000	0
0.735905044510386	4.50000000000000	0
0.735468564650059	4.50000000000000	0
0.735032602252519	4.50000000000000	0
0.734597156398104	4.50000000000000	0
0.734162226169331	4.50000000000000	0
0.733727810650888	4.50000000000000	0
0.733293908929627	4.50000000000000	0
0.732860520094563	4.50000000000000	0
0.732427643236858	4.50000000000000	0
0.731995277449823	4.50000000000000	0
0.731563421828909	4.50000000000000	0
0.731132075471698	4.50000000000000	0
0.730701237477902	4.50000000000000	0
0.730270906949352	4.50000000000000	0
0.729841082989994	4.50000000000000	0
0.729411764705882	4.50000000000000	0
0.728982951205173	4.50000000000000	0
0.728554641598120	4.50000000000000	0
0.728126834997064	4.50000000000000	0
0.727699530516432	4.50000000000000	0
0.727272727272727	4.50000000000000	0
0.726846424384525	4.50000000000000	0
0.726420620972466	4.50000000000000	0
0.725995316159251	4.50000000000000	0
0.725570509069631	4.50000000000000	0
0.725146198830409	4.50000000000000	0
0.724722384570427	4.50000000000000	0
0.724299065420561	4.50000000000000	0
0.723876240513719	4.50000000000000	0
0.723453908984831	4.50000000000000	0
0.723032069970846	4.50000000000000	0
0.722610722610723	4.50000000000000	0
0.722189866045428	4.50000000000000	0
0.721769499417928	4.50000000000000	0
0.721349621873182	4.50000000000000	0
0.720930232558140	4.50000000000000	0
0.720511330621732	4.50000000000000	0
0.720092915214866	4.50000000000000	0
0.719674985490424	4.50000000000000	0
0.719257540603248	4.50000000000000	0
0.718840579710145	4.50000000000000	0
0.718424101969873	4.50000000000000	0
0.718008106543138	4.50000000000000	0
0.717592592592593	4.50000000000000	0
0.717177559282823	4.50000000000000	0
0.716763005780347	4.50000000000000	0
0.716348931253611	4.50000000000000	0
0.715935334872979	4.50000000000000	0
0.715522215810733	4.50000000000000	0
0.715109573241061	4.50000000000000	0
0.714697406340058	4.50000000000000	0
0.714285714285714	4.50000000000000	0
0.713874496257916	4.50000000000000	0
0.713463751438435	4.50000000000000	0
0.713053479010926	4.50000000000000	0
0.712643678160920	4.50000000000000	0
0.712234348075818	4.50000000000000	0
0.711825487944891	4.50000000000000	0
0.711417096959266	4.50000000000000	0
0.711009174311927	4.50000000000000	0
0.710601719197708	4.50000000000000	0
0.710194730813288	4.50000000000000	0
0.709788208357184	4.50000000000000	0
0.709382151029748	4.50000000000000	0
0.708976558033162	4.50000000000000	0
0.708571428571429	4.50000000000000	0
0.708166761850371	4.50000000000000	0
0.707762557077626	4.50000000000000	0
0.707358813462635	4.50000000000000	0
0.706955530216648	4.50000000000000	0
0.706552706552707	4.50000000000000	0
0.706150341685649	4.50000000000000	0
0.705748434832100	4.50000000000000	0
0.705346985210467	4.50000000000000	0
0.704945992040932	4.50000000000000	0
0.704545454545455	4.50000000000000	0
0.704145371947757	4.50000000000000	0
0.703745743473326	4.50000000000000	0
0.703346568349404	4.50000000000000	0
0.702947845804989	4.50000000000000	0
0.702549575070822	4.50000000000000	0
0.702151755379389	4.50000000000000	0
0.701754385964912	4.50000000000000	0
0.701357466063348	4.50000000000000	0
0.700960994912380	4.50000000000000	0
0.700564971751412	4.50000000000000	0
0.700169395821570	4.50000000000000	0
0.699774266365689	4.50000000000000	0
0.699379582628314	4.50000000000000	0
0.698985343855693	4.50000000000000	0
0.698591549295775	4.50000000000000	0
0.698198198198198	4.50000000000000	0
0.697805289814294	4.50000000000000	0
0.697412823397075	4.50000000000000	0
0.697020798201237	4.50000000000000	0
0.696629213483146	4.50000000000000	0
0.696238068500842	4.50000000000000	0
0.695847362514029	4.50000000000000	0
0.695457094784072	4.50000000000000	0
0.695067264573991	4.50000000000000	0
0.694677871148459	4.50000000000000	0
0.694288913773796	4.50000000000000	0
0.693900391717963	4.50000000000000	0
0.693512304250559	4.50000000000000	0
0.693124650642817	4.50000000000000	0
0.692737430167598	4.50000000000000	0
0.692350642099386	4.50000000000000	0
0.691964285714286	4.50000000000000	0
0.691578360290017	4.50000000000000	0
0.691192865105909	4.50000000000000	0
0.690807799442897	4.50000000000000	0
0.690423162583519	4.50000000000000	0
0.690038953811909	4.50000000000000	0
0.689655172413793	4.50000000000000	0
0.689271817676487	4.50000000000000	0
0.688888888888889	4.50000000000000	0
0.688506385341477	4.50000000000000	0
0.688124306326304	4.50000000000000	0
0.687742651136994	4.50000000000000	0
0.687361419068736	4.50000000000000	0
0.686980609418283	4.50000000000000	0
0.686600221483942	4.50000000000000	0
0.686220254565578	4.50000000000000	0
0.685840707964602	4.50000000000000	0
0.685461580983969	4.50000000000000	0
0.685082872928177	4.50000000000000	0
0.684704583103258	4.50000000000000	0
0.684326710816777	4.50000000000000	0
0.683949255377827	4.50000000000000	0
0.683572216097023	4.50000000000000	0
0.683195592286501	4.50000000000000	0
0.682819383259912	4.50000000000000	0
0.682443588332416	4.50000000000000	0
0.682068206820682	4.50000000000000	0
0.681693238042881	4.50000000000000	0
0.681318681318681	4.50000000000000	0
0.680944535969248	4.50000000000000	0
0.680570801317234	4.50000000000000	0
0.680197476686780	4.50000000000000	0
0.679824561403509	4.50000000000000	0
0.679452054794521	4.50000000000000	0
0.679079956188390	4.50000000000000	0
0.678708264915162	4.50000000000000	0
0.678336980306346	4.50000000000000	0
0.677966101694915	4.50000000000000	0
0.677595628415301	4.50000000000000	0
0.677225559803386	4.50000000000000	0
0.676855895196507	4.50000000000000	0
0.676486633933442	4.50000000000000	0
0.676117775354417	4.50000000000000	0
0.675749318801090	4.50000000000000	0
0.675381263616558	4.50000000000000	0
0.675013609145346	4.50000000000000	0
0.674646354733406	4.50000000000000	0
0.674279499728113	4.50000000000000	0
0.673913043478261	4.50000000000000	0
0.673546985334058	4.50000000000000	0
0.673181324647123	4.50000000000000	0
0.672816060770483	4.50000000000000	0
0.672451193058568	4.50000000000000	0
0.672086720867209	4.50000000000000	0
0.671722643553629	4.50000000000000	0
0.671358960476448	4.50000000000000	0
0.670995670995671	4.50000000000000	0
0.670632774472688	4.50000000000000	0
0.670270270270270	4.50000000000000	0
0.669908157752566	4.50000000000000	0
0.669546436285097	4.50000000000000	0
0.669185105234755	4.50000000000000	0
0.668824163969795	4.50000000000000	0
0.668463611859838	4.50000000000000	0
0.668103448275862	4.50000000000000	0
0.667743672590199	4.50000000000000	0
0.667384284176534	4.50000000000000	0
0.667025282409898	4.50000000000000	0
0.666666666666667	4.50000000000000	0
0.666308436324557	4.50000000000000	0
0.665950590762621	4.50000000000000	0
0.665593129361245	4.50000000000000	0
0.665236051502146	4.50000000000000	0
0.664879356568365	4.50000000000000	0
0.664523043944266	4.50000000000000	0
0.664167113015533	4.50000000000000	0
0.663811563169165	4.50000000000000	0
0.663456393793472	4.50000000000000	0
0.663101604278075	4.50000000000000	0
0.662747194013896	4.50000000000000	0
0.662393162393162	4.50000000000000	0
0.662039508809397	4.50000000000000	0
0.661686232657417	4.50000000000000	0
0.661333333333333	4.50000000000000	0
0.660980810234542	4.50000000000000	0
0.660628662759723	4.50000000000000	0
0.660276890308839	4.50000000000000	0
0.659925492283129	4.50000000000000	0
0.659574468085106	4.50000000000000	0
0.659223817118554	4.50000000000000	0
0.658873538788523	4.50000000000000	0
0.658523632501328	4.50000000000000	0
0.658174097664544	4.50000000000000	0
0.657824933687003	4.50000000000000	0
0.657476139978791	4.50000000000000	0
0.657127715951245	4.50000000000000	0
0.656779661016949	4.50000000000000	0
0.656431974589730	4.50000000000000	0
0.656084656084656	4.50000000000000	0
0.655737704918033	4.50000000000000	0
0.655391120507400	4.50000000000000	0
0.655044902271527	4.50000000000000	0
0.654699049630412	4.50000000000000	0
0.654353562005277	4.50000000000000	0
0.654008438818565	4.50000000000000	0
0.653663679493938	4.50000000000000	0
0.653319283456270	4.50000000000000	0
0.652975250131648	4.50000000000000	0
0.652631578947368	4.50000000000000	0
0.652288269331931	4.50000000000000	0
0.651945320715037	4.50000000000000	0
0.651602732527588	4.50000000000000	0
0.651260504201681	4.50000000000000	0
0.650918635170604	4.50000000000000	0
0.650577124868835	4.50000000000000	0
0.650235972732040	4.50000000000000	0
0.649895178197065	4.50000000000000	0
0.649554740701938	4.50000000000000	0
0.649214659685864	4.50000000000000	0
0.648874934589220	4.50000000000000	0
0.648535564853557	4.50000000000000	0
0.648196549921589	4.50000000000000	0
0.647857889237200	4.50000000000000	0
0.647519582245431	4.50000000000000	0
0.647181628392484	4.50000000000000	0
0.646844027125717	4.50000000000000	0
0.646506777893639	4.50000000000000	0
0.646169880145909	4.50000000000000	0
0.645833333333333	4.50000000000000	0
0.645497136907861	4.50000000000000	0
0.645161290322581	4.50000000000000	0
0.644825793031721	4.50000000000000	0
0.644490644490645	4.50000000000000	0
0.644155844155844	4.50000000000000	0
0.643821391484943	4.50000000000000	0
0.643487285936689	4.50000000000000	0
0.643153526970954	4.50000000000000	0
0.642820114048730	4.50000000000000	0
0.642487046632124	4.50000000000000	0
0.642154324184360	4.50000000000000	0
0.641821946169772	4.50000000000000	0
0.641489912053802	4.50000000000000	0
0.641158221302999	4.50000000000000	0
0.640826873385013	4.50000000000000	0
0.640495867768595	4.50000000000000	0
0.640165203923593	4.50000000000000	0
0.639834881320950	4.50000000000000	0
0.639504899432697	4.50000000000000	0
0.639175257731959	4.50000000000000	0
0.638845955692942	4.50000000000000	0
0.638516992790937	4.50000000000000	0
0.638188368502316	4.50000000000000	0
0.637860082304527	4.50000000000000	0
0.637532133676093	4.50000000000000	0
0.637204522096608	4.50000000000000	0
0.636877247046739	4.50000000000000	0
0.636550308008214	4.50000000000000	0
0.636223704463828	4.50000000000000	0
0.635897435897436	4.50000000000000	0
0.635571501793952	4.50000000000000	0
0.635245901639344	4.50000000000000	0
0.634920634920635	4.50000000000000	0
0.634595701125896	4.50000000000000	0
0.634271099744245	4.50000000000000	0
0.633946830265849	4.50000000000000	0
0.633622892181911	4.50000000000000	0
0.633299284984678	4.50000000000000	0
0.632976008167432	4.50000000000000	0
0.632653061224490	4.50000000000000	0
0.632330443651198	4.50000000000000	0
0.632008154943935	4.50000000000000	0
0.631686194600102	4.50000000000000	0
0.631364562118126	4.50000000000000	0
0.631043256997455	4.50000000000000	0
0.630722278738556	4.50000000000000	0
0.630401626842908	4.50000000000000	0
0.630081300813008	4.50000000000000	0
0.629761300152362	4.50000000000000	0
0.629441624365482	4.50000000000000	0
0.629122272957889	4.50000000000000	0
0.628803245436105	4.50000000000000	0
0.628484541307653	4.50000000000000	0
0.628166160081054	4.50000000000000	0
0.627848101265823	4.50000000000000	0
0.627530364372470	4.50000000000000	0
0.627212948912494	4.50000000000000	0
0.626895854398382	4.50000000000000	0
0.626579080343608	4.50000000000000	0
0.626262626262626	4.50000000000000	0
0.625946491670873	4.50000000000000	0
0.625630676084763	4.50000000000000	0
0.625315179021684	4.50000000000000	0
0.625000000000000	4.50000000000000	0
0.624685138539043	4.50000000000000	0
0.624370594159114	4.50000000000000	0
0.624056366381480	4.50000000000000	0
0.623742454728370	4.50000000000000	0
0.623428858722976	4.50000000000000	0
0.623115577889447	4.50000000000000	0
0.622802611752888	4.50000000000000	0
0.622489959839357	4.50000000000000	0
0.622177621675866	4.50000000000000	0
0.621865596790371	4.50000000000000	0
0.621553884711779	4.50000000000000	0
0.621242484969940	4.50000000000000	0
0.620931397095643	4.50000000000000	0
0.620620620620621	4.50000000000000	0
0.620310155077539	4.50000000000000	0
0.620000000000000	4.50000000000000	0
0.619690154922539	4.50000000000000	0
0.619380619380619	4.50000000000000	0
0.619071392910634	4.50000000000000	0
0.618762475049900	4.50000000000000	0
0.618453865336658	4.50000000000000	0
0.618145563310070	4.50000000000000	0
0.617837568510214	4.50000000000000	0
0.617529880478088	4.50000000000000	0
0.617222498755600	4.50000000000000	0
0.616915422885572	4.50000000000000	0
0.616608652411736	4.50000000000000	0
0.616302186878728	4.50000000000000	0
0.615996025832092	4.50000000000000	0
0.615690168818272	4.50000000000000	0
0.615384615384615	4.50000000000000	0
0.615079365079365	4.50000000000000	0
0.614774417451661	4.50000000000000	0
0.614469772051536	4.50000000000000	0
0.614165428429916	4.50000000000000	0
0.613861386138614	4.50000000000000	0
0.613557644730332	4.50000000000000	0
0.613254203758655	4.50000000000000	0
0.612951062778052	4.50000000000000	0
0.612648221343874	4.50000000000000	0
0.612345679012346	4.50000000000000	0
0.612043435340573	4.50000000000000	0
0.611741489886532	4.50000000000000	0
0.611439842209073	4.50000000000000	0
0.611138491867915	4.50000000000000	0
0.610837438423645	4.50000000000000	0
0.610536681437715	4.50000000000000	0
0.610236220472441	4.50000000000000	0
0.609936055090999	4.50000000000000	0
0.609636184857424	4.50000000000000	0
0.609336609336609	4.50000000000000	0
0.609037328094303	4.50000000000000	0
0.608738340697104	4.50000000000000	0
0.608439646712463	4.50000000000000	0
0.608141245708681	4.50000000000000	0
0.607843137254902	4.50000000000000	0
0.607545320921117	4.50000000000000	0
0.607247796278159	4.50000000000000	0
0.606950562897699	4.50000000000000	0
0.606653620352251	4.50000000000000	0
0.606356968215159	4.50000000000000	0
0.606060606060606	4.50000000000000	0
0.605764533463605	4.50000000000000	0
0.605468750000000	4.50000000000000	0
0.605173255246462	4.50000000000000	0
0.604878048780488	4.50000000000000	0
0.604583130180400	4.50000000000000	0
0.604288499025341	4.50000000000000	0
0.603994154895275	4.50000000000000	0
0.603700097370983	4.50000000000000	0
0.603406326034063	4.50000000000000	0
0.603112840466926	4.50000000000000	0
0.602819640252795	4.50000000000000	0
0.602526724975705	4.50000000000000	0
0.602234094220495	4.50000000000000	0
0.601941747572816	4.50000000000000	0
0.601649684619117	4.50000000000000	0
0.601357904946654	4.50000000000000	0
0.601066408143480	4.50000000000000	0
0.600775193798450	4.50000000000000	0
0.600484261501211	4.50000000000000	0
0.600193610842207	4.50000000000000	0
0.599903241412675	4.50000000000000	0
0.599613152804642	4.50000000000000	0
0.599323344610923	4.50000000000000	0
0.599033816425121	4.50000000000000	0
0.598744567841622	4.50000000000000	0
0.598455598455599	4.50000000000000	0
0.598166907863001	4.50000000000000	0
0.597878495660559	4.50000000000000	0
0.597590361445783	4.50000000000000	0
0.597302504816956	4.50000000000000	0
0.597014925373134	4.50000000000000	0
0.596727622714148	4.50000000000000	0
0.596440596440597	4.50000000000000	0
0.596153846153846	4.50000000000000	0
0.595867371456031	4.50000000000000	0
0.595581171950048	4.50000000000000	0
0.595295247239558	4.50000000000000	0
0.595009596928983	4.50000000000000	0
0.594724220623501	4.50000000000000	0
0.594439117929051	4.50000000000000	0
0.594154288452324	4.50000000000000	0
0.593869731800766	4.50000000000000	0
0.593585447582575	4.50000000000000	0
0.593301435406699	4.50000000000000	0
0.593017694882831	4.50000000000000	0
0.592734225621415	4.50000000000000	0
0.592451027233636	4.50000000000000	0
0.592168099331423	4.50000000000000	0
0.591885441527446	4.50000000000000	0
0.591603053435114	4.50000000000000	0
0.591320934668574	4.50000000000000	0
0.591039084842707	4.50000000000000	0
0.590757503573130	4.50000000000000	0
0.590476190476191	4.50000000000000	0
0.590195145168967	4.50000000000000	0
0.589914367269267	4.50000000000000	0
0.589633856395625	4.50000000000000	0
0.589353612167300	4.50000000000000	0
0.589073634204276	4.50000000000000	0
0.588793922127256	4.50000000000000	0
0.588514475557665	4.50000000000000	0
0.588235294117647	4.50000000000000	0
0.587956377430062	4.50000000000000	0
0.587677725118483	4.50000000000000	0
0.587399336807201	4.50000000000000	0
0.587121212121212	4.50000000000000	0
0.586843350686228	4.50000000000000	0
0.586565752128666	4.50000000000000	0
0.586288416075650	4.50000000000000	0
0.586011342155009	4.50000000000000	0
0.585734529995276	4.50000000000000	0
0.585457979225685	4.50000000000000	0
0.585181689476168	4.50000000000000	0
0.584905660377359	4.50000000000000	0
0.584629891560585	4.50000000000000	0
0.584354382657870	4.50000000000000	0
0.584079133301931	4.50000000000000	0
0.583804143126177	4.50000000000000	0
0.583529411764706	4.50000000000000	0
0.583254938852305	4.50000000000000	0
0.582980724024448	4.50000000000000	0
0.582706766917293	4.50000000000000	0
0.582433067167684	4.50000000000000	0
0.582159624413146	4.50000000000000	0
0.581886438291882	4.50000000000000	0
0.581613508442777	4.50000000000000	0
0.581340834505391	4.50000000000000	0
0.581068416119962	4.50000000000000	0
0.580796252927401	4.50000000000000	0
0.580524344569288	4.50000000000000	0
0.580252690687880	4.50000000000000	0
0.579981290926099	4.50000000000000	0
0.579710144927536	4.50000000000000	0
0.579439252336449	4.50000000000000	0
0.579168612797758	4.50000000000000	0
0.578898225957049	4.50000000000000	0
0.578628091460569	4.50000000000000	0
0.578358208955224	4.50000000000000	0
0.578088578088578	4.50000000000000	0
0.577819198508854	4.50000000000000	0
0.577550069864928	4.50000000000000	0
0.577281191806331	4.50000000000000	0
0.577012563983248	4.50000000000000	0
0.576744186046512	4.50000000000000	0
0.576476057647606	4.50000000000000	0
0.576208178438662	4.50000000000000	0
0.575940548072457	4.50000000000000	0
0.575673166202414	4.50000000000000	0
0.575406032482599	4.50000000000000	0
0.575139146567718	4.50000000000000	0
0.574872508113120	4.50000000000000	0
0.574606116774791	4.50000000000000	0
0.574339972209356	4.50000000000000	0
0.574074074074074	4.50000000000000	0
0.573808422026840	4.50000000000000	0
0.573543015726180	4.50000000000000	0
0.573277854831253	4.50000000000000	0
0.573012939001848	4.50000000000000	0
0.572748267898383	4.50000000000000	0
0.572483841181902	4.50000000000000	0
0.572219658514075	4.50000000000000	0
0.571955719557196	4.50000000000000	0
0.571692023974182	4.50000000000000	0
0.571428571428571	4.50000000000000	0
0.571165361584523	4.50000000000000	0
0.570902394106814	4.50000000000000	0
0.570639668660838	4.50000000000000	0
0.570377184912604	4.50000000000000	0
0.570114942528736	4.50000000000000	0
0.569852941176471	4.50000000000000	0
0.569591180523656	4.50000000000000	0
0.569329660238751	4.50000000000000	0
0.569068379990821	4.50000000000000	0
0.568807339449541	4.50000000000000	0
0.568546538285190	4.50000000000000	0
0.568285976168653	4.50000000000000	0
0.568025652771416	4.50000000000000	0
0.567765567765568	4.50000000000000	0
0.567505720823799	4.50000000000000	0
0.567246111619396	4.50000000000000	0
0.566986739826246	4.50000000000000	0
0.566727605118830	4.50000000000000	0
0.566468707172225	4.50000000000000	0
0.566210045662100	4.50000000000000	0
0.565951620264719	4.50000000000000	0
0.565693430656934	4.50000000000000	0
0.565435476516188	4.50000000000000	0
0.565177757520511	4.50000000000000	0
0.564920273348519	4.50000000000000	0
0.564663023679417	4.50000000000000	0
0.564406008192991	4.50000000000000	0
0.564149226569609	4.50000000000000	0
0.563892678490223	4.50000000000000	0
0.563636363636364	4.50000000000000	0
0.563380281690141	4.50000000000000	0
0.563124432334242	4.50000000000000	0
0.562868815251929	4.50000000000000	0
0.562613430127042	4.50000000000000	0
0.562358276643991	4.50000000000000	0
0.562103354487761	4.50000000000000	0
0.561848663343906	4.50000000000000	0
0.561594202898551	4.50000000000000	0
0.561339972838388	4.50000000000000	0
0.561085972850679	4.50000000000000	0
0.560832202623247	4.50000000000000	0
0.560578661844485	4.50000000000000	0
0.560325350203344	4.50000000000000	0
0.560072267389341	4.50000000000000	0
0.559819413092551	4.50000000000000	0
0.559566787003610	4.50000000000000	0
0.559314388813712	4.50000000000000	0
0.559062218214608	4.50000000000000	0
0.558810274898603	4.50000000000000	0
0.558558558558559	4.50000000000000	0
0.558307068887888	4.50000000000000	0
0.558055805580558	4.50000000000000	0
0.557804768331084	4.50000000000000	0
0.557553956834532	4.50000000000000	0
0.557303370786517	4.50000000000000	0
0.557053009883199	4.50000000000000	0
0.556802873821284	4.50000000000000	0
0.556552962298025	4.50000000000000	0
0.556303275011216	4.50000000000000	0
0.556053811659193	4.50000000000000	0
0.555804571940834	4.50000000000000	0
0.555555555555556	4.50000000000000	0
0.555306762203314	4.50000000000000	0
0.555058191584602	4.50000000000000	0
0.554809843400447	4.50000000000000	0
0.554561717352415	4.50000000000000	0
0.554313813142602	4.50000000000000	0
0.554066130473637	4.50000000000000	0
0.553818669048683	4.50000000000000	0
0.553571428571429	4.50000000000000	0
0.553324408746096	4.50000000000000	0
0.553077609277431	4.50000000000000	0
0.552831029870709	4.50000000000000	0
0.552584670231729	4.50000000000000	0
0.552338530066815	4.50000000000000	0
0.552092609082814	4.50000000000000	0
0.551846906987094	4.50000000000000	0
0.551601423487544	4.50000000000000	0
0.551356158292574	4.50000000000000	0
0.551111111111111	4.50000000000000	0
0.550866281652599	4.50000000000000	0
0.550621669626998	4.50000000000000	0
0.550377274744785	4.50000000000000	0
0.550133096716948	4.50000000000000	0
0.549889135254989	4.50000000000000	0
0.549645390070922	4.50000000000000	0
0.549401860877271	4.50000000000000	0
0.549158547387068	4.50000000000000	0
0.548915449313856	4.50000000000000	0
0.548672566371682	4.50000000000000	0
0.548429898275100	4.50000000000000	0
0.548187444739169	4.50000000000000	0
0.547945205479452	4.50000000000000	0
0.547703180212014	4.50000000000000	0
0.547461368653422	4.50000000000000	0
0.547219770520741	4.50000000000000	0
0.546978385531540	4.50000000000000	0
0.546737213403880	4.50000000000000	0
0.546496253856324	4.50000000000000	0
0.546255506607930	4.50000000000000	0
0.546014971378248	4.50000000000000	0
0.545774647887324	4.50000000000000	0
0.545534535855697	4.50000000000000	0
0.545294635004398	4.50000000000000	0
0.545054945054945	4.50000000000000	0
0.544815465729350	4.50000000000000	0
0.544576196750110	4.50000000000000	0
0.544337137840211	4.50000000000000	0
0.544098288723124	4.50000000000000	0
0.543859649122807	4.50000000000000	0
0.543621218763700	4.50000000000000	0
0.543382997370727	4.50000000000000	0
0.543144984669295	4.50000000000000	0
0.542907180385289	4.50000000000000	0
0.542669584245077	4.50000000000000	0
0.542432195975503	4.50000000000000	0
0.542195015303892	4.50000000000000	0
0.541958041958042	4.50000000000000	0
0.541721275666230	4.50000000000000	0
0.541484716157205	4.50000000000000	0
0.541248363160192	4.50000000000000	0
0.541012216404887	4.50000000000000	0
0.540776275621457	4.50000000000000	0
0.540540540540541	4.50000000000000	0
0.540305010893246	4.50000000000000	0
0.540069686411150	4.50000000000000	0
0.539834566826295	4.50000000000000	0
0.539599651871192	4.50000000000000	0
0.539364941278817	4.50000000000000	0
0.539130434782609	4.50000000000000	0
0.538896132116471	4.50000000000000	0
0.538662033014770	4.50000000000000	0
0.538428137212332	4.50000000000000	0
0.538194444444444	4.50000000000000	0
0.537960954446855	4.50000000000000	0
0.537727666955768	4.50000000000000	0
0.537494581707846	4.50000000000000	0
0.537261698440208	4.50000000000000	0
0.537029016890429	4.50000000000000	0
0.536796536796537	4.50000000000000	0
0.536564257897014	4.50000000000000	0
0.536332179930796	4.50000000000000	0
0.536100302637268	4.50000000000000	0
0.535868625756266	4.50000000000000	0
0.535637149028078	4.50000000000000	0
0.535405872193437	4.50000000000000	0
0.535174794993526	4.50000000000000	0
0.534943917169974	4.50000000000000	0
0.534713238464856	4.50000000000000	0
0.534482758620690	4.50000000000000	0
0.534252477380440	4.50000000000000	0
0.534022394487511	4.50000000000000	0
0.533792509685751	4.50000000000000	0
0.533562822719449	4.50000000000000	0
0.533333333333333	4.50000000000000	0
0.533104041272571	4.50000000000000	0
0.532874946282768	4.50000000000000	0
0.532646048109966	4.50000000000000	0
0.532417346500644	4.50000000000000	0
0.532188841201717	4.50000000000000	0
0.531960531960532	4.50000000000000	0
0.531732418524871	4.50000000000000	0
0.531504500642949	4.50000000000000	0
0.531276778063410	4.50000000000000	0
0.531049250535332	4.50000000000000	0
0.530821917808219	4.50000000000000	0
0.530594779632007	4.50000000000000	0
0.530367835757057	4.50000000000000	0
0.530141085934160	4.50000000000000	0
0.529914529914530	4.50000000000000	0
0.529688167449808	4.50000000000000	0
0.529461998292058	4.50000000000000	0
0.529236022193769	4.50000000000000	0
0.529010238907850	4.50000000000000	0
0.528784648187633	4.50000000000000	0
0.528559249786871	4.50000000000000	0
0.528334043459736	4.50000000000000	0
0.528109028960818	4.50000000000000	0
0.527884206045126	4.50000000000000	0
0.527659574468085	4.50000000000000	0
0.527435133985538	4.50000000000000	0
0.527210884353742	4.50000000000000	0
0.526986825329367	4.50000000000000	0
0.526762956669499	4.50000000000000	0
0.526539278131635	4.50000000000000	0
0.526315789473684	4.50000000000000	0
0.526092490453967	4.50000000000000	0
0.525869380831213	4.50000000000000	0
0.525646460364561	4.50000000000000	0
0.525423728813559	4.50000000000000	0
0.525201185938162	4.50000000000000	0
0.524978831498730	4.50000000000000	0
0.524756665256031	4.50000000000000	0
0.524534686971235	4.50000000000000	0
0.524312896405920	4.50000000000000	0
0.524091293322063	4.50000000000000	0
0.523869877482045	4.50000000000000	0
0.523648648648649	4.50000000000000	0
0.523427606585057	4.50000000000000	0
0.523206751054852	4.50000000000000	0
0.522986081822016	4.50000000000000	0
0.522765598650928	4.50000000000000	0
0.522545301306363	4.50000000000000	0
0.522325189553496	4.50000000000000	0
0.522105263157895	4.50000000000000	0
0.521885521885522	4.50000000000000	0
0.521665965502735	4.50000000000000	0
0.521446593776283	4.50000000000000	0
0.521227406473308	4.50000000000000	0
0.521008403361345	4.50000000000000	0
0.520789584208316	4.50000000000000	0
0.520570948782536	4.50000000000000	0
0.520352496852707	4.50000000000000	0
0.520134228187919	4.50000000000000	0
0.519916142557652	4.50000000000000	0
0.519698239731769	4.50000000000000	0
0.519480519480519	4.50000000000000	0
0.519262981574539	4.50000000000000	0
0.519045625784847	4.50000000000000	0
0.518828451882845	4.50000000000000	0
0.518611459640318	4.50000000000000	0
0.518394648829431	4.50000000000000	0
0.518178019222733	4.50000000000000	0
0.517961570593150	4.50000000000000	0
0.517745302713987	4.50000000000000	0
0.517529215358932	4.50000000000000	0
0.517313308302044	4.50000000000000	0
0.517097581317765	4.50000000000000	0
0.516882034180909	4.50000000000000	0
0.516666666666667	4.50000000000000	0
0.516451478550604	4.50000000000000	0
0.516236469608659	4.50000000000000	0
0.516021639617145	4.50000000000000	0
0.515806988352745	4.50000000000000	0
0.515592515592516	4.50000000000000	0
0.515378221113882	4.50000000000000	0
0.515164104694641	4.50000000000000	0
0.514950166112957	4.50000000000000	0
0.514736405147364	4.50000000000000	0
0.514522821576763	4.50000000000000	0
0.514309415180423	4.50000000000000	0
0.514096185737977	4.50000000000000	0
0.513883133029424	4.50000000000000	0
0.513670256835129	4.50000000000000	0
0.513457556935818	4.50000000000000	0
0.513245033112583	4.50000000000000	0
0.513032685146876	4.50000000000000	0
0.512820512820513	4.50000000000000	0
0.512608515915668	4.50000000000000	0
0.512396694214876	4.50000000000000	0
0.512185047501033	4.50000000000000	0
0.511973575557391	4.50000000000000	0
0.511762278167561	4.50000000000000	0
0.511551155115512	4.50000000000000	0
0.511340206185567	4.50000000000000	0
0.511129431162407	4.50000000000000	0
0.510918829831067	4.50000000000000	0
0.510708401976936	4.50000000000000	0
0.510498147385755	4.50000000000000	0
0.510288065843621	4.50000000000000	0
0.510078157136981	4.50000000000000	0
0.509868421052632	4.50000000000000	0
0.509658857377723	4.50000000000000	0
0.509449465899754	4.50000000000000	0
0.509240246406571	4.50000000000000	0
0.509031198686371	4.50000000000000	0
0.508822322527698	4.50000000000000	0
0.508613617719442	4.50000000000000	0
0.508405084050841	4.50000000000000	0
0.508196721311475	4.50000000000000	0
0.507988529291274	4.50000000000000	0
0.507780507780508	4.50000000000000	0
0.507572656569791	4.50000000000000	0
0.507364975450082	4.50000000000000	0
0.507157464212679	4.50000000000000	0
0.506950122649223	4.50000000000000	0
0.506742950551696	4.50000000000000	0
0.506535947712418	4.50000000000000	0
0.506329113924051	4.50000000000000	0
0.506122448979592	4.50000000000000	0
0.505915952672379	4.50000000000000	0
0.505709624796085	4.50000000000000	0
0.505503465144721	4.50000000000000	0
0.505297473512632	4.50000000000000	0
0.505091649694501	4.50000000000000	0
0.504885993485342	4.50000000000000	0
0.504680504680505	4.50000000000000	0
0.504475183075671	4.50000000000000	0
0.504270028466856	4.50000000000000	0
0.504065040650407	4.50000000000000	0
0.503860219422999	4.50000000000000	0
0.503655564581641	4.50000000000000	0
0.503451075923670	4.50000000000000	0
0.503246753246753	4.50000000000000	0
0.503042596348884	4.50000000000000	0
0.502838605028386	4.50000000000000	0
0.502634779083908	4.50000000000000	0
0.502431118314425	4.50000000000000	0
0.502227622519239	4.50000000000000	0
0.502024291497976	4.50000000000000	0
0.501821125050587	4.50000000000000	0
0.501618122977346	4.50000000000000	0
0.501415285078852	4.50000000000000	0
0.501212611156023	4.50000000000000	0
0.501010101010101	4.50000000000000	0
0.500807754442650	4.50000000000000	0
0.500605571255551	4.50000000000000	0
0.500403551251009	4.50000000000000	0
0.500201694231545	4.50000000000000	0
0.500000000000000	4.50000000000000	0
0.499798468359532	4.50000000000000	0
0.499597099113618	4.50000000000000	0
0.499395892066049	4.50000000000000	0
0.499194847020934	4.50000000000000	0
0.498993963782696	4.50000000000000	0
0.498793242156074	4.50000000000000	0
0.498592681946120	4.50000000000000	0
0.498392282958199	4.50000000000000	0
0.498192044997991	4.50000000000000	0
0.497991967871486	4.50000000000000	0
0.497792051384986	4.50000000000000	0
0.497592295345104	4.50000000000000	0
0.497392699558765	4.50000000000000	0
0.497193263833200	4.50000000000000	0
0.496993987975952	4.50000000000000	0
0.496794871794872	4.50000000000000	0
0.496595915098118	4.50000000000000	0
0.496397117694155	4.50000000000000	0
0.496198479391757	4.50000000000000	0
0.496000000000000	4.50000000000000	0
0.495801679328269	4.50000000000000	0
0.495603517186251	4.50000000000000	0
0.495405513383939	4.50000000000000	0
0.495207667731629	4.50000000000000	0
0.495009980039920	4.50000000000000	0
0.494812450119713	4.50000000000000	0
0.494615077782210	4.50000000000000	0
0.494417862838916	4.50000000000000	0
0.494220805101634	4.50000000000000	0
0.494023904382470	4.50000000000000	0
0.493827160493827	4.50000000000000	0
0.493630573248408	4.50000000000000	0
0.493434142459212	4.50000000000000	0
0.493237867939539	4.50000000000000	0
0.493041749502982	4.50000000000000	0
0.492845786963434	4.50000000000000	0
0.492649980135082	4.50000000000000	0
0.492454328832407	4.50000000000000	0
0.492258832870187	4.50000000000000	0
0.492063492063492	4.50000000000000	0
0.491868306227687	4.50000000000000	0
0.491673275178430	4.50000000000000	0
0.491478398731669	4.50000000000000	0
0.491283676703645	4.50000000000000	0
0.491089108910891	4.50000000000000	0
0.490894695170230	4.50000000000000	0
0.490700435298773	4.50000000000000	0
0.490506329113924	4.50000000000000	0
0.490312376433373	4.50000000000000	0
0.490118577075099	4.50000000000000	0
0.489924930857369	4.50000000000000	0
0.489731437598736	4.50000000000000	0
0.489538097118042	4.50000000000000	0
0.489344909234412	4.50000000000000	0
0.489151873767258	4.50000000000000	0
0.488958990536278	4.50000000000000	0
0.488766259361451	4.50000000000000	0
0.488573680063042	4.50000000000000	0
0.488381252461599	4.50000000000000	0
0.488188976377953	4.50000000000000	0
0.487996851633215	4.50000000000000	0
0.487804878048781	4.50000000000000	0
0.487613055446323	4.50000000000000	0
0.487421383647799	4.50000000000000	0
0.487229862475442	4.50000000000000	0
0.487038491751767	4.50000000000000	0
0.486847271299568	4.50000000000000	0
0.486656200941915	4.50000000000000	0
0.486465280502158	4.50000000000000	0
0.486274509803922	4.50000000000000	0
0.486083888671109	4.50000000000000	0
0.485893416927900	4.50000000000000	0
0.485703094398747	4.50000000000000	0
0.485512920908379	4.50000000000000	0
0.485322896281800	4.50000000000000	0
0.485133020344288	4.50000000000000	0
0.484943292921392	4.50000000000000	0
0.484753713838937	4.50000000000000	0
0.484564282923017	4.50000000000000	0
0.484375000000000	4.50000000000000	0
0.484185864896525	4.50000000000000	0
0.483996877439500	4.50000000000000	0
0.483808037456106	4.50000000000000	0
0.483619344773791	4.50000000000000	0
0.483430799220273	4.50000000000000	0
0.483242400623539	4.50000000000000	0
0.483054148811843	4.50000000000000	0
0.482866043613707	4.50000000000000	0
0.482678084857921	4.50000000000000	0
0.482490272373541	4.50000000000000	0
0.482302605989887	4.50000000000000	0
0.482115085536547	4.50000000000000	0
0.481927710843374	4.50000000000000	0
0.481740481740482	4.50000000000000	0
0.481553398058252	4.50000000000000	0
0.481366459627329	4.50000000000000	0
0.481179666278619	4.50000000000000	0
0.480993017843289	4.50000000000000	0
0.480806514152772	4.50000000000000	0
0.480620155038760	4.50000000000000	0
0.480433940333204	4.50000000000000	0
0.480247869868319	4.50000000000000	0
0.480061943476578	4.50000000000000	0
0.479876160990712	4.50000000000000	0
0.479690522243714	4.50000000000000	0
0.479505027068832	4.50000000000000	0
0.479319675299575	4.50000000000000	0
0.479134466769706	4.50000000000000	0
0.478949401313248	4.50000000000000	0
0.478764478764479	4.50000000000000	0
0.478579698957931	4.50000000000000	0
0.478395061728395	4.50000000000000	0
0.478210566910914	4.50000000000000	0
0.478026214340786	4.50000000000000	0
0.477842003853565	4.50000000000000	0
0.477657935285054	4.50000000000000	0
0.477474008471313	4.50000000000000	0
0.477290223248653	4.50000000000000	0
0.477106579453636	4.50000000000000	0
0.476923076923077	4.50000000000000	0
0.476739715494041	4.50000000000000	0
0.476556495003843	4.50000000000000	0
0.476373415290050	4.50000000000000	0
0.476190476190476	4.50000000000000	0
0.476007677543186	4.50000000000000	0
0.475825019186493	4.50000000000000	0
0.475642500958957	4.50000000000000	0
0.475460122699387	4.50000000000000	0
0.475277884246838	4.50000000000000	0
0.475095785440613	4.50000000000000	0
0.474913826120260	4.50000000000000	0
0.474732006125574	4.50000000000000	0
0.474550325296594	4.50000000000000	0
0.474368783473604	4.50000000000000	0
0.474187380497132	4.50000000000000	0
0.474006116207951	4.50000000000000	0
0.473824990447077	4.50000000000000	0
0.473644003055768	4.50000000000000	0
0.473463153875525	4.50000000000000	0
0.473282442748092	4.50000000000000	0
0.473101869515452	4.50000000000000	0
0.472921434019832	4.50000000000000	0
0.472741136103698	4.50000000000000	0
0.472560975609756	4.50000000000000	0
0.472380952380952	4.50000000000000	0
0.472201066260472	4.50000000000000	0
0.472021317091740	4.50000000000000	0
0.471841704718417	4.50000000000000	0
0.471662228984405	4.50000000000000	0
0.471482889733840	4.50000000000000	0
0.471303686811098	4.50000000000000	0
0.471124620060790	4.50000000000000	0
0.470945689327763	4.50000000000000	0
0.470766894457099	4.50000000000000	0
0.470588235294118	4.50000000000000	0
0.470409711684370	4.50000000000000	0
0.470231323473644	4.50000000000000	0
0.470053070507961	4.50000000000000	0
0.469874952633573	4.50000000000000	0
0.469696969696970	4.50000000000000	0
0.469519121544869	4.50000000000000	0
0.469341408024224	4.50000000000000	0
0.469163828982217	4.50000000000000	0
0.468986384266263	4.50000000000000	0
0.468809073724008	4.50000000000000	0
0.468631897203326	4.50000000000000	0
0.468454854552323	4.50000000000000	0
0.468277945619335	4.50000000000000	0
0.468101170252926	4.50000000000000	0
0.467924528301887	4.50000000000000	0
0.467748019615240	4.50000000000000	0
0.467571644042232	4.50000000000000	0
0.467395401432341	4.50000000000000	0
0.467219291635268	4.50000000000000	0
0.467043314500942	4.50000000000000	0
0.466867469879518	4.50000000000000	0
0.466691757621378	4.50000000000000	0
0.466516177577126	4.50000000000000	0
0.466340729597593	4.50000000000000	0
0.466165413533835	4.50000000000000	0
0.465990229237129	4.50000000000000	0
0.465815176558978	4.50000000000000	0
0.465640255351108	4.50000000000000	0
0.465465465465466	4.50000000000000	0
0.465290806754221	4.50000000000000	0
0.465116279069767	4.50000000000000	0
0.464941882264717	4.50000000000000	0
0.464767616191904	4.50000000000000	0
0.464593480704384	4.50000000000000	0
0.464419475655431	4.50000000000000	0
0.464245600898540	4.50000000000000	0
0.464071856287425	4.50000000000000	0
0.463898241676019	4.50000000000000	0
0.463724756918474	4.50000000000000	0
0.463551401869159	4.50000000000000	0
0.463378176382661	4.50000000000000	0
0.463205080313784	4.50000000000000	0
0.463032113517550	4.50000000000000	0
0.462859275849197	4.50000000000000	0
0.462686567164179	4.50000000000000	0
0.462513987318165	4.50000000000000	0
0.462341536167040	4.50000000000000	0
0.462169213566903	4.50000000000000	0
0.461997019374069	4.50000000000000	0
0.461824953445065	4.50000000000000	0
0.461653015636634	4.50000000000000	0
0.461481205805731	4.50000000000000	0
0.461309523809524	4.50000000000000	0
0.461137969505392	4.50000000000000	0
0.460966542750929	4.50000000000000	0
0.460795243403939	4.50000000000000	0
0.460624071322437	4.50000000000000	0
0.460453026364649	4.50000000000000	0
0.460282108389013	4.50000000000000	0
0.460111317254174	4.50000000000000	0
0.459940652818991	4.50000000000000	0
0.459770114942529	4.50000000000000	0
0.459599703484062	4.50000000000000	0
0.459429418303075	4.50000000000000	0
0.459259259259259	4.50000000000000	0
0.459089226212514	4.50000000000000	0
0.458919319022946	4.50000000000000	0
0.458749537550869	4.50000000000000	0
0.458579881656805	4.50000000000000	0
0.458410351201479	4.50000000000000	0
0.458240946045824	4.50000000000000	0
0.458071666050979	4.50000000000000	0
0.457902511078287	4.50000000000000	0
0.457733480989295	4.50000000000000	0
0.457564575645757	4.50000000000000	0
0.457395794909627	4.50000000000000	0
0.457227138643068	4.50000000000000	0
0.457058606708441	4.50000000000000	0
0.456890198968312	4.50000000000000	0
0.456721915285451	4.50000000000000	0
0.456553755522828	4.50000000000000	0
0.456385719543614	4.50000000000000	0
0.456217807211185	4.50000000000000	0
0.456050018389114	4.50000000000000	0
0.455882352941177	4.50000000000000	0
0.455714810731349	4.50000000000000	0
0.455547391623806	4.50000000000000	0
0.455380095482923	4.50000000000000	0
0.455212922173275	4.50000000000000	0
0.455045871559633	4.50000000000000	0
0.454878943506970	4.50000000000000	0
0.454712137880455	4.50000000000000	0
0.454545454545455	4.50000000000000	0
0.454378893367534	4.50000000000000	0
0.454212454212454	4.50000000000000	0
0.454046136946174	4.50000000000000	0
0.453879941434846	4.50000000000000	0
0.453713867544823	4.50000000000000	0
0.453547915142648	4.50000000000000	0
0.453382084095064	4.50000000000000	0
0.453216374269006	4.50000000000000	0
0.453050785531604	4.50000000000000	0
0.452885317750183	4.50000000000000	0
0.452719970792260	4.50000000000000	0
0.452554744525547	4.50000000000000	0
0.452389638817950	4.50000000000000	0
0.452224653537564	4.50000000000000	0
0.452059788552680	4.50000000000000	0
0.451895043731778	4.50000000000000	0
0.451730418943534	4.50000000000000	0
0.451565914056810	4.50000000000000	0
0.451401528940663	4.50000000000000	0
0.451237263464338	4.50000000000000	0
0.451073117497272	4.50000000000000	0
0.450909090909091	4.50000000000000	0
0.450745183569611	4.50000000000000	0
0.450581395348837	4.50000000000000	0
0.450417726116963	4.50000000000000	0
0.450254175744372	4.50000000000000	0
0.450090744101633	4.50000000000000	0
0.449927431059507	4.50000000000000	0
0.449764236488937	4.50000000000000	0
0.449601160261059	4.50000000000000	0
0.449438202247191	4.50000000000000	0
0.449275362318841	4.50000000000000	0
0.449112640347700	4.50000000000000	0
0.448950036205648	4.50000000000000	0
0.448787549764749	4.50000000000000	0
0.448625180897250	4.50000000000000	0
0.448462929475588	4.50000000000000	0
0.448300795372379	4.50000000000000	0
0.448138778460427	4.50000000000000	0
0.447976878612717	4.50000000000000	0
0.447815095702420	4.50000000000000	0
0.447653429602888	4.50000000000000	0
0.447491880187658	4.50000000000000	0
0.447330447330447	4.50000000000000	0
0.447169130905157	4.50000000000000	0
0.447007930785869	4.50000000000000	0
0.446846846846847	4.50000000000000	0
0.446685878962536	4.50000000000000	0
0.446525027007562	4.50000000000000	0
0.446364290856731	4.50000000000000	0
0.446203670385031	4.50000000000000	0
0.446043165467626	4.50000000000000	0
0.445882775979863	4.50000000000000	0
0.445722501797268	4.50000000000000	0
0.445562342795544	4.50000000000000	0
0.445402298850575	4.50000000000000	0
0.445242369838420	4.50000000000000	0
0.445082555635319	4.50000000000000	0
0.444922856117689	4.50000000000000	0
0.444763271162123	4.50000000000000	0
0.444603800645393	4.50000000000000	0
0.444444444444444	4.50000000000000	0
0.444285202436403	4.50000000000000	0
0.444126074498567	4.50000000000000	0
0.443967060508414	4.50000000000000	0
0.443808160343593	4.50000000000000	0
0.443649373881932	4.50000000000000	0
0.443490701001431	4.50000000000000	0
0.443332141580265	4.50000000000000	0
0.443173695496783	4.50000000000000	0
0.443015362629511	4.50000000000000	0
0.442857142857143	4.50000000000000	0
0.442699036058551	4.50000000000000	0
0.442541042112777	4.50000000000000	0
0.442383160899037	4.50000000000000	0
0.442225392296719	4.50000000000000	0
0.442067736185383	4.50000000000000	0
0.441910192444761	4.50000000000000	0
0.441752760954756	4.50000000000000	0
0.441595441595442	4.50000000000000	0
0.441438234247063	4.50000000000000	0
0.441281138790036	4.50000000000000	0
0.441124155104945	4.50000000000000	0
0.440967283072546	4.50000000000000	0
0.440810522573765	4.50000000000000	0
0.440653873489694	4.50000000000000	0
0.440497335701599	4.50000000000000	0
0.440340909090909	4.50000000000000	0
0.440184593539226	4.50000000000000	0
0.440028388928318	4.50000000000000	0
0.439872295140121	4.50000000000000	0
0.439716312056738	4.50000000000000	0
0.439560439560440	4.50000000000000	0
0.439404677533664	4.50000000000000	0
0.439249025859015	4.50000000000000	0
0.439093484419264	4.50000000000000	0
0.438938053097345	4.50000000000000	0
0.438782731776362	4.50000000000000	0
0.438627520339583	4.50000000000000	0
0.438472418670438	4.50000000000000	0
0.438317426652527	4.50000000000000	0
0.438162544169611	4.50000000000000	0
0.438007771105616	4.50000000000000	0
0.437853107344633	4.50000000000000	0
0.437698552770914	4.50000000000000	0
0.437544107268878	4.50000000000000	0
0.437389770723104	4.50000000000000	0
0.437235543018336	4.50000000000000	0
0.437081424039478	4.50000000000000	0
0.436927413671600	4.50000000000000	0
0.436773511799930	4.50000000000000	0
0.436619718309859	4.50000000000000	0
0.436466033086941	4.50000000000000	0
0.436312456016890	4.50000000000000	0
0.436158986985579	4.50000000000000	0
0.436005625879044	4.50000000000000	0
0.435852372583480	4.50000000000000	0
0.435699226985242	4.50000000000000	0
0.435546188970847	4.50000000000000	0
0.435393258426966	4.50000000000000	0
0.435240435240435	4.50000000000000	0
0.435087719298246	4.50000000000000	0
0.434935110487548	4.50000000000000	0
0.434782608695652	4.50000000000000	0
0.434630213810025	4.50000000000000	0
0.434477925718290	4.50000000000000	0
0.434325744308231	4.50000000000000	0
0.434173669467787	4.50000000000000	0
0.434021701085054	4.50000000000000	0
0.433869839048286	4.50000000000000	0
0.433718083245890	4.50000000000000	0
0.433566433566434	4.50000000000000	0
0.433414889898637	4.50000000000000	0
0.433263452131377	4.50000000000000	0
0.433112120153685	4.50000000000000	0
0.432960893854749	4.50000000000000	0
0.432809773123909	4.50000000000000	0
0.432658757850663	4.50000000000000	0
0.432507847924660	4.50000000000000	0
0.432357043235704	4.50000000000000	0
0.432206343673754	4.50000000000000	0
0.432055749128920	4.50000000000000	0
0.431905259491466	4.50000000000000	0
0.431754874651811	4.50000000000000	0
0.431604594500522	4.50000000000000	0
0.431454418928323	4.50000000000000	0
0.431304347826087	4.50000000000000	0
0.431154381084840	4.50000000000000	0
0.431004518595760	4.50000000000000	0
0.430854760250174	4.50000000000000	0
0.430705105939562	4.50000000000000	0
0.430555555555556	4.50000000000000	0
0.430406108989934	4.50000000000000	0
0.430256766134629	4.50000000000000	0
0.430107526881720	4.50000000000000	0
0.429958391123440	4.50000000000000	0
0.429809358752166	4.50000000000000	0
0.429660429660430	4.50000000000000	0
0.429511603740908	4.50000000000000	0
0.429362880886427	4.50000000000000	0
0.429214260989962	4.50000000000000	0
0.429065743944637	4.50000000000000	0
0.428917329643722	4.50000000000000	0
0.428769017980636	4.50000000000000	0
0.428620808848946	4.50000000000000	0
0.428472702142364	4.50000000000000	0
0.428324697754750	4.50000000000000	0
0.428176795580111	4.50000000000000	0
0.428028995512599	4.50000000000000	0
0.427881297446515	4.50000000000000	0
0.427733701276302	4.50000000000000	0
0.427586206896552	4.50000000000000	0
0.427438814201999	4.50000000000000	0
0.427291523087526	4.50000000000000	0
0.427144333448157	4.50000000000000	0
0.426997245179063	4.50000000000000	0
0.426850258175559	4.50000000000000	0
0.426703372333104	4.50000000000000	0
0.426556587547300	4.50000000000000	0
0.426409903713893	4.50000000000000	0
0.426263320728773	4.50000000000000	0
0.426116838487973	4.50000000000000	0
0.425970456887667	4.50000000000000	0
0.425824175824176	4.50000000000000	0
0.425677995193958	4.50000000000000	0
0.425531914893617	4.50000000000000	0
0.425385934819897	4.50000000000000	0
0.425240054869685	4.50000000000000	0
0.425094274940007	4.50000000000000	0
0.424948594928033	4.50000000000000	0
0.424803014731072	4.50000000000000	0
0.424657534246575	4.50000000000000	0
0.424512153372133	4.50000000000000	0
0.424366872005476	4.50000000000000	0
0.424221690044475	4.50000000000000	0
0.424076607387141	4.50000000000000	0
0.423931623931624	4.50000000000000	0
0.423786739576213	4.50000000000000	0
0.423641954219337	4.50000000000000	0
0.423497267759563	4.50000000000000	0
0.423352680095596	4.50000000000000	0
0.423208191126280	4.50000000000000	0
0.423063800750597	4.50000000000000	0
0.422919508867667	4.50000000000000	0
0.422775315376747	4.50000000000000	0
0.422631220177232	4.50000000000000	0
0.422487223168654	4.50000000000000	0
0.422343324250681	4.50000000000000	0
0.422199523323119	4.50000000000000	0
0.422055820285909	4.50000000000000	0
0.421912215039129	4.50000000000000	0
0.421768707482993	4.50000000000000	0
0.421625297517851	4.50000000000000	0
0.421481985044188	4.50000000000000	0
0.421338769962623	4.50000000000000	0
0.421195652173913	4.50000000000000	0
0.421052631578947	4.50000000000000	0
0.420909708078751	4.50000000000000	0
0.420766881574483	4.50000000000000	0
0.420624151967436	4.50000000000000	0
0.420481519159037	4.50000000000000	0
0.420338983050847	4.50000000000000	0
0.420196543544561	4.50000000000000	0
0.420054200542005	4.50000000000000	0
0.419911953945140	4.50000000000000	0
0.419769803656060	4.50000000000000	0
0.419627749576988	4.50000000000000	0
0.419485791610284	4.50000000000000	0
0.419343929658438	4.50000000000000	0
0.419202163624070	4.50000000000000	0
0.419060493409936	4.50000000000000	0
0.418918918918919	4.50000000000000	0
0.418777440054036	4.50000000000000	0
0.418636056718434	4.50000000000000	0
0.418494768815390	4.50000000000000	0
0.418353576248313	4.50000000000000	0
0.418212478920742	4.50000000000000	0
0.418071476736345	4.50000000000000	0
0.417930569598921	4.50000000000000	0
0.417789757412399	4.50000000000000	0
0.417649040080835	4.50000000000000	0
0.417508417508418	4.50000000000000	0
0.417367889599462	4.50000000000000	0
0.417227456258412	4.50000000000000	0
0.417087117389842	4.50000000000000	0
0.416946872898453	4.50000000000000	0
0.416806722689076	4.50000000000000	0
0.416666666666667	4.50000000000000	0
0.416526704736312	4.50000000000000	0
0.416386836803224	4.50000000000000	0
0.416247062772743	4.50000000000000	0
0.416107382550336	4.50000000000000	0
0.415967796041597	4.50000000000000	0
0.415828303152247	4.50000000000000	0
0.415688903788133	4.50000000000000	0
0.415549597855228	4.50000000000000	0
0.415410385259632	4.50000000000000	0
0.415271265907569	4.50000000000000	0
0.415132239705390	4.50000000000000	0
0.414993306559572	4.50000000000000	0
0.414854466376715	4.50000000000000	0
0.414715719063545	4.50000000000000	0
0.414577064526914	4.50000000000000	0
0.414438502673797	4.50000000000000	0
0.414300033411293	4.50000000000000	0
0.414161656646627	4.50000000000000	0
0.414023372287145	4.50000000000000	0
0.413885180240320	4.50000000000000	0
0.413747080413747	4.50000000000000	0
0.413609072715143	4.50000000000000	0
0.413471157052351	4.50000000000000	0
0.413333333333333	4.50000000000000	0
0.413195601466178	4.50000000000000	0
0.413057961359094	4.50000000000000	0
0.412920412920413	4.50000000000000	0
0.412782956058589	4.50000000000000	0
0.412645590682196	4.50000000000000	0
0.412508316699933	4.50000000000000	0
0.412371134020619	4.50000000000000	0
0.412234042553191	4.50000000000000	0
0.412097042206713	4.50000000000000	0
0.411960132890366	4.50000000000000	0
0.411823314513451	4.50000000000000	0
0.411686586985392	4.50000000000000	0
0.411549950215732	4.50000000000000	0
0.411413404114134	4.50000000000000	0
0.411276948590381	4.50000000000000	0
0.411140583554377	4.50000000000000	0
0.411004308916142	4.50000000000000	0
0.410868124585818	4.50000000000000	0
0.410732030473667	4.50000000000000	0
0.410596026490066	4.50000000000000	0
0.410460112545515	4.50000000000000	0
0.410324288550629	4.50000000000000	0
0.410188554416143	4.50000000000000	0
0.410052910052910	4.50000000000000	0
0.409917355371901	4.50000000000000	0
0.409781890284204	4.50000000000000	0
0.409646514701024	4.50000000000000	0
0.409511228533686	4.50000000000000	0
0.409376031693628	4.50000000000000	0
0.409240924092409	4.50000000000000	0
0.409105905641702	4.50000000000000	0
0.408970976253298	4.50000000000000	0
0.408836135839103	4.50000000000000	0
0.408701384311140	4.50000000000000	0
0.408566721581549	4.50000000000000	0
0.408432147562582	4.50000000000000	0
0.408297662166612	4.50000000000000	0
0.408163265306122	4.50000000000000	0
0.408028956893715	4.50000000000000	0
0.407894736842105	4.50000000000000	0
0.407760605064124	4.50000000000000	0
0.407626561472715	4.50000000000000	0
0.407492605980940	4.50000000000000	0
0.407358738501971	4.50000000000000	0
0.407224958949097	4.50000000000000	0
0.407091267235719	4.50000000000000	0
0.406957663275353	4.50000000000000	0
0.406824146981627	4.50000000000000	0
0.406690718268285	4.50000000000000	0
0.406557377049180	4.50000000000000	0
0.406424123238283	4.50000000000000	0
0.406290956749672	4.50000000000000	0
0.406157877497543	4.50000000000000	0
0.406024885396202	4.50000000000000	0
0.405891980360066	4.50000000000000	0
0.405759162303665	4.50000000000000	0
0.405626431141642	4.50000000000000	0
0.405493786788751	4.50000000000000	0
0.405361229159856	4.50000000000000	0
0.405228758169935	4.50000000000000	0
0.405096373734074	4.50000000000000	0
0.404964075767472	4.50000000000000	0
0.404831864185439	4.50000000000000	0
0.404699738903394	4.50000000000000	0
0.404567699836868	4.50000000000000	0
0.404435746901500	4.50000000000000	0
0.404303880013042	4.50000000000000	0
0.404172099087353	4.50000000000000	0
0.404040404040404	4.50000000000000	0
0.403908794788274	4.50000000000000	0
0.403777271247151	4.50000000000000	0
0.403645833333333	4.50000000000000	0
0.403514480963228	4.50000000000000	0
0.403383214053351	4.50000000000000	0
0.403252032520325	4.50000000000000	0
0.403120936280884	4.50000000000000	0
0.402989925251869	4.50000000000000	0
0.402858999350227	4.50000000000000	0
0.402728158493017	4.50000000000000	0
0.402597402597403	4.50000000000000	0
0.402466731580656	4.50000000000000	0
0.402336145360156	4.50000000000000	0
0.402205643853390	4.50000000000000	0
0.402075226977951	4.50000000000000	0
0.401944894651540	4.50000000000000	0
0.401814646791964	4.50000000000000	0
0.401684483317136	4.50000000000000	0
0.401554404145078	4.50000000000000	0
0.401424409193914	4.50000000000000	0
0.401294498381877	4.50000000000000	0
0.401164671627305	4.50000000000000	0
0.401034928848642	4.50000000000000	0
0.400905269964436	4.50000000000000	0
0.400775694893342	4.50000000000000	0
0.400646203554120	4.50000000000000	0
0.400516795865633	4.50000000000000	0
0.400387471746852	4.50000000000000	0
0.400258231116850	4.50000000000000	0
0.400129073894805	4.50000000000000	0
0.400000000000000	4.50000000000000	0
0.399871009351822	4.50000000000000	0
0.399742101869761	4.50000000000000	0
0.399613277473413	4.50000000000000	0
0.399484536082474	4.50000000000000	0
0.399355877616747	4.50000000000000	0
0.399227301996137	4.50000000000000	0
0.399098809140650	4.50000000000000	0
0.398970398970399	4.50000000000000	0
0.398842071405597	4.50000000000000	0
0.398713826366560	4.50000000000000	0
0.398585663773706	4.50000000000000	0
0.398457583547558	4.50000000000000	0
0.398329585608738	4.50000000000000	0
0.398201669877970	4.50000000000000	0
0.398073836276083	4.50000000000000	0
0.397946084724005	4.50000000000000	0
0.397818415142766	4.50000000000000	0
0.397690827453496	4.50000000000000	0
0.397563321577429	4.50000000000000	0
0.397435897435897	4.50000000000000	0
0.397308554950336	4.50000000000000	0
0.397181294042281	4.50000000000000	0
0.397054114633365	4.50000000000000	0
0.396927016645327	4.50000000000000	0
0.396800000000000	4.50000000000000	0
0.396673064619322	4.50000000000000	0
0.396546210425328	4.50000000000000	0
0.396419437340153	4.50000000000000	0
0.396292745286034	4.50000000000000	0
0.396166134185304	4.50000000000000	0
0.396039603960396	4.50000000000000	0
0.395913154533844	4.50000000000000	0
0.395786785828280	4.50000000000000	0
0.395660497766433	4.50000000000000	0
0.395534290271132	4.50000000000000	0
0.395408163265306	4.50000000000000	0
0.395282116671980	4.50000000000000	0
0.395156150414277	4.50000000000000	0
0.395030264415419	4.50000000000000	0
0.394904458598726	4.50000000000000	0
0.394778732887615	4.50000000000000	0
0.394653087205602	4.50000000000000	0
0.394527521476297	4.50000000000000	0
0.394402035623410	4.50000000000000	0
0.394276629570747	4.50000000000000	0
0.394151303242212	4.50000000000000	0
0.394026056561805	4.50000000000000	0
0.393900889453621	4.50000000000000	0
0.393775801841855	4.50000000000000	0
0.393650793650794	4.50000000000000	0
0.393525864804824	4.50000000000000	0
0.393401015228426	4.50000000000000	0
0.393276244846178	4.50000000000000	0
0.393151553582752	4.50000000000000	0
0.393026941362916	4.50000000000000	0
0.392902408111534	4.50000000000000	0
0.392777953753564	4.50000000000000	0
0.392653578214060	4.50000000000000	0
0.392529281418170	4.50000000000000	0
0.392405063291139	4.50000000000000	0
0.392280923758304	4.50000000000000	0
0.392156862745098	4.50000000000000	0
0.392032880177047	4.50000000000000	0
0.391908975979772	4.50000000000000	0
0.391785150078989	4.50000000000000	0
0.391661402400505	4.50000000000000	0
0.391537732870224	4.50000000000000	0
0.391414141414141	4.50000000000000	0
0.391290627958346	4.50000000000000	0
0.391167192429022	4.50000000000000	0
0.391043834752444	4.50000000000000	0
0.390920554854981	4.50000000000000	0
0.390797352663095	4.50000000000000	0
0.390674228103340	4.50000000000000	0
0.390551181102362	4.50000000000000	0
0.390428211586902	4.50000000000000	0
0.390305319483790	4.50000000000000	0
0.390182504719950	4.50000000000000	0
0.390059767222397	4.50000000000000	0
0.389937106918239	4.50000000000000	0
0.389814523734675	4.50000000000000	0
0.389692017598994	4.50000000000000	0
0.389569588438580	4.50000000000000	0
0.389447236180905	4.50000000000000	0
0.389324960753532	4.50000000000000	0
0.389202762084118	4.50000000000000	0
0.389080640100408	4.50000000000000	0
0.388958594730238	4.50000000000000	0
0.388836625901537	4.50000000000000	0
0.388714733542320	4.50000000000000	0
0.388592917580696	4.50000000000000	0
0.388471177944862	4.50000000000000	0
0.388349514563107	4.50000000000000	0
0.388227927363807	4.50000000000000	0
0.388106416275430	4.50000000000000	0
0.387984981226533	4.50000000000000	0
0.387863622145762	4.50000000000000	0
0.387742338961851	4.50000000000000	0
0.387621131603626	4.50000000000000	0
0.387500000000000	4.50000000000000	0
0.387378944079975	4.50000000000000	0
0.387257963772642	4.50000000000000	0
0.387137059007181	4.50000000000000	0
0.387016229712859	4.50000000000000	0
0.386895475819033	4.50000000000000	0
0.386774797255147	4.50000000000000	0
0.386654193950733	4.50000000000000	0
0.386533665835411	4.50000000000000	0
0.386413212838891	4.50000000000000	0
0.386292834890966	4.50000000000000	0
0.386172531921520	4.50000000000000	0
0.386052303860523	4.50000000000000	0
0.385932150638033	4.50000000000000	0
0.385812072184194	4.50000000000000	0
0.385692068429238	4.50000000000000	0
0.385572139303483	4.50000000000000	0
0.385452284737333	4.50000000000000	0
0.385332504661280	4.50000000000000	0
0.385212799005903	4.50000000000000	0
0.385093167701863	4.50000000000000	0
0.384973610679913	4.50000000000000	0
0.384854127870888	4.50000000000000	0
0.384734719205709	4.50000000000000	0
0.384615384615385	4.50000000000000	0
0.384496124031008	4.50000000000000	0
0.384376937383757	4.50000000000000	0
0.384257824604896	4.50000000000000	0
0.384138785625775	4.50000000000000	0
0.384019820377826	4.50000000000000	0
0.383900928792570	4.50000000000000	0
0.383782110801609	4.50000000000000	0
0.383663366336634	4.50000000000000	0
0.383544695329415	4.50000000000000	0
0.383426097711812	4.50000000000000	0
0.383307573415765	4.50000000000000	0
0.383189122373300	4.50000000000000	0
0.383070744516528	4.50000000000000	0
0.382952439777641	4.50000000000000	0
0.382834208088916	4.50000000000000	0
0.382716049382716	4.50000000000000	0
0.382597963591484	4.50000000000000	0
0.382479950647748	4.50000000000000	0
0.382362010484120	4.50000000000000	0
0.382244143033292	4.50000000000000	0
0.382126348228043	4.50000000000000	0
0.382008626001232	4.50000000000000	0
0.381890976285802	4.50000000000000	0
0.381773399014778	4.50000000000000	0
0.381655894121268	4.50000000000000	0
0.381538461538462	4.50000000000000	0
0.381421101199631	4.50000000000000	0
0.381303813038130	4.50000000000000	0
0.381186596987396	4.50000000000000	0
0.381069452980947	4.50000000000000	0
0.380952380952381	4.50000000000000	0
0.380835380835381	4.50000000000000	0
0.380718452563709	4.50000000000000	0
0.380601596071209	4.50000000000000	0
0.380484811291807	4.50000000000000	0
0.380368098159509	4.50000000000000	0
0.380251456608402	4.50000000000000	0
0.380134886572655	4.50000000000000	0
0.380018387986516	4.50000000000000	0
0.379901960784314	4.50000000000000	0
0.379785604900459	4.50000000000000	0
0.379669320269443	4.50000000000000	0
0.379553106825834	4.50000000000000	0
0.379436964504284	4.50000000000000	0
0.379320893239523	4.50000000000000	0
0.379204892966361	4.50000000000000	0
0.379088963619688	4.50000000000000	0
0.378973105134474	4.50000000000000	0
0.378857317445768	4.50000000000000	0
0.378741600488699	4.50000000000000	0
0.378625954198473	4.50000000000000	0
0.378510378510379	4.50000000000000	0
0.378394873359780	4.50000000000000	0
0.378279438682123	4.50000000000000	0
0.378164074412931	4.50000000000000	0
0.378048780487805	4.50000000000000	0
0.377933556842426	4.50000000000000	0
0.377818403412553	4.50000000000000	0
0.377703320134024	4.50000000000000	0
0.377588306942753	4.50000000000000	0
0.377473363774734	4.50000000000000	0
0.377358490566038	4.50000000000000	0
0.377243687252814	4.50000000000000	0
0.377128953771290	4.50000000000000	0
0.377014290057768	4.50000000000000	0
0.376899696048632	4.50000000000000	0
0.376785171680340	4.50000000000000	0
0.376670716889429	4.50000000000000	0
0.376556331612511	4.50000000000000	0
0.376442015786278	4.50000000000000	0
0.376327769347496	4.50000000000000	0
0.376213592233010	4.50000000000000	0
0.376099484379739	4.50000000000000	0
0.375985445724682	4.50000000000000	0
0.375871476204911	4.50000000000000	0
0.375757575757576	4.50000000000000	0
0.375643744319903	4.50000000000000	0
0.375529981829194	4.50000000000000	0
0.375416288222828	4.50000000000000	0
0.375302663438257	4.50000000000000	0
0.375189107413011	4.50000000000000	0
0.375075620084694	4.50000000000000	0
0.374962201390989	4.50000000000000	0
0.374848851269649	4.50000000000000	0
0.374735569658507	4.50000000000000	0
0.374622356495468	4.50000000000000	0
0.374509211718514	4.50000000000000	0
0.374396135265701	4.50000000000000	0
0.374283127075159	4.50000000000000	0
0.374170187085094	4.50000000000000	0
0.374057315233786	4.50000000000000	0
0.373944511459590	4.50000000000000	0
0.373831775700935	4.50000000000000	0
0.373719107896323	4.50000000000000	0
0.373606507984333	4.50000000000000	0
0.373493975903615	4.50000000000000	0
0.373381511592894	4.50000000000000	0
0.373269114990969	4.50000000000000	0
0.373156786036714	4.50000000000000	0
0.373044524669073	4.50000000000000	0
0.372932330827068	4.50000000000000	0
0.372820204449790	4.50000000000000	0
0.372708145476405	4.50000000000000	0
0.372596153846154	4.50000000000000	0
0.372484229498348	4.50000000000000	0
0.372372372372372	4.50000000000000	0
0.372260582407685	4.50000000000000	0
0.372148859543818	4.50000000000000	0
0.372037203720372	4.50000000000000	0
0.371925614877025	4.50000000000000	0
0.371814092953523	4.50000000000000	0
0.371702637889688	4.50000000000000	0
0.371591249625412	4.50000000000000	0
0.371479928100659	4.50000000000000	0
0.371368673255466	4.50000000000000	0
0.371257485029940	4.50000000000000	0
0.371146363364262	4.50000000000000	0
0.371035308198683	4.50000000000000	0
0.370924319473527	4.50000000000000	0
0.370813397129187	4.50000000000000	0
0.370702541106129	4.50000000000000	0
0.370591751344889	4.50000000000000	0
0.370481027786077	4.50000000000000	0
0.370370370370370	4.50000000000000	0
0.370259779038519	4.50000000000000	0
0.370149253731343	4.50000000000000	0
0.370038794389734	4.50000000000000	0
0.369928400954654	4.50000000000000	0
0.369818073367134	4.50000000000000	0
0.369707811568277	4.50000000000000	0
0.369597615499255	4.50000000000000	0
0.369487485101311	4.50000000000000	0
0.369377420315758	4.50000000000000	0
0.369267421083979	4.50000000000000	0
0.369157487347425	4.50000000000000	0
0.369047619047619	4.50000000000000	0
0.368937816126153	4.50000000000000	0
0.368828078524688	4.50000000000000	0
0.368718406184954	4.50000000000000	0
0.368608799048752	4.50000000000000	0
0.368499257057949	4.50000000000000	0
0.368389780154486	4.50000000000000	0
0.368280368280368	4.50000000000000	0
0.368171021377672	4.50000000000000	0
0.368061739388543	4.50000000000000	0
0.367952522255193	4.50000000000000	0
0.367843369919905	4.50000000000000	0
0.367734282325030	4.50000000000000	0
0.367625259412985	4.50000000000000	0
0.367516301126260	4.50000000000000	0
0.367407407407407	4.50000000000000	0
0.367298578199052	4.50000000000000	0
0.367189813443885	4.50000000000000	0
0.367081113084665	4.50000000000000	0
0.366972477064220	4.50000000000000	0
0.366863905325444	4.50000000000000	0
0.366755397811298	4.50000000000000	0
0.366646954464814	4.50000000000000	0
0.366538575229087	4.50000000000000	0
0.366430260047281	4.50000000000000	0
0.366322008862629	4.50000000000000	0
0.366213821618429	4.50000000000000	0
0.366105698258045	4.50000000000000	0
0.365997638724912	4.50000000000000	0
0.365889642962526	4.50000000000000	0
0.365781710914454	4.50000000000000	0
0.365673842524329	4.50000000000000	0
0.365566037735849	4.50000000000000	0
0.365458296492779	4.50000000000000	0
0.365350618738951	4.50000000000000	0
0.365243004418262	4.50000000000000	0
0.365135453474676	4.50000000000000	0
0.365027965852223	4.50000000000000	0
0.364920541494997	4.50000000000000	0
0.364813180347161	4.50000000000000	0
0.364705882352941	4.50000000000000	0
0.364598647456630	4.50000000000000	0
0.364491475602587	4.50000000000000	0
0.364384366735234	4.50000000000000	0
0.364277320799060	4.50000000000000	0
0.364170337738620	4.50000000000000	0
0.364063417498532	4.50000000000000	0
0.363956560023481	4.50000000000000	0
0.363849765258216	4.50000000000000	0
0.363743033147551	4.50000000000000	0
0.363636363636364	4.50000000000000	0
0.363529756669598	4.50000000000000	0
0.363423212192263	4.50000000000000	0
0.363316730149429	4.50000000000000	0
0.363210310486233	4.50000000000000	0
0.363103953147877	4.50000000000000	0
0.362997658079625	4.50000000000000	0
0.362891425226807	4.50000000000000	0
0.362785254534816	4.50000000000000	0
0.362679145949108	4.50000000000000	0
0.362573099415205	4.50000000000000	0
0.362467114878690	4.50000000000000	0
0.362361192285213	4.50000000000000	0
0.362255331580485	4.50000000000000	0
0.362149532710280	4.50000000000000	0
0.362043795620438	4.50000000000000	0
0.361938120256859	4.50000000000000	0
0.361832506565509	4.50000000000000	0
0.361726954492415	4.50000000000000	0
0.361621463983669	4.50000000000000	0
0.361516034985423	4.50000000000000	0
0.361410667443894	4.50000000000000	0
0.361305361305361	4.50000000000000	0
0.361200116516167	4.50000000000000	0
0.361094933022714	4.50000000000000	0
0.360989810771470	4.50000000000000	0
0.360884749708964	4.50000000000000	0
0.360779749781786	4.50000000000000	0
0.360674810936591	4.50000000000000	0
0.360569933120093	4.50000000000000	0
0.360465116279070	4.50000000000000	0
0.360360360360360	4.50000000000000	0
0.360255665310866	4.50000000000000	0
0.360151031077549	4.50000000000000	0
0.360046457607433	4.50000000000000	0
0.359941944847605	4.50000000000000	0
0.359837492745212	4.50000000000000	0
0.359733101247462	4.50000000000000	0
0.359628770301624	4.50000000000000	0
0.359524499855030	4.50000000000000	0
0.359420289855072	4.50000000000000	0
0.359316140249203	4.50000000000000	0
0.359212050984936	4.50000000000000	0
0.359108022009847	4.50000000000000	0
0.359004053271569	4.50000000000000	0
0.358900144717800	4.50000000000000	0
0.358796296296296	4.50000000000000	0
0.358692507954874	4.50000000000000	0
0.358588779641411	4.50000000000000	0
0.358485111303845	4.50000000000000	0
0.358381502890173	4.50000000000000	0
0.358277954348454	4.50000000000000	0
0.358174465626805	4.50000000000000	0
0.358071036673405	4.50000000000000	0
0.357967667436490	4.50000000000000	0
0.357864357864358	4.50000000000000	0
0.357761107905366	4.50000000000000	0
0.357657917507932	4.50000000000000	0
0.357554786620531	4.50000000000000	0
0.357451715191698	4.50000000000000	0
0.357348703170029	4.50000000000000	0
0.357245750504177	4.50000000000000	0
0.357142857142857	4.50000000000000	0
0.357040023034840	4.50000000000000	0
0.356937248128958	4.50000000000000	0
0.356834532374101	4.50000000000000	0
0.356731875719218	4.50000000000000	0
0.356629278113316	4.50000000000000	0
0.356526739505463	4.50000000000000	0
0.356424259844783	4.50000000000000	0
0.356321839080460	4.50000000000000	0
0.356219477161735	4.50000000000000	0
0.356117174037909	4.50000000000000	0
0.356014929658341	4.50000000000000	0
0.355912743972446	4.50000000000000	0
0.355810616929699	4.50000000000000	0
0.355708548479633	4.50000000000000	0
0.355606538571838	4.50000000000000	0
0.355504587155963	4.50000000000000	0
0.355402694181714	4.50000000000000	0
0.355300859598854	4.50000000000000	0
0.355199083357204	4.50000000000000	0
0.355097365406644	4.50000000000000	0
0.354995705697109	4.50000000000000	0
0.354894104178592	4.50000000000000	0
0.354792560801144	4.50000000000000	0
0.354691075514874	4.50000000000000	0
0.354589648269946	4.50000000000000	0
0.354488279016581	4.50000000000000	0
0.354386967705059	4.50000000000000	0
0.354285714285714	4.50000000000000	0
0.354184518708940	4.50000000000000	0
0.354083380925186	4.50000000000000	0
0.353982300884956	4.50000000000000	0
0.353881278538813	4.50000000000000	0
0.353780313837375	4.50000000000000	0
0.353679406731318	4.50000000000000	0
0.353578557171372	4.50000000000000	0
0.353477765108324	4.50000000000000	0
0.353377030493018	4.50000000000000	0
0.353276353276353	4.50000000000000	0
0.353175733409285	4.50000000000000	0
0.353075170842825	4.50000000000000	0
0.352974665528039	4.50000000000000	0
0.352874217416050	4.50000000000000	0
0.352773826458037	4.50000000000000	0
0.352673492605233	4.50000000000000	0
0.352573215808928	4.50000000000000	0
0.352472996020466	4.50000000000000	0
0.352372833191248	4.50000000000000	0
0.352272727272727	4.50000000000000	0
0.352172678216416	4.50000000000000	0
0.352072685973879	4.50000000000000	0
0.351972750496736	4.50000000000000	0
0.351872871736663	4.50000000000000	0
0.351773049645390	4.50000000000000	0
0.351673284174702	4.50000000000000	0
0.351573575276439	4.50000000000000	0
0.351473922902494	4.50000000000000	0
0.351374327004817	4.50000000000000	0
0.351274787535411	4.50000000000000	0
0.351175304446333	4.50000000000000	0
0.351075877689694	4.50000000000000	0
0.350976507217662	4.50000000000000	0
0.350877192982456	4.50000000000000	0
0.350777934936351	4.50000000000000	0
0.350678733031674	4.50000000000000	0
0.350579587220809	4.50000000000000	0
0.350480497456190	4.50000000000000	0
0.350381463690308	4.50000000000000	0
0.350282485875706	4.50000000000000	0
0.350183563964982	4.50000000000000	0
0.350084697910785	4.50000000000000	0
0.349985887665820	4.50000000000000	0
0.349887133182844	4.50000000000000	0
0.349788434414669	4.50000000000000	0
0.349689791314157	4.50000000000000	0
0.349591203834226	4.50000000000000	0
0.349492671927847	4.50000000000000	0
0.349394195548042	4.50000000000000	0
0.349295774647887	4.50000000000000	0
0.349197409180513	4.50000000000000	0
0.349099099099099	4.50000000000000	0
0.349000844356882	4.50000000000000	0
0.348902644907147	4.50000000000000	0
0.348804500703235	4.50000000000000	0
0.348706411698538	4.50000000000000	0
0.348608377846500	4.50000000000000	0
0.348510399100618	4.50000000000000	0
0.348412475414442	4.50000000000000	0
0.348314606741573	4.50000000000000	0
0.348216793035664	4.50000000000000	0
0.348119034250421	4.50000000000000	0
0.348021330339601	4.50000000000000	0
0.347923681257015	4.50000000000000	0
0.347826086956522	4.50000000000000	0
0.347728547392036	4.50000000000000	0
0.347631062517522	4.50000000000000	0
0.347533632286996	4.50000000000000	0
0.347436256654525	4.50000000000000	0
0.347338935574230	4.50000000000000	0
0.347241669000280	4.50000000000000	0
0.347144456886898	4.50000000000000	0
0.347047299188357	4.50000000000000	0
0.346950195858982	4.50000000000000	0
0.346853146853147	4.50000000000000	0
0.346756152125280	4.50000000000000	0
0.346659211629857	4.50000000000000	0
0.346562325321409	4.50000000000000	0
0.346465493154512	4.50000000000000	0
0.346368715083799	4.50000000000000	0
0.346271991063949	4.50000000000000	0
0.346175321049693	4.50000000000000	0
0.346078704995814	4.50000000000000	0
0.345982142857143	4.50000000000000	0
0.345885634588564	4.50000000000000	0
0.345789180145008	4.50000000000000	0
0.345692779481461	4.50000000000000	0
0.345596432552954	4.50000000000000	0
0.345500139314572	4.50000000000000	0
0.345403899721448	4.50000000000000	0
0.345307713728766	4.50000000000000	0
0.345211581291759	4.50000000000000	0
0.345115502365711	4.50000000000000	0
0.345019476905954	4.50000000000000	0
0.344923504867872	4.50000000000000	0
0.344827586206897	4.50000000000000	0
0.344731720878510	4.50000000000000	0
0.344635908838243	4.50000000000000	0
0.344540150041678	4.50000000000000	0
0.344444444444444	4.50000000000000	0
0.344348792002222	4.50000000000000	0
0.344253192670739	4.50000000000000	0
0.344157646405773	4.50000000000000	0
0.344062153163152	4.50000000000000	0
0.343966712898752	4.50000000000000	0
0.343871325568497	4.50000000000000	0
0.343775991128362	4.50000000000000	0
0.343680709534368	4.50000000000000	0
0.343585480742588	4.50000000000000	0
0.343490304709141	4.50000000000000	0
0.343395181390197	4.50000000000000	0
0.343300110741971	4.50000000000000	0
0.343205092720731	4.50000000000000	0
0.343110127282789	4.50000000000000	0
0.343015214384509	4.50000000000000	0
0.342920353982301	4.50000000000000	0
0.342825546032624	4.50000000000000	0
0.342730790491985	4.50000000000000	0
0.342636087316938	4.50000000000000	0
0.342541436464088	4.50000000000000	0
0.342446837890086	4.50000000000000	0
0.342352291551629	4.50000000000000	0
0.342257797405465	4.50000000000000	0
0.342163355408389	4.50000000000000	0
0.342068965517241	4.50000000000000	0
0.341974627688913	4.50000000000000	0
0.341880341880342	4.50000000000000	0
0.341786108048512	4.50000000000000	0
0.341691926150455	4.50000000000000	0
0.341597796143251	4.50000000000000	0
0.341503717984026	4.50000000000000	0
0.341409691629956	4.50000000000000	0
0.341315717038260	4.50000000000000	0
0.341221794166208	4.50000000000000	0
0.341127922971114	4.50000000000000	0
0.341034103410341	4.50000000000000	0
0.340940335441298	4.50000000000000	0
0.340846619021440	4.50000000000000	0
0.340752954108272	4.50000000000000	0
0.340659340659341	4.50000000000000	0
0.340565778632244	4.50000000000000	0
0.340472267984624	4.50000000000000	0
0.340378808674170	4.50000000000000	0
0.340285400658617	4.50000000000000	0
0.340192043895748	4.50000000000000	0
0.340098738343390	4.50000000000000	0
0.340005483959419	4.50000000000000	0
0.339912280701754	4.50000000000000	0
0.339819128528364	4.50000000000000	0
0.339726027397260	4.50000000000000	0
0.339632977266502	4.50000000000000	0
0.339539978094195	4.50000000000000	0
0.339447029838489	4.50000000000000	0
0.339354132457581	4.50000000000000	0
0.339261285909713	4.50000000000000	0
0.339168490153173	4.50000000000000	0
0.339075745146295	4.50000000000000	0
0.338983050847458	4.50000000000000	0
0.338890407215086	4.50000000000000	0
0.338797814207650	4.50000000000000	0
0.338705271783666	4.50000000000000	0
0.338612779901693	4.50000000000000	0
0.338520338520339	4.50000000000000	0
0.338427947598253	4.50000000000000	0
0.338335607094134	4.50000000000000	0
0.338243316966721	4.50000000000000	0
0.338151077174802	4.50000000000000	0
0.338058887677208	4.50000000000000	0
0.337966748432816	4.50000000000000	0
0.337874659400545	4.50000000000000	0
0.337782620539363	4.50000000000000	0
0.337690631808279	4.50000000000000	0
0.337598693166349	4.50000000000000	0
0.337506804572673	4.50000000000000	0
0.337414965986395	4.50000000000000	0
0.337323177366703	4.50000000000000	0
0.337231438672831	4.50000000000000	0
0.337139749864057	4.50000000000000	0
0.337048110899701	4.50000000000000	0
0.336956521739130	4.50000000000000	0
0.336864982341755	4.50000000000000	0
0.336773492667029	4.50000000000000	0
0.336682052674450	4.50000000000000	0
0.336590662323561	4.50000000000000	0
0.336499321573948	4.50000000000000	0
0.336408030385242	4.50000000000000	0
0.336316788717114	4.50000000000000	0
0.336225596529284	4.50000000000000	0
0.336134453781513	4.50000000000000	0
0.336043360433604	4.50000000000000	0
0.335952316445408	4.50000000000000	0
0.335861321776815	4.50000000000000	0
0.335770376387761	4.50000000000000	0
0.335679480238224	4.50000000000000	0
0.335588633288227	4.50000000000000	0
0.335497835497835	4.50000000000000	0
0.335407086827157	4.50000000000000	0
0.335316387236344	4.50000000000000	0
0.335225736685591	4.50000000000000	0
0.335135135135135	4.50000000000000	0
0.335044582545258	4.50000000000000	0
0.334954078876283	4.50000000000000	0
0.334863624088577	4.50000000000000	0
0.334773218142549	4.50000000000000	0
0.334682860998650	4.50000000000000	0
0.334592552617377	4.50000000000000	0
0.334502292959266	4.50000000000000	0
0.334412081984898	4.50000000000000	0
0.334321919654894	4.50000000000000	0
0.334231805929919	4.50000000000000	0
0.334141740770682	4.50000000000000	0
0.334051724137931	4.50000000000000	0
0.333961755992459	4.50000000000000	0
0.333871836295100	4.50000000000000	0
0.333781965006729	4.50000000000000	0
0.333692142088267	4.50000000000000	0
0.333602367500673	4.50000000000000	0
0.333512641204949	4.50000000000000	0
0.333422963162140	4.50000000000000	0
0.333333333333333	4.50000000000000	0
0.333243751679656	4.50000000000000	0
0.333154218162278	4.50000000000000	0
0.333064732742412	4.50000000000000	0
0.332975295381310	4.50000000000000	0
0.332885906040268	4.50000000000000	0
0.332796564680623	4.50000000000000	0
0.332707271263751	4.50000000000000	0
0.332618025751073	4.50000000000000	0
0.332528828104049	4.50000000000000	0
0.332439678284182	4.50000000000000	0
0.332350576253015	4.50000000000000	0
0.332261521972133	4.50000000000000	0
0.332172515403161	4.50000000000000	0
0.332083556507766	4.50000000000000	0
0.331994645247657	4.50000000000000	0
0.331905781584582	4.50000000000000	0
0.331816965480332	4.50000000000000	0
0.331728196896736	4.50000000000000	0
0.331639475795667	4.50000000000000	0
0.331550802139037	4.50000000000000	0
0.331462175888800	4.50000000000000	0
0.331373597006948	4.50000000000000	0
0.331285065455517	4.50000000000000	0
0.331196581196581	4.50000000000000	0
0.331108144192256	4.50000000000000	0
0.331019754404698	4.50000000000000	0
0.330931411796104	4.50000000000000	0
0.330843116328709	4.50000000000000	0
0.330754867964791	4.50000000000000	0
0.330666666666667	4.50000000000000	0
0.330578512396694	4.50000000000000	0
0.330490405117271	4.50000000000000	0
0.330402344790834	4.50000000000000	0
0.330314331379862	4.50000000000000	0
0.330226364846871	4.50000000000000	0
0.330138445154420	4.50000000000000	0
0.330050572265105	4.50000000000000	0
0.329962746141565	4.50000000000000	0
0.329874966746475	4.50000000000000	0
0.329787234042553	4.50000000000000	0
0.329699547992555	4.50000000000000	0
0.329611908559277	4.50000000000000	0
0.329524315705554	4.50000000000000	0
0.329436769394261	4.50000000000000	0
0.329349269588313	4.50000000000000	0
0.329261816250664	4.50000000000000	0
0.329174409344306	4.50000000000000	0
0.329087048832272	4.50000000000000	0
0.328999734677633	4.50000000000000	0
0.328912466843501	4.50000000000000	0
0.328825245293026	4.50000000000000	0
0.328738069989396	4.50000000000000	0
0.328650940895839	4.50000000000000	0
0.328563857975623	4.50000000000000	0
0.328476821192053	4.50000000000000	0
0.328389830508475	4.50000000000000	0
0.328302885888271	4.50000000000000	0
0.328215987294865	4.50000000000000	0
0.328129134691717	4.50000000000000	0
0.328042328042328	4.50000000000000	0
0.327955567310235	4.50000000000000	0
0.327868852459016	4.50000000000000	0
0.327782183452287	4.50000000000000	0
0.327695560253700	4.50000000000000	0
0.327608982826948	4.50000000000000	0
0.327522451135763	4.50000000000000	0
0.327435965143913	4.50000000000000	0
0.327349524815206	4.50000000000000	0
0.327263130113486	4.50000000000000	0
0.327176781002639	4.50000000000000	0
0.327090477446584	4.50000000000000	0
0.327004219409283	4.50000000000000	0
0.326918006854732	4.50000000000000	0
0.326831839746969	4.50000000000000	0
0.326745718050066	4.50000000000000	0
0.326659641728135	4.50000000000000	0
0.326573610745325	4.50000000000000	0
0.326487625065824	4.50000000000000	0
0.326401684653856	4.50000000000000	0
0.326315789473684	4.50000000000000	0
0.326229939489608	4.50000000000000	0
0.326144134665965	4.50000000000000	0
0.326058374967131	4.50000000000000	0
0.325972660357518	4.50000000000000	0
0.325886990801577	4.50000000000000	0
0.325801366263794	4.50000000000000	0
0.325715786708695	4.50000000000000	0
0.325630252100840	4.50000000000000	0
0.325544762404831	4.50000000000000	0
0.325459317585302	4.50000000000000	0
0.325373917606927	4.50000000000000	0
0.325288562434418	4.50000000000000	0
0.325203252032520	4.50000000000000	0
0.325117986366020	4.50000000000000	0
0.325032765399738	4.50000000000000	0
0.324947589098533	4.50000000000000	0
0.324862457427299	4.50000000000000	0
0.324777370350969	4.50000000000000	0
0.324692327834512	4.50000000000000	0
0.324607329842932	4.50000000000000	0
0.324522376341272	4.50000000000000	0
0.324437467294610	4.50000000000000	0
0.324352602668062	4.50000000000000	0
0.324267782426778	4.50000000000000	0
0.324183006535948	4.50000000000000	0
0.324098274960795	4.50000000000000	0
0.324013587666580	4.50000000000000	0
0.323928944618600	4.50000000000000	0
0.323844345782189	4.50000000000000	0
0.323759791122715	4.50000000000000	0
0.323675280605586	4.50000000000000	0
0.323590814196242	4.50000000000000	0
0.323506391860162	4.50000000000000	0
0.323422013562859	4.50000000000000	0
0.323337679269883	4.50000000000000	0
0.323253388946820	4.50000000000000	0
0.323169142559291	4.50000000000000	0
0.323084940072955	4.50000000000000	0
0.323000781453504	4.50000000000000	0
0.322916666666667	4.50000000000000	0
0.322832595678209	4.50000000000000	0
0.322748568453930	4.50000000000000	0
0.322664584959667	4.50000000000000	0
0.322580645161290	4.50000000000000	0
0.322496749024707	4.50000000000000	0
0.322412896515861	4.50000000000000	0
0.322329087600728	4.50000000000000	0
0.322245322245322	4.50000000000000	0
0.322161600415692	4.50000000000000	0
0.322077922077922	4.50000000000000	0
0.321994287198130	4.50000000000000	0
0.321910695742471	4.50000000000000	0
0.321827147677135	4.50000000000000	0
0.321743642968345	4.50000000000000	0
0.321660181582361	4.50000000000000	0
0.321576763485477	4.50000000000000	0
0.321493388644024	4.50000000000000	0
0.321410057024365	4.50000000000000	0
0.321326768592900	4.50000000000000	0
0.321243523316062	4.50000000000000	0
0.321160321160321	4.50000000000000	0
0.321077162092180	4.50000000000000	0
0.320994046078178	4.50000000000000	0
0.320910973084886	4.50000000000000	0
0.320827943078913	4.50000000000000	0
0.320744956026901	4.50000000000000	0
0.320662011895526	4.50000000000000	0
0.320579110651499	4.50000000000000	0
0.320496252261566	4.50000000000000	0
0.320413436692506	4.50000000000000	0
0.320330663911134	4.50000000000000	0
0.320247933884298	4.50000000000000	0
0.320165246578879	4.50000000000000	0
0.320082601961797	4.50000000000000	0
0.320000000000000	4.50000000000000	0
0.319917440660475	4.50000000000000	0
0.319834923910240	4.50000000000000	0
0.319752449716349	4.50000000000000	0
0.319670018045888	4.50000000000000	0
0.319587628865979	4.50000000000000	0
0.319505282143777	4.50000000000000	0
0.319422977846471	4.50000000000000	0
0.319340715941283	4.50000000000000	0
0.319258496395469	4.50000000000000	0
0.319176319176319	4.50000000000000	0
0.319094184251158	4.50000000000000	0
0.319012091587342	4.50000000000000	0
0.318930041152263	4.50000000000000	0
0.318848032913345	4.50000000000000	0
0.318766066838046	4.50000000000000	0
0.318684142893858	4.50000000000000	0
0.318602261048304	4.50000000000000	0
0.318520421268944	4.50000000000000	0
0.318438623523369	4.50000000000000	0
0.318356867779204	4.50000000000000	0
0.318275154004107	4.50000000000000	0
0.318193482165769	4.50000000000000	0
0.318111852231914	4.50000000000000	0
0.318030264170300	4.50000000000000	0
0.317948717948718	4.50000000000000	0
0.317867213534991	4.50000000000000	0
0.317785750896976	4.50000000000000	0
0.317704330002562	4.50000000000000	0
0.317622950819672	4.50000000000000	0
0.317541613316261	4.50000000000000	0
0.317460317460317	4.50000000000000	0
0.317379063219862	4.50000000000000	0
0.317297850562948	4.50000000000000	0
0.317216679457662	4.50000000000000	0
0.317135549872123	4.50000000000000	0
0.317054461774482	4.50000000000000	0
0.316973415132924	4.50000000000000	0
0.316892409915666	4.50000000000000	0
0.316811446090956	4.50000000000000	0
0.316730523627075	4.50000000000000	0
0.316649642492339	4.50000000000000	0
0.316568802655093	4.50000000000000	0
0.316488004083716	4.50000000000000	0
0.316407246746619	4.50000000000000	0
0.316326530612245	4.50000000000000	0
0.316245855649069	4.50000000000000	0
0.316165221825599	4.50000000000000	0
0.316084629110375	4.50000000000000	0
0.316004077471967	4.50000000000000	0
0.315923566878981	4.50000000000000	0
0.315843097300051	4.50000000000000	0
0.315762668703845	4.50000000000000	0
0.315682281059063	4.50000000000000	0
0.315601934334436	4.50000000000000	0
0.315521628498728	4.50000000000000	0
0.315441363520733	4.50000000000000	0
0.315361139369278	4.50000000000000	0
0.315280956013222	4.50000000000000	0
0.315200813421454	4.50000000000000	0
0.315120711562897	4.50000000000000	0
0.315040650406504	4.50000000000000	0
0.314960629921260	4.50000000000000	0
0.314880650076181	4.50000000000000	0
0.314800710840315	4.50000000000000	0
0.314720812182741	4.50000000000000	0
0.314640954072570	4.50000000000000	0
0.314561136478945	4.50000000000000	0
0.314481359371037	4.50000000000000	0
0.314401622718053	4.50000000000000	0
0.314321926489227	4.50000000000000	0
0.314242270653827	4.50000000000000	0
0.314162655181150	4.50000000000000	0
0.314083080040527	4.50000000000000	0
0.314003545201317	4.50000000000000	0
0.313924050632911	4.50000000000000	0
0.313844596304733	4.50000000000000	0
0.313765182186235	4.50000000000000	0
0.313685808246901	4.50000000000000	0
0.313606474456247	4.50000000000000	0
0.313527180783818	4.50000000000000	0
0.313447927199191	4.50000000000000	0
0.313368713671974	4.50000000000000	0
0.313289540171804	4.50000000000000	0
0.313210406668351	4.50000000000000	0
0.313131313131313	4.50000000000000	0
0.313052259530422	4.50000000000000	0
0.312973245835437	4.50000000000000	0
0.312894272016149	4.50000000000000	0
0.312815338042381	4.50000000000000	0
0.312736443883985	4.50000000000000	0
0.312657589510842	4.50000000000000	0
0.312578774892866	4.50000000000000	0
0.312500000000000	4.50000000000000	0
0.312421264802217	4.50000000000000	0
0.312342569269521	4.50000000000000	0
0.312263913371947	4.50000000000000	0
0.312185297079557	4.50000000000000	0
0.312106720362447	4.50000000000000	0
0.312028183190740	4.50000000000000	0
0.311949685534591	4.50000000000000	0
0.311871227364185	4.50000000000000	0
0.311792808649736	4.50000000000000	0
0.311714429361488	4.50000000000000	0
0.311636089469716	4.50000000000000	0
0.311557788944724	4.50000000000000	0
0.311479527756845	4.50000000000000	0
0.311401305876444	4.50000000000000	0
0.311323123273914	4.50000000000000	0
0.311244979919679	4.50000000000000	0
0.311166875784191	4.50000000000000	0
0.311088810837933	4.50000000000000	0
0.311010785051417	4.50000000000000	0
0.310932798395186	4.50000000000000	0
0.310854850839809	4.50000000000000	0
0.310776942355890	4.50000000000000	0
0.310699072914057	4.50000000000000	0
0.310621242484970	4.50000000000000	0
0.310543451039319	4.50000000000000	0
0.310465698547822	4.50000000000000	0
0.310387984981227	4.50000000000000	0
0.310310310310310	4.50000000000000	0
0.310232674505879	4.50000000000000	0
0.310155077538769	4.50000000000000	0
0.310077519379845	4.50000000000000	0
0.310000000000000	4.50000000000000	0