nan,-5.000000000000000000e+00,-4.919354838709677047e+00,-4.838709677419354982e+00,-4.758064516129032029e+00,-4.677419354838709964e+00,-4.596774193548387011e+00,-4.516129032258064058e+00,-4.435483870967741993e+00,-4.354838709677419040e+00,-4.274193548387096975e+00,-4.193548387096774022e+00,-4.112903225806451957e+00,-4.032258064516129004e+00,-3.951612903225806495e+00,-3.870967741935483986e+00,-3.790322580645161032e+00,-3.709677419354838968e+00,-3.629032258064516014e+00,-3.548387096774193505e+00,-3.467741935483870996e+00,-3.387096774193548487e+00,-3.306451612903225978e+00,-3.225806451612903025e+00,-3.145161290322580960e+00,-3.064516129032258007e+00,-2.983870967741935498e+00,-2.903225806451612989e+00,-2.822580645161290480e+00,-2.741935483870967971e+00,-2.661290322580645018e+00,-2.580645161290322509e+00,-2.500000000000000000e+00,-2.419354838709677491e+00,-2.338709677419354982e+00,-2.258064516129032473e+00,-2.177419354838709964e+00,-2.096774193548387011e+00,-2.016129032258064502e+00,-1.935483870967741993e+00,-1.854838709677419484e+00,-1.774193548387096975e+00,-1.693548387096774466e+00,-1.612903225806451513e+00,-1.532258064516129004e+00,-1.451612903225806495e+00,-1.370967741935483986e+00,-1.290322580645161477e+00,-1.209677419354838968e+00,-1.129032258064516014e+00,-1.048387096774193505e+00,-9.677419354838709964e-01,-8.870967741935489315e-01,-8.064516129032259784e-01,-7.258064516129030253e-01,-6.451612903225809603e-01,-5.645161290322580072e-01,-4.838709677419359423e-01,-4.032258064516129892e-01,-3.225806451612900361e-01,-2.419354838709679711e-01,-1.612903225806450180e-01,-8.064516129032295311e-02,0.000000000000000000e+00,8.064516129032206493e-02,1.612903225806450180e-01,2.419354838709679711e-01,3.225806451612900361e-01,4.032258064516129892e-01,4.838709677419350541e-01,5.645161290322580072e-01,6.451612903225800721e-01,7.258064516129030253e-01,8.064516129032259784e-01,8.870967741935480433e-01,9.677419354838709964e-01,1.048387096774193061e+00,1.129032258064516014e+00,1.209677419354838968e+00,1.290322580645161032e+00,1.370967741935483986e+00,1.451612903225806051e+00,1.532258064516129004e+00,1.612903225806451069e+00,1.693548387096774022e+00,1.774193548387096975e+00,1.854838709677419040e+00,1.935483870967741993e+00,2.016129032258064058e+00,2.096774193548387011e+00,2.177419354838709076e+00,2.258064516129032029e+00,2.338709677419354982e+00,2.419354838709677047e+00,2.500000000000000000e+00,2.580645161290322065e+00,2.661290322580645018e+00,2.741935483870967971e+00,2.822580645161290036e+00,2.903225806451612989e+00,2.983870967741935054e+00,3.064516129032258007e+00,3.145161290322580072e+00,3.225806451612902137e+00,3.306451612903225978e+00,3.387096774193548043e+00,3.467741935483870108e+00,3.548387096774193949e+00,3.629032258064516014e+00,3.709677419354838079e+00,3.790322580645161921e+00,3.870967741935483986e+00,3.951612903225806051e+00,4.032258064516128115e+00,4.112903225806451957e+00,4.193548387096774022e+00,4.274193548387096087e+00,4.354838709677419928e+00,4.435483870967741993e+00,4.516129032258064058e+00,4.596774193548386123e+00,4.677419354838709964e+00,4.758064516129032029e+00,4.838709677419354094e+00,4.919354838709677935e+00,5.000000000000000000e+00
5.636363636363636020e-01,1.062614358843081697e-01,1.048342837997034427e-01,1.033353697931683468e-01,1.017632204094420650e-01,1.001168632891380472e-01,9.839589998532456694e-02,9.660057938427749069e-02,9.473186950833503706e-02,9.279152507965170160e-02,9.078214786772120792e-02,8.870723656677002855e-02,8.657122279122504704e-02,8.437948977883900914e-02,8.213837058887181464e-02,7.985512300591224299e-02,7.753787902359680906e-02,7.519556768321930540e-02,7.283781115363407999e-02,7.047479521000350744e-02,6.811711662515955445e-02,6.577561133447464015e-02,6.346116846763777408e-02,6.118453635162611481e-02,5.895612728280245907e-02,5.678582816963036184e-02,5.468282402108685242e-02,5.265544069877353683e-02,5.071101240259137666e-02,4.885577809654325504e-02,4.709480960613469935e-02,4.543197255061681705e-02,4.386991973192500699e-02,4.241011519643425598e-02,4.105288600190139248e-02,3.979749781771366179e-02,3.864224988762564317e-02,3.758458458625903859e-02,3.662120677418731485e-02,3.574820835392718971e-02,3.496119379335832500e-02,3.425540285571425370e-02,3.362582730427881444e-02,3.306731889605084296e-02,3.257468651869028370e-02,3.214278085325032730e-02,3.176656547008045034e-02,3.144117380280986307e-02,3.116195200716744690e-02,3.092448828698578928e-02,3.072462979596236876e-02,3.055848850307098241e-02,3.042243675481362888e-02,3.031308815755496752e-02,3.022721429042598412e-02,3.015465433049477340e-02,3.010389162054249307e-02,3.007085481032750404e-02,3.005151306552158313e-02,3.004338741117267703e-02,3.004461903890436394e-02,3.005381998246406394e-02,3.007002813817394662e-02,3.009268957403037070e-02,3.012165117177977025e-02,3.015715973850608550e-02,3.019986896209804136e-02,3.025086123720222009e-02,3.031170478417021322e-02,3.038461208261011501e-02,3.047298616558930667e-02,3.058487735371388794e-02,3.072348048529762593e-02,3.084984104238100780e-02,3.099395455681685368e-02,3.115903026327029868e-02,3.134836382397301197e-02,3.156555998337334801e-02,3.181457685034923960e-02,3.209973086395113973e-02,3.242568122433537453e-02,3.279739805282928800e-02,3.322011576348804507e-02,3.369927259015373378e-02,3.424043718176408152e-02,3.484922325645788133e-02,3.553119341649378649e-02,3.629175338466918838e-02,3.713603815907511735e-02,3.806879191686958486e-02,3.909424392907376311e-02,4.021598325505633398e-02,4.143683552532177738e-02,4.275874563720829385e-02,4.418267061349354097e-02,4.570848713944490604e-02,4.733491833502662810e-02,4.905948408381625298e-02,5.087847869700325154e-02,5.278697883424302018e-02,5.477888345896136935e-02,5.684698623148422975e-02,5.898307922599512615e-02,6.117808530570186670e-02,6.342221502539534261e-02,6.570514267075952541e-02,6.801619509349746129e-02,7.034454643721074762e-02,7.267941171171038439e-02,7.501023246343274664e-02,7.732684846828902225e-02,7.961965036897925008e-02,8.187970939686541050e-02,8.409888165308782026e-02,8.626988576955205157e-02,8.838635403413507008e-02,9.044285817125964633e-02,9.243491186778871049e-02,9.435895279841427508e-02,9.621230733028797444e-02,9.799314128841579707e-02,9.970040016961251306e-02,1.013337420403255668e-01,1.028934660825783082e-01,1.043804394018233300e-01,1.057960243166592429e-01
5.674242424242423866e-01,1.176991148453297442e-01,1.158154473861947586e-01,1.138310214686925614e-01,1.117453386528448611e-01,1.095589042647346634e-01,1.072733436942300139e-01,1.048915098900863180e-01,1.024175762649899568e-01,9.985710877475613423e-02,9.721711078870076683e-02,9.450603460900468267e-02,9.173375419672412379e-02,8.891149486256955115e-02,8.605171738035044537e-02,8.316795612578403718e-02,8.027461332038797470e-02,7.738671410124649264e-02,7.451962973030200332e-02,7.168877856627807466e-02,6.890931621743380531e-02,6.619582737812339246e-02,6.356203209387464859e-02,6.102051855016804582e-02,5.858251298474725227e-02,5.625769511720927346e-02,5.405406477962042266e-02,5.197786246909456148e-02,5.003354358977730315e-02,4.822380344865275642e-02,4.654964781068141044e-02,4.501050213265302830e-02,4.360435154000748270e-02,4.232790317763654442e-02,4.117676269037295889e-02,4.014561716901398486e-02,3.922841780999509337e-02,3.841855665416617216e-02,3.770903297416754174e-02,3.709260607104235274e-02,3.656193234213560295e-02,3.610968544220627408e-02,3.572865914933795461e-02,3.541185315885610890e-02,3.515254247105985969e-02,3.494433133436967986e-02,3.478119288611686982e-02,3.465749573551338975e-02,3.456801879552392348e-02,3.450795572613531842e-02,3.447291042392962995e-02,3.445888508310989556e-02,3.446226241480009750e-02,3.447978343642060101e-02,3.450852064474040776e-02,3.454582932828653002e-02,3.458506062718925966e-02,3.462934195623557088e-02,3.467588604578519806e-02,3.472230510681905552e-02,3.476701882698369356e-02,3.480887998333866140e-02,3.484710889032589798e-02,3.488127258288346855e-02,3.491127811419845323e-02,3.493737556401814437e-02,3.496017532802987021e-02,3.498069650965008465e-02,3.500050072964255160e-02,3.502213965183909733e-02,3.505174890306433227e-02,3.509284028474169564e-02,3.510830440313191664e-02,3.512697712799230793e-02,3.515140878458545420e-02,3.518447554157261292e-02,3.522946050389065553e-02,3.529008236686312361e-02,3.537051018386072609e-02,3.547536928684314611e-02,3.560973931842393442e-02,3.577914440293474690e-02,3.598953510633879499e-02,3.624726155824613272e-02,3.655903685554143245e-02,3.693188964715403422e-02,3.737310464702488927e-02,3.789014977366727405e-02,3.849058870252616837e-02,3.918197786803090388e-02,3.997174738497408231e-02,4.086706598368176208e-02,4.187469086955223491e-02,4.300080440904988088e-02,4.425084067778135843e-02,4.562930612669055530e-02,4.713959985222181126e-02,4.878384009551119810e-02,5.056270452737633009e-02,5.247529247400666702e-02,5.451901738106786077e-02,5.668953740016496184e-02,5.898073094784376386e-02,6.138472242481132074e-02,6.389196104926940512e-02,6.649135308091037866e-02,6.917044478308861932e-02,7.191565052932638591e-02,7.471251776682197310e-02,7.754601835361746298e-02,8.040085429331760014e-02,8.326176523653426587e-02,8.611382534762045127e-02,8.894271820163908437e-02,9.173498014908521014e-02,9.447820487070691942e-02,9.716120441319081591e-02,9.977412461504950314e-02,1.023085152902595968e-01,1.047573576677585799e-01,1.071150532755732743e-01,1.093773796546798349e-01,1.115414189881346468e-01,1.136054659761931152e-01,1.155689211483458684e-01,1.174321753643839672e-01
5.712121212121211711e-01,1.275424951035595000e-01,1.250217136487401792e-01,1.223693918824197285e-01,1.195884767785621028e-01,1.166837823355734022e-01,1.136621105373542689e-01,1.105323320751456090e-01,1.073054162327775618e-01,1.039944004076543693e-01,1.006142917540295140e-01,9.718189639828263282e-02,9.371557548267474280e-02,9.023493171642818500e-02,8.676043480865935908e-02,8.331299869766566057e-02,7.991352740838864044e-02,7.658244922204550387e-02,7.333926027769260836e-02,7.020209854225147039e-02,6.718736726622617783e-02,6.430942376244881686e-02,6.158034494847097751e-02,5.900977603991782588e-02,5.660486358084528685e-02,5.437026913364803593e-02,5.230825582639105076e-02,5.041883684472919791e-02,4.869997299067038016e-02,4.714780560563363448e-02,4.575691135255275516e-02,4.452056637520541288e-02,4.343100896760070800e-02,4.247969185196415892e-02,4.165751726294861929e-02,4.095505008915261563e-02,4.036270619953483130e-02,3.987091469743733047e-02,3.947025415686977040e-02,3.915156389652497265e-02,3.890603205375994106e-02,3.872526266654903460e-02,3.860132419798153330e-02,3.852678198989781949e-02,3.849471705340572897e-02,3.849873343468591252e-02,3.853295617079714741e-02,3.859202160356606931e-02,3.867106157764813035e-02,3.876568283507202117e-02,3.887194275414899286e-02,3.898632248608738943e-02,3.910569854638450832e-02,3.922731408958771149e-02,3.934875169769893460e-02,3.946791194181235862e-02,3.958302019612311429e-02,3.968803596960736313e-02,3.978515592153307467e-02,3.987302266005472023e-02,3.995018963747465346e-02,4.001574416137410745e-02,4.006908699406142027e-02,4.010989438285416514e-02,4.013811053999094547e-02,4.015395693192752580e-02,4.015796774620578047e-02,4.015109144433306326e-02,4.013502372272437224e-02,4.011398354925223286e-02,4.009197582305448065e-02,4.003512965155718584e-02,3.996965570987327798e-02,3.989718327715471163e-02,3.981981915530428962e-02,3.974006297556053474e-02,3.966081211336221213e-02,3.958537720630905810e-02,3.951749946373663003e-02,3.946136778324368238e-02,3.942163490950793825e-02,3.940343203357378477e-02,3.941238109247765381e-02,3.945460377777607053e-02,3.953672596360724434e-02,3.966587595272513811e-02,3.984967463418845335e-02,4.009621536815829307e-02,4.041403118179471426e-02,4.081204669989423051e-02,4.129951217396978652e-02,4.188591704897612344e-02,4.258088075730505351e-02,4.339401889674478208e-02,4.433478367277909893e-02,4.541227849767130037e-02,4.663504795607535669e-02,4.801084596150789752e-02,4.954638679852598621e-02,5.124708578888359511e-02,5.311679840588633128e-02,5.515756861306144593e-02,5.736939880515883744e-02,5.975005474398170646e-02,6.229491907582818122e-02,6.499690619765297050e-02,6.784644928862978985e-02,7.083156723753128436e-02,7.393801510514314002e-02,7.714951693796624765e-02,8.044807459252356630e-02,8.381434122044702228e-02,8.722804370731308821e-02,9.066843510922469040e-02,9.411475633086112402e-02,9.754668611095303199e-02,1.009447598085323750e-01,1.042907403148010531e-01,1.075679283025564453e-01,1.107614035289929133e-01,1.138581935654272986e-01,1.168473707138042023e-01,1.197200816453563299e-01,1.224695172359518969e-01,1.250908320706785870e-01,1.275810241520090593e-01
5.749999999999999556e-01,1.347954956984256936e-01,1.314509705141614360e-01,1.279547786929115250e-01,1.243175171008458341e-01,1.205527066361561372e-01,1.166767597405442974e-01,1.127088477690433993e-01,1.086706607893140608e-01,1.045860584903488127e-01,1.004806180575120028e-01,9.638109249807561008e-02,9.231480020418876553e-02,8.830897268443493875e-02,8.439009161232072231e-02,8.058324805467685648e-02,7.691155567697606499e-02,7.339564595134911995e-02,7.005326733923473992e-02,6.689900278537805334e-02,6.394411150796323884e-02,6.119649289103321760e-02,5.866076306570421062e-02,5.633842908812716072e-02,5.422814181108840531e-02,5.232600666964461189e-02,5.062593150356266281e-02,4.911999190632122814e-02,4.779879702049642104e-02,4.665184177293529855e-02,4.566783487497058647e-02,4.483499518747655066e-02,4.414131203731659625e-02,4.357476762646328439e-02,4.312352172938197642e-02,4.277606042031337902e-02,4.252131164441776134e-02,4.234873110661479395e-02,4.224836227255782117e-02,4.221087433333983729e-02,4.222758184985217489e-02,4.229044952592157097e-02,4.239208521262420593e-02,4.252572385949190958e-02,4.268520473205297122e-02,4.286494383094538452e-02,4.305990309092078833e-02,4.326555761853072973e-02,4.347786195242273749e-02,4.369321610569799202e-02,4.390843198210880177e-02,4.412070065794316404e-02,4.432756101355066203e-02,4.452687035001643562e-02,4.471677816027130187e-02,4.489570605619701976e-02,4.506234529580723652e-02,4.521576523758692040e-02,4.534800036891617481e-02,4.546404100109688318e-02,4.556300555115648521e-02,4.564390832775167689e-02,4.570623816138997403e-02,4.574973577872680497e-02,4.577436255661366388e-02,4.578031520926181125e-02,4.576809516444380055e-02,4.573874186646097184e-02,4.569498963050971918e-02,4.564149311908299866e-02,4.554750664328707094e-02,4.543657951236423909e-02,4.530948395865360551e-02,4.516758521504711521e-02,4.501258115009942190e-02,4.484648154003633563e-02,4.467161706684952965e-02,4.449065683641401786e-02,4.430662994677199429e-02,4.412294979513657622e-02,4.394344057279620658e-02,4.377236554105447264e-02,4.361445661695337317e-02,4.347494464173161377e-02,4.335958949610413393e-02,4.327470897745024775e-02,4.322720506956124337e-02,4.322458591813380796e-02,4.327498147842485932e-02,4.338715043275604560e-02,4.357047559738722736e-02,4.383494467082833801e-02,4.419111284770770032e-02,4.465004357312102323e-02,4.522322359230585009e-02,4.592244852063549765e-02,4.675967548946664831e-02,4.774684008920983269e-02,4.889563590492358031e-02,5.021725648209289516e-02,5.172210160496073378e-02,5.341945230856041948e-02,5.531712200993495199e-02,5.742109439007180710e-02,5.973516195671496609e-02,6.226058225583572248e-02,6.499577109417925547e-02,6.793605347097134151e-02,7.107349279688247867e-02,7.439681709232885687e-02,7.789145705354694194e-02,8.153970522268221000e-02,8.532099832399626937e-02,8.921231671204266078e-02,9.318868660004284155e-02,9.722376318084001434e-02,1.012904667753383170e-01,1.053616404373779042e-01,1.094106964255332354e-01,1.134122206920993581e-01,1.173425087581122239e-01,1.211800124665965150e-01,1.249056843698564262e-01,1.285032140823132996e-01,1.319591580496778660e-01,1.352629702362879993e-01
5.787878787878787401e-01,1.386773300951854304e-01,1.343730284425524446e-01,1.299271779755977463e-01,1.253627626396803529e-01,1.207062290144538530e-01,1.159870217150125726e-01,1.112369713411160005e-01,1.064895547580037710e-01,1.017790584544773780e-01,9.713968486159310634e-02,9.260464758745214076e-02,8.820530362630797649e-02,8.397036834295862340e-02,7.992525262659247454e-02,7.609155183320720495e-02,7.248670420747534149e-02,6.912382382582855922e-02,6.601170114228289976e-02,6.315495411972203710e-02,6.055430548217068110e-02,5.820695717792703089e-02,5.610703163461077531e-02,5.424605042500155877e-02,5.261342395218437246e-02,5.119693002863263953e-02,4.998316411571885470e-02,4.895794895434953803e-02,4.810669593699977431e-02,4.741471457452810234e-02,4.686746965859256431e-02,4.645078817992675385e-02,4.615101977889782964e-02,4.595515557056233796e-02,4.585091071785041966e-02,4.582677624491156287e-02,4.587204540162526795e-02,4.597681950881653962e-02,4.613199771282736755e-02,4.632925452059132032e-02,4.656100841832021969e-02,4.682038433006685541e-02,4.710117216685747593e-02,4.739778326418327137e-02,4.770520611007333239e-02,4.801896242834073625e-02,4.833506439957105383e-02,4.864997357261662686e-02,4.896056183790210153e-02,4.926407469805433453e-02,4.955809698047679984e-02,4.984052109447196371e-02,5.010951795697721201e-02,5.036351083837993514e-02,5.060115274079951542e-02,5.082130895317459041e-02,5.102304999575538874e-02,5.120567781787647987e-02,5.136901888585056891e-02,5.150135336953742121e-02,5.161319690228174245e-02,5.170284403325702688e-02,5.176953177073558010e-02,5.181297896650387952e-02,5.183314802834545348e-02,5.183024616506973214e-02,5.180487206015901153e-02,5.175875237012605296e-02,5.169732314375399124e-02,5.159198936025485849e-02,5.146442807394619595e-02,5.131469370305902222e-02,5.114357769272622617e-02,5.095214225768918137e-02,5.074167625862911757e-02,5.051369574063931805e-02,5.026995675738921837e-02,5.001247389625695927e-02,4.974354267734985152e-02,4.946576524063554803e-02,4.918207911257897053e-02,4.889578894658483388e-02,4.861060112434576613e-02,4.833066104014517583e-02,4.806059278380132860e-02,4.780554079371355375e-02,4.757121286756021278e-02,4.736392369015529624e-02,4.719063776110645619e-02,4.705901027442663254e-02,4.697742411549531844e-02,4.695502069746001345e-02,4.700172186416235603e-02,4.712823955085911065e-02,4.734606933775872134e-02,4.766746348620948259e-02,4.810537855946859370e-02,4.867339236184455020e-02,4.938558476240244993e-02,5.025637710069980751e-02,5.130032541486564263e-02,5.253186380679180506e-02,5.396499597975459861e-02,5.561293544145043399e-02,5.748769810277016418e-02,5.959965498580151871e-02,6.195705734249089269e-02,6.456555140619463229e-02,6.742770483553153782e-02,7.054257111302858485e-02,7.390532108374996134e-02,7.750697179289492422e-02,8.133424121940056872e-02,8.536955302362825293e-02,8.959120797438269168e-02,9.397372864963388084e-02,9.848837210845094725e-02,1.031037926786979170e-01,1.077868251978386926e-01,1.125033494031293241e-01,1.172191898927010950e-01,1.219010039368217113e-01,1.265171116060845313e-01,1.310382288009175333e-01,1.354380729065469413e-01,1.396938217201018906e-01
5.825757575757575246e-01,1.386549687370713380e-01,1.333782920404259498e-01,1.280200941580897367e-01,1.226178165195693365e-01,1.172113005494021809e-01,1.118417093300255738e-01,1.065503614955319311e-01,1.013775420331668869e-01,9.636135785760570338e-02,9.153670274551706232e-02,8.693438681066571749e-02,8.258047138509516660e-02,7.849583283152150592e-02,7.469596063720448931e-02,7.119097824352875470e-02,6.798586115186086576e-02,6.508081699454125457e-02,6.247178686031246153e-02,6.015102598322363825e-02,5.810772424833955674e-02,5.632863187956641676e-02,5.479866212930085273e-02,5.350144984493043071e-02,5.241985168321441207e-02,5.153637994250542809e-02,5.083356716796710861e-02,5.029426272845567009e-02,4.990186548133569711e-02,4.964049854399311956e-02,4.949513324136356474e-02,4.945166967905940264e-02,4.949698127796346020e-02,4.961893015545663921e-02,4.980635958081071346e-02,5.004906896958773166e-02,5.033777608932499259e-02,5.066407037842737826e-02,5.102036056520709018e-02,5.139981913317637208e-02,5.179632562010788588e-02,5.220441026264093648e-02,5.261919910149375629e-02,5.303636133765869676e-02,5.345205946942392650e-02,5.386290253526800770e-02,5.426590263076148946e-02,5.465843475158099762e-02,5.503819993393842258e-02,5.540319161386709351e-02,5.575166510610174431e-02,5.608211011302896565e-02,5.639322622272419788e-02,5.668390146654063433e-02,5.695319424854357326e-02,5.720031953517314138e-02,5.742464181821956004e-02,5.762568320636678870e-02,5.780318615535175869e-02,5.795777346813945491e-02,5.807258936428578294e-02,5.816573382506345230e-02,5.823341968155105325e-02,5.827504766376245815e-02,5.829054036886604367e-02,5.828018583900928390e-02,5.824505906454059689e-02,5.819161133580933593e-02,5.809182884585040868e-02,5.796685126942477395e-02,5.781604740646024282e-02,5.763980341724764256e-02,5.743873018165444877e-02,5.721359772590499382e-02,5.696532792891011165e-02,5.669500191085505986e-02,5.640387359804695938e-02,5.609338712421172574e-02,5.576519734555835522e-02,5.542119328428921077e-02,5.506352452148023657e-02,5.469463064165169808e-02,5.431727385525528251e-02,5.393457491507274576e-02,5.355005240620507034e-02,5.316766542777510290e-02,5.279185959531795119e-02,5.242761617113741307e-02,5.208050396978201879e-02,5.175673347928073931e-02,5.146321237817835792e-02,5.120760130469894506e-02,5.099836833971289202e-02,5.084484019262564686e-02,5.075724752508618126e-02,5.074676121237566701e-02,5.082551563500331548e-02,5.100661433237489023e-02,5.130411257008152259e-02,5.173297062483446507e-02,5.230897095161201465e-02,5.304859196816934241e-02,5.396883110243799048e-02,5.508697015454180890e-02,5.642027710218917164e-02,5.798564040542562859e-02,5.979913480433234757e-02,6.187552165826893519e-02,6.422769205900809297e-02,6.686606713036824523e-02,6.979797678274446415e-02,7.302704518236653730e-02,7.655261756149224495e-02,8.036926779913244889e-02,8.446642842436019594e-02,8.882818339066306246e-02,9.343325846031065585e-02,9.825523410616844588e-02,1.032629918902869398e-01,1.084213884047364185e-01,1.136921327676248816e-01,1.190348264639732312e-01,1.244081101830327857e-01,1.297708530899567836e-01,1.350833168757170355e-01,1.403082302649932001e-01
5.863636363636363091e-01,1.349839313908718919e-01,1.288913015153370645e-01,1.228339804876727448e-01,1.168598301459786576e-01,1.110159364285182720e-01,1.053471661817715621e-01,9.989484002465671975e-02,9.469559938794927523e-02,8.978052714253909050e-02,8.517455771128629172e-02,8.089618744499693648e-02,7.695747247482770392e-02,7.336428177512391291e-02,7.011675939410193237e-02,6.720994231160420940e-02,6.463447881275379003e-02,6.237739559533713590e-02,6.042286865980095456e-02,5.875296188895797606e-02,5.734830678043985330e-02,5.618870600095871720e-02,5.525365157217908968e-02,5.452275517744196998e-02,5.397609316533855117e-02,5.359447238225394788e-02,5.335962517555618151e-02,5.325434301627787748e-02,5.326255845401927508e-02,5.336938477981766765e-02,5.356112204404669258e-02,5.382523712450717340e-02,5.415032449228566330e-02,5.452605327088203002e-02,5.494310518743104887e-02,5.539310710971482449e-02,5.586856106685583051e-02,5.636277397013744750e-02,5.686978868016320104e-02,5.738431759882811622e-02,5.790167958842742241e-02,5.841774072341193724e-02,5.892885915079839471e-02,5.943183416213475290e-02,5.992385945298053102e-02,6.040248045693448475e-02,6.086555558301085661e-02,6.131122115222939484e-02,6.173785981723364791e-02,6.214407225483048469e-02,6.252865194408656346e-02,6.289056288293817798e-02,6.322892015845753277e-02,6.354297338346751034e-02,6.383209317920285342e-02,6.409576121655130576e-02,6.433356512101663649e-02,6.454520185924146614e-02,6.473050196605731332e-02,6.488953767379145032e-02,6.502227942556225437e-02,6.511048567375268825e-02,6.517658368491521803e-02,6.521532369633865900e-02,6.522639094293339324e-02,6.521034788017449069e-02,6.517327738194889086e-02,6.509100576689691442e-02,6.498051866471338256e-02,6.484217388116644831e-02,6.467607788525261969e-02,6.448253770671424911e-02,6.426197234110281320e-02,6.401489821470035535e-02,6.374193166000706456e-02,6.344379783926075433e-02,6.312134320911544361e-02,6.277555059173459129e-02,6.240755658388382615e-02,6.201867130928253452e-02,6.161040064910263542e-02,6.118447115270853748e-02,6.074285786602191123e-02,6.028781533096701922e-02,5.982191201076875187e-02,5.934806838370979692e-02,5.886959892070354333e-02,5.839025811666571225e-02,5.791429067760195393e-02,5.744648586839140592e-02,5.699223589311646493e-02,5.655759800156624773e-02,5.614935978199516592e-02,5.577510680021281753e-02,5.544329136644360334e-02,5.516330074220447688e-02,5.494552252879439380e-02,5.480140429882906367e-02,5.474350373986363455e-02,5.478552468029184580e-02,5.494233338140835921e-02,5.522994844250131430e-02,5.566549663972181206e-02,5.626712609621146305e-02,5.705386748927880614e-02,5.804543370946089326e-02,5.926194870501484691e-02,6.072359741528964017e-02,6.245019097380255513e-02,6.446064498656044195e-02,6.677237384053553992e-02,6.940061072424756616e-02,7.235767120508260208e-02,7.565218739790995073e-02,7.928834925022347491e-02,8.326519820335190336e-02,8.757602513431081426e-02,9.220792756732373863e-02,9.714157928397808284e-02,1.023512576518664646e-01,1.078051599146560013e-01,1.134660199557167570e-01,1.192920133106441932e-01,1.252379130336285507e-01,1.312564355754995415e-01,1.372996973238293228e-01
5.901515151515150936e-01,1.284347558065318806e-01,1.218565043861278563e-01,1.154729219551048069e-01,1.093316418102427134e-01,1.034751807280814839e-01,9.793982793028514766e-02,9.275486866223511817e-02,8.794216587961783960e-02,8.351609278180782692e-02,7.948378248821731662e-02,7.584564162721052494e-02,7.259606317085350036e-02,6.972427032694518412e-02,6.721522648550498635e-02,6.505055430378306469e-02,6.320941802164650736e-02,6.166933520961517812e-02,6.040689591704728745e-02,5.939837761476786382e-02,5.862025286298375160e-02,5.804959309672715062e-02,5.766437638959411721e-02,5.744370978021707402e-02,5.736797805341526529e-02,5.741893110459557470e-02,5.757972150230643987e-02,5.783490287266702251e-02,5.817039847787797840e-02,5.857344801066188128e-02,5.903253929018979079e-02,5.953733029546997430e-02,6.007856585040686342e-02,6.064799229977860945e-02,6.123827268983443595e-02,6.184290428420695374e-02,6.245613969226808393e-02,6.307291244729205937e-02,6.368876752935011265e-02,6.429979706686136942e-02,6.490258125667743017e-02,6.549413440268717079e-02,6.607185587635173996e-02,6.663348574013482073e-02,6.717706473924976718e-02,6.770089835259467115e-02,6.820352459569660464e-02,6.868368528364700298e-02,6.914030048794835015e-02,6.957244595635120321e-02,6.997933330849177846e-02,7.036029287274635224e-02,7.071475909344809851e-02,7.104225851928429314e-02,7.134240050065467076e-02,7.161487092307086688e-02,7.185942971638603627e-02,7.207591391570704331e-02,7.226425121889408498e-02,7.242450158388318016e-02,7.255702461575781748e-02,7.265672431408931597e-02,7.271704727222844111e-02,7.275210142194163399e-02,7.275938040145474295e-02,7.274133275884606120e-02,7.268572695123938499e-02,7.259669533073109804e-02,7.247890221093337970e-02,7.233224623455657143e-02,7.215683098370680171e-02,7.195284457601536232e-02,7.172053658239482821e-02,7.146021555643100598e-02,7.117225379565639276e-02,7.085709562827527397e-02,7.051526795775855949e-02,7.014739262295051347e-02,6.975420047658745237e-02,6.933654725508123229e-02,6.889543140705872704e-02,6.843201410623447889e-02,6.794764171239303652e-02,6.744387097089155070e-02,6.692249725978333119e-02,6.638558620609606720e-02,6.583550899860232675e-02,6.527498172241613661e-02,6.470710902810752896e-02,6.413543242124103427e-02,6.356398341220112491e-02,6.299734169467505196e-02,6.244069841636158691e-02,6.189992445798524895e-02,6.138164343540133960e-02,6.089330887147499649e-02,6.044328463518030409e-02,6.004092729919748017e-02,5.969666850823960452e-02,5.942209476334445878e-02,5.923002120051341218e-02,5.913455496960900309e-02,5.915114270609121705e-02,5.929659535488657901e-02,5.958908229657370464e-02,6.004808541678958306e-02,6.069430256641143717e-02,6.154948894766722189e-02,6.263622454924232252e-02,6.397759611574695138e-02,6.559678359273182768e-02,6.751654387769903676e-02,6.975858934859609228e-02,7.234286526512530291e-02,7.528673880275801866e-02,7.860412296864148496e-02,8.230457037429320111e-02,8.639238377180230577e-02,9.086580091904131184e-02,9.571631889012993666e-02,1.009282254178085064e-01,1.064784004793913469e-01,1.123364389895415844e-01,1.184651250799806238e-01,1.248212613400747073e-01,1.313568253044741785e-01
5.939393939393938782e-01,1.198399410248765368e-01,1.132572606375900903e-01,1.070364724362035114e-01,1.012113882136901344e-01,9.580732601027908135e-02,9.084100023462837736e-02,8.632078330873310668e-02,8.224727989778123083e-02,7.861413992486097901e-02,7.540903104704702042e-02,7.261469390812079483e-02,7.021001227710045589e-02,6.817104280641712866e-02,6.647196338835791030e-02,6.508591314123968186e-02,6.398570964024835606e-02,6.314443938307572057e-02,6.253592537059059209e-02,6.213508115402328891e-02,6.191816403733318291e-02,6.186294172139608638e-02,6.194878695783930661e-02,6.215671414017459595e-02,6.246937053647563798e-02,6.287099332989823375e-02,6.334734198096106383e-02,6.388561379731717838e-02,6.447434908115451391e-02,6.510333087107350591e-02,6.576348312530724827e-02,6.644677020893208219e-02,6.714609973865713621e-02,6.785523018818803709e-02,6.856868414455707939e-02,6.928166771045636552e-02,6.998999624956567245e-02,7.069002645308791744e-02,7.137859455035386325e-02,7.205296038103549405e-02,7.271075698004844656e-02,7.334994528958331539e-02,7.396877359863343604e-02,7.456574131337109779e-02,7.513956667731222505e-02,7.568915808539379564e-02,7.621358866835725721e-02,7.671207386175389609e-02,7.718395171593671333e-02,7.762866574923940610e-02,7.804575019514352341e-02,7.843481754579399723e-02,7.879554834964178078e-02,7.912768328342886792e-02,7.943101759835405340e-02,7.970539816275172551e-02,7.995072355791985053e-02,8.016694822063212544e-02,8.035409305753671294e-02,8.051226948229814329e-02,8.064174242361428491e-02,8.074318773318361897e-02,8.080753538880040832e-02,8.083699983375246256e-02,8.084217881628953661e-02,8.081438153832877502e-02,8.075061846737455196e-02,8.065815585326682746e-02,8.053668248114374817e-02,8.038614886381287294e-02,8.020658747821511614e-02,7.999807449701519524e-02,7.976072002132483796e-02,7.949466799485788160e-02,7.920010048023511107e-02,7.887724436430397501e-02,7.852637970831977121e-02,7.814784944009869894e-02,7.774207032237438753e-02,7.730954526397165738e-02,7.685087712196564391e-02,7.636678419746489865e-02,7.585811766689849744e-02,7.532588122128226760e-02,7.477125321145078329e-02,7.419561161981941266e-02,7.360056219959737467e-02,7.298797014044296205e-02,7.235999563434718229e-02,7.171913372533020303e-02,7.106825882855179188e-02,7.041067429522483712e-02,6.975016737436076641e-02,6.909106987495274022e-02,6.843832475502374668e-02,6.779755874777829150e-02,6.717516096855506713e-02,6.657836721597493179e-02,6.601534937110668799e-02,6.549530889201515826e-02,6.502857287876427639e-02,6.462669052639333223e-02,6.430252697217757329e-02,6.407035056445163634e-02,6.394590842658905150e-02,6.394648386801431161e-02,6.409092773090420414e-02,6.439965421219280561e-02,6.489459016017755377e-02,6.559906545802852984e-02,6.653763107666035848e-02,6.773579097583203035e-02,6.921963458718059792e-02,7.101535850674027539e-02,7.314866965291368095e-02,7.564406786232147351e-02,7.852401392924561463e-02,8.180799944184596884e-02,8.551154707958637247e-02,8.964518350684896886e-02,9.421344031070467973e-02,9.921394978462769187e-02,1.046367096236228700e-01,1.104635916066512014e-01,1.166681623316317973e-01,1.232158681460743671e-01
5.977272727272726627e-01,1.109272945350603390e-01,1.048668448045694812e-01,9.930106462324155003e-02,9.423973983217738548e-02,8.968358887796931689e-02,8.562524589195794067e-02,8.205042606507940983e-02,7.893918039650522911e-02,7.626715903932518303e-02,7.400681876165655926e-02,7.212852774351044549e-02,7.060153791073156548e-02,6.939480985968396465e-02,6.847768741405402260e-02,6.782042778143426709e-02,6.739459932110154761e-02,6.717336249672516135e-02,6.713165116721563075e-02,6.724627147264707061e-02,6.749593466111022955e-02,6.786123866238275015e-02,6.832461134815492887e-02,6.887022644871521049e-02,6.948390117539755828e-02,7.015298282285110931e-02,7.086623004827720396e-02,7.161369316744035929e-02,7.238659666972584172e-02,7.317722622327377247e-02,7.397882169543842923e-02,7.478547712910106615e-02,7.559204816705855645e-02,7.639406708117399414e-02,7.718766531884306559e-02,7.796950330825928865e-02,7.873670714969542572e-02,7.948681174999627785e-02,8.021770992050045179e-02,8.092760694654607678e-02,8.161498014272922097e-02,8.227854292704987749e-02,8.291721297517574973e-02,8.353008405046473406e-02,8.411640114393273415e-02,8.467553859973593611e-02,8.520698094473556916e-02,8.571030618469525908e-02,8.618517137385268978e-02,8.663130030833238182e-02,8.704847323685453719e-02,8.743651852371818467e-02,8.779530624009548867e-02,8.812474370296607962e-02,8.842477303482752793e-02,8.869537090291321202e-02,8.893655076541678861e-02,8.914836833424263918e-02,8.933093191399721356e-02,8.948442189518343581e-02,8.960913209735817120e-02,8.970558086242140516e-02,8.977500009856866081e-02,8.980537215317142830e-02,8.980378289886820076e-02,8.976602186808183004e-02,8.970075027442747650e-02,8.960717765024356352e-02,8.948505407563911440e-02,8.933427592415986440e-02,8.915479696192071812e-02,8.894659952195725638e-02,8.870968502835140101e-02,8.844407251849766005e-02,8.814980109204031966e-02,8.782693458610606185e-02,8.747556770971036399e-02,8.709583329800681117e-02,8.668791057016095314e-02,8.625203440451346959e-02,8.578850572711345379e-02,8.529770316618651149e-02,8.478009616655629577e-02,8.423625979085717919e-02,8.366689146226817531e-02,8.307282992920594911e-02,8.245507675708838025e-02,8.181482067696674298e-02,8.115346514547124024e-02,8.047265949474874391e-02,7.977433407385317587e-02,7.906073980269576196e-02,7.833449257380843689e-02,7.759862294270718219e-02,7.685663154015073828e-02,7.611255061392813159e-02,7.537101205700405537e-02,7.463732219443321159e-02,7.391754347313425622e-02,7.321858301379297052e-02,7.254828772819157945e-02,7.191554536108749063e-02,7.133039036444670244e-02,7.080411293304630926e-02,7.034936880345742105e-02,6.998028652416676820e-02,6.971256782824104825e-02,6.956357547485998716e-02,6.955240147918530236e-02,6.969990704873577081e-02,7.002872384485317458e-02,7.056320448488091757e-02,7.132930863828169932e-02,7.235440985133333169e-02,7.366700762979509765e-02,7.529632965538002320e-02,7.727181070796218521e-02,7.962243834612671434e-02,8.237596108926750760e-02,8.555796308755217461e-02,8.919082021628142731e-02,9.329256602161681289e-02,9.787571134123600192e-02,1.029460774961768882e-01,1.085017178135165988e-01,1.145320134230726761e-01
6.015151515151514472e-01,1.034767252729031778e-01,9.842409627836694319e-02,9.392887652513634555e-02,8.997478064239226858e-02,8.653894866095349081e-02,8.359346983440704704e-02,8.110682720168559123e-02,7.904520574515186415e-02,7.737362983771740865e-02,7.605691512853204883e-02,7.506043513890559016e-02,7.435071351680716534e-02,7.389585957578626019e-02,7.366586815782498465e-02,7.363280582836742583e-02,7.377090469999285360e-02,7.405658342846502262e-02,7.446841262187536836e-02,7.498703940018935921e-02,7.559508337015910517e-02,7.627701397914905812e-02,7.701901715543582605e-02,7.780885736166780198e-02,7.863573968339494791e-02,7.949017533021437987e-02,8.036385291777521644e-02,8.124951709566735625e-02,8.214085545928059839e-02,8.303239420437699692e-02,8.391940262546961071e-02,8.479780629976467476e-02,8.566410861753918915e-02,8.651532020030895664e-02,8.734889567590341242e-02,8.816267724322211785e-02,8.895484444944022628e-02,8.972386961182389487e-02,9.046847833899540614e-02,9.118761463853768123e-02,9.188041013557372849e-02,9.254615696841159145e-02,9.318428397051380097e-02,9.379433579186394199e-02,9.437595465647448389e-02,9.492886449548658401e-02,9.545285723681072587e-02,9.594778107181067828e-02,9.641353055682476414e-02,9.685003844180477273e-02,9.725726914970976578e-02,9.763521385888664084e-02,9.798388716828265732e-02,9.830332535681508832e-02,9.859358629578103550e-02,9.885475116385035455e-02,9.908692831185136884e-02,9.929026008628585864e-02,9.946493457728249055e-02,9.961120746786322755e-02,9.972944965391582206e-02,9.982028117485999830e-02,9.988517881393685349e-02,9.992617316840721187e-02,9.991117592419400395e-02,9.987145312790815521e-02,9.980606377123325823e-02,9.971365484227484588e-02,9.959380437070565473e-02,9.944631185236579851e-02,9.927105334034547202e-02,9.906793568591680532e-02,9.883687984251460223e-02,9.857781531524911767e-02,9.829067973228360067e-02,9.797542112535193026e-02,9.763200183803399934e-02,9.726040355261160453e-02,9.686063320721051417e-02,9.643272973023313266e-02,9.597677161415733849e-02,9.549288541433854915e-02,9.498125530404193106e-02,9.444213385219692170e-02,9.387585421943875352e-02,9.328284399385106118e-02,9.266364091231323041e-02,9.201891073769825902e-02,9.134946758722237159e-02,9.065629703330393974e-02,8.994058232531093600e-02,8.920373410820144067e-02,8.844742404145035375e-02,8.767362274746078044e-02,8.688464254128597242e-02,8.608318541036605320e-02,8.527239672116207481e-02,8.445592512501490234e-02,8.363798911333075736e-02,8.282345062621823684e-02,8.201789604127714128e-02,8.122772475144500459e-02,8.046024537146420630e-02,7.972377937876740095e-02,7.902777168083244264e-02,7.838290718933255130e-02,7.780123195063370911e-02,7.729627670801066108e-02,7.688317992591713057e-02,7.657880626011337455e-02,7.640185517747684341e-02,7.637295288549002248e-02,7.651471890121121222e-02,7.685179646942494336e-02,7.741083366217513251e-02,7.822039945095991820e-02,7.931081652649021874e-02,8.071389046806393130e-02,8.246251351945178831e-02,8.459012137728869063e-02,8.712998387235393327e-02,9.011431614479709085e-02,9.357320674289476559e-02,9.753337358391146739e-02,1.020167778970912653e-01,1.070391492284705343e-01
6.053030303030302317e-01,9.951829894866907888e-02,9.580849810081885909e-02,9.263278855135433087e-02,8.995603502543132735e-02,8.774059273954067095e-02,8.594762114479402582e-02,8.453817304618853334e-02,8.347405985064236533e-02,8.271850746147943467e-02,8.223662595803427067e-02,8.199572048774250721e-02,8.196547176031701576e-02,8.211801318271080841e-02,8.242792891054921689e-02,8.287219364116173159e-02,8.343007136489620501e-02,8.408298687188006659e-02,8.481438077531021358e-02,8.560955623992697050e-02,8.645552349955468174e-02,8.734084656984740513e-02,8.825549525091984371e-02,8.919070450409950779e-02,9.013884251741227649e-02,9.109328819384035492e-02,9.204831836335214401e-02,9.299900470116086171e-02,9.394112010518805567e-02,9.487105412546895100e-02,9.578573693188019433e-02,9.668257124193632701e-02,9.755937159769750844e-02,9.841431037250299163e-02,9.924586989778234891e-02,1.000528001229003955e-01,1.008340812525621299e-01,1.015888908439672722e-01,1.023165748870613623e-01,1.030166224341061282e-01,1.036886433882561603e-01,1.043323491036704381e-01,1.049475354913846220e-01,1.055340683652773448e-01,1.060918708004005839e-01,1.066209123115759438e-01,1.071211996929820887e-01,1.075927693893029141e-01,1.080356812954643420e-01,1.084500139052574225e-01,1.088358607495245739e-01,1.091933280843702114e-01,1.095225338128646558e-01,1.098236076602603362e-01,1.100966926930680712e-01,1.103419484237095488e-01,1.105595560874231970e-01,1.107497275196711040e-01,1.109127213375528109e-01,1.110488773473677498e-01,1.111587096792547996e-01,1.112432937669536603e-01,1.113074100833180841e-01,1.113302931714170441e-01,1.113313426283454172e-01,1.112864634276492792e-01,1.112221671785901533e-01,1.111333584063110697e-01,1.110190374252115753e-01,1.108788318980355597e-01,1.107125312062777200e-01,1.105199803197362274e-01,1.103010445415297247e-01,1.100555961142915817e-01,1.097835094875727197e-01,1.094846606656073584e-01,1.091589287590203627e-01,1.088061988834987115e-01,1.084263659931437723e-01,1.080193394569567700e-01,1.075850483101197380e-01,1.071234471881767208e-01,1.066345230042188563e-01,1.061183024673067743e-01,1.055748605703455134e-01,1.050043302007687696e-01,1.044069130498847947e-01,1.037828920179920678e-01,1.031326453335972698e-01,1.024566626268725855e-01,1.017555632205352223e-01,1.010301169257513121e-01,1.002812676567806649e-01,9.951016020568016762e-02,9.871817054735239350e-02,9.790694007535921672e-02,9.707841419957848050e-02,9.623488576763342128e-02,9.537904380229074441e-02,9.451402807573952569e-02,9.364349006785115115e-02,9.277166087723347221e-02,9.190342666867809540e-02,9.104441224409623445e-02,9.020107330964315107e-02,8.938079796853043435e-02,8.859201788027749880e-02,8.784432936745673048e-02,8.714862448360538583e-02,8.651723162985443250e-02,8.596406465603208258e-02,8.550477842193328348e-02,8.515692743225054817e-02,8.494012229942396464e-02,8.487617635335091559e-02,8.498923166804696339e-02,8.530585014826978785e-02,8.585505125731572595e-02,8.666827375557557833e-02,8.777923490848868471e-02,8.922365763791231807e-02,9.103883482045395381e-02,9.326300129060574595e-02,9.593448904597103033e-02,9.909065057292665291e-02,1.027665497817199097e-01
6.090909090909091272e-01,1.010191578738954266e-01,9.872252723289216825e-02,9.686228312135081175e-02,9.539754887159698771e-02,9.428835955402865843e-02,9.349635259181780789e-02,9.298525579918200112e-02,9.272120222197667572e-02,9.267290263723598764e-02,9.281170559532009312e-02,9.311157230230605875e-02,9.354899012404420400e-02,9.410284457490307453e-02,9.475426572449148488e-02,9.548646128730599314e-02,9.628454542785117032e-02,9.713536960787839958e-02,9.802735964644117284e-02,9.895036152820826936e-02,9.989549731692504153e-02,1.008550317256821649e-01,1.018222493769619375e-01,1.027913424721228486e-01,1.037573084151904301e-01,1.047158568476642404e-01,1.056633255136956023e-01,1.065966043648334666e-01,1.075130673172915302e-01,1.084105110853670201e-01,1.092871005290200481e-01,1.101413199712066443e-01,1.109719299608585424e-01,1.117779289809009424e-01,1.125585196270718763e-01,1.133130788123503235e-01,1.140411315830981293e-01,1.147423281657383720e-01,1.154164238964458244e-01,1.160632617201929895e-01,1.166827569789258418e-01,1.172748842412187215e-01,1.178396659569727889e-01,1.183771627501148810e-01,1.188874651896218437e-01,1.193706869041080143e-01,1.198269589274751079e-01,1.202564251826824110e-01,1.206592390278344723e-01,1.210355608041841086e-01,1.213855563414847072e-01,1.217093963965476255e-01,1.220072570341364793e-01,1.222793210237324152e-01,1.225257804593613414e-01,1.227468411059136622e-01,1.229427296786637092e-01,1.231137071172442865e-01,1.232600966209922294e-01,1.233823574394575517e-01,1.234813659390681939e-01,1.235619260415081883e-01,1.236061725891375168e-01,1.236259705409255560e-01,1.236241065435790404e-01,1.235985491134336395e-01,1.235330295049711369e-01,1.234506220623199507e-01,1.233459124864376144e-01,1.232181077134304054e-01,1.230668676927207106e-01,1.228919790459919448e-01,1.226932723505539669e-01,1.224705930946422688e-01,1.222237900408793682e-01,1.219527106912907805e-01,1.216572001632592187e-01,1.213371019320458044e-01,1.209922597205883438e-01,1.206225201804709407e-01,1.202277361883875573e-01,1.198077706826438382e-01,1.193625010262480551e-01,1.188918239250183750e-01,1.183956609599026433e-01,1.178739648168199566e-01,1.173267263173310981e-01,1.167539823712161196e-01,1.161558249885143307e-01,1.155324115050380129e-01,1.148839761922627878e-01,1.142108434409252471e-01,1.135134427281209585e-01,1.127923256012105663e-01,1.120481849391790213e-01,1.112818767847053997e-01,1.104944450791389698e-01,1.096871496799512874e-01,1.088614980977378049e-01,1.080192814598307655e-01,1.071626152920367447e-01,1.062939858106513313e-01,1.054163025337651188e-01,1.045329581520432066e-01,1.036478967384648064e-01,1.027656915122244913e-01,1.018916334844443550e-01,1.010318323734769735e-01,1.001933311451328606e-01,9.938423535795642971e-02,9.861385811665719647e-02,9.789288079617955440e-02,9.723352873623178350e-02,9.664975977552529851e-02,9.615746177092807101e-02,9.577465312948510445e-02,9.552167789816612409e-02,9.542138415897012671e-02,9.549927143700043253e-02,9.578358963719922625e-02,9.630536880116705167e-02,9.709835589080781371e-02,9.819883212462832134e-02,9.964528251792968694e-02,1.014778887947094671e-01,1.037378185307080702e-01
6.128787878787878007e-01,1.090094387744839494e-01,1.078519031880965651e-01,1.069980078203089102e-01,1.064134754433329194e-01,1.060663233330036981e-01,1.059270245191131915e-01,1.059685640276852997e-01,1.061664142828374069e-01,1.064984509026769416e-01,1.069448269856872191e-01,1.074878208963104681e-01,1.081116696633586255e-01,1.088023974694562468e-01,1.095476463584067611e-01,1.103365142263144638e-01,1.111594033948112847e-01,1.120078815951181528e-01,1.128745560241575380e-01,1.137529602647269628e-01,1.146374532748974107e-01,1.155231293155263711e-01,1.164057375536390881e-01,1.172816101000940942e-01,1.181475973581269795e-01,1.190010097263768662e-01,1.198395648779353034e-01,1.206613399998388708e-01,1.214647285113990977e-01,1.222484008802066091e-01,1.230112692236253191e-01,1.237524554267934451e-01,1.244712625328483896e-01,1.251671491736066344e-01,1.258397068154919474e-01,1.264886395997468493e-01,1.271137465609109285e-01,1.277149060144749382e-01,1.282920619141636742e-01,1.288452119913889860e-01,1.293743975035073768e-01,1.298796944330485037e-01,1.303612059963465131e-01,1.308190563363052783e-01,1.312533852897809772e-01,1.316643441348886168e-01,1.320520922372367401e-01,1.324167945268544255e-01,1.327586197502179377e-01,1.330777394560099525e-01,1.333743276930580424e-01,1.336485614313660530e-01,1.339006217777743146e-01,1.341306961792865793e-01,1.343389820672578894e-01,1.345256929961718695e-01,1.346910698705988674e-01,1.348354044239622462e-01,1.349590989519199591e-01,1.350628750527249622e-01,1.351493572313287317e-01,1.352105233201113532e-01,1.352450934147114980e-01,1.352609867020281853e-01,1.352581935932366808e-01,1.352372690785313414e-01,1.351901820534564258e-01,1.351161489404532901e-01,1.350259376631744723e-01,1.349168409411508063e-01,1.347882381737789403e-01,1.346398387407430064e-01,1.344714530201636671e-01,1.342829282548890502e-01,1.340741246549481680e-01,1.338449052452432841e-01,1.335951314978319482e-01,1.333246617963579073e-01,1.330333514648372184e-01,1.327210537552556413e-01,1.323876214831300469e-01,1.320329091465110571e-01,1.316567754445280847e-01,1.312590861606443837e-01,1.308397174086113057e-01,1.303985592630054202e-01,1.299355198149601265e-01,1.294505297096138485e-01,1.289435472362714385e-01,1.284145640565841073e-01,1.278636116713009752e-01,1.272907687434551571e-01,1.266961694165417429e-01,1.260800127915425173e-01,1.254425737583164946e-01,1.247842154164204714e-01,1.241054033695788289e-01,1.234067222385375889e-01,1.226888948098573406e-01,1.219528043239633264e-01,1.211995205033209039e-01,1.204303300281428096e-01,1.196467722768412151e-01,1.188506812528108414e-01,1.180442347059358771e-01,1.172300115113109747e-01,1.164110583723728387e-01,1.155909668545288815e-01,1.147739616154628689e-01,1.139650004725799165e-01,1.131698866380669022e-01,1.123953930671092588e-01,1.116493984196647166e-01,1.109410336444076328e-01,1.102808376581609490e-01,1.096809200004319057e-01,1.091551276494168027e-01,1.087192123269574567e-01,1.083909935087156440e-01,1.081905108997156945e-01,1.081401582535558709e-01,1.082647880591726536e-01,1.085917738011453471e-01,1.091510133059400423e-01,1.099748533060359301e-01,1.110979120993876301e-01
6.166666666666666963e-01,1.216469758257611028e-01,1.210674700228408368e-01,1.206751943460337567e-01,1.204479170398771309e-01,1.203653113368755023e-01,1.204089138597672498e-01,1.205620487030943239e-01,1.208097276119736163e-01,1.211385347284009567e-01,1.215365026846512569e-01,1.219929854021019333e-01,1.224985317840987659e-01,1.230447635357601460e-01,1.236242595547820122e-01,1.242304486678372372e-01,1.248575118967737430e-01,1.255002949011566060e-01,1.261542307484604941e-01,1.268152727160491988e-01,1.274798364472626011e-01,1.281447504885743494e-01,1.288072140439528168e-01,1.294647607040406156e-01,1.301152269362132463e-01,1.307567242387513706e-01,1.313876140408490323e-01,1.320064846390529290e-01,1.326121296707685193e-01,1.332035278139911405e-01,1.337798235546589498e-01,1.343403089733126721e-01,1.348844065716638396e-01,1.354116531937324397e-01,1.359216851030299877e-01,1.364142242663756999e-01,1.368890658738158017e-01,1.373460670993347232e-01,1.377851370831316979e-01,1.382062280957734313e-01,1.386093278290422282e-01,1.389944527479047565e-01,1.393616424325063996e-01,1.397109548375842780e-01,1.400424623983991534e-01,1.403562489166113592e-01,1.406524071659192854e-01,1.409310371661072758e-01,1.411922450864834810e-01,1.414361427584998887e-01,1.416628478085217302e-01,1.418724844781713568e-01,1.420651853088004957e-01,1.422410940930629586e-01,1.424003710051016391e-01,1.425432020870057714e-01,1.426698188898767594e-01,1.427805466886861163e-01,1.428759599517470669e-01,1.429577804329454915e-01,1.430240188788244049e-01,1.430641518830442771e-01,1.430901908234556152e-01,1.431018295532775486e-01,1.430991371818807201e-01,1.430823928622382002e-01,1.430524019606100317e-01,1.429971520201400725e-01,1.429254139542711355e-01,1.428410249884234928e-01,1.427423771071304193e-01,1.426290180645676808e-01,1.425007352426740093e-01,1.423573976618695280e-01,1.421989074664488373e-01,1.420251807444773418e-01,1.418361388960661384e-01,1.416317045828342225e-01,1.414117999607313325e-01,1.411763461801513464e-01,1.409252636544834625e-01,1.406584728323375666e-01,1.403758953264404863e-01,1.400774553178038839e-01,1.397630811946870832e-01,1.394327074145773337e-01,1.390862766000492967e-01,1.387237418993649829e-01,1.383450696620352471e-01,1.379502424996864873e-01,1.375392628245376558e-01,1.371121569823314790e-01,1.366689801243316238e-01,1.362098219939379962e-01,1.357348138375719937e-01,1.352441366855175742e-01,1.347380312847289430e-01,1.342168099996075836e-01,1.336808710247461840e-01,1.331307152715938968e-01,1.325669662945374305e-01,1.319903936072777395e-01,1.314019397056893634e-01,1.308027510593854914e-01,1.301942132656200846e-01,1.295779904848668451e-01,1.289560692100591710e-01,1.283308063753613171e-01,1.277049817989191483e-01,1.270818549855837754e-01,1.264652263901762386e-01,1.258595033481413328e-01,1.252697709961895223e-01,1.247018685988476316e-01,1.241624717305416653e-01,1.236591806991921144e-01,1.232006154022877858e-01,1.227965164524313785e-01,1.224578518751532896e-01,1.221969279518276691e-01,1.220275018413324031e-01,1.219648924538677959e-01,1.220260846577717606e-01,1.222298202683482354e-01,1.225966674000628087e-01,1.231490576841395984e-01
6.204545454545454808e-01,1.307826321119071322e-01,1.302148369682238627e-01,1.297629532685483367e-01,1.294150470577018763e-01,1.291601535809299151e-01,1.289882411127464545e-01,1.288901650678712096e-01,1.288576155519852717e-01,1.288830608692497770e-01,1.289596889685943049e-01,1.290813483771803272e-01,1.292424898283228984e-01,1.294381095305921769e-01,1.296636948305180115e-01,1.299151728772358072e-01,1.301888627867407722e-01,1.304814317095306930e-01,1.307898551134351883e-01,1.311113814917038434e-01,1.314435015884641844e-01,1.317839220989684423e-01,1.321305436563315339e-01,1.324814427711187570e-01,1.328348572595196009e-01,1.331891745948842465e-01,1.335429225580306023e-01,1.338947615506655420e-01,1.342434779734807682e-01,1.345879781490324500e-01,1.349272823777224739e-01,1.352605188383302626e-01,1.355869171678389107e-01,1.359058016664123347e-01,1.362165841635719077e-01,1.365187566463631208e-01,1.368118837893758932e-01,1.370955955422576977e-01,1.373695799276041241e-01,1.376335761862106655e-01,1.378873683826714602e-01,1.381307795570756447e-01,1.383636664813801265e-01,1.385859150545440677e-01,1.387974363502324227e-01,1.389981633159659835e-01,1.391880481135367165e-01,1.393670600887061128e-01,1.395351843655937840e-01,1.396924210826681612e-01,1.398387853329852160e-01,1.399743079639279297e-01,1.400990375841822400e-01,1.402130445509218448e-01,1.403164287421528322e-01,1.404093357650552931e-01,1.404919956554960547e-01,1.405648391777734318e-01,1.406290512874410481e-01,1.406875642592066433e-01,1.407216810102334681e-01,1.407472397448836787e-01,1.407636829077702212e-01,1.407709531320659457e-01,1.407691280993368377e-01,1.407583901188560749e-01,1.407391010987978919e-01,1.407124084453204305e-01,1.406631500978501592e-01,1.406072161153080202e-01,1.405435311878619198e-01,1.404711266225477095e-01,1.403897145846964845e-01,1.402991807985523864e-01,1.401994775321716014e-01,1.400905878498179269e-01,1.399725106682837561e-01,1.398452536900245957e-01,1.397088298827444397e-01,1.395632557780554228e-01,1.394085508091730818e-01,1.392447373038257497e-01,1.390718409351077156e-01,1.388898915317098581e-01,1.386989242079824380e-01,1.384989808142334522e-01,1.382901117378078082e-01,1.380723781100704206e-01,1.378458544949805464e-01,1.376106321519120768e-01,1.373668229781328520e-01,1.371145642437048562e-01,1.368540242322560663e-01,1.365854088934918276e-01,1.363089695962339531e-01,1.360250120438780130e-01,1.357339063778283950e-01,1.354360984509673238e-01,1.351321222066344807e-01,1.348226130544561696e-01,1.345083220999678808e-01,1.341901310678164649e-01,1.338690677651391825e-01,1.335463219669648371e-01,1.332232616699646488e-01,1.329014497507536030e-01,1.325826611719173875e-01,1.322689009911602598e-01,1.319624235324838857e-01,1.316657531599412789e-01,1.313817071433422967e-01,1.311134211146963713e-01,1.308643775820572952e-01,1.306384378958628245e-01,1.304398779565358046e-01,1.302734278164049686e-01,1.301443151686505761e-01,1.300583125324405176e-01,1.300217877354264140e-01,1.300417570569622483e-01,1.301259401191306730e-01,1.302828152870202372e-01,1.305216739521346536e-01,1.308526716107554499e-01,1.312868731017268753e-01,1.318362887277690909e-01
6.242424242424242653e-01,1.248305066159391963e-01,1.240108045009013921e-01,1.232715335539803642e-01,1.226069358314656327e-01,1.220115705818577562e-01,1.214803138221874357e-01,1.210083536417459610e-01,1.205911821543434459e-01,1.202245848763444785e-01,1.199046281811147613e-01,1.196276453712220994e-01,1.193902218174108243e-01,1.191891795368083401e-01,1.190215615209729433e-01,1.188846160752484588e-01,1.187757813929099238e-01,1.186926705582636576e-01,1.186330571500392311e-01,1.185948615975769421e-01,1.185761384248575218e-01,1.185750644991103858e-01,1.185899283795705389e-01,1.186191208363993749e-01,1.186611265794169645e-01,1.187145172013025773e-01,1.187779453016723219e-01,1.188501397191768227e-01,1.189299017613939108e-01,1.190161022898868076e-01,1.191076794935571614e-01,1.192036371695195246e-01,1.193030433286944442e-01,1.194050289532915393e-01,1.195087867540484683e-01,1.196135698045530799e-01,1.197186899648444991e-01,1.198235160438537866e-01,1.199274716864046492e-01,1.200300330031282559e-01,1.201307259883577228e-01,1.202291237911010252e-01,1.203248439169962852e-01,1.204175454455426036e-01,1.205069263481500647e-01,1.205927209904635172e-01,1.206746978998345377e-01,1.207526578794660271e-01,1.208264325604495454e-01,1.208958835121209940e-01,1.209609021005244311e-01,1.210214104394967821e-01,1.210773641294900504e-01,1.211287583245764382e-01,1.211756409377167110e-01,1.212181439451841536e-01,1.212565725620008139e-01,1.212917719754838947e-01,1.213314241974543239e-01,1.213481080407879248e-01,1.213621966238418448e-01,1.213727289676751059e-01,1.213795942980323700e-01,1.213828131452927006e-01,1.213824741571194049e-01,1.213787271739738965e-01,1.213718092936254406e-01,1.213621621269730944e-01,1.213518354566015117e-01,1.213211585030642831e-01,1.212936417248091370e-01,1.212638741711731666e-01,1.212312710683356581e-01,1.211956727237212816e-01,1.211570465358087906e-01,1.211154137697698502e-01,1.210708235521880949e-01,1.210233418570005604e-01,1.209730465483831036e-01,1.209200253402048786e-01,1.208643753806390719e-01,1.208062038693099860e-01,1.207456294138860159e-01,1.206827839747163095e-01,1.206178153176612061e-01,1.205508899323561450e-01,1.204821963908454113e-01,1.204119491272871434e-01,1.203403926167676274e-01,1.202678059227828833e-01,1.201945075706137289e-01,1.201208606894874770e-01,1.200472783524864362e-01,1.199742290316234000e-01,1.199022420787787396e-01,1.198319131431253293e-01,1.197639094435995755e-01,1.196989748316321933e-01,1.196379346040751523e-01,1.195817000578126010e-01,1.195312728132042063e-01,1.194877489705238049e-01,1.194523231980723216e-01,1.194262928798095896e-01,1.194110624710796181e-01,1.194081482217407980e-01,1.194191834258949703e-01,1.194459243467413528e-01,1.194902569450992241e-01,1.195542045126072317e-01,1.196399362776018188e-01,1.197497770150342811e-01,1.198862176532606572e-01,1.200519268308535975e-01,1.202497633162985385e-01,1.204827891620198627e-01,1.207542834207393778e-01,1.210677562052461936e-01,1.214269628204282525e-01,1.218359176368848801e-01,1.222989073065429005e-01,1.228205028403633325e-01,1.234055699746367391e-01,1.240592771440291592e-01,1.247871002553974790e-01,1.255948233161116590e-01
6.280303030303030498e-01,1.043119745329971065e-01,1.032545272360356342e-01,1.022574373566508960e-01,1.013181455322296892e-01,1.004341264614663082e-01,9.960289976142393253e-02,9.882203876867759473e-02,9.808917752800935808e-02,9.740201619213550988e-02,9.675832503618818359e-02,9.615594727182028012e-02,9.559280082788562671e-02,9.506687924783513433e-02,9.457625183852834405e-02,9.411906319086524308e-02,9.369353217976170156e-02,9.329795053926323578e-02,9.293068109808613753e-02,9.259015575140110144e-02,9.227487323621691440e-02,9.198339677004956083e-02,9.171435160564248013e-02,9.146642254816728101e-02,9.123835147545078517e-02,9.102893489628048618e-02,9.083702157666097288e-02,9.066151025887590753e-02,9.050134749344394824e-02,9.035552559950989215e-02,9.022308076496665663e-02,9.010309129357839397e-02,8.999467600285873670e-02,8.989699277346380191e-02,8.980923724852346579e-02,8.973064167976281535e-02,8.966047391655425358e-02,8.959803653425145453e-02,8.954266609920166764e-02,8.949373256984771707e-02,8.945063883594857324e-02,8.941282040131720565e-02,8.937974521921435156e-02,8.935091369384796922e-02,8.932585886635963091e-02,8.930414681007131650e-02,8.928537726937846308e-02,8.926918459329589994e-02,8.925523904632605421e-02,8.924324864299602866e-02,8.923296178598429107e-02,8.922417128184864654e-02,8.921672100187769128e-02,8.921051826261798545e-02,8.920556044422391084e-02,8.920200476963205394e-02,8.920042089879827441e-02,8.920393322446786011e-02,8.920397717374949076e-02,8.919786552004187186e-02,8.919336025800433942e-02,8.919036355296593166e-02,8.918889242779604043e-02,8.918901902030376694e-02,8.919085563420295348e-02,8.919455289071322179e-02,8.920030865117241359e-02,8.920840082562386808e-02,8.921932899469928180e-02,8.922859691307485908e-02,8.923371453268845455e-02,8.924421288535418217e-02,8.925783731118110131e-02,8.927422143252113085e-02,8.929328573476631725e-02,8.931504950298602141e-02,8.933958005561899729e-02,8.936697491043428532e-02,8.939735514196464616e-02,8.943086341185302324e-02,8.946766422414460795e-02,8.950794532225238298e-02,8.955191968239088751e-02,8.959982780013869830e-02,8.965194008857944874e-02,8.970855927443981137e-02,8.977002271995844496e-02,8.983670462532765411e-02,8.990901808522862304e-02,8.998741698655643440e-02,9.007239774453466852e-02,9.016450088221246439e-02,9.026431246443000767e-02,9.037246540216045676e-02,9.048964064689440923e-02,9.061656829754424769e-02,9.075402864422470184e-02,9.090285317425032818e-02,9.106392556564833762e-02,9.123818269254085900e-02,9.142661566476505131e-02,9.163027092116328431e-02,9.185025139215909074e-02,9.208771774250831821e-02,9.234388969970459826e-02,9.262004746747702633e-02,9.291753321716973713e-02,9.323775264265815599e-02,9.358217655698779225e-02,9.395234250102048323e-02,9.434985632612140349e-02,9.477639370430800125e-02,9.523370151020693619e-02,9.572359900957194689e-02,9.624797877900750920e-02,9.680880727062139701e-02,9.740812492372241671e-02,9.804804571310324346e-02,9.873075600991403078e-02,9.945851261654249653e-02,1.002336398212636120e-01,1.010585253016497015e-01,1.019356146880203429e-01,1.028674045795616998e-01,1.038564337864857218e-01,1.049052725519294682e-01
6.318181818181818343e-01,8.833284303416655270e-02,8.697230088500131073e-02,8.566298775401444410e-02,8.440400298026309867e-02,8.319438037537681130e-02,8.203309716884155112e-02,8.091908230577996020e-02,7.985122413817030695e-02,7.882837754620217185e-02,7.784937052292129067e-02,7.691301025238625466e-02,7.601808870911822003e-02,7.516338780460772584e-02,7.434768410494396740e-02,7.356975314219754702e-02,7.282837334095808302e-02,7.212232958034078822e-02,7.145041641081006922e-02,7.081144094425237401e-02,7.020422543489290845e-02,6.962760956781739730e-02,6.908045247109560749e-02,6.856163446677250584e-02,6.807005857510592395e-02,6.760465178575519873e-02,6.716436610916431960e-02,6.674817942069867505e-02,6.635509610975433292e-02,6.598414754582812569e-02,6.563439237369293744e-02,6.530491665022582215e-02,6.499483383633779254e-02,6.470328465892859204e-02,6.442943685983137936e-02,6.417248485162917182e-02,6.393164930386784073e-02,6.370617668776586140e-02,6.349533881295682525e-02,6.329843239598456628e-02,6.311477870703958992e-02,6.294372334843133243e-02,6.278463622517670151e-02,6.263691177436805924e-02,6.249996952548345086e-02,6.237325506878186460e-02,6.225624151513346055e-02,6.214843154275613568e-02,6.204936015554406853e-02,6.195859835006890803e-02,6.187575806565252107e-02,6.180049923310538401e-02,6.173254089940716227e-02,6.167168182121936237e-02,6.161784799561792481e-02,6.157124295817865967e-02,6.153323254006067694e-02,6.150427688083440897e-02,6.147108269180610873e-02,6.144431475043902330e-02,6.142396074672377970e-02,6.141002751027193479e-02,6.140255607894653384e-02,6.140161983397838391e-02,6.140732221743548658e-02,6.141979536664166767e-02,6.143920051684671757e-02,6.146573245204569463e-02,6.149963661801770981e-02,6.154129640787586730e-02,6.158216593763130020e-02,6.163085609029909928e-02,6.168881915916762937e-02,6.175498326155718504e-02,6.182918690901379605e-02,6.191147023731248533e-02,6.200195880512294339e-02,6.210083020241062568e-02,6.220830239092658281e-02,6.232462954386008142e-02,6.245010084670750417e-02,6.258504050169873267e-02,6.272980816500900447e-02,6.288479945689388895e-02,6.305044637811044184e-02,6.322721756492148681e-02,6.341561836769282756e-02,6.361619076560620645e-02,6.382951314296626821e-02,6.405619995660413735e-02,6.429690132270145242e-02,6.455230254716202987e-02,6.482312361808834078e-02,6.511011867285829147e-02,6.541407544649867345e-02,6.573581470274028615e-02,6.607618964461227373e-02,6.643608529762502768e-02,6.681641785552587531e-02,6.721813397620461650e-02,6.764221001347546502e-02,6.808965116904221182e-02,6.856149054791434161e-02,6.905878809975314614e-02,6.958262942807331985e-02,7.013412444878240615e-02,7.071440587923025212e-02,7.132462753852771009e-02,7.196596243981358276e-02,7.263960065497052088e-02,7.334674693187984151e-02,7.408861804415807495e-02,7.486643985300964199e-02,7.568144406050297812e-02,7.653486463321150512e-02,7.742793387459442900e-02,7.836187812398934249e-02,7.933791305923268422e-02,8.035723857904431000e-02,8.142103324011563947e-02,8.253044822232516453e-02,8.368660079371768867e-02,8.489056724454695224e-02,8.614337525691440067e-02,8.744599567306424182e-02,8.879933362125642937e-02
6.356060606060606188e-01,9.419600441775059785e-02,9.206258021567351180e-02,8.998531587743899274e-02,8.796511560551779907e-02,8.600275443842531065e-02,8.409887594313363024e-02,8.225399027908310290e-02,8.046847278376749457e-02,7.874256320093821204e-02,7.707636564412040370e-02,7.546984936088728391e-02,7.392285033741058387e-02,7.243507375868413201e-02,7.100609731773599442e-02,6.963537534729130618e-02,6.832224373013309759e-02,6.706592552967061138e-02,6.586553727028852945e-02,6.472009578792115025e-02,6.362852556440472263e-02,6.258966645465137424e-02,6.160228171436725464e-02,6.066506623599403347e-02,5.977665490234756324e-02,5.893563097102062082e-02,5.814053440737938783e-02,5.738987008978684717e-02,5.668211581715527220e-02,5.601573005599740085e-02,5.538915937147158991e-02,5.480084549444896869e-02,5.424923198428185933e-02,5.373277045462131890e-02,5.324992633745524034e-02,5.279918416855416269e-02,5.237905238589413148e-02,5.198806764162007543e-02,5.162479863788149714e-02,5.128784950766023670e-02,5.097586277359989620e-02,5.068752193091487918e-02,5.042155371445242174e-02,5.017673012468329419e-02,4.995187030243695980e-02,4.974584235761980722e-02,4.955756527404543699e-02,4.938601103496946532e-02,4.923020715276544418e-02,4.908923986918823507e-02,4.896225849114798495e-02,4.884848184200702575e-02,4.874720928553925164e-02,4.865784374390197398e-02,4.857995587965408674e-02,4.851357919512456346e-02,4.846174301218102165e-02,4.841197296129327171e-02,4.837142749281560933e-02,4.834006786508265874e-02,4.831772969209693208e-02,4.830428952830607275e-02,4.829968472702560883e-02,4.830391772645242082e-02,4.831705622573755077e-02,4.833923149184483209e-02,4.837063519786547611e-02,4.841151424617323729e-02,4.846216096849130517e-02,4.852288583332904637e-02,4.859383205782778076e-02,4.866509054619085756e-02,4.875216857511428109e-02,4.885162751652031426e-02,4.896324758346686651e-02,4.908732009418129150e-02,4.922429781738342502e-02,4.937472592580709890e-02,4.953922219609256661e-02,4.971847116219620111e-02,4.991322308971829491e-02,5.012429460018315297e-02,5.035256960458751874e-02,5.059899990818894633e-02,5.086460517471438902e-02,5.115047211394689597e-02,5.145775285983045927e-02,5.178766256738367296e-02,5.214147629024958736e-02,5.252052521517383554e-02,5.292619233110325977e-02,5.335990760388058252e-02,5.382314271643225817e-02,5.431740542180430592e-02,5.484423354454965455e-02,5.540518865605615489e-02,5.600184944222023897e-02,5.663580477765277343e-02,5.730864651933255394e-02,5.802196203398757995e-02,5.877732647715273179e-02,5.957629484736352843e-02,6.042039384583737516e-02,6.131111357982447357e-02,6.224989915613571290e-02,6.323814221979080774e-02,6.427717250083997413e-02,6.536824943984639869e-02,6.651255396897332028e-02,6.771118053072965048e-02,6.896512941966977117e-02,7.027529953356682901e-02,7.164248162036317147e-02,7.306735210365723765e-02,7.455046756345991288e-02,7.609225994050006214e-02,7.769303252097842227e-02,7.935295674445974612e-02,8.107206986068510313e-02,8.285027344158590878e-02,8.468733273291431662e-02,8.658287680591660040e-02,8.853639944369409709e-02,9.054726066970797405e-02,9.261468879755499484e-02,9.473778285223607987e-02
6.393939393939394034e-01,1.224823278861691539e-01,1.185562625881401294e-01,1.147028512622850910e-01,1.109295566288699825e-01,1.072436704677304370e-01,1.036522288447629531e-01,1.001619276427156979e-01,9.677904077962846963e-02,9.350934339226563141e-02,9.035804207424935619e-02,8.732971399683298053e-02,8.442825641626143518e-02,8.165684770090159139e-02,7.901792061161198866e-02,7.651314815951081039e-02,7.414344196481567617e-02,7.190896266486210275e-02,6.980914158781134637e-02,6.784271262888637299e-02,6.600775304585011771e-02,6.430173173608655368e-02,6.272156346785365266e-02,6.126366750976804110e-02,5.992402912935430870e-02,5.869826250552013375e-02,5.758167371156331510e-02,5.656932256503525297e-02,5.565608229862006179e-02,5.483669617329983009e-02,5.410583032346688581e-02,5.345812228726653376e-02,5.288822482942326375e-02,5.239084480535943084e-02,5.196077694327046886e-02,5.159293253504768084e-02,5.128236312916691075e-02,5.102427941079989288e-02,5.081406553914939034e-02,5.064728929133976987e-02,5.051970843741802886e-02,5.042727384180943628e-02,5.036612985051818620e-02,5.033261257624635499e-02,5.032324672936919902e-02,5.033474165472125866e-02,5.036398721736539547e-02,5.040805013364883791e-02,5.046417127472856146e-02,5.052976440239079908e-02,5.060241679476810278e-02,5.067989245627828321e-02,5.076013967525468129e-02,5.084130930864552006e-02,5.092181812208707720e-02,5.100157542899722007e-02,5.107566067566003676e-02,5.114444775664608867e-02,5.120726010414084622e-02,5.126332636376685487e-02,5.131204774223026982e-02,5.135300841982066294e-02,5.138597648398320061e-02,5.141090260926663158e-02,5.142791772435428149e-02,5.143732976028060622e-02,5.143961897019199564e-02,5.143543038853978788e-02,5.142555952043555145e-02,5.141091805997383135e-02,5.139241223129720204e-02,5.136872971235600938e-02,5.133227536084499637e-02,5.130324550570865283e-02,5.127625607772940547e-02,5.125237641532957855e-02,5.123313445086587203e-02,5.122027452609752979e-02,5.121570545595836854e-02,5.122148961692715718e-02,5.123984592145320455e-02,5.127315882522538726e-02,5.132399013719343012e-02,5.139509180925324466e-02,5.148941841241075346e-02,5.161013827330715453e-02,5.176064243227134626e-02,5.194455074545495377e-02,5.216571459976618308e-02,5.242821583773803196e-02,5.273636159562525988e-02,5.309467483997608317e-02,5.350788044710710900e-02,5.398088671126691912e-02,5.451876219758367004e-02,5.512670788302886232e-02,5.581002456029083431e-02,5.657407552222072644e-02,5.742424460370470357e-02,5.836588973684061349e-02,5.940429227558879227e-02,6.054460246744745866e-02,6.179178158967012224e-02,6.315054142223226752e-02,6.462528189320472516e-02,6.622002789718715865e-02,6.793836644527920243e-02,6.978338544600656834e-02,7.175761553058838949e-02,7.386297641252592694e-02,7.610072930120811985e-02,7.847143686381720384e-02,8.097493214318839116e-02,8.361029768821248709e-02,8.637585593672147954e-02,8.926917161452237182e-02,9.228706658617001624e-02,9.542564722127817867e-02,9.868034394323157987e-02,1.020459622213350237e-01,1.055167438710377242e-01,1.090864371590419685e-01,1.127483738886262271e-01,1.164955513807466314e-01,1.203207170801849496e-01,1.242164534107107615e-01
6.431818181818181879e-01,1.474590629713108392e-01,1.402447795305363232e-01,1.331886407828204999e-01,1.263222510735556026e-01,1.196760476129479916e-01,1.132786494550295231e-01,1.071562474500448864e-01,1.013320630672944617e-01,9.582589971273665352e-02,9.065380431594802224e-02,8.582785008791105064e-02,8.135604409017985206e-02,7.724235623972297571e-02,7.348686016753712413e-02,7.008597137893352036e-02,6.703276467929993043e-02,6.431735092084123195e-02,6.192729271358231313e-02,5.984803962666770949e-02,5.806336530180892380e-02,5.655579149329265087e-02,5.530698702458634874e-02,5.429813273161993720e-02,5.351024642131510523e-02,5.292446454673409989e-02,5.252227958388523688e-02,5.228573394145288877e-02,5.219757263851544649e-02,5.224135797529557562e-02,5.240155004696932933e-02,5.266355727162166933e-02,5.301376118439410368e-02,5.343951965250803848e-02,5.392915244532271724e-02,5.447191279634527178e-02,5.505794825679894561e-02,5.567825378947777182e-02,5.632461970451883154e-02,5.698957670453533297e-02,5.766633998754701340e-02,5.834875405074071292e-02,5.903123954193720963e-02,5.970874321502349369e-02,6.037669175921960701e-02,6.103094999285024747e-02,6.166778364868931439e-02,6.228382674468021379e-02,6.287605335328613765e-02,6.344175349260744445e-02,6.397851294375274389e-02,6.448419729467623485e-02,6.495694242151497932e-02,6.539516302105524703e-02,6.579769559174668270e-02,6.616318515724994853e-02,6.648977690698323895e-02,6.677728821193101849e-02,6.702505818756911149e-02,6.723260444437056949e-02,6.739960618594253994e-02,6.752589357306340578e-02,6.761144016717871019e-02,6.765635777674335050e-02,6.766089336899390461e-02,6.762542767246092212e-02,6.755047484691535653e-02,6.743668197255033026e-02,6.728482544532840559e-02,6.709579607522817013e-02,6.687054246587982587e-02,6.660978429308624105e-02,6.630193679645925153e-02,6.596436495491901641e-02,6.559841044980459224e-02,6.520334610463958402e-02,6.478045563394260742e-02,6.433148029336427376e-02,6.385843743079554213e-02,6.336358684798575058e-02,6.284943558899099003e-02,6.231875873386333309e-02,6.177462973150809472e-02,6.122045787242492293e-02,6.066003168932806305e-02,6.009756739606936238e-02,5.953776150647262233e-02,5.898584670639052396e-02,5.844764995312533989e-02,5.792965166756310069e-02,5.743904476637071849e-02,5.698379214541333948e-02,5.657268105975161304e-02,5.621537263988483912e-02,5.592244453234211654e-02,5.570542435572953949e-02,5.557681132830014081e-02,5.555008306609329066e-02,5.563968419570298335e-02,5.586099310629846770e-02,5.623026292332958254e-02,5.676453267188490137e-02,5.748150466844558631e-02,5.839938449807937498e-02,5.953668056348820209e-02,6.091196119161383649e-02,6.254356869900953853e-02,6.444929167351858001e-02,6.664599901815365657e-02,6.914924197028715636e-02,7.197283324812664418e-02,7.512841551864445078e-02,7.862503429881695372e-02,8.246873291495694647e-02,8.666218894160103436e-02,9.120441230839823610e-02,9.609052472571247283e-02,1.013116380441226178e-01,1.068548455601776720e-01,1.127033352097537439e-01,1.188366273128437789e-01,1.252309324815764902e-01,1.318596180471026114e-01,1.386937645342040670e-01,1.457027879476369692e-01,1.528550994780710215e-01
6.469696969696969724e-01,1.379923464105407005e-01,1.272270575948200033e-01,1.170724186780476017e-01,1.075861832050645783e-01,9.881363788975312812e-02,9.078681112474948356e-02,8.352427125093758731e-02,7.703148911498894358e-02,7.130169724111939944e-02,6.631714713231413871e-02,6.205064900019959667e-02,5.846727446131742834e-02,5.552611044832209825e-02,5.318196864031039112e-02,5.138697560496884031e-02,5.009199130641379949e-02,4.924782506136123061e-02,4.880623665090848967e-02,4.872072516508194062e-02,4.894711900938300553e-02,4.944398757118757121e-02,5.017289886646058433e-02,5.109854873996087093e-02,5.218878656546189349e-02,5.341456051429439855e-02,5.474980285339978853e-02,5.617127280277436213e-02,5.765837151882186040e-02,5.919294096847105280e-02,6.075905593439405450e-02,6.234281620019434256e-02,6.393214411973299760e-02,6.551659126301767611e-02,6.708715662121540746e-02,6.863611790611773289e-02,7.015687675238896359e-02,7.164381808287915987e-02,7.309218349030506545e-02,7.449795819039813083e-02,7.585777088518477762e-02,7.716880572034047481e-02,7.842872541326123548e-02,7.963560456034615709e-02,8.078787209955327897e-02,8.188426190956572814e-02,8.292377057734912071e-02,8.390562148050932645e-02,8.482923455832609705e-02,8.569420162444355005e-02,8.650026826998989671e-02,8.724732721352827791e-02,8.793544495713721820e-02,8.856508507291990795e-02,8.913784755957221417e-02,8.964777615799551791e-02,9.009896735770989151e-02,9.049168849506766810e-02,9.082617086242970872e-02,9.110265502730703624e-02,9.132138993239773128e-02,9.148262859838497685e-02,9.158662456066567203e-02,9.163362973410235646e-02,9.162389376714175082e-02,9.155766474841911529e-02,9.143519096260635526e-02,9.125672307238039127e-02,9.102251530370777943e-02,9.073282190165418704e-02,9.038787704701560510e-02,8.998780765915211088e-02,8.953205505546353582e-02,8.900393862616706731e-02,8.843052871681386651e-02,8.780488155255278260e-02,8.712581996690089980e-02,8.639328747357574723e-02,8.560752691079175081e-02,8.476894812776551713e-02,8.387810301624840092e-02,8.293569249206557414e-02,8.194258816662529366e-02,8.089986376328531237e-02,7.980883485803538790e-02,7.867110673679955646e-02,7.748863063020360042e-02,7.626376877912585672e-02,7.499936886416727622e-02,7.369884836126779082e-02,7.236628938710683301e-02,7.100654457549471221e-02,6.962535447260322086e-02,6.822947683989578904e-02,6.682682808759606019e-02,6.542663680257898573e-02,6.403960895178907597e-02,6.267810380165647621e-02,6.135631885837416338e-02,6.009048116519327687e-02,5.889904105402004458e-02,5.780286290708182978e-02,5.682540561867913814e-02,5.599288325374116720e-02,5.533439390586456647e-02,5.488200203327430610e-02,5.467075672853519142e-02,5.473862566819271552e-02,5.512632220047653658e-02,5.587700158147819451e-02,5.703580229249339412e-02,5.864921028598359121e-02,6.076422858234861030e-02,6.342734250127432527e-02,6.668328241702638215e-02,7.057360139504800789e-02,7.513510398539455237e-02,8.039818369481159521e-02,8.638514828955683178e-02,9.310863135218802600e-02,1.005702021070598307e-01,1.087592899942954883e-01,1.176525329083629862e-01,1.272136368490433544e-01,1.373938003735486191e-01,1.481327125235400721e-01
6.507575757575757569e-01,9.966961642371392760e-02,8.897464979696174947e-02,7.961035404711273855e-02,7.155723136141835250e-02,6.477107893039078801e-02,5.918781019914629016e-02,5.472841878340626437e-02,5.130373539727869220e-02,4.881872700710318536e-02,4.717618594762881118e-02,4.627974258395815832e-02,4.603620199796937956e-02,4.635725173732544585e-02,4.716061573953642810e-02,4.837074264503083559e-02,4.991911882283289054e-02,5.174429125260582296e-02,5.379167598984543192e-02,5.601321658512325302e-02,5.836694512362851361e-02,6.081648750268867781e-02,6.333054473026068776e-02,6.588237364851244615e-02,6.844928359695012787e-02,7.101216003654611808e-02,7.355502190091470216e-02,7.606461623703508756e-02,7.853005135952234594e-02,8.094246809567201550e-02,8.329474759057149680e-02,8.558125344385617006e-02,8.779760555527758858e-02,8.994048288080508380e-02,9.200745227726990494e-02,9.399682069108436511e-02,9.590750808690262641e-02,9.773893868799858609e-02,9.949094829238695759e-02,1.011637056249480165e-01,1.027576458788027891e-01,1.042734147859525756e-01,1.057118217376280117e-01,1.070738006520204899e-01,1.083603774679489928e-01,1.095726433410157408e-01,1.107117328635273401e-01,1.117788069933356304e-01,1.127750410581731810e-01,1.137016198300739439e-01,1.145597466303019951e-01,1.153506937186740688e-01,1.160760553064899281e-01,1.167423126159002483e-01,1.173349918396628250e-01,1.178634548165475998e-01,1.183290702146951173e-01,1.187326159697145028e-01,1.190747489614171206e-01,1.193560427656267381e-01,1.195769947379167891e-01,1.197380274547756585e-01,1.198394890629943532e-01,1.198816536869167643e-01,1.198647222107301208e-01,1.197888234815899511e-01,1.196540158312913299e-01,1.194602886267243230e-01,1.192075631568169786e-01,1.188956911037934994e-01,1.185244455841655137e-01,1.180934872224762983e-01,1.176022172773761865e-01,1.170482421652741245e-01,1.164128723495066464e-01,1.157294874141036600e-01,1.149851911295741852e-01,1.141781527412423364e-01,1.133072173955949058e-01,1.123713867839334635e-01,1.113697096060179831e-01,1.103012529307605127e-01,1.091650997145262592e-01,1.079603584367420238e-01,1.066861805250359091e-01,1.053417842779535013e-01,1.039264851495296516e-01,1.024397327878661945e-01,1.008811555136160942e-01,9.925061312781796596e-02,9.754825910983005999e-02,9.577461343144397232e-02,9.393064738256365342e-02,9.201788198103780236e-02,9.003850172068586510e-02,8.799548559117385815e-02,8.589275746830343783e-02,8.373535810721861872e-02,8.152964105010312990e-02,7.928349475383869582e-02,7.700659311185746592e-02,7.471067623743754549e-02,7.240986282983799538e-02,7.012099458200979352e-02,6.786401181644199920e-02,6.566235774560287564e-02,6.354340632433100322e-02,6.153890546480331875e-02,5.968542329367365618e-02,5.802478003750528163e-02,5.660444196054889576e-02,5.547784655774484069e-02,5.470462005649142506e-02,5.435063951286165512e-02,5.448788296044555779e-02,5.519400307125350846e-02,5.655155391821416189e-02,5.864679846902086380e-02,6.156802867981176625e-02,6.540334322202769057e-02,7.023785289668413312e-02,7.615032329885144946e-02,8.320931978179883781e-02,9.146899038948637373e-02,1.009647036216791000e-01,1.117088402457891982e-01
6.545454545454545414e-01,5.996227531532838384e-02,5.402405873185755353e-02,4.965057783193595198e-02,4.668314602286004200e-02,4.495713773562432652e-02,4.430931740395803453e-02,4.458332454836115566e-02,4.563341988626662404e-02,4.732672699286226414e-02,4.954426532681074219e-02,5.218107865048815519e-02,5.514573578286915967e-02,5.835943465144645403e-02,6.175488865653980947e-02,6.527512507319727098e-02,6.887228331292366557e-02,7.250646804123341005e-02,7.614468811770706835e-02,7.975989577886152815e-02,8.333012975585686599e-02,8.683775951078327726e-02,9.026882415461479070e-02,9.361245786545478731e-02,9.686039303965970904e-02,1.000065325009588391e-01,1.030465825549534142e-01,1.059777393202294554e-01,1.087984214803162791e-01,1.115080433191632386e-01,1.141068225922507035e-01,1.165956184276105423e-01,1.189757950388623670e-01,1.212491075626974113e-01,1.234176068078544908e-01,1.254835601237569431e-01,1.274493859692167053e-01,1.293176000889600941e-01,1.310907714937471213e-01,1.327714866936357263e-01,1.343623208591850360e-01,1.358658147878081812e-01,1.372844567403538885e-01,1.386206683955291119e-01,1.398767943660970126e-01,1.410550949660538678e-01,1.421577422972888916e-01,1.431868204586727866e-01,1.441443324375819846e-01,1.450322214014558575e-01,1.458524334696445768e-01,1.466071558774159067e-01,1.473009789871080610e-01,1.479321244264286128e-01,1.484917287350868698e-01,1.489900009408592629e-01,1.494281491262160755e-01,1.498071084784386442e-01,1.501276710545319804e-01,1.503905122041177267e-01,1.505961988955717701e-01,1.507451932287929286e-01,1.508378543985380571e-01,1.508744401126617674e-01,1.508551078075751894e-01,1.507799157633216147e-01,1.506488240966134262e-01,1.504616954845480192e-01,1.502182952409358008e-01,1.499182898147760346e-01,1.495612412448011630e-01,1.491465900456765414e-01,1.486735974562342910e-01,1.481410695685733414e-01,1.475325759104451906e-01,1.468647780286061466e-01,1.461410985110274396e-01,1.453554201212521324e-01,1.445054879100440837e-01,1.435894865324504055e-01,1.426056684907298089e-01,1.415522564367973357e-01,1.404274096146323758e-01,1.392292123096527390e-01,1.379556723133520679e-01,1.366047253486347424e-01,1.351742440453365945e-01,1.336620511092061481e-01,1.320659368245679921e-01,1.303836813136965977e-01,1.286130821738006857e-01,1.267519882800719477e-01,1.247983407062428496e-01,1.227502218851836968e-01,1.206059143186128668e-01,1.183639703507588653e-01,1.160232947484943350e-01,1.135832420809488874e-01,1.110437311661291310e-01,1.084053791514362902e-01,1.056696581205615049e-01,1.028390774740480101e-01,9.991739572003761893e-02,9.690986574340389181e-02,9.382351810823795490e-02,9.066748750552737490e-02,8.745338810085699632e-02,8.419574427371463721e-02,8.091248405277148836e-02,7.762550336606600931e-02,7.436130985893026069e-02,7.115175511821722476e-02,6.803486302598057978e-02,6.505575859730478028e-02,6.226769449256643746e-02,5.973315939281738374e-02,5.752503121753650001e-02,5.572770650737381148e-02,5.443809391783325374e-02,5.376630557653046955e-02,5.383581953550033855e-02,5.478282898928314715e-02,5.675445386168114642e-02,5.990548661651734497e-02,6.439339706145709441e-02,7.037144767541994583e-02
6.583333333333333259e-01,4.022635119747428739e-02,4.052150471411622434e-02,4.201659325216654250e-02,4.449491193423893431e-02,4.775894447043686764e-02,5.163308742031438164e-02,5.596461195659935273e-02,6.062330023666680223e-02,6.550014844992073371e-02,7.050547142198830552e-02,7.556668373333164102e-02,8.062597361222843817e-02,8.563803014972083683e-02,9.056793321324467516e-02,9.538927069229637123e-02,1.000825111742619927e-01,1.046336328449314623e-01,1.090329912380486599e-01,1.132743982907226943e-01,1.173543812221078675e-01,1.212715900933676177e-01,1.250263257731860367e-01,1.286201640633988508e-01,1.320556560095601240e-01,1.353360883904025647e-01,1.384652917929483362e-01,1.414474864681273814e-01,1.442871583611498865e-01,1.469889594071883965e-01,1.495576274729895905e-01,1.519979223006761027e-01,1.543145745488987419e-01,1.565122455893410702e-01,1.585954961510140648e-01,1.605687622446533569e-01,1.624363370705440845e-01,1.642023578334990963e-01,1.658707965716539889e-01,1.674454542622322295e-01,1.689299576053417407e-01,1.703277580154717863e-01,1.716421324809636606e-01,1.728761861031020419e-01,1.740328563364453573e-01,1.751149193070154764e-01,1.761249993050026663e-01,1.770655842670832980e-01,1.779390549123641974e-01,1.787477520405544584e-01,1.794941868550658792e-01,1.801822393463805572e-01,1.808199877184502036e-01,1.813821504685452501e-01,1.818867686873461842e-01,1.823355860472217760e-01,1.827297661112058103e-01,1.830702667934811234e-01,1.833579020165768125e-01,1.835933601629383682e-01,1.837772116654217691e-01,1.839099129611396211e-01,1.839918089554040403e-01,1.840231347494566960e-01,1.840040169203894238e-01,1.839344744573303270e-01,1.838144193602915255e-01,1.836436568186222973e-01,1.834218847403301655e-01,1.831486920838424348e-01,1.828235546286125224e-01,1.824458244281411123e-01,1.820147006942923751e-01,1.815291289401899655e-01,1.809871999617411742e-01,1.803639021250252050e-01,1.796961303278893363e-01,1.789732614374709152e-01,1.781908293501796858e-01,1.773463144870104369e-01,1.764374949933012748e-01,1.754621606609855222e-01,1.744180231934692182e-01,1.733026788302404475e-01,1.721135898023086475e-01,1.708480741537355962e-01,1.695033000678630719e-01,1.680762831518071709e-01,1.665638860765300544e-01,1.649628204088027517e-01,1.632696507044074652e-01,1.614808010755953427e-01,1.595925645498126322e-01,1.576011156243818934e-01,1.555025265048189942e-01,1.532927876009091972e-01,1.509678329499592742e-01,1.485235713492960019e-01,1.459559241201977553e-01,1.432608706116200170e-01,1.404345028112636840e-01,1.374730908072731017e-01,1.343731613997488361e-01,1.311315929893717425e-01,1.277457310963801274e-01,1.242135306488501290e-01,1.205337337177884161e-01,1.167060948692157651e-01,1.127316709128436123e-01,1.086131975904182645e-01,1.043555824463622828e-01,9.996655011600986962e-02,9.545748230521930444e-02,9.084449784888036505e-02,8.614981577307243010e-02,8.140343323476975645e-02,7.664512785839187881e-02,7.192675881544970118e-02,6.731479353742113314e-02,6.289293013270744193e-02,5.876462412349359177e-02,5.505526711797997103e-02,5.191370833591156531e-02,4.951275958093347140e-02,4.804828220375205461e-02,4.773642637840490310e-02
6.621212121212121104e-01,4.602107102166103081e-02,5.136139795547264852e-02,5.732740311688849094e-02,6.373306723380312011e-02,7.042066372722924350e-02,7.725877122443630673e-02,8.413982373961899353e-02,9.097749007691695311e-02,9.770405696690184771e-02,1.042679075410655604e-01,1.106311373280697147e-01,1.167673277470411553e-01,1.226594922918849556e-01,1.282982128662917554e-01,1.336799849620538549e-01,1.388057865189551154e-01,1.436798763075289587e-01,1.483088160366292652e-01,1.527006992744245895e-01,1.568645620757632975e-01,1.608099459518159136e-01,1.645465832873332646e-01,1.680841775584812903e-01,1.714322545674094034e-01,1.746000653670650160e-01,1.775965258793440749e-01,1.804301820016993296e-01,1.831091920877154777e-01,1.856413210741774122e-01,1.880339422948940076e-01,1.902940442875611371e-01,1.924282407819010998e-01,1.944427826593250197e-01,1.963435710782294452e-01,1.981361712279157972e-01,1.998258263534188894e-01,2.014174718151443833e-01,2.029157490338859837e-01,2.043250192396258158e-01,2.056493770048352931e-01,2.068926636135604569e-01,2.080584804166484003e-01,2.091502024887014755e-01,2.101709932173880524e-01,2.111238211265966114e-01,2.120114818323175221e-01,2.128366323703416718e-01,2.136018592060285604e-01,2.143098607214921902e-01,2.149642349473191438e-01,2.155816258606806091e-01,2.161222483713085285e-01,2.166097523736232044e-01,2.170471047136047493e-01,2.174357089674270882e-01,2.177766636631147112e-01,2.180708949031890387e-01,2.183191913528895467e-01,2.185222176028326913e-01,2.186805207153413588e-01,2.187945340663040861e-01,2.188645798811078846e-01,2.188908710058277418e-01,2.188735121388000193e-01,2.188125006116786453e-01,2.187077267350112653e-01,2.185589736572615405e-01,2.183659165887080200e-01,2.181281210423258732e-01,2.178450392728196738e-01,2.175160028335514917e-01,2.171402052483944745e-01,2.167166536160181900e-01,2.162439827657402780e-01,2.157187320423175070e-01,2.151107087811334750e-01,2.144723314777542966e-01,2.137827977082120690e-01,2.130382136704663254e-01,2.122358938443063558e-01,2.113733559074629231e-01,2.104480905530823620e-01,2.094574778901600320e-01,2.083987471860306029e-01,2.072689527643289675e-01,2.060649568355726879e-01,2.047834155646515997e-01,2.034207666995098973e-01,2.019732179165918129e-01,2.004367354078550323e-01,1.988070324031804004e-01,1.970795573943334711e-01,1.952494818482099215e-01,1.933116871895718403e-01,1.912607508105835241e-01,1.890909308373452113e-01,1.867961493685474372e-01,1.843699739216158595e-01,1.818055969158000051e-01,1.790958132490330090e-01,1.762329964748083344e-01,1.732090748837608052e-01,1.700155101130379487e-01,1.666432829582702724e-01,1.630828940874949617e-01,1.593243915754855577e-01,1.553574427108538603e-01,1.511714742652376653e-01,1.467559128394939072e-01,1.421005639306948398e-01,1.371961732669359779e-01,1.320352145148525891e-01,1.266129414924384300e-01,1.209287292799718777e-01,1.149877079135167707e-01,1.088026682116065291e-01,1.023961976203383306e-01,9.580299104652645337e-02,8.907228097411261369e-02,8.227034039190696257e-02,7.548302194706126012e-02,6.881829301635553064e-02,6.240869415924236996e-02,5.641357709334479664e-02,5.102086525164199055e-02
6.659090909090908950e-01,7.332368183623261260e-02,8.188713992113454132e-02,9.055270464179038248e-02,9.920039745114075935e-02,1.077355517727722894e-01,1.160847112153109290e-01,1.241919653278935470e-01,1.320158191122395019e-01,1.395266132381852986e-01,1.467044520667885876e-01,1.535375550150082924e-01,1.600209252150475991e-01,1.661552293309290773e-01,1.719458018051324977e-01,1.774017188607010520e-01,1.825349221637174169e-01,1.873593994965443155e-01,1.918904444237578555e-01,1.961440184002336551e-01,2.001362308704382753e-01,2.038829410274478338e-01,2.073994736791890114e-01,2.107004337999108246e-01,2.137996005494267882e-01,2.167098812172450761e-01,2.194433075277028022e-01,2.220110598590049611e-01,2.244235083003721376e-01,2.266902625555834716e-01,2.288202252479018262e-01,2.308216451344492215e-01,2.327021681505830331e-01,2.344688851757513182e-01,2.361283760481197869e-01,2.376867497515520178e-01,2.391496809317877892e-01,2.405224430275659797e-01,2.418099383692280946e-01,2.430167256344616111e-01,2.441470450840695916e-01,2.452048420577693233e-01,2.461937893324797066e-01,2.471173092142169569e-01,2.479785968388945605e-01,2.487806475974466136e-01,2.495262953887543989e-01,2.502182799594386275e-01,2.508594056989094101e-01,2.514531014597350400e-01,2.520087100225136267e-01,2.525194532836363970e-01,2.529664371383799071e-01,2.533697952094888795e-01,2.537312640193234436e-01,2.540520745696361882e-01,2.543332439188874528e-01,2.545756393087383329e-01,2.547800003231754373e-01,2.549469489778616316e-01,2.550769953215231700e-01,2.551705409972699345e-01,2.552278816862219024e-01,2.552492088193095698e-01,2.552346107281087684e-01,2.551840733071773504e-01,2.550974802039906453e-01,2.549746125035055599e-01,2.548151478057926744e-01,2.546186584649019480e-01,2.543846084678031971e-01,2.541123477145856846e-01,2.538011004463256448e-01,2.534499378779120904e-01,2.530576964202218559e-01,2.526226058960833187e-01,2.521201791024006988e-01,2.515739408035038704e-01,2.509931844016283220e-01,2.503669991124295446e-01,2.496917819337503286e-01,2.489647495748206762e-01,2.481832548522493187e-01,2.473445952406199411e-01,2.464459339921932501e-01,2.454842573759438984e-01,2.444563456649094524e-01,2.433587496630341962e-01,2.421877691980015568e-01,2.409394317552131515e-01,2.396094701429874463e-01,2.381932983708103246e-01,2.366859850204162674e-01,2.350822233885383195e-01,2.333762976268131673e-01,2.315620440268600644e-01,2.296328065240074434e-01,2.275813854562936389e-01,2.253999786678428374e-01,2.230801142644688873e-01,2.206125748266243580e-01,2.179873138138676281e-01,2.151933664512787059e-01,2.122187597938224590e-01,2.090504301246461638e-01,2.056741604606839302e-01,2.020745565734552163e-01,1.982350860159277917e-01,1.941382099967810526e-01,1.897656406999657375e-01,1.850987544946542662e-01,1.801191823499194988e-01,1.748095820486321172e-01,1.691545747239433517e-01,1.631418066827663715e-01,1.567630850718419178e-01,1.500155411058123056e-01,1.429028012204160425e-01,1.354361906745925603e-01,1.276360440104060134e-01,1.195332368605322576e-01,1.111710706405228399e-01,1.026076291264277490e-01,9.391868417903770361e-02,8.520116074762727754e-02,7.657708136888892458e-02
6.696969696969696795e-01,1.164396494052303832e-01,1.266590218092236431e-01,1.365892074000195910e-01,1.461761944072051123e-01,1.553838065295239657e-01,1.641895757979723869e-01,1.725813023173974337e-01,1.805542705808585724e-01,1.881090851180801105e-01,1.952500820706825624e-01,2.019842596093920362e-01,2.083206466806500345e-01,2.142700016349633474e-01,2.198447111389213171e-01,2.250587575662379158e-01,2.299276459090707492e-01,2.344682248272585978e-01,2.386983874528974814e-01,2.426366803249186410e-01,2.463018727304674693e-01,2.497125418817375542e-01,2.528867172092349458e-01,2.558416080917236268e-01,2.585934209856267652e-01,2.611572584372993666e-01,2.635470849948518546e-01,2.657757426786032662e-01,2.678549997133837790e-01,2.697956190112620889e-01,2.716074361953830230e-01,2.732994400449297867e-01,2.748798507840231609e-01,2.763561935549878612e-01,2.777353657653891528e-01,2.790236978908698373e-01,2.802270078704357514e-01,2.813506495534303098e-01,2.823995558321471533e-01,2.833782771888356811e-01,2.842910164570475184e-01,2.851416607039237161e-01,2.859338113715213514e-01,2.866708143489005711e-01,2.873557929198488070e-01,2.879916897943454179e-01,2.885813338739177669e-01,2.891275804379513925e-01,2.896337312506407358e-01,2.901059007273249502e-01,2.905582829553771673e-01,2.909411399904820450e-01,2.912873546125872570e-01,2.915993004117403142e-01,2.918783553400721709e-01,2.921256106020031496e-01,2.923419897729367944e-01,2.925282851631017533e-01,2.926851730004208507e-01,2.928132213285897234e-01,2.929128948163174373e-01,2.929845579940133504e-01,2.930284775379474183e-01,2.930448238782694670e-01,2.930336722601316612e-01,2.929950033154904432e-01,2.929287031605722902e-01,2.928345629968624464e-01,2.927122781440587018e-01,2.925614463449264235e-01,2.923815649962448471e-01,2.921720265284146745e-01,2.919321100395554369e-01,2.916609639863088077e-01,2.913575629022940316e-01,2.910205636011602426e-01,2.906474555555713102e-01,2.901991303617161844e-01,2.897352927689780255e-01,2.892398937166732464e-01,2.887061095572249214e-01,2.881305253044050274e-01,2.875103113595111060e-01,2.868427244933208775e-01,2.861249438141305057e-01,2.853539950518643176e-01,2.845267049722669528e-01,2.836396672125858220e-01,2.826892121130065716e-01,2.816713770053000387e-01,2.805818749165022719e-01,2.794160602409546112e-01,2.781688901475223852e-01,2.768348805267318302e-01,2.754080552447126795e-01,2.738818874196762843e-01,2.722492314347551567e-01,2.705022445251697993e-01,2.686322971356809863e-01,2.666298719844132359e-01,2.644844530834358221e-01,2.621844080800551646e-01,2.597168704115364046e-01,2.570676320268368009e-01,2.542210626827862141e-01,2.511600774480442499e-01,2.478661786996162741e-01,2.443196003712305719e-01,2.404995776768406313e-01,2.363847523855193700e-01,2.319537012169304580e-01,2.271855461389738484e-01,2.220605783656779131e-01,2.165608145312617749e-01,2.106704149715148966e-01,2.043759342218346431e-01,1.976664350248282243e-01,1.905335614005320144e-01,1.829717134370248410e-01,1.749784837512826374e-01,1.665555034332380224e-01,1.577098149790239212e-01,1.484558558780160187e-01,1.388181095104218110e-01,1.288344619884141395e-01,1.185602886364401087e-01
6.734848484848484640e-01,1.707590001798793555e-01,1.814575893915642557e-01,1.916127200124386476e-01,2.012222602379759306e-01,2.102941434306636603e-01,2.188432826293573163e-01,2.268890625740265787e-01,2.344533074709421461e-01,2.415586569706516251e-01,2.482273198552430726e-01,2.544802063285491744e-01,2.603364548921522914e-01,2.658133588293303817e-01,2.709266576092908552e-01,2.756911002078196726e-01,2.801211334169252942e-01,2.842315453685132498e-01,2.880379182773502023e-01,2.915568087960567212e-01,2.948056543912140892e-01,2.978024701311063338e-01,3.005654333247462784e-01,3.031124519185961486e-01,3.054607878213500549e-01,3.076267736485550630e-01,3.096256325258669451e-01,3.114713911357394616e-01,3.131768665320033840e-01,3.147537050184850971e-01,3.162124535728484398e-01,3.175626483911994091e-01,3.188129095059805684e-01,3.199710342490424408e-01,3.210440852957307523e-01,3.220384711407488498e-01,3.229600182655460450e-01,3.238140351389596772e-01,3.246053687167308466e-01,3.253384544147704394e-01,3.260173607499075032e-01,3.266458301011561094e-01,3.272273175354565855e-01,3.277650307627457682e-01,3.282619770778592017e-01,3.287210308711640550e-01,3.291450603786289508e-01,3.295372577164182304e-01,3.299025317033158489e-01,3.302694635934624312e-01,3.305656090544218384e-01,3.308313857403151204e-01,3.310710772925158363e-01,3.312862694717812473e-01,3.314781188612921925e-01,3.316475843066904461e-01,3.317954874159995682e-01,3.319225354070159395e-01,3.320293321172434475e-01,3.321163843494534529e-01,3.321841060112459276e-01,3.322328210189512965e-01,3.322627653905037004e-01,3.322740887269807764e-01,3.322668551807794746e-01,3.322410439559060902e-01,3.321965493536450098e-01,3.321331803484138256e-01,3.320506596426708867e-01,3.319486220875462745e-01,3.318266122331895995e-01,3.316840805020339067e-01,3.315203768242451776e-01,3.313347388066876786e-01,3.311262659532875352e-01,3.308938496899846982e-01,3.306359046221059028e-01,3.303477650266883892e-01,3.299818719915594833e-01,3.296238143704242618e-01,3.292407881098182720e-01,3.288274587248221636e-01,3.283805565827943029e-01,3.278972438351734353e-01,3.273747298030726394e-01,3.268101259594584085e-01,3.262003712570745728e-01,3.255421823257227398e-01,3.248320125524697399e-01,3.240660131287960155e-01,3.232399924027638538e-01,3.223493711368956016e-01,3.213891317634801625e-01,3.203537599051687890e-01,3.192371765051572052e-01,3.180326590285509347e-01,3.167327504921965131e-01,3.153291557233375841e-01,3.138126254561858786e-01,3.121728309192580153e-01,3.103982347332514546e-01,3.084759684464469798e-01,3.063917328503996673e-01,3.041297437692503935e-01,3.016727518077467196e-01,2.990021668459766913e-01,2.960983129827549076e-01,2.929408230360180942e-01,2.895091515068293764e-01,2.857831442595040183e-01,2.817435630777151978e-01,2.773724416314981567e-01,2.726531641877257828e-01,2.675702164116573467e-01,2.621086458076025694e-01,2.562533570971638475e-01,2.499884217355742566e-01,2.432965831642219245e-01,2.361590972506508179e-01,2.285559857690771524e-01,2.204667274375247121e-01,2.118713832859775437e-01,2.027521541346528344e-01,1.930953907013897852e-01,1.828941105903700293e-01,1.721511111826597717e-01
6.772727272727272485e-01,2.324259147242722368e-01,2.427642644712509623e-01,2.524231727483969845e-01,2.614349565098061934e-01,2.698357137852923082e-01,2.776635487325331830e-01,2.849571728759023870e-01,2.917547606212118061e-01,2.980929680374080348e-01,3.040060612070889512e-01,3.095251462356964911e-01,3.146775446821541422e-01,3.194864049963131447e-01,3.239706630533879528e-01,3.281454411379811087e-01,3.320228946304499273e-01,3.356133963323561509e-01,3.389268366860821446e-01,3.419737699406759091e-01,3.447661815227661131e-01,3.473177722393427369e-01,3.496437947384086198e-01,3.517605792917334329e-01,3.536849214067016578e-01,3.554334807928543061e-01,3.570222877441431297e-01,3.584663970381177789e-01,3.597796876285976331e-01,3.609747831116459360e-01,3.620630599749798395e-01,3.630547122684260053e-01,3.639588474152378184e-01,3.647835949903901476e-01,3.655362166294435222e-01,3.662232101456960875e-01,3.668504044038288225e-01,3.674230437769286928e-01,3.679458624294045799e-01,3.684231495316824812e-01,3.688588071028048865e-01,3.692564027848814212e-01,3.696192209028325015e-01,3.699503175666333799e-01,3.702525919156531287e-01,3.705289049263229550e-01,3.707823501995217708e-01,3.710171810420651584e-01,3.712467982219661566e-01,3.714623669657443061e-01,3.716253530402524041e-01,3.717707026607532939e-01,3.719003837928833711e-01,3.720156253355746401e-01,3.721174041060935633e-01,3.722065484175794414e-01,3.722837728935918244e-01,3.723496938411757218e-01,3.724048375375999531e-01,3.724496454001140489e-01,3.724844775379759776e-01,3.725096153225290196e-01,3.725252632698276001e-01,3.725315503812117179e-01,3.725285310160468266e-01,3.725161853325829053e-01,3.724944193083575827e-01,3.724630643299708943e-01,3.724218763152807865e-01,3.723705342872017376e-01,3.723086382352259749e-01,3.722357059262509926e-01,3.721511679285183782e-01,3.720543591119414017e-01,3.719445020461252249e-01,3.718206681424405802e-01,3.716816604978518956e-01,3.715254641885242792e-01,3.713121019706861481e-01,3.710852809531126062e-01,3.708567560068511404e-01,3.706113266450547505e-01,3.703444501399481559e-01,3.700529801723997925e-01,3.697340928735504684e-01,3.693849759749921469e-01,3.690026955326579650e-01,3.685841188476538521e-01,3.681258570220913295e-01,3.676242130419395404e-01,3.670751286158309701e-01,3.664741257174242706e-01,3.658162398694496109e-01,3.650959427141169389e-01,3.643070518097114574e-01,3.634426261908635380e-01,3.624948473405368854e-01,3.614548872141156721e-01,3.603127682650154040e-01,3.590572254902331673e-01,3.576755876088769104e-01,3.561537033368447625e-01,3.544759479349783859e-01,3.526253515677194028e-01,3.505838890233302085e-01,3.483329528760479299e-01,3.458539932221978974e-01,3.431292472807006000e-01,3.401424148948417603e-01,3.368790896680752267e-01,3.333267644232107418e-01,3.294743133082553843e-01,3.253109944854749025e-01,3.208251624544019021e-01,3.160029628698433068e-01,3.108272701579424813e-01,3.052770349040266895e-01,2.993270857174417654e-01,2.929483322959314240e-01,2.861082705443974694e-01,2.787716952644135882e-01,2.709015627501147883e-01,2.624599944926823136e-01,2.534094607950975742e-01,2.437142242033672190e-01,2.333421575274301774e-01
6.810606060606060330e-01,2.979682214776526172e-01,3.074088129979963280e-01,3.161253553803392569e-01,3.241685958903864906e-01,3.315888159528954660e-01,3.384351503829454155e-01,3.447551168345781014e-01,3.505942586150677109e-01,3.559958149249120574e-01,3.610003435888296530e-01,3.656452394355035884e-01,3.699641253964220944e-01,3.739861504840607531e-01,3.777353082328400724e-01,3.812299727019048956e-01,3.844828963680175793e-01,3.875018739915174204e-01,3.902911204441259496e-01,3.928531730888373263e-01,3.951909150807842996e-01,3.973092449535563508e-01,3.992160392150997383e-01,4.009223046061125006e-01,4.024416646352896865e-01,4.037894652095169734e-01,4.049817916492248204e-01,4.060346076852512365e-01,4.069631198010664197e-01,4.077813827382681944e-01,4.085021104870967257e-01,4.091366377175811864e-01,4.096949777314797259e-01,4.101859336081492557e-01,4.106172319675145399e-01,4.109956600031361429e-01,4.113271949233326397e-01,4.116171207399645926e-01,4.118701310388194203e-01,4.120904186330854868e-01,4.122817544939301193e-01,4.124475597388799764e-01,4.125909767072230006e-01,4.127149504406603664e-01,4.128223469780646915e-01,4.129161870329848827e-01,4.130003165558284173e-01,4.130829366947619818e-01,4.131886288988669276e-01,4.132295315494145527e-01,4.132608619434600117e-01,4.132855042814174151e-01,4.133048003329327091e-01,4.133197369141310973e-01,4.133311311220969619e-01,4.133396845164425404e-01,4.133460048047437607e-01,4.133506166591983666e-01,4.133539680890535584e-01,4.133564346686336988e-01,4.133583225597836086e-01,4.133598707511742520e-01,4.133612527204125753e-01,4.133625776248788242e-01,4.133638910777019393e-01,4.133651755370125747e-01,4.133663503184525911e-01,4.133672712243850467e-01,4.133677297633632231e-01,4.133674519023765037e-01,4.133660962373923997e-01,4.133632513538417208e-01,4.133584319001001317e-01,4.133510723099871886e-01,4.133405155680644483e-01,4.133259897718689069e-01,4.133065482560668857e-01,4.132808636755484488e-01,4.132459157114201642e-01,4.131383899962102202e-01,4.130588585302690796e-01,4.129803160141857776e-01,4.128936399322825079e-01,4.127947741851380470e-01,4.126806660021457573e-01,4.125484965376292612e-01,4.123954164819769175e-01,4.122184160476184411e-01,4.120142386586208572e-01,4.117793078297707354e-01,4.115096540857891005e-01,4.112008347593368307e-01,4.108478418931040821e-01,4.104449947329993353e-01,4.099858145093691619e-01,4.094628810859972656e-01,4.088676743340983188e-01,4.081904085761258738e-01,4.074198769617142224e-01,4.065433346555754057e-01,4.055464645873458340e-01,4.044134842080747694e-01,4.031274592965897186e-01,4.016708798163114436e-01,4.000265091804814932e-01,3.981784334561014882e-01,3.961131213114216787e-01,3.938202001270489361e-01,3.912926257008050301e-01,3.885260298158157433e-01,3.855172661676908863e-01,3.822624472270487184e-01,3.787549352770313016e-01,3.749837324280607120e-01,3.709325309615058019e-01,3.665794470846422404e-01,3.618972809566458060e-01,3.568540749469082396e-01,3.514137655031019380e-01,3.455367955036371397e-01,3.391806314335193973e-01,3.323001905882679297e-01,3.248482230565288842e-01,3.167757164986048646e-01,3.080324065515216425e-01,2.985674889959499811e-01
6.848484848484848175e-01,3.639361149633498771e-01,3.722203434776336084e-01,3.797972725542362316e-01,3.867237542279685081e-01,3.930538568985905701e-01,3.988388663975411252e-01,4.041273917849687036e-01,4.089655239687655652e-01,4.133969951845953839e-01,4.174632809717627180e-01,4.212035758961198972e-01,4.246545655498072391e-01,4.278499213596513306e-01,4.308194787388432978e-01,4.335881424411301421e-01,4.361747030990123508e-01,4.385909176455323188e-01,4.408413204647235184e-01,4.429241719276016953e-01,4.448336418041064499e-01,4.465628445437237470e-01,4.481069384840016268e-01,4.494654342656919654e-01,4.506431877616010606e-01,4.516500740515361212e-01,4.524997538210448478e-01,4.532080853698683409e-01,4.537916358804561234e-01,4.542665415314607880e-01,4.546477792944541574e-01,4.549487980947264365e-01,4.551814119558977856e-01,4.553558578809738244e-01,4.554809416035750513e-01,4.555642187643152430e-01,4.556121798904187448e-01,4.556304226401241553e-01,4.556238046316360979e-01,4.555965762372546912e-01,4.555524965528426895e-01,4.554949389762798506e-01,4.554269977634022859e-01,4.553516190332703717e-01,4.552718179958361588e-01,4.551912009704551232e-01,4.551160163761654998e-01,4.550935331301858566e-01,4.550002777765811413e-01,4.549025093901362671e-01,4.548067560742937721e-01,4.547145846294158855e-01,4.546270002971580237e-01,4.545447997382300320e-01,4.544686576562252389e-01,4.543991578121703845e-01,4.543368072050832929e-01,4.542820438752758205e-01,4.542352418416272797e-01,4.541967145408254414e-01,4.541667173633177623e-01,4.541454495681497283e-01,4.541330557203613894e-01,4.541296267279382182e-01,4.541352005207739406e-01,4.541497623938431372e-01,4.541732450230526741e-01,4.542055281501959363e-01,4.542464379185715551e-01,4.542957458190959863e-01,4.543531671678149308e-01,4.544183589608878360e-01,4.544909167966398877e-01,4.545703702024538329e-01,4.546561748376031775e-01,4.547476976533592619e-01,4.548441833972269865e-01,4.549446596753355943e-01,4.550475497495808375e-01,4.551458938162537549e-01,4.551631060601308842e-01,4.552411928380044603e-01,4.553268247996458129e-01,4.554131556448665630e-01,4.554964227154773559e-01,4.555735992495039688e-01,4.556418012256890915e-01,4.556980458256233435e-01,4.557391107362354088e-01,4.557614233715565621e-01,4.557609529870748077e-01,4.557330923688787117e-01,4.556725210780021018e-01,4.555730453020910842e-01,4.554274127661919747e-01,4.552271066407397315e-01,4.549621316989271858e-01,4.546208208776106319e-01,4.541897119880394795e-01,4.536535713701345673e-01,4.529956672440991206e-01,4.521984049143873974e-01,4.512444030440334597e-01,4.501179859469344735e-01,4.488068814830197262e-01,4.473036919786804733e-01,4.456065645446748991e-01,4.437185759695990162e-01,4.416457266521498504e-01,4.393939701748199589e-01,4.369660956353118575e-01,4.343592913787305276e-01,4.315638661182208402e-01,4.285631268100473235e-01,4.253340696230240581e-01,4.218484359927465177e-01,4.180737672670267191e-01,4.139742459440396427e-01,4.095112516865406782e-01,4.046436505930922634e-01,3.993278784058553188e-01,3.935178889347641928e-01,3.871650345623887657e-01,3.802179376608799122e-01,3.726224063720496305e-01,3.643214484003120535e-01
6.886363636363636020e-01,4.274821975431642440e-01,4.346090807312657511e-01,4.410766253267117687e-01,4.469400462212103631e-01,4.522509295928423545e-01,4.570575273063407495e-01,4.614050961836484444e-01,4.653362667354875026e-01,4.688914257409294017e-01,4.721090912237563275e-01,4.750262453617856151e-01,4.776785691743614670e-01,4.801004926795987005e-01,4.823249410215608157e-01,4.843826370683273486e-01,4.863008468031633780e-01,4.881015724061100736e-01,4.897994460796412097e-01,4.913999244740897554e-01,4.928986643061982753e-01,4.942828923187192469e-01,4.955349651072132322e-01,4.966373212656899905e-01,4.975772588829733278e-01,4.983500068704627695e-01,4.989593982147951245e-01,4.994164968274354965e-01,4.997371447381045995e-01,4.999394038512687821e-01,5.000415046035940891e-01,5.000605068077585980e-01,5.000116073448326315e-01,4.999079180078105367e-01,4.997605312836981284e-01,4.995787326133204753e-01,4.993702664857583851e-01,4.991416038386409793e-01,4.988981859231733651e-01,4.986446370661502536e-01,4.983849493330487213e-01,4.981226501335814238e-01,4.978609752029352631e-01,4.976030987641200110e-01,4.973525790423323212e-01,4.971147313613736296e-01,4.969063330165426340e-01,4.967246954058467945e-01,4.964894395995436138e-01,4.962640174115564018e-01,4.960505101558036478e-01,4.958499764905681673e-01,4.956631963914977512e-01,4.954908142786572656e-01,4.953333839836319696e-01,4.951913874114646230e-01,4.950652440447758096e-01,4.949553166174136543e-01,4.948619149207851842e-01,4.947852985615603383e-01,4.947256790469827803e-01,4.946832213846245607e-01,4.946580452958457275e-01,4.946502260983102195e-01,4.946597952890668393e-01,4.946867408456763759e-01,4.947310072526127089e-01,4.947924952516702390e-01,4.948710613044192685e-01,4.949665167397313548e-01,4.950786265333123048e-01,4.952071076175350584e-01,4.953516265220120340e-01,4.955117959340390454e-01,4.956871692745509761e-01,4.958772311147729983e-01,4.960813775453920549e-01,4.962988676451698944e-01,4.965286675824471807e-01,4.967686426719544746e-01,4.969470494181477682e-01,4.971539933022469104e-01,4.973944386371141890e-01,4.976494921184028697e-01,4.979134087511279949e-01,4.981825160860138269e-01,4.984536514422882592e-01,4.987236624955186381e-01,4.989891572520662733e-01,4.992463225701613272e-01,4.994907519311954092e-01,4.997172564265956463e-01,4.999196452291895798e-01,5.000904696852793707e-01,5.002207350667811081e-01,5.002996004664356233e-01,5.003141145038723092e-01,5.002490753355649522e-01,5.000871556738024637e-01,4.998094822526639724e-01,4.993968675768885590e-01,4.988317986768956436e-01,4.981010316237803326e-01,4.971982291289748779e-01,4.961256773977112400e-01,4.948940532948771787e-01,4.935197567150348963e-01,4.920203514371551123e-01,4.904095655760354333e-01,4.886934533416345539e-01,4.868686375846950076e-01,4.849225715694473471e-01,4.828350910410160179e-01,4.805803952205478513e-01,4.781288318078937283e-01,4.754481927177689471e-01,4.725044800231368303e-01,4.692622320973396377e-01,4.656845371429061409e-01,4.617328491862197626e-01,4.573666928330845649e-01,4.525433148681383133e-01,4.472173196081328239e-01,4.413403117399412046e-01,4.348605641186373272e-01,4.277227273471152502e-01
6.924242424242423866e-01,4.859537556873259612e-01,4.921194270768571299e-01,4.976804264811954259e-01,5.026867102937735421e-01,5.071846800865250637e-01,5.112175149275750563e-01,5.148255177395240079e-01,5.180464775860857962e-01,5.209160515478677977e-01,5.234681696375159676e-01,5.257354627038274275e-01,5.277497040806122808e-01,5.295422370338473961e-01,5.311443267757545161e-01,5.325873232836012550e-01,5.339024503748114325e-01,5.351199655613787520e-01,5.362674170601384738e-01,5.373668589222377889e-01,5.384312902554354574e-01,5.394612731625382240e-01,5.404433651989219989e-01,5.413520251577887965e-01,5.421554504493416582e-01,5.428237327754974473e-01,5.433362302056659043e-01,5.436854523985984455e-01,5.438767385399951859e-01,5.439249732764386280e-01,5.438503158761618383e-01,5.436744676349130057e-01,5.434181381825287094e-01,5.430997027062226534e-01,5.427347381847094088e-01,5.423360881895014085e-01,5.419141851745948868e-01,5.414774593181514994e-01,5.410327432411125015e-01,5.405856350705146030e-01,5.401408147600289533e-01,5.397023310757607106e-01,5.392739052044069892e-01,5.388593742220795235e-01,5.384637330603154748e-01,5.380978170973599317e-01,5.378078151529644968e-01,5.374353236169712167e-01,5.370785223467026137e-01,5.367409132715833531e-01,5.364236823990983227e-01,5.361276106547160358e-01,5.358533199266241054e-01,5.356013387650326862e-01,5.353721268185810400e-01,5.351660862604831204e-01,5.349835681716939018e-01,5.348248766266801013e-01,5.346902715719699106e-01,5.345799709802924182e-01,5.344941525136421845e-01,5.344329548169627353e-01,5.343964785096835257e-01,5.343847869139765061e-01,5.343979065430819464e-01,5.344358273629961076e-01,5.344985028340641930e-01,5.345858497329792902e-01,5.346977477484893271e-01,5.348340388341531471e-01,5.349945262845505756e-01,5.351789734706529078e-01,5.353871021103357997e-01,5.356185898257167510e-01,5.358730664617196160e-01,5.361501079654020785e-01,5.364492247949390613e-01,5.367698360895525322e-01,5.371111986973632346e-01,5.374721401079645133e-01,5.378489989545478522e-01,5.381299876510996505e-01,5.384950185058031691e-01,5.388928635331937667e-01,5.393114653300843386e-01,5.397455040272923776e-01,5.401910661621318610e-01,5.406444699745179827e-01,5.411017791331544924e-01,5.415584817734178102e-01,5.420091942388898243e-01,5.424473363847504004e-01,5.428647561680538525e-01,5.432513036458829214e-01,5.435943859706384718e-01,5.438785872407357891e-01,5.440855180163639560e-01,5.441941641874634694e-01,5.441820963753251084e-01,5.440278842879504584e-01,5.437147840411507005e-01,5.432351142859825899e-01,5.425938489115023078e-01,5.418094200694268947e-01,5.409103395119078117e-01,5.399281498334334017e-01,5.388892658620043630e-01,5.378088289954446877e-01,5.366883482201615374e-01,5.355168530531316806e-01,5.342740073455238825e-01,5.329335612218961682e-01,5.314661429794125258e-01,5.298410695284376803e-01,5.280272719804214310e-01,5.259935860396788287e-01,5.237086530285648411e-01,5.211406147513326648e-01,5.182567183233385277e-01,5.150228955987526946e-01,5.114033483364071042e-01,5.073601509040733815e-01,5.028528724503683600e-01,4.978382164034688140e-01,4.922696745136430074e-01,4.860971941237512417e-01
6.962121212121211711e-01,5.373155073697545303e-01,5.428446821735636307e-01,5.478143594685772610e-01,5.522684796773156268e-01,5.562479506137191221e-01,5.597908996672794624e-01,5.629329278813992588e-01,5.657073713017940486e-01,5.681455769331205108e-01,5.702772027014658685e-01,5.721305527651500134e-01,5.737329606715985131e-01,5.751112316532147606e-01,5.762921485979091152e-01,5.773030280405997416e-01,5.781722732037036794e-01,5.789297972670980341e-01,5.796070695458729327e-01,5.802363765419147335e-01,5.808487525796373063e-01,5.814700959752769904e-01,5.821155386247828245e-01,5.827833893487623929e-01,5.834515380904962134e-01,5.840796986636556110e-01,5.846187161320776093e-01,5.850238920293282519e-01,5.852663117637342260e-01,5.853374761293770323e-01,5.852468925797269517e-01,5.850157361670710321e-01,5.846701672018486118e-01,5.842363883259864554e-01,5.837378752351370936e-01,5.831943155170109527e-01,5.826215836718708907e-01,5.820322126651444883e-01,5.814360283394522932e-01,5.808407801086916677e-01,5.802527108304824655e-01,5.796770812210302326e-01,5.791187446347126899e-01,5.785830951427979318e-01,5.780789954221826621e-01,5.776538557211434721e-01,5.771966867656630473e-01,5.767160520589265094e-01,5.762603181607092173e-01,5.758309340136226195e-01,5.754287112196321274e-01,5.750542677615722020e-01,5.747081229695185645e-01,5.743907285924000350e-01,5.741024820706733811e-01,5.738437334660289046e-01,5.736147896800691814e-01,5.734159173250326091e-01,5.732473448286473650e-01,5.731092640488330003e-01,5.730018315401851359e-01,5.729251695504246067e-01,5.728793667920215604e-01,5.728644790165760003e-01,5.728805294086646294e-01,5.729275088098318980e-01,5.730053757785086299e-01,5.731140564879132482e-01,5.732534444593481160e-01,5.734234001220703814e-01,5.736237501802512462e-01,5.738542867488439780e-01,5.741147661849969053e-01,5.744049074716289782e-01,5.747243898610389090e-01,5.750728491436701839e-01,5.754498710347947243e-01,5.758549776511142637e-01,5.762875944270932083e-01,5.767469469942274607e-01,5.772315792524170819e-01,5.776873899327239492e-01,5.781024635611994311e-01,5.786054998584472253e-01,5.791427993971334232e-01,5.797046496554240091e-01,5.802854056983398623e-01,5.808801749560703609e-01,5.814837691443994760e-01,5.820900926810936848e-01,5.826915993507836289e-01,5.832787057943904507e-01,5.838391371066985469e-01,5.843572527532974181e-01,5.848135096806306166e-01,5.851843876114773968e-01,5.854433148152339283e-01,5.855632844160346684e-01,5.855216795083563186e-01,5.853069642444733711e-01,5.849252555309576440e-01,5.844032096583403613e-01,5.837839777071927028e-01,5.831163072551222015e-01,5.824412657533709625e-01,5.817825983958933023e-01,5.811439734450739580e-01,5.805121292001147459e-01,5.798626708863049428e-01,5.791656263593297771e-01,5.783893724783445434e-01,5.775027951149130923e-01,5.764761224204142387e-01,5.752809566385493900e-01,5.738899078142977173e-01,5.722760791009792181e-01,5.704125349707779291e-01,5.682718096127356011e-01,5.658254725613562908e-01,5.630437494292325207e-01,5.598951880630390621e-01,5.563463586594438182e-01,5.523615771402670127e-01,5.479026427759282614e-01,5.429285829429116861e-01,5.373953997635151358e-01
6.999999999999999556e-01,5.802848718807919193e-01,5.855532410416794953e-01,5.902908843203646949e-01,5.945363682928712645e-01,5.983258937885390649e-01,6.016934390084994755e-01,6.046709033636640251e-01,6.072882556921369579e-01,6.095736916548285533e-01,6.115538067340520190e-01,6.132537935392311512e-01,6.146976751994583932e-01,6.159085905321803889e-01,6.169091511189624955e-01,6.177218942604213447e-01,6.183698560336976513e-01,6.188772785999785420e-01,6.192704319489138465e-01,6.195784484147071058e-01,6.198339038378924970e-01,6.200726025039188238e-01,6.203316680192575427e-01,6.206448363089386300e-01,6.210343529451862743e-01,6.215008222075660838e-01,6.220155938967233400e-01,6.225222662078768732e-01,6.229506178595914934e-01,6.232378358555580311e-01,6.233458041451909182e-01,6.232663735347715450e-01,6.230154188696089834e-01,6.226221631559845093e-01,6.221196385035322463e-01,6.215387101757595678e-01,6.209054375522776725e-01,6.202405918135082130e-01,6.195602404008623276e-01,6.188767096533395184e-01,6.181995983051971066e-01,6.175367730468044325e-01,6.168955383124944403e-01,6.162849504549096080e-01,6.157272938488863590e-01,6.152412476726539792e-01,6.146546196588271727e-01,6.140964868291468592e-01,6.135688073963133649e-01,6.130724565052562136e-01,6.126080773617620379e-01,6.121762095237698320e-01,6.117773248430061761e-01,6.114118417145755213e-01,6.110801322627669174e-01,6.107825266139551568e-01,6.105193157303587803e-01,6.102907534299063519e-01,6.100970578968786251e-01,6.099384128474570899e-01,6.098149684446616536e-01,6.097268420193229232e-01,6.096741186321347206e-01,6.096568514986150378e-01,6.096750622910430684e-01,6.097287413265564116e-01,6.098178476470135223e-01,6.099423089938132980e-01,6.101020216775144833e-01,6.102968503377779186e-01,6.105266275819288824e-01,6.107911534777998863e-01,6.110901948546901830e-01,6.114234843265288211e-01,6.117907188748605840e-01,6.121915576706024043e-01,6.126256184453381382e-01,6.130924707464054935e-01,6.135916213568153310e-01,6.141224753820171411e-01,6.146841945133925122e-01,6.152747643538128974e-01,6.157475952263646857e-01,6.162982450864882278e-01,6.169070442666209075e-01,6.175490348206061908e-01,6.182145094442190736e-01,6.188959684866708333e-01,6.195855411052759720e-01,6.202737326924162575e-01,6.209483899932467521e-01,6.215936544299246469e-01,6.221889536665381470e-01,6.227083434458405842e-01,6.231208760682911407e-01,6.233930855616400812e-01,6.234948015683307032e-01,6.234086023281287803e-01,6.231406069466320918e-01,6.227268230015474693e-01,6.222284816264515017e-01,6.217152586515212187e-01,6.212441579019533089e-01,6.208452501244721145e-01,6.205196426694505885e-01,6.202466523326759518e-01,6.199937329885203408e-01,6.197245441432664981e-01,6.194037257856581657e-01,6.189989043941106495e-01,6.184809953249154058e-01,6.178236868544081384e-01,6.170026492771966131e-01,6.159947401310933435e-01,6.147773124486787255e-01,6.133276499865871756e-01,6.116225181646531839e-01,6.096378083549623961e-01,6.073482526991212938e-01,6.047271900064420391e-01,6.017463674372348637e-01,5.983757664079152327e-01,5.945834441270415605e-01,5.903353843901451015e-01,5.855953528541795183e-01,5.803247531323583175e-01
7.037878787878788511e-01,6.134175580012823925e-01,6.187759684943563432e-01,6.236174965318873609e-01,6.279761911346284364e-01,6.318844044167791774e-01,6.353728362501016580e-01,6.384705831180996771e-01,6.412051927036868104e-01,6.436027261501203744e-01,6.456878306619380226e-01,6.474838263030103791e-01,6.490128126934804342e-01,6.502958040758770597e-01,6.513529052668129982e-01,6.522035467511858586e-01,6.528668049519953387e-01,6.533618433929864189e-01,6.537085204487645962e-01,6.539282142328353142e-01,6.540449009234392541e-01,6.540864584788631531e-01,6.540859943945089849e-01,6.540826265729827727e-01,6.541205188033669682e-01,6.542442536071915171e-01,6.544886176773088149e-01,6.548632128548014242e-01,6.553379989829677399e-01,6.558414014397514480e-01,6.562791165277956917e-01,6.565664047541385218e-01,6.566541358271255069e-01,6.565348341685885991e-01,6.562317259666807789e-01,6.557825968636245006e-01,6.552272209130196590e-01,6.546006922496643288e-01,6.539312925727170933e-01,6.532408370156844724e-01,6.525460575180421774e-01,6.518604022615921423e-01,6.511965624912792183e-01,6.505733708231041801e-01,6.500934882091374822e-01,6.494311765895558475e-01,6.487979948990411083e-01,6.481969987673520395e-01,6.476291330269966506e-01,6.470951187118356707e-01,6.465955755973380459e-01,6.461310509855824336e-01,6.457020326512803443e-01,6.453089567123216908e-01,6.449522129093492318e-01,6.446321482514693058e-01,6.443490695639240151e-01,6.441032452881414461e-01,6.438949067719141883e-01,6.437242492105459402e-01,6.435914323461617847e-01,6.434965809955051075e-01,6.434397854515661042e-01,6.434211017879744032e-01,6.434405520845274395e-01,6.434981245853683696e-01,6.435937737964252392e-01,6.437274205253158410e-01,6.438989518622352248e-01,6.441082210946408315e-01,6.443550475391506271e-01,6.446392162592299302e-01,6.449604776141354412e-01,6.453185465487999428e-01,6.457131014800097102e-01,6.461437825506129995e-01,6.466101888890098959e-01,6.471118742620284303e-01,6.476483399030037447e-01,6.482190211784540912e-01,6.488232542071210585e-01,6.494601289090157215e-01,6.501263497492693055e-01,6.505809433661392527e-01,6.511966247165823507e-01,6.518571726626770646e-01,6.525419771183524897e-01,6.532378106963901976e-01,6.539310695109008531e-01,6.546050435031002257e-01,6.552380348006232591e-01,6.558019119213125414e-01,6.562616826137750436e-01,6.565775043602480876e-01,6.567111898185901131e-01,6.566386219233422139e-01,6.563658637614110392e-01,6.559403413544225847e-01,6.554452996584155811e-01,6.549742876740527464e-01,6.545990756236603758e-01,6.543506256554150191e-01,6.542205400541626359e-01,6.541751416957518606e-01,6.541706808856276867e-01,6.541635293241425675e-01,6.541148653610202590e-01,6.539917134495423223e-01,6.537662265822579144e-01,6.534144033255941952e-01,6.529148126876057612e-01,6.522475327315379046e-01,6.513933350732638017e-01,6.503330819198593904e-01,6.490472870303707342e-01,6.475157960931099410e-01,6.457175515056523540e-01,6.436304159273372738e-01,6.412310365708326909e-01,6.384947378348593272e-01,6.353954338671080615e-01,6.319055553811859793e-01,6.279959868784374954e-01,6.236360116062107384e-01,6.187932623067035065e-01,6.134336762051255665e-01
7.075757575757575246e-01,6.376724283597253740e-01,6.434100941717602051e-01,6.486342479556254093e-01,6.533750330065065670e-01,6.576615139119309505e-01,6.615216445859236627e-01,6.649822443945614392e-01,6.680689827470165376e-01,6.708063725127224597e-01,6.732177727820400914e-01,6.753254018694482275e-01,6.771503621559354924e-01,6.787126795238929144e-01,6.800313619797067055e-01,6.811244849351421049e-01,6.820093150544269678e-01,6.827024913273532780e-01,6.832202921042709320e-01,6.835790313222347425e-01,6.837956465790560046e-01,6.838885639764198388e-01,6.838789398160267652e-01,6.837923576596375286e-01,6.836609290654429572e-01,6.835253638413562038e-01,6.834357336064534882e-01,6.834482851966816597e-01,6.836145401140935052e-01,6.839606933742994332e-01,6.844635189696435251e-01,6.850407421021363907e-01,6.855730440420285676e-01,6.859501779387215947e-01,6.861092603606472329e-01,6.860423611931242283e-01,6.857795131730582971e-01,6.853664035314894765e-01,6.848488788106900094e-01,6.842660181922299856e-01,6.836490079380629359e-01,6.830232457893987696e-01,6.824139842388665667e-01,6.818782659025309778e-01,6.813346818596226484e-01,6.806645648270196469e-01,6.800254178252442827e-01,6.794180945741260524e-01,6.788435628264851696e-01,6.783027089523794295e-01,6.777963104998260269e-01,6.773250459874111673e-01,6.768895102632747074e-01,6.764902277347715209e-01,6.761276622062704078e-01,6.758022237557239631e-01,6.755142733909927921e-01,6.752641261487302149e-01,6.750520531395275414e-01,6.748782828962108793e-01,6.747430022681855100e-01,6.746463570225157413e-01,6.745884522560626761e-01,6.745693526846820998e-01,6.745890828503540160e-01,6.746476272696786403e-01,6.747449305346289172e-01,6.748808973656926780e-01,6.750553926052669240e-01,6.752682411236387017e-01,6.755192275860991691e-01,6.758080959947381228e-01,6.761345488652725777e-01,6.764982458214829908e-01,6.768988012798189402e-01,6.773357807520210550e-01,6.778086951299924223e-01,6.783169922126007778e-01,6.788600449565275197e-01,6.794371373437189110e-01,6.800474541980872090e-01,6.806901009078113463e-01,6.813642471199569117e-01,6.818893971058349601e-01,6.824047629345909582e-01,6.830040908864130067e-01,6.836236066961169922e-01,6.842366703016906637e-01,6.848174299242181240e-01,6.853346070719686933e-01,6.857492208450269855e-01,6.860156111395369072e-01,6.860882395347529528e-01,6.859370022864095251e-01,6.855693379357202799e-01,6.850471358006507971e-01,6.844793427221022020e-01,6.839841189992430515e-01,6.836431281950895444e-01,6.834796182267465214e-01,6.834678388791203263e-01,6.835568531259763603e-01,6.836909459257860533e-01,6.838204489881413162e-01,6.839049251977536992e-01,6.839124320283284097e-01,6.838174822550946441e-01,6.835989686050835124e-01,6.832384848137273980e-01,6.827190959358662159e-01,6.820244811086993986e-01,6.811383501440825272e-01,6.800440500862396931e-01,6.787242997863128791e-01,6.771610097190629007e-01,6.753351585914099120e-01,6.732267082586980145e-01,6.708145451499225587e-01,6.680764407962553886e-01,6.649890269070427573e-01,6.615277822632771310e-01,6.576670298453034524e-01,6.533799433031040049e-01,6.486385622556802844e-01,6.434138160602408396e-01,6.376755556771885880e-01
7.113636363636364202e-01,6.537050640710809768e-01,6.600210655433720319e-01,6.658228406585795511e-01,6.711368291379472550e-01,6.759889497609813391e-01,6.804045135320418991e-01,6.844081472568724900e-01,6.880237275958153154e-01,6.912743254564275297e-01,6.941821604732881790e-01,6.967685653122395184e-01,6.990539596586066162e-01,7.010578340539769249e-01,7.027987443161655134e-01,7.042943182530747581e-01,7.055612779932234346e-01,7.066154838839618924e-01,7.074720101663866112e-01,7.081452695025493016e-01,7.086492144114923120e-01,7.089976609363631832e-01,7.092048061199432984e-01,7.092860481786217308e-01,7.092592638280221795e-01,7.091467310718955197e-01,7.089778408282517708e-01,7.087924437401122990e-01,7.086437814558134152e-01,7.085980295423781605e-01,7.087248530361233145e-01,7.090732582866750011e-01,7.096364572397237946e-01,7.103295076369495753e-01,7.110104848758396212e-01,7.115415592908563847e-01,7.118430902632759683e-01,7.119044084902461655e-01,7.117607682235858046e-01,7.114650254129227802e-01,7.110701579688092355e-01,7.106247412561589316e-01,7.101862987025843177e-01,7.098545043481563344e-01,7.092029842015542540e-01,7.085771973872850849e-01,7.079762554523696405e-01,7.074021044593101770e-01,7.068566447486775983e-01,7.063414517347933463e-01,7.058578016589465154e-01,7.054067374442396510e-01,7.049891260092895351e-01,7.046057002729423369e-01,7.042570880668218569e-01,7.039438314520291007e-01,7.036663994136947986e-01,7.034251961194821767e-01,7.032205662569294136e-01,7.030527984683291320e-01,7.029221275561070570e-01,7.028287358977085564e-01,7.027727543523039078e-01,7.027542628380992751e-01,7.027732906888310982e-01,7.028298168496551757e-01,7.029237699352098856e-01,7.030550281397930368e-01,7.032234189530470747e-01,7.034287185878682624e-01,7.036706509603616322e-01,7.039488859617668570e-01,7.042630366117734741e-01,7.046126544559597749e-01,7.049972222335356697e-01,7.054161423559069943e-01,7.058687190740927653e-01,7.063541314255782355e-01,7.068713934960029199e-01,7.074192996767630914e-01,7.079963611070170248e-01,7.086007795182949209e-01,7.092307114615317154e-01,7.098870029465816911e-01,7.101739160126606665e-01,7.105897773589532340e-01,7.110200364846839260e-01,7.114030848149878183e-01,7.116893384300061465e-01,7.118257711774239604e-01,7.117600250357216662e-01,7.114576462128285872e-01,7.109300160863470941e-01,7.102568408959536450e-01,7.095749682683281101e-01,7.090244893721432407e-01,7.086884147621635988e-01,7.085722067460612505e-01,7.086263376981519757e-01,7.087812131256435721e-01,7.089710114829870236e-01,7.091429088592761110e-01,7.092574287235703379e-01,7.092854770154723987e-01,7.092049967895183160e-01,7.089982701513941610e-01,7.086500105961605067e-01,7.081460985975260858e-01,7.074727713578961019e-01,7.066161125796062148e-01,7.055617339525341869e-01,7.042945773366466877e-01,7.027987927594723239e-01,7.010576644989969797e-01,6.990535684092470392e-01,6.967679504421749881e-01,6.941813205277638232e-01,6.912732585674006280e-01,6.880224308837615821e-01,6.844066164299225097e-01,6.804027426191304739e-01,6.759869309337271925e-01,6.711345525886789343e-01,6.658202945108326887e-01,6.600182357772138575e-01,6.537019344497958517e-01
7.151515151515150936e-01,6.625988104631345132e-01,6.696017598033460194e-01,6.760909634882693586e-01,6.820891085087121830e-01,6.876188523597196456e-01,6.927027008256841922e-01,6.973628964140936581e-01,7.016213176954775310e-01,7.054993895205037280e-01,7.090180038523000716e-01,7.121974507753626726e-01,7.150573591280225960e-01,7.176166461641644290e-01,7.198934757042870780e-01,7.219052244250241390e-01,7.236684563311690521e-01,7.251989061785507618e-01,7.265114738830108498e-01,7.276202341293882547e-01,7.285384691134770829e-01,7.292787386829217011e-01,7.298530128834026520e-01,7.302729099847807825e-01,7.305501129260500992e-01,7.306970847357148191e-01,7.307282739620488687e-01,7.306620887830885813e-01,7.305239756307958521e-01,7.303507963697170036e-01,7.301959198757032032e-01,7.301322305389248424e-01,7.302461350093667480e-01,7.306125525875203364e-01,7.312493617880787555e-01,7.320784081192951431e-01,7.329405800883243005e-01,7.336709995979722176e-01,7.341718331402853348e-01,7.344289824019650803e-01,7.344857155378673452e-01,7.344170187309673192e-01,7.344110021857372939e-01,7.340309373292795980e-01,7.335093897758315773e-01,7.329900974731631269e-01,7.324790842154955683e-01,7.319824222952852066e-01,7.315047636652431962e-01,7.310495330663530078e-01,7.306192643992035496e-01,7.302158713672940449e-01,7.298408375015735805e-01,7.294953434577912121e-01,7.291803506408663926e-01,7.288966556750499093e-01,7.286449257640547073e-01,7.284257216256735390e-01,7.282395123716185470e-01,7.280866851674036022e-01,7.279675515023895649e-01,7.278823512479919433e-01,7.278312552570334049e-01,7.278143669788150749e-01,7.278317233774818096e-01,7.278832953095965008e-01,7.279689874146966222e-01,7.280886374803466898e-01,7.282420151420577747e-01,7.284288196496908618e-01,7.286486762488144642e-01,7.289011304532118096e-01,7.291856390684402500e-01,7.295015561855198172e-01,7.298481113746961846e-01,7.302243757921774714e-01,7.306292096210189602e-01,7.310611809265104011e-01,7.315184415320558076e-01,7.319985409192709680e-01,7.324981600426538897e-01,7.330127787589234556e-01,7.335364807974279477e-01,7.340633867534974710e-01,7.344213816015325857e-01,7.343677335905645087e-01,7.344052214277585477e-01,7.343242441585090541e-01,7.340477436206808148e-01,7.335332741261295642e-01,7.327968213051526680e-01,7.319377072062165368e-01,7.311204139383636891e-01,7.305013533973245821e-01,7.301548796496064586e-01,7.300599187680528734e-01,7.301397948318261166e-01,7.303076146786140477e-01,7.304907364854898999e-01,7.306363124923986874e-01,7.307080301953077228e-01,7.306809183714365608e-01,7.305369452824772569e-01,7.302619476804568244e-01,7.298436739142059038e-01,7.292705959256940984e-01,7.285312084032210533e-01,7.276136235911233596e-01,7.265053416282923893e-01,7.251931241033499065e-01,7.236629283273535718e-01,7.218998777769463082e-01,7.198882547865570469e-01,7.176115078067673014e-01,7.150522691945724318e-01,7.121923816277250241e-01,7.090129324657559184e-01,7.054942960781109829e-01,7.016161845364607963e-01,6.973577072443495339e-01,6.926974401221948074e-01,6.876135049181903991e-01,6.820836590962358059e-01,6.760853965720458048e-01,6.695960593331481414e-01,6.625929596901664054e-01
7.189393939393939892e-01,6.655762046499155149e-01,6.732993866092236157e-01,6.805138115698960988e-01,6.872383107923184520e-01,6.934921015935791022e-01,6.992946467700205115e-01,7.046655231446541379e-01,7.096242998817920977e-01,7.141904268995357130e-01,7.183831334332793084e-01,7.222213365617466962e-01,7.257235593015636255e-01,7.289078577078114130e-01,7.317917562896965045e-01,7.343921909684094640e-01,7.367254587841571833e-01,7.388071736298489345e-01,7.406522275061869776e-01,7.422747572587218290e-01,7.436881176572711638e-01,7.449048633468363656e-01,7.459367452371837848e-01,7.467947323826110706e-01,7.474890802489189134e-01,7.480294838263047419e-01,7.484253850220144999e-01,7.486865571945036102e-01,7.488241777938015042e-01,7.488527320668234566e-01,7.487932455946918475e-01,7.486783830932934869e-01,7.485594100689103580e-01,7.485127942971018244e-01,7.486389286690593448e-01,7.490389445885403674e-01,7.497609999627885546e-01,7.507431632353234185e-01,7.518180050406467752e-01,7.528007381823962341e-01,7.535876090793525162e-01,7.542158990363712068e-01,7.546480148259457899e-01,7.544483458733002301e-01,7.541788077298167137e-01,7.538579699998281258e-01,7.535081315318169493e-01,7.531459212887368082e-01,7.527829373252949985e-01,7.524271783499152377e-01,7.520842115890440382e-01,7.517579888479348771e-01,7.514513872493308044e-01,7.511665600331240977e-01,7.509051624192236707e-01,7.506684968961399029e-01,7.504576069131292382e-01,7.502733375527316229e-01,7.501163750081043524e-01,7.499872723807662345e-01,7.498864665806775909e-01,7.498142893738806158e-01,7.497709745119360836e-01,7.497566621567302025e-01,7.497714013331571170e-01,7.498151508031635215e-01,7.498877784909043775e-01,7.499890593484194179e-01,7.501186712892543573e-01,7.502761884819790783e-01,7.504610708206053138e-01,7.506726476768131873e-01,7.509100929405831959e-01,7.511723866360748847e-01,7.514582556884465969e-01,7.517660821363050250e-01,7.520937603623452095e-01,7.524384745356335058e-01,7.527963520584446400e-01,7.531619280414117990e-01,7.535273350247010393e-01,7.538811398955791443e-01,7.542069114497097493e-01,7.544825609114634846e-01,7.546896285261267545e-01,7.541656676115077174e-01,7.534746704656555272e-01,7.526475007691244556e-01,7.516396009755060836e-01,7.505557218188682045e-01,7.495805740893489721e-01,7.488778403362438274e-01,7.485032920545231505e-01,7.484031363563822259e-01,7.484728479487950947e-01,7.486107849340559728e-01,7.487405259197691398e-01,7.488113985656299487e-01,7.487914501054818706e-01,7.486603010768548838e-01,7.484039917666779340e-01,7.480117505633496755e-01,7.474741096072464730e-01,7.467818542398548809e-01,7.459254577700309419e-01,7.448947893437168899e-01,7.436789723573007382e-01,7.422663247047525115e-01,7.406443431249923881e-01,7.387997113531025173e-01,7.367183214835736349e-01,7.343853033175824496e-01,7.317850594109825968e-01,7.289013051390382802e-01,7.257171139439206886e-01,7.222149683611006621e-01,7.183768176124086802e-01,7.141841426061625864e-01,7.096180291516128724e-01,7.046592501037449718e-01,6.992883570194279308e-01,6.934857817325981166e-01,6.872319480470981956e-01,6.805073935015033548e-01,6.732929008809884763e-01,6.655696388379636064e-01
7.227272727272727737e-01,6.646031439786193040e-01,6.730324767599683566e-01,6.809632951492967656e-01,6.884105790565187011e-01,6.953900263287772221e-01,7.019179077462751604e-01,7.080109285196459767e-01,7.136860973159344645e-01,7.189606035403174333e-01,7.238517033202985784e-01,7.283766143811963856e-01,7.325524197674626592e-01,7.363959801537384164e-01,7.399238543016036784e-01,7.431522270522316065e-01,7.460968441011995855e-01,7.487729526829454141e-01,7.511952472069599596e-01,7.533778188560031897e-01,7.553341082198602452e-01,7.570768602780665324e-01,7.586180816182541697e-01,7.599690009797491763e-01,7.611400366024599906e-01,7.621407784832491261e-01,7.629800024429603811e-01,7.636657494881808894e-01,7.642055348374966472e-01,7.646068075293950272e-01,7.648778817830248489e-01,7.650297278504267773e-01,7.650792490222382281e-01,7.650548868652811141e-01,7.650051403485498280e-01,7.650085614613989504e-01,7.651777554522968261e-01,7.656402735740228671e-01,7.664807078876579860e-01,7.676701306870905572e-01,7.690747944506661771e-01,7.708213430745949335e-01,7.713851217797035309e-01,7.717733132786954720e-01,7.719556690721725012e-01,7.719839316920561467e-01,7.719074436576155440e-01,7.717640507565483032e-01,7.715805469868454169e-01,7.713753140030124023e-01,7.711608779612231235e-01,7.709458411188873095e-01,7.707362098332067868e-01,7.705362701368272393e-01,7.703491546663420175e-01,7.701772075986428323e-01,7.700222197366406451e-01,7.698855805916072770e-01,7.697683773403088958e-01,7.696714595854535768e-01,7.695954818973620437e-01,7.695409317200996302e-01,7.695081474335467853e-01,7.694973295635658683e-01,7.695085469390513522e-01,7.695417387565968159e-01,7.695967128617644537e-01,7.696731399626567383e-01,7.697705428423422536e-01,7.698882788036806035e-01,7.700255123948410718e-01,7.701811736771652095e-01,7.703538945219039480e-01,7.705419110500926205e-01,7.707429134057135478e-01,7.709538131280385675e-01,7.711703814274065705e-01,7.713866863196259249e-01,7.715942218371405481e-01,7.717805847618858239e-01,7.719275453441231116e-01,7.720084845060477541e-01,7.719857275881358838e-01,7.718100295720963233e-01,7.714295346325689140e-01,7.708739590165649691e-01,7.689449964836467810e-01,7.674867013116122294e-01,7.662808805251057898e-01,7.654494529672050129e-01,7.650104837483274745e-01,7.648698065880963348e-01,7.648937343841486491e-01,7.649669056677114165e-01,7.650101592871779710e-01,7.649753921644832921e-01,7.648348826445631188e-01,7.645724559596546177e-01,7.641777654900722139e-01,7.636429936750912528e-01,7.629610735497472929e-01,7.621247790146314927e-01,7.611262863472931794e-01,7.599569827729780735e-01,7.586074008142770220e-01,7.570672145721083490e-01,7.553252651619856151e-01,7.533695990488704641e-01,7.511875116989494838e-01,7.487655934643863143e-01,7.460897769044482208e-01,7.431453858704311077e-01,7.399171871964042024e-01,7.363894460349854620e-01,7.325459859097752657e-01,7.283702545021739638e-01,7.238453960888339145e-01,7.189543314157041953e-01,7.136798456424253700e-01,7.080046848187506736e-01,7.019116611625138002e-01,6.953837671945340970e-01,6.884042985491896083e-01,6.809569850196650620e-01,6.730261291150620995e-01,6.645967511054829968e-01
7.265151515151515582e-01,6.602346125333237170e-01,6.693135708393759264e-01,6.779098411826994797e-01,6.860346784890956062e-01,6.937003012024813842e-01,7.009197525372894422e-01,7.077067651746210553e-01,7.140756307111939538e-01,7.200410749077845729e-01,7.256181395278161750e-01,7.308220713118617207e-01,7.356682184027771854e-01,7.401719343203697621e-01,7.443484893842643446e-01,7.482129892977208430e-01,7.517803004317971105e-01,7.550649811864790228e-01,7.580812186508548711e-01,7.608427696385736683e-01,7.633629050410616346e-01,7.656543563328918056e-01,7.677292630121136385e-01,7.695991198301952441e-01,7.712747229971813612e-01,7.727661154075478045e-01,7.740825328485955170e-01,7.752323571526211765e-01,7.762230903216212896e-01,7.770613796023037034e-01,7.777531545445418582e-01,7.783039965343500066e-01,7.787199721554761700e-01,7.790093584014154970e-01,7.791860019425501660e-01,7.792754380282558291e-01,7.793249576657943489e-01,7.794172391223895824e-01,7.796814563245495489e-01,7.802873295172225721e-01,7.814416905003888081e-01,7.830177493424637092e-01,7.842021827396687961e-01,7.852622571816766373e-01,7.860913881871331998e-01,7.866723383695310989e-01,7.870417871752549699e-01,7.872519204421519756e-01,7.873500922003999758e-01,7.873728239355123337e-01,7.873463340476267724e-01,7.872889039534379796e-01,7.872132027005213084e-01,7.871280715955157881e-01,7.870397700454309087e-01,7.869528093447998307e-01,7.868705007028763410e-01,7.867953133812055633e-01,7.867291088678726174e-01,7.866732944790847393e-01,7.866289243738113779e-01,7.865967658548990160e-01,7.865773422850439456e-01,7.865709596934665759e-01,7.865777213206029961e-01,7.865975323624206927e-01,7.866300956328439176e-01,7.866748974577658648e-01,7.867311815741774295e-01,7.867979068290870126e-01,7.868736816547748925e-01,7.869566640592906559e-01,7.870444093440777111e-01,7.871336376659173739e-01,7.872198781618066077e-01,7.872969237836522360e-01,7.873560008883159211e-01,7.873845267442226570e-01,7.873643265682257475e-01,7.872693046687507801e-01,7.870630589226057516e-01,7.866982995890666741e-01,7.861227439013097618e-01,7.852992938899038267e-01,7.842443303074730920e-01,7.830633509029946149e-01,7.813518143217883516e-01,7.801271426603670900e-01,7.795149112836252669e-01,7.792672731955480048e-01,7.791987127224265786e-01,7.791727287496762466e-01,7.791037849767911139e-01,7.789439250355302269e-01,7.786678674197257122e-01,7.782623140438296172e-01,7.777195630468327625e-01,7.770340524761151224e-01,7.762006122464545355e-01,7.752136364745301211e-01,7.740667283068032312e-01,7.727525779735431311e-01,7.712629508633080944e-01,7.695887239924837919e-01,7.677199410811581526e-01,7.656458726203777543e-01,7.633550753930967714e-01,7.608354498493891116e-01,7.580742955783701387e-01,7.550583659117476865e-01,7.517739229701869696e-01,7.482067944932069281e-01,7.443424337099301402e-01,7.401659833762399554e-01,7.356623449527984748e-01,7.308162537394803371e-01,7.256123606179871732e-01,7.200353208843900399e-01,7.140698904749869236e-01,7.077010296989650895e-01,7.009140143882688356e-01,6.936945541570631590e-01,6.860289172304590011e-01,6.779040610560520541e-01,6.693077676548250254e-01,6.602287824047569087e-01
7.303030303030303427e-01,6.530108286296669728e-01,6.626564639281063984e-01,6.718401469365646861e-01,6.805696656902563424e-01,6.888539347301717575e-01,6.967028698839119460e-01,7.041272635300954708e-01,7.111386617996885429e-01,7.177492449578001255e-01,7.239717119951226687e-01,7.298191702447081042e-01,7.353050306311645912e-01,7.404429089587822865e-01,7.452465334539081221e-01,7.497296585957629045e-01,7.539059850980998068e-01,7.577890857401807789e-01,7.613923365868831006e-01,7.647288529816327340e-01,7.678114295395457312e-01,7.706524832101608879e-01,7.732639983218396740e-01,7.756574723742563071e-01,7.778438612397786667e-01,7.798335224336655491e-01,7.816361553532339412e-01,7.832607381462483032e-01,7.847154627081587286e-01,7.860076733422665107e-01,7.871438230584539841e-01,7.881294787080740383e-01,7.889694407387473074e-01,7.896681119116895076e-01,7.902303830670494023e-01,7.906635584954563312e-01,7.909813093769378911e-01,7.912114667114241717e-01,7.914111300883958089e-01,7.917007377603320073e-01,7.925490958344726389e-01,7.931807903920957692e-01,7.940399857882611823e-01,7.951298684521324045e-01,7.963179558257400537e-01,7.974354637073759466e-01,7.983688675016854530e-01,7.990856515578033115e-01,7.996069644063611426e-01,7.999734365859860752e-01,8.002252291435074660e-01,8.003948969756083942e-01,8.005066910763661836e-01,8.005780403649614962e-01,8.006213326603024427e-01,8.006453914457202226e-01,8.006565560217471234e-01,8.006594295436288977e-01,8.006573843118550693e-01,8.006528993381712977e-01,8.006477846176599522e-01,8.006433291321224388e-01,8.006403968962377826e-01,8.006394865365884517e-01,8.006407638014616523e-01,8.006440720289219604e-01,8.006489221640178400e-01,8.006544607745912367e-01,8.006594110820370869e-01,8.006619776600545357e-01,8.006596993716446065e-01,8.006492263021280920e-01,8.006259837320949257e-01,8.005836687597795986e-01,8.005135044624075435e-01,8.004031618314596530e-01,8.002352837984384459e-01,7.999857008017404736e-01,7.996219348902982027e-01,7.991038611860135088e-01,7.983907711944356889e-01,7.974612139118522069e-01,7.963470936087175822e-01,7.951611167387613310e-01,7.940714411445860543e-01,7.932105555946133979e-01,7.925760076446458635e-01,7.916015696888379916e-01,7.912992553164492904e-01,7.911091498921126730e-01,7.908940866049014584e-01,7.905914519155949893e-01,7.901715806616194104e-01,7.896203887480695016e-01,7.889306963777215076e-01,7.880979093030547888e-01,7.871179455278247694e-01,7.859862947593266869e-01,7.846976342101315005e-01,7.832457090895191820e-01,7.816233332239114207e-01,7.798224397361992466e-01,7.778341489195732539e-01,7.756488387972776399e-01,7.732562127698012766e-01,7.706453629596996535e-01,7.678048297513744291e-01,7.647226587797155695e-01,7.613864568407727740e-01,7.577834481720367998e-01,7.539005324216371262e-01,7.497243454610255098e-01,7.452413240231257063e-01,7.404377749780748363e-01,7.352999498931178657e-01,7.298141253600091138e-01,7.239666894093408356e-01,7.177442341631571354e-01,7.111336547022156784e-01,7.041222539408816816e-01,6.966978531095014970e-01,6.888489072421668524e-01,6.805646248580636826e-01,6.718350908102443952e-01,6.626513910606731672e-01,6.530057379300020504e-01
7.340909090909091272e-01,6.433713181712276130e-01,6.534856691985529986e-01,6.631625638252597321e-01,6.724066840954028290e-01,6.812239284274467233e-01,6.896213040263338145e-01,6.976068172543079537e-01,7.051893634294376101e-01,7.123786173683781531e-01,7.191849258249769505e-01,7.256192028039530895e-01,7.316928285540297283e-01,7.374175528709606686e-01,7.428054031709683258e-01,7.478685976305924354e-01,7.526194635310922143e-01,7.570703607938668034e-01,7.612336105473490599e-01,7.651214284235269281e-01,7.687458621416303206e-01,7.721187327954561752e-01,7.752515791175782489e-01,7.781556038492194460e-01,7.808416212056517036e-01,7.833200043119429301e-01,7.856006314369619048e-01,7.876928299687231405e-01,7.896053175472597108e-01,7.913461410016719988e-01,7.929226165392179171e-01,7.943412806712418783e-01,7.956078740915282221e-01,7.967274075091281826e-01,7.977044156159068811e-01,7.985436319488440349e-01,7.992516201397069642e-01,7.998407516305980902e-01,8.003403861119533502e-01,8.008551658394171824e-01,8.014933963467657518e-01,8.018481735749954931e-01,8.022589949613156968e-01,8.028290686610791704e-01,8.036322545297669429e-01,8.046601888735677166e-01,8.058073973322642525e-01,8.069287034565779670e-01,8.079152691553953547e-01,8.087235621905645155e-01,8.093589130524060371e-01,8.098485559946770884e-01,8.102236127595427995e-01,8.105112727940161355e-01,8.107328600832277576e-01,8.109043083835655308e-01,8.110372836972643551e-01,8.111402706951910124e-01,8.112194327468573718e-01,8.112792385200389145e-01,8.113228998263526393e-01,8.113526693973491799e-01,8.113700376260681857e-01,8.113758558701253953e-01,8.113704040522389249e-01,8.113534123447100344e-01,8.113240400675452157e-01,8.112808087170142457e-01,8.112214793860537121e-01,8.111428568888874313e-01,8.110404930364607523e-01,8.109082500383429926e-01,8.107376752531624264e-01,8.105171423127518482e-01,8.102307647847183381e-01,8.098572706963255152e-01,8.093695170425888596e-01,8.087363981858414208e-01,8.079306178076788303e-01,8.069466361631767448e-01,8.058275799043899124e-01,8.046817537748534033e-01,8.036539229620512925e-01,8.028495466560087168e-01,8.022773773405901254e-01,8.018640823092887393e-01,8.015068669883520514e-01,8.008166142655184228e-01,8.002735119091402005e-01,7.997745208767628178e-01,7.991927352205203672e-01,7.984934236874353664e-01,7.976624098649708339e-01,7.966925566966364114e-01,7.955790323981900558e-01,7.943173849448488255e-01,7.929027449453130982e-01,7.913295206697279482e-01,7.895913121889919228e-01,7.876809210946839057e-01,7.855903990265762360e-01,7.833111092570895773e-01,7.808337902500681604e-01,7.781486170493884247e-01,7.752452595746867070e-01,7.721129383249702993e-01,7.687404785488655135e-01,7.651163640888647421e-01,7.612287920695812726e-01,7.570657294842925156e-01,7.526149725898932941e-01,7.478642098700981622e-01,7.428010891774254887e-01,7.374132895182712311e-01,7.316885978003702107e-01,7.256149907162106061e-01,7.191807217868390056e-01,7.123744134368020786e-01,7.051851538110407436e-01,6.976025978788397142e-01,6.896170721986485397e-01,6.812196825429442937e-01,6.724024234066086070e-01,6.631582882494220232e-01,6.534813791578172326e-01,6.433670144583818473e-01
7.378787878787879118e-01,6.322727744976250897e-01,6.427624662264903588e-01,6.528413637682858317e-01,6.625114624465416879e-01,6.717760044756490023e-01,6.806393904936114403e-01,6.891070871131633746e-01,6.971855318781593480e-01,7.048820369143097286e-01,7.122046924477145602e-01,7.191622712361667169e-01,7.257641348212179322e-01,7.320201423676836461e-01,7.379405627146600199e-01,7.435359901206827216e-01,7.488172640475134756e-01,7.537953931931802298e-01,7.584814838556633854e-01,7.628866725842955443e-01,7.670220629558789360e-01,7.708986661960695042e-01,7.745273452535645919e-01,7.779187618264963300e-01,7.810833257411848862e-01,7.840311460049637082e-01,7.867719828225818723e-01,7.893151999339886871e-01,7.916697169112051347e-01,7.938439617713283214e-01,7.958458258913418959e-01,7.976826267408392290e-01,7.993610915577128440e-01,8.008873918310410733e-01,8.022672970909994206e-01,8.035066136702020412e-01,8.046123572695299542e-01,8.055961782667191429e-01,8.064883620238940676e-01,8.074580839243931107e-01,8.080956981913561821e-01,8.086173974359823768e-01,8.090566848088045493e-01,8.094605022238074987e-01,8.098995588225638143e-01,8.104601090067533598e-01,8.112110509791817803e-01,8.121580632358349483e-01,8.132272676840651693e-01,8.143042027223420520e-01,8.152924886083040557e-01,8.161427046723435108e-01,8.168462375633893657e-01,8.174167396983125222e-01,8.178753063937213019e-01,8.182426746046818078e-01,8.185363097625363293e-01,8.187699109813888487e-01,8.189538347759488524e-01,8.190957356332961847e-01,8.192011547528714743e-01,8.192739810097482422e-01,8.193167810097479187e-01,8.193310159285063232e-01,8.193171635312322953e-01,8.192747576638781393e-01,8.192023494424922614e-01,8.190973859507144628e-01,8.189559941844580804e-01,8.187726518332472114e-01,8.185397271271743769e-01,8.182468906362097005e-01,8.178804743193913707e-01,8.174230451370796402e-01,8.168538922291723736e-01,8.161519232757502573e-01,8.153034355173606196e-01,8.143168980273626234e-01,8.132414682976326636e-01,8.121731898778746794e-01,8.112262640902693223e-01,8.104745482748426655e-01,8.099125975849471581e-01,8.094718510292459035e-01,8.090663341573229861e-01,8.086254988715305680e-01,8.081024629439593765e-01,8.074637166583391590e-01,8.064525476505127743e-01,8.055542366830911183e-01,8.045726491964302340e-01,8.034714419509124683e-01,8.022370464722553551e-01,8.008617435733120793e-01,7.993394889232191547e-01,7.976644685215845687e-01,7.958305462880223002e-01,7.938310597548606795e-01,7.916587627924868142e-01,7.893058319656147681e-01,7.867638999005316380e-01,7.840240993333336128e-01,7.810771107631206966e-01,7.779132109583999366e-01,7.745223215869786459e-01,7.708940581565323358e-01,7.670177798326840435e-01,7.628826408193720710e-01,7.584776439779304935e-01,7.537916972936244964e-01,7.488136737030957057e-01,7.435324746886962100e-01,7.379370979317624313e-01,7.320167091990942287e-01,7.257607185150751761e-01,7.191588605460776940e-01,7.122012789931803090e-01,7.048786146542025399e-01,6.971820966768457195e-01,6.891036363825192579e-01,6.806359228972010955e-01,6.717725196836126234e-01,6.625079609317867657e-01,6.528378466360874599e-01,6.427589350708753368e-01,6.322692312788878999e-01
7.416666666666666963e-01,6.201692009875956479e-01,6.309438779330184266e-01,6.413353641565625596e-01,6.513434058983993413e-01,6.609689813227151989e-01,6.702142308051427522e-01,6.790823818995473937e-01,6.875776702276226171e-01,6.957052574835443925e-01,7.034711476743688019e-01,7.108821026295708556e-01,7.179455577134153943e-01,7.246695385661583444e-01,7.310625795865747234e-01,7.371336447529770464e-01,7.428920512640387885e-01,7.483473963668143547e-01,7.535094876287170562e-01,7.583882768037004674e-01,7.629937973416590635e-01,7.673361054949131566e-01,7.714252248880134610e-01,7.752710943401205368e-01,7.788835186682957490e-01,7.822721221679155290e-01,7.854463044858115417e-01,7.884151987206747814e-01,7.911876318963393384e-01,7.937720886459229686e-01,7.961766804102112793e-01,7.984091255410017407e-01,8.004767523577510646e-01,8.023865522856421517e-01,8.041453472287563020e-01,8.057602385490657548e-01,8.072398579939825680e-01,8.085986729194473144e-01,8.098884775859145346e-01,8.110768464216775442e-01,8.120341035227236492e-01,8.128630223913643205e-01,8.135698659908610075e-01,8.141657043275676298e-01,8.146721829006990934e-01,8.151279065996764883e-01,8.155920367198876697e-01,8.161370332518218529e-01,8.168235479879113470e-01,8.176663231960404898e-01,8.186198496362466770e-01,8.196017683701256606e-01,8.205335446851983461e-01,8.213656896738931179e-01,8.220792648851787954e-01,8.226755248487429562e-01,8.231652145683105992e-01,8.235616675570840428e-01,8.238774046771820680e-01,8.241228585821118724e-01,8.243061287287981598e-01,8.244331388913749281e-01,8.245078930072470280e-01,8.245326995960280403e-01,8.245083162498887397e-01,8.244339990665450202e-01,8.243074539044881188e-01,8.241246925306244808e-01,8.238798087285702509e-01,8.235647226462973203e-01,8.231690226691984469e-01,8.226802080601306466e-01,8.220849588020594512e-01,8.213725253860906239e-01,8.205416121016122499e-01,8.196110569481964703e-01,8.186301785452809732e-01,8.176773020337522180e-01,8.168346231234355770e-01,8.161476278373974713e-01,8.156017068617874566e-01,8.151364188278426015e-01,8.146794942973295539e-01,8.141718944038086603e-01,8.135750704456995441e-01,8.128673889755529958e-01,8.120377687543837153e-01,8.110799242911355122e-01,8.098759275651346012e-01,8.085729781216588474e-01,8.072131136603422075e-01,8.057354386631366827e-01,8.041233817333236500e-01,8.023675299179933162e-01,8.004604703174810210e-01,7.983952679475675440e-01,7.961649073995296089e-01,7.937620761611587916e-01,7.911790880048811259e-01,7.884078685488750127e-01,7.854399697185530105e-01,7.822665981154379722e-01,7.788786504262894539e-01,7.752667528071051084e-01,7.714213030048119313e-01,7.673325148611095381e-01,7.629904652551869892e-01,7.583851437149270458e-01,7.535065049753288946e-01,7.483445247459658001e-01,7.428892588968105670e-01,7.371309061986317523e-01,7.310598746682768212e-01,7.246668514746777978e-01,7.179428762599001645e-01,7.108794176228712125e-01,7.034684524021981300e-01,6.957025472799650556e-01,6.875749421123487082e-01,6.790796342766930449e-01,6.702114632112420312e-01,6.609661942153146619e-01,6.513406004780221137e-01,6.413325422158416833e-01,6.309410417277997452e-01,6.201663531254900663e-01
7.454545454545454808e-01,6.074380238783652075e-01,6.184153929571284403e-01,6.290371156056794311e-01,6.393011092458134037e-01,6.492064759476607883e-01,6.587534499583386216e-01,6.679433391032260081e-01,6.767784611306436604e-01,6.852620760558768565e-01,6.933983155255070141e-01,7.011921101708005200e-01,7.086491158528276380e-01,7.157756396251360176e-01,7.225785661550001571e-01,7.290652852542353068e-01,7.352436210779059733e-01,7.411217634557432099e-01,7.467082017291357676e-01,7.520116613773556447e-01,7.570410436324603864e-01,7.618053682044680919e-01,7.663137191701872020e-01,7.705751940241365450e-01,7.745988558558951631e-01,7.783936886182806214e-01,7.819685555089298523e-01,7.853321606515991649e-01,7.884930146226842851e-01,7.914594051065706459e-01,7.942393754639667236e-01,7.968407171151568047e-01,7.992709884261198772e-01,8.015375886897094793e-01,8.036479574407132676e-01,8.056100984452526648e-01,8.074341543446100777e-01,8.091394571913309575e-01,8.107871185596383645e-01,8.121943138916105642e-01,8.134681652571973398e-01,8.146115395243331836e-01,8.156260828121919548e-01,8.165138325022039956e-01,8.172789226951358010e-01,8.179304039704724527e-01,8.184863960997593724e-01,8.189787294864054878e-01,8.194549871436301869e-01,8.199724757977053802e-01,8.205805073760955581e-01,8.212975554531130040e-01,8.221004859657533581e-01,8.229365608520891051e-01,8.237481875940334541e-01,8.244918426257323851e-01,8.251434853755932330e-01,8.256947807423099528e-01,8.261468148499642172e-01,8.265049477757427931e-01,8.267756012658561415e-01,8.269645689271080125e-01,8.270762468018696412e-01,8.271133349782529010e-01,8.270767447132014727e-01,8.269655804219462336e-01,8.267771579309854957e-01,8.265070973301712476e-01,8.261496206746227200e-01,8.256983194207707655e-01,8.251478399981055922e-01,8.244970885287723483e-01,8.237543669609281860e-01,8.229436455744835177e-01,8.221083374707822689e-01,8.213059044149122467e-01,8.205889812158112528e-01,8.199806782833234386e-01,8.194625924711149700e-01,8.189855394650235043e-01,8.184923416084632919e-01,8.179355103341567901e-01,8.172832678476511514e-01,8.165175145452328032e-01,8.156292003633964782e-01,8.146141819976665532e-01,8.134704091085245281e-01,8.121962214669417035e-01,8.107887341860041674e-01,8.091252046959352962e-01,8.074163853394255019e-01,8.055925921215967289e-01,8.036319302481383930e-01,8.015234053573153661e-01,7.992586615340682155e-01,7.968301095321566052e-01,7.942302930072874245e-01,7.914516408885676757e-01,7.884863701300447447e-01,7.853264550829894830e-01,7.819636290800543454e-01,7.783894027933928594e-01,7.745950920799677952e-01,7.705718518018412899e-01,7.663107139440311633e-01,7.618026292673405475e-01,7.570385121896007208e-01,7.520092888059813907e-01,7.467059480477922229e-01,7.411195959963804425e-01,7.352415133444697437e-01,7.290632159479137897e-01,7.225765183455339358e-01,7.157736000485461769e-01,7.086470743175842246e-01,7.011900590564030811e-01,6.933962493594483245e-01,6.852599911568075797e-01,6.767763553072873028e-01,6.679412114000634615e-01,6.587513004404066397e-01,6.492043055179266275e-01,6.392989194894996841e-01,6.290349086567642578e-01,6.184131713828526777e-01,6.074357905781366807e-01
7.492424242424242653e-01,5.944772797865141012e-01,6.055866889313213930e-01,6.163671282648151006e-01,6.268150691903485727e-01,6.369280995333086448e-01,6.467048862027739986e-01,6.561451313453335876e-01,6.652495228838970487e-01,6.740196803461538932e-01,6.824580968800046943e-01,6.905680783295440328e-01,6.983536802067767946e-01,7.058196433442484041e-01,7.129713289544001853e-01,7.198146537549062751e-01,7.263560257482887250e-01,7.326022811703517545e-01,7.385606230478880541e-01,7.442385617334880132e-01,7.496438577163375694e-01,7.547844669450706201e-01,7.596684888454832141e-01,7.643041171770038611e-01,7.686995938556997476e-01,7.728631658920542824e-01,7.768030456746981560e-01,7.805273750240484532e-01,7.840441938357751717e-01,7.873614149213518099e-01,7.904868082380729355e-01,7.934280010192188426e-01,7.961925077348541713e-01,7.987878220991185829e-01,8.012216553269679853e-01,8.035025889024948187e-01,8.056423632740087326e-01,8.076753442591149135e-01,8.095532692856917123e-01,8.112522318627495288e-01,8.128165915457592483e-01,8.142490192167546326e-01,8.155514220902774225e-01,8.167251308651074515e-01,8.177712743460232581e-01,8.186915541624539827e-01,8.194896593714861011e-01,8.201735319913273647e-01,8.207584021241672856e-01,8.212696956342355747e-01,8.217435774504754376e-01,8.222220570151617114e-01,8.227415339030637043e-01,8.233192556063296808e-01,8.239465753706948226e-01,8.245941830983195553e-01,8.252250385875622429e-01,8.258061850077624833e-01,8.263143993384056696e-01,8.267362787087270126e-01,8.270656589938605308e-01,8.273006602682629884e-01,8.274413753674184635e-01,8.274883847314482566e-01,8.274419677265274498e-01,8.273018591331783300e-01,8.270674913944381368e-01,8.267387814365739773e-01,8.263176127452308561e-01,8.258101420651479119e-01,8.252297478537328201e-01,8.245996062993583564e-01,8.239526051460451805e-01,8.233257051559633721e-01,8.227481516887025226e-01,8.222285691351822745e-01,8.217497415944176042e-01,8.212753412316861068e-01,8.207634420213755222e-01,8.201779497986955159e-01,8.194934862521952024e-01,8.186948466015524506e-01,8.177740979828501677e-01,8.167275507214492025e-01,8.155534975938161235e-01,8.142508022141435875e-01,8.128181259037883244e-01,8.112535536414055004e-01,8.095544062020160192e-01,8.076708609744275291e-01,8.056310097731814723e-01,8.034902999117652378e-01,8.012099329908062284e-01,7.987771981886062633e-01,7.961831304821209709e-01,7.934198478186674786e-01,7.904797806445967856e-01,7.873553849839661778e-01,7.840390274213492328e-01,7.805229434328343485e-01,7.767992310585077886e-01,7.728598633399161866e-01,7.686967116981343606e-01,7.643015763697268428e-01,7.596662219155017048e-01,7.547824167698268250e-01,7.496419762848332002e-01,7.442368089680702070e-01,7.385589657246036666e-01,7.326006919524263861e-01,7.263544823341707701e-01,7.198131381352455005e-01,7.129698267688978630e-01,7.058181433279213657e-01,6.983521737150276687e-01,6.905665589318934483e-01,6.824565600131511367e-01,6.740181230179633776e-01,6.652479434208378173e-01,6.561435291768372702e-01,6.467032616767929287e-01,6.369264537580636709e-01,6.268134038979861211e-01,6.163654456931668690e-01,6.055849917204739752e-01,5.944755708872949684e-01
7.530303030303030498e-01,5.817509817467836353e-01,5.929371755737956606e-01,6.038195812469738799e-01,6.143935555020556549e-01,6.246554916214610564e-01,6.346027949406914948e-01,6.442338517778208873e-01,6.535479925114328070e-01,6.625454495620628492e-01,6.712273110450093228e-01,6.795954708596216864e-01,6.876525759638164592e-01,6.954019715543788838e-01,7.028476448354407102e-01,7.099941680116036435e-01,7.168466410903471253e-01,7.234106350225747439e-01,7.296921356526123725e-01,7.356974888915696065e-01,7.414333474730346873e-01,7.469066196004596758e-01,7.521244197547944932e-01,7.570940219046429220e-01,7.618228153579306161e-01,7.663182635288077194e-01,7.705878659930726071e-01,7.746391244196618731e-01,7.784795133935713540e-01,7.821164579915440562e-01,7.855573216912810075e-01,7.888094118873208993e-01,7.918800189145338564e-01,7.947765272621393207e-01,7.975067097154993068e-01,8.000796191713331895e-01,8.025097699256440453e-01,8.048240400207494760e-01,8.069316384886909832e-01,8.088972985682147954e-01,8.107248578265998651e-01,8.124176866724809321e-01,8.139785693331783589e-01,8.154096741868059883e-01,8.167125992775206011e-01,8.178885435433250750e-01,8.189386919102286111e-01,8.198649352538823765e-01,8.206710483884082086e-01,8.213643560719776637e-01,8.219576301575293176e-01,8.224704287847760531e-01,8.229285220082481755e-01,8.233601280156408464e-01,8.237891854751316911e-01,8.242283796963160158e-01,8.246758144176232763e-01,8.251171956958377462e-01,8.255317562021136091e-01,8.258983801512056466e-01,8.261995062208429275e-01,8.264224775148288904e-01,8.265592467855883418e-01,8.266054959720133821e-01,8.265598818525263791e-01,8.264237518115095105e-01,8.262014249666157495e-01,8.259009432019979169e-01,8.255349482973658448e-01,8.251209743620795400e-01,8.246800985166056197e-01,8.242330438627445410e-01,8.237940661389381303e-01,8.233650428637345753e-01,8.229332975362055880e-01,8.224749253333644150e-01,8.219617554651355018e-01,8.213680653500256001e-01,8.206743351445343615e-01,8.198678188624709540e-01,8.189412062547672955e-01,8.178907285691935369e-01,8.167144955640678328e-01,8.154113198942678498e-01,8.139799987511426860e-01,8.124189297292603307e-01,8.107259400988622300e-01,8.088982414533566478e-01,8.069324591386453083e-01,8.048247490627277179e-01,8.025032656736382775e-01,8.000711154207884590e-01,7.974981216520542482e-01,7.947685184220801835e-01,7.918728287032076318e-01,7.888030933772001152e-01,7.855518406642978402e-01,7.821117405656992094e-01,7.784754704430930650e-01,7.746356643557015254e-01,7.705849013451894214e-01,7.663157141146987872e-01,7.618206095513142539e-01,7.570920968493543013e-01,7.521227210120874362e-01,7.469051005122296916e-01,7.414319684050547643e-01,7.356962164507229174e-01,7.296909419302416433e-01,7.234094968910234069e-01,7.168455395648254402e-01,7.099930876807316604e-01,7.028465733588550313e-01,6.954008992230372721e-01,6.876514953174166500e-01,6.795943763550711392e-01,6.712261987699043031e-01,6.625443169874678517e-01,6.535468382787090746e-01,6.442326755147145256e-01,6.346015971024165925e-01,6.246542733529991676e-01,6.143923185182813551e-01,6.038183277276644167e-01,5.929359080708892504e-01,5.817497031015125275e-01
7.568181818181818343e-01,5.692419979983048828e-01,5.804556362969902628e-01,5.913889711752801093e-01,6.020365294412455270e-01,6.123937889208260765e-01,6.224571645945106146e-01,6.322239883053085707e-01,6.416924826146130911e-01,6.508617294229851469e-01,6.597316339989042211e-01,6.683028850708707669e-01,6.765769116380497827e-01,6.845558371433581035e-01,6.922424316319046866e-01,6.996400624885757979e-01,7.067526443131464386e-01,7.135845884512002080e-01,7.201407526561484085e-01,7.264263913140451834e-01,7.324471066206154068e-01,7.382088010620780905e-01,7.437176315216699196e-01,7.489799653181202777e-01,7.540023384897737158e-01,7.587914166845145525e-01,7.633539591295459559e-01,7.676967863905378442e-01,7.718267530960128964e-01,7.757507277335311535e-01,7.794755835616736794e-01,7.830082090110699333e-01,7.863555566864468549e-01,7.895247810588514881e-01,7.925236272200986143e-01,7.953618367381651844e-01,7.980648293592510489e-01,8.005890117431080366e-01,8.029425510761152296e-01,8.051495149718179700e-01,8.072140970192740461e-01,8.091401642137493466e-01,8.109311440152890960e-01,8.125899733901741362e-01,8.141190791466457188e-01,8.155204018091684048e-01,8.167954931212328962e-01,8.179457337109088400e-01,8.189727309127764476e-01,8.198789549469176485e-01,8.206686296363062683e-01,8.213487776607988344e-01,8.219301135199867936e-01,8.224272420469247447e-01,8.228575569815187452e-01,8.232386118585522938e-01,8.235845836601859427e-01,8.239032520765119383e-01,8.241948961610632285e-01,8.244535021167748168e-01,8.246694786393148346e-01,8.248326060087948219e-01,8.249343151341090863e-01,8.249690493620823739e-01,8.249348962382511141e-01,8.248337588241066998e-01,8.246711818271339478e-01,8.244557179757371346e-01,8.241975658553626349e-01,8.239062928250712181e-01,8.235878904200343298e-01,8.232420649468724649e-01,8.228610346350403448e-01,8.224306343415246356e-01,8.219333332896329170e-01,8.213517656129212252e-01,8.206713535769870616e-01,8.198814050447076340e-01,8.189749134281699705e-01,8.179476650145950378e-01,8.167971949124768205e-01,8.155218977361239352e-01,8.141203926506018762e-01,8.125911264685934388e-01,8.109321566074920717e-01,8.091410539723363771e-01,8.072148792927770211e-01,8.051502028641112085e-01,8.029431554290059614e-01,8.005895405680611976e-01,7.980630240457958768e-01,7.953561953895557091e-01,7.925173793718174320e-01,7.895187333343828273e-01,7.863500179193314565e-01,7.830032850337913519e-01,7.794712846520864824e-01,7.757470179831026380e-01,7.718235755457214520e-01,7.676940764338744394e-01,7.633516517356211395e-01,7.587894502021929055e-01,7.540006565090946467e-01,7.489785174174026228e-01,7.437163733801536170e-01,7.382076942216913018e-01,7.324461180659844750e-01,7.264254929716532638e-01,7.201399208721602774e-01,7.135838034820584097e-01,7.067518898475048106e-01,6.996393252095424176e-01,6.922417008227794710e-01,6.845551043365941668e-01,6.765761703052941556e-01,6.683021303508068778e-01,6.597308624592640447e-01,6.508609388529483786e-01,6.416916718439470424e-01,6.322231570467766737e-01,6.224563133064041631e-01,6.123929186867123065e-01,6.020356418643217911e-01,5.913880682849997905e-01,5.804547204658248027e-01,5.692410718667836322e-01
7.606060606060606188e-01,5.569244692651110773e-01,5.681220291005647516e-01,5.790609766619007059e-01,5.897352484028931530e-01,6.001396449575819858e-01,6.102698258956240629e-01,6.201222983365065611e-01,6.296943998723716351e-01,6.389842762951972732e-01,6.479908546578379003e-01,6.567138122206558348e-01,6.651535418466476557e-01,6.733111144091373790e-01,6.811882387681568174e-01,6.887872198560218706e-01,6.961109153905212787e-01,7.031626917071402971e-01,7.099463791713719329e-01,7.164662276006112940e-01,7.227268620940423549e-01,7.287332396417998126e-01,7.344906068650716158e-01,7.400044592328469673e-01,7.452805021186588164e-01,7.503246141186323825e-01,7.551428131820180356e-01,7.597412263678646749e-01,7.641260645629284198e-01,7.683036045580827755e-01,7.722801831701220365e-01,7.760622134847026121e-01,7.796562476994837176e-01,7.830691574097896623e-01,7.863087026994269868e-01,7.893863304438866191e-01,7.923164105067885821e-01,7.950464036074589291e-01,7.976209511425875753e-01,8.000443869941608055e-01,8.023210685235112605e-01,8.044550954546195731e-01,8.064502368450636727e-01,8.083098901805932934e-01,8.100370560362837313e-01,8.116343314548034593e-01,8.131039334746195113e-01,8.144477714675530944e-01,8.156675938092856626e-01,8.167652381643564219e-01,8.177430088829934496e-01,8.186041793807862232e-01,8.193535611711230127e-01,8.199979943878966671e-01,8.205465265484203075e-01,8.210100275365258549e-01,8.214001228371236030e-01,8.217276248022544749e-01,8.220009611045758779e-01,8.222252012825956857e-01,8.224020435101706550e-01,8.225306882693748101e-01,8.226091825626826726e-01,8.226357366281573658e-01,8.226096407172555081e-01,8.225315887152737648e-01,8.224033541135736813e-01,8.222268734404883928e-01,8.220029307575711375e-01,8.217298155861119113e-01,8.214024516490310290e-01,8.210124117686353751e-01,8.205488913872851509e-01,8.200002784367613762e-01,8.193557193147852358e-01,8.186061828226991466e-01,8.177448430977714011e-01,8.167668997964953048e-01,8.156690874032701544e-01,8.144491065842933697e-01,8.131051224287922929e-01,8.116353876902441256e-01,8.100379930463781353e-01,8.083107208455595494e-01,8.064509730636947316e-01,8.044557479694212088e-01,8.023216468609619678e-01,8.000448994567450622e-01,7.976214047835252785e-01,7.950468040295595173e-01,7.923167604347119974e-01,7.893830142567096475e-01,7.863042507282012039e-01,7.830646094313100658e-01,7.796519770340195610e-01,7.760583657995021589e-01,7.722768007737943474e-01,7.683006788861637126e-01,7.641235621143114276e-01,7.597391025119170083e-01,7.551410197466548180e-01,7.503231035661360737e-01,7.452792297727488524e-01,7.400033843690851931e-01,7.344896931343353197e-01,7.287324551062586142e-01,7.227261790447135903e-01,7.164656222596622603e-01,7.099458313419815259e-01,7.031621844088571383e-01,6.961104345023422235e-01,6.887867537796468209e-01,6.811877781177064772e-01,6.733106517297806626e-01,6.651530713622906266e-01,6.567133296094693762e-01,6.479903568536273806e-01,6.389837613122629767e-01,6.296938666513975935e-01,6.201217466090224173e-01,6.102692560646716391e-01,6.001390579924280599e-01,5.897346457457445235e-01,5.790603601447529281e-01,5.681214008705086638e-01,5.569238317165393637e-01
7.643939393939394034e-01,5.445264882581635213e-01,5.556648221961932865e-01,5.665645188978065683e-01,5.772191260438329641e-01,5.876229700306279113e-01,5.977711575883641881e-01,6.076595716268674563e-01,6.172848616544729383e-01,6.266444291626027674e-01,6.357364084065254550e-01,6.445596430405450272e-01,6.531136590845419976e-01,6.613986347085305528e-01,6.694153673235609947e-01,6.771652384619446519e-01,6.846501769181403407e-01,6.918726206053742445e-01,6.988354775631602234e-01,7.055420865295506383e-01,7.119961774708150060e-01,7.182018324435421874e-01,7.241634471538966888e-01,7.298856935821693703e-01,7.353734840687070617e-01,7.406319373285191743e-01,7.456663470117141923e-01,7.504821537272753362e-01,7.550849220513138338e-01,7.594803253067893278e-01,7.636741437537805099e-01,7.676722889811217199e-01,7.714808882065623541e-01,7.751065393355995869e-01,7.785572723409757145e-01,7.818528418942077840e-01,7.849568406650699881e-01,7.878856903630838682e-01,7.906550465952784101e-01,7.932693310684327814e-01,7.957328826431645519e-01,7.980498348541917863e-01,8.002240682941865746e-01,8.022591805197391013e-01,8.041584651936548589e-01,8.059249014461535854e-01,8.075611585724994379e-01,8.090696246170331341e-01,8.104524706755940056e-01,8.117117650828031827e-01,8.128496509802838332e-01,8.138685936647671593e-01,8.147716864681471272e-01,8.155629734762727123e-01,8.162477085447421565e-01,8.168324396225106199e-01,8.173248135048865048e-01,8.177330633037459551e-01,8.180652621172626038e-01,8.183285457266794571e-01,8.185285452263846295e-01,8.186691868319065923e-01,8.187528513918503892e-01,8.187807343361706014e-01,8.187531839444971427e-01,8.186698370860240326e-01,8.185294842623367373e-01,8.183297322869554913e-01,8.180666454576320801e-01,8.177345871188346216e-01,8.173264205149303185e-01,8.168340760932948363e-01,8.162493279492015752e-01,8.155645387474071972e-01,8.147731707088377018e-01,8.138699795642786450e-01,8.128509293973695815e-01,8.117129332676755737e-01,8.104535304960898134e-01,8.090705810087195360e-01,8.075620183011970044e-01,8.059256721875048823e-01,8.041591548891002805e-01,8.022597969519211780e-01,8.002246188249314551e-01,7.980503262757726590e-01,7.957333211025859887e-01,7.932697220309221642e-01,7.906553948116510355e-01,7.878859997761634704e-01,7.849571139915900719e-01,7.818520036508515014e-01,7.785542499147835027e-01,7.751031619239275861e-01,7.714776073749803897e-01,7.676692843066191818e-01,7.636714817878581529e-01,7.594780177104376584e-01,7.550829527630933402e-01,7.504804931528470391e-01,7.456649598432686377e-01,7.406307869398609522e-01,7.353725349659742117e-01,7.298849127143293147e-01,7.241628045438093242e-01,7.182013014132641038e-01,7.119957346277310251e-01,7.055417116161047941e-01,6.988351532340952854e-01,6.918723321720643415e-01,6.846499120842640673e-01,6.771649870650143788e-01,6.694151210905193716e-01,6.613983870296562539e-01,6.531134048074273002e-01,6.445593782842659047e-01,6.357361303952662190e-01,6.266441360773784552e-01,6.172845525013945789e-01,6.076592461202195983e-01,5.977708160467879450e-01,5.876226132847682804e-01,5.772187553538480342e-01,5.665641358793189752e-01,5.556644287532678250e-01,5.445260865220875601e-01
7.681818181818181879e-01,5.325789811235671634e-01,5.436316139569349337e-01,5.544636785564847070e-01,5.650684915810776365e-01,5.754400669558027426e-01,5.855731228840771463e-01,5.954630834872751688e-01,6.051060753341623855e-01,6.144989191684714358e-01,6.236391171814422707e-01,6.325248362067559249e-01,6.411548872381379605e-01,6.495287016853279471e-01,6.576463047925008576e-01,6.655082866451940138e-01,6.731157711884010464e-01,6.804703836703770437e-01,6.875742169155448780e-01,6.944297968169165225e-01,7.010400474259398385e-01,7.074082560084468119e-01,7.135380384337334236e-01,7.194333052766098691e-01,7.250982290515685103e-01,7.305372130852315626e-01,7.357548627104437688e-01,7.407559598197241968e-01,7.455454425431515819e-01,7.501283933970808171e-01,7.545100430079489939e-01,7.586958066703040071e-01,7.626914040976364717e-01,7.665032579719003314e-01,7.701405276173194370e-01,7.736124094572002230e-01,7.768834333508751744e-01,7.799876154653433424e-01,7.829290511862507795e-01,7.857120400575497987e-01,7.883407845423857641e-01,7.908193234158980012e-01,7.931514985888294955e-01,7.953409323139015719e-01,7.973910105938435411e-01,7.993048732377280308e-01,8.010854132337211775e-01,8.027352898970504524e-01,8.042569619199514408e-01,8.056527476919504993e-01,8.069249202526753706e-01,8.080758416584569170e-01,8.091081345959341142e-01,8.100248766559929869e-01,8.108297853941901501e-01,8.115273449214148727e-01,8.121228167966749734e-01,8.126220907267399651e-01,8.130313691596251502e-01,8.133567342516128118e-01,8.136036900365990476e-01,8.137767794475173622e-01,8.138793373924765318e-01,8.139133788074935927e-01,8.138795716625573107e-01,8.137772366564057780e-01,8.136043484821714467e-01,8.133575637269625513e-01,8.130323335727468459e-01,8.126231511842223476e-01,8.121239347392733565e-01,8.115284848663463224e-01,8.108309169319513066e-01,8.100259755382716031e-01,8.091091829581047445e-01,8.080768275715602966e-01,8.069258368617335808e-01,8.056535921812281176e-01,8.042577344855083021e-01,8.027359928350630280e-01,8.010860501920353816e-01,7.993054486390710478e-01,7.973915292131680266e-01,7.953413989830335762e-01,7.931519179997124080e-01,7.908196999961341067e-01,7.883411223804708268e-01,7.857123428582692970e-01,7.829293222364661631e-01,7.799878575797294378e-01,7.768836487075951869e-01,7.736125986910940000e-01,7.701387157550004803e-01,7.665008084253637222e-01,7.626889015086186774e-01,7.586934651772747618e-01,7.545079489702412046e-01,7.501265739347070527e-01,7.455438947839609920e-01,7.407546656130027385e-01,7.357537966452313283e-01,7.305363470266174053e-01,7.250975347300341323e-01,7.194327557396106299e-01,7.135376088152736163e-01,7.074079238852049034e-01,7.010397929232238257e-01,6.944296025657571425e-01,6.875740679245051501e-01,6.804702671522068202e-01,6.731156763667193177e-01,6.655082045568264659e-01,6.576462280948828232e-01,6.495286244743776471e-01,6.411548048794096788e-01,6.325247451809878907e-01,6.236390149445857345e-01,6.144988040256419426e-01,6.051059463265769933e-01,5.954629402910142089e-01,5.855729657194715942e-01,5.754398965061969795e-01,5.650683089197433562e-01,5.544634850805482129e-01,5.436314113271988324e-01,5.325787712092003856e-01
7.719696969696969724e-01,5.209362065496937477e-01,5.318790995294975232e-01,5.426177334476718350e-01,5.531453208824401724e-01,5.634556951391446189e-01,5.735433214577168037e-01,5.834033032494069237e-01,5.930313835606110251e-01,6.024239420047242666e-01,6.115779874401716665e-01,6.204911467038890516e-01,6.291616497343659464e-01,6.375883114369910176e-01,6.457705106572317888e-01,6.537081666343927955e-01,6.614017133111180780e-01,6.688520718722329450e-01,6.760606218820933710e-01,6.830291713836473821e-01,6.897599263172733419e-01,6.962554596157183306e-01,7.025186803381670009e-01,7.085528032288661571e-01,7.143613191380108196e-01,7.199479668497082985e-01,7.253167070761407098e-01,7.304716998092746216e-01,7.354172871339101913e-01,7.401579856777327215e-01,7.446984981142283910e-01,7.490437685986774952e-01,7.531991645749688269e-01,7.571711872050840286e-01,7.609752810858113614e-01,7.645822665219946801e-01,7.680078412535465970e-01,7.712641474570113287e-01,7.743552336190764329e-01,7.772851800039288772e-01,7.800579790188149065e-01,7.826774931270219504e-01,7.851474298206486679e-01,7.874713232369130456e-01,7.896525202608617455e-01,7.916941714065008906e-01,7.935992280321665371e-01,7.953704484484467319e-01,7.970104163786205786e-01,7.985215759034867133e-01,7.999062870001225622e-01,8.011669045721511173e-01,8.023058805318711295e-01,8.033258824670554965e-01,8.042299137845643209e-01,8.050214106165629602e-01,8.057042839168648829e-01,8.062828761622726770e-01,8.067618148495845354e-01,8.071457686443316293e-01,8.074391387978696599e-01,8.076457363728819505e-01,8.077684962239821687e-01,8.078092628802961972e-01,8.077686624300263185e-01,8.076460606763904426e-01,8.074396057706675345e-01,8.071463570155653633e-01,8.067624994732398580e-01,8.062836302025122581e-01,8.057050809491396182e-01,8.050222263771509290e-01,8.042307273942638224e-01,8.033266770756596342e-01,8.023066434400411007e-01,8.011676269577888698e-01,7.999069633997121231e-01,7.985222035849801614e-01,7.970109947084946800e-01,7.953709783173128489e-01,7.935997113706034778e-01,7.916946107994421444e-01,7.896529186536130895e-01,7.874716837206846565e-01,7.851477554818143689e-01,7.826777869450470826e-01,7.800582437994048046e-01,7.772854183353848923e-01,7.743554478400608287e-01,7.712643396197514933e-01,7.680080130455028131e-01,7.645824189813534844e-01,7.609748114862761037e-01,7.571694960782601180e-01,7.531972827439786800e-01,7.490419543127501134e-01,7.446968558009890993e-01,7.401565548319423149e-01,7.354160750848849348e-01,7.304706972422582156e-01,7.253158962830281720e-01,7.199473263734104123e-01,7.143608264502725458e-01,7.085524362717097180e-01,7.025184183851245212e-01,6.962552837179500909e-01,6.897598194946529260e-01,6.830291186601571418e-01,6.760606102281241370e-01,6.688520900937433566e-01,6.614017519110645393e-01,6.537082176626284324e-01,6.457705675589139327e-01,6.375883689056572878e-01,6.291617035731601471e-01,6.204911936967377750e-01,6.115780252335989431e-01,6.024239690002997083e-01,5.930313988175590634e-01,5.834033063966780341e-01,5.735433126146671778e-01,5.634556748438950269e-01,5.531452900270026340e-01,5.426176932189020752e-01,5.318790513550194499e-01,5.209361520479178775e-01
7.757575757575757569e-01,5.096490602797514313e-01,5.204636470627477252e-01,5.310886064302060561e-01,5.415171471202500086e-01,5.517430275223745850e-01,5.617605701190767631e-01,5.715646713399370471e-01,5.811508069777965302e-01,5.905150333555306830e-01,5.996539844666224361e-01,6.085648653428065158e-01,6.172454419271264925e-01,6.256940277509638326e-01,6.339094677288411583e-01,6.418911193955143535e-01,6.496388319164698721e-01,6.571529232061658066e-01,6.644341554891896040e-01,6.714837096394160598e-01,6.783031586331823570e-01,6.848944404578091172e-01,6.912598308314403805e-01,6.974019161231190811e-01,7.033235669294066739e-01,7.090279128972283296e-01,7.145183196478238630e-01,7.197983692018518065e-01,7.248718464966187325e-01,7.297427374334387595e-01,7.344152516345905379e-01,7.388939084613067587e-01,7.431838366107650362e-01,7.472923294470372735e-01,7.512263539051634575e-01,7.549581095421875609e-01,7.585155422344448395e-01,7.619021822298345237e-01,7.651218506073674819e-01,7.681783593100507401e-01,7.710754480939139288e-01,7.738167545749723431e-01,7.764057939072088743e-01,7.788459429934758704e-01,7.811404280933901267e-01,7.832923160530618212e-01,7.853045101345778045e-01,7.871797520237828749e-01,7.889206320757858881e-01,7.905296102412143755e-01,7.920090500646479459e-01,7.933612674082203275e-01,7.945885936865585419e-01,7.956934500583903169e-01,7.966784241987577841e-01,7.975463356813717875e-01,7.983002713397620020e-01,7.989435707885736981e-01,7.994797470025606367e-01,7.999123381868213922e-01,8.002447027845704941e-01,8.004797842300122035e-01,8.006198804828262849e-01,8.006664528699182215e-01,8.006200009793722483e-01,8.004800194607245567e-01,8.002450418084170458e-01,7.999127659613788355e-01,7.994802457900596071e-01,7.989441216824711978e-01,7.983008557017832185e-01,7.975469363194465089e-01,7.966790261862239930e-01,7.956940411725825779e-01,7.945891645096041511e-01,7.933618111717203325e-01,7.920095623316834033e-01,7.905300885101819164e-01,7.889210753707310841e-01,7.871801605135193558e-01,7.853048848032185836e-01,7.832926584300291539e-01,7.811407400416180424e-01,7.788462265495932346e-01,7.764060511643462448e-01,7.738169875998653913e-01,7.710756588697121883e-01,7.681785496970670035e-01,7.651220223142949362e-01,7.619023367863111407e-01,7.585156809475797068e-01,7.549582333795482603e-01,7.512264628851329507e-01,7.472912960128550441e-01,7.431824571577183569e-01,7.388925162318414896e-01,7.344139702625278598e-01,7.297416170098246502e-01,7.248709024679005353e-01,7.197975991742932012e-01,7.145177119650135689e-01,7.090274513929722966e-01,7.033232336680855790e-01,6.974016929988393620e-01,6.912597004893807906e-01,6.848943868017189907e-01,6.783031670767005750e-01,6.714837671984744683e-01,6.644342507769208650e-01,6.571530463695938185e-01,6.496389745403009508e-01,6.418912743893295803e-01,6.339096292081075612e-01,6.256941909183901807e-01,6.172456029583035519e-01,6.085650212784012858e-01,5.996541331122220431e-01,5.905151731895134093e-01,5.811509370671616992e-01,5.715647912636628858e-01,5.617606798984763339e-01,5.517431275577585614e-01,5.415172381332029605e-01,5.310886894107414991e-01,5.204637232206404951e-01,5.096491309993415042e-01
7.795454545454545414e-01,4.989047749828612321e-01,5.095800427660077681e-01,5.200786844066451753e-01,5.303939819170382375e-01,5.405197016086035200e-01,5.504501110130258779e-01,5.601799915671533681e-01,5.697046471767706066e-01,5.790199088083930468e-01,5.881221352895383836e-01,5.970082105258147642e-01,6.056755373674450604e-01,6.141220283781766431e-01,6.223460937759834888e-01,6.303466268277462259e-01,6.381229869895151952e-01,6.456749810906734499e-01,6.530028428652422390e-01,6.601072111381943719e-01,6.669891069809975592e-01,6.736499101623542041e-01,6.800913352429742709e-01,6.863154077078592596e-01,6.923244406156807695e-01,6.981210124127719130e-01,7.037079468958019612e-01,7.090882970172590616e-01,7.142653358452657475e-01,7.192425620937867858e-01,7.240237397869058178e-01,7.286130368657005585e-01,7.330155778045864823e-01,7.372432511698028268e-01,7.412736098863430545e-01,7.451179891092389873e-01,7.487872819565403182e-01,7.522849259065396144e-01,7.556144584851628432e-01,7.587794014336948223e-01,7.617832209724625381e-01,7.646293044081603485e-01,7.673209426427584079e-01,7.698613159390700345e-01,7.722534823400574178e-01,7.745003689315504980e-01,7.766047665785952292e-01,7.785693291573035912e-01,7.803965785833836266e-01,7.820889171257334738e-01,7.836486484320132062e-01,7.850780081937313026e-01,7.863792042084367662e-01,7.875544635596972709e-01,7.886060817179885163e-01,7.895364649311339411e-01,7.903481542256316494e-01,7.910438180854151291e-01,7.916262029103980913e-01,7.920980364924693484e-01,7.924618892925073821e-01,7.927200088489223528e-01,7.928741508689904904e-01,7.929254337250064566e-01,7.928742403160992103e-01,7.927201835913889605e-01,7.924621414487481585e-01,7.920983552253867410e-01,7.916265754302121982e-01,7.910442307298222175e-01,7.903485934706955263e-01,7.895369182192613078e-01,7.886065380390163693e-01,7.875549137728959925e-01,7.863796411345732595e-01,7.850784265307192422e-01,7.836490445550674533e-01,7.820892888276957944e-01,7.803969247987163627e-01,7.785696496993238513e-01,7.766050619068668448e-01,7.745006399567611055e-01,7.722537302671267367e-01,7.698615421453688379e-01,7.673211485864752657e-01,7.646294915614951782e-01,7.617833907735315213e-01,7.587795552524893017e-01,7.556145975986400254e-01,7.522850514770883512e-01,7.487873950048025140e-01,7.451180904574253860e-01,7.412736999602160815e-01,7.372429426042549361e-01,7.330146140247363329e-01,7.286119845134422235e-01,7.240227473256398705e-01,7.192416896323531317e-01,7.142646055599858324e-01,7.090877120327150340e-01,7.037075003542844209e-01,6.981206923650713492e-01,6.923242328162910741e-01,6.863152972533799190e-01,6.800913075328884894e-01,6.736499514481191220e-01,6.669892046597213353e-01,6.601073538864603574e-01,6.530030206732169162e-01,6.456751852349832399e-01,6.381232099698427307e-01,6.303468622833510171e-01,6.223463363926533543e-01,6.141222737923549557e-01,6.056757820717423302e-01,5.970084517784446376e-01,5.881223710291008100e-01,5.790201375746394374e-01,5.697048680375476071e-01,5.601802040513620407e-01,5.504503150492491281e-01,5.405198974689350289e-01,5.303941701655748853e-01,5.200788658520791863e-01,5.095802184177404826e-01,4.989049460100766775e-01
7.833333333333333259e-01,4.892418273933188955e-01,4.997818829043180200e-01,5.101566439235479811e-01,5.203595177625058854e-01,5.303843366056842923e-01,5.402253763564943689e-01,5.498773715557665476e-01,5.593355264647676961e-01,5.685955224336699532e-01,5.776535217037194192e-01,5.865061678165807146e-01,5.951505828268225384e-01,6.035843615331888401e-01,6.118055629610089641e-01,6.198126993418195951e-01,6.276047228475559736e-01,6.351810103458490619e-01,6.425413464510630890e-01,6.496859051542411834e-01,6.566152303263771417e-01,6.633302154074498524e-01,6.698320826254122728e-01,6.761223621476402101e-01,6.822028716774265478e-01,6.880756972228336821e-01,6.937431762033874350e-01,6.992078850161727033e-01,7.044726354702562920e-01,7.095404907206581679e-01,7.144148316987422032e-01,7.190995942142155428e-01,7.236004930863411122e-01,7.279236929978789572e-01,7.320443808525792795e-01,7.359868957942397039e-01,7.397540822494009793e-01,7.433491308960370469e-01,7.467752815007674405e-01,7.500357626017124524e-01,7.531337629792773658e-01,7.560724120821100680e-01,7.588547643291680966e-01,7.614837858599936560e-01,7.639623433995361701e-01,7.662931954025904435e-01,7.684789859165034320e-01,7.705222418329126244e-01,7.724253743781686055e-01,7.741906857852630663e-01,7.758203820169253806e-01,7.773165920502985715e-01,7.786813934484657640e-01,7.799168426183984426e-01,7.810250062830134121e-01,7.820079884930124514e-01,7.828679455057722114e-01,7.836070799097201167e-01,7.842276064266193725e-01,7.847316855162542737e-01,7.851213270550896350e-01,7.853982736949530752e-01,7.855638799361540636e-01,7.856190063274477442e-01,7.855639472271996882e-01,7.853984052500951885e-01,7.851215171245733426e-01,7.847319261846189553e-01,7.842278883325645156e-01,7.836073930202452908e-01,7.828682798411846777e-01,7.820083347238230287e-01,7.810253561547092493e-01,7.799171891954885805e-01,7.786817311970394284e-01,7.773169167948719149e-01,7.758206908126019652e-01,7.741909767432740841e-01,7.724256464751808604e-01,7.705224947254006862e-01,7.684792197730884178e-01,7.662934107605954281e-01,7.639625410472979938e-01,7.614839667436207327e-01,7.588549294807980239e-01,7.560725625661248728e-01,7.531338998528291917e-01,7.500358868863528095e-01,7.467753941612452762e-01,7.433492328229963642e-01,7.397541742409809995e-01,7.359869785253317920e-01,7.320444547924813694e-01,7.279237579760785559e-01,7.235998906073761727e-01,7.190988171870893453e-01,7.144140700291712331e-01,7.095398153932233054e-01,7.044720746064677686e-01,6.992074462544591862e-01,6.937428565304236683e-01,6.880754880635453485e-01,6.822027617536231547e-01,6.761223391483103251e-01,6.698321341947646168e-01,6.633303297224876216e-01,6.566153964204325399e-01,6.496861130809007401e-01,6.425415873474890072e-01,6.351812764332159800e-01,6.276050073930425910e-01,6.198129965981727940e-01,6.118058680941274030e-01,6.035846705445535587e-01,5.951508924751364171e-01,5.865064755413317288e-01,5.776538255522770671e-01,5.685958209927846063e-01,5.593358187968294759e-01,5.498776571398505952e-01,5.402256550340249763e-01,5.303846085303846047e-01,5.203597833542554785e-01,5.101569038256784649e-01,4.997821379439078004e-01,4.892420785440081965e-01
7.871212121212121104e-01,4.801774980904736645e-01,4.905789748127882821e-01,5.008251058398476285e-01,5.109094686068472724e-01,5.208260111487891253e-01,5.305690724412787107e-01,5.401333990807080099e-01,5.495141583820472020e-01,5.587069479961929153e-01,5.677078021719357270e-01,5.765131948096327008e-01,5.851200394739340949e-01,5.935256865512653635e-01,6.017279177539178736e-01,6.097249381866381990e-01,6.175153662039017943e-01,6.250982212969214968e-01,6.324729102600677999e-01,6.396392118982319186e-01,6.465972605525647232e-01,6.533475287464507453e-01,6.598908092953652549e-01,6.662281972993162604e-01,6.723610725779787245e-01,6.782910833877116019e-01,6.840201328447914619e-01,6.895503708084369521e-01,6.948841973451592713e-01,7.000242938329471754e-01,7.049737345248828779e-01,7.097364313581197015e-01,7.143213900200284794e-01,7.187119811888770249e-01,7.229139961761733568e-01,7.269381677311899104e-01,7.307872563803962107e-01,7.344641691864182143e-01,7.379718480134819236e-01,7.413132316869236460e-01,7.444912335174844742e-01,7.475087241500089075e-01,7.503685170965598283e-01,7.530733561707205759e-01,7.556259046522663114e-01,7.580287363098159314e-01,7.602843285963752917e-01,7.623950584780443407e-01,7.643632014650272311e-01,7.661909344590855930e-01,7.678803429587137686e-01,7.694334328952605606e-01,7.708521468222060413e-01,7.721383832763131227e-01,7.732940168754522947e-01,7.743209152543324425e-01,7.752209476078315564e-01,7.759959789539988551e-01,7.766478448728759698e-01,7.771783038822279721e-01,7.775889687456101207e-01,7.778812231298812829e-01,7.780561347630380320e-01,7.781143790119171566e-01,7.780561864458169774e-01,7.778813242369615466e-01,7.775891149833458194e-01,7.771784893307239761e-01,7.766480625143831196e-01,7.759962212417502725e-01,7.752212070004500521e-01,7.743211846588644587e-01,7.732942899670945947e-01,7.721386546880074642e-01,7.708524122169655435e-01,7.694336889458445183e-01,7.678805872634127949e-01,7.661911654206305933e-01,7.643634181546127282e-01,7.623952605003303518e-01,7.602845159654163520e-01,7.580289093411518575e-01,7.556260638729660473e-01,7.530735022468996176e-01,7.503686507766643699e-01,7.475088462215373486e-01,7.444913447746446256e-01,7.413133329067769228e-01,7.379719399382103084e-01,7.344642525095944618e-01,7.307873317335398244e-01,7.269382356652610566e-01,7.229140571218847233e-01,7.187120353159542896e-01,7.143211735105484683e-01,7.097358831110218702e-01,7.049731592177723716e-01,7.000237763251642154e-01,6.948837714529646492e-01,6.895500479941796268e-01,6.840199132292155149e-01,6.782909611280355522e-01,6.723610388075220712e-01,6.662282418277519769e-01,6.598909216162087699e-01,6.533476986338386805e-01,6.465974784054566715e-01,6.396394689259784494e-01,6.324731985674205692e-01,6.250985339054330181e-01,6.175156970336415085e-01,6.097252820139464902e-01,6.017282701555095592e-01,5.935260438414835527e-01,5.851203986395748791e-01,5.765135534451881760e-01,5.677081584169528794e-01,5.587073004757696637e-01,5.495145061509806306e-01,5.401337415714311252e-01,5.305694094155594120e-01,5.208263426529733398e-01,5.109097949303764707e-01,5.008254274766804626e-01,4.905792924253782328e-01,4.801778124759050193e-01
7.909090909090908950e-01,4.714947145911637660e-01,4.817526373792588301e-01,4.918639966538441155e-01,5.018225753082702356e-01,5.116224770422947987e-01,5.212581478836678661e-01,5.307243942750792254e-01,5.400163977986756070e-01,5.491297266287004097e-01,5.580603438216122925e-01,5.668046125715324735e-01,5.753592985766207146e-01,5.837215696784648911e-01,5.918889929517588966e-01,5.998595294353279428e-01,6.076315267082115223e-01,6.152037095266630340e-01,6.225751687505229892e-01,6.297453488023414536e-01,6.367140339230639157e-01,6.434813335197121509e-01,6.500476669539797525e-01,6.564137482169417614e-01,6.625805711183987423e-01,6.685493959888205717e-01,6.743217396931604490e-01,6.798993726650545133e-01,6.852843318404797657e-01,6.904789751682104404e-01,6.954861758764374624e-01,7.003102990214524759e-01,7.049575312819489348e-01,7.094035022795801559e-01,7.136704045118348327e-01,7.177603784054578107e-01,7.216759517778899014e-01,7.254197426516958425e-01,7.289944020827391347e-01,7.324025870974147923e-01,7.356469418253541726e-01,7.387300820135797030e-01,7.416545814976793771e-01,7.444229601844296607e-01,7.470376734679355923e-01,7.495011031864691198e-01,7.518155503499511783e-01,7.539832299626223477e-01,7.560062683320041277e-01,7.578867032738394460e-01,7.596264875556397733e-01,7.612274957172128209e-01,7.626915340076615424e-01,7.640203525420599107e-01,7.652156579128112091e-01,7.662791234892001313e-01,7.672123937340198374e-01,7.680170784225833769e-01,7.686947330924898125e-01,7.692468237079911342e-01,7.696746764000345076e-01,7.699794167699612890e-01,7.701619066830627247e-01,7.702226885855034677e-01,7.701619472438250291e-01,7.699794961627609569e-01,7.696747913356090098e-01,7.692469696445971561e-01,7.686949046343337644e-01,7.680172697495496470e-01,7.672125990069030843e-01,7.662793371879161874e-01,7.652158750834996415e-01,7.640205689474223183e-01,7.626917461893586436e-01,7.612277009879238054e-01,7.596266839416417893e-01,7.578868894280189616e-01,7.560064434337561146e-01,7.539833936167350537e-01,7.518157024923148857e-01,7.495012440009768406e-01,7.470378033162982101e-01,7.444230795488787633e-01,7.416546909355474781e-01,7.387301821221442522e-01,7.356470332152212910e-01,7.324026703726510545e-01,7.289944778260580849e-01,7.254198114129730701e-01,7.216760140639800758e-01,7.177604346684519632e-01,7.136704551275879771e-01,7.094035474885164172e-01,7.049575708607598301e-01,7.003099499532464689e-01,6.954857526259230482e-01,6.904785845268927025e-01,6.852840136769108303e-01,6.798991418241898677e-01,6.743215988945812089e-01,6.685493416217133111e-01,6.625805962889880218e-01,6.564138444808605977e-01,6.500478253384281979e-01,6.434815451327703384e-01,6.367142903117088970e-01,6.297456421532384718e-01,6.225754919909203267e-01,6.152040563616629765e-01,6.076318916177965157e-01,5.998599076464898872e-01,5.918893803958641398e-01,5.837219629405757670e-01,5.753596948411816570e-01,5.668050095672940714e-01,5.580607397675986237e-01,5.491301201823234335e-01,5.400167880065824821e-01,5.307247805270116636e-01,5.212585298693643843e-01,5.116228547113400582e-01,5.018229488326898524e-01,4.918643663931593912e-01,4.817530038477290111e-01,4.714950784268751582e-01
7.946969696969696795e-01,4.629984312737653873e-01,4.731056766608085495e-01,4.830741348706423244e-01,4.928978232752290745e-01,5.025710342274354314e-01,5.120883575317519698e-01,5.214446996671492363e-01,5.306352998345773564e-01,5.396557429147743612e-01,5.485019694361951137e-01,5.571702826679194587e-01,5.656573529671981015e-01,5.739602195257610395e-01,5.820762896728013391e-01,5.900033359056736648e-01,5.977394908320874389e-01,6.052832402204986195e-01,6.126334143697425016e-01,6.197891780268690587e-01,6.267500191074311111e-01,6.335157365122383588e-01,6.400864274026225598e-01,6.464624744201568074e-01,6.526445335771089429e-01,6.586335240428539128e-01,6.644306221773701449e-01,6.700372649989918550e-01,6.754551765747991432e-01,6.806864611297248624e-01,6.857339671550074511e-01,6.906043818315472649e-01,6.952860277723501570e-01,6.997789477363439703e-01,7.040942264277394447e-01,7.082339508840682640e-01,7.122003859107391976e-01,7.159958674844894011e-01,7.196227673915905898e-01,7.230834720144145855e-01,7.263803658371726923e-01,7.295158172145618236e-01,7.324921656184454344e-01,7.353117101141979362e-01,7.379766990394963644e-01,7.404893209769799478e-01,7.428516971934977509e-01,7.450658757805255217e-01,7.471338277709188569e-01,7.490574455111657093e-01,7.508385435090192406e-01,7.524788618183319011e-01,7.539800717273322794e-01,7.553437830566664957e-01,7.565715517561365511e-01,7.576648857860951436e-01,7.586252466423520913e-01,7.594540435855583471e-01,7.601526179641886483e-01,7.607222162058129289e-01,7.611639521111019935e-01,7.614787616993347052e-01,7.616673563622683440e-01,7.617301816539334691e-01,7.616673889866181213e-01,7.614788255855363674e-01,7.611640446648538783e-01,7.607223338405281199e-01,7.601527564110797108e-01,7.594541982287406068e-01,7.586254128358954629e-01,7.576650591201371521e-01,7.565717282532590238e-01,7.553439592937358782e-01,7.539802448891199660e-01,7.524790296960381930e-01,7.508387044594458937e-01,7.490575983917602265e-01,7.471339718634193439e-01,7.450660107127159426e-01,7.428518228654148459e-01,7.404894374951559444e-01,7.379768066608690669e-01,7.353118091998639416e-01,7.324922565966065502e-01,7.295159005515744477e-01,7.263804420153755492e-01,7.230835415154545087e-01,7.196228306839242972e-01,7.159959250138472342e-01,7.122004380921288513e-01,7.082339980933934909e-01,7.040942689890947737e-01,6.997789858934793106e-01,6.952860615825058321e-01,6.906042350859429302e-01,6.857336697008414861e-01,6.806861725686074172e-01,6.754549441450986569e-01,6.700371067186028373e-01,6.644305429650179118e-01,6.586335221250945171e-01,6.526446036818526197e-01,6.464626095469040434e-01,6.400866198567047860e-01,6.335159785218428263e-01,6.267503031902519339e-01,6.197894972011119830e-01,6.126337622664094207e-01,6.052836111325119450e-01,5.977398797231137095e-01,5.900037383936026503e-01,5.820767019977667323e-01,5.739606385093001251e-01,5.656577759668964811e-01,5.571707075304279666e-01,5.485023944504384685e-01,5.396561667665296103e-01,5.306357215630594926e-01,5.214451186239708047e-01,5.120887733423529209e-01,5.025714467549450282e-01,4.928982325866504421e-01,4.830745412051270504e-01,4.731060803997924613e-01,4.629988329127118218e-01
7.984848484848485750e-01,4.549764117012799480e-01,4.649337823744049691e-01,4.747591449192067881e-01,4.844467697716463017e-01,4.939911602387840883e-01,5.033870757747356262e-01,5.126295521554342649e-01,5.217139186306187781e-01,5.306358121391032689e-01,5.393911886831714853e-01,5.479763319691816070e-01,5.563878594333526717e-01,5.646227257838285496e-01,5.726782242023820135e-01,5.805519853613029246e-01,5.882419744235312109e-01,5.957464862076891077e-01,6.030641387156308042e-01,6.101938652411599273e-01,6.171349053094056236e-01,6.238867947459973973e-01,6.304493552617050911e-01,6.368226840990175441e-01,6.430071446073878372e-01,6.490033593018432745e-01,6.548122085870083930e-01,6.604348426982568077e-01,6.658727284332289775e-01,6.711278114744423373e-01,6.762032971223104205e-01,6.811059192237876037e-01,6.858103371024255601e-01,6.903374758003224532e-01,6.946888029796611796e-01,6.988662042437822075e-01,7.028716831982586566e-01,7.067073085111136299e-01,7.103751889171768807e-01,7.138774555244770115e-01,7.172162470061533845e-01,7.203936963796733206e-01,7.234119189363150682e-01,7.262730011881651793e-01,7.289789908349700864e-01,7.315318878301342309e-01,7.339336366790621957e-01,7.361861201436358249e-01,7.382911545507581108e-01,7.402504868988345477e-01,7.420657939047249352e-01,7.437386830095104040e-01,7.452706951381494749e-01,7.466633086681900844e-01,7.479179436134917314e-01,7.490359645241683184e-01,7.500186801605619458e-01,7.508673377982479913e-01,7.515831102751761028e-01,7.521670747672126733e-01,7.526201837898244262e-01,7.529432308441593724e-01,7.531368149778553400e-01,7.532013097018560588e-01,7.531368416736068383e-01,7.529432831378748414e-01,7.526202595900954861e-01,7.521671711799794435e-01,7.515832238511712671e-01,7.508674648008148989e-01,7.500188168196687544e-01,7.490361072505488105e-01,7.479180891577984491e-01,7.466634542211509906e-01,7.452708383764314881e-01,7.437388220974091579e-01,7.420659274639600511e-01,7.402506139584356104e-01,7.382912744871510391e-01,7.361862326185623084e-01,7.339337415804888520e-01,7.315319852192014860e-01,7.289790809003705574e-01,7.262730842082616434e-01,7.234119952485609240e-01,7.203937663565201932e-01,7.172163110364941918e-01,7.138775139995707786e-01,7.103752422200941830e-01,7.067073570087363255e-01,7.028717272348449230e-01,6.988662441348255649e-01,6.946888390038556960e-01,6.903375081840560368e-01,6.858103659748804315e-01,6.811059443444630324e-01,6.762031065028718535e-01,6.711276045823564296e-01,6.658725633873344707e-01,6.604347407602716435e-01,6.548121765917671588e-01,6.490033969984930762e-01,6.430072480561892512e-01,6.368228474903376846e-01,6.304495719623567362e-01,6.238870579210605838e-01,6.171352082938298400e-01,6.101942017573231958e-01,6.030645029935376433e-01,5.957468730428244763e-01,5.882423791946974623e-01,5.805524040229982363e-01,5.726786532613570291e-01,5.646231622662363225e-01,5.563883008467749303e-01,5.479767762623584115e-01,5.393916342053088897e-01,5.306362575999106213e-01,5.217143630617914196e-01,5.126299948739928558e-01,5.033875163483549908e-01,4.939915984531594306e-01,4.844472055998043647e-01,4.747595784926065821e-01,4.649342139556359998e-01,4.549768416581589925e-01
8.022727272727272485e-01,4.473906700667419356e-01,4.572000320497426884e-01,4.668832814005861587e-01,4.764349545290179067e-01,4.858497818387242373e-01,4.951227117278164669e-01,5.042489315966879326e-01,5.132238859521385255e-01,5.220432916988866356e-01,5.307031507150054006e-01,5.391997598150928273e-01,5.475297182138828544e-01,5.556899326128380556e-01,5.636776200425890337e-01,5.714903086053958470e-01,5.791258362739153398e-01,5.865823479166549781e-01,5.938582907383646026e-01,6.009524083480248802e-01,6.078637337046206568e-01,6.145915812530482469e-01,6.211355386731348682e-01,6.274954588761870733e-01,6.336714533174379049e-01,6.396638886636851762e-01,6.454733912785122207e-01,6.511008709965465657e-01,6.565476007797029778e-01,6.618155172748559911e-01,6.669094684185206123e-01,6.718220201893538857e-01,6.765476175997763297e-01,6.810979832252537225e-01,6.854745803230849477e-01,6.896790676527431163e-01,6.937131999175000230e-01,6.975787957518497784e-01,7.012777183168826811e-01,7.048118599311753441e-01,7.081831285556740019e-01,7.113934354347418720e-01,7.144446836542244217e-01,7.173387575527473414e-01,7.200775130061226603e-01,7.226627686545110674e-01,7.250962981778672489e-01,7.273798237514071952e-01,7.295150108263026567e-01,7.315034643725940589e-01,7.333467266768309845e-01,7.350462766882644994e-01,7.366035307358055340e-01,7.380198441819485478e-01,7.392965132466905454e-01,7.404347758649232336e-01,7.414358101216503849e-01,7.423007286736251764e-01,7.430305677681600107e-01,7.436262701320588420e-01,7.440886621362939879e-01,7.444184270792196800e-01,7.446160778187779217e-01,7.446819328641773872e-01,7.446161000155681053e-01,7.444184705696642590e-01,7.440887251992046592e-01,7.436263503842318601e-01,7.430306623666544930e-01,7.423008345348601766e-01,7.414359241295500613e-01,7.404348950468441215e-01,7.392966349047797037e-01,7.380199659765592779e-01,7.366036507246563891e-01,7.350463933294095753e-01,7.333468388053343556e-01,7.315035711605933910e-01,7.295151117346787562e-01,7.273799184793268147e-01,7.250963866144592984e-01,7.226628508352213043e-01,7.200775890750116259e-01,7.173388277309992178e-01,7.144447482146039086e-01,7.113934946813728066e-01,7.081831828083643421e-01,7.048119095135123580e-01,7.012777635472562388e-01,6.975788369367331709e-01,6.937132373461656343e-01,6.896791015925902713e-01,6.854746110142310167e-01,6.810980108715297687e-01,6.765476423469033440e-01,6.718220420397353898e-01,6.669093789046518506e-01,6.618153758976748069e-01,6.565474882082986685e-01,6.511008121901659118e-01,6.454733948040888292e-01,6.396639555419088019e-01,6.336715807038147963e-01,6.274956419430889332e-01,6.211357716693198805e-01,6.145918581281587523e-01,6.078640484828776724e-01,6.009527553494051766e-01,5.938586647039783006e-01,5.865827440728176301e-01,5.791262503567685682e-01,5.714907368602091253e-01,5.636780592071017892e-01,5.556903798909194059e-01,5.475301712436209112e-01,5.392002166341199887e-01,5.307036097249333562e-01,5.220437516299633041e-01,5.132243458289343918e-01,5.042493907051783797e-01,4.951231695841016855e-01,4.858502381594432817e-01,4.764354092033949994e-01,4.668837344640215936e-01,4.572004836587785781e-01,4.473911204752351045e-01
8.060606060606061440e-01,4.402084012838899385e-01,4.498722794050708518e-01,4.594151591396503642e-01,4.688318521629833424e-01,4.781173280148077742e-01,4.872667387911099324e-01,4.962754409159044755e-01,5.051390140964565623e-01,5.138532775623032567e-01,5.224143036890900316e-01,5.308184291118537290e-01,5.390622634380608513e-01,5.471426956780419681e-01,5.550568985190832416e-01,5.628023305794571662e-01,5.703767367905541175e-01,5.777781470699832056e-01,5.850048734682664620e-01,5.920555060006553738e-01,5.989289074212215125e-01,6.056242072746816918e-01,6.121407957045572612e-01,6.184783177781570940e-01,6.246366696883292047e-01,6.306159995963455112e-01,6.364167196078288624e-01,6.420395471396387332e-01,6.474856422962694813e-01,6.527572317773148169e-01,6.578619661268287899e-01,6.627726893002469089e-01,6.675096624274762247e-01,6.720737467281131527e-01,6.764662429312864322e-01,6.806885858866215111e-01,6.847422973733291451e-01,6.886289638620489706e-01,6.923502204699863993e-01,6.959077372619308921e-01,6.993032067914698446e-01,7.025383325103208287e-01,7.056148179222250238e-01,7.085343564598409749e-01,7.112986221146759824e-01,7.139092608822227293e-01,7.163678831078067466e-01,7.186760568352738021e-01,7.208353022668025911e-01,7.228470874317924899e-01,7.247128251241903296e-01,7.264338710880072769e-01,7.280115232970260086e-01,7.294470219787320131e-01,7.307415497815294980e-01,7.318962312096802814e-01,7.329121302176947461e-01,7.337902447645376913e-01,7.345314972926940689e-01,7.351367206079348904e-01,7.356066394999720703e-01,7.359418495367656687e-01,7.361427955189503436e-01,7.362097527487351245e-01,7.361428142476680314e-01,7.359418862366715608e-01,7.356066927271658340e-01,7.351367883626127586e-01,7.345315771882809930e-01,7.337903342108995641e-01,7.329122265952933146e-01,7.318963320168822007e-01,7.307416527448513666e-01,7.294471251231402498e-01,7.280116249793588956e-01,7.264339700001635203e-01,7.247129202742794707e-01,7.228471781113123829e-01,7.208353880106069811e-01,7.186761373796359820e-01,7.163679583500776049e-01,7.139093308443146269e-01,7.112986869114026334e-01,7.085344162723787864e-01,7.056148729765436833e-01,7.025383830600488988e-01,6.993032531045643152e-01,6.959077796105338498e-01,6.923502591228012371e-01,6.886289990786331749e-01,6.847423293997250138e-01,6.806886149517000772e-01,6.764662692429402879e-01,6.720737704676790214e-01,6.675096837380802839e-01,6.627727082510823653e-01,6.578619824630842494e-01,6.527571436071198940e-01,6.474855700446958684e-01,6.420395206626743345e-01,6.364167491138773558e-01,6.306160871744384000e-01,6.246368133915807253e-01,6.184785135863543060e-01,6.121410385981965740e-01,6.056244918603261862e-01,5.989292283048602838e-01,5.920558580100973023e-01,5.850052517814477993e-01,5.777785472832258629e-01,5.703771549481420067e-01,5.628027631782668294e-01,5.550573424973304082e-01,5.471431483941702201e-01,5.390627226438337027e-01,5.308188929223703889e-01,5.224147705514943230e-01,5.138537462244118226e-01,5.051394835760076862e-01,4.962759104708959756e-01,4.872672078914515037e-01,4.781177963153830923e-01,4.688323194781074399e-01,4.594156254188586086e-01,4.498727447100794308e-01,4.402088657666378135e-01
8.098484848484848175e-01,4.334521737298675514e-01,4.429742654791208878e-01,4.523797398623441435e-01,4.616636906454986700e-01,4.708213357488490458e-01,4.798480426332724647e-01,4.887393508041855683e-01,4.974909915550215778e-01,5.060989050634783215e-01,5.145592549497698398e-01,5.228684404058610014e-01,5.310231060070162989e-01,5.390201493219370921e-01,5.468567264444064158e-01,5.545302555783548915e-01,5.620384188196707598e-01,5.693791622937494079e-01,5.765506948300337386e-01,5.835514853888617015e-01,5.903802595125344777e-01,5.970359951717261193e-01,6.035179185662865597e-01,6.098255008212175587e-01,6.159584573642774563e-01,6.219167538582998089e-01,6.277006285071081715e-01,6.333106613839541987e-01,6.387480235953914010e-01,6.440161150231187293e-01,6.491112184927942952e-01,6.540224327520286485e-01,6.587622962727690545e-01,6.633317231711727269e-01,6.677318269077332502e-01,6.719638315374619753e-01,6.760290441495041547e-01,6.799288378306229674e-01,6.836646378380927258e-01,6.872379091885554292e-01,6.906501451040909512e-01,6.939028561260185413e-01,6.969975598419296814e-01,6.999357712304850043e-01,7.027189936598197129e-01,7.053487105957317871e-01,7.078263780906561831e-01,7.101534181339140828e-01,7.123312129455228181e-01,7.143611002837925161e-01,7.162443698035180217e-01,7.179822604364629601e-01,7.195759586597894053e-01,7.210265973663577688e-01,7.223352548591236433e-01,7.235029532855657974e-01,7.245306556571282641e-01,7.254192605385817449e-01,7.261695936290530895e-01,7.267823958577358523e-01,7.272583082869303883e-01,7.275978549569277476e-01,7.278014256167025797e-01,7.278692607951238180e-01,7.278014416471999537e-01,7.275978863703859156e-01,7.272583538491577126e-01,7.267824538595099026e-01,7.261696620307227512e-01,7.254193371265987844e-01,7.245307381927207357e-01,7.235030396304251710e-01,7.223353430694107180e-01,7.210266857526509421e-01,7.195760458156069683e-01,7.179823452410558637e-01,7.162444514059350675e-01,7.143611780750102058e-01,7.123312865244637582e-01,7.101534872717674141e-01,7.078264426965766853e-01,7.053487706857346495e-01,7.027190493297620355e-01,6.999358226334512212e-01,6.969976071697798758e-01,6.939028995947223999e-01,6.906501849423273276e-01,6.872379456290140798e-01,6.836646711109616303e-01,6.799288681587352112e-01,6.760290717446970632e-01,6.719638565976502331e-01,6.677318496141391169e-01,6.633317436846949411e-01,6.587623147273248270e-01,6.540224492372264109e-01,6.491112329811615789e-01,6.440160724601710074e-01,6.387479815812562300e-01,6.333106582001034601e-01,6.277006760230996463e-01,6.219168550655704841e-01,6.159586110461249264e-01,6.098257036168406309e-01,6.035181660606352416e-01,5.970362825199387879e-01,5.903805818108399661e-01,5.835518378961851438e-01,5.765510730973784081e-01,5.693795622350222851e-01,5.620388367447266553e-01,5.545306882016672878e-01,5.468571708780137763e-01,5.390206030585832364e-01,5.310235668973563028e-01,5.228689066323334300e-01,5.145597249989720678e-01,5.060993776981114189e-01,4.974914657862332112e-01,4.887398258646806215e-01,4.798485179515306620e-01,4.708218109244948213e-01,4.616641654258742400e-01,4.523802141202162841e-01,4.429747391914372057e-01,4.334526469574275787e-01
8.136363636363637131e-01,4.269949195642505635e-01,4.363773364117360387e-01,4.456468998627435285e-01,4.547989913211294422e-01,4.638290845955355679e-01,4.727327720112708409e-01,4.815057876449618801e-01,4.901440278259321937e-01,4.986435690337286952e-01,5.070006833125892953e-01,5.152118513190939719e-01,5.232737731187173669e-01,5.311833768489798713e-01,5.389378253719504519e-01,5.465345210465812897e-01,5.539711087626146835e-01,5.612454773947428421e-01,5.683557598609588757e-01,5.753003320103217133e-01,5.820778106355625203e-01,5.886870510340634910e-01,5.951271447904281642e-01,6.013974189804982551e-01,6.074974392161434089e-01,6.134270221418229863e-01,6.191862728756344358e-01,6.247757022338782384e-01,6.301967246618618290e-01,6.354581650737401999e-01,6.405305808309181836e-01,6.454339648979866562e-01,6.501686549682834659e-01,6.547354410086153598e-01,6.591352518589576048e-01,6.633691162491833770e-01,6.674381441296050044e-01,6.713435127287253890e-01,6.750864543207345525e-01,6.786682448691913061e-01,6.820901932778833388e-01,6.853536311644178314e-01,6.884599031440580275e-01,6.914103576444551313e-01,6.942063382903671531e-01,6.968491759096318017e-01,6.993401812205020107e-01,7.016806382649342089e-01,7.038717986508498115e-01,7.059148766536894604e-01,7.078110451980150764e-01,7.095614326858022958e-01,7.111671205533122153e-01,7.126291413192658020e-01,7.139484767398560638e-01,7.151260555302532129e-01,7.161627499872749159e-01,7.170593708106279829e-01,7.178166595368230540e-01,7.184352783192299308e-01,7.189157973126850676e-01,7.192586805749088263e-01,7.194642720224634358e-01,7.195327833700893017e-01,7.194642859601115825e-01,7.192587078854314475e-01,7.189158369199228904e-01,7.184353287334434013e-01,7.178167189812453275e-01,7.170594373582735992e-01,7.161628216905864264e-01,7.151261305304825733e-01,7.139485533485775415e-01,7.126292180701716550e-01,7.111671962265765368e-01,7.095615063101661235e-01,7.078111160366279409e-01,7.059149441797033520e-01,7.038718625177636801e-01,7.016806982755776634e-01,6.993402372972171710e-01,6.968492280673046491e-01,6.942063866130120386e-01,6.914104022656178961e-01,6.884599442308333428e-01,6.853536689047761143e-01,6.820902278708269595e-01,6.786682765172238341e-01,6.750864832242808866e-01,6.713435390819731952e-01,6.674381681174446079e-01,6.633691380448559771e-01,6.591352716219530672e-01,6.547354588822360544e-01,6.501686710756078291e-01,6.454339793326738794e-01,6.405305936271075140e-01,6.354581759392504692e-01,6.301967047046139747e-01,6.247757149360040341e-01,6.191863319147035138e-01,6.134271312574565149e-01,6.074975977704996088e-01,6.013976241433761638e-01,5.951273926426139393e-01,5.886873371878416084e-01,5.820781306006542755e-01,5.753006814126208068e-01,5.683561345713480373e-01,5.612458736009957594e-01,5.539715230047039807e-01,5.465349502282239591e-01,5.389382667568726193e-01,5.311838280474034946e-01,5.232742320679565351e-01,5.152123162606685458e-01,5.070011527676498986e-01,4.986440417778791323e-01,4.901445028641766566e-01,4.815062641872884242e-01,4.727332494490453230e-01,4.638295624789318117e-01,4.547994693375447262e-01,4.456473778162209909e-01,4.363778142033057361e-01,4.269953971730647280e-01
8.174242424242423866e-01,4.209240675159650058e-01,4.301714184624881865e-01,4.393090848789841796e-01,4.483327390294581383e-01,4.572381155263527397e-01,4.660210382297729215e-01,4.746774442422473927e-01,4.832034051684978015e-01,4.915951457892435150e-01,4.998490602842259323e-01,5.079617261312369125e-01,5.159299158037926603e-01,5.237506063897154895e-01,5.314209872558528502e-01,5.389384658909409653e-01,5.463006720701001351e-01,5.535054605026927810e-01,5.605509121551888185e-01,5.674353344907437924e-01,5.741572609561611529e-01,5.807154502141481656e-01,5.871088859562860751e-01,5.933367788715037117e-01,5.993985741458706107e-01,6.052939729311102024e-01,6.110229934174619126e-01,6.165861778572879759e-01,6.219857921892818498e-01,6.272214556114523720e-01,6.322772122610054168e-01,6.371665107669274297e-01,6.418898058161274234e-01,6.464477379283253278e-01,6.508410634157881791e-01,6.550706328521967992e-01,6.591373770073033489e-01,6.630422949284803247e-01,6.667864429345816690e-01,6.703709241587908485e-01,6.737968785291007512e-01,6.770654731632945733e-01,6.801778931916683257e-01,6.831353330380821598e-01,6.859389881999601313e-01,6.885900475746016269e-01,6.910896863833732029e-01,6.934390597465551753e-01,6.956392969573647056e-01,6.976914964906031358e-01,6.995967217548084705e-01,7.013559975513687927e-01,7.029703071350319465e-01,7.044405896764308617e-01,7.057677378134457058e-01,7.069525948611836697e-01,7.079959511601977562e-01,7.088985390238004003e-01,7.096610258465902987e-01,7.102840051946340827e-01,7.107679861114678532e-01,7.111133813837093864e-01,7.113204959922017068e-01,7.113895172716160342e-01,7.113205082761042686e-01,7.111134054499554935e-01,7.107680210048155089e-01,7.102840495937620124e-01,7.096610781772614285e-01,7.088985975808547169e-01,7.079960142228494124e-01,7.069526607898164450e-01,7.057678051214018033e-01,7.044406570751520213e-01,7.029703735548999965e-01,7.013560621428081010e-01,6.995967838751774304e-01,6.976915556821651210e-01,6.956393529208165782e-01,6.934391123134644452e-01,6.910897354898194456e-01,6.885900932373915095e-01,6.859390304960448770e-01,6.831353720873678537e-01,6.801779291430506413e-01,6.770655061835734179e-01,6.737969087944226665e-01,6.703709518481251184e-01,6.667864682248804131e-01,6.630423179911461018e-01,6.591373980055981185e-01,6.550706519393197924e-01,6.508410807332750680e-01,6.464477536043696793e-01,6.418898199630433954e-01,6.371665234759288365e-01,6.322772235877127667e-01,6.272214655089076718e-01,6.219857874851038027e-01,6.165862001100959056e-01,6.110230585038106677e-01,6.052940851721373416e-01,5.993987333365626835e-01,5.933369825941864351e-01,5.871091306909316243e-01,5.807157319501017323e-01,5.741575755494997546e-01,5.674356778781989297e-01,5.605512804807993854e-01,5.535058501895787630e-01,5.463010798569234439e-01,5.389388888454730298e-01,5.314214227736668850e-01,5.237510521833952382e-01,5.159303698862205412e-01,5.079621867954329240e-01,4.998495260813434760e-01,4.915956155058132104e-01,4.832038778036616966e-01,4.746779189854161141e-01,4.660215144389789899e-01,4.572385927074260059e-01,4.483332168161064391e-01,4.393095630137113239e-01,4.301718967783380587e-01,4.209245459189695504e-01
8.212121212121212821e-01,4.151787864322565302e-01,4.242951475554371799e-01,4.333044731746679146e-01,4.422027289411096240e-01,4.509859141407495664e-01,4.596500894634741874e-01,4.681914018092254159e-01,4.766061063298211997e-01,4.848905858780761524e-01,4.930413680169787316e-01,5.010551397287509312e-01,5.089287599563118158e-01,5.166592701063161819e-01,5.242439026443713734e-01,5.316800879187166817e-01,5.389654593605512911e-01,5.460978572299447498e-01,5.530753311116584081e-01,5.598961414275256399e-01,5.665587603461123001e-01,5.730618726918812467e-01,5.794043779160408247e-01,5.855853952707070764e-01,5.916042770312417431e-01,5.974606429277918851e-01,6.031544807668064445e-01,6.086865435963118021e-01,6.140641461516750388e-01,6.192639069274963326e-01,6.242972344685784325e-01,6.291668823496130436e-01,6.338732125471506773e-01,6.384167184439131226e-01,6.427979982538336579e-01,6.470177409636413968e-01,6.510767149417672206e-01,6.549757574628588541e-01,6.587157647000529970e-01,6.622976820596856440e-01,6.657224948340698667e-01,6.689912191855094115e-01,6.721048934903811611e-01,6.750645700799784432e-01,6.778713074192532773e-01,6.805261627674072944e-01,6.830301853653900634e-01,6.853844101937506261e-01,6.875898523382945049e-01,6.896475019874700463e-01,6.915583200612364090e-01,6.933232344322415308e-01,6.949431366436271684e-01,6.964188789532681501e-01,6.977512714470317512e-01,6.989410788769658822e-01,6.999890168185310957e-01,7.008957467375056538e-01,7.016618696481465856e-01,7.022879182550849642e-01,7.027743477978328768e-01,7.031215262105179331e-01,7.033297245753912241e-01,7.033991090672402358e-01,7.033297355557237562e-01,7.031215477174335149e-01,7.027743789677551867e-01,7.022879578948650892e-01,7.016619163384614222e-01,7.008957989439851266e-01,6.999890729962549019e-01,6.989411375576731755e-01,6.977513313032595033e-01,6.964189388381115675e-01,6.949431956084687334e-01,6.933232917267394546e-01,6.915583751206882956e-01,6.896475544123841228e-01,6.875899018701578935e-01,6.853844566900607616e-01,6.830302287759083546e-01,6.805262031128542777e-01,6.778713447729463049e-01,6.750646045525803274e-01,6.721049252175369526e-01,6.689912483180969760e-01,6.657225215306794563e-01,6.622977064809461023e-01,6.587157870044348940e-01,6.549757778036326972e-01,6.510767334648341897e-01,6.470177578059514989e-01,6.427980135421722530e-01,6.384167322937029931e-01,6.338732250608348773e-01,6.291668936135604850e-01,6.242972445454174624e-01,6.192639158292206902e-01,6.140641520058679470e-01,6.086865699149616171e-01,6.031545473291428650e-01,5.974607543738015281e-01,5.916044334244242586e-01,5.855855944915343558e-01,5.794046167560372718e-01,5.730621474463332143e-01,5.665590671592282135e-01,5.598964764988859644e-01,5.530756908186054144e-01,5.460982381981130951e-01,5.389658585005580038e-01,5.316805024409093638e-01,5.242443300593082611e-01,5.166597082160404586e-01,5.089292068398685309e-01,5.010555937242437974e-01,4.930418277017262763e-01,4.848910500479544083e-01,4.766065739784225430e-01,4.681918721073593526e-01,4.596505617391854481e-01,4.509863878600735010e-01,4.422032036895824914e-01,4.333049486395950112e-01,4.242956235088710115e-01,4.151792627146121961e-01
8.249999999999999556e-01,4.097065828080043159e-01,4.186954791315868896e-01,4.275795286756349234e-01,4.363549926752742780e-01,4.450181383424043347e-01,4.535652676038943176e-01,4.619927427878730009e-01,4.702970094893865749e-01,4.784746168129201949e-01,4.865222351648333388e-01,4.944366717514791509e-01,5.022148839277321697e-01,5.098539905347435619e-01,5.173512813652774156e-01,5.247042249000546388e-01,5.319104744712860322e-01,5.389678730335316637e-01,5.458744567653038837e-01,5.526284578033054951e-01,5.592283065550939236e-01,5.656726343517652911e-01,5.719602778221959394e-01,5.780902879505214198e-01,5.840619510542532922e-01,5.898748431118789881e-01,5.955290021376503651e-01,6.010258129640697611e-01,6.063679349735882074e-01,6.115347055181831193e-01,6.165404831703573674e-01,6.213853668945047426e-01,6.260696015385631696e-01,6.305935435850485993e-01,6.349576480702034953e-01,6.391624582091915974e-01,6.432085957266155951e-01,6.470967514870505921e-01,6.508276763360435480e-01,6.544021721479088560e-01,6.578210831044413176e-01,6.610852872388515156e-01,6.641956882832577014e-01,6.671532078599321514e-01,6.699587780572942020e-01,6.726133344316991280e-01,6.751178094747541936e-01,6.774731265823462634e-01,6.796801945538840650e-01,6.817399026365958958e-01,6.836531161070857898e-01,6.854206723486769848e-01,6.870433773360622443e-01,6.885220023800102673e-01,6.898572809187657473e-01,6.910499050813895261e-01,6.921005217104680973e-01,6.930097275423868775e-01,6.937780633279646558e-01,6.944060068499756655e-01,6.948939650493020093e-01,6.952422657676828877e-01,6.954511498810344028e-01,6.955207647463945708e-01,6.954511598480750401e-01,6.952422852830461020e-01,6.948939933168419847e-01,6.944060427714071615e-01,6.937781055995658752e-01,6.930097747584524903e-01,6.921005724600002296e-01,6.910499580281618259e-01,6.898573348594841947e-01,6.885220562796946497e-01,6.870434303430059675e-01,6.854207237931955188e-01,6.836531654888842180e-01,6.817399496052559682e-01,6.796802388861998834e-01,6.774731681591825705e-01,6.751178482592792296e-01,6.726133704499566157e-01,6.699588113816019597e-01,6.671532385951414179e-01,6.641957165557066389e-01,6.610853131876931466e-01,6.578211068750028367e-01,6.544021938867020660e-01,6.508276961871232169e-01,6.470967695894005445e-01,6.432086122123248373e-01,6.391624732021685684e-01,6.349576616852370403e-01,6.305935559269668644e-01,6.260696127011963208e-01,6.213853769587980302e-01,6.165404922000661259e-01,6.115347135470182716e-01,6.063679419379348623e-01,6.010258381074325973e-01,5.955290662326476747e-01,5.898749504945751676e-01,5.840621018349236859e-01,5.780904801846485919e-01,5.719605085284928947e-01,5.656729000677267472e-01,5.592286036619412704e-01,5.526287827211737724e-01,5.458748060704753380e-01,5.389682435261712312e-01,5.319108632110944868e-01,5.247046292216424046e-01,5.173516988797961513e-01,5.098544191227404321e-01,5.022153217264235803e-01,4.944371171386443553e-01,4.865226867408006250e-01,4.784750733816705570e-01,4.702974700394030871e-01,4.619932064732094057e-01,4.535657337256884247e-01,4.450186063309957141e-01,4.363554620729918065e-01,4.275799991202626216e-01,4.186959503404386052e-01,4.097070545625985383e-01
8.287878787878788511e-01,4.045588601763979719e-01,4.134254114763000199e-01,4.221888711259344507e-01,4.308457972538681235e-01,4.393927270999202772e-01,4.478262068433502829e-01,4.561428182592890401e-01,4.643392024709930288e-01,4.724120810247277036e-01,4.803582744835142582e-01,4.881747187141490807e-01,4.958584790269635612e-01,5.034067623193049235e-01,5.108169273713989433e-01,5.180864934480838846e-01,5.252131473740075940e-01,5.321947492789006473e-01,5.390293372586192344e-01,5.457151313110274460e-01,5.522505370869137398e-01,5.586341504058873753e-01,5.648647644248794286e-01,5.709413836773461481e-01,5.768632561306847872e-01,5.826299600317569327e-01,5.882417209752539566e-01,5.937022540305623153e-01,5.990007642604041616e-01,6.041336602347843199e-01,6.091083655333329183e-01,6.139249014674064142e-01,6.185833980668415943e-01,6.230840875633888443e-01,6.274272964503707639e-01,6.316134371574883000e-01,6.356429995949438583e-01,6.395165426805621278e-01,6.432346859233885050e-01,6.467981011217930343e-01,6.502075042266950433e-01,6.534636474164310371e-01,6.565673114271106670e-01,6.595192981804886001e-01,6.623204237498058200e-01,6.649715117020162936e-01,6.674733868518508695e-01,6.698268694578157767e-01,6.720327698814626549e-01,6.740918837171079314e-01,6.760049873778051222e-01,6.777728340935251783e-01,6.793961502382933615e-01,6.808756318567498189e-01,6.822119412124355575e-01,6.834057031403917293e-01,6.844575009706113100e-01,6.853678718140264747e-01,6.861373010849258769e-01,6.867662162781325019e-01,6.872549802135881070e-01,6.876038841708403959e-01,6.878131415096808698e-01,6.878828824553103738e-01,6.878131506782299009e-01,6.876039021145740060e-01,6.872550061854719727e-01,6.867662492496672266e-01,6.861373398385148814e-01,6.853679150412493870e-01,6.844575473633457419e-01,6.834057514654879872e-01,6.822119903651633344e-01,6.808756808924376625e-01,6.793961983847270902e-01,6.777728807483052176e-01,6.760050320953457925e-01,6.740919261895534920e-01,6.720328099170125302e-01,6.698269069589231073e-01,6.674734217949207515e-01,6.649715441194589127e-01,6.623204537148384974e-01,6.595193257946388998e-01,6.565673368102519225e-01,6.534636706990271104e-01,6.502075255438858337e-01,6.467981206090311908e-01,6.432347037132589707e-01,6.395165589005479267e-01,6.356430143658979848e-01,6.316134505926079834e-01,6.274273086544790434e-01,6.230840986323724628e-01,6.185834080869758722e-01,6.139249105142223772e-01,6.091083736691083050e-01,6.041336675017666691e-01,5.990007706550783961e-01,5.937022708652468506e-01,5.882417789933858110e-01,5.826300605798876431e-01,5.768633989938694029e-01,5.709415669356685541e-01,5.648649852365218438e-01,5.586344054890657329e-01,5.522508230127626261e-01,5.457154446829198813e-01,5.390296748209617572e-01,5.321951079807842877e-01,5.252135244039064510e-01,5.180868862485640269e-01,5.108173336412751286e-01,5.034071800077001280e-01,4.958589063219677184e-01,4.881751540281989432e-01,4.803587164369206852e-01,4.724125284282736370e-01,4.643396543082373151e-01,4.561432736690021472e-01,4.478266651023238287e-01,4.393931876062905917e-01,4.308462595110398863e-01,4.221893347270910812e-01,4.134258760894818918e-01,4.045593255301049296e-01
8.325757575757576356e-01,3.996978241141315724e-01,4.084467514034518243e-01,4.170939551827156366e-01,4.256362919451014970e-01,4.340705709675320434e-01,4.423935853643133354e-01,4.506021398179320681e-01,4.586930752952137480e-01,4.666632910082020858e-01,4.745097638423733111e-01,4.822295654478565563e-01,4.898198771705073451e-01,4.972780029884640851e-01,5.046013806158465842e-01,5.117875909403922785e-01,5.188343659755821902e-01,5.257395955472098370e-01,5.325013330065461181e-01,5.391178003683787523e-01,5.455873935685505716e-01,5.519086890817723745e-01,5.580804544925614952e-01,5.641016692331870530e-01,5.699715733524713945e-01,5.756898114999431382e-01,5.812570909867874613e-01,5.866788396939579542e-01,5.919301579490096055e-01,5.970261616626209022e-01,6.019667236398023036e-01,6.067517710825873767e-01,6.113813283195072001e-01,6.158555162044643261e-01,6.201745464225698612e-01,6.243387144448886428e-01,6.283483919981305288e-01,6.322040193515893192e-01,6.359060975653371139e-01,6.394551807877044691e-01,6.428518686666041537e-01,6.460967989277922596e-01,6.491906401669679250e-01,6.521340848984152894e-01,6.549278428997479251e-01,6.575726348888393247e-01,6.600691865646597378e-01,6.624182230370740943e-01,6.646204636607602190e-01,6.666766172738719520e-01,6.685873778214216356e-01,6.703534203164085437e-01,6.719753970587659664e-01,6.734539339964394911e-01,6.747896270802088425e-01,6.759830384440571605e-01,6.770346922476913054e-01,6.779450700590946566e-01,6.787146057387324349e-01,6.793436799083973909e-01,6.798326142276843731e-01,6.801816658288041273e-01,6.803910223421544279e-01,6.804607979568562115e-01,6.803910308961303999e-01,6.801816825601716410e-01,6.798326384223386532e-01,6.793437105855703040e-01,6.787146417412432964e-01,6.779451101486274611e-01,6.770347351923515777e-01,6.759830830891778719e-01,6.747896723980409961e-01,6.734539791145790488e-01,6.719754412700865709e-01,6.703534630748355649e-01,6.685874187281920511e-01,6.666766560584409529e-01,6.646205001596412476e-01,6.624182571729304581e-01,6.600692183270774338e-01,6.575726643175148212e-01,6.549278700704119771e-01,6.521341099113564521e-01,6.491906631379658066e-01,6.460968199811334411e-01,6.428518879298239508e-01,6.394551983877275747e-01,6.359061136257309066e-01,6.322040339906673800e-01,6.283484053276778836e-01,6.243387265693608468e-01,6.201745574385756354e-01,6.158555262004020703e-01,6.113813373751569857e-01,6.067517792684662403e-01,6.019667310156588957e-01,5.970261682736789366e-01,5.919301638138834143e-01,5.866788447291082509e-01,5.812571391720781078e-01,5.756899027808229929e-01,5.699717063871260203e-01,5.641018419136238915e-01,5.580806640169286847e-01,5.519089322875191383e-01,5.455876671726956895e-01,5.391181011235225418e-01,5.325016577982376598e-01,5.257399414519985381e-01,5.188347302926974436e-01,5.117879712057856745e-01,5.046017746050486252e-01,4.972784087107209317e-01,4.898202928585201343e-01,4.822299895444434603e-01,4.745101949852680856e-01,4.666637280139193100e-01,4.586935171426183566e-01,4.506025856318557898e-01,4.423940343995058089e-01,4.340710225930489718e-01,4.256367456292222129e-01,4.170944104784020667e-01,4.084472079343107187e-01,3.996982815608413619e-01
8.363636363636364202e-01,3.951415733578667600e-01,4.037782265462186992e-01,4.123141525484037562e-01,4.207465077181983260e-01,4.290723752105382593e-01,4.372887974126485888e-01,4.453928048689768104e-01,4.533814420531678824e-01,4.612517902827841243e-01,4.690009880289455757e-01,4.766262488407219666e-01,4.841248770812291435e-01,4.914942816584347285e-01,4.987319879275612378e-01,5.058356479438151920e-01,5.128030492852677646e-01,5.196321226656113179e-01,5.263209486883871913e-01,5.328677642421628669e-01,5.392709693997296272e-01,5.455291364885163086e-01,5.516410250022428796e-01,5.576056117947514323e-01,5.634221665239247390e-01,5.690905055686095171e-01,5.746127335646799006e-01,5.799848769748486843e-01,5.851942909202146881e-01,5.902511432842999506e-01,5.951552087709695016e-01,5.999063256274098643e-01,6.045044239291321730e-01,6.089495261043575969e-01,6.132417423494809228e-01,6.173812644701689445e-01,6.213683590998716477e-01,6.252033606495569495e-01,6.288866641582098183e-01,6.324187181449775208e-01,6.358000175339556526e-01,6.390310967079689819e-01,6.421125227393988943e-01,6.450448888407770420e-01,6.478288080734543319e-01,6.504649073482989818e-01,6.529538217467379946e-01,6.552961891828258389e-01,6.574926454161429401e-01,6.595438194100690099e-01,6.614503290100233190e-01,6.632127768911427745e-01,6.648317466972121226e-01,6.663077992656094573e-01,6.676414688146552479e-01,6.688332589686249996e-01,6.698836385223180256e-01,6.707930369070189691e-01,6.715618394099505117e-01,6.721903823031273317e-01,6.726789481267435589e-01,6.730277614166365607e-01,6.732369851480026757e-01,6.733067180985283784e-01,6.732369932459796313e-01,6.730277772449095863e-01,6.726789709893725711e-01,6.721904112471613901e-01,6.715618733155976905e-01,6.707930745820884777e-01,6.698836787879848265e-01,6.688333007276698883e-01,6.676415110981934742e-01,6.663078412586270760e-01,6.648317877460030445e-01,6.632128164972569406e-01,6.614503668153994820e-01,6.595438551775206770e-01,6.574926790082832317e-01,6.552962205416797969e-01,6.529538508752373849e-01,6.504649342943703560e-01,6.478288329167920523e-01,6.450449116822298823e-01,6.421125436926686803e-01,6.390311158932847624e-01,6.358000350733844508e-01,6.324187341590327138e-01,6.288866787634764810e-01,6.252033739570969084e-01,6.213683712142011872e-01,6.173812754886500720e-01,6.132417523619740907e-01,6.089495351930153122e-01,6.045044321682272459e-01,5.999063330829632612e-01,5.951552154999015798e-01,5.902511493322600833e-01,5.851942963152849675e-01,5.799848817010364588e-01,5.746127664132643087e-01,5.690905852593869385e-01,5.634222880857417959e-01,5.576057725805741994e-01,5.516412221248144787e-01,5.455293668384695316e-01,5.392712297968708102e-01,5.328680515567078002e-01,5.263212599224599275e-01,5.196324550035257284e-01,5.128034001215192594e-01,5.058360148956025926e-01,4.987323688367626962e-01,4.914946745865926836e-01,4.841252803004166827e-01,4.766266608204208777e-01,4.690014074220758555e-01,4.612522159106997033e-01,4.533818728902881956e-01,4.453932400274486780e-01,4.372892361272907036e-01,4.290728168241689788e-01,4.207469516674405829e-01,4.123145983499774681e-01,4.037786737836918105e-01,3.951420216688410481e-01
8.401515151515152047e-01,3.908491449308403309e-01,3.993784350487301626e-01,4.078076731037725278e-01,4.161343171883185588e-01,4.243557262936527574e-01,4.324691942848595261e-01,4.404719801532679946e-01,4.483613349494715017e-01,4.561345257330953751e-01,4.637888568244228904e-01,4.713216886049936827e-01,4.787304540874574577e-01,4.860126734501711843e-01,4.931659667536403280e-01,5.001880650157555230e-01,5.070768198871813404e-01,5.138302122086561008e-01,5.204463598443470618e-01,5.269235254175099747e-01,5.332601250700585993e-01,5.394547405274777718e-01,5.455061398069419587e-01,5.514133214315332099e-01,5.571756352862772266e-01,5.627932768081749249e-01,5.682740913809911643e-01,5.735897693343143811e-01,5.787556670199367481e-01,5.837716488758906141e-01,5.886374038511230644e-01,5.933526903336777680e-01,5.979173550450287422e-01,6.023313335004462088e-01,6.065946460658315775e-01,6.107073924767435491e-01,6.146697456948384541e-01,6.184819454511769621e-01,6.221442916502099019e-01,6.256571377388704391e-01,6.290208841140210172e-01,6.322359716255135931e-01,6.353028752230664988e-01,6.382220977889391245e-01,6.409941641933151191e-01,6.436196156040354666e-01,6.460990040759955200e-01,6.484328874366835915e-01,6.506218244728025901e-01,6.526663704068302874e-01,6.545670726326120459e-01,6.563244666555163587e-01,6.579390721589694069e-01,6.594113891003484662e-01,6.607418937337313780e-01,6.619310344752940001e-01,6.629792275772284915e-01,6.638868526590966379e-01,6.646542482483231984e-01,6.652817075733507002e-01,6.657694748925493400e-01,6.661177425958233478e-01,6.663266491840930117e-01,6.663962780628828186e-01,6.663266569623189639e-01,6.661177577860893928e-01,6.657694968032589200e-01,6.652817352609144974e-01,6.646542806094212219e-01,6.638868885263079500e-01,6.629792658046488318e-01,6.619310740053335751e-01,6.607419336414708244e-01,6.594114286162977567e-01,6.579391106738567974e-01,6.563245037120549741e-01,6.545671079091245348e-01,6.526664036968553573e-01,6.506218556637763939e-01,6.484329164897142395e-01,6.460990310078423837e-01,6.436196404718390607e-01,6.409941870820832222e-01,6.382221188016587998e-01,6.353028944730545469e-01,6.322359892307010121e-01,6.290209001927591359e-01,6.256571524069671764e-01,6.221443050189015000e-01,6.184819576258305807e-01,6.146697567741375989e-01,6.107074025522730709e-01,6.065946552218794974e-01,6.023313418139559783e-01,5.979173625855661589e-01,5.933526971632986369e-01,5.886374100239230023e-01,5.837716544367533844e-01,5.787556720010382794e-01,5.735897737430675214e-01,5.682740950982589911e-01,5.627933423879016850e-01,5.571757439433047132e-01,5.514134692797856285e-01,5.455063236942393479e-01,5.394549573199004522e-01,5.332603716454437093e-01,5.269237987333129647e-01,5.204466569966846867e-01,5.138305304720627298e-01,5.070771567375039757e-01,5.001884181403206675e-01,4.931663340524076178e-01,4.860130530306936980e-01,4.787308442556746368e-01,4.713220878536077407e-01,4.637892638198217732e-01,4.561349393006512987e-01,4.483617540593136663e-01,4.404724039058807716e-01,4.324696218968929196e-01,4.243561570840833075e-01,4.161347505650482281e-01,4.078081085506682357e-01,3.993788721130848707e-01,3.908495832112179880e-01
8.439393939393939892e-01,3.868100104406765327e-01,3.952371340403664779e-01,4.035645876235792184e-01,4.117901327269215539e-01,4.199114057782452614e-01,4.279259537972878169e-01,4.358312661233192387e-01,4.436248026279018819e-01,4.513040187937232828e-01,4.588663879820940039e-01,4.663094211601820915e-01,4.736306843464042071e-01,4.808278139918390481e-01,4.878985305101315451e-01,4.948406501933003132e-01,5.016520957671370962e-01,5.083309059170203481e-01,5.148752442633003357e-01,5.212834085779106674e-01,5.275538417304577177e-01,5.336851475600206118e-01,5.396761196629002999e-01,5.455258074661741841e-01,5.512337206356618946e-01,5.568009738037947853e-01,5.622286767739730351e-01,5.674971475193971715e-01,5.726185935494126911e-01,5.775926520984798751e-01,5.824189390123072352e-01,5.870971426410146465e-01,5.916270366994051955e-01,5.960084804077742104e-01,6.002414149826565959e-01,6.043258587119864078e-01,6.082619013721314305e-01,6.120496983102010624e-01,6.156894643592973893e-01,6.191814676898363956e-01,6.225260236696691374e-01,6.257234887898558418e-01,6.287742547034481655e-01,6.316787424180340116e-01,6.344373966771796880e-01,6.370506805600785194e-01,6.395190703214655992e-01,6.418430504845014095e-01,6.440231091865483704e-01,6.460597337614064628e-01,6.479534065213020666e-01,6.497046006797240203e-01,6.513137763356078302e-01,6.527813764278654896e-01,6.541078225765722953e-01,6.552935107653949931e-01,6.563388068965202438e-01,6.572440423614148708e-01,6.580095098937016607e-01,6.586354600570245577e-01,6.591220987105740337e-01,6.594695856462848838e-01,6.596780343204851071e-01,6.597475123048867074e-01,6.596780419035118692e-01,6.594696004399874800e-01,6.591221200135819469e-01,6.586354869165673698e-01,6.580095412023154733e-01,6.572440769559595442e-01,6.563388436453171382e-01,6.552935486345720095e-01,6.541078606724267663e-01,6.527814140167743640e-01,6.513138128458356713e-01,6.497046356905370468e-01,6.479534397446043981e-01,6.460597650200486930e-01,6.440231383923885611e-01,6.418430776180525932e-01,6.395190954141379835e-01,6.370507036793801037e-01,6.344374179148054571e-01,6.316787618805841387e-01,6.287742725053978576e-01,6.257235050483620498e-01,6.225260385008637432e-01,6.191814812062637063e-01,6.156894766682229347e-01,6.120497095125702058e-01,6.082619115619873895e-01,6.043258679762222307e-01,6.002414234009751937e-01,5.960084880527518614e-01,5.916270436366088958e-01,5.870971489290275347e-01,5.824189447025509558e-01,5.775926572345332355e-01,5.726185981650052659e-01,5.674971516322174780e-01,5.622286803560779811e-01,5.568010215536702834e-01,5.512338149979578716e-01,5.455259415080168095e-01,5.396762896764474293e-01,5.336853502859736365e-01,5.275540740545945351e-01,5.212836675140662956e-01,5.148755269800161516e-01,5.083312097629173465e-01,5.016524182869490645e-01,4.948409891347758660e-01,4.878988838237782732e-01,4.808281798254873118e-01,4.736310610362450824e-01,4.663098072194756805e-01,4.588667820884387294e-01,4.513044197760827658e-01,4.436252094526826339e-01,4.358316778804820490e-01,4.279263696870979072e-01,4.199118250981948020e-01,4.117905548590283793e-01,4.035650120220862780e-01,3.952375602198439641e-01,3.868104379644787816e-01
8.477272727272727737e-01,3.830174476211628543e-01,3.913473111518196990e-01,3.995776057817995719e-01,4.077063994544806724e-01,4.157316087022396855e-01,4.236510362691783271e-01,4.314624044739496789e-01,4.391633848322443190e-01,4.467516243674982679e-01,4.542247689696536916e-01,4.615804841320416685e-01,4.688164733098740267e-01,4.759304941755249652e-01,4.829203730075332102e-01,4.897840174696382887e-01,4.965194280773116975e-01,5.031247087433430298e-01,5.095980769930307241e-01,5.159378748696058503e-01,5.221425825468820614e-01,5.282108392380387984e-01,5.341414837499226520e-01,5.399336566289576478e-01,5.455871752898564520e-01,5.511070456483240232e-01,5.564771488629847163e-01,5.616978067502351735e-01,5.667739616407198033e-01,5.717051460678924668e-01,5.764909147216980001e-01,5.811308957980449996e-01,5.856247999532356863e-01,5.899724201490280651e-01,5.941736284882773722e-01,5.982283717737433282e-01,6.021366664314874440e-01,6.058985930896871874e-01,6.095142909701485312e-01,6.129839521916361500e-01,6.163078160556676455e-01,6.194861633701784775e-01,6.225193108568042311e-01,6.254076056807036377e-01,6.281514201358723293e-01,6.307511465123353256e-01,6.332071921640223255e-01,6.355199747856431491e-01,6.376899178936971113e-01,6.397174464894698209e-01,6.416029828615211761e-01,6.433469424636930611e-01,6.449497297871422674e-01,6.464117341400226202e-01,6.477333252688850518e-01,6.489148488153890781e-01,6.499566217093761811e-01,6.508589277474621237e-01,6.516220137596072659e-01,6.522460868553880964e-01,6.527313131813659020e-01,6.530778183521687152e-01,6.532856892716475405e-01,6.533549765906483398e-01,6.532856967881151000e-01,6.530778329976522079e-01,6.527313342283762587e-01,6.522461133208272699e-01,6.516220445088867219e-01,6.508589615995239441e-01,6.499566575272147650e-01,6.489148855729180987e-01,6.477333620915159962e-01,6.464117703214341537e-01,6.449497647875165329e-01,6.433469758955521201e-01,6.416030144687465686e-01,6.397174761238396679e-01,6.376899454919155996e-01,6.355200003485873550e-01,6.332072157390352674e-01,6.307511681787660862e-01,6.281514399936540816e-01,6.254076238416401701e-01,6.225193274380725894e-01,6.194861784896780188e-01,6.163078298287507639e-01,6.129839647289495597e-01,6.095143023762579215e-01,6.058986034622989569e-01,6.021366758610995351e-01,5.982283803435590741e-01,5.941736362742999766e-01,5.899724272202673259e-01,5.856248063719136088e-01,5.811309016197807598e-01,5.764909199955137176e-01,5.717051508358890199e-01,5.667739659369388505e-01,5.616978105972507684e-01,5.564771522590983288e-01,5.511070633920055473e-01,5.455872537417140178e-01,5.399337760658491359e-01,5.341416393728829481e-01,5.282110275212481554e-01,5.221428003249712901e-01,5.159381191803829037e-01,5.095983450564272044e-01,5.031249979669778494e-01,4.965197360634011070e-01,4.897843420175557183e-01,4.829207121115456358e-01,4.759308460185966427e-01,4.688168362546183410e-01,4.615808567097566817e-01,4.542251498681788013e-01,4.467520124184145569e-01,4.391637789977872464e-01,4.314628038347309014e-01,4.236514400105991229e-01,4.157320161022326488e-01,4.077068098715238009e-01,3.995780186432137393e-01,3.913477259424493759e-01,3.830178638723829021e-01
8.515151515151515582e-01,3.794669223926119828e-01,3.877044827850740227e-01,3.958423093187880548e-01,4.038787799435262782e-01,4.118120944217800172e-01,4.196403140869741089e-01,4.273613970170802578e-01,4.349732291992983169e-01,4.424736522011618045e-01,4.498604877193554397e-01,4.571315593753226825e-01,4.642847120621969581e-01,4.713178291235989859e-01,4.782288476390897380e-01,4.850157721073545813e-01,4.916766868732447837e-01,4.982097677695893068e-01,5.046132937144762742e-01,5.108856596051869481e-01,5.170253933016717429e-01,5.230311834632163093e-01,5.289019380312134366e-01,5.346369500351776383e-01,5.402366822239379474e-01,5.457063196735619792e-01,5.510206026782399347e-01,5.561931038484647649e-01,5.612234773721334058e-01,5.661111862873212663e-01,5.708557348835199274e-01,5.754567005621864517e-01,5.799137402189311619e-01,5.842265898823891801e-01,5.883950618557817203e-01,5.924190407123324231e-01,5.962984786840007656e-01,6.000333907019057555e-01,6.036238492336694073e-01,6.070699790113964767e-01,6.103719517179068133e-01,6.135299806842312575e-01,6.165443156417805826e-01,6.194152375655953557e-01,6.221430536385756938e-01,6.247280923596505442e-01,6.271706988103926683e-01,6.294712300836985408e-01,6.316300508640708689e-01,6.336475291314569436e-01,6.355240319400995430e-01,6.372599212034425475e-01,6.388555494017175151e-01,6.403112551308558498e-01,6.416273584454693646e-01,6.428041560312438563e-01,6.438419163844548709e-01,6.447408753683488980e-01,6.455012327104924230e-01,6.461231501072729477e-01,6.466067514908953040e-01,6.469521256048639257e-01,6.471593303675682307e-01,6.472283978048783970e-01,6.471593379538316260e-01,6.469521403639054702e-01,6.466067726493155421e-01,6.461231766265052023e-01,6.455012634021880524e-01,6.447409090086978489e-01,6.438419518102275196e-01,6.428041922080923731e-01,6.416273945066671702e-01,6.403112903902710151e-01,6.388555833475570989e-01,6.372599534799128218e-01,6.355240623230464792e-01,6.336475575025417584e-01,6.316300771863404551e-01,6.294712543801728177e-01,6.271707211462236309e-01,6.247281128278862061e-01,6.221430723491916392e-01,6.194152546372988510e-01,6.165443311960611128e-01,6.135299948412067383e-01,6.103719645935302696e-01,6.070699907156791308e-01,6.036238598696463953e-01,6.000334003651185411e-01,5.962984874623692422e-01,5.924190486862458416e-01,5.883950690983371645e-01,5.842265964597174177e-01,5.799137461905107260e-01,5.754567059811377394e-01,5.708557397967681801e-01,5.661111907355040884e-01,5.612234813889984686e-01,5.561931074589326895e-01,5.510206058919550065e-01,5.457063224481683017e-01,5.402367423836040849e-01,5.346370540651704806e-01,5.289020788416873842e-01,5.230313570418707592e-01,5.170255963559997614e-01,5.108858891605487784e-01,5.046135470206321028e-01,4.982100422786198135e-01,4.916769802342838003e-01,4.850160821634330044e-01,4.782291724221705564e-01,4.713181668472211650e-01,4.642850611120861726e-01,4.571319182985527640e-01,4.498608552125571425e-01,4.424740270982692736e-01,4.349736104590957164e-01,4.273617837107858697e-01,4.196407053861376801e-01,4.118124895869215707e-01,4.038791783117415823e-01,3.958427102929190089e-01,3.877048858229373840e-01,3.794673269965068707e-01
8.553030303030303427e-01,3.761527470045449850e-01,3.843029743691622202e-01,3.923530499501836077e-01,4.003016660207256439e-01,4.081473092408834935e-01,4.158883027755888584e-01,4.235228434697676514e-01,4.310490347315601989e-01,4.384649156626199140e-01,4.457684869056727228e-01,4.529577335949572237e-01,4.600306457540671023e-01,4.669852364573181536e-01,4.738195580644113947e-01,4.805317168621779933e-01,4.871198865205197404e-01,4.935823209377111498e-01,4.999173674198834072e-01,5.061234819914739447e-01,5.121992507912640491e-01,5.181434278140577554e-01,5.239550221001061381e-01,5.296335860270257045e-01,5.351813634991959834e-01,5.405940424301362013e-01,5.458576778302606236e-01,5.509819597057865614e-01,5.559663600196713684e-01,5.608102918433985895e-01,5.655132187266040944e-01,5.700746759936006214e-01,5.744942754114449324e-01,5.787717047173003282e-01,5.829067250498620734e-01,5.868991673492177652e-01,5.907489281790985203e-01,5.944559651999731242e-01,5.980202924259002684e-01,6.014419753527305845e-01,6.047211260215382689e-01,6.078578980669454568e-01,6.108524817906566540e-01,6.137050992929864446e-01,6.164159996881262149e-01,6.189854544213402310e-01,6.214137526970718861e-01,6.237011970153815144e-01,6.258480987996698497e-01,6.278547740809039546e-01,6.297215391839163789e-01,6.314487063429682356e-01,6.330365791637923012e-01,6.344854478600997494e-01,6.357955842416728176e-01,6.369672365391665370e-01,6.380006243309637171e-01,6.388959340785230756e-01,6.396533160194697309e-01,6.402728832899466926e-01,6.407547139861512475e-01,6.410988563056734257e-01,6.413053359775924278e-01,6.413741642032876333e-01,6.413053437887132890e-01,6.410988714740374350e-01,6.407547356667813165e-01,6.402729103567900149e-01,6.396533471974319429e-01,6.388959680714151323e-01,6.380006599256485833e-01,6.369672726761254067e-01,6.357956200514068845e-01,6.344854826710879525e-01,6.330366124903750169e-01,6.314487378615403212e-01,6.297215687041968213e-01,6.278548015170236640e-01,6.258481241438517140e-01,6.237012203155763990e-01,6.214137740388611109e-01,6.189854739138740403e-01,6.164160174535747716e-01,6.137051154588781809e-01,6.108524964845007954e-01,6.078579114126116956e-01,6.047211381369500538e-01,6.014419863484856688e-01,5.980203024045914750e-01,5.944559742559686333e-01,5.907489363986221376e-01,5.868991748106423545e-01,5.829067318240845896e-01,5.787717108681894596e-01,5.744942809962759744e-01,5.700746810634333972e-01,5.655132233265616204e-01,5.608102960127766545e-01,5.559663637916504308e-01,5.509819631063357370e-01,5.458576808746447018e-01,5.405940451083199871e-01,5.351813999128020027e-01,5.296336736963512815e-01,5.239551477252927247e-01,5.181435865132736351e-01,5.121994390390490759e-01,5.061236967570087453e-01,4.999176059595925037e-01,4.935825807336533533e-01,4.871201652587204278e-01,4.805320124219976674e-01,4.738198685100397101e-01,4.669855600288105868e-01,4.600309808573528891e-01,4.529580787909119888e-01,4.457688408985814865e-01,4.384652772882898231e-01,4.310494029453689202e-01,4.235232173347910911e-01,4.158886814509433205e-01,4.081476919702607398e-01,4.003020521218619843e-01,3.923534388039629506e-01,3.843033654088299778e-01,3.761531397059485471e-01
8.590909090909091272e-01,3.730470857060362300e-01,3.811145129767032902e-01,3.890811412487653609e-01,3.969459822705846408e-01,4.047078138998161378e-01,4.123652248567393208e-01,4.199166540900540756e-01,4.273604255314621958e-01,4.346947788434135651e-01,4.419178966733159908e-01,4.490279288522038281e-01,4.560230139230179724e-01,4.629012983536041070e-01,4.696609537855129801e-01,4.763001927042154748e-01,4.828172830154344175e-01,4.892105622403817300e-01,4.954784525562698216e-01,5.016194791371227923e-01,5.076322975298082074e-01,5.135157461416387514e-01,5.192689821363922764e-01,5.248920363722647808e-01,5.303932685213187392e-01,5.357436266624717724e-01,5.409568664555461925e-01,5.460329735162164910e-01,5.509713324368890053e-01,5.557713196847420267e-01,5.604323664808885663e-01,5.649539738351800899e-01,5.693357160732998024e-01,5.735772403382828344e-01,5.776782643084212854e-01,5.816385729804909310e-01,5.854580149020086610e-01,5.891364980544112617e-01,5.926739855081176733e-01,5.960704909307192878e-01,5.993260740074937143e-01,6.024408358198171110e-01,6.054149142173718134e-01,6.082484792117964778e-01,6.109417284116127611e-01,6.134948825095348779e-01,6.159081808231133826e-01,6.181818768773968964e-01,6.203162340035116573e-01,6.223115209103124990e-01,6.241680071690559606e-01,6.258859585379603629e-01,6.274656320523605002e-01,6.289072708308786064e-01,6.302110986181098662e-01,6.313773142211853706e-01,6.324060862157995233e-01,6.332975485821741302e-01,6.340517982121058882e-01,6.346688953578827341e-01,6.351488678691652456e-01,6.354917193242475282e-01,6.356974399540271659e-01,6.357660179680700852e-01,6.356974481797351695e-01,6.354917352612837744e-01,6.351488905654067985e-01,6.346689235562855691e-01,6.340518305072702088e-01,6.332975835679608423e-01,6.324061226008101944e-01,6.313773509021479713e-01,6.302111347127301588e-01,6.289073056786987914e-01,6.274656651946270980e-01,6.258859896865338612e-01,6.241680361719760262e-01,6.223115477189405942e-01,6.203162586438188963e-01,6.181818994264024481e-01,6.159082013904498831e-01,6.134949012235602073e-01,6.109417454093389876e-01,6.082484946318241770e-01,6.054149281951458628e-01,6.024408484845972245e-01,5.993260854805703142e-01,5.960705013245063411e-01,5.926739949258381657e-01,5.891365065901913445e-01,5.854580226412091637e-01,5.816385800001897532e-01,5.776782706779665100e-01,5.735772461198428429e-01,5.693357213224250479e-01,5.649539786012658382e-01,5.604323708075664712e-01,5.557713236101110565e-01,5.509713359934738097e-01,5.460329767303780946e-01,5.409568693454988031e-01,5.357436292312023340e-01,5.303932707021954407e-01,5.248921062597985410e-01,5.192690921944578264e-01,5.135158898476209766e-01,5.076324709654899126e-01,5.016196791594980109e-01,4.954786764021713585e-01,4.892108074068616252e-01,4.828175472156974180e-01,4.763004738471419142e-01,4.696612499625742454e-01,4.629016078277583546e-01,4.560233351178225591e-01,4.490282603406161588e-01,4.419182371662757625e-01,4.346951271782228399e-01,4.273607806602422454e-01,4.199170150683027569e-01,4.123655908321423036e-01,4.047081841013563386e-01,3.969463559979328759e-01,3.890815178619163595e-01,3.811148918869776692e-01,3.730474663652511569e-01
8.628787878787879118e-01,3.700689576223243904e-01,3.780567659614445519e-01,3.859429357976008612e-01,3.937268038882449916e-01,4.014074438840120607e-01,4.089837139388915466e-01,4.164542984997958719e-01,4.238177451095713200e-01,4.310724969118004402e-01,4.382169214317458983e-01,4.452493361232277014e-01,4.521680311128395968e-01,4.589712895408118443e-01,4.656574058984856435e-01,4.722247028111838385e-01,4.786715468504978421e-01,4.849963642724759438e-01,4.911976583014615594e-01,4.972740313825084746e-01,5.032242209354745865e-01,5.090471747513037881e-01,5.147422756173297698e-01,5.203106124151635203e-01,5.257546604354046416e-01,5.310517445935097891e-01,5.362142546302117729e-01,5.412417312838664341e-01,5.461335084868591538e-01,5.508889362421853786e-01,5.555074208250551093e-01,5.599884358828571829e-01,5.643315252078099364e-01,5.685363022816386502e-01,5.726024482813542038e-01,5.765297092313393934e-01,5.803178926281136185e-01,5.839668637161526954e-01,5.874765415245463140e-01,5.908468947388214598e-01,5.940779374617639608e-01,5.971697249033883770e-01,6.001223490298056573e-01,6.029359341912094994e-01,6.056106327398120825e-01,6.081466206379471107e-01,6.105440930447848524e-01,6.128032598564452371e-01,6.149243411596272413e-01,6.169075625445311628e-01,6.187531502119191229e-01,6.204613258083025995e-01,6.220323009423389671e-01,6.234662713894417729e-01,6.247634110992248413e-01,6.259238662984969448e-01,6.269477502347555742e-01,6.278351394007792852e-01,6.285860723303556830e-01,6.292005520975060273e-01,6.296785532865258883e-01,6.300200332927879954e-01,6.302249464570049975e-01,6.302932581672334722e-01,6.302249553731691378e-01,6.300200505184984090e-01,6.296785777068559797e-01,6.292005822574333607e-01,6.285861066285441945e-01,6.278351762661772417e-01,6.269477882578969874e-01,6.259239043079010134e-01,6.247634481881334523e-01,6.234663069060792928e-01,6.220323344582899816e-01,6.204613570774131226e-01,6.187531791282582239e-01,6.169075891044188964e-01,6.149243654299012540e-01,6.128032819494757533e-01,6.105441130996196453e-01,6.081466388066663065e-01,6.056106491780461898e-01,6.029359490517889331e-01,6.001223624587563865e-01,5.971697370375883551e-01,5.940779484277665112e-01,5.908469046524726931e-01,5.874765504910925973e-01,5.839668718306835205e-01,5.803178999761789969e-01,5.765297158896477425e-01,5.726024543184983218e-01,5.685363077588014846e-01,5.643315301794213923e-01,5.599884403971704394e-01,5.555074249246213514e-01,5.508889399642031837e-01,5.461335118633044994e-01,5.412417343412215809e-01,5.362142573883534880e-01,5.310517470618872915e-01,5.257546625949102159e-01,5.203106616641944848e-01,5.147423696222895861e-01,5.090473033726171659e-01,5.032243795975145373e-01,4.972742167531434831e-01,4.911978675663874472e-01,4.849965949276787702e-01,4.786717966268553837e-01,4.722249696409271391e-01,4.656576878961661281e-01,4.589715849894090982e-01,4.521683384516263504e-01,4.452496539361218697e-01,4.382172484358315967e-01,4.310728319459317115e-01,4.238180871231064240e-01,4.164546465415587817e-01,4.089840671463802479e-01,4.014078014729037802e-01,3.937271651422473706e-01,3.859433000585792417e-01,3.780571326198106097e-01,3.700693261079009977e-01
8.666666666666666963e-01,3.672573214027918809e-01,3.751694188072750014e-01,3.829788393327082652e-01,3.906852513549604611e-01,3.982880297599652453e-01,4.057863067148232972e-01,4.131790161062655620e-01,4.204649325854548647e-01,4.276427059895882010e-01,4.347108917826792984e-01,4.416679780631931895e-01,4.485124096215879486e-01,4.552426094982760518e-01,4.618569984994022604e-01,4.683540131976418053e-01,4.747321231303794353e-01,4.809898483406098157e-01,4.871257794389861617e-01,4.931386050645850672e-01,4.990271598121545638e-01,5.047905370601271091e-01,5.104284917768983076e-01,5.159464302956582316e-01,5.213292672794487270e-01,5.265737567876935810e-01,5.316858076200584593e-01,5.366648116424796999e-01,5.415100723281089934e-01,5.462209216398177247e-01,5.507967476631298043e-01,5.552370031494261449e-01,5.595412078074950557e-01,5.637089479491907973e-01,5.677398747884995212e-01,5.716337019541480879e-01,5.753902024952491923e-01,5.790092055378369684e-01,5.824905926914552001e-01,5.858342942727542413e-01,5.890402853934650906e-01,5.921085819456172183e-01,5.950392365049289589e-01,5.978323341613785979e-01,6.004879882735414398e-01,6.030063361291152502e-01,6.053875344788191004e-01,6.076317548942095081e-01,6.097391788849683136e-01,6.117099927009328475e-01,6.135443817466108563e-01,6.152425245619269623e-01,6.168045863889065616e-01,6.182307124680626043e-01,6.195210214050241859e-01,6.206755992143473399e-01,6.216944949411796761e-01,6.225777189812589096e-01,6.233252452048140269e-01,6.239370175739119562e-01,6.244129610717682466e-01,6.247529956259425532e-01,6.249570507415480591e-01,6.250250782170704289e-01,6.249570607174720349e-01,6.247530148297780750e-01,6.244129881409385963e-01,6.239370507558469336e-01,6.233252826084036968e-01,6.225777587962879611e-01,6.216945355907933513e-01,6.206756394329726589e-01,6.195210602537958300e-01,6.182307493082299654e-01,6.168046208333355374e-01,6.152425564200115771e-01,6.135444109721598371e-01,6.117100193477289505e-01,6.097392030714807731e-01,6.076317767770600398e-01,6.053875542336796256e-01,6.030063539375610793e-01,6.004880043143941970e-01,5.978323486053351843e-01,5.950392495114800173e-01,5.921085936615848588e-01,5.890402959525536941e-01,5.858343037957735033e-01,5.824906012869509597e-01,5.790092133029262067e-01,5.753902095165626118e-01,5.716337083087895676e-01,5.677398805449612729e-01,5.637089531682274446e-01,5.595412125428921302e-01,5.552370074486909779e-01,5.507967515680560755e-01,5.462209251869380999e-01,5.415100755489485884e-01,5.366648145635163347e-01,5.316858102621285775e-01,5.265737591638265380e-01,5.213292693865252403e-01,5.159464467127993226e-01,5.104285689553826888e-01,5.047906504940211647e-01,4.990273037801807865e-01,4.931387759328055842e-01,4.871259743016638222e-01,4.809900646740546404e-01,4.747323586729155220e-01,4.683542658984955476e-01,4.618572664919667892e-01,4.552428910826619712e-01,4.485127032508220979e-01,4.416682823309069361e-01,4.347112054114629642e-01,4.276430278196708956e-01,4.204652615637168300e-01,4.131793512754766140e-01,4.057866472032221061e-01,3.982883747711443712e-01,3.906856001580584214e-01,3.829791912529291742e-01,3.751697732166616173e-01,3.672576777112848689e-01
8.704545454545454808e-01,3.646452606934592611e-01,3.724861891287194471e-01,3.802231919936368554e-01,3.878562769980286595e-01,3.953851266364205030e-01,4.028091524314333927e-01,4.101275422786681002e-01,4.173393019451692165e-01,4.244432915835961162e-01,4.314382579800083994e-01,4.383228631472992909e-01,4.450957098060874806e-01,4.517553642620807941e-01,4.583003772064615511e-01,4.647293030641673206e-01,4.710407187708082200e-01,4.772332434655366384e-01,4.833055620860930435e-01,4.892564599823976956e-01,4.950848892307012639e-01,5.007901464367233713e-01,5.063726904414723728e-01,5.118398624992712698e-01,5.171630004539156111e-01,5.223558058086813505e-01,5.274181144279821432e-01,5.323492488060970196e-01,5.371484955066969658e-01,5.418151759422520364e-01,5.463486664588548258e-01,5.507484051825808358e-01,5.550138940251555519e-01,5.591446984774335327e-01,5.631404462091289531e-01,5.670008249382118004e-01,5.707255798109441836e-01,5.743145104325051431e-01,5.777674676369920492e-01,5.810843500557528740e-01,5.842651005231369599e-01,5.873097023425593033e-01,5.902181754205936270e-01,5.929905722605434137e-01,5.956269737885042659e-01,5.981274849637814306e-01,6.004922301021183850e-01,6.027213478162259941e-01,6.048149854588720231e-01,6.067732929483279358e-01,6.085964158812205982e-01,6.102844879190437721e-01,6.118376226060622258e-01,6.132559050735720829e-01,6.145393845228512841e-01,6.156880689073164215e-01,6.167019236748982891e-01,6.175808764298225118e-01,6.183248284561003727e-01,6.189336719217874982e-01,6.194073086986717769e-01,6.197456646966446048e-01,6.199486946469699999e-01,6.200163771856349593e-01,6.199487062299687823e-01,6.197456868908656213e-01,6.194073397539463510e-01,6.189337096282901962e-01,6.183248704885060398e-01,6.175809206311382304e-01,6.167019682360774802e-01,6.156881124413265960e-01,6.145394260582036638e-01,6.132559439999812900e-01,6.118376586004031781e-01,6.102845208705265367e-01,6.085964458259340848e-01,6.067733200169020957e-01,6.048150098372950811e-01,6.027213697179798491e-01,6.004922497493221378e-01,5.981275025750553143e-01,5.956269895716432838e-01,5.929905864085319722e-01,5.902181881097885441e-01,5.873097137323417538e-01,5.842651107563998636e-01,5.810843592598814444e-01,5.777674759251139047e-01,5.743145179048030347e-01,5.707255865559848207e-01,5.670008310341907443e-01,5.631404517250242492e-01,5.591447034740613109e-01,5.550138985560700844e-01,5.507484092948878862e-01,5.463486701938702339e-01,5.418151793360402868e-01,5.371484985904366738e-01,5.323492516062212632e-01,5.274181169658982427e-01,5.223558080995376329e-01,5.171630025022387889e-01,5.118398642734316439e-01,5.063727492841764155e-01,5.007902445069880581e-01,4.950850185968083128e-01,4.892566165311231230e-01,4.833057427659869787e-01,4.772334457108118877e-01,4.710409403158901664e-01,4.647295418686715474e-01,4.583006314184042140e-01,4.517556321958603460e-01,4.450959899265903852e-01,4.383231540566674966e-01,4.314385584056615874e-01,4.244436003669441182e-01,4.173396180307694658e-01,4.101278647037602809e-01,4.028094803158047688e-01,3.953854591726111978e-01,3.878566134418758304e-01,3.802235316550954813e-01,3.724865313629797670e-01,3.646456048923190640e-01
8.742424242424242653e-01,3.622444706997161590e-01,3.700188421608467393e-01,3.776878252322342644e-01,3.852517761768702309e-01,3.927106927601055619e-01,4.000642723078106089e-01,4.073119622390811156e-01,4.144530042504451783e-01,4.214864731152625499e-01,4.284113109003383491e-01,4.352263572839623618e-01,4.419303765834516340e-01,4.485220820694906241e-01,4.550001581770438674e-01,4.613632813616034833e-01,4.676101407052496439e-01,4.737394602374943586e-01,4.797500271490839907e-01,4.856407365568758960e-01,4.914106868424621966e-01,4.970594794261675164e-01,5.025893300750319259e-01,5.079993253429820887e-01,5.132696561484719755e-01,5.184117712654890964e-01,5.234251877863583813e-01,5.283091947726726856e-01,5.330630721064493205e-01,5.376861374244661373e-01,5.421777614316195537e-01,5.465373736187628673e-01,5.507644641294281440e-01,5.548585837431266876e-01,5.588193427875859376e-01,5.626464093681151635e-01,5.663395071231691613e-01,5.698984126303900943e-01,5.733229525414132999e-01,5.766130004952134680e-01,5.797684738381162495e-01,5.827893301588524810e-01,5.856755636258186293e-01,5.884272010891239413e-01,5.910442978797256774e-01,5.935269332017575339e-01,5.958752049717749300e-01,5.980892239142066025e-01,6.001691066848067191e-01,6.021149677835632152e-01,6.039269100723895223e-01,6.056050138928644744e-01,6.071493251751259868e-01,6.085598436466216343e-01,6.098365133554297657e-01,6.109792191153914365e-01,6.119877936589148693e-01,6.128620401002071727e-01,6.136017710248395929e-01,6.142068577768206028e-01,6.146772727008537052e-01,6.150130998573535290e-01,6.152144964777369607e-01,6.152816129405516143e-01,6.152145105514625900e-01,6.150131266600149527e-01,6.146773098457729567e-01,6.142069023216514267e-01,6.136018199725955524e-01,6.128620907823993935e-01,6.119878439468390274e-01,6.109792674754538355e-01,6.098365587991492198e-01,6.085598856288988445e-01,6.071493634805369410e-01,6.056050485327130195e-01,6.039269412018843930e-01,6.021149956403425429e-01,6.001691315460705445e-01,5.980892460684527068e-01,5.958752247012272241e-01,5.935269507722673588e-01,5.910443135356252542e-01,5.884272150512807054e-01,5.856755760916383391e-01,5.827893413034036518e-01,5.797684838158394527e-01,5.766130094418761010e-01,5.733229605761194225e-01,5.698984198574827964e-01,5.663395136340156899e-01,5.626464152427084198e-01,5.588193480959650072e-01,5.548585885466230661e-01,5.507644684817621927e-01,5.465373775669475354e-01,5.421777650167450835e-01,5.376861406823159051e-01,5.330630750679837826e-01,5.283091974642731836e-01,5.234251902298004966e-01,5.184117734772483166e-01,5.132696581372846456e-01,5.079993270992670951e-01,5.025893665576053326e-01,4.970595617762492702e-01,4.914108016781732480e-01,4.856408789812961535e-01,4.797501938883657613e-01,4.737396486557793884e-01,4.676103485202416365e-01,4.613635065363888010e-01,4.550003988700357382e-01,4.485223366066275474e-01,4.419306434396328975e-01,4.352266350686233021e-01,4.284115983450216825e-01,4.214867690622483565e-01,4.144533076420047202e-01,4.073122721072434671e-01,4.000645877644843362e-01,3.927110129875920896e-01,3.852521004186859055e-01,3.776881527842372854e-01,3.700191723626490847e-01,3.622448029263198310e-01
8.780303030303030498e-01,3.600222639702857497e-01,3.677343540105468267e-01,3.753393971826120001e-01,3.828381076962728558e-01,3.902308065768499423e-01,3.975174835966862608e-01,4.046978512894825464e-01,4.117713920678845452e-01,4.187373995144976768e-01,4.255950147413025686e-01,4.323432585825346397e-01,4.389810603043506898e-01,4.455072834884373223e-01,4.519207498006683199e-01,4.582202615522973921e-01,4.644046244596651829e-01,4.704726732453309856e-01,4.764233060542869547e-01,4.822555441200865323e-01,4.879686752956205464e-01,4.935628091558675878e-01,4.990484844481611337e-01,5.043945038181681939e-01,5.096133522955604844e-01,5.147057895554355555e-01,5.196712094089774858e-01,5.245088875696265474e-01,5.292181050962531108e-01,5.337981816494906662e-01,5.382484876772567484e-01,5.425684493908321526e-01,5.467575506049683343e-01,5.508153329490278471e-01,5.547413951078070671e-01,5.585353914207032977e-01,5.621970300220511252e-01,5.657260706323467003e-01,5.691223220679225703e-01,5.723856395073593228e-01,5.755159215274319173e-01,5.785131068947191313e-01,5.813771710668315107e-01,5.841081223160826674e-01,5.867059973346240298e-01,5.891708561102789732e-01,5.915027757751867288e-01,5.937018430277167802e-01,5.957681446264205816e-01,5.977017553887843393e-01,5.995027231753403685e-01,6.011710506479508442e-01,6.027066744074945914e-01,6.041094437969968256e-01,6.053791045798793125e-01,6.065152969407101580e-01,6.075175818040603470e-01,6.083855110161607849e-01,6.091187490088451062e-01,6.097172286605134772e-01,6.101812825142296504e-01,6.105116546405028322e-01,6.107093146875617329e-01,6.107750973622582125e-01,6.107093327933980076e-01,6.105116888428455679e-01,6.101813293137966498e-01,6.097172838747807466e-01,6.091188085549948950e-01,6.083855714512034218e-01,6.075176405631459442e-01,6.065153523349725573e-01,6.053791556576501032e-01,6.041094901583351495e-01,6.027067160276642355e-01,6.011710877344714765e-01,5.995027560634670349e-01,5.977017844707286365e-01,5.957681703065195178e-01,5.937018656960323382e-01,5.915027957934368974e-01,5.891708738055811967e-01,5.867060129979904115e-01,5.841081362036136815e-01,5.813771834023052643e-01,5.785131178727952461e-01,5.755159313169796453e-01,5.723856482546842983e-01,5.691223298997248881e-01,5.657260776583745709e-01,5.621970363374387825e-01,5.585353971079967117e-01,5.547414002387129894e-01,5.508153375858982903e-01,5.467575548020704446e-01,5.425684531954193535e-01,5.382484911304459274e-01,5.337981847870018060e-01,5.292181079489477469e-01,5.245088901638964574e-01,5.196712117668568220e-01,5.147057916942845424e-01,5.096133542266642058e-01,5.043945055414302825e-01,4.990484859067441659e-01,4.935628750516862229e-01,4.879687756349773697e-01,4.822556726284354389e-01,4.764234591185157464e-01,4.704728481222183456e-01,4.644048188347993933e-01,4.582204733846507172e-01,4.519209772548464787e-01,4.455075248993869419e-01,4.389813141554220199e-01,4.323435234895514623e-01,4.255952894394828268e-01,4.187376828469078771e-01,4.117716829747483653e-01,4.046981487981056169e-01,3.975177868118305313e-01,3.902311146714775303e-01,3.828384199026532153e-01,3.753397127837152514e-01,3.677346723317075905e-01,3.600225843714178753e-01
8.818181818181818343e-01,3.579031441113845191e-01,3.655558601646429762e-01,3.730997068652918136e-01,3.805357685887403307e-01,3.878646970530165161e-01,3.950867814055875615e-01,4.022020051256277040e-01,4.092100962849322121e-01,4.161105715440010511e-01,4.229027748364747596e-01,4.295859115955150687e-01,4.361590792910521874e-01,4.426212950289175607e-01,4.489715210477353002e-01,4.552086892269781027e-01,4.613317264242677851e-01,4.673395842640445386e-01,4.732312821204804343e-01,4.790059894934531326e-01,4.846632547523206935e-01,4.902041991924660502e-01,4.956352495124796698e-01,5.009277535772157508e-01,5.060956608739122231e-01,5.111388107019120275e-01,5.160565430685215560e-01,5.208481331761728450e-01,5.255128695202382350e-01,5.300500787543636072e-01,5.344591357863652803e-01,5.387394682905238819e-01,5.428905586137983130e-01,5.469119442542927922e-01,5.508032174542555337e-01,5.545640241890837929e-01,5.581940627130110855e-01,5.616930817575779278e-01,5.650608784383743810e-01,5.682972958929259910e-01,5.714022206397800785e-01,5.743755796090059818e-01,5.772173367415556200e-01,5.799274889811394385e-01,5.825060613788433095e-01,5.849531008861548198e-01,5.872686682147483239e-01,5.894528268837531115e-01,5.915056282642988661e-01,5.934270911139539750e-01,5.952171739071514533e-01,5.968757385307535968e-01,5.984025052746626550e-01,5.997970026639641850e-01,6.010585232766498809e-01,6.021861100118658383e-01,6.031786158613379190e-01,6.040348961888192258e-01,6.047541829716164274e-01,6.053366171275389451e-01,6.057837539471429000e-01,6.060986724033710082e-01,6.062853172484441444e-01,6.063470901427285842e-01,6.062853423358642857e-01,6.060987192897254738e-01,6.057838170356297791e-01,6.053366899809842216e-01,6.047542596397145198e-01,6.040349720052881066e-01,6.031786876726789037e-01,6.021861760188632617e-01,6.010585827080314747e-01,5.997970554369554952e-01,5.984025517166736696e-01,5.968757791802813406e-01,5.952172093846177514e-01,5.934271220447819850e-01,5.915056552373018084e-01,5.894528504317310125e-01,5.872686888082264689e-01,5.849531189343449844e-01,5.825060772342548487e-01,5.799275029456931740e-01,5.772173490730335699e-01,5.743755905271921147e-01,5.714022303320510643e-01,5.682973045191509476e-01,5.650608861351371637e-01,5.616930886417866864e-01,5.581940688849261756e-01,5.545640297348790604e-01,5.508032224481533845e-01,5.469119487603546492e-01,5.428905626874037660e-01,5.387394719796269049e-01,5.344591391324952090e-01,5.300500817934659104e-01,5.255128722833170007e-01,5.208481356897676218e-01,5.160565453549673665e-01,5.111388127792501068e-01,5.060956627551037590e-01,5.009277552672357636e-01,4.956352509934890405e-01,4.902042468844608480e-01,4.846633405234631042e-01,4.790061042782174927e-01,4.732314217765587472e-01,4.673397458891485612e-01,4.613319076528334950e-01,4.552088880054331876e-01,4.489717355426667833e-01,4.426215235820101790e-01,4.361593203928834095e-01,4.295861638676881644e-01,4.229030370177298548e-01,4.161108424783538928e-01,4.092103749109886612e-01,4.022022904666147092e-01,3.950870725599378019e-01,3.878649931853382915e-01,3.805360689211638725e-01,3.731000106691225726e-01,3.655561667534029668e-01,3.579034528308552843e-01
8.856060606060607299e-01,3.558698924120072271e-01,3.634658226270496284e-01,3.709509075857961857e-01,3.783266098617648621e-01,3.855939243123867599e-01,3.927534469397577777e-01,3.998054379444151984e-01,4.067498763592594657e-01,4.135865064705161465e-01,4.203148790132290036e-01,4.269343876025382123e-01,4.334443012588615751e-01,4.398437938886741727e-01,4.461319717123871653e-01,4.523079000234606073e-01,4.583706316696998795e-01,4.643192423210500408e-01,4.701528856560396319e-01,4.758709118971446994e-01,4.814732604126527038e-01,4.869641328761778465e-01,4.923373802284716771e-01,4.975775628521489358e-01,5.026949631267737528e-01,5.076891581594353831e-01,5.125594678480436261e-01,5.173051760133174914e-01,5.219255838894159005e-01,5.264200296040097982e-01,5.307878968747996584e-01,5.350286192673436858e-01,5.391416822489644156e-01,5.431266239781921135e-01,5.469830352829965214e-01,5.507105590718370802e-01,5.543088893191014943e-01,5.577777697076449215e-01,5.611169919688538954e-01,5.643263939210285685e-01,5.674058571597401235e-01,5.703553042899280889e-01,5.731746954960427187e-01,5.758640241071548704e-01,5.784233106032893312e-01,5.808525941928304182e-01,5.831519206197207650e-01,5.853213241740846673e-01,5.873608009192807788e-01,5.892702688934960964e-01,5.910495096249768210e-01,5.926980842592043386e-01,5.942152184352310629e-01,5.955996562396174143e-01,5.968495019739677998e-01,5.979621100162029190e-01,5.989341580871465620e-01,5.997621370462187240e-01,6.004435320064828163e-01,6.009787624475368961e-01,6.013732850868085400e-01,6.016383408600884941e-01,6.017886580933150542e-01,6.018370706395377301e-01,6.017886958668234865e-01,6.016384106003319632e-01,6.013733770975471238e-01,6.009788659768865449e-01,6.004436376918310669e-01,5.997622381854181839e-01,5.989342507529518134e-01,5.979621924983998804e-01,5.968495740408450434e-01,5.955997185008903294e-01,5.942152718942214085e-01,5.926981300383530327e-01,5.910495488164841937e-01,5.892703024890133534e-01,5.873608297850289039e-01,5.853213490498581084e-01,5.831519421290944916e-01,5.808526128576019243e-01,5.784233268585706744e-01,5.758640383153911246e-01,5.731747079593595418e-01,5.703553152605886911e-01,5.674058668489132540e-01,5.643264025060010791e-01,5.611169995989535586e-01,5.577777765090613515e-01,5.543088953988516421e-01,5.507105645209764422e-01,5.469830401792538099e-01,5.431266283881129864e-01,5.391416862296802837e-01,5.350286228680057876e-01,5.307879001377601158e-01,5.264200325657680812e-01,5.219255865813771100e-01,5.173051784623536875e-01,5.125594700768720813e-01,5.076891601867077330e-01,5.026949649666785369e-01,4.975775645127309965e-01,4.923373817047320133e-01,4.869641560509386791e-01,4.814733313318557140e-01,4.758710131197857462e-01,4.701530121723653810e-01,4.643193909941419339e-01,4.583708000580163366e-01,4.523080860508518208e-01,4.461321735427754009e-01,4.398440098681675181e-01,4.334445298840987060e-01,4.269346275004034519e-01,4.203151289258691414e-01,4.135867652431020058e-01,4.067501429291970338e-01,3.998057113314799071e-01,3.927537262368149262e-01,3.855942086765707932e-01,3.783268985065243450e-01,3.709511997730396970e-01,3.634661176573171781e-01,3.558701896183535385e-01
8.893939393939394034e-01,3.539940666447795592e-01,3.615371710461479648e-01,3.689672679860143134e-01,3.762862130407022554e-01,3.834953512324068559e-01,3.905955944619016185e-01,3.975874896595798513e-01,4.044712717770062027e-01,4.112469179386838425e-01,4.179141902909993544e-01,4.244726747686593527e-01,4.309218157894131318e-01,4.372609478122665427e-01,4.434893249449935460e-01,4.496061503473994247e-01,4.556106086311428327e-01,4.615019084929115056e-01,4.672793558937922698e-01,4.729425332974265817e-01,4.784920485764486697e-01,4.839390722716444548e-01,4.892502873926060647e-01,4.944396577721619779e-01,4.995077977233475242e-01,5.044541780744214998e-01,5.092781184001727857e-01,5.139789185215793976e-01,5.185558974629690399e-01,5.230084093700867465e-01,5.273358512850255808e-01,5.315376673133599406e-01,5.356133509010263527e-01,5.395624459837756737e-01,5.433845473942601201e-01,5.470793007405789776e-01,5.506464018811468852e-01,5.540855960638133570e-01,5.573966767490828866e-01,5.605794840835462978e-01,5.636339029160905012e-01,5.665598601390138267e-01,5.693573209627547094e-01,5.720262834558427212e-01,5.745667702354206874e-01,5.769788154730030039e-01,5.792624442183976763e-01,5.814176391840646385e-01,5.834442871960645594e-01,5.853420930184923821e-01,5.871104417496557648e-01,5.887481826707636756e-01,5.902532999589539253e-01,5.916224388085549180e-01,5.928502960387636023e-01,5.939290213634188520e-01,5.948481025701580771e-01,5.955957604572956754e-01,5.961632893800075106e-01,5.965527838463189347e-01,5.967849235854524315e-01,5.968993552643004907e-01,5.969431356675526379e-01,5.969531744852555333e-01,5.969431944514014265e-01,5.968994635101282364e-01,5.967850651668945572e-01,5.965529403517728646e-01,5.961634448578166934e-01,5.955959042130490877e-01,5.948482293469222748e-01,5.939291299199140894e-01,5.928503874418533659e-01,5.916225151372976887e-01,5.902533635333556683e-01,5.887482356723833243e-01,5.871104860747587972e-01,5.853421302498391654e-01,5.834443186268277737e-01,5.814176658597105529e-01,5.792624669805790383e-01,5.769788349990747633e-01,5.745667870716371084e-01,5.720262980442943901e-01,5.693573336628084958e-01,5.665598712442345697e-01,5.636339126675135036e-01,5.605794926801236366e-01,5.573966843558774142e-01,5.540856028184609761e-01,5.506464078989772304e-01,5.470793061186801642e-01,5.433845522147228158e-01,5.395624503162822494e-01,5.356133548049439863e-01,5.315376708394358163e-01,5.273358544767224876e-01,5.230084122646988520e-01,5.185559000924674367e-01,5.139789209132920034e-01,5.092781205772465292e-01,5.044541800560682354e-01,4.995077995246853253e-01,4.944396594032828274e-01,4.892502888548803663e-01,4.839390735331728366e-01,4.784921038945569305e-01,4.729426210643059014e-01,4.672794695418903688e-01,4.615020445332891907e-01,4.556107645121927896e-01,4.496063239576020831e-01,4.434895144399874645e-01,4.372611515398348581e-01,4.309220322508394707e-01,4.244729025953760670e-01,4.179144282283021594e-01,4.112471648329031892e-01,4.044715265645917879e-01,3.975877513572372290e-01,3.905958621574731060e-01,3.834956240777026015e-01,3.762864902407018208e-01,3.689675487919550911e-01,3.615374547481595702e-01,3.539943525644133060e-01
8.931818181818182989e-01,3.522732073825838861e-01,3.597674211366084784e-01,3.671462798367829961e-01,3.744120460711657383e-01,3.815664282104185290e-01,3.886106636090022604e-01,3.955455898072434140e-01,4.023717081429233344e-01,4.090892343802173259e-01,4.156981463861667003e-01,4.221982268352041379e-01,4.285890996306856993e-01,4.348702637576750130e-01,4.410411253744478954e-01,4.471010303714105238e-01,4.530493017652735266e-01,4.588852925181809983e-01,4.646084862842863039e-01,4.702187855579166298e-01,4.757182227650780248e-01,4.811123318434593066e-01,4.863721671037056771e-01,4.915122184031925912e-01,4.965324332522347839e-01,5.014322404024348367e-01,5.062109720321666950e-01,5.108679499687903691e-01,5.154025155617940612e-01,5.198140432132282163e-01,5.241019475807611183e-01,5.282656877930769213e-01,5.323047700269564197e-01,5.362187490775280896e-01,5.400072292540346597e-01,5.436698647909323778e-01,5.472063598832986875e-01,5.506164683959329231e-01,5.538999932347784538e-01,5.570567852884437121e-01,5.600867417240829038e-01,5.629898032204603275e-01,5.657659493843498755e-01,5.684151910247722261e-01,5.709375569804586714e-01,5.733330715052764592e-01,5.756017152791989000e-01,5.777433579912905071e-01,5.797576415239817926e-01,5.816437774086873347e-01,5.834001965440259729e-01,5.850239491816751070e-01,5.865097013897958567e-01,5.878481443102476778e-01,5.890237628853803864e-01,5.900126034741817183e-01,5.907827017415108184e-01,5.913032784651149898e-01,5.915686048008554909e-01,5.916258228297384125e-01,5.915703132575159673e-01,5.914949669445475067e-01,5.914463421376280339e-01,5.914310557845700034e-01,5.914464156121015392e-01,5.914951080789321303e-01,5.915705081163658008e-01,5.916260485365893995e-01,5.915688345185584618e-01,5.913034902908886892e-01,5.907828841035314138e-01,5.900127540661083136e-01,5.890238846420857710e-01,5.878482420121747820e-01,5.865097798342816526e-01,5.850240124838760325e-01,5.834002480017007608e-01,5.816438195850354154e-01,5.797576763874291439e-01,5.777433870500903179e-01,5.756017396925505736e-01,5.733330921693856608e-01,5.709375745933301660e-01,5.684152061344387441e-01,5.657659624246560437e-01,5.629898145376660556e-01,5.600867515967441479e-01,5.570567939423645143e-01,5.539000008543167874e-01,5.506164751326481088e-01,5.472063658625825333e-01,5.436698701171492898e-01,5.400072340145353200e-01,5.362187533457969391e-01,5.323047738650941163e-01,5.282656912537802008e-01,5.241019507088957585e-01,5.198140460470772606e-01,5.154025181340560202e-01,5.108679523073450524e-01,5.062109741606457547e-01,5.014322423405666029e-01,4.965324350159113775e-01,4.915122200039439004e-01,4.863721685466296241e-01,4.811123331173790540e-01,4.757182604031092166e-01,4.702188598554442600e-01,4.646085873138006139e-01,4.588854162436894479e-01,4.530494454767959867e-01,4.471011919056686601e-01,4.410413028721277273e-01,4.348704555651982107e-01,4.285893042524988594e-01,4.221984429065877009e-01,4.156983726552638814e-01,4.090894696945174269e-01,4.023719514380570406e-01,3.955458400977060474e-01,3.886109199796323188e-01,3.815666898054538292e-01,3.744123120879616073e-01,3.671465495179518923e-01,3.597676937625470250e-01,3.522734822642507591e-01
8.969696969696969724e-01,3.506926163263953677e-01,3.581415974576905858e-01,3.654726930978305921e-01,3.726885883627175655e-01,3.797913676341131972e-01,3.867826043124761859e-01,3.936634376172913341e-01,4.004346386770817334e-01,4.070966680770942148e-01,4.136497280582998592e-01,4.200938014043101854e-01,4.264286958469228339e-01,4.326540791979192613e-01,4.387695142348176369e-01,4.447744950886147741e-01,4.506684911552755746e-01,4.564510144377933454e-01,4.621217644461195762e-01,4.676811300876371202e-01,4.731381521341403440e-01,4.784736013647682973e-01,4.836839383041079410e-01,4.887760026652051004e-01,4.937495101468121206e-01,4.986038806339919693e-01,5.033384682096195828e-01,5.079526218945938920e-01,5.124457096194294792e-01,5.168171301602706436e-01,5.210663200389550331e-01,5.251927579123190082e-01,5.291959675338725466e-01,5.330755198209521373e-01,5.368310343196295298e-01,5.404621802373347217e-01,5.439686771350824568e-01,5.473502953019669937e-01,5.506068557481275105e-01,5.537382296204796939e-01,5.567443366247867287e-01,5.596251416540728441e-01,5.623806481447723993e-01,5.650108854639936951e-01,5.675158854191263424e-01,5.698956389102775022e-01,5.721500161633892301e-01,5.742786197051903407e-01,5.762805121989638124e-01,5.781537102656584270e-01,5.798942418811869892e-01,5.814944072974744804e-01,5.829396808852650436e-01,5.842037109668861694e-01,5.852423374542061740e-01,5.859939317203877174e-01,5.864073350152930741e-01,5.865153469180683921e-01,5.864840942119040612e-01,5.865054024509394059e-01,5.866386656961475321e-01,5.868208241714284457e-01,5.869665656920695085e-01,5.870210299510372209e-01,5.869666188155655551e-01,5.868209335010214911e-01,5.866388349994098306e-01,5.865056300925438615e-01,5.864843643649714222e-01,5.865156275100789074e-01,5.864075918868429937e-01,5.859941457983255386e-01,5.852425065959572237e-01,5.842038417506923986e-01,5.829397817609549559e-01,5.814944856696050435e-01,5.798943034695525078e-01,5.781537592853731589e-01,5.762805517128362087e-01,5.742786519410584267e-01,5.721500427549455203e-01,5.698956610690671942e-01,5.675159040548379830e-01,5.650109012683004472e-01,5.623806616500253153e-01,5.596251532747719137e-01,5.567443466871910829e-01,5.537382383840209199e-01,5.506068634210353752e-01,5.473503020528481811e-01,5.439686831015603241e-01,5.404621855325830726e-01,5.368310390373532970e-01,5.330755240392177630e-01,5.291959713180999225e-01,5.251927613175876308e-01,5.210663231118456418e-01,5.168171329403054015e-01,5.124457121402116178e-01,5.079526241846801238e-01,5.033384702931967825e-01,4.986038825313332534e-01,4.937495118744718581e-01,4.887760042358100798e-01,4.836839397251582184e-01,4.784736026337358394e-01,4.731381583526242385e-01,4.676811906676296426e-01,4.621218530648632528e-01,4.564511261551694177e-01,4.506686230312377806e-01,4.447746448863653113e-01,4.387696800719976253e-01,4.326542594161812416e-01,4.264288889523565329e-01,4.200940060353852701e-01,4.136499429657644056e-01,4.070968921095538540e-01,4.004348707713225597e-01,3.936636767855136720e-01,3.867828496342342603e-01,3.797916182484540326e-01,3.726888434602768085e-01,3.654729519132893789e-01,3.581418592625376096e-01,3.506928804218829576e-01
9.007575757575758679e-01,3.492251052081866702e-01,3.566319869362462591e-01,3.639182763654602026e-01,3.710870978398341791e-01,3.781409254519503271e-01,3.850816799217017805e-01,3.919108112777591746e-01,3.986293699044031191e-01,4.052380680122306122e-01,4.117373330499732864e-01,4.181273574430670603e-01,4.244081374240228910e-01,4.305795135690749786e-01,4.366412103192942595e-01,4.425928763998468463e-01,4.484341374449953843e-01,4.541646847549232757e-01,4.597844948153587685e-01,4.652948116027116887e-01,4.707076856569016865e-01,4.759874758058860178e-01,4.811495575419594273e-01,4.861946545236142669e-01,4.911223876983175085e-01,4.959321879357149743e-01,5.006234384471686116e-01,5.051955201212722235e-01,5.096478315713652840e-01,5.139798000399200539e-01,5.181908882152564955e-01,5.222805989172724095e-01,5.262484785408624299e-01,5.300941197169261043e-01,5.338171634528342535e-01,5.374173009047529259e-01,5.408942748514801169e-01,5.442478808482237307e-01,5.474779679027590440e-01,5.505844382859996777e-01,5.535672456756217663e-01,5.564263900735763047e-01,5.591619065262860566e-01,5.617738420057020177e-01,5.642622096768857842e-01,5.666268997429083631e-01,5.688675061005856737e-01,5.709829877689731603e-01,5.729710022301190975e-01,5.748265835853003658e-01,5.765395281512261105e-01,5.780893774725655021e-01,5.794367670273662396e-01,5.805132653797566711e-01,5.812289197875823987e-01,5.815507291894790320e-01,5.816476048467704718e-01,5.818331611435356709e-01,5.822426669169561420e-01,5.827735830443425691e-01,5.832821907313344711e-01,5.836805747922340082e-01,5.839292012708167112e-01,5.840132889100599911e-01,5.839292293043772952e-01,5.836806338913481662e-01,5.832822871202256731e-01,5.827737258011312926e-01,5.822428650659051685e-01,5.818334145427798143e-01,5.816478908147348914e-01,5.815510052654138118e-01,5.812291520801693423e-01,5.805134453021212337e-01,5.794369019537881638e-01,5.780894784174221979e-01,5.765396045379614920e-01,5.748266423392108804e-01,5.729710482038693486e-01,5.709830243348865686e-01,5.688675356209030864e-01,5.666269238963991262e-01,5.642622296766284240e-01,5.617738587431664321e-01,5.591619206672843179e-01,5.564264021229898827e-01,5.535672560216934324e-01,5.505844472311419713e-01,5.474779756853236368e-01,5.442478876581032798e-01,5.408942808414540782e-01,5.374173061988443134e-01,5.338171681525709644e-01,5.300941239060212862e-01,5.262484822888264802e-01,5.222806022821528948e-01,5.181908912457919847e-01,5.139798027772007893e-01,5.096478340501492399e-01,5.051955223709884146e-01,5.006234404926951376e-01,4.959321897979326321e-01,4.911223893944341445e-01,4.861946560671707163e-01,4.811495589421431740e-01,4.759874770648561682e-01,4.707076867538187992e-01,4.652948576926734248e-01,4.597845711612612019e-01,4.541647847523584969e-01,4.484342578112051614e-01,4.425930147945982829e-01,4.366413648270061620e-01,4.305796825227101166e-01,4.244083193297287226e-01,4.181275509418462821e-01,4.117375368954889758e-01,4.052382810564943427e-01,3.986295910823992594e-01,3.919110395996712182e-01,3.850819144638667479e-01,3.781411653486770885e-01,3.710873422757100526e-01,3.639185245680158221e-01,3.566322381688792897e-01,3.492253587633130651e-01
9.045454545454545414e-01,3.478081406693378508e-01,3.551748087221175965e-01,3.624180209067329184e-01,3.695413582076900183e-01,3.765476987037154055e-01,3.834393222031989845e-01,3.902179993036989925e-01,3.968850677419488715e-01,4.034414983538883170e-01,4.098879525741645491e-01,4.162248331160425252e-01,4.224523299635619122e-01,4.285704649860845872e-01,4.345791282751348406e-01,4.404781305318649642e-01,4.462672661756434955e-01,4.519464348424642175e-01,4.575159959225144624e-01,4.629791504635890065e-01,4.683405730285630231e-01,4.735707127314509601e-01,4.786848871849485043e-01,4.836832479512512273e-01,4.885653830141682974e-01,4.933307474646849156e-01,4.979787596461212051e-01,5.025088367061318895e-01,5.069204120155534898e-01,5.112129454611690216e-01,5.153859303707947204e-01,5.194388986232647554e-01,5.233714246895281308e-01,5.271831290109997292e-01,5.308736809539466028e-01,5.344428014733522136e-01,5.378902655207585815e-01,5.412159040942871036e-01,5.444196055977814641e-01,5.475013157511752215e-01,5.504610344912466147e-01,5.532988067562700785e-01,5.560147010269356205e-01,5.586087634841050420e-01,5.610809234440994331e-01,5.634308004557344596e-01,5.656573100499348028e-01,5.677578508753066133e-01,5.697266126656715945e-01,5.715510534289162115e-01,5.732047944038224374e-01,5.746350228842775909e-01,5.757495528150939901e-01,5.764441641974358266e-01,5.767577015300785481e-01,5.770231077603249492e-01,5.775578739360101022e-01,5.783229729647104689e-01,5.791272206108959431e-01,5.798419026256732556e-01,5.804128467174310968e-01,5.808229713468311406e-01,5.810688265708514599e-01,5.811506596742610498e-01,5.810688414327368490e-01,5.808230026219718400e-01,5.804128977907166975e-01,5.798419792690497898e-01,5.791273316016336548e-01,5.783231296850994685e-01,5.775580854738673331e-01,5.770233667299298208e-01,5.767579714103197031e-01,5.764444002312598681e-01,5.757497358203157445e-01,5.746351577262871491e-01,5.732048930990946145e-01,5.715511266265843604e-01,5.697266680367869540e-01,5.677578936323668390e-01,5.656573437077346833e-01,5.634308274117316717e-01,5.610809453640760447e-01,5.586087815491974640e-01,5.560147160915608344e-01,5.532988194502256318e-01,5.504610452868697879e-01,5.475013250083388128e-01,5.444196135946314241e-01,5.412159110486132185e-01,5.378902716051046085e-01,5.344428068258866293e-01,5.308736856863824904e-01,5.271831332144540916e-01,5.233714284389157090e-01,5.194389019806093799e-01,5.153859333877721660e-01,5.112129481810514520e-01,5.069204144747312402e-01,5.025088389352831975e-01,4.979787616711030540e-01,4.933307493072017769e-01,4.885653846922087817e-01,4.836832494792379644e-01,4.786848885734237280e-01,4.735707139855190873e-01,4.683405741407611345e-01,4.629791796525649095e-01,4.575160600116991438e-01,4.519465233781945757e-01,4.462673753424433731e-01,4.404782578432797080e-01,4.345792717692732454e-01,4.285706229826493630e-01,4.224525009670362374e-01,4.162250157714081356e-01,4.098881456382163502e-01,4.034417006787324733e-01,3.968852782633007781e-01,3.902182170307218478e-01,3.834395462096623630e-01,3.765479281199617390e-01,3.695415922130985686e-01,3.624182587225645569e-01,3.551750496046058858e-01,3.478083839030179925e-01
9.083333333333334370e-01,3.465147628017846149e-01,3.538446165398053123e-01,3.610479636407873394e-01,3.681288614187430142e-01,3.750906080641443485e-01,3.819358557496786433e-01,3.886667066384744129e-01,3.952847949976788788e-01,4.017913580095188175e-01,4.081872974504958118e-01,4.144732341686181987e-01,4.206495572612862777e-01,4.267164699755332524e-01,4.326740398266178400e-01,4.385222478664688173e-01,4.442610732823442654e-01,4.498906680549882298e-01,4.554119795037391838e-01,4.608398223635584712e-01,4.661398753624055868e-01,4.713222045265771376e-01,4.763898523320568290e-01,4.813427529662661630e-01,4.861804949012286658e-01,4.909025670040024769e-01,4.955084279119980617e-01,4.999975351785781452e-01,5.043693609626100915e-01,5.086234020463354932e-01,5.127591870520450401e-01,5.167762821202327439e-01,5.206742956920580312e-01,5.244528827639579616e-01,5.281117488340238975e-01,5.316506536468197375e-01,5.350694147068922879e-01,5.383679103065097671e-01,5.415460813944118490e-01,5.446039307984511524e-01,5.475415167042342324e-01,5.503589340521747308e-01,5.530562708821330498e-01,5.556335127883055280e-01,5.580903389938561832e-01,5.604256887185146141e-01,5.626368323888578660e-01,5.647173622670704773e-01,5.666528425103745104e-01,5.684117251993439091e-01,5.699291103667105673e-01,5.710933123342896156e-01,5.718029028982291040e-01,5.721932710726225224e-01,5.726982349246464432e-01,5.735336435927799181e-01,5.745379892280456646e-01,5.755159666208548019e-01,5.763718470601482124e-01,5.770741464293744905e-01,5.776167595565607771e-01,5.780012724713028405e-01,5.782305669017699934e-01,5.783067533385677361e-01,5.782305754028099765e-01,5.780012902406240771e-01,5.776167882746611193e-01,5.770741890150749009e-01,5.763719082283619288e-01,5.755160536624661649e-01,5.745381125396993305e-01,5.735338146995559994e-01,5.726984562934044343e-01,5.721935180451106495e-01,5.718031295070983289e-01,5.710934904534137324e-01,5.699292405982964160e-01,5.684118191357210303e-01,5.666529111722036216e-01,5.647174135720173238e-01,5.626368716203615783e-01,5.604257193679669236e-01,5.580903633990013102e-01,5.556335325476325915e-01,5.530562871138380299e-01,5.503589475560244360e-01,5.475415280641732219e-01,5.446039404489674274e-01,5.415460896643425892e-01,5.383679174485842545e-01,5.350694209180689720e-01,5.316506590825161860e-01,5.281117536182661221e-01,5.244528869967334250e-01,5.206742994547167713e-01,5.167762854795008298e-01,5.127591900630612542e-01,5.086234047549355042e-01,5.043693634071031440e-01,4.999975373910868770e-01,4.955084299195071651e-01,4.909025688291356326e-01,4.861804965627790076e-01,4.813427544794984803e-01,4.763898537086290186e-01,4.713222057736429216e-01,4.661398764788772242e-01,4.608398233035305713e-01,4.554120311272844002e-01,4.498907453612901453e-01,4.442611715667830752e-01,4.385223644314534264e-01,4.326741726457242199e-01,4.267166173492383807e-01,4.206497176929936410e-01,4.144734063032005644e-01,4.081874800468800468e-01,4.017915499220054421e-01,3.952849951628327196e-01,3.886669140648341680e-01,3.819360695089345503e-01,3.750908272832298995e-01,3.681290852724370954e-01,3.610481913447218805e-01,3.538448473437373898e-01,3.465149959830697290e-01
9.121212121212121104e-01,3.453377252354140614e-01,3.526340433709826416e-01,3.598006141136390057e-01,3.668419923938892047e-01,3.737619139338533292e-01,3.805634176025473048e-01,3.872489489955171504e-01,3.938204488179568030e-01,4.002794289677128470e-01,4.066270387534627329e-01,4.128641234435936336e-01,4.189912773956948056e-01,4.250088945998431456e-01,4.309172212418835302e-01,4.367164214383921217e-01,4.424066853181670700e-01,4.479884865623722789e-01,4.534638300466311556e-01,4.588460496583879333e-01,4.640966908418387993e-01,4.692327301375301407e-01,4.742551593142506072e-01,4.791638244397973811e-01,4.839583349927832345e-01,4.886382210822011740e-01,4.932029863542409798e-01,4.976521328788905962e-01,5.019851757661200065e-01,5.062016531963023924e-01,5.103011341154142233e-01,5.142832246492169412e-01,5.181475738062729652e-01,5.218938788105496052e-01,5.255218902623455257e-01,5.290314171860549530e-01,5.324223318094464252e-01,5.356945735204122760e-01,5.388481506545760302e-01,5.418831371578548550e-01,5.447996578493131681e-01,5.475978490478252692e-01,5.502777664154863135e-01,5.528391791763375140e-01,5.552811164580541137e-01,5.576008635638144417e-01,5.597917213901574263e-01,5.618380053735420043e-01,5.637043249949709178e-01,5.653163685542681449e-01,5.665485315071715489e-01,5.673116258514773191e-01,5.678249844475268260e-01,5.685544302329943456e-01,5.696112117527940555e-01,5.707818614700379545e-01,5.718906391533805644e-01,5.728648858998586224e-01,5.736845965397311398e-01,5.743482376289170688e-01,5.748591834455291094e-01,5.752212260717164405e-01,5.754372819535433781e-01,5.755091084198222795e-01,5.754372871861944683e-01,5.752212369395425240e-01,5.748592008235854367e-01,5.743482630234528763e-01,5.736846323764607236e-01,5.728649360060633633e-01,5.718907094838848737e-01,5.707819608777333631e-01,5.696113513925791239e-01,5.685546168259588695e-01,5.678252030587952470e-01,5.673118351538786186e-01,5.665486989367887194e-01,5.653164907561891717e-01,5.637044123441515842e-01,5.618380685933878071e-01,5.597917682291556618e-01,5.576008991401509851e-01,5.552811441097316170e-01,5.528392011105895953e-01,5.502777841251073054e-01,5.475978635674053630e-01,5.447996699130595033e-01,5.418831472983621778e-01,5.388481592659540853e-01,5.356945808995837721e-01,5.324223381837409619e-01,5.290314227320579432e-01,5.255218951190303578e-01,5.218938830885528901e-01,5.181475775946163820e-01,5.142832280202008777e-01,5.103011371282504260e-01,5.062016558998345683e-01,5.019851782008905028e-01,4.976521350787078135e-01,4.932029883473841858e-01,4.886382228923089599e-01,4.839583366395237563e-01,4.791638259392696497e-01,4.742551606790807450e-01,4.692327313764179664e-01,4.640966919574330829e-01,4.588460506355105939e-01,4.534638684531044350e-01,4.479885528069330047e-01,4.424067730204620519e-01,4.367165275864595131e-01,4.309173437210155333e-01,4.250090316844484239e-01,4.189914275807559152e-01,4.128642853750855712e-01,4.066272111929959410e-01,4.002796107719184260e-01,3.938206389246010630e-01,3.872491464129638183e-01,3.805636214009212037e-01,3.737621232372186353e-01,3.668422063730127358e-01,3.598008319791454745e-01,3.526342643667963461e-01,3.453379486323917003e-01
9.159090909090910060e-01,3.442777778698767333e-01,3.515439143528566457e-01,3.586768645216579232e-01,3.656817039711761641e-01,3.725626248009493158e-01,3.793230680727197601e-01,3.859658356415756608e-01,3.924931853615709065e-01,3.989069129040723194e-01,4.052084229245960789e-01,4.113987920812172683e-01,4.174788265568294410e-01,4.234491176263261436e-01,4.293101015558313249e-01,4.350621386379271427e-01,4.407056575414246002e-01,4.462415845738254561e-01,4.516745097611381543e-01,4.570084603232940079e-01,4.622128199727676412e-01,4.673040524314933664e-01,4.722826106760422138e-01,4.771483146247396667e-01,4.819008086776528921e-01,4.865396704555682850e-01,4.910644531450846229e-01,4.954747075655868693e-01,4.997699962186672451e-01,5.039499035943518779e-01,5.080140445465172183e-01,5.119620716434263308e-01,5.157936820134171318e-01,5.195086240052527726e-01,5.231067038278398584e-01,5.265877921306569842e-01,5.299518301173471446e-01,5.331988340401294657e-01,5.363288953745048993e-01,5.393421707078556171e-01,5.422388483781357404e-01,5.450190636057187232e-01,5.476826996475232523e-01,5.502289340698377496e-01,5.526552058093122666e-01,5.549548485165889389e-01,5.571116756580467566e-01,5.590881179961533221e-01,5.608038166082283116e-01,5.621242468987066587e-01,5.629714719522485034e-01,5.636183470197477785e-01,5.645294223467621775e-01,5.657490078926273869e-01,5.670490783347702513e-01,5.682714570987056346e-01,5.693561899920887015e-01,5.702884702301024289e-01,5.710684510014613080e-01,5.716999837665454054e-01,5.721870484508162491e-01,5.725327985385206819e-01,5.727394119132841466e-01,5.728081473619685005e-01,5.727394153293901002e-01,5.725328055964338247e-01,5.721870596368138218e-01,5.716999999062074567e-01,5.710684734028995679e-01,5.702885009297387064e-01,5.693562321632800183e-01,5.682715156879065699e-01,5.670491608409257145e-01,5.657491243445763596e-01,5.645295806819153883e-01,5.636185382611217376e-01,5.629716607046615362e-01,5.621244001609483343e-01,5.608039285505939109e-01,5.590881975994979047e-01,5.571117329229789972e-01,5.549548907218158078e-01,5.526552377360258728e-01,5.502289588109625651e-01,5.476827192320895543e-01,5.450190793964628799e-01,5.422388613139369484e-01,5.393421814517085355e-01,5.363289044053665133e-01,5.331988417112117906e-01,5.299518366940056957e-01,5.265877978155747430e-01,5.231067087781475777e-01,5.195086283444053654e-01,5.157936858395688606e-01,5.119620750354555438e-01,5.080140475684112866e-01,5.039499062984625910e-01,4.997699986481266565e-01,4.954747097561388869e-01,4.910644551264751190e-01,4.865396722525894835e-01,4.819008103109150842e-01,4.771483161111844118e-01,4.722826120292015761e-01,4.673040536612969587e-01,4.622128210843403084e-01,4.570084613113602479e-01,4.516745323094626952e-01,4.462416398151898833e-01,4.407057349410907765e-01,4.350622346959249764e-01,4.293102140295523284e-01,4.234492447517619329e-01,4.174789668195777459e-01,4.113989441271703740e-01,4.052085855178981233e-01,3.989070849039315081e-01,3.924933657073593207e-01,3.859660233419601183e-01,3.793232621967722595e-01,3.725628244704279335e-01,3.656819083534116888e-01,3.586770728228818594e-01,3.515441258117791845e-01,3.442779917515111920e-01
9.196969696969696795e-01,3.433224604016184567e-01,3.505614740808556395e-01,3.576636653646701469e-01,3.646346553806956714e-01,3.714791129109796253e-01,3.782008978842515412e-01,3.848031822005390512e-01,3.912885523625724837e-01,3.976590975373427983e-01,4.039164861274067153e-01,4.100620337195551302e-01,4.160967655670347320e-01,4.220214780891324846e-01,4.278368079852565287e-01,4.335433310388223660e-01,4.391417679391774742e-01,4.446337326103522170e-01,4.500365089769616800e-01,4.553115469578071228e-01,4.604713380390483835e-01,4.655190587899146193e-01,4.704549475351589849e-01,4.752788328268740536e-01,4.799904041915825093e-01,4.845892922563537764e-01,4.890751041625316375e-01,4.934474438377131622e-01,4.977059259013676407e-01,5.018501865107479754e-01,5.058798926494034731e-01,5.097947506618187852e-01,5.135945145212645890e-01,5.172789941255437896e-01,5.208480637154937476e-01,5.243016701756790798e-01,5.276398402981619107e-01,5.308626846498104568e-01,5.339703925799907935e-01,5.369632061272731072e-01,5.398413455091635171e-01,5.426048245925825242e-01,5.452530148412206845e-01,5.477836261358914882e-01,5.501903185524618101e-01,5.524571227524610606e-01,5.545459715719424088e-01,5.563738379716263172e-01,5.578009944875236270e-01,5.587531611318220515e-01,5.595259358031361430e-01,5.605770739219539944e-01,5.619218271995928271e-01,5.633322234619967395e-01,5.646605382173764953e-01,5.658525116346243555e-01,5.668951666999694217e-01,5.677889869444904258e-01,5.685377511503957315e-01,5.691453453471645441e-01,5.696149263481299352e-01,5.699488104450225467e-01,5.701485510929970024e-01,5.702150359815437719e-01,5.701485534261031551e-01,5.699488152452438783e-01,5.696149339018263813e-01,5.691453561340849010e-01,5.685377659174871701e-01,5.677890068315618599e-01,5.668951934507043822e-01,5.658525479468941022e-01,5.646605882971313939e-01,5.633322937433200561e-01,5.619219265301481636e-01,5.605772101085112480e-01,5.595261029732504499e-01,5.587533290162334243e-01,5.578011320584873589e-01,5.563739385401305082e-01,5.545460428997334157e-01,5.524571739044591423e-01,5.501903561553810329e-01,5.477836545287749770e-01,5.452530368180039666e-01,5.426048419779944121e-01,5.398413595239965890e-01,5.369632176098984022e-01,5.339704021208510065e-01,5.308626926745199093e-01,5.276398471200395290e-01,5.243016760297728451e-01,5.208480687811373189e-01,5.172789985416261782e-01,5.135945183968253502e-01,5.097947540835008340e-01,5.058798956867868180e-01,5.018501892202481551e-01,4.977059283291030423e-01,4.934474460216494718e-01,4.890751061340772865e-01,4.845892940415845729e-01,4.799904058121260420e-01,4.752788343005571736e-01,4.704549488763721810e-01,4.655190600096457687e-01,4.604713391442080139e-01,4.553115479482200967e-01,4.500365098201259961e-01,4.446337766848713624e-01,4.391418352776350620e-01,4.335434173144335768e-01,4.278369107735796040e-01,4.220215955744236469e-01,4.160968962212420741e-01,4.100621761873605164e-01,4.039166391754304697e-01,3.976592600276694367e-01,3.912887232366228374e-01,3.848033604677597586e-01,3.782010826131810832e-01,3.714793032215921165e-01,3.646348504374198329e-01,3.576638643698832887e-01,3.505616762686303844e-01,3.433226650316825168e-01
9.234848484848485750e-01,3.424534263399095502e-01,3.496682809494493505e-01,3.567424856314430626e-01,3.636822331633745020e-01,3.704926902299688907e-01,3.771781529615567119e-01,3.837421775551543845e-01,3.901876909842441621e-01,3.965170858558458300e-01,4.027323028896973023e-01,4.088349043243911796e-01,4.148261420508929653e-01,4.207070262529404303e-01,4.264784065701117122e-01,4.321410996119654513e-01,4.376961977508644352e-01,4.431465737033218333e-01,4.485074041319855320e-01,4.537367798556963816e-01,4.588535389099190898e-01,4.638590855720115536e-01,4.687535719601236828e-01,4.735368567377589710e-01,4.782086822908954149e-01,4.827687370321770421e-01,4.872166862390964748e-01,4.915521913002501853e-01,4.957749238545062775e-01,4.998845774560668476e-01,5.038808780503694074e-01,5.077635939970430723e-01,5.115325461017211639e-01,5.151876179046706028e-01,5.187287661691010188e-01,5.221560309095987229e-01,5.254695430020590585e-01,5.286695245606790605e-01,5.317562709168800472e-01,5.347300886913284312e-01,5.375911313696598581e-01,5.403389956758501977e-01,5.429717536487218554e-01,5.454836381593319850e-01,5.478595353646226185e-01,5.500624364084649720e-01,5.520098131824490162e-01,5.535596647595469877e-01,5.546316844802177126e-01,5.555177706198575205e-01,5.566747734536167114e-01,5.581191807191608900e-01,5.596283711020150209e-01,5.610583017205161838e-01,5.623556552025895661e-01,5.635072536801686294e-01,5.645131640159171127e-01,5.653768238450918027e-01,5.661019077487917661e-01,5.666914834451811656e-01,5.671478864455397062e-01,5.674727911640521372e-01,5.676673118255102235e-01,5.677320838244707124e-01,5.676673134738620119e-01,5.674727945440650734e-01,5.671478917340055936e-01,5.666914909348602647e-01,5.661019178883152092e-01,5.653768373057805885e-01,5.645131818025840298e-01,5.635072773154956582e-01,5.623556870328982882e-01,5.610583454019643090e-01,5.596284322455411520e-01,5.581192671154699969e-01,5.566748922100462904e-01,5.555179171494800672e-01,5.546318324007305511e-01,5.535597862407956038e-01,5.520099019635383852e-01,5.500624993125734497e-01,5.478595804391468427e-01,5.454836712818821320e-01,5.429717786591805595e-01,5.403390150413983628e-01,5.375911466987426390e-01,5.347301010585241432e-01,5.317562810593520206e-01,5.286695329971755619e-01,5.254695501063032514e-01,5.221560369565955151e-01,5.187287713650999832e-01,5.151876224070004451e-01,5.115325500322306373e-01,5.077635974513851069e-01,5.038808811045429881e-01,4.998845801711048198e-01,4.957749262798855083e-01,4.915521934763872891e-01,4.872166881992343046e-01,4.827687388037776306e-01,4.782086838966709830e-01,4.735368581964282120e-01,4.687535732869093086e-01,4.638590867788202066e-01,4.588535400050523516e-01,4.537367808423279913e-01,4.485074049994652312e-01,4.431466059332956897e-01,4.376962552162322329e-01,4.321411764035736902e-01,4.264784999919195019e-01,4.207071344170746907e-01,4.148262634100450819e-01,4.088350375205691556e-01,4.027324466918897339e-01,3.965172391293707577e-01,3.901878526730834795e-01,3.837423466701050390e-01,3.771783285712034806e-01,3.704928714530716372e-01,3.636824191620565694e-01,3.567426756048306946e-01,3.496684741275630781e-01,3.424536219778046564e-01
9.272727272727273595e-01,3.416842067727571819e-01,3.488779627472974321e-01,3.559270289279165556e-01,3.628381985735041892e-01,3.696171597455785718e-01,3.762686640096116197e-01,3.827966677377686588e-01,3.892044516170599655e-01,3.954947229145328591e-01,4.016697044325628907e-01,4.077312139900090004e-01,4.136807390688889141e-01,4.195195142253334564e-01,4.252486184770718491e-01,4.308691462849131293e-01,4.363827027797478331e-01,4.417953858628524966e-01,4.471112421665465742e-01,4.522976991018016757e-01,4.573728111367333926e-01,4.623374428554734017e-01,4.671917245064909352e-01,4.719355589205473378e-01,4.765687482584960444e-01,4.810910437796824257e-01,4.855021737172380836e-01,4.898018621164699771e-01,4.939898435709423330e-01,4.980658760177600342e-01,5.020297527291280870e-01,5.058813141926418178e-01,5.096204603095149110e-01,5.132471630514459093e-01,5.167614791907479965e-01,5.201635615787767453e-01,5.234536648952319293e-01,5.266321360166943411e-01,5.296993659229559670e-01,5.326556491816260008e-01,5.355008233491775904e-01,5.382333809755598386e-01,5.408483054543973267e-01,5.433318348993256830e-01,5.456493011090431944e-01,5.477214287029104067e-01,5.494067397283146637e-01,5.506108894709769164e-01,5.515999921816003848e-01,5.528360038197608350e-01,5.543606454952778595e-01,5.559598539821987151e-01,5.574879138170213411e-01,5.588889382186853494e-01,5.601480910301273042e-01,5.612645012331982652e-01,5.622410899016641039e-01,5.630812560072842032e-01,5.637879374505624375e-01,5.643634374702295453e-01,5.648094729907586764e-01,5.651272676916266891e-01,5.653176356389093549e-01,5.653810416601753319e-01,5.653176368363507232e-01,5.651272701403583509e-01,5.648094768043705471e-01,5.643634428349749710e-01,5.637879446479603374e-01,5.630812654513057680e-01,5.622411021992820279e-01,5.612645172835972751e-01,5.601481121891063175e-01,5.588889665708476340e-01,5.574879526080587233e-01,5.559599081894828210e-01,5.543607220083712761e-01,5.528361088182459637e-01,5.516001212612585691e-01,5.506110190718197517e-01,5.494068457056625610e-01,5.477215060199898122e-01,5.456493558979180758e-01,5.433318741996744361e-01,5.408483343750103423e-01,5.382334028476705168e-01,5.355008403124472682e-01,5.326556626314205012e-01,5.296993767920320506e-01,5.266321449453649217e-01,5.234536723344177522e-01,5.201635678535739826e-01,5.167614845405559265e-01,5.132471676559295926e-01,5.096204643058229733e-01,5.058813176870577966e-01,5.020297558051318720e-01,4.980658787417129307e-01,4.939898459961459265e-01,4.898018642861391436e-01,4.855021756666659805e-01,4.810910455378671902e-01,4.765687498493229590e-01,4.719355603636898322e-01,4.671917258180036114e-01,4.623374440481555769e-01,4.573728122211333513e-01,4.522977000824934257e-01,4.471112430388645698e-01,4.417954035934090751e-01,4.363827504611226260e-01,4.308692138675725980e-01,4.252487028399284941e-01,4.195196133788466342e-01,4.136808514389762048e-01,4.077313382141524722e-01,4.016698392819612606e-01,3.954948672581134472e-01,3.892046044018857565e-01,3.827968279765621706e-01,3.762688307715596481e-01,3.696173321487888908e-01,3.628383757783357755e-01,3.559272101307617842e-01,3.488781471746809082e-01,3.416843936755968314e-01
9.310606060606061440e-01,3.410093720911507864e-01,3.481849665597491761e-01,3.552116078874416050e-01,3.620967209138216125e-01,3.688465403845578305e-01,3.754662940386206960e-01,3.819603555597622657e-01,3.883323736703510609e-01,3.945853824795323428e-01,4.007218975537629180e-01,4.067440021995020749e-01,4.126534297108431226e-01,4.184516517899871113e-01,4.241399984683061342e-01,4.297198979477365177e-01,4.351937441335804180e-01,4.405815394798572315e-01,4.458409120585893337e-01,4.509860487465924272e-01,4.560207038122368606e-01,4.609455158862962310e-01,4.657606319862950817e-01,4.704660153398191325e-01,4.750615319776984591e-01,4.795470013216407978e-01,4.839222199587532303e-01,4.881869805791657080e-01,4.923410876806754710e-01,4.963843718503989089e-01,5.003167036625355557e-01,5.041380078504712481e-01,5.078482781103885735e-01,5.114475924324928258e-01,5.149361278789079677e-01,5.183141715072701050e-01,5.215821190315048650e-01,5.247404409505479483e-01,5.277895678977164717e-01,5.307295795928775872e-01,5.335594161833534521e-01,5.362749197168608095e-01,5.388640217298341639e-01,5.412953538572264911e-01,5.434951600203818955e-01,5.453255305926607566e-01,5.466736506862858169e-01,5.477610770589276257e-01,5.490552241918227327e-01,5.506432146960688057e-01,5.523241429887880694e-01,5.539466661606579079e-01,5.554493818068095834e-01,5.568145184393192837e-01,5.580397966995040981e-01,5.591274602045920306e-01,5.600805778379431832e-01,5.609019327440500913e-01,5.615937711540742727e-01,5.621578155461639525e-01,5.625953427447589750e-01,5.629072633371440260e-01,5.630941846541044349e-01,5.631564543389434574e-01,5.630941855459363765e-01,5.629072651568383101e-01,5.625953455679461035e-01,5.621578194958092300e-01,5.615937764138746457e-01,5.609019395800773911e-01,5.600805866332310146e-01,5.591274715147015462e-01,5.580398113431715990e-01,5.568145376482109832e-01,5.554494074728874020e-01,5.539467012261730661e-01,5.523241919472782202e-01,5.506432836788484053e-01,5.490553183567821183e-01,5.477611915088123062e-01,5.466737639390026882e-01,5.453256222972694411e-01,5.434952267302602946e-01,5.412954011807085131e-01,5.388640557625821170e-01,5.362749448344455994e-01,5.335594352339820823e-01,5.307295944080270278e-01,5.277895796741561840e-01,5.247404504900441413e-01,5.215821268856218884e-01,5.183141780652059660e-01,5.149361334217682495e-01,5.114475971676289978e-01,5.078482821936527447e-01,5.041380114009911262e-01,5.003167067727507522e-01,4.963843745929903961e-01,4.923410901134641637e-01,4.881869827486233215e-01,4.839222219025710592e-01,4.795470030705775710e-01,4.750615335569990383e-01,4.704660167702165996e-01,4.657606332848475694e-01,4.609455170683932068e-01,4.560207048865423940e-01,4.509860497193590723e-01,4.458409129301048046e-01,4.405815402243592471e-01,4.351937819345683689e-01,4.297199565696586676e-01,4.241400740715878248e-01,4.184517422383965402e-01,4.126535333931131144e-01,4.067441177461249002e-01,4.007220237379016115e-01,3.945855181741586559e-01,3.883325178262298505e-01,3.819605071921662320e-01,3.754664522179604336e-01,3.688467042288902653e-01,3.620968895823170608e-01,3.552117805743402745e-01,3.481851424886232560e-01,3.410095505093329593e-01
9.348484848484849286e-01,3.404045040774604236e-01,3.475642490298959664e-01,3.545705553643448971e-01,3.614315126820127344e-01,3.681539293692180914e-01,3.747435314042360521e-01,3.812051280100827166e-01,3.875427511922732715e-01,3.937597749126475200e-01,3.998590189972859865e-01,4.058428430864443603e-01,4.117132378850486552e-01,4.174719277499787662e-01,4.231205230124925332e-01,4.286608750569145809e-01,4.340968130873213982e-01,4.394460851352879893e-01,4.446626037283780697e-01,4.497673221004821476e-01,4.547622244245924095e-01,4.596478622215253718e-01,4.644244222936846911e-01,4.690919304172767035e-01,4.736503320061445366e-01,4.780995174423594007e-01,4.824393575299879555e-01,4.866697205101087609e-01,4.907904889343056021e-01,4.948015758527025132e-01,4.987029410863347834e-01,5.024946081892481820e-01,5.061766822847856284e-01,5.097493681340082849e-01,5.132129859081476786e-01,5.165679777296787734e-01,5.198148876752158865e-01,5.229542732265448635e-01,5.259864462169605570e-01,5.289107930147638470e-01,5.317240525710986709e-01,5.344160218274124352e-01,5.369592055022542887e-01,5.392869693523358876e-01,5.412680957345857857e-01,5.427713305807674304e-01,5.439592933315826606e-01,5.452967887566140259e-01,5.469324090895316681e-01,5.486861296816873956e-01,5.503986840447092632e-01,5.520005311977485007e-01,5.534696944688772824e-01,5.548019834605508738e-01,5.559987789807795400e-01,5.570627529439786674e-01,5.579965069022354562e-01,5.588022127427565433e-01,5.594815781822304324e-01,5.600359039060281985e-01,5.604661546786929849e-01,5.607730207430132729e-01,5.609569641063973933e-01,5.610182499708121773e-01,5.609569647871026632e-01,5.607730221293389938e-01,5.604661568227150559e-01,5.600359068918082661e-01,5.594815821340948236e-01,5.588022178384572936e-01,5.579965133936050092e-01,5.570627611894730657e-01,5.559987894974807165e-01,5.548019970088089448e-01,5.534697121919626150e-01,5.520005548514690386e-01,5.503987163546459893e-01,5.486861747790645616e-01,5.469324724670600046e-01,5.452968745066246736e-01,5.439593956615444981e-01,5.427714296516177317e-01,5.412681748696990258e-01,5.392870267207146018e-01,5.369592462799012145e-01,5.344160512650436567e-01,5.317240743869424691e-01,5.289108096258323677e-01,5.259864591810514689e-01,5.229542835650002885e-01,5.198148960746563629e-01,5.165679846640096606e-01,5.132129917127619123e-01,5.097493730518167787e-01,5.061766864953856082e-01,5.024946118279366436e-01,4.987029442567206816e-01,4.948015786353150425e-01,4.907904913925547619e-01,4.866697226944997068e-01,4.824393594811492991e-01,4.780995191932389532e-01,4.736503335836629303e-01,4.690919318439575325e-01,4.644244235889787298e-01,4.596478633979149131e-01,4.547622254931661390e-01,4.497673230690712454e-01,4.446626046000198285e-01,4.394460859003644915e-01,4.340968404552299487e-01,4.286609249163483848e-01,4.231205901366115185e-01,4.174720097842162803e-01,4.117133331664523110e-01,4.058429502353900209e-01,3.998591367886876746e-01,3.937599022240823032e-01,3.875428869789529496e-01,3.812052712905840690e-01,3.747436812508818105e-01,3.681540849006578742e-01,3.614316730568230551e-01,3.545707197751855611e-01,3.475644166979384164e-01,3.404046742469937770e-01
9.386363636363637131e-01,3.398955598921421517e-01,3.470425637965383614e-01,3.540314013395937098e-01,3.608708629161870851e-01,3.675683597464763364e-01,3.741301398793975275e-01,3.805614677117422628e-01,3.868667749222167163e-01,3.930497893045772906e-01,3.991136473472479129e-01,4.050609969079959627e-01,4.108940993212861770e-01,4.166149507293184229e-01,4.222254828408560368e-01,4.277281247228347794e-01,4.331304226215308972e-01,4.384377902045129005e-01,4.436141964357374068e-01,4.486799225572253302e-01,4.536363684800632790e-01,4.584840684003234634e-01,4.632232665920251180e-01,4.678540639760869757e-01,4.723764793044530896e-01,4.767904877311652245e-01,4.810960419140209443e-01,4.852930915579062865e-01,4.893816065203409615e-01,4.933615936326880558e-01,4.972331158803407480e-01,5.009963126715257786e-01,5.046514209745627255e-01,5.081987955397161416e-01,5.116389227073208090e-01,5.149724134480770932e-01,5.181999399832919462e-01,5.213220283219963669e-01,5.243384896879648149e-01,5.272469480250990825e-01,5.300391121092976610e-01,5.326916334453133395e-01,5.351460387330055912e-01,5.372808247434648354e-01,5.389500870494038365e-01,5.402479822867539694e-01,5.416201419083876978e-01,5.432880793105394623e-01,5.451045844846561517e-01,5.469020075749335685e-01,5.486001064657786142e-01,5.501712617677285699e-01,5.516087627925848613e-01,5.529128898940889325e-01,5.540858277871686388e-01,5.551299613280250567e-01,5.560473713377817040e-01,5.568397375250471182e-01,5.575083681526235013e-01,5.580542593814984409e-01,5.584781524599622404e-01,5.587805798940419511e-01,5.589618994527300044e-01,5.590223170720659551e-01,5.589618999804565336e-01,5.587805809671249069e-01,5.584781541151109252e-01,5.580542616776145159e-01,5.575083711760677740e-01,5.568397413979239152e-01,5.560473762307094336e-01,5.551299674798758632e-01,5.540858355360106513e-01,5.529128997265366774e-01,5.516087754240946994e-01,5.501712782747988362e-01,5.486001285019882490e-01,5.469020376999982336e-01,5.451046265328560736e-01,5.432881381786928143e-01,5.416202205379403445e-01,5.402480737917144671e-01,5.389501732096504405e-01,5.372808924729085556e-01,5.351460876669140720e-01,5.326916683290576771e-01,5.300391374156697699e-01,5.272469668752616245e-01,5.243385041091237486e-01,5.213220396250617394e-01,5.181999490315833956e-01,5.149724208245954893e-01,5.116389288161523607e-01,5.081988006679445391e-01,5.046514253308094222e-01,5.009963164105186717e-01,4.972331191189484079e-01,4.933615964606231086e-01,4.893816090074829539e-01,4.852930937593677441e-01,4.810960438737742484e-01,4.767904894846833885e-01,4.723764808826371731e-01,4.678540654008020439e-01,4.632232678814576232e-01,4.584840695697575130e-01,4.536363695416460451e-01,4.486799235199096514e-01,4.436141973044722131e-01,4.384377909763029213e-01,4.331304372132941394e-01,4.277281659519257540e-01,4.222255417627054364e-01,4.166150246465490370e-01,4.108941864973152391e-01,4.050610959483726403e-01,3.991137570280163249e-01,3.930499085083943855e-01,3.868669026094501140e-01,3.805616029049942450e-01,3.741302816535837517e-01,3.675685072214631144e-01,3.608710152505349433e-01,3.540315577249177337e-01,3.470427234521373250e-01,3.398957220597646489e-01
9.424242424242424976e-01,3.394648284485349832e-01,3.466019385385577523e-01,3.535759163459669119e-01,3.603962913046744876e-01,3.670711083300375321e-01,3.736071626359620534e-01,3.800101943939331317e-01,3.862850521084631450e-01,3.924358320377689391e-01,3.984660004086612028e-01,4.043785061224663413e-01,4.101758962230441785e-01,4.158604628043163220e-01,4.214345195073123107e-01,4.269013714540733639e-01,4.322841255009693406e-01,4.375368529777590165e-01,4.426748716004650364e-01,4.477029047198088918e-01,4.526221097638840618e-01,4.574330447664963217e-01,4.621360241148179671e-01,4.667312302999386819e-01,4.712187672906349434e-01,4.755986939955996196e-01,4.798710505422412731e-01,4.840358840676078356e-01,4.880932594121534795e-01,4.920432905176847505e-01,4.958861600795999025e-01,4.996221435555934232e-01,5.032516334478526199e-01,5.067751596826702842e-01,5.101933945396380787e-01,5.135071126119216123e-01,5.167170321157888990e-01,5.198233535364387148e-01,5.228245323352083140e-01,5.257141214881678737e-01,5.284728972707967154e-01,5.310509368061961943e-01,5.333388348285854619e-01,5.351825899616674542e-01,5.366056074002588661e-01,5.380114515740420655e-01,5.396975146207005913e-01,5.415653853990173294e-01,5.434413633980242908e-01,5.452322013039400117e-01,5.469030043134401886e-01,5.484437894558452653e-01,5.498534254287841261e-01,5.511334841233795911e-01,5.522860823708051203e-01,5.533131871464767038e-01,5.542164370279254459e-01,5.549971362724741564e-01,5.556562985557619294e-01,5.561946977052033558e-01,5.566129119232033906e-01,5.569113583589720973e-01,5.570903182942822385e-01,5.571499540563039643e-01,5.570903187075535445e-01,5.569113591981942335e-01,5.566129132146947489e-01,5.561946994909794384e-01,5.556563008969581663e-01,5.549971392546961813e-01,5.542164407693660477e-01,5.533131918102490721e-01,5.522860881838942415e-01,5.511334914062746559e-01,5.498534346428127773e-01,5.484438012801169382e-01,5.469030197712989594e-01,5.452322219676135617e-01,5.434413916908872322e-01,5.415654248892870504e-01,5.396975696041658166e-01,5.380115237497640202e-01,5.366056887974604006e-01,5.351826642021501046e-01,5.333388922218823547e-01,5.310509781604543234e-01,5.284729268643839628e-01,5.257141430807693583e-01,5.228245485133786730e-01,5.198233659800118867e-01,5.167170419156154049e-01,5.135071204902094122e-01,5.101934009866906372e-01,5.067751650400004193e-01,5.032516379591707167e-01,4.996221473987035311e-01,4.958861633868356655e-01,4.920432933893128524e-01,4.880932619253668947e-01,4.840358862826786845e-01,4.798710525070033484e-01,4.755986957510572877e-01,4.712187688644747241e-01,4.667312317165309699e-01,4.621360253942426444e-01,4.574330459250698366e-01,4.526221108146205596e-01,4.477029056725999046e-01,4.426748724616954012e-01,4.375368537481286180e-01,4.322841261582766048e-01,4.269014040320586734e-01,4.214345704770430801e-01,4.158605288883076012e-01,4.101759755777127370e-01,4.043785973319777294e-01,3.984661022493460325e-01,3.924359433978855116e-01,3.862851719543687889e-01,3.800103217530609312e-01,3.736072965865608331e-01,3.670712479938285644e-01,3.603964358407959478e-01,3.535760649455270688e-01,3.466020904194649921e-01,3.394649828504788247e-01
9.462121212121212821e-01,3.391198263065009488e-01,3.462501019698351334e-01,3.532120197100479531e-01,3.600158894628900930e-01,3.666704232715441991e-01,3.731829906999378776e-01,3.795598300348973497e-01,3.858062252597661002e-01,3.919266571075307182e-01,3.979249360418717352e-01,4.038043266434216960e-01,4.095676799073828533e-01,4.152176162674572346e-01,4.207569270313121779e-01,4.261904820090826607e-01,4.315394795914401227e-01,4.367529228981037459e-01,4.418540969092418225e-01,4.468457634275301293e-01,4.517289860887782615e-01,4.565043738381381888e-01,4.611723218461205032e-01,4.657331013130528441e-01,4.701869076531119407e-01,4.745338935641508771e-01,4.787741958167797685e-01,4.829079589227681657e-01,4.869353673120481729e-01,4.908566544127556663e-01,4.946721421344499325e-01,4.983822655273665858e-01,5.019875987565545206e-01,5.054888705552320616e-01,5.088869451200289662e-01,5.121827078964581448e-01,5.153767035862221180e-01,5.184681396412103016e-01,5.214522756588755303e-01,5.243138058378484789e-01,5.270112986737017780e-01,5.294491350707581923e-01,5.314730481347095248e-01,5.330405631473484895e-01,5.344875956836411257e-01,5.361791893175953394e-01,5.380850902619198628e-01,5.400317368276591479e-01,5.419109814207462295e-01,5.436787131663930461e-01,5.453207032570097645e-01,5.468339886604082212e-01,5.482193534093661169e-01,5.494785731939612061e-01,5.506134695529711909e-01,5.516256246055397661e-01,5.525163287260712597e-01,5.532866038078060322e-01,5.539372450974870965e-01,5.544688619471961344e-01,5.548819116552213826e-01,5.551767254958467346e-01,5.553535275932860449e-01,5.554124475915153125e-01,5.553535279198257291e-01,5.551767261581787016e-01,5.548819126725061945e-01,5.544688633498704444e-01,5.539372469295588131e-01,5.532866061303850502e-01,5.525163316226449073e-01,5.516256281898875846e-01,5.506134739810906176e-01,5.494785786823932483e-01,5.482193602638586460e-01,5.468339973217263283e-01,5.453207143754466024e-01,5.436787277237782323e-01,5.419110009252530169e-01,5.400317635885792944e-01,5.380851275964598779e-01,5.361792408859957781e-01,5.344876618522980127e-01,5.330406350232002044e-01,5.314731114796285016e-01,5.294491832585587199e-01,5.270113333412485002e-01,5.243138307656549646e-01,5.214522939661766499e-01,5.184681534468732478e-01,5.153767142675500512e-01,5.121827163523468007e-01,5.088869519492114080e-01,5.054888761666096464e-01,5.019876034365171602e-01,4.983822694813075938e-01,4.946721455128788025e-01,4.908566573281539780e-01,4.869353698499621630e-01,4.829079611500640135e-01,4.787741977876491806e-01,4.745338953160727624e-01,4.701869092185052001e-01,4.657331027182128880e-01,4.611723231123727174e-01,4.565043749827419339e-01,4.517289871255613098e-01,4.468457643672158475e-01,4.418540977593386487e-01,4.367529236616854438e-01,4.315394802602346980e-01,4.261905055615018978e-01,4.207569702722059879e-01,4.152176747991168093e-01,4.095677517251700150e-01,4.038044103003999852e-01,3.979250303132521593e-01,3.919267608876688125e-01,3.858063375218830360e-01,3.795599498121557946e-01,3.731831170747124116e-01,3.666705553681148255e-01,3.600160264415916966e-01,3.532121607620563042e-01,3.462502463121934215e-01,3.391199731773370529e-01
9.500000000000000666e-01,3.388534056509311942e-01,3.459796334052233080e-01,3.529320084132496760e-01,3.597216658368271869e-01,3.663580208470384458e-01,3.728490465995903946e-01,3.792015035274151069e-01,3.854211311959271913e-01,3.915128121730825916e-01,3.974807171235780756e-01,4.033284430067565207e-01,4.090591671533460594e-01,4.146758833219132967e-01,4.201820236928173191e-01,4.255863767484373561e-01,4.308977220270888697e-01,4.360745125699044822e-01,4.411400474828224283e-01,4.460964247410247885e-01,4.509446929136005089e-01,4.556855314579287275e-01,4.603194259629886376e-01,4.648467438568044674e-01,4.692677795305516542e-01,4.735827878136332769e-01,4.777920127666466787e-01,4.818957150281290569e-01,4.858941991285471440e-01,4.897878475315066704e-01,4.935771453294844902e-01,4.972627123459038012e-01,5.008453314287405478e-01,5.043259457108768551e-01,5.077055835565249531e-01,5.109850851054079657e-01,5.141643137273612663e-01,5.172400447931319034e-01,5.202005254589873173e-01,5.230123113506179866e-01,5.255942348208111348e-01,5.277992873215462399e-01,5.295311918213244651e-01,5.310364790546729941e-01,5.327252692300848969e-01,5.346544342420013196e-01,5.366619946728763413e-01,5.386241897747999774e-01,5.404855399681426364e-01,5.422263475561955870e-01,5.438412623075620234e-01,5.453300406075095585e-01,5.466940134935474038e-01,5.479348113523642150e-01,5.490539384504385945e-01,5.500526597162893605e-01,5.509319970389336962e-01,5.516927591173440559e-01,5.523355770912420359e-01,5.528609365589818303e-01,5.532692034932084058e-01,5.535606440152542884e-01,5.537354387141275591e-01,5.537936922687787256e-01,5.537354389742232819e-01,5.535606445422864841e-01,5.532692043013076599e-01,5.528609376705084788e-01,5.523355785383462502e-01,5.516927609443375013e-01,5.509319993057997245e-01,5.500526625038759665e-01,5.490539418681682493e-01,5.479348155498324768e-01,5.466940186783758593e-01,5.453300470732913574e-01,5.438412704786416141e-01,5.422263580604566036e-01,5.404855537555524059e-01,5.386242083029636474e-01,5.366620201514538113e-01,5.346544697351325315e-01,5.327253177020355723e-01,5.310365394849289045e-01,5.295312547294445116e-01,5.277993408741997738e-01,5.255942749825357474e-01,5.230123402425153056e-01,5.202005463530041673e-01,5.172400602478044451e-01,5.141643254627357162e-01,5.109850942417537567e-01,5.077055908292084085e-01,5.043259516129663389e-01,5.008453362991611701e-01,4.972627164234534880e-01,4.935771487863535589e-01,4.897878504945751832e-01,4.858942016966377175e-01,4.818957172714617987e-01,4.777920147397606287e-01,4.735827895604507454e-01,4.692677810860314547e-01,4.648467452489587481e-01,4.603194272144013333e-01,4.556855325868195417e-01,4.509446939345951311e-01,4.460964256656052007e-01,4.411400483194338751e-01,4.360745133232795667e-01,4.308977226947940942e-01,4.255863895026386623e-01,4.201820593675650861e-01,4.146759345644217554e-01,4.090592317056254146e-01,4.033285193766258936e-01,3.974808040831959710e-01,3.915129086234937494e-01,3.854212361182889901e-01,3.792016159616306004e-01,3.728491656330501502e-01,3.663581456073352061e-01,3.597217954861344769e-01,3.529321421433518902e-01,3.459797704328274048e-01,3.388535452130444492e-01
9.537878787878788511e-01,3.386112836999610187e-01,3.457353106872055326e-01,3.526797329062307806e-01,3.594565567752485147e-01,3.660759374737321270e-01,3.725464815941966767e-01,3.788754961878395000e-01,3.850691968915501695e-01,3.911328859343566333e-01,3.970711109433675001e-01,4.028878197394228922e-01,4.085865434217260672e-01,4.141707137538546135e-01,4.196447116255210275e-01,4.250350880048887614e-01,4.302930338095438678e-01,4.354340863294307584e-01,4.404644368446309355e-01,4.453859063289342113e-01,4.501995753733599170e-01,4.549062090965244609e-01,4.595063924937969335e-01,4.640005971006671559e-01,4.683892246863276543e-01,4.726726419884301200e-01,4.768512121412387672e-01,4.809253256806815813e-01,4.848954328127530466e-01,4.887620775289828190e-01,4.925259346913288816e-01,4.961878442952716295e-01,4.997488160435479276e-01,5.032099981041344705e-01,5.065724770929047605e-01,5.098366718235247674e-01,5.130006647500925387e-01,5.160558273002394669e-01,5.189759651959666709e-01,5.216942215333534305e-01,5.240769802683531431e-01,5.259907213686613181e-01,5.275798414293739746e-01,5.292637679526203121e-01,5.312002127299974008e-01,5.332564574038856087e-01,5.352945236555387565e-01,5.372452624083187134e-01,5.390819568122141581e-01,5.407961282143904924e-01,5.423861777002294549e-01,5.438528480554963851e-01,5.451975146190666255e-01,5.464215744348958070e-01,5.475262524756624449e-01,5.485125621946591590e-01,5.493813193119493343e-01,5.501331703034584297e-01,5.507686214644118561e-01,5.512880639280188788e-01,5.516917936352421226e-01,5.519800265185069721e-01,5.521529095020192290e-01,5.522105279071792827e-01,5.521529097129378449e-01,5.519800269455160668e-01,5.516917942890026128e-01,5.512880648253465354e-01,5.507686226293558862e-01,5.501331717689529333e-01,5.493813211222222659e-01,5.485125644087448515e-01,5.475262551725376126e-01,5.464215777211062219e-01,5.451975186402221452e-01,5.438528530139737915e-01,5.423861838829913129e-01,5.407961360375896920e-01,5.390819668936692732e-01,5.372452756845075283e-01,5.352945415595443679e-01,5.332564820759198021e-01,5.312002469908796431e-01,5.292638140073702147e-01,5.275798968423524027e-01,5.259907764329998514e-01,5.240770256054542164e-01,5.216942551384884386e-01,5.189759894094198023e-01,5.160558449268037862e-01,5.130006778880681351e-01,5.098366818726003391e-01,5.065724849675370400e-01,5.032100044084742985e-01,4.997488211855934392e-01,4.961878485574378606e-01,4.925259382740828085e-01,4.887620805831536241e-01,4.848954354402917333e-01,4.809253279616225729e-01,4.768512141374881552e-01,4.726726437481831855e-01,4.683892262475261026e-01,4.640005984934733041e-01,4.595063937423641831e-01,4.549062102202794389e-01,4.501995763878932633e-01,4.453859072465805036e-01,4.404644376747222090e-01,4.354340870780055717e-01,4.302930344774476001e-01,4.250350885717850691e-01,4.196447398011839414e-01,4.141707579651211502e-01,4.085866009815243283e-01,4.028878890881670838e-01,3.970711908471253326e-01,3.911329753014898269e-01,3.850692947124162990e-01,3.788756015103618147e-01,3.725465935118927319e-01,3.660760551184811806e-01,3.594566793119059467e-01,3.526798595279588833e-01,3.457354406110402234e-01,3.386114161624565466e-01
9.575757575757576356e-01,3.384431221416006608e-01,3.455677389199942606e-01,3.525067039129012314e-01,3.592729462730889778e-01,3.658774024225949772e-01,3.723293457649765603e-01,3.786366573627301668e-01,3.848060519232850418e-01,3.908432714930012430e-01,3.967532599731025122e-01,4.025403383238431165e-01,4.082084276716046456e-01,4.137614982358913673e-01,4.192055683832383584e-01,4.245662491000586347e-01,4.297870607356267247e-01,4.348936870712452607e-01,4.398899309973798299e-01,4.447775079478580307e-01,4.495575621618488893e-01,4.542309573838779757e-01,4.587983871293949689e-01,4.632604357949863250e-01,4.676176222771178947e-01,4.718704368345781885e-01,4.760193759366053157e-01,4.800649776913942790e-01,4.840078593036641896e-01,4.878487566089731997e-01,4.915885626182618373e-01,4.952283543807635691e-01,4.987693875926780263e-01,5.022129466485706351e-01,5.055599083591234555e-01,5.088094478250828612e-01,5.119555901084437144e-01,5.149784591502302167e-01,5.178245471788702758e-01,5.203775109859991588e-01,5.224847453902399241e-01,5.241894697456441765e-01,5.258767792934265772e-01,5.278059332895339573e-01,5.298967871048403389e-01,5.320022749454762501e-01,5.340375524971039400e-01,5.359670138674665907e-01,5.377780877738420617e-01,5.394673799969762484e-01,5.410348483764889638e-01,5.424815242747625943e-01,5.438086563020078090e-01,5.450174095513194983e-01,5.461087785378661019e-01,5.470835794257055129e-01,5.479424687179298425e-01,5.486859679890757624e-01,5.493144871987218902e-01,5.498283442748854721e-01,5.502277806287934059e-01,5.505129729400632943e-01,5.506840417079603700e-01,5.507410570205886202e-01,5.506840418800511561e-01,5.505129732881961502e-01,5.502277811610991609e-01,5.498283450041403508e-01,5.493144881431226700e-01,5.486859691733967370e-01,5.479424701752053650e-01,5.470835811996466180e-01,5.461087806863580418e-01,5.450174121515308778e-01,5.438086594579657485e-01,5.424815281288215552e-01,5.410348531270194883e-01,5.394673859262627547e-01,5.377780952928666869e-01,5.359670235884882450e-01,5.340375653493159014e-01,5.320022923436149576e-01,5.298968111156373562e-01,5.278059664427575681e-01,5.258768229172674502e-01,5.241895200655738440e-01,5.224847930337210844e-01,5.203775490442844598e-01,5.178245751475522018e-01,5.149784793673388705e-01,5.119556049341964510e-01,5.088094589644274190e-01,5.055599169435945894e-01,5.022129534205649337e-01,4.987693930461871150e-01,4.952283588526675273e-01,4.915885663496618596e-01,4.878487597591244507e-01,4.840078619939245930e-01,4.800649800124426880e-01,4.760193779571786354e-01,4.718704386075571189e-01,4.676176238437318444e-01,4.632604371877480642e-01,4.587983883741714175e-01,4.542309585013833972e-01,4.495575631686661300e-01,4.447775088571688240e-01,4.398899318193441044e-01,4.348936878129615047e-01,4.297870614000819933e-01,4.245662496797071861e-01,4.192055888699155464e-01,4.137615356484403706e-01,4.082084785028330942e-01,4.025404009111238079e-01,3.967533330717867290e-01,3.908433540192612354e-01,3.848061428780351623e-01,3.786367558032109892e-01,3.723294507919279739e-01,3.658775131730780950e-01,3.592730619153711724e-01,3.525068236421357026e-01,3.455678619540843433e-01,3.384432477171134823e-01
9.613636363636364202e-01,3.383508051903546532e-01,3.454790000725012633e-01,3.524151800849127936e-01,3.591732525696854639e-01,3.657649795213566701e-01,3.722003369918645554e-01,3.784878094779608459e-01,3.846346355440570242e-01,3.906470190081275939e-01,3.965303216742623871e-01,4.022892642507735483e-01,4.079282068150528184e-01,4.134518246555891618e-01,4.188699498716049185e-01,4.241969113597603425e-01,4.293835987642328211e-01,4.344570765673992918e-01,4.394203486080271448e-01,4.442751163603396725e-01,4.490226108145469186e-01,4.536638060984198861e-01,4.581995137402535279e-01,4.626304407676393726e-01,4.669572344402393438e-01,4.711805221297976076e-01,4.753009504442198829e-01,4.793192258993378974e-01,4.832361580671188372e-01,4.870527037149931515e-01,4.907700046165066055e-01,4.943893969023586132e-01,4.979123313047289501e-01,5.013400592026651115e-01,5.046726437942247179e-01,5.079063085493598084e-01,5.110265349203861884e-01,5.139917687815196423e-01,5.167047008221872240e-01,5.190101370263741076e-01,5.208639894134446946e-01,5.225747460077790896e-01,5.244854253652116993e-01,5.265947249061951885e-01,5.287571608682539726e-01,5.308710310375694963e-01,5.328896339029391971e-01,5.347950457990466866e-01,5.365814827713890622e-01,5.382478483627296528e-01,5.397947074325095684e-01,5.412231033849257411e-01,5.425341144126327730e-01,5.437287026291151015e-01,5.448076772608934082e-01,5.457716999728050578e-01,5.466213034920005542e-01,5.473569122651018581e-01,5.479788610768597801e-01,5.484874104662760264e-01,5.488827588947998715e-01,5.491650519945967535e-01,5.493343892930880878e-01,5.493908287602334850e-01,5.493343894342979095e-01,5.491650522800682888e-01,5.488827593307834540e-01,5.484874110625773680e-01,5.479788618473946382e-01,5.473569132287048333e-01,5.466213046736436709e-01,5.457717014052613225e-01,5.448076789871778569e-01,5.437287047059711220e-01,5.425341169156258081e-01,5.412231064160298866e-01,5.397947111316122593e-01,5.382478529254666189e-01,5.365814884773214555e-01,5.347950530569527405e-01,5.328896433238312635e-01,5.308710435488322998e-01,5.287571778696469327e-01,5.265947483771962201e-01,5.244854574732723540e-01,5.225747870849239973e-01,5.208640345525223925e-01,5.190101777541920036e-01,5.167047325205199604e-01,5.139917919516562295e-01,5.110265517484685605e-01,5.079063209887009211e-01,5.046726532185256131e-01,5.013400665214392538e-01,4.979123371235570361e-01,4.943894016231165089e-01,4.907700085081123098e-01,4.870527069707476508e-01,4.832361608262328856e-01,4.793192282640392210e-01,4.753009524909804773e-01,4.711805239167859982e-01,4.669572360123611654e-01,4.626304421600075933e-01,4.581995149806060708e-01,4.536638072088411411e-01,4.490226118126747767e-01,4.442751172602057985e-01,4.394203494205777827e-01,4.344570773006398712e-01,4.293835994226783415e-01,4.241969119412081768e-01,4.188699615667517140e-01,4.134518554747548258e-01,4.079282511830608637e-01,4.022893203400543238e-01,3.965303882219187170e-01,3.906470949383711311e-01,3.846347198697973591e-01,3.784879012671976128e-01,3.722004353537811672e-01,3.657650835991700378e-01,3.591733615358930765e-01,3.524152931373430997e-01,3.454791164305055506e-01,3.383509240910334004e-01
9.651515151515152047e-01,3.383263596196133816e-01,3.454609717733949092e-01,3.523968781375523829e-01,3.591490237545709174e-01,3.657300436313867253e-01,3.721506547460030623e-01,3.784199764481631645e-01,3.845457977219702839e-01,3.905348079907105530e-01,3.963928112865207631e-01,4.021249605036329999e-01,4.077361237356287860e-01,4.132319866627722216e-01,4.186426293326018788e-01,4.239180847314054090e-01,4.290722952176712623e-01,4.341137117657679068e-01,4.390450067569084402e-01,4.438679234354693248e-01,4.485837979239745699e-01,4.531937260567613923e-01,4.576986475872866222e-01,4.620994032656294270e-01,4.663967818091738216e-01,4.705915637470750590e-01,4.746845657341369762e-01,4.786766872070156720e-01,4.825689592038368558e-01,4.863625906735613014e-01,4.900589962855996795e-01,4.936597607973722268e-01,4.971664205723436147e-01,5.005797500129436362e-01,5.038977510016244832e-01,5.071103162047023716e-01,5.101861590886993536e-01,5.130468369002192386e-01,5.155472618055937373e-01,5.175796834536022795e-01,5.193460899235206041e-01,5.212345761935283095e-01,5.233450954643290576e-01,5.255516717550057226e-01,5.277367134291442996e-01,5.298400749218965533e-01,5.318368899360557123e-01,5.337181952894938242e-01,5.354814749245965233e-01,5.371266590537983054e-01,5.386545072741102391e-01,5.400659732931766266e-01,5.413619682961202662e-01,5.425432849464146834e-01,5.436105845111982582e-01,5.445644069955124511e-01,5.454051879159308447e-01,5.461332752740514218e-01,5.467489444451898439e-01,5.472524104020152214e-01,5.476438373494385559e-01,5.479233460580311688e-01,5.480910192089548660e-01,5.481469050168185086e-01,5.480910193254046048e-01,5.479233462932934229e-01,5.476438377083696629e-01,5.472524108922062203e-01,5.467489450773719284e-01,5.461332760626925742e-01,5.454051888800910408e-01,5.445644081600444775e-01,5.436105859084559011e-01,5.425432866186692404e-01,5.413619702990565274e-01,5.400659757010125572e-01,5.386545101872307617e-01,5.371266626103818886e-01,5.354814793187152588e-01,5.337182007997773869e-01,5.318368969717515160e-01,5.298400840964714309e-01,5.277367256720736366e-01,5.255516884497368757e-01,5.233451184757408337e-01,5.212346072317780576e-01,5.193461282390208211e-01,5.175797233701520117e-01,5.155472962167220174e-01,5.130468631273776836e-01,5.101861782170823423e-01,5.071103301820620857e-01,5.038977614219877221e-01,5.005797579899937677e-01,4.971664268197908965e-01,4.936597657944536421e-01,4.900590003585105769e-01,4.863625940481031695e-01,4.825689620398572188e-01,4.786766896201858357e-01,4.746845678098515209e-01,4.705915655495386818e-01,4.663967833874398394e-01,4.620994046577016068e-01,4.576986488229599637e-01,4.531937271596118144e-01,4.485837989127558489e-01,4.438679243250911455e-01,4.390450075590747736e-01,4.341137124892909815e-01,4.290722958682406385e-01,4.239180853098455937e-01,4.186426298186099459e-01,4.132320110260850887e-01,4.077361618957885958e-01,4.021250103521004648e-01,3.963928715302575956e-01,3.905348775619398860e-01,3.845458756473057460e-01,3.784200618080463263e-01,3.721507466594415892e-01,3.657301412488669357e-01,3.591491262536988804e-01,3.523969847195422833e-01,3.454610816596697109e-01,3.383264720483248889e-01
9.689393939393939892e-01,3.383701457615611585e-01,3.455140395113751595e-01,3.524521905947567424e-01,3.592006460006430535e-01,3.657729648375437903e-01,3.721806461702840685e-01,3.784334780012950095e-01,3.845398284506539310e-01,3.905068987318741636e-01,3.963409630075171441e-01,4.020476472982697502e-01,4.076324311062807237e-01,4.131026611830808659e-01,4.184892913062841502e-01,4.237301944294839529e-01,4.288532338447740289e-01,4.338636236158998627e-01,4.387639112513717077e-01,4.435559194274752981e-01,4.482411052380858019e-01,4.528206977289334634e-01,4.572957761915716346e-01,4.616673278917714507e-01,4.659362983972001326e-01,4.701036403933522290e-01,4.741703640880982062e-01,4.781375902627271191e-01,4.820066034905008401e-01,4.857788944532787090e-01,4.894561582931691301e-01,4.930401592435006974e-01,4.965322249610704120e-01,4.999317544529104373e-01,5.032321745592231999e-01,5.064107251303930912e-01,5.094063128280753583e-01,5.120919146094254915e-01,5.143233602265698812e-01,5.161864438686887269e-01,5.180606266328282583e-01,5.201560791601061995e-01,5.223916078606176683e-01,5.246386059670195001e-01,5.268213924841325113e-01,5.289062204056410588e-01,5.308799117580478288e-01,5.327380388772841036e-01,5.344796681757714163e-01,5.361051675591458343e-01,5.376153144211832657e-01,5.390109435115136849e-01,5.402928179612972448e-01,5.414615916504104121e-01,5.425178076376716563e-01,5.434619094208226198e-01,5.442942553992183852e-01,5.450151327398075063e-01,5.456247693342072269e-01,5.461233435681005499e-01,5.465109920219145545e-01,5.467878153435195010e-01,5.469538825391960790e-01,5.470092338888963290e-01,5.469538826354952699e-01,5.467878155379678473e-01,5.465109923183033569e-01,5.461233439723408578e-01,5.456247698546322633e-01,5.450151333876024351e-01,5.442942561890425912e-01,5.434619103716812338e-01,5.425178087741155952e-01,5.414615930042486758e-01,5.402928195740260842e-01,5.390109454378210208e-01,5.376153167340982364e-01,5.361051703577709437e-01,5.344796715970953072e-01,5.327380431146298001e-01,5.308799170903710785e-01,5.289062272444564616e-01,5.268214014475408602e-01,5.246386179872446487e-01,5.223916242954557143e-01,5.201561017136980825e-01,5.180606564438063888e-01,5.161864790995289720e-01,5.143233949325483056e-01,5.120919433318580349e-01,5.094063343816777056e-01,5.064107408613306438e-01,5.032321861629222015e-01,4.999317631843469556e-01,4.965322316912224587e-01,4.930401645519416620e-01,4.894561625675036276e-01,4.857788979576618815e-01,4.820066064090693936e-01,4.781375927267765835e-01,4.741703661932720193e-01,4.701036422106776302e-01,4.659362999803581817e-01,4.616673292819523100e-01,4.572957774208049053e-01,4.528206988223794638e-01,4.482411062156648196e-01,4.435559203049895816e-01,4.387639120412735183e-01,4.338636243277203541e-01,4.288532344851420652e-01,4.237301950011819196e-01,4.184892918020189923e-01,4.131026790734683152e-01,4.076324633021636279e-01,4.020476911584648927e-01,3.963410171892461920e-01,3.905069621748974429e-01,3.845399001972641395e-01,3.784335571463380288e-01,3.721807318441754386e-01,3.657730561992743601e-01,3.592007422338998612e-01,3.524522909048957708e-01,3.455141431225172144e-01,3.383702519134510478e-01
9.727272727272727737e-01,3.384493599361446670e-01,3.456048851903180119e-01,3.525472834281820345e-01,3.592937710666938567e-01,3.658588847580023784e-01,3.722549485892637233e-01,3.784924544693479831e-01,3.845803797982922934e-01,3.905264656950162561e-01,3.963374882623510453e-01,4.020195995392711885e-01,4.075790556782332152e-01,4.130267153388033630e-01,4.183843753057273629e-01,4.235938478595099865e-01,4.286864737351303023e-01,4.336664444871887736e-01,4.385362930653323166e-01,4.432979492150411205e-01,4.479530053828240099e-01,4.525028357507118182e-01,4.569486716730550846e-01,4.612916615395449282e-01,4.655329255862846738e-01,4.696736106905928798e-01,4.737149475571371116e-01,4.776583097044664328e-01,4.815052671404089768e-01,4.852576110993759295e-01,4.889172835743057499e-01,4.924860347985049458e-01,4.959643450212812277e-01,4.993484187184764611e-01,5.026223806911679359e-01,5.057402429677647637e-01,5.085967052102938757e-01,5.110361204763309573e-01,5.130394230526669208e-01,5.149216339051648772e-01,5.169895694195184577e-01,5.192365076076301822e-01,5.215338352656185839e-01,5.237892668417881703e-01,5.259579234907292289e-01,5.280210673070632188e-01,5.299716969515126941e-01,5.318077027475176521e-01,5.335289131808598206e-01,5.351358582453112911e-01,5.366292613369961773e-01,5.380098385065325006e-01,5.392782271373930403e-01,5.404349683124719528e-01,5.414805103691313626e-01,5.424152197122690255e-01,5.432393930378377478e-01,5.439532686595949240e-01,5.445570361704109574e-01,5.450508443161067307e-01,5.454348072075710929e-01,5.457090090688673234e-01,5.458735077152588877e-01,5.459283369213763226e-01,5.458735077957649340e-01,5.457090092313501284e-01,5.454348074550252612e-01,5.450508446532058571e-01,5.445570366037151278e-01,5.439532691978773427e-01,5.432393936925538069e-01,5.424152204981741443e-01,5.414805113051661678e-01,5.404349694229908518e-01,5.392782284538834014e-01,5.380098400700821237e-01,5.366292632018442310e-01,5.351358604841066624e-01,5.335289158925932140e-01,5.318077060696728697e-01,5.299717010791291649e-01,5.280210725230374269e-01,5.259579302140742207e-01,5.237892757021683776e-01,5.215338472044706020e-01,5.192365239515724928e-01,5.169895916605172781e-01,5.149216624982035917e-01,5.130394551615656829e-01,5.110361503885999523e-01,5.085967291275091950e-01,5.057402607727766730e-01,5.026223937306038003e-01,4.993484283946743041e-01,4.959643523657072395e-01,4.924860405076242897e-01,4.889172881118163394e-01,4.852576147775312099e-01,4.815052701737585483e-01,4.776583122437887963e-01,4.737149497107575047e-01,4.696736125379507021e-01,4.655329271867293395e-01,4.612916629381612621e-01,4.569486729045846851e-01,4.525028368422422953e-01,4.479530063556821373e-01,4.432979500860749766e-01,4.385362938478384875e-01,4.336664451914513663e-01,4.286864743686275014e-01,4.235938484264316073e-01,4.183843758038951477e-01,4.130267262308797704e-01,4.075790821439124190e-01,4.020196376682949047e-01,3.963375366275998513e-01,3.905265232422644450e-01,3.845804455877255834e-01,3.784925276125266080e-01,3.722550282298782154e-01,3.658589700649937937e-01,3.592938612309596880e-01,3.525473776601660836e-01,3.456049827175775024e-01,3.384494600006868192e-01
9.765151515151515582e-01,3.385818833785019799e-01,3.457518012490289339e-01,3.527008288184225737e-01,3.594474256102744847e-01,3.660071640726368369e-01,3.723932400919415797e-01,3.786168879697813239e-01,3.846877275706175880e-01,3.906140716524882373e-01,3.964032365491171883e-01,4.020619730979907436e-01,4.075976055786226238e-01,4.130429954944813686e-01,4.183515484593314238e-01,4.235312285652907960e-01,4.285943749099215827e-01,4.335447607389112390e-01,4.383849719211837526e-01,4.431170676369299288e-01,4.477427898148009788e-01,4.522636707979034720e-01,4.566811083495767587e-01,4.609964290552282518e-01,4.652109487633800944e-01,4.693260342771106708e-01,4.733431674734975836e-01,4.772640079487295295e-01,4.810904379744035952e-01,4.848245418388552608e-01,4.884683893232039664e-01,4.920232790602296347e-01,4.954875484167194366e-01,4.988507361428076714e-01,5.020794258431723334e-01,5.050902908411075698e-01,5.077350322378226810e-01,5.099168721306072127e-01,5.118445959957345082e-01,5.138814659964229259e-01,5.161214453556427495e-01,5.184550710462727530e-01,5.207748326296388619e-01,5.230223815082164496e-01,5.251717251140308740e-01,5.272124078024226224e-01,5.291407203453676322e-01,5.309557499757316945e-01,5.326576818139590053e-01,5.342470799287261096e-01,5.357245892158302158e-01,5.370908182233382622e-01,5.383462995268113449e-01,5.394914826116175011e-01,5.405267395078208192e-01,5.414523745578728731e-01,5.422686346598819540e-01,5.429757185484404003e-01,5.435737846556485398e-01,5.440629575111818328e-01,5.444433327990972904e-01,5.447149812320192241e-01,5.448779513960456677e-01,5.449322716919688947e-01,5.448779514637325239e-01,5.447149813685692177e-01,5.444433330068986221e-01,5.440629577939558592e-01,5.435737850186078690e-01,5.429757189985355836e-01,5.422686352061372173e-01,5.414523752118658440e-01,5.405267402843179081e-01,5.394914835294783995e-01,5.383463006102244819e-01,5.370908195035802857e-01,5.357245907337553348e-01,5.342470817384310511e-01,5.326576839881865810e-01,5.309557526140353811e-01,5.291407235867683356e-01,5.272124118452160557e-01,5.251717302473268845e-01,5.230223881616323789e-01,5.207748414476432997e-01,5.184550829782298420e-01,5.161214616738558636e-01,5.138814878981246004e-01,5.118446231491319276e-01,5.099169009651843831e-01,5.077350577630562745e-01,5.050903106989160785e-01,5.020794405105639679e-01,4.988507469366945668e-01,4.954875564958756140e-01,4.920232852486293162e-01,4.884683941746618130e-01,4.848245457239263034e-01,4.810904411445961482e-01,4.772640105783556019e-01,4.733431696860609939e-01,4.693260361620155696e-01,4.652109503866273532e-01,4.609964304664234125e-01,4.566811095865828118e-01,4.522636718899989972e-01,4.477427907848917088e-01,4.431170685030332845e-01,4.383849726974985983e-01,4.335447614364885682e-01,4.285943755370174579e-01,4.235312291272020357e-01,4.183515489567214418e-01,4.130429959046329480e-01,4.075976265145425659e-01,4.020620057506232858e-01,3.964032793419217104e-01,3.906141235339566919e-01,3.846877876213420366e-01,3.786169553206598093e-01,3.723933139020437211e-01,3.660072435224481779e-01,3.594475098991045670e-01,3.527009171627408235e-01,3.457518928806007086e-01,3.385819775422149736e-01
9.803030303030304538e-01,3.387791886841104994e-01,3.459665706164748999e-01,3.529248891899968710e-01,3.596739272212728378e-01,3.662303562312842486e-01,3.726082946916152716e-01,3.788197611894588146e-01,3.848750545587590888e-01,3.907830952302264738e-01,3.965517868939864576e-01,4.021885845069920751e-01,4.077024671218731355e-01,4.131304827870385110e-01,4.184054923466859477e-01,4.235567693854756510e-01,4.285914916891604420e-01,4.335132756791866271e-01,4.383248060578633920e-01,4.430282909896245402e-01,4.476256364080680172e-01,4.521185473198656157e-01,4.565086044314058955e-01,4.607973324563511830e-01,4.649862672933018359e-01,4.690770252032332444e-01,4.730713727916012745e-01,4.769712873833479860e-01,4.807789740136129697e-01,4.844967446171362102e-01,4.881265071517159049e-01,4.916682045436465143e-01,4.951155338856821353e-01,4.984451584527351820e-01,5.015938182595586214e-01,5.044320348423246836e-01,5.068186767296786188e-01,5.088402796929120120e-01,5.108564425760887540e-01,5.130726885255716407e-01,5.154261150141672410e-01,5.177999149284561176e-01,5.201203620939556238e-01,5.223521631525118725e-01,5.244802516983327889e-01,5.264987470658837321e-01,5.284057199276014360e-01,5.302008770756702072e-01,5.318845574524245778e-01,5.334573017668846617e-01,5.349196728704356252e-01,5.362721860664886320e-01,5.375152872894228828e-01,5.386493514957323425e-01,5.396746888884796922e-01,5.405915534862945071e-01,5.414001516877747777e-01,5.421006499135702095e-01,5.426931810508872633e-01,5.431778497001135131e-01,5.435547363277222210e-01,5.438239004556023604e-01,5.439853830086875952e-01,5.440392079201180620e-01,5.439853830656798950e-01,5.438239005705250984e-01,5.435547365024936406e-01,5.431778499377103442e-01,5.426931813554634054e-01,5.421006502906552393e-01,5.414001521445178655e-01,5.405915540318261270e-01,5.396746895343800254e-01,5.386493522567009640e-01,5.375152881841778196e-01,5.362721871190245793e-01,5.349196741118102949e-01,5.334573032377881718e-01,5.318845592069186834e-01,5.302008791867590665e-01,5.284057224957485754e-01,5.264987502321410995e-01,5.244802556650588476e-01,5.223521682161558211e-01,5.201203686959620098e-01,5.177999237275814348e-01,5.154261269580068250e-01,5.130727047902868820e-01,5.108564640021948655e-01,5.088403051045473635e-01,5.068187021184437091e-01,5.044320562530948404e-01,5.015938345783408359e-01,4.984451704864755195e-01,4.951155428007129600e-01,4.916682112776379898e-01,4.881265123572102738e-01,4.844967487323724176e-01,4.807789773336399453e-01,4.769712901101169633e-01,4.730713750663020356e-01,4.690770271267232228e-01,4.649862689391328630e-01,4.607973338791879758e-01,4.565086056725520258e-01,4.521185484109980779e-01,4.476256373737800831e-01,4.430282918491544319e-01,4.383248068263329023e-01,4.335132763684000357e-01,4.285914923080967887e-01,4.235567699403202102e-01,4.184054928399585371e-01,4.131304832111394321e-01,4.077024826511981836e-01,4.021886119360140732e-01,3.965518243581886426e-01,3.907831416743012820e-01,3.848751090864997448e-01,3.788198229542119044e-01,3.726083628702202555e-01,3.662304300175391325e-01,3.596740058242430815e-01,3.529249718331461394e-01,3.459666565365798196e-01,3.387792771295822791e-01
9.840909090909091272e-01,3.390429018957193397e-01,3.462509338325197028e-01,3.532212929934132606e-01,3.599751722500504902e-01,3.665304105000341539e-01,3.729021035815551222e-01,3.791030996998308034e-01,3.851444166967566418e-01,3.910356238493805647e-01,3.967852718097819031e-01,4.024016820188467403e-01,4.078969788805643648e-01,4.133018935740949695e-01,4.185485496744199008e-01,4.236726650870052402e-01,4.286800130108807672e-01,4.335741919280378665e-01,4.383580196729539580e-01,4.430338716279625388e-01,4.476038331475527543e-01,4.520697982410762372e-01,4.564335496516379598e-01,4.606968333922286662e-01,4.648614335765040018e-01,4.689292488758724509e-01,4.729023647925653662e-01,4.767830987971615753e-01,4.805739511346013293e-01,4.842772788822179431e-01,4.878942118331587863e-01,4.914215741310126173e-01,4.948438669909495102e-01,4.981149163203131280e-01,5.011289754431929033e-01,5.037310925678668561e-01,5.058972666883625458e-01,5.079205358927947334e-01,5.101019661803042338e-01,5.124567656113432346e-01,5.148718787715415024e-01,5.172577636587470939e-01,5.195675350238094792e-01,5.217800305300284158e-01,5.238864315863315246e-01,5.258834177866994475e-01,5.277700351034290138e-01,5.295463071850442516e-01,5.312126252242304059e-01,5.327694832298399685e-01,5.342173672602034129e-01,5.355567134156765663e-01,5.367878961859607889e-01,5.379112296652466263e-01,5.389269736595546645e-01,5.398353410987989376e-01,5.406365052076538280e-01,5.413306058367644003e-01,5.419177547875625445e-01,5.423980401500501092e-01,5.427715297430801833e-01,5.430382737627703627e-01,5.431983067364666296e-01,5.432516488612882943e-01,5.431983067844223800e-01,5.430382738594322634e-01,5.427715298899886687e-01,5.423980403495889391e-01,5.419177550430543944e-01,5.413306061526117485e-01,5.406365055895359095e-01,5.398353415539357547e-01,5.389269741970592609e-01,5.379112302966237991e-01,5.367878969257507960e-01,5.355567142823934867e-01,5.342173682776045762e-01,5.327694844287417242e-01,5.312126266451367984e-01,5.295463088819977182e-01,5.277700371497884291e-01,5.258834202839659522e-01,5.238864346778618897e-01,5.217800344226526388e-01,5.195675400218121576e-01,5.172577702153062784e-01,5.148718875563398356e-01,5.124567775811975645e-01,5.101019823456292013e-01,5.079205565409985468e-01,5.058972898841638255e-01,5.037311143905418565e-01,5.011289931364352190e-01,4.981149296241030311e-01,4.948438768187504166e-01,4.914215814693942974e-01,4.878942174285232358e-01,4.842772832470410571e-01,4.805739546137113849e-01,4.767831016243926356e-01,4.729023671293700049e-01,4.689292508361014855e-01,4.648614352421530094e-01,4.606968348235303545e-01,4.564335508936355756e-01,4.520697993280003435e-01,4.476038341057526626e-01,4.430338724779411819e-01,4.383580204307585548e-01,4.335741926062037233e-01,4.286800136190310750e-01,4.236726656320807805e-01,4.185485501602383418e-01,4.133018939982585627e-01,4.078969888845582203e-01,4.024017044736150628e-01,3.967853041900015754e-01,3.910356650832017000e-01,3.851444659143385962e-01,3.791031560806262246e-01,3.729021663230026040e-01,3.665304788112855316e-01,3.599752453513841433e-01,3.532213701164269026e-01,3.462510142198200191e-01,3.390429847999155144e-01
9.878787878787880228e-01,3.393666815710357221e-01,3.465985233525130105e-01,3.535836235180285225e-01,3.603446783762551120e-01,3.669007675137063718e-01,3.732680228887012563e-01,3.794601711455783954e-01,3.854889930161043976e-01,3.913647542095467502e-01,3.970967305571240225e-01,4.026943820289478615e-01,4.081819124543470956e-01,4.135530827240668783e-01,4.187734278200604399e-01,4.238714563933043689e-01,4.288523833690225384e-01,4.337198738048068658e-01,4.384769065137628097e-01,4.431260420030302405e-01,4.476695617766683899e-01,4.521095673682191118e-01,4.564480655575272050e-01,4.606870503342904710e-01,4.648285857937232146e-01,4.688748879864280128e-01,4.728283910546856594e-01,4.766917509396685904e-01,4.804676566332785059e-01,4.841581022176128513e-01,4.877622188662544822e-01,4.912704473514864500e-01,4.946504335268865904e-01,4.978203874375028426e-01,5.006337625062683427e-01,5.029872389373731822e-01,5.050622799384559825e-01,5.072090222573374385e-01,5.095465112911542471e-01,5.119875134450050380e-01,5.144294373557624089e-01,5.168116280092249770e-01,5.191049940744058011e-01,5.212967562974574198e-01,5.233816956609415039e-01,5.253579480855578021e-01,5.272250984716632116e-01,5.289833263523582296e-01,5.306330251231753392e-01,5.321746351619000004e-01,5.336085741640181901e-01,5.349352116427497084e-01,5.361548631511746654e-01,5.372677928689414406e-01,5.382742192831572181e-01,5.391743215622190055e-01,5.399682455823204830e-01,5.406561092089711140e-01,5.412380067323773192e-01,5.417140124843965454e-01,5.420841837131271657e-01,5.423485628010099591e-01,5.425071789049168425e-01,5.425600490817164001e-01,5.425071789452503568e-01,5.423485628822809490e-01,5.420841838365719756e-01,5.417140126519276455e-01,5.412380069466549148e-01,5.406561094735132800e-01,5.399682459016474922e-01,5.391743219420556121e-01,5.382742197306998877e-01,5.372677933932203942e-01,5.361548637635424885e-01,5.349352123575563667e-01,5.336085749995327365e-01,5.321746361416188620e-01,5.306330262776758344e-01,5.289833277219756491e-01,5.272251001104943935e-01,5.253579500674186997e-01,5.233816980885754866e-01,5.212967593168568170e-01,5.191049978973618639e-01,5.168116329486586169e-01,5.144294438934327030e-01,5.119875222473164733e-01,5.095465232415083978e-01,5.072090381469901432e-01,5.050622994656315257e-01,5.029872595996436324e-01,5.006337808833696279e-01,4.978204018860796221e-01,4.946504443089129732e-01,4.912704553515596650e-01,4.877622248921728021e-01,4.841581068560958934e-01,4.804676602842082311e-01,4.766917538731816339e-01,4.728283934554146084e-01,4.688748899829882633e-01,4.648285874775937576e-01,4.606870517718775204e-01,4.564480667979617934e-01,4.521095684484652266e-01,4.476695627249493992e-01,4.431260428411479269e-01,4.384769072587015315e-01,4.337198744698146369e-01,4.288523839643290092e-01,4.238714569264934173e-01,4.187734282959236776e-01,4.135530831429780063e-01,4.081819146381056584e-01,4.026943997515322615e-01,3.970967581012384562e-01,3.913647904609837691e-01,3.854890371348505540e-01,3.794602223416367881e-01,3.732680803834347305e-01,3.669008305339854781e-01,3.603447461552706232e-01,3.535836952967340574e-01,3.465985983802903903e-01,3.393667591054373989e-01
9.916666666666666963e-01,3.397257538554470657e-01,3.469842369264960480e-01,3.539864419021030995e-01,3.607566676033039377e-01,3.673153117728903405e-01,3.736796044750873569e-01,3.798642025560967639e-01,3.858816972638705045e-01,3.917431062016150101e-01,3.974585375507765916e-01,4.030391013159740909e-01,4.085283226027164871e-01,4.138561209991307166e-01,4.190513573426456473e-01,4.241240779295175622e-01,4.290792887741063377e-01,4.339207785621650992e-01,4.386517112025767884e-01,4.432748504430545355e-01,4.477926922100273210e-01,4.522075664838204889e-01,4.565217292015626982e-01,4.607374525388901465e-01,4.648571151979838945e-01,4.688832844956032364e-01,4.728187588662414731e-01,4.766664796503527479e-01,4.804290655152391176e-01,4.841073219855663301e-01,4.876960925422183513e-01,4.911737684200009335e-01,4.944800132323053932e-01,4.974892861337186223e-01,5.000566271459125911e-01,5.022384770041123936e-01,5.043674206514277003e-01,5.066719832276802560e-01,5.091209164134622434e-01,5.116070759820119385e-01,5.140547030550136620e-01,5.164246169335559022e-01,5.186987695751865690e-01,5.208693714872651981e-01,5.229333005974857729e-01,5.248895345663369127e-01,5.267379562551203209e-01,5.284788148781170980e-01,5.301124825139114094e-01,5.316393466149971214e-01,5.330597654984654543e-01,5.343740528917084731e-01,5.355824755716781516e-01,5.366852565393607222e-01,5.376825801660815030e-01,5.385745976695732740e-01,5.393614322058422061e-01,5.400431833080859834e-01,5.406199306118778525e-01,5.410917368969629937e-01,5.414586505097945812e-01,5.417207072370427978e-01,5.418779316938167057e-01,5.419303382779632194e-01,5.418779317278011876e-01,5.417207073055039235e-01,5.414586506137254451e-01,5.410917370379075830e-01,5.406199307919696828e-01,5.400431835301495731e-01,5.393614324734922194e-01,5.385745979873717282e-01,5.376825805397376090e-01,5.366852569760051095e-01,5.355824760802250228e-01,5.343740534833559819e-01,5.330597661873673898e-01,5.316393474192145918e-01,5.301124834567247923e-01,5.284788159899445059e-01,5.267379575762800581e-01,5.248895361511612956e-01,5.229333025205671337e-01,5.208693738530738582e-01,5.186987725336299482e-01,5.164246207126834687e-01,5.140547079712277645e-01,5.116070825113430143e-01,5.091209252277457686e-01,5.066719951293487956e-01,5.043674361174015353e-01,5.022384951175550283e-01,5.000566451455448203e-01,4.974893013726984226e-01,4.944800249503271683e-01,4.911737771412946207e-01,4.876960990545798902e-01,4.841073269364332132e-01,4.804290693624707620e-01,4.766664827051180775e-01,4.728187613399306155e-01,4.688832865339018219e-01,4.648571169032852390e-01,4.607374539846386119e-01,4.565217304414944111e-01,4.522075675579528276e-01,4.477926931486416740e-01,4.432748512693736043e-01,4.386517119345771931e-01,4.339207792138363162e-01,4.290792893562738186e-01,4.241240784503386152e-01,4.190513578076827672e-01,4.138561214104976016e-01,4.085283229521177728e-01,4.030391145258975238e-01,3.974585605118893805e-01,3.917431377005438087e-01,3.858817364940225203e-01,3.798642487634476539e-01,3.736796569089215758e-01,3.673153696805853685e-01,3.607567302329389158e-01,3.539865085054253457e-01,3.469843067607527587e-01,3.397258261839820048e-01
9.954545454545455918e-01,3.401118979693042998e-01,3.473998157047649693e-01,3.544214284418871763e-01,3.612027438883471109e-01,3.677655608764586193e-01,3.741282739341210695e-01,3.803065259529319619e-01,3.863137716443824088e-01,3.921618477803545666e-01,3.978618521121780049e-01,4.034277057805513711e-01,4.089001100354517915e-01,4.142020119283472690e-01,4.193730387687203409e-01,4.244211223605433014e-01,4.293512409649357098e-01,4.341673493634614078e-01,4.388728190320048128e-01,4.434706361171553701e-01,4.479635314103463939e-01,4.523540872347889263e-01,4.566448373573267494e-01,4.608383657849765003e-01,4.649374015988990694e-01,4.689448899588279929e-01,4.728639768017639522e-01,4.766977341419401104e-01,4.804481663835684091e-01,4.841133179253280239e-01,4.876796779421118666e-01,4.911047015517414627e-01,4.942884659728142283e-01,4.970771789483168779e-01,4.994201186687017846e-01,5.015678435368541299e-01,5.038322511484540911e-01,5.062698072651691250e-01,5.087856798105707679e-01,5.112899378909155912e-01,5.137310978463318634e-01,5.160841770621573676e-01,5.183378822222397542e-01,5.204873866400036020e-01,5.225308413363548565e-01,5.244677086201076088e-01,5.262980332328396349e-01,5.280220880215048540e-01,5.296402139513877172e-01,5.311527495966871237e-01,5.325600023781896786e-01,5.338622393290892720e-01,5.350596867206331986e-01,5.361525334056858050e-01,5.371409354206073683e-01,5.380250207005961016e-01,5.388048934097252607e-01,5.394806377014181864e-01,5.400523208738533532e-01,5.405199959502460239e-01,5.408837037380415103e-01,5.411434744249778994e-01,5.412993287639806805e-01,5.413512788890700866e-01,5.412993287926898267e-01,5.411434744827982035e-01,5.408837038257765517e-01,5.405199960691425831e-01,5.400523210256408246e-01,5.394806378883640896e-01,5.388048936347393791e-01,5.380250209673298478e-01,5.371409357336162094e-01,5.361525337706344319e-01,5.350596871445708613e-01,5.338622398208109354e-01,5.325600029487428388e-01,5.311527502600646988e-01,5.296402147254848369e-01,5.280220889294721109e-01,5.262980343050543963e-01,5.244677098970303986e-01,5.225308428728390187e-01,5.204873885137983880e-01,5.183378845436910076e-01,5.160841799823199239e-01,5.137311015906932399e-01,5.112899427927688478e-01,5.087856863549794495e-01,5.062698161055849688e-01,5.038322629570975986e-01,5.015678583956859615e-01,4.994201351133610300e-01,4.970771943107755719e-01,4.942884784637373574e-01,4.911047110188087039e-01,4.876796849969553538e-01,4.841133232343693971e-01,4.804481704582738710e-01,4.766977373380625327e-01,4.728639793612339215e-01,4.689448920471080973e-01,4.649374033310164078e-01,4.608383672424930522e-01,4.566448385992306624e-01,4.523540883045579220e-01,4.479635323405721237e-01,4.434706369326292252e-01,4.388728197517876572e-01,4.341673500023253141e-01,4.293512415343164745e-01,4.244211228691498472e-01,4.193730392227541515e-01,4.142020123311208057e-01,4.089001103841963247e-01,4.034277146164168548e-01,3.978618707506850205e-01,3.921618747609384448e-01,3.863138061970861070e-01,3.803065673663428847e-01,3.741283214902616505e-01,3.677656138465142943e-01,3.612028015375459700e-01,3.544214900343863883e-01,3.473998805068784779e-01,3.401119652511067626e-01
9.992424242424242653e-01,3.405530246026470254e-01,3.478737510929164611e-01,3.549175981399426139e-01,3.617123997892333631e-01,3.682814474947702643e-01,3.746443736812794523e-01,3.808178697646300015e-01,3.868163153044254510e-01,3.926524523996235416e-01,3.983386191718122360e-01,4.038956192634179376e-01,4.093449730799824104e-01,4.146235111749307922e-01,4.197713944186222124e-01,4.247957569882657158e-01,4.297016586555461037e-01,4.344932553091486738e-01,4.391741485916679788e-01,4.437475682564356316e-01,4.482165033981593272e-01,4.525838162289990141e-01,4.568523508510404785e-01,4.610250393162599325e-01,4.651049939736322525e-01,4.690955446507294457e-01,4.730001010965695363e-01,4.768215184703025189e-01,4.805601272127845713e-01,4.842083615415489484e-01,4.877376509541519467e-01,4.910730450448927975e-01,4.940740818024308423e-01,4.966198867018177809e-01,4.988399873922498839e-01,5.010720413531292161e-01,5.034803575270567766e-01,5.060088111605068883e-01,5.085587473300385852e-01,5.110646416018372884e-01,5.134925817639277579e-01,5.158265880310130003e-01,5.180595028509933364e-01,5.201883125617634551e-01,5.222119125481594626e-01,5.241300698801319990e-01,5.259429136807306504e-01,5.276507131737050438e-01,5.292537756115914815e-01,5.307523960529548779e-01,5.321468386937461270e-01,5.334373315450831043e-01,5.346240672024480389e-01,5.357072061413489239e-01,5.366868808102450705e-01,5.375631997085560387e-01,5.383362510958248359e-01,5.390061062042287299e-01,5.395728219347822874e-01,5.400364430655052450e-01,5.403970040172410005e-01,5.406545302251364316e-01,5.408090391587532242e-01,5.408605410255650225e-01,5.408090391829514232e-01,5.406545302738519077e-01,5.403970040911301176e-01,5.400364431655726438e-01,5.395728220624239624e-01,5.390061063612726633e-01,5.383362512846080472e-01,5.375631999320029664e-01,5.366868810719938043e-01,5.357072064459010852e-01,5.346240675553759480e-01,5.334373319533106672e-01,5.321468391659172070e-01,5.307523965999348947e-01,5.292537762471786200e-01,5.276507139155925952e-01,5.259429145519133320e-01,5.241300709109216749e-01,5.222119137817963219e-01,5.201883140534999672e-01,5.180595046770806178e-01,5.158265903010187392e-01,5.134925846364497559e-01,5.110646453096553410e-01,5.085587522152262840e-01,5.060088177094982376e-01,5.034803663493643278e-01,5.010720529274437229e-01,4.988400013516708920e-01,4.966199012156000681e-01,4.940740946131809697e-01,4.910730551450486203e-01,4.877376585496075445e-01,4.842083672256432547e-01,4.805601315277225893e-01,4.768215218140861578e-01,4.730001037435064837e-01,4.690955467879616148e-01,4.651049957301273685e-01,4.610250407824674213e-01,4.568523520916561442e-01,4.525838172911958446e-01,4.482165043169519247e-01,4.437475690582184940e-01,4.391741492966102500e-01,4.344932559327872035e-01,4.297016592098893417e-01,4.247957574825111382e-01,4.197713948595077627e-01,4.146235115666339066e-01,4.093449734224794967e-01,4.038956234120929523e-01,3.983386337558370016e-01,3.926524751018054538e-01,3.868163453929225337e-01,3.808179065789488726e-01,3.746444165420050321e-01,3.682814957006916856e-01,3.617124526252912253e-01,3.549176548844775736e-01,3.478738110225929603e-01,3.405530869952327899e-01
1.003030303030303161e+00,3.410523510589409391e-01,3.484093274753231051e-01,3.554782599312928948e-01,3.622889365407223061e-01,3.688662407727943404e-01,3.752311228889790296e-01,3.814013917955119681e-01,3.873924229820939202e-01,3.932179776328574849e-01,3.988920746913803272e-01,4.044642375496798614e-01,4.098665789506589774e-01,4.151232526573419568e-01,4.202488872546468190e-01,4.252503195650693124e-01,4.301327647433788592e-01,4.349006107587304326e-01,4.395577127939883089e-01,4.441075676805856798e-01,4.485534493209773488e-01,4.528985308146920019e-01,4.571460019536089936e-01,4.612991784537485151e-01,4.653615769972857530e-01,4.693368751745212730e-01,4.732285333189502619e-01,4.770384901888768958e-01,4.807634478275134571e-01,4.843853740237033523e-01,4.878509195758067851e-01,4.910440550832750883e-01,4.938139793825885304e-01,4.961671103688201079e-01,4.983949245488328295e-01,5.007621904160858284e-01,5.032840414658231731e-01,5.058659537473105816e-01,5.084282745521783164e-01,5.109259993909818220e-01,5.133369366272551026e-01,5.156507595971115965e-01,5.178628731816954378e-01,5.199713839315984742e-01,5.219756538322156691e-01,5.238756125757708659e-01,5.256714372621451581e-01,5.273633901450500705e-01,5.289517404266604883e-01,5.304367453869478499e-01,5.318186327859901752e-01,5.330975980976401241e-01,5.342738059323294264e-01,5.353473931825567522e-01,5.363184726614277364e-01,5.371871366505236445e-01,5.379534601026976226e-01,5.386175034105232795e-01,5.391793147309084100e-01,5.396389318918811684e-01,5.399963839204249272e-01,5.402516922314388736e-01,5.404048715136917647e-01,5.404559303416641702e-01,5.404048715342070208e-01,5.402516922727313986e-01,5.399963839830300705e-01,5.396389319766162762e-01,5.391793148389050216e-01,5.386175035432698710e-01,5.379534602620846817e-01,5.371871368389149470e-01,5.363184728817474989e-01,5.353473934384169741e-01,5.342738062281818801e-01,5.330975984389816347e-01,5.318186331796491695e-01,5.304367458414589453e-01,5.289517409527657588e-01,5.273633907564453382e-01,5.256714379764498846e-01,5.238756134183105706e-01,5.219756548325354961e-01,5.199713851305276524e-01,5.178628746358326929e-01,5.156507613857552741e-01,5.133369388636153108e-01,5.109260022395194500e-01,5.084282782542453027e-01,5.058659586538398756e-01,5.032840480573687048e-01,5.007621992279535084e-01,4.983949358017792930e-01,4.961671232483531035e-01,4.938139919389927801e-01,4.910440656411806382e-01,4.878509277227459640e-01,4.843853801353611432e-01,4.807634524305867685e-01,4.770384937158863026e-01,4.732285360785259964e-01,4.693368773785827619e-01,4.653615787911497548e-01,4.612991799383898694e-01,4.571460032004771579e-01,4.528985318753319111e-01,4.485534502332633733e-01,4.441075684728136852e-01,4.395577134876053060e-01,4.349006113701664455e-01,4.301327652852937056e-01,4.252503200471711708e-01,4.202488876841795062e-01,4.151232530391713582e-01,4.098665792864261137e-01,4.044642378295618124e-01,3.988920855007508370e-01,3.932179963088577868e-01,3.873924488266652921e-01,3.814014242096048779e-01,3.752311612388556927e-01,3.688662843893957821e-01,3.622889847316498879e-01,3.554783119910870370e-01,3.484093826924105075e-01,3.410524087198293919e-01
1.006818181818181834e+00,3.416048439438779116e-01,3.490016435396058325e-01,3.560986122992649827e-01,3.629276303899383604e-01,3.695152804160549698e-01,3.758839168463165015e-01,3.820525419021679747e-01,3.880376102287999007e-01,3.938540596538437910e-01,3.995184863305082934e-01,4.050821617863263335e-01,4.104609385383082842e-01,4.156969855068454733e-01,4.208012878453156747e-01,4.257806348349916226e-01,4.306404519525312002e-01,4.353853881641498447e-01,4.400195767856948104e-01,4.445468076734752083e-01,4.489706692280309719e-01,4.532946796717929328e-01,4.575224113071334475e-01,4.616575937072440183e-01,4.657041428311406994e-01,4.696659640166284677e-01,4.735461216670454054e-01,4.773443285106886425e-01,4.810502520949798133e-01,4.846278390536390424e-01,4.879881529819481423e-01,4.909820274620942393e-01,4.935217193404844438e-01,4.957942077284874793e-01,4.981214705231649109e-01,5.006178242175944870e-01,5.032153124640846853e-01,5.058236873174126735e-01,5.083849660442080198e-01,5.108688912491087253e-01,5.132608660434766490e-01,5.155541327702436449e-01,5.177457095432924650e-01,5.198344079456126421e-01,5.218198792532985353e-01,5.237021547631662832e-01,5.254814233155987724e-01,5.271579285674403703e-01,5.287319210404325398e-01,5.302036180503512108e-01,5.315732168246377620e-01,5.328408856618696010e-01,5.340067658240303938e-01,5.350709745073976009e-01,5.360336080904549716e-01,5.368947452441815704e-01,5.376544497221541485e-01,5.383127727684640096e-01,5.388697551407183317e-01,5.393254287719682072e-01,5.396798181047985921e-01,5.399329411314938154e-01,5.400848101703873416e-01,5.401354324027388687e-01,5.400848101877657736e-01,5.399329411664615108e-01,5.396798181577954212e-01,5.393254288436611921e-01,5.388697552320288464e-01,5.383127728805996437e-01,5.376544498566492303e-01,5.368947454029443511e-01,5.360336082758440091e-01,5.350709747223119095e-01,5.340067660720360099e-01,5.328408859473390269e-01,5.315732171529770067e-01,5.302036184282831188e-01,5.287319214763636088e-01,5.271579290720104227e-01,5.254814239042525648e-01,5.237021554524309286e-01,5.218198800661147940e-01,5.198344089128227319e-01,5.177457107067670039e-01,5.155541341878563388e-01,5.132608677967555044e-01,5.108688934550864591e-01,5.083849688734222161e-01,5.058236910192935865e-01,5.032153173944095004e-01,5.006178308349830131e-01,4.981214792440540884e-01,4.957942184578041367e-01,4.935217309015068055e-01,4.909820380594859257e-01,4.879881615556294072e-01,4.846278455821985132e-01,4.810502570007152423e-01,4.773443322347733497e-01,4.735461245481153436e-01,4.696659662922257894e-01,4.657041446644077931e-01,4.616575952107885294e-01,4.575224125598684188e-01,4.532946807300555769e-01,4.489706701327985106e-01,4.445468084550766585e-01,4.400195774669257154e-01,4.353853887623599372e-01,4.306404524810283907e-01,4.257806353039830238e-01,4.208012882624965756e-01,4.156969858776384807e-01,4.104609388654533730e-01,4.050821620664730727e-01,3.995184936429060918e-01,3.938540745658071773e-01,3.880376320523387101e-01,3.820525701134193097e-01,3.758839508661644402e-01,3.695153196130468443e-01,3.629276740978270022e-01,3.560986598310840745e-01,3.490016941971484377e-01,3.416048970235692206e-01
1.010606060606060730e+00,3.421993750976826676e-01,3.496395575496988872e-01,3.567674692903606837e-01,3.636172311486220998e-01,3.702172399769672051e-01,3.765913476388008108e-01,3.827598334402227409e-01,3.887403310875501283e-01,3.945491886604321485e-01,4.002079866084377047e-01,4.057574483419279510e-01,4.111162831924916050e-01,4.163327233870695032e-01,4.214165203687990635e-01,4.263745624116932476e-01,4.312125298125411010e-01,4.359353608836316063e-01,4.405474934678398347e-01,4.450530392307620597e-01,4.494559340221691568e-01,4.537600778931334400e-01,4.579694607786330418e-01,4.620882412359589297e-01,4.661206766764915965e-01,4.700706267275326367e-01,4.739399024147152306e-01,4.777236624697872025e-01,4.813989904637376305e-01,4.849017791409546141e-01,4.881031126933770836e-01,4.908636347935245170e-01,4.932430482825415630e-01,4.955508132337969607e-01,4.980071435380212796e-01,5.006015113255608551e-01,5.032429941291401976e-01,5.058599769536049617e-01,5.084120676766258340e-01,5.108789849028783081e-01,5.132510287692523265e-01,5.155237228985080078e-01,5.176951185783217335e-01,5.197644783774830746e-01,5.217316350863834273e-01,5.235966782165085709e-01,5.253598005284284556e-01,5.270212233794407952e-01,5.285811634393453584e-01,5.300398273553252881e-01,5.313973770125035578e-01,5.326539581824012437e-01,5.338096926059673342e-01,5.348646809629328258e-01,5.358190058106455655e-01,5.366727343392090344e-01,5.374259208265249610e-01,5.380786087533925288e-01,5.386308325812975140e-01,5.390826192148946427e-01,5.394339891780380869e-01,5.396849575322669734e-01,5.398355345634584523e-01,5.398857262572230864e-01,5.398355345781398196e-01,5.396849575618053452e-01,5.394339892227856259e-01,5.390826192753959134e-01,5.386308326583015837e-01,5.380786088478802798e-01,5.374259209397388437e-01,5.366727344726903715e-01,5.358190059662911731e-01,5.348646811430763925e-01,5.338096928134544727e-01,5.326539584207192757e-01,5.313973772859362787e-01,5.300398276691684618e-01,5.285811638001971513e-01,5.270212237970485214e-01,5.253598010123403661e-01,5.235966787801347166e-01,5.217316357472917554e-01,5.197644791588922342e-01,5.176951195113633775e-01,5.155237240256845821e-01,5.132510301496869820e-01,5.108789866203901076e-01,5.084120698521313875e-01,5.058599797634626416e-01,5.032429978290891004e-01,5.006015162688502995e-01,4.980071501374712106e-01,4.955508217352998512e-01,4.932430582525220153e-01,4.908636448631650273e-01,4.881031214317652633e-01,4.849017860137272984e-01,4.813989956631400391e-01,4.777236663950226725e-01,4.739399054209204598e-01,4.700706290758691619e-01,4.661206785484875437e-01,4.620882427566619377e-01,4.579694620350056589e-01,4.537600789466461615e-01,4.494559349170884066e-01,4.450530399995457631e-01,4.405474941346665396e-01,4.359353614667741406e-01,4.312125303259355946e-01,4.263745628660146614e-01,4.214165207721397577e-01,4.163327237452887353e-01,4.111162835091212164e-01,4.057574486164629013e-01,4.002079906413760768e-01,3.945492000872963256e-01,3.887403491197185534e-01,3.827598576474469105e-01,3.765913775079902104e-01,3.702172749209620695e-01,3.636172705314303366e-01,3.567675124461925362e-01,3.496396037955481484e-01,3.421994237412038231e-01
1.014393939393939403e+00,3.428000567870761461e-01,3.502867124363079898e-01,3.574479968396881979e-01,3.643204288576922245e-01,3.709343411027059001e-01,3.773151817272170083e-01,3.834845990216448341e-01,3.894615285829780005e-01,3.952641060713467103e-01,4.009441859925444440e-01,4.064516154469014486e-01,4.117919865828574277e-01,4.169894069796808989e-01,4.220531722762170257e-01,4.269903662225881247e-01,4.318069623143393487e-01,4.365082166880850933e-01,4.410989000896617940e-01,4.455834776110078610e-01,4.499662683008722741e-01,4.542515913186576104e-01,4.584438816845247677e-01,4.625477100628757610e-01,4.665675191494661478e-01,4.705065782718705347e-01,4.743638929480590849e-01,4.781261548946157958e-01,4.817497198344276033e-01,4.851331323126583661e-01,4.881244397258391321e-01,4.906720412919036156e-01,4.930032130021381187e-01,4.954156008499221997e-01,4.979874427268695114e-01,5.006461586734036739e-01,5.033088077141218974e-01,5.059229390355989286e-01,5.084608488753284972e-01,5.109088648353549145e-01,5.132604661507697008e-01,5.155126575495831975e-01,5.176641634773533340e-01,5.197145392728298452e-01,5.216637323386209557e-01,5.235118644912498675e-01,5.252591242057865761e-01,5.269057140827866359e-01,5.284518260659037958e-01,5.298976309467887669e-01,5.312432911834098492e-01,5.324889217970312227e-01,5.336346284279379626e-01,5.346804978383290496e-01,5.356266008703800541e-01,5.364729949415154575e-01,5.372197262331698253e-01,5.378668315694669078e-01,5.384143399958413179e-01,5.388622740789619225e-01,5.392106509535784520e-01,5.394594831414358804e-01,5.396087791642998344e-01,5.396585439689035590e-01,5.396087791767516517e-01,5.394594831664837331e-01,5.392106509915115531e-01,5.388622741302246943e-01,5.384143400610471586e-01,5.378668316494154000e-01,5.372197263288698288e-01,5.364729950542244108e-01,5.356266010016332846e-01,5.346804979900122712e-01,5.336346286023376795e-01,5.324889219969451970e-01,5.312432914122551253e-01,5.298976312087801954e-01,5.284518263674078398e-01,5.269057144294940764e-01,5.252591246058531116e-01,5.235118649551274705e-01,5.216637328798138240e-01,5.197145399089848627e-01,5.176641642318939862e-01,5.155126584541281920e-01,5.132604672487536268e-01,5.109088661876088899e-01,5.084608505686155633e-01,5.059229411955269429e-01,5.033088105234884146e-01,5.006461623929913118e-01,4.979874476985691190e-01,4.954156074119059894e-01,4.930032211822676369e-01,4.906720503503722020e-01,4.881244483047401661e-01,4.851331394289215004e-01,4.817497253273756441e-01,4.781261590449059629e-01,4.743638961024735923e-01,4.705065807104630293e-01,4.665675210727697753e-01,4.625477116097791996e-01,4.584438829511841562e-01,4.542515923724806948e-01,4.499662691899257716e-01,4.455834783702030677e-01,4.410989007447724264e-01,4.365082172584399678e-01,4.318069628145915217e-01,4.269903666639133233e-01,4.220531726671193917e-01,4.169894073264319156e-01,4.117919868895812963e-01,4.064516157147137765e-01,4.009441862075148189e-01,3.952641143180838368e-01,3.894615430649389642e-01,3.834846194277668485e-01,3.773152076253052933e-01,3.709343719581786325e-01,3.643204640697584318e-01,3.574480357668983199e-01,3.502867544129983912e-01,3.428001011336631598e-01
1.018181818181818299e+00,3.434474416203102121e-01,3.509845279945351670e-01,3.581823935102576018e-01,3.650801306321516670e-01,3.717101435344041804e-01,3.780995883176361261e-01,3.842715901571361892e-01,3.902465501881504095e-01,3.960450875135793081e-01,4.017290563033680817e-01,4.072118966862596778e-01,4.125352153883705131e-01,4.177145708038714211e-01,4.227591672405582868e-01,4.276763557256301751e-01,4.324724396004259175e-01,4.371530235359517569e-01,4.417232430106062813e-01,4.461879518616469475e-01,4.505518905037830257e-01,4.548198315868756114e-01,4.589966636910057796e-01,4.630872895113417043e-01,4.670960015794764497e-01,4.710244642713052876e-01,4.748661972762706074e-01,4.785933101242147436e-01,4.821315805498163076e-01,4.853427822207611042e-01,4.881041757422201477e-01,4.905200895595295818e-01,4.929030017462153190e-01,4.954361618076440488e-01,4.980938694860322924e-01,5.007897626249787626e-01,5.034583732329955819e-01,5.060625979913592198e-01,5.085834599349966512e-01,5.110116532302058090e-01,5.133427451668377550e-01,5.155747174199678540e-01,5.177067399683186188e-01,5.197385606213663634e-01,5.216701993491736911e-01,5.235017946955383694e-01,5.252335270200347850e-01,5.268655809866090722e-01,5.283981281980143496e-01,5.298313199581586863e-01,5.311652836220884799e-01,5.324001458358033068e-01,5.335359845134561851e-01,5.345728752625978908e-01,5.355108791074159047e-01,5.363500452084758452e-01,5.370904128768071439e-01,5.377320132691599808e-01,5.382748708068818555e-01,5.387190043440448495e-01,5.390644281089859158e-01,5.393111524417550928e-01,5.394591843468306003e-01,5.395085278766753589e-01,5.394591843573340872e-01,5.393111524628825260e-01,5.390644281409736616e-01,5.387190043872526202e-01,5.382748708618088074e-01,5.377320133364535959e-01,5.370904129572899866e-01,5.363500453031639914e-01,5.355108792175528043e-01,5.345728753896943353e-01,5.335359846593543676e-01,5.324001460027295574e-01,5.311652838127881582e-01,5.298313201768555247e-01,5.283981284481630292e-01,5.268655812732827570e-01,5.252335273496312462e-01,5.235017950761615690e-01,5.216701997911905586e-01,5.197385611382042692e-01,5.177067405776399900e-01,5.155747181453378403e-01,5.133427460402829601e-01,5.110116542960285724e-01,5.085834612556487944e-01,5.060625996563771212e-01,5.034583753722179367e-01,5.007897654260184961e-01,4.980938732090938736e-01,4.954361667660396318e-01,4.929030081645651706e-01,4.905200972174143526e-01,4.881041836986229066e-01,4.853427893227486023e-01,4.821315862421948206e-01,4.785933144714096255e-01,4.748662005696201449e-01,4.710244667948571551e-01,4.670960035492120466e-01,4.630872910795292285e-01,4.589966649631555540e-01,4.548198326365047728e-01,4.505518913828624461e-01,4.461879526075621105e-01,4.417232436507141369e-01,4.371530240905903142e-01,4.324724400849231931e-01,4.276763561516237488e-01,4.227591676168912516e-01,4.177145711371531567e-01,4.125352156831685879e-01,4.072118969447192094e-01,4.017290565212769393e-01,3.960450929201625447e-01,3.902465613757911678e-01,3.842716069711597515e-01,3.780996104266116098e-01,3.717101704665902728e-01,3.650801618278258776e-01,3.581824283559044697e-01,3.509845658441831384e-01,3.434474818087835390e-01
1.021969696969696972e+00,3.441315923917097064e-01,3.517230741825163043e-01,3.589606930437824195e-01,3.658863049637151588e-01,3.725345325408080943e-01,3.789343620665901469e-01,3.851105204995683429e-01,3.910851006556608223e-01,3.968827522936774765e-01,4.025617142257317260e-01,4.080277409365897223e-01,4.133350938271114217e-01,4.184972014423636866e-01,4.235233825749590841e-01,4.284213132376924471e-01,4.331976623976197538e-01,4.378584159146105548e-01,4.424091086548879725e-01,4.468550209818907271e-01,4.512013522766028517e-01,4.554533524217610485e-01,4.596163328181877561e-01,4.636953327210262543e-01,4.676938491873768311e-01,4.716101549938798154e-01,4.754279297924664527e-01,4.790962537868366788e-01,4.825032067465042096e-01,4.854988293157587176e-01,4.880659494500785844e-01,4.904571855914293121e-01,4.929446811705750497e-01,4.955820070488849982e-01,4.982958508537528863e-01,5.010093008357602296e-01,5.036739479141973952e-01,5.062638603532851889e-01,5.087659643319529801e-01,5.111738586350016433e-01,5.134845020678299177e-01,5.156965313487140712e-01,5.178094159312528477e-01,5.198230316807935791e-01,5.217374444993192473e-01,5.235528003558326260e-01,5.252692699368458618e-01,5.268870216188528133e-01,5.284062091826480234e-01,5.298269671307092032e-01,5.311494096794556752e-01,5.323736283190702023e-01,5.334997227893957250e-01,5.345277423608207901e-01,5.354577405384564059e-01,5.362897595801686679e-01,5.370238329807459632e-01,5.376599870735021547e-01,5.381982423305170515e-01,5.386386144264928566e-01,5.389811150954095798e-01,5.392257528017011525e-01,5.393725332437750986e-01,5.394214597036226522e-01,5.393725332526339011e-01,5.392257528195166794e-01,5.389811151223691255e-01,5.386386144628999562e-01,5.381982423767729395e-01,5.376599871301376288e-01,5.370238330484231604e-01,5.362897596597118177e-01,5.354577406308714815e-01,5.345277424673219313e-01,5.334997229114656347e-01,5.323736284585418588e-01,5.311494098391558172e-01,5.298269673127701251e-01,5.284062093903071355e-01,5.268870218561310104e-01,5.252692702087565779e-01,5.235528006686765989e-01,5.217374448610920812e-01,5.198230321017792699e-01,5.178094164248363551e-01,5.156965319325973462e-01,5.134845027657950478e-01,5.111738594795879331e-01,5.087659653684794003e-01,5.062638616460308771e-01,5.036739495556888935e-01,5.010093029599763659e-01,4.982958536515070813e-01,4.955820107727552659e-01,4.929446860839599709e-01,4.904571917676671111e-01,4.880659564297095687e-01,4.854988361073063752e-01,4.825032125110552683e-01,4.790962582983773754e-01,4.754279332232446142e-01,4.716101576071573542e-01,4.676938512079085730e-01,4.636953343134134764e-01,4.596163340975709111e-01,4.554533534681871054e-01,4.512013531462591431e-01,4.468550217148318793e-01,4.424091092801730740e-01,4.378584164536586387e-01,4.331976628664503393e-01,4.284213136484060769e-01,4.235233829367443525e-01,4.184972017621111373e-01,4.133350941097515552e-01,4.080277411849601021e-01,4.025617144387679813e-01,3.968827552562865790e-01,3.910851088287475852e-01,3.851105339412698170e-01,3.789343805736169468e-01,3.725345557173133648e-01,3.658863322981270039e-01,3.589607239547425999e-01,3.517231080464583992e-01,3.441316285597129099e-01
1.025757575757575868e+00,3.448513551327673787e-01,3.525013838606414485e-01,3.597820600462439677e-01,3.667382099805292506e-01,3.734068347612420902e-01,3.798188863836002849e-01,3.860008425775964813e-01,3.919768256393762473e-01,3.977809407694251065e-01,4.034469707883054368e-01,4.088987199002962480e-01,4.141910924942510119e-01,4.193367598030989241e-01,4.243452882815238469e-01,4.292247291942404841e-01,4.339821535124356311e-01,4.386239634754848793e-01,4.431561308606616345e-01,4.475844016612110510e-01,4.519144669962326111e-01,4.561520546393576514e-01,4.603027953981572717e-01,4.643714683702229729e-01,4.683596129122217233e-01,4.722591236475649490e-01,4.760373347761333029e-01,4.796110983995462429e-01,4.828364246627502854e-01,4.856092681823495072e-01,4.880681606430279373e-01,4.905200647203563080e-01,4.931199182810315218e-01,4.958338097339307637e-01,4.985799795916530663e-01,5.012976155928510202e-01,5.039519368767301222e-01,5.065248284996255457e-01,5.090072051386757002e-01,5.113946201871593100e-01,5.136849743575281346e-01,5.158773507117998536e-01,5.179714230039905720e-01,5.199671532498044701e-01,5.218646363058807580e-01,5.236640201232034553e-01,5.253654654372290622e-01,5.269691261873569177e-01,5.284751408510834914e-01,5.298836294677867764e-01,5.311946935224906019e-01,5.324084170354758117e-01,5.335248655273772123e-01,5.345441126923642372e-01,5.354661925155473901e-01,5.362911401624755880e-01,5.370189843008144059e-01,5.376497471778496351e-01,5.381834458964228629e-01,5.386200934081062375e-01,5.389596993046216200e-01,5.392022704363584884e-01,5.393478113761376314e-01,5.393963247413445794e-01,5.393478113836032151e-01,5.392022704513664833e-01,5.389596993273308989e-01,5.386200934387557204e-01,5.381834459353437294e-01,5.376497472254704313e-01,5.370189843576794742e-01,5.362911402292466212e-01,5.354661925930411792e-01,5.345441127815622195e-01,5.335248656296855962e-01,5.324084171524872122e-01,5.311946936557035981e-01,5.298836296192972473e-01,5.284751410234768132e-01,5.269691263838151007e-01,5.253654656616872920e-01,5.236640203805721372e-01,5.218646366023588223e-01,5.199671535932862687e-01,5.179714234046853827e-01,5.158773511830732073e-01,5.136849749171623625e-01,5.113946208592115017e-01,5.090072059562882334e-01,5.065248295092702469e-01,5.039519381446747603e-01,5.012976172146834664e-01,4.985799817049245686e-01,4.958338125295945198e-01,4.931199219931940991e-01,4.905200695357287977e-01,4.880681664560430066e-01,4.856092743551595481e-01,4.828364303071591146e-01,4.796111030050003721e-01,4.760373383281336079e-01,4.722591263502414760e-01,4.683596149860332347e-01,4.643714699888591979e-01,4.603027966859954967e-01,4.561520556831894502e-01,4.519144678567093565e-01,4.475844023812449723e-01,4.431561314711034982e-01,4.386239639988915306e-01,4.339821539655475680e-01,4.292247295896263748e-01,4.243452886286860903e-01,4.193367601091964603e-01,4.141910927645052198e-01,4.088987201380445691e-01,4.034469709940997628e-01,3.977809417520692392e-01,3.919768311088190349e-01,3.860008528783707704e-01,3.798189014802482166e-01,3.734068543507108040e-01,3.667382336080788341e-01,3.597820871676748467e-01,3.525014138779057338e-01,3.448513874152874248e-01
1.029545454545454763e+00,3.456123421104305704e-01,3.533252985675965352e-01,3.606525016464263711e-01,3.676419744463086947e-01,3.743332723493162928e-01,3.807594653062092993e-01,3.869489661888067533e-01,3.929284851723673366e-01,3.987691043392886936e-01,4.043922427943176801e-01,4.098313652373403726e-01,4.151097080122417293e-01,4.202397601368571545e-01,4.252314323307870847e-01,4.300931980374005370e-01,4.348325684363605892e-01,4.394564004518634048e-01,4.439711430029749106e-01,4.483830460632940995e-01,4.526983131727478904e-01,4.569231067008989733e-01,4.610631452830167842e-01,4.651222109262406201e-01,4.690978930329461338e-01,4.729710072660010534e-01,4.766840550553365641e-01,4.801169809732832028e-01,4.831250217686645088e-01,4.857207239160835632e-01,4.881706459425770861e-01,4.907241815437981547e-01,4.934189529400425656e-01,4.961829841278512232e-01,4.989442225708149992e-01,5.016571887246572548e-01,5.042971502628574854e-01,5.068513902058652265e-01,5.093135379728638279e-01,5.116804812999370400e-01,5.139507689563066473e-01,5.161237930784785544e-01,5.181993688405277521e-01,5.201775168348629075e-01,5.220583499990512077e-01,5.238420151738302222e-01,5.255286635351500424e-01,5.271184363901744163e-01,5.286114591414358133e-01,5.300078395365797057e-01,5.313076680861819057e-01,5.325110194729583135e-01,5.336179542001937559e-01,5.346285183956702713e-01,5.355427651779139930e-01,5.363607187614608529e-01,5.370824002739169600e-01,5.377078286125995810e-01,5.382370180198354781e-01,5.386699791114968328e-01,5.390067196327359422e-01,5.392472450384520055e-01,5.393915589263930110e-01,5.394396633374893835e-01,5.393915589326279125e-01,5.392472450509875337e-01,5.390067196516933334e-01,5.386699791370781476e-01,5.382370180523035064e-01,5.377078286522982697e-01,5.370824003212902875e-01,5.363607188170382845e-01,5.355427652423478957e-01,5.346285184700025894e-01,5.336179542853490831e-01,5.325110195699532811e-01,5.313076681963875281e-01,5.300078396616735299e-01,5.286114592834574299e-01,5.271184365516207171e-01,5.255286637190942356e-01,5.238420153840849247e-01,5.220583502403915999e-01,5.201775171133408149e-01,5.181993691638946409e-01,5.161237934568042585e-01,5.139507694028583318e-01,5.116804818324841575e-01,5.093135386156167899e-01,5.068513909923941796e-01,5.042971512405525214e-01,5.016571899613666563e-01,4.989442241643117226e-01,4.961829862169860883e-01,4.934189557094585399e-01,4.907241851924719622e-01,4.881706505513508931e-01,4.857207292006922583e-01,4.831250270233999333e-01,4.801169855245158158e-01,4.766840586651861500e-01,4.729710100302414455e-01,4.690978951447741796e-01,4.651222125605091740e-01,4.610631465708724952e-01,4.569231077350773274e-01,4.526983140180566023e-01,4.483830467653057150e-01,4.439711435942046425e-01,4.394564009558780682e-01,4.348325688705166892e-01,4.300931984146423859e-01,4.252314326608634953e-01,4.202397604271045362e-01,4.151097082680807460e-01,4.098313654624510249e-01,4.043922429902102045e-01,3.987691045003709522e-01,3.929284882925581646e-01,3.869489735911979533e-01,3.807594771850195681e-01,3.743332885169843860e-01,3.676419945157868852e-01,3.606525251166753931e-01,3.533253248697285631e-01,3.456123706345823332e-01
1.033333333333333437e+00,3.463908327411563959e-01,3.541708999420675186e-01,3.615478609045563729e-01,3.685731794602322142e-01,3.752891552129345998e-01,3.817311459903107718e-01,3.879297353882003030e-01,3.939152836130457302e-01,3.997628273150340972e-01,4.053717748211095318e-01,4.107993080165601718e-01,4.160642684631654653e-01,4.211792684880233395e-01,4.261546391522225696e-01,4.309993210916129858e-01,4.357213053951491388e-01,4.403279439771363157e-01,4.448262032793558474e-01,4.492228686985159092e-01,4.535246495331398675e-01,4.577380174650258482e-01,4.618683258170619421e-01,4.659170658869006276e-01,4.698746374008992976e-01,4.737040365752923088e-01,4.773146532451171820e-01,4.805596396294051775e-01,4.833531304986782295e-01,4.858580980780057845e-01,4.883723671132076394e-01,4.910304625686452984e-01,4.937947000659030361e-01,4.965875619383065542e-01,4.993517402684978790e-01,5.020540698613282782e-01,5.046769743642852690e-01,5.072114605970128309e-01,5.096530251436152126e-01,5.119994797785325513e-01,5.142498259768815139e-01,5.164036730886624182e-01,5.184609355229509164e-01,5.204216741141870495e-01,5.222860129372609572e-01,5.240540961147419630e-01,5.257260660352199855e-01,5.273020530877358114e-01,5.287821715663817423e-01,5.301665188235494819e-01,5.314551760626812227e-01,5.326482098787355124e-01,5.337456740384531884e-01,5.347476111245743624e-01,5.356540525513776574e-01,5.364650366093357547e-01,5.371805803701510396e-01,5.378006946388942389e-01,5.383253913878297547e-01,5.387546792625020897e-01,5.390885644263071486e-01,5.393270511310831461e-01,5.394701421311012268e-01,5.395178389677172115e-01,5.394701421363738980e-01,5.393270511416760060e-01,5.390885644423275558e-01,5.387546792841089172e-01,5.383253914152422714e-01,5.378006946723983273e-01,5.371805804100977522e-01,5.364650366561637407e-01,5.356540526058567453e-01,5.347476111872569993e-01,5.337456741100322644e-01,5.326482099601339559e-01,5.314551761550093678e-01,5.301665189281600243e-01,5.287821716849062659e-01,5.273020532221632806e-01,5.257260661879880059e-01,5.240540962888537990e-01,5.222860131364595038e-01,5.204216743431822056e-01,5.184609357877362212e-01,5.164036733969561421e-01,5.142498263387661472e-01,5.119994802073830620e-01,5.096530256574697271e-01,5.072114612206058970e-01,5.046769751321728004e-01,5.020540708225345039e-01,4.993517414933897891e-01,4.965875635277132716e-01,4.937947021596283403e-01,4.910304653398622210e-01,4.883723707092549882e-01,4.858581024522805603e-01,4.833531352202102838e-01,4.805596440336572517e-01,4.773146568970500492e-01,4.737040394195411452e-01,4.698746395756846495e-01,4.659170675590944000e-01,4.618683271230299980e-01,4.577380185040135219e-01,4.535246503749505997e-01,4.492228693921072602e-01,4.448262038594121281e-01,4.403279444686058475e-01,4.357213058162621167e-01,4.309993214558627272e-01,4.261546394697238727e-01,4.211792687663762358e-01,4.160642687080164936e-01,4.107993082318933120e-01,4.053717750090690131e-01,3.997628274738931897e-01,3.939152848243596128e-01,3.879297401635660170e-01,3.817311548588216419e-01,3.752891681334711849e-01,3.685731961270893864e-01,3.615478808670476440e-01,3.541709226647262732e-01,3.463908576375693271e-01
