nan,-5.000000000000000000e+00,-4.864864864864864913e+00,-4.729729729729729826e+00,-4.594594594594594739e+00,-4.459459459459459651e+00,-4.324324324324324564e+00,-4.189189189189189477e+00,-4.054054054054054390e+00,-3.918918918918918859e+00,-3.783783783783783772e+00,-3.648648648648648685e+00,-3.513513513513513153e+00,-3.378378378378378066e+00,-3.243243243243242979e+00,-3.108108108108107892e+00,-2.972972972972972805e+00,-2.837837837837837718e+00,-2.702702702702702631e+00,-2.567567567567567544e+00,-2.432432432432432456e+00,-2.297297297297297369e+00,-2.162162162162161838e+00,-2.027027027027026751e+00,-1.891891891891891664e+00,-1.756756756756756577e+00,-1.621621621621621490e+00,-1.486486486486486402e+00,-1.351351351351351315e+00,-1.216216216216215784e+00,-1.081081081081080697e+00,-9.459459459459456099e-01,-8.108108108108105228e-01,-6.756756756756754356e-01,-5.405405405405403485e-01,-4.054054054054052614e-01,-2.702702702702701743e-01,-1.351351351351350871e-01,0.000000000000000000e+00,1.351351351351350871e-01,2.702702702702701743e-01,4.054054054054052614e-01,5.405405405405412367e-01,6.756756756756763238e-01,8.108108108108114109e-01,9.459459459459464981e-01,1.081081081081081585e+00,1.216216216216216672e+00,1.351351351351351759e+00,1.486486486486486847e+00,1.621621621621621934e+00,1.756756756756757021e+00,1.891891891891892108e+00,2.027027027027027195e+00,2.162162162162162282e+00,2.297297297297297369e+00,2.432432432432432456e+00,2.567567567567568432e+00,2.702702702702703519e+00,2.837837837837838606e+00,2.972972972972973693e+00,3.108108108108108780e+00,3.243243243243243867e+00,3.378378378378378954e+00,3.513513513513514042e+00,3.648648648648649129e+00,3.783783783783784216e+00,3.918918918918919303e+00,4.054054054054054390e+00,4.189189189189189477e+00,4.324324324324324564e+00,4.459459459459459651e+00,4.594594594594594739e+00,4.729729729729729826e+00,4.864864864864864913e+00,5.000000000000000000e+00
5.636363636363636020e-01,3.983389785280783829e-02,3.997861665620826982e-02,4.012173278661700787e-02,4.026362978180786367e-02,4.040486133871577096e-02,4.054617703029404080e-02,4.068855234520526998e-02,4.083322398746021265e-02,4.098173163042764106e-02,4.113596765722094678e-02,4.129823686292685703e-02,4.147132867776968934e-02,4.165860524126097780e-02,4.186410968448812941e-02,4.209270037308668333e-02,4.235021884164234807e-02,4.264370220273312057e-02,4.298165626072453227e-02,4.337441744673289912e-02,4.383466410664434154e-02,4.437824855447371902e-02,4.502602242290004719e-02,4.581116007735608342e-02,4.698349244718742768e-02,4.824606164965078436e-02,4.963162182060251726e-02,5.115348489572599244e-02,5.277577463925239160e-02,5.442245990040377179e-02,5.597878561905107742e-02,5.730716511023520310e-02,5.828303667903462354e-02,5.884091738936476912e-02,5.900595186104549972e-02,5.888902457883185559e-02,5.864700545519273278e-02,5.843122495369787450e-02,5.834689890884219021e-02,5.843122495369788838e-02,5.864700545519270503e-02,5.888902457883202213e-02,5.900595186104537482e-02,5.884091738936466504e-02,5.828303667903458191e-02,5.730716511023503656e-02,5.597878561905082068e-02,5.442245990040379955e-02,5.277577463925202383e-02,5.115348489572583285e-02,4.963162182060246869e-02,4.824606164965083294e-02,4.698349244718719869e-02,4.581116007735592383e-02,4.502602242290000556e-02,4.437824855447378147e-02,4.383466410664443175e-02,4.337441744673294075e-02,4.298165626072452533e-02,4.264370220273303730e-02,4.235021884164245909e-02,4.209270037308680129e-02,4.186410968448824044e-02,4.165860524126091535e-02,4.147132867776977955e-02,4.129823686292707213e-02,4.113596765722105086e-02,4.098173163042760636e-02,4.083322398746024734e-02,4.068855234520543651e-02,4.054617703029409631e-02,4.040486133871591667e-02,4.026362978180784286e-02,4.012173278661701481e-02,3.997861665620828370e-02,3.983389785280776890e-02
5.699836199836199047e-01,4.534774717049925435e-02,4.542797070424545863e-02,4.550484970184454775e-02,4.557853939900090995e-02,4.564937966056037411e-02,4.571792690415307087e-02,4.578499205420476920e-02,4.585168583290294420e-02,4.591947302039777606e-02,4.599023772784759101e-02,4.606636224330926122e-02,4.615082265380728715e-02,4.624730524337133941e-02,4.636034865699270591e-02,4.649551810129304297e-02,4.665961973114243766e-02,4.686096690901413869e-02,4.710971902066025951e-02,4.741834237666427143e-02,4.780235271090806093e-02,4.828201938553423195e-02,4.888959349752716732e-02,4.988857281511157454e-02,5.094276484915561537e-02,5.205790019350822750e-02,5.323725931534248335e-02,5.442381711040672476e-02,5.552506524080823985e-02,5.642742315674793147e-02,5.702355417268401006e-02,5.724810866764797057e-02,5.710528575285214042e-02,5.667153354384087821e-02,5.607165429444115751e-02,5.544315494302049646e-02,5.490661643493279648e-02,5.455017593651139557e-02,5.442571693958116186e-02,5.455017593651160374e-02,5.490661643493269239e-02,5.544315494302066993e-02,5.607165429444152527e-02,5.667153354384167618e-02,5.710528575285213349e-02,5.724810866764764444e-02,5.702355417268384352e-02,5.642742315674773718e-02,5.552506524080830924e-02,5.442381711040669701e-02,5.323725931534239314e-02,5.205790019350819975e-02,5.094276484915553904e-02,4.988857281511157454e-02,4.888959349752722283e-02,4.828201938553437766e-02,4.780235271090808175e-02,4.741834237666436858e-02,4.710971902066029421e-02,4.686096690901409012e-02,4.665961973114253480e-02,4.649551810129310542e-02,4.636034865699285162e-02,4.624730524337154064e-02,4.615082265380738430e-02,4.606636224330916407e-02,4.599023772784744529e-02,4.591947302039769974e-02,4.585168583290296501e-02,4.578499205420493573e-02,4.571792690415302229e-02,4.564937966056021451e-02,4.557853939900115975e-02,4.550484970184428407e-02,4.542797070424549333e-02,4.534774717049919190e-02
5.763308763308763183e-01,5.139506220214000443e-02,5.141053808476580417e-02,5.142302639793040753e-02,5.143269699088953706e-02,5.143994348048304410e-02,5.144542117135652431e-02,5.145009178013185830e-02,5.145527626246242797e-02,5.146271729272852008e-02,5.147465322029771279e-02,5.149390559907327664e-02,5.152398261065350288e-02,5.156920080098068015e-02,5.163482744884057007e-02,5.172724564590205909e-02,5.185414457624307888e-02,5.202474224438349143e-02,5.225007239346308313e-02,5.254347847073186084e-02,5.292200881852123645e-02,5.341336563177372793e-02,5.428426105474416785e-02,5.514511991837339061e-02,5.596664861364557958e-02,5.675108621329644915e-02,5.743200373933948777e-02,5.792419125484141867e-02,5.814778714234067336e-02,5.805473617417125642e-02,5.764864864506837744e-02,5.698726994226778475e-02,5.616604618643351865e-02,5.529247820225390714e-02,5.446395224141954011e-02,5.375594761793209275e-02,5.322009150324148730e-02,5.288781233264970572e-02,5.277539654298636640e-02,5.288781233264969878e-02,5.322009150324167465e-02,5.375594761793223153e-02,5.446395224141956093e-02,5.529247820225373367e-02,5.616604618643343538e-02,5.698726994226768761e-02,5.764864864506836356e-02,5.805473617417127030e-02,5.814778714234067336e-02,5.792419125484125908e-02,5.743200373933956410e-02,5.675108621329654629e-02,5.596664861364571836e-02,5.514511991837327959e-02,5.428426105474407765e-02,5.341336563177374874e-02,5.292200881852123645e-02,5.254347847073190941e-02,5.225007239346326354e-02,5.202474224438339429e-02,5.185414457624319684e-02,5.172724564590208685e-02,5.163482744884070885e-02,5.156920080098086751e-02,5.152398261065358614e-02,5.149390559907319337e-02,5.147465322029764340e-02,5.146271729272827722e-02,5.145527626246236552e-02,5.145009178013197626e-02,5.144542117135655901e-02,5.143994348048281512e-02,5.143269699088957869e-02,5.142302639793028263e-02,5.141053808476589437e-02,5.139506220214008075e-02
5.826781326781326209e-01,5.773359736946682280e-02,5.767543556665751664e-02,5.761643114462504378e-02,5.755712099401381204e-02,5.749834075266687522e-02,5.744126758776006703e-02,5.738746855684050824e-02,5.733895504563709528e-02,5.729824364296653288e-02,5.726842348131665900e-02,5.725322939594923444e-02,5.725711901092022521e-02,5.728534976432082121e-02,5.734404875642436228e-02,5.744026474627214607e-02,5.758199157610310870e-02,5.777817285034418660e-02,5.803881175818063898e-02,5.837588569515147346e-02,5.880964268869488809e-02,5.959581495719609712e-02,6.032656090535537530e-02,6.088663188490436862e-02,6.131161947547129898e-02,6.154496184043869306e-02,6.153041283661677546e-02,6.123685041467048090e-02,6.067334707021940221e-02,5.989044515079465503e-02,5.896730526239275100e-02,5.799178797488874215e-02,5.704287936073714621e-02,5.618103565433141960e-02,5.544653918051449526e-02,5.486285629193811408e-02,5.444176054243349966e-02,5.418812812929630490e-02,5.410348998967720591e-02,5.418812812929612449e-02,5.444176054243325680e-02,5.486285629193851654e-02,5.544653918051457159e-02,5.618103565433154450e-02,5.704287936073725029e-02,5.799178797488873521e-02,5.896730526239281345e-02,5.989044515079463421e-02,6.067334707021927037e-02,6.123685041467082785e-02,6.153041283661658117e-02,6.154496184043842244e-02,6.131161947547102142e-02,6.088663188490423678e-02,6.032656090535550020e-02,5.959581495719606242e-02,5.880964268869490891e-02,5.837588569515152204e-02,5.803881175818059041e-02,5.777817285034420047e-02,5.758199157610284502e-02,5.744026474627211137e-02,5.734404875642414717e-02,5.728534976432080039e-02,5.725711901092030154e-02,5.725322939594942179e-02,5.726842348131677696e-02,5.729824364296653288e-02,5.733895504563692180e-02,5.738746855684086906e-02,5.744126758776033764e-02,5.749834075266681277e-02,5.755712099401390919e-02,5.761643114462528664e-02,5.767543556665778032e-02,5.773359736946662851e-02
5.890253890253890345e-01,6.407563802737915870e-02,6.393674076902555736e-02,6.380153222168669092e-02,6.367140330344894794e-02,6.354812764683928639e-02,6.343389588053235939e-02,6.333134960111928835e-02,6.324361348946369588e-02,6.317432300105307874e-02,6.312764334116539866e-02,6.310827263964739753e-02,6.312141790290350107e-02,6.317272613095684108e-02,6.326814566723104605e-02,6.341368916313627757e-02,6.361508889606230788e-02,6.387745429732188951e-02,6.420561683831393918e-02,6.460935402538339756e-02,6.518907313735688991e-02,6.595557102462606958e-02,6.628331949736353257e-02,6.640064019877635337e-02,6.627859408935907193e-02,6.590072158510655587e-02,6.528171369622451370e-02,6.446920603840156083e-02,6.353339330432743182e-02,6.255066547464960269e-02,6.158886156281578178e-02,6.069889270251805496e-02,5.991314500025966133e-02,5.924835498982194276e-02,5.871023794633894316e-02,5.829800994474722275e-02,5.800796815890626318e-02,5.783597647406291814e-02,5.777901026087708947e-02,5.783597647406298059e-02,5.800796815890615216e-02,5.829800994474755582e-02,5.871023794633874193e-02,5.924835498982208154e-02,5.991314500025957807e-02,6.069889270251788843e-02,6.158886156281562912e-02,6.255066547464947779e-02,6.353339330432751508e-02,6.446920603840158859e-02,6.528171369622455533e-02,6.590072158510673628e-02,6.627859408935911356e-02,6.640064019877640888e-02,6.628331949736356032e-02,6.595557102462600019e-02,6.518907313735694542e-02,6.460935402538335592e-02,6.420561683831386979e-02,6.387745429732194502e-02,6.361508889606225237e-02,6.341368916313609716e-02,6.326814566723105993e-02,6.317272613095710476e-02,6.312141790290345944e-02,6.310827263964734202e-02,6.312764334116519049e-02,6.317432300105312037e-02,6.324361348946365424e-02,6.333134960111914957e-02,6.343389588053237327e-02,6.354812764683918924e-02,6.367140330344887855e-02,6.380153222168696847e-02,6.393674076902523817e-02,6.407563802737914482e-02
5.953726453726453371e-01,6.993613276498396314e-02,6.973416361984054179e-02,6.954455377545012973e-02,6.936996252820969155e-02,6.921341447022817672e-02,6.907829230381302976e-02,6.896831911341333443e-02,6.888752546396199883e-02,6.884019389032462743e-02,6.883076894099024456e-02,6.886371444864436420e-02,6.894329102847665536e-02,6.907321746562922193e-02,6.925617628393289371e-02,6.949314894329365611e-02,6.978269686294007179e-02,7.012085558892071357e-02,7.050520803127566238e-02,7.098418838075348791e-02,7.168259158146969567e-02,7.181501944266854842e-02,7.169653550537707920e-02,7.133608019088327756e-02,7.075525682468827848e-02,6.999984314316229361e-02,6.913307307630120468e-02,6.822258862517267819e-02,6.732814387898609920e-02,6.649430957376580020e-02,6.574884559986689248e-02,6.510502211284596719e-02,6.456562925623407501e-02,6.412702105710742229e-02,6.378238971469635255e-02,6.352408638137314878e-02,6.334511529952152609e-02,6.324002185018343103e-02,6.320537909387934083e-02,6.324002185018329225e-02,6.334511529952165099e-02,6.352408638137319041e-02,6.378238971469643581e-02,6.412702105710747780e-02,6.456562925623397786e-02,6.510502211284596719e-02,6.574884559986680921e-02,6.649430957376593898e-02,6.732814387898596042e-02,6.822258862517241451e-02,6.913307307630153775e-02,6.999984314316244627e-02,7.075525682468875033e-02,7.133608019088319430e-02,7.169653550537666287e-02,7.181501944266893700e-02,7.168259158146973731e-02,7.098418838075346016e-02,7.050520803127544034e-02,7.012085558892064419e-02,6.978269686294007179e-02,6.949314894329361447e-02,6.925617628393272718e-02,6.907321746562924969e-02,6.894329102847665536e-02,6.886371444864435032e-02,6.883076894099011966e-02,6.884019389032501601e-02,6.888752546396209597e-02,6.896831911341338994e-02,6.907829230381312691e-02,6.921341447022792692e-02,6.936996252820976094e-02,6.954455377545001871e-02,6.973416361984051404e-02,6.993613276498376885e-02
6.017199017199017508e-01,7.528584660936787909e-02,7.510564098241896691e-02,7.495148346396801609e-02,7.482675704128025074e-02,7.473496073697924458e-02,7.467964389884630683e-02,7.466432198557106104e-02,7.469236302537712868e-02,7.476682777945972691e-02,7.489023852038043105e-02,7.506424203929927541e-02,7.528912536354689933e-02,7.556314747110538799e-02,7.588169319702961491e-02,7.623640960206119754e-02,7.661500168103133057e-02,7.700458576596322380e-02,7.742232938394097430e-02,7.805343239960110813e-02,7.806767851656558344e-02,7.782885582423519633e-02,7.738165550578099405e-02,7.677172128768224024e-02,7.605503173950857454e-02,7.529017979622563972e-02,7.452919219696201025e-02,7.381157248518252501e-02,7.316262109456302121e-02,7.259499070422609224e-02,7.211180208934685198e-02,7.170997111649236866e-02,7.138301413377133586e-02,7.112310280050140876e-02,7.092242252956731940e-02,7.077399603311858300e-02,7.067214220247697298e-02,7.061270898069973989e-02,7.059317875038438606e-02,7.061270898069972601e-02,7.067214220247669543e-02,7.077399603311798626e-02,7.092242252956733328e-02,7.112310280050153366e-02,7.138301413377133586e-02,7.170997111649260458e-02,7.211180208934675484e-02,7.259499070422588407e-02,7.316262109456324325e-02,7.381157248518230296e-02,7.452919219696188535e-02,7.529017979622577850e-02,7.605503173950840801e-02,7.677172128768224024e-02,7.738165550578077201e-02,7.782885582423500204e-02,7.806767851656555568e-02,7.805343239960098323e-02,7.742232938394079389e-02,7.700458576596323768e-02,7.661500168103131669e-02,7.623640960206121142e-02,7.588169319702932347e-02,7.556314747110520758e-02,7.528912536354691321e-02,7.506424203929902561e-02,7.489023852038048656e-02,7.476682777945983793e-02,7.469236302537714256e-02,7.466432198557111655e-02,7.467964389884622356e-02,7.473496073697914743e-02,7.482675704128020910e-02,7.495148346396821037e-02,7.510564098241893916e-02,7.528584660936812889e-02
6.080671580671580534e-01,8.069187114263581817e-02,8.069796716944209469e-02,8.074275107693712483e-02,8.082816411601564943e-02,8.095605131845722002e-02,8.112806362554442208e-02,8.134552115177626219e-02,8.160921452036720702e-02,8.191911389724497450e-02,8.227394973855946259e-02,8.267063118192673199e-02,8.310349047758155971e-02,8.356341247865442523e-02,8.403708834244873194e-02,8.450709830931234234e-02,8.495513157193482212e-02,8.538228911498277340e-02,8.600208018374930208e-02,8.601139090604631443e-02,8.579010527449860979e-02,8.540393409536671532e-02,8.490281831755901176e-02,8.433583784307718823e-02,8.374739647054371683e-02,8.317309567031988538e-02,8.263794580558889158e-02,8.215685627700387850e-02,8.173649959157777700e-02,8.137762676850168742e-02,8.107722401570535697e-02,8.083023364834028557e-02,8.063079037170617358e-02,8.047303888197385180e-02,8.035163558011929053e-02,8.026203323180823579e-02,8.020062782381422173e-02,8.016482494094645528e-02,8.015306411122691266e-02,8.016482494094620548e-02,8.020062782381434663e-02,8.026203323180844396e-02,8.035163558011945706e-02,8.047303888197386568e-02,8.063079037170645114e-02,8.083023364834032720e-02,8.107722401570519044e-02,8.137762676850164578e-02,8.173649959157763822e-02,8.215685627700376747e-02,8.263794580558873892e-02,8.317309567031980211e-02,8.374739647054353642e-02,8.433583784307750741e-02,8.490281831755906727e-02,8.540393409536674307e-02,8.579010527449855428e-02,8.601139090604634219e-02,8.600208018374916330e-02,8.538228911498289830e-02,8.495513157193505804e-02,8.450709830931242561e-02,8.403708834244885684e-02,8.356341247865459176e-02,8.310349047758122665e-02,8.267063118192644056e-02,8.227394973855965687e-02,8.191911389724482184e-02,8.160921452036706825e-02,8.134552115177595688e-02,8.112806362554422779e-02,8.095605131845708125e-02,8.082816411601578821e-02,8.074275107693711095e-02,8.069796716944191428e-02,8.069187114263559613e-02
6.144144144144143560e-01,8.614689528991001377e-02,8.638428876693440839e-02,8.666843949207499176e-02,8.699880818561646356e-02,8.737484349424405605e-02,8.779580289576419116e-02,8.826048956809706691e-02,8.876687769111021864e-02,8.931160037279253783e-02,8.988928909928713129e-02,9.049179496690579194e-02,9.110741299233275636e-02,9.172041259870870877e-02,9.231155747927567712e-02,9.286141080973045470e-02,9.336505592221966410e-02,9.405212256691966588e-02,9.414127472648682604e-02,9.402190609066453375e-02,9.376459123433222853e-02,9.341015684197458147e-02,9.299543466030099625e-02,9.255284279722547636e-02,9.210870998058356962e-02,9.168253774217315077e-02,9.128731663505888771e-02,9.093052650959085326e-02,9.061541036178992481e-02,9.034222593663866763e-02,9.010931646610238765e-02,8.991394692427158442e-02,8.975291455284564734e-02,8.962297084059649144e-02,8.952109938013996793e-02,8.944469046628730768e-02,8.939164558312141795e-02,8.936043659229846170e-02,8.935013700541907800e-02,8.936043659229869762e-02,8.939164558312122366e-02,8.944469046628686359e-02,8.952109938013981527e-02,8.962297084059642205e-02,8.975291455284545306e-02,8.991394692427155666e-02,9.010931646610216561e-02,9.034222593663855660e-02,9.061541036178988318e-02,9.093052650959099203e-02,9.128731663505865179e-02,9.168253774217334506e-02,9.210870998058348635e-02,9.255284279722517105e-02,9.299543466030103789e-02,9.341015684197502555e-02,9.376459123433227016e-02,9.402190609066425619e-02,9.414127472648672890e-02,9.405212256691966588e-02,9.336505592221973349e-02,9.286141080973024653e-02,9.231155747927546895e-02,9.172041259870854224e-02,9.110741299233281187e-02,9.049179496690586133e-02,8.988928909928717292e-02,8.931160037279228803e-02,8.876687769111031578e-02,8.826048956809692814e-02,8.779580289576423280e-02,8.737484349424405605e-02,8.699880818561667173e-02,8.666843949207511666e-02,8.638428876693436675e-02,8.614689528991015255e-02
6.207616707616707696e-01,8.413550451006697461e-02,8.435881899267133610e-02,8.463696873837626977e-02,8.496941653999419419e-02,8.535539572625575055e-02,8.579364365864995678e-02,8.628203137195360195e-02,8.681707371489873204e-02,8.739332196640746397e-02,8.800268100806810101e-02,8.863377096853213011e-02,8.927159436436514495e-02,8.989804333782393242e-02,9.049453197072675203e-02,9.105205817709724481e-02,9.169801416966294472e-02,9.199940634307268716e-02,9.200736546973357910e-02,9.189002391298765893e-02,9.167103468189727322e-02,9.137380707025623272e-02,9.102188850528412922e-02,9.063744779673479912e-02,9.023991133553857513e-02,8.984517477113002082e-02,8.946539890204865952e-02,8.910924544268959691e-02,8.878237362333754601e-02,8.848804344049267245e-02,8.822771784086451408e-02,8.800160182820221388e-02,8.780909162459624162e-02,8.764912980148381605e-02,8.752047475191315762e-02,8.742189811037100189e-02,8.735232454729101315e-02,8.731092682370050762e-02,8.729718638559934296e-02,8.731092682370059088e-02,8.735232454729086049e-02,8.742189811037073821e-02,8.752047475191317150e-02,8.764912980148331645e-02,8.780909162459604733e-02,8.800160182820222776e-02,8.822771784086463898e-02,8.848804344049254755e-02,8.878237362333783744e-02,8.910924544268969405e-02,8.946539890204881218e-02,8.984517477113017347e-02,9.023991133553894983e-02,9.063744779673514607e-02,9.102188850528401820e-02,9.137380707025628823e-02,9.167103468189710669e-02,9.189002391298781158e-02,9.200736546973359298e-02,9.199940634307279819e-02,9.169801416966294472e-02,9.105205817709736971e-02,9.049453197072679367e-02,8.989804333782351609e-02,8.927159436436496454e-02,8.863377096853217174e-02,8.800268100806803162e-02,8.739332196640732520e-02,8.681707371489863490e-02,8.628203137195328276e-02,8.579364365864983188e-02,8.535539572625608362e-02,8.496941653999415256e-02,8.463696873837607548e-02,8.435881899267116957e-02,8.413550451006682196e-02
6.271089271089270722e-01,6.095404771074476591e-02,6.114631664111611770e-02,6.138569790277855626e-02,6.167308672649065432e-02,6.200903577895992141e-02,6.239342398547442770e-02,6.282499593874518728e-02,6.330075378377623962e-02,6.381520864572902407e-02,6.435955576363854014e-02,6.492095030327188487e-02,6.548227920054956741e-02,6.602333636708490605e-02,6.652639803317955680e-02,6.701415256604802140e-02,6.741261053431348016e-02,6.742212214609938359e-02,6.727810528445191118e-02,6.699503665671367736e-02,6.659245097891922094e-02,6.609553667237962060e-02,6.553247782792240295e-02,6.493138531436559724e-02,6.431777649476320968e-02,6.371299311163766688e-02,6.313357107467078289e-02,6.259135676095617384e-02,6.209409102155492161e-02,6.164620774251452356e-02,6.124966397051129219e-02,6.090469338052960369e-02,6.061043426107881604e-02,6.036542219587105740e-02,6.016795899684083265e-02,6.001637842599383266e-02,5.990923073318089875e-02,5.984540562020112392e-02,5.982420915660871530e-02,5.984540562020115168e-02,5.990923073318077385e-02,6.001637842599373551e-02,6.016795899684099919e-02,6.036542219587116148e-02,6.061043426107885074e-02,6.090469338052927062e-02,6.124966397051143790e-02,6.164620774251452356e-02,6.209409102155513671e-02,6.259135676095582690e-02,6.313357107467096330e-02,6.371299311163786117e-02,6.431777649476334846e-02,6.493138531436541683e-02,6.553247782792230580e-02,6.609553667237959285e-02,6.659245097891931808e-02,6.699503665671363573e-02,6.727810528445189731e-02,6.742212214609935583e-02,6.741261053431327199e-02,6.701415256604795201e-02,6.652639803317902945e-02,6.602333636708483666e-02,6.548227920054985884e-02,6.492095030327171834e-02,6.435955576363856789e-02,6.381520864572899632e-02,6.330075378377629514e-02,6.282499593874496524e-02,6.239342398547467750e-02,6.200903577895986590e-02,6.167308672649070289e-02,6.138569790277866034e-02,6.114631664111618709e-02,6.095404771074466183e-02
6.334561834561834859e-01,5.154575811827195875e-02,5.170905155261584091e-02,5.192510081873243782e-02,5.219497295322091807e-02,5.251888145043522027e-02,5.289551501134659439e-02,5.332111430217639780e-02,5.378828574315311362e-02,5.428462485878689237e-02,5.479138640654008380e-02,5.528271504749167342e-02,5.572638561108437388e-02,5.608798319616847133e-02,5.634775709429633295e-02,5.661435225212741590e-02,5.643631942436654753e-02,5.603454813106594629e-02,5.545823255758142167e-02,5.475318713867532300e-02,5.396668821680887518e-02,5.314296858702768911e-02,5.231927991175986531e-02,5.152399854458027117e-02,5.077661108573008897e-02,5.008889752708769322e-02,4.946662307302917422e-02,4.891125303256238510e-02,4.842143212378081929e-02,4.799413857041340964e-02,4.762552153373909164e-02,4.731147415348060242e-02,4.704800529180176022e-02,4.683146772973303951e-02,4.665868936420365654e-02,4.652704220099804916e-02,4.643447384830162727e-02,4.637951834551361924e-02,4.636129733413255072e-02,4.637951834551366781e-02,4.643447384830185626e-02,4.652704220099806304e-02,4.665868936420364266e-02,4.683146772973295624e-02,4.704800529180180879e-02,4.731147415348051916e-02,4.762552153373911246e-02,4.799413857041337494e-02,4.842143212378077766e-02,4.891125303256230183e-02,4.946662307302910483e-02,5.008889752708750587e-02,5.077661108573008203e-02,5.152399854458009770e-02,5.231927991175987919e-02,5.314296858702767523e-02,5.396668821680900702e-02,5.475318713867513565e-02,5.545823255758121351e-02,5.603454813106586996e-02,5.643631942436645732e-02,5.661435225212736039e-02,5.634775709429626356e-02,5.608798319616845052e-02,5.572638561108415184e-02,5.528271504749170118e-02,5.479138640654003523e-02,5.428462485878670502e-02,5.378828574315320382e-02,5.332111430217630760e-02,5.289551501134646949e-02,5.251888145043486639e-02,5.219497295322107766e-02,5.192510081873229905e-02,5.170905155261557029e-02,5.154575811827207671e-02
6.398034398034397885e-01,6.843452519610213058e-02,6.814489029821783894e-02,6.792330836551051243e-02,6.776902560079044180e-02,6.767933662476535717e-02,6.764837107936143290e-02,6.766562171853227059e-02,6.771441460313706862e-02,6.777076554442430789e-02,6.780335993643024639e-02,6.777561698601038132e-02,6.765091038896157982e-02,6.740377355957834216e-02,6.717653383488261798e-02,6.662176106050908542e-02,6.584998758618149095e-02,6.494421528816417266e-02,6.395375480494493170e-02,6.291996733320115442e-02,6.187662099128698329e-02,6.084962128893122574e-02,5.985760643970204631e-02,5.891315393828148311e-02,5.802418318973747574e-02,5.719526828824462311e-02,5.642872491908736132e-02,5.572543909657845518e-02,5.508546051939617466e-02,5.450840465269395085e-02,5.399371023244504963e-02,5.354079307399441101e-02,5.314912873731107018e-02,5.281828855671193840e-02,5.254794683758705343e-02,5.233787184612639920e-02,5.218790938629282172e-02,5.209796498193409314e-02,5.206798867592789953e-02,5.209796498193395436e-02,5.218790938629291193e-02,5.233787184612653798e-02,5.254794683758710200e-02,5.281828855671204248e-02,5.314912873731120896e-02,5.354079307399419591e-02,5.399371023244514678e-02,5.450840465269388146e-02,5.508546051939632038e-02,5.572543909657851069e-02,5.642872491908732663e-02,5.719526828824456066e-02,5.802418318973764921e-02,5.891315393828143454e-02,5.985760643970200467e-02,6.084962128893132288e-02,6.187662099128694859e-02,6.291996733320147361e-02,6.395375480494497333e-02,6.494421528816408939e-02,6.584998758618161585e-02,6.662176106050929358e-02,6.717653383488279839e-02,6.740377355957824501e-02,6.765091038896152431e-02,6.777561698601064499e-02,6.780335993643042680e-02,6.777076554442441891e-02,6.771441460313706862e-02,6.766562171853242325e-02,6.764837107936150229e-02,6.767933662476545431e-02,6.776902560079083038e-02,6.792330836551058182e-02,6.814489029821814425e-02,6.843452519610206120e-02
6.461506961506962021e-01,1.043685266471369444e-01,1.032898778826557701e-01,1.022742771869734058e-01,1.013089908523707589e-01,1.003773235083780246e-01,9.945794181708107751e-02,9.852479773100268623e-02,9.754810394592579315e-02,9.649674060396681852e-02,9.534217938680479565e-02,9.406368129196941708e-02,9.265554104978968031e-02,9.117016009708531210e-02,8.963732088511859597e-02,8.779666833546330429e-02,8.586561460553748804e-02,8.388420427967918647e-02,8.188018182723384719e-02,7.987545979006820118e-02,7.788825423912873469e-02,7.593435593966819941e-02,7.402801029383816733e-02,7.218248408126885785e-02,7.041035033683984423e-02,6.872353421971272303e-02,6.713317857339556882e-02,6.564939797225251283e-02,6.428099302657701297e-02,6.303519252916892079e-02,6.191747989873194746e-02,6.093154325824436113e-02,6.007936731098964533e-02,5.936146275560735819e-02,5.877720846257408760e-02,5.832526579812545575e-02,5.800401515766343691e-02,5.781196257818082412e-02,5.774806874812256352e-02,5.781196257818056738e-02,5.800401515766334670e-02,5.832526579812515738e-02,5.877720846257419168e-02,5.936146275560760105e-02,6.007936731098942329e-02,6.093154325824440276e-02,6.191747989873221114e-02,6.303519252916872651e-02,6.428099302657687419e-02,6.564939797225213813e-02,6.713317857339545780e-02,6.872353421971294507e-02,7.041035033683944178e-02,7.218248408126927418e-02,7.402801029383834774e-02,7.593435593966846309e-02,7.788825423912855428e-02,7.987545979006813179e-02,8.188018182723326432e-02,8.388420427967892279e-02,8.586561460553780722e-02,8.779666833546301286e-02,8.963732088511799923e-02,9.117016009708517332e-02,9.265554104978977745e-02,9.406368129196934769e-02,9.534217938680460136e-02,9.649674060396656872e-02,9.754810394592521028e-02,9.852479773100261684e-02,9.945794181708199344e-02,1.003773235083776638e-01,1.013089908523706756e-01,1.022742771869734335e-01,1.032898778826554093e-01,1.043685266471371526e-01
6.524979524979525047e-01,1.619362138447630051e-01,1.602434769742914211e-01,1.585836237806752813e-01,1.569168327874147784e-01,1.551964539199295612e-01,1.533701116885533566e-01,1.513818951671739299e-01,1.491756476417200883e-01,1.466993120567507969e-01,1.439107994814967373e-01,1.407891945058018512e-01,1.373910963084636061e-01,1.339553184124731566e-01,1.294097699593195760e-01,1.244737775475615316e-01,1.192380505526078743e-01,1.137970068032684162e-01,1.082754990482059920e-01,1.028291486873229299e-01,9.763230359811231329e-02,9.285729088359021000e-02,8.865035522629419185e-02,8.511123167911352483e-02,8.228221230482936355e-02,8.014895325184448471e-02,7.865107950046443253e-02,7.769801347923896429e-02,7.718520592384447987e-02,7.700742722212579328e-02,7.706774541610240947e-02,7.728235113747540519e-02,7.758218403764079174e-02,7.791249733747135364e-02,7.823133629050185722e-02,7.850762976995820375e-02,7.871933254498646171e-02,7.885185978159037212e-02,7.889692959833435881e-02,7.885185978158985864e-02,7.871933254498650334e-02,7.850762976995855069e-02,7.823133629050196824e-02,7.791249733747125650e-02,7.758218403764001458e-02,7.728235113747519702e-02,7.706774541610254825e-02,7.700742722212565450e-02,7.718520592384417456e-02,7.769801347923910306e-02,7.865107950046419660e-02,8.014895325184384633e-02,8.228221230482954396e-02,8.511123167911355258e-02,8.865035522629401143e-02,9.285729088359087613e-02,9.763230359811196635e-02,1.028291486873221250e-01,1.082754990482054092e-01,1.137970068032688048e-01,1.192380505526078188e-01,1.244737775475615454e-01,1.294097699593197426e-01,1.339553184124726015e-01,1.373910963084630510e-01,1.407891945058018235e-01,1.439107994814970148e-01,1.466993120567505193e-01,1.491756476417199773e-01,1.513818951671730695e-01,1.533701116885534121e-01,1.551964539199298110e-01,1.569168327874156665e-01,1.585836237806750315e-01,1.602434769742916987e-01,1.619362138447640598e-01
6.588452088452088073e-01,2.249359360524795792e-01,2.220333884441194616e-01,2.189099243950310691e-01,2.154317877561987282e-01,2.114182838310514068e-01,2.066356656953391158e-01,2.007995695399415748e-01,1.935964032812979019e-01,1.847385228398911450e-01,1.740682491006842192e-01,1.617259918393866291e-01,1.490395528835860295e-01,1.348780972563738412e-01,1.212932201497566587e-01,1.095155574282666855e-01,1.002677416269884270e-01,9.374538782495614453e-02,8.971255690899056223e-02,8.769520081558528080e-02,8.716159454698720055e-02,8.763410162673715420e-02,8.873406720605445108e-02,9.018461094307327064e-02,9.179456615832756738e-02,9.343781817927954148e-02,9.503459780011205837e-02,9.653677668086795005e-02,9.791714073477394975e-02,9.916190441416532220e-02,1.002656316844278833e-01,1.012278550056185111e-01,1.020508559979536323e-01,1.027382253842528265e-01,1.032939387226581157e-01,1.037217702022419641e-01,1.040249264199646639e-01,1.042058228260182157e-01,1.042659533287561696e-01,1.042058228260179936e-01,1.040249264199650525e-01,1.037217702022417282e-01,1.032939387226586292e-01,1.027382253842530763e-01,1.020508559979540764e-01,1.012278550056177895e-01,1.002656316844277723e-01,9.916190441416500301e-02,9.791714073477440772e-02,9.653677668086858843e-02,9.503459780011196123e-02,9.343781817928051292e-02,9.179456615832731758e-02,9.018461094307347881e-02,8.873406720605431230e-02,8.763410162673679338e-02,8.716159454698717279e-02,8.769520081558566937e-02,8.971255690899047897e-02,9.374538782495756006e-02,1.002677416269884270e-01,1.095155574282675459e-01,1.212932201497564921e-01,1.348780972563727865e-01,1.490395528835855576e-01,1.617259918393877949e-01,1.740682491006844967e-01,1.847385228398899515e-01,1.935964032812980684e-01,2.007995695399416303e-01,2.066356656953385051e-01,2.114182838310520451e-01,2.154317877561995054e-01,2.189099243950310969e-01,2.220333884441194894e-01,2.249359360524786078e-01
6.651924651924652210e-01,2.184886812813850721e-01,2.115304153552749478e-01,2.031816698715147862e-01,1.932258601120723507e-01,1.815848256293088880e-01,1.684598705747073766e-01,1.544517248647991059e-01,1.405578294974290932e-01,1.279689233944819038e-01,1.177244695980523420e-01,1.105725322072431127e-01,1.067108707305755161e-01,1.044119768649988400e-01,1.039267777978052643e-01,1.047308755832855875e-01,1.063444562271822075e-01,1.084011593833887344e-01,1.106468988344646992e-01,1.129172937180775577e-01,1.151125710693938209e-01,1.171766445244556698e-01,1.190816684986310547e-01,1.208173615064374457e-01,1.223839196758478021e-01,1.237874433413633096e-01,1.250370510543203917e-01,1.261430974694213170e-01,1.271161004249626858e-01,1.279661170314798091e-01,1.287023999237714156e-01,1.293332252167404550e-01,1.298658229986166812e-01,1.303063665176261987e-01,1.306599924358577414e-01,1.309308348636380737e-01,1.311220624544203739e-01,1.312359119968797838e-01,1.312737145693858298e-01,1.312359119968797838e-01,1.311220624544204294e-01,1.309308348636385733e-01,1.306599924358581022e-01,1.303063665176263097e-01,1.298658229986164314e-01,1.293332252167406771e-01,1.287023999237715266e-01,1.279661170314798646e-01,1.271161004249626580e-01,1.261430974694209839e-01,1.250370510543203639e-01,1.237874433413636427e-01,1.223839196758477188e-01,1.208173615064373208e-01,1.190816684986310547e-01,1.171766445244553645e-01,1.151125710693943482e-01,1.129172937180769332e-01,1.106468988344652959e-01,1.084011593833890535e-01,1.063444562271825544e-01,1.047308755832851296e-01,1.039267777978050283e-01,1.044119768649991870e-01,1.067108707305756132e-01,1.105725322072432792e-01,1.177244695980527167e-01,1.279689233944816540e-01,1.405578294974287878e-01,1.544517248647963858e-01,1.684598705747073488e-01,1.815848256293089713e-01,1.932258601120673269e-01,2.031816698715152303e-01,2.115304153552765021e-01,2.184886812813823798e-01
6.715397215397215236e-01,1.607004293524300909e-01,1.544580465313594719e-01,1.479206075157463163e-01,1.416058939288914464e-01,1.360793139061146351e-01,1.318228509192727049e-01,1.291136248306197221e-01,1.279741971270978995e-01,1.282139501718548846e-01,1.295394784821073952e-01,1.317985873282311315e-01,1.341040220649279968e-01,1.365717828756226604e-01,1.390644255759695413e-01,1.414766039036378931e-01,1.437437226954320635e-01,1.458323674809986203e-01,1.477301945098389302e-01,1.494380484419192689e-01,1.509644328212862430e-01,1.523218525361393072e-01,1.535244966419818669e-01,1.545868289474739421e-01,1.555227718422023953e-01,1.563452673599813603e-01,1.570660720328885540e-01,1.576956923779279374e-01,1.582434015262396965e-01,1.587172995684990595e-01,1.591243944387591147e-01,1.594706892561165712e-01,1.597612677895944300e-01,1.600003732967026082e-01,1.601914781859944958e-01,1.603373432705449131e-01,1.604400661352164414e-01,1.605011185430154919e-01,1.605213729873474215e-01,1.605011185430155474e-01,1.604400661352164692e-01,1.603373432705458013e-01,1.601914781859950787e-01,1.600003732967014702e-01,1.597612677895942634e-01,1.594706892561157940e-01,1.591243944387591702e-01,1.587172995684986987e-01,1.582434015262399740e-01,1.576956923779284925e-01,1.570660720328893589e-01,1.563452673599809162e-01,1.555227718422029226e-01,1.545868289474737201e-01,1.535244966419820056e-01,1.523218525361393350e-01,1.509644328212850217e-01,1.494380484419192134e-01,1.477301945098385694e-01,1.458323674809986759e-01,1.437437226954322578e-01,1.414766039036380874e-01,1.390644255759693748e-01,1.365717828756227714e-01,1.341040220649285519e-01,1.317985873282317144e-01,1.295394784821066458e-01,1.282139501718555508e-01,1.279741971270976220e-01,1.291136248306191114e-01,1.318228509192718723e-01,1.360793139061141910e-01,1.416058939288908358e-01,1.479206075157463995e-01,1.544580465313613316e-01,1.607004293524302574e-01
6.778869778869779372e-01,1.585114122128769565e-01,1.583072465957245378e-01,1.586549765243923382e-01,1.596521366777530204e-01,1.612827918880845868e-01,1.634367454074751591e-01,1.659499975513978598e-01,1.686479975439794388e-01,1.713787516359931151e-01,1.740742078877079435e-01,1.765131022922292736e-01,1.787371993244161739e-01,1.807387427789497181e-01,1.825153203732640117e-01,1.840749096532465212e-01,1.854322658871531693e-01,1.866056323757621094e-01,1.876144456156163820e-01,1.884778941793327500e-01,1.892140900860325714e-01,1.898396467643732599e-01,1.903695132319984107e-01,1.908169620364284502e-01,1.911936639932965698e-01,1.915098072973220045e-01,1.917742349012277192e-01,1.919945846320640082e-01,1.921774232256465986e-01,1.923283696356966888e-01,1.924522055130958864e-01,1.925529722463900917e-01,1.926340547932626490e-01,1.926982529623942897e-01,1.927478409842447726e-01,1.927846162372399141e-01,1.928099379352772313e-01,1.928247564712075590e-01,1.928296339723452046e-01,1.928247564712075868e-01,1.928099379352770648e-01,1.927846162372394978e-01,1.927478409842444118e-01,1.926982529623944007e-01,1.926340547932622049e-01,1.925529722463908411e-01,1.924522055130959419e-01,1.923283696356961614e-01,1.921774232256461268e-01,1.919945846320628147e-01,1.917742349012285796e-01,1.915098072973219490e-01,1.911936639932971249e-01,1.908169620364275343e-01,1.903695132319981054e-01,1.898396467643733709e-01,1.892140900860316277e-01,1.884778941793322227e-01,1.876144456156162987e-01,1.866056323757634416e-01,1.854322658871530027e-01,1.840749096532477702e-01,1.825153203732634288e-01,1.807387427789487466e-01,1.787371993244165902e-01,1.765131022922285242e-01,1.740742078877086374e-01,1.713787516359934482e-01,1.686479975439796886e-01,1.659499975513981096e-01,1.634367454074756587e-01,1.612827918880843647e-01,1.596521366777537698e-01,1.586549765243926158e-01,1.583072465957245656e-01,1.585114122128771508e-01
6.842342342342342398e-01,2.029236990790965478e-01,2.059284396279992546e-01,2.090090140373869476e-01,2.120679616669421674e-01,2.150055185975060512e-01,2.177371837746048533e-01,2.202032157321159589e-01,2.223704680411753565e-01,2.242292181480423363e-01,2.257865625041675095e-01,2.270677095136847679e-01,2.281003198044986024e-01,2.289120763797666269e-01,2.295313854571329748e-01,2.299857606563867896e-01,2.303008061735299927e-01,2.304997099744881539e-01,2.306030795626986540e-01,2.306289862218430797e-01,2.305931249867129162e-01,2.305090304425670422e-01,2.303883115579844210e-01,2.302408840806813572e-01,2.300751888101433273e-01,2.298983901137541530e-01,2.297165526758196408e-01,2.295347965462954665e-01,2.293574316711591288e-01,2.291880736145107955e-01,2.290297423616277084e-01,2.288849460712451545e-01,2.287557515155558274e-01,2.286438427630247128e-01,2.285505694545987843e-01,2.284769858160984046e-01,2.284238813481413444e-01,2.283918039436397263e-01,2.283810760026249442e-01,2.283918039436398650e-01,2.284238813481405672e-01,2.284769858160991818e-01,2.285505694545990063e-01,2.286438427630253789e-01,2.287557515155560772e-01,2.288849460712462369e-01,2.290297423616264594e-01,2.291880736145125441e-01,2.293574316711597949e-01,2.295347965462952167e-01,2.297165526758200294e-01,2.298983901137531261e-01,2.300751888101432718e-01,2.302408840806828838e-01,2.303883115579833385e-01,2.305090304425670700e-01,2.305931249867130828e-01,2.306289862218433295e-01,2.306030795626974605e-01,2.304997099744892641e-01,2.303008061735297984e-01,2.299857606563867340e-01,2.295313854571335299e-01,2.289120763797664604e-01,2.281003198044994629e-01,2.270677095136853230e-01,2.257865625041673152e-01,2.242292181480435853e-01,2.223704680411756618e-01,2.202032157321165418e-01,2.177371837746044647e-01,2.150055185975078553e-01,2.120679616669422785e-01,2.090090140373865868e-01,2.059284396279986995e-01,2.029236990790971029e-01
6.905814905814906535e-01,2.694797214341805303e-01,2.727266971875514368e-01,2.755124375120553970e-01,2.778135146933878863e-01,2.796331006238788053e-01,2.809957266311271518e-01,2.819410638721060458e-01,2.825193059631775916e-01,2.828016145506192514e-01,2.828082064814271268e-01,2.825912662767267602e-01,2.821934229527053306e-01,2.816522981527004310e-01,2.810007399060134858e-01,2.802670434365284735e-01,2.794753212140631549e-01,2.786459487242720634e-01,2.777960275341757601e-01,2.769398306888364303e-01,2.760892122345593447e-01,2.752539732000329198e-01,2.744421825601060516e-01,2.736604551081889269e-01,2.729141898461426297e-01,2.722077731637615461e-01,2.715447511620863175e-01,2.709279752455261425e-01,2.703597247282175653e-01,2.698418097642113489e-01,2.693756574714935570e-01,2.689623837040601706e-01,2.686028525466970795e-01,2.682977252680051605e-01,2.680475001674565427e-01,2.678525444886442619e-01,2.677131193386783625e-01,2.676293983478244543e-01,2.676014806189380701e-01,2.676293983478233995e-01,2.677131193386778629e-01,2.678525444886448725e-01,2.680475001674548774e-01,2.682977252680049385e-01,2.686028525466974126e-01,2.689623837040603371e-01,2.693756574714936680e-01,2.698418097642109048e-01,2.703597247282181759e-01,2.709279752455264201e-01,2.715447511620853183e-01,2.722077731637622122e-01,2.729141898461432403e-01,2.736604551081899817e-01,2.744421825601058296e-01,2.752539732000324202e-01,2.760892122345604549e-01,2.769398306888360972e-01,2.777960275341753715e-01,2.786459487242713973e-01,2.794753212140634879e-01,2.802670434365291952e-01,2.810007399060127642e-01,2.816522981527003755e-01,2.821934229527056082e-01,2.825912662767254280e-01,2.828082064814272378e-01,2.828016145506183077e-01,2.825193059631777026e-01,2.819410638721059348e-01,2.809957266311273738e-01,2.796331006238789718e-01,2.778135146933881083e-01,2.755124375120557856e-01,2.727266971875508261e-01,2.694797214341813629e-01
6.969287469287469561e-01,3.495319781580845109e-01,3.514418336743231341e-01,3.525355690523257479e-01,3.529171176737607718e-01,3.526953489388635066e-01,3.519775265913836493e-01,3.508682965892226946e-01,3.495399871617657639e-01,3.479160520120717082e-01,3.460953778040550821e-01,3.441469458688948824e-01,3.421183471761551909e-01,3.400477591551570589e-01,3.379660936788462244e-01,3.358983035363308223e-01,3.338644124481768838e-01,3.318803729428354554e-01,3.299587872728614868e-01,3.281095122688149623e-01,3.263401649899275170e-01,3.246565439824735666e-01,3.230629792345450224e-01,3.215626222498821352e-01,3.201576860705625527e-01,3.188496436091199926e-01,3.176393913366791777e-01,3.165273842252829817e-01,3.155137468552069446e-01,3.145983647586419463e-01,3.137809593628635429e-01,3.130611493014235913e-01,3.124385003633799451e-01,3.119125659331849487e-01,3.114829194228661557e-01,3.111491799021853799e-01,3.109110318803356976e-01,3.107682399757148994e-01,3.107206590203600571e-01,3.107682399757145109e-01,3.109110318803360307e-01,3.111491799021847693e-01,3.114829194228674880e-01,3.119125659331865585e-01,3.124385003633815550e-01,3.130611493014219815e-01,3.137809593628644866e-01,3.145983647586420018e-01,3.155137468552075553e-01,3.165273842252831482e-01,3.176393913366793442e-01,3.188496436091220465e-01,3.201576860705614425e-01,3.215626222498804143e-01,3.230629792345446893e-01,3.246565439824738442e-01,3.263401649899281831e-01,3.281095122688129084e-01,3.299587872728604876e-01,3.318803729428376759e-01,3.338644124481757736e-01,3.358983035363330427e-01,3.379660936788455583e-01,3.400477591551569478e-01,3.421183471761559680e-01,3.441469458688937721e-01,3.460953778040544715e-01,3.479160520120732070e-01,3.495399871617663745e-01,3.508682965892224170e-01,3.519775265913844264e-01,3.526953489388633400e-01,3.529171176737594950e-01,3.525355690523267471e-01,3.514418336743215798e-01,3.495319781580840668e-01
7.032760032760032587e-01,4.445526078359348654e-01,4.435629374201933151e-01,4.416250967138306005e-01,4.389626397936927660e-01,4.357662874833896360e-01,4.322024217026908532e-01,4.284538436720720100e-01,4.247181383269433841e-01,4.206627972355826417e-01,4.165693288742405853e-01,4.124986259403747857e-01,4.084929492618267766e-01,4.045836927508349445e-01,4.007943049781648170e-01,3.971421106172073334e-01,3.936396435283789907e-01,3.902956782478230746e-01,3.871160455375628473e-01,3.841042831900975951e-01,3.812621575606900959e-01,3.785900823153835471e-01,3.760874549147263379e-01,3.737529270263509340e-01,3.715846217692597708e-01,3.695803081262910572e-01,3.677375408310464833e-01,3.660537724169423135e-01,3.645264428189105566e-01,3.631530508754211017e-01,3.619312112373506696e-01,3.608586995102491257e-01,3.599334879048464164e-01,3.591537732215458467e-01,3.585179986270249919e-01,3.580248703782309971e-01,3.576733703969847689e-01,3.574627653860712462e-01,3.573926129953274300e-01,3.574627653860710241e-01,3.576733703969846023e-01,3.580248703782299979e-01,3.585179986270254915e-01,3.591537732215463463e-01,3.599334879048489699e-01,3.608586995102494588e-01,3.619312112373500590e-01,3.631530508754207687e-01,3.645264428189110562e-01,3.660537724169414808e-01,3.677375408310464278e-01,3.695803081262902245e-01,3.715846217692593823e-01,3.737529270263520997e-01,3.760874549147272816e-01,3.785900823153824368e-01,3.812621575606915392e-01,3.841042831900995380e-01,3.871160455375642906e-01,3.902956782478235187e-01,3.936396435283807671e-01,3.971421106172094428e-01,4.007943049781654832e-01,4.045836927508345005e-01,4.084929492618253333e-01,4.124986259403727318e-01,4.165693288742411959e-01,4.206627972355835299e-01,4.247181383269437172e-01,4.284538436720725652e-01,4.322024217026902981e-01,4.357662874833880262e-01,4.389626397936946534e-01,4.416250967138288797e-01,4.435629374201922603e-01,4.445526078359340327e-01
7.096232596232596723e-01,5.707368023520140721e-01,5.614677179302777210e-01,5.522969150367256219e-01,5.433056311782762382e-01,5.345669618873657436e-01,5.261849297446985485e-01,5.186167619772300563e-01,5.107088736314847610e-01,5.030689680758799742e-01,4.957487564478167963e-01,4.887618058987127090e-01,4.821125076101423490e-01,4.758006151346867441e-01,4.698228968825684526e-01,4.641740397924395412e-01,4.588472598091448140e-01,4.538347571737524344e-01,4.491280707086574564e-01,4.447183579649418572e-01,4.405966175404074647e-01,4.367538650332220551e-01,4.331812714341189419e-01,4.298702710310376429e-01,4.268126446294107645e-01,4.240005828855326064e-01,4.214267337242719735e-01,4.190842371229198116e-01,4.169667499650167031e-01,4.150684631836492611e-01,4.133841130088699023e-01,4.119089877966127244e-01,4.106389316360046227e-01,4.095703456994216896e-01,4.087001881064935560e-01,4.080259729128657975e-01,4.075457687004476748e-01,4.072581971327701167e-01,4.071624317424067385e-01,4.072581971327692840e-01,4.075457687004465646e-01,4.080259729128664636e-01,4.087001881064949438e-01,4.095703456994230218e-01,4.106389316360054553e-01,4.119089877966118918e-01,4.133841130088701799e-01,4.150684631836486504e-01,4.169667499650168696e-01,4.190842371229199781e-01,4.214267337242714739e-01,4.240005828855339942e-01,4.268126446294118748e-01,4.298702710310379205e-01,4.331812714341201076e-01,4.367538650332214445e-01,4.405966175404076868e-01,4.447183579649406360e-01,4.491280707086577895e-01,4.538347571737512132e-01,4.588472598091435373e-01,4.641740397924392636e-01,4.698228968825695073e-01,4.758006151346872437e-01,4.821125076101401286e-01,4.887618058987123759e-01,4.957487564478141318e-01,5.030689680758798632e-01,5.107088736314839839e-01,5.186167619772301673e-01,5.261849297446998808e-01,5.345669618873619688e-01,5.433056311782754610e-01,5.522969150367226243e-01,5.614677179302758336e-01,5.707368023520120737e-01
7.159705159705159749e-01,6.841725226044983454e-01,7.099555268699390131e-01,6.998057575368389349e-01,6.811728877697090789e-01,6.619292923471492562e-01,6.447089598215172135e-01,6.286058570643189292e-01,6.132803873272536510e-01,5.993857881200989057e-01,5.867388772570819588e-01,5.751757085113293755e-01,5.645613504337403388e-01,5.547866694969403323e-01,5.457632558400343781e-01,5.374188284764502832e-01,5.296935673875670103e-01,5.225373171767269120e-01,5.159074927892323137e-01,5.097675187727646051e-01,5.040856639925802574e-01,4.988341665043444229e-01,4.939885708305352674e-01,4.895272210736952290e-01,4.854308689682136357e-01,4.816823673412883311e-01,4.782664276313031704e-01,4.751694259746316873e-01,4.723792465757494230e-01,4.698851540966855200e-01,4.676776889810235760e-01,4.657485812074278475e-01,4.640906791199359005e-01,4.626978908287731063e-01,4.615651363033065890e-01,4.606883087494283435e-01,4.600642442220085337e-01,4.596906987008311241e-01,4.595663320797553908e-01,4.596906987008308465e-01,4.600642442220073680e-01,4.606883087494259565e-01,4.615651363033069776e-01,4.626978908287731618e-01,4.640906791199350123e-01,4.657485812074287357e-01,4.676776889810237980e-01,4.698851540966861862e-01,4.723792465757502002e-01,4.751694259746322424e-01,4.782664276313045582e-01,4.816823673412888862e-01,4.854308689682141353e-01,4.895272210736937857e-01,4.939885708305368217e-01,4.988341665043464213e-01,5.040856639925778149e-01,5.097675187727639390e-01,5.159074927892315365e-01,5.225373171767269120e-01,5.296935673875654560e-01,5.374188284764492840e-01,5.457632558400328238e-01,5.547866694969387780e-01,5.645613504337414490e-01,5.751757085113302637e-01,5.867388772570835132e-01,5.993857881200972404e-01,6.132803873272542061e-01,6.286058570643208165e-01,6.447089598215182127e-01,6.619292923471490342e-01,6.811728877697065254e-01,6.998057575368367145e-01,7.099555268699303534e-01,6.841725226044889085e-01
7.223177723177722775e-01,1.219404115209217210e-01,9.713824575985027798e-02,2.613130013985890399e-01,5.533863393574507406e-01,7.193318399361321447e-01,7.635404561174129467e-01,7.565418064652261743e-01,7.367985532686383010e-01,7.150196494672221847e-01,6.943815070061495343e-01,6.756539403412206157e-01,6.588602149621414217e-01,6.438141121233591502e-01,6.302941585753961684e-01,6.180970731440350585e-01,6.070504421772315862e-01,5.970120739010493782e-01,5.878656226362023451e-01,5.795157724608912542e-01,5.718840019075732695e-01,5.649051426504673179e-01,5.585246753895677374e-01,5.526966347135003899e-01,5.473819930583579962e-01,5.425474133858421144e-01,5.381642830817192635e-01,5.342079619216066888e-01,5.306571933646797579e-01,5.274936411056583285e-01,5.247015223879747392e-01,5.222673167421160167e-01,5.201795341529033001e-01,5.184285306456587472e-01,5.170063622699161421e-01,5.159066707179011946e-01,5.151245955407993682e-01,5.146567092665235155e-01,5.145009727881166839e-01,5.146567092665208509e-01,5.151245955407999233e-01,5.159066707179001954e-01,5.170063622699175854e-01,5.184285306456594133e-01,5.201795341529014127e-01,5.222673167421133522e-01,5.247015223879779589e-01,5.274936411056597718e-01,5.306571933646805350e-01,5.342079619216083541e-01,5.381642830817197076e-01,5.425474133858420034e-01,5.473819930583557758e-01,5.526966347135015001e-01,5.585246753895702909e-01,5.649051426504662077e-01,5.718840019075717152e-01,5.795157724608941407e-01,5.878656226362017900e-01,5.970120739010535971e-01,6.070504421772325854e-01,6.180970731440353916e-01,6.302941585754000542e-01,6.438141121233598163e-01,6.588602149621429760e-01,6.756539403412263889e-01,6.943815070061452044e-01,7.150196494672235170e-01,7.367985532686393002e-01,7.565418064652253971e-01,7.635404561174128357e-01,7.193318399361399162e-01,5.533863393574246503e-01,2.613130013985741074e-01,9.713824575985151311e-02,1.219404115209224843e-01
7.286650286650286912e-01,3.251402575381951432e-01,2.758556955858871285e-01,2.107262841482984428e-01,1.338978736093188182e-01,8.294938420131274526e-02,1.678741505958818714e-01,4.394639374172409352e-01,6.779707056871050463e-01,7.746254821582966299e-01,7.923690755668714170e-01,7.817254556965433920e-01,7.629344018132288019e-01,7.429760169686245863e-01,7.240971304931242969e-01,7.069032387417174546e-01,6.914384846677832375e-01,6.775687312361565739e-01,6.651186694721182846e-01,6.539193770058278066e-01,6.438226536910484077e-01,6.347031616987131031e-01,6.264564044729910020e-01,6.189956173347617163e-01,6.122486998069347486e-01,6.061555532227177467e-01,6.006658907943674963e-01,5.957374810698027323e-01,5.913347556936630056e-01,5.874277116279016386e-01,5.839910471109259760e-01,5.810034818711904414e-01,5.784472225668307876e-01,5.763075432301012491e-01,5.745724575897408481e-01,5.732324657456013828e-01,5.722803620668345248e-01,5.717110946540571170e-01,5.715216694853633150e-01,5.717110946540574501e-01,5.722803620668367452e-01,5.732324657455992734e-01,5.745724575897407371e-01,5.763075432301013601e-01,5.784472225668312317e-01,5.810034818711885540e-01,5.839910471109243106e-01,5.874277116279003064e-01,5.913347556936628946e-01,5.957374810698014000e-01,6.006658907943689396e-01,6.061555532227170806e-01,6.122486998069345265e-01,6.189956173347607171e-01,6.264564044729915571e-01,6.347031616987114377e-01,6.438226536910451880e-01,6.539193770058253641e-01,6.651186694721133996e-01,6.775687312361602377e-01,6.914384846677826824e-01,7.069032387417254482e-01,7.240971304931256292e-01,7.429760169686274729e-01,7.629344018132252492e-01,7.817254556965415047e-01,7.923690755668694186e-01,7.746254821583011818e-01,6.779707056871120407e-01,4.394639374172439883e-01,1.678741505958820102e-01,8.294938420131482693e-02,1.338978736093174027e-01,2.107262841483021898e-01,2.758556955858847415e-01,3.251402575381949211e-01
7.350122850122851048e-01,4.181892055105719264e-01,3.973265320352125096e-01,3.681420638839056902e-01,3.284466402858679523e-01,2.760594592964270566e-01,2.078829495116397141e-01,1.295985257800920387e-01,7.793504610446021219e-02,1.557398968032514264e-01,4.134391610506063519e-01,6.594580369613459725e-01,7.757628872128757846e-01,8.083367345647753943e-01,8.065365958558299297e-01,7.929200433413546856e-01,7.761443646208835423e-01,7.593756328775616016e-01,7.437020868376401639e-01,7.294248573401532765e-01,7.165506826154717235e-01,7.049840802083972013e-01,6.946029277186921425e-01,6.852874541450585388e-01,6.769302804906546234e-01,6.694387838208725183e-01,6.627344879525793875e-01,6.567514563987725262e-01,6.514345029608740179e-01,6.467375355104492129e-01,6.426221340352317180e-01,6.390563749009907646e-01,6.360138794483242153e-01,6.334730552851838281e-01,6.314164989224806401e-01,6.298305324536902505e-01,6.287048520637755766e-01,6.280322711531146629e-01,6.278085454038863089e-01,6.280322711531159952e-01,6.287048520637751325e-01,6.298305324536928040e-01,6.314164989224827496e-01,6.334730552851850494e-01,6.360138794483232161e-01,6.390563749009945393e-01,6.426221340352298306e-01,6.467375355104472145e-01,6.514345029608741289e-01,6.567514563987720821e-01,6.627344879525803867e-01,6.694387838208705199e-01,6.769302804906552895e-01,6.852874541450597601e-01,6.946029277186958062e-01,7.049840802083966462e-01,7.165506826154700581e-01,7.294248573401489466e-01,7.437020868376409410e-01,7.593756328775630449e-01,7.761443646208815439e-01,7.929200433413684523e-01,8.065365958558279313e-01,8.083367345647740621e-01,7.757628872128835562e-01,6.594580369613423088e-01,4.134391610506046866e-01,1.557398968032276954e-01,7.793504610446072567e-02,1.295985257800900958e-01,2.078829495116412962e-01,2.760594592964305538e-01,3.284466402858683964e-01,3.681420638839069670e-01,3.973265320352163954e-01,4.181892055105726480e-01
7.413595413595414074e-01,4.640604457581347098e-01,4.569912513031608170e-01,4.449647736993700975e-01,4.271950349306145589e-01,4.022669774340223436e-01,3.683735533011145979e-01,3.229961238938349743e-01,2.632221892987781087e-01,1.880398729429579585e-01,1.081647571244051531e-01,7.443171624528266417e-02,1.917318726981135923e-01,4.562900155429068239e-01,6.777382645045733067e-01,7.832629235980392846e-01,8.173332192076557812e-01,8.203089281375075537e-01,8.114021699757357764e-01,7.985684324923270072e-01,7.850032604022992855e-01,7.719602143383155202e-01,7.598939313075850910e-01,7.489279066787172257e-01,7.390507840717569499e-01,7.302004708128372323e-01,7.223004109568397224e-01,7.152749077683113743e-01,7.090551273211272987e-01,7.035809611554814103e-01,6.988011011122755578e-01,6.946724063305033114e-01,6.911590555176628792e-01,6.882317032188851602e-01,6.858667301514728143e-01,6.840456181926350965e-01,6.827544543369944430e-01,6.819835576610474570e-01,6.817272207058382438e-01,6.819835576610459027e-01,6.827544543369957752e-01,6.840456181926340973e-01,6.858667301514728143e-01,6.882317032188842720e-01,6.911590555176631012e-01,6.946724063305034225e-01,6.988011011122716720e-01,7.035809611554801890e-01,7.090551273211235239e-01,7.152749077683110412e-01,7.223004109568387232e-01,7.302004708128357890e-01,7.390507840717578381e-01,7.489279066787214445e-01,7.598939313075864233e-01,7.719602143383150761e-01,7.850032604022945115e-01,7.985684324923257860e-01,8.114021699757409944e-01,8.203089281375006703e-01,8.173332192076535607e-01,7.832629235980489435e-01,6.777382645045566534e-01,4.562900155429184257e-01,1.917318726981173949e-01,7.443171624528281682e-02,1.081647571244060690e-01,1.880398729429655080e-01,2.632221892987751111e-01,3.229961238938335866e-01,3.683735533011152086e-01,4.022669774340243420e-01,4.271950349306168904e-01,4.449647736993683766e-01,4.569912513031609835e-01,4.640604457581326003e-01
7.477067977067977100e-01,4.856284554606197790e-01,4.870498018072801361e-01,4.849294339102677154e-01,4.788745688337755491e-01,4.683218570229240041e-01,4.524931756520287340e-01,4.302611759437672823e-01,4.000038136682252388e-01,3.594441130030253673e-01,3.056581898879564552e-01,2.360243400552586301e-01,1.529887081817374594e-01,8.065249531655808990e-02,9.503387082084210902e-02,2.784767673696865176e-01,5.369492567604807753e-01,7.136728074178336767e-01,7.951486786326971146e-01,8.235901523416769843e-01,8.281896212968834492e-01,8.229066234603651386e-01,8.138906857710647147e-01,8.038221386073178820e-01,7.938658541742870112e-01,7.845145815652321275e-01,7.759579212814627924e-01,7.682481695501667263e-01,7.613768160385772088e-01,7.553104828888296263e-01,7.500079139268804873e-01,7.454279084989474669e-01,7.415328692650516862e-01,7.382902240591758813e-01,7.356728374332683895e-01,7.336589698248390246e-01,7.322320649997734465e-01,7.313805065682742468e-01,7.310974132824082927e-01,7.313805065682741358e-01,7.322320649997723363e-01,7.336589698248385805e-01,7.356728374332646148e-01,7.382902240591766585e-01,7.415328692650550169e-01,7.454279084989491322e-01,7.500079139268787110e-01,7.553104828888311806e-01,7.613768160385764316e-01,7.682481695501683916e-01,7.759579212814622373e-01,7.845145815652333487e-01,7.938658541742891206e-01,8.038221386073166608e-01,8.138906857710654918e-01,8.229066234603658048e-01,8.281896212968806736e-01,8.235901523416747638e-01,7.951486786326891210e-01,7.136728074178348979e-01,5.369492567604839950e-01,2.784767673696933454e-01,9.503387082084223392e-02,8.065249531655756254e-02,1.529887081817327965e-01,2.360243400552549109e-01,3.056581898879529025e-01,3.594441130030218146e-01,4.000038136682248502e-01,4.302611759437681704e-01,4.524931756520279014e-01,4.683218570229241706e-01,4.788745688337748829e-01,4.849294339102674378e-01,4.870498018072788038e-01,4.856284554606194459e-01
7.540540540540541237e-01,4.924062571495695928e-01,4.997110913214666272e-01,5.042634724526905421e-01,5.058253109492901745e-01,5.041154621587555784e-01,4.987576518498349487e-01,4.892336683068796988e-01,4.748120439325555497e-01,4.544459672612958800e-01,4.266329417722963258e-01,3.892471395188753513e-01,3.394466103998988182e-01,2.741230588294543691e-01,1.926725182363328015e-01,1.075394646021593931e-01,6.977729910556131065e-02,1.708806009993253106e-01,4.059843503738806980e-01,6.238383477150355461e-01,7.497061959819760757e-01,8.069845614661692590e-01,8.285744210354147876e-01,8.335135283859539390e-01,8.310158416075492660e-01,8.253928433768887851e-01,8.186739022293021417e-01,8.118243169631889078e-01,8.053028747755243133e-01,7.993220124633920731e-01,7.939726698269864436e-01,7.892858912099539603e-01,7.852639418792521919e-01,7.818963030819497950e-01,7.791679799623130176e-01,7.770638266060513333e-01,7.755707819225347022e-01,7.746790044079561177e-01,7.743824270649135588e-01,7.746790044079554516e-01,7.755707819225351463e-01,7.770638266060511112e-01,7.791679799623129066e-01,7.818963030819479076e-01,7.852639418792526360e-01,7.892858912099569579e-01,7.939726698269874428e-01,7.993220124633929613e-01,8.053028747755227590e-01,8.118243169631924605e-01,8.186739022293014756e-01,8.253928433768882300e-01,8.310158416075495991e-01,8.335135283859547162e-01,8.285744210354145656e-01,8.069845614661695921e-01,7.497061959819760757e-01,6.238383477150147849e-01,4.059843503738935766e-01,1.708806009993390773e-01,6.977729910556115800e-02,1.075394646021644446e-01,1.926725182363302757e-01,2.741230588294514270e-01,3.394466103999022044e-01,3.892471395188752958e-01,4.266329417722964368e-01,4.544459672612955470e-01,4.748120439325574371e-01,4.892336683068798098e-01,4.987576518498352818e-01,5.041154621587559115e-01,5.058253109492895083e-01,5.042634724526895429e-01,4.997110913214667383e-01,4.924062571495690932e-01
7.604013104013104263e-01,4.892580549687974290e-01,5.007778066768849845e-01,5.101055833267330586e-01,5.170448358220718355e-01,5.214274816396820000e-01,5.230351804247490577e-01,5.215917711683965008e-01,5.167303803027395448e-01,5.079464755555813671e-01,4.945307120130196799e-01,4.754727376371523651e-01,4.493269300245811837e-01,4.140436633271571409e-01,3.668354498372585204e-01,3.044123739655016925e-01,2.248692789654331003e-01,1.352685493557569951e-01,7.206207997427009626e-02,1.166613936051363459e-01,3.082400464508630589e-01,5.355281615281620722e-01,6.924471607817302976e-01,7.758955315416798948e-01,8.150541517658150825e-01,8.314528564482779327e-01,8.366739622122864040e-01,8.365132240981240086e-01,8.338621274172420827e-01,8.301879443847819395e-01,8.262497575239745595e-01,8.224459771355799864e-01,8.189869355520518202e-01,8.159830510190165809e-01,8.134911157735020826e-01,8.115391891191374718e-01,8.101402315920760433e-01,8.092996310394521275e-01,8.090192873397702433e-01,8.092996310394521275e-01,8.101402315920755992e-01,8.115391891191375828e-01,8.134911157735050802e-01,8.159830510190156927e-01,8.189869355520493777e-01,8.224459771355802085e-01,8.262497575239760028e-01,8.301879443847788309e-01,8.338621274172427489e-01,8.365132240981203449e-01,8.366739622122870701e-01,8.314528564482766004e-01,8.150541517658161927e-01,7.758955315416814491e-01,6.924471607817298535e-01,5.355281615281558549e-01,3.082400464508618931e-01,1.166613936051257988e-01,7.206207997426884726e-02,1.352685493557563567e-01,2.248692789654343216e-01,3.044123739655028582e-01,3.668354498372571326e-01,4.140436633271586953e-01,4.493269300245774645e-01,4.754727376371543079e-01,4.945307120130165157e-01,5.079464755555825883e-01,5.167303803027400999e-01,5.215917711683982771e-01,5.230351804247503900e-01,5.214274816396811119e-01,5.170448358220720575e-01,5.101055833267342798e-01,5.007778066768839853e-01,4.892580549687963187e-01
7.667485667485667289e-01,4.787111024092217115e-01,4.932058960465927067e-01,5.059049217276635479e-01,5.166977292427088475e-01,5.254414294933850149e-01,5.319814987422425423e-01,5.361423827032016920e-01,5.377111405888790330e-01,5.364145667285864505e-01,5.318872455156230528e-01,5.236263325380826616e-01,5.109267021818919563e-01,4.927876631047403144e-01,4.677817934327192506e-01,4.338865195031906818e-01,3.883336037627433956e-01,3.277506387011812627e-01,2.496396831379703862e-01,1.584683490183332322e-01,8.258908591626927531e-02,9.223777447697702192e-02,2.422517966471429973e-01,4.587033391179687891e-01,6.308561576349227540e-01,7.339084392174096694e-01,7.887474216839377439e-01,8.164544889468922095e-01,8.297896769932353589e-01,8.356036308984658989e-01,8.375037298738748914e-01,8.374148149442603994e-01,8.363875263859148479e-01,8.350088306580530917e-01,8.336132276988911238e-01,8.323939335547766438e-01,8.314627602111753779e-01,8.308828279189510724e-01,8.306862424579881665e-01,8.308828279189492960e-01,8.314627602111765992e-01,8.323939335547749785e-01,8.336132276988904577e-01,8.350088306580534248e-01,8.363875263859137377e-01,8.374148149442595113e-01,8.375037298738762237e-01,8.356036308984681193e-01,8.297896769932351368e-01,8.164544889468923206e-01,7.887474216839414076e-01,7.339084392174122229e-01,6.308561576349114297e-01,4.587033391179749509e-01,2.422517966471395279e-01,9.223777447697198428e-02,8.258908591626987206e-02,1.584683490183265431e-01,2.496396831379778802e-01,3.277506387011832056e-01,3.883336037627385662e-01,4.338865195031896271e-01,4.677817934327155314e-01,4.927876631047415912e-01,5.109267021818905130e-01,5.236263325380811073e-01,5.318872455156206103e-01,5.364145667285864505e-01,5.377111405888798101e-01,5.361423827032023581e-01,5.319814987422435415e-01,5.254414294933836826e-01,5.166977292427072932e-01,5.059049217276633259e-01,4.932058960465933728e-01,4.787111024092212674e-01
7.730958230958231425e-01,4.638455388756499986e-01,4.803127403929917105e-01,4.953433622885229926e-01,5.088503278025223731e-01,5.207059287252414626e-01,5.307829012544756919e-01,5.389493187874825342e-01,5.450601015935221394e-01,5.489451339409838759e-01,5.503929702903251897e-01,5.491283801184067004e-01,5.447809612309495453e-01,5.368405535440962106e-01,5.245931050584815569e-01,5.070282836741808463e-01,4.827095264688861520e-01,4.496068707007495058e-01,4.049441404604045003e-01,3.453127726157899091e-01,2.679891242702354681e-01,1.762910129356554667e-01,9.418789440176415784e-02,8.289262618087261947e-02,1.991736117463703548e-01,3.949655373708096939e-01,5.691525150335796646e-01,6.842148128708670507e-01,7.515519767912679505e-01,7.894912335262321834e-01,8.107081235041000422e-01,8.225529445341218659e-01,8.291176430132979336e-01,8.326880510896054188e-01,8.345633603045091720e-01,8.354951156172850668e-01,8.359213141088138732e-01,8.360919512294064937e-01,8.361356206830695692e-01,8.360919512294080480e-01,8.359213141088135401e-01,8.354951156172836235e-01,8.345633603045109483e-01,8.326880510896064180e-01,8.291176430132984887e-01,8.225529445341206447e-01,8.107081235041015965e-01,7.894912335262295189e-01,7.515519767912693938e-01,6.842148128708773758e-01,5.691525150335706718e-01,3.949655373708064743e-01,1.991736117463745459e-01,8.289262618087554768e-02,9.418789440175920347e-02,1.762910129356592970e-01,2.679891242702350240e-01,3.453127726157887434e-01,4.049441404604017802e-01,4.496068707007506715e-01,4.827095264688868181e-01,5.070282836741810684e-01,5.245931050584801136e-01,5.368405535440956555e-01,5.447809612309473248e-01,5.491283801184081437e-01,5.503929702903261889e-01,5.489451339409845421e-01,5.450601015935239158e-01,5.389493187874809799e-01,5.307829012544759140e-01,5.207059287252409074e-01,5.088503278025218179e-01,4.953433622885233256e-01,4.803127403929905448e-01,4.638455388756484443e-01
7.794430794430794451e-01,4.465006344158216622e-01,4.641369922010166182e-01,4.806854527722078663e-01,4.960261471659528909e-01,5.100406701531264853e-01,5.226152992541390763e-01,5.336385941799581811e-01,5.429970174034354224e-01,5.505685778663939045e-01,5.562140763592516857e-01,5.597652108404330695e-01,5.610083593548891301e-01,5.596621947779402140e-01,5.553462840782698029e-01,5.475363550063614415e-01,5.354999156129035542e-01,5.182037866171412821e-01,4.941851030076149787e-01,4.613883456237948821e-01,4.170243437101946449e-01,3.577058393333660269e-01,2.807549483258677814e-01,1.892141201994576305e-01,1.046755096555891384e-01,8.075518267553319363e-02,1.694745740675654144e-01,3.394206913667970338e-01,5.054036934036764128e-01,6.251647774481962072e-01,7.012891617656641374e-01,7.478043207063729270e-01,7.761521105123146969e-01,7.935856321262535484e-01,8.043913180962178888e-01,8.110633124526018811e-01,8.150469310206499562e-01,8.171604989062045687e-01,8.178222127359068283e-01,8.171604989062036806e-01,8.150469310206496232e-01,8.110633124525993276e-01,8.043913180962173337e-01,7.935856321262495516e-01,7.761521105123202480e-01,7.478043207063711506e-01,7.012891617656628052e-01,6.251647774481928765e-01,5.054036934036791884e-01,3.394206913667895953e-01,1.694745740675584200e-01,8.075518267553288831e-02,1.046755096555894715e-01,1.892141201994617938e-01,2.807549483258652834e-01,3.577058393333629738e-01,4.170243437101930351e-01,4.613883456237944380e-01,4.941851030076150897e-01,5.182037866171420593e-01,5.354999156129035542e-01,5.475363550063638840e-01,5.553462840782690257e-01,5.596621947779405470e-01,5.610083593548884640e-01,5.597652108404325144e-01,5.562140763592495762e-01,5.505685778663942376e-01,5.429970174034344232e-01,5.336385941799579591e-01,5.226152992541398534e-01,5.100406701531260412e-01,4.960261471659508370e-01,4.806854527722075887e-01,4.641369922010164517e-01,4.465006344158218843e-01
7.857903357903358588e-01,4.289941839467060203e-01,4.473149849564040381e-01,4.648002812729188360e-01,4.813352470638755376e-01,4.968092081198588472e-01,5.111170957570690954e-01,5.241586061725935775e-01,5.358360888243266507e-01,5.460511749028664763e-01,5.546999600519330054e-01,5.616664108967319713e-01,5.668134714485714154e-01,5.699710553114163414e-01,5.709196691681217573e-01,5.693677477748770865e-01,5.649197909474966695e-01,5.570309803537796256e-01,5.449421403839425082e-01,5.275873018189513042e-01,5.034674857611058929e-01,4.704986207213788241e-01,4.259016077797636579e-01,3.664081182883489607e-01,2.896610256319415710e-01,1.990242330207284693e-01,1.145720682224764947e-01,8.235726840934229354e-02,1.460379185186528594e-01,2.855735505175295841e-01,4.344984157458863794e-01,5.516600026389131273e-01,6.321624919242263552e-01,6.846952835922711644e-01,7.183819858612846554e-01,7.396846688959624050e-01,7.526453561135072468e-01,7.596185958016261619e-01,7.618184788033622867e-01,7.596185958016252737e-01,7.526453561135115766e-01,7.396846688959598515e-01,7.183819858612859877e-01,6.846952835922776037e-01,6.321624919242307961e-01,5.516600026389067990e-01,4.344984157458746665e-01,2.855735505175395761e-01,1.460379185186476969e-01,8.235726840934202986e-02,1.145720682224798948e-01,1.990242330207253052e-01,2.896610256319407384e-01,3.664081182883470178e-01,4.259016077797637134e-01,4.704986207213795457e-01,5.034674857611058929e-01,5.275873018189525254e-01,5.449421403839462830e-01,5.570309803537794036e-01,5.649197909474957813e-01,5.693677477748765314e-01,5.709196691681226454e-01,5.699710553114155642e-01,5.668134714485719705e-01,5.616664108967308611e-01,5.546999600519356699e-01,5.460511749028651440e-01,5.358360888243270947e-01,5.241586061725932444e-01,5.111170957570690954e-01,4.968092081198593468e-01,4.813352470638744829e-01,4.648002812729189470e-01,4.473149849564043712e-01,4.289941839467066309e-01
7.921375921375921614e-01,4.111825144309620983e-01,4.297793668025916003e-01,4.477418680773179172e-01,4.649633706566038138e-01,4.813410488255647768e-01,4.967772149725382391e-01,5.111793520743809216e-01,5.244592867491665311e-01,5.365315109922125236e-01,5.473105622016881666e-01,5.567073039786065713e-01,5.646238634243058163e-01,5.709468509471552489e-01,5.755382922001109902e-01,5.782234061057417440e-01,5.787739210394232670e-01,5.768849690244416406e-01,5.721426605944652799e-01,5.639781859229242578e-01,5.516028882072718798e-01,5.339181922278216641e-01,5.093981271052141491e-01,4.759619906616591734e-01,4.309246934064308032e-01,3.713234539810155721e-01,2.954551619286341357e-01,2.073559371975748356e-01,1.253416651328050635e-01,8.644495253533938939e-02,1.235699141333886086e-01,2.253644720205839058e-01,3.456436261877318117e-01,4.491998064150687364e-01,5.255908755823195389e-01,5.773899138022418054e-01,6.100107808546397781e-01,6.278552502420317039e-01,6.335227564339341866e-01,6.278552502420440273e-01,6.100107808546455512e-01,5.773899138022490218e-01,5.255908755823074374e-01,4.491998064150614645e-01,3.456436261877344207e-01,2.253644720206042784e-01,1.235699141333940210e-01,8.644495253534024981e-02,1.253416651328157772e-01,2.073559371975721155e-01,2.954551619286317488e-01,3.713234539810130741e-01,4.309246934064350776e-01,4.759619906616562868e-01,5.093981271052147042e-01,5.339181922278222192e-01,5.516028882072683270e-01,5.639781859229263672e-01,5.721426605944657240e-01,5.768849690244423067e-01,5.787739210394213796e-01,5.782234061057420771e-01,5.755382922001115453e-01,5.709468509471558040e-01,5.646238634243063714e-01,5.567073039786069044e-01,5.473105622016870564e-01,5.365315109922124126e-01,5.244592867491678634e-01,5.111793520743804775e-01,4.967772149725374065e-01,4.813410488255642772e-01,4.649633706566032587e-01,4.477418680773159188e-01,4.297793668025906011e-01,4.111825144309624869e-01
7.984848484848485750e-01,3.934145821981257507e-01,4.119843769368008446e-01,4.300787960775315222e-01,4.476002740103634525e-01,4.644541257894965192e-01,4.805498472755695971e-01,4.958016111055710828e-01,5.101281638452425105e-01,5.234521264104294858e-01,5.356986472959706092e-01,5.467933262878462708e-01,5.566592870904053525e-01,5.652132182913702785e-01,5.723601122567387733e-01,5.779862968059793493e-01,5.819501549955365949e-01,5.840696359659184322e-01,5.841052372317658836e-01,5.817365444628972426e-01,5.765296264085496558e-01,5.678916863235061729e-01,5.550088137159169266e-01,5.367640155752643194e-01,5.116406018107321207e-01,4.776433528475791390e-01,4.323490393308250801e-01,3.733953979551002389e-01,3.001005441957068642e-01,2.171972181005175917e-01,1.401268267592274408e-01,9.500441148759351806e-02,1.025953150942349457e-01,1.573708530348020274e-01,2.323509048329968629e-01,3.023293833147043808e-01,3.546941383469572329e-01,3.860178169242255430e-01,3.963521682119323097e-01,3.860178169242007296e-01,3.546941383469543463e-01,3.023293833147132625e-01,2.323509048329895632e-01,1.573708530347980306e-01,1.025953150942354453e-01,9.500441148759253274e-02,1.401268267592313266e-01,2.171972181005119018e-01,3.001005441957095843e-01,3.733953979550973523e-01,4.323490393308317969e-01,4.776433528475765300e-01,5.116406018107333420e-01,5.367640155752622100e-01,5.550088137159221446e-01,5.678916863235052848e-01,5.765296264085504330e-01,5.817365444628987969e-01,5.841052372317686592e-01,5.840696359659208747e-01,5.819501549955379271e-01,5.779862968059792383e-01,5.723601122567389954e-01,5.652132182913688352e-01,5.566592870904052415e-01,5.467933262878453826e-01,5.356986472959701651e-01,5.234521264104301519e-01,5.101281638452415113e-01,4.958016111055713049e-01,4.805498472755697636e-01,4.644541257894966857e-01,4.476002740103635635e-01,4.300787960775315777e-01,4.119843769368001785e-01,3.934145821981250291e-01
8.048321048321048776e-01,3.764278632105546030e-01,3.947771910778819504e-01,4.127747993463362075e-01,4.303321716898410032e-01,4.473626859989078830e-01,4.637828682321427087e-01,4.795131122491548270e-01,4.944779735453287972e-01,5.086060339492692872e-01,5.218293044462776198e-01,5.340821178048347218e-01,5.452994450595975984e-01,5.554145429689543167e-01,5.643557976923473385e-01,5.720425666997517311e-01,5.783797278488724825e-01,5.832505100728659908e-01,5.865069888926135455e-01,5.879573637124730912e-01,5.873487766905471918e-01,5.843439901492101241e-01,5.784897885953611540e-01,5.691748088774484238e-01,5.555754899940599234e-01,5.365932663580316175e-01,5.107995945662612280e-01,4.764401764240549508e-01,4.316276157124386281e-01,3.749905427432475014e-01,3.071721029401831560e-01,2.332579760621120435e-01,1.645865538679861240e-01,1.159746657866549957e-01,9.668311832768773650e-02,1.030263136822048009e-01,1.216344831931383541e-01,1.386360029655456239e-01,1.452466766988148306e-01,1.386360029655399895e-01,1.216344831931450571e-01,1.030263136822062442e-01,9.668311832768855529e-02,1.159746657866563141e-01,1.645865538679914253e-01,2.332579760621088238e-01,3.071721029401895953e-01,3.749905427432505545e-01,4.316276157124423474e-01,4.764401764240513426e-01,5.107995945662615611e-01,5.365932663580307294e-01,5.555754899940598124e-01,5.691748088774479797e-01,5.784897885953620422e-01,5.843439901492087918e-01,5.873487766905483021e-01,5.879573637124729801e-01,5.865069888926125463e-01,5.832505100728659908e-01,5.783797278488723714e-01,5.720425666997508429e-01,5.643557976923481156e-01,5.554145429689539837e-01,5.452994450595967102e-01,5.340821178048349438e-01,5.218293044462783969e-01,5.086060339492699534e-01,4.944779735453279645e-01,4.795131122491553266e-01,4.637828682321421536e-01,4.473626859989081050e-01,4.303321716898410032e-01,4.127747993463364851e-01,3.947771910778822280e-01,3.764278632105549360e-01
8.111793611793611802e-01,3.603951352174200040e-01,3.783967217322415921e-01,3.961416295713448554e-01,4.135499438713137743e-01,4.305427819447021909e-01,4.470434680854227238e-01,4.629783402931660907e-01,4.782772485451557976e-01,4.928737386141979759e-01,5.067048972325305378e-01,5.197108266066799986e-01,5.318337085936304387e-01,5.430164067763653124e-01,5.532005350706034053e-01,5.623238911750709779e-01,5.703171083389209084e-01,5.770993147519792865e-01,5.825725004182908950e-01,5.866141700610120191e-01,5.890677024010141372e-01,5.897296440711248255e-01,5.883329682618591017e-01,5.845252171601210689e-01,5.778406719255527735e-01,5.676668662947843558e-01,5.532092438119246003e-01,5.334663770806763461e-01,5.072469204110070518e-01,4.732945025777140491e-01,4.306358705159982758e-01,3.792873672575440835e-01,3.213023738713343680e-01,2.616134666949452292e-01,2.074327076334736009e-01,1.654252925692258902e-01,1.383556191559793813e-01,1.244888148651379367e-01,1.204069355439652267e-01,1.244888148651333987e-01,1.383556191559789372e-01,1.654252925692263620e-01,2.074327076334782916e-01,2.616134666949561094e-01,3.213023738713354782e-01,3.792873672575406974e-01,4.306358705159962774e-01,4.732945025777148262e-01,5.072469204110057195e-01,5.334663770806743477e-01,5.532092438119252664e-01,5.676668662947841337e-01,5.778406719255518853e-01,5.845252171601202917e-01,5.883329682618588796e-01,5.897296440711236043e-01,5.890677024010146923e-01,5.866141700610126852e-01,5.825725004182908950e-01,5.770993147519797306e-01,5.703171083389195761e-01,5.623238911750715330e-01,5.532005350706018509e-01,5.430164067763655344e-01,5.318337085936289954e-01,5.197108266066799986e-01,5.067048972325298717e-01,4.928737386141983090e-01,4.782772485451561861e-01,4.629783402931664793e-01,4.470434680854227238e-01,4.305427819447022464e-01,4.135499438713141074e-01,3.961416295713446889e-01,3.783967217322409815e-01,3.603951352174199485e-01
8.175266175266175939e-01,3.453507390474458427e-01,3.629237655967942344e-01,3.803123078531893686e-01,3.974443991059113390e-01,4.142484047809484315e-01,4.306541018767231499e-01,4.465934971640125872e-01,4.620014182986038054e-01,4.768158704889449706e-01,4.909781394783228614e-01,5.044326174204500912e-01,5.171263250452778903e-01,5.290080983655115476e-01,5.400273991202784174e-01,5.501326934516610478e-01,5.592693211162107492e-01,5.673767457703088324e-01,5.743850332884204990e-01,5.802103476997594322e-01,5.847491827589292868e-01,5.878709658219638534e-01,5.894085962859251238e-01,5.891464586300553252e-01,5.868055879196902858e-01,5.820262016561386087e-01,5.743492346221306111e-01,5.632017610679578290e-01,5.478978091500348313e-01,5.276779921861534106e-01,5.018288224314224610e-01,4.699372937606340894e-01,4.323182096090440463e-01,3.905430144644269630e-01,3.477733675273785852e-01,3.084374469475165137e-01,2.770956917314985057e-01,2.571468889833626870e-01,2.503388019976516832e-01,2.571468889833644078e-01,2.770956917314917334e-01,3.084374469475139602e-01,3.477733675273793068e-01,3.905430144644287949e-01,4.323182096090443238e-01,4.699372937606350886e-01,5.018288224314211288e-01,5.276779921861508571e-01,5.478978091500350533e-01,5.632017610679580510e-01,5.743492346221296119e-01,5.820262016561377205e-01,5.868055879196896196e-01,5.891464586300546591e-01,5.894085962859243466e-01,5.878709658219650747e-01,5.847491827589299529e-01,5.802103476997584330e-01,5.743850332884214982e-01,5.673767457703096095e-01,5.592693211162113043e-01,5.501326934516600486e-01,5.400273991202780843e-01,5.290080983655094382e-01,5.171263250452773352e-01,5.044326174204518676e-01,4.909781394783227504e-01,4.768158704889455812e-01,4.620014182986044715e-01,4.465934971640121431e-01,4.306541018767232609e-01,4.142484047809480430e-01,3.974443991059117831e-01,3.803123078531893131e-01,3.629237655967947895e-01,3.453507390474455097e-01
8.238738738738740075e-01,3.313494093566106691e-01,3.484502122914365230e-01,3.654206589636218028e-01,3.821959873017044540e-01,3.987112188426477077e-01,4.149021402988281038e-01,4.307060945147704323e-01,4.460626010524323393e-01,4.609137988754271609e-01,4.752046952811156966e-01,4.888832027218632525e-01,5.018999439433882159e-01,5.142078038946126251e-01,5.257612028341125399e-01,5.365150579154343013e-01,5.464233892815578697e-01,5.554375103714498385e-01,5.635037199075006997e-01,5.705603845451291400e-01,5.765342674276143775e-01,5.813359231747450284e-01,5.848539557536033273e-01,5.869479494322966673e-01,5.874399934861220807e-01,5.861050488385700641e-01,5.826611817119928816e-01,5.767623314998168160e-01,5.679994418573343085e-01,5.559212562139929092e-01,5.400940391553450404e-01,5.202272794952882418e-01,4.963900337172098554e-01,4.693089114812322715e-01,4.406533516650203430e-01,4.131051229113610335e-01,3.900045805985130620e-01,3.745928495447406470e-01,3.691796822275562606e-01,3.745928495447375939e-01,3.900045805985128955e-01,4.131051229113586465e-01,4.406533516650180116e-01,4.693089114812342699e-01,4.963900337172097443e-01,5.202272794952843560e-01,5.400940391553464837e-01,5.559212562139916880e-01,5.679994418573334203e-01,5.767623314998161499e-01,5.826611817119941028e-01,5.861050488385698420e-01,5.874399934861225248e-01,5.869479494322972224e-01,5.848539557536035494e-01,5.813359231747435851e-01,5.765342674276147106e-01,5.705603845451294731e-01,5.635037199075004777e-01,5.554375103714512818e-01,5.464233892815578697e-01,5.365150579154354116e-01,5.257612028341130950e-01,5.142078038946134022e-01,5.018999439433877718e-01,4.888832027218643628e-01,4.752046952811159741e-01,4.609137988754278270e-01,4.460626010524330609e-01,4.307060945147704323e-01,4.149021402988288254e-01,3.987112188426484294e-01,3.821959873017041209e-01,3.654206589636219138e-01,3.484502122914359679e-01,3.313494093566104470e-01
8.302211302211301991e-01,3.184032533680196675e-01,3.350151197800035341e-01,3.515366511294627516e-01,3.679095458014940978e-01,3.840748623646549897e-01,3.999739091860246010e-01,4.155489908026472889e-01,4.307440236169057246e-01,4.455050139511101959e-01,4.597803852631847099e-01,4.735211395595518291e-01,4.866808375983886492e-01,4.992153818764347717e-01,5.110825847136237776e-01,5.222415002800545603e-01,5.326514935388093619e-01,5.422710102933878673e-01,5.510560005127552730e-01,5.589579320000926943e-01,5.659213144593405742e-01,5.718806385609083165e-01,5.767566289332678453e-01,5.804517318965237704e-01,5.828448445658844790e-01,5.837855125987162497e-01,5.830883107472403237e-01,5.805291004177325354e-01,5.758466798763389738e-01,5.687564161137482754e-01,5.589869026529481477e-01,5.463553364574402771e-01,5.308974884627064572e-01,5.130534505654300581e-01,4.938676494717312848e-01,4.750940386937611004e-01,4.590556254342254561e-01,4.481789714841750705e-01,4.443212216723168018e-01,4.481789714841769579e-01,4.590556254342273435e-01,4.750940386937606563e-01,4.938676494717352816e-01,5.130534505654336108e-01,5.308974884627066793e-01,5.463553364574385007e-01,5.589869026529461493e-01,5.687564161137488306e-01,5.758466798763378636e-01,5.805291004177330905e-01,5.830883107472401017e-01,5.837855125987161387e-01,5.828448445658851451e-01,5.804517318965228823e-01,5.767566289332678453e-01,5.718806385609092047e-01,5.659213144593404632e-01,5.589579320000929163e-01,5.510560005127559391e-01,5.422710102933872012e-01,5.326514935388094729e-01,5.222415002800548933e-01,5.110825847136236666e-01,4.992153818764342721e-01,4.866808375983875945e-01,4.735211395595518291e-01,4.597803852631847654e-01,4.455050139511101959e-01,4.307440236169050585e-01,4.155489908026474555e-01,3.999739091860245455e-01,3.840748623646545457e-01,3.679095458014941533e-01,3.515366511294634733e-01,3.350151197800033676e-01,3.184032533680193344e-01
8.365683865683866127e-01,3.065066531743202427e-01,3.226320864259841770e-01,3.386962156447302918e-01,3.546465024644160913e-01,3.704294433415190602e-01,3.859913774708976786e-01,4.012791833793772356e-01,4.162408726145229165e-01,4.308260745536783842e-01,4.449864013897755766e-01,4.586756808772840532e-01,4.718500441905058018e-01,4.844678561548554363e-01,4.964894744670914628e-01,5.078768227992029871e-01,5.185927594540479246e-01,5.286002181785102172e-01,5.378610906849556894e-01,5.463348115901841551e-01,5.539765968293016707e-01,5.607352787141095529e-01,5.665506804776280214e-01,5.713504924898591408e-01,5.750466754615737308e-01,5.775315689517523943e-01,5.786742104145193855e-01,5.783180145766151359e-01,5.762821454963849011e-01,5.723709023203602531e-01,5.663983610748442032e-01,5.582387552609540116e-01,5.479140015551576814e-01,5.357220089311879319e-01,5.223834894714618482e-01,5.091380026792968749e-01,4.976772157646686123e-01,4.898273279330606078e-01,4.870275614552533328e-01,4.898273279330622731e-01,4.976772157646684458e-01,5.091380026792966529e-01,5.223834894714612931e-01,5.357220089311864886e-01,5.479140015551573484e-01,5.582387552609532344e-01,5.663983610748442032e-01,5.723709023203591428e-01,5.762821454963845680e-01,5.783180145766163571e-01,5.786742104145203847e-01,5.775315689517525053e-01,5.750466754615730647e-01,5.713504924898586967e-01,5.665506804776285765e-01,5.607352787141103301e-01,5.539765968293033360e-01,5.463348115901836000e-01,5.378610906849556894e-01,5.286002181785104392e-01,5.185927594540477026e-01,5.078768227992019879e-01,4.964894744670907412e-01,4.844678561548552143e-01,4.718500441905055798e-01,4.586756808772832206e-01,4.449864013897757986e-01,4.308260745536781622e-01,4.162408726145228055e-01,4.012791833793779017e-01,3.859913774708980116e-01,3.704294433415190602e-01,3.546465024644158692e-01,3.386962156447296812e-01,3.226320864259838439e-01,3.065066531743202427e-01
8.429156429156430264e-01,2.955929724663421965e-01,3.112468631966128774e-01,3.268601281697796068e-01,3.423853739101821447e-01,3.577739884439062878e-01,3.729768794703882673e-01,3.879451226730015745e-01,4.026305265120366239e-01,4.169861087488283546e-01,4.309664757585369155e-01,4.445280942876754238e-01,4.576294450385756107e-01,4.702310474677046104e-01,4.822953449225715339e-01,4.937864382974708755e-01,5.046696544203197465e-01,5.149109321263923844e-01,5.244760042931024824e-01,5.333293481267359359e-01,5.414328693742626042e-01,5.487442806617738311e-01,5.552151338510507017e-01,5.607884795421592683e-01,5.653961703386993776e-01,5.689559302541604691e-01,5.713685395366050468e-01,5.725159344477794843e-01,5.722618569096146190e-01,5.704581218613009597e-01,5.669617548703261845e-01,5.616709028230064682e-01,5.545888889913163089e-01,5.459215836764566010e-01,5.361956180379628956e-01,5.263483244153039919e-01,5.176984986934460853e-01,5.117098643676220027e-01,5.095617155936902343e-01,5.117098643676232239e-01,5.176984986934473065e-01,5.263483244153054352e-01,5.361956180379622294e-01,5.459215836764574892e-01,5.545888889913147546e-01,5.616709028230081335e-01,5.669617548703252963e-01,5.704581218612994054e-01,5.722618569096147301e-01,5.725159344477808165e-01,5.713685395366034925e-01,5.689559302541611352e-01,5.653961703386995996e-01,5.607884795421591573e-01,5.552151338510507017e-01,5.487442806617732760e-01,5.414328693742628262e-01,5.333293481267359359e-01,5.244760042931022603e-01,5.149109321263937167e-01,5.046696544203200796e-01,4.937864382974717636e-01,4.822953449225714229e-01,4.702310474677053875e-01,4.576294450385759993e-01,4.445280942876757568e-01,4.309664757585360828e-01,4.169861087488283546e-01,4.026305265120365684e-01,3.879451226730025182e-01,3.729768794703878232e-01,3.577739884439060658e-01,3.423853739101824223e-01,3.268601281697794403e-01,3.112468631966131549e-01,2.955929724663420854e-01
8.492628992628993290e-01,2.856172966871478036e-01,3.008228246071381062e-01,3.160019273002158124e-01,3.311118196189261620e-01,3.461082979943270743e-01,3.609464211773783515e-01,3.755811152787177920e-01,3.899677086582201135e-01,4.040623932706157717e-01,4.178226053554476849e-01,4.312073169203424761e-01,4.441772290409551349e-01,4.566948579128164987e-01,4.687245043905015618e-01,4.802320970858234839e-01,4.911848976686500334e-01,5.015510545681821641e-01,5.112989876340473527e-01,5.203965814748583441e-01,5.288101594905060265e-01,5.365032051449482031e-01,5.434347944166108002e-01,5.495577093174373040e-01,5.548162285947698669e-01,5.591436613018984092e-01,5.624598456352912779e-01,5.646691585069208985e-01,5.656602039275465676e-01,5.653094660327069310e-01,5.634930308718479885e-01,5.601129633461886526e-01,5.551470712209162217e-01,5.487291971929918466e-01,5.412546850343261662e-01,5.334741866630579032e-01,5.264944431212864595e-01,5.215904519818816976e-01,5.198177919234294730e-01,5.215904519818825857e-01,5.264944431212853493e-01,5.334741866630569040e-01,5.412546850343272764e-01,5.487291971929924017e-01,5.551470712209174430e-01,5.601129633461870982e-01,5.634930308718493208e-01,5.653094660327068199e-01,5.656602039275464566e-01,5.646691585069210095e-01,5.624598456352918330e-01,5.591436613018978541e-01,5.548162285947692007e-01,5.495577093174365269e-01,5.434347944166106892e-01,5.365032051449487582e-01,5.288101594905063596e-01,5.203965814748586771e-01,5.112989876340475748e-01,5.015510545681822752e-01,4.911848976686496449e-01,4.802320970858234284e-01,4.687245043905020059e-01,4.566948579128168872e-01,4.441772290409552459e-01,4.312073169203428091e-01,4.178226053554479624e-01,4.040623932706158272e-01,3.899677086582197805e-01,3.755811152787176255e-01,3.609464211773780740e-01,3.461082979943257976e-01,3.311118196189263285e-01,3.160019273002160900e-01,3.008228246071387169e-01,2.856172966871478591e-01
8.556101556101556316e-01,2.765125134760350045e-01,2.912967745730162816e-01,3.060637687330508006e-01,3.207748725044247129e-01,3.353898829038665652e-01,3.498676526364583039e-01,3.641666585486920682e-01,3.782455089270124748e-01,3.920633877060056283e-01,4.055804302033378939e-01,4.187580234646889887e-01,4.315590236855968986e-01,4.439478829194020149e-01,4.558906769952907334e-01,4.673550259419997355e-01,4.783098969553445379e-01,4.887252777926018310e-01,4.985717051836967562e-01,5.078196282510669679e-01,5.164385810463919535e-01,5.243961316023517671e-01,5.316565687938213935e-01,5.381792863126871884e-01,5.439168329659963552e-01,5.488126366588377270e-01,5.527985088003568581e-01,5.557922603249159099e-01,5.576962271415357719e-01,5.583984080237865966e-01,5.577795366410064348e-01,5.557319580746811205e-01,5.521992585357431427e-01,5.472467170440087347e-01,5.411648091075710321e-01,5.345795221771693084e-01,5.284905359614238129e-01,5.241198107868803024e-01,5.225219856490967985e-01,5.241198107868808576e-01,5.284905359614229248e-01,5.345795221771688643e-01,5.411648091075720313e-01,5.472467170440091788e-01,5.521992585357438088e-01,5.557319580746826748e-01,5.577795366410075451e-01,5.583984080237870407e-01,5.576962271415356609e-01,5.557922603249164650e-01,5.527985088003579683e-01,5.488126366588370608e-01,5.439168329659964662e-01,5.381792863126872994e-01,5.316565687938222817e-01,5.243961316023515451e-01,5.164385810463923976e-01,5.078196282510670789e-01,4.985717051836970337e-01,4.887252777926020531e-01,4.783098969553457591e-01,4.673550259419999020e-01,4.558906769952907334e-01,4.439478829194020149e-01,4.315590236855961215e-01,4.187580234646887667e-01,4.055804302033380049e-01,3.920633877060057393e-01,3.782455089270123083e-01,3.641666585486920127e-01,3.498676526364582484e-01,3.353898829038666762e-01,3.207748725044252125e-01,3.060637687330511336e-01,2.912967745730156710e-01,2.765125134760350045e-01
8.619574119574120452e-01,2.681669452391751696e-01,2.825577641235054727e-01,2.969366398875845636e-01,3.112687481751397200e-01,3.255175510623515289e-01,3.396453980729869926e-01,3.536140655714765657e-01,3.673852408240252387e-01,3.809209503522874019e-01,3.941839288865814916e-01,4.071379235700082200e-01,4.197479272571038589e-01,4.319803343114048677e-01,4.438030118902890342e-01,4.551852790176146302e-01,4.660977844996082586e-01,4.765122726402019615e-01,4.864012224398139850e-01,4.957373411814228192e-01,5.044928867091879043e-01,5.126387841211993424e-01,5.201434923044665481e-01,5.269715651399270451e-01,5.330818453425021364e-01,5.384252357052666804e-01,5.429420355604378523e-01,5.465589583692131992e-01,5.491862604215932420e-01,5.507161077098213786e-01,5.510247382533889349e-01,5.499836503648583008e-01,5.474893291012489227e-01,5.435257825990432723e-01,5.382731235099347256e-01,5.322520160216048790e-01,5.264270716543578699e-01,5.221051423811550185e-01,5.204966932968323468e-01,5.221051423811570169e-01,5.264270716543574258e-01,5.322520160216052121e-01,5.382731235099348366e-01,5.435257825990429392e-01,5.474893291012495888e-01,5.499836503648584118e-01,5.510247382533880467e-01,5.507161077098218227e-01,5.491862604215926869e-01,5.465589583692139763e-01,5.429420355604378523e-01,5.384252357052667914e-01,5.330818453425021364e-01,5.269715651399279333e-01,5.201434923044667702e-01,5.126387841212000085e-01,5.044928867091872382e-01,4.957373411814227082e-01,4.864012224398132078e-01,4.765122726402021280e-01,4.660977844996082586e-01,4.551852790176149632e-01,4.438030118902879240e-01,4.319803343114050898e-01,4.197479272571040254e-01,4.071379235700067767e-01,3.941839288865815472e-01,3.809209503522870133e-01,3.673852408240250167e-01,3.536140655714762326e-01,3.396453980729861044e-01,3.255175510623518620e-01,3.112687481751405527e-01,2.969366398875843416e-01,2.825577641235055837e-01,2.681669452391751141e-01
8.683046683046683478e-01,2.604697643866036305e-01,2.744941469109018484e-01,2.885090143554130959e-01,3.024830553765275876e-01,3.163831295400825194e-01,3.301748448830323923e-01,3.438230761959643056e-01,3.572924315001837492e-01,3.705476680439269699e-01,3.835540558543871770e-01,3.962776851001496015e-01,4.086857125498339349e-01,4.207465418319523698e-01,4.324299316919770209e-01,4.437070257247665017e-01,4.545502958478208622e-01,4.649333897503791779e-01,4.748308693145317783e-01,4.842178220651998100e-01,4.930693204380235950e-01,5.013596932736895662e-01,5.090615595497540724e-01,5.161445551276725441e-01,5.225736591353289384e-01,5.283069999107914416e-01,5.332930004376067457e-01,5.374667365249125028e-01,5.407454961180286901e-01,5.430239099834665017e-01,5.441700467808487929e-01,5.440263110349201625e-01,5.424242420811506982e-01,5.392319309161890395e-01,5.344647456206774727e-01,5.284860879990055382e-01,5.222507309250622454e-01,5.173471594986325250e-01,5.154616811211299998e-01,5.173471594986317479e-01,5.222507309250630225e-01,5.284860879990063154e-01,5.344647456206763625e-01,5.392319309161877072e-01,5.424242420811502541e-01,5.440263110349193854e-01,5.441700467808485708e-01,5.430239099834658356e-01,5.407454961180281350e-01,5.374667365249126139e-01,5.332930004376064126e-01,5.283069999107916637e-01,5.225736591353294935e-01,5.161445551276723220e-01,5.090615595497548496e-01,5.013596932736885670e-01,4.930693204380242611e-01,4.842178220651992548e-01,4.748308693145322223e-01,4.649333897503782342e-01,4.545502958478207511e-01,4.437070257247666127e-01,4.324299316919777425e-01,4.207465418319521477e-01,4.086857125498331023e-01,3.962776851001495459e-01,3.835540558543876211e-01,3.705476680439280246e-01,3.572924315001836937e-01,3.438230761959638615e-01,3.301748448830333360e-01,3.163831295400827415e-01,3.024830553765271990e-01,2.885090143554135400e-01,2.744941469109019039e-01,2.604697643866037415e-01
8.746519246519246504e-01,2.534883080607608363e-01,2.671786065227962914e-01,2.808594160739656953e-01,2.945027086016662188e-01,3.080785248242932095e-01,3.215555391295511489e-01,3.349015652847910363e-01,3.480840121660734310e-01,3.610702927489951031e-01,3.738281862809578193e-01,3.863261516693496933e-01,3.985335890618945665e-01,4.104210459802081212e-01,4.219603639081816460e-01,4.331247606782684945e-01,4.438888430765245974e-01,4.542285424906161162e-01,4.641209637514865927e-01,4.735441330115039982e-01,4.824766237497825627e-01,4.908970295871325495e-01,4.987832366863317324e-01,5.061114242964322996e-01,5.128546852280402302e-01,5.189811025298566305e-01,5.244510360912414404e-01,5.292132546772788659e-01,5.331993945539333923e-01,5.363160736292778008e-01,5.384340143358377073e-01,5.393743316741441696e-01,5.388955690842318624e-01,5.366961720253344836e-01,5.324772023701632717e-01,5.261714569476717562e-01,5.184846716918920517e-01,5.115833409120372766e-01,5.087085158733517520e-01,5.115833409120382758e-01,5.184846716918912746e-01,5.261714569476722003e-01,5.324772023701616064e-01,5.366961720253354828e-01,5.388955690842319735e-01,5.393743316741426153e-01,5.384340143358379294e-01,5.363160736292785780e-01,5.331993945539339474e-01,5.292132546772797541e-01,5.244510360912422176e-01,5.189811025298572966e-01,5.128546852280403412e-01,5.061114242964324106e-01,4.987832366863313993e-01,4.908970295871330491e-01,4.824766237497825627e-01,4.735441330115036651e-01,4.641209637514866482e-01,4.542285424906160607e-01,4.438888430765247639e-01,4.331247606782692161e-01,4.219603639081818125e-01,4.104210459802081212e-01,3.985335890618951771e-01,3.863261516693504705e-01,3.738281862809580414e-01,3.610702927489948810e-01,3.480840121660734310e-01,3.349015652847914248e-01,3.215555391295511489e-01,3.080785248242935981e-01,2.945027086016663853e-01,2.808594160739656953e-01,2.671786065227960694e-01,2.534883080607603922e-01
8.809991809991810641e-01,2.471302652877632455e-01,2.605174930594358340e-01,2.738934745504834622e-01,2.872332978177662977e-01,3.005100263138275052e-01,3.136952617350956540e-01,3.267596462591534912e-01,3.396733155205867716e-01,3.524063078191275178e-01,3.649289316710490616e-01,3.772120918974801174e-01,3.892275734403834453e-01,4.009482816696159357e-01,4.123484378587150001e-01,4.234037285791620309e-01,4.340914078288520828e-01,4.443903506009584947e-01,4.542810561137040071e-01,4.637455977880733937e-01,4.727675148727275012e-01,4.813316367141036722e-01,4.894238239285596537e-01,4.970305991412183322e-01,5.041386197911866818e-01,5.107339096267994316e-01,5.168006997204928066e-01,5.223196046798309622e-01,5.272646114441216225e-01,5.315978415966478021e-01,5.352599159249953331e-01,5.381511235011677829e-01,5.400921528062354593e-01,5.407366863206714003e-01,5.393678369661379923e-01,5.344567816953090800e-01,5.233855271197705994e-01,5.076196434334584451e-01,5.009575370895731350e-01,5.076196434334573349e-01,5.233855271197696002e-01,5.344567816953081918e-01,5.393678369661369931e-01,5.407366863206691798e-01,5.400921528062347932e-01,5.381511235011685601e-01,5.352599159249963323e-01,5.315978415966484683e-01,5.272646114441216225e-01,5.223196046798309622e-01,5.168006997204931396e-01,5.107339096267990985e-01,5.041386197911864597e-01,4.970305991412199975e-01,4.894238239285594871e-01,4.813316367141032837e-01,4.727675148727271126e-01,4.637455977880737823e-01,4.542810561137035075e-01,4.443903506009593274e-01,4.340914078288513611e-01,4.234037285791620864e-01,4.123484378587142785e-01,4.009482816696158247e-01,3.892275734403832788e-01,3.772120918974803394e-01,3.649289316710488396e-01,3.524063078191277953e-01,3.396733155205877153e-01,3.267596462591533246e-01,3.136952617350949879e-01,3.005100263138281713e-01,2.872332978177662977e-01,2.738934745504837398e-01,2.605174930594366667e-01,2.471302652877634121e-01
8.873464373464374777e-01,2.412184666137499045e-01,2.543273775290356142e-01,2.674220603752738290e-01,2.804806193131300640e-01,2.934790463840642460e-01,3.063917932175131420e-01,3.191922795218241626e-01,3.318533525456402455e-01,3.443477057592683188e-01,3.566482616014369222e-01,3.687285213455426258e-01,3.805628844720542192e-01,3.921269401318914771e-01,4.033977342401577904e-01,4.143540174639201434e-01,4.249764820113887120e-01,4.352479990301994506e-01,4.451538742120851877e-01,4.546821480109992097e-01,4.638239807242378610e-01,4.725741851902950930e-01,4.809320077213348199e-01,4.889023238425756479e-01,4.964975344699219528e-01,5.037406712712595436e-01,5.106706547032370258e-01,5.173515286412108116e-01,5.238893335870133949e-01,5.304640956696144993e-01,5.373909812901395133e-01,5.452185217066953804e-01,5.545848110342537218e-01,5.597788193080613928e-01,4.498587704399161225e-01,4.355579370299435538e-01,4.744797365097184749e-01,4.887646597163199935e-01,4.925090725189183449e-01,4.887646597163193274e-01,4.744797365097182529e-01,4.355579370299463848e-01,4.498587704399030218e-01,5.597788193080663888e-01,5.545848110342522785e-01,5.452185217066938261e-01,5.373909812901389582e-01,5.304640956696137222e-01,5.238893335870146162e-01,5.173515286412108116e-01,5.106706547032363597e-01,5.037406712712605428e-01,4.964975344699221749e-01,4.889023238425753703e-01,4.809320077213352085e-01,4.725741851902940383e-01,4.638239807242384716e-01,4.546821480109987101e-01,4.451538742120843550e-01,4.352479990301992285e-01,4.249764820113886565e-01,4.143540174639195883e-01,4.033977342401571242e-01,3.921269401318910330e-01,3.805628844720549964e-01,3.687285213455420707e-01,3.566482616014359786e-01,3.443477057592686519e-01,3.318533525456399125e-01,3.191922795218242181e-01,3.063917932175129755e-01,2.934790463840649122e-01,2.804806193131298975e-01,2.674220603752738845e-01,2.543273775290352812e-01,2.412184666137498490e-01
8.936936936936937803e-01,2.358546742894152837e-01,2.487161344991337952e-01,2.615593591492699765e-01,2.743654094159260204e-01,2.871131518637655700e-01,2.997798511354735074e-01,3.123416960880917026e-01,3.247742772345316720e-01,3.370530272763413993e-01,3.491536332271425458e-01,3.610524272768705356e-01,3.727267637487215457e-01,3.841553911723938897e-01,3.953188318292105152e-01,4.061997866337781482e-01,4.167835919034970638e-01,4.270587682348969683e-01,4.370177235742325195e-01,4.466577084694771105e-01,4.559821822433087757e-01,4.650028551634971530e-01,4.737428648060836855e-01,4.822419099925357999e-01,4.905648874414372806e-01,4.988170720356578380e-01,5.071721317296209453e-01,5.159265789369379407e-01,5.256101631780564221e-01,5.372011071535697235e-01,5.522477839391434218e-01,5.657747305131900495e-01,4.245531997952572412e-01,3.879032808166299473e-01,4.421151154263735505e-01,4.655454475603374442e-01,4.768560268204281027e-01,4.822903427842468171e-01,4.839286445384216595e-01,4.822903427842471502e-01,4.768560268204280472e-01,4.655454475603383324e-01,4.421151154263716077e-01,3.879032808166232860e-01,4.245531997952436409e-01,5.657747305131876070e-01,5.522477839391440879e-01,5.372011071535696125e-01,5.256101631780558670e-01,5.159265789369378297e-01,5.071721317296212783e-01,4.988170720356577270e-01,4.905648874414370586e-01,4.822419099925360775e-01,4.737428648060832415e-01,4.650028551634979856e-01,4.559821822433095528e-01,4.466577084694767774e-01,4.370177235742329080e-01,4.270587682348974679e-01,4.167835919034970638e-01,4.061997866337777596e-01,3.953188318292099046e-01,3.841553911723934456e-01,3.727267637487216012e-01,3.610524272768702581e-01,3.491536332271421572e-01,3.370530272763418989e-01,3.247742772345310613e-01,3.123416960880918691e-01,2.997798511354731743e-01,2.871131518637652924e-01,2.743654094159258539e-01,2.615593591492704206e-01,2.487161344991341838e-01,2.358546742894151171e-01
9.000409500409500829e-01,2.309838766814635014e-01,2.436273047947334069e-01,2.562477472991467886e-01,2.688292192879565556e-01,2.813534643330923291e-01,2.938005818122471080e-01,3.061495841703232301e-01,3.183789067865591127e-01,3.304668869731842706e-01,3.423922257797856750e-01,3.541344459765359831e-01,3.656743616703547750e-01,3.769945797904630247e-01,3.880800620563139569e-01,3.989187897532537885e-01,4.095025958589390558e-01,4.198282655237991490e-01,4.298990671847743861e-01,4.397269827310267276e-01,4.493360955141602608e-01,4.587679500887380524e-01,4.680903893954818096e-01,4.774127891609102892e-01,4.869136507478531994e-01,4.968933786812891884e-01,5.078809101225859601e-01,5.208549935739835712e-01,5.376175940715366419e-01,5.593353179283592214e-01,5.266217884750726830e-01,3.300425744911592019e-01,3.975574717988338835e-01,4.353882300811527384e-01,4.542642566659159109e-01,4.648875722753271766e-01,4.710788800808410337e-01,4.743748666812637738e-01,4.754141951957194800e-01,4.743748666812636072e-01,4.710788800808406451e-01,4.648875722753276207e-01,4.542642566659165770e-01,4.353882300811550143e-01,3.975574717988359930e-01,3.300425744911571480e-01,5.266217884750895584e-01,5.593353179283591103e-01,5.376175940715395285e-01,5.208549935739825720e-01,5.078809101225862932e-01,4.968933786812898545e-01,4.869136507478526998e-01,4.774127891609104557e-01,4.680903893954819761e-01,4.587679500887389406e-01,4.493360955141594282e-01,4.397269827310278933e-01,4.298990671847746636e-01,4.198282655237990380e-01,4.095025958589397219e-01,3.989187897532538996e-01,3.880800620563138459e-01,3.769945797904633022e-01,3.656743616703549971e-01,3.541344459765364272e-01,3.423922257797847313e-01,3.304668869731843817e-01,3.183789067865592792e-01,3.061495841703230636e-01,2.938005818122475521e-01,2.813534643330923846e-01,2.688292192879567777e-01,2.562477472991465666e-01,2.436273047947337678e-01,2.309838766814640565e-01
9.063882063882064966e-01,2.264595593994464529e-01,2.389077883332496044e-01,2.513277900721590519e-01,2.637065909604536240e-01,2.760288780028069544e-01,2.882776765661240748e-01,3.004349551232172733e-01,3.124821861266203205e-01,3.244008861371843189e-01,3.361731565526338561e-01,3.477822481662782850e-01,3.592131786488114709e-01,3.704534431010331752e-01,3.814938765723672187e-01,3.923297585291628531e-01,4.029623012386898684e-01,4.134007529121044855e-01,4.236655030846258052e-01,4.337928638816572757e-01,4.438427455727749216e-01,4.539115307255467413e-01,4.641547287950975598e-01,4.748290325130603562e-01,4.863750947220507603e-01,4.995896577550508200e-01,5.159840840079422675e-01,5.382027338602175526e-01,5.620936290431756133e-01,4.134669869297453726e-01,3.346883840985530045e-01,3.943921743294961924e-01,4.251167442104146765e-01,4.421795574084882996e-01,4.526929095909081879e-01,4.594642304007760525e-01,4.637423448598655407e-01,4.661260828669884781e-01,4.668934273936278245e-01,4.661260828669874789e-01,4.637423448598659848e-01,4.594642304007756639e-01,4.526929095909069667e-01,4.421795574084876890e-01,4.251167442104152872e-01,3.943921743294918070e-01,3.346883840985521719e-01,4.134669869297397105e-01,5.620936290431761684e-01,5.382027338602158872e-01,5.159840840079410462e-01,4.995896577550497097e-01,4.863750947220519816e-01,4.748290325130611333e-01,4.641547287950971157e-01,4.539115307255476295e-01,4.438427455727747550e-01,4.337928638816574978e-01,4.236655030846255277e-01,4.134007529121042634e-01,4.029623012386895908e-01,3.923297585291625200e-01,3.814938765723676073e-01,3.704534431010334528e-01,3.592131786488118039e-01,3.477822481662787846e-01,3.361731565526333010e-01,3.244008861371835417e-01,3.124821861266208756e-01,3.004349551232172733e-01,2.882776765661240193e-01,2.760288780028074540e-01,2.637065909604537350e-01,2.513277900721580527e-01,2.389077883332495211e-01,2.264595593994465361e-01
9.127354627354627992e-01,2.223554273013321758e-01,2.346363013382897489e-01,2.468833956656065753e-01,2.590868558837866042e-01,2.712344332297520477e-01,2.833122321704910629e-01,2.953053838629607908e-01,3.071986833383838489e-01,3.189772230707405565e-01,3.306270560897214272e-01,3.421359279863542824e-01,3.534941304030829734e-01,3.646955520847135479e-01,3.757390434361546072e-01,3.866302782921915426e-01,3.973844140921924950e-01,4.080300615835019684e-01,4.186154643851101032e-01,4.292185417958815918e-01,4.399639773112142271e-01,4.510538104025664796e-01,4.628254080903103640e-01,4.758683263395431240e-01,4.912731612829993599e-01,5.111479048861221619e-01,5.388603714919565357e-01,5.563226377675402068e-01,3.350799582720445091e-01,3.363828633978707128e-01,3.864263174514707688e-01,4.136384466616518929e-01,4.298962487377356867e-01,4.405366102192274091e-01,4.478315604559459651e-01,4.528581666070122802e-01,4.561703095793647189e-01,4.580616667999821701e-01,4.586774512309871876e-01,4.580616667999831138e-01,4.561703095793646634e-01,4.528581666070122247e-01,4.478315604559457985e-01,4.405366102192269651e-01,4.298962487377359643e-01,4.136384466616525035e-01,3.864263174514722676e-01,3.363828633978709903e-01,3.350799582720598302e-01,5.563226377675455359e-01,5.388603714919578680e-01,5.111479048861232721e-01,4.912731612830006922e-01,4.758683263395444007e-01,4.628254080903114187e-01,4.510538104025665351e-01,4.399639773112145047e-01,4.292185417958820914e-01,4.186154643851108803e-01,4.080300615835028566e-01,3.973844140921925505e-01,3.866302782921922088e-01,3.757390434361549958e-01,3.646955520847138255e-01,3.534941304030828624e-01,3.421359279863554481e-01,3.306270560897220934e-01,3.189772230707407230e-01,3.071986833383834048e-01,2.953053838629611794e-01,2.833122321704909519e-01,2.712344332297521587e-01,2.590868558837875479e-01,2.468833956656060480e-01,2.346363013382892215e-01,2.223554273013317317e-01
9.190827190827191018e-01,2.186449803576079876e-01,2.307859834264667509e-01,2.428875241661754836e-01,2.549430391838145571e-01,2.669435360608490848e-01,2.788784354338770255e-01,2.907363412248430423e-01,3.025057891681359190e-01,3.141760205193404598e-01,3.257378328550065150e-01,3.371845743033172194e-01,3.485133750244393536e-01,3.597267577932815596e-01,3.708348525324285383e-01,3.818585853354504733e-01,3.928344758245242985e-01,4.038221706526559096e-01,4.149168092955723974e-01,4.262703140729721674e-01,4.381300454498466834e-01,4.509133123821831290e-01,4.653606232591856462e-01,4.828688650469601384e-01,5.061808505792475543e-01,5.392153840362864381e-01,5.420619477023745914e-01,3.057682295316802579e-01,3.325383792268946648e-01,3.763467465115447608e-01,4.016431830964912741e-01,4.175762011652734418e-01,4.284652669013624959e-01,4.362600598158627996e-01,4.419270431740048855e-01,4.459847716695576891e-01,4.487252254634945259e-01,4.503133211461577412e-01,4.508339431243195139e-01,4.503133211461565755e-01,4.487252254634949700e-01,4.459847716695576891e-01,4.419270431740045524e-01,4.362600598158629661e-01,4.284652669013642168e-01,4.175762011652736638e-01,4.016431830964909966e-01,3.763467465115427069e-01,3.325383792268951089e-01,3.057682295316852539e-01,5.420619477023750354e-01,5.392153840362894357e-01,5.061808505792468882e-01,4.828688650469594168e-01,4.653606232591830927e-01,4.509133123821823519e-01,4.381300454498460173e-01,4.262703140729720008e-01,4.149168092955722864e-01,4.038221706526550214e-01,3.928344758245232993e-01,3.818585853354503068e-01,3.708348525324284273e-01,3.597267577932806160e-01,3.485133750244390760e-01,3.371845743033168863e-01,3.257378328550062374e-01,3.141760205193404043e-01,3.025057891681351419e-01,2.907363412248436529e-01,2.788784354338770810e-01,2.669435360608489738e-01,2.549430391838144461e-01,2.428875241661765938e-01,2.307859834264661958e-01,2.186449803576083761e-01
9.254299754299755154e-01,2.152726950206713119e-01,2.272999280812987577e-01,2.392821525137483474e-01,2.512163421972496979e-01,2.630970392339496700e-01,2.749173223004281463e-01,2.866697116884420193e-01,2.983470788596283563e-01,3.099436292416948291e-01,3.214560406928592684e-01,3.328848701214388028e-01,3.442363956900952315e-01,3.555251588789143380e-01,3.667776427556210250e-01,3.780378368304793679e-01,3.893760336641248765e-01,4.009033805814848916e-01,4.127971672314394436e-01,4.253472599071588811e-01,4.390468485036920776e-01,4.547822327994701652e-01,4.742531416908325470e-01,5.008466256483455892e-01,5.389452773613030434e-01,5.252635826714563416e-01,2.945390041481877330e-01,3.254751685755528090e-01,3.652027922955743966e-01,3.894045873193175966e-01,4.052752451537297573e-01,4.164818835359048732e-01,4.247627367088984141e-01,4.310092843914060112e-01,4.357139751062424349e-01,4.391637275306767840e-01,4.415302077823776705e-01,4.429146193987341662e-01,4.433705009623349902e-01,4.429146193987335001e-01,4.415302077823783922e-01,4.391637275306770061e-01,4.357139751062439892e-01,4.310092843914075655e-01,4.247627367088988581e-01,4.164818835359055949e-01,4.052752451537303124e-01,3.894045873193156537e-01,3.652027922955745631e-01,3.254751685755492563e-01,2.945390041481882881e-01,5.252635826714577849e-01,5.389452773612987135e-01,5.008466256483465884e-01,4.742531416908309927e-01,4.547822327994699987e-01,4.390468485036918556e-01,4.253472599071596583e-01,4.127971672314391105e-01,4.009033805814850027e-01,3.893760336641245989e-01,3.780378368304799785e-01,3.667776427556206364e-01,3.555251588789136163e-01,3.442363956900955646e-01,3.328848701214384698e-01,3.214560406928589353e-01,3.099436292416942740e-01,2.983470788596280787e-01,2.866697116884427410e-01,2.749173223004278688e-01,2.630970392339500030e-01,2.512163421972493649e-01,2.392821525137479310e-01,2.272999280812996459e-01,2.152726950206716172e-01
9.317772317772319290e-01,2.122351850092082104e-01,2.241749808372104080e-01,2.360644667642044781e-01,2.479044867250557727e-01,2.596934997899836839e-01,2.714287171764112050e-01,2.831071951191523328e-01,2.947269775391128666e-01,3.062883916615420365e-01,3.177956297886008752e-01,3.292588101026922009e-01,3.406968176808202187e-01,3.521414220178671894e-01,3.636435266429022817e-01,3.752830922031176186e-01,3.871856437467139367e-01,3.995511550585411076e-01,4.127075403226544981e-01,4.272163031596502014e-01,4.440964231019047803e-01,4.653282223922265426e-01,4.949151065204405175e-01,5.377854856702383168e-01,5.128775549674315926e-01,2.890462410570414642e-01,3.166310468380123533e-01,3.534935146378200832e-01,3.770718059331200078e-01,3.930404442156279488e-01,4.046081238395141111e-01,4.133660070530912889e-01,4.201533608293353539e-01,4.254439846088423627e-01,4.295201160240111893e-01,4.325559443907683876e-01,4.346602586816447067e-01,4.358991845496555384e-01,4.363083992947682788e-01,4.358991845496557604e-01,4.346602586816441516e-01,4.325559443907693868e-01,4.295201160240107452e-01,4.254439846088432509e-01,4.201533608293367417e-01,4.133660070530908448e-01,4.046081238395143331e-01,3.930404442156290590e-01,3.770718059331215621e-01,3.534935146378211934e-01,3.166310468380129639e-01,2.890462410570425744e-01,5.128775549674345902e-01,5.377854856702339870e-01,4.949151065204411282e-01,4.653282223922274863e-01,4.440964231019048358e-01,4.272163031596501459e-01,4.127075403226546091e-01,3.995511550585413851e-01,3.871856437467129375e-01,3.752830922031173966e-01,3.636435266429021707e-01,3.521414220178671339e-01,3.406968176808199411e-01,3.292588101026922009e-01,3.177956297886006531e-01,3.062883916615421476e-01,2.947269775391123670e-01,2.831071951191527769e-01,2.714287171764117046e-01,2.596934997899837949e-01,2.479044867250559669e-01,2.360644667642045336e-01,2.241749808372101027e-01,2.122351850092080439e-01
9.381244881244882317e-01,2.094976133989994438e-01,2.213753125487160356e-01,2.331978521184328024e-01,2.449703866165353072e-01,2.566958082162181798e-01,2.683761101265707549e-01,2.800137427308741489e-01,2.916130960506062575e-01,3.031822672712734534e-01,3.147353328166543895e-01,3.262954606207518760e-01,3.378994116304455120e-01,3.496043762443131753e-01,3.614988534585548696e-01,3.737208111797804544e-01,3.864896086619957760e-01,4.001654599659136835e-01,4.153677530674096396e-01,4.332282231458080557e-01,4.559682999064033626e-01,4.881412309287683771e-01,5.354509243488956294e-01,5.083581781230149810e-01,2.862887692761201808e-01,3.068481079278714274e-01,3.414671197734200359e-01,3.646962433394116410e-01,3.808619109650400181e-01,3.928166746544572430e-01,4.020428934341189198e-01,4.093424897862306122e-01,4.151762351452557565e-01,4.198229822733011707e-01,4.234581409100076632e-01,4.261946111328588360e-01,4.281051674492363235e-01,4.292350586562380110e-01,4.296090588649774111e-01,4.292350586562379000e-01,4.281051674492356574e-01,4.261946111328596132e-01,4.234581409100073301e-01,4.198229822733010042e-01,4.151762351452560340e-01,4.093424897862298351e-01,4.020428934341185312e-01,3.928166746544562993e-01,3.808619109650400181e-01,3.646962433394125291e-01,3.414671197734196473e-01,3.068481079278715384e-01,2.862887692761218461e-01,5.083581781230301910e-01,5.354509243488947412e-01,4.881412309287708196e-01,4.559682999064040843e-01,4.332282231458080557e-01,4.153677530674096952e-01,4.001654599659143496e-01,3.864896086619950544e-01,3.737208111797800103e-01,3.614988534585547586e-01,3.496043762443130087e-01,3.378994116304445683e-01,3.262954606207532082e-01,3.147353328166530573e-01,3.031822672712738420e-01,2.916130960506065906e-01,2.800137427308738158e-01,2.683761101265708104e-01,2.566958082162184573e-01,2.449703866165356680e-01,2.331978521184326081e-01,2.213753125487165629e-01,2.094976133989991385e-01
9.444717444717445343e-01,2.070498783527348063e-01,2.188924569426917432e-01,2.306758539638082972e-01,2.424101077214739774e-01,2.541032293761144034e-01,2.657628731318447679e-01,2.773980654877958862e-01,2.890211888440620269e-01,3.006504701210941377e-01,3.123133436762534632e-01,3.240512831737299981e-01,3.359271213586151883e-01,3.480366968553479379e-01,3.605283215892073345e-01,3.736370816422403540e-01,3.877489433516248529e-01,4.035288826787766236e-01,4.221967781245259399e-01,4.461629679688614569e-01,4.804307740342917410e-01,5.317477990414202216e-01,5.118406755987570111e-01,2.863268235144057483e-01,2.967661721340889014e-01,3.293547622778655870e-01,3.523874772862841676e-01,3.688122832261938044e-01,3.811705356913372977e-01,3.908576745323510404e-01,3.986479777850446826e-01,4.049933483681802948e-01,4.101706650601573689e-01,4.143563499616179091e-01,4.176659840419030822e-01,4.201763489740887314e-01,4.219381382250250723e-01,4.229834207662236389e-01,4.233299527225727332e-01,4.229834207662243051e-01,4.219381382250246282e-01,4.201763489740891200e-01,4.176659840419031933e-01,4.143563499616171875e-01,4.101706650601580906e-01,4.049933483681806279e-01,3.986479777850451267e-01,3.908576745323512625e-01,3.811705356913383524e-01,3.688122832261932493e-01,3.523874772862832794e-01,3.293547622778643102e-01,2.967661721340868475e-01,2.863268235144035279e-01,5.118406755987560119e-01,5.317477990414177791e-01,4.804307740342928512e-01,4.461629679688615679e-01,4.221967781245257179e-01,4.035288826787769567e-01,3.877489433516240758e-01,3.736370816422401320e-01,3.605283215892069459e-01,3.480366968553479934e-01,3.359271213586146332e-01,3.240512831737292765e-01,3.123133436762524084e-01,3.006504701210958586e-01,2.890211888440620269e-01,2.773980654877954977e-01,2.657628731318443793e-01,2.541032293761142924e-01,2.424101077214737276e-01,2.306758539638081862e-01,2.188924569426922151e-01,2.070498783527349174e-01
9.508190008190009479e-01,2.048843815273215796e-01,2.167196818126698177e-01,2.284929061477115608e-01,2.402197191497668360e-01,2.519141611224970934e-01,2.635907393751872885e-01,2.752666932867449678e-01,2.869647270681813800e-01,2.987166163272376163e-01,3.105683233030487322e-01,3.225876956901879700e-01,3.348766810810676620e-01,3.475917237293203454e-01,3.609797078462262943e-01,3.754451917964847785e-01,3.916850058983245009e-01,4.109789139216983855e-01,4.358636255570148554e-01,4.716594252832967959e-01,5.263058517847464257e-01,5.213563608924201009e-01,2.904006796622298769e-01,2.868727202042782864e-01,3.172843587079397509e-01,3.401825323758003727e-01,3.569022662854228201e-01,3.696734371727755653e-01,3.798144512228670000e-01,3.880779593730723231e-01,3.949100578342792933e-01,4.005869762632241482e-01,4.052864006859875912e-01,4.091260695253843838e-01,4.121855564675923622e-01,4.145190277543346902e-01,4.161629162153778205e-01,4.171405814452003313e-01,4.174650709476637189e-01,4.171405814452007199e-01,4.161629162153772654e-01,4.145190277543345236e-01,4.121855564675908634e-01,4.091260695253851609e-01,4.052864006859878687e-01,4.005869762632256470e-01,3.949100578342794043e-01,3.880779593730719346e-01,3.798144512228674441e-01,3.696734371727757873e-01,3.569022662854229866e-01,3.401825323758004838e-01,3.172843587079406391e-01,2.868727202042785085e-01,2.904006796622313757e-01,5.213563608924191017e-01,5.263058517847456486e-01,4.716594252832945755e-01,4.358636255570117468e-01,4.109789139216989406e-01,3.916850058983237792e-01,3.754451917964841678e-01,3.609797078462265718e-01,3.475917237293202899e-01,3.348766810810681616e-01,3.225876956901875259e-01,3.105683233030482326e-01,2.987166163272376718e-01,2.869647270681812135e-01,2.752666932867448568e-01,2.635907393751866223e-01,2.519141611224965382e-01,2.402197191497670303e-01,2.284929061477115608e-01,2.167196818126698454e-01,2.048843815273218016e-01
9.571662571662572505e-01,2.029431709058119038e-01,2.147974491637938410e-01,2.265883359622270499e-01,2.383380844622410288e-01,2.500679758844417400e-01,2.618009972818157727e-01,2.735648878304301479e-01,2.853960092496446443e-01,2.973447153209268223e-01,3.094833369387679500e-01,3.219187701761333509e-01,3.348134239379728649e-01,3.484220567752526199e-01,3.631605817157824712e-01,3.797436593143015959e-01,3.994817308745772788e-01,4.249718187542699810e-01,4.616992110596195298e-01,5.187328709821518169e-01,5.335673393029567446e-01,3.003306860496757769e-01,2.776348157943541728e-01,3.053078730527845619e-01,3.280358780950233810e-01,3.450564390034600026e-01,3.582394849807358228e-01,3.688241085625743043e-01,3.775435762266740047e-01,3.848399632453054497e-01,3.909898224172284609e-01,3.961724393928314214e-01,4.005075583634217784e-01,4.040769728470316458e-01,4.069373236903617297e-01,4.091279117048713387e-01,4.106755609084088987e-01,4.115976536089605564e-01,4.119039660821736115e-01,4.115976536089609450e-01,4.106755609084096759e-01,4.091279117048721159e-01,4.069373236903598423e-01,4.040769728470313127e-01,4.005075583634221670e-01,3.961724393928309218e-01,3.909898224172281833e-01,3.848399632453058938e-01,3.775435762266732276e-01,3.688241085625738602e-01,3.582394849807364334e-01,3.450564390034609463e-01,3.280358780950233810e-01,3.053078730527842288e-01,2.776348157943526185e-01,3.003306860496782194e-01,5.335673393029499723e-01,5.187328709821537043e-01,4.616992110596196408e-01,4.249718187542708137e-01,3.994817308745773343e-01,3.797436593143020955e-01,3.631605817157821936e-01,3.484220567752539521e-01,3.348134239379717547e-01,3.219187701761329068e-01,3.094833369387686717e-01,2.973447153209274885e-01,2.853960092496447554e-01,2.735648878304303144e-01,2.618009972818162168e-01,2.500679758844416845e-01,2.383380844622419170e-01,2.265883359622275217e-01,2.147974491637941741e-01,2.029431709058113487e-01
9.635135135135135531e-01,2.012690259524831660e-01,2.131731025958881753e-01,2.250145986555842081e-01,2.368236163932552762e-01,2.486303079154222051e-01,2.604683844148787397e-01,2.723793222887592735e-01,2.844179934026057621e-01,2.966608706144855390e-01,3.092188197788493520e-01,3.222582475703655303e-01,3.360381237693240153e-01,3.509788735917128144e-01,3.677996480039156801e-01,3.878136670585262680e-01,4.136145519500117884e-01,4.506974350936518992e-01,5.089917339600662505e-01,5.449194202401484999e-01,3.185886242157096593e-01,2.698038582622580561e-01,2.936460830665395538e-01,3.160678069526381972e-01,3.333722340937691486e-01,3.469619065027062521e-01,3.579813321061766640e-01,3.671430699885390170e-01,3.748858770279451247e-01,3.814873207270079725e-01,3.871286627222925714e-01,3.919317160552652224e-01,3.959802762760805117e-01,3.993329702150935634e-01,4.020311855816291469e-01,4.041040797026824727e-01,4.055717866360974977e-01,4.064474643628617212e-01,4.067385541993295828e-01,4.064474643628627759e-01,4.055717866360971646e-01,4.041040797026824172e-01,4.020311855816294244e-01,3.993329702150933413e-01,3.959802762760814554e-01,3.919317160552651669e-01,3.871286627222931820e-01,3.814873207270080280e-01,3.748858770279463459e-01,3.671430699885384064e-01,3.579813321061776077e-01,3.469619065027068072e-01,3.333722340937684270e-01,3.160678069526387524e-01,2.936460830665391653e-01,2.698038582622592774e-01,3.185886242157021098e-01,5.449194202401516085e-01,5.089917339600584789e-01,4.506974350936511775e-01,4.136145519500120105e-01,3.878136670585274337e-01,3.677996480039157912e-01,3.509788735917121483e-01,3.360381237693238488e-01,3.222582475703654747e-01,3.092188197788495185e-01,2.966608706144863716e-01,2.844179934026054291e-01,2.723793222887596066e-01,2.604683844148789618e-01,2.486303079154224549e-01,2.368236163932558591e-01,2.250145986555851796e-01,2.131731025958885084e-01,2.012690259524831660e-01
9.698607698607699668e-01,1.998483767945041789e-01,2.118349647390445900e-01,2.237626927570313395e-01,2.356711782250363874e-01,2.476016621423300368e-01,2.596017201220336967e-01,2.717312244791073028e-01,2.840707530762846544e-01,2.967344607368768150e-01,3.098911325445785625e-01,3.238007754804524962e-01,3.388822999363736432e-01,3.558475760129317655e-01,3.759881088196844745e-01,4.018383840261602891e-01,4.387625065184387330e-01,4.971478357238621748e-01,5.519631875252563047e-01,3.474203600606691755e-01,2.643454473796625348e-01,2.824834136150206065e-01,3.043132751152922699e-01,3.218470965287373309e-01,3.358270130109385354e-01,3.472694260772758446e-01,3.568598550256991131e-01,3.650328140346992822e-01,3.720670157996395777e-01,3.781459174822450753e-01,3.833934963699343057e-01,3.878954818688167272e-01,3.917122485804134246e-01,3.948868527180073307e-01,3.974501615180093816e-01,3.994241869850225779e-01,4.008242715485461627e-01,4.016605098657482498e-01,4.019386360523462542e-01,4.016605098657484718e-01,4.008242715485458296e-01,3.994241869850232995e-01,3.974501615180087155e-01,3.948868527180067756e-01,3.917122485804126475e-01,3.878954818688165607e-01,3.833934963699334175e-01,3.781459174822455749e-01,3.720670157996385230e-01,3.650328140346996708e-01,3.568598550256993907e-01,3.472694260772757890e-01,3.358270130109387019e-01,3.218470965287367203e-01,3.043132751152914373e-01,2.824834136150184971e-01,2.643454473796623128e-01,3.474203600606687870e-01,5.519631875252530850e-01,4.971478357238618417e-01,4.387625065184379558e-01,4.018383840261591233e-01,3.759881088196840304e-01,3.558475760129313770e-01,3.388822999363736432e-01,3.238007754804522187e-01,3.098911325445773413e-01,2.967344607368761489e-01,2.840707530762847099e-01,2.717312244791079134e-01,2.596017201220326420e-01,2.476016621423294539e-01,2.356711782250354437e-01,2.237626927570312285e-01,2.118349647390449231e-01,1.998483767945041789e-01
9.762080262080263804e-01,1.986379085294300850e-01,2.107403789516438808e-01,2.227916526262521124e-01,2.348430693712790784e-01,2.469499930653583364e-01,2.591782932320802479e-01,2.716130182594234110e-01,2.843712838285586963e-01,2.976230028525095883e-01,3.116265291591072684e-01,3.267940253381845239e-01,3.438198746978794462e-01,3.639529298587512174e-01,3.896217397274856498e-01,4.259394221464253283e-01,4.833063990740496529e-01,5.522994549955612120e-01,3.877307878185847212e-01,2.626581939305645541e-01,2.720446845352793019e-01,2.927780927221537710e-01,3.104344160622126148e-01,3.247722064920134377e-01,3.366202368101511855e-01,3.466239546317904652e-01,3.552106247869932232e-01,3.626595136866767044e-01,3.691562486055165460e-01,3.748270204277378004e-01,3.797594814478658098e-01,3.840156447023741482e-01,3.876400125115658235e-01,3.906648124125977617e-01,3.931134355160408322e-01,3.950027258051657109e-01,3.963445114107070344e-01,3.971466168359469862e-01,3.974135022824217267e-01,3.971466168359467641e-01,3.963445114107083667e-01,3.950027258051661549e-01,3.931134355160398886e-01,3.906648124125977617e-01,3.876400125115660455e-01,3.840156447023745923e-01,3.797594814478660319e-01,3.748270204277378004e-01,3.691562486055167680e-01,3.626595136866759272e-01,3.552106247869927791e-01,3.466239546317912978e-01,3.366202368101513520e-01,3.247722064920133267e-01,3.104344160622113380e-01,2.927780927221540486e-01,2.720446845352806897e-01,2.626581939305637770e-01,3.877307878185820567e-01,5.522994549955630994e-01,4.833063990740489313e-01,4.259394221464236074e-01,3.896217397274858718e-01,3.639529298587507178e-01,3.438198746978791132e-01,3.267940253381845239e-01,3.116265291591063802e-01,2.976230028525100879e-01,2.843712838285586963e-01,2.716130182594237441e-01,2.591782932320798039e-01,2.469499930653579478e-01,2.348430693712787454e-01,2.227916526262522234e-01,2.107403789516437975e-01,1.986379085294301128e-01
9.825552825552826830e-01,1.976875731503547340e-01,2.099461286262408466e-01,2.221664371925618220e-01,2.344145465129218731e-01,2.467641774597728876e-01,2.593058713433377127e-01,2.721599419022299182e-01,2.854967577346595453e-01,2.995710639637055861e-01,3.147841987699909194e-01,3.318050287135522747e-01,3.518235504210891484e-01,3.771271930771943892e-01,4.124882065126844188e-01,4.679211568597105853e-01,5.453430109015975358e-01,4.371294602635668602e-01,2.670060726359176351e-01,2.628358052197133921e-01,2.816362039274913909e-01,2.992380759221830999e-01,3.138847866940984166e-01,3.261182632614119670e-01,3.365212517105918288e-01,3.455079783996017340e-01,3.533567727261690550e-01,3.602551157591548647e-01,3.663313956420599093e-01,3.716752084543212264e-01,3.763501817537735494e-01,3.804021678327451639e-01,3.838645733346678912e-01,3.867618900618958189e-01,3.891120706719420896e-01,3.909281434863282056e-01,3.922193113157491084e-01,3.929916878783776268e-01,3.932487677661992143e-01,3.929916878783783485e-01,3.922193113157492750e-01,3.909281434863282056e-01,3.891120706719419231e-01,3.867618900618948197e-01,3.838645733346682243e-01,3.804021678327444422e-01,3.763501817537736605e-01,3.716752084543208379e-01,3.663313956420599649e-01,3.602551157591546427e-01,3.533567727261683888e-01,3.455079783996015674e-01,3.365212517105927725e-01,3.261182632614128551e-01,3.138847866940971398e-01,2.992380759221829889e-01,2.816362039274896700e-01,2.628358052197135031e-01,2.670060726359158587e-01,4.371294602635765747e-01,5.453430109015944272e-01,4.679211568597100857e-01,4.124882065126846964e-01,3.771271930771920577e-01,3.518235504210892040e-01,3.318050287135518306e-01,3.147841987699912525e-01,2.995710639637059192e-01,2.854967577346595453e-01,2.721599419022297517e-01,2.593058713433377682e-01,2.467641774597722493e-01,2.344145465129213457e-01,2.221664371925623493e-01,2.099461286262407633e-01,1.976875731503544564e-01
9.889025389025389856e-01,1.969942351914986678e-01,2.094539118840021974e-01,2.218954988338580625e-01,2.344038451013640556e-01,2.470770347131022171e-01,2.600396394755166152e-01,2.734625854169668857e-01,2.875959597489993191e-01,3.028275421884064622e-01,3.197950833218345945e-01,3.396186730428327194e-01,3.644218943199574734e-01,3.985798941344986246e-01,4.514231114067969175e-01,5.318686033398479784e-01,4.878131310678860966e-01,2.805187727044485269e-01,2.555434025061342207e-01,2.710340805364185868e-01,2.882862820898305367e-01,3.031604696845127123e-01,3.157490262255462365e-01,3.265341933366956439e-01,3.359069210260236527e-01,3.441415959649548051e-01,3.514266703638828093e-01,3.578924992522160564e-01,3.636305783641942679e-01,3.687061341943062009e-01,3.731663256339304291e-01,3.770456449071657445e-01,3.803695287182743967e-01,3.831568093433294631e-01,3.854213988796093004e-01,3.871734547335433652e-01,3.884201845790547503e-01,3.891663922932664943e-01,3.894148294980647740e-01,3.891663922932669939e-01,3.884201845790542507e-01,3.871734547335440313e-01,3.854213988796095225e-01,3.831568093433310174e-01,3.803695287182736751e-01,3.770456449071649119e-01,3.731663256339307067e-01,3.687061341943060344e-01,3.636305783641953782e-01,3.578924992522164450e-01,3.514266703638824207e-01,3.441415959649543610e-01,3.359069210260239302e-01,3.265341933366963101e-01,3.157490262255453484e-01,3.031604696845118241e-01,2.882862820898299816e-01,2.710340805364183647e-01,2.555434025061339987e-01,2.805187727044484713e-01,4.878131310678787136e-01,5.318686033398465351e-01,4.514231114067954742e-01,3.985798941345004565e-01,3.644218943199588057e-01,3.396186730428329970e-01,3.197950833218347610e-01,3.028275421884066287e-01,2.875959597489993191e-01,2.734625854169675518e-01,2.600396394755164486e-01,2.470770347131019673e-01,2.344038451013646107e-01,2.218954988338584233e-01,2.094539118840024194e-01,1.969942351914987233e-01
9.952497952497953992e-01,1.965236698923784331e-01,2.092338816744194752e-01,2.219559993934099307e-01,2.347993306699895644e-01,2.478949341714387633e-01,2.614153383231546668e-01,2.756058482879856220e-01,2.908391342620657016e-01,3.077182044571811215e-01,3.272862379480384609e-01,3.514899571312388171e-01,3.842784121258249197e-01,4.341086694139471569e-01,5.133602734628452957e-01,5.285752672024462973e-01,3.071399251008907760e-01,2.512354362517332795e-01,2.611712785372948820e-01,2.775934455603430440e-01,2.925642579089464124e-01,3.054617102606164147e-01,3.166063955345447267e-01,3.263491946988385517e-01,3.349553876102663308e-01,3.426127192323719650e-01,3.494529694676504206e-01,3.555693716323153897e-01,3.610287051459098451e-01,3.658794077884148233e-01,3.701570094684727419e-01,3.738878066234268549e-01,3.770913785838584387e-01,3.797823320758293986e-01,3.819715221281204109e-01,3.836669102322874392e-01,3.848741647882391592e-01,3.855970725926655684e-01,3.858378058875266969e-01,3.855970725926655684e-01,3.848741647882387151e-01,3.836669102322874947e-01,3.819715221281204665e-01,3.797823320758301202e-01,3.770913785838582166e-01,3.738878066234267994e-01,3.701570094684732415e-01,3.658794077884143237e-01,3.610287051459091234e-01,3.555693716323140019e-01,3.494529694676509757e-01,3.426127192323719650e-01,3.349553876102657757e-01,3.263491946988384962e-01,3.166063955345445047e-01,3.054617102606169143e-01,2.925642579089459128e-01,2.775934455603431550e-01,2.611712785372947154e-01,2.512354362517337791e-01,3.071399251008864462e-01,5.285752672024462973e-01,5.133602734628444075e-01,4.341086694139523194e-01,3.842784121258233099e-01,3.514899571312387616e-01,3.272862379480380168e-01,3.077182044571804553e-01,2.908391342620648135e-01,2.756058482879849003e-01,2.614153383231553884e-01,2.478949341714387911e-01,2.347993306699898974e-01,2.219559993934096809e-01,2.092338816744194474e-01,1.965236698923784886e-01
1.001597051597051813e+00,1.963168647014308099e-01,2.093371221998678589e-01,2.224127434235666501e-01,2.356855164005198788e-01,2.493321455320622326e-01,2.635944112158478680e-01,2.788299160904294527e-01,2.956056853860375977e-01,3.148854199550536470e-01,3.384357152643450162e-01,3.697760399712259338e-01,4.164044968562533588e-01,4.916806665697296408e-01,5.504171695660050601e-01,3.503393656513427157e-01,2.517350849378003907e-01,2.524826839700554104e-01,2.672973063698526053e-01,2.821581229471178398e-01,2.952955517812182462e-01,3.067699242448131414e-01,3.168650273669452178e-01,3.258285781879653453e-01,3.338447426402666451e-01,3.410457174144886916e-01,3.475261270797886937e-01,3.533541942871259445e-01,3.585796016370991213e-01,3.632388938269981993e-01,3.673591878281292633e-01,3.709607412852937158e-01,3.740587489779880204e-01,3.766646116413258083e-01,3.787868384220963169e-01,3.804316899947638997e-01,3.816036337212624918e-01,3.823056584442131589e-01,3.825394801935273481e-01,3.823056584442128258e-01,3.816036337212626028e-01,3.804316899947638997e-01,3.787868384220964280e-01,3.766646116413262524e-01,3.740587489779894637e-01,3.709607412852947705e-01,3.673591878281300405e-01,3.632388938269990875e-01,3.585796016370993433e-01,3.533541942871251118e-01,3.475261270797880830e-01,3.410457174144889692e-01,3.338447426402660900e-01,3.258285781879665111e-01,3.168650273669448847e-01,3.067699242448118091e-01,2.952955517812183017e-01,2.821581229471172292e-01,2.672973063698511620e-01,2.524826839700552439e-01,2.517350849378012234e-01,3.503393656513487109e-01,5.504171695660070585e-01,4.916806665697300294e-01,4.164044968562543025e-01,3.697760399712267110e-01,3.384357152643450717e-01,3.148854199550532584e-01,2.956056853860383749e-01,2.788299160904291196e-01,2.635944112158477015e-01,2.493321455320620383e-01,2.356855164005204339e-01,2.224127434235665390e-01,2.093371221998675535e-01,1.963168647014314483e-01
1.007944307944308004e+00,1.964108600903260726e-01,2.098128600663014542e-01,2.233321800791275014e-01,2.371546077097117233e-01,2.515214224325058034e-01,2.667768299535056564e-01,2.834526132246110719e-01,3.024336307267522228e-01,3.253095895808756910e-01,3.551834091265593241e-01,3.985842476453758110e-01,4.683458276458556946e-01,5.514380746086054996e-01,4.094102666030788873e-01,2.598869646097695663e-01,2.456469865921459550e-01,2.575910291312464295e-01,2.720160783786084724e-01,2.852899919069378787e-01,2.970533785931532278e-01,3.074799598861990280e-01,3.167864973222020986e-01,3.251489741461681682e-01,3.326983344115450603e-01,3.395299854331346734e-01,3.457133843085188896e-01,3.512993978560407515e-01,3.563255717654947308e-01,3.608198336455445410e-01,3.648030941613924494e-01,3.682910856537072730e-01,3.712956724754326032e-01,3.738257918788047696e-01,3.758881328863986626e-01,3.774876260189617971e-01,3.786277934321221617e-01,3.793109930489060311e-01,3.795385790682212490e-01,3.793109930489056425e-01,3.786277934321221617e-01,3.774876260189609645e-01,3.758881328863979965e-01,3.738257918788054357e-01,3.712956724754328808e-01,3.682910856537084943e-01,3.648030941613927824e-01,3.608198336455440969e-01,3.563255717654953969e-01,3.512993978560407515e-01,3.457133843085196667e-01,3.395299854331346179e-01,3.326983344115444496e-01,3.251489741461685568e-01,3.167864973222017100e-01,3.074799598861989725e-01,2.970533785931528947e-01,2.852899919069387114e-01,2.720160783786089165e-01,2.575910291312459299e-01,2.456469865921457330e-01,2.598869646097696218e-01,4.094102666030791648e-01,5.514380746086002816e-01,4.683458276458499769e-01,3.985842476453764216e-01,3.551834091265604898e-01,3.253095895808758575e-01,3.024336307267529445e-01,2.834526132246117380e-01,2.667768299535069887e-01,2.515214224325058590e-01,2.371546077097115568e-01,2.233321800791272516e-01,2.098128600663012044e-01,1.964108600903259338e-01
1.014291564291564418e+00,1.967832517919657631e-01,2.106512530105731640e-01,2.247245094818261513e-01,2.392496797253076124e-01,2.545615511619960247e-01,2.711598113142751898e-01,2.898545018082011593e-01,3.120678535908178453e-01,3.405137281132110116e-01,3.808025111739433699e-01,4.444864336727540888e-01,5.360674542760620609e-01,4.741259523178505408e-01,2.797182303120688274e-01,2.416858180929158106e-01,2.486985026200658477e-01,2.621660582111828841e-01,2.754144804822633574e-01,2.874057118728986504e-01,2.981350056979497065e-01,3.077670078008817867e-01,3.164621747463745582e-01,3.243474469577251607e-01,3.315179419985702647e-01,3.380439329627067391e-01,3.439773151024841935e-01,3.493565823680199744e-01,3.542104547194477870e-01,3.585604810628946759e-01,3.624229051721183925e-01,3.658100095146405994e-01,3.687310891488860820e-01,3.711931614360071685e-01,3.732014847185975981e-01,3.747599365969787044e-01,3.758712868473054747e-01,3.765373890987857020e-01,3.767593075428129490e-01,3.765373890987858685e-01,3.758712868473051971e-01,3.747599365969794816e-01,3.732014847185977646e-01,3.711931614360075016e-01,3.687310891488861930e-01,3.658100095146405994e-01,3.624229051721188366e-01,3.585604810628949535e-01,3.542104547194473430e-01,3.493565823680199189e-01,3.439773151024846931e-01,3.380439329627072942e-01,3.315179419985700426e-01,3.243474469577252717e-01,3.164621747463742807e-01,3.077670078008808985e-01,2.981350056979498730e-01,2.874057118728993165e-01,2.754144804822624137e-01,2.621660582111836613e-01,2.486985026200658477e-01,2.416858180929145339e-01,2.797182303120732128e-01,4.741259523178624202e-01,5.360674542760596184e-01,4.444864336727545329e-01,3.808025111739437030e-01,3.405137281132112892e-01,3.120678535908179008e-01,2.898545018082019920e-01,2.711598113142756894e-01,2.545615511619968019e-01,2.392496797253079455e-01,2.247245094818261513e-01,2.106512530105738024e-01,1.967832517919662072e-01
1.020638820638820832e+00,1.974814238539253364e-01,2.119203187128080312e-01,2.266890640960573522e-01,2.421204433593230343e-01,2.586880257072387557e-01,2.771340804549413117e-01,2.987270110176722393e-01,3.258269862598869859e-01,3.632077984282729988e-01,4.208597477612696092e-01,5.108335840576363474e-01,5.257944413880594192e-01,3.161353078442288300e-01,2.423636654847319827e-01,2.410831293719156165e-01,2.527570682035051308e-01,2.657293707209961164e-01,2.778583965632944186e-01,2.888515557259586086e-01,2.987881868459882906e-01,3.078017926982266061e-01,3.160110095335524338e-01,3.235089547464892190e-01,3.303660229781475999e-01,3.366348620573888506e-01,3.423548135920834734e-01,3.475553596911554188e-01,3.522586803826049384e-01,3.564815245271646393e-01,3.602365759660745015e-01,3.635334541700055988e-01,3.663794504702271859e-01,3.687800717635857928e-01,3.707394424831317314e-01,3.722606006556793412e-01,3.733457132520801025e-01,3.739962284228900424e-01,3.742129766281032111e-01,3.739962284228893763e-01,3.733457132520801580e-01,3.722606006556790637e-01,3.707394424831306212e-01,3.687800717635856818e-01,3.663794504702270749e-01,3.635334541700055988e-01,3.602365759660738354e-01,3.564815245271644173e-01,3.522586803826050494e-01,3.475553596911556964e-01,3.423548135920836955e-01,3.366348620573886841e-01,3.303660229781461011e-01,3.235089547464899407e-01,3.160110095335524893e-01,3.078017926982266061e-01,2.987881868459887347e-01,2.888515557259580535e-01,2.778583965632940300e-01,2.657293707209967271e-01,2.527570682035049643e-01,2.410831293719159218e-01,2.423636654847320104e-01,3.161353078442274978e-01,5.257944413880573098e-01,5.108335840576339049e-01,4.208597477612697202e-01,3.632077984282742200e-01,3.258269862598897615e-01,2.987270110176730720e-01,2.771340804549412007e-01,2.586880257072384781e-01,2.421204433593230065e-01,2.266890640960573799e-01,2.119203187128069765e-01,1.974814238539251421e-01
1.026986076986077023e+00,1.985505324896561230e-01,2.136919502797671178e-01,2.293402423297677684e-01,2.459529056008802061e-01,2.642147967461112579e-01,2.852574818696563819e-01,3.111270229181748448e-01,3.458579569171538193e-01,3.978729048340471364e-01,4.811537142613194762e-01,5.491446195304543476e-01,3.719924734814893386e-01,2.504699648791040012e-01,2.354733452389828063e-01,2.440002859980307248e-01,2.563033632993420019e-01,2.684341210170220204e-01,2.796357096959417032e-01,2.898499162850517452e-01,2.991655695504712442e-01,3.076863574331329398e-01,3.155007301815609955e-01,3.226780928977003304e-01,3.292713822304882965e-01,3.353206030530968551e-01,3.408559361967081203e-01,3.459001787441982056e-01,3.504705862149207762e-01,3.545802445029421213e-01,3.582390887026326021e-01,3.614546609091020546e-01,3.642326754758004603e-01,3.665774415277513465e-01,3.684921786210602068e-01,3.699792513124493532e-01,3.710403410498477328e-01,3.716765684047645957e-01,3.718885746309358864e-01,3.716765684047662610e-01,3.710403410498473997e-01,3.699792513124499083e-01,3.684921786210603734e-01,3.665774415277516796e-01,3.642326754758010710e-01,3.614546609091008889e-01,3.582390887026324355e-01,3.545802445029416217e-01,3.504705862149198325e-01,3.459001787441975950e-01,3.408559361967088974e-01,3.353206030530972992e-01,3.292713822304879634e-01,3.226780928977002194e-01,3.155007301815612175e-01,3.076863574331329398e-01,2.991655695504719104e-01,2.898499162850509681e-01,2.796357096959415367e-01,2.684341210170222425e-01,2.563033632993427235e-01,2.440002859980309469e-01,2.354733452389826120e-01,2.504699648791061106e-01,3.719924734814986644e-01,5.491446195304525713e-01,4.811537142613234730e-01,3.978729048340495789e-01,3.458579569171564838e-01,3.111270229181743452e-01,2.852574818696574921e-01,2.642147967461114244e-01,2.459529056008800119e-01,2.293402423297675463e-01,2.136919502797663406e-01,1.985505324896559565e-01
1.033333333333333437e+00,2.000480365175412723e-01,2.160602282200113078e-01,2.328324550886151922e-01,2.510072128816314696e-01,2.715996212924369768e-01,2.963834346796331287e-01,3.287555531907691009e-01,3.757052695049239999e-01,4.504758813217723534e-01,5.432610206479653314e-01,4.415313978110631532e-01,2.701737308549659322e-01,2.330602427719843384e-01,2.362343928135378079e-01,2.472457193202660664e-01,2.591702484299273079e-01,2.704993541128579704e-01,2.809544893693687317e-01,2.905523127996756938e-01,2.993713686488712611e-01,3.074913483374995260e-01,3.149789404381347913e-01,3.218866266699610956e-01,3.282547608776915093e-01,3.341141006979798100e-01,3.394880237234503273e-01,3.443942905577290214e-01,3.488463979368489620e-01,3.528546032756526563e-01,3.564266973937899596e-01,3.595685874077526045e-01,3.622847370083357443e-01,3.645784992041813388e-01,3.664523673009305038e-01,3.679081629278891930e-01,3.689471747535592594e-01,3.695702576583119181e-01,3.697778991733324250e-01,3.695702576583122512e-01,3.689471747535594259e-01,3.679081629278903032e-01,3.664523673009310034e-01,3.645784992041811723e-01,3.622847370083361329e-01,3.595685874077531596e-01,3.564266973937894045e-01,3.528546032756521011e-01,3.488463979368490731e-01,3.443942905577294655e-01,3.394880237234504938e-01,3.341141006979798100e-01,3.282547608776907877e-01,3.218866266699612066e-01,3.149789404381339586e-01,3.074913483374995260e-01,2.993713686488712611e-01,2.905523127996751387e-01,2.809544893693688983e-01,2.704993541128571377e-01,2.591702484299268083e-01,2.472457193202655112e-01,2.362343928135394178e-01,2.330602427719826175e-01,2.701737308549638228e-01,4.415313978110506632e-01,5.432610206479665527e-01,4.504758813217721869e-01,3.757052695049221680e-01,3.287555531907708772e-01,2.963834346796329067e-01,2.715996212924355890e-01,2.510072128816311920e-01,2.328324550886152478e-01,2.160602282200111968e-01,2.000480365175405506e-01
