9.109361952370844673e-01,9.192324437247318958e-01,9.269784202833974973e-01,9.341776921861174587e-01,9.408363605640958083e-01,9.469629028779216195e-01,9.525679979541624709e-01,9.576643373663568104e-01,9.622664269301578477e-01,9.663903819821373364e-01,9.700537199318366444e-01,9.732751533312208325e-01,9.760743864088796684e-01,9.784719176821168318e-01,9.804888509027515076e-01,9.821467162247278226e-01,9.834673031143632560e-01,9.844725061678160083e-01,9.851841846619884269e-01,9.856240363511236113e-01,9.858134857353432201e-01,9.857735867712665856e-01,9.855249397679209933e-01,9.850876220120698967e-01,9.844811314889453380e-01,9.837243429006413686e-01,9.828354750206642620e-01,9.818320682412440270e-01,9.807309709379241625e-01,9.795483329480780821e-01,9.782996039570086566e-01,9.769995337788383027e-01,9.756621701836774019e-01,9.743008476553333130e-01,9.729281565112198882e-01,9.715558747100654369e-01,9.701948313926254119e-01,9.688546451423355466e-01,9.675432255613135579e-01,9.662658038642881753e-01,9.650229502139404669e-01,9.638061474133188256e-01,9.625863561668975832e-01,9.612756722306919910e-01,9.594881943123960699e-01,9.580723355931151097e-01,9.590603203360023032e-01,9.602479056856059181e-01,9.617126656832691856e-01,9.634931862728337570e-01,9.656150457758374550e-01,9.680931052629885292e-01,9.709289160887873971e-01,9.741057775442680811e-01,9.775822344487744564e-01,9.812848475026808570e-01,9.851016913869878877e-01,9.888789252739900171e-01,9.924235473780315120e-01,9.955154250110711533e-01,9.979300971889504268e-01,9.994703431620881595e-01,1.000000000000000000e+00,9.994703431620939327e-01,9.979300971889543126e-01,9.955154250110785918e-01,9.924235473780272931e-01,9.888789252739922375e-01,9.851016913869907743e-01,9.812848475026815231e-01,9.775822344487756776e-01,9.741057775442737432e-01,9.709289160887875081e-01,9.680931052629890843e-01,9.656150457758408967e-01,9.634931862728339791e-01,9.617126656832667431e-01,9.602479056856056960e-01,9.590603203360006379e-01,9.580723355931117791e-01,9.594881943124040635e-01,9.612756722306919910e-01,9.625863561668972501e-01,9.638061474133208240e-01,9.650229502139345827e-01,9.662658038642959468e-01,9.675432255613127808e-01,9.688546451423430961e-01,9.701948313926229694e-01,9.715558747100618842e-01,9.729281565112207764e-01,9.743008476553335351e-01,9.756621701836742933e-01,9.769995337788391909e-01,9.782996039570178715e-01,9.795483329480740853e-01,9.807309709379194995e-01,9.818320682412424727e-01,9.828354750206602652e-01,9.837243429006378159e-01,9.844811314889478915e-01,9.850876220120660109e-01,9.855249397679162193e-01,9.857735867712670297e-01,9.858134857353479941e-01,9.856240363511186153e-01,9.851841846619846521e-01,9.844725061678119005e-01,9.834673031143622568e-01,9.821467162247273786e-01,9.804888509027513965e-01,9.784719176821186082e-01,9.760743864088786692e-01,9.732751533312241632e-01,9.700537199318364223e-01,9.663903819821382246e-01,9.622664269301580697e-01,9.576643373663554781e-01,9.525679979541606945e-01,9.469629028779182889e-01,9.408363605640978067e-01,9.341776921861163485e-01,9.269784202833923903e-01,9.192324437247290092e-01,9.109361952370859106e-01
8.616052525013819796e-01,8.709488199219449500e-01,8.798014440693203708e-01,8.881593087676511455e-01,8.960210214884904989e-01,9.033875475184198756e-01,9.102621224363169894e-01,9.166501451673105816e-01,9.225590541094932373e-01,9.279981889867030542e-01,9.329786411679444891e-01,9.375130952137856744e-01,9.416156643687423333e-01,9.453017226213610291e-01,9.485877358095686773e-01,9.514910940648595439e-01,9.540299476736742168e-01,9.562230481958960970e-01,9.580895964259595887e-01,9.596490985175353261e-01,9.609212313235667713e-01,9.619257177321479668e-01,9.626822125067313607e-01,9.632101988640012769e-01,9.635288957387503350e-01,9.636571753807293694e-01,9.636134905838195097e-01,9.634158104304733072e-01,9.630815628906407300e-01,9.626275818563988507e-01,9.620700550724049505e-01,9.614244676806623646e-01,9.607055332771359257e-01,9.599270996221285213e-01,9.591020077996289528e-01,9.582418682913725894e-01,9.573566877488649540e-01,9.564542189569464892e-01,9.555387693728628618e-01,9.546088636431985242e-01,9.536521879639900945e-01,9.526328937248746964e-01,9.514504765015892040e-01,9.497043036031928009e-01,9.481530695378113105e-01,9.496030330743795433e-01,9.511270213037680277e-01,9.528410169627031800e-01,9.547839931467729802e-01,9.569723248606537558e-01,9.594074500743317024e-01,9.620761725516681073e-01,9.649489216664995928e-01,9.679776529691476172e-01,9.710945041345671047e-01,9.742122676735956999e-01,9.772276098039401893e-01,9.800274685867954583e-01,9.824981193632521537e-01,9.845352553271365936e-01,9.860527244158561189e-01,9.869879679600674915e-01,9.873037955492803830e-01,9.869879679600637168e-01,9.860527244158570070e-01,9.845352553271335960e-01,9.824981193632579268e-01,9.800274685867946811e-01,9.772276098039427428e-01,9.742122676735966991e-01,9.710945041345768747e-01,9.679776529691471731e-01,9.649489216665009250e-01,9.620761725516684404e-01,9.594074500743305922e-01,9.569723248606595289e-01,9.547839931467734242e-01,9.528410169627054005e-01,9.511270213037701371e-01,9.496030330743839842e-01,9.481530695378099782e-01,9.497043036031925789e-01,9.514504765015897592e-01,9.526328937248782491e-01,9.536521879639864308e-01,9.546088636431933061e-01,9.555387693728547571e-01,9.564542189569518182e-01,9.573566877488730587e-01,9.582418682913698138e-01,9.591020077996281756e-01,9.599270996221314078e-01,9.607055332771395895e-01,9.614244676806653622e-01,9.620700550724063937e-01,9.626275818564004050e-01,9.630815628906351789e-01,9.634158104304765269e-01,9.636134905838202869e-01,9.636571753807292584e-01,9.635288957387467823e-01,9.632101988640022761e-01,9.626822125067310276e-01,9.619257177321463015e-01,9.609212313235713232e-01,9.596490985175403221e-01,9.580895964259594777e-01,9.562230481958959860e-01,9.540299476736748829e-01,9.514910940648607651e-01,9.485877358095679002e-01,9.453017226213602520e-01,9.416156643687447758e-01,9.375130952137865625e-01,9.329786411679457103e-01,9.279981889867061629e-01,9.225590541094895736e-01,9.166501451673109147e-01,9.102621224363143249e-01,9.033875475184207637e-01,8.960210214884877233e-01,8.881593087676505904e-01,8.798014440693215921e-01,8.709488199219442839e-01,8.616052525013833119e-01
8.117627069446459176e-01,8.218818204411636463e-01,8.315796815050915392e-01,8.408466480824082767e-01,8.496751543190929068e-01,8.580597203539430673e-01,8.659969421536689582e-01,8.734854621896122051e-01,8.805259220393467645e-01,8.871208982428339107e-01,8.932748229481393132e-01,8.989938910428263430e-01,9.042859555842645003e-01,9.091604134136781479e-01,9.136280828684179012e-01,9.177010754949386229e-01,9.213926636157091510e-01,9.247171455191092182e-01,9.276897099255340118e-01,9.303263012380824648e-01,9.326434869139831330e-01,9.346583280929831039e-01,9.363882543892241284e-01,9.378509434875957895e-01,9.390642058722161734e-01,9.400458746341781024e-01,9.408136998243660232e-01,9.413852461801813787e-01,9.417777921715153600e-01,9.420082270277873038e-01,9.420929404589101219e-01,9.420476966968713839e-01,9.418874793868906581e-01,9.416262850613448254e-01,9.412768270047489061e-01,9.408500808514189684e-01,9.403545410272607930e-01,9.397949194077822588e-01,9.391696800195832306e-01,9.384658570816504231e-01,9.376463942980893806e-01,9.366105828888220408e-01,9.349859824725352819e-01,9.333129069474377371e-01,9.351654152402482101e-01,9.369182850429841336e-01,9.387490753626100970e-01,9.406985413694036735e-01,9.427715385951163096e-01,9.449518848835580798e-01,9.472058539981140779e-01,9.494835449972484076e-01,9.517209011135953078e-01,9.538438462674131424e-01,9.557753814592773178e-01,9.574456406709954681e-01,9.588036411732505648e-01,9.598280089219139999e-01,9.605329740310636355e-01,9.609662506070580923e-01,9.611974928913117333e-01,9.612993764990473977e-01,9.613265760718777697e-01,9.612993764990491741e-01,9.611974928913145089e-01,9.609662506070554278e-01,9.605329740310648567e-01,9.598280089219110023e-01,9.588036411732480113e-01,9.574456406709970224e-01,9.557753814592735431e-01,9.538438462674141416e-01,9.517209011135918661e-01,9.494835449972579555e-01,9.472058539981184078e-01,9.449518848835568585e-01,9.427715385951166427e-01,9.406985413694036735e-01,9.387490753626128726e-01,9.369182850429885745e-01,9.351654152402463227e-01,9.333129069474402906e-01,9.349859824725361701e-01,9.366105828888260376e-01,9.376463942980917121e-01,9.384658570816497569e-01,9.391696800195838968e-01,9.397949194077818147e-01,9.403545410272572402e-01,9.408500808514154157e-01,9.412768270047466856e-01,9.416262850613442703e-01,9.418874793868907691e-01,9.420476966968742705e-01,9.420929404589103440e-01,9.420082270277854164e-01,9.417777921715155820e-01,9.413852461801781590e-01,9.408136998243645799e-01,9.400458746341752159e-01,9.390642058722156182e-01,9.378509434875940132e-01,9.363882543892241284e-01,9.346583280929841031e-01,9.326434869139861306e-01,9.303263012380833530e-01,9.276897099255327905e-01,9.247171455191078859e-01,9.213926636157059313e-01,9.177010754949365134e-01,9.136280828684150146e-01,9.091604134136803683e-01,9.042859555842613917e-01,8.989938910428274532e-01,8.932748229481403124e-01,8.871208982428346879e-01,8.805259220393470976e-01,8.734854621896134264e-01,8.659969421536694023e-01,8.580597203539425122e-01,8.496751543190911304e-01,8.408466480824083877e-01,8.315796815050919832e-01,8.218818204411638684e-01,8.117627069446432531e-01
7.615910174400878363e-01,7.722073352449276840e-01,7.824786811687323151e-01,7.923916998344365803e-01,8.019346366448860675e-01,8.110973932002740749e-01,8.198715676746306524e-01,8.282504800396232048e-01,8.362291822529894780e-01,8.438044537457847216e-01,8.509747827411298093e-01,8.577403341143606808e-01,8.641029046568428074e-01,8.700658667307389349e-01,8.756341013985110555e-01,8.808139221774213823e-01,8.856129906053690215e-01,8.900402248097815106e-01,8.941057022449774294e-01,8.978205577045086372e-01,9.011968776211073395e-01,9.042475915334589054e-01,9.069863614185321721e-01,9.094274693482128358e-01,9.115857036085390774e-01,9.134762429867411271e-01,9.151145383314420734e-01,9.165161896379080408e-01,9.176968156581226665e-01,9.186719111351838718e-01,9.194566837731941167e-01,9.200658581711677053e-01,9.205134256224264400e-01,9.208123037857667281e-01,9.209738420654246527e-01,9.210070516452238953e-01,9.209173146436383517e-01,9.207040257076657408e-01,9.203557883061993516e-01,9.198390331112867857e-01,9.190638070963489392e-01,9.177183349874065144e-01,9.159953184341538268e-01,9.181657944537570115e-01,9.200053967407368916e-01,9.217767844821740386e-01,9.235227150771744276e-01,9.252361680332230609e-01,9.268841454188496698e-01,9.284150651594095249e-01,9.297636382083515061e-01,9.308568975759335951e-01,9.316227986526957050e-01,9.320016183070407578e-01,9.319591343174912224e-01,9.314992320153182570e-01,9.306725961584125795e-01,9.295781187461628070e-01,9.283549647008235706e-01,9.271656281430608049e-01,9.261728712647534500e-01,9.255151042735398903e-01,9.252849932408971911e-01,9.255151042735401123e-01,9.261728712647476769e-01,9.271656281430618041e-01,9.283549647008245698e-01,9.295781187461622519e-01,9.306725961584207951e-01,9.314992320153194783e-01,9.319591343174911113e-01,9.320016183070459759e-01,9.316227986526927074e-01,9.308568975759345943e-01,9.297636382083481754e-01,9.284150651594136328e-01,9.268841454188523343e-01,9.252361680332165106e-01,9.235227150771715410e-01,9.217767844821724843e-01,9.200053967407408884e-01,9.181657944537559013e-01,9.159953184341540489e-01,9.177183349874086238e-01,9.190638070963450534e-01,9.198390331112872298e-01,9.203557883062027933e-01,9.207040257076742895e-01,9.209173146436391288e-01,9.210070516452234513e-01,9.209738420654255409e-01,9.208123037857655069e-01,9.205134256224274392e-01,9.200658581711683714e-01,9.194566837731952269e-01,9.186719111351814293e-01,9.176968156581235547e-01,9.165161896379030448e-01,9.151145383314428505e-01,9.134762429867406830e-01,9.115857036085354137e-01,9.094274693482143901e-01,9.069863614185331713e-01,9.042475915334553527e-01,9.011968776211110033e-01,8.978205577045140773e-01,8.941057022449808711e-01,8.900402248097815106e-01,8.856129906053693546e-01,8.808139221774241578e-01,8.756341013985157185e-01,8.700658667307386018e-01,8.641029046568441396e-01,8.577403341143614579e-01,8.509747827411311416e-01,8.438044537457847216e-01,8.362291822529863694e-01,8.282504800396215394e-01,8.198715676746320957e-01,8.110973932002721876e-01,8.019346366448878438e-01,7.923916998344353591e-01,7.824786811687325372e-01,7.722073352449282391e-01,7.615910174400892796e-01
7.120858169483151867e-01,7.229312984773677009e-01,7.335073871664292700e-01,7.437990909191898314e-01,7.537925479643311499e-01,7.634751000497027595e-01,7.728353556488452014e-01,7.818632426834968285e-01,7.905500504205023038e-01,7.988884603548470631e-01,8.068725660391047327e-01,8.144978819589744345e-01,8.217613416817277638e-01,8.286612856163257934e-01,8.351974388171982122e-01,8.413708793366082572e-01,8.471839976796019522e-01,8.526404479388364210e-01,8.577450911806089318e-01,8.625039316143271462e-01,8.669240459993224901e-01,8.710135066174078400e-01,8.747812979537300526e-01,8.782372269627388706e-01,8.813918264202278419e-01,8.842562503280754216e-01,8.868421595687299153e-01,8.891615948744996389e-01,8.912268324683827458e-01,8.930502150737613665e-01,8.946439466992216483e-01,8.960198323887959004e-01,8.971889313963041790e-01,8.981610684860728000e-01,8.989441006933842626e-01,8.995427345539396269e-01,8.999564446734856782e-01,9.001753820920512794e-01,9.001710162732695641e-01,8.998691790277077995e-01,8.990300343510115866e-01,8.973961765154954140e-01,8.998762737339571771e-01,9.017372398442556891e-01,9.033566743355008200e-01,9.047787253396242235e-01,9.059863180747126377e-01,9.069346550074841584e-01,9.075627809265506274e-01,9.078019307651675751e-01,9.075848565683252156e-01,9.068571350467776737e-01,9.055898796786583382e-01,9.037920256084902570e-01,9.015194822604390978e-01,8.988783567740582514e-01,8.960204231017009358e-01,8.931308676265465873e-01,8.904103785736600107e-01,8.880549745582567711e-01,8.862370535781103342e-01,8.850901284141337033e-01,8.846982677782895266e-01,8.850901284141328151e-01,8.862370535781182168e-01,8.880549745582554388e-01,8.904103785736632304e-01,8.931308676265468094e-01,8.960204231017033782e-01,8.988783567740562530e-01,9.015194822604389868e-01,9.037920256084899240e-01,9.055898796786564509e-01,9.068571350467785619e-01,9.075848565683265479e-01,9.078019307651651326e-01,9.075627809265492951e-01,9.069346550074829372e-01,9.059863180747107503e-01,9.047787253396193385e-01,9.033566743354973783e-01,9.017372398442523584e-01,8.998762737339596196e-01,8.973961765154969683e-01,8.990300343510119196e-01,8.998691790277023594e-01,9.001710162732675657e-01,9.001753820920506133e-01,8.999564446734876766e-01,8.995427345539410702e-01,8.989441006933834855e-01,8.981610684860709126e-01,8.971889313963062884e-01,8.960198323887957894e-01,8.946439466992225364e-01,8.930502150737638090e-01,8.912268324683801923e-01,8.891615948745015263e-01,8.868421595687338010e-01,8.842562503280769759e-01,8.813918264202283970e-01,8.782372269627414241e-01,8.747812979537273881e-01,8.710135066174093943e-01,8.669240459993264869e-01,8.625039316143265911e-01,8.577450911806079326e-01,8.526404479388347557e-01,8.471839976796050609e-01,8.413708793366101446e-01,8.351974388171988783e-01,8.286612856163263485e-01,8.217613416817290961e-01,8.144978819589743235e-01,8.068725660391055099e-01,7.988884603548488395e-01,7.905500504205014156e-01,7.818632426834952742e-01,7.728353556488445353e-01,7.634751000497056461e-01,7.537925479643332594e-01,7.437990909191898314e-01,7.335073871664307132e-01,7.229312984773683670e-01,7.120858169483140765e-01
6.634899714345658950e-01,6.743158796388416532e-01,6.849413841150102655e-01,6.953514536628347953e-01,7.055317976925097323e-01,7.154689394937261415e-01,7.251502833660282699e-01,7.345641750227764888e-01,7.436999547747495942e-01,7.525480030961607669e-01,7.610997782730397621e-01,7.693478459277627302e-01,7.772859003015805124e-01,7.849087772555827236e-01,7.922124590163106550e-01,7.991940707421371082e-01,8.058518690161848852e-01,8.121852223772723089e-01,8.181945839763110628e-01,8.238814563854217621e-01,8.292483484819086481e-01,8.342987241660033693e-01,8.390369424323390612e-01,8.434681879731229515e-01,8.475983910049260661e-01,8.514341343162271647e-01,8.549825445263431467e-01,8.582511630557575488e-01,8.612477900375272721e-01,8.639802908179010643e-01,8.664563488025787130e-01,8.686831382190561834e-01,8.706668717017415071e-01,8.724121409842348074e-01,8.739208910301896616e-01,8.751906846859075495e-01,8.762114263069215037e-01,8.769581682190019656e-01,8.773713370251233767e-01,8.772755273457434333e-01,8.758644804878599199e-01,8.788004184194482260e-01,8.807455989069469249e-01,8.822701339629069883e-01,8.834194562081780777e-01,8.841701695185901766e-01,8.844730878324871259e-01,8.842685506588793265e-01,8.834974791317079523e-01,8.821125664432146740e-01,8.800900556485969917e-01,8.774409004963256153e-01,8.742191980594237188e-01,8.705256152406958270e-01,8.665042603903408969e-01,8.623329506129194799e-01,8.582085632729667957e-01,8.543304033853089674e-01,8.508847377455306393e-01,8.480328212680625644e-01,8.459033307715148053e-01,8.445887555644636668e-01,8.441444370887245530e-01,8.445887555644665534e-01,8.459033307715161376e-01,8.480328212680647848e-01,8.508847377455253103e-01,8.543304033853099666e-01,8.582085632729675728e-01,8.623329506129204791e-01,8.665042603903417850e-01,8.705256152406942727e-01,8.742191980594191669e-01,8.774409004963225067e-01,8.800900556485988790e-01,8.821125664432190039e-01,8.834974791317075082e-01,8.842685506588746636e-01,8.844730878324899015e-01,8.841701695185955057e-01,8.834194562081761903e-01,8.822701339629085426e-01,8.807455989069495894e-01,8.788004184194512236e-01,8.758644804878575885e-01,8.772755273457446545e-01,8.773713370251273735e-01,8.769581682190046301e-01,8.762114263069238351e-01,8.751906846859118794e-01,8.739208910301865529e-01,8.724121409842328090e-01,8.706668717017412851e-01,8.686831382190534079e-01,8.664563488025767146e-01,8.639802908178998431e-01,8.612477900375249407e-01,8.582511630557602134e-01,8.549825445263452561e-01,8.514341343162307174e-01,8.475983910049241787e-01,8.434681879731221743e-01,8.390369424323392833e-01,8.342987241660042574e-01,8.292483484819077599e-01,8.238814563854208739e-01,8.181945839763115069e-01,8.121852223772737522e-01,8.058518690161816656e-01,7.991940707421377743e-01,7.922124590163132085e-01,7.849087772555828346e-01,7.772859003015799573e-01,7.693478459277617310e-01,7.610997782730388739e-01,7.525480030961586575e-01,7.436999547747493722e-01,7.345641750227781541e-01,7.251502833660289360e-01,7.154689394937274738e-01,7.055317976925106205e-01,6.953514536628355724e-01,6.849413841150089333e-01,6.743158796388417642e-01,6.634899714345675603e-01
6.165842990369813092e-01,6.271943710161879126e-01,6.376630325561104540e-01,6.479761984597982583e-01,6.581202353417039408e-01,6.680820266173691513e-01,6.778490338690545958e-01,6.874093540251161594e-01,6.967517718407910676e-01,7.058658072212183887e-01,7.147417569825170736e-01,7.233707307002075204e-01,7.317446803439806580e-01,7.398564234402861262e-01,7.476996595358431641e-01,7.552689797522279536e-01,7.625598692189691219e-01,7.695687021446628862e-01,7.762927292254685474e-01,7.827300569883309800e-01,7.888796185108449821e-01,7.947411347335908705e-01,8.003150652605308668e-01,8.056025470941632349e-01,8.106053191223295817e-01,8.153256292818310547e-01,8.197661200391702652e-01,8.239296859293655517e-01,8.278192939891019231e-01,8.314377532833788775e-01,8.347874119256513126e-01,8.378697460335422509e-01,8.406847782028805671e-01,8.432302068326129607e-01,8.454999973729542262e-01,8.474818450271284220e-01,8.491518635597448128e-01,8.504607215422173017e-01,8.512810531466030728e-01,8.507257362953284385e-01,8.538092908505514611e-01,8.559966201026422139e-01,8.576041715547291222e-01,8.586808711020701423e-01,8.592022340654518198e-01,8.591225971255052052e-01,8.583932431152202502e-01,8.569748651034952980e-01,8.548488356355032902e-01,8.520273293563717099e-01,8.485608925059671126e-01,8.445416767494028365e-01,8.401010308496120738e-01,8.354013173418570748e-01,8.306232821942582945e-01,8.259514612680595169e-01,8.215604718446039012e-01,8.176044969097318038e-01,8.142111215136663693e-01,8.114794251618075993e-01,8.094812957122130559e-01,8.082644915931918028e-01,8.078559933896920509e-01,8.082644915931949114e-01,8.094812957122107244e-01,8.114794251618091536e-01,8.142111215136692559e-01,8.176044969097333581e-01,8.215604718446022359e-01,8.259514612680567414e-01,8.306232821942577393e-01,8.354013173418569638e-01,8.401010308496108525e-01,8.445416767494042798e-01,8.485608925059665575e-01,8.520273293563715988e-01,8.548488356355040674e-01,8.569748651034952980e-01,8.583932431152235809e-01,8.591225971255084248e-01,8.592022340654497103e-01,8.586808711020712526e-01,8.576041715547279010e-01,8.559966201026455446e-01,8.538092908505464651e-01,8.507257362953261071e-01,8.512810531466007413e-01,8.504607215422173017e-01,8.491518635597460340e-01,8.474818450271286441e-01,8.454999973729523388e-01,8.432302068326119615e-01,8.406847782028782357e-01,8.378697460335445824e-01,8.347874119256516456e-01,8.314377532833787665e-01,8.278192939891046986e-01,8.239296859293664399e-01,8.197661200391739289e-01,8.153256292818323869e-01,8.106053191223309140e-01,8.056025470941591271e-01,8.003150652605282023e-01,7.947411347335905374e-01,7.888796185108466474e-01,7.827300569883299808e-01,7.762927292254687694e-01,7.695687021446628862e-01,7.625598692189684558e-01,7.552689797522286197e-01,7.476996595358429420e-01,7.398564234402866813e-01,7.317446803439836556e-01,7.233707307002082976e-01,7.147417569825171846e-01,7.058658072212181667e-01,6.967517718407899574e-01,6.874093540251161594e-01,6.778490338690527084e-01,6.680820266173713717e-01,6.581202353417039408e-01,6.479761984597979252e-01,6.376630325561103430e-01,6.271943710161852481e-01,6.165842990369811982e-01
5.716726462650829621e-01,5.819239073969683096e-01,5.920821643687864677e-01,6.021347780508148340e-01,6.120693612335772471e-01,6.218738326091458601e-01,6.315364686154835150e-01,6.410459526368189609e-01,6.503914210714279998e-01,6.595625057985731177e-01,6.685493725973968848e-01,6.773427550892950899e-01,6.859339837899147696e-01,6.943150098633132927e-01,7.024784231659547684e-01,7.104174641470375473e-01,7.181260291286356567e-01,7.255986684175786960e-01,7.328305765916924841e-01,7.398175741452271970e-01,7.465560794561764135e-01,7.530430697323057254e-01,7.592760291739493184e-01,7.652528820192016079e-01,7.709719073499743391e-01,7.764316314388962637e-01,7.816306918500827150e-01,7.865676651977524525e-01,7.912408469125028487e-01,7.956479655829176156e-01,7.997858043734844546e-01,8.036496830536902225e-01,8.072327150628917369e-01,8.105246646124796284e-01,8.135099976313181491e-01,8.161640209572187388e-01,8.184433603500121945e-01,8.202525447881813259e-01,8.211592739822634046e-01,8.240365853052045164e-01,8.266460086030295029e-01,8.285542923663424819e-01,8.298192851590222574e-01,8.304213428289457521e-01,8.303251687184732832e-01,8.294996204882998381e-01,8.279301312867490825e-01,8.256284327923933963e-01,8.226395579123157997e-01,8.190449900069808331e-01,8.149609386764745667e-01,8.105315601708367179e-01,8.059181154443484374e-01,8.012860844078605327e-01,7.967926993882888942e-01,7.925770581288845706e-01,7.887540985690544293e-01,7.854126491345587713e-01,7.826168868790466249e-01,7.804100471101687031e-01,7.788191350881277231e-01,7.778595669695154147e-01,7.775389581855592924e-01,7.778595669695108628e-01,7.788191350881314978e-01,7.804100471101667047e-01,7.826168868790481792e-01,7.854126491345605476e-01,7.887540985690557616e-01,7.925770581288841266e-01,7.967926993882923359e-01,8.012860844078596445e-01,8.059181154443482153e-01,8.105315601708394935e-01,8.149609386764751218e-01,8.190449900069824984e-01,8.226395579123154667e-01,8.256284327923917310e-01,8.279301312867471951e-01,8.294996204882940649e-01,8.303251687184728391e-01,8.304213428289436427e-01,8.298192851590183716e-01,8.285542923663401504e-01,8.266460086030273935e-01,8.240365853052021849e-01,8.211592739822625164e-01,8.202525447881823251e-01,8.184433603500084198e-01,8.161640209572167404e-01,8.135099976313194814e-01,8.105246646124769638e-01,8.072327150628918480e-01,8.036496830536893343e-01,7.997858043734841216e-01,7.956479655829162834e-01,7.912408469125031818e-01,7.865676651977506761e-01,7.816306918500830481e-01,7.764316314388950424e-01,7.709719073499742281e-01,7.652528820192023851e-01,7.592760291739463208e-01,7.530430697323055034e-01,7.465560794561773017e-01,7.398175741452294174e-01,7.328305765916913739e-01,7.255986684175773638e-01,7.181260291286371000e-01,7.104174641470353269e-01,7.024784231659541023e-01,6.943150098633102951e-01,6.859339837899154357e-01,6.773427550892958671e-01,6.685493725973969958e-01,6.595625057985747830e-01,6.503914210714294430e-01,6.410459526368186278e-01,6.315364686154828489e-01,6.218738326091460822e-01,6.120693612335788014e-01,6.021347780508143899e-01,5.920821643687863567e-01,5.819239073969670883e-01,5.716726462650826290e-01
5.285203519623445922e-01,5.383086920230895078e-01,5.480427397470556405e-01,5.577114953761399541e-01,5.673040791955999973e-01,5.768097743958308099e-01,5.862180685789577517e-01,5.955186934532070708e-01,6.047016622532341845e-01,6.137573044195784311e-01,6.226762970633145100e-01,6.314496927308453911e-01,6.400689429656248874e-01,6.485259171351105412e-01,6.568129159483672153e-01,6.649226790270617027e-01,6.728483858040497090e-01,6.805836489011913848e-01,6.881224989712800832e-01,6.954593597654030734e-01,7.025890118896335190e-01,7.095065433211864558e-01,7.162072842335115430e-01,7.226867229880142851e-01,7.289403992211471728e-01,7.349637686842582784e-01,7.407520327003271898e-01,7.462999224578984458e-01,7.516014242225124153e-01,7.566494245483216252e-01,7.614352416346954477e-01,7.659479825563888511e-01,7.701736060313026933e-01,7.740934162382975270e-01,7.776812541002761092e-01,7.808969720028072770e-01,7.836651835515815456e-01,7.857335578343634941e-01,7.888053855946091097e-01,7.919743151235701939e-01,7.943633803303580265e-01,7.960482273401746633e-01,7.970197022653577879e-01,7.972576236550537043e-01,7.967512915592881440e-01,7.955106450428540699e-01,7.935733787386642923e-01,7.910083110273192775e-01,7.879144848943291368e-01,7.844158705673119902e-01,7.806523957031452632e-01,7.767688828103009868e-01,7.729039370607918569e-01,7.691807067864451231e-01,7.657008065820718468e-01,7.625418239934272924e-01,7.597580414538260829e-01,7.573835054818336410e-01,7.554364135469345820e-01,7.539238884906366289e-01,7.528464443915899862e-01,7.522017036029866599e-01,7.519871330653441488e-01,7.522017036029884363e-01,7.528464443915908744e-01,7.539238884906385163e-01,7.554364135469298080e-01,7.573835054818292001e-01,7.597580414538268601e-01,7.625418239934257381e-01,7.657008065820747333e-01,7.691807067864478986e-01,7.729039370607903026e-01,7.767688828103008758e-01,7.806523957031458183e-01,7.844158705673104359e-01,7.879144848943276935e-01,7.910083110273191664e-01,7.935733787386642923e-01,7.955106450428545140e-01,7.967512915592878109e-01,7.972576236550529272e-01,7.970197022653582319e-01,7.960482273401724429e-01,7.943633803303582486e-01,7.919743151235697498e-01,7.888053855946066673e-01,7.857335578343638272e-01,7.836651835515801023e-01,7.808969720028087202e-01,7.776812541002761092e-01,7.740934162382966388e-01,7.701736060313029153e-01,7.659479825563885180e-01,7.614352416346980013e-01,7.566494245483195158e-01,7.516014242225134145e-01,7.462999224578961144e-01,7.407520327003285221e-01,7.349637686842596107e-01,7.289403992211462846e-01,7.226867229880170607e-01,7.162072842335125422e-01,7.095065433211890094e-01,7.025890118896340741e-01,6.954593597654038506e-01,6.881224989712801943e-01,6.805836489011926060e-01,6.728483858040483767e-01,6.649226790270603704e-01,6.568129159483698798e-01,6.485259171351120955e-01,6.400689429656249985e-01,6.314496927308446139e-01,6.226762970633150651e-01,6.137573044195773209e-01,6.047016622532325192e-01,5.955186934532075149e-01,5.862180685789581958e-01,5.768097743958311430e-01,5.673040791955992201e-01,5.577114953761395100e-01,5.480427397470568618e-01,5.383086920230881756e-01,5.285203519623460355e-01
4.870933814470732592e-01,4.963559969092666835e-01,5.055949668478711967e-01,5.148009286624811720e-01,5.239645548282998444e-01,5.330765854970638262e-01,5.421278600591237229e-01,5.511093472422581296e-01,5.600121733002146884e-01,5.688276478182648921e-01,5.775472866326585297e-01,5.861628313230564657e-01,5.946662646891744952e-01,6.030498215609514379e-01,6.113059942113542311e-01,6.194275315365280754e-01,6.274074310327310000e-01,6.352389224247413368e-01,6.429154415757371011e-01,6.504305930210888542e-01,6.577780991013708611e-01,6.649517332025638439e-01,6.719452340151128578e-01,6.787521969581579162e-01,6.853659379189461776e-01,6.917793231248403618e-01,6.979845571005651728e-01,7.039729178680236288e-01,7.097344239505698482e-01,7.152574093214906226e-01,7.205279651432942023e-01,7.255291674114988654e-01,7.302399070897022115e-01,7.346328361573477572e-01,7.386698628746345419e-01,7.422884417010756630e-01,7.453250939243619699e-01,7.487171995407144731e-01,7.525133540545466682e-01,7.554848150513340244e-01,7.577384303669068011e-01,7.592801052151936236e-01,7.601069591162694650e-01,7.602280428541772217e-01,7.596735458985002243e-01,7.584990220244292036e-01,7.567855399561028706e-01,7.546359566094664739e-01,7.521679028940876366e-01,7.495046914658468618e-01,7.467657778427676529e-01,7.440584110561142550e-01,7.414716921449058251e-01,7.390735922121060009e-01,7.369108103724490988e-01,7.350108693664233472e-01,7.333856307705012290e-01,7.320354314630149739e-01,7.309532084278665964e-01,7.301281947745014156e-01,7.295489672501739298e-01,7.292057701319494267e-01,7.290921251022052241e-01,7.292057701319496488e-01,7.295489672501719314e-01,7.301281947745026368e-01,7.309532084278684838e-01,7.320354314630136416e-01,7.333856307705006738e-01,7.350108693664256787e-01,7.369108103724476555e-01,7.390735922121055568e-01,7.414716921449038267e-01,7.440584110561141440e-01,7.467657778427642112e-01,7.495046914658503034e-01,7.521679028940877476e-01,7.546359566094666960e-01,7.567855399561003171e-01,7.584990220244312020e-01,7.596735458984997802e-01,7.602280428541794421e-01,7.601069591162664674e-01,7.592801052151920693e-01,7.577384303669058019e-01,7.554848150513364669e-01,7.525133540545454469e-01,7.487171995407138070e-01,7.453250939243640794e-01,7.422884417010769953e-01,7.386698628746340978e-01,7.346328361573493115e-01,7.302399070897012123e-01,7.255291674114997535e-01,7.205279651432938692e-01,7.152574093214897344e-01,7.097344239505691821e-01,7.039729178680236288e-01,6.979845571005652838e-01,6.917793231248393626e-01,6.853659379189439571e-01,6.787521969581585823e-01,6.719452340151133019e-01,6.649517332025649541e-01,6.577780991013733036e-01,6.504305930210926290e-01,6.429154415757382113e-01,6.352389224247413368e-01,6.274074310327331094e-01,6.194275315365282975e-01,6.113059942113548972e-01,6.030498215609524371e-01,5.946662646891760495e-01,5.861628313230602405e-01,5.775472866326604171e-01,5.688276478182651141e-01,5.600121733002142443e-01,5.511093472422570194e-01,5.421278600591236119e-01,5.330765854970646034e-01,5.239645548282992893e-01,5.148009286624816161e-01,5.055949668478713077e-01,4.963559969092688484e-01,4.870933814470727041e-01
4.469108885378967888e-01,4.556061513075394531e-01,4.643020507421766752e-01,4.729907525468102225e-01,4.816644008658715337e-01,4.903151414488206017e-01,4.989351437878594697e-01,5.075166218193722933e-01,5.160518527442223835e-01,5.245331934797438089e-01,5.329530942062227217e-01,5.413041084104330825e-01,5.495788987548584359e-01,5.577702380100609814e-01,5.658710041743619801e-01,5.738741687640701583e-01,5.817727770821967681e-01,5.895599190565535830e-01,5.972286889698977808e-01,6.047721320758036034e-01,6.121831756921463086e-01,6.194545418760217803e-01,6.265786381920404047e-01,6.335474223647327152e-01,6.403522357088043959e-01,6.469835990625507627e-01,6.534309632891017738e-01,6.596824037271030727e-01,6.657242429464399480e-01,6.715405753839330805e-01,6.771126415879020755e-01,6.824179313219155274e-01,6.874286914264866599e-01,6.921088051266240937e-01,6.964047936385940885e-01,7.002019901115424938e-01,7.038770956104042353e-01,7.082857925121084364e-01,7.118381745202664312e-01,7.146951909737906394e-01,7.168808829671201588e-01,7.184093911462172688e-01,7.193061583089817024e-01,7.196151737114474534e-01,7.194007502745287663e-01,7.187454939933145548e-01,7.177452609277301665e-01,7.165020897193089544e-01,7.151163881535698152e-01,7.136797134141426024e-01,7.122692356001061320e-01,7.109444964780554654e-01,7.097465387191163044e-01,7.086990457790594000e-01,7.078108882430744764e-01,7.070794231060580914e-01,7.064939841875544912e-01,7.060391621523157690e-01,7.056976402580729113e-01,7.054524898837583047e-01,7.052889239827508927e-01,7.051955581957153329e-01,7.051652471844338521e-01,7.051955581957161101e-01,7.052889239827502266e-01,7.054524898837578606e-01,7.056976402580724672e-01,7.060391621523152139e-01,7.064939841875559345e-01,7.070794231060565371e-01,7.078108882430764748e-01,7.086990457790611764e-01,7.097465387191165265e-01,7.109444964780550213e-01,7.122692356001066871e-01,7.136797134141450449e-01,7.151163881535707034e-01,7.165020897193107308e-01,7.177452609277285012e-01,7.187454939933133335e-01,7.194007502745283222e-01,7.196151737114477864e-01,7.193061583089829236e-01,7.184093911462194892e-01,7.168808829671204919e-01,7.146951909737888631e-01,7.118381745202662092e-01,7.082857925121105458e-01,7.038770956104061227e-01,7.002019901115406064e-01,6.964047936385973081e-01,6.921088051266222063e-01,6.874286914264874371e-01,6.824179313219145282e-01,6.771126415879012983e-01,6.715405753839317482e-01,6.657242429464392819e-01,6.596824037271010743e-01,6.534309632891017738e-01,6.469835990625510957e-01,6.403522357088043959e-01,6.335474223647331593e-01,6.265786381920424031e-01,6.194545418760224464e-01,6.121831756921459755e-01,6.047721320758046026e-01,5.972286889698974477e-01,5.895599190565545822e-01,5.817727770821968791e-01,5.738741687640698252e-01,5.658710041743633123e-01,5.577702380100605373e-01,5.495788987548581028e-01,5.413041084104317502e-01,5.329530942062222776e-01,5.245331934797441420e-01,5.160518527442232717e-01,5.075166218193722933e-01,4.989351437878602469e-01,4.903151414488198800e-01,4.816644008658718668e-01,4.729907525468106111e-01,4.643020507421774523e-01,4.556061513075393421e-01,4.469108885378977880e-01
4.076741862468696298e-01,4.157744177120603624e-01,4.238945393801222261e-01,4.320280407036855563e-01,4.401683440063631769e-01,4.483088187077266529e-01,4.564427943659645215e-01,4.645635721409037133e-01,4.726644342336321913e-01,4.807386508045944362e-01,4.887794838078006743e-01,4.967801871016789828e-01,5.047340021045295666e-01,5.126341481503917663e-01,5.204738065658353063e-01,5.282460973249009095e-01,5.359440469437528609e-01,5.435605460442309855e-01,5.510882947421988920e-01,5.585197337007512530e-01,5.658469583291884097e-01,5.730616132092997139e-01,5.801547633947988780e-01,5.871167387575249030e-01,5.939369470218780478e-01,6.006036504392919806e-01,6.071036999014373103e-01,6.134222178114540069e-01,6.195422148643757732e-01,6.254441094642929633e-01,6.311050724923681354e-01,6.364979813447056989e-01,6.415892915496094195e-01,6.463330918047294205e-01,6.506449208512945503e-01,6.544083655170652714e-01,6.593519496051362117e-01,6.633721843030887522e-01,6.667430865051626743e-01,6.695083334444089651e-01,6.716967217930861489e-01,6.733450694257239189e-01,6.745040788472631554e-01,6.752385723978117094e-01,6.756245114977103006e-01,6.757439662358164512e-01,6.756791105174678735e-01,6.755063242624916864e-01,6.752913330135247305e-01,6.750859930098984663e-01,6.749269284774550570e-01,6.748358643281744396e-01,6.748212549514558400e-01,6.748807140029956519e-01,6.750037772621381160e-01,6.751746322402967238e-01,6.753745753422849551e-01,6.755840748237041948e-01,6.757844075234167303e-01,6.759588951303848736e-01,6.760937954760903867e-01,6.761789131492759175e-01,6.762079887631424757e-01,6.761789131492732530e-01,6.760937954760899427e-01,6.759588951303872051e-01,6.757844075234160641e-01,6.755840748237056381e-01,6.753745753422838449e-01,6.751746322402957246e-01,6.750037772621374499e-01,6.748807140029958740e-01,6.748212549514526204e-01,6.748358643281763269e-01,6.749269284774553901e-01,6.750859930098969119e-01,6.752913330135216219e-01,6.755063242624926856e-01,6.756791105174676515e-01,6.757439662358138976e-01,6.756245114977111887e-01,6.752385723978100440e-01,6.745040788472617121e-01,6.733450694257241409e-01,6.716967217930865930e-01,6.695083334444110745e-01,6.667430865051638955e-01,6.633721843030859766e-01,6.593519496051380990e-01,6.544083655170683800e-01,6.506449208512956606e-01,6.463330918047290874e-01,6.415892915496087534e-01,6.364979813447075863e-01,6.311050724923681354e-01,6.254441094642927412e-01,6.195422148643749960e-01,6.134222178114537849e-01,6.071036999014375324e-01,6.006036504392919806e-01,5.939369470218762714e-01,5.871167387575237928e-01,5.801547633947988780e-01,5.730616132093008241e-01,5.658469583291888538e-01,5.585197337007510310e-01,5.510882947421995581e-01,5.435605460442313186e-01,5.359440469437535270e-01,5.282460973248999103e-01,5.204738065658347512e-01,5.126341481503908781e-01,5.047340021045300107e-01,4.967801871016803150e-01,4.887794838078011739e-01,4.807386508045941587e-01,4.726644342336330795e-01,4.645635721409046015e-01,4.564427943659631337e-01,4.483088187077274855e-01,4.401683440063637875e-01,4.320280407036854453e-01,4.238945393801224482e-01,4.157744177120610285e-01,4.076741862468696298e-01
3.696253839311963718e-01,3.771057796716617561e-01,3.846204297234063763e-01,3.921638099328070837e-01,3.997302805423343930e-01,4.073140923526297197e-01,4.149093916002688509e-01,4.225102231794248264e-01,4.301105317835844377e-01,4.377041604822862753e-01,4.452848461753982634e-01,4.528462112816550866e-01,4.603817509165524235e-01,4.678848146949972642e-01,4.753485821541500456e-01,4.827660306303356297e-01,4.901298942408592874e-01,4.974326124192295362e-01,5.046662662370757779e-01,5.118225005291434648e-01,5.188924296380271750e-01,5.258665244387353832e-01,5.327344782213366825e-01,5.394850490255986841e-01,5.461058761123160910e-01,5.525832682504315807e-01,5.589019608130226802e-01,5.650448356124190274e-01,5.709925872014806059e-01,5.767232882083320744e-01,5.822117103569860452e-01,5.874279354233737926e-01,5.923334793666487075e-01,5.968653659341398576e-01,6.007437294247006676e-01,6.057292428908276349e-01,6.099967978586184891e-01,6.136751399971407395e-01,6.168270767944298294e-01,6.194916692725328522e-01,6.217109674674378139e-01,6.235354230240889306e-01,6.250236239697759544e-01,6.262394499184645857e-01,6.272479640783426014e-01,6.281110000306183716e-01,6.288832278088700711e-01,6.296092583438036572e-01,6.303220621562575232e-01,6.310426987158515022e-01,6.317811393616906690e-01,6.325378512631821826e-01,6.333057896471854242e-01,6.340724938192241478e-01,6.348220653121389168e-01,6.355368947803579083e-01,6.361990796268901516e-01,6.367915289553073288e-01,6.372987859786233278e-01,6.377076142066264719e-01,6.380073975468915082e-01,6.381904004819042298e-01,6.382519262225040402e-01,6.381904004819036746e-01,6.380073975468920633e-01,6.377076142066232523e-01,6.372987859786234388e-01,6.367915289553075509e-01,6.361990796268904846e-01,6.355368947803606838e-01,6.348220653121391388e-01,6.340724938192219273e-01,6.333057896471834258e-01,6.325378512631822936e-01,6.317811393616922233e-01,6.310426987158503920e-01,6.303220621562563020e-01,6.296092583438019918e-01,6.288832278088697381e-01,6.281110000306197039e-01,6.272479640783432675e-01,6.262394499184664731e-01,6.250236239697752882e-01,6.235354230240903739e-01,6.217109674674377029e-01,6.194916692725341845e-01,6.168270767944291633e-01,6.136751399971405174e-01,6.099967978586190442e-01,6.057292428908293003e-01,6.007437294247008897e-01,5.968653659341398576e-01,5.923334793666498177e-01,5.874279354233734596e-01,5.822117103569854901e-01,5.767232882083325185e-01,5.709925872014816051e-01,5.650448356124200266e-01,5.589019608130230132e-01,5.525832682504320248e-01,5.461058761123153138e-01,5.394850490255985731e-01,5.327344782213371266e-01,5.258665244387346061e-01,5.188924296380273971e-01,5.118225005291445751e-01,5.046662662370747787e-01,4.974326124192292586e-01,4.901298942408591208e-01,4.827660306303363513e-01,4.753485821541502676e-01,4.678848146949974307e-01,4.603817509165510913e-01,4.528462112816559193e-01,4.452848461753984299e-01,4.377041604822856646e-01,4.301105317835833830e-01,4.225102231794256591e-01,4.149093916002697391e-01,4.073140923526300528e-01,3.997302805423344485e-01,3.921638099328065841e-01,3.846204297234081526e-01,3.771057796716609234e-01,3.696253839311972045e-01
3.334721723795172621e-01,3.402735820298036784e-01,3.471162007463737265e-01,3.539950597167004775e-01,3.609050286652302209e-01,3.678408170739207450e-01,3.747969742720886344e-01,3.817678880554593590e-01,3.887477814379232122e-01,3.957307070737191568e-01,4.027105388111907880e-01,4.096809597509439294e-01,4.166354460803975424e-01,4.235672458435363885e-01,4.304693516807912568e-01,4.373344664431753070e-01,4.441549604543567620e-01,4.509228190767751165e-01,4.576295791523686818e-01,4.642662528632983676e-01,4.708232376312425083e-01,4.772902108913200103e-01,4.836560089813617958e-01,4.899084899867921505e-01,4.960343810658759955e-01,5.020191111139572504e-01,5.078466283200940845e-01,5.134991956680963199e-01,5.189571357417944730e-01,5.241984288944030457e-01,5.291978490951294578e-01,5.339244790553132614e-01,5.383319659700112059e-01,5.422814816332989230e-01,5.467379634968868585e-01,5.509481961877312761e-01,5.546360334829267824e-01,5.578806591491357603e-01,5.607251434983978600e-01,5.632101157899181976e-01,5.653797004089534672e-01,5.672816323910423453e-01,5.689652632250773445e-01,5.704787701250584320e-01,5.718663283027171085e-01,5.731657595525266879e-01,5.744069623778953471e-01,5.756112287986828724e-01,5.767913846331745864e-01,5.779525774987086528e-01,5.790934873793623927e-01,5.802077389161682808e-01,5.812853337754581018e-01,5.823139756846428261e-01,5.832802145779425462e-01,5.841703807066660481e-01,5.849713111512703234e-01,5.856708903735858840e-01,5.862584356600198943e-01,5.867249604593867129e-01,5.870633463588849077e-01,5.872684497910041213e-01,5.873371638695047414e-01,5.872684497910035661e-01,5.870633463588852408e-01,5.867249604593851586e-01,5.862584356600203384e-01,5.856708903735843297e-01,5.849713111512715447e-01,5.841703807066666032e-01,5.832802145779413250e-01,5.823139756846436033e-01,5.812853337754579908e-01,5.802077389161681698e-01,5.790934873793631699e-01,5.779525774987092079e-01,5.767913846331720329e-01,5.756112287986820952e-01,5.744069623778914613e-01,5.731657595525229132e-01,5.718663283027151101e-01,5.704787701250586540e-01,5.689652632250793429e-01,5.672816323910416791e-01,5.653797004089544664e-01,5.632101157899183086e-01,5.607251434983976379e-01,5.578806591491352052e-01,5.546360334829242289e-01,5.509481961877328304e-01,5.467379634968873026e-01,5.422814816332985899e-01,5.383319659700103177e-01,5.339244790553128173e-01,5.291978490951290137e-01,5.241984288944018244e-01,5.189571357417938069e-01,5.134991956680959868e-01,5.078466283200927522e-01,5.020191111139575835e-01,4.960343810658756625e-01,4.899084899867914844e-01,4.836560089813620178e-01,4.772902108913190111e-01,4.708232376312423972e-01,4.642662528632992558e-01,4.576295791523678491e-01,4.509228190767758382e-01,4.441549604543584273e-01,4.373344664431763062e-01,4.304693516807915343e-01,4.235672458435335574e-01,4.166354460803975424e-01,4.096809597509424306e-01,4.027105388111898998e-01,3.957307070737194898e-01,3.887477814379233232e-01,3.817678880554591925e-01,3.747969742720885789e-01,3.678408170739202454e-01,3.609050286652302764e-01,3.539950597167010327e-01,3.471162007463738375e-01,3.402735820298026792e-01,3.334721723795160409e-01
3.000957018540089671e-01,3.060989539692952066e-01,3.121395983012665853e-01,3.182130292747640254e-01,3.243144696451648601e-01,3.304389704819259976e-01,3.365814101256991986e-01,3.427364917744180062e-01,3.488987392955026356e-01,3.550624907956155263e-01,3.612218894061632324e-01,3.673708706626496179e-01,3.735031457710907277e-01,3.796121799683341291e-01,3.856911651018842258e-01,3.917329854884545881e-01,3.977301760745572401e-01,4.036748719387194817e-01,4.095587482742786833e-01,4.153729502123730266e-01,4.211080122317485963e-01,4.267537674938597370e-01,4.322992482427534533e-01,4.377325793183326486e-01,4.430408674754623410e-01,4.482100885329444728e-01,4.532249696425309504e-01,4.580688477988358320e-01,4.627234367418279204e-01,4.671682814613049017e-01,4.713791293420814821e-01,4.753218104801751887e-01,4.789143544235124339e-01,4.826386415465947488e-01,4.864746829076448953e-01,4.898476551691594572e-01,4.928522001499608951e-01,4.955299498109707601e-01,4.979155866048954882e-01,5.000440862841459833e-01,5.019516624529284377e-01,5.036747830236980583e-01,5.052485311129247814e-01,5.067049060371365821e-01,5.080714098134245793e-01,5.093701066042051195e-01,5.106172157009160051e-01,5.118232004339151597e-01,5.129932518016233622e-01,5.141280373536998294e-01,5.152245868541915907e-01,5.162772065024325840e-01,5.172783426980108734e-01,5.182193463522111188e-01,5.190911145081271716e-01,5.198846053212342611e-01,5.205912350995153259e-01,5.212031730837458632e-01,5.217135523766376348e-01,5.221166152968036434e-01,5.224078095867720206e-01,5.225838491745314895e-01,5.226427501106940543e-01,5.225838491745312675e-01,5.224078095867723537e-01,5.221166152968049756e-01,5.217135523766386340e-01,5.212031730837474175e-01,5.205912350995165472e-01,5.198846053212337059e-01,5.190911145081263944e-01,5.182193463522103416e-01,5.172783426980104293e-01,5.162772065024314738e-01,5.152245868541929230e-01,5.141280373537003845e-01,5.129932518016245835e-01,5.118232004339139385e-01,5.106172157009162271e-01,5.093701066042042314e-01,5.080714098134262446e-01,5.067049060371361380e-01,5.052485311129246703e-01,5.036747830236982804e-01,5.019516624529298809e-01,5.000440862841467604e-01,4.979155866048936008e-01,4.955299498109698719e-01,4.928522001499610061e-01,4.898476551691604008e-01,4.864746829076441181e-01,4.826386415465942492e-01,4.789143544235118233e-01,4.753218104801750776e-01,4.713791293420806494e-01,4.671682814613051238e-01,4.627234367418276428e-01,4.580688477988359986e-01,4.532249696425318941e-01,4.482100885329443063e-01,4.430408674754631737e-01,4.377325793183320934e-01,4.322992482427551186e-01,4.267537674938590153e-01,4.211080122317492069e-01,4.153729502123722495e-01,4.095587482742787389e-01,4.036748719387184270e-01,3.977301760745566295e-01,3.917329854884558094e-01,3.856911651018836706e-01,3.796121799683320752e-01,3.735031457710895619e-01,3.673708706626487852e-01,3.612218894061621777e-01,3.550624907956159149e-01,3.488987392955021916e-01,3.427364917744177286e-01,3.365814101256993096e-01,3.304389704819255535e-01,3.243144696451648046e-01,3.182130292747637479e-01,3.121395983012662523e-01,3.060989539692948735e-01,3.000957018540084120e-01
2.716068636789080726e-01,2.767576188584276453e-01,2.819347652175154817e-01,2.871341679365856381e-01,2.923515450084897549e-01,2.975824654589935281e-01,3.028223463031437523e-01,3.080664478835765108e-01,3.133098671846707983e-01,3.185475286602659217e-01,3.237741720542366974e-01,3.289843366352795395e-01,3.341723412143010052e-01,3.393322592721649822e-01,3.444578885078227182e-01,3.495427141373143587e-01,3.545798653538528300e-01,3.595620645253195802e-01,3.644815689912485057e-01,3.693301057611766414e-01,3.740988000358516086e-01,3.787780992618681730e-01,3.833576952839538032e-01,3.878264477462884940e-01,3.921723113532844529e-01,3.963822657927217885e-01,4.004422345965048535e-01,4.043369428830669854e-01,4.080495559948295048e-01,4.115605765877609623e-01,4.148438900861916578e-01,4.178462794968196281e-01,4.206911535331656071e-01,4.239556232174750972e-01,4.267843610305044333e-01,4.292991292097324552e-01,4.315390337874199789e-01,4.335328773165024741e-01,4.353082767493741678e-01,4.368934113909125339e-01,4.383167582389053685e-01,4.396061231419773896e-01,4.407874909860352575e-01,4.418839760602860101e-01,4.429150326142622385e-01,4.438959988344147733e-01,4.448379795939352288e-01,4.457480247492161540e-01,4.466295316817064931e-01,4.474827914684000874e-01,4.483056030698726047e-01,4.490938936883069332e-01,4.498423007943536667e-01,4.505446883732811547e-01,4.511945843714311732e-01,4.517855371605976611e-01,4.523113960590409710e-01,4.527665250695018795e-01,4.531459607420498248e-01,4.534455251650698626e-01,4.536619041394469587e-01,4.537926990543362238e-01,4.538364591647967017e-01,4.537926990543367789e-01,4.536619041394458485e-01,4.534455251650687524e-01,4.531459607420489921e-01,4.527665250694998256e-01,4.523113960590415261e-01,4.517855371605982717e-01,4.511945843714306181e-01,4.505446883732814323e-01,4.498423007943544993e-01,4.490938936883052679e-01,4.483056030698716610e-01,4.474827914684014196e-01,4.466295316817061600e-01,4.457480247492158210e-01,4.448379795939354509e-01,4.438959988344153840e-01,4.429150326142634597e-01,4.418839760602870093e-01,4.407874909860360346e-01,4.396061231419796655e-01,4.383167582389055350e-01,4.368934113909123118e-01,4.353082767493742788e-01,4.335328773165006977e-01,4.315390337874203119e-01,4.292991292097318445e-01,4.267843610305044333e-01,4.239556232174755412e-01,4.206911535331655516e-01,4.178462794968201277e-01,4.148438900861933232e-01,4.115605765877594635e-01,4.080495559948291717e-01,4.043369428830659307e-01,4.004422345965045760e-01,3.963822657927230098e-01,3.921723113532827876e-01,3.878264477462871618e-01,3.833576952839543583e-01,3.787780992618685061e-01,3.740988000358519416e-01,3.693301057611759752e-01,3.644815689912494494e-01,3.595620645253191916e-01,3.545798653538525524e-01,3.495427141373153024e-01,3.444578885078221631e-01,3.393322592721657593e-01,3.341723412142995064e-01,3.289843366352788179e-01,3.237741720542360313e-01,3.185475286602657552e-01,3.133098671846710204e-01,3.080664478835754561e-01,3.028223463031443075e-01,2.975824654589938056e-01,2.923515450084863687e-01,2.871341679365832511e-01,2.819347652175152041e-01,2.767576188584270902e-01,2.716068636789080726e-01
2.580573411949917406e-01,2.626251935526385806e-01,2.672106217868656652e-01,2.718098017867899285e-01,2.764187767525208006e-01,2.810334528189185055e-01,2.856495930892459234e-01,2.902628097187179845e-01,2.948685536424925924e-01,2.994621014968826267e-01,3.040385392395873465e-01,3.085927419392603399e-01,3.131193491839159848e-01,3.176127355617270331e-01,3.220669757112672449e-01,3.264758035401280067e-01,3.308325653964987456e-01,3.351301672765159556e-01,3.393610165926164157e-01,3.435169596380933110e-01,3.475892166559568230e-01,3.515683172787772981e-01,3.554440398020208280e-01,3.592053576495132794e-01,3.628403939388352151e-01,3.663363764269567668e-01,3.696795600989317143e-01,3.728550123333165822e-01,3.758459232425294672e-01,3.786311726366170527e-01,3.811741718044810434e-01,3.832437655684134414e-01,3.861255061878016703e-01,3.884810141518359461e-01,3.905490406767876954e-01,3.923688509959796789e-01,3.939665895907589754e-01,3.953668895536117667e-01,3.965951841634908215e-01,3.976777340400300398e-01,3.986408322057435893e-01,3.995097203246839035e-01,4.003075019631045506e-01,4.010542318896105907e-01,4.017662854636570025e-01,4.024560480368029602e-01,4.031319115459545688e-01,4.037985281456953346e-01,4.044572505922710559e-01,4.051066845852675513e-01,4.057432854103726338e-01,4.063619451564731699e-01,4.069565330984394325e-01,4.075203673240315183e-01,4.080466084777635283e-01,4.085285758924303567e-01,4.089599924724691138e-01,4.093351680121996017e-01,4.096491318604507659e-01,4.098977256430848537e-01,4.100776656732755265e-01,4.101865831201676471e-01,4.102230482365247788e-01,4.101865831201684798e-01,4.100776656732745273e-01,4.098977256430857974e-01,4.096491318604508769e-01,4.093351680121988800e-01,4.089599924724697799e-01,4.085285758924304123e-01,4.080466084777626956e-01,4.075203673240319069e-01,4.069565330984413198e-01,4.063619451564722262e-01,4.057432854103729114e-01,4.051066845852662746e-01,4.044572505922704453e-01,4.037985281456940023e-01,4.031319115459546243e-01,4.024560480368033488e-01,4.017662854636552816e-01,4.010542318896114788e-01,4.003075019631037734e-01,3.995097203246827378e-01,3.986408322057437559e-01,3.976777340400311500e-01,3.965951841634929864e-01,3.953668895536118222e-01,3.939665895907611959e-01,3.923688509959799564e-01,3.905490406767891942e-01,3.884810141518343363e-01,3.861255061878032802e-01,3.832437655684138300e-01,3.811741718044818761e-01,3.786311726366183295e-01,3.758459232425284680e-01,3.728550123333164157e-01,3.696795600989316588e-01,3.663363764269559342e-01,3.628403939388357702e-01,3.592053576495140010e-01,3.554440398020206615e-01,3.515683172787771871e-01,3.475892166559574337e-01,3.435169596380935886e-01,3.393610165926164712e-01,3.351301672765157336e-01,3.308325653964991897e-01,3.264758035401251757e-01,3.220669757112631926e-01,3.176127355617259784e-01,3.131193491839141529e-01,3.085927419392610060e-01,3.040385392395873465e-01,2.994621014968822381e-01,2.948685536424929809e-01,2.902628097187180400e-01,2.856495930892467006e-01,2.810334528189201708e-01,2.764187767525218553e-01,2.718098017867909832e-01,2.672106217868648326e-01,2.626251935526389691e-01,2.580573411949914076e-01
2.679083430634338625e-01,2.724032786959463270e-01,2.769118537062898455e-01,2.814303062867951066e-01,2.859547363186434321e-01,2.904810984855012990e-01,2.950051933760669542e-01,2.995226561667570508e-01,3.040289424273192043e-01,3.085193105459179130e-01,3.129888002308170436e-01,3.174322065204676635e-01,3.218440487333145694e-01,3.262185338283526970e-01,3.305495137484459334e-01,3.348304365091947510e-01,3.390542911126201986e-01,3.432135468497247710e-01,3.473000882533948674e-01,3.513051479053346249e-01,3.552192404772518963e-01,3.590321026762457457e-01,3.627326447863346570e-01,3.663089192667258187e-01,3.697481079272183502e-01,3.730365151639525867e-01,3.761595121286435695e-01,3.791012422206128107e-01,3.818433939364569984e-01,3.843596572168604952e-01,3.865665972609177992e-01,3.890426388898896581e-01,3.912949607252733664e-01,3.932611308355741242e-01,3.949852448440426267e-01,3.964949933743775468e-01,3.978168511385450357e-01,3.989786548891904872e-01,4.000094611598896677e-01,4.009384465257822550e-01,4.017934765765065475e-01,4.025996959783519902e-01,4.033783722133800209e-01,4.041461306759421279e-01,4.049146299299434815e-01,4.056906501927389774e-01,4.064765150155121853e-01,4.072707397040833399e-01,4.080687977309482850e-01,4.088639113098395117e-01,4.096477962079060342e-01,4.104113166404411150e-01,4.111450289278584247e-01,4.118396101178471991e-01,4.124861795069561521e-01,4.130765276159303889e-01,4.136032698752878378e-01,4.140599423195662210e-01,4.144410550480304711e-01,4.147421168934448676e-01,4.149596421866696416e-01,4.150911480272073129e-01,4.151351482175362761e-01,4.150911480272075349e-01,4.149596421866691975e-01,4.147421168934451452e-01,4.144410550480302491e-01,4.140599423195688300e-01,4.136032698752870607e-01,4.130765276159301114e-01,4.124861795069553749e-01,4.118396101178475877e-01,4.111450289278590908e-01,4.104113166404407265e-01,4.096477962079025925e-01,4.088639113098392341e-01,4.080687977309476744e-01,4.072707397040836175e-01,4.064765150155111306e-01,4.056906501927383668e-01,4.049146299299444252e-01,4.041461306759420724e-01,4.033783722133794658e-01,4.025996959783536555e-01,4.017934765765062699e-01,4.009384465257854191e-01,4.000094611598896677e-01,3.989786548891904872e-01,3.978168511385466455e-01,3.964949933743783239e-01,3.949852448440426822e-01,3.932611308355735691e-01,3.912949607252737549e-01,3.890426388898886034e-01,3.865665972609175216e-01,3.843596572168602177e-01,3.818433939364564433e-01,3.791012422206119226e-01,3.761595121286436805e-01,3.730365151639527532e-01,3.697481079272181281e-01,3.663089192667265404e-01,3.627326447863353232e-01,3.590321026762458567e-01,3.552192404772517298e-01,3.513051479053355686e-01,3.473000882533948674e-01,3.432135468497246600e-01,3.390542911126204761e-01,3.348304365091953616e-01,3.305495137484461554e-01,3.262185338283523639e-01,3.218440487333139588e-01,3.174322065204674415e-01,3.129888002308180983e-01,3.085193105459179130e-01,3.040289424273189822e-01,2.995226561667568288e-01,2.950051933760660661e-01,2.904810984855007994e-01,2.859547363186440427e-01,2.814303062867954952e-01,2.769118537062910113e-01,2.724032786959463825e-01,2.679083430634331964e-01
2.873246668307979368e-01,2.920035887239715855e-01,2.966935623945395339e-01,3.013908223735843328e-01,3.060914550649894705e-01,3.107913891914703686e-01,3.154863836432114099e-01,3.201720122232309396e-01,3.248436447250216963e-01,3.294964237248862449e-01,3.341252364316822931e-01,3.387246809228490196e-01,3.432890261257869891e-01,3.478121650045618019e-01,3.522875606203635934e-01,3.567081851003654491e-01,3.610664521385328340e-01,3.653541445421971123e-01,3.695623396162882601e-01,3.736813369165479792e-01,3.777005951199980949e-01,3.816086873130383195e-01,3.853932863652698715e-01,3.890411928359652771e-01,3.925384134421994742e-01,3.958702786661337791e-01,3.990215224893092771e-01,4.019760110441765177e-01,4.047146874246349002e-01,4.072000338662420393e-01,4.096748415958102463e-01,4.120496138845062273e-01,4.141375786353786448e-01,4.159905974228077508e-01,4.176402263411950200e-01,4.191171380885084785e-01,4.204533858797453449e-01,4.216816469482772556e-01,4.228335513845002946e-01,4.239378483303938849e-01,4.250188309270884202e-01,4.260952658432439200e-01,4.271799248224714685e-01,4.282796900864281886e-01,4.293961176053243123e-01,4.305262998399478347e-01,4.316638679933756939e-01,4.328000002351686804e-01,4.339243418573929811e-01,4.350257836458628624e-01,4.360930783680729839e-01,4.371152991743230687e-01,4.380821580496905288e-01,4.389842090862273727e-01,4.398129626097755929e-01,4.405609342401218820e-01,4.412216494350686413e-01,4.417896200755448977e-01,4.422603058441539892e-01,4.426300698552056989e-01,4.428961353157176983e-01,4.430565479135729068e-01,4.431101470566460310e-01,4.430565479135724627e-01,4.428961353157166991e-01,4.426300698552060320e-01,4.422603058441533230e-01,4.417896200755457303e-01,4.412216494350684193e-01,4.405609342401223261e-01,4.398129626097766476e-01,4.389842090862282054e-01,4.380821580496908618e-01,4.371152991743245675e-01,4.360930783680727063e-01,4.350257836458628069e-01,4.339243418573934807e-01,4.328000002351682363e-01,4.316638679933771927e-01,4.305262998399476682e-01,4.293961176053248674e-01,4.282796900864281331e-01,4.271799248224713019e-01,4.260952658432440310e-01,4.250188309270896414e-01,4.239378483303938849e-01,4.228335513845001281e-01,4.216816469482756458e-01,4.204533858797450119e-01,4.191171380885094777e-01,4.176402263411961302e-01,4.159905974228078618e-01,4.141375786353789779e-01,4.120496138845065603e-01,4.096748415958102463e-01,4.072000338662424279e-01,4.047146874246346782e-01,4.019760110441755740e-01,3.990215224893101098e-01,3.958702786661334461e-01,3.925384134421993632e-01,3.890411928359656657e-01,3.853932863652708707e-01,3.816086873130379309e-01,3.777005951199982614e-01,3.736813369165482013e-01,3.695623396162892038e-01,3.653541445421970013e-01,3.610664521385325565e-01,3.567081851003648385e-01,3.522875606203626497e-01,3.478121650045618019e-01,3.432890261257862119e-01,3.387246809228510180e-01,3.341252364316841805e-01,3.294964237248864114e-01,3.248436447250221404e-01,3.201720122232338261e-01,3.154863836432115209e-01,3.107913891914739768e-01,3.060914550649888599e-01,3.013908223735838887e-01,2.966935623945404776e-01,2.920035887239706973e-01,2.873246668307988250e-01
3.045439738049059986e-01,3.093219511022330948e-01,3.141059286523879002e-01,3.188923005101036434e-01,3.236773153992768548e-01,3.284570644734809974e-01,3.332274657719845878e-01,3.379842447397732319e-01,3.427229101091887609e-01,3.474387243816919324e-01,3.521266681151939415e-01,3.567813972369882070e-01,3.613971926972522897e-01,3.659679020004075189e-01,3.704868725673782781e-01,3.749468775803208032e-01,3.793400360574610830e-01,3.836577305366027923e-01,3.878905280564924341e-01,3.920281132283954806e-01,3.960592460804127080e-01,3.999717617341187470e-01,4.037526328805089437e-01,4.073881170461782220e-01,4.108640028051601667e-01,4.141659358357513421e-01,4.172796890222164601e-01,4.201907511154361341e-01,4.228791610251484423e-01,4.254142888143033763e-01,4.279396698939546551e-01,4.301823061207230570e-01,4.322085404131169040e-01,4.340533905683816585e-01,4.357498074720344561e-01,4.373307201021528479e-01,4.388278664936076656e-01,4.402699890959222984e-01,4.416812105469214433e-01,4.430799549630277112e-01,4.444785364887030021e-01,4.458833678899875030e-01,4.472956388643425929e-01,4.487122744359503534e-01,4.501269947082596756e-01,4.515313376395431177e-01,4.529155565593294686e-01,4.542693499403929747e-01,4.555824155659332075e-01,4.568448432758381861e-01,4.580473717338208184e-01,4.591815381414430797e-01,4.602397485080725881e-01,4.612152923205985466e-01,4.621023208448738484e-01,4.628958037829852268e-01,4.635914750813185381e-01,4.641857755018889975e-01,4.646757971259253828e-01,4.650592331664646362e-01,4.653343352049819082e-01,4.654998791124044244e-01,4.655551403632228746e-01,4.654998791124058677e-01,4.653343352049820747e-01,4.650592331664654688e-01,4.646757971259264375e-01,4.641857755018903853e-01,4.635914750813187046e-01,4.628958037829861705e-01,4.621023208448757358e-01,4.612152923205989352e-01,4.602397485080713668e-01,4.591815381414425246e-01,4.580473717338202078e-01,4.568448432758380195e-01,4.555824155659343178e-01,4.542693499403913093e-01,4.529155565593285804e-01,4.515313376395413969e-01,4.501269947082604528e-01,4.487122744359505200e-01,4.472956388643427594e-01,4.458833678899883912e-01,4.444785364887031132e-01,4.430799549630278222e-01,4.416812105469230532e-01,4.402699890959222428e-01,4.388278664936076101e-01,4.373307201021530144e-01,4.357498074720340675e-01,4.340533905683822691e-01,4.322085404131167929e-01,4.301823061207238896e-01,4.279396698939540444e-01,4.254142888143038759e-01,4.228791610251480537e-01,4.201907511154357455e-01,4.172796890222155164e-01,4.141659358357516751e-01,4.108640028051595006e-01,4.073881170461783330e-01,4.037526328805086662e-01,3.999717617341181919e-01,3.960592460804129300e-01,3.920281132283957581e-01,3.878905280564923785e-01,3.836577305366022372e-01,3.793400360574604169e-01,3.749468775803205256e-01,3.704868725673780561e-01,3.659679020004083516e-01,3.613971926972524562e-01,3.567813972369882070e-01,3.521266681151937195e-01,3.474387243816920989e-01,3.427229101091890939e-01,3.379842447397735095e-01,3.332274657719841993e-01,3.284570644734814970e-01,3.236773153992771324e-01,3.188923005101041985e-01,3.141059286523871230e-01,3.093219511022323731e-01,3.045439738049058875e-01
3.124674270226663331e-01,3.170075271548714047e-01,3.215394838617307016e-01,3.260602267410716570e-01,3.305665879540500285e-01,3.350552855937215524e-01,3.395229022556387477e-01,3.439658579502257174e-01,3.483803764096469191e-01,3.527624437814256275e-01,3.571077586934977566e-01,3.614116727622752046e-01,3.656691208568790818e-01,3.698745409158027408e-01,3.740217839546041145e-01,3.781040162571353003e-01,3.821136177895271824e-01,3.860420838023514434e-01,3.898799405267458495e-01,3.936166907854671271e-01,3.972408107864270344e-01,4.007398240656911970e-01,4.041004795443360886e-01,4.073090513786087330e-01,4.103517425910291339e-01,4.132150624440355524e-01,4.158856393835314025e-01,4.183466274231043003e-01,4.205081185304639924e-01,4.229423849055058970e-01,4.250430831867701986e-01,4.269329129593636973e-01,4.286520398914276941e-01,4.302336787449115296e-01,4.317087977439592605e-01,4.331057160882259560e-01,4.344489437408236565e-01,4.357582373205377002e-01,4.370481569149279322e-01,4.383281415585509322e-01,4.396029943714459542e-01,4.408736223050858105e-01,4.421378809099701934e-01,4.433914073932601618e-01,4.446283664723157947e-01,4.458420710568424261e-01,4.470254680470331365e-01,4.481714976009122942e-01,4.492733436892734633e-01,4.503245970690091249e-01,4.513193513062390139e-01,4.522522499925658579e-01,4.531185000543198615e-01,4.539138627920825120e-01,4.546346313821729157e-01,4.552776011694469327e-01,4.558400371946568774e-01,4.563196419776981982e-01,4.567145255420702599e-01,4.570231789353924046e-01,4.572444520037268756e-01,4.573775358519114875e-01,4.574219502152025996e-01,4.573775358519133749e-01,4.572444520037248772e-01,4.570231789353918495e-01,4.567145255420743122e-01,4.563196419776984203e-01,4.558400371946575991e-01,4.552776011694475433e-01,4.546346313821722496e-01,4.539138627920817903e-01,4.531185000543210828e-01,4.522522499925656358e-01,4.513193513062407347e-01,4.503245970690086253e-01,4.492733436892727417e-01,4.481714976009112394e-01,4.470254680470338582e-01,4.458420710568418155e-01,4.446283664723161833e-01,4.433914073932604949e-01,4.421378809099710816e-01,4.408736223050849223e-01,4.396029943714451216e-01,4.383281415585503771e-01,4.370481569149279322e-01,4.357582373205381443e-01,4.344489437408233790e-01,4.331057160882257895e-01,4.317087977439578728e-01,4.302336787449126398e-01,4.286520398914282493e-01,4.269329129593643635e-01,4.250430831867706982e-01,4.229423849055053974e-01,4.205081185304640479e-01,4.183466274231048554e-01,4.158856393835324017e-01,4.132150624440352193e-01,4.103517425910288563e-01,4.073090513786088440e-01,4.041004795443352560e-01,4.007398240656919186e-01,3.972408107864268678e-01,3.936166907854677932e-01,3.898799405267462936e-01,3.860420838023514989e-01,3.821136177895277930e-01,3.781040162571347452e-01,3.740217839546030598e-01,3.698745409158032404e-01,3.656691208568790263e-01,3.614116727622754821e-01,3.571077586934983117e-01,3.527624437814257385e-01,3.483803764096465305e-01,3.439658579502246627e-01,3.395229022556397469e-01,3.350552855937218855e-01,3.305665879540499730e-01,3.260602267410709909e-01,3.215394838617312012e-01,3.170075271548713491e-01,3.124674270226668882e-01
3.168313320801005584e-01,3.210569567480551223e-01,3.252339360147064595e-01,3.293577725256812694e-01,3.334239369354990434e-01,3.374278556065116730e-01,3.413648904689182140e-01,3.452303095060355043e-01,3.490192462787118366e-01,3.527266469631549772e-01,3.563472036186262626e-01,3.598752729262245653e-01,3.633047805843039879e-01,3.666291130869906989e-01,3.698410009605646032e-01,3.729324009090584924e-01,3.758943888960348256e-01,3.787170819653544740e-01,3.813896131983608995e-01,3.839001905037249807e-01,3.862362735396702162e-01,3.883848993836190866e-01,3.903331679487420103e-01,3.920688444513733550e-01,3.935808986625108918e-01,3.948593811156765887e-01,3.958921047827658746e-01,3.966339788702409330e-01,3.975076367190932825e-01,3.982261117693869368e-01,3.987118488535605909e-01,3.990266560099146043e-01,3.992134935073093360e-01,3.993093635417246934e-01,3.993466000434879870e-01,3.993525491929412752e-01,3.993492361789000578e-01,3.993533713309244115e-01,3.993767083662958517e-01,3.994266553109421802e-01,3.995070155227280484e-01,3.996187529745751643e-01,3.997607072302364895e-01,3.999302153501620993e-01,4.001236236489992271e-01,4.003366898815517994e-01,4.005648867522246803e-01,4.008036223676199605e-01,4.010483942547695135e-01,4.012948924108468152e-01,4.015390646606931124e-01,4.017771551006802944e-01,4.020057240139914834e-01,4.022216555541028304e-01,4.024221577778368530e-01,4.026047582609938447e-01,4.027672975061609706e-01,4.029079215993560115e-01,4.030250750345461541e-01,4.031174942535008521e-01,4.031842022017609328e-01,4.032245040465277652e-01,4.032379841127520792e-01,4.032245040465296526e-01,4.031842022017602112e-01,4.031174942534971328e-01,4.030250750345459876e-01,4.029079215993542351e-01,4.027672975061605265e-01,4.026047582609956765e-01,4.024221577778371306e-01,4.022216555541033856e-01,4.020057240139921495e-01,4.017771551006784625e-01,4.015390646606913916e-01,4.012948924108470927e-01,4.010483942547710678e-01,4.008036223676190724e-01,4.005648867522263457e-01,4.003366898815521324e-01,4.001236236489988940e-01,3.999302153501623214e-01,3.997607072302367115e-01,3.996187529745771627e-01,3.995070155227280484e-01,3.994266553109415141e-01,3.993767083662964068e-01,3.993533713309250222e-01,3.993492361789010014e-01,3.993525491929414972e-01,3.993466000434875429e-01,3.993093635417260256e-01,3.992134935073102242e-01,3.990266560099135495e-01,3.987118488535609240e-01,3.982261117693867147e-01,3.975076367190930049e-01,3.966339788702409885e-01,3.958921047827663742e-01,3.948593811156770883e-01,3.935808986625099481e-01,3.920688444513730220e-01,3.903331679487415662e-01,3.883848993836205854e-01,3.862362735396699387e-01,3.839001905037245366e-01,3.813896131983618432e-01,3.787170819653551401e-01,3.758943888960347146e-01,3.729324009090591585e-01,3.698410009605642701e-01,3.666291130869906989e-01,3.633047805843039879e-01,3.598752729262242878e-01,3.563472036186266512e-01,3.527266469631550327e-01,3.490192462787120586e-01,3.452303095060355043e-01,3.413648904689179919e-01,3.374278556065120616e-01,3.334239369354992655e-01,3.293577725256813804e-01,3.252339360147080138e-01,3.210569567480550113e-01,3.168313320801012245e-01
3.252357153547070778e-01,3.299555143666454415e-01,3.346205178861214047e-01,3.392226605043763832e-01,3.437533840789351314e-01,3.482035898843843236e-01,3.525635817799656624e-01,3.568229994276941319e-01,3.609707410004033279e-01,3.649948755857039262e-01,3.688825467864748631e-01,3.726198710536754999e-01,3.761918373106077906e-01,3.795822186926647857e-01,3.827735129216643939e-01,3.857469349544645487e-01,3.884824936813103258e-01,3.909591924746894653e-01,3.931553990794039999e-01,3.950494299744539139e-01,3.966203824784324539e-01,3.978492172897714618e-01,3.987200353900315908e-01,3.992213893986901185e-01,3.993472622011373097e-01,3.990966959526138780e-01,3.984664036191427616e-01,3.976041608565430985e-01,3.965520731640381213e-01,3.951891676131677467e-01,3.935863317813134699e-01,3.917919221554989062e-01,3.898475282708149803e-01,3.877894449867676507e-01,3.856488008160028347e-01,3.834517530175289290e-01,3.812199475010355498e-01,3.789711823436976990e-01,3.767201604402334314e-01,3.744792286491513411e-01,3.722590329058133030e-01,3.700690521686300083e-01,3.679180008440867122e-01,3.658141073987012382e-01,3.637652870077623390e-01,3.617792302206707666e-01,3.598634297628606760e-01,3.580251654264912653e-01,3.562714637420372199e-01,3.546090455596847546e-01,3.530442712633867219e-01,3.515830903254791862e-01,3.502309993781972386e-01,3.489930109403418523e-01,3.478736333603235642e-01,3.468768613702294945e-01,3.460061758325460590e-01,3.452645507476586051e-01,3.446544653251519263e-01,3.441779188580970095e-01,3.438364462391984566e-01,3.436311322027284509e-01,3.435626226983218845e-01,3.436311322027287285e-01,3.438364462391996224e-01,3.441779188580960658e-01,3.446544653251542023e-01,3.452645507476578279e-01,3.460061758325462811e-01,3.468768613702299941e-01,3.478736333603238973e-01,3.489930109403399650e-01,3.502309993781990149e-01,3.515830903254789086e-01,3.530442712633873326e-01,3.546090455596838109e-01,3.562714637420378860e-01,3.580251654264908212e-01,3.598634297628590661e-01,3.617792302206706001e-01,3.637652870077635048e-01,3.658141073987001279e-01,3.679180008440846583e-01,3.700690521686292311e-01,3.722590329058129144e-01,3.744792286491507860e-01,3.767201604402324322e-01,3.789711823436984206e-01,3.812199475010355498e-01,3.834517530175279298e-01,3.856488008160026126e-01,3.877894449867689275e-01,3.898475282708159240e-01,3.917919221554985176e-01,3.935863317813139695e-01,3.951891676131685238e-01,3.965520731640382324e-01,3.976041608565435426e-01,3.984664036191434833e-01,3.990966959526142110e-01,3.993472622011378648e-01,3.992213893986894524e-01,3.987200353900308691e-01,3.978492172897702406e-01,3.966203824784322318e-01,3.950494299744550797e-01,3.931553990794047215e-01,3.909591924746900204e-01,3.884824936813108254e-01,3.857469349544655479e-01,3.827735129216619514e-01,3.795822186926646746e-01,3.761918373106080682e-01,3.726198710536769987e-01,3.688825467864756402e-01,3.649948755857035376e-01,3.609707410004038275e-01,3.568229994276950756e-01,3.525635817799656624e-01,3.482035898843832689e-01,3.437533840789351869e-01,3.392226605043758281e-01,3.346205178861209606e-01,3.299555143666451085e-01,3.252357153547068003e-01
3.257734600777726364e-01,3.310780727179687966e-01,3.363642623376712493e-01,3.416254300876411798e-01,3.468543790036857088e-01,3.520432365439566946e-01,3.571833655344096026e-01,3.622652633998397209e-01,3.672784506043017538e-01,3.722113508813146843e-01,3.770511683095565947e-01,3.817837698024104109e-01,3.863935863069042909e-01,3.908635519878565501e-01,3.951751076483235314e-01,3.993083018253598127e-01,4.032420288205637582e-01,4.069544447585963232e-01,4.104235969168215092e-01,4.136282836843378496e-01,4.165491287379186613e-01,4.191698018794913216e-01,4.214782528963406660e-01,4.234677469279922168e-01,4.251373729416459968e-01,4.264911900780402609e-01,4.275248886848037055e-01,4.283156950927800022e-01,4.288506334882484228e-01,4.291553872284484816e-01,4.292511116765709289e-01,4.291555257313618421e-01,4.288827805668217752e-01,4.284436454699764862e-01,4.278460176987376462e-01,4.270956441477103405e-01,4.261969339571921034e-01,4.251537637555236615e-01,4.239702081200535932e-01,4.226511566125203956e-01,4.212028010207439221e-01,4.196329914315929388e-01,4.179514685199041124e-01,4.161699836622889670e-01,4.143023198356601267e-01,4.123642260586563024e-01,4.103732772907060511e-01,4.083486707637933311e-01,4.063109689573072836e-01,4.042817989195470196e-01,4.022835173628570571e-01,4.003388508282607061e-01,3.984705201283975096e-01,3.967008581404354861e-01,3.950514297636533723e-01,3.935426624365157555e-01,3.921934950167336176e-01,3.910210520960356040e-01,3.900403499540157082e-01,3.892640394182886321e-01,3.887021899647804535e-01,3.883621184688599848e-01,3.882482651514457261e-01,3.883621184688564321e-01,3.887021899647815082e-01,3.892640394182862451e-01,3.900403499540149310e-01,3.910210520960355485e-01,3.921934950167320633e-01,3.935426624365157555e-01,3.950514297636555372e-01,3.967008581404357082e-01,3.984705201283975651e-01,4.003388508282633151e-01,4.022835173628562799e-01,4.042817989195481299e-01,4.063109689573052852e-01,4.083486707637918878e-01,4.103732772907056625e-01,4.123642260586573016e-01,4.143023198356588499e-01,4.161699836622908544e-01,4.179514685199018365e-01,4.196329914315919396e-01,4.212028010207428119e-01,4.226511566125195074e-01,4.239702081200514838e-01,4.251537637555233284e-01,4.261969339571919924e-01,4.270956441477092858e-01,4.278460176987359809e-01,4.284436454699767638e-01,4.288827805668220527e-01,4.291555257313619531e-01,4.292511116765705403e-01,4.291553872284493698e-01,4.288506334882500326e-01,4.283156950927795026e-01,4.275248886848028174e-01,4.264911900780423704e-01,4.251373729416460523e-01,4.234677469279916062e-01,4.214782528963404440e-01,4.191698018794914327e-01,4.165491287379200491e-01,4.136282836843384603e-01,4.104235969168215092e-01,4.069544447585977109e-01,4.032420288205641468e-01,3.993083018253600347e-01,3.951751076483233649e-01,3.908635519878561060e-01,3.863935863069044574e-01,3.817837698024131310e-01,3.770511683095579269e-01,3.722113508813156280e-01,3.672784506043016983e-01,3.622652633998397209e-01,3.571833655344095471e-01,3.520432365439565281e-01,3.468543790036866525e-01,3.416254300876409578e-01,3.363642623376709162e-01,3.310780727179688521e-01,3.257734600777726364e-01
3.174174141482228317e-01,3.229468603653690151e-01,3.284827384188668264e-01,3.340208469582907069e-01,3.395565549446889486e-01,3.450847364160709030e-01,3.505996952918885023e-01,3.560950807445887878e-01,3.615637950020987867e-01,3.669978974397918314e-01,3.723885116244551874e-01,3.777257456740995556e-01,3.829986408315126378e-01,3.881951681632543338e-01,3.933022979794090768e-01,3.983061694935086661e-01,4.031923873001707626e-01,4.079464638557332434e-01,4.125544108817052469e-01,4.170034563878883271e-01,4.212828296157659080e-01,4.253845194630282434e-01,4.293038821126591298e-01,4.330399575507278276e-01,4.365953254797776961e-01,4.399746431596696095e-01,4.431887232751883787e-01,4.462499418442112398e-01,4.491688693462199122e-01,4.519560642283660945e-01,4.546197026158020904e-01,4.571656197666003618e-01,4.595974429101999936e-01,4.619168634147501895e-01,4.641240021808120120e-01,4.662178159572867853e-01,4.681965033284493649e-01,4.700578831786464962e-01,4.717997307169665699e-01,4.734200651381813008e-01,4.749173886965060709e-01,4.762908799887760058e-01,4.775405453575902737e-01,4.786673322409742970e-01,4.796732075715992027e-01,4.805612033669543481e-01,4.813354307209215532e-01,4.820010626762142869e-01,4.825642860242145282e-01,4.830322219924135241e-01,4.834128160516499850e-01,4.837146976880746241e-01,4.839470118945839450e-01,4.841192252824166875e-01,4.842409110044266218e-01,4.843215179963328842e-01,4.843701312982239826e-01,4.843952312707470176e-01,4.844044602555709900e-01,4.844044055581287478e-01,4.844004074802372162e-01,4.843964004686100999e-01,4.843947942820036046e-01,4.843964004686102665e-01,4.844004074802408799e-01,4.844044055581283037e-01,4.844044602555723777e-01,4.843952312707446861e-01,4.843701312982230389e-01,4.843215179963366590e-01,4.842409110044268994e-01,4.841192252824166320e-01,4.839470118945808363e-01,4.837146976880743465e-01,4.834128160516494854e-01,4.830322219924139682e-01,4.825642860242157495e-01,4.820010626762148975e-01,4.813354307209208316e-01,4.805612033669547367e-01,4.796732075715994248e-01,4.786673322409726872e-01,4.775405453575886083e-01,4.762908799887757838e-01,4.749173886965061819e-01,4.734200651381808567e-01,4.717997307169672361e-01,4.700578831786474399e-01,4.681965033284485322e-01,4.662178159572872294e-01,4.641240021808126226e-01,4.619168634147500785e-01,4.595974429102002712e-01,4.571656197666015276e-01,4.546197026158025345e-01,4.519560642283661500e-01,4.491688693462203563e-01,4.462499418442111843e-01,4.431887232751885453e-01,4.399746431596695539e-01,4.365953254797787508e-01,4.330399575507271059e-01,4.293038821126601845e-01,4.253845194630276327e-01,4.212828296157657415e-01,4.170034563878874945e-01,4.125544108817055244e-01,4.079464638557329104e-01,4.031923873001704850e-01,3.983061694935082775e-01,3.933022979794082996e-01,3.881951681632544449e-01,3.829986408315118607e-01,3.777257456740995556e-01,3.723885116244556315e-01,3.669978974397925531e-01,3.615637950020978431e-01,3.560950807445886213e-01,3.505996952918886134e-01,3.450847364160724573e-01,3.395565549446888931e-01,3.340208469582906514e-01,3.284827384188674371e-01,3.229468603653686265e-01,3.174174141482225542e-01
3.033588026499623447e-01,3.088806199198407820e-01,3.144200036774212337e-01,3.199745730857034842e-01,3.255416727540681454e-01,3.311183146707869507e-01,3.367011088998114743e-01,3.422861832641116986e-01,3.478690936998751759e-01,3.534447291414133940e-01,3.590072177862638214e-01,3.645498453650343751e-01,3.700650003280168687e-01,3.755441650080958982e-01,3.809779746844087489e-01,3.863563664206124404e-01,3.916688346877996718e-01,3.969047995007661811e-01,4.020540746540751109e-01,4.071074002721024043e-01,4.120569792959336564e-01,4.168969366037553193e-01,4.216236011780866155e-01,4.262354530204122138e-01,4.307319292772030517e-01,4.351235446114055661e-01,4.394243910745460058e-01,4.436217206085490972e-01,4.477242788680267926e-01,4.517393998386980414e-01,4.556733738646048804e-01,4.595314139954134736e-01,4.633176492684148440e-01,4.670351702334506472e-01,4.706861100015603538e-01,4.742717404591603181e-01,4.777925672506858068e-01,4.812484123504852662e-01,4.846384777224308493e-01,4.879613872402195907e-01,4.912152067383136478e-01,4.943974439784281638e-01,4.975050316744996093e-01,5.005342977124641601e-01,5.034809274672470414e-01,5.063399237363012118e-01,5.091055703017806078e-01,5.117714054815609703e-01,5.143302121779297353e-01,5.167740308036499197e-01,5.190942009752749220e-01,5.212814369278699900e-01,5.233259401642582631e-01,5.252175509043999213e-01,5.269459374781276795e-01,5.285008200232083064e-01,5.298722218977657272e-01,5.310507393407740695e-01,5.320278174111257030e-01,5.327960184095046348e-01,5.333492681120589607e-01,5.336830654188950973e-01,5.337946425270032602e-01,5.336830654188948753e-01,5.333492681120599599e-01,5.327960184095056340e-01,5.320278174111258140e-01,5.310507393407736254e-01,5.298722218977642839e-01,5.285008200232086395e-01,5.269459374781289007e-01,5.252175509044000323e-01,5.233259401642572639e-01,5.212814369278698790e-01,5.190942009752756992e-01,5.167740308036499197e-01,5.143302121779285141e-01,5.117714054815617475e-01,5.091055703017814960e-01,5.063399237363009897e-01,5.034809274672471524e-01,5.005342977124648263e-01,4.975050316745014412e-01,4.943974439784287744e-01,4.912152067383139253e-01,4.879613872402194241e-01,4.846384777224305718e-01,4.812484123504853217e-01,4.777925672506853627e-01,4.742717404591612618e-01,4.706861100015599653e-01,4.670351702334495925e-01,4.633176492684151215e-01,4.595314139954129184e-01,4.556733738646053244e-01,4.517393998386973197e-01,4.477242788680265706e-01,4.436217206085468212e-01,4.394243910745466719e-01,4.351235446114053440e-01,4.307319292772030517e-01,4.262354530204118808e-01,4.216236011780870041e-01,4.168969366037542090e-01,4.120569792959337119e-01,4.071074002721032370e-01,4.020540746540746113e-01,3.969047995007651819e-01,3.916688346877991167e-01,3.863563664206134396e-01,3.809779746844094150e-01,3.755441650080955651e-01,3.700650003280173128e-01,3.645498453650326542e-01,3.590072177862627667e-01,3.534447291414136161e-01,3.478690936998747874e-01,3.422861832641111435e-01,3.367011088998113633e-01,3.311183146707871727e-01,3.255416727540679234e-01,3.199745730857030956e-01,3.144200036774214557e-01,3.088806199198401714e-01,3.033588026499626222e-01
2.850902027723889454e-01,2.904733542644272193e-01,2.958775097271649779e-01,3.013017982629631053e-01,3.067451973737397863e-01,3.122064645535924110e-01,3.176840510658236472e-01,3.231759972818755711e-01,3.286798109921497679e-01,3.341923331431568833e-01,3.397095995594201501e-01,3.452267121614422396e-01,3.507377383754133882e-01,3.562356617077304666e-01,3.617124081761707299e-01,3.671589705216405930e-01,3.725656431826551152e-01,3.779223651497003456e-01,3.832191456847431343e-01,3.884465208595939689e-01,3.935959547202914632e-01,3.986600337395775906e-01,4.036320606639235975e-01,4.085029620483129342e-01,4.132044769632655101e-01,4.179392792726113748e-01,4.225942902315810157e-01,4.271652742657546242e-01,4.316574888553705858e-01,4.360777441984570180e-01,4.404332678066518181e-01,4.447312729514827367e-01,4.489787438024832045e-01,4.531823167755181792e-01,4.573482076721984702e-01,4.614821558123378686e-01,4.655893660659101707e-01,4.696744354233781671e-01,4.737412547518671802e-01,4.777928795138886020e-01,4.818313659199289223e-01,4.858575715504454551e-01,4.898709221485328946e-01,4.938691492214615231e-01,4.978480063969869529e-01,5.018009761729882445e-01,5.057189826845560621e-01,5.095901301784946380e-01,5.133994906845966710e-01,5.171289674051361418e-01,5.207572620203326785e-01,5.242599737566769891e-01,5.276098550364737294e-01,5.307772423123856553e-01,5.337306710555760336e-01,5.364376709947058508e-01,5.388657223062318646e-01,5.409833368160273936e-01,5.427612121765027497e-01,5.441733935463622940e-01,5.451983686605915702e-01,5.458200201276680597e-01,5.460283643948551369e-01,5.458200201276685037e-01,5.451983686605914592e-01,5.441733935463645144e-01,5.427612121765025277e-01,5.409833368160276157e-01,5.388657223062326418e-01,5.364376709947057398e-01,5.337306710555764777e-01,5.307772423123844341e-01,5.276098550364752837e-01,5.242599737566762119e-01,5.207572620203333447e-01,5.171289674051355867e-01,5.133994906845975592e-01,5.095901301784964144e-01,5.057189826845563951e-01,5.018009761729889107e-01,4.978480063969870639e-01,4.938691492214625778e-01,4.898709221485314513e-01,4.858575715504466763e-01,4.818313659199299770e-01,4.777928795138879359e-01,4.737412547518655148e-01,4.696744354233778340e-01,4.655893660659093936e-01,4.614821558123386458e-01,4.573482076721982481e-01,4.531823167755181792e-01,4.489787438024833155e-01,4.447312729514816265e-01,4.404332678066524842e-01,4.360777441984579061e-01,4.316574888553704192e-01,4.271652742657541246e-01,4.225942902315803495e-01,4.179392792726119299e-01,4.132044769632668979e-01,4.085029620483121016e-01,4.036320606639219877e-01,3.986600337395760918e-01,3.935959547202925735e-01,3.884465208595953012e-01,3.832191456847430233e-01,3.779223651497016223e-01,3.725656431826547821e-01,3.671589705216401489e-01,3.617124081761725063e-01,3.562356617077311882e-01,3.507377383754142208e-01,3.452267121614437939e-01,3.397095995594208162e-01,3.341923331431571054e-01,3.286798109921508781e-01,3.231759972818765703e-01,3.176840510658237027e-01,3.122064645535925220e-01,3.067451973737401749e-01,3.013017982629636049e-01,2.958775097271657550e-01,2.904733542644288846e-01,2.850902027723890564e-01
2.629888158089880301e-01,2.681432420421891449e-01,2.733184492598461635e-01,2.785150680265918721e-01,2.837336530088636066e-01,2.889745701867397210e-01,2.942378531025747757e-01,2.995230282260066268e-01,3.048289135993691445e-01,3.101534004634496355e-01,3.154932341937067286e-01,3.208438176998333891e-01,3.261990659297056006e-01,3.315513422247988173e-01,3.368915038025994679e-01,3.422090728492460654e-01,3.474925308745879238e-01,3.527297073376444159e-01,3.579081982023279429e-01,3.630156961537885918e-01,3.680399925024369634e-01,3.729679780355746876e-01,3.777805474023705479e-01,3.824028865363620078e-01,3.868872442484558860e-01,3.915135701395768830e-01,3.960492205986149705e-01,4.004911348349876055e-01,4.048443813432962557e-01,4.091169182876694399e-01,4.133182472762379489e-01,4.174588937179142811e-01,4.215501738283576327e-01,4.256040864147184744e-01,4.296332601050997235e-01,4.336509165613057215e-01,4.376708217181382032e-01,4.417072019330253729e-01,4.457746039514303704e-01,4.498876784045158228e-01,4.540608670820806547e-01,4.583079752115643557e-01,4.626416121674007953e-01,4.670724882191209515e-01,4.716085619256898953e-01,4.762540434002335288e-01,4.810082734303102181e-01,4.858645175482871337e-01,4.908087370887159739e-01,4.958184245486703112e-01,5.008616155014815607e-01,5.058962099515770250e-01,5.108697473543377665e-01,5.157197761166222305e-01,5.203749353861970572e-01,5.247568214144701093e-01,5.287826431611696298e-01,5.323685869202123833e-01,5.354337170490756082e-01,5.379041526174114241e-01,5.397171929071701291e-01,5.408250319511721527e-01,5.411977131356083826e-01,5.408250319511722637e-01,5.397171929071704621e-01,5.379041526174119792e-01,5.354337170490766074e-01,5.323685869202139376e-01,5.287826431611707401e-01,5.247568214144711085e-01,5.203749353861979454e-01,5.157197761166223415e-01,5.108697473543382106e-01,5.058962099515771360e-01,5.008616155014800064e-01,4.958184245486712549e-01,4.908087370887156964e-01,4.858645175482874112e-01,4.810082734303090524e-01,4.762540434002318079e-01,4.716085619256908390e-01,4.670724882191197302e-01,4.626416121674011839e-01,4.583079752115601924e-01,4.540608670820800996e-01,4.498876784045166555e-01,4.457746039514272063e-01,4.417072019330293142e-01,4.376708217181385363e-01,4.336509165613047778e-01,4.296332601051008337e-01,4.256040864147179748e-01,4.215501738283569111e-01,4.174588937179131154e-01,4.133182472762376158e-01,4.091169182876675525e-01,4.048443813432964222e-01,4.004911348349872169e-01,3.960492205986154701e-01,3.915135701395768830e-01,3.868872442484564411e-01,3.824028865363625629e-01,3.777805474023716026e-01,3.729679780355752428e-01,3.680399925024366858e-01,3.630156961537885918e-01,3.579081982023291642e-01,3.527297073376439163e-01,3.474925308745888120e-01,3.422090728492482303e-01,3.368915038026007447e-01,3.315513422248001496e-01,3.261990659297036022e-01,3.208438176998332780e-01,3.154932341937063400e-01,3.101534004634509678e-01,3.048289135993676457e-01,2.995230282260065158e-01,2.942378531025729438e-01,2.889745701867378336e-01,2.837336530088638287e-01,2.785150680265931489e-01,2.733184492598461079e-01,2.681432420421884788e-01,2.629888158089865313e-01
2.369931402304062684e-01,2.418402343306552682e-01,2.467063290195606329e-01,2.515932975703564778e-01,2.565028190425064358e-01,2.614361600324738855e-01,2.663939138840216159e-01,2.713757053162166311e-01,2.763798759097076951e-01,2.814031739071300997e-01,2.864404788322002515e-01,2.914845954883853452e-01,2.965261507442591427e-01,3.015536182848126967e-01,3.065534802422550387e-01,3.115105103804960973e-01,3.164081313527010719e-01,3.212287547665345633e-01,3.259539384116360017e-01,3.305640149113161508e-01,3.350362378721156165e-01,3.393375941816204611e-01,3.433822191118019451e-01,3.468815011922179448e-01,3.509123799615785910e-01,3.548126338805902003e-01,3.585520687526616013e-01,3.621266013566517006e-01,3.655388999331811717e-01,3.687949959057461036e-01,3.719033434682275097e-01,3.748746274287834690e-01,3.777219103090279084e-01,3.804609832678280124e-01,3.831108640276558730e-01,3.856944101612790887e-01,3.882390212273623131e-01,3.907773973554906632e-01,3.933483071014321486e-01,3.959972936316402681e-01,3.987772149688891266e-01,4.017484713316829548e-01,4.049787228728303212e-01,4.085418502850126643e-01,4.125158709082241137e-01,4.169795136802167401e-01,4.220072047423006900e-01,4.276623530816597851e-01,4.339890779189934378e-01,4.410028897529111314e-01,4.486812845009942596e-01,4.569556351868476751e-01,4.657060147851089793e-01,4.747604923193215476e-01,4.838999125452854710e-01,4.928682444966477338e-01,5.013874913913018982e-01,5.091752374843024898e-01,5.159624839604222135e-01,5.215096334482270946e-01,5.256192085565547512e-01,5.281448285463494763e-01,5.289967677664466628e-01,5.281448285463499204e-01,5.256192085565516425e-01,5.215096334482277607e-01,5.159624839604229907e-01,5.091752374843026008e-01,5.013874913913027864e-01,4.928682444966470122e-01,4.838999125452892458e-01,4.747604923193200488e-01,4.657060147851126430e-01,4.569556351868489519e-01,4.486812845009928719e-01,4.410028897529102987e-01,4.339890779189961023e-01,4.276623530816618945e-01,4.220072047423025774e-01,4.169795136802134095e-01,4.125158709082250019e-01,4.085418502850089451e-01,4.049787228728287669e-01,4.017484713316831768e-01,3.987772149688882939e-01,3.959972936316413783e-01,3.933483071014282628e-01,3.907773973554934388e-01,3.882390212273565400e-01,3.856944101612796993e-01,3.831108640276541522e-01,3.804609832678286785e-01,3.777219103090267982e-01,3.748746274287847458e-01,3.719033434682271766e-01,3.687949959057446603e-01,3.655388999331813382e-01,3.621266013566542541e-01,3.585520687526586592e-01,3.548126338805904778e-01,3.509123799615795902e-01,3.468815011922168901e-01,3.433822191118026113e-01,3.393375941816225150e-01,3.350362378721147838e-01,3.305640149113173720e-01,3.259539384116360572e-01,3.212287547665326759e-01,3.164081313527022377e-01,3.115105103804958198e-01,3.065534802422536509e-01,3.015536182848119195e-01,2.965261507442585320e-01,2.914845954883862333e-01,2.864404788321982531e-01,2.814031739071294891e-01,2.763798759097081947e-01,2.713757053162162425e-01,2.663939138840230592e-01,2.614361600324729418e-01,2.565028190425074905e-01,2.515932975703571439e-01,2.467063290195622705e-01,2.418402343306538527e-01,2.369931402304051304e-01
2.071991918070505700e-01,2.116503834216858781e-01,2.161147373503882474e-01,2.205935480750696454e-01,2.250873253367119131e-01,2.295954268242480778e-01,2.341156645933503699e-01,2.386439083181904619e-01,2.431737147965786494e-01,2.476960163699765960e-01,2.521988992510550420e-01,2.566674947565505960e-01,2.610839915153470026e-01,2.654277551141399072e-01,2.696755137641214661e-01,2.738015328307708551e-01,2.777776484647350719e-01,2.815729296442258112e-01,2.851524833090214317e-01,2.884741068754514970e-01,2.914781227783851403e-01,2.940433709707230281e-01,2.952526160690491785e-01,2.975715146404694367e-01,2.996373030904647128e-01,3.013187033946471138e-01,3.025756441324344848e-01,3.033786236097925637e-01,3.037009156459268278e-01,3.035172260186527748e-01,3.028044047493668733e-01,3.015436027591633095e-01,2.997240451530949756e-01,2.973489296238986390e-01,2.944441991841317829e-01,2.910711118517692597e-01,2.873435323354646687e-01,2.834504498690956775e-01,2.796829243233027729e-01,2.764618103987717679e-01,2.743575643886427828e-01,2.740864096130098959e-01,2.764608699579043649e-01,2.822742723527956743e-01,2.921184141161415893e-01,3.061749491231611220e-01,3.240658121976827677e-01,3.448541549795074435e-01,3.672253881343157111e-01,3.897793593020816294e-01,4.113076166096040209e-01,4.309575099119057340e-01,4.482620137613967937e-01,4.630756023866934856e-01,4.754730287350968365e-01,4.856525750291404431e-01,4.938625786766200343e-01,5.003537356879120823e-01,5.053521241992229296e-01,5.090462105256052805e-01,5.115820897340174200e-01,5.130628869327292785e-01,5.135497411282921032e-01,5.130628869327292785e-01,5.115820897340176421e-01,5.090462105256060577e-01,5.053521241992233737e-01,5.003537356879103060e-01,4.938625786766207004e-01,4.856525750291385002e-01,4.754730287350981688e-01,4.630756023866929860e-01,4.482620137614010125e-01,4.309575099119140607e-01,4.113076166096057973e-01,3.897793593020854042e-01,3.672253881343088833e-01,3.448541549795117178e-01,3.240658121976854322e-01,3.061749491231597342e-01,2.921184141161363712e-01,2.822742723528026132e-01,2.764608699578972595e-01,2.740864096130091188e-01,2.743575643886480564e-01,2.764618103987746545e-01,2.796829243232910600e-01,2.834504498690981200e-01,2.873435323354658899e-01,2.910711118517648743e-01,2.944441991841300066e-01,2.973489296239015256e-01,2.997240451530935879e-01,3.015436027591640866e-01,3.028044047493646529e-01,3.035172260186546622e-01,3.037009156459257730e-01,3.033786236097928968e-01,3.025756441324329304e-01,3.013187033946434501e-01,2.996373030904680990e-01,2.975715146404716571e-01,2.952526160690513990e-01,2.940433709707241383e-01,2.914781227783847517e-01,2.884741068754507198e-01,2.851524833090203215e-01,2.815729296442270879e-01,2.777776484647357935e-01,2.738015328307701890e-01,2.696755137641227984e-01,2.654277551141394631e-01,2.610839915153478352e-01,2.566674947565504850e-01,2.521988992510551530e-01,2.476960163699764850e-01,2.431737147965782053e-01,2.386439083181916831e-01,2.341156645933500369e-01,2.295954268242475227e-01,2.250873253367120519e-01,2.205935480750715050e-01,2.161147373503889135e-01,2.116503834216848789e-01,2.071991918070501537e-01
1.746217540056049788e-01,1.785386208550029385e-01,1.824462513157717458e-01,1.863404508029331275e-01,1.902150300959886964e-01,1.940613347603627470e-01,1.978677915176072777e-01,2.016194949767164124e-01,2.052978540888345527e-01,2.088803085124323056e-01,2.123401106241587510e-01,2.156461495239950510e-01,2.187627692935515122e-01,2.216495036769617621e-01,2.242606074378301895e-01,2.265441934933267731e-01,2.284406359031808387e-01,2.298795267399788844e-01,2.307733757361190574e-01,2.310021971472145663e-01,2.303616963602312662e-01,2.281578981282363638e-01,2.250921712832757160e-01,2.228802456784078345e-01,2.196779225076082587e-01,2.153689029101748531e-01,2.098643681624567936e-01,2.031059508409004677e-01,1.950931494893100582e-01,1.859326238001077491e-01,1.759160267230019670e-01,1.656316015256610319e-01,1.561021319210996183e-01,1.489081804921240926e-01,1.461948781389104390e-01,1.503992726611143860e-01,1.635712314597077000e-01,1.864222222086466263e-01,2.176418277018033476e-01,2.540969470566123989e-01,2.919249870825615933e-01,3.278001235608627995e-01,3.596406484640932155e-01,3.866203849327856656e-01,4.087979133398220721e-01,4.266991504495110110e-01,4.410133919818143844e-01,4.524216250320627353e-01,4.615203818948443448e-01,4.688003222062232522e-01,4.746509794307182117e-01,4.793754117406188731e-01,4.832067482010933834e-01,4.863232488031793421e-01,4.888608021346722010e-01,4.909228096236654126e-01,4.925877903888199461e-01,4.939151324056325065e-01,4.949493870807928908e-01,4.957234360733333012e-01,4.962607858316738785e-01,4.965771795461270677e-01,4.966816610413840594e-01,4.965771795461260130e-01,4.962607858316752107e-01,4.957234360733341894e-01,4.949493870807936680e-01,4.939151324056325065e-01,4.925877903888193354e-01,4.909228096236646355e-01,4.888608021346715349e-01,4.863232488031772327e-01,4.832067482010937720e-01,4.793754117406196502e-01,4.746509794307182672e-01,4.688003222062222530e-01,4.615203818948446224e-01,4.524216250320585164e-01,4.410133919818142734e-01,4.266991504495131760e-01,4.087979133398156883e-01,3.866203849327871089e-01,3.596406484640965462e-01,3.278001235608654085e-01,2.919249870825742499e-01,2.540969470566105115e-01,2.176418277018023484e-01,1.864222222086456826e-01,1.635712314597100869e-01,1.503992726611147746e-01,1.461948781389057206e-01,1.489081804921280616e-01,1.561021319210964264e-01,1.656316015256572294e-01,1.759160267230039931e-01,1.859326238001088871e-01,1.950931494893074492e-01,2.031059508408968595e-01,2.098643681624510482e-01,2.153689029101743813e-01,2.196779225076052333e-01,2.228802456784064467e-01,2.250921712832741894e-01,2.281578981282375573e-01,2.303616963602333201e-01,2.310021971472183411e-01,2.307733757361204729e-01,2.298795267399797726e-01,2.284406359031800893e-01,2.265441934933262458e-01,2.242606074378314662e-01,2.216495036769602078e-01,2.187627692935514012e-01,2.156461495239960502e-01,2.123401106241583347e-01,2.088803085124321113e-01,2.052978540888351078e-01,2.016194949767173561e-01,1.978677915176082214e-01,1.940613347603625805e-01,1.902150300959880858e-01,1.863404508029324058e-01,1.824462513157722732e-01,1.785386208550036047e-01,1.746217540056071438e-01
1.420229316607690695e-01,1.451543070217525266e-01,1.482158387373379294e-01,1.511902174459980597e-01,1.540565079600766940e-01,1.567896153743589260e-01,1.593597633745407194e-01,1.617319794376131381e-01,1.638655698001214023e-01,1.657135531202131862e-01,1.672220063618584940e-01,1.683292596007003317e-01,1.689648562593240033e-01,1.690481649886441395e-01,1.684864699867103244e-01,1.671722243258941254e-01,1.649787630557847662e-01,1.617525815693074964e-01,1.572959931379081799e-01,1.513138255663583065e-01,1.431301746937136132e-01,1.318999031848071546e-01,1.239186330685536769e-01,1.149147813001113877e-01,1.054987538560606397e-01,9.670617017216183442e-02,9.018211922900530586e-02,8.825158265901739130e-02,9.369704598059971912e-02,1.090375681228256399e-01,1.353644656377616107e-01,1.713463724700229895e-01,2.132971195464802294e-01,2.565098338564934521e-01,2.969437018770507697e-01,3.321815415459826171e-01,3.614171044166850089e-01,3.849251412392682425e-01,4.034981299889691120e-01,4.180618766652439700e-01,4.294771996431305805e-01,4.384653854080584057e-01,4.455983221294114727e-01,4.513157468262838923e-01,4.559501395751596187e-01,4.597507342370887873e-01,4.629036953075400529e-01,4.655480059478082633e-01,4.677875599239196269e-01,4.697001988114579696e-01,4.713444047184368046e-01,4.727642382426333056e-01,4.739929801157474198e-01,4.750558209035005142e-01,4.759718526568337826e-01,4.767555478516083967e-01,4.774178602405229621e-01,4.779670451850827617e-01,4.784092700896155903e-01,4.787490659524127889e-01,4.789896566995741622e-01,4.791331923419602234e-01,4.791809039699497785e-01,4.791331923419608341e-01,4.789896566995731075e-01,4.787490659524124004e-01,4.784092700896148687e-01,4.779670451850827062e-01,4.774178602405236282e-01,4.767555478516080081e-01,4.759718526568345598e-01,4.750558209035005142e-01,4.739929801157466982e-01,4.727642382426338052e-01,4.713444047184361940e-01,4.697001988114567483e-01,4.677875599239195159e-01,4.655480059478095400e-01,4.629036953075398864e-01,4.597507342370887318e-01,4.559501395751604513e-01,4.513157468262852801e-01,4.455983221294113616e-01,4.384653854080574620e-01,4.294771996431291927e-01,4.180618766652466900e-01,4.034981299889729978e-01,3.849251412392752369e-01,3.614171044166886171e-01,3.321815415459774545e-01,2.969437018770506587e-01,2.565098338565059422e-01,2.132971195464841707e-01,1.713463724700340085e-01,1.353644656377501754e-01,1.090375681228256399e-01,9.369704598059958034e-02,8.825158265901551780e-02,9.018211922900490340e-02,9.670617017216341649e-02,1.054987538560599458e-01,1.149147813001129559e-01,1.239186330685516507e-01,1.318999031848059333e-01,1.431301746937129193e-01,1.513138255663564469e-01,1.572959931379084020e-01,1.617525815693077185e-01,1.649787630557844886e-01,1.671722243258927931e-01,1.684864699867075488e-01,1.690481649886469151e-01,1.689648562593256964e-01,1.683292596006990549e-01,1.672220063618591601e-01,1.657135531202165168e-01,1.638655698001203198e-01,1.617319794376141373e-01,1.593597633745424402e-01,1.567896153743588983e-01,1.540565079600739185e-01,1.511902174459978099e-01,1.482158387373379571e-01,1.451543070217548304e-01,1.420229316607694026e-01
1.145390272062806192e-01,1.165377800606934716e-01,1.183633210762324028e-01,1.199805905168917913e-01,1.213497759051967301e-01,1.224258645019380282e-01,1.231582593894253175e-01,1.234905039162193102e-01,1.233601962485397358e-01,1.226992410998311162e-01,1.214346961666888519e-01,1.194906515754353554e-01,1.167918676474669765e-01,1.132703344053188482e-01,1.088765408296263754e-01,1.035980026810488647e-01,9.748808535399906827e-02,9.070656038405074117e-02,8.356130770604702773e-02,7.645987633343344358e-02,6.809866400715287871e-02,7.241709667962460684e-02,8.178600051019972728e-02,9.890126070473938269e-02,1.247742213967596991e-01,1.586223369830148111e-01,1.977825993113916936e-01,2.385012114713566667e-01,2.772052817742464148e-01,3.114639419287338340e-01,3.402268698805419600e-01,3.635161314197904447e-01,3.819554148379373237e-01,3.963877431755680192e-01,4.076481656176301760e-01,4.164612147996109015e-01,4.234128818591262888e-01,4.289584295985494067e-01,4.334433430228631368e-01,4.371262671143054113e-01,4.401993855738172146e-01,4.428049523497828432e-01,4.450480858293340836e-01,4.470064182381369711e-01,4.487372715077622698e-01,4.502829560172922352e-01,4.516746725601644696e-01,4.529353858069846139e-01,4.540819441373311616e-01,4.551266480017248650e-01,4.560784143654927902e-01,4.569436445787250500e-01,4.577268737296855128e-01,4.584312583170359057e-01,4.590589437226771374e-01,4.596113418493218972e-01,4.600893412144659300e-01,4.604934659063745217e-01,4.608239954905393176e-01,4.610810547641092105e-01,4.612646798718940677e-01,4.613748654895187262e-01,4.614115963777008500e-01,4.613748654895187262e-01,4.612646798718952335e-01,4.610810547641087664e-01,4.608239954905385405e-01,4.604934659063751878e-01,4.600893412144659300e-01,4.596113418493221192e-01,4.590589437226770264e-01,4.584312583170352950e-01,4.577268737296866785e-01,4.569436445787262158e-01,4.560784143654927347e-01,4.551266480017255311e-01,4.540819441373303844e-01,4.529353858069853356e-01,4.516746725601649137e-01,4.502829560172922352e-01,4.487372715077628249e-01,4.470064182381373041e-01,4.450480858293335285e-01,4.428049523497823992e-01,4.401993855738173811e-01,4.371262671143060219e-01,4.334433430228624151e-01,4.289584295985490736e-01,4.234128818591254562e-01,4.164612147996090696e-01,4.076481656176290658e-01,3.963877431755715719e-01,3.819554148379384895e-01,3.635161314197875582e-01,3.402268698805522851e-01,3.114639419287458799e-01,2.772052817742562403e-01,2.385012114713593590e-01,1.977825993113828673e-01,1.586223369830153940e-01,1.247742213967563268e-01,9.890126070474133946e-02,8.178600051020312733e-02,7.241709667962373254e-02,6.809866400715279544e-02,7.645987633343388767e-02,8.356130770604738855e-02,9.070656038405137955e-02,9.748808535400005360e-02,1.035980026810482818e-01,1.088765408296246129e-01,1.132703344053178768e-01,1.167918676474671569e-01,1.194906515754363130e-01,1.214346961666896846e-01,1.226992410998307831e-01,1.233601962485403464e-01,1.234905039162209894e-01,1.231582593894240962e-01,1.224258645019380004e-01,1.213497759051968550e-01,1.199805905168918885e-01,1.183633210762323751e-01,1.165377800606933467e-01,1.145390272062799808e-01
9.900797240734883486e-02,9.975898432845486941e-02,1.002659552042050317e-01,1.004929757016167768e-01,1.004047276842860020e-01,9.996867986259752592e-02,9.915861413873237884e-02,9.796015542958659561e-02,9.637928404342527289e-02,9.445520255027017864e-02,9.227935683832623470e-02,9.002268652558158279e-02,8.797281614926610871e-02,8.658083727519561013e-02,8.651164820702450520e-02,8.867987697710259798e-02,9.423379193297827527e-02,1.044275578825541867e-01,1.203139818782660436e-01,1.421206347169821360e-01,1.714231730034184997e-01,2.048930105946360769e-01,2.391107823555838896e-01,2.718164647215959850e-01,3.012355222135702504e-01,3.264240476821106962e-01,3.472052738072013423e-01,3.639177200991313699e-01,3.771513144657041572e-01,3.875564424851272172e-01,3.957367370550005647e-01,4.022040154798781630e-01,4.073696996590676633e-01,4.115537393184692805e-01,4.149997693854829972e-01,4.178908107587492871e-01,4.203631224886504314e-01,4.225175162436647369e-01,4.244282137218733375e-01,4.261496115951729502e-01,4.277213743099972931e-01,4.291722370510629991e-01,4.305228339478323063e-01,4.317877982931915826e-01,4.329773225594055752e-01,4.340983187416960210e-01,4.351552831997234083e-01,4.361509428308786296e-01,4.370867391323352003e-01,4.379631917813732733e-01,4.387801724151702554e-01,4.395371112707951999e-01,4.402331534673435964e-01,4.408672773951616275e-01,4.414383844986011218e-01,4.419453673901715951e-01,4.423871614915437234e-01,4.427627840977128026e-01,4.430713637861746768e-01,4.433121623563193725e-01,4.434845909217877691e-01,4.435882213424827136e-01,4.436227938379740388e-01,4.435882213424819365e-01,4.434845909217897675e-01,4.433121623563191505e-01,4.430713637861752319e-01,4.427627840977141349e-01,4.423871614915437789e-01,4.419453673901717616e-01,4.414383844986011218e-01,4.408672773951619606e-01,4.402331534673444846e-01,4.395371112707953110e-01,4.387801724151698113e-01,4.379631917813733843e-01,4.370867391323350892e-01,4.361509428308791292e-01,4.351552831997236859e-01,4.340983187416952438e-01,4.329773225594060748e-01,4.317877982931924707e-01,4.305228339478326394e-01,4.291722370510636653e-01,4.277213743099971821e-01,4.261496115951731722e-01,4.244282137218732265e-01,4.225175162436640153e-01,4.203631224886506534e-01,4.178908107587478993e-01,4.149997693854823311e-01,4.115537393184691695e-01,4.073696996590669972e-01,4.022040154798775524e-01,3.957367370550005647e-01,3.875564424851288270e-01,3.771513144657036576e-01,3.639177200991293160e-01,3.472052738072030076e-01,3.264240476821121395e-01,3.012355222135649213e-01,2.718164647215951524e-01,2.391107823555896073e-01,2.048930105946252245e-01,1.714231730034231627e-01,1.421206347169835515e-01,1.203139818782646281e-01,1.044275578825573508e-01,9.423379193297468093e-02,8.867987697710062733e-02,8.651164820702469949e-02,8.658083727519687300e-02,8.797281614926698301e-02,9.002268652558122197e-02,9.227935683832728941e-02,9.445520255027067824e-02,9.637928404342498145e-02,9.796015542958655398e-02,9.915861413873219843e-02,9.996867986259731775e-02,1.004047276842860159e-01,1.004929757016165687e-01,1.002659552042053787e-01,9.975898432845520247e-02,9.900797240734872384e-02
1.012514735176096164e-01,1.014998970000591527e-01,1.016614592892943203e-01,1.017659675047677542e-01,1.018690239876300224e-01,1.020626598429445892e-01,1.024892657917929328e-01,1.033588927143568870e-01,1.049688455463989312e-01,1.077221006524963914e-01,1.121368744417299140e-01,1.188336724922155613e-01,1.284803622977596649e-01,1.416762496837336571e-01,1.587729748552923204e-01,1.796703220712425886e-01,2.036750971477318539e-01,2.295248893507345622e-01,2.555990275838745385e-01,2.796166982803541257e-01,3.018469253204378311e-01,3.212477251636004505e-01,3.375485425217319424e-01,3.509004725981997863e-01,3.616573568963136198e-01,3.702477248501191420e-01,3.770947918502255414e-01,3.825750662722528506e-01,3.870031068089147541e-01,3.906312452515139921e-01,3.936564148729589374e-01,3.962293878798368585e-01,3.984639829300757885e-01,4.004451793072447696e-01,4.022358192784496467e-01,4.038819379844408308e-01,4.054169038448991458e-01,4.068645880853858920e-01,4.082417690004882527e-01,4.095599457463300341e-01,4.108267025063089828e-01,4.120467330228618219e-01,4.132226097710586243e-01,4.143553615921672373e-01,4.154449077745271945e-01,4.164903845241739178e-01,4.174903906975475643e-01,4.184431728807466166e-01,4.193467648364190281e-01,4.201990925677969724e-01,4.209980534398921059e-01,4.217415757030114620e-01,4.224276631992265885e-01,4.230544288613417026e-01,4.236201197350987213e-01,4.241231355938267500e-01,4.245620427151856613e-01,4.249355840107999494e-01,4.252426864107911597e-01,4.254824661837894317e-01,4.256542327014991578e-01,4.257574910223255182e-01,4.257919435609844871e-01,4.257574910223256848e-01,4.256542327014992133e-01,4.254824661837900424e-01,4.252426864107901605e-01,4.249355840108003379e-01,4.245620427151855503e-01,4.241231355938258618e-01,4.236201197350996650e-01,4.230544288613417581e-01,4.224276631992258668e-01,4.217415757030111290e-01,4.209980534398920504e-01,4.201990925677971944e-01,4.193467648364186395e-01,4.184431728807460615e-01,4.174903906975473422e-01,4.164903845241740288e-01,4.154449077745284713e-01,4.143553615921671818e-01,4.132226097710580692e-01,4.120467330228612668e-01,4.108267025063090938e-01,4.095599457463296456e-01,4.082417690004875310e-01,4.068645880853850039e-01,4.054169038448986462e-01,4.038819379844398316e-01,4.022358192784499242e-01,4.004451793072448806e-01,3.984639829300766212e-01,3.962293878798370250e-01,3.936564148729585488e-01,3.906312452515127709e-01,3.870031068089141435e-01,3.825750662722517959e-01,3.770947918502257634e-01,3.702477248501181428e-01,3.616573568963142304e-01,3.509004725982013961e-01,3.375485425217294999e-01,3.212477251636040032e-01,3.018469253204382197e-01,2.796166982803532375e-01,2.555990275838758707e-01,2.295248893507357002e-01,2.036750971477326588e-01,1.796703220712426163e-01,1.587729748553029507e-01,1.416762496837289109e-01,1.284803622977629678e-01,1.188336724922203769e-01,1.121368744417285956e-01,1.077221006524963637e-01,1.049688455463990006e-01,1.033588927143583719e-01,1.024892657917907679e-01,1.020626598429442838e-01,1.018690239876292314e-01,1.017659675047681567e-01,1.016614592892935431e-01,1.014998970000606238e-01,1.012514735176079927e-01
1.221632392946368495e-01,1.235997874098431065e-01,1.254576924818300021e-01,1.278942685484306119e-01,1.311137648013691315e-01,1.353713367308095328e-01,1.409700910995923540e-01,1.482453722597069368e-01,1.575294373907323853e-01,1.690915289943173139e-01,1.830557789058480656e-01,1.993134535338394464e-01,2.174621985150727022e-01,2.368107865017015090e-01,2.564700333616986572e-01,2.755105221777077729e-01,2.931296020982737116e-01,3.087593817576865796e-01,3.219702301738301964e-01,3.322476110104063962e-01,3.414893061132220908e-01,3.491195151926113072e-01,3.553428682301719155e-01,3.604082516069375131e-01,3.645516674569737603e-01,3.679777142554517821e-01,3.708550300356716067e-01,3.733180614274288489e-01,3.754714620893906951e-01,3.773951996439186551e-01,3.791494307223401417e-01,3.807787505146538742e-01,3.823157122868471314e-01,3.837836516575184875e-01,3.851989071317702962e-01,3.865725424792862963e-01,3.879116706704810458e-01,3.892204653928990066e-01,3.905009307516323358e-01,3.917534853820991980e-01,3.929774049069499342e-01,3.941711566398418687e-01,3.953326524913085560e-01,3.964594398479853177e-01,3.975488454411738037e-01,3.985980835914111342e-01,3.996043374589320907e-01,4.005648198414794026e-01,4.014768184809853202e-01,4.023377296456369101e-01,4.031450828498038819e-01,4.038965588896063497e-01,4.045900028528081616e-01,4.052234333674841205e-01,4.057950490540775390e-01,4.063032329168517198e-01,4.067465552362636849e-01,4.071237753899780154e-01,4.074338429275790041e-01,4.076758981446045871e-01,4.078492723398118303e-01,4.079534878909863993e-01,4.079882582456509366e-01,4.079534878909882867e-01,4.078492723398117192e-01,4.076758981446044761e-01,4.074338429275791706e-01,4.071237753899787370e-01,4.067465552362633519e-01,4.063032329168522194e-01,4.057950490540762067e-01,4.052234333674841760e-01,4.045900028528072734e-01,4.038965588896073489e-01,4.031450828498038819e-01,4.023377296456362440e-01,4.014768184809850982e-01,4.005648198414796801e-01,3.996043374589310360e-01,3.985980835914111897e-01,3.975488454411735262e-01,3.964594398479844295e-01,3.953326524913082229e-01,3.941711566398411470e-01,3.929774049069488240e-01,3.917534853820996421e-01,3.905009307516322803e-01,3.892204653928975633e-01,3.879116706704797135e-01,3.865725424792850196e-01,3.851989071317701296e-01,3.837836516575179324e-01,3.823157122868454105e-01,3.807787505146541518e-01,3.791494307223396976e-01,3.773951996439172674e-01,3.754714620893896404e-01,3.733180614274270726e-01,3.708550300356701079e-01,3.679777142554498393e-01,3.645516674569726501e-01,3.604082516069375686e-01,3.553428682301715269e-01,3.491195151926109186e-01,3.414893061132222574e-01,3.322476110104076730e-01,3.219702301738310846e-01,3.087593817576872457e-01,2.931296020982744888e-01,2.755105221777074398e-01,2.564700333616982131e-01,2.368107865016995384e-01,2.174621985150702319e-01,1.993134535338367541e-01,1.830557789058487039e-01,1.690915289943165090e-01,1.575294373907369372e-01,1.482453722597086021e-01,1.409700910995897727e-01,1.353713367308124471e-01,1.311137648013684653e-01,1.278942685484343589e-01,1.254576924818271710e-01,1.235997874098431898e-01,1.221632392946339213e-01
1.554600773603520003e-01,1.594356521843848795e-01,1.643583786553604043e-01,1.704018593919742752e-01,1.777346543925868994e-01,1.864941234589963526e-01,1.967510181128720725e-01,2.084695899740262870e-01,2.214736144332727363e-01,2.354329080777476102e-01,2.498833723124548878e-01,2.642836385387876130e-01,2.780959663323370745e-01,2.908669594531641533e-01,3.022832675528933088e-01,3.121888697158704540e-01,3.205643764437468013e-01,3.274602746967218980e-01,3.324468707323379180e-01,3.371347527809797628e-01,3.411232961368659278e-01,3.444805699532816901e-01,3.473257678761625944e-01,3.497714674542602986e-01,3.519131991196866038e-01,3.538281521876571745e-01,3.555767712677308512e-01,3.572052527501383135e-01,3.587481392185272733e-01,3.602306810040887264e-01,3.616708504246855527e-01,3.630809959375512208e-01,3.644691682175114633e-01,3.658401661778835079e-01,3.671963528706027047e-01,3.685382868129044032e-01,3.698652076245164122e-01,3.711754079130505368e-01,3.724665170092614219e-01,3.737357167491290877e-01,3.749799050658821908e-01,3.761958196056023884e-01,3.773801307838012264e-01,3.785295115210317585e-01,3.796406892091803154e-01,3.807104841612962143e-01,3.817358378006858177e-01,3.827138330808411704e-01,3.836417090427243215e-01,3.845168709682208474e-01,3.853368972459476627e-01,3.860995438033245630e-01,3.868027467579403522e-01,3.874446237873928611e-01,3.880234745987223843e-01,3.885377807881497114e-01,3.889862053123277486e-01,3.893675917390125307e-01,3.896809634040209191e-01,3.899255225697352278e-01,3.901006496559222270e-01,3.902059025945538995e-01,3.902410163451017211e-01,3.902059025945544546e-01,3.901006496559223380e-01,3.899255225697342842e-01,3.896809634040211967e-01,3.893675917390126417e-01,3.889862053123268049e-01,3.885377807881499890e-01,3.880234745987222733e-01,3.874446237873929721e-01,3.868027467579400747e-01,3.860995438033233418e-01,3.853368972459479957e-01,3.845168709682200148e-01,3.836417090427248766e-01,3.827138330808409483e-01,3.817358378006872610e-01,3.807104841612984902e-01,3.796406892091804819e-01,3.785295115210302042e-01,3.773801307837997276e-01,3.761958196056018333e-01,3.749799050658814137e-01,3.737357167491280885e-01,3.724665170092611999e-01,3.711754079130514805e-01,3.698652076245159126e-01,3.685382868129044032e-01,3.671963528706034818e-01,3.658401661778838410e-01,3.644691682175109082e-01,3.630809959375517759e-01,3.616708504246846090e-01,3.602306810040885043e-01,3.587481392185264961e-01,3.572052527501371477e-01,3.555767712677310732e-01,3.538281521876570079e-01,3.519131991196860487e-01,3.497714674542600211e-01,3.473257678761613176e-01,3.444805699532803023e-01,3.411232961368659278e-01,3.371347527809811506e-01,3.324468707323380290e-01,3.274602746967218980e-01,3.205643764437473009e-01,3.121888697158703430e-01,3.022832675528932533e-01,2.908669594531641533e-01,2.780959663323362419e-01,2.642836385387886122e-01,2.498833723124531947e-01,2.354329080777468608e-01,2.214736144332700440e-01,2.084695899740259817e-01,1.967510181128716562e-01,1.864941234589945762e-01,1.777346543925884814e-01,1.704018593919748303e-01,1.643583786553621529e-01,1.594356521843843522e-01,1.554600773603514730e-01
1.902893866907688358e-01,1.964234354480517697e-01,2.035237848860709520e-01,2.115966997642230729e-01,2.205842482426400297e-01,2.303500692675832517e-01,2.406757446600692185e-01,2.512729279616974787e-01,2.618123386772795991e-01,2.719646508412745245e-01,2.814431067142098564e-01,2.900365015709816530e-01,2.976249088115465180e-01,3.041769500541438576e-01,3.097329350633425959e-01,3.143800048932396396e-01,3.182197119874826674e-01,3.210076667308119358e-01,3.236146007665118285e-01,3.260173443811875127e-01,3.281505559915718351e-01,3.300632932918086127e-01,3.318082655406687786e-01,3.334308331814911375e-01,3.349673201779611587e-01,3.364456007242924707e-01,3.378863180013221279e-01,3.393041938014061398e-01,3.407092311545127927e-01,3.421077451951491377e-01,3.435032138613330344e-01,3.448969634642920501e-01,3.462887124133652295e-01,3.476769975392376977e-01,3.490595054959615973e-01,3.504333286111999124e-01,3.517951612552321361e-01,3.531414497482830983e-01,3.544685061882600352e-01,3.557725943883914277e-01,3.570499943358195760e-01,3.582970501629283988e-01,3.595102055031705879e-01,3.606860292258768363e-01,3.618212338612925572e-01,3.629126884966277222e-01,3.639574275135091797e-01,3.649526562198451285e-01,3.658957541844166106e-01,3.667842768935973274e-01,3.676159562042198292e-01,3.683886999545435970e-01,3.691005910090868203e-01,3.697498859468322796e-01,3.703350135513978625e-01,3.708545732227874203e-01,3.713073334004455828e-01,3.716922300645538746e-01,3.720083653651462541e-01,3.722550064154258043e-01,3.724315842756484307e-01,3.725376931463484365e-01,3.725730897838295808e-01,3.725376931463486585e-01,3.724315842756493744e-01,3.722550064154248606e-01,3.720083653651469202e-01,3.716922300645535970e-01,3.713073334004454717e-01,3.708545732227871428e-01,3.703350135513974739e-01,3.697498859468327237e-01,3.691005910090875974e-01,3.683886999545434304e-01,3.676159562042207729e-01,3.667842768935975495e-01,3.658957541844163885e-01,3.649526562198441293e-01,3.639574275135082360e-01,3.629126884966272226e-01,3.618212338612918910e-01,3.606860292258773915e-01,3.595102055031704213e-01,3.582970501629283988e-01,3.570499943358184658e-01,3.557725943883912612e-01,3.544685061882597576e-01,3.531414497482832093e-01,3.517951612552321916e-01,3.504333286111993018e-01,3.490595054959614862e-01,3.476769975392369760e-01,3.462887124133649519e-01,3.448969634642914395e-01,3.435032138613329233e-01,3.421077451951490267e-01,3.407092311545123486e-01,3.393041938014050851e-01,3.378863180013224055e-01,3.364456007242925262e-01,3.349673201779607146e-01,3.334308331814900828e-01,3.318082655406685011e-01,3.300632932918088902e-01,3.281505559915717796e-01,3.260173443811872906e-01,3.236146007665101076e-01,3.210076667308122134e-01,3.182197119874825564e-01,3.143800048932403057e-01,3.097329350633425959e-01,3.041769500541442461e-01,2.976249088115466290e-01,2.900365015709808203e-01,2.814431067142095233e-01,2.719646508412743580e-01,2.618123386772765460e-01,2.512729279616956468e-01,2.406757446600672756e-01,2.303500692675821693e-01,2.205842482426406959e-01,2.115966997642254599e-01,2.035237848860700360e-01,1.964234354480506872e-01,1.902893866907696685e-01
2.170858231803875493e-01,2.236957515029834309e-01,2.308270345381982780e-01,2.383440389461447817e-01,2.460699269469810158e-01,2.538005627164250377e-01,2.613253771219155031e-01,2.684510910755964486e-01,2.750228313664501156e-01,2.809378535045358172e-01,2.861495425325627506e-01,2.906623626275190442e-01,2.945206086367633258e-01,2.977944704249684826e-01,3.005660762754912563e-01,3.029154457267422829e-01,3.048855378856170084e-01,3.063734088393141874e-01,3.080412000734982225e-01,3.096197134280804231e-01,3.111193985141451068e-01,3.125631704668443422e-01,3.139719364302264726e-01,3.153622567628375228e-01,3.167462951708772123e-01,3.181323684181697753e-01,3.195256238997333242e-01,3.209286866953969808e-01,3.223422237322067785e-01,3.237654138301133688e-01,3.251963289032869242e-01,3.266322376081076673e-01,3.280698440834095009e-01,3.295054737456813432e-01,3.309352166273977214e-01,3.323550370755470329e-01,3.337608570329708146e-01,3.351486187186710763e-01,3.365143313356119270e-01,3.378541054584933701e-01,3.391641779657594835e-01,3.404409297514348620e-01,3.416808979551281822e-01,3.428807840576844068e-01,3.440374588840914294e-01,3.451479653167487394e-01,3.462095193366098722e-01,3.472195098656837842e-01,3.481754977727852252e-01,3.490752143180604339e-01,3.499165592451640161e-01,3.506975986786362576e-01,3.514165629444661043e-01,3.520718444016589510e-01,3.526619953494667947e-01,3.531857260574524093e-01,3.536419029522501201e-01,3.540295469850899268e-01,3.543478321966951894e-01,3.545960844909002985e-01,3.547737806244679049e-01,3.548805474178494679e-01,3.549161611898501989e-01,3.548805474178488018e-01,3.547737806244682379e-01,3.545960844909006870e-01,3.543478321966951339e-01,3.540295469850900378e-01,3.536419029522498425e-01,3.531857260574521318e-01,3.526619953494672388e-01,3.520718444016588400e-01,3.514165629444659378e-01,3.506975986786370902e-01,3.499165592451646822e-01,3.490752143180604339e-01,3.481754977727852252e-01,3.472195098656837842e-01,3.462095193366090951e-01,3.451479653167491279e-01,3.440374588840912073e-01,3.428807840576850174e-01,3.416808979551288483e-01,3.404409297514345845e-01,3.391641779657600386e-01,3.378541054584939252e-01,3.365143313356122046e-01,3.351486187186704102e-01,3.337608570329709257e-01,3.323550370755466998e-01,3.309352166273982765e-01,3.295054737456821203e-01,3.280698440834092233e-01,3.266322376081087775e-01,3.251963289032877569e-01,3.237654138301130358e-01,3.223422237322065009e-01,3.209286866953966477e-01,3.195256238997322695e-01,3.181323684181698863e-01,3.167462951708774899e-01,3.153622567628374118e-01,3.139719364302267501e-01,3.125631704668443978e-01,3.111193985141469387e-01,3.096197134280797569e-01,3.080412000734975564e-01,3.063734088393143540e-01,3.048855378856160092e-01,3.029154457267425604e-01,3.005660762754913673e-01,2.977944704249687602e-01,2.945206086367631593e-01,2.906623626275187111e-01,2.861495425325633057e-01,2.809378535045347069e-01,2.750228313664485058e-01,2.684510910755946167e-01,2.613253771219151145e-01,2.538005627164248712e-01,2.460699269469799333e-01,2.383440389461429498e-01,2.308270345381991107e-01,2.236957515029815990e-01,2.170858231803871607e-01
2.315029088391346856e-01,2.370924569551146610e-01,2.427401202560333371e-01,2.483090279945052714e-01,2.536661620345868062e-01,2.586959081559729312e-01,2.633110152309588448e-01,2.674588118874634546e-01,2.711219009967729132e-01,2.743140181859968219e-01,2.770727332365370277e-01,2.794509406396752937e-01,2.815087267561305340e-01,2.833064633055574766e-01,2.848988360662028652e-01,2.863250576035378248e-01,2.874583884978432202e-01,2.887640673678766312e-01,2.900832214701912770e-01,2.913977094196374407e-01,2.927145243911386530e-01,2.940418081000754635e-01,2.953858251893318188e-01,2.967505451787688653e-01,2.981378436119425102e-01,2.995478562270017520e-01,3.009793423797444412e-01,3.024300102872099494e-01,3.038967911973552427e-01,3.053760629418119654e-01,3.068638283224537910e-01,3.083558552232344430e-01,3.098477852487536710e-01,3.113352169834578964e-01,3.128137690659092418e-01,3.142791273765875859e-01,3.157270798285199409e-01,3.171535415560559623e-01,3.185545727196568144e-01,3.199263906737491725e-01,3.212653778658726145e-01,3.225680865333956371e-01,3.238312410253015305e-01,3.250517383884538036e-01,3.262266477104068252e-01,3.273532085957216453e-01,3.284288290630612561e-01,3.294510830807378943e-01,3.304177079044510190e-01,3.313266013393396658e-01,3.321758190164482705e-01,3.329635717491859492e-01,3.336882230167019792e-01,3.343482866069371062e-01,3.349424244415816765e-01,3.354694445973023242e-01,3.359282995318984000e-01,3.363180845200476332e-01,3.366380363004721765e-01,3.368875319345973618e-01,3.370660878757409384e-01,3.371733592473522556e-01,3.372091393287882655e-01,3.371733592473519781e-01,3.370660878757422152e-01,3.368875319345973618e-01,3.366380363004709553e-01,3.363180845200482993e-01,3.359282995318984000e-01,3.354694445973019357e-01,3.349424244415813989e-01,3.343482866069371062e-01,3.336882230167015351e-01,3.329635717491852831e-01,3.321758190164476598e-01,3.313266013393394993e-01,3.304177079044511856e-01,3.294510830807371726e-01,3.284288290630613671e-01,3.273532085957218118e-01,3.262266477104068252e-01,3.250517383884541922e-01,3.238312410253018081e-01,3.225680865333957481e-01,3.212653778658720594e-01,3.199263906737490615e-01,3.185545727196555377e-01,3.171535415560557958e-01,3.157270798285202740e-01,3.142791273765870308e-01,3.128137690659087977e-01,3.113352169834577299e-01,3.098477852487541706e-01,3.083558552232349426e-01,3.068638283224539021e-01,3.053760629418122985e-01,3.038967911973550762e-01,3.024300102872103935e-01,3.009793423797445522e-01,2.995478562270010858e-01,2.981378436119421771e-01,2.967505451787688098e-01,2.953858251893318743e-01,2.940418081000760187e-01,2.927145243911395966e-01,2.913977094196364415e-01,2.900832214701913880e-01,2.887640673678765202e-01,2.874583884978428872e-01,2.863250576035370476e-01,2.848988360662011443e-01,2.833064633055569215e-01,2.815087267561315332e-01,2.794509406396759599e-01,2.770727332365367501e-01,2.743140181859963223e-01,2.711219009967729132e-01,2.674588118874634546e-01,2.633110152309589003e-01,2.586959081559730422e-01,2.536661620345866952e-01,2.483090279945032453e-01,2.427401202560321714e-01,2.370924569551134398e-01,2.315029088391340750e-01
2.341644221714584972e-01,2.381397940852187090e-01,2.419362449516916369e-01,2.454831945867516074e-01,2.487301025884882943e-01,2.516495835487997379e-01,2.542372153990337114e-01,2.565085235027839139e-01,2.584941445198659649e-01,2.602343152272900695e-01,2.617736471493800066e-01,2.631567847335306576e-01,2.644251362988496723e-01,2.656144088501265488e-01,2.667514635041308702e-01,2.678294751743951485e-01,2.688701163579142461e-01,2.700665183176117479e-01,2.713002852410854593e-01,2.725690078073660372e-01,2.738737324655299288e-01,2.752150046200809719e-01,2.765922230748429356e-01,2.780036562859288796e-01,2.794466248456591861e-01,2.809177124251354130e-01,2.824129611103577409e-01,2.839280380083427091e-01,2.854583714408112094e-01,2.869992593215380250e-01,2.885459536887294840e-01,2.900937255165575990e-01,2.916379135838408354e-01,2.931739606598773862e-01,2.946974397262320244e-01,2.962040724535028313e-01,2.976897417174549920e-01,2.991504995739869277e-01,3.005825718126017843e-01,3.019823599653359558e-01,3.033464414538831200e-01,3.046715684031718330e-01,3.059546655277873839e-01,3.071928274017766691e-01,3.083833153474514477e-01,3.095235541203511520e-01,3.106111285222097340e-01,3.116437800387101276e-01,3.126194035718372621e-01,3.135360443160573607e-01,3.143918948118461509e-01,3.151852921983384070e-01,3.159147156780917065e-01,3.165787842005229891e-01,3.171762543660541223e-01,3.177060185497264655e-01,3.181671032410701150e-01,3.185586675957273739e-01,3.188800021937215345e-01,3.191305279992463495e-01,3.193097955170603464e-01,3.194174841411638321e-01,3.194534016922389030e-01,3.194174841411639432e-01,3.193097955170592916e-01,3.191305279992475707e-01,3.188800021937198137e-01,3.185586675957269298e-01,3.181671032410707811e-01,3.177060185497259659e-01,3.171762543660543998e-01,3.165787842005232666e-01,3.159147156780912069e-01,3.151852921983394618e-01,3.143918948118463175e-01,3.135360443160574162e-01,3.126194035718367070e-01,3.116437800387097390e-01,3.106111285222093454e-01,3.095235541203498753e-01,3.083833153474514477e-01,3.071928274017767246e-01,3.059546655277868843e-01,3.046715684031719995e-01,3.033464414538826204e-01,3.019823599653357893e-01,3.005825718126019508e-01,2.991504995739869277e-01,2.976897417174547145e-01,2.962040724535035530e-01,2.946974397262321910e-01,2.931739606598769976e-01,2.916379135838408909e-01,2.900937255165561557e-01,2.885459536887287624e-01,2.869992593215380805e-01,2.854583714408116535e-01,2.839280380083426536e-01,2.824129611103581849e-01,2.809177124251354130e-01,2.794466248456609070e-01,2.780036562859296567e-01,2.765922230748427690e-01,2.752150046200813049e-01,2.738737324655309835e-01,2.725690078073662037e-01,2.713002852410856813e-01,2.700665183176118589e-01,2.688701163579138020e-01,2.678294751743951485e-01,2.667514635041301485e-01,2.656144088501254941e-01,2.644251362988494503e-01,2.631567847335301025e-01,2.617736471493787853e-01,2.602343152272904581e-01,2.584941445198662424e-01,2.565085235027835808e-01,2.542372153990334338e-01,2.516495835487999044e-01,2.487301025884883221e-01,2.454831945867522458e-01,2.419362449516913871e-01,2.381397940852178208e-01,2.341644221714577201e-01
2.279122298258427215e-01,2.303669804499107465e-01,2.326070902913408289e-01,2.346196756695530516e-01,2.364072405414681111e-01,2.379855180294586925e-01,2.393801572041361903e-01,2.406229740031803621e-01,2.417483863787722453e-01,2.427904445222840435e-01,2.437806345081030002e-01,2.447464322170634921e-01,2.457104056675502579e-01,2.466893081523869602e-01,2.476898297611118682e-01,2.486686259036324509e-01,2.498075202648896154e-01,2.510102438077055353e-01,2.522676588635677786e-01,2.535766537069244486e-01,2.549344197924625077e-01,2.563376495288955392e-01,2.577824573022946542e-01,2.592644704654570309e-01,2.607789559668695634e-01,2.623209421267613251e-01,2.638853233308186552e-01,2.654669453051814454e-01,2.670606722533656607e-01,2.686614383347103452e-01,2.702642861763075999e-01,2.718643949240834856e-01,2.734571000108186323e-01,2.750379064639097426e-01,2.766024972429744766e-01,2.781467378059294115e-01,2.796666778561821554e-01,2.811585510207084138e-01,2.826187730442404900e-01,2.840439389526909775e-01,2.854308195338206011e-01,2.867763574001362392e-01,2.880776628337095024e-01,2.893320095616224163e-01,2.905368305710334664e-01,2.916897140422319290e-01,2.927883994544106527e-01,2.938307739008795272e-01,2.948148686368716187e-01,2.957388558728127337e-01,2.966010458184830667e-01,2.973998839780107595e-01,2.981339486918630488e-01,2.988019489194317369e-01,2.994027222542141597e-01,2.999352331627873625e-01,3.003985714384557748e-01,3.007919508606813341e-01,3.011147080518569719e-01,3.013663015237494358e-01,3.015463109069035919e-01,3.016544363573043230e-01,3.016904981358445870e-01,3.016544363573041565e-01,3.015463109069018710e-01,3.013663015237499354e-01,3.011147080518564723e-01,3.007919508606815562e-01,3.003985714384550532e-01,2.999352331627864188e-01,2.994027222542137157e-01,2.988019489194310707e-01,2.981339486918631598e-01,2.973998839780103709e-01,2.966010458184837884e-01,2.957388558728125671e-01,2.948148686368713967e-01,2.938307739008799713e-01,2.927883994544103752e-01,2.916897140422328727e-01,2.905368305710328558e-01,2.893320095616226939e-01,2.880776628337102241e-01,2.867763574001359617e-01,2.854308195338206566e-01,2.840439389526909775e-01,2.826187730442400459e-01,2.811585510207081362e-01,2.796666778561822664e-01,2.781467378059297446e-01,2.766024972429740880e-01,2.750379064639093540e-01,2.734571000108190764e-01,2.718643949240825419e-01,2.702642861763079329e-01,2.686614383347104007e-01,2.670606722533654387e-01,2.654669453051819450e-01,2.638853233308182666e-01,2.623209421267622687e-01,2.607789559668697299e-01,2.592644704654573640e-01,2.577824573022952648e-01,2.563376495288959278e-01,2.549344197924630628e-01,2.535766537069242266e-01,2.522676588635676120e-01,2.510102438077052023e-01,2.498075202648892823e-01,2.486686259036329505e-01,2.476898297611115907e-01,2.466893081523860165e-01,2.457104056675502302e-01,2.447464322170636031e-01,2.437806345081027226e-01,2.427904445222848206e-01,2.417483863787728560e-01,2.406229740031789743e-01,2.393801572041365788e-01,2.379855180294583317e-01,2.364072405414679723e-01,2.346196756695534680e-01,2.326070902913404959e-01,2.303669804499101081e-01,2.279122298258422497e-01
2.158296978010814104e-01,2.171244661222747896e-01,2.182683559724052091e-01,2.192777358177311897e-01,2.201755508897002278e-01,2.209886423231140207e-01,2.217451866287981077e-01,2.224725519095292758e-01,2.231957148091021914e-01,2.239362504331775527e-01,2.247118142046037326e-01,2.255359703981120456e-01,2.264181233476412203e-01,2.273627339128027891e-01,2.283368069421982671e-01,2.294390307596493039e-01,2.306301102725573093e-01,2.318892454794989066e-01,2.332107685370948535e-01,2.345897893085533426e-01,2.360212791096805984e-01,2.374999544683165098e-01,2.390203236377850537e-01,2.405767673478517721e-01,2.421636183351445482e-01,2.437752293744665233e-01,2.454060277752778407e-01,2.470505571911609244e-01,2.487035085184557959e-01,2.503597418226481408e-01,2.520143010937967998e-01,2.536624233915610871e-01,2.552995436814087804e-01,2.569212964218317574e-01,2.585235147513474940e-01,2.601022279462744113e-01,2.616536576740091102e-01,2.631742134479205242e-01,2.646604875950121505e-01,2.661092499720071891e-01,2.675174426059961363e-01,2.688821743891445237e-01,2.702007159206494813e-01,2.714704945610144637e-01,2.726890897421907489e-01,2.738542285606084814e-01,2.749637816678378033e-01,2.760157594643600776e-01,2.770083085951940971e-01,2.779397087413814083e-01,2.788083696980231396e-01,2.796128287274205482e-01,2.803517481747177520e-01,2.810239133328172878e-01,2.816282305434218980e-01,2.821637255213517159e-01,2.826295418900465761e-01,2.830249399170192137e-01,2.833492954391245155e-01,2.836020989686505178e-01,2.837829549726071376e-01,2.838915813187943837e-01,2.839278088837223768e-01,2.838915813187946058e-01,2.837829549726072487e-01,2.836020989686504623e-01,2.833492954391244045e-01,2.830249399170199354e-01,2.826295418900461875e-01,2.821637255213512718e-01,2.816282305434217315e-01,2.810239133328172323e-01,2.803517481747173079e-01,2.796128287274212143e-01,2.788083696980239723e-01,2.779397087413822964e-01,2.770083085951939861e-01,2.760157594643594114e-01,2.749637816678376923e-01,2.738542285606086479e-01,2.726890897421910265e-01,2.714704945610141862e-01,2.702007159206485376e-01,2.688821743891449678e-01,2.675174426059960808e-01,2.661092499720067450e-01,2.646604875950123725e-01,2.631742134479196360e-01,2.616536576740091657e-01,2.601022279462744113e-01,2.585235147513469944e-01,2.569212964218309803e-01,2.552995436814076702e-01,2.536624233915606985e-01,2.520143010937967998e-01,2.503597418226491955e-01,2.487035085184555738e-01,2.470505571911617015e-01,2.454060277752771468e-01,2.437752293744665233e-01,2.421636183351444649e-01,2.405767673478506341e-01,2.390203236377845819e-01,2.374999544683165931e-01,2.360212791096808205e-01,2.345897893085528707e-01,2.332107685370941041e-01,2.318892454794982683e-01,2.306301102725567265e-01,2.294390307596486933e-01,2.283368069421977120e-01,2.273627339128025115e-01,2.264181233476424415e-01,2.255359703981125452e-01,2.247118142046032885e-01,2.239362504331771364e-01,2.231957148091011089e-01,2.224725519095291371e-01,2.217451866287960538e-01,2.209886423231138264e-01,2.201755508897007552e-01,2.192777358177304126e-01,2.182683559724049038e-01,2.171244661222746786e-01,2.158296978010814104e-01
2.003652967975130539e-01,2.008576083156370096e-01,2.012898130748371484e-01,2.016866374025396702e-01,2.020731172767464556e-01,2.024729663303286575e-01,2.029073791901872814e-01,2.033942889548674138e-01,2.039480278345286723e-01,2.045793012970547886e-01,2.052953696327277922e-01,2.061003133678624699e-01,2.069951431189114288e-01,2.079760988926100673e-01,2.090370146797840001e-01,2.102168670116807692e-01,2.114754566878736530e-01,2.128054879950905531e-01,2.142006745117669420e-01,2.156547675875016834e-01,2.171614528419995582e-01,2.187143835599822950e-01,2.203072388624948141e-01,2.219337793207055987e-01,2.235878928997803161e-01,2.252636302266461943e-01,2.269552301588320387e-01,2.286571371964311594e-01,2.303640123168622933e-01,2.320707386569215436e-01,2.337724232537782276e-01,2.354643958419926075e-01,2.371422055096813752e-01,2.388016158503720177e-01,2.404385991085704055e-01,2.420493297038240066e-01,2.436301774270153431e-01,2.451777005299246026e-01,2.466886388716673373e-01,2.481599072405707707e-01,2.495885889349133691e-01,2.509719296588158177e-01,2.523073317687267170e-01,2.535923488901324907e-01,2.548246809122455825e-01,2.560021693596525316e-01,2.571227931335717809e-01,2.581846646108818533e-01,2.591860260861764687e-01,2.601252465401732716e-01,2.610008187168902927e-01,2.618113564916954017e-01,2.625555925125230283e-01,2.632323760971292947e-01,2.638406713701673123e-01,2.643795556248836887e-01,2.648482178954987831e-01,2.652459577276176650e-01,2.655721841355033752e-01,2.658264147363569307e-01,2.660082750533719897e-01,2.661174979807275909e-01,2.661539234052113234e-01,2.661174979807263696e-01,2.660082750533722673e-01,2.658264147363558760e-01,2.655721841355027646e-01,2.652459577276200520e-01,2.648482178954981170e-01,2.643795556248846879e-01,2.638406713701672568e-01,2.632323760971289617e-01,2.625555925125236945e-01,2.618113564916965119e-01,2.610008187168900706e-01,2.601252465401728275e-01,2.591860260861763021e-01,2.581846646108819643e-01,2.571227931335721140e-01,2.560021693596526426e-01,2.548246809122458600e-01,2.535923488901320466e-01,2.523073317687272166e-01,2.509719296588161508e-01,2.495885889349137854e-01,2.481599072405713258e-01,2.466886388716675038e-01,2.451777005299245749e-01,2.436301774270161480e-01,2.420493297038242841e-01,2.404385991085706553e-01,2.388016158503729058e-01,2.371422055096799320e-01,2.354643958419924687e-01,2.337724232537785884e-01,2.320707386569223485e-01,2.303640123168629872e-01,2.286571371964316313e-01,2.269552301588321219e-01,2.252636302266462776e-01,2.235878928997818982e-01,2.219337793207060150e-01,2.203072388624953415e-01,2.187143835599824337e-01,2.171614528420001133e-01,2.156547675875011283e-01,2.142006745117666089e-01,2.128054879950900258e-01,2.114754566878729314e-01,2.102168670116794924e-01,2.090370146797834450e-01,2.079760988926097898e-01,2.069951431189113455e-01,2.061003133678622201e-01,2.052953696327277644e-01,2.045793012970550662e-01,2.039480278345274789e-01,2.033942889548678579e-01,2.029073791901870594e-01,2.024729663303279636e-01,2.020731172767474271e-01,2.016866374025386710e-01,2.012898130748370096e-01,2.008576083156370096e-01,2.003652967975133870e-01
1.832535627636902309e-01,1.831990669272195726e-01,1.831703250118759396e-01,1.831900226259164099e-01,1.832779481720545889e-01,1.834504219906889222e-01,1.837200796467810815e-01,1.840959344666874276e-01,1.845836340110955931e-01,1.851858294421293571e-01,1.859025850574233252e-01,1.867317450448077176e-01,1.876689940171743232e-01,1.887024671340077064e-01,1.898558328935899264e-01,1.910982356872659438e-01,1.924214431465712249e-01,1.938181171625025234e-01,1.952809931151948397e-01,1.968028490862487323e-01,1.983765499365116036e-01,1.999950977103294170e-01,2.016516743086785579e-01,2.033396738818336047e-01,2.050527255541216287e-01,2.067847079587236681e-01,2.085297571775062420e-01,2.102822695428252509e-01,2.120369005445918165e-01,2.137885608659452208e-01,2.155324103707779437e-01,2.172638506944110370e-01,2.189785169456157365e-01,2.206722689112378399e-01,2.223411820606150113e-01,2.239815385719433893e-01,2.255898185434110637e-01,2.271626915053992501e-01,2.286970083138041565e-01,2.301897934764995934e-01,2.316382379435002470e-01,2.330396923751273386e-01,2.343916608902732734e-01,2.356917952879283573e-01,2.369378897287152397e-01,2.381278758587039301e-01,2.392598183548498847e-01,2.403319108696897188e-01,2.413424723520755932e-01,2.422899437205532636e-01,2.431728848664765352e-01,2.439899719645851062e-01,2.447399950699482574e-01,2.454218559813763911e-01,2.460345663528469007e-01,2.465772460359813567e-01,2.470491216381922317e-01,2.474495252827296210e-01,2.477778935584963038e-01,2.480337666491175541e-01,2.482167876324029576e-01,2.483267019429721556e-01,2.483633569924109386e-01,2.483267019429706846e-01,2.482167876324024858e-01,2.480337666491164716e-01,2.477778935584953601e-01,2.474495252827300928e-01,2.470491216381922872e-01,2.465772460359806628e-01,2.460345663528462623e-01,2.454218559813760581e-01,2.447399950699487292e-01,2.439899719645869103e-01,2.431728848664767573e-01,2.422899437205540962e-01,2.413424723520746773e-01,2.403319108696905515e-01,2.392598183548501900e-01,2.381278758587044020e-01,2.369378897287161556e-01,2.356917952879279132e-01,2.343916608902724963e-01,2.330396923751271998e-01,2.316382379434998307e-01,2.301897934764992049e-01,2.286970083138045451e-01,2.271626915054001383e-01,2.255898185434119518e-01,2.239815385719432228e-01,2.223411820606145672e-01,2.206722689112379232e-01,2.189785169456159863e-01,2.172638506944109815e-01,2.155324103707780548e-01,2.137885608659457759e-01,2.120369005445913446e-01,2.102822695428237798e-01,2.085297571775061587e-01,2.067847079587231407e-01,2.050527255541221561e-01,2.033396738818335214e-01,2.016516743086786412e-01,1.999950977103290839e-01,1.983765499365113538e-01,1.968028490862482605e-01,1.952809931151941736e-01,1.938181171625023846e-01,1.924214431465706976e-01,1.910982356872664156e-01,1.898558328935896489e-01,1.887024671340077064e-01,1.876689940171739901e-01,1.867317450448077176e-01,1.859025850574232697e-01,1.851858294421292739e-01,1.845836340110951490e-01,1.840959344666864284e-01,1.837200796467797215e-01,1.834504219906887834e-01,1.832779481720543946e-01,1.831900226259157438e-01,1.831703250118750514e-01,1.831990669272189065e-01,1.832535627636903142e-01
1.656497366813509953e-01,1.651935744444907039e-01,1.648362709345697896e-01,1.645946263851665314e-01,1.644813007693119722e-01,1.645049557299947951e-01,1.646705883131932280e-01,1.649799762064361741e-01,1.654321685803655517e-01,1.660239730310877071e-01,1.667504011953299115e-01,1.676050249885962518e-01,1.685798913221511486e-01,1.696719851956758618e-01,1.708689654327909258e-01,1.721580478161166272e-01,1.735309649710801150e-01,1.749794312185092293e-01,1.764952693409270468e-01,1.780704822679715360e-01,1.796973040060196036e-01,1.813682352994755720e-01,1.830760671058694611e-01,1.848138944162245056e-01,1.865751225680292169e-01,1.883534678386229733e-01,1.901429537781345047e-01,1.919379044537022905e-01,1.937329355336701031e-01,1.955229439392562885e-01,1.973030966273354170e-01,1.990688189358748028e-01,2.008157828181131865e-01,2.025398952078840686e-01,2.042372866925178665e-01,2.059043006181682511e-01,2.075374827121348187e-01,2.091335712757424747e-01,2.106894879774872109e-01,2.122023292581746434e-01,2.136693583461810597e-01,2.150879978711391360e-01,2.164558230571509700e-01,2.177705554717716818e-01,2.190300573037478604e-01,2.202323261406653465e-01,2.213754902167240912e-01,2.224578041008148654e-01,2.234776447955665046e-01,2.244335082189277963e-01,2.253240060411166590e-01,2.261478628512782751e-01,2.269039136297682502e-01,2.275911015037848095e-01,2.282084757658180141e-01,2.287551901362804840e-01,2.292305012534966158e-01,2.296337673760797948e-01,2.299644472845761844e-01,2.302220993710605013e-01,2.304063809071454361e-01,2.305170474826514215e-01,2.305539526089475655e-01,2.305170474826524485e-01,2.304063809071449642e-01,2.302220993710608898e-01,2.299644472845757126e-01,2.296337673760791842e-01,2.292305012534967823e-01,2.287551901362809559e-01,2.282084757658182361e-01,2.275911015037846707e-01,2.269039136297676396e-01,2.261478628512768874e-01,2.253240060411158541e-01,2.244335082189275465e-01,2.234776447955665046e-01,2.224578041008148654e-01,2.213754902167235084e-01,2.202323261406654298e-01,2.190300573037482212e-01,2.177705554717714875e-01,2.164558230571513586e-01,2.150879978711392748e-01,2.136693583461815316e-01,2.122023292581744214e-01,2.106894879774872109e-01,2.091335712757412812e-01,2.075374827121349020e-01,2.059043006181673630e-01,2.042372866925170338e-01,2.025398952078844017e-01,2.008157828181137416e-01,1.990688189358738591e-01,1.973030966273358056e-01,1.955229439392561497e-01,1.937329355336700476e-01,1.919379044537021795e-01,1.901429537781340329e-01,1.883534678386236116e-01,1.865751225680294112e-01,1.848138944162251163e-01,1.830760671058692668e-01,1.813682352994761826e-01,1.796973040060197147e-01,1.780704822679712029e-01,1.764952693409266027e-01,1.749794312185084799e-01,1.735309649710786994e-01,1.721580478161160999e-01,1.708689654327912866e-01,1.696719851956760561e-01,1.685798913221518147e-01,1.676050249885963628e-01,1.667504011953296061e-01,1.660239730310872908e-01,1.654321685803648856e-01,1.649799762064363129e-01,1.646705883131930892e-01,1.645049557299953780e-01,1.644813007693117501e-01,1.645946263851661706e-01,1.648362709345696786e-01,1.651935744444895382e-01,1.656497366813511618e-01
1.483245512430569901e-01,1.475273113755496135e-01,1.468910891914251560e-01,1.464259066129605658e-01,1.461374090280090077e-01,1.460274228848741918e-01,1.460945614381839730e-01,1.463348216685225467e-01,1.467421348840410866e-01,1.473088479802567852e-01,1.480261173042971834e-01,1.488841637335988344e-01,1.498726948624207189e-01,1.509806215890387715e-01,1.521953667735850280e-01,1.535075861069363501e-01,1.549077889855589585e-01,1.563866681060119279e-01,1.579351915991263622e-01,1.595446530205779645e-01,1.612067008706639937e-01,1.629133546721202586e-01,1.646570114063973245e-01,1.664304448935953751e-01,1.682268000349868009e-01,1.700395833866857886e-01,1.718626511982783989e-01,1.736901957915218953e-01,1.755167309514161500e-01,1.773370768421262123e-01,1.791463448341836240e-01,1.809399225301897007e-01,1.827134591983070044e-01,1.844628517618283892e-01,1.861842314456000347e-01,1.878739511432466758e-01,1.895285735408267780e-01,1.911448600109422191e-01,1.927197602750674865e-01,1.942504028198454302e-01,1.957340860443015917e-01,1.971682701089166323e-01,1.985505694533251653e-01,1.998787459469961725e-01,2.011507026359926065e-01,2.023644780486106298e-01,2.035182410231122785e-01,2.046102860217432762e-01,2.056390288966283841e-01,2.066030030747048607e-01,2.075008561308225030e-01,2.083313467200194058e-01,2.090933418421532519e-01,2.097858144141024339e-01,2.104078411269340032e-01,2.109586005675506692e-01,2.114373715863863412e-01,2.118435318948689028e-01,2.121765568783232359e-01,2.124360186120644034e-01,2.126215850703045973e-01,2.127330195195444307e-01,2.127701800898572637e-01,2.127330195195447082e-01,2.126215850703061516e-01,2.124360186120639593e-01,2.121765568783220146e-01,2.118435318948682644e-01,2.114373715863860081e-01,2.109586005675495313e-01,2.104078411269328652e-01,2.097858144141018233e-01,2.090933418421537793e-01,2.083313467200186841e-01,2.075008561308216704e-01,2.066030030747042223e-01,2.056390288966276347e-01,2.046102860217434982e-01,2.035182410231116401e-01,2.023644780486119621e-01,2.011507026359932726e-01,1.998787459469956729e-01,1.985505694533259702e-01,1.971682701089169931e-01,1.957340860443014530e-01,1.942504028198451527e-01,1.927197602750679029e-01,1.911448600109418028e-01,1.895285735408272498e-01,1.878739511432478138e-01,1.861842314455994796e-01,1.844628517618283892e-01,1.827134591983071155e-01,1.809399225301903114e-01,1.791463448341838183e-01,1.773370768421263788e-01,1.755167309514157614e-01,1.736901957915220895e-01,1.718626511982788707e-01,1.700395833866855111e-01,1.682268000349868842e-01,1.664304448935957914e-01,1.646570114063972134e-01,1.629133546721207582e-01,1.612067008706648819e-01,1.595446530205776314e-01,1.579351915991266675e-01,1.563866681060119834e-01,1.549077889855595969e-01,1.535075861069371272e-01,1.521953667735848337e-01,1.509806215890401593e-01,1.498726948624201083e-01,1.488841637335989176e-01,1.480261173042967671e-01,1.473088479802569517e-01,1.467421348840410034e-01,1.463348216685227965e-01,1.460945614381838620e-01,1.460274228848746081e-01,1.461374090280086746e-01,1.464259066129597886e-01,1.468910891914249894e-01,1.475273113755506404e-01,1.483245512430572122e-01
1.317247425500252533e-01,1.305995303551078235e-01,1.296900097760016746e-01,1.289994556714321727e-01,1.285270285703042914e-01,1.282685529857186535e-01,1.282172319947054995e-01,1.283642697242357023e-01,1.286993863323950549e-01,1.292112084394224092e-01,1.298874666345337381e-01,1.307143041702109598e-01,1.316728318866114134e-01,1.327610742341656380e-01,1.339646556515194653e-01,1.352724360672974968e-01,1.366737113353684585e-01,1.381581915730201449e-01,1.397160230738615505e-01,1.413378041629839432e-01,1.430145918308083630e-01,1.447379005381928263e-01,1.464996950042675716e-01,1.482923785738208544e-01,1.501087784649737800e-01,1.519421289276805809e-01,1.537860531178025514e-01,1.556345443083636815e-01,1.574819469128580229e-01,1.593229376785638141e-01,1.611525073151647558e-01,1.629659427506342795e-01,1.647588101486416046e-01,1.665269387764752029e-01,1.682664057771491029e-01,1.699735218720427876e-01,1.716448179995006540e-01,1.732770328789348113e-01,1.748671014782083866e-01,1.764121443535601463e-01,1.779094578253101189e-01,1.793565049487197693e-01,1.807509072369885283e-01,1.820904370923412952e-01,1.833730109010238418e-01,1.845966827486633377e-01,1.857596387136619676e-01,1.868601916979165667e-01,1.878967767560505986e-01,1.888679468865086808e-01,1.897723692501274151e-01,1.906088217841525045e-01,1.913761901820754674e-01,1.920734652120880959e-01,1.926997403493373451e-01,1.932542096995450709e-01,1.937361661938900304e-01,1.941450000373299845e-01,1.944801973947887508e-01,1.947413393018243011e-01,1.949281007885311501e-01,1.950402502075176403e-01,1.950776487589409858e-01,1.950402502075173627e-01,1.949281007885317607e-01,1.947413393018261329e-01,1.944801973947864748e-01,1.941450000373287077e-01,1.937361661938903357e-01,1.932542096995465697e-01,1.926997403493380945e-01,1.920734652120878738e-01,1.913761901820753286e-01,1.906088217841523380e-01,1.897723692501285531e-01,1.888679468865093747e-01,1.878967767560504598e-01,1.868601916979171773e-01,1.857596387136619120e-01,1.845966827486641981e-01,1.833730109010242859e-01,1.820904370923412119e-01,1.807509072369883341e-01,1.793565049487193530e-01,1.779094578253106740e-01,1.764121443535601463e-01,1.748671014782091360e-01,1.732770328789335901e-01,1.716448179995005430e-01,1.699735218720437313e-01,1.682664057771492416e-01,1.665269387764761466e-01,1.647588101486407441e-01,1.629659427506346125e-01,1.611525073151661158e-01,1.593229376785649520e-01,1.574819469128570792e-01,1.556345443083634872e-01,1.537860531178023848e-01,1.519421289276804976e-01,1.501087784649733636e-01,1.482923785738213540e-01,1.464996950042679880e-01,1.447379005381925765e-01,1.430145918308078357e-01,1.413378041629843596e-01,1.397160230738602738e-01,1.381581915730204224e-01,1.366737113353695132e-01,1.352724360672980242e-01,1.339646556515205200e-01,1.327610742341656380e-01,1.316728318866116076e-01,1.307143041702111819e-01,1.298874666345336826e-01,1.292112084394222149e-01,1.286993863323951659e-01,1.283642697242354247e-01,1.282172319947059436e-01,1.282685529857183482e-01,1.285270285703042359e-01,1.289994556714331997e-01,1.296900097760014248e-01,1.305995303551080733e-01,1.317247425500259472e-01
1.160221205819163270e-01,1.145714694238130910e-01,1.133853686383459597e-01,1.124603798689204209e-01,1.117895713887715470e-01,1.113633673460472234e-01,1.111702471278736004e-01,1.111972912178673112e-01,1.114305601541960289e-01,1.118552237394647569e-01,1.124548638999998268e-01,1.131965042702550300e-01,1.140969283399764778e-01,1.151359741558651700e-01,1.162993209769261210e-01,1.175745092070917264e-01,1.189497842094302260e-01,1.204139771920894469e-01,1.219564802918161189e-01,1.235672356102361785e-01,1.252367240642736357e-01,1.269559513666016493e-01,1.287164310967950087e-01,1.305101654627877916e-01,1.323296244453803783e-01,1.341677239550152501e-01,1.360178035276754793e-01,1.378736039837511751e-01,1.397292453816846580e-01,1.415792055199937560e-01,1.434182991762855963e-01,1.452416582186734917e-01,1.470447126818703321e-01,1.488231728655813324e-01,1.505730124852053819e-01,1.522904528831353910e-01,1.539719482920144655e-01,1.556141721283745838e-01,1.572140042854085762e-01,1.587685193865938094e-01,1.602749759570285260e-01,1.617308064661965861e-01,1.631336081941946459e-01,1.644811348727727440e-01,1.657712890528822147e-01,1.670021151512723623e-01,1.681717931302296465e-01,1.692786327663302892e-01,1.703210684662549712e-01,1.712976545900509739e-01,1.722070612446751914e-01,1.730480705132326769e-01,1.738195730879118772e-01,1.745205652771912863e-01,1.751501463605275311e-01,1.757075162662560530e-01,1.761919735509552554e-01,1.766029136610001438e-01,1.769398274594627674e-01,1.772023000038308038e-01,1.773900095624095785e-01,1.775027268594864538e-01,1.775403145416000195e-01,1.775027268594858432e-01,1.773900095624100504e-01,1.772023000038299989e-01,1.769398274594628506e-01,1.766029136610006711e-01,1.761919735509540341e-01,1.757075162662565804e-01,1.751501463605268649e-01,1.745205652771903426e-01,1.738195730879122936e-01,1.730480705132329267e-01,1.722070612446746918e-01,1.712976545900516956e-01,1.703210684662549157e-01,1.692786327663302615e-01,1.681717931302303681e-01,1.670021151512725011e-01,1.657712890528825755e-01,1.644811348727739653e-01,1.631336081941942295e-01,1.617308064661969191e-01,1.602749759570283872e-01,1.587685193865943090e-01,1.572140042854087705e-01,1.556141721283740564e-01,1.539719482920154647e-01,1.522904528831359461e-01,1.505730124852050489e-01,1.488231728655813046e-01,1.470447126818700823e-01,1.452416582186732419e-01,1.434182991762846526e-01,1.415792055199935895e-01,1.397292453816842972e-01,1.378736039837513416e-01,1.360178035276751185e-01,1.341677239550146672e-01,1.323296244453814885e-01,1.305101654627881247e-01,1.287164310967956471e-01,1.269559513666013439e-01,1.252367240642735524e-01,1.235672356102361924e-01,1.219564802918166185e-01,1.204139771920895857e-01,1.189497842094308921e-01,1.175745092070918790e-01,1.162993209769261904e-01,1.151359741558654060e-01,1.140969283399755757e-01,1.131965042702554047e-01,1.124548639000000766e-01,1.118552237394644239e-01,1.114305601541959179e-01,1.111972912178663536e-01,1.111702471278736559e-01,1.113633673460473206e-01,1.117895713887717413e-01,1.124603798689209067e-01,1.133853686383459458e-01,1.145714694238125636e-01,1.160221205819144397e-01
1.011287863942572363e-01,9.938565985845834727e-02,9.794764910258697832e-02,9.680445495055499394e-02,9.594338116012920969e-02,9.535005874742062681e-02,9.500896662886702815e-02,9.490375063699153790e-02,9.501726344725791584e-02,9.533085273642212532e-02,9.581692663257514175e-02,9.644470322712256349e-02,9.726325678524462559e-02,9.822929582320663600e-02,9.932796251812060773e-02,1.005459397224809232e-01,1.018707368085095127e-01,1.032905439071652859e-01,1.047941822448322374e-01,1.063710774139097204e-01,1.080112381359187440e-01,1.097052355904322568e-01,1.114441819599934769e-01,1.132197080028219255e-01,1.150239398540425922e-01,1.168494753694286625e-01,1.186893603344268133e-01,1.205370648306209325e-01,1.223864600078868603e-01,1.242317954645038858e-01,1.260676773941183382e-01,1.278890476194713965e-01,1.296911635989117795e-01,1.314695794627906700e-01,1.332201281125690862e-01,1.349389043955125378e-01,1.366222493515602265e-01,1.382667355160528411e-01,1.398691532519099889e-01,1.414264980771206548e-01,1.429359589478936265e-01,1.443949074538128652e-01,1.458008878789759100e-01,1.471516080817215910e-01,1.484449311452919196e-01,1.496788677521323496e-01,1.508515692356273419e-01,1.519613212645395672e-01,1.530065381173169314e-01,1.539857575055418870e-01,1.548976359081692677e-01,1.557409443806219429e-01,1.565145648054011573e-01,1.572174865534317900e-01,1.578488035279983492e-01,1.584077115657413493e-01,1.588935061717350883e-01,1.593055805682785653e-01,1.596434240395092907e-01,1.599066205564631526e-01,1.600948476696196499e-01,1.602078756584215669e-01,1.602455669295899665e-01,1.602078756584228159e-01,1.600948476696192613e-01,1.599066205564625143e-01,1.596434240395103732e-01,1.593055805682781767e-01,1.588935061717345332e-01,1.584077115657404333e-01,1.578488035279981272e-01,1.572174865534319288e-01,1.565145648054012129e-01,1.557409443806212768e-01,1.548976359081695731e-01,1.539857575055431638e-01,1.530065381173172645e-01,1.519613212645398448e-01,1.508515692356280635e-01,1.496788677521334043e-01,1.484449311452926967e-01,1.471516080817219241e-01,1.458008878789761320e-01,1.443949074538134481e-01,1.429359589478925441e-01,1.414264980771194891e-01,1.398691532519094338e-01,1.382667355160537848e-01,1.366222493515587832e-01,1.349389043955135092e-01,1.332201281125696413e-01,1.314695794627913916e-01,1.296911635989115019e-01,1.278890476194711745e-01,1.260676773941184770e-01,1.242317954645037331e-01,1.223864600078863746e-01,1.205370648306199471e-01,1.186893603344265219e-01,1.168494753694288291e-01,1.150239398540421482e-01,1.132197080028220920e-01,1.114441819599938099e-01,1.097052355904317017e-01,1.080112381359190910e-01,1.063710774139104004e-01,1.047941822448322374e-01,1.032905439071650777e-01,1.018707368085096238e-01,1.005459397224813256e-01,9.932796251812055222e-02,9.822929582320714947e-02,9.726325678524552765e-02,9.644470322712245247e-02,9.581692663257539155e-02,9.533085273642190327e-02,9.501726344725766604e-02,9.490375063699200975e-02,9.500896662886743060e-02,9.535005874741937781e-02,9.594338116012925133e-02,9.680445495055507721e-02,9.794764910258633994e-02,9.938565985845819462e-02,1.011287863942575971e-01
8.660189603642845513e-02,8.468535511791809578e-02,8.309494415390403232e-02,8.181422788541076185e-02,8.082608014681241793e-02,8.011294622083661721e-02,7.965692196056223251e-02,7.943958273485328403e-02,7.944117306523391930e-02,7.963646175694250040e-02,7.994922283366401317e-02,8.050543965168861782e-02,8.123430748898646803e-02,8.211607921197583426e-02,8.313598681726032391e-02,8.428057616633989613e-02,8.553720080117255264e-02,8.689388328820717156e-02,8.833926198355179782e-02,8.986256315890786550e-02,9.145358106465506509e-02,9.310265999947775484e-02,9.480067625829827205e-02,9.653901926765257047e-02,9.830957180555405239e-02,1.001046894483110655e-01,1.019171794814707349e-01,1.037402795363851216e-01,1.055676362044887379e-01,1.073932838561974662e-01,1.092116238594515870e-01,1.110174043595831828e-01,1.128057007496950925e-01,1.145718969308892887e-01,1.163116674348195489e-01,1.180209604576917121e-01,1.196959818347690385e-01,1.213331799676361650e-01,1.229292317025737907e-01,1.244810291472242259e-01,1.259856674038222768e-01,1.274404331904872290e-01,1.288427943170094847e-01,1.301903899780134655e-01,1.314810218241067030e-01,1.327126457703612372e-01,1.338833645011139883e-01,1.349914206303788888e-01,1.360351904780617016e-01,1.370131784234696337e-01,1.379240117993095760e-01,1.387664362912731930e-01,1.395393118104654717e-01,1.402416088081737677e-01,1.408724050048801302e-01,1.414308825078081922e-01,1.419163252938083208e-01,1.423281170368251580e-01,1.426657392617119990e-01,1.429287698086245673e-01,1.431168815946600725e-01,1.432298416619297854e-01,1.432675105036022301e-01,1.432298416619306181e-01,1.431168815946604334e-01,1.429287698086252334e-01,1.426657392617130815e-01,1.423281170368249637e-01,1.419163252938074327e-01,1.414308825078081922e-01,1.408724050048790200e-01,1.402416088081744616e-01,1.395393118104662211e-01,1.387664362912734151e-01,1.379240117993099091e-01,1.370131784234696892e-01,1.360351904780623955e-01,1.349914206303799713e-01,1.338833645011147655e-01,1.327126457703620699e-01,1.314810218241066475e-01,1.301903899780139373e-01,1.288427943170091239e-01,1.274404331904871734e-01,1.259856674038229429e-01,1.244810291472244063e-01,1.229292317025739989e-01,1.213331799676361650e-01,1.196959818347694965e-01,1.180209604576920174e-01,1.163116674348205065e-01,1.145718969308898161e-01,1.128057007496941766e-01,1.110174043595823917e-01,1.092116238594520033e-01,1.073932838561979519e-01,1.055676362044894040e-01,1.037402795363849689e-01,1.019171794814715676e-01,1.001046894483110655e-01,9.830957180555451036e-02,9.653901926765209862e-02,9.480067625829827205e-02,9.310265999947760218e-02,9.145358106465611980e-02,8.986256315890825408e-02,8.833926198355243620e-02,8.689388328820728258e-02,8.553720080117306612e-02,8.428057616634074267e-02,8.313598681726050432e-02,8.211607921197655591e-02,8.123430748898682885e-02,8.050543965168932559e-02,7.994922283366372173e-02,7.963646175694308327e-02,7.944117306523401645e-02,7.943958273485318689e-02,7.965692196056205210e-02,8.011294622083696415e-02,8.082608014681268160e-02,8.181422788541149738e-02,8.309494415390475397e-02,8.468535511791784598e-02,8.660189603642770573e-02
7.161858761826528363e-02,6.982648667633034600e-02,6.832852357142904509e-02,6.710908810323218399e-02,6.615309102077117365e-02,6.544548738386259112e-02,6.497072249867272276e-02,6.471172492329990700e-02,6.464672351091423075e-02,6.472009735549114073e-02,6.494054297145876453e-02,6.542833061645582371e-02,6.608295341358016994e-02,6.688848608273947893e-02,6.783160312227630440e-02,6.889990813188501262e-02,7.008158957286067525e-02,7.136532520673329050e-02,7.274025500136431510e-02,7.419597537397872034e-02,7.572253927017812136e-02,7.731045634595061500e-02,7.895069110162211690e-02,8.063465829111636507e-02,8.235421557949175464e-02,8.410165371192629413e-02,8.586968457747923278e-02,8.765142758602195716e-02,8.944039476801776689e-02,9.123047497596176170e-02,9.301591752490157017e-02,9.479131556445748175e-02,9.655158942991735882e-02,9.829197017742810627e-02,1.000079834694028447e-01,1.016954339413822794e-01,1.033503901509886108e-01,1.049691701831740320e-01,1.065483279634784342e-01,1.080846403120874488e-01,1.095750947559086808e-01,1.110168781030625162e-01,1.124073657740546212e-01,1.137441118758519137e-01,1.150248399989326209e-01,1.162474347128897856e-01,1.174099337329519571e-01,1.185105207277469264e-01,1.195475187374750031e-01,1.205193841713232544e-01,1.214247013532032682e-01,1.222621775856258391e-01,1.230306387027119142e-01,1.237290250848039896e-01,1.243563881088301376e-01,1.249118870105163370e-01,1.253947861365357908e-01,1.258044525668861324e-01,1.261403540899357356e-01,1.264020575149325532e-01,1.265892273090090669e-01,1.267016245480984959e-01,1.267391061734847446e-01,1.267016245480980796e-01,1.265892273090087616e-01,1.264020575149305270e-01,1.261403540899358744e-01,1.258044525668862990e-01,1.253947861365368732e-01,1.249118870105158791e-01,1.243563881088298184e-01,1.237290250848030598e-01,1.230306387027118031e-01,1.222621775856252008e-01,1.214247013532044478e-01,1.205193841713231989e-01,1.195475187374750309e-01,1.185105207277465517e-01,1.174099337329513881e-01,1.162474347128901603e-01,1.150248399989337589e-01,1.137441118758517472e-01,1.124073657740552179e-01,1.110168781030625440e-01,1.095750947559093746e-01,1.080846403120880178e-01,1.065483279634778513e-01,1.049691701831751006e-01,1.033503901509902623e-01,1.016954339413830566e-01,1.000079834694028585e-01,9.829197017742793974e-02,9.655158942991688698e-02,9.479131556445639928e-02,9.301591752490118159e-02,9.123047497596248334e-02,8.944039476801717015e-02,8.765142758602237349e-02,8.586968457747932992e-02,8.410165371192512840e-02,8.235421557949142157e-02,8.063465829111710059e-02,7.895069110162300507e-02,7.731045634595046234e-02,7.572253927017873198e-02,7.419597537397860931e-02,7.274025500136503675e-02,7.136532520673334601e-02,7.008158957285967605e-02,6.889990813188551222e-02,6.783160312227658195e-02,6.688848608274002017e-02,6.608295341357954544e-02,6.542833061645612902e-02,6.494054297145906984e-02,6.472009735549116849e-02,6.464672351091384217e-02,6.471172492329929637e-02,6.497072249867323623e-02,6.544548738386325726e-02,6.615309102077117365e-02,6.710908810323168439e-02,6.832852357142794875e-02,6.982648667633069295e-02,7.161858761826501996e-02
5.503011007309860370e-02,5.393410430477208611e-02,5.297857781584348197e-02,5.217503911077506912e-02,5.153023220243112962e-02,5.104643754469813388e-02,5.072117187163628638e-02,5.054507861021970139e-02,5.048958518685517372e-02,5.042525060033108825e-02,5.073526111959738433e-02,5.121136169422060846e-02,5.183527594427758678e-02,5.259619718493004081e-02,5.348435198105348093e-02,5.449017152775740419e-02,5.560414284128939455e-02,5.681681401870783410e-02,5.811883962222987032e-02,5.950103314039551644e-02,6.095441558155965944e-02,6.247025661349601272e-02,6.404010743738228206e-02,6.565582570229387682e-02,6.730959321480967095e-02,6.899392735338617799e-02,7.070168711621335755e-02,7.242607468610724741e-02,7.416063332127355301e-02,7.589924229449533655e-02,7.763610951488256195e-02,7.936576238082213020e-02,8.108303733306373995e-02,8.278306850408966022e-02,8.446127579476625513e-02,8.611335265153879925e-02,8.773525376699918554e-02,8.932318288297604048e-02,9.087358083780230911e-02,9.238311396751372473e-02,9.384866294386425001e-02,9.526731210957627149e-02,9.663633935263675478e-02,9.795320654620381928e-02,9.921555056837538800e-02,1.004211749061657000e-01,1.015680418403575314e-01,1.026542652018890139e-01,1.036781036860182498e-01,1.046379547073510580e-01,1.055323487766301749e-01,1.063599443789756821e-01,1.071195233326900642e-01,1.078099866077864705e-01,1.084303505839081805e-01,1.089797437282064574e-01,1.094574036749184076e-01,1.098626746898677398e-01,1.101950055047203753e-01,1.104539475076099925e-01,1.106391532786406978e-01,1.107503754608149676e-01,1.107874659588831689e-01,1.107503754608149260e-01,1.106391532786406423e-01,1.104539475076098815e-01,1.101950055047222626e-01,1.098626746898675038e-01,1.094574036749176582e-01,1.089797437282064713e-01,1.084303505839084025e-01,1.078099866077859154e-01,1.071195233326904528e-01,1.063599443789769589e-01,1.055323487766304802e-01,1.046379547073501837e-01,1.036781036860177363e-01,1.026542652018878621e-01,1.015680418403570318e-01,1.004211749061646036e-01,9.921555056837499942e-02,9.795320654620412459e-02,9.663633935263642172e-02,9.526731210957573026e-02,9.384866294386437491e-02,9.238311396751318350e-02,9.087358083780221196e-02,8.932318288297518005e-02,8.773525376699882472e-02,8.611335265153921559e-02,8.446127579476672698e-02,8.278306850408868878e-02,8.108303733306324035e-02,7.936576238082168611e-02,7.763610951488206235e-02,7.589924229449533655e-02,7.416063332127301178e-02,7.242607468610784416e-02,7.070168711621334368e-02,6.899392735338569227e-02,6.730959321481019830e-02,6.565582570229377968e-02,6.404010743738113021e-02,6.247025661349529801e-02,6.095441558155997863e-02,5.950103314039460745e-02,5.811883962222986338e-02,5.681681401870819492e-02,5.560414284128876311e-02,5.449017152775765399e-02,5.348435198105269683e-02,5.259619718493004775e-02,5.183527594427756596e-02,5.121136169422092072e-02,5.073526111959789087e-02,5.042525060033090784e-02,5.048958518685542352e-02,5.054507861021955567e-02,5.072117187163696639e-02,5.104643754469864736e-02,5.153023220243010266e-02,5.217503911077449319e-02,5.297857781584355830e-02,5.393410430477162815e-02,5.503011007309932534e-02
3.930584356205921864e-02,3.840181835557394951e-02,3.783449870544162985e-02,3.745269885877614696e-02,3.719291979619016725e-02,3.702856517381247770e-02,3.694529418128280479e-02,3.692207259730015401e-02,3.683610118891731539e-02,3.692505240150968648e-02,3.734126467508920577e-02,3.787834106234180820e-02,3.853033488635013853e-02,3.929311059167000381e-02,4.016214744371971596e-02,4.113223247206529432e-02,4.219749833389160876e-02,4.335154384601476452e-02,4.458756861050838793e-02,4.589850002981461785e-02,4.727710568247093376e-02,4.871608939725758508e-02,5.020817149333407087e-02,5.174615450314255100e-02,5.332297599037050251e-02,5.493175011835267629e-02,5.656579955019894190e-02,5.821867913555330010e-02,5.988419269264960015e-02,6.155640404484225697e-02,6.322964332672181831e-02,6.489850944062425242e-02,6.655786942161845410e-02,6.820285535876029204e-02,6.982885942219164976e-02,7.143152745913462776e-02,7.300675154610522521e-02,7.455066181892515409e-02,7.605961784526855951e-02,7.753019975582800538e-02,7.895919930855413438e-02,8.034361102522546982e-02,8.168062350988253284e-02,8.296761103379196589e-02,8.420212545089224287e-02,8.538188849061846553e-02,8.650478446102566332e-02,8.756885338377770611e-02,8.857228457349343442e-02,8.951341066682723391e-02,9.039070210104835357e-02,9.120276203775140589e-02,9.194832172422208461e-02,9.262623628294000544e-02,9.323548091831139473e-02,9.377514752912681495e-02,9.424444171502460721e-02,9.464268016561751262e-02,9.496928842154431227e-02,9.522379899767119404e-02,9.540584985982976385e-02,9.551518324783128677e-02,9.555164483897095329e-02,9.551518324783099534e-02,9.540584985982886179e-02,9.522379899767166589e-02,9.496928842154571393e-02,9.464268016561712404e-02,9.424444171502471823e-02,9.377514752912645413e-02,9.323548091831111717e-02,9.262623628293892297e-02,9.194832172422154337e-02,9.120276203775234958e-02,9.039070210104875602e-02,8.951341066682699799e-02,8.857228457349412831e-02,8.756885338377765060e-02,8.650478446102596863e-02,8.538188849061839614e-02,8.420212545089188205e-02,8.296761103379225732e-02,8.168062350988268550e-02,8.034361102522527553e-02,7.895919930855442581e-02,7.753019975582943479e-02,7.605961784526839298e-02,7.455066181892409938e-02,7.300675154610575257e-02,7.143152745913437796e-02,6.982885942219178854e-02,6.820285535876054184e-02,6.655786942161888431e-02,6.489850944062336424e-02,6.322964332672130483e-02,6.155640404484158390e-02,5.988419269264991240e-02,5.821867913555232171e-02,5.656579955019892109e-02,5.493175011835272487e-02,5.332297599036998903e-02,5.174615450314209997e-02,5.020817149333321738e-02,4.871608939725747406e-02,4.727710568247043416e-02,4.589850002981407662e-02,4.458756861050842957e-02,4.335154384601430655e-02,4.219749833389249000e-02,4.113223247206487104e-02,4.016214744371841838e-02,3.929311059166989972e-02,3.853033488635019405e-02,3.787834106234095471e-02,3.734126467508927516e-02,3.692505240150974199e-02,3.683610118891696150e-02,3.692207259729984870e-02,3.694529418128139620e-02,3.702856517381111073e-02,3.719291979618970928e-02,3.745269885877623717e-02,3.783449870544169230e-02,3.840181835557286705e-02,3.930584356205955865e-02
8.410973689192441372e-02,5.577670845681673845e-02,4.098755913009841101e-02,3.331337999601450411e-02,2.926754639845491682e-02,2.709730709073880292e-02,2.591127954633025421e-02,2.519574356750596544e-02,2.453249073378337836e-02,2.478261799413027794e-02,2.520005057489845338e-02,2.574828086683360329e-02,2.640841924310764754e-02,2.716928122770690540e-02,2.802342603435573759e-02,2.896512998168807376e-02,2.998932670838698467e-02,3.109106843226311714e-02,3.226527371929535648e-02,3.350663260246686953e-02,3.480959634030151434e-02,3.616841043575574205e-02,3.757716732573739699e-02,3.902986541715487701e-02,4.052046713492728908e-02,4.204295216205006930e-02,4.359136411243170334e-02,4.515985007336717483e-02,4.674269313217074839e-02,4.833433836682451273e-02,4.992941295784054240e-02,5.152274114356197171e-02,5.310935474050523797e-02,5.468449991265668386e-02,5.624364081679159716e-02,5.778246068556684711e-02,5.929686084315886202e-02,6.078295808330543698e-02,6.223708077901701774e-02,6.365576403799981520e-02,6.503574416842321237e-02,6.637395267602580473e-02,6.766750997544437873e-02,6.891371896574087497e-02,7.011005859177713018e-02,7.125417748909147753e-02,7.234388778959101318e-02,7.337715914831356712e-02,7.435211303742909894e-02,7.526701734185847759e-02,7.612028128145707784e-02,7.691045067695846671e-02,7.763620357073990064e-02,7.829634620872982786e-02,7.888980938603883108e-02,7.941564515624212339e-02,7.987302390228266658e-02,8.026123176570416906e-02,8.057966843024641501e-02,8.082784525551259258e-02,8.100538375658448975e-02,8.111201442580701082e-02,8.114757589357472767e-02,8.111201442580584509e-02,8.100538375658496160e-02,8.082784525551202359e-02,8.057966843024641501e-02,8.026123176570401641e-02,7.987302390228200044e-02,7.941564515624249809e-02,7.888980938603847026e-02,7.829634620872927275e-02,7.763620357073991451e-02,7.691045067695924387e-02,7.612028128145743866e-02,7.526701734185839432e-02,7.435211303742936262e-02,7.337715914831385855e-02,7.234388778958979194e-02,7.125417748909249060e-02,7.011005859177728283e-02,6.891371896574137457e-02,6.766750997544471180e-02,6.637395267602540228e-02,6.503574416842403116e-02,6.365576403800077276e-02,6.223708077901753122e-02,6.078295808330628353e-02,5.929686084315811262e-02,5.778246068556702753e-02,5.624364081679154859e-02,5.468449991265675325e-02,5.310935474050595961e-02,5.152274114356227702e-02,4.992941295783981381e-02,4.833433836682318047e-02,4.674269313217075533e-02,4.515985007336752177e-02,4.359136411243180742e-02,4.204295216205070074e-02,4.052046713492760827e-02,3.902986541715434965e-02,3.757716732573708474e-02,3.616841043575572123e-02,3.480959634030138944e-02,3.350663260246674463e-02,3.226527371929557853e-02,3.109106843226379022e-02,2.998932670838674180e-02,2.896512998168835132e-02,2.802342603435544269e-02,2.716928122770735296e-02,2.640841924310727631e-02,2.574828086683276715e-02,2.520005057489909522e-02,2.478261799412995875e-02,2.453249073378404449e-02,2.519574356750610075e-02,2.591127954633037217e-02,2.709730709073901456e-02,2.926754639845487518e-02,3.331337999601466371e-02,4.098755913009888285e-02,5.577670845682097811e-02,8.410973689192283165e-02
2.755883639266755170e-01,2.430552041196292756e-01,1.804712150790399317e-01,1.183367745009802630e-01,7.468126277738340590e-02,4.845848778207869495e-02,3.343134484639313786e-02,2.439123121825082646e-02,1.988882567456771999e-02,1.775914731635118080e-02,1.676217515816448914e-02,1.645537597950425326e-02,1.658530536457224203e-02,1.700532946175419696e-02,1.762886709405752858e-02,1.840348231054728459e-02,1.929638858054487024e-02,2.028621341817212625e-02,2.135825133568468662e-02,2.250169600463646294e-02,2.370801494759557440e-02,2.496999373544037809e-02,2.628117717827573377e-02,2.763554780017800361e-02,2.902734659129052944e-02,3.045097882358737199e-02,3.190097015818385562e-02,3.337195179396434258e-02,3.485866165733539357e-02,3.635595371779754004e-02,3.785881067144394180e-02,3.936235720355378553e-02,4.086187226962725155e-02,4.235279959682564099e-02,4.383075607555743380e-02,4.529153799160456212e-02,4.673112521085786425e-02,4.814568351512304306e-02,4.953156532668719775e-02,5.088530906945119836e-02,5.220363740736643637e-02,5.348345458393103519e-02,5.472184306484867422e-02,5.591605966224962726e-02,5.706353129539831759e-02,5.816185052039230668e-02,5.920877094082904746e-02,6.020220259286328257e-02,6.114020738178202463e-02,6.202099463301109089e-02,6.284291680822340354e-02,6.360446542688444338e-02,6.430426722483023605e-02,6.494108057426511982e-02,6.551379218361398638e-02,6.602141409088653490e-02,6.646308096034542201e-02,6.683804768935849849e-02,6.714568732991618716e-02,6.738548932774879319e-02,6.755705808062796580e-02,6.766011181674115582e-02,6.769448179348946937e-02,6.766011181674214114e-02,6.755705808062702211e-02,6.738548932774761357e-02,6.714568732991597899e-02,6.683804768935870666e-02,6.646308096034668489e-02,6.602141409088586876e-02,6.551379218361508272e-02,6.494108057426349612e-02,6.430426722483038871e-02,6.360446542688380500e-02,6.284291680822336190e-02,6.202099463301086191e-02,6.114020738178192055e-02,6.020220259286286624e-02,5.920877094083012993e-02,5.816185052039234832e-02,5.706353129539763064e-02,5.591605966225061952e-02,5.472184306484853544e-02,5.348345458393169438e-02,5.220363740736741476e-02,5.088530906945198246e-02,4.953156532668637896e-02,4.814568351512422961e-02,4.673112521085895366e-02,4.529153799160527682e-02,4.383075607555732972e-02,4.235279959682560630e-02,4.086187226962757768e-02,3.936235720355478473e-02,3.785881067144471895e-02,3.635595371779787310e-02,3.485866165733677441e-02,3.337195179396448136e-02,3.190097015818382092e-02,3.045097882358626870e-02,2.902734659129004025e-02,2.763554780017812157e-02,2.628117717827594541e-02,2.496999373543987155e-02,2.370801494759544950e-02,2.250169600463643171e-02,2.135825133568470396e-02,2.028621341817237606e-02,1.929638858054460310e-02,1.840348231054663580e-02,1.762886709405664387e-02,1.700532946175335736e-02,1.658530536457267224e-02,1.645537597950418388e-02,1.676217515816476669e-02,1.775914731635173938e-02,1.988882567456782755e-02,2.439123121825147525e-02,3.343134484639543463e-02,4.845848778207900026e-02,7.468126277737917318e-02,1.183367745009760302e-01,1.804712150790472591e-01,2.430552041196303026e-01,2.755883639266757945e-01
2.385698317061271112e-01,2.612214022128904745e-01,2.808427203807303263e-01,2.841358259793085872e-01,2.554824650923115392e-01,1.971286691917984446e-01,1.332265771634296714e-01,8.365260510660357807e-02,5.267686747948878423e-02,3.406151225997527260e-02,2.323797272320508867e-02,1.704851272224631314e-02,1.359858562013542202e-02,1.179242835688613239e-02,1.099686225648064015e-02,1.084114655815651175e-02,1.110406731063647359e-02,1.165077914260453235e-02,1.239715782349029745e-02,1.328936220402391483e-02,1.429190863891858024e-02,1.538059223907031238e-02,1.653821941653933411e-02,1.775200088750228389e-02,1.901194202668705924e-02,2.030984131034516138e-02,2.163866428679841677e-02,2.299215187413447548e-02,2.436457600792747008e-02,2.575058838480817278e-02,2.714512810092784695e-02,2.854336644512573892e-02,2.994067494591267850e-02,3.133260775621453387e-02,3.271489265824908260e-02,3.408342703751084113e-02,3.543427651680218504e-02,3.676367481487954891e-02,3.806802396267573024e-02,3.934389437852904570e-02,4.058802454057905407e-02,4.179732014426917192e-02,4.296885272536436068e-02,4.409985778359851172e-02,4.518773247215542715e-02,4.623003293232663680e-02,4.722447135688791209e-02,4.816891286368594344e-02,4.906137225543332619e-02,4.990001073430169742e-02,5.068313263182272488e-02,5.140918220645554482e-02,5.207674055340700409e-02,5.268452266419675067e-02,5.323137466704824794e-02,5.371627127359070858e-02,5.413831345249679738e-02,5.449672634661080484e-02,5.479085744657402612e-02,5.502017503113017932e-02,5.518426688187576951e-02,5.528283927824472616e-02,5.531571627688813830e-02,5.528283927824451799e-02,5.518426688187591522e-02,5.502017503112968666e-02,5.479085744657406082e-02,5.449672634661159587e-02,5.413831345249662391e-02,5.371627127359082654e-02,5.323137466704960102e-02,5.268452266419653557e-02,5.207674055340730940e-02,5.140918220645575992e-02,5.068313263182221834e-02,4.990001073430149620e-02,4.906137225543370090e-02,4.816891286368591568e-02,4.722447135688802311e-02,4.623003293232690047e-02,4.518773247215544103e-02,4.409985778359951786e-02,4.296885272536487416e-02,4.179732014426995601e-02,4.058802454058017817e-02,3.934389437852909427e-02,3.806802396267598004e-02,3.676367481488002770e-02,3.543427651680344098e-02,3.408342703751075786e-02,3.271489265825011650e-02,3.133260775621379834e-02,2.994067494591284503e-02,2.854336644512645363e-02,2.714512810092763531e-02,2.575058838480797155e-02,2.436457600792768866e-02,2.299215187413472875e-02,2.163866428679914189e-02,2.030984131034598017e-02,1.901194202668699332e-02,1.775200088750198898e-02,1.653821941653950064e-02,1.538059223907021870e-02,1.429190863891852993e-02,1.328936220402365288e-02,1.239715782348969203e-02,1.165077914260434673e-02,1.110406731063588379e-02,1.084114655815605725e-02,1.099686225648064015e-02,1.179242835688611504e-02,1.359858562013606213e-02,1.704851272224536946e-02,2.323797272320463417e-02,3.406151225997423870e-02,5.267686747949115039e-02,8.365260510660284254e-02,1.332265771634286722e-01,1.971286691917921163e-01,2.554824650923165352e-01,2.841358259793114738e-01,2.808427203807371542e-01,2.612214022128928059e-01,2.385698317061240026e-01
1.988483637459873277e-01,2.128474514861148914e-01,2.306442592186572216e-01,2.520360456291725892e-01,2.747000376397084054e-01,2.915703578667879214e-01,2.891853212502598636e-01,2.555909080417674284e-01,1.972508865598147365e-01,1.357714509998454167e-01,8.741484545155181474e-02,5.493156473985609523e-02,3.466031042155511693e-02,2.239631056924823796e-02,1.509563472791360973e-02,1.083680553398025902e-02,8.458766349189562189e-03,7.264785317811249706e-03,6.833052227004493377e-03,6.904152219798202414e-03,7.315514849139795328e-03,7.963148998728224875e-03,8.779052248867174127e-03,9.717673907019181573e-03,1.074767434827404895e-02,1.184683136049177223e-02,1.299884718121219196e-02,1.419132190389882364e-02,1.541445336151854063e-02,1.666019565025628202e-02,1.792171067698482279e-02,1.919300884400413146e-02,2.046871285081377709e-02,2.174390216558357361e-02,2.301401059653315068e-02,2.427475890187537691e-02,2.552211052363872676e-02,2.675224254465219040e-02,2.796152661258446970e-02,2.914651633052326579e-02,3.030393878601121693e-02,3.143068867716474618e-02,3.252382402375676024e-02,3.358056280763557777e-02,3.459828012661050889e-02,3.557450560658898669e-02,3.650692092357900320e-02,3.739335735738921057e-02,3.823179334416176856e-02,3.902035202329343783e-02,3.975729879135186939e-02,4.044103888503176869e-02,4.107011501964693417e-02,4.164320511093088512e-02,4.215912010715162223e-02,4.261680195662236048e-02,4.301532173318622920e-02,4.335387793941977014e-02,4.363179500444704095e-02,4.384852199051637173e-02,4.400363151987290999e-02,4.409681893105519418e-02,4.412790167146696946e-02,4.409681893105517336e-02,4.400363151987287530e-02,4.384852199051600397e-02,4.363179500444677034e-02,4.335387793941988810e-02,4.301532173318580593e-02,4.261680195662196496e-02,4.215912010715152508e-02,4.164320511093193983e-02,4.107011501964712846e-02,4.044103888503134542e-02,3.975729879135281308e-02,3.902035202329354191e-02,3.823179334416140773e-02,3.739335735738964772e-02,3.650692092357889218e-02,3.557450560658915323e-02,3.459828012661115421e-02,3.358056280763652146e-02,3.252382402375680187e-02,3.143068867716434373e-02,3.030393878601185878e-02,2.914651633052336641e-02,2.796152661258409847e-02,2.675224254465190590e-02,2.552211052363935126e-02,2.427475890187498833e-02,2.301401059653304659e-02,2.174390216558399341e-02,2.046871285081421424e-02,1.919300884400488780e-02,1.792171067698421563e-02,1.666019565025622998e-02,1.541445336151796817e-02,1.419132190389942039e-02,1.299884718121241053e-02,1.184683136049194049e-02,1.074767434827372803e-02,9.717673907019028917e-03,8.779052248866752589e-03,7.963148998727971606e-03,7.315514849140047730e-03,6.904152219798370682e-03,6.833052227003533208e-03,7.264785317811233226e-03,8.458766349189022690e-03,1.083680553397978717e-02,1.509563472791472169e-02,2.239631056924903593e-02,3.466031042155623410e-02,5.493156473985711524e-02,8.741484545155145391e-02,1.357714509998489694e-01,1.972508865598146810e-01,2.555909080417700929e-01,2.891853212502626946e-01,2.915703578667890872e-01,2.747000376397062404e-01,2.520360456291693141e-01,2.306442592186575824e-01,2.128474514861131706e-01,1.988483637459873554e-01
1.793539973180033609e-01,1.868207915267645902e-01,1.967096983232955454e-01,2.095667137938079516e-01,2.259028201942050174e-01,2.458563036226501519e-01,2.678370910866244015e-01,2.888927741240812086e-01,3.000045466036791453e-01,2.882252643153642713e-01,2.468395061798751844e-01,1.868253878157920267e-01,1.283385625147233644e-01,8.324919888157517045e-02,5.261745433768989094e-02,3.302073062591284747e-02,2.080890839139897322e-02,1.330631834277337146e-02,8.774639313396037296e-03,6.129755198043764300e-03,4.700864019775684473e-03,4.070033195149052110e-03,3.973291686456304449e-03,4.241080925124872045e-03,4.762454633473464823e-03,5.463374373810957023e-03,6.293382830218402849e-03,7.217304082384994567e-03,8.210000305207606000e-03,9.253013967379179402e-03,1.033239034084289243e-02,1.143724935885101143e-02,1.255883951943981801e-02,1.368990563730634359e-02,1.482426315475861463e-02,1.595650969964588009e-02,1.708182858796109677e-02,1.819585434824030554e-02,1.929458031714885793e-02,2.037429489531489973e-02,2.143153738563460808e-02,2.246306723424173687e-02,2.346584244885330586e-02,2.443700429690570317e-02,2.537386629355557061e-02,2.627390611324992992e-02,2.713475948883811370e-02,2.795421545971650545e-02,2.873021253672415273e-02,2.946083549420426204e-02,3.014431259835624252e-02,3.077901314896182641e-02,3.136344525800797284e-02,3.189625382019715960e-02,3.237621865130315552e-02,3.280225278402448125e-02,3.317340091956516579e-02,3.348883803833633405e-02,3.374786817587010351e-02,3.394992337117811593e-02,3.409456279482420138e-02,3.418147206330655885e-02,3.421046274522132613e-02,3.418147206330537924e-02,3.409456279482434016e-02,3.394992337117839348e-02,3.374786817587089455e-02,3.348883803833732631e-02,3.317340091956518661e-02,3.280225278402428696e-02,3.237621865130382859e-02,3.189625382019663224e-02,3.136344525800825039e-02,3.077901314896222193e-02,3.014431259835650273e-02,2.946083549420474082e-02,2.873021253672517275e-02,2.795421545971482971e-02,2.713475948883743022e-02,2.627390611325000624e-02,2.537386629355588979e-02,2.443700429690643522e-02,2.346584244885351056e-02,2.246306723424151830e-02,2.143153738563534014e-02,2.037429489531514260e-02,1.929458031714804955e-02,1.819585434824063513e-02,1.708182858796100656e-02,1.595650969964587315e-02,1.482426315475861463e-02,1.368990563730673911e-02,1.255883951943948147e-02,1.143724935885052224e-02,1.033239034084322897e-02,9.253013967379264404e-03,8.210000305206965887e-03,7.217304082384960739e-03,6.293382830217898044e-03,5.463374373811243252e-03,4.762454633473144766e-03,4.241080925124568468e-03,3.973291686456371236e-03,4.070033195148379038e-03,4.700864019775516205e-03,6.129755198044472067e-03,8.774639313395818721e-03,1.330631834277338013e-02,2.080890839139951098e-02,3.302073062591234093e-02,5.261745433769030034e-02,8.324919888157258918e-02,1.283385625147230313e-01,1.868253878157833114e-01,2.468395061798739631e-01,2.882252643153662697e-01,3.000045466036795339e-01,2.888927741240820413e-01,2.678370910866221255e-01,2.458563036226501797e-01,2.259028201942053782e-01,2.095667137938066749e-01,1.967096983232950458e-01,1.868207915267641461e-01,1.793539973180035274e-01
1.698500840397778600e-01,1.737330247531637673e-01,1.790799045770855302e-01,1.862363275722398459e-01,1.956168377956427340e-01,2.076414403542737319e-01,2.226164597747028739e-01,2.413021596397320057e-01,2.630826357935556747e-01,2.856639882433444910e-01,3.030355286163683992e-01,3.044928057393846976e-01,2.793900701248986929e-01,2.286985949725552913e-01,1.681703991146128174e-01,1.145040738409510428e-01,7.455864079060253724e-02,4.745080014483909342e-02,2.983693817350936694e-02,1.860939982333126644e-02,1.153134372719100305e-02,7.132036572786913838e-03,4.474077169306579088e-03,2.963039637068050000e-03,2.219328277781401626e-03,1.997413119802125218e-03,2.135986155046615178e-03,2.527251281104687160e-03,3.097864300609108005e-03,3.796967941407924756e-03,4.588582512203684752e-03,5.446701795489754770e-03,6.352091374163200237e-03,7.290172875157333032e-03,8.249610079734225401e-03,9.221354397924274443e-03,1.019799452334429167e-02,1.117330967947501551e-02,1.214196046197442251e-02,1.309927348689580821e-02,1.404109048530392118e-02,1.496366197291820396e-02,1.586357193023708867e-02,1.673768416349980317e-02,1.758310388706598240e-02,1.839715002972058117e-02,1.917733511882333333e-02,1.992135053348643992e-02,2.062705557190540329e-02,2.129246923662096030e-02,2.191576396452256381e-02,2.249526075669945266e-02,2.302942532496809330e-02,2.351686498663043551e-02,2.395632612041084103e-02,2.434669205418688726e-02,2.468698129592096155e-02,2.497634604783418449e-02,2.521407096394210484e-02,2.539957212489925287e-02,2.553239621355367708e-02,2.561221988098552962e-02,2.563884929689726547e-02,2.561221988098526942e-02,2.553239621355406566e-02,2.539957212489774366e-02,2.521407096394198688e-02,2.497634604783448634e-02,2.468698129592112114e-02,2.434669205418706420e-02,2.395632612041068144e-02,2.351686498663146246e-02,2.302942532496719125e-02,2.249526075669923061e-02,2.191576396452281014e-02,2.129246923662057520e-02,2.062705557190589942e-02,1.992135053348598542e-02,1.917733511882370456e-02,1.839715002972077545e-02,1.758310388706597546e-02,1.673768416350024379e-02,1.586357193023711296e-02,1.496366197291869142e-02,1.404109048530434098e-02,1.309927348689490616e-02,1.214196046197416924e-02,1.117330967947503112e-02,1.019799452334434198e-02,9.221354397924257096e-03,8.249610079733753557e-03,7.290172875157804877e-03,6.352091374163251411e-03,5.446701795490141614e-03,4.588582512203735926e-03,3.796967941407385690e-03,3.097864300609428061e-03,2.527251281104720988e-03,2.135986155047120416e-03,1.997413119801990777e-03,2.219328277781283665e-03,2.963039637068117654e-03,4.474077169306073416e-03,7.132036572787098586e-03,1.153134372719064916e-02,1.860939982333124215e-02,2.983693817350743793e-02,4.745080014484104325e-02,7.455864079059700000e-02,1.145040738409466019e-01,1.681703991146129562e-01,2.286985949725523770e-01,2.793900701248972496e-01,3.044928057393829213e-01,3.030355286163698980e-01,2.856639882433478772e-01,2.630826357935563964e-01,2.413021596397326163e-01,2.226164597747051221e-01,2.076414403542759524e-01,1.956168377956422622e-01,1.862363275722389577e-01,1.790799045770856412e-01,1.737330247531631011e-01,1.698500840397781375e-01
1.655462516798130723e-01,1.673342844915745309e-01,1.700574986984444703e-01,1.739210107304027808e-01,1.791693295896718274e-01,1.859984666227084138e-01,1.950185152991777138e-01,2.065990282561718516e-01,2.212055488002247494e-01,2.391886230771910204e-01,2.603994717307942519e-01,2.833442219348416002e-01,3.036908605732184796e-01,3.128465866789824079e-01,2.998357483302681037e-01,2.599428368383758792e-01,2.026338074191793293e-01,1.448551152064650460e-01,9.784901236429413562e-02,6.400079271027867001e-02,4.109396167655782195e-02,2.602231498512510774e-02,1.622604627681460687e-02,9.907770667831930153e-03,5.879435683999848644e-03,3.371122938550748672e-03,1.884361253927989291e-03,1.093781053833965114e-03,7.843068211257643021e-04,8.116487017325180056e-04,1.077448593605423227e-03,1.513529597164680988e-03,2.071806299563451990e-03,2.717742144584671046e-03,3.426053590585411823e-03,4.177854894319527231e-03,4.958738304200794623e-03,5.757469188375267943e-03,6.565090242686059605e-03,7.374300891013754397e-03,8.179023741539755490e-03,8.974099410389664230e-03,9.755070209313352475e-03,1.051802583939035786e-02,1.125949266036380299e-02,1.197635378063504133e-02,1.266579107256557597e-02,1.332524286638800230e-02,1.395237290897254588e-02,1.454504745199367011e-02,1.510131823172818251e-02,1.561940973726252090e-02,1.609770961477676246e-02,1.653476137777076110e-02,1.692925882415811586e-02,1.728004172759772458e-02,1.758609249060853752e-02,1.784653353407762016e-02,1.806062526094232012e-02,1.822776447784974635e-02,1.834748319214401027e-02,1.841944772629883903e-02,1.844345811025996026e-02,1.841944772629959537e-02,1.834748319214448212e-02,1.822776447784955206e-02,1.806062526094204257e-02,1.784653353407774506e-02,1.758609249060896773e-02,1.728004172759787724e-02,1.692925882415717218e-02,1.653476137777071253e-02,1.609770961477729329e-02,1.561940973726256426e-02,1.510131823172781995e-02,1.454504745199364582e-02,1.395237290897232731e-02,1.332524286638654513e-02,1.266579107256471728e-02,1.197635378063532756e-02,1.125949266036422279e-02,1.051802583938988601e-02,9.755070209313033286e-03,8.974099410389629536e-03,8.179023741539908146e-03,7.374300891013333727e-03,6.565090242685689241e-03,5.757469188375537693e-03,4.958738304200929065e-03,4.177854894319611365e-03,3.426053590586186377e-03,2.717742144585075237e-03,2.071806299564344506e-03,1.513529597164461980e-03,1.077448593604985426e-03,8.116487017326864907e-04,7.843068211255622068e-04,1.093781053834116685e-03,1.884361253927804110e-03,3.371122938551338478e-03,5.879435684000000432e-03,9.907770667831964848e-03,1.622604627681506831e-02,2.602231498512553101e-02,4.109396167655609416e-02,6.400079271027638017e-02,9.784901236430021410e-02,1.448551152064695702e-01,2.026338074191793015e-01,2.599428368383810417e-01,2.998357483302721560e-01,3.128465866789827410e-01,3.036908605732178690e-01,2.833442219348391022e-01,2.603994717307921425e-01,2.391886230771908817e-01,2.212055488002245551e-01,2.065990282561710745e-01,1.950185152991776028e-01,1.859984666227082473e-01,1.791693295896715221e-01,1.739210107304021702e-01,1.700574986984440817e-01,1.673342844915741146e-01,1.655462516798130168e-01
1.642251754305426581e-01,1.647034537848536262e-01,1.658093718457308574e-01,1.676715263704462722e-01,1.704321434429883209e-01,1.742682180816365334e-01,1.795055186572652450e-01,1.863992873177797438e-01,1.953118644034547158e-01,2.066686695995730572e-01,2.209241185076055436e-01,2.384482000256217538e-01,2.592292893229279915e-01,2.822069297928749831e-01,3.040448859708058671e-01,3.176909780596790522e-01,3.129061609685580558e-01,2.823567137068507260e-01,2.304047671937106689e-01,1.718939155912887762e-01,1.203338599943979265e-01,8.107960553202067655e-02,5.346489195819337237e-02,3.476202214992534650e-02,2.229596103174417976e-02,1.404004670075156141e-02,8.598364261270240519e-03,5.043705096143575629e-03,2.766189375723095058e-03,1.363428895702188497e-03,5.674064654355326798e-04,1.973280790217948639e-04,1.294848375414159910e-04,2.779406428505189230e-04,5.820583232021185952e-04,9.983572676633112840e-04,1.495136411757947174e-03,2.048881222113481046e-03,2.641834949183253720e-03,3.260338748871090351e-03,3.893685510993095955e-03,4.533320782273084389e-03,5.172280712185101277e-03,5.804793473338055315e-03,6.425994476610426449e-03,7.031721477970869806e-03,7.618366217147495845e-03,8.182766348201114814e-03,8.722126278188921736e-03,9.233958873335263925e-03,9.716042313953780762e-03,1.016638800522132700e-02,1.058321659792815610e-02,1.096493998840213438e-02,1.131014774969637572e-02,1.161759686554877762e-02,1.188620394217830556e-02,1.211503929385939447e-02,1.230332245991938404e-02,1.245041882995910273e-02,1.255583714261669648e-02,1.261922768980037329e-02,1.264038110941043819e-02,1.261922768980039931e-02,1.255583714261643627e-02,1.245041882996024765e-02,1.230332245991963731e-02,1.211503929385907528e-02,1.188620394217786667e-02,1.161759686554848965e-02,1.131014774969571826e-02,1.096493998840216907e-02,1.058321659792829141e-02,1.016638800522147792e-02,9.716042313953511880e-03,9.233958873334859735e-03,8.722126278190252269e-03,8.182766348201182469e-03,7.618366217147950342e-03,7.031721477970818632e-03,6.425994476610039606e-03,5.804793473339132578e-03,5.172280712185572255e-03,4.533320782272730505e-03,3.893685510993938163e-03,3.260338748870888256e-03,2.641834949182849529e-03,2.048881222113464132e-03,1.495136411758233403e-03,9.983572676633618078e-04,5.820583232017142962e-04,2.779406428507884014e-04,1.294848375419212563e-04,1.973280790213232901e-04,5.674064654355158747e-04,1.363428895701767393e-03,2.766189375722859136e-03,5.043705096142919037e-03,8.598364261270476441e-03,1.404004670075194132e-02,2.229596103174495345e-02,3.476202214992433343e-02,5.346489195819149193e-02,8.107960553202214760e-02,1.203338599943991616e-01,1.718939155912867778e-01,2.304047671937155262e-01,2.823567137068513366e-01,3.129061609685582779e-01,3.176909780596801069e-01,3.040448859708074769e-01,2.822069297928743170e-01,2.592292893229289907e-01,2.384482000256208378e-01,2.209241185076057656e-01,2.066686695995724188e-01,1.953118644034543272e-01,1.863992873177792720e-01,1.795055186572644401e-01,1.742682180816357285e-01,1.704321434429881821e-01,1.676715263704459946e-01,1.658093718457314403e-01,1.647034537848537372e-01,1.642251754305425193e-01
1.647426449098195467e-01,1.643628845393135807e-01,1.644184701061595089e-01,1.649952774274829059e-01,1.661757159489457014e-01,1.681386281371221592e-01,1.710143083409390585e-01,1.749913583508286852e-01,1.803026990792696016e-01,1.872346050676303997e-01,1.961343288941854446e-01,2.074086238865816001e-01,2.214953788110857469e-01,2.387675119570621951e-01,2.592827034526742347e-01,2.822232413261077100e-01,3.048495300141000341e-01,3.211510731631118110e-01,3.217672008904250980e-01,2.983717383021463054e-01,2.519249085526580889e-01,1.946369493011080865e-01,1.406460709917022323e-01,9.747278715847459973e-02,6.600912202923450711e-02,4.412830129174840493e-02,2.921964601142864812e-02,1.913384202527749350e-02,1.232453186800161471e-02,7.737342061088376029e-03,4.666823973844947890e-03,2.641996697162547932e-03,1.346434454205345946e-03,5.652892843895919147e-04,1.508151867226935122e-04,6.736857221850277234e-17,3.998411109831788467e-05,2.184729812673253345e-04,4.973669524238879744e-04,8.484812303018353244e-04,1.250637799665041188e-03,1.687667845880793695e-03,2.147025267912691052e-03,2.618814872259889875e-03,3.095104964738579819e-03,3.569436962504852345e-03,4.036472793910859946e-03,4.491739519586985217e-03,4.931443120539243281e-03,5.352331874055146939e-03,5.751595535673185468e-03,6.126790549062620904e-03,6.475784295269441763e-03,6.796713353093892900e-03,7.087952131003921047e-03,7.348089222249365969e-03,7.575909547693650443e-03,7.770380867317477729e-03,7.930643618386532326e-03,8.056003315978815110e-03,8.145924958287519349e-03,8.200029035245245262e-03,8.218088859576620081e-03,8.200029035245109954e-03,8.145924958287434348e-03,8.056003315979370222e-03,7.930643618385201793e-03,7.770380867316821136e-03,7.575909547693313907e-03,7.348089222249214181e-03,7.087952131003954874e-03,6.796713353094128822e-03,6.475784295270183358e-03,6.126790549062334675e-03,5.751595535672899238e-03,5.352331874055113112e-03,4.931443120539108840e-03,4.491739519587607983e-03,4.036472793911634500e-03,3.569436962504886172e-03,3.095104964739472334e-03,2.618814872259637039e-03,2.147025267912724446e-03,1.687667845881770344e-03,1.250637799665024275e-03,8.484812303020374197e-04,4.973669524237869267e-04,2.184729812679990306e-04,3.998411109910946746e-05,0.000000000000000000e+00,1.508151867226935122e-04,5.652892843902656379e-04,1.346434454205867881e-03,2.641996697162867988e-03,4.666823973844577526e-03,7.737342061088309242e-03,1.232453186800225482e-02,1.913384202527680308e-02,2.921964601142923099e-02,4.412830129174837718e-02,6.600912202923331362e-02,9.747278715847688957e-02,1.406460709917033980e-01,1.946369493011208540e-01,2.519249085526631404e-01,2.983717383021472491e-01,3.217672008904245429e-01,3.211510731631123661e-01,3.048495300140995345e-01,2.822232413261077655e-01,2.592827034526734575e-01,2.387675119570620563e-01,2.214953788110851085e-01,2.074086238865825715e-01,1.961343288941852503e-01,1.872346050676305940e-01,1.803026990792687134e-01,1.749913583508286852e-01,1.710143083409393916e-01,1.681386281371219649e-01,1.661757159489467284e-01,1.649952774274831557e-01,1.644184701061594533e-01,1.643628845393149129e-01,1.647426449098193524e-01
1.664275805622606741e-01,1.654696785919098079e-01,1.648191826051201847e-01,1.645363492603099109e-01,1.646952259720665668e-01,1.653961814605813541e-01,1.667337622308694423e-01,1.688325957225752516e-01,1.718438436201178421e-01,1.759523528545095805e-01,1.813851099603116801e-01,1.884202708927025793e-01,1.973942783131450163e-01,2.087004335294377066e-01,2.227628753334421619e-01,2.399496671164395578e-01,2.603493021915131433e-01,2.832751049327884574e-01,3.063383051490135012e-01,3.242042398594662256e-01,3.282589884583159701e-01,3.099554615705994998e-01,2.682296514217120675e-01,2.129999014756067122e-01,1.581095828641831125e-01,1.123891596655960112e-01,7.802786310371334633e-02,5.355881423703998112e-02,3.655592824010640146e-02,2.484174873736534617e-02,1.677987641107599529e-02,1.122479952232276548e-02,7.396580532358208553e-03,4.767996133964458490e-03,2.981514695658462472e-03,1.792600203698220930e-03,1.032104611416084913e-03,5.815394209801055423e-04,3.567940400092017481e-04,2.973454192840763914e-04,3.590412140175826207e-04,5.092228029423671474e-04,7.233939679666720034e-04,9.829209956434871182e-04,1.273428405455111819e-03,1.583668866168181331e-03,1.904719741714664761e-03,2.229406894253955791e-03,2.551888121786778998e-03,2.867349746460597700e-03,3.171784090388599358e-03,3.461825240098994044e-03,3.734627133426776917e-03,3.987772598121466089e-03,4.219205184534681984e-03,4.427177901248039761e-03,4.610214575066497525e-03,4.767080714078751787e-03,4.896761590544953559e-03,4.998445873404400684e-03,5.071513594104807600e-03,5.115527570992929075e-03,5.130227680329292259e-03,5.115527570992827594e-03,5.071513594104841427e-03,4.998445873404451859e-03,4.896761590544919732e-03,4.767080714078313769e-03,4.610214575066463698e-03,4.427177901247652918e-03,4.219205184534665504e-03,3.987772598121668184e-03,3.734627133427012840e-03,3.461825240098960216e-03,3.171784090388262822e-03,2.867349746460445912e-03,2.551888121786930353e-03,2.229406894254696951e-03,1.904719741714631150e-03,1.583668866167945626e-03,1.273428405455010771e-03,9.829209956435038149e-04,7.233939679669751464e-04,5.092228029424008661e-04,3.590412140172626184e-04,2.973454192839079606e-04,3.567940400094207027e-04,5.815394209800044947e-04,1.032104611416017476e-03,1.792600203698187103e-03,2.981514695658412165e-03,4.767996133964070779e-03,7.396580532358023805e-03,1.122479952232281579e-02,1.677987641107660938e-02,2.484174873736523514e-02,3.655592824010579084e-02,5.355881423704007827e-02,7.802786310371179201e-02,1.123891596655922642e-01,1.581095828641850276e-01,2.129999014756087661e-01,2.682296514217093475e-01,3.099554615705988891e-01,3.282589884583148043e-01,3.242042398594668917e-01,3.063383051490130016e-01,2.832751049327889015e-01,2.603493021915124217e-01,2.399496671164396966e-01,2.227628753334433831e-01,2.087004335294388446e-01,1.973942783131450163e-01,1.884202708927026071e-01,1.813851099603116801e-01,1.759523528545096360e-01,1.718438436201176478e-01,1.688325957225753071e-01,1.667337622308697476e-01,1.653961814605814373e-01,1.646952259720667888e-01,1.645363492603097166e-01,1.648191826051206565e-01,1.654696785919100022e-01,1.664275805622604798e-01
1.688976305320002980e-01,1.675453676542430770e-01,1.664110607363536720e-01,1.655395812363944785e-01,1.649958766121513987e-01,1.648357191061433635e-01,1.651327682172145372e-01,1.659731208656703705e-01,1.674591090332653853e-01,1.697137290644006591e-01,1.728862154359783743e-01,1.771589247313175297e-01,1.827554322450441193e-01,1.899490605159653289e-01,1.990693730958648933e-01,2.105002301023786992e-01,2.246542110783593671e-01,2.418896410645448303e-01,2.623010209664410342e-01,2.852609161717939990e-01,3.085709371037929083e-01,3.273128230954266971e-01,3.334378718924165264e-01,3.185238398995811071e-01,2.804377070766490010e-01,2.274068566678380532e-01,1.725962833138928454e-01,1.254570402796285067e-01,8.910844823304407691e-02,6.268265513507635667e-02,4.399513725312483720e-02,3.091105200283990675e-02,2.175832341260976188e-02,1.533656033517109309e-02,1.081429600843278500e-02,7.622366668978194232e-03,5.371037675379112392e-03,3.791661188916212958e-03,2.697209801712360019e-03,1.955963194942991236e-03,1.474000096744923103e-03,1.183497469834624265e-03,1.034849642836764517e-03,9.913098777147900682e-04,1.025309823127672432e-03,1.115905296957962712e-03,1.246985717770613712e-03,1.406006613751574312e-03,1.583084085919492234e-03,1.770342225938174689e-03,1.961439006702941305e-03,2.151219248294997197e-03,2.335458854781951275e-03,2.510675154683025476e-03,2.673985505835059853e-03,2.823001422035939078e-03,2.955749057333507436e-03,3.070609420428594468e-03,3.166273507759722987e-03,3.241708858376338587e-03,3.296134997858548438e-03,3.329005957692566641e-03,3.339998605784150112e-03,3.329005957692179364e-03,3.296134997858245295e-03,3.241708858376237540e-03,3.166273507759386017e-03,3.070609420429066313e-03,2.955749057333019111e-03,2.823001422035787723e-03,2.673985505835110160e-03,2.510675154683008562e-03,2.335458854782119544e-03,2.151219248294862323e-03,1.961439006702806430e-03,1.770342225938865326e-03,1.583084085919020823e-03,1.406006613751725884e-03,1.246985717770344180e-03,1.115905296958097370e-03,1.025309823127672432e-03,9.913098777147395443e-04,1.034849642836663470e-03,1.183497469834253685e-03,1.474000096745125199e-03,1.955963194942806054e-03,2.697209801712376932e-03,3.791661188916364746e-03,5.371037675378725548e-03,7.622366668978110098e-03,1.081429600843285266e-02,1.533656033517166555e-02,2.175832341260913738e-02,3.091105200284062493e-02,4.399513725312429596e-02,6.268265513507551012e-02,8.910844823304431284e-02,1.254570402796277850e-01,1.725962833138923735e-01,2.274068566678397185e-01,2.804377070766465585e-01,3.185238398995795528e-01,3.334378718924164153e-01,3.273128230954263640e-01,3.085709371037922422e-01,2.852609161717954978e-01,2.623010209664410342e-01,2.418896410645459405e-01,2.246542110783583124e-01,2.105002301023795319e-01,1.990693730958650043e-01,1.899490605159646350e-01,1.827554322450439528e-01,1.771589247313171134e-01,1.728862154359785408e-01,1.697137290644002428e-01,1.674591090332652188e-01,1.659731208656706203e-01,1.651327682172150091e-01,1.648357191061437244e-01,1.649958766121512876e-01,1.655395812363944508e-01,1.664110607363534500e-01,1.675453676542429382e-01,1.688976305320009919e-01
1.718908349128423496e-01,1.702707324115282084e-01,1.688037350914984025e-01,1.675292247945491808e-01,1.664891834305644580e-01,1.657296307019411052e-01,1.653047368501111281e-01,1.652767764984806598e-01,1.657182795978263679e-01,1.667147007486409205e-01,1.683678343084501761e-01,1.708001711251948551e-01,1.741603852175933331e-01,1.786300624237405488e-01,1.844315214916533996e-01,1.918358778831016631e-01,2.011688043162853934e-01,2.128075531683829014e-01,2.271542771944661532e-01,2.445530232054247133e-01,2.650848862017535224e-01,2.881287119862955270e-01,3.115613238969645038e-01,3.306915095663120474e-01,3.378727069370753844e-01,3.249687166338219302e-01,2.894273511716475844e-01,2.383795315250025748e-01,1.842272645417692978e-01,1.365481950403224509e-01,9.902185689507365940e-02,7.125344333743346970e-02,5.130790840320631485e-02,3.713920406671072233e-02,2.708405328094308853e-02,1.992029313511423788e-02,1.478739315649518944e-02,1.108894908258368714e-02,8.412529062696133195e-03,6.471519194905169491e-03,5.065006954465976242e-03,4.050655511832843697e-03,3.326458864260403280e-03,2.818441334983011037e-03,2.472311328237903911e-03,2.247749674214803619e-03,2.114463538821015603e-03,2.049433126504080892e-03,2.034971702615716478e-03,2.057345618012348682e-03,2.105783736147705254e-03,2.171760285078504649e-03,2.248471533771669376e-03,2.330451142773456129e-03,2.413285632085325743e-03,2.493402779666184510e-03,2.567913633061524870e-03,2.634494317533167974e-03,2.691297710196447271e-03,2.736887827057505294e-03,2.770191782275165191e-03,2.790465662929340982e-03,2.797271783709893468e-03,2.790465662929021359e-03,2.770191782275384200e-03,2.736887827057252892e-03,2.691297710196026167e-03,2.634494317533252108e-03,2.567913633061423822e-03,2.493402779666150683e-03,2.413285632085022600e-03,2.330451142773893713e-03,2.248471533771821164e-03,2.171760285078369775e-03,2.105783736147806735e-03,2.057345618012449730e-03,2.034971702615565124e-03,2.049433126504350642e-03,2.114463538820998689e-03,2.247749674214752878e-03,2.472311328237735643e-03,2.818441334982977210e-03,3.326458864260083657e-03,4.050655511833096967e-03,5.065006954465892108e-03,6.471519194904983875e-03,8.412529062696251156e-03,1.108894908258397337e-02,1.478739315649540108e-02,1.992029313511321786e-02,2.708405328094336956e-02,3.713920406671179092e-02,5.130790840320414298e-02,7.125344333743663383e-02,9.902185689507085609e-02,1.365481950403230060e-01,1.842272645417729338e-01,2.383795315250024638e-01,2.894273511716449199e-01,3.249687166338223743e-01,3.378727069370751068e-01,3.306915095663114923e-01,3.115613238969650034e-01,2.881287119862953605e-01,2.650848862017515239e-01,2.445530232054244080e-01,2.271542771944658756e-01,2.128075531683830124e-01,2.011688043162847828e-01,1.918358778831023570e-01,1.844315214916529000e-01,1.786300624237400214e-01,1.741603852175934442e-01,1.708001711251946886e-01,1.683678343084504259e-01,1.667147007486404209e-01,1.657182795978267009e-01,1.652767764984807708e-01,1.653047368501115999e-01,1.657296307019412995e-01,1.664891834305639862e-01,1.675292247945485702e-01,1.688037350914980417e-01,1.702707324115285970e-01,1.718908349128421276e-01
1.752470050714533267e-01,1.734480843131499805e-01,1.717540256375065522e-01,1.701975555461056333e-01,1.688097368532927856e-01,1.676278606159489482e-01,1.666934181443632257e-01,1.660533245202733821e-01,1.657611978218506421e-01,1.658789876755151216e-01,1.664790655817149634e-01,1.676469080187209526e-01,1.694845294953605808e-01,1.721148422286853386e-01,1.756871094362704167e-01,1.803835687471155580e-01,1.864270141216710086e-01,1.940883801219028537e-01,2.036916097593960417e-01,2.156091224467346079e-01,2.302326675390326538e-01,2.478870696210941360e-01,2.686231697525217621e-01,2.917841711513078362e-01,3.152362074118786883e-01,3.343785651021809469e-01,3.418451136090566167e-01,3.298744518000947257e-01,2.959354466128327199e-01,2.465438441665442348e-01,1.933796168862004505e-01,1.458187532049017021e-01,1.077880044018502681e-01,7.922387720453748228e-02,5.842002187829264254e-02,4.344509088143957282e-02,3.267796835977344189e-02,2.490239750679623318e-02,1.924877568092980828e-02,1.510710608032711337e-02,1.205136857867008388e-02,9.783022937546277317e-03,8.091281974461392301e-03,6.825869713542263503e-03,5.878495649417798258e-03,5.170251392466026531e-03,4.642992713118071837e-03,4.253401863123962463e-03,3.968860258775977479e-03,3.764552606127196180e-03,3.621415845425235251e-03,3.524673065634813859e-03,3.462776356011307115e-03,3.426638303416804348e-03,3.409069199820932185e-03,3.404362277579208070e-03,3.407986522641994788e-03,3.416358492658995612e-03,3.426672840128540051e-03,3.436777072200651942e-03,3.445080246913778590e-03,3.450488338706464604e-03,3.452361268106788651e-03,3.450488338706498431e-03,3.445080246913963772e-03,3.436777072200247751e-03,3.426672840128489311e-03,3.416358492659147400e-03,3.407986522642045095e-03,3.404362277579073628e-03,3.409069199821067059e-03,3.426638303416804348e-03,3.462776356010852617e-03,3.524673065635117002e-03,3.621415845425117290e-03,3.764552606127364882e-03,3.968860258775775383e-03,4.253401863124114252e-03,4.642992713118105665e-03,5.170251392466128013e-03,5.878495649417781778e-03,6.825869713542179369e-03,8.091281974461728838e-03,9.783022937546410891e-03,1.205136857866974734e-02,1.510710608032639866e-02,1.924877568093026278e-02,2.490239750679644481e-02,3.267796835977212350e-02,4.344509088143935771e-02,5.842002187829253845e-02,7.922387720453656634e-02,1.077880044018461880e-01,1.458187532049032842e-01,1.933796168862020048e-01,2.465438441665420422e-01,2.959354466128340522e-01,3.298744518000930603e-01,3.418451136090558951e-01,3.343785651021805028e-01,3.152362074118782997e-01,2.917841711513065595e-01,2.686231697525228723e-01,2.478870696210935254e-01,2.302326675390335975e-01,2.156091224467346634e-01,2.036916097593974573e-01,1.940883801219032978e-01,1.864270141216703425e-01,1.803835687471150584e-01,1.756871094362712216e-01,1.721148422286848390e-01,1.694845294953601644e-01,1.676469080187212579e-01,1.664790655817152132e-01,1.658789876755149828e-01,1.657611978218510029e-01,1.660533245202731323e-01,1.666934181443632257e-01,1.676278606159489482e-01,1.688097368532916753e-01,1.701975555461056333e-01,1.717540256375067464e-01,1.734480843131496197e-01,1.752470050714535765e-01
1.788305128183116655e-01,1.769168146812263864e-01,1.750711073040300270e-01,1.733200805092522112e-01,1.716899032276828774e-01,1.702102712894499881e-01,1.689140453020738231e-01,1.678378277059401624e-01,1.670227497960023455e-01,1.665154870860110214e-01,1.663695613206256640e-01,1.666470086782863569e-01,1.674205162114827949e-01,1.687761536280883712e-01,1.708168519996846602e-01,1.736667950750922507e-01,1.774768683128661040e-01,1.824311995552605481e-01,1.887544986683991621e-01,1.967190893873136393e-01,2.066486444591181804e-01,2.189114855329155063e-01,2.338875635253878649e-01,2.518759704290339796e-01,2.728798538895704784e-01,2.961686245726070088e-01,3.195273352139209044e-01,3.383449089805062870e-01,3.454581007078427191e-01,3.335582099308525006e-01,3.004545884638248343e-01,2.524061236477998516e-01,2.004345924181583916e-01,1.534925002631584712e-01,1.155077111394069295e-01,8.661757183058169107e-02,6.531215122271383233e-02,4.978750362598709928e-02,3.848883769771199032e-02,3.022803187154004048e-02,2.414338363706052329e-02,1.962332399250120082e-02,1.623648578520445543e-02,1.367798301421454046e-02,1.173092467612945472e-02,1.023965221651224056e-02,9.091335145586196612e-03,8.203332845154762826e-03,7.514483074234645094e-03,6.979057198971818504e-03,6.562531700223456395e-03,6.238604238439754944e-03,5.987069230857153951e-03,5.792292292045191950e-03,5.642105875939319032e-03,5.527004082547565429e-03,5.439552138153494129e-03,5.373951616819898185e-03,5.325720041694774302e-03,5.291455721569193749e-03,5.268667289831495924e-03,5.255653591933710268e-03,5.251424111726635952e-03,5.255653591933659961e-03,5.268667289831630365e-03,5.291455721569109615e-03,5.325720041694723995e-03,5.373951616819880837e-03,5.439552138153628570e-03,5.527004082547834311e-03,5.642105875939386686e-03,5.792292292045158990e-03,5.987069230856935376e-03,6.238604238439754944e-03,6.562531700223338434e-03,6.979057198971987640e-03,7.514483074234038808e-03,8.203332845154492209e-03,9.091335145585877422e-03,1.023965221651173402e-02,1.173092467612989361e-02,1.367798301421444852e-02,1.623648578520433747e-02,1.962332399250141940e-02,2.414338363706034635e-02,3.022803187154025906e-02,3.848883769771160174e-02,4.978750362598690499e-02,6.531215122271474827e-02,8.661757183058368947e-02,1.155077111394096773e-01,1.534925002631641611e-01,2.004345924181635263e-01,2.524061236478006287e-01,3.004545884638232800e-01,3.335582099308541659e-01,3.454581007078425525e-01,3.383449089805077303e-01,3.195273352139215706e-01,2.961686245726061206e-01,2.728798538895704784e-01,2.518759704290332579e-01,2.338875635253884755e-01,2.189114855329160891e-01,2.066486444591191518e-01,1.967190893873135837e-01,1.887544986683985793e-01,1.824311995552610199e-01,1.774768683128660485e-01,1.736667950750930001e-01,1.708168519996847157e-01,1.687761536280885100e-01,1.674205162114826007e-01,1.666470086782863846e-01,1.663695613206261081e-01,1.665154870860114378e-01,1.670227497960021512e-01,1.678378277059398016e-01,1.689140453020742949e-01,1.702102712894499881e-01,1.716899032276827386e-01,1.733200805092520447e-01,1.750711073040298049e-01,1.769168146812267195e-01,1.788305128183117765e-01
1.825647208763523932e-01,1.805822623872334887e-01,1.786387238926664400e-01,1.767582671260291005e-01,1.749618300479687250e-01,1.732738454874618028e-01,1.717210650521187876e-01,1.703328985138759799e-01,1.691419116123003552e-01,1.681844735847410621e-01,1.675015858133033775e-01,1.671399391977798354e-01,1.671532631701705129e-01,1.676040471564355372e-01,1.685657364122606361e-01,1.701255273916122135e-01,1.723879087494842310e-01,1.754791010807932594e-01,1.795525139418438221e-01,1.847952003781040686e-01,1.914349108843026448e-01,1.997464384188126219e-01,2.100538920055815828e-01,2.227211036763693808e-01,2.381132458050312373e-01,2.564952601655166586e-01,2.778038547994530205e-01,3.011988165827012010e-01,3.243266618213049846e-01,3.424979810161703497e-01,3.487222564924928880e-01,3.362320853586661107e-01,3.034084128465443508e-01,2.564848414754850592e-01,2.058632933377912144e-01,1.599234804558639367e-01,1.224185763721204884e-01,9.358428163091969676e-02,7.207557437702936942e-02,5.622103410840578047e-02,4.454888869032106596e-02,3.591603197724424490e-02,2.948220886362601378e-02,2.464419995209177899e-02,2.097226549470862858e-02,1.815999117127147303e-02,1.598769267037741804e-02,1.429660853408470586e-02,1.297094902513935485e-02,1.192544968964075365e-02,1.109672008071009228e-02,1.043719654011116514e-02,9.910884461573636964e-03,9.490336594978511162e-03,9.154491364736148246e-03,8.887114782124422296e-03,8.675670123036634609e-03,8.510494055457968471e-03,8.384195027890169877e-03,8.291215255625594693e-03,8.227515410625826225e-03,8.190353699987627800e-03,8.178140140920395554e-03,8.190353699987612188e-03,8.227515410625826225e-03,8.291215255625730002e-03,8.384195027890084875e-03,8.510494055458254700e-03,8.675670123036802878e-03,8.887114782124371989e-03,9.154491364736401515e-03,9.490336594978325546e-03,9.910884461573619617e-03,1.043719654011094657e-02,1.109672008071007493e-02,1.192544968964078834e-02,1.297094902513937914e-02,1.429660853408459484e-02,1.598769267037711619e-02,1.815999117127207671e-02,2.097226549470858348e-02,2.464419995209242778e-02,2.948220886362562521e-02,3.591603197724425184e-02,4.454888869032107290e-02,5.622103410840276899e-02,7.207557437703059067e-02,9.358428163091878083e-02,1.224185763721234999e-01,1.599234804558591350e-01,2.058632933377963214e-01,2.564848414754743455e-01,3.034084128465469044e-01,3.362320853586695524e-01,3.487222564924924439e-01,3.424979810161720151e-01,3.243266618213023200e-01,3.011988165827004238e-01,2.778038547994517438e-01,2.564952601655171027e-01,2.381132458050321810e-01,2.227211036763694363e-01,2.100538920055824710e-01,1.997464384188129827e-01,1.914349108843035885e-01,1.847952003781034025e-01,1.795525139418438776e-01,1.754791010807932872e-01,1.723879087494842310e-01,1.701255273916116861e-01,1.685657364122602198e-01,1.676040471564358703e-01,1.671532631701705685e-01,1.671399391977797244e-01,1.675015858133038216e-01,1.681844735847412842e-01,1.691419116123003830e-01,1.703328985138757301e-01,1.717210650521187876e-01,1.732738454874616918e-01,1.749618300479688360e-01,1.767582671260293226e-01,1.786387238926669119e-01,1.805822623872337662e-01,1.825647208763529483e-01
1.863901333323008669e-01,1.843701674434853055e-01,1.823711817774797128e-01,1.804089036523504053e-01,1.785020136210820618e-01,1.766710646689181041e-01,1.749383378087245311e-01,1.733280544441569149e-01,1.718666988353285408e-01,1.705834399641315557e-01,1.695106702680581612e-01,1.686846900607222310e-01,1.681465763500167576e-01,1.679432862138088567e-01,1.681290589909736066e-01,1.687671987768376292e-01,1.699323388251304523e-01,1.717133105673517013e-01,1.742167564362618881e-01,1.775716235872021875e-01,1.819346230056904934e-01,1.874965650112741522e-01,1.944890366118784963e-01,2.031898502189104783e-01,2.139234138631515014e-01,2.270473681644016029e-01,2.429072037228287850e-01,2.617228117134452470e-01,2.833435262424328638e-01,3.067848414017005920e-01,3.295090102002033450e-01,3.467123730166051798e-01,3.515951218843775816e-01,3.380375689427326247e-01,3.051523311771779379e-01,2.592627431427781959e-01,2.101470804354516053e-01,1.655114524782909102e-01,1.288209867388938612e-01,1.003400400441845780e-01,7.886453967607036375e-02,6.285759902794073317e-02,5.094187056167213956e-02,4.203164406570297079e-02,3.531846135245483853e-02,3.021525552285310792e-02,2.629952375536900172e-02,2.326727118890456122e-02,2.089878021895373583e-02,1.903412216002239518e-02,1.755592106405583566e-02,1.637728251158770618e-02,1.543333024784850245e-02,1.467524596272363861e-02,1.406604619259478432e-02,1.357757009658179179e-02,1.318831735167241490e-02,1.288188845725875796e-02,1.264585682519651401e-02,1.247095480497576597e-02,1.235049224215633949e-02,1.227995170560395970e-02,1.225672281778066031e-02,1.227995170560402735e-02,1.235049224215650776e-02,1.247095480497619445e-02,1.264585682519659034e-02,1.288188845725891062e-02,1.318831735167258316e-02,1.357757009658204332e-02,1.406604619259502892e-02,1.467524596272356228e-02,1.543333024784846082e-02,1.637728251158785189e-02,1.755592106405604730e-02,1.903412216002198232e-02,2.089878021895405502e-02,2.326727118890568879e-02,2.629952375536889070e-02,3.021525552285389202e-02,3.531846135245380464e-02,4.203164406570425449e-02,5.094187056167077260e-02,6.285759902793865150e-02,7.886453967606806004e-02,1.003400400441860074e-01,1.288209867388935836e-01,1.655114524782863861e-01,2.101470804354484412e-01,2.592627431427743101e-01,3.051523311771777158e-01,3.380375689427312369e-01,3.515951218843767490e-01,3.467123730166057904e-01,3.295090102002050658e-01,3.067848414017017578e-01,2.833435262424340850e-01,2.617228117134455245e-01,2.429072037228285352e-01,2.270473681644022135e-01,2.139234138631521120e-01,2.031898502189093958e-01,1.944890366118790237e-01,1.874965650112747628e-01,1.819346230056914926e-01,1.775716235872025206e-01,1.742167564362613608e-01,1.717133105673521454e-01,1.699323388251306466e-01,1.687671987768376569e-01,1.681290589909736066e-01,1.679432862138084404e-01,1.681465763500164246e-01,1.686846900607224531e-01,1.695106702680581334e-01,1.705834399641316945e-01,1.718666988353288738e-01,1.733280544441564430e-01,1.749383378087240870e-01,1.766710646689177711e-01,1.785020136210820618e-01,1.804089036523498224e-01,1.823711817774793797e-01,1.843701674434850835e-01,1.863901333323010612e-01
1.902665239014243170e-01,1.882350419142542752e-01,1.862093524216796581e-01,1.842003528466718831e-01,1.822242753658324665e-01,1.802987206296574330e-01,1.784426032469780266e-01,1.766762896392853610e-01,1.750218115538990094e-01,1.735031464620244990e-01,1.721465748716431710e-01,1.709811323720878129e-01,1.700391805992865213e-01,1.693571284711602731e-01,1.689763438902758541e-01,1.689443072445692418e-01,1.693160718988799274e-01,1.701561135792618029e-01,1.715406693958107243e-01,1.735606855317512465e-01,1.763255031904926440e-01,1.799673983979200032e-01,1.846470152626901451e-01,1.905595136731216277e-01,1.979407212963722740e-01,2.070713858343099234e-01,2.182750656267034572e-01,2.318999451264925349e-01,2.482646662450521680e-01,2.675303384847239063e-01,2.894357394954225060e-01,3.128194488950336583e-01,3.349279987242321788e-01,3.508427767577930179e-01,3.540197919033098994e-01,3.391042273785311867e-01,3.060289612423424677e-01,2.612176242140759053e-01,2.137829927226565230e-01,1.706949654250853321e-01,1.350705952112782604e-01,1.071645332308142212e-01,8.589965220039402771e-02,6.987513470661382842e-02,5.781594135788547389e-02,4.870261254244691307e-02,4.176612118281816666e-02,3.644145917070235746e-02,3.231770284761525946e-02,2.909639936696933188e-02,2.656003479773433318e-02,2.454913365965426253e-02,2.294593895868252825e-02,2.166286260403831737e-02,2.063431639764004219e-02,1.981091799209414722e-02,1.915536417310262363e-02,1.863947984501553370e-02,1.824210300012812230e-02,1.794757145292050909e-02,1.774465030705538876e-02,1.762579029522067658e-02,1.758664356619424676e-02,1.762579029522039903e-02,1.774465030705519447e-02,1.794757145292058542e-02,1.824210300012798699e-02,1.863947984501534982e-02,1.915536417310259934e-02,1.981091799209417151e-02,2.063431639764011158e-02,2.166286260403821329e-02,2.294593895868266356e-02,2.454913365965380803e-02,2.656003479773456910e-02,2.909639936696861717e-02,3.231770284761470435e-02,3.644145917070420321e-02,4.176612118281618213e-02,4.870261254244654531e-02,5.781594135788452327e-02,6.987513470661387005e-02,8.589965220039443017e-02,1.071645332308171772e-01,1.350705952112810360e-01,1.706949654250868587e-01,2.137829927226561622e-01,2.612176242140786808e-01,3.060289612423419126e-01,3.391042273785331296e-01,3.540197919033100105e-01,3.508427767577926848e-01,3.349279987242316237e-01,3.128194488950313823e-01,2.894357394954212848e-01,2.675303384847228516e-01,2.482646662450505026e-01,2.318999451264907863e-01,2.182750656267027911e-01,2.070713858343078140e-01,1.979407212963724405e-01,1.905595136731210726e-01,1.846470152626897288e-01,1.799673983979191705e-01,1.763255031904924219e-01,1.735606855317510244e-01,1.715406693958101692e-01,1.701561135792612200e-01,1.693160718988802604e-01,1.689443072445684924e-01,1.689763438902760206e-01,1.693571284711608005e-01,1.700391805992862160e-01,1.709811323720877574e-01,1.721465748716430877e-01,1.735031464620246378e-01,1.750218115538987596e-01,1.766762896392856386e-01,1.784426032469783596e-01,1.802987206296572109e-01,1.822242753658326053e-01,1.842003528466722995e-01,1.862093524216796581e-01,1.882350419142538867e-01,1.902665239014240950e-01
1.941638112609489486e-01,1.921444150615536084e-01,1.901136359339199722e-01,1.880837716529341341e-01,1.860690796641060463e-01,1.840848587380256030e-01,1.821474253709245428e-01,1.802742062068746487e-01,1.784838825582062694e-01,1.767965804228410487e-01,1.752341119446788331e-01,1.738202796202352463e-01,1.725812587123308761e-01,1.715460778306308331e-01,1.707472231302812615e-01,1.702213985203543389e-01,1.700104830855724558e-01,1.701627379991635935e-01,1.707343287925578990e-01,1.717912447693684952e-01,1.734117143478975664e-01,1.756892294621944239e-01,1.787362947451703044e-01,1.826889875569475963e-01,1.877123087406407931e-01,1.940060281594368219e-01,2.018100916600579497e-01,2.114072706568099480e-01,2.231178516235172715e-01,2.372754197361024164e-01,2.541620702696633094e-01,2.738636687913360568e-01,2.959842208524635643e-01,3.191583875180263319e-01,3.404063579781285154e-01,3.547350057562732029e-01,3.559632916178377959e-01,3.396095426301703468e-01,3.064324972236422417e-01,2.628757690840638483e-01,2.173218054049672054e-01,1.759784155318703802e-01,1.416003825863474119e-01,1.144220549397322456e-01,9.348945318368277746e-02,7.754035818283787351e-02,6.540772334504189878e-02,5.614454950160184532e-02,4.902668114551893969e-02,4.351547773136462544e-02,3.921484985540358431e-02,3.583431028099720583e-02,3.316037381639017761e-02,3.103544309159246561e-02,2.934256170852830511e-02,2.799450862226833189e-02,2.692602149929494704e-02,2.608825242116177834e-02,2.544481535389492635e-02,2.496897614951097341e-02,2.464167387258920164e-02,2.445016069650727056e-02,2.438711829455929292e-02,2.445016069650727750e-02,2.464167387258923286e-02,2.496897614951098382e-02,2.544481535389486043e-02,2.608825242116180262e-02,2.692602149929491581e-02,2.799450862226838393e-02,2.934256170852817674e-02,3.103544309159205969e-02,3.316037381638972659e-02,3.583431028099728910e-02,3.921484985540380636e-02,4.351547773136508340e-02,4.902668114551867601e-02,5.614454950160188695e-02,6.540772334504260654e-02,7.754035818283765147e-02,9.348945318368505342e-02,1.144220549397312464e-01,1.416003825863439980e-01,1.759784155318718790e-01,2.173218054049686765e-01,2.628757690840639594e-01,3.064324972236444067e-01,3.396095426301662390e-01,3.559632916178376849e-01,3.547350057562738690e-01,3.404063579781274052e-01,3.191583875180259433e-01,2.959842208524633977e-01,2.738636687913326151e-01,2.541620702696634204e-01,2.372754197361024442e-01,2.231178516235174658e-01,2.114072706568103366e-01,2.018100916600576444e-01,1.940060281594366276e-01,1.877123087406397939e-01,1.826889875569471244e-01,1.787362947451708317e-01,1.756892294621946182e-01,1.734117143478977607e-01,1.717912447693691336e-01,1.707343287925578157e-01,1.701627379991637601e-01,1.700104830855721227e-01,1.702213985203537283e-01,1.707472231302812893e-01,1.715460778306314160e-01,1.725812587123304043e-01,1.738202796202350242e-01,1.752341119446785278e-01,1.767965804228411320e-01,1.784838825582062138e-01,1.802742062068744822e-01,1.821474253709247926e-01,1.840848587380254087e-01,1.860690796641062406e-01,1.880837716529344950e-01,1.901136359339196946e-01,1.921444150615534419e-01,1.941638112609489486e-01
1.980521390641350465e-01,1.960548191220605752e-01,1.940344659552578066e-01,1.920025650539212703e-01,1.899717786792821106e-01,1.879555791445042534e-01,1.859682393180125681e-01,1.840248969672231838e-01,1.821416550663861877e-01,1.803357132433535681e-01,1.786255340260667068e-01,1.770310512749609100e-01,1.755739309505096046e-01,1.742778972343228816e-01,1.731691404548545143e-01,1.722768275794498150e-01,1.716337415235396069e-01,1.712770825155765786e-01,1.712494735721745986e-01,1.716002230529135586e-01,1.723869103223928945e-01,1.736773751864921500e-01,1.755522060176919474e-01,1.781078302830553517e-01,1.814603029630621200e-01,1.857498380365940061e-01,1.911459832370482059e-01,1.978529907975199453e-01,2.061141701203469401e-01,2.162123982622954632e-01,2.284607189664535631e-01,2.431707303959993738e-01,2.605753977852569570e-01,2.806661533640343875e-01,3.028881170952351654e-01,3.256539266113567810e-01,3.457725898278378729e-01,3.582588960839693248e-01,3.574312187224975013e-01,3.397604441737330228e-01,3.067560622952664739e-01,2.647389907674525533e-01,2.212919617654445781e-01,1.818651248826395062e-01,1.488685488720186134e-01,1.225249947717530624e-01,1.020078377708538570e-01,8.619777027074573827e-02,7.404076299349918178e-02,6.466724589538541679e-02,5.740225605085772648e-02,5.173701907146625173e-02,4.729303967605552605e-02,4.379000041048705660e-02,4.102028970818659415e-02,3.882985142656327632e-02,3.710416493262354981e-02,3.575812018067287684e-02,3.472876359830838477e-02,3.397013883314518867e-02,3.344966137702706788e-02,3.314563430410396444e-02,3.304563941696973817e-02,3.314563430410420730e-02,3.344966137702714420e-02,3.397013883314486254e-02,3.472876359830830151e-02,3.575812018067293235e-02,3.710416493262348042e-02,3.882985142656256855e-02,4.102028970818566433e-02,4.379000041048596720e-02,4.729303967605568565e-02,5.173701907146659174e-02,5.740225605085970406e-02,6.466724589538511148e-02,7.404076299350027812e-02,8.619777027074515541e-02,1.020078377708541484e-01,1.225249947717516746e-01,1.488685488720200012e-01,1.818651248826374245e-01,2.212919617654381665e-01,2.647389907674536635e-01,3.067560622952698601e-01,3.397604441737331893e-01,3.574312187224967241e-01,3.582588960839702685e-01,3.457725898278359855e-01,3.256539266113555597e-01,3.028881170952353319e-01,2.806661533640338324e-01,2.605753977852570125e-01,2.431707303959992350e-01,2.284607189664535354e-01,2.162123982622945750e-01,2.061141701203460797e-01,1.978529907975201396e-01,1.911459832370480116e-01,1.857498380365936175e-01,1.814603029630623698e-01,1.781078302830550186e-01,1.755522060176924193e-01,1.736773751864919002e-01,1.723869103223920896e-01,1.716002230529133643e-01,1.712494735721748207e-01,1.712770825155761623e-01,1.716337415235394126e-01,1.722768275794503701e-01,1.731691404548547641e-01,1.742778972343227428e-01,1.755739309505092716e-01,1.770310512749614373e-01,1.786255340260669289e-01,1.803357132433530963e-01,1.821416550663863265e-01,1.840248969672226287e-01,1.859682393180127347e-01,1.879555791445043367e-01,1.899717786792820273e-01,1.920025650539212980e-01,1.940344659552574735e-01,1.960548191220606584e-01,1.980521390641355461e-01
2.019418043494702608e-01,1.999748903349601037e-01,1.979760230202582405e-01,1.959557364394774737e-01,1.939253890982573225e-01,1.918969778850971308e-01,1.898831367160049299e-01,1.878971835806855228e-01,1.859531923347380877e-01,1.840660857656370164e-01,1.822517522971274506e-01,1.805271913206368539e-01,1.789106940130814338e-01,1.774220683627064921e-01,1.760829192991062719e-01,1.749169975225319251e-01,1.739506340491175918e-01,1.732132818501596061e-01,1.727381915115845934e-01,1.725632548398890742e-01,1.727320590373769005e-01,1.732952045822326870e-01,1.743119520442864279e-01,1.758522756741965065e-01,1.779994118175970697e-01,1.808529912699816944e-01,1.845328219504766276e-01,1.891833111540617007e-01,1.949783228828326775e-01,2.021258311228749383e-01,2.108708120907668848e-01,2.214929605665029999e-01,2.342922073988086551e-01,2.495483939193796352e-01,2.674304521111971478e-01,2.878157394889256371e-01,3.099720553995949923e-01,3.320908581521759828e-01,3.508224825229033228e-01,3.613151386047635527e-01,3.585294150766471510e-01,3.399052781885008034e-01,3.075399277533180098e-01,2.674498988709100855e-01,2.263642601710079971e-01,1.890122731074440898e-01,1.575027664122524151e-01,1.320704537108483290e-01,1.120267801417584169e-01,9.640167922256068223e-02,8.425932336964556124e-02,7.481218565291766764e-02,6.743850159216888129e-02,6.166277558594356056e-02,5.712706318817399598e-02,5.356391844156848520e-02,5.077426768584498984e-02,4.861043954000884154e-02,4.696359001619353907e-02,4.575459067324189749e-02,4.492756260266169560e-02,4.444542492243256510e-02,4.428700663138981225e-02,4.444542492243325205e-02,4.492756260266093232e-02,4.575459067324157136e-02,4.696359001619367785e-02,4.861043954000832112e-02,5.077426768584537842e-02,5.356391844156949827e-02,5.712706318817446782e-02,6.166277558594363689e-02,6.743850159216956131e-02,7.481218565291929135e-02,8.425932336964508940e-02,9.640167922256032140e-02,1.120267801417591108e-01,1.320704537108473298e-01,1.575027664122470583e-01,1.890122731074373452e-01,2.263642601710064428e-01,2.674498988709116953e-01,3.075399277533176212e-01,3.399052781885026908e-01,3.585294150766461518e-01,3.613151386047639413e-01,3.508224825229033228e-01,3.320908581521781477e-01,3.099720553995928274e-01,2.878157394889254150e-01,2.674304521111962041e-01,2.495483939193816336e-01,2.342922073988086551e-01,2.214929605665036383e-01,2.108708120907678563e-01,2.021258311228753546e-01,1.949783228828316228e-01,1.891833111540612289e-01,1.845328219504767109e-01,1.808529912699817221e-01,1.779994118175965145e-01,1.758522756741967008e-01,1.743119520442865944e-01,1.732952045822327147e-01,1.727320590373766229e-01,1.725632548398895461e-01,1.727381915115847044e-01,1.732132818501592453e-01,1.739506340491177028e-01,1.749169975225320639e-01,1.760829192991061887e-01,1.774220683627061590e-01,1.789106940130811008e-01,1.805271913206368262e-01,1.822517522971272286e-01,1.840660857656364613e-01,1.859531923347385318e-01,1.878971835806859669e-01,1.898831367160046524e-01,1.918969778850966590e-01,1.939253890982574613e-01,1.959557364394775569e-01,1.979760230202586291e-01,1.999748903349605755e-01,2.019418043494707327e-01
2.057842272964463814e-01,2.038529727423852300e-01,2.018828165969816790e-01,1.998834355149538000e-01,1.978651142382588657e-01,1.958386435312912954e-01,1.938153247462350570e-01,1.918070064983070366e-01,1.898261381301780404e-01,1.878858375162030803e-01,1.859999748371726214e-01,1.841832758261643110e-01,1.824514492736160343e-01,1.808213448090287834e-01,1.793111483747897028e-01,1.779406245184120827e-01,1.767314167812880643e-01,1.757074201946558778e-01,1.748952433690828812e-01,1.743247820707835294e-01,1.740299317237656296e-01,1.740494731611119394e-01,1.744281742985603068e-01,1.752181601280916046e-01,1.764806139167715560e-01,1.782878819998961750e-01,1.807260589688474695e-01,1.838981204849199358e-01,1.879276290083325696e-01,1.929629263909814485e-01,1.991814735280151849e-01,2.067934600486315277e-01,2.160427212841747324e-01,2.272008895032489872e-01,2.405467879108835194e-01,2.563162922294305868e-01,2.745976039751117925e-01,2.951357800867269732e-01,3.170125624269073961e-01,3.382234297394267064e-01,3.553510015519024123e-01,3.638320571495380906e-01,3.593922745711862765e-01,3.403856770794373987e-01,3.092764798463228382e-01,2.715928527567610939e-01,2.331787930108433771e-01,1.980961205016134596e-01,1.682046858605912854e-01,1.437801302275244775e-01,1.242865944511314796e-01,1.089125169749943500e-01,9.684776885823064008e-02,8.739345784753535518e-02,7.998688415868697443e-02,7.419116055820504374e-02,6.967398040525896175e-02,6.618597410758930710e-02,6.354232467442647025e-02,6.160840843627143210e-02,6.028915158870382790e-02,5.952151185370802011e-02,5.926952701784853755e-02,5.952151185370743031e-02,6.028915158870593038e-02,6.160840843627231334e-02,6.354232467442860743e-02,6.618597410759109734e-02,6.967398040525808744e-02,7.419116055820766664e-02,7.998688415868734913e-02,8.739345784753356494e-02,9.684776885823044579e-02,1.089125169749943917e-01,1.242865944511291204e-01,1.437801302275295290e-01,1.682046858605938944e-01,1.980961205016127658e-01,2.331787930108435714e-01,2.715928527567572637e-01,3.092764798463207288e-01,3.403856770794363995e-01,3.593922745711871647e-01,3.638320571495392564e-01,3.553510015519010246e-01,3.382234297394280387e-01,3.170125624269073961e-01,2.951357800867258074e-01,2.745976039751122921e-01,2.563162922294310864e-01,2.405467879108845186e-01,2.272008895032481268e-01,2.160427212841740385e-01,2.067934600486316665e-01,1.991814735280153237e-01,1.929629263909803105e-01,1.879276290083320977e-01,1.838981204849197970e-01,1.807260589688469976e-01,1.782878819998954534e-01,1.764806139167714172e-01,1.752181601280919376e-01,1.744281742985609729e-01,1.740494731611116064e-01,1.740299317237657684e-01,1.743247820707840290e-01,1.748952433690828812e-01,1.757074201946558778e-01,1.767314167812875925e-01,1.779406245184119439e-01,1.793111483747900359e-01,1.808213448090286168e-01,1.824514492736157567e-01,1.841832758261635894e-01,1.859999748371727879e-01,1.878858375162026362e-01,1.898261381301780404e-01,1.918070064983075085e-01,1.938153247462346684e-01,1.958386435312914897e-01,1.978651142382594486e-01,1.998834355149536890e-01,2.018828165969815125e-01,2.038529727423850357e-01,2.057842272964467700e-01
2.096098844415172358e-01,2.077175479307879769e-01,2.057809185063676771e-01,2.038089340852108078e-01,2.018109884841213231e-01,1.997968758942353096e-01,1.977768005675634988e-01,1.957614076809823522e-01,1.937618252160036580e-01,1.917897151854373317e-01,1.898573354297403148e-01,1.879776145499139628e-01,1.861642434402309421e-01,1.844317877060714372e-01,1.827958261624958169e-01,1.812731217065343958e-01,1.798818322242825285e-01,1.786417709209787708e-01,1.775747276508382044e-01,1.767048655950433089e-01,1.760592111326272913e-01,1.756682591263838966e-01,1.755667212569004543e-01,1.757944515866981250e-01,1.763975911828227494e-01,1.774299819871362760e-01,1.789549080795653224e-01,1.810472274036664664e-01,1.837959532908183258e-01,1.873073212517182839e-01,1.917083097629031507e-01,1.971504300626882034e-01,2.038132754250351064e-01,2.119066693242931398e-01,2.216689957688993129e-01,2.333569668151597998e-01,2.472179969786705567e-01,2.634298223498981462e-01,2.819834118638525067e-01,3.024794451055430877e-01,3.238227366310765798e-01,3.438712641437561279e-01,3.592695382456649322e-01,3.659080651319033262e-01,3.603501987085445113e-01,3.417304044392353579e-01,3.126276372047898100e-01,2.779219009202521518e-01,2.425693317172661900e-01,2.100277884107729365e-01,1.819609226791156220e-01,1.587142911223646813e-01,1.399210278129795204e-01,1.249402720269087441e-01,1.130987100914367660e-01,1.037966997777162448e-01,9.654086838440507912e-02,9.094317366848247985e-02,8.670770896433413477e-02,8.361518535985233702e-02,8.150914547874996141e-02,8.028523556276039030e-02,7.988374183566990250e-02,8.028523556275805884e-02,8.150914547874450744e-02,8.361518535985518197e-02,8.670770896433439845e-02,9.094317366848315987e-02,9.654086838440092966e-02,1.037966997777155370e-01,1.130987100914370019e-01,1.249402720269089523e-01,1.399210278129723317e-01,1.587142911223670405e-01,1.819609226791218115e-01,2.100277884107664417e-01,2.425693317172543106e-01,2.779219009202538171e-01,3.126276372047864793e-01,3.417304044392366347e-01,3.603501987085434011e-01,3.659080651319045474e-01,3.592695382456638220e-01,3.438712641437559059e-01,3.238227366310771349e-01,3.024794451055421440e-01,2.819834118638516740e-01,2.634298223498976466e-01,2.472179969786720000e-01,2.333569668151602161e-01,2.216689957688991741e-01,2.119066693242925292e-01,2.038132754250361056e-01,1.971504300626878425e-01,1.917083097629022348e-01,1.873073212517179231e-01,1.837959532908182703e-01,1.810472274036659945e-01,1.789549080795647673e-01,1.774299819871365258e-01,1.763975911828224996e-01,1.757944515866978752e-01,1.755667212569010649e-01,1.756682591263846460e-01,1.760592111326268194e-01,1.767048655950430036e-01,1.775747276508390649e-01,1.786417709209786042e-01,1.798818322242822509e-01,1.812731217065341183e-01,1.827958261624962888e-01,1.844317877060718536e-01,1.861642434402306645e-01,1.879776145499140461e-01,1.898573354297400095e-01,1.917897151854373039e-01,1.937618252160039356e-01,1.957614076809827686e-01,1.977768005675633045e-01,1.997968758942350598e-01,2.018109884841209900e-01,2.038089340852110298e-01,2.057809185063678992e-01,2.077175479307880879e-01,2.096098844415172358e-01
2.134127020150868581e-01,2.115606693387979687e-01,2.096602023132784487e-01,2.077196121801921092e-01,2.057475498496307564e-01,2.037529795592503412e-01,2.017451934638046784e-01,1.997338397572845647e-01,1.977289575137735900e-01,1.957410171871068749e-01,1.937809677791289820e-01,1.918602926558310717e-01,1.899910766174786048e-01,1.881860873818449187e-01,1.864588752368381008e-01,1.848238953289507436e-01,1.832966579321860245e-01,1.818939131442807167e-01,1.806338778469948614e-01,1.795365145207318269e-01,1.786238737108626629e-01,1.779205147078210536e-01,1.774540224386329801e-01,1.772556427821330993e-01,1.773610635848734129e-01,1.778113745351020680e-01,1.786542454735639551e-01,1.799453689032098347e-01,1.817502166205298697e-01,1.841461587896279228e-01,1.872249789512472617e-01,1.910957759353995589e-01,1.958881459858894669e-01,2.017553345459783820e-01,2.088766441829860987e-01,2.174576193242849509e-01,2.277251264449951518e-01,2.399119981122125045e-01,2.542219250165658195e-01,2.707596186377278502e-01,2.894055297525351955e-01,3.096154109615177896e-01,3.301506001602180218e-01,3.488249233517004555e-01,3.624998136380495617e-01,3.676663547860692383e-01,3.617314646520625177e-01,3.444225033754000354e-01,3.181942481860705607e-01,2.871647655222046014e-01,2.554213599001814994e-01,2.258748071707832594e-01,2.000318691511253633e-01,1.783289627587988646e-01,1.605834329002600869e-01,1.463412233388425021e-01,1.350839080514559254e-01,1.263305924566736904e-01,1.196779206104360421e-01,1.148090502767708659e-01,1.114895569706548101e-01,1.095595419754824967e-01,1.089263159398529135e-01,1.095595419754802902e-01,1.114895569706523537e-01,1.148090502767643850e-01,1.196779206104374854e-01,1.263305924566711647e-01,1.350839080514529833e-01,1.463412233388480255e-01,1.605834329002618632e-01,1.783289627587953674e-01,2.000318691511139557e-01,2.258748071707796790e-01,2.554213599001847190e-01,2.871647655222065998e-01,3.181942481860690619e-01,3.444225033753961496e-01,3.617314646520629617e-01,3.676663547860700709e-01,3.624998136380507274e-01,3.488249233517001224e-01,3.301506001602204643e-01,3.096154109615174566e-01,2.894055297525351955e-01,2.707596186377266290e-01,2.542219250165637656e-01,2.399119981122121714e-01,2.277251264449940416e-01,2.174576193242852562e-01,2.088766441829859877e-01,2.017553345459776604e-01,1.958881459858884122e-01,1.910957759353996144e-01,1.872249789512467899e-01,1.841461587896276730e-01,1.817502166205293701e-01,1.799453689032095571e-01,1.786542454735644270e-01,1.778113745351020403e-01,1.773610635848733574e-01,1.772556427821340708e-01,1.774540224386330356e-01,1.779205147078215254e-01,1.786238737108621633e-01,1.795365145207326318e-01,1.806338778469949724e-01,1.818939131442805501e-01,1.832966579321854694e-01,1.848238953289505770e-01,1.864588752368386282e-01,1.881860873818452518e-01,1.899910766174787158e-01,1.918602926558309607e-01,1.937809677791292595e-01,1.957410171871065974e-01,1.977289575137737287e-01,1.997338397572846203e-01,2.017451934638045119e-01,2.037529795592498694e-01,2.057475498496307009e-01,2.077196121801920536e-01,2.096602023132786152e-01,2.115606693387984960e-01,2.134127020150870524e-01
2.171888616413021056e-01,2.153770513835388811e-01,2.135136783767032642e-01,2.116065264337661234e-01,2.096636248861401264e-01,2.076932425046862651e-01,2.057039070192685781e-01,2.037044326127768479e-01,2.017039508436250239e-01,1.997119444257477172e-01,1.977382847829165513e-01,1.957932749903955882e-01,1.938877001523190979e-01,1.920328876331909296e-01,1.902407799529272636e-01,1.885240236154822335e-01,1.868960777079426427e-01,1.853713468156640287e-01,1.839653436891602323e-01,1.826948882165585764e-01,1.815783506571794492e-01,1.806359488421090398e-01,1.798901112203010189e-01,1.793659203010383729e-01,1.790916542848416115e-01,1.790994485212628329e-01,1.794261028353451304e-01,1.801140654958299225e-01,1.812126290633932491e-01,1.827793762583396764e-01,1.848819126991596007e-01,1.875999128054089415e-01,1.910274757659848888e-01,1.952757226141479119e-01,2.004754312247125914e-01,2.067792469902066665e-01,2.143625260676585431e-01,2.234210067861847060e-01,2.341620255596500999e-01,2.467836036378010800e-01,2.614322566342154874e-01,2.781263591482919240e-01,2.966300901890491226e-01,3.162711734662145280e-01,3.357291585447312876e-01,3.528957398326061923e-01,3.650068881352976358e-01,3.692554173842238496e-01,3.638317323143044346e-01,3.488537149268999271e-01,3.264677427418606892e-01,2.999769949985163775e-01,2.726367877283768504e-01,2.468518476677956652e-01,2.239883969259413854e-01,2.045789708997146350e-01,1.886350201536338700e-01,1.759090229680746464e-01,1.660658663194645168e-01,1.587782794511778950e-01,1.537731108146360437e-01,1.508504229478047354e-01,1.498895945344080327e-01,1.508504229478075664e-01,1.537731108146339343e-01,1.587782794511791440e-01,1.660658663194629903e-01,1.759090229680730644e-01,1.886350201536344251e-01,2.045789708997143852e-01,2.239883969259409968e-01,2.468518476677910023e-01,2.726367877283824015e-01,2.999769949985274797e-01,3.264677427418599120e-01,3.488537149268993720e-01,3.638317323143036575e-01,3.692554173842236831e-01,3.650068881352954153e-01,3.528957398326035833e-01,3.357291585447291227e-01,3.162711734662134178e-01,2.966300901890492892e-01,2.781263591482922015e-01,2.614322566342153764e-01,2.467836036377990816e-01,2.341620255596518485e-01,2.234210067861852889e-01,2.143625260676594868e-01,2.067792469902065833e-01,2.004754312247123138e-01,1.952757226141472735e-01,1.910274757659846390e-01,1.875999128054083032e-01,1.848819126991594897e-01,1.827793762583396486e-01,1.812126290633924997e-01,1.801140654958299503e-01,1.794261028353456300e-01,1.790994485212625276e-01,1.790916542848416670e-01,1.793659203010381231e-01,1.798901112203012131e-01,1.806359488421084014e-01,1.815783506571793937e-01,1.826948882165581323e-01,1.839653436891598992e-01,1.853713468156641675e-01,1.868960777079416991e-01,1.885240236154820115e-01,1.902407799529275689e-01,1.920328876331909851e-01,1.938877001523192922e-01,1.957932749903958103e-01,1.977382847829171342e-01,1.997119444257478282e-01,2.017039508436247741e-01,2.037044326127767091e-01,2.057039070192683283e-01,2.076932425046862929e-01,2.096636248861395990e-01,2.116065264337664564e-01,2.135136783767035973e-01,2.153770513835389644e-01,2.171888616413021333e-01
2.209541427860761409e-01,2.191814249807522430e-01,2.173548468565419112e-01,2.154817493363583303e-01,2.135696390131922029e-01,2.116261974342922847e-01,2.096593056916293829e-01,2.076770727846381226e-01,2.056878648099641216e-01,2.037003348128718361e-01,2.017234542003785158e-01,1.997665471078049204e-01,1.978393294051647988e-01,1.959519542711644913e-01,1.941150665138636489e-01,1.923398681128715426e-01,1.906381978228416096e-01,1.890226281347227866e-01,1.875065834641377605e-01,1.861044841539364059e-01,1.848319217739478049e-01,1.837058723149268269e-01,1.827449552506801300e-01,1.819697481314186682e-01,1.814031684204240047e-01,1.810709367312715312e-01,1.810021384678937029e-01,1.812299040457800714e-01,1.817922311651730682e-01,1.827329755228282171e-01,1.841030378779832666e-01,1.859617735828736906e-01,1.883786419255331912e-01,1.914350903362493084e-01,1.952266209738264535e-01,1.998648939880663389e-01,2.054795479207446596e-01,2.122191053928360327e-01,2.202497901076854447e-01,2.297501770236701213e-01,2.408981717446911086e-01,2.538447652711800506e-01,2.686665602641102324e-01,2.852874248111936240e-01,3.033622363262774568e-01,3.221295867049602801e-01,3.402749905401951658e-01,3.559020322634621758e-01,3.667520225926051425e-01,3.707560455654111409e-01,3.667797399719603391e-01,3.551569739480774923e-01,3.376273604360656710e-01,3.166985981645401016e-01,2.948542734870098769e-01,2.740220958563983622e-01,2.554202085458032734e-01,2.396612923756833990e-01,2.269483795138489690e-01,2.172577030740010517e-01,2.104715360377188149e-01,2.064616040202068570e-01,2.051359258660012397e-01,2.064616040202027214e-01,2.104715360377142075e-01,2.172577030740036608e-01,2.269483795138469984e-01,2.396612923756800129e-01,2.554202085458076588e-01,2.740220958564005826e-01,2.948542734870090443e-01,3.166985981645426551e-01,3.376273604360631730e-01,3.551569739480784360e-01,3.667797399719598395e-01,3.707560455654119735e-01,3.667520225926041988e-01,3.559020322634615652e-01,3.402749905401958319e-01,3.221295867049589479e-01,3.033622363262766242e-01,2.852874248111927358e-01,2.686665602641095107e-01,2.538447652711807168e-01,2.408981717446924686e-01,2.297501770236701490e-01,2.202497901076839737e-01,2.122191053928352000e-01,2.054795479207449371e-01,1.998648939880675324e-01,1.952266209738255098e-01,1.914350903362488365e-01,1.883786419255337463e-01,1.859617735828740792e-01,1.841030378779828780e-01,1.827329755228280228e-01,1.817922311651730682e-01,1.812299040457802934e-01,1.810021384678935086e-01,1.810709367312715312e-01,1.814031684204238382e-01,1.819697481314186127e-01,1.827449552506804353e-01,1.837058723149274375e-01,1.848319217739476106e-01,1.861044841539366002e-01,1.875065834641374551e-01,1.890226281347223702e-01,1.906381978228420815e-01,1.923398681128718757e-01,1.941150665138635378e-01,1.959519542711639917e-01,1.978393294051649098e-01,1.997665471078053645e-01,2.017234542003789322e-01,2.037003348128716418e-01,2.056878648099642881e-01,2.076770727846380948e-01,2.096593056916294107e-01,2.116261974342922014e-01,2.135696390131924249e-01,2.154817493363578029e-01,2.173548468565423830e-01,2.191814249807522430e-01,2.209541427860764740e-01
2.246805463242569911e-01,2.229447820270289149e-01,2.211535378606132585e-01,2.193137846573016692e-01,2.174325886556479626e-01,2.155171333548996093e-01,2.135747493714224010e-01,2.116129447586723722e-01,2.096394340242070664e-01,2.076621660275959624e-01,2.056893516937124133e-01,2.037294928096738955e-01,2.017914133615552330e-01,1.998842950143107644e-01,1.980177184917742694e-01,1.962017127976055098e-01,1.944468144489631956e-01,1.927641391868996357e-01,1.911654689959627340e-01,1.896633577273830473e-01,1.882712591957158288e-01,1.870036823312597185e-01,1.858763788468535405e-01,1.849065699466918566e-01,1.841132198956851596e-01,1.835173658042018041e-01,1.831425147735425418e-01,1.830151215674618304e-01,1.831651621337568037e-01,1.836268203830747625e-01,1.844393072015322321e-01,1.856478308955715750e-01,1.873047356194910695e-01,1.894708161152034165e-01,1.922167985999960194e-01,1.956249408485212782e-01,1.997906359979635948e-01,2.048237824082590752e-01,2.108494713594176728e-01,2.180071935746830947e-01,2.264472039611091780e-01,2.363218336900911598e-01,2.477683626298334274e-01,2.608787006579162959e-01,2.756501852078441228e-01,2.919128988430934046e-01,3.092352384727214409e-01,3.268254981225376943e-01,3.434748410147502873e-01,3.576159854799962901e-01,3.675693398997740835e-01,3.719710394685080690e-01,3.702334731691846459e-01,3.627923700284264030e-01,3.509815523292478812e-01,3.366105737766442729e-01,3.214874063695141726e-01,3.070941955477518026e-01,2.944739517332372603e-01,2.842701577087241027e-01,2.768326064520263419e-01,2.723271421356217026e-01,2.708198132568049865e-01,2.723271421356187050e-01,2.768326064520209573e-01,2.842701577087204390e-01,2.944739517332334300e-01,3.070941955477440310e-01,3.214874063695102868e-01,3.366105737766377226e-01,3.509815523292462713e-01,3.627923700284277353e-01,3.702334731691844238e-01,3.719710394685090127e-01,3.675693398997749162e-01,3.576159854799962901e-01,3.434748410147492326e-01,3.268254981225403588e-01,3.092352384727211634e-01,2.919128988430947924e-01,2.756501852078430126e-01,2.608787006579157963e-01,2.477683626298342046e-01,2.363218336900923533e-01,2.264472039611094278e-01,2.180071935746826506e-01,2.108494713594169789e-01,2.048237824082583536e-01,1.997906359979623736e-01,1.956249408485223606e-01,1.922167985999962969e-01,1.894708161152038883e-01,1.873047356194910140e-01,1.856478308955717971e-01,1.844393072015326485e-01,1.836268203830745405e-01,1.831651621337565539e-01,1.830151215674618859e-01,1.831425147735425973e-01,1.835173658042018041e-01,1.841132198956855481e-01,1.849065699466921620e-01,1.858763788468535960e-01,1.870036823312600516e-01,1.882712591957151071e-01,1.896633577273830751e-01,1.911654689959631503e-01,1.927641391868997744e-01,1.944468144489628347e-01,1.962017127976057040e-01,1.980177184917737976e-01,1.998842950143109587e-01,2.017914133615554273e-01,2.037294928096736180e-01,2.056893516937126631e-01,2.076621660275965175e-01,2.096394340242079546e-01,2.116129447586727885e-01,2.135747493714222345e-01,2.155171333548993318e-01,2.174325886556480736e-01,2.193137846573020022e-01,2.211535378606129532e-01,2.229447820270287484e-01,2.246805463242574630e-01
2.283952625065703013e-01,2.266937231410640907e-01,2.249356563899770067e-01,2.231277254503875596e-01,2.212766250847358063e-01,2.193891144461512788e-01,2.174720524408401412e-01,2.155324308369178654e-01,2.135774042593800159e-01,2.116143175672111632e-01,2.096507316177353142e-01,2.076944486314876714e-01,2.057535384740876439e-01,2.038363672473333943e-01,2.019516296638272368e-01,2.001083867850272646e-01,1.983161108421777619e-01,1.965847390419918628e-01,1.949247384931308835e-01,1.933471846854040721e-01,1.918638563230875560e-01,1.904873497702356533e-01,1.892312169246505860e-01,1.881101310146528482e-01,1.871400856246453470e-01,1.863386332145743618e-01,1.857251705083104165e-01,1.853212793728579721e-01,1.851511331453175591e-01,1.852419796768358939e-01,1.856247134324496562e-01,1.863345494062202401e-01,1.874118106614653945e-01,1.889028377435666983e-01,1.908610199403486807e-01,1.933479319069640323e-01,1.964345288752195051e-01,2.002023005310458459e-01,2.047441937453312044e-01,2.101649670293826433e-01,2.165804062465887525e-01,2.241144768688672351e-01,2.328929820395180816e-01,2.430316417074466773e-01,2.546158168332549043e-01,2.676687328752850314e-01,2.821058323292152670e-01,2.976762859554516472e-01,3.139006070607087140e-01,3.300266278061612657e-01,3.450407325358149091e-01,3.577750259177738812e-01,3.671251233842401929e-01,3.723319440441800188e-01,3.732165126746360695e-01,3.702508768567975284e-01,3.644278451599075042e-01,3.570013830041045555e-01,3.492204686765560395e-01,3.421464525963189840e-01,3.365753059350201082e-01,3.330364262045449886e-01,3.318253848659149519e-01,3.330364262045453216e-01,3.365753059350231613e-01,3.421464525963177628e-01,3.492204686765567612e-01,3.570013830041051106e-01,3.644278451599063384e-01,3.702508768567984720e-01,3.732165126746366246e-01,3.723319440441791861e-01,3.671251233842419137e-01,3.577750259177771563e-01,3.450407325358141319e-01,3.300266278061598224e-01,3.139006070607104903e-01,2.976762859554531460e-01,2.821058323292165992e-01,2.676687328752851425e-01,2.546158168332536831e-01,2.430316417074476765e-01,2.328929820395181927e-01,2.241144768688668465e-01,2.165804062465880031e-01,2.101649670293840033e-01,2.047441937453311211e-01,2.002023005310460957e-01,1.964345288752195329e-01,1.933479319069651148e-01,1.908610199403484864e-01,1.889028377435671424e-01,1.874118106614652002e-01,1.863345494062199070e-01,1.856247134324493508e-01,1.852419796768349503e-01,1.851511331453174480e-01,1.853212793728579444e-01,1.857251705083104165e-01,1.863386332145745561e-01,1.871400856246455413e-01,1.881101310146527095e-01,1.892312169246510856e-01,1.904873497702350149e-01,1.918638563230876393e-01,1.933471846854045717e-01,1.949247384931311611e-01,1.965847390419918905e-01,1.983161108421770125e-01,2.001083867850270148e-01,2.019516296638270425e-01,2.038363672473337829e-01,2.057535384740881435e-01,2.076944486314876437e-01,2.096507316177359526e-01,2.116143175672113852e-01,2.135774042593796274e-01,2.155324308369182262e-01,2.174720524408401412e-01,2.193891144461513343e-01,2.212766250847354177e-01,2.231277254503875040e-01,2.249356563899769235e-01,2.266937231410641740e-01,2.283952625065703845e-01
2.321019320603551761e-01,2.304313101011737364e-01,2.287035907849963856e-01,2.269251850565864870e-01,2.251024757997602821e-01,2.232418607593734672e-01,2.213497936891252182e-01,2.194328209152762998e-01,2.174976131855106964e-01,2.155509935889417805e-01,2.135999626509884064e-01,2.116517218114206678e-01,2.097136965272175524e-01,2.077935602604121523e-01,2.058992606389342672e-01,2.040390491267485007e-01,2.022215156149671511e-01,2.004556294527773952e-01,1.987507885810645136e-01,1.971168786178268406e-01,1.955643439795593241e-01,1.941042734139331594e-01,1.927485026747653984e-01,1.915097374986944323e-01,1.904017005519984262e-01,1.894393066105282686e-01,1.886388709148060783e-01,1.880183563936976832e-01,1.875976662405727524e-01,1.873989890871504138e-01,1.874472046239197831e-01,1.877703577354321307e-01,1.884002086670694964e-01,1.893728647741202142e-01,1.907294949761483005e-01,1.925171194715400991e-01,1.947894519199359631e-01,1.976077451089354731e-01,2.010415479906560443e-01,2.051692131035685318e-01,2.100778868100217633e-01,2.158625557833372677e-01,2.226234973842331211e-01,2.304611838317114081e-01,2.394673451639311723e-01,2.497105991686873749e-01,2.612150401637433061e-01,2.739308930386924468e-01,2.876984796892429475e-01,3.022110445098901144e-01,3.169885038241703756e-01,3.313809224823491828e-01,3.446219875864732218e-01,3.559419592504063368e-01,3.647232203920069415e-01,3.706505554043400541e-01,3.737957001356354558e-01,3.745985156405660654e-01,3.737545071815467357e-01,3.720571904626053250e-01,3.702498020810466861e-01,3.689187657328281134e-01,3.684332925029418782e-01,3.689187657328291681e-01,3.702498020810477408e-01,3.720571904626046589e-01,3.737545071815472908e-01,3.745985156405665650e-01,3.737957001356351228e-01,3.706505554043386663e-01,3.647232203920065530e-01,3.559419592504072805e-01,3.446219875864731108e-01,3.313809224823505151e-01,3.169885038241712083e-01,3.022110445098908360e-01,2.876984796892428364e-01,2.739308930386914476e-01,2.612150401637433061e-01,2.497105991686867088e-01,2.394673451639312278e-01,2.304611838317119354e-01,2.226234973842333986e-01,2.158625557833367958e-01,2.100778868100205699e-01,2.051692131035685873e-01,2.010415479906569047e-01,1.976077451089352510e-01,1.947894519199356855e-01,1.925171194715407652e-01,1.907294949761481895e-01,1.893728647741194648e-01,1.884002086670696630e-01,1.877703577354326026e-01,1.874472046239199774e-01,1.873989890871506636e-01,1.875976662405730855e-01,1.880183563936975999e-01,1.886388709148057174e-01,1.894393066105284351e-01,1.904017005519982875e-01,1.915097374986939049e-01,1.927485026747656760e-01,1.941042734139331594e-01,1.955643439795591576e-01,1.971168786178272014e-01,1.987507885810642361e-01,2.004556294527777005e-01,2.022215156149672344e-01,2.040390491267492779e-01,2.058992606389337954e-01,2.077935602604124576e-01,2.097136965272175524e-01,2.116517218114211674e-01,2.135999626509886562e-01,2.155509935889423356e-01,2.174976131855109185e-01,2.194328209152767717e-01,2.213497936891253015e-01,2.232418607593732174e-01,2.251024757997604486e-01,2.269251850565868200e-01,2.287035907849963579e-01,2.304313101011738196e-01,2.321019320603551761e-01
2.358397947681493967e-01,2.341963664829156411e-01,2.324956843459022315e-01,2.307439551938814948e-01,2.289473007456610809e-01,2.271118102292956353e-01,2.252435876469634779e-01,2.233487923663200203e-01,2.214336735239721410e-01,2.195045993064917156e-01,2.175680823350602811e-01,2.156308023954898179e-01,2.136996277284066159e-01,2.117816360649053820e-01,2.098841365771595413e-01,2.080146939181702348e-01,2.061811555530748130e-01,2.043916836385266944e-01,2.026547927885261058e-01,2.009793951773432841e-01,1.993748545759490010e-01,1.978510511012279982e-01,1.964184586811013600e-01,1.950882375073546560e-01,1.938723440640176543e-01,1.927836616831628547e-01,1.918361549876669292e-01,1.910450520197484181e-01,1.904270582989400773e-01,1.900006074551430502e-01,1.897861533568026837e-01,1.898065086586003536e-01,1.900872341948343092e-01,1.906570822722588321e-01,1.915484940856984342e-01,1.927981462898039622e-01,1.944475328428509897e-01,1.965435535601428307e-01,1.991390574331392549e-01,2.022932525858607278e-01,2.060718403576858315e-01,2.105466519910795531e-01,2.157944565432983186e-01,2.218944652715643118e-01,2.289238890753819422e-01,2.369507445315503502e-01,2.460230306758573737e-01,2.561535689894844370e-01,2.673004647783654431e-01,2.793446243068878898e-01,2.920682626634593104e-01,3.051415895918027088e-01,3.181276393201891706e-01,3.305148482036784907e-01,3.417808247189696447e-01,3.514782044202603983e-01,3.593192763760529318e-01,3.652295777342174921e-01,3.693488384233199473e-01,3.719777902919416124e-01,3.734895000059409442e-01,3.742328204164542815e-01,3.744515573760417437e-01,3.742328204164541705e-01,3.734895000059409442e-01,3.719777902919411683e-01,3.693488384233193922e-01,3.652295777342154937e-01,3.593192763760529318e-01,3.514782044202613420e-01,3.417808247189709214e-01,3.305148482036806001e-01,3.181276393201887265e-01,3.051415895918017651e-01,2.920682626634589774e-01,2.793446243068902768e-01,2.673004647783636667e-01,2.561535689894837708e-01,2.460230306758584562e-01,2.369507445315496841e-01,2.289238890753816646e-01,2.218944652715647003e-01,2.157944565432995954e-01,2.105466519910796919e-01,2.060718403576861091e-01,2.022932525858616437e-01,1.991390574331396990e-01,1.965435535601436357e-01,1.944475328428509897e-01,1.927981462898033793e-01,1.915484940856987950e-01,1.906570822722591929e-01,1.900872341948341981e-01,1.898065086586002148e-01,1.897861533568028225e-01,1.900006074551428559e-01,1.904270582989403549e-01,1.910450520197486679e-01,1.918361549876665961e-01,1.927836616831634375e-01,1.938723440640175155e-01,1.950882375073540453e-01,1.964184586811014432e-01,1.978510511012283313e-01,1.993748545759491120e-01,2.009793951773430620e-01,2.026547927885258560e-01,2.043916836385267777e-01,2.061811555530742301e-01,2.080146939181703181e-01,2.098841365771599854e-01,2.117816360649053820e-01,2.136996277284071433e-01,2.156308023954896236e-01,2.175680823350606141e-01,2.195045993064912437e-01,2.214336735239718634e-01,2.233487923663199093e-01,2.252435876469636444e-01,2.271118102292960239e-01,2.289473007456606646e-01,2.307439551938809397e-01,2.324956843459025924e-01,2.341963664829160574e-01,2.358397947681495077e-01
2.395770057415134990e-01,2.379566182985045908e-01,2.362791625169947118e-01,2.345506832650675610e-01,2.327770846608311350e-01,2.309641923342667935e-01,2.291178071798645188e-01,2.272437504831794630e-01,2.253479014537797809e-01,2.234362285082075461e-01,2.215148156730124551e-01,2.195898854142305789e-01,2.176678191182858935e-01,2.157551763773833398e-01,2.138587141797479996e-01,2.119854070746180763e-01,2.101424693742089123e-01,2.083373804698600007e-01,2.065779143774899296e-01,2.048721746885404926e-01,2.032286361880009939e-01,2.016561945117881505e-01,2.001642253532064375e-01,1.987626548931773485e-01,1.974620433213468973e-01,1.962736835328662555e-01,1.952097173227490268e-01,1.942832716443246011e-01,1.935086177287101972e-01,1.929013560411784178e-01,1.924786301166033498e-01,1.922593721718866555e-01,1.922645828851743399e-01,1.925176466236791228e-01,1.930446813366305803e-01,1.938749187740582136e-01,1.950411048642007594e-01,1.965799008609759035e-01,1.985322516929799164e-01,2.009436667065898352e-01,2.038643270438723620e-01,2.073488902082830654e-01,2.114558031959866691e-01,2.162458599669305759e-01,2.217796509944471584e-01,2.281134667007113648e-01,2.352931665721277321e-01,2.433455758423112292e-01,2.522672249275099143e-01,2.620108379972144741e-01,2.724710244143346838e-01,2.834721133545540783e-01,2.947626529964069708e-01,3.060219225899951101e-01,3.168827039403819823e-01,3.269703101709990345e-01,3.359513973953439092e-01,3.435795887884583455e-01,3.497228810667614152e-01,3.543625757298636825e-01,3.575635819928199566e-01,3.594263224683229563e-01,3.600362233243084575e-01,3.594263224683241220e-01,3.575635819928187353e-01,3.543625757298632384e-01,3.497228810667630805e-01,3.435795887884591227e-01,3.359513973953425214e-01,3.269703101709985904e-01,3.168827039403797063e-01,3.060219225899967199e-01,2.947626529964098019e-01,2.834721133545557437e-01,2.724710244143346838e-01,2.620108379972139190e-01,2.522672249275101919e-01,2.433455758423116455e-01,2.352931665721268439e-01,2.281134667007103378e-01,2.217796509944465200e-01,2.162458599669305204e-01,2.114558031959862250e-01,2.073488902082827601e-01,2.038643270438725008e-01,2.009436667065895576e-01,1.985322516929807490e-01,1.965799008609759035e-01,1.950411048642002321e-01,1.938749187740584079e-01,1.930446813366312186e-01,1.925176466236799555e-01,1.922645828851750061e-01,1.922593721718866555e-01,1.924786301166033775e-01,1.929013560411788897e-01,1.935086177287104470e-01,1.942832716443241015e-01,1.952097173227487492e-01,1.962736835328661722e-01,1.974620433213469806e-01,1.987626548931773485e-01,2.001642253532063820e-01,2.016561945117881227e-01,2.032286361880009662e-01,2.048721746885410200e-01,2.065779143774899296e-01,2.083373804698598619e-01,2.101424693742087457e-01,2.119854070746189367e-01,2.138587141797479996e-01,2.157551763773834508e-01,2.176678191182853661e-01,2.195898854142300516e-01,2.215148156730127604e-01,2.234362285082075739e-01,2.253479014537796421e-01,2.272437504831799071e-01,2.291178071798647409e-01,2.309641923342663772e-01,2.327770846608308852e-01,2.345506832650673390e-01,2.362791625169943788e-01,2.379566182985048128e-01,2.395770057415137766e-01
2.433149833854990896e-01,2.417132024394010870e-01,2.400548406295887061e-01,2.383458164857725770e-01,2.365918526933758759e-01,2.347985481599402513e-01,2.329714386745679322e-01,2.311160470472995443e-01,2.292379242689989716e-01,2.273426833199491959e-01,2.254360271622989353e-01,2.235237723140955368e-01,2.216118692699682313e-01,2.197064209222626963e-01,2.178137000507874010e-01,2.159401668890149062e-01,2.140924877379048186e-01,2.122775555835655636e-01,2.105025136804619112e-01,2.087747830865915311e-01,2.071020951805185306e-01,2.054925302519947095e-01,2.039545633376674272e-01,2.024971185703505205e-01,2.011296334227513638e-01,1.998621343508221460e-01,1.987053254716660555e-01,1.976706920347169882e-01,1.967706205442349976e-01,1.960185374360131905e-01,1.954290681548318254e-01,1.950182182499081707e-01,1.948035775950760773e-01,1.948045478875406189e-01,1.950425919474645109e-01,1.955415006886765672e-01,1.963276694734548133e-01,1.974303692277686872e-01,1.988819882687134499e-01,2.007182071075032659e-01,2.029780491147376575e-01,2.057037233314928937e-01,2.089401406034980813e-01,2.127339404084875596e-01,2.171318156723877346e-01,2.221778742267554452e-01,2.279097452385363543e-01,2.343531578401652771e-01,2.415148358918577653e-01,2.493738310730189700e-01,2.578719172081493372e-01,2.669044047306625700e-01,2.763135939669515984e-01,2.858877514910320716e-01,2.953684262608765043e-01,3.044675827473309893e-01,3.128931969827878357e-01,3.203783819774697061e-01,3.267065632807595321e-01,3.317253256048908749e-01,3.353451782517258839e-01,3.375251867112004089e-01,3.382525329020414362e-01,3.375251867112012971e-01,3.353451782517286039e-01,3.317253256048905974e-01,3.267065632807608089e-01,3.203783819774700392e-01,3.128931969827876691e-01,3.044675827473276586e-01,2.953684262608761157e-01,2.858877514910339590e-01,2.763135939669527086e-01,2.669044047306624035e-01,2.578719172081513356e-01,2.493738310730199137e-01,2.415148358918594307e-01,2.343531578401646109e-01,2.279097452385371037e-01,2.221778742267548346e-01,2.171318156723874016e-01,2.127339404084873653e-01,2.089401406034985254e-01,2.057037233314927549e-01,2.029780491147376298e-01,2.007182071075033769e-01,1.988819882687138940e-01,1.974303692277686040e-01,1.963276694734549521e-01,1.955415006886766782e-01,1.950425919474648162e-01,1.948045478875407022e-01,1.948035775950762438e-01,1.950182182499078654e-01,1.954290681548311037e-01,1.960185374360129962e-01,1.967706205442351086e-01,1.976706920347173213e-01,1.987053254716659723e-01,1.998621343508221460e-01,2.011296334227515026e-01,2.024971185703512699e-01,2.039545633376672051e-01,2.054925302519943764e-01,2.071020951805187249e-01,2.087747830865914200e-01,2.105025136804618557e-01,2.122775555835653694e-01,2.140924877379049296e-01,2.159401668890154058e-01,2.178137000507871790e-01,2.197064209222631959e-01,2.216118692699682868e-01,2.235237723140953425e-01,2.254360271622986300e-01,2.273426833199491959e-01,2.292379242689987773e-01,2.311160470472989892e-01,2.329714386745679877e-01,2.347985481599406676e-01,2.365918526933759869e-01,2.383458164857727712e-01,2.400548406295884840e-01,2.417132024394006151e-01,2.433149833854997834e-01
2.470662417886639040e-01,2.454783674929392479e-01,2.438346760078616560e-01,2.421409901099980111e-01,2.404028814244953682e-01,2.386257526611751667e-01,2.368149056566535293e-01,2.349755969991641213e-01,2.331130832690940236e-01,2.312326578213385053e-01,2.293396808315758262e-01,2.274396041199685525e-01,2.255379920829444218e-01,2.236405399143683859e-01,2.217530901807763244e-01,2.198816487282663767e-01,2.180324008371794797e-01,2.162117285016731116e-01,2.144262296917595900e-01,2.126827404533035426e-01,2.109883607151031015e-01,2.093504847000453584e-01,2.077768368780711916e-01,2.062755144504243299e-01,2.048550374147969644e-01,2.035244073253835717e-01,2.022931759238340288e-01,2.011715248663717981e-01,2.001703577926169375e-01,1.993014059483929623e-01,1.985773484508873976e-01,1.980119480151046607e-01,1.976202024651264322e-01,1.974185115160674020e-01,1.974248569667937103e-01,1.976589923561798690e-01,1.981426349846411861e-01,1.988996485529864189e-01,1.999561979533542033e-01,2.013408482510779252e-01,2.030845667945225808e-01,2.052205698391513511e-01,2.077839324523397257e-01,2.108108528635330992e-01,2.143374314996432939e-01,2.183977953331359967e-01,2.230213794842083874e-01,2.282291872167806768e-01,2.340289125938263548e-01,2.404089610466264015e-01,2.473316755805106681e-01,2.547264832495425013e-01,2.624841753843943915e-01,2.704539873123523175e-01,2.784452980250364806e-01,2.862353224420878806e-01,2.935829231627065106e-01,3.002468645788353152e-01,3.060049394934140077e-01,3.106697558567188544e-01,3.140978802076637710e-01,3.161915892761562041e-01,3.168954271255229882e-01,3.161915892761549829e-01,3.140978802076636045e-01,3.106697558567169670e-01,3.060049394934143963e-01,3.002468645788353707e-01,2.935829231627066216e-01,2.862353224420898790e-01,2.784452980250361476e-01,2.704539873123532057e-01,2.624841753843943915e-01,2.547264832495426123e-01,2.473316755805095024e-01,2.404089610466264015e-01,2.340289125938266601e-01,2.282291872167798719e-01,2.230213794842084429e-01,2.183977953331353306e-01,2.143374314996425445e-01,2.108108528635329604e-01,2.077839324523403641e-01,2.052205698391509348e-01,2.030845667945233857e-01,2.013408482510782860e-01,1.999561979533544809e-01,1.988996485529860858e-01,1.981426349846419355e-01,1.976589923561799245e-01,1.974248569667939324e-01,1.974185115160675130e-01,1.976202024651271816e-01,1.980119480151045219e-01,1.985773484508870923e-01,1.993014059483926848e-01,2.001703577926172706e-01,2.011715248663721312e-01,2.022931759238342231e-01,2.035244073253836550e-01,2.048550374147969366e-01,2.062755144504239690e-01,2.077768368780714137e-01,2.093504847000454971e-01,2.109883607151031848e-01,2.126827404533033483e-01,2.144262296917597843e-01,2.162117285016739998e-01,2.180324008371793132e-01,2.198816487282667931e-01,2.217530901807770738e-01,2.236405399143682471e-01,2.255379920829446438e-01,2.274396041199679974e-01,2.293396808315760482e-01,2.312326578213386163e-01,2.331130832690940513e-01,2.349755969991637883e-01,2.368149056566540844e-01,2.386257526611746671e-01,2.404028814244958401e-01,2.421409901099977335e-01,2.438346760078614894e-01,2.454783674929396642e-01,2.470662417886640982e-01
2.508350961598574402e-01,2.492562265863784432e-01,2.476225407156605884e-01,2.459397947104634830e-01,2.442134372942696419e-01,2.424487026980703952e-01,2.406506866312532189e-01,2.388244078829447059e-01,2.369748580819164563e-01,2.351070418588799282e-01,2.332260093438860982e-01,2.313368826518133192e-01,2.294448777753530788e-01,2.275553231172111057e-01,2.256736757463031762e-01,2.238055363502313155e-01,2.219566637726654024e-01,2.201329899645625143e-01,2.183406361384819527e-01,2.165859308925180693e-01,2.148754310619828689e-01,2.132159460606687928e-01,2.116145664873029242e-01,2.100786977939787803e-01,2.086160998391485277e-01,2.072349331734351374e-01,2.059438129259953953e-01,2.047518711627230592e-01,2.036688285612823501e-01,2.027050761711405580e-01,2.018717678693108808e-01,2.011809238409675571e-01,2.006455449465090191e-01,2.002797370953384448e-01,2.000988436095687273e-01,2.001195818601411158e-01,2.003601779670919625e-01,2.008404897769975606e-01,2.015821032842071703e-01,2.026083806887543082e-01,2.039444288678988748e-01,2.056169446861360606e-01,2.076538779695073500e-01,2.100838343081248283e-01,2.129351193362558070e-01,2.162343068385407796e-01,2.200042010108287094e-01,2.242610688377932870e-01,2.290110574432867585e-01,2.342458036033679136e-01,2.399374088334889077e-01,2.460332037701481456e-01,2.524510418446146431e-01,2.590761760194030816e-01,2.657609521481121839e-01,2.723284246053487290e-01,2.785804250995523867e-01,2.843096102323376950e-01,2.893138714428640235e-01,2.934106924824546048e-01,2.964490293067291726e-01,2.983173238014607542e-01,2.989476675065217970e-01,2.983173238014618645e-01,2.964490293067293947e-01,2.934106924824526619e-01,2.893138714428625802e-01,2.843096102323394714e-01,2.785804250995527753e-01,2.723284246053502278e-01,2.657609521481112957e-01,2.590761760194031371e-01,2.524510418446141991e-01,2.460332037701492558e-01,2.399374088334893795e-01,2.342458036033672475e-01,2.290110574432868418e-01,2.242610688377931205e-01,2.200042010108287649e-01,2.162343068385421396e-01,2.129351193362557515e-01,2.100838343081253834e-01,2.076538779695076276e-01,2.056169446861366989e-01,2.039444288678991801e-01,2.026083806887537253e-01,2.015821032842067817e-01,2.008404897769974495e-01,2.003601779670919347e-01,2.001195818601407272e-01,2.000988436095688661e-01,2.002797370953383616e-01,2.006455449465096019e-01,2.011809238409678346e-01,2.018717678693107975e-01,2.027050761711402249e-01,2.036688285612824334e-01,2.047518711627232535e-01,2.059438129259955341e-01,2.072349331734352484e-01,2.086160998391486943e-01,2.100786977939787525e-01,2.116145664873026466e-01,2.132159460606688761e-01,2.148754310619822583e-01,2.165859308925184024e-01,2.183406361384816474e-01,2.201329899645621258e-01,2.219566637726653191e-01,2.238055363502314821e-01,2.256736757463037868e-01,2.275553231172109114e-01,2.294448777753529956e-01,2.313368826518134580e-01,2.332260093438858484e-01,2.351070418588799282e-01,2.369748580819165673e-01,2.388244078829444006e-01,2.406506866312538018e-01,2.424487026980701732e-01,2.442134372942697806e-01,2.459397947104640381e-01,2.476225407156603664e-01,2.492562265863784710e-01,2.508350961598574957e-01
2.546354817451732533e-01,2.530604952006212938e-01,2.514319178528107712e-01,2.497554646857799709e-01,2.480364853828119776e-01,2.462800686841291053e-01,2.444911269063310411e-01,2.426744640398213471e-01,2.408348304653399052e-01,2.389769668772995792e-01,2.371056395832997765e-01,2.352256689962123615e-01,2.333419528488704930e-01,2.314594854340882857e-01,2.295833739948404117e-01,2.277188532519643926e-01,2.258712989519750525e-01,2.240462412392697500e-01,2.222493786001424332e-01,2.204865930865523016e-01,2.187639675022709784e-01,2.170878052199653463e-01,2.154646532923695235e-01,2.139013295210144550e-01,2.124049541488008397e-01,2.109829868434459910e-01,2.096432696315923827e-01,2.083940764194444906e-01,2.072441696829531443e-01,2.062028648112906593e-01,2.052801024166338029e-01,2.044865286459562614e-01,2.038335830972897722e-01,2.033335932855032946e-01,2.029998736275906157e-01,2.028468254988515518e-01,2.028900328824873867e-01,2.031463452813137005e-01,2.036339356140520473e-01,2.043723154648121876e-01,2.053822829524246107e-01,2.066857693284252506e-01,2.083055390409064567e-01,2.102646846224087707e-01,2.125858432976870660e-01,2.152900488399907275e-01,2.183951240852783360e-01,2.219135235730864131e-01,2.258495622871667941e-01,2.301960286321520499e-01,2.349302912542775290e-01,2.400101780917643368e-01,2.453701239476439588e-01,2.509183122775587305e-01,2.565357013791892404e-01,2.620778170528356155e-01,2.673799119057899687e-01,2.722655094502688389e-01,2.765575851303684884e-01,2.800909433425807782e-01,2.827240843533510017e-01,2.843490300447617525e-01,2.848983181629277661e-01,2.843490300447595320e-01,2.827240843533517234e-01,2.800909433425812223e-01,2.765575851303696542e-01,2.722655094502672846e-01,2.673799119057906903e-01,2.620778170528361706e-01,2.565357013791888519e-01,2.509183122775596742e-01,2.453701239476435980e-01,2.400101780917641703e-01,2.349302912542774735e-01,2.301960286321521609e-01,2.258495622871669606e-01,2.219135235730872457e-01,2.183951240852785303e-01,2.152900488399908385e-01,2.125858432976868995e-01,2.102646846224091870e-01,2.083055390409059571e-01,2.066857693284242792e-01,2.053822829524255267e-01,2.043723154648124096e-01,2.036339356140517698e-01,2.031463452813137838e-01,2.028900328824871646e-01,2.028468254988516906e-01,2.029998736275911153e-01,2.033335932855029893e-01,2.038335830972898555e-01,2.044865286459561782e-01,2.052801024166333865e-01,2.062028648112899376e-01,2.072441696829532554e-01,2.083940764194446571e-01,2.096432696315926048e-01,2.109829868434455746e-01,2.124049541488004789e-01,2.139013295210140386e-01,2.154646532923698010e-01,2.170878052199654018e-01,2.187639675022703678e-01,2.204865930865521628e-01,2.222493786001420168e-01,2.240462412392700831e-01,2.258712989519751357e-01,2.277188532519645314e-01,2.295833739948404950e-01,2.314594854340881469e-01,2.333419528488707428e-01,2.352256689962124170e-01,2.371056395833000818e-01,2.389769668772997735e-01,2.408348304653396554e-01,2.426744640398207919e-01,2.444911269063314296e-01,2.462800686841290776e-01,2.480364853828120608e-01,2.497554646857802207e-01,2.514319178528106047e-01,2.530604952006212383e-01,2.546354817451737529e-01
2.584740333073430318e-01,2.568976045021225674e-01,2.552690226965201870e-01,2.535939844791000319e-01,2.518777611402576722e-01,2.501253152941912417e-01,2.483413946470011680e-01,2.465306071488261308e-01,2.446974811155741003e-01,2.428465132843339314e-01,2.409822072375480406e-01,2.391091042006802669e-01,2.372318078757071902e-01,2.353550047034064507e-01,2.334834807371956866e-01,2.316221361482337371e-01,2.297759982558201519e-01,2.279502338812242346e-01,2.261501617506275763e-01,2.243812656191896682e-01,2.226492087491909466e-01,2.209598503475617703e-01,2.193192645486648773e-01,2.177337625139090238e-01,2.162099182071059444e-01,2.147545983891140375e-01,2.133749973515195464e-01,2.120786768691522717e-01,2.108736117842696101e-01,2.097682415262234756e-01,2.087715276983300450e-01,2.078930175993040919e-01,2.071429131498457588e-01,2.065321441109618517e-01,2.060724436355250988e-01,2.057764229903092101e-01,2.056576405946204389e-01,2.057306581818140190e-01,2.060110737037089135e-01,2.065155163373387781e-01,2.072615833800419416e-01,2.082676917287360208e-01,2.095528079519202724e-01,2.111360108766116295e-01,2.130358298568310327e-01,2.152692920986898073e-01,2.178506066215653292e-01,2.207894156080035253e-01,2.240885633307379554e-01,2.277413779248167736e-01,2.317285418769220173e-01,2.360147497417201812e-01,2.405455126397654242e-01,2.452446459448099358e-01,2.500131205318087968e-01,2.547299963471304496e-01,2.592560134403406047e-01,2.634400505735655096e-01,2.671281195037191192e-01,2.701739904643217227e-01,2.724501422359624225e-01,2.738576609800859596e-01,2.743339696076649292e-01,2.738576609800866257e-01,2.724501422359628111e-01,2.701739904643212231e-01,2.671281195037192302e-01,2.634400505735657871e-01,2.592560134403401051e-01,2.547299963471298390e-01,2.500131205318100180e-01,2.452446459448089366e-01,2.405455126397655075e-01,2.360147497417196538e-01,2.317285418769226835e-01,2.277413779248169678e-01,2.240885633307383162e-01,2.207894156080026371e-01,2.178506066215655235e-01,2.152692920986895020e-01,2.130358298568302555e-01,2.111360108766119625e-01,2.095528079519205222e-01,2.082676917287367702e-01,2.072615833800413032e-01,2.065155163373398051e-01,2.060110737037093576e-01,2.057306581818146296e-01,2.056576405946203556e-01,2.057764229903094044e-01,2.060724436355250988e-01,2.065321441109616851e-01,2.071429131498463139e-01,2.078930175993042861e-01,2.087715276983297119e-01,2.097682415262238920e-01,2.108736117842694990e-01,2.120786768691520774e-01,2.133749973515194631e-01,2.147545983891141208e-01,2.162099182071063608e-01,2.177337625139085520e-01,2.193192645486642112e-01,2.209598503475612707e-01,2.226492087491908634e-01,2.243812656191900012e-01,2.261501617506279371e-01,2.279502338812240958e-01,2.297759982558201242e-01,2.316221361482330154e-01,2.334834807371960197e-01,2.353550047034064507e-01,2.372318078757073845e-01,2.391091042006801837e-01,2.409822072375481794e-01,2.428465132843344310e-01,2.446974811155741558e-01,2.465306071488262973e-01,2.483413946470006961e-01,2.501253152941910196e-01,2.518777611402574501e-01,2.535939844790994213e-01,2.552690226965202980e-01,2.568976045021224008e-01,2.584740333073431984e-01
2.623571351807472141e-01,2.607737430133619805e-01,2.591398407198884368e-01,2.574611270208350677e-01,2.557428126657026457e-01,2.539897503274712864e-01,2.522065384081294548e-01,2.503976038531293691e-01,2.485672681488368119e-01,2.467197998827068417e-01,2.448594565994875183e-01,2.429905181733071351e-01,2.411173135123224065e-01,2.392442420980479545e-01,2.373757916166248372e-01,2.355165527494278710e-01,2.336712320433810275e-01,2.318446636679151185e-01,2.300418207784294677e-01,2.282678271395287561e-01,2.265279696106508034e-01,2.248277120580741695e-01,2.231727112272736957e-01,2.215688350847188348e-01,2.200221841150523938e-01,2.185391160337745997e-01,2.171262743418135854e-01,2.157906210995600149e-01,2.145394742246204689e-01,2.133805495063886559e-01,2.123220073638088234e-01,2.113725041255235804e-01,2.105412472507101063e-01,2.098380533889941113e-01,2.092734074389054622e-01,2.088585197273559735e-01,2.086053769961733195e-01,2.085267809187748844e-01,2.086363652275786407e-01,2.089485790376574004e-01,2.094786194272136859e-01,2.102422906365538913e-01,2.112557603318288568e-01,2.125351754262715109e-01,2.140960915488170913e-01,2.159526626746545719e-01,2.181165330126074720e-01,2.205953757605241539e-01,2.233910383114988685e-01,2.264972880458973881e-01,2.298972146387784632e-01,2.335604393908356780e-01,2.374404081466878758e-01,2.414721873393483320e-01,2.455713090065211046e-01,2.496342673636728349e-01,2.535411959720636488e-01,2.571610085697853543e-01,2.603588789328517561e-01,2.630054505489464178e-01,2.649867475900733460e-01,2.662135428894709666e-01,2.666289814518479351e-01,2.662135428894725209e-01,2.649867475900728464e-01,2.630054505489461403e-01,2.603588789328528663e-01,2.571610085697865755e-01,2.535411959720623720e-01,2.496342673636728071e-01,2.455713090065200777e-01,2.414721873393485263e-01,2.374404081466882088e-01,2.335604393908366216e-01,2.298972146387781856e-01,2.264972880458976656e-01,2.233910383114987852e-01,2.205953757605237098e-01,2.181165330126063062e-01,2.159526626746545164e-01,2.140960915488176186e-01,2.125351754262715664e-01,2.112557603318289956e-01,2.102422906365536415e-01,2.094786194272141577e-01,2.089485790376573726e-01,2.086363652275782243e-01,2.085267809187747456e-01,2.086053769961730697e-01,2.088585197273558902e-01,2.092734074389057675e-01,2.098380533889930566e-01,2.105412472507101063e-01,2.113725041255238302e-01,2.123220073638088234e-01,2.133805495063884616e-01,2.145394742246203301e-01,2.157906210995603480e-01,2.171262743418130026e-01,2.185391160337750716e-01,2.200221841150517832e-01,2.215688350847196120e-01,2.231727112272739177e-01,2.248277120580744193e-01,2.265279696106508867e-01,2.282678271395299774e-01,2.300418207784293290e-01,2.318446636679150075e-01,2.336712320433816381e-01,2.355165527494289535e-01,2.373757916166251147e-01,2.392442420980482043e-01,2.411173135123223787e-01,2.429905181733075792e-01,2.448594565994882399e-01,2.467197998827062033e-01,2.485672681488368674e-01,2.503976038531292025e-01,2.522065384081292883e-01,2.539897503274709534e-01,2.557428126657027012e-01,2.574611270208350122e-01,2.591398407198889919e-01,2.607737430133620915e-01,2.623571351807471586e-01
2.662908089581274562e-01,2.646947334696615473e-01,2.630499929939552617e-01,2.613623069594343540e-01,2.596368409433587043e-01,2.578783510083128561e-01,2.560912984316049412e-01,2.542799408475700518e-01,2.524484046219451772e-01,2.506007423000478074e-01,2.487409781970529032e-01,2.468731445943638525e-01,2.450013105364226562e-01,2.431296048581280400e-01,2.412622347908255638e-01,2.394035012761059344e-01,2.375578119472022964e-01,2.357296926064740006e-01,2.339237979258278199e-01,2.321449220181997508e-01,2.303980094671168599e-01,2.286881673534720272e-01,2.270206787801531123e-01,2.254010183625230757e-01,2.238348701222282189e-01,2.223281481893881473e-01,2.208870206786830992e-01,2.195179370519451667e-01,2.182276592048001118e-01,2.170232964063534553e-01,2.159123440630361657e-01,2.149027260496074176e-01,2.140028400232141526e-01,2.132216046724844105e-01,2.125685072024463551e-01,2.120536484522655696e-01,2.116877818028518043e-01,2.114823403517277489e-01,2.114494445897197317e-01,2.116018798695214476e-01,2.119530291706835656e-01,2.125167419286251858e-01,2.133071139810163164e-01,2.143381471463953747e-01,2.156232500696058096e-01,2.171745357749298722e-01,2.190018677221206300e-01,2.211116080733398770e-01,2.235050337516191199e-01,2.261764134307714946e-01,2.291107881459614193e-01,2.322815746929191016e-01,2.356482144265654721e-01,2.391542106186431704e-01,2.427260104923502915e-01,2.462732523893743364e-01,2.496908636292791694e-01,2.528633186174815140e-01,2.556710431952595730e-01,2.579985308168906144e-01,2.597433243970189709e-01,2.608247384106902600e-01,2.611911339814663169e-01,2.608247384106900935e-01,2.597433243970186934e-01,2.579985308168895597e-01,2.556710431952606277e-01,2.528633186174806258e-01,2.496908636292797523e-01,2.462732523893733372e-01,2.427260104923501249e-01,2.391542106186436978e-01,2.356482144265658885e-01,2.322815746929198510e-01,2.291107881459628071e-01,2.261764134307720775e-01,2.235050337516193142e-01,2.211116080733408207e-01,2.190018677221204635e-01,2.171745357749299832e-01,2.156232500696055598e-01,2.143381471463957355e-01,2.133071139810160666e-01,2.125167419286252413e-01,2.119530291706828717e-01,2.116018798695223913e-01,2.114494445897197039e-01,2.114823403517280265e-01,2.116877818028522762e-01,2.120536484522655973e-01,2.125685072024459665e-01,2.132216046724841052e-01,2.140028400232142636e-01,2.149027260496073899e-01,2.159123440630358326e-01,2.170232964063536496e-01,2.182276592048004449e-01,2.195179370519448336e-01,2.208870206786831825e-01,2.223281481893877309e-01,2.238348701222286630e-01,2.254010183625228814e-01,2.270206787801537507e-01,2.286881673534719162e-01,2.303980094671174150e-01,2.321449220182001949e-01,2.339237979258274869e-01,2.357296926064733067e-01,2.375578119472022409e-01,2.394035012761062953e-01,2.412622347908260356e-01,2.431296048581281233e-01,2.450013105364226007e-01,2.468731445943639913e-01,2.487409781970530143e-01,2.506007423000479184e-01,2.524484046219451772e-01,2.542799408475696077e-01,2.560912984316050522e-01,2.578783510083133557e-01,2.596368409433592594e-01,2.613623069594340764e-01,2.630499929939552617e-01,2.646947334696612697e-01,2.662908089581275117e-01
2.702822492705581614e-01,2.686675602198242974e-01,2.670062562846409193e-01,2.653040944066422657e-01,2.635662080481236402e-01,2.617972673128856065e-01,2.600016055946153259e-01,2.581833197798229507e-01,2.563463495391480884e-01,2.544945400649611389e-01,2.526316917001969475e-01,2.507615991985374659e-01,2.488880828128239020e-01,2.470150129897185354e-01,2.451463301253280769e-01,2.432860605865377890e-01,2.414383300092917961e-01,2.396073747349976024e-01,2.377975521297323591e-01,2.360133504402279203e-01,2.342593987696364177e-01,2.325404776999632772e-01,2.308615310424683431e-01,2.292276791586549956e-01,2.276442342588025913e-01,2.261167180483141803e-01,2.246508820497586933e-01,2.232527308742776884e-01,2.219285486424128484e-01,2.206849286509898200e-01,2.195288062357983738e-01,2.184674945709488558e-01,2.175087228502190495e-01,2.166606758807013422e-01,2.159320335414483816e-01,2.153320077637958241e-01,2.148703736047190838e-01,2.145574895224039713e-01,2.144043000201014126e-01,2.144223112842237045e-01,2.146235271888428942e-01,2.150203289790245109e-01,2.156252770575883271e-01,2.164508077097399008e-01,2.175087917043786179e-01,2.188099163566105954e-01,2.203628493578916325e-01,2.221731439688791609e-01,2.242418546914063116e-01,2.265638551216446750e-01,2.291258907967267111e-01,2.319044640882147179e-01,2.348637365133643684e-01,2.379537393886935193e-01,2.411092874671197372e-01,2.442500585516117761e-01,2.472822910015961551e-01,2.501024193991438493e-01,2.526027001887216072e-01,2.546785041045886433e-01,2.562365529439680767e-01,2.572030682351031383e-01,2.575306839658536018e-01,2.572030682351034714e-01,2.562365529439679102e-01,2.546785041045885323e-01,2.526027001887212187e-01,2.501024193991437383e-01,2.472822910015945175e-01,2.442500585516115263e-01,2.411092874671202091e-01,2.379537393886935193e-01,2.348637365133645072e-01,2.319044640882134134e-01,2.291258907967266556e-01,2.265638551216448138e-01,2.242418546914061728e-01,2.221731439688788834e-01,2.203628493578918823e-01,2.188099163566103733e-01,2.175087917043780628e-01,2.164508077097401506e-01,2.156252770575883271e-01,2.150203289790249273e-01,2.146235271888430052e-01,2.144223112842236212e-01,2.144043000201017179e-01,2.145574895224034995e-01,2.148703736047193336e-01,2.153320077637952967e-01,2.159320335414488257e-01,2.166606758807013977e-01,2.175087228502189385e-01,2.184674945709485505e-01,2.195288062357985404e-01,2.206849286509899311e-01,2.219285486424131537e-01,2.232527308742776884e-01,2.246508820497584435e-01,2.261167180483150407e-01,2.276442342588027579e-01,2.292276791586543572e-01,2.308615310424676492e-01,2.325404776999637768e-01,2.342593987696369451e-01,2.360133504402275317e-01,2.377975521297323591e-01,2.396073747349974081e-01,2.414383300092917128e-01,2.432860605865380943e-01,2.451463301253279936e-01,2.470150129897188407e-01,2.488880828128236800e-01,2.507615991985373549e-01,2.526316917001966145e-01,2.544945400649613609e-01,2.563463495391476998e-01,2.581833197798231727e-01,2.600016055946152704e-01,2.617972673128856065e-01,2.635662080481242509e-01,2.653040944066419327e-01,2.670062562846415299e-01,2.686675602198245749e-01,2.702822492705582724e-01
2.743381483224552886e-01,2.726986953125788982e-01,2.710148884980114192e-01,2.692925375881282668e-01,2.675367548812322971e-01,2.657521326993832478e-01,2.639428830710877083e-01,2.621129478037287353e-01,2.602660852775997014e-01,2.584059388985661676e-01,2.565360910781172565e-01,2.546601057926169420e-01,2.527815621481723785e-01,2.509040808979247639e-01,2.490313454897708778e-01,2.471671189382806111e-01,2.453152575949568703e-01,2.434797227208648218e-01,2.416645906335758986e-01,2.398740620974676996e-01,2.381124715457736685e-01,2.363842966588894645e-01,2.346941687716956881e-01,2.330468845389991051e-01,2.314474192488187587e-01,2.299009421340064696e-01,2.284128339892075865e-01,2.269887073467241334e-01,2.256344293944932411e-01,2.243561477228828704e-01,2.231603188520080994e-01,2.220537393015278027e-01,2.210435786985231188e-01,2.201374140472882046e-01,2.193432637698518595e-01,2.186696194189396703e-01,2.181254720037689165e-01,2.177203285770342167e-01,2.174642130173755072e-01,2.173676427033497671e-01,2.174415699088245724e-01,2.176972731712410181e-01,2.181461795668663828e-01,2.187995938674638652e-01,2.196683052756024379e-01,2.207620375473781926e-01,2.220887051066922080e-01,2.236534383591205488e-01,2.254573489927184093e-01,2.274960248580631395e-01,2.297577790019238453e-01,2.322217330726285833e-01,2.348558933122528170e-01,2.376154730148021532e-01,2.404418134187327194e-01,2.432623269464656013e-01,2.459918926225473645e-01,2.485360324959348943e-01,2.507959670505348071e-01,2.526753029063819600e-01,2.540877201336598779e-01,2.549646884920162559e-01,2.552620890253436414e-01,2.549646884920176992e-01,2.540877201336597113e-01,2.526753029063822931e-01,2.507959670505355287e-01,2.485360324959350886e-01,2.459918926225468649e-01,2.432623269464662119e-01,2.404418134187331912e-01,2.376154730148026251e-01,2.348558933122541215e-01,2.322217330726284723e-01,2.297577790019235955e-01,2.274960248580629174e-01,2.254573489927190755e-01,2.236534383591200492e-01,2.220887051066911533e-01,2.207620375473784147e-01,2.196683052756021881e-01,2.187995938674636431e-01,2.181461795668667436e-01,2.176972731712416842e-01,2.174415699088244336e-01,2.173676427033497671e-01,2.174642130173756738e-01,2.177203285770344665e-01,2.181254720037685280e-01,2.186696194189398645e-01,2.193432637698516652e-01,2.201374140472877328e-01,2.210435786985233408e-01,2.220537393015275252e-01,2.231603188520085435e-01,2.243561477228828982e-01,2.256344293944933244e-01,2.269887073467241334e-01,2.284128339892084192e-01,2.299009421340070247e-01,2.314474192488192306e-01,2.330468845389996324e-01,2.346941687716957436e-01,2.363842966588896588e-01,2.381124715457738905e-01,2.398740620974677273e-01,2.416645906335757876e-01,2.434797227208651826e-01,2.453152575949569814e-01,2.471671189382805833e-01,2.490313454897709611e-01,2.509040808979252635e-01,2.527815621481724340e-01,2.546601057926169420e-01,2.565360910781169235e-01,2.584059388985658900e-01,2.602660852775997014e-01,2.621129478037291793e-01,2.639428830710880414e-01,2.657521326993834143e-01,2.675367548812324636e-01,2.692925375881284333e-01,2.710148884980121409e-01,2.726986953125796198e-01,2.743381483224549555e-01
2.784559704866574892e-01,2.767854918038137879e-01,2.750731270886009328e-01,2.733247537778118463e-01,2.715454730152183638e-01,2.697398061366362843e-01,2.679118486380113739e-01,2.660653910147339762e-01,2.642040137001968048e-01,2.623311616921573108e-01,2.604502032129348277e-01,2.585644758065223647e-01,2.566773225582247853e-01,2.547921205748473472e-01,2.529123034441072004e-01,2.510413790698234338e-01,2.491829440311905675e-01,2.473406954226045618e-01,2.455184409818356450e-01,2.437201081986445639e-01,2.419497530054910417e-01,2.402115685805079337e-01,2.385098947354393484e-01,2.368492283133719067e-01,2.352342349788639764e-01,2.336697627424977330e-01,2.321608575185092060e-01,2.307127809628398973e-01,2.293310307732119857e-01,2.280213635442377151e-01,2.267898201481566012e-01,2.256427534407755564e-01,2.245868578531690085e-01,2.236292000967942395e-01,2.227772497490743686e-01,2.220389078543192896e-01,2.214225308153603688e-01,2.209369456951045252e-01,2.205914515115177665e-01,2.203957991000385919e-01,2.203601395367171811e-01,2.204949278795465817e-01,2.208107650574274161e-01,2.213181561815152631e-01,2.220271586323727397e-01,2.229468885792697253e-01,2.240848512246999824e-01,2.254460598936082749e-01,2.270319149228615663e-01,2.288388290279632920e-01,2.308566161066655797e-01,2.330667098264576909e-01,2.354403492547573751e-01,2.379369582778688708e-01,2.405030412185057975e-01,2.430719937519375262e-01,2.455652485741479374e-01,2.478950976995396849e-01,2.499693288236544131e-01,2.516974919498999319e-01,2.529982160830595017e-01,2.538066582470023813e-01,2.540809628602455628e-01,2.538066582470013821e-01,2.529982160830600568e-01,2.516974919498993768e-01,2.499693288236540245e-01,2.478950976995393241e-01,2.455652485741486313e-01,2.430719937519378593e-01,2.405030412185054922e-01,2.379369582778688985e-01,2.354403492547572363e-01,2.330667098264580239e-01,2.308566161066649136e-01,2.288388290279633475e-01,2.270319149228620104e-01,2.254460598936076643e-01,2.240848512247002600e-01,2.229468885792688093e-01,2.220271586323726565e-01,2.213181561815154019e-01,2.208107650574276104e-01,2.204949278795468592e-01,2.203601395367174864e-01,2.203957991000385919e-01,2.205914515115176555e-01,2.209369456951048305e-01,2.214225308153599525e-01,2.220389078543191785e-01,2.227772497490745629e-01,2.236292000967947391e-01,2.245868578531686754e-01,2.256427534407752511e-01,2.267898201481564069e-01,2.280213635442381592e-01,2.293310307732121522e-01,2.307127809628402859e-01,2.321608575185087342e-01,2.336697627424973722e-01,2.352342349788635045e-01,2.368492283133721843e-01,2.385098947354394039e-01,2.402115685805075451e-01,2.419497530054908196e-01,2.437201081986445916e-01,2.455184409818355618e-01,2.473406954226048116e-01,2.491829440311910115e-01,2.510413790698240444e-01,2.529123034441072004e-01,2.547921205748473472e-01,2.566773225582252849e-01,2.585644758065223092e-01,2.604502032129345501e-01,2.623311616921574219e-01,2.642040137001968603e-01,2.660653910147343648e-01,2.679118486380110964e-01,2.697398061366361732e-01,2.715454730152180862e-01,2.733247537778118463e-01,2.750731270886021540e-01,2.767854918038139544e-01,2.784559704866576557e-01
2.826610116367396786e-01,2.809527481503482083e-01,2.792053135119000884e-01,2.774246643885792118e-01,2.756158968229740491e-01,2.737834637315232356e-01,2.719313445540308405e-01,2.700631778476653699e-01,2.681823650653330504e-01,2.662921518425394041e-01,2.643956916770877075e-01,2.624960958005775891e-01,2.605964722193538918e-01,2.586999562785985418e-01,2.568097346274078041e-01,2.549290640984198664e-01,2.530612867357646678e-01,2.512098419895135160e-01,2.493782769281453204e-01,2.475702551913050997e-01,2.457895653044335216e-01,2.440401288977063488e-01,2.423260093087218625e-01,2.406514209966924278e-01,2.390207401514916619e-01,2.374385168396891954e-01,2.359094889874341072e-01,2.344385984518142230e-01,2.330310093721381648e-01,2.316921289127940597e-01,2.304276303998995801e-01,2.292434787015813213e-01,2.281459574887326480e-01,2.271416977160509165e-01,2.262377062512382353e-01,2.254413930132307675e-01,2.247605942069176854e-01,2.242035881974476230e-01,2.237790991740341850e-01,2.234962819206856022e-01,2.233646786433195475e-01,2.233941358105503150e-01,2.235946652962971237e-01,2.239762297980817940e-01,2.245484277435150222e-01,2.253200481778099840e-01,2.262984624035906667e-01,2.274888180675337934e-01,2.288930055277719200e-01,2.305083793326783426e-01,2.323262440685835983e-01,2.343301584588749487e-01,2.364941776458645284e-01,2.387812397122872632e-01,2.411419986574546426e-01,2.435144895914035934e-01,2.458250466479464658e-01,2.479908376517237500e-01,2.499241946751417365e-01,2.515386060894946318e-01,2.527558414309096224e-01,2.535133027826054763e-01,2.537704671440135784e-01,2.535133027826063090e-01,2.527558414309095669e-01,2.515386060894951870e-01,2.499241946751410148e-01,2.479908376517230284e-01,2.458250466479466323e-01,2.435144895914031493e-01,2.411419986574562524e-01,2.387812397122875963e-01,2.364941776458649725e-01,2.343301584588749487e-01,2.323262440685831542e-01,2.305083793326786201e-01,2.288930055277720588e-01,2.274888180675337934e-01,2.262984624035907222e-01,2.253200481778089570e-01,2.245484277435153830e-01,2.239762297980820993e-01,2.235946652962966796e-01,2.233941358105503983e-01,2.233646786433204912e-01,2.234962819206857965e-01,2.237790991740343793e-01,2.242035881974481781e-01,2.247605942069178797e-01,2.254413930132315447e-01,2.262377062512379577e-01,2.271416977160511941e-01,2.281459574887323982e-01,2.292434787015816822e-01,2.304276303999001907e-01,2.316921289127948647e-01,2.330310093721386366e-01,2.344385984518145283e-01,2.359094889874342182e-01,2.374385168396894175e-01,2.390207401514917174e-01,2.406514209966922613e-01,2.423260093087216682e-01,2.440401288977063210e-01,2.457895653044332440e-01,2.475702551913054605e-01,2.493782769281451817e-01,2.512098419895139045e-01,2.530612867357648343e-01,2.549290640984198664e-01,2.568097346274079706e-01,2.586999562785985973e-01,2.605964722193543914e-01,2.624960958005772560e-01,2.643956916770875964e-01,2.662921518425397371e-01,2.681823650653331614e-01,2.700631778476656475e-01,2.719313445540307850e-01,2.737834637315231801e-01,2.756158968229744932e-01,2.774246643885790453e-01,2.792053135119003104e-01,2.809527481503478752e-01,2.826610116367391234e-01
2.869212627286120698e-01,2.851683986680518257e-01,2.833793375827127758e-01,2.815601244914943124e-01,2.797158536053895861e-01,2.778509089974302571e-01,2.759691514495564157e-01,2.740740638599954981e-01,2.721688645954056796e-01,2.702565959422055797e-01,2.683401931478135993e-01,2.664225382957266519e-01,2.645065023197780141e-01,2.625949777531147444e-01,2.606909042682552524e-01,2.587972886534610772e-01,2.569172205559104305e-01,2.550538850804963675e-01,2.532105731468651255e-01,2.513906903634997581e-01,2.495977650660863301e-01,2.478354560804198747e-01,2.461075607015039413e-01,2.444180233252949141e-01,2.427709451233520110e-01,2.411705951093915667e-01,2.396214229062598178e-01,2.381280734774915142e-01,2.366954040338503928e-01,2.353285032549752298e-01,2.340327128704788595e-01,2.328136515112216309e-01,2.316772405540954427e-01,2.306297314208436700e-01,2.296777334247322722e-01,2.288282407509968919e-01,2.280886564594381272e-01,2.274668104491037179e-01,2.269709670501100784e-01,2.266098162167934083e-01,2.263924400905107381e-01,2.263282438816092423e-01,2.264268365151483886e-01,2.266978422878398458e-01,2.271506200290981381e-01,2.277938613380506849e-01,2.286350351988044316e-01,2.296796441290529789e-01,2.309302593741922038e-01,2.323853130216868013e-01,2.340376478824172934e-01,2.358728667220498232e-01,2.378675851162691812e-01,2.399877771825211226e-01,2.421875029016377079e-01,2.444083990317806876e-01,2.465803675938946504e-01,2.486238585064721451e-01,2.504539768451544135e-01,2.519863338301374101e-01,2.531441465664427404e-01,2.538656766503644691e-01,2.541108231592423827e-01,2.538656766503633033e-01,2.531441465664419632e-01,2.519863338301362443e-01,2.504539768451551907e-01,2.486238585064726447e-01,2.465803675938942341e-01,2.444083990317804655e-01,2.421875029016378744e-01,2.399877771825215667e-01,2.378675851162691812e-01,2.358728667220496844e-01,2.340376478824177653e-01,2.323853130216870511e-01,2.309302593741922593e-01,2.296796441290525903e-01,2.286350351988050700e-01,2.277938613380516286e-01,2.271506200290984712e-01,2.266978422878400123e-01,2.264268365151480555e-01,2.263282438816088815e-01,2.263924400905102940e-01,2.266098162167939634e-01,2.269709670501092735e-01,2.274668104491035792e-01,2.280886564594380994e-01,2.288282407509973915e-01,2.296777334247321334e-01,2.306297314208433369e-01,2.316772405540951651e-01,2.328136515112216864e-01,2.340327128704791926e-01,2.353285032549756184e-01,2.366954040338504484e-01,2.381280734774921803e-01,2.396214229062596235e-01,2.411705951093913725e-01,2.427709451233520388e-01,2.444180233252948031e-01,2.461075607015034694e-01,2.478354560804200413e-01,2.495977650660864133e-01,2.513906903634997581e-01,2.532105731468654031e-01,2.550538850804962565e-01,2.569172205559107081e-01,2.587972886534606887e-01,2.606909042682546973e-01,2.625949777531145779e-01,2.645065023197779031e-01,2.664225382957260968e-01,2.683401931478142100e-01,2.702565959422053021e-01,2.721688645954059571e-01,2.740740638599956092e-01,2.759691514495565823e-01,2.778509089974304791e-01,2.797158536053894196e-01,2.815601244914942014e-01,2.833793375827124983e-01,2.851683986680522143e-01,2.869212627286118478e-01
2.912697235275224505e-01,2.894650467807990402e-01,2.876274203826519882e-01,2.857629873336788862e-01,2.838768428542527977e-01,2.819733007085223342e-01,2.800560989814704360e-01,2.781285595025319024e-01,2.761937115998164827e-01,2.742543882798534338e-01,2.723133010083872430e-01,2.703730978372425597e-01,2.684364085506852349e-01,2.665058796979144495e-01,2.645842017680606895e-01,2.626741303004226924e-01,2.607785023691608361e-01,2.589002496111103002e-01,2.570424087577781735e-01,2.552081304729238442e-01,2.534006871738994082e-01,2.516234804196225694e-01,2.498800483737412814e-01,2.481740737928660456e-01,2.465093929420071051e-01,2.448900057985192169e-01,2.433200878676957113e-01,2.418040038933772229e-01,2.403463237003380937e-01,2.389518403453217421e-01,2.376255906721447264e-01,2.363728782521240801e-01,2.351992985295167093e-01,2.341107657627040650e-01,2.331135410290665899e-01,2.322142601096021663e-01,2.314199594422301498e-01,2.307380974709420662e-01,2.301765675467028760e-01,2.297436969643871507e-01,2.294482246430015748e-01,2.292992472630505096e-01,2.293061202665099829e-01,2.294782959524355459e-01,2.298250760302736895e-01,2.303552507131085558e-01,2.310765914241818264e-01,2.319951607571149599e-01,2.331144036931807884e-01,2.344339916568196902e-01,2.359484105204609217e-01,2.376453208595536160e-01,2.395037789968144648e-01,2.414924929551117705e-01,2.435683930200389369e-01,2.456759036857879552e-01,2.477473763993245925e-01,2.497051297181931973e-01,2.514653932344106946e-01,2.529441373580652019e-01,2.540643244108818921e-01,2.547636439317630397e-01,2.550014586706599307e-01,2.547636439317628176e-01,2.540643244108818921e-01,2.529441373580658681e-01,2.514653932344115272e-01,2.497051297181922813e-01,2.477473763993249256e-01,2.456759036857885659e-01,2.435683930200399916e-01,2.414924929551114929e-01,2.395037789968152697e-01,2.376453208595540045e-01,2.359484105204610049e-01,2.344339916568197735e-01,2.331144036931808994e-01,2.319951607571146546e-01,2.310765914241827979e-01,2.303552507131083615e-01,2.298250760302744666e-01,2.294782959524349075e-01,2.293061202665098997e-01,2.292992472630503709e-01,2.294482246430020189e-01,2.297436969643863180e-01,2.301765675467031536e-01,2.307380974709423715e-01,2.314199594422306216e-01,2.322142601096022219e-01,2.331135410290669230e-01,2.341107657627041205e-01,2.351992985295165151e-01,2.363728782521239413e-01,2.376255906721448097e-01,2.389518403453220197e-01,2.403463237003373720e-01,2.418040038933775837e-01,2.433200878676955170e-01,2.448900057985197443e-01,2.465093929420067442e-01,2.481740737928662122e-01,2.498800483737416422e-01,2.516234804196216812e-01,2.534006871738986311e-01,2.552081304729238997e-01,2.570424087577782291e-01,2.589002496111106333e-01,2.607785023691612802e-01,2.626741303004223593e-01,2.645842017680602454e-01,2.665058796979147826e-01,2.684364085506849573e-01,2.703730978372425597e-01,2.723133010083871319e-01,2.742543882798529342e-01,2.761937115998168712e-01,2.781285595025317359e-01,2.800560989814696033e-01,2.819733007085223897e-01,2.838768428542525757e-01,2.857629873336792747e-01,2.876274203826522102e-01,2.894650467807993732e-01,2.912697235275231722e-01
2.957152806877162976e-01,2.938513812833249417e-01,2.919580541815435248e-01,2.900415512224703285e-01,2.881069716811497927e-01,2.861585570777444021e-01,2.841999178507609858e-01,2.822342081544818582e-01,2.802642609449290112e-01,2.782926925167999443e-01,2.763219834413649934e-01,2.743545412151394136e-01,2.723927487063213526e-01,2.704390015693902694e-01,2.684957371078755539e-01,2.665654565428219880e-01,2.646507422476435667e-01,2.627542712074827924e-01,2.608788257300140856e-01,2.590273022575188544e-01,2.572027189943086323e-01,2.554082229592272157e-01,2.536470969927138164e-01,2.519227671856038575e-01,2.502388111477853450e-01,2.485989674946534334e-01,2.470071468939856463e-01,2.454674449813121773e-01,2.439841574131638158e-01,2.425617972789898824e-01,2.412051150264648280e-01,2.399191209612890896e-01,2.387091102479285687e-01,2.375806901437054197e-01,2.365398089204065746e-01,2.355927855318854514e-01,2.347463385284294657e-01,2.340076119408234512e-01,2.333841947838123654e-01,2.328841293661192968e-01,2.325159016290228864e-01,2.322884041400602173e-01,2.322108590139025097e-01,2.322926838194063204e-01,2.325432784476502701e-01,2.329717051358982383e-01,2.335862278947237469e-01,2.343936725949655742e-01,2.353985669898017719e-01,2.366020243278479929e-01,2.380003498942222240e-01,2.395833832208479341e-01,2.413326467147140775e-01,2.432194590163431203e-01,2.452032855298773295e-01,2.472307250399501388e-01,2.492356314718901511e-01,2.511408885375081557e-01,2.528622254157402161e-01,2.543141394006334099e-01,2.554174953227974498e-01,2.561078133049772276e-01,2.563428286644165444e-01,2.561078133049770611e-01,2.554174953227970057e-01,2.543141394006329103e-01,2.528622254157406046e-01,2.511408885375078781e-01,2.492356314718903176e-01,2.472307250399494727e-01,2.452032855298779401e-01,2.432194590163436754e-01,2.413326467147136889e-01,2.395833832208481839e-01,2.380003498942220297e-01,2.366020243278486590e-01,2.353985669898014388e-01,2.343936725949657962e-01,2.335862278947239412e-01,2.329717051358982938e-01,2.325432784476502146e-01,2.322926838194061261e-01,2.322108590139023432e-01,2.322884041400604671e-01,2.325159016290227476e-01,2.328841293661192136e-01,2.333841947838122266e-01,2.340076119408235067e-01,2.347463385284296600e-01,2.355927855318858677e-01,2.365398089204067689e-01,2.375806901437054752e-01,2.387091102479290960e-01,2.399191209612882847e-01,2.412051150264648003e-01,2.425617972789901322e-01,2.439841574131642876e-01,2.454674449813125936e-01,2.470071468939855075e-01,2.485989674946537387e-01,2.502388111477860111e-01,2.519227671856035800e-01,2.536470969927138164e-01,2.554082229592272157e-01,2.572027189943080772e-01,2.590273022575186879e-01,2.608788257300136970e-01,2.627542712074829034e-01,2.646507422476434002e-01,2.665654565428219880e-01,2.684957371078758315e-01,2.704390015693904914e-01,2.723927487063215191e-01,2.743545412151393581e-01,2.763219834413646603e-01,2.782926925167999443e-01,2.802642609449291777e-01,2.822342081544814141e-01,2.841999178507608748e-01,2.861585570777449572e-01,2.881069716811494041e-01,2.900415512224701620e-01,2.919580541815436359e-01,2.938513812833245531e-01,2.957152806877160200e-01
3.003012201798591629e-01,2.983698689123366887e-01,2.964129452080334071e-01,2.944368177331648795e-01,2.924465891071819090e-01,2.904464224359221136e-01,2.884397911076680421e-01,2.864296704866865495e-01,2.844186853612560850e-01,2.824092235242577353e-01,2.804035233146700001e-01,2.784037410676616919e-01,2.764120030255623472e-01,2.744304452206808853e-01,2.724612440598622176e-01,2.705066397520449750e-01,2.685689542746427794e-01,2.666506052363986079e-01,2.647541167369620307e-01,2.628821281272017973e-01,2.610374014246760743e-01,2.592228280246193228e-01,2.574414352601134826e-01,2.556963932990438115e-01,2.539910228150410454e-01,2.523288038303682090e-01,2.507133860966283545e-01,2.491486013504507213e-01,2.476384777513480351e-01,2.461872567727108885e-01,2.447994127675162390e-01,2.434796753588756302e-01,2.422330546998127110e-01,2.410648694898928357e-01,2.399807774055192910e-01,2.389868072644369401e-01,2.380893917604502141e-01,2.372953989143492259e-01,2.366121594156010699e-01,2.360474856786369535e-01,2.356096765844892527e-01,2.353074993758337841e-01,2.351501368573859774e-01,2.351470837660064039e-01,2.353079708113880453e-01,2.356422884896133829e-01,2.361589756827008335e-01,2.368658311811483175e-01,2.377687014385838904e-01,2.388703983354046878e-01,2.401693116356521107e-01,2.416577093423084577e-01,2.433197751496110617e-01,2.451295192873341466e-01,2.470488293923496226e-01,2.490260752220729012e-01,2.509958224060023224e-01,2.528802733035843686e-01,2.545929550114637285e-01,2.560448435779381637e-01,2.571525463665063072e-01,2.578474777267343310e-01,2.580843939863568526e-01,2.578474777267341644e-01,2.571525463665070288e-01,2.560448435779381082e-01,2.545929550114642836e-01,2.528802733035843131e-01,2.509958224060020449e-01,2.490260752220720963e-01,2.470488293923493728e-01,2.451295192873344519e-01,2.433197751496101457e-01,2.416577093423100675e-01,2.401693116356518332e-01,2.388703983354049654e-01,2.377687014385844178e-01,2.368658311811486783e-01,2.361589756827011666e-01,2.356422884896129388e-01,2.353079708113877677e-01,2.351470837660059321e-01,2.351501368573858386e-01,2.353074993758334232e-01,2.356096765844893082e-01,2.360474856786363429e-01,2.366121594156005981e-01,2.372953989143488929e-01,2.380893917604498533e-01,2.389868072644367181e-01,2.399807774055192910e-01,2.410648694898922251e-01,2.422330546998124057e-01,2.434796753588753249e-01,2.447994127675158227e-01,2.461872567727103889e-01,2.476384777513479241e-01,2.491486013504511932e-01,2.507133860966285210e-01,2.523288038303683756e-01,2.539910228150417670e-01,2.556963932990436450e-01,2.574414352601134826e-01,2.592228280246193783e-01,2.610374014246763519e-01,2.628821281272020749e-01,2.647541167369614201e-01,2.666506052363986079e-01,2.685689542746425573e-01,2.705066397520449750e-01,2.724612440598623286e-01,2.744304452206804967e-01,2.764120030255620697e-01,2.784037410676619140e-01,2.804035233146698336e-01,2.824092235242576798e-01,2.844186853612559185e-01,2.864296704866869381e-01,2.884397911076677645e-01,2.904464224359222246e-01,2.924465891071819645e-01,2.944368177331650460e-01,2.964129452080335181e-01,2.983698689123372993e-01,3.003012201798593850e-01
3.049909637918891137e-01,3.029840138864502985e-01,3.009556795732513113e-01,2.989124544998430499e-01,2.968594431795733013e-01,2.948007228515094336e-01,2.927396188591751547e-01,2.906789149081956403e-01,2.886210139949944575e-01,2.865680617680808062e-01,2.845220411452592524e-01,2.824848448538886392e-01,2.804583309689226978e-01,2.784443653405069830e-01,2.764448539193861132e-01,2.744617673252373047e-01,2.724971595032992799e-01,2.705531819367146262e-01,2.686320945955688599e-01,2.667362745862276729e-01,2.648682232997787156e-01,2.630305727336970101e-01,2.612260915671067441e-01,2.594576914999185413e-01,2.577284343143060319e-01,2.560415400787643958e-01,2.544003968865596321e-01,2.528085724979506344e-01,2.512698282352650581e-01,2.497881354571125923e-01,2.483676949069494044e-01,2.470129591840082572e-01,2.457286585106646659e-01,2.445198298545889215e-01,2.433918492856838311e-01,2.423504671776178232e-01,2.414018454610920295e-01,2.405525955450087405e-01,2.398098146663870389e-01,2.391811172084887804e-01,2.386746558061610957e-01,2.382991246695481680e-01,2.380637342991478722e-01,2.379781424115767763e-01,2.380523202336361777e-01,2.382963262286568185e-01,2.387199509056105451e-01,2.393321872332331568e-01,2.401404728496621677e-01,2.411496455957065077e-01,2.423605591808885573e-01,2.437683263721032723e-01,2.453602071736225021e-01,2.471132529134838496e-01,2.489919531670294894e-01,2.509463184249625667e-01,2.529110251012552379e-01,2.548063810709582100e-01,2.565418271557803886e-01,2.580223581767687735e-01,2.591575828238973367e-01,2.598722587737197220e-01,2.601163406111604570e-01,2.598722587737195000e-01,2.591575828238965595e-01,2.580223581767678853e-01,2.565418271557803331e-01,2.548063810709582100e-01,2.529110251012558486e-01,2.509463184249629553e-01,2.489919531670292674e-01,2.471132529134849598e-01,2.453602071736227797e-01,2.437683263721037996e-01,2.423605591808888071e-01,2.411496455957067020e-01,2.401404728496618901e-01,2.393321872332338784e-01,2.387199509056111280e-01,2.382963262286568462e-01,2.380523202336357891e-01,2.379781424115770538e-01,2.380637342991477889e-01,2.382991246695472520e-01,2.386746558061613732e-01,2.391811172084887527e-01,2.398098146663868724e-01,2.405525955450088516e-01,2.414018454610924458e-01,2.423504671776177954e-01,2.433918492856835536e-01,2.445198298545890325e-01,2.457286585106651933e-01,2.470129591840083128e-01,2.483676949069490714e-01,2.497881354571126478e-01,2.512698282352648915e-01,2.528085724979506899e-01,2.544003968865594656e-01,2.560415400787645623e-01,2.577284343143062539e-01,2.594576914999185968e-01,2.612260915671067441e-01,2.630305727336968991e-01,2.648682232997786046e-01,2.667362745862280615e-01,2.686320945955687489e-01,2.705531819367147373e-01,2.724971595032990579e-01,2.744617673252370271e-01,2.764448539193861132e-01,2.784443653405071495e-01,2.804583309689224757e-01,2.824848448538884171e-01,2.845220411452585862e-01,2.865680617680807507e-01,2.886210139949943465e-01,2.906789149081949186e-01,2.927396188591754878e-01,2.948007228515092670e-01,2.968594431795725797e-01,2.989124544998422173e-01,3.009556795732507561e-01,3.029840138864499099e-01,3.049909637918885585e-01
3.097905423991874074e-01,3.076990624439087108e-01,3.055908053194187901e-01,3.034723907616864169e-01,3.013489162734628302e-01,2.992243582976578109e-01,2.971018758606022159e-01,2.949840411813814400e-01,2.928730152546641929e-01,2.907706817440767200e-01,2.886787491367638347e-01,2.865988286371551896e-01,2.845324934605132916e-01,2.824813238429690898e-01,2.804469410852988287e-01,2.784310332007693956e-01,2.764353741767650585e-01,2.744618384376548703e-01,2.725124117776741017e-01,2.705891997918297154e-01,2.686944346512836757e-01,2.668304809332858185e-01,2.649998411142225341e-01,2.632051612597824941e-01,2.614492373927882474e-01,2.597350229820670764e-01,2.580656379711094850e-01,2.564443797495969402e-01,2.548747364609652011e-01,2.533604030309465904e-01,2.519053002909455441e-01,2.505135975496112777e-01,2.491897389272941521e-01,2.479384736983630544e-01,2.467648907675592251e-01,2.456744572122765424e-01,2.446730605157455274e-01,2.437670536432628432e-01,2.429633014004909386e-01,2.422692254558156399e-01,2.416928438667652612e-01,2.412427987350417302e-01,2.409283624828776893e-01,2.407594088963637413e-01,2.407463291815321038e-01,2.408998655021704349e-01,2.412308246256644750e-01,2.417496225804370014e-01,2.424655981578744679e-01,2.433860250725327357e-01,2.445147407964658737e-01,2.458503314014635899e-01,2.473838453950989169e-01,2.490960988224441841e-01,2.509547869579912827e-01,2.529118417410515240e-01,2.549017458405287151e-01,2.568417540991895232e-01,2.586350341603824154e-01,2.601774358073891125e-01,2.613678098357595792e-01,2.621206090857983173e-01,2.623783110935875018e-01,2.621206090857983173e-01,2.613678098357594681e-01,2.601774358073893345e-01,2.586350341603818048e-01,2.568417540991903003e-01,2.549017458405281045e-01,2.529118417410523567e-01,2.509547869579906165e-01,2.490960988224444894e-01,2.473838453950985283e-01,2.458503314014635066e-01,2.445147407964657071e-01,2.433860250725323193e-01,2.424655981578748010e-01,2.417496225804370291e-01,2.412308246256650024e-01,2.408998655021699353e-01,2.407463291815316597e-01,2.407594088963636303e-01,2.409283624828779391e-01,2.412427987350418968e-01,2.416928438667653167e-01,2.422692254558166947e-01,2.429633014004908276e-01,2.437670536432631763e-01,2.446730605157457217e-01,2.456744572122772086e-01,2.467648907675590864e-01,2.479384736983625548e-01,2.491897389272937080e-01,2.505135975496117773e-01,2.519053002909455441e-01,2.533604030309467015e-01,2.548747364609649790e-01,2.564443797495967736e-01,2.580656379711095960e-01,2.597350229820670764e-01,2.614492373927875812e-01,2.632051612597827717e-01,2.649998411142225896e-01,2.668304809332852634e-01,2.686944346512828985e-01,2.705891997918298819e-01,2.725124117776738242e-01,2.744618384376546483e-01,2.764353741767647810e-01,2.784310332007692845e-01,2.804469410852986622e-01,2.824813238429688678e-01,2.845324934605129030e-01,2.865988286371554672e-01,2.886787491367641123e-01,2.907706817440767200e-01,2.928730152546646370e-01,2.949840411813818286e-01,2.971018758606021049e-01,2.992243582976574778e-01,3.013489162734635518e-01,3.034723907616870275e-01,3.055908053194190677e-01,3.076990624439086552e-01,3.097905423991869078e-01
3.146951861656591687e-01,3.125102012080661629e-01,3.103134573306186028e-01,3.081117044274943040e-01,3.059100255228454635e-01,3.037122817979346912e-01,3.015214475399811134e-01,2.993398631222877193e-01,2.971694265618822772e-01,2.950117387877531638e-01,2.928682138485617092e-01,2.907401624524243999e-01,2.886288551567401384e-01,2.865355699989309834e-01,2.844616282284240794e-01,2.824084209588113015e-01,2.803774289302695122e-01,2.783702371005570275e-01,2.763885454283577237e-01,2.744341769459897051e-01,2.725090840183497787e-01,2.706153535355637074e-01,2.687552116766114274e-01,2.669310288014818955e-01,2.651453249738618401e-01,2.634007765799794565e-01,2.617002244882334905e-01,2.600466841856119982e-01,2.584433583276192214e-01,2.568936521457463873e-01,2.554011921667592167e-01,2.539698487066852084e-01,2.526037626025423033e-01,2.513073766268029696e-01,2.500854719786597125e-01,2.489432101404178699e-01,2.478861801945482779e-01,2.469204513692021541e-01,2.460526300477338946e-01,2.452899196400478987e-01,2.446401804264144164e-01,2.441119845453649517e-01,2.437146584278793160e-01,2.434583008090839829e-01,2.433537585030824679e-01,2.434125338480707390e-01,2.436465865252000207e-01,2.440679771552297650e-01,2.446882882647843649e-01,2.455177230530997401e-01,2.465637897253735167e-01,2.478294539868275415e-01,2.493106739880615319e-01,2.509933041259446718e-01,2.528495113893043378e-01,2.548341162726577291e-01,2.568816483342882817e-01,2.589053212705362816e-01,2.607993962062319371e-01,2.624462169297544500e-01,2.637282804467931951e-01,2.645440333290888790e-01,2.648241685897386732e-01,2.645440333290888790e-01,2.637282804467927511e-01,2.624462169297547276e-01,2.607993962062319371e-01,2.589053212705360041e-01,2.568816483342885038e-01,2.548341162726572851e-01,2.528495113893036716e-01,2.509933041259446163e-01,2.493106739880613099e-01,2.478294539868275415e-01,2.465637897253727395e-01,2.455177230530989907e-01,2.446882882647843649e-01,2.440679771552298483e-01,2.436465865252000762e-01,2.434125338480704059e-01,2.433537585030823847e-01,2.434583008090843159e-01,2.437146584278802319e-01,2.441119845453654513e-01,2.446401804264146940e-01,2.452899196400478432e-01,2.460526300477339778e-01,2.469204513692019043e-01,2.478861801945483889e-01,2.489432101404180364e-01,2.500854719786594904e-01,2.513073766268031362e-01,2.526037626025418592e-01,2.539698487066855415e-01,2.554011921667588836e-01,2.568936521457460542e-01,2.584433583276196100e-01,2.600466841856119982e-01,2.617002244882333795e-01,2.634007765799789014e-01,2.651453249738620066e-01,2.669310288014815069e-01,2.687552116766118160e-01,2.706153535355637074e-01,2.725090840183491125e-01,2.744341769459897606e-01,2.763885454283572796e-01,2.783702371005569720e-01,2.803774289302694567e-01,2.824084209588115790e-01,2.844616282284236908e-01,2.865355699989310945e-01,2.886288551567401939e-01,2.907401624524248440e-01,2.928682138485612652e-01,2.950117387877529418e-01,2.971694265618822772e-01,2.993398631222878858e-01,3.015214475399811134e-01,3.037122817979343581e-01,3.059100255228452969e-01,3.081117044274941374e-01,3.103134573306183808e-01,3.125102012080658853e-01,3.146951861656592242e-01
3.197483389956024546e-01,3.174597229237379192e-01,3.151648687262573190e-01,3.128706554911346305e-01,3.105821381543357740e-01,3.083030415487240106e-01,3.060361300827382225e-01,3.037834853362203491e-01,3.015467150382888928e-01,2.993271106132451842e-01,2.971257659761982195e-01,2.949436670045528230e-01,2.927817587419085932e-01,2.906409956549692586e-01,2.885223789845824949e-01,2.864269842840999059e-01,2.843559815325745199e-01,2.823106496832064605e-01,2.802923871127341315e-01,2.783027191418485646e-01,2.763433035757246192e-01,2.744159350497482053e-01,2.725225488453718592e-01,2.706652247551756818e-01,2.688461915177215444e-01,2.670678323064705761e-01,2.653326917391999884e-01,2.636434848721278534e-01,2.620031086542131682e-01,2.604146563399163949e-01,2.588814353908989174e-01,2.574069894362738253e-01,2.559951249028854514e-01,2.546499429656839397e-01,2.533758774936173408e-01,2.521777396628363532e-01,2.510607698517715591e-01,2.500306972832418428e-01,2.490938075779693395e-01,2.482570178414220952e-01,2.475279579857698475e-01,2.469150554884740889e-01,2.464276184120229030e-01,2.460759078288509427e-01,2.458711852147719423e-01,2.458257116586181346e-01,2.459526654204336193e-01,2.462659267009385533e-01,2.467796487852379761e-01,2.475075229149817369e-01,2.484615935199818992e-01,2.496504605089371887e-01,2.510766920934431878e-01,2.527333103994475194e-01,2.545993490243589341e-01,2.566347798086893728e-01,2.587756157245081345e-01,2.609306900177634225e-01,2.629822793476714327e-01,2.647929113876497098e-01,2.662197444439977079e-01,2.671354707433687414e-01,2.674513490991673459e-01,2.671354707433685749e-01,2.662197444439982630e-01,2.647929113876503204e-01,2.629822793476714327e-01,2.609306900177634780e-01,2.587756157245076349e-01,2.566347798086897614e-01,2.545993490243587121e-01,2.527333103994465757e-01,2.510766920934433544e-01,2.496504605089367168e-01,2.484615935199820103e-01,2.475075229149824307e-01,2.467796487852378096e-01,2.462659267009383035e-01,2.459526654204332863e-01,2.458257116586178570e-01,2.458711852147716093e-01,2.460759078288502488e-01,2.464276184120236524e-01,2.469150554884741722e-01,2.475279579857690704e-01,2.482570178414220397e-01,2.490938075779683403e-01,2.500306972832421204e-01,2.510607698517720587e-01,2.521777396628367418e-01,2.533758774936167302e-01,2.546499429656833291e-01,2.559951249028851739e-01,2.574069894362738253e-01,2.588814353908987509e-01,2.604146563399167280e-01,2.620031086542132792e-01,2.636434848721270208e-01,2.653326917391996553e-01,2.670678323064700765e-01,2.688461915177215444e-01,2.706652247551762924e-01,2.725225488453710265e-01,2.744159350497477612e-01,2.763433035757251188e-01,2.783027191418487867e-01,2.802923871127339095e-01,2.823106496832064605e-01,2.843559815325748530e-01,2.864269842841001279e-01,2.885223789845825504e-01,2.906409956549693141e-01,2.927817587419085377e-01,2.949436670045524345e-01,2.971257659761987746e-01,2.993271106132449622e-01,3.015467150382888373e-01,3.037834853362202381e-01,3.060361300827382225e-01,3.083030415487245102e-01,3.105821381543358850e-01,3.128706554911345750e-01,3.151648687262571524e-01,3.174597229237379192e-01,3.197483389956030653e-01
3.249352541999147026e-01,3.225328751022274454e-01,3.201302765550919638e-01,3.177344688005983575e-01,3.153504661799304554e-01,3.129818360793760190e-01,3.106311072115660599e-01,3.083000743533226840e-01,3.059900263623052674e-01,3.037019170062180695e-01,3.014364929380753955e-01,2.991943894119926117e-01,2.969762016260376059e-01,2.947825376043737844e-01,2.926140570824504183e-01,2.904714997905813445e-01,2.883557057392178158e-01,2.862676295199850784e-01,2.842083501969738246e-01,2.821790780346908889e-01,2.801811590647703687e-01,2.782160783128156401e-01,2.762854623749561034e-01,2.743910819402155532e-01,2.725348547919310138e-01,2.707188497837917929e-01,2.689452922698469250e-01,2.672165714705345141e-01,2.655352502769339207e-01,2.639040780321517676e-01,2.623260068815633783e-01,2.608042123523086619e-01,2.593421189060758913e-01,2.579434313063608819e-01,2.566121727480569215e-01,2.553527308062596424e-01,2.541699123587906617e-01,2.530690086994457633e-01,2.520558720456447244e-01,2.511370044879912555e-01,2.503196600205803701e-01,2.496119594545544162e-01,2.490230164762670118e-01,2.485630704340810460e-01,2.482436157441210156e-01,2.480775174749123568e-01,2.480790750838230696e-01,2.482639967293552574e-01,2.486492116959489185e-01,2.492524081442242800e-01,2.500911354210419990e-01,2.511812446851835467e-01,2.525343756990708344e-01,2.541541594757259492e-01,2.560308599049661016e-01,2.581344346345628704e-01,2.604066096012228604e-01,2.627536533804484264e-01,2.650429976951256261e-01,2.671080334968280456e-01,2.687649840113037203e-01,2.698422770904798096e-01,2.702164212980269764e-01,2.698422770904806423e-01,2.687649840113042199e-01,2.671080334968278236e-01,2.650429976951257371e-01,2.627536533804482599e-01,2.604066096012231379e-01,2.581344346345629259e-01,2.560308599049663791e-01,2.541541594757259492e-01,2.525343756990707234e-01,2.511812446851833247e-01,2.500911354210417770e-01,2.492524081442250294e-01,2.486492116959490017e-01,2.482639967293552019e-01,2.480790750838229863e-01,2.480775174749121625e-01,2.482436157441212932e-01,2.485630704340816288e-01,2.490230164762672060e-01,2.496119594545543052e-01,2.503196600205800371e-01,2.511370044879911445e-01,2.520558720456446689e-01,2.530690086994452082e-01,2.541699123587907727e-01,2.553527308062593648e-01,2.566121727480568659e-01,2.579434313063607154e-01,2.593421189060757803e-01,2.608042123523086619e-01,2.623260068815632118e-01,2.639040780321513235e-01,2.655352502769342538e-01,2.672165714705339590e-01,2.689452922698467030e-01,2.707188497837916819e-01,2.725348547919309583e-01,2.743910819402159973e-01,2.762854623749562699e-01,2.782160783128156401e-01,2.801811590647702022e-01,2.821790780346904448e-01,2.842083501969734360e-01,2.862676295199849674e-01,2.883557057392178713e-01,2.904714997905818996e-01,2.926140570824509179e-01,2.947825376043738399e-01,2.969762016260376614e-01,2.991943894119926117e-01,3.014364929380760061e-01,3.037019170062172368e-01,3.059900263623051564e-01,3.083000743533228505e-01,3.106311072115662819e-01,3.129818360793757970e-01,3.153504661799304554e-01,3.177344688005983575e-01,3.201302765550917417e-01,3.225328751022276119e-01,3.249352541999147026e-01
3.302893524951335258e-01,3.277617584022905484e-01,3.252405786750323657e-01,3.227329490400377976e-01,3.202438219781827411e-01,3.177765772145106360e-01,3.153334729263245206e-01,3.129159803997048628e-01,3.105250328279732797e-01,3.081612104762325166e-01,3.058248784266340836e-01,3.035162888210299337e-01,3.012356564207975262e-01,2.989832140568397523e-01,2.967592529020844916e-01,2.945641512940755935e-01,2.923983949458600629e-01,2.902625907243326364e-01,2.881574756852667285e-01,2.860839226896946808e-01,2.840429436555014231e-01,2.820356912980885311e-01,2.800634600682395670e-01,2.781276868919619893e-01,2.762299522474729319e-01,2.743719820729531578e-01,2.725556509810684314e-01,2.707829872604948229e-01,2.690561801696537692e-01,2.673775900737925815e-01,2.657497620445763431e-01,2.641754436335290168e-01,2.626576076497363355e-01,2.611994809216239832e-01,2.598045802057223352e-01,2.584767566252381688e-01,2.572202502788428213e-01,2.560397569522695482e-01,2.549405091802850465e-01,2.539283742168569336e-01,2.530099717212143107e-01,2.521928140526319417e-01,2.514854717931230277e-01,2.508977639916357694e-01,2.504409835852872135e-01,2.501281300154650777e-01,2.499741596368706964e-01,2.499962134857424967e-01,2.502137712256422564e-01,2.506486364773657383e-01,2.513245916511607780e-01,2.522664590560553255e-01,2.534981619350266113e-01,2.550392018216462442e-01,2.568988069242511552e-01,2.590670028773732203e-01,2.615023164465867245e-01,2.641172329206121772e-01,2.667653469667237709e-01,2.692380459937966375e-01,2.712811499531650461e-01,2.726383760659967237e-01,2.731151523599626429e-01,2.726383760659965017e-01,2.712811499531650461e-01,2.692380459937966375e-01,2.667653469667244370e-01,2.641172329206115110e-01,2.615023164465862804e-01,2.590670028773729983e-01,2.568988069242514327e-01,2.550392018216457446e-01,2.534981619350258342e-01,2.522664590560553810e-01,2.513245916511598343e-01,2.506486364773656828e-01,2.502137712256427560e-01,2.499962134857425800e-01,2.499741596368700025e-01,2.501281300154653553e-01,2.504409835852873245e-01,2.508977639916356028e-01,2.514854717931235273e-01,2.521928140526314421e-01,2.530099717212140886e-01,2.539283742168567670e-01,2.549405091802843804e-01,2.560397569522693817e-01,2.572202502788433209e-01,2.584767566252382243e-01,2.598045802057222242e-01,2.611994809216238167e-01,2.626576076497367795e-01,2.641754436335288503e-01,2.657497620445765096e-01,2.673775900737919708e-01,2.690561801696532140e-01,2.707829872604946009e-01,2.725556509810685979e-01,2.743719820729531023e-01,2.762299522474725433e-01,2.781276868919617673e-01,2.800634600682403441e-01,2.820356912980883646e-01,2.840429436555017562e-01,2.860839226896949028e-01,2.881574756852663399e-01,2.902625907243321923e-01,2.923983949458602294e-01,2.945641512940753715e-01,2.967592529020847691e-01,2.989832140568388641e-01,3.012356564207980258e-01,3.035162888210299337e-01,3.058248784266348608e-01,3.081612104762325721e-01,3.105250328279733352e-01,3.129159803997048073e-01,3.153334729263241876e-01,3.177765772145110246e-01,3.202438219781825746e-01,3.227329490400379086e-01,3.252405786750326433e-01,3.277617584022908814e-01,3.302893524951338033e-01
3.357960521675087961e-01,3.331317458788582986e-01,3.304811027302074211e-01,3.278513816060482089e-01,3.252474528999338976e-01,3.226724781311842705e-01,3.201284089863625226e-01,3.176163550285722170e-01,3.151368552348194907e-01,3.126900786703987190e-01,3.102759726583102506e-01,3.078943718572961230e-01,3.055450781180293340e-01,3.032279184284508711e-01,3.009427864000575603e-01,2.986896713876484588e-01,2.964686783359679612e-01,2.942800407089664616e-01,2.921241283107736120e-01,2.900014514016613920e-01,2.879126622110730893e-01,2.858585547271522698e-01,2.838400634792882515e-01,2.818582619135248102e-01,2.799143608805863548e-01,2.780097077062578803e-01,2.761457862894983184e-01,2.743242186726400078e-01,2.725467685495239767e-01,2.708153472221726532e-01,2.691320225868450433e-01,2.674990318299529934e-01,2.659187986488819599e-01,2.643939559903237257e-01,2.629273755292804715e-01,2.615222054091869697e-01,2.601819181441661355e-01,2.589103710692450266e-01,2.577118823377558821e-01,2.565913262345279056e-01,2.555542525272905818e-01,2.546070355348483139e-01,2.537570580170169232e-01,2.530129524015042874e-01,2.523848771546941538e-01,2.518848762650715001e-01,2.515273090492703423e-01,2.513293620299867914e-01,2.513116357345311358e-01,2.514987727086691049e-01,2.519200378635442217e-01,2.526096555285151091e-01,2.536065112252350318e-01,2.549524852394159935e-01,2.566881411184704365e-01,2.588437480462299489e-01,2.614229279217272217e-01,2.643765150560614674e-01,2.675676542149671988e-01,2.707388039894035869e-01,2.735071457195110689e-01,2.754244777408631495e-01,2.761134450633350723e-01,2.754244777408629830e-01,2.735071457195109579e-01,2.707388039894028098e-01,2.675676542149663106e-01,2.643765150560619115e-01,2.614229279217276658e-01,2.588437480462306151e-01,2.566881411184703810e-01,2.549524852394164376e-01,2.536065112252346987e-01,2.526096555285142209e-01,2.519200378635435555e-01,2.514987727086685498e-01,2.513116357345308582e-01,2.513293620299866804e-01,2.515273090492707864e-01,2.518848762650706119e-01,2.523848771546938208e-01,2.530129524015048426e-01,2.537570580170168122e-01,2.546070355348482028e-01,2.555542525272904708e-01,2.565913262345273504e-01,2.577118823377562151e-01,2.589103710692447491e-01,2.601819181441666906e-01,2.615222054091870807e-01,2.629273755292799164e-01,2.643939559903232261e-01,2.659187986488820155e-01,2.674990318299528269e-01,2.691320225868455984e-01,2.708153472221714875e-01,2.725467685495241432e-01,2.743242186726396192e-01,2.761457862894985960e-01,2.780097077062582134e-01,2.799143608805863548e-01,2.818582619135241996e-01,2.838400634792887511e-01,2.858585547271524918e-01,2.879126622110729228e-01,2.900014514016607259e-01,2.921241283107732234e-01,2.942800407089658510e-01,2.964686783359676281e-01,2.986896713876481813e-01,3.009427864000573938e-01,3.032279184284507045e-01,3.055450781180291675e-01,3.078943718572959010e-01,3.102759726583101951e-01,3.126900786703991630e-01,3.151368552348192686e-01,3.176163550285720505e-01,3.201284089863626892e-01,3.226724781311839929e-01,3.252474528999338976e-01,3.278513816060480424e-01,3.304811027302072546e-01,3.331317458788571884e-01,3.357960521675089072e-01
3.414774078824088233e-01,3.386637571013179637e-01,3.358717346972695528e-01,3.331087147361596057e-01,3.303794578773961987e-01,3.276868687368130750e-01,3.250325482752844386e-01,3.224171980348706779e-01,3.198409165465461723e-01,3.173034167612357459e-01,3.148041853075758123e-01,3.123425986864010184e-01,3.099180074527780326e-01,3.075297965209475848e-01,3.051774276192131263e-01,3.028604683874058789e-01,3.005786114864248404e-01,2.983316862628935806e-01,2.961196649013060345e-01,2.939426645431547080e-01,2.918009465161450211e-01,2.896949135667921116e-01,2.876251058050176002e-01,2.855921959342042626e-01,2.835969842435024368e-01,2.816403937732342988e-01,2.797234660235803916e-01,2.778473575584029520e-01,2.760133378582833585e-01,2.742227888000438041e-01,2.724772061856892691e-01,2.707782038157313664e-01,2.691275207058076990e-01,2.675270321902936121e-01,2.659787658545492706e-01,2.644849235063160831e-01,2.630479107615686929e-01,2.616703763162834817e-01,2.603552636539333554e-01,2.591058788770268517e-01,2.579259781187321909e-01,2.568198867095315974e-01,2.557926544784568934e-01,2.548502533341091003e-01,2.539998511802264436e-01,2.532501735987583991e-01,2.526119911392340489e-01,2.520987787415348014e-01,2.517276112165346413e-01,2.515203798455663553e-01,2.515054367932291757e-01,2.517197837905285063e-01,2.522118838226282689e-01,2.530449965612858731e-01,2.543003942583202948e-01,2.560783964272676516e-01,2.584918683763948732e-01,2.616402608143185149e-01,2.655427735467937311e-01,2.700078305180506066e-01,2.744614085425127192e-01,2.778949489984011145e-01,2.792057693725555900e-01,2.778949489984008370e-01,2.744614085425119976e-01,2.700078305180496074e-01,2.655427735467926209e-01,2.616402608143192365e-01,2.584918683763949843e-01,2.560783964272668745e-01,2.543003942583204613e-01,2.530449965612861507e-01,2.522118838226286575e-01,2.517197837905277846e-01,2.515054367932297308e-01,2.515203798455672990e-01,2.517276112165356405e-01,2.520987787415346904e-01,2.526119911392340489e-01,2.532501735987587321e-01,2.539998511802264991e-01,2.548502533341093224e-01,2.557926544784568379e-01,2.568198867095320970e-01,2.579259781187323575e-01,2.591058788770264076e-01,2.603552636539335219e-01,2.616703763162832042e-01,2.630479107615685819e-01,2.644849235063156390e-01,2.659787658545494926e-01,2.675270321902935566e-01,2.691275207058073660e-01,2.707782038157316995e-01,2.724772061856891026e-01,2.742227888000435265e-01,2.760133378582839692e-01,2.778473575584032296e-01,2.797234660235812242e-01,2.816403937732339657e-01,2.835969842435021038e-01,2.855921959342040406e-01,2.876251058050178222e-01,2.896949135667917785e-01,2.918009465161446325e-01,2.939426645431551521e-01,2.961196649013055349e-01,2.983316862628938582e-01,3.005786114864250069e-01,3.028604683874052128e-01,3.051774276192121826e-01,3.075297965209477513e-01,3.099180074527777551e-01,3.123425986864008519e-01,3.148041853075753682e-01,3.173034167612357459e-01,3.198409165465456727e-01,3.224171980348707334e-01,3.250325482752842721e-01,3.276868687368126865e-01,3.303794578773969759e-01,3.331087147361595502e-01,3.358717346972699413e-01,3.386637571013187964e-01,3.414774078824090453e-01
3.473534984992091013e-01,3.443766604262869513e-01,3.414302419441979652e-01,3.385217180406696613e-01,3.356557037299597868e-01,3.328347989739209312e-01,3.300602006202437710e-01,3.273321470179983983e-01,3.246502416152937665e-01,3.220136884659680621e-01,3.194214632422396893e-01,3.168724367875474512e-01,3.143654635903392336e-01,3.118994442348023699e-01,3.094733684919867001e-01,3.070863439815142426e-01,3.047376140704745606e-01,3.024265677493295223e-01,3.001527435411756595e-01,2.979158289938483861e-01,2.957156569265865786e-01,2.935521993199293189e-01,2.914255595244141239e-01,2.893359633022341004e-01,2.872837490931615667e-01,2.852693578017442277e-01,2.832933223299440861e-01,2.813562570223792081e-01,2.794588471462101098e-01,2.776018384912258274e-01,2.757860271455109258e-01,2.740122494763441718e-01,2.722813723230915195e-01,2.705942833878541842e-01,2.689518817894046010e-01,2.673550687261380676e-01,2.658047381746303506e-01,2.643017675348369733e-01,2.628470081412609960e-01,2.614412724982102532e-01,2.600853318511334167e-01,2.587798994892265281e-01,2.575256191503620395e-01,2.563230556690930806e-01,2.551726845823139023e-01,2.540748852391545576e-01,2.530299424873663772e-01,2.520380681158094771e-01,2.510994660463703454e-01,2.502144932848424097e-01,2.493840318272999013e-01,2.486103345580355228e-01,2.478989692356806940e-01,2.472634102113217824e-01,2.467363259917049467e-01,2.463986878258072888e-01,2.464583400587367079e-01,2.474645282766143040e-01,2.508145139728547024e-01,2.590514542259090836e-01,2.716992402000643070e-01,2.803090268481150393e-01,2.823866912463308676e-01,2.803090268481140401e-01,2.716992402000630857e-01,2.590514542259084729e-01,2.508145139728521489e-01,2.474645282766134435e-01,2.464583400587385675e-01,2.463986878258080937e-01,2.467363259917060292e-01,2.472634102113209220e-01,2.478989692356808050e-01,2.486103345580349122e-01,2.493840318273009837e-01,2.502144932848421321e-01,2.510994660463704009e-01,2.520380681158103098e-01,2.530299424873656555e-01,2.540748852391546686e-01,2.551726845823135137e-01,2.563230556690926365e-01,2.575256191503620951e-01,2.587798994892267501e-01,2.600853318511335832e-01,2.614412724982100866e-01,2.628470081412612180e-01,2.643017675348373063e-01,2.658047381746304616e-01,2.673550687261376790e-01,2.689518817894049341e-01,2.705942833878544063e-01,2.722813723230907423e-01,2.740122494763442274e-01,2.757860271455113699e-01,2.776018384912254944e-01,2.794588471462107759e-01,2.813562570223792636e-01,2.832933223299440306e-01,2.852693578017449494e-01,2.872837490931615112e-01,2.893359633022338229e-01,2.914255595244136243e-01,2.935521993199291524e-01,2.957156569265856905e-01,2.979158289938484416e-01,3.001527435411755484e-01,3.024265677493289672e-01,3.047376140704743941e-01,3.070863439815140206e-01,3.094733684919860894e-01,3.118994442348022589e-01,3.143654635903390671e-01,3.168724367875476178e-01,3.194214632422398559e-01,3.220136884659681176e-01,3.246502416152942661e-01,3.273321470179982873e-01,3.300602006202438821e-01,3.328347989739211532e-01,3.356557037299595647e-01,3.385217180406703275e-01,3.414302419441979097e-01,3.443766604262872844e-01,3.473534984992092123e-01
3.534195285188165836e-01,3.502652119947094467e-01,3.471509721645139046e-01,3.440843715681578541e-01,3.410698415429297969e-01,3.381096259372872725e-01,3.352044596461793979e-01,3.323540579470319334e-01,3.295574698752796183e-01,3.268133332583978978e-01,3.241200581990507645e-01,3.214759582256172532e-01,3.188793429888365227e-01,3.163285825887096614e-01,3.138221508987971697e-01,3.113586532957317576e-01,3.089368427788252713e-01,3.065556274240558987e-01,3.042140713500965932e-01,3.019113908044935846e-01,2.996469465509666863e-01,2.974202334140133019e-01,2.952308675858414944e-01,2.930785721011004985e-01,2.909631607206324966e-01,2.888845203229522540e-01,2.868425917703410488e-01,2.848373490847909695e-01,2.828687766270850390e-01,2.809368438080494523e-01,2.790414766599750296e-01,2.771825253390239885e-01,2.753597262898717091e-01,2.735726573440440679e-01,2.718206833888974217e-01,2.701028893535383779e-01,2.684179959921614289e-01,2.667642521549792867e-01,2.651392895165753383e-01,2.635399501058492411e-01,2.619620202422787147e-01,2.603998892915882490e-01,2.588460648914982509e-01,2.572904789027494199e-01,2.557194728974786502e-01,2.541142790610596003e-01,2.524486846231903114e-01,2.506853343649125820e-01,2.487696847981414050e-01,2.466197657861714243e-01,2.441082061438577533e-01,2.410296964163421152e-01,2.370419541437783773e-01,2.315721705907597128e-01,2.238217969884913061e-01,2.146179904818575346e-01,2.240899289432698449e-01,2.826185002937305346e-01,2.994142039104324970e-01,2.943817019029760784e-01,2.893810545499454490e-01,2.865372504167372214e-01,2.856367101796536967e-01,2.865372504167368883e-01,2.893810545499457820e-01,2.943817019029759674e-01,2.994142039104331077e-01,2.826185002937326440e-01,2.240899289432825847e-01,2.146179904818588668e-01,2.238217969884898906e-01,2.315721705907579642e-01,2.370419541437774058e-01,2.410296964163418099e-01,2.441082061438562267e-01,2.466197657861713410e-01,2.487696847981413495e-01,2.506853343649125820e-01,2.524486846231905335e-01,2.541142790610590452e-01,2.557194728974783171e-01,2.572904789027482542e-01,2.588460648914978068e-01,2.603998892915885821e-01,2.619620202422787147e-01,2.635399501058491301e-01,2.651392895165758934e-01,2.667642521549797863e-01,2.684179959921610958e-01,2.701028893535382669e-01,2.718206833888979213e-01,2.735726573440442344e-01,2.753597262898717646e-01,2.771825253390242660e-01,2.790414766599741969e-01,2.809368438080493968e-01,2.828687766270855941e-01,2.848373490847908585e-01,2.868425917703407158e-01,2.888845203229517544e-01,2.909631607206321080e-01,2.930785721011003320e-01,2.952308675858413833e-01,2.974202334140135795e-01,2.996469465509657981e-01,3.019113908044941397e-01,3.042140713500967597e-01,3.065556274240561763e-01,3.089368427788243276e-01,3.113586532957323127e-01,3.138221508987978914e-01,3.163285825887093838e-01,3.188793429888365227e-01,3.214759582256166426e-01,3.241200581990507090e-01,3.268133332583977313e-01,3.295574698752796183e-01,3.323540579470312673e-01,3.352044596461794534e-01,3.381096259372872725e-01,3.410698415429297969e-01,3.440843715681577430e-01,3.471509721645139046e-01,3.502652119947098908e-01,3.534195285188166946e-01
3.596922471576005087e-01,3.563449397297329679e-01,3.530483447148370368e-01,3.498100931713580830e-01,3.466343862640643425e-01,3.435230506205763645e-01,3.404762914339368729e-01,3.374932313620101487e-01,3.345722965161946338e-01,3.317114925686612259e-01,3.289086014245443113e-01,3.261613201584143695e-01,3.234673577817908652e-01,3.208245010738858816e-01,3.182306576198387638e-01,3.156838819839168919e-01,3.131823893412019055e-01,3.107245597208982968e-01,3.083089351522251831e-01,3.059342113607557145e-01,3.035992251757143601e-01,3.013029384305055403e-01,2.990444188351923938e-01,2.968228180440153907e-01,2.946373469114376142e-01,2.924872477075537436e-01,2.903717628289998465e-01,2.882900992745803803e-01,2.862413878310852700e-01,2.842246355026870619e-01,2.822386691734007913e-01,2.802820677548407691e-01,2.783530790505164831e-01,2.764495161283363478e-01,2.745686259298273368e-01,2.727069198467543254e-01,2.708599514430639066e-01,2.690220137104291642e-01,2.671857557734585442e-01,2.653416030399343706e-01,2.634769806419978155e-01,2.615751784234038313e-01,2.596136771676987864e-01,2.575616134580815952e-01,2.553758262298575499e-01,2.529944856262537622e-01,2.503264372227953505e-01,2.472326207542857868e-01,2.434921538411496666e-01,2.387375284048808555e-01,2.323270920968073527e-01,2.231101006977135592e-01,2.092981883240782603e-01,1.929239992185556307e-01,2.247580864188813143e-01,3.087666634698473245e-01,3.152238039814080350e-01,3.061771152006537711e-01,2.989168118031365617e-01,2.941063907591420223e-01,2.911114531703492547e-01,2.894732490525290247e-01,2.889516444284396246e-01,2.894732490525291912e-01,2.911114531703488661e-01,2.941063907591428550e-01,2.989168118031362287e-01,3.061771152006537711e-01,3.152238039814088122e-01,3.087666634698408852e-01,2.247580864188719052e-01,1.929239992185555197e-01,2.092981883240784824e-01,2.231101006977152801e-01,2.323270920968047715e-01,2.387375284048789126e-01,2.434921538411506381e-01,2.472326207542862309e-01,2.503264372227957946e-01,2.529944856262543174e-01,2.553758262298574389e-01,2.575616134580812067e-01,2.596136771676984534e-01,2.615751784234032207e-01,2.634769806419984817e-01,2.653416030399343706e-01,2.671857557734588218e-01,2.690220137104288867e-01,2.708599514430642397e-01,2.727069198467538813e-01,2.745686259298273368e-01,2.764495161283355706e-01,2.783530790505157615e-01,2.802820677548403805e-01,2.822386691734006803e-01,2.842246355026868954e-01,2.862413878310852700e-01,2.882900992745805469e-01,2.903717628290000130e-01,2.924872477075535770e-01,2.946373469114378918e-01,2.968228180440154462e-01,2.990444188351923938e-01,3.013029384305054847e-01,3.035992251757147486e-01,3.059342113607558256e-01,3.083089351522254051e-01,3.107245597208987964e-01,3.131823893412016280e-01,3.156838819839175581e-01,3.182306576198377090e-01,3.208245010738855485e-01,3.234673577817904766e-01,3.261613201584141475e-01,3.289086014245445888e-01,3.317114925686601712e-01,3.345722965161947449e-01,3.374932313620104263e-01,3.404762914339362068e-01,3.435230506205761980e-01,3.466343862640641205e-01,3.498100931713581940e-01,3.530483447148365372e-01,3.563449397297317467e-01,3.596922471576006197e-01
3.661848793526869539e-01,3.626278752327004584e-01,3.591333097656997375e-01,3.557088583612463828e-01,3.523584370672446786e-01,3.490833843031701522e-01,3.458832975684440481e-01,3.427566273252753981e-01,3.397010987177927488e-01,3.367140104042184445e-01,3.337924451380932522e-01,3.309334166188984128e-01,3.281339700818056704e-01,3.253912491403548324e-01,3.227025378833118241e-01,3.200652847165467718e-01,3.174771126304264945e-01,3.149358192544347013e-01,3.124393690875883478e-01,3.099858795627405961e-01,3.075736020407051075e-01,3.052008983815767684e-01,3.028662133636925713e-01,3.005680428812697591e-01,2.983048975197027941e-01,2.960752607533282399e-01,2.938775406014325076e-01,2.917100130748081499e-01,2.895707550949791487e-01,2.874575636984892935e-01,2.853678571444806522e-01,2.832985518691156224e-01,2.812459068385080307e-01,2.792053233778175603e-01,2.771710834379136346e-01,2.751359993895587941e-01,2.730909438665763966e-01,2.710242078537442034e-01,2.689205726542726604e-01,2.667600035666373159e-01,2.645157181111773004e-01,2.621512717851554042e-01,2.596160309993295057e-01,2.568379062191706308e-01,2.537112456106429548e-01,2.500758004782814292e-01,2.456784292945039805e-01,2.400998790492524793e-01,2.326091105002189852e-01,2.218795556280804826e-01,2.056589186619566800e-01,1.837992272223496482e-01,2.012335602244465227e-01,3.097240447414073561e-01,3.289989960905905231e-01,3.190776338910787380e-01,3.098260151742208701e-01,3.032811665140761614e-01,2.987874041450090945e-01,2.957473413393695849e-01,2.937849268640567169e-01,2.926820296973219881e-01,2.923259875234365812e-01,2.926820296973223767e-01,2.937849268640571609e-01,2.957473413393700845e-01,2.987874041450087059e-01,3.032811665140766610e-01,3.098260151742218138e-01,3.190776338910790155e-01,3.289989960905897459e-01,3.097240447414122966e-01,2.012335602244360311e-01,1.837992272223501200e-01,2.056589186619533494e-01,2.218795556280809267e-01,2.326091105002205117e-01,2.400998790492528123e-01,2.456784292945031201e-01,2.500758004782810962e-01,2.537112456106419556e-01,2.568379062191705198e-01,2.596160309993300053e-01,2.621512717851547936e-01,2.645157181111779110e-01,2.667600035666368719e-01,2.689205726542727160e-01,2.710242078537438704e-01,2.730909438665763966e-01,2.751359993895585165e-01,2.771710834379137456e-01,2.792053233778168386e-01,2.812459068385075311e-01,2.832985518691152893e-01,2.853678571444812628e-01,2.874575636984893490e-01,2.895707550949793707e-01,2.917100130748079279e-01,2.938775406014327851e-01,2.960752607533289060e-01,2.983048975197020725e-01,3.005680428812693705e-01,3.028662133636927933e-01,3.052008983815765464e-01,3.075736020407052740e-01,3.099858795627402630e-01,3.124393690875881258e-01,3.149358192544345902e-01,3.174771126304256619e-01,3.200652847165464943e-01,3.227025378833116021e-01,3.253912491403542218e-01,3.281339700818057814e-01,3.309334166188983017e-01,3.337924451380926971e-01,3.367140104042177229e-01,3.397010987177924712e-01,3.427566273252757312e-01,3.458832975684444366e-01,3.490833843031697636e-01,3.523584370672447896e-01,3.557088583612465493e-01,3.591333097657000706e-01,3.626278752327010690e-01,3.661848793526862877e-01
3.729121003980409021e-01,3.691273486576065466e-01,3.654179807125206847e-01,3.617916858714776418e-01,3.582520300951109182e-01,3.547997810302540023e-01,3.514338385872540771e-01,3.481518898747174573e-01,3.449508700724608912e-01,3.418272857444709656e-01,3.387774400350282433e-01,3.357975874786746084e-01,3.328840380398178089e-01,3.300332243259542220e-01,3.272417419191448462e-01,3.245063699243854183e-01,3.218240767872946329e-01,3.191920149438360332e-01,3.166075067619001371e-01,3.140680233983116354e-01,3.115711575378933840e-01,3.091145904380668274e-01,3.066960532207911316e-01,3.043132818881879031e-01,3.019639650454867819e-01,2.996456827473308326e-01,2.973558341835713104e-01,2.950915510124749175e-01,2.928495919266310699e-01,2.906262123451554547e-01,2.884170007334371233e-01,2.862166696036750335e-01,2.840187841928703549e-01,2.818154043040623780e-01,2.795965988212440467e-01,2.773497961735837958e-01,2.750588629630350557e-01,2.727027904262873670e-01,2.702537946652169287e-01,2.676744731487751827e-01,2.649134398991719319e-01,2.618984114880801850e-01,2.585248596705166935e-01,2.546366248449736802e-01,2.499912690672905502e-01,2.441950692275136614e-01,2.365753311535603864e-01,2.259257696580641572e-01,2.100812342483645845e-01,1.865340821504499202e-01,1.725971574811492049e-01,2.716707063470568673e-01,3.380293315036642099e-01,3.334014266605720422e-01,3.224490643569938864e-01,3.139664161186546676e-01,3.078941889274102173e-01,3.035563103037155486e-01,3.004585077497006762e-01,2.982866658779142477e-01,2.968469144258816250e-01,2.960237055608712087e-01,2.957557095744206554e-01,2.960237055608706536e-01,2.968469144258823467e-01,2.982866658779144142e-01,3.004585077497012313e-01,3.035563103037147159e-01,3.078941889274099952e-01,3.139664161186542235e-01,3.224490643569925541e-01,3.334014266605718202e-01,3.380293315036648760e-01,2.716707063470623074e-01,1.725971574811447640e-01,1.865340821504446189e-01,2.100812342483665274e-01,2.259257696580647679e-01,2.365753311535600256e-01,2.441950692275141332e-01,2.499912690672904947e-01,2.546366248449725700e-01,2.585248596705168600e-01,2.618984114880800740e-01,2.649134398991718764e-01,2.676744731487747386e-01,2.702537946652169287e-01,2.727027904262879776e-01,2.750588629630345561e-01,2.773497961735846284e-01,2.795965988212439357e-01,2.818154043040622114e-01,2.840187841928706325e-01,2.862166696036754776e-01,2.884170007334370678e-01,2.906262123451548995e-01,2.928495919266309588e-01,2.950915510124749175e-01,2.973558341835715879e-01,2.996456827473307771e-01,3.019639650454861157e-01,3.043132818881875701e-01,3.066960532207908541e-01,3.091145904380672160e-01,3.115711575378924958e-01,3.140680233983119130e-01,3.166075067619001371e-01,3.191920149438352006e-01,3.218240767872947439e-01,3.245063699243852517e-01,3.272417419191446242e-01,3.300332243259542220e-01,3.328840380398182530e-01,3.357975874786747195e-01,3.387774400350277992e-01,3.418272857444700774e-01,3.449508700724608912e-01,3.481518898747175128e-01,3.514338385872542991e-01,3.547997810302540578e-01,3.582520300951109737e-01,3.617916858714771977e-01,3.654179807125206292e-01,3.691273486576059915e-01,3.729121003980407911e-01
3.798882157071907240e-01,3.758562394068393209e-01,3.719139497739438194e-01,3.680690128265287631e-01,3.643245683980885774e-01,3.606807179569613275e-01,3.571355607306937463e-01,3.536859164995758142e-01,3.503278293871332494e-01,3.470569175173169874e-01,3.438686135041357228e-01,3.407583271607887432e-01,3.377215524652202872e-01,3.347539343211623497e-01,3.318513060954871308e-01,3.290097056823413357e-01,3.262253755276881551e-01,3.234947503601596774e-01,3.208144351175336584e-01,3.181811745917823009e-01,3.155918155359400123e-01,3.130432613029148770e-01,3.105324184529257292e-01,3.080561341099805062e-01,3.056111221030277658e-01,3.031938750157872620e-01,3.008005580885235175e-01,2.984268793224749139e-01,2.960679279248919493e-01,2.937179700855628850e-01,2.913701865101250843e-01,2.890163293921978460e-01,2.866462664514080050e-01,2.842473566888953362e-01,2.818036162160475477e-01,2.792945054723665055e-01,2.766932080206890854e-01,2.739640969477031840e-01,2.710589022488187338e-01,2.679107468490895538e-01,2.644245533219409805e-01,2.604610243607346498e-01,2.558087403931347814e-01,2.501332452101320269e-01,2.428795906654373504e-01,2.330789644504727143e-01,2.189787297224719265e-01,1.976808185593987854e-01,1.698353258938510857e-01,1.950090869457053178e-01,3.211621739057886615e-01,3.465543513308231849e-01,3.368675126980079648e-01,3.264110103285474684e-01,3.184953804927858068e-01,3.126962503731858800e-01,3.084213914080893293e-01,3.052521209244155043e-01,3.029160005226472219e-01,3.012378180339995160e-01,3.001058304185202363e-01,2.994513606616874268e-01,2.992371418480155865e-01,2.994513606616878154e-01,3.001058304185211800e-01,3.012378180339990719e-01,3.029160005226485541e-01,3.052521209244151712e-01,3.084213914080889962e-01,3.126962503731856580e-01,3.184953804927841414e-01,3.264110103285485232e-01,3.368675126980092971e-01,3.465543513308225743e-01,3.211621739057828884e-01,1.950090869457045128e-01,1.698353258938484489e-01,1.976808185593982581e-01,2.189787297224694285e-01,2.330789644504720204e-01,2.428795906654365733e-01,2.501332452101331927e-01,2.558087403931348924e-01,2.604610243607345943e-01,2.644245533219419797e-01,2.679107468490893873e-01,2.710589022488186783e-01,2.739640969477032395e-01,2.766932080206884192e-01,2.792945054723665610e-01,2.818036162160475477e-01,2.842473566888951697e-01,2.866462664514078384e-01,2.890163293921979015e-01,2.913701865101248623e-01,2.937179700855626630e-01,2.960679279248919493e-01,2.984268793224744698e-01,3.008005580885234620e-01,3.031938750157875950e-01,3.056111221030278213e-01,3.080561341099800621e-01,3.105324184529255627e-01,3.130432613029145439e-01,3.155918155359401234e-01,3.181811745917823009e-01,3.208144351175336029e-01,3.234947503601600660e-01,3.262253755276878220e-01,3.290097056823407806e-01,3.318513060954872418e-01,3.347539343211626828e-01,3.377215524652202872e-01,3.407583271607886322e-01,3.438686135041354452e-01,3.470569175173165988e-01,3.503278293871334714e-01,3.536859164995764249e-01,3.571355607306934687e-01,3.606807179569618826e-01,3.643245683980886884e-01,3.680690128265284300e-01,3.719139497739435418e-01,3.758562394068389878e-01,3.798882157071902244e-01
3.871058707857000236e-01,3.828058423916666508e-01,3.786113265306136899e-01,3.745299167039342625e-01,3.705642347065843945e-01,3.667136034165188185e-01,3.629752015619975847e-01,3.593448618587388177e-01,3.558176217370292438e-01,3.523881012241264488e-01,3.490507592919901980e-01,3.458000642197054386e-01,3.426306027354501516e-01,3.395371452517171873e-01,3.365146793072399389e-01,3.335584196580489436e-01,3.306638008317649424e-01,3.278264560405691475e-01,3.250421849075289527e-01,3.223069113316603951e-01,3.196166318749827928e-01,3.169673542000472355e-01,3.143550242302759479e-01,3.117754397585995041e-01,3.092241470896709976e-01,3.066963158359315988e-01,3.041865850163018581e-01,3.016888708633587157e-01,2.991961228305386467e-01,2.967000085856512648e-01,2.941905003077815994e-01,2.916553220011250946e-01,2.890791864376328624e-01,2.864427774383397907e-01,2.837212418879502818e-01,2.808820537211403345e-01,2.778818291819383224e-01,2.746614667699822654e-01,2.711385023277473882e-01,2.671946622627587309e-01,2.626547970233431561e-01,2.572496454964078860e-01,2.505468689079308753e-01,2.418174940711207144e-01,2.297722486164438249e-01,2.121032808144405757e-01,1.856633266221656697e-01,1.604654871379665171e-01,2.375485873920838154e-01,3.435642129877327089e-01,3.513755466778402670e-01,3.407180814041072536e-01,3.308184700001233214e-01,3.232774687238078037e-01,3.176307899422506353e-01,3.133645270942790328e-01,3.101135262411238713e-01,3.076344295389214500e-01,3.057659748682000633e-01,3.044010970909629687e-01,3.034694208431401030e-01,3.029266410594718129e-01,3.027483183029970881e-01,3.029266410594724790e-01,3.034694208431404361e-01,3.044010970909628022e-01,3.057659748682000633e-01,3.076344295389213945e-01,3.101135262411247040e-01,3.133645270942789773e-01,3.176307899422511349e-01,3.232774687238072486e-01,3.308184700001228218e-01,3.407180814041069761e-01,3.513755466778409331e-01,3.435642129877300999e-01,2.375485873920865909e-01,1.604654871379655456e-01,1.856633266221673073e-01,2.121032808144410475e-01,2.297722486164452127e-01,2.418174940711195209e-01,2.505468689079296540e-01,2.572496454964089962e-01,2.626547970233429896e-01,2.671946622627589529e-01,2.711385023277473327e-01,2.746614667699824874e-01,2.778818291819383224e-01,2.808820537211410007e-01,2.837212418879502818e-01,2.864427774383401792e-01,2.890791864376325293e-01,2.916553220011243175e-01,2.941905003077814329e-01,2.967000085856519864e-01,2.991961228305384801e-01,3.016888708633588823e-01,3.041865850163019136e-01,3.066963158359313768e-01,3.092241470896719413e-01,3.117754397585997816e-01,3.143550242302756148e-01,3.169673542000476241e-01,3.196166318749827373e-01,3.223069113316598400e-01,3.250421849075284531e-01,3.278264560405688699e-01,3.306638008317652755e-01,3.335584196580491101e-01,3.365146793072395504e-01,3.395371452517178534e-01,3.426306027354503181e-01,3.458000642197056607e-01,3.490507592919899205e-01,3.523881012241265598e-01,3.558176217370295769e-01,3.593448618587390953e-01,3.629752015619977512e-01,3.667136034165188185e-01,3.705642347065840614e-01,3.745299167039338739e-01,3.786113265306144116e-01,3.828058423916665398e-01,3.871058707857002457e-01
3.945731678007428633e-01,3.899826433679651760e-01,3.855151596666776537e-01,3.811781768407354609e-01,3.769736902004635071e-01,3.729001134538102447e-01,3.689535669412695174e-01,3.651287594362114808e-01,3.614195901534034694e-01,3.578195567770460217e-01,3.543220281116382653e-01,3.509204216443958524e-01,3.476083138560353003e-01,3.443795025644743046e-01,3.412280346472476023e-01,3.381482083109819681e-01,3.351345560877623808e-01,3.321818125479404915e-01,3.292848690540453593e-01,3.264387165431292814e-01,3.236383761635592826e-01,3.208788164790898900e-01,3.181548547668767157e-01,3.154610385441648512e-01,3.127915016966092421e-01,3.101397872264783362e-01,3.074986253684413584e-01,3.048596511474410131e-01,3.022130386216912434e-01,2.995470188792812571e-01,2.968472337626485991e-01,2.940958373152539607e-01,2.912703005649142640e-01,2.883416128150549373e-01,2.852717371763900944e-01,2.820097796169990789e-01,2.784861014652912914e-01,2.746029794621725473e-01,2.702192552416069482e-01,2.651240840375522767e-01,2.589900263650997125e-01,2.512852801946049985e-01,2.411028750672805365e-01,2.268296106115377242e-01,2.056597383330456830e-01,1.750140929156406844e-01,1.606178420834523113e-01,2.751409700625289667e-01,3.548387599058308584e-01,3.556138622663352900e-01,3.449949139129955267e-01,3.355426440140694133e-01,3.282446542132276823e-01,3.226745271051147390e-01,3.183820071852914713e-01,3.150411902551699117e-01,3.124299149673907539e-01,3.103974716833763914e-01,3.088410318546745970e-01,3.076903522713210770e-01,3.068981374994467770e-01,3.064340601192854785e-01,3.062811833359595504e-01,3.064340601192850344e-01,3.068981374994471101e-01,3.076903522713206329e-01,3.088410318546743194e-01,3.103974716833771130e-01,3.124299149673912535e-01,3.150411902551694676e-01,3.183820071852910827e-01,3.226745271051146835e-01,3.282446542132262945e-01,3.355426440140694133e-01,3.449949139129963038e-01,3.556138622663357340e-01,3.548387599058343000e-01,2.751409700625461752e-01,1.606178420834515896e-01,1.750140929156382419e-01,2.056597383330460715e-01,2.268296106115361976e-01,2.411028750672816745e-01,2.512852801946043324e-01,2.589900263650992684e-01,2.651240840375521657e-01,2.702192552416063376e-01,2.746029794621726028e-01,2.784861014652916800e-01,2.820097796169992455e-01,2.852717371763900389e-01,2.883416128150544377e-01,2.912703005649129318e-01,2.940958373152531835e-01,2.968472337626488211e-01,2.995470188792804245e-01,3.022130386216912989e-01,3.048596511474404025e-01,3.074986253684416360e-01,3.101397872264783362e-01,3.127915016966090200e-01,3.154610385441644071e-01,3.181548547668768268e-01,3.208788164790896680e-01,3.236383761635590051e-01,3.264387165431295035e-01,3.292848690540458034e-01,3.321818125479404915e-01,3.351345560877616037e-01,3.381482083109819681e-01,3.412280346472476578e-01,3.443795025644739161e-01,3.476083138560348562e-01,3.509204216443950752e-01,3.543220281116378767e-01,3.578195567770460217e-01,3.614195901534034694e-01,3.651287594362109812e-01,3.689535669412693508e-01,3.729001134538100226e-01,3.769736902004632850e-01,3.811781768407358495e-01,3.855151596666767100e-01,3.899826433679648430e-01,3.945731678007432519e-01
4.023351072453892341e-01,3.974294611118134868e-01,3.926662721415813961e-01,3.880528003497468181e-01,3.835902924505935618e-01,3.792761054102858909e-01,3.751051453731257812e-01,3.710708426804464333e-01,3.671658100693349081e-01,3.633822829439115054e-01,3.597124087291818095e-01,3.561484310050417879e-01,3.526827997229041167e-01,3.493082289793145168e-01,3.460177170298808225e-01,3.428045384643901849e-01,3.396622150558319952e-01,3.365844692820068040e-01,3.335651625759106231e-01,3.305982187523089366e-01,3.276775315944049360e-01,3.247968540983846575e-01,3.219496651930863762e-01,3.191290076744531801e-01,3.163272883521913159e-01,3.135360276173810856e-01,3.107455402318806681e-01,3.079445212252879815e-01,3.051194989791530809e-01,3.022540978238800746e-01,2.993280211391557977e-01,2.963156668521065296e-01,2.931840710436925401e-01,2.898899623133429637e-01,2.863753112248446087e-01,2.825604498518550223e-01,2.783330851877917067e-01,2.735301122561608622e-01,2.679062714047900640e-01,2.610777050457767090e-01,2.524156818619277542e-01,2.408398400458698074e-01,2.244289250850950157e-01,1.999853020054613018e-01,1.664079384947038387e-01,1.680020324479871430e-01,3.007544629422593263e-01,3.619720984633343908e-01,3.599481152882543222e-01,3.496452499183192453e-01,3.405342284937928343e-01,3.333899084069796293e-01,3.278451671911327692e-01,3.235018050636656595e-01,3.200640001651088307e-01,3.173256596842565780e-01,3.151441972741169106e-01,3.134203224386066799e-01,3.120844744864232356e-01,3.110880174860184977e-01,3.103975781605370354e-01,3.099914488538648150e-01,3.098573907122683102e-01,3.099914488538642598e-01,3.103975781605367579e-01,3.110880174860179981e-01,3.120844744864232356e-01,3.134203224386057363e-01,3.151441972741171882e-01,3.173256596842567445e-01,3.200640001651094413e-01,3.235018050636644382e-01,3.278451671911319365e-01,3.333899084069794627e-01,3.405342284937912800e-01,3.496452499183183016e-01,3.599481152882535451e-01,3.619720984633351679e-01,3.007544629422569393e-01,1.680020324479767346e-01,1.664079384947016738e-01,1.999853020054548347e-01,2.244289250850950712e-01,2.408398400458694188e-01,2.524156818619271991e-01,2.610777050457765425e-01,2.679062714047908966e-01,2.735301122561610287e-01,2.783330851877917622e-01,2.825604498518546337e-01,2.863753112248453858e-01,2.898899623133430747e-01,2.931840710436925401e-01,2.963156668521064740e-01,2.993280211391559642e-01,3.022540978238799081e-01,3.051194989791531365e-01,3.079445212252880371e-01,3.107455402318808901e-01,3.135360276173810856e-01,3.163272883521909828e-01,3.191290076744537907e-01,3.219496651930864317e-01,3.247968540983846575e-01,3.276775315944047695e-01,3.305982187523086591e-01,3.335651625759107342e-01,3.365844692820071926e-01,3.396622150558325504e-01,3.428045384643900739e-01,3.460177170298809335e-01,3.493082289793151829e-01,3.526827997229038392e-01,3.561484310050419544e-01,3.597124087291819761e-01,3.633822829439114499e-01,3.671658100693345750e-01,3.710708426804459892e-01,3.751051453731253926e-01,3.792761054102853913e-01,3.835902924505933953e-01,3.880528003497473177e-01,3.926662721415814516e-01,3.974294611118137643e-01,4.023351072453887345e-01
4.104539302135591927e-01,4.052059418512773958e-01,4.001219137429975481e-01,3.952088372829371532e-01,3.904670762422252639e-01,3.858927661575241030e-01,3.814794242745218611e-01,3.772190289751483072e-01,3.731027398587798416e-01,3.691213726444466103e-01,3.652657056298406757e-01,3.615266695992090384e-01,3.578954564038785424e-01,3.543635701271224958e-01,3.509228369654400215e-01,3.475653845159145661e-01,3.442835972570351677e-01,3.410700521048556921e-01,3.379174356327469542e-01,3.348184425722050550e-01,3.317656533243253381e-01,3.287513861794196801e-01,3.257675175145689495e-01,3.228052600983071785e-01,3.198548853356250055e-01,3.169053691782716675e-01,3.139439324923753438e-01,3.109554333631833201e-01,3.079215436253778804e-01,3.048196254184444842e-01,3.016211645788551277e-01,2.982894790987750677e-01,2.947763977345647657e-01,2.910172315259501041e-01,2.869229649752717548e-01,2.823677267629635113e-01,2.771679402865083186e-01,2.710461953412492409e-01,2.635658502337457909e-01,2.540074977793037592e-01,2.411296244547488088e-01,2.227340596565278441e-01,1.953549770923731776e-01,1.600465058512208216e-01,1.780923143552493593e-01,3.169288252409097617e-01,3.674691487661383427e-01,3.645439270653387798e-01,3.546396876191464376e-01,3.457891807690328112e-01,3.387357890434615215e-01,3.331793669861805585e-01,3.287660487759499484e-01,3.252241521615676922e-01,3.223602029106255040e-01,3.200379707075745594e-01,3.181610172520131230e-01,3.166605354754947199e-01,3.154872409824743817e-01,3.146060202380016602e-01,3.139924120920053463e-01,3.136303248171360969e-01,3.135106173752371661e-01,3.136303248171364300e-01,3.139924120920051798e-01,3.146060202380025483e-01,3.154872409824745483e-01,3.166605354754950530e-01,3.181610172520126234e-01,3.200379707075751146e-01,3.223602029106251154e-01,3.252241521615674147e-01,3.287660487759499484e-01,3.331793669861813356e-01,3.387357890434609109e-01,3.457891807690328112e-01,3.546396876191466596e-01,3.645439270653387798e-01,3.674691487661381206e-01,3.169288252409026008e-01,1.780923143552395060e-01,1.600465058512161864e-01,1.953549770923734274e-01,2.227340596565269837e-01,2.411296244547516399e-01,2.540074977793040922e-01,2.635658502337471787e-01,2.710461953412498515e-01,2.771679402865086517e-01,2.823677267629625121e-01,2.869229649752716993e-01,2.910172315259506592e-01,2.947763977345645436e-01,2.982894790987751787e-01,3.016211645788556828e-01,3.048196254184442067e-01,3.079215436253774363e-01,3.109554333631833201e-01,3.139439324923753438e-01,3.169053691782716675e-01,3.198548853356245614e-01,3.228052600983076781e-01,3.257675175145683943e-01,3.287513861794196801e-01,3.317656533243249495e-01,3.348184425722047775e-01,3.379174356327476203e-01,3.410700521048558032e-01,3.442835972570352232e-01,3.475653845159138444e-01,3.509228369654401325e-01,3.543635701271227179e-01,3.578954564038789310e-01,3.615266695992095936e-01,3.652657056298407867e-01,3.691213726444458887e-01,3.731027398587795085e-01,3.772190289751481962e-01,3.814794242745220831e-01,3.858927661575242141e-01,3.904670762422250974e-01,3.952088372829363760e-01,4.001219137429982142e-01,4.052059418512771738e-01,4.104539302135583045e-01
4.189194657407827593e-01,4.132998573636229023e-01,4.078680622013581836e-01,4.026307148935451274e-01,3.975871349065365212e-01,3.927320426430635503e-01,3.880573634099092062e-01,3.835534236328381752e-01,3.792097388843916894e-01,3.750155257350130111e-01,3.709600254147348841e-01,3.670326982663520976e-01,3.632233286421602814e-01,3.595220668569154565e-01,3.559194258821984924e-01,3.524062442315494814e-01,3.489736219978449849e-01,3.456128336188314387e-01,3.423152182013834977e-01,3.390720457720785008e-01,3.358743553287389383e-01,3.327127577270807546e-01,3.295771928706298648e-01,3.264566258736401050e-01,3.233386600965301172e-01,3.202090350838110999e-01,3.170509627877741710e-01,3.138442246049011342e-01,3.105639519135411364e-01,3.071788931742314710e-01,3.036489087122594688e-01,2.999213097302854125e-01,2.959253070102647043e-01,2.915633633459158713e-01,2.866972719067441555e-01,2.811249071662964005e-01,2.745397946940743017e-01,2.664577058430032119e-01,2.560778771318382718e-01,2.420158690911255739e-01,2.218371602512423657e-01,1.919161370743612816e-01,1.556752540364597370e-01,1.871316446191441107e-01,3.268504898487625820e-01,3.721889139221787879e-01,3.693625625920857747e-01,3.598941272703417571e-01,3.512503465467637920e-01,3.442449990067491528e-01,3.386504122201503542e-01,3.341526629960515637e-01,3.305005104905049396e-01,3.275108236669007078e-01,3.250524827045794818e-01,3.230313382432408731e-01,3.213792501382796707e-01,3.200465750800355891e-01,3.189970968724746836e-01,3.182046134966972084e-01,3.176506469254207765e-01,3.173229297789841863e-01,3.172144510482441393e-01,3.173229297789838532e-01,3.176506469254203879e-01,3.182046134966973749e-01,3.189970968724747391e-01,3.200465750800354781e-01,3.213792501382798372e-01,3.230313382432407066e-01,3.250524827045786491e-01,3.275108236669008188e-01,3.305005104905048285e-01,3.341526629960513417e-01,3.386504122201511313e-01,3.442449990067478205e-01,3.512503465467617936e-01,3.598941272703417016e-01,3.693625625920856081e-01,3.721889139221758458e-01,3.268504898487681332e-01,1.871316446191446381e-01,1.556752540364618742e-01,1.919161370743605322e-01,2.218371602512439478e-01,2.420158690911282939e-01,2.560778771318397151e-01,2.664577058430028789e-01,2.745397946940749678e-01,2.811249071662964560e-01,2.866972719067437669e-01,2.915633633459157603e-01,2.959253070102650374e-01,2.999213097302858011e-01,3.036489087122590802e-01,3.071788931742313600e-01,3.105639519135409699e-01,3.138442246049009121e-01,3.170509627877741710e-01,3.202090350838107669e-01,3.233386600965300617e-01,3.264566258736401050e-01,3.295771928706292542e-01,3.327127577270800884e-01,3.358743553287385497e-01,3.390720457720780567e-01,3.423152182013837197e-01,3.456128336188312722e-01,3.489736219978453180e-01,3.524062442315492039e-01,3.559194258821983259e-01,3.595220668569157896e-01,3.632233286421598928e-01,3.670326982663520421e-01,3.709600254147342180e-01,3.750155257350132332e-01,3.792097388843915784e-01,3.835534236328381752e-01,3.880573634099097613e-01,3.927320426430636058e-01,3.975871349065361882e-01,4.026307148935446834e-01,4.078680622013581281e-01,4.132998573636236239e-01,4.189194657407829814e-01
4.277333050192429487e-01,4.217104407145480516e-01,4.159018831837892338e-01,4.103138012941770496e-01,4.049442790239655143e-01,3.997863956136729624e-01,3.948302497479120321e-01,3.900642863338535382e-01,3.854761589654659981e-01,3.810532809475508653e-01,3.767831658883107337e-01,3.726536249508665688e-01,3.686528654084145762e-01,3.647695200954414463e-01,3.609926270838701989e-01,3.573115717475540132e-01,3.537159981895999783e-01,3.501956930242072774e-01,3.467404411666543673e-01,3.433398501409029580e-01,3.399831360461088026e-01,3.366588602734195135e-01,3.333546007511030695e-01,3.300565340968967809e-01,3.267488943387279465e-01,3.234132581000811468e-01,3.200275691811363954e-01,3.165648353371124935e-01,3.129912460085331749e-01,3.092634794128898412e-01,3.053247437608273551e-01,3.010987692280615025e-01,2.964804308837924451e-01,2.913206215752694450e-01,2.854009364896615830e-01,2.783895643935630493e-01,2.697611048719464333e-01,2.586451074004622597e-01,2.435367186694538111e-01,2.218099843307616281e-01,1.897518284379036135e-01,1.528610775261734500e-01,1.931270474211200516e-01,3.324966577517217692e-01,3.764162773787223526e-01,3.743439766903428056e-01,3.653512866582216967e-01,3.568827933261802254e-01,3.498964202068387541e-01,3.442442113355936306e-01,3.396505191311435801e-01,3.358824458573652638e-01,3.327657489867855700e-01,3.301735523815786388e-01,3.280135532444464763e-01,3.262181424236155758e-01,3.247374219185443778e-01,3.235343903788683306e-01,3.225816391967600283e-01,3.218590854436444437e-01,3.213524227641222919e-01,3.210520816051199433e-01,3.209525654474819079e-01,3.210520816051206094e-01,3.213524227641224029e-01,3.218590854436436666e-01,3.225816391967600283e-01,3.235343903788687192e-01,3.247374219185441002e-01,3.262181424236156313e-01,3.280135532444463098e-01,3.301735523815782503e-01,3.327657489867862917e-01,3.358824458573654859e-01,3.396505191311434135e-01,3.442442113355939082e-01,3.498964202068396423e-01,3.568827933261792817e-01,3.653512866582214191e-01,3.743439766903429722e-01,3.764162773787217975e-01,3.324966577517163846e-01,1.931270474211123356e-01,1.528610775261727284e-01,1.897518284379007825e-01,2.218099843307600738e-01,2.435367186694515629e-01,2.586451074004607054e-01,2.697611048719466553e-01,2.783895643935627717e-01,2.854009364896610834e-01,2.913206215752693895e-01,2.964804308837919455e-01,3.010987692280610029e-01,3.053247437608265225e-01,3.092634794128887310e-01,3.129912460085330084e-01,3.165648353371123269e-01,3.200275691811358403e-01,3.234132581000814244e-01,3.267488943387276690e-01,3.300565340968970585e-01,3.333546007511031251e-01,3.366588602734191249e-01,3.399831360461088026e-01,3.433398501409027914e-01,3.467404411666544783e-01,3.501956930242076660e-01,3.537159981895997563e-01,3.573115717475545683e-01,3.609926270838708651e-01,3.647695200954410577e-01,3.686528654084142431e-01,3.726536249508663468e-01,3.767831658883102341e-01,3.810532809475506988e-01,3.854761589654652765e-01,3.900642863338537603e-01,3.948302497479123652e-01,3.997863956136734620e-01,4.049442790239650147e-01,4.103138012941762724e-01,4.159018831837889563e-01,4.217104407145474965e-01,4.277333050192429487e-01
4.368765192742489756e-01,4.304164730196809452e-01,4.242002072277890057e-01,4.182332844119630577e-01,4.125123223049568244e-01,4.070284922964437224e-01,4.017697932334527988e-01,3.967225237718290387e-01,3.918722259619286663e-01,3.872042773339565147e-01,3.827042475492589135e-01,3.783580959683374711e-01,3.741522603889963494e-01,3.700736698096772082e-01,3.661097022521671018e-01,3.622481004179256558e-01,3.584768519160931866e-01,3.547840360631088208e-01,3.511576351238088756e-01,3.475853037611304486e-01,3.440540858109994438e-01,3.405500616231947331e-01,3.370579011951380100e-01,3.335602868424252243e-01,3.300371525020693309e-01,3.264646434853394341e-01,3.228137416325690401e-01,3.190482531747698136e-01,3.151219559427460570e-01,3.109743890147959600e-01,3.065244618071489291e-01,3.016604706779695833e-01,2.962239790117897065e-01,2.899828177940644847e-01,2.825840173581479764e-01,2.734682635184468857e-01,2.617086523832181100e-01,2.457049697023680201e-01,2.226851494203175852e-01,1.888800478915852732e-01,1.511909966862041987e-01,1.954224116663946520e-01,3.348592868589862492e-01,3.801755280768133738e-01,3.793973328393610567e-01,3.709429135996124560e-01,3.626386356929233723e-01,3.556535268432515773e-01,3.499300051553588808e-01,3.452314539709744889e-01,3.413425107638986544e-01,3.380970196047891618e-01,3.353717950778974388e-01,3.330760631777193725e-01,3.311426165353264506e-01,3.295213266920973827e-01,3.281745667860728188e-01,3.270740142311139298e-01,3.261984185591032537e-01,3.255320428709385094e-01,3.250635818324689730e-01,3.247854256089263703e-01,3.246931850349615289e-01,3.247854256089267588e-01,3.250635818324693060e-01,3.255320428709384539e-01,3.261984185591038088e-01,3.270740142311141518e-01,3.281745667860730409e-01,3.295213266920964945e-01,3.311426165353271167e-01,3.330760631777190395e-01,3.353717950778973278e-01,3.380970196047886622e-01,3.413425107638989320e-01,3.452314539709741004e-01,3.499300051553583812e-01,3.556535268432522989e-01,3.626386356929235388e-01,3.709429135996137328e-01,3.793973328393613897e-01,3.801755280768136513e-01,3.348592868589918004e-01,1.954224116664127764e-01,1.511909966861997301e-01,1.888800478915848569e-01,2.226851494203164472e-01,2.457049697023679369e-01,2.617086523832178324e-01,2.734682635184471633e-01,2.825840173581474213e-01,2.899828177940653728e-01,2.962239790117905947e-01,3.016604706779699718e-01,3.065244618071476523e-01,3.109743890147961820e-01,3.151219559427451133e-01,3.190482531747700357e-01,3.228137416325691511e-01,3.264646434853400447e-01,3.300371525020698305e-01,3.335602868424253353e-01,3.370579011951381210e-01,3.405500616231942890e-01,3.440540858109989997e-01,3.475853037611300600e-01,3.511576351238089311e-01,3.547840360631090983e-01,3.584768519160926314e-01,3.622481004179257669e-01,3.661097022521667133e-01,3.700736698096775967e-01,3.741522603889963494e-01,3.783580959683381373e-01,3.827042475492585805e-01,3.872042773339557931e-01,3.918722259619280557e-01,3.967225237718280950e-01,4.017697932334527433e-01,4.070284922964434449e-01,4.125123223049570464e-01,4.182332844119625026e-01,4.242002072277895608e-01,4.304164730196811672e-01,4.368765192742483094e-01
4.464220588329932404e-01,4.394871393171027596e-01,4.328287898017241231e-01,4.264518163912938697e-01,4.203511127220238008e-01,4.145156415304303565e-01,4.089309929001713195e-01,4.035810197704227109e-01,3.984488703391972364e-01,3.935176232525143258e-01,3.887706591211372853e-01,3.841918553233881761e-01,3.797656606604756790e-01,3.754770862849459712e-01,3.713116356750126856e-01,3.672551868657052965e-01,3.632938330709515884e-01,3.594136821175248353e-01,3.556006099006606691e-01,3.518399575962333770e-01,3.481161558110633103e-01,3.444122501966758731e-01,3.407092908637937567e-01,3.369855307074849926e-01,3.332153268490132825e-01,3.293677086888531780e-01,3.254042521879191296e-01,3.212760979064768763e-01,3.169195360740034162e-01,3.122493096887710706e-01,3.071481539271566641e-01,3.014499078092332529e-01,2.949112362539371701e-01,2.871623667922145740e-01,2.776176862831201131e-01,2.653077339626662701e-01,2.485628694679316297e-01,2.245085420507108298e-01,1.893210314470517297e-01,1.504508307490210195e-01,1.941456224107783735e-01,3.343864594794117018e-01,3.834476537573536237e-01,3.845078660849974850e-01,3.766871077436175219e-01,3.685534138584681263e-01,3.615597284295929970e-01,3.557543318062807991e-01,3.509427579663328967e-01,3.469274770441639899e-01,3.435501362989786811e-01,3.406909247142687058e-01,3.382603708313810520e-01,3.361915482953730661e-01,3.344340752047590404e-01,3.329497659827448941e-01,3.317095381574116097e-01,3.306912195513820873e-01,3.298779923423782456e-01,3.292572896174690289e-01,3.288200186192412611e-01,3.285600261696542401e-01,3.284737507092955755e-01,3.285600261696542401e-01,3.288200186192412056e-01,3.292572896174691954e-01,3.298779923423778571e-01,3.306912195513824759e-01,3.317095381574111657e-01,3.329497659827446165e-01,3.344340752047593734e-01,3.361915482953728440e-01,3.382603708313809410e-01,3.406909247142689834e-01,3.435501362989795138e-01,3.469274770441627687e-01,3.509427579663331742e-01,3.557543318062817428e-01,3.615597284295934410e-01,3.685534138584665720e-01,3.766871077436171333e-01,3.845078660849972629e-01,3.834476537573552890e-01,3.343864594793959366e-01,1.941456224107776241e-01,1.504508307490194374e-01,1.893210314470507860e-01,2.245085420507137997e-01,2.485628694679331285e-01,2.653077339626661035e-01,2.776176862831205572e-01,2.871623667922144074e-01,2.949112362539370591e-01,3.014499078092320317e-01,3.071481539271563865e-01,3.122493096887715147e-01,3.169195360740036382e-01,3.212760979064765987e-01,3.254042521879195737e-01,3.293677086888528449e-01,3.332153268490140596e-01,3.369855307074854367e-01,3.407092908637937012e-01,3.444122501966756511e-01,3.481161558110624221e-01,3.518399575962332104e-01,3.556006099006601140e-01,3.594136821175251129e-01,3.632938330709515884e-01,3.672551868657057961e-01,3.713116356750132407e-01,3.754770862849461932e-01,3.797656606604748464e-01,3.841918553233881761e-01,3.887706591211374518e-01,3.935176232525146589e-01,3.984488703391974029e-01,4.035810197704232105e-01,4.089309929001705424e-01,4.145156415304296904e-01,4.203511127220235233e-01,4.264518163912936477e-01,4.328287898017236235e-01,4.394871393171020379e-01,4.464220588329936290e-01
4.563889371911906689e-01,4.489383929167602982e-01,4.418008758109249756e-01,4.349802678220586194e-01,4.284694454440402533e-01,4.222548208379113821e-01,4.163192250020914531e-01,4.106437264912312091e-01,4.052087611103792342e-01,3.999948121325564432e-01,3.949827948914675368e-01,3.901542448667782437e-01,3.854913729253669485e-01,3.809770280094980643e-01,3.765945917606777771e-01,3.723278184428476800e-01,3.681606251535221030e-01,3.640768303145714979e-01,3.600598317201088028e-01,3.560922079510607796e-01,3.521552175631347814e-01,3.482281575753548575e-01,3.442875253976149796e-01,3.403058672641208759e-01,3.362503049540104816e-01,3.320803108773896506e-01,3.277446284885152106e-01,3.231766998546566350e-01,3.182877405140424054e-01,3.129559326687135212e-01,3.070089964066057275e-01,3.001950451890842420e-01,2.921319022655411435e-01,2.822153493141586478e-01,2.694473496427660653e-01,2.521145474935305164e-01,2.272810333877809397e-01,1.910559716778462980e-01,1.505903955824978435e-01,1.897726689413841983e-01,3.311279797546353709e-01,3.860830360216764845e-01,3.896012816936691436e-01,3.825542794807114677e-01,3.746173332124909661e-01,3.676139292097592715e-01,3.617198403630232373e-01,3.567884495260515987e-01,3.526414901414077763e-01,3.491286517161430458e-01,3.461334265985771541e-01,3.435675284361563442e-01,3.413642258075423874e-01,3.394728492151843358e-01,3.378546762766430622e-01,3.364799437467455578e-01,3.353256968013574313e-01,3.343742418463772625e-01,3.336120322221319268e-01,3.330288669433572046e-01,3.326173197622341871e-01,3.323723422526747018e-01,3.322910034375117228e-01,3.323723422526740912e-01,3.326173197622351307e-01,3.330288669433564275e-01,3.336120322221323153e-01,3.343742418463774291e-01,3.353256968013575978e-01,3.364799437467451693e-01,3.378546762766431177e-01,3.394728492151841137e-01,3.413642258075416658e-01,3.435675284361563442e-01,3.461334265985770431e-01,3.491286517161435454e-01,3.526414901414078318e-01,3.567884495260510436e-01,3.617198403630227377e-01,3.676139292097599376e-01,3.746173332124913546e-01,3.825542794807108571e-01,3.896012816936695877e-01,3.860830360216769841e-01,3.311279797546347603e-01,1.897726689413755108e-01,1.505903955824980378e-01,1.910559716778433004e-01,2.272810333877835764e-01,2.521145474935289621e-01,2.694473496427665649e-01,2.822153493141578151e-01,2.921319022655397557e-01,3.001950451890849081e-01,3.070089964066051724e-01,3.129559326687130216e-01,3.182877405140421834e-01,3.231766998546564684e-01,3.277446284885153216e-01,3.320803108773897616e-01,3.362503049540113698e-01,3.403058672641208759e-01,3.442875253976147576e-01,3.482281575753548020e-01,3.521552175631346704e-01,3.560922079510610572e-01,3.600598317201092469e-01,3.640768303145714979e-01,3.681606251535217145e-01,3.723278184428477910e-01,3.765945917606773885e-01,3.809770280094973982e-01,3.854913729253666710e-01,3.901542448667781326e-01,3.949827948914674813e-01,3.999948121325554995e-01,4.052087611103793452e-01,4.106437264912310980e-01,4.163192250020913421e-01,4.222548208379120482e-01,4.284694454440406419e-01,4.349802678220585639e-01,4.418008758109249756e-01,4.489383929167608533e-01,4.563889371911898363e-01
4.668050653159337426e-01,4.587943591320091663e-01,4.511372450944189927e-01,4.438364879314182776e-01,4.368826085227313638e-01,4.302590748539664167e-01,4.239455572007304607e-01,4.179199528920300999e-01,4.121596225388979295e-01,4.066421169290200810e-01,4.013455720783622449e-01,3.962488855009456135e-01,3.913317453238196464e-01,3.865745566996027782e-01,3.819582916114109827e-01,3.774642751418700870e-01,3.730739112555689352e-01,3.687683424239529550e-01,3.645280285816790422e-01,3.603322205094346975e-01,3.561582890925653055e-01,3.519808547699914136e-01,3.477705871469174426e-01,3.434927060523961240e-01,3.391046701696124877e-01,3.345530307357018063e-01,3.297687472885315052e-01,3.246601101924620481e-01,3.191017156455535630e-01,3.129167191069934795e-01,3.058472253632129600e-01,2.975029349705769488e-01,2.872684953264855734e-01,2.741307815967214401e-01,2.563572175314078883e-01,2.309888436924912858e-01,1.940567411351635796e-01,1.517047972948268875e-01,1.830055304598114108e-01,3.249191278248352854e-01,3.878588810716014357e-01,3.945898254113134884e-01,3.885149733231775815e-01,3.808237518148956946e-01,3.738188164375039757e-01,3.678330597760227638e-01,3.627764427341250708e-01,3.584926412247657068e-01,3.548401784555396676e-01,3.517060340938703566e-01,3.490031058469267311e-01,3.466648167843759953e-01,3.446401809276328221e-01,3.428899395637884928e-01,3.413836851376079173e-01,3.400977563243699486e-01,3.390137036368289780e-01,3.381171701957921272e-01,3.373970747100923373e-01,3.368450166968853243e-01,3.364548481050476658e-01,3.362223728610563844e-01,3.361451484311027138e-01,3.362223728610559959e-01,3.364548481050479434e-01,3.368450166968853243e-01,3.373970747100913936e-01,3.381171701957921272e-01,3.390137036368283674e-01,3.400977563243701707e-01,3.413836851376075843e-01,3.428899395637885483e-01,3.446401809276312678e-01,3.466648167843763284e-01,3.490031058469268976e-01,3.517060340938713003e-01,3.548401784555397231e-01,3.584926412247652627e-01,3.627764427341245712e-01,3.678330597760237075e-01,3.738188164375042533e-01,3.808237518148960832e-01,3.885149733231779146e-01,3.945898254113123227e-01,3.878588810716004365e-01,3.249191278248372838e-01,1.830055304598123267e-01,1.517047972948324663e-01,1.940567411351688532e-01,2.309888436924937005e-01,2.563572175314070556e-01,2.741307815967223283e-01,2.872684953264858509e-01,2.975029349705771153e-01,3.058472253632115168e-01,3.129167191069943121e-01,3.191017156455527304e-01,3.246601101924614929e-01,3.297687472885321158e-01,3.345530307357020838e-01,3.391046701696123766e-01,3.434927060523962350e-01,3.477705871469176091e-01,3.519808547699918577e-01,3.561582890925651390e-01,3.603322205094345865e-01,3.645280285816788757e-01,3.687683424239528440e-01,3.730739112555684356e-01,3.774642751418694764e-01,3.819582916114114268e-01,3.865745566996034444e-01,3.913317453238195354e-01,3.962488855009455024e-01,4.013455720783626335e-01,4.066421169290196924e-01,4.121596225388979851e-01,4.179199528920293782e-01,4.239455572007308493e-01,4.302590748539664722e-01,4.368826085227314748e-01,4.438364879314184441e-01,4.511372450944185486e-01,4.587943591320100545e-01,4.668050653159334096e-01
4.777260977722726509e-01,4.691047900774902857e-01,4.608824477323900659e-01,4.530604681371727116e-01,4.456266010416193857e-01,4.385608959254162498e-01,4.318393836603023894e-01,4.254363329001706329e-01,4.193256024794294601e-01,4.134814158441134646e-01,4.078787625615754586e-01,4.024935559608561197e-01,3.973026274368051669e-01,3.922836062786724809e-01,3.874147124741284531e-01,3.826744745831956451e-01,3.780413726259413409e-01,3.734933948494492117e-01,3.690074853535995070e-01,3.645588449051611613e-01,3.601200268070343657e-01,3.556597099129014117e-01,3.511411494086006391e-01,3.465198284766237147e-01,3.417402542874732330e-01,3.367312077698981776e-01,3.313985839732570549e-01,3.256142673015637867e-01,3.191982725436049440e-01,3.118890376481934790e-01,3.032920832852063486e-01,2.927877721757520257e-01,2.793601557415762437e-01,2.612794724907014920e-01,2.355982485367129897e-01,1.982705622657689182e-01,1.539531111314045853e-01,1.747696247943825998e-01,3.155438300852754230e-01,3.884896774661979468e-01,3.993698668256706608e-01,3.945400048025793360e-01,3.871715216408216920e-01,3.801845376467905546e-01,3.741088793281765468e-01,3.689235192499996652e-01,3.644982391545401601e-01,3.607018352400371275e-01,3.574252592433649900e-01,3.545827352792852438e-01,3.521078661041465163e-01,3.499493438731480777e-01,3.480673718982942311e-01,3.464309145810401946e-01,3.450156448775885676e-01,3.438024269324771454e-01,3.427761960690036136e-01,3.419251312605595672e-01,3.412400436429115502e-01,3.407139264370919740e-01,3.403416276958057818e-01,3.401196189742652365e-01,3.400458416298923203e-01,3.401196189742645704e-01,3.403416276958058928e-01,3.407139264370914744e-01,3.412400436429126049e-01,3.419251312605595117e-01,3.427761960690030585e-01,3.438024269324767568e-01,3.450156448775883455e-01,3.464309145810398616e-01,3.480673718982937870e-01,3.499493438731484107e-01,3.521078661041466829e-01,3.545827352792864096e-01,3.574252592433652120e-01,3.607018352400372940e-01,3.644982391545399936e-01,3.689235192499981664e-01,3.741088793281761582e-01,3.801845376467911097e-01,3.871715216408221916e-01,3.945400048025805573e-01,3.993698668256710493e-01,3.884896774661928398e-01,3.155438300852643763e-01,1.747696247943773540e-01,1.539531111314056955e-01,1.982705622657643385e-01,2.355982485367143497e-01,2.612794724907029353e-01,2.793601557415777981e-01,2.927877721757522478e-01,3.032920832852064041e-01,3.118890376481948112e-01,3.191982725436062762e-01,3.256142673015643973e-01,3.313985839732577210e-01,3.367312077698983441e-01,3.417402542874732330e-01,3.465198284766224379e-01,3.511411494086006946e-01,3.556597099129018003e-01,3.601200268070336441e-01,3.645588449051607727e-01,3.690074853535999511e-01,3.734933948494497669e-01,3.780413726259415630e-01,3.826744745831956451e-01,3.874147124741281756e-01,3.922836062786720368e-01,3.973026274368047783e-01,4.024935559608560642e-01,4.078787625615750145e-01,4.134814158441127985e-01,4.193256024794296266e-01,4.254363329001707439e-01,4.318393836603027780e-01,4.385608959254156392e-01,4.456266010416187195e-01,4.530604681371733777e-01,4.608824477323897328e-01,4.691047900774905077e-01,4.777260977722738167e-01
4.891704097014447639e-01,4.798841591107501081e-01,4.710475350661395000e-01,4.626602954601408690e-01,4.547069513650436878e-01,4.471635977521900007e-01,4.400020855520582752e-01,4.331925390952170996e-01,4.267048352805171141e-01,4.205094258963014142e-01,4.145777403056316035e-01,4.088823158907013422e-01,4.033967467167762777e-01,3.980955038603342100e-01,3.929536557607291591e-01,3.879464986884681998e-01,3.830490924711965617e-01,3.782356822661404050e-01,3.734789709808744584e-01,3.687491827965043711e-01,3.640128133885480732e-01,3.592310385084933611e-01,3.543573421203276008e-01,3.493342784680941171e-01,3.440886950006317169e-01,3.385245556555033786e-01,3.325118261281614362e-01,3.258686921879069276e-01,3.183320926477504198e-01,3.095070119270333375e-01,2.987758177089547829e-01,2.851308913733331396e-01,2.668651621298896992e-01,2.410746017647415751e-01,2.036545248560446830e-01,1.575260455572131957e-01,1.660763475081662444e-01,3.027233797442702157e-01,3.875723105986482731e-01,4.037902540663591555e-01,4.005775206826231449e-01,3.936436811869582497e-01,3.867071471448580433e-01,3.805483721385079510e-01,3.752325398098975140e-01,3.706615034154264743e-01,3.667165151745862550e-01,3.632933112723676916e-01,3.603077338970289145e-01,3.576936572962152727e-01,3.553994713901798552e-01,3.533848418403160441e-01,3.516181086796690280e-01,3.500742964193673257e-01,3.487336190126444357e-01,3.475803627159378961e-01,3.466020516111736338e-01,3.457888237294449163e-01,3.451329649463131810e-01,3.446285625146988663e-01,3.442712510022622463e-01,3.440580314474239731e-01,3.439871505631569848e-01,3.440580314474239176e-01,3.442712510022624683e-01,3.446285625146995324e-01,3.451329649463136806e-01,3.457888237294457490e-01,3.466020516111736893e-01,3.475803627159385623e-01,3.487336190126446578e-01,3.500742964193676032e-01,3.516181086796693611e-01,3.533848418403158220e-01,3.553994713901791336e-01,3.576936572962152727e-01,3.603077338970301358e-01,3.632933112723685243e-01,3.667165151745864771e-01,3.706615034154258082e-01,3.752325398098975140e-01,3.805483721385087281e-01,3.867071471448583209e-01,3.936436811869581942e-01,4.005775206826244217e-01,4.037902540663586004e-01,3.875723105986481065e-01,3.027233797442577257e-01,1.660763475081715457e-01,1.575260455572128904e-01,2.036545248560400478e-01,2.410746017647426853e-01,2.668651621298910315e-01,2.851308913733322514e-01,2.987758177089548384e-01,3.095070119270338926e-01,3.183320926477510859e-01,3.258686921879067055e-01,3.325118261281606591e-01,3.385245556555033231e-01,3.440886950006321610e-01,3.493342784680949498e-01,3.543573421203283780e-01,3.592310385084929725e-01,3.640128133885474071e-01,3.687491827965048707e-01,3.734789709808754021e-01,3.782356822661404050e-01,3.830490924711960621e-01,3.879464986884679223e-01,3.929536557607294922e-01,3.980955038603343210e-01,4.033967467167766663e-01,4.088823158907012867e-01,4.145777403056319921e-01,4.205094258963015807e-01,4.267048352805178357e-01,4.331925390952166000e-01,4.400020855520584417e-01,4.471635977521894456e-01,4.547069513650427997e-01,4.626602954601398698e-01,4.710475350661393890e-01,4.798841591107501081e-01,4.891704097014438202e-01
