nan,-5.000000000000000000e+00,-4.864864864864864913e+00,-4.729729729729729826e+00,-4.594594594594594739e+00,-4.459459459459459651e+00,-4.324324324324324564e+00,-4.189189189189189477e+00,-4.054054054054054390e+00,-3.918918918918918859e+00,-3.783783783783783772e+00,-3.648648648648648685e+00,-3.513513513513513153e+00,-3.378378378378378066e+00,-3.243243243243242979e+00,-3.108108108108107892e+00,-2.972972972972972805e+00,-2.837837837837837718e+00,-2.702702702702702631e+00,-2.567567567567567544e+00,-2.432432432432432456e+00,-2.297297297297297369e+00,-2.162162162162161838e+00,-2.027027027027026751e+00,-1.891891891891891664e+00,-1.756756756756756577e+00,-1.621621621621621490e+00,-1.486486486486486402e+00,-1.351351351351351315e+00,-1.216216216216215784e+00,-1.081081081081080697e+00,-9.459459459459456099e-01,-8.108108108108105228e-01,-6.756756756756754356e-01,-5.405405405405403485e-01,-4.054054054054052614e-01,-2.702702702702701743e-01,-1.351351351351350871e-01,0.000000000000000000e+00,1.351351351351350871e-01,2.702702702702701743e-01,4.054054054054052614e-01,5.405405405405412367e-01,6.756756756756763238e-01,8.108108108108114109e-01,9.459459459459464981e-01,1.081081081081081585e+00,1.216216216216216672e+00,1.351351351351351759e+00,1.486486486486486847e+00,1.621621621621621934e+00,1.756756756756757021e+00,1.891891891891892108e+00,2.027027027027027195e+00,2.162162162162162282e+00,2.297297297297297369e+00,2.432432432432432456e+00,2.567567567567568432e+00,2.702702702702703519e+00,2.837837837837838606e+00,2.972972972972973693e+00,3.108108108108108780e+00,3.243243243243243867e+00,3.378378378378378954e+00,3.513513513513514042e+00,3.648648648648649129e+00,3.783783783783784216e+00,3.918918918918919303e+00,4.054054054054054390e+00,4.189189189189189477e+00,4.324324324324324564e+00,4.459459459459459651e+00,4.594594594594594739e+00,4.729729729729729826e+00,4.864864864864864913e+00,5.000000000000000000e+00
5.636363636363636020e-01,4.910086987070561709e-02,4.926195283763343258e-02,4.942410967071465822e-02,4.958686990290036428e-02,4.974982866011908034e-02,4.991265265362541947e-02,5.007508707409847465e-02,5.023696347537799645e-02,5.039820875790550214e-02,5.055885539296230829e-02,5.071905307196684920e-02,5.087908202447751632e-02,5.103936832922179034e-02,5.120050165004422921e-02,5.136325596915239378e-02,5.152861406871828837e-02,5.169779673246142904e-02,5.187229790316308375e-02,5.205392734575061547e-02,5.224486276613364566e-02,5.244771400152165031e-02,5.266560354258294219e-02,5.290227299173751174e-02,5.316224481994449164e-02,5.345115075592000997e-02,5.377676135453475503e-02,5.415510224412842938e-02,5.467995546979648180e-02,5.515370576701482397e-02,5.562956001596031097e-02,5.609283824939587104e-02,5.651626152354898708e-02,5.687109293903835905e-02,5.713741501382529203e-02,5.731214786645563025e-02,5.740967177004452360e-02,5.745384245090520009e-02,5.746579571443753698e-02,5.745384245090506131e-02,5.740967177004449584e-02,5.731214786645569270e-02,5.713741501382536142e-02,5.687109293903844925e-02,5.651626152354905647e-02,5.609283824939590574e-02,5.562956001596032485e-02,5.515370576701496969e-02,5.467995546979648180e-02,5.415510224412824203e-02,5.377676135453487993e-02,5.345115075592005854e-02,5.316224481994445694e-02,5.290227299173769909e-02,5.266560354258275484e-02,5.244771400152156010e-02,5.224486276613366648e-02,5.205392734575073344e-02,5.187229790316320172e-02,5.169779673246150536e-02,5.152861406871836469e-02,5.136325596915233133e-02,5.120050165004397247e-02,5.103936832922173483e-02,5.087908202447743999e-02,5.071905307196671736e-02,5.055885539296255810e-02,5.039820875790539112e-02,5.023696347537826012e-02,5.007508707409846077e-02,4.991265265362550274e-02,4.974982866011902483e-02,4.958686990290024632e-02,4.942410967071443617e-02,4.926195283763354360e-02,4.910086987070577669e-02
5.699836199836199047e-01,5.564917283953593752e-02,5.574555829964823045e-02,5.584359778948667224e-02,5.594250489246614666e-02,5.604155603317506618e-02,5.614009700988827761e-02,5.623755107046315982e-02,5.633342876535812893e-02,5.642733985558903015e-02,5.651900760567441645e-02,5.660828585272504460e-02,5.669517931284808604e-02,5.677986766319648160e-02,5.686273401721342324e-02,5.694439848009560240e-02,5.702575750812888256e-02,5.710802975794236624e-02,5.719280893463601217e-02,5.728212375098727660e-02,5.737850447558100198e-02,5.748505505969671997e-02,5.760553162613353539e-02,5.774444161854167673e-02,5.790724640413692087e-02,5.810112115570400387e-02,5.833992759367512965e-02,5.872138556167846857e-02,5.903383100349415824e-02,5.932759524853105371e-02,5.959039361344556363e-02,5.980086115962732901e-02,5.994217587217629678e-02,6.000982964006872089e-02,6.001434627353841728e-02,5.997792497996383421e-02,5.992724606956757738e-02,5.988615468504124295e-02,5.987060681097877007e-02,5.988615468504130540e-02,5.992724606956746636e-02,5.997792497996377870e-02,6.001434627353802870e-02,6.000982964006833231e-02,5.994217587217613719e-02,5.980086115962733595e-02,5.959039361344584118e-02,5.932759524853113003e-02,5.903383100349406803e-02,5.872138556167851020e-02,5.833992759367493536e-02,5.810112115570417735e-02,5.790724640413657393e-02,5.774444161854148938e-02,5.760553162613367417e-02,5.748505505969656038e-02,5.737850447558089095e-02,5.728212375098731129e-02,5.719280893463601911e-02,5.710802975794249114e-02,5.702575750812889643e-02,5.694439848009584526e-02,5.686273401721323589e-02,5.677986766319643303e-02,5.669517931284810686e-02,5.660828585272504460e-02,5.651900760567430543e-02,5.642733985558905097e-02,5.633342876535782362e-02,5.623755107046301410e-02,5.614009700988820822e-02,5.604155603317519801e-02,5.594250489246613278e-02,5.584359778948649877e-02,5.574555829964791820e-02,5.564917283953579874e-02
5.763308763308763183e-01,6.284838870679834710e-02,6.286737731275005014e-02,6.288994440123231444e-02,6.291502934558536320e-02,6.294164586594094835e-02,6.296888944382221520e-02,6.299594673318124893e-02,6.302210723165017903e-02,6.304677750384643509e-02,6.306949827258867547e-02,6.308996470781554067e-02,6.310805023620509602e-02,6.312383414853688091e-02,6.313763316489195976e-02,6.315003687644552000e-02,6.316194653038323392e-02,6.317461583093858524e-02,6.318969112671708743e-02,6.320924642166760032e-02,6.323580638654947850e-02,6.327235011207432702e-02,6.332229928383877049e-02,6.338955864761915138e-02,6.347901936193302286e-02,6.360063911264952907e-02,6.385029864845312431e-02,6.399770672103345659e-02,6.409949405673212586e-02,6.415323720101732963e-02,6.415054313108654871e-02,6.409034431723353853e-02,6.398170474199965652e-02,6.384200579420878929e-02,6.369252001013325781e-02,6.355385790337748919e-02,6.344293917726120946e-02,6.337174957140360998e-02,6.334726290144118699e-02,6.337174957140337406e-02,6.344293917726118170e-02,6.355385790337736429e-02,6.369252001013307740e-02,6.384200579420883093e-02,6.398170474199978142e-02,6.409034431723367731e-02,6.415054313108685402e-02,6.415323720101748228e-02,6.409949405673195932e-02,6.399770672103355373e-02,6.385029864845308267e-02,6.360063911264933478e-02,6.347901936193300898e-02,6.338955864761940118e-02,6.332229928383842354e-02,6.327235011207420212e-02,6.323580638654961728e-02,6.320924642166753094e-02,6.318969112671724009e-02,6.317461583093866850e-02,6.316194653038333107e-02,6.315003687644557551e-02,6.313763316489180710e-02,6.312383414853692254e-02,6.310805023620497112e-02,6.308996470781558230e-02,6.306949827258885588e-02,6.304677750384640733e-02,6.302210723165020678e-02,6.299594673318115179e-02,6.296888944382206255e-02,6.294164586594097610e-02,6.291502934558551585e-02,6.288994440123217566e-02,6.286737731275003627e-02,6.284838870679809730e-02
5.826781326781326209e-01,7.069451473672780373e-02,7.061446870725693326e-02,7.054073978862272776e-02,7.047204945503303397e-02,7.040723002640034145e-02,7.034523574439366378e-02,7.028515617870222110e-02,7.022623201879361898e-02,7.016787322238744740e-02,7.010967936472145556e-02,7.005146184265732823e-02,6.999326730406606190e-02,6.993540124736245811e-02,6.987845009338551627e-02,6.982329906019622834e-02,6.977114171990085600e-02,6.972347502995147883e-02,6.968207090426037364e-02,6.964891269477788138e-02,6.962608533248254572e-02,6.961562246341856941e-02,6.961938509531416519e-02,6.963937772372225110e-02,6.968117230235884585e-02,6.983959317375373899e-02,6.986508623973246290e-02,6.982509704561423725e-02,6.973254922303451231e-02,6.959192140255807124e-02,6.941312336739623168e-02,6.921107283927031839e-02,6.900270416335020640e-02,6.880388968241460401e-02,6.862751405841117924e-02,6.848289723982731170e-02,6.837614326289014055e-02,6.831087076772857092e-02,6.828892675555793546e-02,6.831087076772859867e-02,6.837614326288991851e-02,6.848289723982729782e-02,6.862751405841126251e-02,6.880388968241464565e-02,6.900270416335020640e-02,6.921107283927024900e-02,6.941312336739621780e-02,6.959192140255789083e-02,6.973254922303455394e-02,6.982509704561404296e-02,6.986508623973260168e-02,6.983959317375362796e-02,6.968117230235877646e-02,6.963937772372212620e-02,6.961938509531433172e-02,6.961562246341854165e-02,6.962608533248247633e-02,6.964891269477790914e-02,6.968207090426047079e-02,6.972347502995127067e-02,6.977114171990077274e-02,6.982329906019611732e-02,6.987845009338532198e-02,6.993540124736205565e-02,6.999326730406629782e-02,7.005146184265705067e-02,7.010967936472149720e-02,7.016787322238772495e-02,7.022623201879349408e-02,7.028515617870254029e-02,7.034523574439383031e-02,7.040723002640052186e-02,7.047204945503295070e-02,7.054073978862274164e-02,7.061446870725715530e-02,7.069451473672820618e-02
5.890253890253890345e-01,7.919023707975261783e-02,7.898185288546168137e-02,7.878322815897745302e-02,7.859303675507117726e-02,7.841013979634056663e-02,7.823360228064728250e-02,7.806271069800106710e-02,7.789699082414422437e-02,7.773622454349629618e-02,7.758046416631350639e-02,7.743004221714624991e-02,7.728557403869969200e-02,7.714794970533850327e-02,7.701831057519274715e-02,7.689800422861549356e-02,7.678850953984504846e-02,7.669132158551661416e-02,7.660778550872855697e-02,7.653887386509132529e-02,7.648492632867984198e-02,7.644545451196052555e-02,7.641942778704234607e-02,7.640824198153353675e-02,7.650177221324003241e-02,7.645501308926447304e-02,7.633010541185403230e-02,7.616074162205820064e-02,7.595977437952113054e-02,7.574122441725877897e-02,7.551941118992769320e-02,7.530694490535710939e-02,7.511345570456580412e-02,7.494534456627542640e-02,7.480625544663017934e-02,7.469785348432166072e-02,7.462060582763199723e-02,7.457441357076516342e-02,7.455905032888060502e-02,7.457441357076503852e-02,7.462060582763196948e-02,7.469785348432145256e-02,7.480625544663052628e-02,7.494534456627524599e-02,7.511345570456609555e-02,7.530694490535727592e-02,7.551941118992805402e-02,7.574122441725858468e-02,7.595977437952103339e-02,7.616074162205814513e-02,7.633010541185393516e-02,7.645501308926457018e-02,7.650177221323974097e-02,7.640824198153364777e-02,7.641942778704251260e-02,7.644545451196042840e-02,7.648492632867971708e-02,7.653887386509145019e-02,7.660778550872804349e-02,7.669132158551657252e-02,7.678850953984493743e-02,7.689800422861532703e-02,7.701831057519244184e-02,7.714794970533862817e-02,7.728557403869946996e-02,7.743004221714616664e-02,7.758046416631363129e-02,7.773622454349610189e-02,7.789699082414414111e-02,7.806271069800127527e-02,7.823360228064729638e-02,7.841013979634081643e-02,7.859303675507099685e-02,7.878322815897761955e-02,7.898185288546155647e-02,7.919023707975267334e-02
5.953726453726453371e-01,8.812971076770323431e-02,8.776244550657194554e-02,8.741016718627778181e-02,8.707199394337458709e-02,8.674734316578520954e-02,8.643594000235008123e-02,8.613781991946140026e-02,8.585332315689328531e-02,8.558307875761406169e-02,8.532797566484565110e-02,8.508911812547477471e-02,8.486776221067005022e-02,8.466522955592328814e-02,8.448279341035234979e-02,8.432153103476186518e-02,8.418213639201983789e-02,8.406469051706387530e-02,8.396839982130331614e-02,8.389134788615050520e-02,8.383039678281663243e-02,8.378164117647125819e-02,8.374309579815346349e-02,8.374444626181110074e-02,8.372274337682636403e-02,8.356548453970821799e-02,8.337757706326803797e-02,8.317477202849031526e-02,8.297008445111712927e-02,8.277414208264331774e-02,8.259461146576575763e-02,8.243616665037230284e-02,8.230096943227398210e-02,8.218938009922406585e-02,8.210066558821152438e-02,8.203358412247499509e-02,8.198681393079415569e-02,8.195924071571611402e-02,8.195013403022864684e-02,8.195924071571561442e-02,8.198681393079443325e-02,8.203358412247496734e-02,8.210066558821138560e-02,8.218938009922446830e-02,8.230096943227427353e-02,8.243616665037280244e-02,8.259461146576579926e-02,8.277414208264319284e-02,8.297008445111705988e-02,8.317477202849053730e-02,8.337757706326805185e-02,8.356548453970848167e-02,8.372274337682640566e-02,8.374444626181125340e-02,8.374309579815356064e-02,8.378164117647141085e-02,8.383039678281713203e-02,8.389134788615040805e-02,8.396839982130344104e-02,8.406469051706366713e-02,8.418213639201985177e-02,8.432153103476193456e-02,8.448279341035258572e-02,8.466522955592335753e-02,8.486776221066981429e-02,8.508911812547494125e-02,8.532797566484535967e-02,8.558307875761408945e-02,8.585332315689302163e-02,8.613781991946120598e-02,8.643594000234995633e-02,8.674734316578526505e-02,8.707199394337467035e-02,8.741016718627786508e-02,8.776244550657152921e-02,8.812971076770310941e-02
6.017199017199017508e-01,9.764502103568875602e-02,9.711553499264963252e-02,9.661194837793930790e-02,9.613447639908299924e-02,9.568361646972992074e-02,9.526010092302220067e-02,9.486483823945085492e-02,9.449884299080361927e-02,9.416315488410718915e-02,9.385874706400029743e-02,9.358642308390112408e-02,9.334670071079059772e-02,9.313967931282307600e-02,9.296488689752831214e-02,9.282110483809788426e-02,9.270617649390464066e-02,9.261682624533199015e-02,9.254855749534124376e-02,9.249578094663095384e-02,9.245251995610644091e-02,9.241486711457060077e-02,9.239673190006940373e-02,9.239193483090582526e-02,9.224121863974844848e-02,9.207126630082468344e-02,9.189703084348080364e-02,9.172851556109522242e-02,9.157261528672364093e-02,9.143348744373709647e-02,9.131302350231103315e-02,9.121144583296397768e-02,9.112790028706470313e-02,9.106095557002949481e-02,9.100897921182901640e-02,9.097039784186312927e-02,9.094386549152386201e-02,9.092836584993141402e-02,9.092327012733227021e-02,9.092836584993189974e-02,9.094386549152350119e-02,9.097039784186318478e-02,9.100897921182830863e-02,9.106095557002939767e-02,9.112790028706486967e-02,9.121144583296413033e-02,9.131302350231085274e-02,9.143348744373698544e-02,9.157261528672329398e-02,9.172851556109534732e-02,9.189703084348084527e-02,9.207126630082461405e-02,9.224121863974822644e-02,9.239193483090550607e-02,9.239673190006929271e-02,9.241486711457072567e-02,9.245251995610656581e-02,9.249578094663102323e-02,9.254855749534146581e-02,9.261682624533192076e-02,9.270617649390461290e-02,9.282110483809785650e-02,9.296488689752810397e-02,9.313967931282314539e-02,9.334670071079047282e-02,9.358642308390074938e-02,9.385874706400051948e-02,9.416315488410714751e-02,9.449884299080353600e-02,9.486483823945106308e-02,9.526010092302217291e-02,9.568361646972967094e-02,9.613447639908312414e-02,9.661194837793911361e-02,9.711553499264971578e-02,9.764502103568889479e-02
6.080671580671580534e-01,1.075735508408158791e-01,1.069821515895173908e-01,1.064346078157892284e-01,1.059309074656363675e-01,1.054710167748865307e-01,1.050548106156597022e-01,1.046820079531233239e-01,1.043521112380766391e-01,1.040643468626622770e-01,1.038176020446763825e-01,1.036103521091982921e-01,1.034405718933458646e-01,1.033056272799974667e-01,1.032021498502441043e-01,1.031259123763879348e-01,1.030717488118845504e-01,1.030336025867146788e-01,1.030048465459544316e-01,1.029791358593333955e-01,1.029525647221881807e-01,1.029332288484208213e-01,1.029481673903211436e-01,1.028094591955417969e-01,1.026573869217718149e-01,1.025050849791199897e-01,1.023599867644588157e-01,1.022267432485472333e-01,1.021079241110790237e-01,1.020045257513929188e-01,1.019164400333563425e-01,1.018428617693311750e-01,1.017826129273439323e-01,1.017343816153988278e-01,1.016968873765058679e-01,1.016689893430542391e-01,1.016497534208201520e-01,1.016384918430816298e-01,1.016347849600253705e-01,1.016384918430817130e-01,1.016497534208201381e-01,1.016689893430540725e-01,1.016968873765059511e-01,1.017343816153990499e-01,1.017826129273440988e-01,1.018428617693311472e-01,1.019164400333561898e-01,1.020045257513925996e-01,1.021079241110790375e-01,1.022267432485476357e-01,1.023599867644591072e-01,1.025050849791202950e-01,1.026573869217720231e-01,1.028094591955417969e-01,1.029481673903212963e-01,1.029332288484211544e-01,1.029525647221881807e-01,1.029791358593335066e-01,1.030048465459545703e-01,1.030336025867151090e-01,1.030717488118845088e-01,1.031259123763877128e-01,1.032021498502438822e-01,1.033056272799975916e-01,1.034405718933463086e-01,1.036103521091984586e-01,1.038176020446763687e-01,1.040643468626622631e-01,1.043521112380768195e-01,1.046820079531232545e-01,1.050548106156592443e-01,1.054710167748863087e-01,1.059309074656360761e-01,1.064346078157893255e-01,1.069821515895170577e-01,1.075735508408162955e-01
6.144144144144143560e-01,1.156206234059629218e-01,1.151117709240442044e-01,1.146564210592414812e-01,1.142518106598833100e-01,1.138952942248151190e-01,1.135843080446450326e-01,1.133163270327832844e-01,1.130888104678248463e-01,1.128991325026225123e-01,1.127444938430652299e-01,1.126218132843691128e-01,1.125276030486345585e-01,1.124578416414405702e-01,1.124078736175977561e-01,1.123723874384056215e-01,1.123455487594329644e-01,1.123213967642418543e-01,1.122946739650218795e-01,1.122625878516359393e-01,1.122310038106054120e-01,1.122524810420417601e-01,1.121096947262968935e-01,1.119567496328479211e-01,1.118046929688051166e-01,1.116590478011679211e-01,1.115233193070416517e-01,1.113996110709692122e-01,1.112889669714498403e-01,1.111916555269566176e-01,1.111074154051608781e-01,1.110356576399763873e-01,1.109756233016180316e-01,1.109265005598150250e-01,1.108875079758216003e-01,1.108579515393340459e-01,1.108372623045559835e-01,1.108250202186730898e-01,1.108209683292447900e-01,1.108250202186735478e-01,1.108372623045558031e-01,1.108579515393341708e-01,1.108875079758216142e-01,1.109265005598152887e-01,1.109756233016184201e-01,1.110356576399764705e-01,1.111074154051605867e-01,1.111916555269569784e-01,1.112889669714501456e-01,1.113996110709691151e-01,1.115233193070413742e-01,1.116590478011677962e-01,1.118046929688050334e-01,1.119567496328475742e-01,1.121096947262965465e-01,1.122524810420413161e-01,1.122310038106054536e-01,1.122625878516358422e-01,1.122946739650221154e-01,1.123213967642419236e-01,1.123455487594324509e-01,1.123723874384058713e-01,1.124078736175981585e-01,1.124578416414404036e-01,1.125276030486348638e-01,1.126218132843694458e-01,1.127444938430649246e-01,1.128991325026225817e-01,1.130888104678248601e-01,1.133163270327830208e-01,1.135843080446447273e-01,1.138952942248153133e-01,1.142518106598833100e-01,1.146564210592414118e-01,1.151117709240440795e-01,1.156206234059629079e-01
6.207616707616707696e-01,1.104907939424149554e-01,1.100429845359863490e-01,1.096460057670745059e-01,1.092970057620263197e-01,1.089932386740889297e-01,1.087320346580819691e-01,1.085107558150216617e-01,1.083267360428836340e-01,1.081772034728389620e-01,1.080591862826128097e-01,1.079694069594200473e-01,1.079041774173027657e-01,1.078593183821546092e-01,1.078301409801977750e-01,1.078115454484586816e-01,1.077983124186877167e-01,1.077857073854789349e-01,1.077707326843268948e-01,1.077559687858121867e-01,1.078086207707176780e-01,1.077012375628996904e-01,1.075833835710870018e-01,1.074633317280144912e-01,1.073446079901992645e-01,1.072298777914018758e-01,1.071211951486434888e-01,1.070200645456532845e-01,1.069275012861584523e-01,1.068441082973160677e-01,1.067701619211632175e-01,1.067056970347723538e-01,1.066505846178472522e-01,1.066045981527940639e-01,1.065674677598753700e-01,1.065389225455761896e-01,1.065187224316665737e-01,1.065066809689362431e-01,1.065026805299160578e-01,1.065066809689363542e-01,1.065187224316665460e-01,1.065389225455761063e-01,1.065674677598750508e-01,1.066045981527941888e-01,1.066505846178471273e-01,1.067056970347724509e-01,1.067701619211626068e-01,1.068441082973158596e-01,1.069275012861583968e-01,1.070200645456532429e-01,1.071211951486434610e-01,1.072298777914022228e-01,1.073446079901991812e-01,1.074633317280145189e-01,1.075833835710870157e-01,1.077012375628999402e-01,1.078086207707177058e-01,1.077559687858125476e-01,1.077707326843263536e-01,1.077857073854788655e-01,1.077983124186878416e-01,1.078115454484586122e-01,1.078301409801977057e-01,1.078593183821541790e-01,1.079041774173030432e-01,1.079694069594199779e-01,1.080591862826127680e-01,1.081772034728395171e-01,1.083267360428836618e-01,1.085107558150214951e-01,1.087320346580820524e-01,1.089932386740885273e-01,1.092970057620262087e-01,1.096460057670745752e-01,1.100429845359864878e-01,1.104907939424150110e-01
6.271089271089270722e-01,7.814749740402340827e-02,7.784601283040876174e-02,7.758002277563429139e-02,7.734801602982478708e-02,7.714854357279833652e-02,7.698018369307665920e-02,7.684149157816859421e-02,7.673093015655721438e-02,7.664677958693136284e-02,7.658702503857568733e-02,7.654922740045501384e-02,7.653039063287274402e-02,7.652685380784192415e-02,7.653425588673148927e-02,7.654764699089339208e-02,7.656185842591139989e-02,7.657235764638103959e-02,7.657751703429417633e-02,7.659553308210841072e-02,7.657524353112961368e-02,7.648412088621202309e-02,7.637939693346364189e-02,7.626527604089289314e-02,7.614563254665403236e-02,7.602415823065362954e-02,7.590418683599577110e-02,7.578854816010899276e-02,7.567950194531128383e-02,7.557874472160275303e-02,7.548746736685053860e-02,7.540644010517047469e-02,7.533610633025540626e-02,7.527667275598395880e-02,7.522818885137803890e-02,7.519061252908378068e-02,7.516386158436692833e-02,7.514785170555846050e-02,7.514252234957924381e-02,7.514785170555834948e-02,7.516386158436710874e-02,7.519061252908358639e-02,7.522818885137795564e-02,7.527667275598401431e-02,7.533610633025565606e-02,7.540644010517072449e-02,7.548746736685062186e-02,7.557874472160294732e-02,7.567950194531129771e-02,7.578854816010888173e-02,7.590418683599584049e-02,7.602415823065358791e-02,7.614563254665411562e-02,7.626527604089319845e-02,7.637939693346361414e-02,7.648412088621196758e-02,7.657524353112983573e-02,7.659553308210836908e-02,7.657751703429405143e-02,7.657235764638122000e-02,7.656185842591128887e-02,7.654764699089311453e-02,7.653425588673164193e-02,7.652685380784211844e-02,7.653039063287254973e-02,7.654922740045506935e-02,7.658702503857552080e-02,7.664677958693140447e-02,7.673093015655706173e-02,7.684149157816853870e-02,7.698018369307647879e-02,7.714854357279835040e-02,7.734801602982487034e-02,7.758002277563405547e-02,7.784601283040887276e-02,7.814749740402328337e-02
6.334561834561834859e-01,6.708168906767945916e-02,6.672351066609689962e-02,6.640472180514643552e-02,6.612371326943815297e-02,6.587894552750775401e-02,6.566887072874907916e-02,6.549182228064730216e-02,6.534586489258815967e-02,6.522860112765969942e-02,6.513693914488484504e-02,6.506684358076940400e-02,6.501311979793701623e-02,6.496931951455138521e-02,6.492789342612893810e-02,6.488073603854085936e-02,6.482026945159673204e-02,6.474138441508235642e-02,6.464763979504105362e-02,6.456301277762141466e-02,6.438542342839158328e-02,6.418520332020222208e-02,6.397390815064894765e-02,6.375990711998091864e-02,6.354986967312849233e-02,6.334887087019100416e-02,6.316049585935611110e-02,6.298704567438294377e-02,6.282979918819843468e-02,6.268927887265697552e-02,6.256548711723267098e-02,6.245809891032832323e-02,6.236660946655855908e-02,6.229044206011077195e-02,6.222902377036017979e-02,6.218183688786971947e-02,6.214845265607867042e-02,6.212855258908126649e-02,6.212194118515788899e-02,6.212855258908145384e-02,6.214845265607860797e-02,6.218183688786971253e-02,6.222902377036036714e-02,6.229044206011081358e-02,6.236660946655840643e-02,6.245809891032880895e-02,6.256548711723268485e-02,6.268927887265679511e-02,6.282979918819850407e-02,6.298704567438277724e-02,6.316049585935627764e-02,6.334887087019097640e-02,6.354986967312831192e-02,6.375990711998104354e-02,6.397390815064891989e-02,6.418520332020227759e-02,6.438542342839122246e-02,6.456301277762147017e-02,6.464763979504124791e-02,6.474138441508221764e-02,6.482026945159684306e-02,6.488073603854109528e-02,6.492789342612909076e-02,6.496931951455146848e-02,6.501311979793691909e-02,6.506684358076959829e-02,6.513693914488515035e-02,6.522860112765971330e-02,6.534586489258809028e-02,6.549182228064714950e-02,6.566887072874909304e-02,6.587894552750771238e-02,6.612371326943800032e-02,6.640472180514613021e-02,6.672351066609692738e-02,6.708168906767937589e-02
6.398034398034397885e-01,9.025906566515727592e-02,8.942217151003657716e-02,8.864573520111801441e-02,8.792656318731191523e-02,8.726155697873202999e-02,8.664756695346920168e-02,8.608119493535835998e-02,8.555854715618417539e-02,8.507495648639255836e-02,8.462472209917290544e-02,8.420095375044429897e-02,8.379564358051942718e-02,8.340009370893798624e-02,8.300577186100606408e-02,8.260555256304574767e-02,8.219526274717511849e-02,8.177647592121217723e-02,8.139399675093916819e-02,8.094473351411389517e-02,8.048311431287946682e-02,8.002416454504336640e-02,7.957553123359871472e-02,7.914252780130022480e-02,7.872897878113055414e-02,7.833762959167159257e-02,7.797044844108802497e-02,7.762886475415524401e-02,7.731395100503121731e-02,7.702655339613190266e-02,7.676737929073311484e-02,7.653705040474434451e-02,7.633613040988002085e-02,7.616513449019628179e-02,7.602452706497087043e-02,7.591471262613007365e-02,7.583602354166513182e-02,7.578870775562138173e-02,7.577291853737798399e-02,7.578870775562111806e-02,7.583602354166492365e-02,7.591471262613033733e-02,7.602452706497098145e-02,7.616513449019605975e-02,7.633613040988017351e-02,7.653705040474437227e-02,7.676737929073300382e-02,7.702655339613168062e-02,7.731395100503116180e-02,7.762886475415528564e-02,7.797044844108808048e-02,7.833762959167127338e-02,7.872897878113051251e-02,7.914252780130005827e-02,7.957553123359838165e-02,8.002416454504353294e-02,8.048311431287914763e-02,8.094473351411395068e-02,8.139399675093937636e-02,8.177647592121213560e-02,8.219526274717517400e-02,8.260555256304553950e-02,8.300577186100621674e-02,8.340009370893802787e-02,8.379564358051978801e-02,8.420095375044409081e-02,8.462472209917273891e-02,8.507495648639275265e-02,8.555854715618445294e-02,8.608119493535826283e-02,8.664756695346934046e-02,8.726155697873184958e-02,8.792656318731215115e-02,8.864573520111707072e-02,8.942217151003681308e-02,9.025906566515728979e-02
6.461506961506962021e-01,1.297475451415061598e-01,1.281253022362522365e-01,1.265916117581940559e-01,1.251379513254049503e-01,1.237555155196088663e-01,1.224350855664232268e-01,1.211669313011011495e-01,1.199407995865074961e-01,1.187460548948113120e-01,1.175720305458665682e-01,1.164086089193005907e-01,1.152469735158134362e-01,1.140803913586484059e-01,1.129048546630506827e-01,1.117195509658558822e-01,1.105279534780222589e-01,1.093784185971819894e-01,1.081725801581856217e-01,1.069430745664899096e-01,1.057157109090404029e-01,1.044967093474824665e-01,1.032909043098921148e-01,1.021035131132774498e-01,1.009407345250102755e-01,9.980993377163346891e-02,9.871956603833741128e-02,9.767889907209983957e-02,9.669758651628410084e-02,9.578515414378697967e-02,9.495047322083072228e-02,9.420129943613095302e-02,9.354394680631285264e-02,9.298314280459878123e-02,9.252207746963549140e-02,9.216262275266072501e-02,9.190566716970072214e-02,9.175149156114237314e-02,9.170010763399738529e-02,9.175149156114263682e-02,9.190566716970066663e-02,9.216262275266104420e-02,9.252207746963558854e-02,9.298314280459817061e-02,9.354394680631307468e-02,9.420129943613105017e-02,9.495047322083022268e-02,9.578515414378725723e-02,9.669758651628471147e-02,9.767889907209982570e-02,9.871956603833771660e-02,9.980993377163338565e-02,1.009407345250102755e-01,1.021035131132768808e-01,1.032909043098924340e-01,1.044967093474825914e-01,1.057157109090405833e-01,1.069430745664899512e-01,1.081725801581855800e-01,1.093784185971822254e-01,1.105279534780222173e-01,1.117195509658561181e-01,1.129048546630499472e-01,1.140803913586485446e-01,1.152469735158133252e-01,1.164086089193008267e-01,1.175720305458669013e-01,1.187460548948114231e-01,1.199407995865075932e-01,1.211669313011009969e-01,1.224350855664236154e-01,1.237555155196086720e-01,1.251379513254047282e-01,1.265916117581943889e-01,1.281253022362522365e-01,1.297475451415061043e-01
6.524979524979525047e-01,1.787025419497733636e-01,1.762234823447423326e-01,1.738619553241762261e-01,1.715990213389868846e-01,1.694140068040365932e-01,1.672845411090643497e-01,1.651867322280362038e-01,1.630954999725913457e-01,1.609850401145069554e-01,1.588293563185980417e-01,1.566028124544397715e-01,1.542807684518898992e-01,1.518405891713764944e-01,1.492636861305570994e-01,1.465402420022353658e-01,1.436898460909108444e-01,1.407575603560782262e-01,1.375641877401518054e-01,1.343220010970210543e-01,1.311327771920917651e-01,1.281137254208948861e-01,1.253849850942360122e-01,1.230480818143337568e-01,1.211662933740134535e-01,1.197549496127666563e-01,1.187845108306136155e-01,1.181933042739002210e-01,1.179037035515807658e-01,1.178362732494812465e-01,1.179191726503255183e-01,1.180926993395565033e-01,1.183102234762985761e-01,1.185370284733601592e-01,1.187482639696221393e-01,1.189267705180698381e-01,1.190611675316925883e-01,1.191443601375174050e-01,1.191724967713156114e-01,1.191443601375172523e-01,1.190611675316926577e-01,1.189267705180696577e-01,1.187482639696211956e-01,1.185370284733599372e-01,1.183102234762981736e-01,1.180926993395554070e-01,1.179191726503260040e-01,1.178362732494807885e-01,1.179037035515808213e-01,1.181933042738997908e-01,1.187845108306138098e-01,1.197549496127666008e-01,1.211662933740136477e-01,1.230480818143348115e-01,1.253849850942366506e-01,1.281137254208945531e-01,1.311327771920917651e-01,1.343220010970212763e-01,1.375641877401518332e-01,1.407575603560789201e-01,1.436898460909104558e-01,1.465402420022354213e-01,1.492636861305567664e-01,1.518405891713764111e-01,1.542807684518896494e-01,1.566028124544402711e-01,1.588293563185969037e-01,1.609850401145067056e-01,1.630954999725901244e-01,1.651867322280360928e-01,1.672845411090639611e-01,1.694140068040369262e-01,1.715990213389864405e-01,1.738619553241750881e-01,1.762234823447421661e-01,1.787025419497740575e-01
6.588452088452088073e-01,2.363162591011585267e-01,2.325871120436775186e-01,2.288398207095084236e-01,2.249892849875508305e-01,2.209270613110716486e-01,2.165160042356518155e-01,2.115861135135348181e-01,2.059365847306356967e-01,1.993545456502817392e-01,1.916674266759268996e-01,1.828453473468667212e-01,1.731434414321471882e-01,1.632067800689920301e-01,1.539979758703314827e-01,1.464823880646791976e-01,1.413809943498999799e-01,1.383681937130443740e-01,1.371581456985808689e-01,1.372163203218878802e-01,1.380323190923529730e-01,1.392251528853336584e-01,1.405475619300736723e-01,1.418553352580286808e-01,1.430730857322330407e-01,1.441674662763747783e-01,1.451290897240990196e-01,1.459612748587373887e-01,1.466734015395234625e-01,1.472771487768776699e-01,1.477844555006595229e-01,1.482064779832705792e-01,1.485531073326919749e-01,1.488327908865351434e-01,1.490525097656860420e-01,1.492178286122941289e-01,1.493329704948950232e-01,1.494008911303609521e-01,1.494233385581888729e-01,1.494008911303608689e-01,1.493329704948946346e-01,1.492178286122942954e-01,1.490525097656861808e-01,1.488327908865353100e-01,1.485531073326920859e-01,1.482064779832711621e-01,1.477844555006587735e-01,1.472771487768775867e-01,1.466734015395228241e-01,1.459612748587377773e-01,1.451290897240992694e-01,1.441674662763738346e-01,1.430730857322323746e-01,1.418553352580284310e-01,1.405475619300729784e-01,1.392251528853336584e-01,1.380323190923540555e-01,1.372163203218874084e-01,1.371581456985819791e-01,1.383681937130441519e-01,1.413809943499004795e-01,1.464823880646787257e-01,1.539979758703318158e-01,1.632067800689910031e-01,1.731434414321480486e-01,1.828453473468674151e-01,1.916674266759270939e-01,1.993545456502806845e-01,2.059365847306358910e-01,2.115861135135357063e-01,2.165160042356515102e-01,2.209270613110712600e-01,2.249892849875504142e-01,2.288398207095098946e-01,2.325871120436777684e-01,2.363162591011583047e-01
6.651924651924652210e-01,2.815690976225063147e-01,2.694822263345290625e-01,2.549958633104534855e-01,2.379982011503196659e-01,2.190606065545890602e-01,1.997341076245672531e-01,1.823427267897317072e-01,1.690673641454881748e-01,1.609037380940120943e-01,1.573999674879408284e-01,1.572522468082432345e-01,1.590638713110664182e-01,1.617633666478665300e-01,1.646777801993249413e-01,1.674654996638676174e-01,1.699281543176371090e-01,1.720221410212545154e-01,1.737713016621331430e-01,1.752098140693916506e-01,1.763793032259972360e-01,1.773216052676880039e-01,1.780751332046600910e-01,1.786735052264020740e-01,1.791453503348768017e-01,1.795146578509922985e-01,1.798013337852088500e-01,1.800217961498905839e-01,1.801895322889551232e-01,1.803155882681392319e-01,1.804089834870890308e-01,1.804770542304341974e-01,1.805257339978079689e-01,1.805597794068494188e-01,1.805829499520609505e-01,1.805981487933137619e-01,1.806075304648684654e-01,1.806125801304867273e-01,1.806141678350974278e-01,1.806125801304871992e-01,1.806075304648687152e-01,1.805981487933137342e-01,1.805829499520603121e-01,1.805597794068491690e-01,1.805257339978076636e-01,1.804770542304340031e-01,1.804089834870892528e-01,1.803155882681384270e-01,1.801895322889544571e-01,1.800217961498908892e-01,1.798013337852086280e-01,1.795146578509921875e-01,1.791453503348767462e-01,1.786735052264014079e-01,1.780751332046602298e-01,1.773216052676877819e-01,1.763793032259979021e-01,1.752098140693915118e-01,1.737713016621330042e-01,1.720221410212544599e-01,1.699281543176360265e-01,1.674654996638678395e-01,1.646777801993250800e-01,1.617633666478653642e-01,1.590638713110670011e-01,1.572522468082422631e-01,1.573999674879412725e-01,1.609037380940116779e-01,1.690673641454871201e-01,1.823427267897330395e-01,1.997341076245684466e-01,2.190606065545864234e-01,2.379982011503206096e-01,2.549958633104550398e-01,2.694822263345310609e-01,2.815690976225054820e-01
6.715397215397215236e-01,1.946980328941521621e-01,1.852990146568002650e-01,1.815691399071697743e-01,1.822131826473940841e-01,1.855666025401297992e-01,1.901903692494577858e-01,1.950917018557656035e-01,1.996950644704795774e-01,2.037253182275512720e-01,2.070932643887580527e-01,2.098120235290746871e-01,2.119439926441868405e-01,2.135701601184960552e-01,2.147740227388710288e-01,2.156363852483241250e-01,2.162185709094433250e-01,2.165790243342234633e-01,2.167653905341840048e-01,2.168168952987196418e-01,2.167656140336607362e-01,2.166376365651426217e-01,2.164541128966121220e-01,2.162321550644467349e-01,2.159855935873821187e-01,2.157256007851674484e-01,2.154611987297800901e-01,2.151996703865371174e-01,2.149468910550129674e-01,2.147075949139226336e-01,2.144855890206876781e-01,2.142839248390988882e-01,2.141050353890263380e-01,2.139508444512052410e-01,2.138228528926904570e-01,2.137222060619505259e-01,2.136497452911852446e-01,2.136060457938979140e-01,2.135914426198418925e-01,2.136060457938985246e-01,2.136497452911853556e-01,2.137222060619511088e-01,2.138228528926899852e-01,2.139508444512051577e-01,2.141050353890260327e-01,2.142839248390989160e-01,2.144855890206876781e-01,2.147075949139216067e-01,2.149468910550135781e-01,2.151996703865366456e-01,2.154611987297785081e-01,2.157256007851674484e-01,2.159855935873827848e-01,2.162321550644460411e-01,2.164541128966116501e-01,2.166376365651429270e-01,2.167656140336620685e-01,2.168168952987198361e-01,2.167653905341850873e-01,2.165790243342239629e-01,2.162185709094439356e-01,2.156363852483252075e-01,2.147740227388712508e-01,2.135701601184972487e-01,2.119439926441883670e-01,2.098120235290747981e-01,2.070932643887595792e-01,2.037253182275520769e-01,1.996950644704780786e-01,1.950917018557659088e-01,1.901903692494579801e-01,1.855666025401286057e-01,1.822131826473935012e-01,1.815691399071702739e-01,1.852990146568005703e-01,1.946980328941524674e-01
6.778869778869779372e-01,2.361622484644541331e-01,2.428911919717554602e-01,2.486903684525654801e-01,2.534698935508855056e-01,2.572509588199675679e-01,2.601181759816606487e-01,2.621853773106137542e-01,2.635740553300041089e-01,2.644011342379725127e-01,2.647728584083182679e-01,2.647824314669457446e-01,2.645099426557251387e-01,2.640244248222018419e-01,2.633996860897774295e-01,2.626411440828669841e-01,2.617998237162721953e-01,2.609068495398520482e-01,2.599862707320223509e-01,2.590571250204493081e-01,2.581344886442277775e-01,2.572302701637406708e-01,2.563538433166177577e-01,2.555125558657342366e-01,2.547121390225482451e-01,2.539570367309229026e-01,2.532506704430100841e-01,2.525956520600879940e-01,2.519939552500826685e-01,2.514470533218304826e-01,2.509560301786604164e-01,2.505216695342266653e-01,2.501445264969009430e-01,2.498249847657934009e-01,2.495633019884690995e-01,2.493596452715715617e-01,2.492141183811731053e-01,2.491267817951097197e-01,2.490976664550745290e-01,2.491267817951078600e-01,2.492141183811734106e-01,2.493596452715712009e-01,2.495633019884688220e-01,2.498249847657940115e-01,2.501445264969009985e-01,2.505216695342267208e-01,2.509560301786618042e-01,2.514470533218302606e-01,2.519939552500824465e-01,2.525956520600890487e-01,2.532506704430098066e-01,2.539570367309228471e-01,2.547121390225486892e-01,2.555125558657339591e-01,2.563538433166183128e-01,2.572302701637400602e-01,2.581344886442282771e-01,2.590571250204489751e-01,2.599862707320215738e-01,2.609068495398516596e-01,2.617998237162710851e-01,2.626411440828671506e-01,2.633996860897779291e-01,2.640244248222011203e-01,2.645099426557245281e-01,2.647824314669465218e-01,2.647728584083179904e-01,2.644011342379726792e-01,2.635740553300036648e-01,2.621853773106146424e-01,2.601181759816604266e-01,2.572509588199677899e-01,2.534698935508866713e-01,2.486903684525638425e-01,2.428911919717576251e-01,2.361622484644532727e-01
6.842342342342342398e-01,3.209678433163267730e-01,3.234161186317155434e-01,3.249513844888386460e-01,3.256884575257177339e-01,3.257518957248759506e-01,3.252631181165308583e-01,3.243335350622503221e-01,3.230615544756138546e-01,3.215319200865136007e-01,3.198163974876976345e-01,3.179753257350349527e-01,3.160604889813856677e-01,3.141508760223113428e-01,3.122057183750874265e-01,3.102612596785153665e-01,3.083503142604325786e-01,3.064897102646269578e-01,3.046917273536782211e-01,3.029655124863375182e-01,3.013178325908410504e-01,2.997536065306050657e-01,2.982763125891851330e-01,2.968883091580234446e-01,2.955910898457589919e-01,2.943854874417934364e-01,2.932718374301848119e-01,2.922501092847776261e-01,2.913200119884996608e-01,2.904810788614149430e-01,2.897327357266690218e-01,2.890743556132824299e-01,2.885053025366171586e-01,2.880249663720427789e-01,2.876327904154074022e-01,2.873282928818277071e-01,2.871110833142259122e-01,2.869808746401092958e-01,2.869374914176122116e-01,2.869808746401080746e-01,2.871110833142247465e-01,2.873282928818263193e-01,2.876327904154066251e-01,2.880249663720422237e-01,2.885053025366166590e-01,2.890743556132824854e-01,2.897327357266679670e-01,2.904810788614151096e-01,2.913200119884998829e-01,2.922501092847767934e-01,2.932718374301844788e-01,2.943854874417925482e-01,2.955910898457585478e-01,2.968883091580248879e-01,2.982763125891858547e-01,2.997536065306048991e-01,3.013178325908414945e-01,3.029655124863374072e-01,3.046917273536781656e-01,3.064897102646260696e-01,3.083503142604333003e-01,3.102612596785141452e-01,3.122057183750873155e-01,3.141508760223117314e-01,3.160604889813872220e-01,3.179753257350345641e-01,3.198163974876979676e-01,3.215319200865126570e-01,3.230615544756126334e-01,3.243335350622504887e-01,3.252631181165313579e-01,3.257518957248758951e-01,3.256884575257193992e-01,3.249513844888387015e-01,3.234161186317137116e-01,3.209678433163290490e-01
6.905814905814906535e-01,3.957707043840753558e-01,3.952917998266001209e-01,3.940748163016014605e-01,3.922587623264933709e-01,3.899732587486476332e-01,3.873334217973213311e-01,3.844383448927355396e-01,3.813715648459214402e-01,3.782025671865034688e-01,3.749889163028322092e-01,3.717794026295248577e-01,3.686247698636969661e-01,3.655988029031010944e-01,3.625720877339203563e-01,3.596382679644098967e-01,3.568140622938676954e-01,3.541096135046569726e-01,3.515316601758986526e-01,3.490845835708397127e-01,3.467710177294466289e-01,3.445922803694020931e-01,3.425486994666404605e-01,3.406398679971201493e-01,3.388648452442064585e-01,3.372223168918762615e-01,3.357107227455902732e-01,3.343283587743273721e-01,3.330734586652883134e-01,3.319442589721500747e-01,3.309390510891931370e-01,3.300562226220886131e-01,3.292942902033447750e-01,3.286519253829449649e-01,3.281279748882420244e-01,3.277214762733102749e-01,3.274316697521960640e-01,3.272580068219203553e-01,3.272001561201735576e-01,3.272580068219198557e-01,3.274316697521955088e-01,3.277214762733112186e-01,3.281279748882413028e-01,3.286519253829444098e-01,3.292942902033464403e-01,3.300562226220892237e-01,3.309390510891925263e-01,3.319442589721502967e-01,3.330734586652878138e-01,3.343283587743258178e-01,3.357107227455894405e-01,3.372223168918770386e-01,3.388648452442060699e-01,3.406398679971199828e-01,3.425486994666395169e-01,3.445922803694006498e-01,3.467710177294472396e-01,3.490845835708399902e-01,3.515316601758980419e-01,3.541096135046566395e-01,3.568140622938683060e-01,3.596382679644106184e-01,3.625720877339221881e-01,3.655988029031009834e-01,3.686247698636962999e-01,3.717794026295247467e-01,3.749889163028336525e-01,3.782025671865041350e-01,3.813715648459219398e-01,3.844383448927350955e-01,3.873334217973230520e-01,3.899732587486485214e-01,3.922587623264944257e-01,3.940748163016034589e-01,3.952917998265992328e-01,3.957707043840757999e-01
6.969287469287469561e-01,4.649745982450855797e-01,4.628790723840233712e-01,4.600228522638442619e-01,4.565937792880037649e-01,4.527492267986557017e-01,4.486189279760766646e-01,4.443087238556231999e-01,4.399044441798578564e-01,4.354757218247562456e-01,4.310802051130279700e-01,4.267718681540391690e-01,4.226899151140791067e-01,4.186020757453945973e-01,4.146392135787491107e-01,4.108285249276244500e-01,4.071821315786020579e-01,4.037073081279387021e-01,4.004083526623797851e-01,3.972874546823280673e-01,3.943452510793539201e-01,3.915812297652733198e-01,3.889940382352395365e-01,3.865817249699413649e-01,3.843419303855449276e-01,3.822720386841846896e-01,3.803692988989966217e-01,3.786309214459387396e-01,3.770541550995165081e-01,3.756363482750444960e-01,3.743749977074035673e-01,3.732677869959639683e-01,3.723126169928199225e-01,3.715076296160432778e-01,3.708512263487163674e-01,3.703420824218002783e-01,3.699791574608058964e-01,3.697617031928460141e-01,3.696892686532797234e-01,3.697617031928441267e-01,3.699791574608041755e-01,3.703420824217992791e-01,3.708512263487172000e-01,3.715076296160426672e-01,3.723126169928214768e-01,3.732677869959631356e-01,3.743749977074037338e-01,3.756363482750440519e-01,3.770541550995177293e-01,3.786309214459398498e-01,3.803692988989968438e-01,3.822720386841839124e-01,3.843419303855447611e-01,3.865817249699429192e-01,3.889940382352390369e-01,3.915812297652720986e-01,3.943452510793548638e-01,3.972874546823277897e-01,4.004083526623800626e-01,4.037073081279394238e-01,4.071821315786018913e-01,4.108285249276242279e-01,4.146392135787499988e-01,4.186020757453945418e-01,4.226899151140791622e-01,4.267718681540394465e-01,4.310802051130278034e-01,4.354757218247587436e-01,4.399044441798590777e-01,4.443087238556231999e-01,4.486189279760761650e-01,4.527492267986547025e-01,4.565937792880052082e-01,4.600228522638431516e-01,4.628790723840235377e-01,4.649745982450846360e-01
7.032760032760032587e-01,5.358379329634563870e-01,5.312091232253919326e-01,5.261723322596617569e-01,5.208461465332088203e-01,5.153287526176663080e-01,5.097034509181128659e-01,5.040411643085516147e-01,4.984023513131306538e-01,4.928394400754387283e-01,4.874023547107758647e-01,4.821828953811198026e-01,4.771739685825319710e-01,4.721909738144116075e-01,4.673934550641741237e-01,4.627971725084783494e-01,4.584105658378346271e-01,4.542384637838862704e-01,4.502832783569389319e-01,4.465456552218090569e-01,4.430249196061507577e-01,4.397194135653021974e-01,4.366267620340851807e-01,4.337440865723328209e-01,4.310681784127358696e-01,4.285956389321468052e-01,4.263229936867680148e-01,4.242467848579993261e-01,4.223636460226602996e-01,4.206703624439545597e-01,4.191639195071906188e-01,4.178415414569746633e-01,4.167007222061644423e-01,4.157392496644249369e-01,4.149552247631356772e-01,4.143470761237577626e-01,4.139135711206348711e-01,4.136538239192574795e-01,4.135673009220007246e-01,4.136538239192568689e-01,4.139135711206341495e-01,4.143470761237590394e-01,4.149552247631333457e-01,4.157392496644227720e-01,4.167007222061646643e-01,4.178415414569762176e-01,4.191639195071913959e-01,4.206703624439539491e-01,4.223636460226594114e-01,4.242467848579993817e-01,4.263229936867679037e-01,4.285956389321489701e-01,4.310681784127337601e-01,4.337440865723333205e-01,4.366267620340855138e-01,4.397194135653024194e-01,4.430249196061508132e-01,4.465456552218078357e-01,4.502832783569390429e-01,4.542384637838867145e-01,4.584105658378358483e-01,4.627971725084789045e-01,4.673934550641760666e-01,4.721909738144120516e-01,4.771739685825324151e-01,4.821828953811207463e-01,4.874023547107744214e-01,4.928394400754363414e-01,4.984023513131292105e-01,5.040411643085505045e-01,5.097034509181131989e-01,5.153287526176675293e-01,5.208461465332087093e-01,5.261723322596637553e-01,5.312091232253915996e-01,5.358379329634576083e-01
7.096232596232596723e-01,6.365454477299944402e-01,6.237557115392625695e-01,6.071354418973128331e-01,5.938541989512382546e-01,5.829734915431699083e-01,5.736008264031892123e-01,5.652080600443279979e-01,5.574992034639396632e-01,5.503138672396798992e-01,5.435901156841138615e-01,5.374305890494637250e-01,5.312724238735329063e-01,5.253897438464039116e-01,5.197846949893539792e-01,5.144522647109469604e-01,5.093877554116502671e-01,5.045870631837023890e-01,5.000463919495583553e-01,4.957620151094068728e-01,4.917301415674275589e-01,4.879468632671742911e-01,4.844081557014575656e-01,4.811099094371569240e-01,4.780479776923114987e-01,4.752182303551607534e-01,4.726166085586102628e-01,4.702391764056061407e-01,4.680821680505491411e-01,4.661420293590237129e-01,4.644154539901451662e-01,4.628994141079985636e-01,4.615911861214985756e-01,4.604883719362501959e-01,4.595889162176894915e-01,4.588911201381275506e-01,4.583936520283516947e-01,4.580955552878707149e-01,4.579962538335374256e-01,4.580955552878728243e-01,4.583936520283539151e-01,4.588911201381266070e-01,4.595889162176899911e-01,4.604883719362507510e-01,4.615911861214984646e-01,4.628994141079975089e-01,4.644154539901453327e-01,4.661420293590236574e-01,4.680821680505485305e-01,4.702391764056047530e-01,4.726166085586107624e-01,4.752182303551603093e-01,4.780479776923087232e-01,4.811099094371568685e-01,4.844081557014561779e-01,4.879468632671755679e-01,4.917301415674277254e-01,4.957620151094078720e-01,5.000463919495574672e-01,5.045870631837030551e-01,5.093877554116507111e-01,5.144522647109461833e-01,5.197846949893536461e-01,5.253897438464042446e-01,5.312724238735343496e-01,5.374305890494660565e-01,5.435901156841124182e-01,5.503138672396790110e-01,5.574992034639405514e-01,5.652080600443271097e-01,5.736008264031869919e-01,5.829734915431706854e-01,5.938541989512367003e-01,6.071354418973105016e-01,6.237557115392625695e-01,6.365454477299967717e-01
7.159705159705159749e-01,4.278741177603755941e-01,3.194443177219615793e-01,2.559975119670903076e-01,6.782003714011436424e-01,6.825614398353812007e-01,6.569093812066773008e-01,6.373858749628599218e-01,6.227026360507353919e-01,6.110358466582969106e-01,6.016613333104894323e-01,5.929802144832683197e-01,5.851308414555154158e-01,5.779555781908758405e-01,5.713223780383686057e-01,5.651445930437168919e-01,5.593648274679622334e-01,5.539441653163491575e-01,5.488554585581785217e-01,5.440791404843060564e-01,5.396005879245222570e-01,5.354084435331293301e-01,5.314935416273847135e-01,5.278482183947303952e-01,5.244658694477289940e-01,5.213406677450811433e-01,5.184673859324792078e-01,5.158412867333439511e-01,5.134580575523036705e-01,5.113137735800291628e-01,5.094048790115254244e-01,5.077281795058598002e-01,5.062808413512536188e-01,5.050603943562534948e-01,5.040647365264279145e-01,5.032921392772388147e-01,5.027412523916273690e-01,5.024111082312261445e-01,5.023011249057379723e-01,5.024111082312282539e-01,5.027412523916265918e-01,5.032921392772398139e-01,5.040647365264266933e-01,5.050603943562547160e-01,5.062808413512513983e-01,5.077281795058580238e-01,5.094048790115267566e-01,5.113137735800311612e-01,5.134580575523027823e-01,5.158412867333453944e-01,5.184673859324780976e-01,5.213406677450805882e-01,5.244658694477283278e-01,5.278482183947306172e-01,5.314935416273849356e-01,5.354084435331275538e-01,5.396005879245228121e-01,5.440791404843045020e-01,5.488554585581821854e-01,5.539441653163514889e-01,5.593648274679613452e-01,5.651445930437146714e-01,5.713223780383714923e-01,5.779555781908786161e-01,5.851308414555136395e-01,5.929802144832693189e-01,6.016613333104872119e-01,6.110358466582962444e-01,6.227026360507352809e-01,6.373858749628571463e-01,6.569093812066796323e-01,6.825614398353634371e-01,6.782003714011033413e-01,2.559975119671074051e-01,3.194443177219664642e-01,4.278741177603707091e-01
7.223177723177722775e-01,5.260865157089500421e-01,5.131281027510675719e-01,4.877331588717371824e-01,4.358670323736117402e-01,3.147577191708492705e-01,2.580364111897144874e-01,7.163270469780308458e-01,7.178126913942266540e-01,6.901241253353831429e-01,6.698080339485769086e-01,6.540100946396028014e-01,6.417065013672076379e-01,6.316009332947943866e-01,6.229593014155411224e-01,6.153523124713099479e-01,6.085190609323803956e-01,6.022953502081489496e-01,5.965746292131990369e-01,5.912858262621261130e-01,5.863803023382045954e-01,5.818239279362860117e-01,5.775921444093616852e-01,5.736668192268107314e-01,5.700342087981414840e-01,5.666836207575047801e-01,5.636065264036674849e-01,5.607959673955947855e-01,5.582461572337731326e-01,5.559522129633848175e-01,5.539099745794100471e-01,5.521158837899626803e-01,5.505669030559404709e-01,5.492604619605633287e-01,5.481944220764835007e-01,5.473670542880634260e-01,5.467770244394436485e-01,5.464233845082581142e-01,5.463055674454917465e-01,5.464233845082576702e-01,5.467770244394435375e-01,5.473670542880642031e-01,5.481944220764841669e-01,5.492604619605616634e-01,5.505669030559395827e-01,5.521158837899640126e-01,5.539099745794113794e-01,5.559522129633848175e-01,5.582461572337722444e-01,5.607959673955943414e-01,5.636065264036670408e-01,5.666836207575030038e-01,5.700342087981405959e-01,5.736668192268088440e-01,5.775921444093620183e-01,5.818239279362868999e-01,5.863803023382034851e-01,5.912858262621261130e-01,5.965746292131990369e-01,6.022953502081490607e-01,6.085190609323781752e-01,6.153523124713095038e-01,6.229593014155423436e-01,6.316009332947952748e-01,6.417065013672067497e-01,6.540100946396047998e-01,6.698080339485766865e-01,6.901241253353856964e-01,7.178126913942248777e-01,7.163270469779867700e-01,2.580364111896644164e-01,3.147577191708620381e-01,4.358670323736090202e-01,4.877331588717400135e-01,5.131281027510716797e-01,5.260865157089518185e-01
7.286650286650286912e-01,5.549421650833381570e-01,5.554725730996442623e-01,5.519998153591930690e-01,5.430594757239349812e-01,5.255411168170106562e-01,4.919702822299578115e-01,4.210324366898349768e-01,2.533409530819270006e-01,4.742761852475905759e-01,7.612857861971462636e-01,7.383166964642344787e-01,7.114731243973267949e-01,6.922509884665452029e-01,6.780565383608561092e-01,6.669600328797858912e-01,6.578557687622750283e-01,6.501064458601316653e-01,6.433311893184663344e-01,6.372938112191112170e-01,6.318429913640630780e-01,6.268790128999355282e-01,6.223345255319402414e-01,6.181630215005822215e-01,6.143317192165255181e-01,6.108170547949653972e-01,6.076017642251675399e-01,6.046729614874629677e-01,6.020208544054201916e-01,5.996378767087811035e-01,5.975180961275449176e-01,5.956568080263535681e-01,5.940502551569832868e-01,5.926954339438378350e-01,5.915899606266548094e-01,5.907319791364865624e-01,5.901200983481145190e-01,5.897533503185933279e-01,5.896311639196060161e-01,5.897533503185916626e-01,5.901200983481126316e-01,5.907319791364858963e-01,5.915899606266552535e-01,5.926954339438365027e-01,5.940502551569821765e-01,5.956568080263555665e-01,5.975180961275451397e-01,5.996378767087826578e-01,6.020208544054211908e-01,6.046729614874637448e-01,6.076017642251638762e-01,6.108170547949633988e-01,6.143317192165248519e-01,6.181630215005800011e-01,6.223345255319399083e-01,6.268790128999360833e-01,6.318429913640628559e-01,6.372938112191108839e-01,6.433311893184651131e-01,6.501064458601328866e-01,6.578557687622750283e-01,6.669600328797874456e-01,6.780565383608547769e-01,6.922509884665469793e-01,7.114731243973262398e-01,7.383166964642353669e-01,7.612857861971402684e-01,4.742761852475555484e-01,2.533409530819286659e-01,4.210324366898401949e-01,4.919702822299601430e-01,5.255411168170152081e-01,5.430594757239355364e-01,5.519998153591921808e-01,5.554725730996425970e-01,5.549421650833382680e-01
7.350122850122851048e-01,5.635605256373070748e-01,5.703490489289860799e-01,5.746140339222646221e-01,5.760269218592292129e-01,5.740017898594113044e-01,5.674332259845591420e-01,5.540848478885128658e-01,5.289677295827678316e-01,4.792756717652864040e-01,3.644914110683570851e-01,2.034819615103546919e-01,7.279654538632841509e-01,7.710438498466379853e-01,7.447350978030836677e-01,7.237386320353371705e-01,7.085371581913705308e-01,6.970483069605174498e-01,6.879267620087541335e-01,6.803845309156349996e-01,6.739520148517308407e-01,6.683399986753340016e-01,6.633645823552557497e-01,6.589055244729530303e-01,6.548823109304887646e-01,6.512399165024250758e-01,6.479400610582195519e-01,6.449556906870309581e-01,6.422674120796949548e-01,6.398611432910447094e-01,6.377265405760899064e-01,6.358559308949883748e-01,6.342435799696056753e-01,6.328851866110217772e-01,6.317775318791087891e-01,6.309182357330571644e-01,6.303055895349212179e-01,6.299384432562505909e-01,6.298161334541458878e-01,6.299384432562503688e-01,6.303055895349215509e-01,6.309182357330563873e-01,6.317775318791096772e-01,6.328851866110198898e-01,6.342435799696048981e-01,6.358559308949903732e-01,6.377265405760896844e-01,6.398611432910453756e-01,6.422674120796938446e-01,6.449556906870305140e-01,6.479400610582196629e-01,6.512399165024238545e-01,6.548823109304896528e-01,6.589055244729544736e-01,6.633645823552557497e-01,6.683399986753331135e-01,6.739520148517317288e-01,6.803845309156340004e-01,6.879267620087516910e-01,6.970483069605202253e-01,7.085371581913676442e-01,7.237386320353381697e-01,7.447350978030836677e-01,7.710438498466394286e-01,7.279654538632689409e-01,2.034819615103418688e-01,3.644914110683714625e-01,4.792756717652862375e-01,5.289677295827697190e-01,5.540848478885078698e-01,5.674332259845549231e-01,5.740017898594138579e-01,5.760269218592271034e-01,5.746140339222634008e-01,5.703490489289857468e-01,5.635605256373072969e-01
7.413595413595414074e-01,5.607661810866756413e-01,5.717057404897942785e-01,5.806594007591076023e-01,5.875130676101114613e-01,5.920946199690707568e-01,5.941183101745795003e-01,5.930822699127555886e-01,5.880659724462548033e-01,5.772626413215062868e-01,5.567505397774964448e-01,5.167606473384374066e-01,4.280615529934525543e-01,2.263959763276128523e-01,6.051977273170748850e-01,7.851462026241263770e-01,7.682739395886658551e-01,7.479999007693519664e-01,7.330120792982310896e-01,7.218682058381135080e-01,7.132235641612731936e-01,7.062424985132257360e-01,7.004192404307303388e-01,6.954411361459256202e-01,6.911094640140273970e-01,6.872946037747583725e-01,6.839101029659713227e-01,6.808972127576587985e-01,6.782153849697127868e-01,6.758362712850298770e-01,6.737398432956689387e-01,6.719118330196817146e-01,6.703420163386601960e-01,6.690230467237288092e-01,6.679496557038301363e-01,6.671181027125658858e-01,6.665257982199593867e-01,6.661710505390484593e-01,6.660529042701596181e-01,6.661710505390496806e-01,6.665257982199604969e-01,6.671181027125662188e-01,6.679496557038303584e-01,6.690230467237285872e-01,6.703420163386603070e-01,6.719118330196824918e-01,6.737398432956684946e-01,6.758362712850285448e-01,6.782153849697126757e-01,6.808972127576590205e-01,6.839101029659683251e-01,6.872946037747601489e-01,6.911094640140276191e-01,6.954411361459262864e-01,7.004192404307322262e-01,7.062424985132275124e-01,7.132235641612747479e-01,7.218682058381146183e-01,7.330120792982340872e-01,7.479999007693532986e-01,7.682739395886651890e-01,7.851462026241273762e-01,6.051977273170565663e-01,2.263959763276230108e-01,4.280615529934574948e-01,5.167606473384335208e-01,5.567505397774987763e-01,5.772626413215046215e-01,5.880659724462542481e-01,5.930822699127542563e-01,5.941183101745798334e-01,5.920946199690720890e-01,5.875130676101121274e-01,5.806594007591067141e-01,5.717057404897962769e-01,5.607661810866760854e-01
7.477067977067977100e-01,5.503648760962056574e-01,5.642961747217632995e-01,5.765699434472646434e-01,5.871175409787556809e-01,5.958618796933425887e-01,6.026992608826123865e-01,6.074712889202649180e-01,6.099061354552698377e-01,6.095444209468721120e-01,6.055614359098886457e-01,5.963395348561971732e-01,5.784383990744972337e-01,5.434883841053197440e-01,4.670090280302509611e-01,2.791549788532277643e-01,4.830628647462846814e-01,7.836167702380383293e-01,7.822253499807558796e-01,7.650393152509815664e-01,7.514829495660214631e-01,7.413964472517767801e-01,7.336803387392255571e-01,7.275636648695449349e-01,7.225621477297474726e-01,7.183716789790060009e-01,7.147975117173362980e-01,7.117121830061425847e-01,7.090306136620312394e-01,7.066950722746497826e-01,7.046658621958702406e-01,7.029154087584983390e-01,7.014244216218945560e-01,7.001793575711646733e-01,6.991707192887572919e-01,6.983919051012490442e-01,6.978384315545121952e-01,6.975074162586062387e-01,6.973972501646994449e-01,6.975074162586049065e-01,6.978384315545136385e-01,6.983919051012510426e-01,6.991707192887576250e-01,7.001793575711635631e-01,7.014244216218936678e-01,7.029154087584996713e-01,7.046658621958695745e-01,7.066950722746506708e-01,7.090306136620336819e-01,7.117121830061415855e-01,7.147975117173372972e-01,7.183716789790065560e-01,7.225621477297480277e-01,7.275636648695457120e-01,7.336803387392246689e-01,7.413964472517742266e-01,7.514829495660217962e-01,7.650393152509850081e-01,7.822253499807593213e-01,7.836167702380334443e-01,4.830628647462363312e-01,2.791549788532405874e-01,4.670090280302631180e-01,5.434883841053164133e-01,5.784383990745002313e-01,5.963395348561995046e-01,6.055614359098877575e-01,6.095444209468721120e-01,6.099061354552699488e-01,6.074712889202658062e-01,6.026992608826109432e-01,5.958618796933423667e-01,5.871175409787539046e-01,5.765699434472648655e-01,5.642961747217637436e-01,5.503648760962048803e-01
7.540540540540541237e-01,5.354191634506133557e-01,5.515027673327373980e-01,5.661944236362161931e-01,5.794293472186868854e-01,5.911500139404587406e-01,6.012998614466199543e-01,6.098197570229966225e-01,6.165580618108680300e-01,6.213946010247290985e-01,6.240753943441289531e-01,6.241584630856290561e-01,6.208416191654093641e-01,6.125753645234633948e-01,5.960791492675816539e-01,5.634056368845673513e-01,4.913667639964084954e-01,3.098734992217924145e-01,4.338493375167812860e-01,7.776616753501158774e-01,7.895140791867134578e-01,7.765360707009693053e-01,7.652156488851978855e-01,7.566789442671391086e-01,7.501943614481835221e-01,7.451313226800164724e-01,7.410697517761334341e-01,7.377386736096087638e-01,7.349619777053821856e-01,7.326233943347394417e-01,7.306449389673416173e-01,7.289735983058873714e-01,7.275729645463711037e-01,7.264178752358180224e-01,7.254909185422133699e-01,7.247801261494684066e-01,7.242774441941073338e-01,7.239777316140425523e-01,7.238781325334646688e-01,7.239777316140421082e-01,7.242774441941084440e-01,7.247801261494706271e-01,7.254909185422131479e-01,7.264178752358199098e-01,7.275729645463719919e-01,7.289735983058889257e-01,7.306449389673416173e-01,7.326233943347383315e-01,7.349619777053810754e-01,7.377386736096088748e-01,7.410697517761334341e-01,7.451313226800160283e-01,7.501943614481833000e-01,7.566789442671391086e-01,7.652156488851992178e-01,7.765360707009684171e-01,7.895140791867119034e-01,7.776616753501229828e-01,4.338493375167611910e-01,3.098734992217966888e-01,4.913667639964138245e-01,5.634056368845694607e-01,5.960791492675828751e-01,6.125753645234646161e-01,6.208416191654093641e-01,6.241584630856293892e-01,6.240753943441286200e-01,6.213946010247296536e-01,6.165580618108659205e-01,6.098197570229977327e-01,6.012998614466201763e-01,5.911500139404581855e-01,5.794293472186862193e-01,5.661944236362171923e-01,5.515027673327380642e-01,5.354191634506134667e-01
7.604013104013104263e-01,5.175940900220795671e-01,5.351549629079535020e-01,5.515594748907374223e-01,5.667377048016890573e-01,5.806323269185488245e-01,5.932038245189845682e-01,6.043794744886461512e-01,6.140816679008759271e-01,6.222721175899833534e-01,6.288536304056432380e-01,6.336714118628599124e-01,6.364674854466191301e-01,6.367949139461134278e-01,6.338426351041137607e-01,6.260392010383154515e-01,6.100341251376100171e-01,5.776143867482709249e-01,5.044167162522565917e-01,3.171450573391514927e-01,4.527196032827806027e-01,7.747100985743906598e-01,7.923796204780383379e-01,7.834767635914565709e-01,7.746945955063410105e-01,7.679308240169430144e-01,7.628089609411256022e-01,7.588656117162465575e-01,7.557660959171649262e-01,7.532863857794720452e-01,7.512777848019154270e-01,7.496408513593869616e-01,7.483083958695040394e-01,7.472346376552393421e-01,7.463882637572325507e-01,7.457479447622604729e-01,7.452994236657097815e-01,7.450336423586964019e-01,7.449455838339268388e-01,7.450336423586972900e-01,7.452994236657097815e-01,7.457479447622610280e-01,7.463882637572346601e-01,7.472346376552364555e-01,7.483083958695044835e-01,7.496408513593871836e-01,7.512777848019128735e-01,7.532863857794723783e-01,7.557660959171631498e-01,7.588656117162468906e-01,7.628089609411270455e-01,7.679308240169434585e-01,7.746945955063406775e-01,7.834767635914569039e-01,7.923796204780370056e-01,7.747100985743858859e-01,4.527196032827824901e-01,3.171450573391378924e-01,5.044167162522537051e-01,5.776143867482711469e-01,6.100341251376131257e-01,6.260392010383135641e-01,6.338426351041134277e-01,6.367949139461149821e-01,6.364674854466185749e-01,6.336714118628612447e-01,6.288536304056445703e-01,6.222721175899833534e-01,6.140816679008765933e-01,6.043794744886479275e-01,5.932038245189847903e-01,5.806323269185486025e-01,5.667377048016906116e-01,5.515594748907381994e-01,5.351549629079540571e-01,5.175940900220796781e-01
7.667485667485667289e-01,4.973771368346366906e-01,5.158398099846198681e-01,5.333575956674643237e-01,5.498563389348328778e-01,5.652772507914715083e-01,5.795906621866991904e-01,5.926539245635750186e-01,6.044812889518889065e-01,6.150324597863455756e-01,6.242588177088481682e-01,6.320939444091783210e-01,6.384374359079822980e-01,6.431280044351422864e-01,6.458959721808802401e-01,6.462728531199567472e-01,6.434035955023985620e-01,6.356135321360341095e-01,6.192687208008678112e-01,5.852242169818072659e-01,5.054587052360990374e-01,3.028412400370730229e-01,5.172396195170880784e-01,7.740087659985073198e-01,7.910891325223170512e-01,7.855165294650643393e-01,7.791904287658085737e-01,7.741908112788677965e-01,7.704102963922387914e-01,7.675431467228699400e-01,7.653431843552720437e-01,7.636376543996238331e-01,7.623088573273433255e-01,7.612769354903443642e-01,7.604876802773039568e-01,7.599044423142540250e-01,7.595028754280948036e-01,7.592675812848495021e-01,7.591900558922951570e-01,7.592675812848497241e-01,7.595028754280951366e-01,7.599044423142540250e-01,7.604876802773046229e-01,7.612769354903426988e-01,7.623088573273417712e-01,7.636376543996241661e-01,7.653431843552713776e-01,7.675431467228686078e-01,7.704102963922380143e-01,7.741908112788663532e-01,7.791904287658087958e-01,7.855165294650641172e-01,7.910891325223139425e-01,7.740087659985047663e-01,5.172396195170604338e-01,3.028412400370887325e-01,5.054587052360971500e-01,5.852242169818124840e-01,6.192687208008667010e-01,6.356135321360318891e-01,6.434035955023976738e-01,6.462728531199560811e-01,6.458959721808816834e-01,6.431280044351421754e-01,6.384374359079826311e-01,6.320939444091776549e-01,6.242588177088485013e-01,6.150324597863457976e-01,6.044812889518880183e-01,5.926539245635742414e-01,5.795906621866980801e-01,5.652772507914713973e-01,5.498563389348343211e-01,5.333575956674654339e-01,5.158398099846205342e-01,4.973771368346365795e-01
7.730958230958231425e-01,4.764075779123446708e-01,4.953348883651932932e-01,5.135018753423409299e-01,5.308337719555127343e-01,5.472805538606806408e-01,5.627529675910587503e-01,5.771640731286011849e-01,5.905099954551020769e-01,6.027547304638165571e-01,6.138636236151384651e-01,6.237988565112507766e-01,6.325124255850812505e-01,6.399354655074777076e-01,6.459612943402258667e-01,6.504168622882442463e-01,6.530113238182642110e-01,6.532360474128601213e-01,6.501520267481661897e-01,6.418857560439131804e-01,6.242561361594365366e-01,5.863111382608008348e-01,4.930530914345943594e-01,2.771170239414071923e-01,5.983158502415323321e-01,7.736372984563327782e-01,7.873979967332803698e-01,7.843132829466268330e-01,7.801131454575854773e-01,7.766863192309301223e-01,7.740968433276361749e-01,7.721678986918695253e-01,7.707327718051671939e-01,7.696673748387663494e-01,7.688848212149497208e-01,7.683257992968446359e-01,7.679508385552926697e-01,7.677349957030227268e-01,7.676645126760588411e-01,7.677349957030218386e-01,7.679508385552926697e-01,7.683257992968440808e-01,7.688848212149491657e-01,7.696673748387684588e-01,7.707327718051689702e-01,7.721678986918695253e-01,7.740968433276371741e-01,7.766863192309301223e-01,7.801131454575862545e-01,7.843132829466290534e-01,7.873979967332789265e-01,7.736372984563306687e-01,5.983158502415208968e-01,2.771170239414167402e-01,4.930530914345925830e-01,5.863111382608046096e-01,6.242561361594360925e-01,6.418857560439135135e-01,6.501520267481658566e-01,6.532360474128579009e-01,6.530113238182633228e-01,6.504168622882422479e-01,6.459612943402271990e-01,6.399354655074783738e-01,6.325124255850799182e-01,6.237988565112519979e-01,6.138636236151377990e-01,6.027547304638160020e-01,5.905099954551008556e-01,5.771640731286011849e-01,5.627529675910591944e-01,5.472805538606813069e-01,5.308337719555125123e-01,5.135018753423407079e-01,4.953348883651928491e-01,4.764075779123451149e-01
7.794430794430794451e-01,4.554160100781647347e-01,4.744751306932741830e-01,4.929312213727204961e-01,5.107136792800535119e-01,5.277859658125290121e-01,5.439707833200426723e-01,5.592794427038707550e-01,5.736692847550302066e-01,5.871029026308260956e-01,5.995478222122189171e-01,6.109742093180843270e-01,6.213514062307151642e-01,6.306429392750687590e-01,6.387991699763435616e-01,6.457460087461618370e-01,6.513666256424149870e-01,6.554699412524698232e-01,6.577324913613276092e-01,6.575824276071698948e-01,6.539454861577086442e-01,6.446206992416430026e-01,6.245027248491713534e-01,5.794958133166128178e-01,4.630182458946652813e-01,2.776229066544188551e-01,6.645075636659322216e-01,7.711960136048576775e-01,7.816393605086950913e-01,7.803540912466778723e-01,7.778582437705185981e-01,7.757203477172315287e-01,7.741016462493872652e-01,7.729227571447447875e-01,7.720832798858406898e-01,7.715027724595736602e-01,7.711242988224532580e-01,7.709109095826213176e-01,7.708419847433825023e-01,7.709109095826224278e-01,7.711242988224517036e-01,7.715027724595731051e-01,7.720832798858402457e-01,7.729227571447468970e-01,7.741016462493873762e-01,7.757203477172330830e-01,7.778582437705194863e-01,7.803540912466779833e-01,7.816393605086953134e-01,7.711960136048593428e-01,6.645075636659165674e-01,2.776229066544191881e-01,4.630182458946803248e-01,5.794958133166172587e-01,6.245027248491712424e-01,6.446206992416423365e-01,6.539454861577097544e-01,6.575824276071707830e-01,6.577324913613277202e-01,6.554699412524681579e-01,6.513666256424153200e-01,6.457460087461629472e-01,6.387991699763441167e-01,6.306429392750692031e-01,6.213514062307141650e-01,6.109742093180835498e-01,5.995478222122198053e-01,5.871029026308250964e-01,5.736692847550297625e-01,5.592794427038703109e-01,5.439707833200417841e-01,5.277859658125289011e-01,5.107136792800534009e-01,4.929312213727204406e-01,4.744751306932745161e-01,4.554160100781645681e-01
7.857903357903358588e-01,4.360190733818604669e-01,4.550118240174086948e-01,4.735318582298660983e-01,4.915227546915992840e-01,5.088941023021648080e-01,5.255278410709088854e-01,5.414145999648550811e-01,5.565080951254847141e-01,5.707683148407943774e-01,5.841612625506472645e-01,5.966577826282651875e-01,6.082317283966794941e-01,6.188573592802292245e-01,6.285056760011732413e-01,6.371391489256267304e-01,6.447038383615427692e-01,6.511170250579054741e-01,6.562466704743143975e-01,6.598751139321686887e-01,6.616302540875123039e-01,6.608440480421950980e-01,6.562315568836128987e-01,6.450676502242317367e-01,6.207160418206526531e-01,5.637118867382373555e-01,4.118564929298125787e-01,3.625591191401834612e-01,7.047874906206786916e-01,7.676660388487918096e-01,7.758424540243387124e-01,7.758572199627705723e-01,7.746499334773411238e-01,7.734956633265024362e-01,7.726108034559553417e-01,7.719889147633663962e-01,7.715849462604007503e-01,7.713590948654822643e-01,7.712865694572721420e-01,7.713590948654830415e-01,7.715849462604013054e-01,7.719889147633670623e-01,7.726108034559557858e-01,7.734956633265029913e-01,7.746499334773403467e-01,7.758572199627721266e-01,7.758424540243397116e-01,7.676660388487929199e-01,7.047874906206742507e-01,3.625591191401828506e-01,4.118564929298098587e-01,5.637118867382341358e-01,6.207160418206549846e-01,6.450676502242336241e-01,6.562315568836145641e-01,6.608440480421946539e-01,6.616302540875145244e-01,6.598751139321685777e-01,6.562466704743141754e-01,6.511170250579051411e-01,6.447038383615422141e-01,6.371391489256261753e-01,6.285056760011739074e-01,6.188573592802295575e-01,6.082317283966782728e-01,5.966577826282645214e-01,5.841612625506479306e-01,5.707683148407947105e-01,5.565080951254829378e-01,5.414145999648560803e-01,5.255278410709088854e-01,5.088941023021639198e-01,4.915227546915989509e-01,4.735318582298662649e-01,4.550118240174082507e-01,4.360190733818608555e-01
7.921375921375921614e-01,4.174420463613533472e-01,4.361984132050218954e-01,4.545905847253389753e-01,4.725887877719385233e-01,4.899993505569413266e-01,5.068255003891930510e-01,5.230154220124597630e-01,5.385210321790474541e-01,5.533002385271278412e-01,5.673169384083185385e-01,5.805404645294215404e-01,5.929446050161256698e-01,6.045061664075188634e-01,6.152029712322698574e-01,6.250110836622341237e-01,6.339008929235093737e-01,6.418313901060553883e-01,6.487414210611719412e-01,6.545356060572220525e-01,6.590603357354554159e-01,6.620601655907616401e-01,6.630926732100306253e-01,6.613474324238288737e-01,6.552188089131582016e-01,6.411562036214722982e-01,6.100168220544802677e-01,5.335361383199395124e-01,3.460452428736417452e-01,4.962030447468950833e-01,7.219089196100102468e-01,7.610496214042274943e-01,7.680690213786863785e-01,7.690821252776426364e-01,7.688442555151077107e-01,7.684268309152082477e-01,7.680882866709022316e-01,7.678826691605629140e-01,7.678146464270414473e-01,7.678826691605645793e-01,7.680882866709018986e-01,7.684268309152078036e-01,7.688442555151074886e-01,7.690821252776424144e-01,7.680690213786864895e-01,7.610496214042257179e-01,7.219089196100101358e-01,4.962030447468814831e-01,3.460452428736345287e-01,5.335361383199387353e-01,6.100168220544794906e-01,6.411562036214706328e-01,6.552188089131577575e-01,6.613474324238308721e-01,6.630926732100294041e-01,6.620601655907618621e-01,6.590603357354560821e-01,6.545356060572234957e-01,6.487414210611721632e-01,6.418313901060567206e-01,6.339008929235093737e-01,6.250110836622342347e-01,6.152029712322699684e-01,6.045061664075181973e-01,5.929446050161253368e-01,5.805404645294217625e-01,5.673169384083185385e-01,5.533002385271280632e-01,5.385210321790468990e-01,5.230154220124598741e-01,5.068255003891924959e-01,4.899993505569408825e-01,4.725887877719376351e-01,4.545905847253389198e-01,4.361984132050210072e-01,4.174420463613525700e-01
7.984848484848485750e-01,3.996141957751443985e-01,4.180086276588263483e-01,4.361335867933211485e-01,4.539206364813543337e-01,4.712250366141356173e-01,4.880401345554093995e-01,5.043132787272233131e-01,5.199959911325283679e-01,5.350450926518559580e-01,5.494228881876488391e-01,5.630969746603694537e-01,5.760397458259202130e-01,5.882275897647911700e-01,5.996397381132461124e-01,6.102566840199076248e-01,6.200580198221589123e-01,6.290194329472525991e-01,6.371083998758204636e-01,6.442777534867926148e-01,6.504556004863678575e-01,6.555286572643005405e-01,6.593130620363468752e-01,6.614998296654592824e-01,6.615450061775339785e-01,6.584277564489962042e-01,6.500554696620461925e-01,6.315849948359966159e-01,5.898651675030719410e-01,4.843958096845636940e-01,3.156650331137492160e-01,5.866504621607485648e-01,7.224996107279232360e-01,7.504098833685545200e-01,7.572957604771556328e-01,7.592209847070482409e-01,7.597648071642992829e-01,7.599025889595727445e-01,7.599263788055636848e-01,7.599025889595734107e-01,7.597648071642983947e-01,7.592209847070492401e-01,7.572957604771544116e-01,7.504098833685565184e-01,7.224996107279214597e-01,5.866504621607333547e-01,3.156650331137509924e-01,4.843958096845770722e-01,5.898651675030729402e-01,6.315849948359975041e-01,6.500554696620455264e-01,6.584277564489929846e-01,6.615450061775326462e-01,6.614998296654560628e-01,6.593130620363455430e-01,6.555286572642997633e-01,6.504556004863657481e-01,6.442777534867920597e-01,6.371083998758216849e-01,6.290194329472525991e-01,6.200580198221582462e-01,6.102566840199068476e-01,5.996397381132455573e-01,5.882275897647930574e-01,5.760397458259188808e-01,5.630969746603672332e-01,5.494228881876470627e-01,5.350450926518554029e-01,5.199959911325291451e-01,5.043132787272237572e-01,4.880401345554085668e-01,4.712250366141346181e-01,4.539206364813541672e-01,4.361335867933203714e-01,4.180086276588267369e-01,3.996141957751441209e-01
8.048321048321048776e-01,3.829699031538869591e-01,4.009372721580171661e-01,4.187381590826074196e-01,4.361791108066249145e-01,4.532593036361205474e-01,4.699280205040326508e-01,4.861337306423352267e-01,5.018285781267016743e-01,5.169692136657425552e-01,5.315170947226897091e-01,5.454385101102837696e-01,5.587043751714916295e-01,5.712898013711081857e-01,5.831734250569167166e-01,5.943364611610117976e-01,6.047614182476394040e-01,6.144303635143237852e-01,6.233225456817452770e-01,6.314110435313637915e-01,6.386578566480048957e-01,6.450063865843025379e-01,6.503693428075437710e-01,6.546082286715486642e-01,6.574964574810310269e-01,6.586485232788982236e-01,6.573731178396284847e-01,6.523390465591698550e-01,6.407246495893454963e-01,6.157424741343556773e-01,5.585533138575283774e-01,4.214959262774923276e-01,3.591316648346062901e-01,6.162934575141392202e-01,7.090844336190352815e-01,7.337000071938135637e-01,7.415913814291599238e-01,7.443831690278058799e-01,7.450967288491578966e-01,7.443831690278046587e-01,7.415913814291591466e-01,7.337000071938170054e-01,7.090844336190280650e-01,6.162934575141426619e-01,3.591316648345862506e-01,4.214959262774841120e-01,5.585533138575314860e-01,6.157424741343551222e-01,6.407246495893462734e-01,6.523390465591707432e-01,6.573731178396290398e-01,6.586485232788978905e-01,6.574964574810304718e-01,6.546082286715471099e-01,6.503693428075435490e-01,6.450063865843024269e-01,6.386578566480043406e-01,6.314110435313631253e-01,6.233225456817463872e-01,6.144303635143245623e-01,6.047614182476396261e-01,5.943364611610115755e-01,5.831734250569173827e-01,5.712898013711084078e-01,5.587043751714911854e-01,5.454385101102833255e-01,5.315170947226901532e-01,5.169692136657435544e-01,5.018285781267014523e-01,4.861337306423355042e-01,4.699280205040326508e-01,4.532593036361211580e-01,4.361791108066246925e-01,4.187381590826071975e-01,4.009372721580167775e-01,3.829699031538866261e-01
8.111793611793611802e-01,3.675186054911684930e-01,3.850266303847154070e-01,4.023989604902644679e-01,4.194708925017963663e-01,4.362453354746193002e-01,4.526717293131239384e-01,4.687005359153924577e-01,4.842852478752178724e-01,4.993830973537604634e-01,5.139554198676595798e-01,5.279678082144502183e-01,5.413900861119343988e-01,5.541961066259172286e-01,5.663633702629963240e-01,5.778724483116818300e-01,5.887061829677580072e-01,5.988486143212221613e-01,6.082835475387429192e-01,6.169926132570175970e-01,6.249525712818320144e-01,6.321314272139142432e-01,6.384826040895977828e-01,6.439357919237566064e-01,6.483818720969377614e-01,6.516467551851239381e-01,6.534433002807807922e-01,6.532770108517715890e-01,6.502465243354844660e-01,6.425822340961648838e-01,6.264647585486596837e-01,5.926915261492362585e-01,5.177325692012871849e-01,3.736982281613301371e-01,3.922488083872796572e-01,5.843447700930923805e-01,6.653895353217911257e-01,6.920678448150960893e-01,6.985572781106730300e-01,6.920678448150924256e-01,6.653895353217882391e-01,5.843447700930831656e-01,3.922488083872624487e-01,3.736982281613344670e-01,5.177325692012896274e-01,5.926915261492354814e-01,6.264647585486605719e-01,6.425822340961649948e-01,6.502465243354846880e-01,6.532770108517708119e-01,6.534433002807804591e-01,6.516467551851240492e-01,6.483818720969368732e-01,6.439357919237571615e-01,6.384826040895977828e-01,6.321314272139140211e-01,6.249525712818319034e-01,6.169926132570180410e-01,6.082835475387430302e-01,5.988486143212219392e-01,5.887061829677570080e-01,5.778724483116820521e-01,5.663633702629963240e-01,5.541961066259176727e-01,5.413900861119342878e-01,5.279678082144512175e-01,5.139554198676604679e-01,4.993830973537605189e-01,4.842852478752184830e-01,4.687005359153931794e-01,4.526717293131230502e-01,4.362453354746199108e-01,4.194708925017969214e-01,4.023989604902644124e-01,3.850266303847151850e-01,3.675186054911685485e-01
8.175266175266175939e-01,3.531730397013118639e-01,3.702413172558904897e-01,3.871109544172114392e-01,4.037729890475222350e-01,4.201865036850599422e-01,4.363032973757831612e-01,4.520762841772735241e-01,4.674607897126408229e-01,4.824151871777063172e-01,4.969012910301303654e-01,5.108845862736383081e-01,5.243343125735692167e-01,5.372234075001840470e-01,5.495283074081348529e-01,5.612285997352906008e-01,5.723065138017691122e-01,5.827462264913558787e-01,5.925329410318502799e-01,6.016516691542501682e-01,6.100855989896059040e-01,6.178138526407873643e-01,6.248083024301123167e-01,6.310288766034179986e-01,6.364163496663927111e-01,6.408807842518340347e-01,6.442821470421784547e-01,6.463961973768127534e-01,6.468512363181069258e-01,6.450038867841988433e-01,6.396794265099531307e-01,6.285937119840717680e-01,6.070079009108514390e-01,5.647785477812329313e-01,4.838038560829245327e-01,3.703806299038198135e-01,3.466600558119348197e-01,4.167302339162892166e-01,4.496812963918622730e-01,4.167302339163032610e-01,3.466600558119330988e-01,3.703806299038178707e-01,4.838038560829176493e-01,5.647785477812327093e-01,6.070079009108504398e-01,6.285937119840738774e-01,6.396794265099526866e-01,6.450038867841997314e-01,6.468512363181072589e-01,6.463961973768134195e-01,6.442821470421792318e-01,6.408807842518341458e-01,6.364163496663923780e-01,6.310288766034177765e-01,6.248083024301117616e-01,6.178138526407878084e-01,6.100855989896061260e-01,6.016516691542510564e-01,5.925329410318502799e-01,5.827462264913565448e-01,5.723065138017678910e-01,5.612285997352900457e-01,5.495283074081345198e-01,5.372234075001847131e-01,5.243343125735693278e-01,5.108845862736377530e-01,4.969012910301305874e-01,4.824151871777073164e-01,4.674607897126413225e-01,4.520762841772735796e-01,4.363032973757838828e-01,4.201865036850600532e-01,4.037729890475225680e-01,3.871109544172116057e-01,3.702413172558897125e-01,3.531730397013119194e-01
8.238738738738740075e-01,3.399008446870540046e-01,3.564786505392923965e-01,3.728764125887032987e-01,3.891071243959527415e-01,4.051276265640786356e-01,4.208926138955101370e-01,4.363576690338968889e-01,4.514802387393521133e-01,4.662202156892358840e-01,4.805403410651900575e-01,4.944064755454346538e-01,5.077877513260696807e-01,5.206566082553057973e-01,5.329887137280585607e-01,5.447627635687833925e-01,5.559601577646058335e-01,5.665645393122640261e-01,5.765611752090373798e-01,5.859361438538666089e-01,5.946752687013935335e-01,6.027627005618818590e-01,6.101789870431564289e-01,6.168983631028758241e-01,6.228848166290943400e-01,6.280861663552463892e-01,6.324248161633981846e-01,6.357827817492839317e-01,6.379765416543663470e-01,6.387132721516620704e-01,6.375121961321756903e-01,6.335600393654559070e-01,6.254467205211819980e-01,6.107223712632403601e-01,5.854194842014420752e-01,5.448989893815870955e-01,4.904175771758688129e-01,4.405129242047776117e-01,4.208495370184270334e-01,4.405129242047796101e-01,4.904175771758830238e-01,5.448989893815838759e-01,5.854194842014429634e-01,6.107223712632388057e-01,6.254467205211835523e-01,6.335600393654557960e-01,6.375121961321752462e-01,6.387132721516624034e-01,6.379765416543642376e-01,6.357827817492828215e-01,6.324248161633966303e-01,6.280861663552473884e-01,6.228848166290940069e-01,6.168983631028761572e-01,6.101789870431576501e-01,6.027627005618810818e-01,5.946752687013934224e-01,5.859361438538668310e-01,5.765611752090376019e-01,5.665645393122643592e-01,5.559601577646055004e-01,5.447627635687833925e-01,5.329887137280591158e-01,5.206566082553065744e-01,5.077877513260693476e-01,4.944064755454342652e-01,4.805403410651903351e-01,4.662202156892358840e-01,4.514802387393518912e-01,4.363576690338969999e-01,4.208926138955104146e-01,4.051276265640793572e-01,3.891071243959520198e-01,3.728764125887025771e-01,3.564786505392917304e-01,3.399008446870542266e-01
8.302211302211301991e-01,3.276929558293660283e-01,3.437605843453773180e-01,3.596938894616698579e-01,3.754878970472796396e-01,3.911014735300659129e-01,4.064923360506025318e-01,4.216188009687916738e-01,4.364405809841654382e-01,4.509193220952924519e-01,4.650190027875614196e-01,4.787062259051917401e-01,4.919504115843137959e-01,5.047238932623157037e-01,5.170019166366978114e-01,5.287625401876111519e-01,5.399864341606467333e-01,5.506565718948238652e-01,5.607578022482857527e-01,5.702762835155559262e-01,5.791987459952500084e-01,5.875115295680987115e-01,5.951993091497187471e-01,6.022433690906868753e-01,6.086192006964792345e-01,6.142930561042169169e-01,6.192168544963168042e-01,6.233204361808392102e-01,6.264994854379294376e-01,6.285963388353974501e-01,6.293692542760437325e-01,6.284440067817920195e-01,6.252432118092410285e-01,6.189079709635256776e-01,6.083123602000359842e-01,5.925328825683524592e-01,5.725167003056883530e-01,5.537996580916011435e-01,5.458376209184127026e-01,5.537996580916002554e-01,5.725167003056905735e-01,5.925328825683540135e-01,6.083123602000382046e-01,6.189079709635249005e-01,6.252432118092406954e-01,6.284440067817910203e-01,6.293692542760435105e-01,6.285963388353974501e-01,6.264994854379291045e-01,6.233204361808386551e-01,6.192168544963169152e-01,6.142930561042166948e-01,6.086192006964791235e-01,6.022433690906867643e-01,5.951993091497181920e-01,5.875115295680981564e-01,5.791987459952496753e-01,5.702762835155554821e-01,5.607578022482843094e-01,5.506565718948238652e-01,5.399864341606458451e-01,5.287625401876107079e-01,5.170019166366979224e-01,5.047238932623152596e-01,4.919504115843142400e-01,4.787062259051922952e-01,4.650190027875619192e-01,4.509193220952919523e-01,4.364405809841652717e-01,4.216188009687918958e-01,4.064923360506025318e-01,3.911014735300659684e-01,3.754878970472793065e-01,3.596938894616691362e-01,3.437605843453774845e-01,3.276929558293658062e-01
8.365683865683866127e-01,3.164824880154599729e-01,3.320513962931477270e-01,3.475338501023325088e-01,3.628971638464010829e-01,3.781029354081369420e-01,3.931118696013735647e-01,4.078849909692817133e-01,4.223843265425494820e-01,4.365734044653263313e-01,4.504176432512853046e-01,4.638846519650303146e-01,4.769444470094343358e-01,4.895695867692179681e-01,5.017352239449022200e-01,5.134190747394485888e-01,5.246013031748293365e-01,5.352643171295317082e-01,5.453924696567308272e-01,5.549716540905345052e-01,5.639887733965998073e-01,5.724310516522739256e-01,5.802851361406854425e-01,5.875359081029181141e-01,5.941648726607543507e-01,6.001479243051378587e-01,6.054521655676144976e-01,6.100312730624662949e-01,6.138186280370752090e-01,6.167170532735211097e-01,6.185836430160339683e-01,6.192084486677964517e-01,6.182889838670866389e-01,6.154159717011724595e-01,6.101285187180413017e-01,6.021963797239306970e-01,5.923747028402076564e-01,5.834325397013736536e-01,5.796821374471363697e-01,5.834325397013766512e-01,5.923747028402084336e-01,6.021963797239311411e-01,6.101285187180406355e-01,6.154159717011729036e-01,6.182889838670879712e-01,6.192084486677978949e-01,6.185836430160344124e-01,6.167170532735196664e-01,6.138186280370747649e-01,6.100312730624666280e-01,6.054521655676150527e-01,6.001479243051377477e-01,5.941648726607542397e-01,5.875359081029176700e-01,5.802851361406859976e-01,5.724310516522738146e-01,5.639887733965993633e-01,5.549716540905348383e-01,5.453924696567300501e-01,5.352643171295323743e-01,5.246013031748290034e-01,5.134190747394480336e-01,5.017352239449022200e-01,4.895695867692178571e-01,4.769444470094342248e-01,4.638846519650299816e-01,4.504176432512861372e-01,4.365734044653266088e-01,4.223843265425500371e-01,4.078849909692817688e-01,3.931118696013734537e-01,3.781029354081364979e-01,3.628971638464001392e-01,3.475338501023319537e-01,3.320513962931473939e-01,3.164824880154604170e-01
8.429156429156430264e-01,3.061783991808653682e-01,3.213027940527651838e-01,3.363548036886127579e-01,3.513021935289149522e-01,3.661094138710255796e-01,3.807400477229845315e-01,3.951577462425210352e-01,4.093268325395373886e-01,4.232127676836915375e-01,4.367825273464564506e-01,4.500049032083918155e-01,4.628507331565376304e-01,4.752930610705636827e-01,4.873072259917499149e-01,4.988708800915385155e-01,5.099639343977150352e-01,5.205684302562241239e-01,5.306683326115312349e-01,5.402492379101262454e-01,5.492979841185434697e-01,5.578021420178708167e-01,5.657493540633919960e-01,5.731264672515643532e-01,5.799183760844148772e-01,5.861064438768066598e-01,5.916662991379229020e-01,5.965646940629042438e-01,6.007549570224792745e-01,6.041703819340995540e-01,6.067147804027882563e-01,6.082498152985043038e-01,6.085811219192915900e-01,6.074540373995203080e-01,6.045958489524994039e-01,5.998991637432751212e-01,5.938881509470945730e-01,5.883432823211045548e-01,5.860052534799617963e-01,5.883432823211037777e-01,5.938881509470942399e-01,5.998991637432758983e-01,6.045958489524998480e-01,6.074540373995195308e-01,6.085811219192924781e-01,6.082498152985045259e-01,6.067147804027887004e-01,6.041703819340996651e-01,6.007549570224790525e-01,5.965646940629054651e-01,5.916662991379230130e-01,5.861064438768075480e-01,5.799183760844150992e-01,5.731264672515651304e-01,5.657493540633924400e-01,5.578021420178707057e-01,5.492979841185431367e-01,5.402492379101261344e-01,5.306683326115307908e-01,5.205684302562245680e-01,5.099639343977143691e-01,4.988708800915391262e-01,4.873072259917499149e-01,4.752930610705640158e-01,4.628507331565377414e-01,4.500049032083920375e-01,4.367825273464563396e-01,4.232127676836919261e-01,4.093268325395370555e-01,3.951577462425208132e-01,3.807400477229848090e-01,3.661094138710258017e-01,3.513021935289148967e-01,3.363548036886129800e-01,3.213027940527651838e-01,3.061783991808647021e-01
8.492628992628993290e-01,2.967294438071994556e-01,3.114387914588698791e-01,3.260838996442180782e-01,3.406345141506968432e-01,3.550578879158932666e-01,3.693203478066901524e-01,3.833880676733281145e-01,3.972276152872884492e-01,4.108063911160745318e-01,4.240929920598404124e-01,4.370575105286819140e-01,4.496717719522967949e-01,4.619095113547013187e-01,4.737464888596174539e-01,4.851605437643331520e-01,4.961315865914743273e-01,5.066415279553995177e-01,5.166741418580155232e-01,5.262148588024807561e-01,5.352504803946909195e-01,5.437688011623762474e-01,5.517581140218724700e-01,5.592065613538546032e-01,5.661012711170174683e-01,5.724271822383113495e-01,5.781654089303545074e-01,5.832909079697490284e-01,5.877690890217514008e-01,5.915508373799445163e-01,5.945652579517298753e-01,5.967095519610949861e-01,5.978367667987479761e-01,5.977478490834987612e-01,5.962131856876212721e-01,5.930968314740017178e-01,5.887205015657596130e-01,5.844476369829648688e-01,5.825891971638496036e-01,5.844476369829658680e-01,5.887205015657596130e-01,5.930968314740018288e-01,5.962131856876207170e-01,5.977478490834985392e-01,5.978367667987479761e-01,5.967095519610950971e-01,5.945652579517297642e-01,5.915508373799442943e-01,5.877690890217508457e-01,5.832909079697490284e-01,5.781654089303540633e-01,5.724271822383115715e-01,5.661012711170179124e-01,5.592065613538550473e-01,5.517581140218714708e-01,5.437688011623753592e-01,5.352504803946910306e-01,5.262148588024807561e-01,5.166741418580160783e-01,5.066415279553995177e-01,4.961315865914751599e-01,4.851605437643328189e-01,4.737464888596173429e-01,4.619095113547009301e-01,4.496717719522968504e-01,4.370575105286826356e-01,4.240929920598400238e-01,4.108063911160752535e-01,3.972276152872887267e-01,3.833880676733277260e-01,3.693203478066903189e-01,3.550578879158928780e-01,3.406345141506970098e-01,3.260838996442185223e-01,3.114387914588699346e-01,2.967294438071993445e-01
8.556101556101556316e-01,2.880840685898482523e-01,3.024078140527159952e-01,3.166715162063960531e-01,3.308472922962675811e-01,3.449050948705545405e-01,3.588138592477809752e-01,3.725421744784418454e-01,3.860587887687719211e-01,3.993330262273457887e-01,4.123351389110285203e-01,4.250366023352010747e-01,4.374103571369130639e-01,4.494309976219013625e-01,4.610749073071054860e-01,4.723203414350977680e-01,4.831474563666243727e-01,4.935382854801130814e-01,5.034766604829007397e-01,5.129480755919527679e-01,5.219394894935387441e-01,5.304390557683287266e-01,5.384357656541233217e-01,5.459189761020297738e-01,5.528777785265662770e-01,5.593001351484836459e-01,5.651716630382441764e-01,5.704738685902892570e-01,5.751815071115167211e-01,5.792585336571787202e-01,5.826517983355791186e-01,5.852812599405463612e-01,5.870254750652320608e-01,5.877034688570936805e-01,5.870665829362609056e-01,5.848606856459048764e-01,5.811379613302242175e-01,5.770256723131672594e-01,5.750995781055560085e-01,5.770256723131678145e-01,5.811379613302228853e-01,5.848606856459060976e-01,5.870665829362596844e-01,5.877034688570942356e-01,5.870254750652321718e-01,5.852812599405459171e-01,5.826517983355798957e-01,5.792585336571784982e-01,5.751815071115169431e-01,5.704738685902891460e-01,5.651716630382452866e-01,5.593001351484830908e-01,5.528777785265663880e-01,5.459189761020297738e-01,5.384357656541238768e-01,5.304390557683289487e-01,5.219394894935390772e-01,5.129480755919537671e-01,5.034766604829011838e-01,4.935382854801136920e-01,4.831474563666241506e-01,4.723203414350975460e-01,4.610749073071048754e-01,4.494309976219023617e-01,4.374103571369128418e-01,4.250366023352011857e-01,4.123351389110292975e-01,3.993330262273460662e-01,3.860587887687722541e-01,3.725421744784422340e-01,3.588138592477807531e-01,3.449050948705542630e-01,3.308472922962670260e-01,3.166715162063962752e-01,3.024078140527159952e-01,2.880840685898484743e-01
8.619574119574120452e-01,2.801292091208719692e-01,2.940948366772253020e-01,3.080017155384947025e-01,3.218244276122485537e-01,3.355355127752556177e-01,3.491063896860623350e-01,3.625079603913110016e-01,3.757110858728104352e-01,3.886869859055213650e-01,4.014075817063765261e-01,4.138457883597402298e-01,4.259757597216960456e-01,4.377730868926990593e-01,4.492149508473181618e-01,4.602802297771760864e-01,4.709495618155555841e-01,4.812053638655592880e-01,4.910318070795165468e-01,5.004147489542987159e-01,5.093416207741477963e-01,5.178012668815329400e-01,5.257837283785878890e-01,5.332799572982419578e-01,5.402814361282023414e-01,5.467796582806296879e-01,5.527653908996585930e-01,5.582275789226409657e-01,5.631516313383384542e-01,5.675166005570703165e-01,5.712902998246702779e-01,5.744204421515457515e-01,5.768178861721452444e-01,5.783242404695222438e-01,5.786516087180129109e-01,5.773008133433277234e-01,5.736749570192288816e-01,5.684506204511973193e-01,5.657314672590958438e-01,5.684506204511966532e-01,5.736749570192295478e-01,5.773008133433266131e-01,5.786516087180129109e-01,5.783242404695217997e-01,5.768178861721459105e-01,5.744204421515459735e-01,5.712902998246707220e-01,5.675166005570709826e-01,5.631516313383381211e-01,5.582275789226404106e-01,5.527653908996582599e-01,5.467796582806313532e-01,5.402814361282030076e-01,5.332799572982411807e-01,5.257837283785878890e-01,5.178012668815331621e-01,5.093416207741471302e-01,5.004147489542981608e-01,4.910318070795162693e-01,4.812053638655596211e-01,4.709495618155560281e-01,4.602802297771767526e-01,4.492149508473180508e-01,4.377730868926986152e-01,4.259757597216963787e-01,4.138457883597405074e-01,4.014075817063769147e-01,3.886869859055214760e-01,3.757110858728097136e-01,3.625079603913112236e-01,3.491063896860621130e-01,3.355355127752550071e-01,3.218244276122490533e-01,3.080017155384946470e-01,2.940948366772246914e-01,2.801292091208716917e-01
8.683046683046683478e-01,2.727538519161212816e-01,2.863863591519518192e-01,2.999591995881141782e-01,3.134494180651182238e-01,3.268320386931019561e-01,3.400808549034450845e-01,3.531689911613044575e-01,3.660693581024425103e-01,3.787550406235261069e-01,3.911996342125809156e-01,4.033775360775098129e-01,4.152641941570721085e-01,4.268363157539175612e-01,4.380720371732015894e-01,4.489510559002032886e-01,4.594547272768658153e-01,4.695661282251518687e-01,4.792700912642222089e-01,4.885532128765866511e-01,4.974038412436455059e-01,5.058120496060289906e-01,5.137696032181939820e-01,5.212699304221016794e-01,5.283081123695004822e-01,5.348809123584193914e-01,5.409868760557381417e-01,5.466265494939688274e-01,5.518028807238477551e-01,5.565218704238839020e-01,5.607933835881189211e-01,5.646310051320463375e-01,5.680436111139370858e-01,5.709689957866139753e-01,5.727188227223621864e-01,5.656733028224074644e-01,5.358050478588770593e-01,5.507229220810450077e-01,5.554667076650678936e-01,5.507229220810474501e-01,5.358050478588728405e-01,5.656733028224064652e-01,5.727188227223622974e-01,5.709689957866124210e-01,5.680436111139369748e-01,5.646310051320456713e-01,5.607933835881175888e-01,5.565218704238841241e-01,5.518028807238472000e-01,5.466265494939693825e-01,5.409868760557379197e-01,5.348809123584191694e-01,5.283081123695002601e-01,5.212699304221013463e-01,5.137696032181940931e-01,5.058120496060288795e-01,4.974038412436456724e-01,4.885532128765859849e-01,4.792700912642229305e-01,4.695661282251523683e-01,4.594547272768662594e-01,4.489510559002033996e-01,4.380720371732017560e-01,4.268363157539172836e-01,4.152641941570716089e-01,4.033775360775095353e-01,3.911996342125809156e-01,3.787550406235262734e-01,3.660693581024420107e-01,3.531689911613046795e-01,3.400808549034461392e-01,3.268320386931027333e-01,3.134494180651181683e-01,2.999591995881142337e-01,2.863863591519516527e-01,2.727538519161213926e-01
8.746519246519246504e-01,2.660373282153730701e-01,2.793660814521854441e-01,2.926323021899372989e-01,3.058154627454485741e-01,3.188929788080038241e-01,3.318409235354942699e-01,3.446345635284999154e-01,3.572488019446479757e-01,3.696585601410956601e-01,3.818391115105546629e-01,3.937663742571489989e-01,4.054171669660563970e-01,4.167694297362110611e-01,4.278024135278701845e-01,4.384968408879109103e-01,4.488350422455034683e-01,4.588010735584007183e-01,4.683808234244403734e-01,4.775621212539615801e-01,4.863348634755888522e-01,4.946911833962744920e-01,5.026257048151747675e-01,5.101359446785566076e-01,5.172229755643350524e-01,5.238925441817459117e-01,5.301570086948783622e-01,5.360387951136418305e-01,5.415767745151247592e-01,5.468383919211321498e-01,5.519425922982634791e-01,5.570931564537726643e-01,5.624695279607780929e-01,5.645546290751222163e-01,5.071072303465309350e-01,5.220255893054767116e-01,5.379152352944258642e-01,5.435555945737947647e-01,5.450559813754303207e-01,5.435555945737946537e-01,5.379152352944264193e-01,5.220255893054752683e-01,5.071072303465360420e-01,5.645546290751208840e-01,5.624695279607778708e-01,5.570931564537731084e-01,5.519425922982637012e-01,5.468383919211311506e-01,5.415767745151256474e-01,5.360387951136417195e-01,5.301570086948784732e-01,5.238925441817462447e-01,5.172229755643349414e-01,5.101359446785567187e-01,5.026257048151751006e-01,4.946911833962754357e-01,4.863348634755886302e-01,4.775621212539621907e-01,4.683808234244405955e-01,4.588010735584008293e-01,4.488350422455037458e-01,4.384968408879106327e-01,4.278024135278702955e-01,4.167694297362108391e-01,4.054171669660568411e-01,3.937663742571488878e-01,3.818391115105534972e-01,3.696585601410956601e-01,3.572488019446485308e-01,3.446345635284996378e-01,3.318409235354942144e-01,3.188929788080038796e-01,3.058154627454484076e-01,2.926323021899379651e-01,2.793660814521850555e-01,2.660373282153736807e-01
8.809991809991810641e-01,2.598783358115527298e-01,2.729301158586577292e-01,2.859149656002194506e-01,2.988147509894940601e-01,3.116092079673700166e-01,3.242766153257991557e-01,3.367943184024838055e-01,3.491391679038920448e-01,3.612879006875948651e-01,3.732174757075446547e-01,3.849053726261159047e-01,3.963298581759481243e-01,4.074702246031821629e-01,4.183070048416520081e-01,4.288221702809901226e-01,4.389993191861044641e-01,4.488238673440329563e-01,4.582832580649029985e-01,4.673672175755145264e-01,4.760680965874323212e-01,4.843813640772244300e-01,4.923063642287829333e-01,4.998475306047669431e-01,5.070164121849299876e-01,5.138351908026804749e-01,5.203430594337195014e-01,5.266083618358348151e-01,5.327528405541750445e-01,5.390009897645942072e-01,5.457602929770482003e-01,5.532921216532877828e-01,5.470655316037207339e-01,4.804696189629231173e-01,5.116827226482364432e-01,5.251019860018589780e-01,5.310951049965649817e-01,5.339061079517150032e-01,5.347490999351760532e-01,5.339061079517151143e-01,5.310951049965647597e-01,5.251019860018586449e-01,5.116827226482317803e-01,4.804696189629245606e-01,5.470655316037217331e-01,5.532921216532878939e-01,5.457602929770476452e-01,5.390009897645932080e-01,5.327528405541751555e-01,5.266083618358352592e-01,5.203430594337196124e-01,5.138351908026808079e-01,5.070164121849294325e-01,4.998475306047663325e-01,4.923063642287839325e-01,4.843813640772240969e-01,4.760680965874328763e-01,4.673672175755144709e-01,4.582832580649036647e-01,4.488238673440334559e-01,4.389993191861046862e-01,4.288221702809898450e-01,4.183070048416518971e-01,4.074702246031818298e-01,3.963298581759482908e-01,3.849053726261157382e-01,3.732174757075446547e-01,3.612879006875946430e-01,3.491391679038914342e-01,3.367943184024836945e-01,3.242766153257994888e-01,3.116092079673703497e-01,2.988147509894942266e-01,2.859149656002192841e-01,2.729301158586582288e-01,2.598783358115528408e-01
8.873464373464374777e-01,2.541149168856702278e-01,2.669107109120517629e-01,2.796340161537670954e-01,2.922690745790921807e-01,3.047978970644372732e-01,3.172009191865051148e-01,3.294575239041382386e-01,3.415464834772711789e-01,3.534463453278922640e-01,3.651357755403564775e-01,3.765938688699055348e-01,3.878004321820449074e-01,3.987362480138280652e-01,4.093833260684363595e-01,4.197251529954686977e-01,4.297469552231309997e-01,4.394359968673974270e-01,4.487819466989281247e-01,4.577773682851118409e-01,4.664184224284285696e-01,4.747059341541561284e-01,4.826470951447355828e-01,4.902583058853841047e-01,4.975701444626676739e-01,5.046365026621674188e-01,5.115523540274903302e-01,5.184903529282095525e-01,5.257784526261520819e-01,5.340297073859979760e-01,5.433870538050536991e-01,5.205474111026682227e-01,4.710375813781959575e-01,4.995573777446224994e-01,5.120741559695217715e-01,5.184606259284237906e-01,5.220508902817280195e-01,5.239417877266137058e-01,5.245366903605508391e-01,5.239417877266134838e-01,5.220508902817290187e-01,5.184606259284240126e-01,5.120741559695218825e-01,4.995573777446238317e-01,4.710375813781935705e-01,5.205474111026703321e-01,5.433870538050520338e-01,5.340297073859984200e-01,5.257784526261533031e-01,5.184903529282098855e-01,5.115523540274901082e-01,5.046365026621666416e-01,4.975701444626676739e-01,4.902583058853837716e-01,4.826470951447356939e-01,4.747059341541562394e-01,4.664184224284288471e-01,4.577773682851122850e-01,4.487819466989280692e-01,4.394359968673978156e-01,4.297469552231311107e-01,4.197251529954687532e-01,4.093833260684365816e-01,3.987362480138269549e-01,3.878004321820443523e-01,3.765938688699061454e-01,3.651357755403558669e-01,3.534463453278925416e-01,3.415464834772715674e-01,3.294575239041382941e-01,3.172009191865051703e-01,3.047978970644376062e-01,2.922690745790930134e-01,2.796340161537677615e-01,2.669107109120517074e-01,2.541149168856703389e-01
8.936936936936937803e-01,2.488421431641596737e-01,2.614077952167483399e-01,2.738943000528330507e-01,2.862882706014143741e-01,2.985739640287615737e-01,3.107339395322708531e-01,3.227495905906676565e-01,3.346015977678115094e-01,3.462703264901523248e-01,3.577361849099245927e-01,3.689799528429081876e-01,3.799830914338490073e-01,3.907280438577415138e-01,4.011985399516915241e-01,4.113799226841715062e-01,4.212595229863284052e-01,4.308271239992324531e-01,4.400755806258152547e-01,4.490017039364578855e-01,4.576075995432560828e-01,4.659028002435007809e-01,4.739078344130595588e-01,4.816605042420876726e-01,4.892275559287423969e-01,4.967277462846974578e-01,5.043804551917910883e-01,5.126120989890589064e-01,5.222402128844704228e-01,5.332090501667317017e-01,4.952164203853124391e-01,4.611190318522970233e-01,4.868877865942631278e-01,4.991473001810983745e-01,5.059680741452906583e-01,5.101899903550138893e-01,5.128244726518887964e-01,5.142890224637152174e-01,5.147606009032823504e-01,5.142890224637142182e-01,5.128244726518892405e-01,5.101899903550130011e-01,5.059680741452901032e-01,4.991473001810990406e-01,4.868877865942627392e-01,4.611190318523009091e-01,4.952164203853123836e-01,5.332090501667310356e-01,5.222402128844710889e-01,5.126120989890576851e-01,5.043804551917911994e-01,4.967277462846971803e-01,4.892275559287425080e-01,4.816605042420874505e-01,4.739078344130595588e-01,4.659028002435011695e-01,4.576075995432569155e-01,4.490017039364569418e-01,4.400755806258158098e-01,4.308271239992328971e-01,4.212595229863292379e-01,4.113799226841718948e-01,4.011985399516915241e-01,3.907280438577417359e-01,3.799830914338485632e-01,3.689799528429086317e-01,3.577361849099245927e-01,3.462703264901518807e-01,3.346015977678112319e-01,3.227495905906676565e-01,3.107339395322703535e-01,2.985739640287613517e-01,2.862882706014143741e-01,2.738943000528328842e-01,2.614077952167485064e-01,2.488421431641598958e-01
9.000409500409500829e-01,2.440164874345617518e-01,2.563765887569535162e-01,2.686499233935115138e-01,2.808254931604086124e-01,2.928897977438089106e-01,3.048275107872068790e-01,3.166220321026133599e-01,3.282559597676679153e-01,3.397115078056270887e-01,3.509708869859697322e-01,3.620166628777358730e-01,3.728321048925323233e-01,3.834015422683693664e-01,3.937107481932851649e-01,4.037473828537547771e-01,4.135015427868126703e-01,4.229664926860364216e-01,4.321397068761667626e-01,4.410244414763474508e-01,4.496322379514959833e-01,4.579871199647380653e-01,4.661330125461838336e-01,4.741476440042379781e-01,4.821703540872533944e-01,4.904617292900150805e-01,4.995376703562674492e-01,5.104139000741071408e-01,5.229574834527865868e-01,4.772211348712168677e-01,4.501118380751064629e-01,4.740411673019592764e-01,4.863599854243870202e-01,4.936447969156551041e-01,4.984388388136048453e-01,5.016998054239761862e-01,5.038448546384050042e-01,5.050717843426764109e-01,5.054718459909718353e-01,5.050717843426765219e-01,5.038448546384043381e-01,5.016998054239769633e-01,4.984388388136040127e-01,4.936447969156539939e-01,4.863599854243877418e-01,4.740411673019588878e-01,4.501118380751087944e-01,4.772211348712220857e-01,5.229574834527864757e-01,5.104139000741064747e-01,4.995376703562673382e-01,4.904617292900153580e-01,4.821703540872545046e-01,4.741476440042382001e-01,4.661330125461831120e-01,4.579871199647381763e-01,4.496322379514970380e-01,4.410244414763483944e-01,4.321397068761667626e-01,4.229664926860363661e-01,4.135015427868123927e-01,4.037473828537546106e-01,3.937107481932851094e-01,3.834015422683694219e-01,3.728321048925320458e-01,3.620166628777349849e-01,3.509708869859692881e-01,3.397115078056274218e-01,3.282559597676682484e-01,3.166220321026132489e-01,3.048275107872071565e-01,2.928897977438086331e-01,2.808254931604085014e-01,2.686499233935115694e-01,2.563765887569537383e-01,2.440164874345615298e-01
9.063882063882064966e-01,2.394871156206925533e-01,2.516595658834014926e-01,2.637368253570612775e-01,2.757103309074503406e-01,2.875688510135749887e-01,2.992991949809838403e-01,3.108867956788737286e-01,3.223162102011690733e-01,3.335715669295112873e-01,3.446369802013964923e-01,3.554969513304174766e-01,3.661367759122285959e-01,3.765429823277917087e-01,3.867038364227658453e-01,3.966099654079911496e-01,4.062551858627657664e-01,4.156376777386283083e-01,4.247617516668277249e-01,4.336406599371542270e-01,4.423013122919157714e-01,4.507926366068249480e-01,4.592013277122883874e-01,4.676836103053627069e-01,4.765342281400276603e-01,4.863450117143963691e-01,4.983136308627929556e-01,5.125014872516693298e-01,4.660763070452605406e-01,4.383603815035755358e-01,4.609680952705833556e-01,4.735174776205571812e-01,4.812845633440671622e-01,4.866185442718184984e-01,4.904455645766934713e-01,4.931824056004293078e-01,4.950360576268267865e-01,4.961137486389467499e-01,4.964677371724475208e-01,4.961137486389472495e-01,4.950360576268267865e-01,4.931824056004295853e-01,4.904455645766930272e-01,4.866185442718182763e-01,4.812845633440672732e-01,4.735174776205575697e-01,4.609680952705844104e-01,4.383603815035784224e-01,4.660763070452570433e-01,5.125014872516703290e-01,4.983136308627932332e-01,4.863450117143957030e-01,4.765342281400272162e-01,4.676836103053623739e-01,4.592013277122879988e-01,4.507926366068253921e-01,4.423013122919159934e-01,4.336406599371539494e-01,4.247617516668275028e-01,4.156376777386281418e-01,4.062551858627659329e-01,3.966099654079912606e-01,3.867038364227662339e-01,3.765429823277920973e-01,3.661367759122280408e-01,3.554969513304175321e-01,3.446369802013964367e-01,3.335715669295113428e-01,3.223162102011687402e-01,3.108867956788746723e-01,2.992991949809839514e-01,2.875688510135752107e-01,2.757103309074506736e-01,2.637368253570607224e-01,2.516595658834006044e-01,2.394871156206926088e-01
9.127354627354627992e-01,2.353344714559346684e-01,2.473417541340001413e-01,2.592446457600147691e-01,2.710370863355696658e-01,2.827101601937255793e-01,2.942528534958386288e-01,3.056526793552668542e-01,3.168962182229677627e-01,3.279696064723415239e-01,3.388589997355777594e-01,3.495510365855122314e-01,3.600333320939604898e-01,3.702950406982048470e-01,3.803275466460808163e-01,3.901253742307554950e-01,3.996874714192545919e-01,4.090191346013289930e-01,4.181350629249680484e-01,4.270644789463158841e-01,4.358602158272089078e-01,4.446158806160706023e-01,4.535006375127018097e-01,4.628353945525206514e-01,4.732709755535954854e-01,4.861592447594451083e-01,5.020434413180017152e-01,4.603768850731344009e-01,4.265535031382640674e-01,4.479773616607617970e-01,4.608583428995857711e-01,4.691228606946312718e-01,4.749787346211051808e-01,4.793360957706399583e-01,4.826143087717334468e-01,4.850268188594005214e-01,4.866893502761558410e-01,4.876655635089935381e-01,4.879876767144698535e-01,4.876655635089933716e-01,4.866893502761566181e-01,4.850268188593991892e-01,4.826143087717330582e-01,4.793360957706393477e-01,4.749787346211046257e-01,4.691228606946317714e-01,4.608583428995848830e-01,4.479773616607604647e-01,4.265535031382636788e-01,4.603768850731365103e-01,5.020434413180011601e-01,4.861592447594454969e-01,4.732709755535956520e-01,4.628353945525198188e-01,4.535006375127014766e-01,4.446158806160707688e-01,4.358602158272080751e-01,4.270644789463156621e-01,4.181350629249681594e-01,4.090191346013291041e-01,3.996874714192544253e-01,3.901253742307554950e-01,3.803275466460803167e-01,3.702950406982039033e-01,3.600333320939606563e-01,3.495510365855125645e-01,3.388589997355768713e-01,3.279696064723418014e-01,3.168962182229678182e-01,3.056526793552664656e-01,2.942528534958384068e-01,2.827101601937253572e-01,2.710370863355696658e-01,2.592446457600144916e-01,2.473417541340001968e-01,2.353344714559349460e-01
9.190827190827191018e-01,2.315282084700701903e-01,2.433918987061411965e-01,2.551412745675369909e-01,2.667728765545439029e-01,2.782801809061730691e-01,2.896544215109259079e-01,3.008852710205360825e-01,3.119614346069761734e-01,3.228711958311790142e-01,3.336029489403345427e-01,3.441457535146741353e-01,3.544899561645695751e-01,3.646279427010356011e-01,3.745551191562959681e-01,3.842712841117311706e-01,3.937826745840632414e-01,4.031052000776590982e-01,4.122698521656588122e-01,4.213322951343959621e-01,4.303909845111534849e-01,4.396239482000217635e-01,4.493696980132325103e-01,4.603187696572194620e-01,4.739377308772442787e-01,4.914315913499390787e-01,4.588021666734561910e-01,4.151418305595237501e-01,4.351296057920192029e-01,4.483904073591900019e-01,4.571625697901186003e-01,4.635281937896636451e-01,4.683914605618277882e-01,4.721775690648327140e-01,4.751062928331973856e-01,4.772994499188761286e-01,4.788272741356198181e-01,4.797300868854756373e-01,4.800288543394632956e-01,4.797300868854753597e-01,4.788272741356197626e-01,4.772994499188742412e-01,4.751062928331964974e-01,4.721775690648327140e-01,4.683914605618272331e-01,4.635281937896637006e-01,4.571625697901181007e-01,4.483904073591897244e-01,4.351296057920181481e-01,4.151418305595242497e-01,4.588021666734510284e-01,4.914315913499390232e-01,4.739377308772435016e-01,4.603187696572189069e-01,4.493696980132330099e-01,4.396239482000224297e-01,4.303909845111535959e-01,4.213322951343962397e-01,4.122698521656589787e-01,4.031052000776591537e-01,3.937826745840629639e-01,3.842712841117311151e-01,3.745551191562958016e-01,3.646279427010356566e-01,3.544899561645692421e-01,3.441457535146738578e-01,3.336029489403350978e-01,3.228711958311789587e-01,3.119614346069761734e-01,3.008852710205365821e-01,2.896544215109267961e-01,2.782801809061729026e-01,2.667728765545433478e-01,2.551412745675367133e-01,2.433918987061408079e-01,2.315282084700698018e-01
9.254299754299755154e-01,2.280230506649155720e-01,2.397635461111843613e-01,2.513791812864835662e-01,2.628692248598100134e-01,2.742296510933570630e-01,2.854540440956095382e-01,2.965343510611214151e-01,3.074615466071144443e-01,3.182262569736646340e-01,3.288193897827836887e-01,3.392328211614752398e-01,3.494602094046938001e-01,3.594980390293821548e-01,3.693470640411363193e-01,3.790144416076200451e-01,3.885170852454543078e-01,3.978872508782128614e-01,4.071824118505865120e-01,4.165038767646999096e-01,4.260345395839416072e-01,4.361219698223405827e-01,4.474764954611180623e-01,4.616321102314847602e-01,4.804774312777868595e-01,4.599620864379339036e-01,4.046599242368961735e-01,4.224701847926284892e-01,4.361069163276711236e-01,4.453914121234949230e-01,4.522576311030872542e-01,4.576085469584850740e-01,4.618779427491179757e-01,4.652926295952622970e-01,4.679798759654772988e-01,4.700146770203126878e-01,4.714422478321034782e-01,4.722893736732328707e-01,4.725702637836448061e-01,4.722893736732328707e-01,4.714422478321032006e-01,4.700146770203129098e-01,4.679798759654767437e-01,4.652926295952626301e-01,4.618779427491181977e-01,4.576085469584858512e-01,4.522576311030889196e-01,4.453914121234940904e-01,4.361069163276714011e-01,4.224701847926294329e-01,4.046599242368968952e-01,4.599620864379369567e-01,4.804774312777879697e-01,4.616321102314844271e-01,4.474764954611176737e-01,4.361219698223402497e-01,4.260345395839423843e-01,4.165038767647000206e-01,4.071824118505864010e-01,3.978872508782136386e-01,3.885170852454538637e-01,3.790144416076200451e-01,3.693470640411350980e-01,3.594980390293818773e-01,3.494602094046930230e-01,3.392328211614744626e-01,3.288193897827841883e-01,3.182262569736649671e-01,3.074615466071141112e-01,2.965343510611218036e-01,2.854540440956095382e-01,2.742296510933571740e-01,2.628692248598100134e-01,2.513791812864839548e-01,2.397635461111843891e-01,2.280230506649153777e-01
9.317772317772319290e-01,2.248037489329867411e-01,2.364405860602654397e-01,2.479413517512703558e-01,2.593082076569193095e-01,2.705397699883891338e-01,2.816321169679387171e-01,2.925796340740025592e-01,3.033757713872630157e-01,3.140137750286651763e-01,3.244874553547877349e-01,3.347920686784915945e-01,3.449254220143615490e-01,3.548893742424626963e-01,3.646920289575891760e-01,3.743511519363712514e-01,3.838998296254815812e-01,3.933964239982669642e-01,4.029432622652807106e-01,4.127243876842263126e-01,4.230884089576538720e-01,4.347463882878507269e-01,4.492495896280571110e-01,4.690499047228246510e-01,4.619936500894508136e-01,3.958895475082280790e-01,4.100619497154304738e-01,4.240008883413181051e-01,4.337943320785034862e-01,4.411529048609197923e-01,4.469765272928251654e-01,4.517093983224930165e-01,4.555863077544835549e-01,4.587400408957472697e-01,4.612497224373673377e-01,4.631641363843465586e-01,4.645136936466020550e-01,4.653168398435019171e-01,4.655835092027007516e-01,4.653168398435012509e-01,4.645136936466016109e-01,4.631641363843467807e-01,4.612497224373683924e-01,4.587400408957474918e-01,4.555863077544844986e-01,4.517093983224930165e-01,4.469765272928259980e-01,4.411529048609200143e-01,4.337943320785044299e-01,4.240008883413180496e-01,4.100619497154303073e-01,3.958895475082285786e-01,4.619936500894502585e-01,4.690499047228242624e-01,4.492495896280574441e-01,4.347463882878501162e-01,4.230884089576534279e-01,4.127243876842257575e-01,4.029432622652803775e-01,3.933964239982665756e-01,3.838998296254822473e-01,3.743511519363718620e-01,3.646920289575888430e-01,3.548893742424626963e-01,3.449254220143606608e-01,3.347920686784923716e-01,3.244874553547880680e-01,3.140137750286648988e-01,3.033757713872626827e-01,2.925796340740023371e-01,2.816321169679384950e-01,2.705397699883891338e-01,2.593082076569188654e-01,2.479413517512704668e-01,2.364405860602657450e-01,2.248037489329860472e-01
9.381244881244882317e-01,2.218403148691873716e-01,2.333917844229041472e-01,2.447953013259822341e-01,2.560561255695176230e-01,2.671757012567145262e-01,2.781527921815470372e-01,2.889844441996667901e-01,2.996668655505155821e-01,3.101963061462893467e-01,3.205700243344442590e-01,3.307874579885317634e-01,3.408517772654193756e-01,3.507721146305412541e-01,3.605669997674427196e-01,3.702699986429654477e-01,3.799395661097579313e-01,3.896774276938501647e-01,3.996654761705923931e-01,4.102462541945536278e-01,4.221146391767514605e-01,4.367919032208722463e-01,4.570919157772485031e-01,4.626945045293175962e-01,3.899866402617334082e-01,3.979990334938054430e-01,4.120549822824139952e-01,4.223404004222348629e-01,4.301820892558884668e-01,4.364651099385379318e-01,4.416443458106781295e-01,4.459633840992183185e-01,4.495608698230685318e-01,4.525199389239218939e-01,4.548924124965132987e-01,4.567113520117425662e-01,4.579978976045805950e-01,4.587651050406285624e-01,4.590200875970430472e-01,4.587651050406282849e-01,4.579978976045805394e-01,4.567113520117417891e-01,4.548924124965125215e-01,4.525199389239233372e-01,4.495608698230688649e-01,4.459633840992187626e-01,4.416443458106796283e-01,4.364651099385387090e-01,4.301820892558888554e-01,4.223404004222350849e-01,4.120549822824135511e-01,3.979990334938040553e-01,3.899866402617351846e-01,4.626945045293212599e-01,4.570919157772471153e-01,4.367919032208725238e-01,4.221146391767507389e-01,4.102462541945536278e-01,3.996654761705927261e-01,3.896774276938500536e-01,3.799395661097579868e-01,3.702699986429650592e-01,3.605669997674426641e-01,3.507721146305411986e-01,3.408517772654193756e-01,3.307874579885317634e-01,3.205700243344439260e-01,3.101963061462896798e-01,2.996668655505153045e-01,2.889844441996669566e-01,2.781527921815476478e-01,2.671757012567148593e-01,2.560561255695181226e-01,2.447953013259819011e-01,2.333917844229044525e-01,2.218403148691874271e-01
9.444717444717445343e-01,2.191262066390248509e-01,2.306116516838546959e-01,2.419366808278181624e-01,2.531099014657233748e-01,2.641358171448816017e-01,2.750161219535214308e-01,2.857508127009904531e-01,2.963392333915684795e-01,3.067811609063700318e-01,3.170780606714462269e-01,3.272346950113963482e-01,3.372613782304045293e-01,3.471773939256121988e-01,3.570165406202228664e-01,3.668367328692140328e-01,3.767377654848047541e-01,3.868966700705181450e-01,3.976441601102484458e-01,4.096454299402071952e-01,4.243531443312499318e-01,4.447298696004631791e-01,4.603810186933027238e-01,3.885918569363553954e-01,3.865447877228465057e-01,4.003456760683344884e-01,4.110853921934884414e-01,4.193999514135237083e-01,4.261314631591011093e-01,4.317431982451255812e-01,4.364879425279822311e-01,4.405106028114035843e-01,4.438984421087396881e-01,4.467061572188886776e-01,4.489690316143177262e-01,4.507101728004674346e-01,4.519446471188042214e-01,4.526818890619614399e-01,4.529270847988407511e-01,4.526818890619623281e-01,4.519446471188036663e-01,4.507101728004676011e-01,4.489690316143172821e-01,4.467061572188893992e-01,4.438984421087396881e-01,4.405106028114029737e-01,4.364879425279825642e-01,4.317431982451249151e-01,4.261314631591006652e-01,4.193999514135243745e-01,4.110853921934879973e-01,4.003456760683330451e-01,3.865447877228466722e-01,3.885918569363571717e-01,4.603810186933047777e-01,4.447298696004637897e-01,4.243531443312503204e-01,4.096454299402079169e-01,3.976441601102478907e-01,3.868966700705175343e-01,3.767377654848038104e-01,3.668367328692145324e-01,3.570165406202227554e-01,3.471773939256126984e-01,3.372613782304036412e-01,3.272346950113968478e-01,3.170780606714455607e-01,3.067811609063699763e-01,2.963392333915684795e-01,2.857508127009899535e-01,2.750161219535212087e-01,2.641358171448818237e-01,2.531099014657237078e-01,2.419366808278175240e-01,2.306116516838547792e-01,2.191262066390246566e-01
9.508190008190009479e-01,2.166397364147516491e-01,2.280777777466991008e-01,2.393423516865795242e-01,2.504457168104654019e-01,2.613957273713527485e-01,2.721973251032015484e-01,2.828538446914105053e-01,2.933682801773307980e-01,3.037446630669661807e-01,3.139897451808720263e-01,3.241152795731056524e-01,3.341413990071200324e-01,3.441020132987609448e-01,3.540540433446376922e-01,3.640943286413563240e-01,3.743929266381686993e-01,3.852643036488618278e-01,3.973339282793877936e-01,4.119571155982624244e-01,4.320602207510110815e-01,4.543300751146047145e-01,3.932527286114499976e-01,3.760581206765396534e-01,3.888939730229389324e-01,4.000097244758115678e-01,4.087808982738050934e-01,4.159498462013844211e-01,4.219814516172243346e-01,4.271372443320192169e-01,4.315686767430928494e-01,4.353673417362769471e-01,4.385908334815855070e-01,4.412764995894226105e-01,4.434490750419457505e-01,4.451250881755094424e-01,4.463154781141244754e-01,4.470271678775843971e-01,4.472639889505370947e-01,4.470271678775846191e-01,4.463154781141238092e-01,4.451250881755090538e-01,4.434490750419456950e-01,4.412764995894219444e-01,4.385908334815861731e-01,4.353673417362772247e-01,4.315686767430934601e-01,4.271372443320194945e-01,4.219814516172238905e-01,4.159498462013844211e-01,4.087808982738051489e-01,4.000097244758128445e-01,3.888939730229378222e-01,3.760581206765386542e-01,3.932527286114496645e-01,4.543300751146041594e-01,4.320602207510108039e-01,4.119571155982621469e-01,3.973339282793877381e-01,3.852643036488611061e-01,3.743929266381691434e-01,3.640943286413563795e-01,3.540540433446375257e-01,3.441020132987601121e-01,3.341413990071195328e-01,3.241152795731057079e-01,3.139897451808721374e-01,3.037446630669666248e-01,2.933682801773313531e-01,2.828538446914103943e-01,2.721973251032015484e-01,2.613957273713531926e-01,2.504457168104654574e-01,2.393423516865799128e-01,2.280777777466984901e-01,2.166397364147511773e-01
9.571662571662572505e-01,2.143224567226148514e-01,2.257292485628544232e-01,2.369489805873030985e-01,2.479979274624657670e-01,2.588876556316811461e-01,2.696267618599256788e-01,2.802224308894144533e-01,2.906820063524029885e-01,3.010147900353224437e-01,3.112343674799902815e-01,3.213619433727384900e-01,3.314315566026315718e-01,3.414988655171707355e-01,3.516570279337701832e-01,3.620675869630268218e-01,3.730256210461391220e-01,3.851101226373760400e-01,3.995604085159785157e-01,4.191310952744563556e-01,4.448071855938546815e-01,4.039293754878533482e-01,3.671407592696609434e-01,3.776986268759778276e-01,3.890372855042097400e-01,3.982357695194247982e-01,4.058282812235197157e-01,4.122666671597245425e-01,4.178191653037468534e-01,4.226437110158262067e-01,4.268363958135311664e-01,4.304578064330814580e-01,4.335473319796569469e-01,4.361311913734059464e-01,4.382271036718619062e-01,4.398470921276582124e-01,4.409992048177479029e-01,4.416885757280132330e-01,4.419180605620020019e-01,4.416885757280130664e-01,4.409992048177470703e-01,4.398470921276587675e-01,4.382271036718615731e-01,4.361311913734056689e-01,4.335473319796575575e-01,4.304578064330819021e-01,4.268363958135305003e-01,4.226437110158257626e-01,4.178191653037475750e-01,4.122666671597251531e-01,4.058282812235191606e-01,3.982357695194239100e-01,3.890372855042114053e-01,3.776986268759789933e-01,3.671407592696617206e-01,4.039293754878551246e-01,4.448071855938549590e-01,4.191310952744567997e-01,3.995604085159778496e-01,3.851101226373760955e-01,3.730256210461390110e-01,3.620675869630263777e-01,3.516570279337703497e-01,3.414988655171716236e-01,3.314315566026313498e-01,3.213619433727394892e-01,3.112343674799892268e-01,3.010147900353224437e-01,2.906820063524032105e-01,2.802224308894149529e-01,2.696267618599256788e-01,2.588876556316811461e-01,2.479979274624659613e-01,2.369489805873036536e-01,2.257292485628547285e-01,2.143224567226139632e-01
9.635135135135135531e-01,2.122109436518907488e-01,2.236052765032414402e-01,2.347984049491279868e-01,2.458110655842090375e-01,2.566589914827220875e-01,2.673549627424128827e-01,2.779106987194713829e-01,2.883388548648750382e-01,2.986554407457130966e-01,3.088831329167733286e-01,3.190563009223724156e-01,3.292293019318529024e-01,3.394912368441765915e-01,3.499942314994994863e-01,3.610121804701819648e-01,3.730741433371395632e-01,3.872946987814001596e-01,4.061749551250062318e-01,4.328589493450008541e-01,4.172209057024743317e-01,3.610658324627383231e-01,3.670005782432265717e-01,3.782786837118957690e-01,3.878560879234677627e-01,3.958563349591254776e-01,4.026898543879312564e-01,4.086269008864806263e-01,4.138312372682141360e-01,4.184035113540072182e-01,4.224074239943901854e-01,4.258844627954799233e-01,4.288623023282633340e-01,4.313597358237872270e-01,4.333896594041112271e-01,4.349609240899300344e-01,4.360795035936776975e-01,4.367492302570793461e-01,4.369722432687547786e-01,4.367492302570795126e-01,4.360795035936771424e-01,4.349609240899302565e-01,4.333896594041117822e-01,4.313597358237875046e-01,4.288623023282634450e-01,4.258844627954801454e-01,4.224074239943895748e-01,4.184035113540075512e-01,4.138312372682149687e-01,4.086269008864796826e-01,4.026898543879314785e-01,3.958563349591254776e-01,3.878560879234677072e-01,3.782786837118956580e-01,3.670005782432269603e-01,3.610658324627383231e-01,4.172209057024687806e-01,4.328589493450007986e-01,4.061749551250066204e-01,3.872946987814007147e-01,3.730741433371388971e-01,3.610121804701831305e-01,3.499942314994992087e-01,3.394912368441764805e-01,3.292293019318530134e-01,3.190563009223723601e-01,3.088831329167737727e-01,2.986554407457135407e-01,2.883388548648745386e-01,2.779106987194710499e-01,2.673549627424132713e-01,2.566589914827216989e-01,2.458110655842094816e-01,2.347984049491281533e-01,2.236052765032414680e-01,2.122109436518909154e-01
9.698607698607699668e-01,2.102930202518920322e-01,2.216939278590243367e-01,2.328789809549891010e-01,2.438739209024594623e-01,2.546992193287749839e-01,2.653725283526499612e-01,2.759110247338924515e-01,2.863340144443692337e-01,2.966662785967244531e-01,3.069429357794895563e-01,3.172172437886300322e-01,3.275742011707675205e-01,3.381561695017609170e-01,3.492151793884664124e-01,3.612295292462351370e-01,3.751880825723258317e-01,3.933011268838642605e-01,4.194888995428085465e-01,4.267172574334137658e-01,3.597136627478722537e-01,3.570843417861732094e-01,3.677743540213934126e-01,3.776438609874331886e-01,3.860287618241587393e-01,3.932448631292561059e-01,3.995549882352659732e-01,4.051269484553194355e-01,4.100657181817686792e-01,4.144381785773336158e-01,4.182879955931894655e-01,4.216443300130832128e-01,4.245270182708782425e-01,4.269497334297566726e-01,4.289219626384899731e-01,4.304502692691778432e-01,4.315391073970247238e-01,4.321913446370095890e-01,4.324085850179249513e-01,4.321913446370097556e-01,4.315391073970242242e-01,4.304502692691785093e-01,4.289219626384889184e-01,4.269497334297565061e-01,4.245270182708781315e-01,4.216443300130834904e-01,4.182879955931902427e-01,4.144381785773331162e-01,4.100657181817688457e-01,4.051269484553194911e-01,3.995549882352661397e-01,3.932448631292561614e-01,3.860287618241582952e-01,3.776438609874335772e-01,3.677743540213934126e-01,3.570843417861719882e-01,3.597136627478709214e-01,4.267172574334162083e-01,4.194888995428088241e-01,3.933011268838642049e-01,3.751880825723256652e-01,3.612295292462334162e-01,3.492151793884661348e-01,3.381561695017613056e-01,3.275742011707681867e-01,3.172172437886305318e-01,3.069429357794888902e-01,2.966662785967241200e-01,2.863340144443693447e-01,2.759110247338931177e-01,2.653725283526501277e-01,2.546992193287749284e-01,2.438739209024595178e-01,2.328789809549892120e-01,2.216939278590244478e-01,2.102930202518923652e-01
9.762080262080263804e-01,2.085124103267258500e-01,2.199369597689167233e-01,2.311306267119176694e-01,2.421248142388879587e-01,2.529454515391693636e-01,2.636159635232205867e-01,2.741602369633673875e-01,2.846061099957015728e-01,2.949901389052269063e-01,3.053649470182620562e-01,3.158116992932933909e-01,3.264631189628483532e-01,3.375495678747588713e-01,3.494996890510430054e-01,3.631811053212565810e-01,3.805076358510081636e-01,4.054020684386245299e-01,4.276953691299784643e-01,3.652930332987414097e-01,3.484043464529933964e-01,3.575280556748418048e-01,3.675310475032731450e-01,3.762621415469999953e-01,3.838441698549203696e-01,3.905146937531588924e-01,3.964418170091241755e-01,4.017340678695490719e-01,4.064614204757879823e-01,4.106697700654556304e-01,4.143898135963046681e-01,4.176424445306547995e-01,4.204420819666824793e-01,4.227987699126162235e-01,4.247195284816989713e-01,4.262092373121556532e-01,4.272712170947372545e-01,4.279076088345631357e-01,4.281196108670451972e-01,4.279076088345626916e-01,4.272712170947364774e-01,4.262092373121554312e-01,4.247195284816985272e-01,4.227987699126157795e-01,4.204420819666825904e-01,4.176424445306551325e-01,4.143898135963050011e-01,4.106697700654565741e-01,4.064614204757875937e-01,4.017340678695486833e-01,3.964418170091240090e-01,3.905146937531585039e-01,3.838441698549199810e-01,3.762621415469994957e-01,3.675310475032730895e-01,3.575280556748424154e-01,3.484043464529936185e-01,3.652930332987414652e-01,4.276953691299795191e-01,4.054020684386240858e-01,3.805076358510091628e-01,3.631811053212572471e-01,3.494996890510438381e-01,3.375495678747582051e-01,3.264631189628485197e-01,3.158116992932936129e-01,3.053649470182620007e-01,2.949901389052267953e-01,2.846061099957013507e-01,2.741602369633676095e-01,2.636159635232211418e-01,2.529454515391699188e-01,2.421248142388878755e-01,2.311306267119178082e-01,2.199369597689158073e-01,2.085124103267260998e-01
9.825552825552826830e-01,2.069078675067872186e-01,2.183762926758305023e-01,2.295984873351299693e-01,2.406123336049297845e-01,2.514501452870605558e-01,2.621423255294569876e-01,2.727212085458877722e-01,2.832258677016881165e-01,2.937091094492814691e-01,3.042489136442486086e-01,3.149689987776270739e-01,3.260790883858408207e-01,3.379609141769889247e-01,3.513693867928991410e-01,3.679373952965990235e-01,3.912227622947107575e-01,4.204294308604917263e-01,3.786681208064854864e-01,3.420070498329991215e-01,3.477766584963882801e-01,3.576287250811652219e-01,3.666442830938607678e-01,3.745715843763810504e-01,3.815903363685442251e-01,3.878618385833131899e-01,3.934965076928080840e-01,3.985670672514522450e-01,4.031216281444977567e-01,4.071924746180241028e-01,4.108015990218502056e-01,4.139641787489835023e-01,4.166907916789279187e-01,4.189888535502770961e-01,4.208635661711453979e-01,4.223185504130186896e-01,4.233562701281164964e-01,4.239783124456345531e-01,4.241855647571567411e-01,4.239783124456348862e-01,4.233562701281167184e-01,4.223185504130184675e-01,4.208635661711452869e-01,4.189888535502772626e-01,4.166907916789279187e-01,4.139641787489825586e-01,4.108015990218509828e-01,4.071924746180243249e-01,4.031216281444975902e-01,3.985670672514519675e-01,3.934965076928069183e-01,3.878618385833124682e-01,3.815903363685446692e-01,3.745715843763822162e-01,3.666442830938616004e-01,3.576287250811656659e-01,3.477766584963880581e-01,3.420070498329988440e-01,3.786681208064874848e-01,4.204294308604922259e-01,3.912227622947097028e-01,3.679373952965983019e-01,3.513693867928989745e-01,3.379609141769889802e-01,3.260790883858408207e-01,3.149689987776270739e-01,3.042489136442481645e-01,2.937091094492821353e-01,2.832258677016878945e-01,2.727212085458872171e-01,2.621423255294574317e-01,2.514501452870606668e-01,2.406123336049301731e-01,2.295984873351299416e-01,2.183762926758300582e-01,2.069078675067870521e-01
9.889025389025389856e-01,2.054716196384463178e-01,2.170050882539808212e-01,2.282768190383682727e-01,2.393321916448301612e-01,2.502111076430874048e-01,2.609525782530642268e-01,2.715998270492891442e-01,2.822071087026955527e-01,2.928502780655665161e-01,3.036451397356669801e-01,3.147824386915408779e-01,3.266007834315536318e-01,3.397530853555412733e-01,3.556180929500708521e-01,3.772569417928256508e-01,4.078993501238100672e-01,3.954713702534147224e-01,3.395535383072212365e-01,3.388076696896318296e-01,3.479891896726943767e-01,3.571824834076848254e-01,3.654241267607330479e-01,3.727767643979048029e-01,3.793819453621258830e-01,3.853487495471626945e-01,3.907518352238651960e-01,3.956413675667486141e-01,4.000512305451371931e-01,4.040045602063836450e-01,4.075173264350520630e-01,4.106006516089922842e-01,4.132623299953159246e-01,4.155078383191396219e-01,4.173410168842965895e-01,4.187645326141328228e-01,4.197801938535569155e-01,4.203891610326377370e-01,4.205920808891668861e-01,4.203891610326382366e-01,4.197801938535565824e-01,4.187645326141323232e-01,4.173410168842960899e-01,4.155078383191405655e-01,4.132623299953160356e-01,4.106006516089921177e-01,4.075173264350523961e-01,4.040045602063840890e-01,4.000512305451371375e-01,3.956413675667486141e-01,3.907518352238653625e-01,3.853487495471618063e-01,3.793819453621254389e-01,3.727767643979043033e-01,3.654241267607327703e-01,3.571824834076849364e-01,3.479891896726951539e-01,3.388076696896327733e-01,3.395535383072205704e-01,3.954713702534159991e-01,4.078993501238081243e-01,3.772569417928250401e-01,3.556180929500714072e-01,3.397530853555418839e-01,3.266007834315531877e-01,3.147824386915397121e-01,3.036451397356673132e-01,2.928502780655666826e-01,2.822071087026962188e-01,2.715998270492887001e-01,2.609525782530637827e-01,2.502111076430870718e-01,2.393321916448301612e-01,2.282768190383688001e-01,2.170050882539809045e-01,2.054716196384467897e-01
9.952497952497953992e-01,2.041464050360049520e-01,2.157648463825417584e-01,2.271062296675263603e-01,2.382247016754777957e-01,2.491693230409174897e-01,2.599899401005450472e-01,2.707441461856613385e-01,2.815072390742573427e-01,2.923886721506011033e-01,3.035623929337100124e-01,3.153283425637500303e-01,3.282491253614991944e-01,3.434809156954003462e-01,3.635795231230233848e-01,3.929171245170418048e-01,4.063588147178189280e-01,3.433872381394045270e-01,3.310807059054976520e-01,3.386379210916521387e-01,3.478197467195441317e-01,3.563248746759885011e-01,3.639913211109258584e-01,3.709177202452416111e-01,3.772059216558323325e-01,3.829308895384993527e-01,3.881444075473224342e-01,3.928818769755095808e-01,3.971675946588859585e-01,4.010183578352199407e-01,4.044458590089187733e-01,4.074582783769800653e-01,4.100613534184132658e-01,4.122591059984027639e-01,4.140543417792513226e-01,4.154489952140533182e-01,4.164443672245522476e-01,4.170412859456323340e-01,4.172402099587378954e-01,4.170412859456312238e-01,4.164443672245533024e-01,4.154489952140532072e-01,4.140543417792516001e-01,4.122591059984023198e-01,4.100613534184135989e-01,4.074582783769799543e-01,4.044458590089179406e-01,4.010183578352201073e-01,3.971675946588867356e-01,3.928818769755093032e-01,3.881444075473224342e-01,3.829308895385006295e-01,3.772059216558326100e-01,3.709177202452411670e-01,3.639913211109264135e-01,3.563248746759885566e-01,3.478197467195439652e-01,3.386379210916511950e-01,3.310807059054979296e-01,3.433872381394035833e-01,4.063588147178203713e-01,3.929171245170438032e-01,3.635795231230222746e-01,3.434809156953999021e-01,3.282491253614994164e-01,3.153283425637498083e-01,3.035623929337107896e-01,2.923886721506015474e-01,2.815072390742573427e-01,2.707441461856614495e-01,2.599899401005444366e-01,2.491693230409172122e-01,2.382247016754778512e-01,2.271062296675261938e-01,2.157648463825419805e-01,2.041464050360049243e-01
1.001597051597051813e+00,2.029642473620310028e-01,2.146907696168687540e-01,2.261253565266140853e-01,2.373325526245895212e-01,2.483726860933005987e-01,2.593095568754602565e-01,2.702202058814374142e-01,2.812098940044276407e-01,2.924384836225568662e-01,3.041721705107759965e-01,3.168951178535733271e-01,3.315729325542606798e-01,3.503022590511373768e-01,3.773193969630211364e-01,4.055120966909891989e-01,3.555709462696168832e-01,3.256229600370358357e-01,3.298147226631659712e-01,3.386491567004397130e-01,3.473344102316880400e-01,3.552866112113490238e-01,3.625202257608041712e-01,3.691194644987113027e-01,3.751566445814351058e-01,3.806843011765542184e-01,3.857391250706369012e-01,3.903465469782054775e-01,3.945242216675572955e-01,3.982844495330079004e-01,4.016358247237606371e-01,4.045843576548615039e-01,4.071342456820382094e-01,4.092884072516620453e-01,4.110488549824195537e-01,4.124169570827745379e-01,4.133936195838025518e-01,4.139794107487047015e-01,4.141746415360517686e-01,4.139794107487041464e-01,4.133936195838022187e-01,4.124169570827748710e-01,4.110488549824189985e-01,4.092884072516623228e-01,4.071342456820389866e-01,4.045843576548620035e-01,4.016358247237592494e-01,3.982844495330078449e-01,3.945242216675575175e-01,3.903465469782049224e-01,3.857391250706375674e-01,3.806843011765541629e-01,3.751566445814356610e-01,3.691194644987113582e-01,3.625202257608035050e-01,3.552866112113493013e-01,3.473344102316878179e-01,3.386491567004402126e-01,3.298147226631664153e-01,3.256229600370366684e-01,3.555709462696202139e-01,4.055120966909903646e-01,3.773193969630209144e-01,3.503022590511363776e-01,3.315729325542605688e-01,3.168951178535717172e-01,3.041721705107754414e-01,2.924384836225569217e-01,2.812098940044278628e-01,2.702202058814373586e-01,2.593095568754599234e-01,2.483726860933002933e-01,2.373325526245889106e-01,2.261253565266139187e-01,2.146907696168686430e-01,2.029642473620304755e-01
1.007944307944308004e+00,2.019340761545907748e-01,2.137942316054858849e-01,2.253484597197316086e-01,2.366738192598313306e-01,2.478447745013177272e-01,2.589435165062802247e-01,2.700740803990165917e-01,2.813855590527152284e-01,2.931156890962879347e-01,3.056817893902384897e-01,3.198891872163401873e-01,3.374411503799408796e-01,3.619882741288100725e-01,3.949014981392822699e-01,3.738099790600264427e-01,3.241383151984398858e-01,3.218808805911534399e-01,3.297614142153535988e-01,3.384843479141865785e-01,3.466789624154411054e-01,3.542016781178617402e-01,3.611008246048495463e-01,3.674408749867202340e-01,3.732735188861818765e-01,3.786362523503224442e-01,3.835555224591196688e-01,3.880498445530347063e-01,3.921321638601716342e-01,3.958115276948039329e-01,3.990942492232164573e-01,4.019847173868096313e-01,4.044859639854717637e-01,4.066000635867756396e-01,4.083284170651390599e-01,4.096719528217018791e-01,4.106312685394468143e-01,4.112067287752219635e-01,4.113985284771706219e-01,4.112067287752225186e-01,4.106312685394469253e-01,4.096719528217019346e-01,4.083284170651399481e-01,4.066000635867775270e-01,4.044859639854718747e-01,4.019847173868100199e-01,3.990942492232160688e-01,3.958115276948041550e-01,3.921321638601716342e-01,3.880498445530345952e-01,3.835555224591205015e-01,3.786362523503224442e-01,3.732735188861836528e-01,3.674408749867197899e-01,3.611008246048498238e-01,3.542016781178626283e-01,3.466789624154408278e-01,3.384843479141860789e-01,3.297614142153537653e-01,3.218808805911518856e-01,3.241383151984404409e-01,3.738099790600261652e-01,3.949014981392835466e-01,3.619882741288090178e-01,3.374411503799399359e-01,3.198891872163406314e-01,3.056817893902374350e-01,2.931156890962876016e-01,2.813855590527147288e-01,2.700740803990170358e-01,2.589435165062807243e-01,2.478447745013181436e-01,2.366738192598313029e-01,2.253484597197313033e-01,2.137942316054859404e-01,2.019340761545905250e-01
1.014291564291564418e+00,2.010082310930470240e-01,2.130280646547106360e-01,2.247297073700848524e-01,2.362054997192854222e-01,2.475479955983385660e-01,2.588641983977820193e-01,2.702965813214288082e-01,2.820601485599540381e-01,2.945166031567437170e-01,3.083387455257081688e-01,3.249049379769370360e-01,3.472021776353788058e-01,3.793908517119241597e-01,3.884819721438166340e-01,3.290438963078647361e-01,3.154114358543311236e-01,3.212361062788062216e-01,3.297480437738086190e-01,3.381142500518239391e-01,3.458998360384916704e-01,3.530853569144934423e-01,3.597184572883880826e-01,3.658471666862011529e-01,3.715088663915717682e-01,3.767307353517755919e-01,3.815320875403953038e-01,3.859265270596080044e-01,3.899235895363803439e-01,3.935299260062115612e-01,3.967501438923299317e-01,3.995874038316862276e-01,4.020438450118037910e-01,4.041208898378976788e-01,4.058194628834368989e-01,4.071401480666668182e-01,4.080833004350691295e-01,4.086491237090295603e-01,4.088377210380466087e-01,4.086491237090295048e-01,4.080833004350692961e-01,4.071401480666671513e-01,4.058194628834368989e-01,4.041208898378969017e-01,4.020438450118042906e-01,3.995874038316858390e-01,3.967501438923300427e-01,3.935299260062121718e-01,3.899235895363803439e-01,3.859265270596073938e-01,3.815320875403951928e-01,3.767307353517758695e-01,3.715088663915717127e-01,3.658471666862005423e-01,3.597184572883888598e-01,3.530853569144936643e-01,3.458998360384918369e-01,3.381142500518239391e-01,3.297480437738089520e-01,3.212361062788061106e-01,3.154114358543310681e-01,3.290438963078653467e-01,3.884819721438144691e-01,3.793908517119224943e-01,3.472021776353780287e-01,3.249049379769371471e-01,3.083387455257084464e-01,2.945166031567439946e-01,2.820601485599549818e-01,2.702965813214289748e-01,2.588641983977816308e-01,2.475479955983389546e-01,2.362054997192851724e-01,2.247297073700845471e-01,2.130280646547100531e-01,2.010082310930473015e-01
1.020638820638820832e+00,2.002004802107307802e-01,2.124098341239718801e-01,2.242914365616892891e-01,2.359566223535856655e-01,2.475216163699656968e-01,2.591277433889410120e-01,2.709736851041588124e-01,2.833764038560689924e-01,2.969008774066899670e-01,3.126628685739387126e-01,3.330478026628752031e-01,3.624999470019578673e-01,3.904233970017598754e-01,3.423913358842044508e-01,3.115677816612189566e-01,3.133473207391828108e-01,3.212088423641872303e-01,3.296289831423416250e-01,3.376381116227756274e-01,3.450928583696655227e-01,3.520086176646065046e-01,3.584249514509778578e-01,3.643775152239959181e-01,3.698936777479440718e-01,3.749933916591622340e-01,3.796908994459524123e-01,3.839962525997620557e-01,3.879164796665389714e-01,3.914564438807500713e-01,3.946194639890276967e-01,3.974077627426747528e-01,3.998227916982093344e-01,4.018654671908243881e-01,4.035363420119988387e-01,4.048357299420110578e-01,4.057637950856341491e-01,4.063206142711787705e-01,4.065062181047962020e-01,4.063206142711791036e-01,4.057637950856342046e-01,4.048357299420121680e-01,4.035363420119991718e-01,4.018654671908240550e-01,3.998227916982099450e-01,3.974077627426745862e-01,3.946194639890276967e-01,3.914564438807496827e-01,3.879164796665384718e-01,3.839962525997623333e-01,3.796908994459520237e-01,3.749933916591625116e-01,3.698936777479439608e-01,3.643775152239946413e-01,3.584249514509783019e-01,3.520086176646066711e-01,3.450928583696656338e-01,3.376381116227757939e-01,3.296289831423417915e-01,3.212088423641877299e-01,3.133473207391829773e-01,3.115677816612191786e-01,3.423913358842060606e-01,3.904233970017615407e-01,3.624999470019579229e-01,3.330478026628735377e-01,3.126628685739378244e-01,2.969008774066899670e-01,2.833764038560687704e-01,2.709736851041585903e-01,2.591277433889411230e-01,2.475216163699661409e-01,2.359566223535858320e-01,2.242914365616889283e-01,2.124098341239719356e-01,2.002004802107303916e-01
1.026986076986077023e+00,1.995126474353202672e-01,2.119452603209237285e-01,2.240446943312736361e-01,2.359463422645809993e-01,2.477981257134065085e-01,2.597900570145659227e-01,2.722052302791982958e-01,2.855227613548952381e-01,3.006495802717247257e-01,3.194717296510124482e-01,3.458611265638084076e-01,3.801520721952941773e-01,3.614963087037053047e-01,3.122628963529636148e-01,3.065559484967032566e-01,3.129791764131862331e-01,3.212521792996432257e-01,3.294221822880368244e-01,3.371219078571344729e-01,3.443079403742371203e-01,3.510032361201093076e-01,3.572389839185113325e-01,3.630417813411377370e-01,3.684318965636449450e-01,3.734241269956763420e-01,3.780290464776760451e-01,3.822540981259995863e-01,3.861044443068779586e-01,3.895836014133872149e-01,3.926939074341481706e-01,3.954368652790506422e-01,3.978133950955131670e-01,3.998240199705951903e-01,4.014690025595153422e-01,4.027484451436713631e-01,4.036623619782565009e-01,4.042107301445817535e-01,4.043935231655771956e-01,4.042107301445821976e-01,4.036623619782563344e-01,4.027484451436724178e-01,4.014690025595134548e-01,3.998240199705943021e-01,3.978133950955116682e-01,3.954368652790499206e-01,3.926939074341484481e-01,3.895836014133872705e-01,3.861044443068774590e-01,3.822540981259997528e-01,3.780290464776763226e-01,3.734241269956764531e-01,3.684318965636448340e-01,3.630417813411377370e-01,3.572389839185121096e-01,3.510032361201091966e-01,3.443079403742368427e-01,3.371219078571341399e-01,3.294221822880362138e-01,3.212521792996428371e-01,3.129791764131854004e-01,3.065559484967022019e-01,3.122628963529644475e-01,3.614963087037090794e-01,3.801520721952922344e-01,3.458611265638071863e-01,3.194717296510100613e-01,3.006495802717236709e-01,2.855227613548948495e-01,2.722052302791981293e-01,2.597900570145659782e-01,2.477981257134063142e-01,2.359463422645813324e-01,2.240446943312728867e-01,2.119452603209236730e-01,1.995126474353206003e-01
1.033333333333333437e+00,1.989463797259640732e-01,2.116409862072948511e-01,2.240031996495120137e-01,2.361995105590804223e-01,2.484213141131134950e-01,2.609294810187255398e-01,2.741372699845864847e-01,2.887883030681177576e-01,3.063719772217082804e-01,3.300167858751693051e-01,3.636547245493642611e-01,3.757966885325155215e-01,3.200624651902955198e-01,3.016950214303471545e-01,3.052612228729066901e-01,3.130372617215947395e-01,3.212652427848079473e-01,3.291735739437103847e-01,3.366138958531346703e-01,3.435787980836025879e-01,3.500904102407557117e-01,3.561729225095255913e-01,3.618463321678335731e-01,3.671258026995670720e-01,3.720223963993973260e-01,3.765439958795918085e-01,3.806961066240360236e-01,3.844824889103244381e-01,3.879056373737292951e-01,3.909671399805311198e-01,3.936679455949967932e-01,3.960085632914760456e-01,3.979892108034410736e-01,3.996099248769073853e-01,4.008706427988513177e-01,4.017712617771854178e-01,4.023116809210915412e-01,4.024918291125847425e-01,4.023116809210909861e-01,4.017712617771859729e-01,4.008706427988509846e-01,3.996099248769064416e-01,3.979892108034410181e-01,3.960085632914766562e-01,3.936679455949968487e-01,3.909671399805305092e-01,3.879056373737299057e-01,3.844824889103251597e-01,3.806961066240363012e-01,3.765439958795924746e-01,3.720223963993992133e-01,3.671258026995671830e-01,3.618463321678340172e-01,3.561729225095260909e-01,3.500904102407549900e-01,3.435787980836029210e-01,3.366138958531345593e-01,3.291735739437095520e-01,3.212652427848085024e-01,3.130372617215950726e-01,3.052612228729051358e-01,3.016950214303470434e-01,3.200624651902974627e-01,3.757966885325163542e-01,3.636547245493661484e-01,3.300167858751685279e-01,3.063719772217090576e-01,2.887883030681173135e-01,2.741372699845854299e-01,2.609294810187255398e-01,2.484213141131136060e-01,2.361995105590805333e-01,2.240031996495123467e-01,2.116409862072950177e-01,1.989463797259639066e-01
