nan,-5.000000000000000000e+00,-4.864864864864864913e+00,-4.729729729729729826e+00,-4.594594594594594739e+00,-4.459459459459459651e+00,-4.324324324324324564e+00,-4.189189189189189477e+00,-4.054054054054054390e+00,-3.918918918918918859e+00,-3.783783783783783772e+00,-3.648648648648648685e+00,-3.513513513513513153e+00,-3.378378378378378066e+00,-3.243243243243242979e+00,-3.108108108108107892e+00,-2.972972972972972805e+00,-2.837837837837837718e+00,-2.702702702702702631e+00,-2.567567567567567544e+00,-2.432432432432432456e+00,-2.297297297297297369e+00,-2.162162162162161838e+00,-2.027027027027026751e+00,-1.891891891891891664e+00,-1.756756756756756577e+00,-1.621621621621621490e+00,-1.486486486486486402e+00,-1.351351351351351315e+00,-1.216216216216215784e+00,-1.081081081081080697e+00,-9.459459459459456099e-01,-8.108108108108105228e-01,-6.756756756756754356e-01,-5.405405405405403485e-01,-4.054054054054052614e-01,-2.702702702702701743e-01,-1.351351351351350871e-01,0.000000000000000000e+00,1.351351351351350871e-01,2.702702702702701743e-01,4.054054054054052614e-01,5.405405405405412367e-01,6.756756756756763238e-01,8.108108108108114109e-01,9.459459459459464981e-01,1.081081081081081585e+00,1.216216216216216672e+00,1.351351351351351759e+00,1.486486486486486847e+00,1.621621621621621934e+00,1.756756756756757021e+00,1.891891891891892108e+00,2.027027027027027195e+00,2.162162162162162282e+00,2.297297297297297369e+00,2.432432432432432456e+00,2.567567567567568432e+00,2.702702702702703519e+00,2.837837837837838606e+00,2.972972972972973693e+00,3.108108108108108780e+00,3.243243243243243867e+00,3.378378378378378954e+00,3.513513513513514042e+00,3.648648648648649129e+00,3.783783783783784216e+00,3.918918918918919303e+00,4.054054054054054390e+00,4.189189189189189477e+00,4.324324324324324564e+00,4.459459459459459651e+00,4.594594594594594739e+00,4.729729729729729826e+00,4.864864864864864913e+00,5.000000000000000000e+00
5.636363636363636020e-01,3.176581104640198161e-01,3.124909113771337510e-01,3.045997614267031972e-01,2.876283748485570224e-01,2.922135249488477249e-01,3.054114546315275236e-01,3.153362996947908781e-01,3.237223388590710904e-01,3.311910130496476534e-01,3.380653967810079430e-01,3.445497652184054682e-01,3.507904055870894600e-01,3.568998855037492923e-01,3.629657538140291795e-01,3.690501764626774595e-01,3.751828275275606028e-01,3.813488122972992223e-01,3.874751431980975047e-01,3.934226091443593365e-01,3.989926823588308413e-01,4.039572750199136864e-01,4.081092636117826244e-01,4.113170075840065776e-01,4.135583601135370824e-01,4.149186800067700132e-01,4.155575639150753120e-01,4.156637044580299700e-01,4.154169258452793390e-01,4.149662622505928544e-01,4.144231157525934406e-01,4.138640598872083132e-01,4.133378834969891891e-01,4.128733182486866160e-01,4.124857289860813792e-01,4.121822427729763816e-01,4.119653858333268137e-01,4.118355066747934612e-01,4.117922782168542684e-01,4.118355066747951265e-01,4.119653858333244267e-01,4.121822427729765481e-01,4.124857289860846543e-01,4.128733182486912789e-01,4.133378834969904103e-01,4.138640598872109777e-01,4.144231157525903320e-01,4.149662622505911891e-01,4.154169258452816704e-01,4.156637044580289153e-01,4.155575639150746459e-01,4.149186800067705683e-01,4.135583601135372489e-01,4.113170075840036355e-01,4.081092636117814032e-01,4.039572750199127427e-01,3.989926823588301197e-01,3.934226091443577822e-01,3.874751431980997252e-01,3.813488122973002770e-01,3.751828275275598257e-01,3.690501764626768488e-01,3.629657538140269590e-01,3.568998855037485152e-01,3.507904055870904036e-01,3.445497652184044135e-01,3.380653967810077765e-01,3.311910130496470428e-01,3.237223388590722006e-01,3.153362996947897123e-01,3.054114546315281897e-01,2.922135249488491682e-01,2.876283748485588543e-01,3.045997614267041409e-01,3.124909113771337510e-01,3.176581104640220921e-01
5.699836199836199047e-01,3.182539048929139414e-01,3.112645277884854011e-01,2.977824373035031225e-01,2.948394284996140313e-01,3.032356184018550893e-01,3.092113239281727988e-01,3.142048463421657778e-01,3.187252851586119262e-01,3.230494038370736454e-01,3.273663274282216928e-01,3.318243942295014404e-01,3.365472809045656488e-01,3.416351730724700997e-01,3.471549140802310252e-01,3.531202447320060944e-01,3.594646873369417017e-01,3.660147835502051694e-01,3.724787941330265917e-01,3.784699945703011714e-01,3.835751554249769990e-01,3.874540479492660228e-01,3.899290685271025181e-01,3.910215248089024542e-01,3.909211764820089696e-01,3.899133276100024692e-01,3.883023535283466887e-01,3.863582987131389257e-01,3.842925649552230150e-01,3.822554832198436503e-01,3.803454284497205240e-01,3.786215762930585371e-01,3.771159644456673621e-01,3.758431806420319266e-01,3.748074596518525259e-01,3.740075786532452984e-01,3.734400856628376508e-01,3.731013413948046087e-01,3.729887384271089457e-01,3.731013413948063295e-01,3.734400856628368182e-01,3.740075786532464641e-01,3.748074596518529145e-01,3.758431806420305388e-01,3.771159644456650861e-01,3.786215762930595363e-01,3.803454284497174154e-01,3.822554832198448160e-01,3.842925649552259015e-01,3.863582987131403690e-01,3.883023535283450789e-01,3.899133276100036349e-01,3.909211764820101909e-01,3.910215248088990125e-01,3.899290685271037393e-01,3.874540479492669665e-01,3.835751554249751671e-01,3.784699945702997281e-01,3.724787941330298113e-01,3.660147835502051694e-01,3.594646873369414242e-01,3.531202447320038185e-01,3.471549140802328015e-01,3.416351730724689895e-01,3.365472809045654268e-01,3.318243942295007187e-01,3.273663274282225810e-01,3.230494038370728682e-01,3.187252851586120928e-01,3.142048463421657778e-01,3.092113239281747417e-01,3.032356184018534240e-01,2.948394284996128656e-01,2.977824373035031225e-01,3.112645277884867889e-01,3.182539048929158843e-01
5.763308763308763183e-01,3.128070415567444362e-01,3.020288165325806240e-01,2.919196231413455633e-01,2.955024392978143344e-01,2.979358119529415538e-01,3.001360009391007000e-01,3.024324194150088685e-01,3.050237693773139580e-01,3.080630663259909530e-01,3.116805113713957409e-01,3.159844041647157931e-01,3.210478324193419275e-01,3.268823695665533657e-01,3.334008442533864525e-01,3.403774237708772077e-01,3.474236320323988991e-01,3.540073751528002299e-01,3.595357698943488778e-01,3.634917877434087896e-01,3.655724861467211650e-01,3.657608968123953197e-01,3.642986439792781361e-01,3.615852163105923722e-01,3.580616972128808917e-01,3.541247268046135432e-01,3.500848856379197294e-01,3.461604520901084281e-01,3.424904979969416452e-01,3.391544001157562604e-01,3.361905019568154351e-01,3.336110724638907676e-01,3.314131668500657213e-01,3.295860202851604304e-01,3.281158518001706104e-01,3.269888704811375058e-01,3.261930935433741685e-01,3.257194063274620466e-01,3.255621490709751931e-01,3.257194063274607143e-01,3.261930935433726142e-01,3.269888704811373392e-01,3.281158518001749957e-01,3.295860202851625953e-01,3.314131668500681638e-01,3.336110724638917113e-01,3.361905019568169339e-01,3.391544001157539290e-01,3.424904979969439767e-01,3.461604520901084836e-01,3.500848856379180640e-01,3.541247268046155972e-01,3.580616972128807807e-01,3.615852163105889860e-01,3.642986439792780806e-01,3.657608968123963744e-01,3.655724861467206099e-01,3.634917877434087896e-01,3.595357698943493219e-01,3.540073751528005630e-01,3.474236320323988436e-01,3.403774237708768191e-01,3.334008442533862859e-01,3.268823695665522000e-01,3.210478324193405952e-01,3.159844041647165702e-01,3.116805113713984610e-01,3.080630663259921187e-01,3.050237693773121261e-01,3.024324194150068146e-01,3.001360009391029759e-01,2.979358119529395554e-01,2.955024392978156111e-01,2.919196231413445641e-01,3.020288165325823448e-01,3.128070415567422713e-01
5.826781326781326209e-01,3.006820548286530115e-01,2.857837717764715180e-01,2.857091450772974439e-01,2.857968645541327790e-01,2.863682092368105003e-01,2.875660904728333800e-01,2.895027743446375590e-01,2.922776374820733603e-01,2.959717728887706900e-01,3.006293472018115587e-01,3.062264001651965328e-01,3.126288205328237035e-01,3.195478859244000880e-01,3.265129760725694053e-01,3.328910724918044406e-01,3.379780930583532461e-01,3.411554722882664259e-01,3.420565112933950380e-01,3.406616880542585601e-01,3.372751410480544498e-01,3.324047526648422068e-01,3.266148452622503195e-01,3.204127784279908187e-01,3.141922969598751059e-01,3.082243385644600764e-01,3.026745488365373826e-01,2.976298440192574613e-01,2.931238325746349238e-01,2.891570487239346066e-01,2.857114474776658031e-01,2.827600757891147176e-01,2.802731792116480714e-01,2.782218714340544130e-01,2.765802269608908515e-01,2.753264002612834105e-01,2.744431728540261406e-01,2.739181855069698912e-01,2.737440145330446439e-01,2.739181855069683924e-01,2.744431728540257520e-01,2.753264002612841321e-01,2.765802269608915731e-01,2.782218714340544130e-01,2.802731792116495702e-01,2.827600757891147731e-01,2.857114474776656921e-01,2.891570487239363274e-01,2.931238325746332030e-01,2.976298440192576833e-01,3.026745488365378267e-01,3.082243385644586886e-01,3.141922969598719972e-01,3.204127784279887092e-01,3.266148452622518183e-01,3.324047526648404305e-01,3.372751410480542278e-01,3.406616880542591153e-01,3.420565112933927066e-01,3.411554722882672586e-01,3.379780930583533016e-01,3.328910724918054398e-01,3.265129760725707930e-01,3.195478859243993108e-01,3.126288205328215386e-01,3.062264001651941459e-01,3.006293472018103374e-01,2.959717728887707455e-01,2.922776374820726941e-01,2.895027743446380031e-01,2.875660904728340461e-01,2.863682092368110554e-01,2.857968645541340003e-01,2.857091450772974439e-01,2.857837717764704633e-01,3.006820548286516792e-01
5.890253890253890345e-01,2.812598923556441366e-01,2.788539664023472198e-01,2.777568362274053237e-01,2.776852299273246949e-01,2.786129279378425361e-01,2.805593326395114384e-01,2.835439825670222902e-01,2.875545927115285560e-01,2.925110135521474253e-01,2.982227331287891081e-01,3.043466742256946134e-01,3.103630909581401309e-01,3.155970466139408348e-01,3.193099763955257187e-01,3.208578746613011679e-01,3.198652015604273036e-01,3.163325875528765763e-01,3.106209516680690785e-01,3.033251366882714350e-01,2.951074796113836163e-01,2.865631721092868900e-01,2.781498908108626655e-01,2.701750256841429776e-01,2.628168721994832424e-01,2.561578839177753308e-01,2.502167441106338264e-01,2.449738122054421208e-01,2.403891359736975430e-01,2.364142142427921589e-01,2.329991762921992393e-01,2.300968695204385350e-01,2.276649851402055558e-01,2.256670044504000272e-01,2.240724780745937950e-01,2.228569605781657026e-01,2.220017970429227494e-01,2.214938780813361097e-01,2.213254301867735585e-01,2.214938780813323627e-01,2.220017970429220555e-01,2.228569605781665630e-01,2.240724780745945166e-01,2.256670044504024419e-01,2.276649851402065827e-01,2.300968695204377301e-01,2.329991762921970744e-01,2.364142142427881343e-01,2.403891359737001243e-01,2.449738122054416489e-01,2.502167441106359913e-01,2.561578839177738320e-01,2.628168721994810220e-01,2.701750256841434217e-01,2.781498908108623325e-01,2.865631721092888884e-01,2.951074796113839493e-01,3.033251366882698807e-01,3.106209516680680793e-01,3.163325875528773534e-01,3.198652015604269705e-01,3.208578746612992805e-01,3.193099763955258852e-01,3.155970466139416120e-01,3.103630909581409081e-01,3.043466742256941693e-01,2.982227331287905514e-01,2.925110135521473698e-01,2.875545927115285005e-01,2.835439825670221792e-01,2.805593326395109943e-01,2.786129279378421475e-01,2.776852299273244729e-01,2.777568362274051572e-01,2.788539664023461095e-01,2.812598923556436925e-01
5.953726453726453371e-01,2.776145370520288203e-01,2.760171353217728551e-01,2.757342054867751857e-01,2.765939634038677708e-01,2.785149329397236806e-01,2.814098096049870712e-01,2.851352814329840002e-01,2.894488186891624459e-01,2.939711499476531653e-01,2.981676301469013968e-01,3.013712502676738625e-01,3.028687526259281060e-01,3.020489226084945855e-01,2.985703606519758968e-01,2.924728224456251136e-01,2.841700353975725735e-01,2.743254612751351296e-01,2.636760091422306052e-01,2.528815672333458719e-01,2.424425798075746374e-01,2.326837705867552675e-01,2.237789857969071650e-01,2.157913367436075369e-01,2.087121518055899683e-01,2.024917045362054080e-01,1.970606071769264722e-01,1.923433800717719855e-01,1.882663503120360349e-01,1.847618000434997354e-01,1.817698019848317526e-01,1.792387197700069656e-01,1.771249972697212238e-01,1.753926166524389096e-01,1.740124465426953759e-01,1.729616036220095743e-01,1.722228927355656525e-01,1.717843573383605049e-01,1.716389541888119763e-01,1.717843573383621703e-01,1.722228927355661798e-01,1.729616036220095465e-01,1.740124465426957923e-01,1.753926166524396868e-01,1.771249972697228059e-01,1.792387197700082979e-01,1.817698019848313640e-01,1.847618000434997909e-01,1.882663503120349247e-01,1.923433800717692377e-01,1.970606071769269718e-01,2.024917045362047696e-01,2.087121518055875258e-01,2.157913367436083141e-01,2.237789857969072760e-01,2.326837705867557116e-01,2.424425798075746930e-01,2.528815672333462605e-01,2.636760091422344909e-01,2.743254612751377386e-01,2.841700353975734061e-01,2.924728224456261683e-01,2.985703606519756748e-01,3.020489226084941969e-01,3.028687526259293272e-01,3.013712502676745841e-01,2.981676301469015078e-01,2.939711499476529433e-01,2.894488186891625570e-01,2.851352814329836671e-01,2.814098096049868492e-01,2.785149329397231810e-01,2.765939634038668826e-01,2.757342054867745196e-01,2.760171353217725221e-01,2.776145370520287647e-01
6.017199017199017508e-01,2.802581421769604897e-01,2.795386572393004920e-01,2.798484123076273589e-01,2.810027892106347069e-01,2.827937120193461107e-01,2.849353929224630044e-01,2.870298566885761127e-01,2.885542697487394337e-01,2.888862316194386604e-01,2.873838480091509551e-01,2.835200441732161347e-01,2.770355277170257202e-01,2.680430223321265681e-01,2.570215229760368647e-01,2.446940909379660967e-01,2.318473558616393759e-01,2.191725323570540007e-01,2.071770905830736531e-01,1.961692246988281096e-01,1.862889141138167615e-01,1.775561703395255042e-01,1.699170481114306852e-01,1.632791422072661092e-01,1.575354916400115435e-01,1.525789895535255014e-01,1.483101033655974677e-01,1.446403322304008476e-01,1.414931665058639654e-01,1.388037093679634348e-01,1.365176707716952709e-01,1.345901427143532392e-01,1.329843763834118453e-01,1.316706700232289640e-01,1.306254132883680752e-01,1.298303003391649002e-01,1.292717077379326729e-01,1.289402268343729230e-01,1.288303393591530011e-01,1.289402268343731450e-01,1.292717077379336998e-01,1.298303003391646504e-01,1.306254132883687413e-01,1.316706700232289085e-01,1.329843763834135106e-01,1.345901427143516849e-01,1.365176707716969362e-01,1.388037093679612144e-01,1.414931665058648813e-01,1.446403322304015970e-01,1.483101033655971346e-01,1.525789895535260843e-01,1.575354916400134309e-01,1.632791422072658871e-01,1.699170481114289921e-01,1.775561703395248658e-01,1.862889141138171223e-01,1.961692246988280819e-01,2.071770905830752352e-01,2.191725323570540562e-01,2.318473558616405139e-01,2.446940909379662910e-01,2.570215229760368647e-01,2.680430223321276229e-01,2.770355277170268860e-01,2.835200441732158017e-01,2.873838480091516767e-01,2.888862316194378832e-01,2.885542697487403774e-01,2.870298566885756131e-01,2.849353929224631710e-01,2.827937120193462217e-01,2.810027892106347069e-01,2.798484123076276364e-01,2.795386572393004920e-01,2.802581421769592129e-01
6.080671580671580534e-01,2.897166373731948075e-01,2.883192525559523656e-01,2.872934162659862567e-01,2.863202201712957695e-01,2.850010897627714979e-01,2.828521495738218205e-01,2.793353794049031058e-01,2.739359119216223659e-01,2.662810181466450654e-01,2.562679218215345722e-01,2.441421423592199935e-01,2.304743070043095698e-01,2.160318568148319185e-01,2.016010090786716225e-01,1.878353444998591970e-01,1.751782675977910653e-01,1.638597563825551218e-01,1.539388385517378999e-01,1.453603608398295333e-01,1.380058818900670448e-01,1.317308720132242261e-01,1.263881676956385702e-01,1.218407968929004909e-01,1.179677226648725985e-01,1.146653702668542912e-01,1.118469081792825559e-01,1.094405050718540162e-01,1.073872595071306557e-01,1.056391662514125362e-01,1.041572868573742011e-01,1.029101838522133439e-01,1.018726223648425688e-01,1.010245176678612328e-01,1.003500981126885933e-01,9.983725231376928966e-02,9.947703275496287689e-02,9.926329290011019768e-02,9.919244023029763491e-02,9.926329290011007278e-02,9.947703275496308506e-02,9.983725231376944231e-02,1.003500981126883573e-01,1.010245176678611079e-01,1.018726223648434293e-01,1.029101838522130385e-01,1.041572868573736182e-01,1.056391662514124530e-01,1.073872595071304614e-01,1.094405050718536415e-01,1.118469081792829861e-01,1.146653702668539165e-01,1.179677226648722238e-01,1.218407968929001717e-01,1.263881676956374600e-01,1.317308720132226163e-01,1.380058818900664064e-01,1.453603608398284508e-01,1.539388385517386493e-01,1.638597563825546777e-01,1.751782675977917036e-01,1.878353444998586974e-01,2.016010090786740927e-01,2.160318568148320295e-01,2.304743070043105968e-01,2.441421423592213813e-01,2.562679218215352384e-01,2.662810181466461756e-01,2.739359119216220884e-01,2.793353794049036054e-01,2.828521495738218761e-01,2.850010897627719975e-01,2.863202201712949924e-01,2.872934162659865898e-01,2.883192525559518660e-01,2.897166373731945299e-01
6.144144144144143560e-01,3.112402249315216474e-01,3.065831977894346583e-01,3.012152463365460053e-01,2.947399720379926258e-01,2.867646026043325080e-01,2.769734044182866617e-01,2.652234380335961039e-01,2.516310535594959985e-01,2.366041913411948971e-01,2.207881757649191035e-01,2.049340875102960147e-01,1.897419975062082098e-01,1.757413880421555274e-01,1.632424668920572641e-01,1.523523255391537601e-01,1.430271928727655795e-01,1.351319470964071068e-01,1.284895984297455274e-01,1.229151349181050457e-01,1.182350912369624224e-01,1.142967292948199459e-01,1.109707166137835210e-01,1.081502473632533212e-01,1.057485242231229056e-01,1.036957184515004682e-01,1.019359919377466756e-01,1.004248440852924806e-01,9.912686905286507977e-02,9.801391954187096966e-02,9.706363409545416820e-02,9.625827234372816288e-02,9.558380321108569944e-02,9.502919734804292362e-02,9.458588310930325649e-02,9.424733343098748439e-02,9.400875820139641126e-02,9.386688296116701968e-02,9.381980006520095061e-02,9.386688296116740826e-02,9.400875820139643901e-02,9.424733343098723459e-02,9.458588310930321486e-02,9.502919734804285423e-02,9.558380321108587985e-02,9.625827234372781593e-02,9.706363409545451515e-02,9.801391954187105293e-02,9.912686905286485772e-02,1.004248440852923002e-01,1.019359919377460788e-01,1.036957184515008151e-01,1.057485242231223921e-01,1.081502473632531686e-01,1.109707166137834516e-01,1.142967292948196406e-01,1.182350912369624640e-01,1.229151349181050873e-01,1.284895984297451110e-01,1.351319470964069125e-01,1.430271928727663011e-01,1.523523255391543429e-01,1.632424668920568478e-01,1.757413880421548336e-01,1.897419975062084041e-01,2.049340875102958481e-01,2.207881757649194088e-01,2.366041913411948416e-01,2.516310535594962761e-01,2.652234380335953823e-01,2.769734044182863286e-01,2.867646026043325636e-01,2.947399720379922372e-01,3.012152463365461164e-01,3.065831977894344917e-01,3.112402249315219804e-01
6.207616707616707696e-01,3.398465755654416776e-01,3.322425693985893713e-01,3.232661172760862289e-01,3.127628297721675721e-01,3.007177645157024237e-01,2.873064263966614851e-01,2.729076543423673007e-01,2.580606547753810376e-01,2.433720479008109616e-01,2.294045412620376589e-01,2.165875641262651752e-01,2.051756621942334158e-01,1.952553310083880167e-01,1.867828919594997916e-01,1.796322235803556322e-01,1.736373318803951515e-01,1.686232485811504922e-01,1.644249162960050858e-01,1.608966237717633641e-01,1.579151478140032594e-01,1.553792516700910065e-01,1.532073920119298993e-01,1.513347765915128429e-01,1.497104018464923691e-01,1.482943723997726393e-01,1.470556142377795472e-01,1.459699926524999081e-01,1.450187988683664386e-01,1.441875518919392418e-01,1.434650600484434491e-01,1.428426916282413139e-01,1.423138116001848308e-01,1.418733492232200910e-01,1.415174686012547201e-01,1.412433204289178790e-01,1.410488583394840789e-01,1.409327075080215874e-01,1.408940766538296641e-01,1.409327075080215319e-01,1.410488583394838014e-01,1.412433204289182120e-01,1.415174686012548866e-01,1.418733492232200355e-01,1.423138116001844145e-01,1.428426916282408698e-01,1.434650600484432825e-01,1.441875518919385202e-01,1.450187988683663831e-01,1.459699926524999358e-01,1.470556142377795750e-01,1.482943723997728613e-01,1.497104018464920083e-01,1.513347765915128984e-01,1.532073920119306487e-01,1.553792516700902293e-01,1.579151478140039810e-01,1.608966237717632253e-01,1.644249162960051691e-01,1.686232485811506587e-01,1.736373318803952626e-01,1.796322235803558820e-01,1.867828919594994030e-01,1.952553310083881832e-01,2.051756621942328607e-01,2.165875641262654250e-01,2.294045412620371038e-01,2.433720479008107396e-01,2.580606547753810376e-01,2.729076543423666901e-01,2.873064263966612075e-01,3.007177645157023682e-01,3.127628297721674056e-01,3.232661172760866730e-01,3.322425693985898709e-01,3.398465755654411224e-01
6.271089271089270722e-01,3.743986179883957433e-01,3.672015814253053456e-01,3.588907997807803119e-01,3.495469581649970348e-01,3.393779333229204886e-01,3.287098534157599783e-01,3.179436932169472652e-01,3.074889845576591618e-01,2.976972041445479222e-01,2.888164252544334065e-01,2.809769744660456370e-01,2.742039962463828084e-01,2.684450491506048531e-01,2.636007558730316114e-01,2.595508029859223131e-01,2.561723425361964734e-01,2.533510529428493752e-01,2.509865408066765391e-01,2.489939907514682749e-01,2.473036381735938538e-01,2.458591678798448532e-01,2.446157256128390634e-01,2.435379266438926493e-01,2.425980493855836584e-01,2.417744857713065298e-01,2.410504571589518752e-01,2.404129740838063800e-01,2.398520063199434116e-01,2.393598276718291173e-01,2.389305025790229020e-01,2.385594861330713190e-01,2.382433140006081362e-01,2.379793633242542061e-01,2.377656696614095233e-01,2.376007883670510357e-01,2.374836915799737047e-01,2.374136942241543979e-01,2.373904042909826539e-01,2.374136942241543979e-01,2.374836915799735104e-01,2.376007883670503973e-01,2.377656696614088017e-01,2.379793633242540951e-01,2.382433140006081917e-01,2.385594861330707084e-01,2.389305025790226245e-01,2.393598276718284512e-01,2.398520063199434948e-01,2.404129740838053808e-01,2.410504571589512368e-01,2.417744857713066131e-01,2.425980493855841857e-01,2.435379266438939538e-01,2.446157256128399238e-01,2.458591678798448810e-01,2.473036381735935207e-01,2.489939907514687190e-01,2.509865408066770387e-01,2.533510529428493196e-01,2.561723425361959183e-01,2.595508029859228682e-01,2.636007558730310008e-01,2.684450491506048531e-01,2.742039962463819758e-01,2.809769744660453039e-01,2.888164252544336286e-01,2.976972041445493100e-01,3.074889845576591618e-01,3.179436932169467100e-01,3.287098534157606999e-01,3.393779333229204331e-01,3.495469581649975899e-01,3.588907997807796457e-01,3.672015814253051236e-01,3.743986179883961873e-01
6.334561834561834859e-01,4.069599197071952501e-01,4.039383337413605668e-01,4.002276250385827794e-01,3.959336301733482610e-01,3.912113314654194207e-01,3.862488311156608289e-01,3.812423271300799943e-01,3.763704006080150766e-01,3.717749583400234425e-01,3.675524191815082720e-01,3.637545527063928419e-01,3.603957783233826540e-01,3.574632055297023991e-01,3.549265522754158075e-01,3.527463590021065465e-01,3.508799879945387334e-01,3.492855504275108602e-01,3.479241866631394009e-01,3.467611736954253621e-01,3.457662685707580397e-01,3.449135964605978821e-01,3.441812965143514202e-01,3.435510624896593868e-01,3.430076603822684311e-01,3.425384685484400560e-01,3.421330625466829645e-01,3.417828529662030324e-01,3.414807766423971214e-01,3.412210376058505412e-01,3.409988923446304332e-01,3.408104735006913799e-01,3.406526463634353408e-01,3.405228931050935381e-01,3.404192204155355728e-01,3.403400869265836293e-01,3.402843475122983574e-01,3.402512121906320353e-01,3.402402179301128871e-01,3.402512121906311471e-01,3.402843475122993011e-01,3.403400869265826856e-01,3.404192204155361834e-01,3.405228931050928165e-01,3.406526463634345081e-01,3.408104735006896036e-01,3.409988923446306552e-01,3.412210376058498196e-01,3.414807766423990643e-01,3.417828529662022552e-01,3.421330625466834641e-01,3.425384685484411662e-01,3.430076603822688752e-01,3.435510624896607745e-01,3.441812965143546399e-01,3.449135964605993809e-01,3.457662685707600936e-01,3.467611736954261947e-01,3.479241866631407887e-01,3.492855504275103051e-01,3.508799879945376787e-01,3.527463590021068240e-01,3.549265522754169178e-01,3.574632055297011224e-01,3.603957783233830425e-01,3.637545527063928974e-01,3.675524191815081054e-01,3.717749583400229985e-01,3.763704006080143549e-01,3.812423271300801053e-01,3.862488311156613285e-01,3.912113314654189766e-01,3.959336301733483165e-01,4.002276250385828904e-01,4.039383337413604003e-01,4.069599197071944174e-01
6.398034398034397885e-01,4.048469139630533897e-01,4.082092244937730041e-01,4.111395704440305998e-01,4.136213001869625261e-01,4.156464432180619895e-01,4.172231735303552069e-01,4.183779817779673116e-01,4.191534487074773385e-01,4.196032009664472096e-01,4.197858683489933962e-01,4.197595541085000770e-01,4.195777082479790754e-01,4.192866628681953811e-01,4.189246456405716912e-01,4.185218786158799165e-01,4.181013423954318409e-01,4.176798582659699832e-01,4.172692456649831350e-01,4.168774095905679045e-01,4.165092862980248611e-01,4.161676241771524176e-01,4.158536047732377949e-01,4.155673226709232781e-01,4.153081477979901348e-01,4.150749935738507479e-01,4.148665118020589127e-01,4.146812318194819103e-01,4.145176579926258542e-01,4.143743365831272230e-01,4.142499004290968734e-01,4.141430978158303078e-01,4.140528102861087967e-01,4.139780628945162744e-01,4.139180294672119009e-01,4.138720347215997242e-01,4.138395545731999858e-01,4.138202155638929236e-01,4.138137940502945589e-01,4.138202155638947000e-01,4.138395545731953229e-01,4.138720347216000017e-01,4.139180294672137328e-01,4.139780628945192165e-01,4.140528102861094073e-01,4.141430978158294751e-01,4.142499004290939868e-01,4.143743365831311642e-01,4.145176579926275751e-01,4.146812318194790792e-01,4.148665118020631870e-01,4.150749935738512475e-01,4.153081477979881919e-01,4.155673226709232781e-01,4.158536047732381835e-01,4.161676241771533613e-01,4.165092862980243615e-01,4.168774095905646293e-01,4.172692456649810255e-01,4.176798582659685954e-01,4.181013423954317854e-01,4.185218786158810822e-01,4.189246456405723573e-01,4.192866628681937713e-01,4.195777082479804077e-01,4.197595541084995774e-01,4.197858683489947840e-01,4.196032009664472651e-01,4.191534487074781157e-01,4.183779817779650911e-01,4.172231735303558731e-01,4.156464432180644875e-01,4.136213001869642469e-01,4.111395704440316545e-01,4.082092244937725045e-01,4.048469139630554992e-01
6.461506961506962021e-01,4.700208701187752469e-01,4.749555331125813185e-01,4.795361551886002660e-01,4.834461473291204459e-01,4.864145259113672459e-01,4.882458397200384881e-01,4.888380612071630549e-01,4.881850941686510237e-01,4.863649952812247323e-01,4.835185330009080795e-01,4.798240885318135196e-01,4.754741598351606702e-01,4.706567696441960602e-01,4.655429659209320281e-01,4.602800292592685860e-01,4.549891696981026579e-01,4.497662790240760655e-01,4.446844607541261540e-01,4.397973699832002370e-01,4.351427176420807896e-01,4.307455603631726304e-01,4.266211893000189659e-01,4.227775555329820190e-01,4.192172419553123475e-01,4.159390281152935964e-01,4.129391087027864948e-01,4.102120277638637846e-01,4.077513855774733686e-01,4.055503672562446038e-01,4.036021336982560381e-01,4.019001076193152167e-01,4.004381805097232960e-01,3.992108606080200794e-01,3.982133773091044993e-01,3.974417536885087587e-01,3.968928558668277651e-01,3.965644255976861765e-01,3.964551005955379015e-01,3.965644255976856769e-01,3.968928558668308737e-01,3.974417536885103686e-01,3.982133773091026674e-01,3.992108606080226330e-01,4.004381805097240177e-01,4.019001076193173261e-01,4.036021336982578145e-01,4.055503672562454365e-01,4.077513855774712592e-01,4.102120277638680035e-01,4.129391087027897700e-01,4.159390281152916535e-01,4.192172419553076845e-01,4.227775555329789658e-01,4.266211893000204647e-01,4.307455603631699104e-01,4.351427176420808451e-01,4.397973699831934091e-01,4.446844607541333150e-01,4.497662790240747888e-01,4.549891696981054334e-01,4.602800292592734155e-01,4.655429659209298077e-01,4.706567696441986137e-01,4.754741598351636678e-01,4.798240885318165172e-01,4.835185330009066362e-01,4.863649952812243993e-01,4.881850941686527445e-01,4.888380612071598907e-01,4.882458397200370448e-01,4.864145259113690778e-01,4.834461473291237210e-01,4.795361551885954920e-01,4.749555331125797086e-01,4.700208701187748028e-01
6.524979524979525047e-01,5.264998790953898666e-01,5.282984026203476624e-01,5.285795457932603858e-01,5.269159505890596007e-01,5.230296824177163018e-01,5.168245857136775090e-01,5.083911939097317534e-01,4.979827348966910372e-01,4.859692917732070239e-01,4.727823433645785278e-01,4.588621215975169920e-01,4.446165184504603518e-01,4.303951281184367206e-01,4.164776526913505639e-01,4.030733918382307657e-01,3.903278223877806874e-01,3.783327308508379061e-01,3.671373181080327952e-01,3.567586827686025086e-01,3.471908800846824072e-01,3.384122902296394231e-01,3.303913451951412394e-01,3.230908185931683496e-01,3.164709360408869965e-01,3.104915604340877100e-01,3.051136761266222130e-01,3.003003566282073655e-01,2.960173614015008114e-01,2.922334730086246779e-01,2.889206576270054172e-01,2.860541097276179112e-01,2.836122247323074053e-01,2.815765307900852665e-01,2.799316015117049861e-01,2.786649647755998771e-01,2.777670179094464120e-01,2.772309561435032932e-01,2.770527188226941107e-01,2.772309561435087333e-01,2.777670179094409719e-01,2.786649647756107573e-01,2.799316015117058187e-01,2.815765307900834902e-01,2.836122247323083490e-01,2.860541097276081968e-01,2.889206576270063609e-01,2.922334730086255106e-01,2.960173614014977028e-01,3.003003566282090864e-01,3.051136761266163844e-01,3.104915604340890423e-01,3.164709360408945460e-01,3.230908185931796739e-01,3.303913451951483449e-01,3.384122902296424762e-01,3.471908800846869592e-01,3.567586827686071160e-01,3.671373181080259118e-01,3.783327308508507292e-01,3.903278223877869046e-01,4.030733918382312098e-01,4.164776526913439580e-01,4.303951281184373312e-01,4.446165184504587420e-01,4.588621215975245415e-01,4.727823433645766404e-01,4.859692917732045814e-01,4.979827348966900380e-01,5.083911939097300881e-01,5.168245857136822830e-01,5.230296824177136372e-01,5.269159505890597117e-01,5.285795457932612740e-01,5.282984026203542127e-01,5.264998790953909769e-01
6.588452088452088073e-01,5.152915743796857573e-01,5.073708554449625208e-01,4.962516994481745991e-01,4.815985299842447387e-01,4.634084226277475071e-01,4.420388439291257354e-01,4.181619470204963052e-01,3.926549391484511764e-01,3.664598074083888490e-01,3.404529959747054635e-01,3.153546951786433405e-01,2.916876144909384960e-01,2.697780814053694631e-01,2.497840703638830873e-01,2.317347009642593825e-01,2.155700329442959695e-01,2.011750622488475415e-01,1.884057772682296572e-01,1.771075079525277485e-01,1.671268812503211854e-01,1.583189641066296005e-01,1.505510335939725941e-01,1.437041221588058471e-01,1.376731817473112462e-01,1.323664518010631563e-01,1.277044178572037947e-01,1.236186052803532609e-01,1.200503553644186594e-01,1.169496669877924389e-01,1.142741462977281686e-01,1.119880819969330393e-01,1.100616492873953550e-01,1.084702376598442042e-01,1.071938940033904247e-01,1.062168713210183274e-01,1.055272736335666622e-01,1.051167887936072243e-01,1.049805025215234111e-01,1.051167887936030193e-01,1.055272736335614442e-01,1.062168713210168425e-01,1.071938940033911741e-01,1.084702376598375845e-01,1.100616492873998098e-01,1.119880819969291119e-01,1.142741462977251987e-01,1.169496669877918421e-01,1.200503553644247101e-01,1.236186052803519286e-01,1.277044178571998256e-01,1.323664518010601310e-01,1.376731817473086372e-01,1.437041221588061801e-01,1.505510335939696243e-01,1.583189641066277131e-01,1.671268812503166612e-01,1.771075079525311624e-01,1.884057772682377618e-01,2.011750622488516216e-01,2.155700329442994945e-01,2.317347009642706235e-01,2.497840703638765369e-01,2.697780814053630793e-01,2.916876144909424373e-01,3.153546951786493913e-01,3.404529959747101819e-01,3.664598074083963986e-01,3.926549391484431273e-01,4.181619470204935851e-01,4.420388439291216276e-01,4.634084226277431773e-01,4.815985299842478473e-01,4.962516994481708799e-01,5.073708554449625208e-01,5.152915743796824266e-01
6.651924651924652210e-01,4.541623431102508324e-01,4.296738204430807784e-01,3.997157286675002141e-01,3.652126079433775097e-01,3.278952228840413263e-01,2.899242054191855655e-01,2.533823095830615157e-01,2.198617114716920895e-01,1.902857862020783941e-01,1.649552916050674167e-01,1.437182275624593053e-01,1.261609562786875915e-01,1.117618789332203572e-01,9.999153221285531079e-02,9.036648409689175543e-02,8.247150596268928990e-02,7.596316573916125914e-02,7.056411621022633252e-02,6.605371747667271309e-02,6.225803528269806958e-02,5.904064906441222615e-02,5.629480471634788763e-02,5.393699047846556294e-02,5.190180969282551932e-02,5.013795255418870833e-02,4.860506197300771408e-02,4.727130935639393960e-02,4.611152576352232912e-02,4.510576373113503457e-02,4.423819149842009996e-02,4.349624334548985588e-02,4.286996741151288814e-02,4.235152624601334209e-02,4.193481615278470825e-02,4.161517975896564941e-02,4.138919274220820288e-02,4.125451073859829482e-02,4.120976650652094508e-02,4.125451073859763562e-02,4.138919274220791145e-02,4.161517975896526778e-02,4.193481615278441682e-02,4.235152624601227350e-02,4.286996741151256896e-02,4.349624334548989751e-02,4.423819149841932974e-02,4.510576373113532600e-02,4.611152576352320343e-02,4.727130935639414777e-02,4.860506197300781123e-02,5.013795255418868058e-02,5.190180969282503359e-02,5.393699047846457761e-02,5.629480471634867172e-02,5.904064906441230248e-02,6.225803528269756304e-02,6.605371747667290738e-02,7.056411621022777581e-02,7.596316573916124526e-02,8.247150596268890133e-02,9.036648409689324035e-02,9.999153221284959314e-02,1.117618789332198020e-01,1.261609562786913941e-01,1.437182275624573347e-01,1.649552916050713858e-01,1.902857862020837787e-01,2.198617114716963639e-01,2.533823095830571304e-01,2.899242054191826790e-01,3.278952228840463223e-01,3.652126079433766215e-01,3.997157286675060428e-01,4.296738204430854968e-01,4.541623431102447817e-01
6.715397215397215236e-01,3.860150093386872094e-01,3.540959434135896311e-01,3.198455282742545536e-01,2.865073971318290447e-01,2.564869494563228880e-01,2.309620836264239807e-01,2.100809461643750320e-01,1.933832367702112420e-01,1.801678677483778412e-01,1.697183505700192163e-01,1.614069078589556450e-01,1.547250084397743808e-01,1.492783770314521918e-01,1.447688856238210364e-01,1.409742565990653174e-01,1.377299884591983714e-01,1.349147431018197230e-01,1.324390969053761413e-01,1.302371077719776116e-01,1.282600828153352690e-01,1.264720051386850341e-01,1.248461874013071099e-01,1.233628234155993986e-01,1.220071941630139628e-01,1.207683502003639026e-01,1.196381412427204027e-01,1.186104993742244235e-01,1.176809081447307004e-01,1.168460084035512631e-01,1.161033051076421629e-01,1.154509489940245270e-01,1.148875739894866244e-01,1.144121763073432246e-01,1.140240248946364915e-01,1.137225956320783299e-01,1.135075237311631569e-01,1.133785703188253391e-01,1.133356003967471992e-01,1.133785703188271987e-01,1.135075237311649748e-01,1.137225956320785658e-01,1.140240248946345486e-01,1.144121763073458198e-01,1.148875739894893583e-01,1.154509489940252903e-01,1.161033051076404976e-01,1.168460084035496949e-01,1.176809081447330735e-01,1.186104993742241875e-01,1.196381412427188345e-01,1.207683502003631393e-01,1.220071941630135742e-01,1.233628234155992598e-01,1.248461874013065548e-01,1.264720051386825639e-01,1.282600828153325767e-01,1.302371077719795545e-01,1.324390969053783340e-01,1.349147431018227483e-01,1.377299884591978441e-01,1.409742565990650121e-01,1.447688856238207034e-01,1.492783770314526914e-01,1.547250084397730208e-01,1.614069078589551731e-01,1.697183505700174677e-01,1.801678677483790625e-01,1.933832367702116584e-01,2.100809461643761145e-01,2.309620836264235366e-01,2.564869494563285501e-01,2.865073971318301549e-01,3.198455282742562189e-01,3.540959434135919626e-01,3.860150093386900405e-01
6.778869778869779372e-01,3.518319647727913280e-01,3.469421680751244574e-01,3.374040114125753109e-01,3.255671427709289634e-01,3.130566420157214758e-01,3.008451507883670439e-01,2.894357568403599368e-01,2.790355448620753798e-01,2.696826092818284115e-01,2.613277019390568556e-01,2.538825818132818823e-01,2.472468378277231649e-01,2.413217709883393736e-01,2.360168785804643010e-01,2.312522894237016846e-01,2.269590920586106175e-01,2.230786466970747506e-01,2.195614754117836409e-01,2.163660425337385063e-01,2.134575796887293042e-01,2.108070239592056694e-01,2.083900921274333684e-01,2.061864909267781543e-01,2.041792525233737110e-01,2.023541803405120576e-01,2.006993896277146638e-01,1.992049281066904098e-01,1.978624636470267817e-01,1.966650277382326339e-01,1.956068052852634187e-01,1.946829628520566624e-01,1.938895088750541840e-01,1.932231805663667812e-01,1.926813532419107133e-01,1.922619686678213313e-01,1.919634797455806452e-01,1.917848094771734957e-01,1.917253226899018337e-01,1.917848094771730794e-01,1.919634797455812836e-01,1.922619686678215256e-01,1.926813532419118513e-01,1.932231805663670865e-01,1.938895088750524354e-01,1.946829628520586886e-01,1.956068052852626971e-01,1.966650277382310796e-01,1.978624636470259490e-01,1.992049281066894384e-01,2.006993896277129708e-01,2.023541803405122241e-01,2.041792525233744326e-01,2.061864909267777379e-01,2.083900921274336737e-01,2.108070239592050032e-01,2.134575796887296095e-01,2.163660425337388948e-01,2.195614754117838074e-01,2.230786466970743342e-01,2.269590920586097293e-01,2.312522894237016291e-01,2.360168785804636904e-01,2.413217709883400119e-01,2.472468378277230816e-01,2.538825818132807166e-01,2.613277019390585210e-01,2.696826092818280229e-01,2.790355448620740475e-01,2.894357568403620462e-01,3.008451507883662113e-01,3.130566420157177565e-01,3.255671427709264654e-01,3.374040114125712031e-01,3.469421680751211823e-01,3.518319647727847221e-01
6.842342342342342398e-01,2.496565277897147550e-01,2.836464124419020849e-01,3.076940174834034147e-01,3.231061038512242911e-01,3.316142490199039949e-01,3.349247685165719912e-01,3.345114452367277669e-01,3.315548381179851400e-01,3.269552670297475316e-01,3.213752719090107735e-01,3.152884654060247871e-01,3.090244157558592053e-01,3.028059536808453411e-01,2.967785099099447543e-01,2.910324031444685988e-01,2.856193831745404421e-01,2.805647049775397694e-01,2.758758236512992568e-01,2.715485839829849257e-01,2.675715777698706166e-01,2.639291750883946408e-01,2.606036040940276632e-01,2.575763534312628944e-01,2.548290961475409566e-01,2.523442785276410749e-01,2.501054767182508964e-01,2.480975945812963213e-01,2.463069549624419263e-01,2.447213212794468462e-01,2.433298753872015774e-01,2.421231698614424166e-01,2.410930672869035785e-01,2.402326752031829493e-01,2.395362825938381623e-01,2.389993018697596783e-01,2.386182189568302192e-01,2.383905531767567254e-01,2.383148279819542470e-01,2.383905531767569197e-01,2.386182189568291923e-01,2.389993018697595395e-01,2.395362825938376905e-01,2.402326752031821167e-01,2.410930672869030789e-01,2.421231698614423333e-01,2.433298753872023823e-01,2.447213212794473458e-01,2.463069549624417875e-01,2.480975945812977923e-01,2.501054767182518956e-01,2.523442785276396316e-01,2.548290961475404015e-01,2.575763534312656700e-01,2.606036040940289955e-01,2.639291750883932530e-01,2.675715777698730591e-01,2.715485839829870907e-01,2.758758236513009221e-01,2.805647049775372714e-01,2.856193831745464373e-01,2.910324031444650461e-01,2.967785099099447543e-01,3.028059536808459518e-01,3.090244157558595384e-01,3.152884654060244540e-01,3.213752719090098298e-01,3.269552670297501962e-01,3.315548381179825865e-01,3.345114452367292102e-01,3.349247685165752109e-01,3.316142490199090465e-01,3.231061038512230699e-01,3.076940174834029151e-01,2.836464124419039168e-01,2.496565277897163093e-01
6.905814905814906535e-01,3.013047255082237363e-01,3.510535601125672200e-01,3.911489734002808194e-01,4.214043601911148795e-01,4.425051915767214683e-01,4.555829163402147497e-01,4.619395029172410072e-01,4.628807248363170368e-01,4.596214869579700601e-01,4.532372605379840214e-01,4.446446963369068417e-01,4.346004940284389217e-01,4.237113115754787551e-01,4.124497989743429738e-01,4.011733674012775697e-01,3.901434020362930521e-01,3.795434550704149257e-01,3.694955759749914415e-01,3.600743951135331744e-01,3.513188891963389682e-01,3.432419507638928002e-01,3.358379950546660497e-01,3.290888835580512706e-01,3.229684490863529156e-01,3.174458885236884909e-01,3.124882583944656456e-01,3.080622729548825878e-01,3.041355694853654090e-01,3.006775734934514777e-01,2.976600688084988233e-01,2.950575543419220459e-01,2.928474503669857287e-01,2.910102020546305179e-01,2.895293161079496858e-01,2.883913570870597076e-01,2.875859228751881380e-01,2.871056132356020751e-01,2.869460011465064242e-01,2.871056132356049617e-01,2.875859228751922458e-01,2.883913570870629828e-01,2.895293161079505739e-01,2.910102020546314616e-01,2.928474503669827866e-01,2.950575543419214908e-01,2.976600688084951041e-01,3.006775734934538646e-01,3.041355694853627445e-01,3.080622729548832539e-01,3.124882583944675329e-01,3.174458885236897121e-01,3.229684490863570234e-01,3.290888835580527139e-01,3.358379950546698245e-01,3.432419507638854173e-01,3.513188891963364147e-01,3.600743951135301213e-01,3.694955759749915525e-01,3.795434550704144816e-01,3.901434020362941624e-01,4.011733674012743500e-01,4.124497989743453608e-01,4.237113115754855275e-01,4.346004940284468043e-01,4.446446963369051764e-01,4.532372605379879071e-01,4.596214869579712259e-01,4.628807248363189797e-01,4.619395029172440603e-01,4.555829163402138615e-01,4.425051915767236332e-01,4.214043601911141579e-01,3.911489734002773777e-01,3.510535601125664429e-01,3.013047255082291209e-01
6.969287469287469561e-01,5.291117549817210275e-01,5.723989511878058156e-01,6.081977561450734315e-01,6.366355308712454697e-01,6.580861379226060626e-01,6.730459573392971739e-01,6.820726219078971919e-01,6.857572973523842208e-01,6.847120542439970592e-01,6.795618253620850924e-01,6.709358155860244421e-01,6.594566729900079860e-01,6.457277696797286692e-01,6.303199488934905226e-01,6.137593526375398900e-01,5.965177017742069321e-01,5.790058901844454819e-01,5.615711749472952485e-01,5.444977395180310431e-01,5.280100571835650847e-01,5.122782962188585643e-01,4.974249910321849044e-01,4.835322771805519171e-01,4.706491259276865957e-01,4.587981743882746377e-01,4.479818959372637299e-01,4.381879805824008267e-01,4.293938898620288103e-01,4.215706162052607064e-01,4.146857168351121281e-01,4.087057128104520376e-01,4.035979502424352217e-01,3.993320178553471100e-01,3.958808066110359736e-01,3.932212857598059719e-01,3.913350572009144934e-01,3.902087375077741838e-01,3.898342049493192518e-01,3.902087375077796794e-01,3.913350572009129391e-01,3.932212857598002542e-01,3.958808066110393598e-01,3.993320178553501076e-01,4.035979502424383858e-01,4.087057128104528703e-01,4.146857168351126277e-01,4.215706162052585415e-01,4.293938898620283662e-01,4.381879805823992169e-01,4.479818959372687814e-01,4.587981743882712515e-01,4.706491259276866512e-01,4.835322771805513620e-01,4.974249910321908441e-01,5.122782962188562328e-01,5.280100571835661949e-01,5.444977395180357060e-01,5.615711749472976910e-01,5.790058901844494788e-01,5.965177017742048227e-01,6.137593526375476616e-01,6.303199488934969619e-01,6.457277696797212307e-01,6.594566729900138702e-01,6.709358155860275508e-01,6.795618253620840932e-01,6.847120542439951718e-01,6.857572973523828885e-01,6.820726219078974140e-01,6.730459573393012818e-01,6.580861379226037311e-01,6.366355308712420280e-01,6.081977561450715442e-01,5.723989511878084802e-01,5.291117549817228038e-01
7.032760032760032587e-01,7.090826196689777872e-01,7.397573261837424585e-01,7.660412971123516934e-01,7.881679337185946155e-01,8.063653168808964100e-01,8.208367762287731573e-01,8.317591268647042124e-01,8.392899042479831095e-01,8.435784696769260682e-01,8.447778903944205275e-01,8.430556476549962985e-01,8.386019181085704322e-01,8.316346638181496553e-01,8.224011861258961886e-01,8.111761952624588767e-01,7.982568134499037349e-01,7.839552290762832332e-01,7.685899141867446049e-01,7.524763821982637380e-01,7.359183967311502261e-01,7.192003696043136607e-01,7.025814481629713004e-01,6.862915363865419449e-01,6.705292494313347396e-01,6.554616333738764178e-01,6.412253481682386180e-01,6.279289569316840458e-01,6.156559599572428709e-01,6.044682429200713969e-01,5.944096623926152789e-01,5.855095540753446626e-01,5.777860102358094441e-01,5.712488265226468576e-01,5.659020614926201231e-01,5.617461840790453076e-01,5.587798055483734760e-01,5.570010047532883979e-01,5.564082605305613605e-01,5.570010047532794051e-01,5.587798055483749193e-01,5.617461840790488603e-01,5.659020614926076886e-01,5.712488265226579598e-01,5.777860102358088890e-01,5.855095540753437744e-01,5.944096623926060641e-01,6.044682429200697316e-01,6.156559599572388741e-01,6.279289569316878206e-01,6.412253481682393952e-01,6.554616333738837453e-01,6.705292494313289664e-01,6.862915363865356166e-01,7.025814481629752972e-01,7.192003696043164362e-01,7.359183967311461183e-01,7.524763821982604073e-01,7.685899141867394979e-01,7.839552290762902276e-01,7.982568134499038459e-01,8.111761952624555461e-01,8.224011861258959666e-01,8.316346638181512096e-01,8.386019181085758722e-01,8.430556476550002953e-01,8.447778903944207496e-01,8.435784696769280666e-01,8.392899042479839977e-01,8.317591268647037683e-01,8.208367762287732683e-01,8.063653168808977423e-01,7.881679337185961698e-01,7.660412971123536918e-01,7.397573261837424585e-01,7.090826196689712368e-01
7.096232596232596723e-01,8.016889871750392249e-01,8.230915013344223263e-01,8.421293991563337800e-01,8.589511762511784498e-01,8.736746704348234971e-01,8.863864948035264923e-01,8.971457090602165119e-01,9.059896745089898173e-01,9.129409588683682353e-01,9.180146330244020048e-01,9.212255247490113153e-01,9.225950827708163660e-01,9.221575319959754991e-01,9.199650135341910229e-01,9.160914302211986548e-01,9.106347749779176715e-01,9.037178096091663670e-01,8.954870794454697913e-01,8.861103805356543850e-01,8.757729222681128745e-01,8.646725303522553308e-01,8.530142979763249977e-01,8.410051087417822480e-01,8.288484240724417473e-01,8.167396601710517068e-01,8.048623850480285391e-01,7.933854557279413910e-01,7.824611339078418881e-01,7.722241190135971101e-01,7.627913825741503562e-01,7.542626488039947397e-01,7.467213488941510935e-01,7.402358769241605962e-01,7.348609882242655988e-01,7.306392015834295428e-01,7.276020908121419994e-01,7.257713758256429948e-01,7.251597467565595867e-01,7.257713758256346681e-01,7.276020908121361153e-01,7.306392015834271003e-01,7.348609882242694846e-01,7.402358769241550451e-01,7.467213488941540911e-01,7.542626488039881893e-01,7.627913825741515774e-01,7.722241190135945565e-01,7.824611339078454408e-01,7.933854557279400588e-01,8.048623850480215447e-01,8.167396601710562587e-01,8.288484240724505181e-01,8.410051087417844684e-01,8.530142979763234434e-01,8.646725303522500017e-01,8.757729222681120973e-01,8.861103805356541629e-01,8.954870794454686811e-01,9.037178096091663670e-01,9.106347749779191147e-01,9.160914302212004312e-01,9.199650135341874702e-01,9.221575319959748329e-01,9.225950827708195856e-01,9.212255247490113153e-01,9.180146330243997843e-01,9.129409588683660148e-01,9.059896745089902614e-01,8.971457090602174000e-01,8.863864948035279356e-01,8.736746704348259396e-01,8.589511762511797821e-01,8.421293991563328918e-01,8.230915013344242137e-01,8.016889871750381147e-01
7.159705159705159749e-01,8.430378353058853858e-01,8.590907320902920752e-01,8.738130776959330825e-01,8.872813367199476886e-01,8.995511790820022169e-01,9.106586898050273993e-01,9.206227651444693905e-01,9.294481632975895025e-01,9.371289306622960780e-01,9.436520514427554351e-01,9.490012213845777644e-01,9.531606571590499621e-01,9.561188413082279958e-01,9.578720821768249571e-01,9.584277487517786076e-01,9.578070292993861035e-01,9.560470655139832186e-01,9.532023335729333802e-01,9.493451802623158464e-01,9.445654734818106357e-01,9.389693865618140567e-01,9.326773976553676126e-01,9.258216410798753015e-01,9.185427897337369307e-01,9.109866715157883821e-01,9.033008258146714153e-01,8.956311894337211088e-01,8.881190718591923661e-01,8.808985291195422507e-01,8.740942037976356938e-01,8.678196560522872804e-01,8.621761608759044293e-01,8.572519211970370812e-01,8.531216239667646084e-01,8.498462553985126622e-01,8.474730899447850963e-01,8.460357737514442311e-01,8.455544354713462329e-01,8.460357737514421217e-01,8.474730899447887600e-01,8.498462553985134393e-01,8.531216239667634982e-01,8.572519211970290876e-01,8.621761608759020978e-01,8.678196560522898340e-01,8.740942037976332513e-01,8.808985291195432499e-01,8.881190718591911448e-01,8.956311894337160018e-01,9.033008258146693059e-01,9.109866715157863837e-01,9.185427897337375969e-01,9.258216410798745244e-01,9.326773976553665024e-01,9.389693865618140567e-01,9.445654734818100806e-01,9.493451802623145142e-01,9.532023335729309377e-01,9.560470655139822194e-01,9.578070292993844381e-01,9.584277487517790517e-01,9.578720821768245131e-01,9.561188413082294391e-01,9.531606571590508503e-01,9.490012213845769873e-01,9.436520514427529926e-01,9.371289306622956339e-01,9.294481632975897245e-01,9.206227651444706117e-01,9.106586898050292866e-01,8.995511790820022169e-01,8.872813367199455792e-01,8.738130776959351920e-01,8.590907320902891886e-01,8.430378353058863850e-01
7.223177723177722775e-01,8.582837614704982299e-01,8.715282107743939077e-01,8.839386732240843703e-01,8.955547939647526823e-01,9.064036296491134737e-01,9.165004529866931371e-01,9.258500211920426270e-01,9.344481402746711574e-01,9.422834388766626601e-01,9.493393064221984368e-01,9.555959661734421129e-01,9.610326539408758917e-01,9.656298638872171658e-01,9.693716085505774682e-01,9.722476244933336842e-01,9.742554410239105955e-01,9.754022200649067331e-01,9.757062728042444899e-01,9.751981648832636074e-01,9.739213371395351038e-01,9.719321926948816248e-01,9.692996315515943762e-01,9.661040478341723636e-01,9.624358387055332864e-01,9.583935039843258785e-01,9.540814382640249169e-01,9.496075305652381671e-01,9.450806892580867480e-01,9.406084025295416984e-01,9.362944292912461774e-01,9.322366968326951664e-01,9.285254455547411467e-01,9.252416555375211349e-01,9.224557551363593566e-01,9.202265980708633775e-01,9.186006855019781536e-01,9.176116035520911485e-01,9.172796468556129179e-01,9.176116035520887060e-01,9.186006855019769324e-01,9.202265980708629334e-01,9.224557551363611330e-01,9.252416555375199136e-01,9.285254455547391483e-01,9.322366968326950554e-01,9.362944292912469546e-01,9.406084025295392559e-01,9.450806892580903007e-01,9.496075305652360576e-01,9.540814382640263602e-01,9.583935039843255455e-01,9.624358387055358399e-01,9.661040478341713644e-01,9.692996315515943762e-01,9.719321926948821799e-01,9.739213371395341046e-01,9.751981648832642735e-01,9.757062728042433797e-01,9.754022200649080654e-01,9.742554410239113727e-01,9.722476244933332401e-01,9.693716085505784674e-01,9.656298638872155005e-01,9.610326539408757807e-01,9.555959661734421129e-01,9.493393064221978817e-01,9.422834388766617719e-01,9.344481402746718235e-01,9.258500211920426270e-01,9.165004529866920269e-01,9.064036296491139177e-01,8.955547939647540145e-01,8.839386732240864797e-01,8.715282107743942408e-01,8.582837614704987850e-01
7.286650286650286912e-01,8.594090800432803157e-01,8.713657876808433844e-01,8.827157401067132758e-01,8.934840066914537804e-01,9.036872852207215034e-01,9.133343557227744380e-01,9.224267828218543075e-01,9.309598001272983980e-01,9.389233424949767759e-01,9.463032085093634471e-01,9.530823415269333854e-01,9.592422164748005686e-01,9.647643136187739055e-01,9.696316514721461388e-01,9.738303404695530796e-01,9.773511084956638673e-01,9.801907403531144869e-01,9.823533672399474836e-01,9.838515405599307373e-01,9.847070278282161748e-01,9.849512774486323119e-01,9.846255134582196922e-01,9.837804399914545916e-01,9.824755566140267460e-01,9.807781077766025701e-01,9.787617102411699799e-01,9.765047193930620484e-01,9.740884072855228171e-01,9.715950311684963259e-01,9.691058710097006923e-01,9.666993087357105274e-01,9.644490116358852561e-01,9.624222719770935131e-01,9.606785374271314959e-01,9.592681527972055644e-01,9.582313333647454190e-01,9.575973686180907496e-01,9.573840569852736238e-01,9.575973686180911937e-01,9.582313333647470843e-01,9.592681527971997912e-01,9.606785374271279432e-01,9.624222719770949563e-01,9.644490116358849230e-01,9.666993087357093062e-01,9.691058710097001372e-01,9.715950311684952156e-01,9.740884072855213738e-01,9.765047193930653791e-01,9.787617102411699799e-01,9.807781077766032363e-01,9.824755566140267460e-01,9.837804399914522602e-01,9.846255134582205804e-01,9.849512774486314237e-01,9.847070278282160638e-01,9.838515405599308483e-01,9.823533672399492600e-01,9.801907403531153751e-01,9.773511084956640893e-01,9.738303404695517473e-01,9.696316514721459168e-01,9.647643136187732393e-01,9.592422164748013458e-01,9.530823415269334964e-01,9.463032085093630030e-01,9.389233424949765539e-01,9.309598001273001744e-01,9.224267828218547516e-01,9.133343557227729947e-01,9.036872852207213924e-01,8.934840066914537804e-01,8.827157401067113884e-01,8.713657876808436065e-01,8.594090800432803157e-01
7.350122850122851048e-01,8.515353800079815683e-01,8.631431960400740566e-01,8.742318819304993882e-01,8.848235395003745118e-01,8.949337516327167119e-01,9.045718619479974354e-01,9.137414223511395317e-01,9.224407736780845246e-01,9.306637412532133835e-01,9.384004359890145697e-01,9.456381549282057986e-01,9.523623743165678945e-01,9.585578244569972206e-01,9.642096295948956453e-01,9.693044887393204023e-01,9.738318654874027480e-01,9.777851475098972012e-01,9.811627303331715844e-01,9.839689763501456854e-01,9.862149994149418397e-01,9.879192284836540994e-01,9.891077107635098953e-01,9.898141255022326890e-01,9.900794932158590855e-01,9.899515807450631755e-01,9.894840186947674310e-01,9.887351630913473466e-01,9.877667461218783140e-01,9.866423705175724201e-01,9.854259078510523295e-01,9.841798625711021264e-01,9.829637613187288681e-01,9.818326216640347326e-01,9.808355467600904376e-01,9.800144838769865308e-01,9.794031792853039597e-01,9.790263423226664985e-01,9.788990420626295652e-01,9.790263423226666095e-01,9.794031792853039597e-01,9.800144838769858646e-01,9.808355467600915478e-01,9.818326216640342885e-01,9.829637613187268697e-01,9.841798625711039028e-01,9.854259078510517744e-01,9.866423705175737524e-01,9.877667461218785361e-01,9.887351630913463474e-01,9.894840186947693184e-01,9.899515807450630644e-01,9.900794932158584194e-01,9.898141255022345764e-01,9.891077107635095622e-01,9.879192284836531002e-01,9.862149994149429499e-01,9.839689763501455744e-01,9.811627303331715844e-01,9.777851475098977563e-01,9.738318654874023039e-01,9.693044887393204023e-01,9.642096295948953122e-01,9.585578244569968875e-01,9.523623743165683386e-01,9.456381549282070198e-01,9.384004359890166791e-01,9.306637412532129394e-01,9.224407736780841915e-01,9.137414223511405309e-01,9.045718619479972133e-01,8.949337516327181552e-01,8.848235395003742898e-01,8.742318819304994992e-01,8.631431960400763881e-01,8.515353800079806801e-01
7.413595413595414074e-01,8.370000954345310218e-01,8.488926715054654348e-01,8.602774456608639486e-01,8.711789810731642714e-01,8.816161353588934935e-01,8.916022067020372699e-01,9.011452316305487154e-01,9.102484037512840187e-01,9.189105959895000897e-01,9.271269766129393020e-01,9.348897129303421760e-01,9.421887569939354501e-01,9.490127056087710455e-01,9.553497230425218589e-01,9.611885095941381518e-01,9.665192932077310006e-01,9.713348152581495754e-01,9.756312761914489595e-01,9.794092026013240249e-01,9.826741952449314921e-01,9.854375180095498177e-01,9.877164912901238436e-01,9.895346597018205292e-01,9.909217132813855633e-01,9.919131527503102230e-01,9.925497021671785269e-01,9.928764853488367681e-01,9.929419946991289159e-01,9.927968915477394241e-01,9.924926849855534305e-01,9.920803410142288170e-01,9.916088754870696631e-01,9.911239830235899495e-01,9.906667503198189895e-01,9.902724967038166737e-01,9.899697780806434588e-01,9.897795829857826133e-01,9.897147449164219735e-01,9.897795829857831684e-01,9.899697780806427927e-01,9.902724967038176729e-01,9.906667503198203217e-01,9.911239830235897275e-01,9.916088754870696631e-01,9.920803410142292611e-01,9.924926849855523203e-01,9.927968915477385359e-01,9.929419946991293600e-01,9.928764853488373232e-01,9.925497021671789710e-01,9.919131527503104451e-01,9.909217132813858964e-01,9.895346597018209733e-01,9.877164912901224003e-01,9.854375180095493736e-01,9.826741952449319362e-01,9.794092026013241359e-01,9.756312761914497367e-01,9.713348152581496864e-01,9.665192932077300014e-01,9.611885095941392620e-01,9.553497230425210818e-01,9.490127056087701574e-01,9.421887569939360052e-01,9.348897129303421760e-01,9.271269766129397460e-01,9.189105959895006448e-01,9.102484037512852399e-01,9.011452316305484933e-01,8.916022067020384911e-01,8.816161353588951588e-01,8.711789810731629391e-01,8.602774456608649478e-01,8.488926715054654348e-01,8.370000954345307997e-01
7.477067977067977100e-01,8.168661663992439204e-01,8.295066885875316265e-01,8.416089095928793729e-01,8.532013332734376121e-01,8.643074722241022023e-01,8.749457493212073889e-01,8.851295998428672096e-01,8.948677266181802592e-01,9.041644780334400222e-01,9.130203299842764020e-01,9.214324595155879427e-01,9.293954010079975570e-01,9.369017761384044185e-01,9.439430870848363186e-01,9.505105591080090788e-01,9.565960142578032732e-01,9.621927530819244234e-01,9.672964164560021727e-01,9.719057956343095661e-01,9.760235559537486782e-01,9.796568388594626420e-01,9.828177084752661719e-01,9.855234130349931343e-01,9.877964380923561771e-01,9.896643372359045232e-01,9.911593364923643179e-01,9.923177199399449977e-01,9.931790153876182137e-01,9.937850094099603959e-01,9.941786297625950786e-01,9.944027396395562768e-01,9.944988920273176713e-01,9.945060934965546107e-01,9.944596253411858156e-01,9.943899664108456493e-01,9.943218567884462011e-01,9.942735348867812739e-01,9.942561730532657460e-01,9.942735348867814960e-01,9.943218567884455350e-01,9.943899664108460934e-01,9.944596253411860376e-01,9.945060934965536115e-01,9.944988920273180044e-01,9.944027396395567209e-01,9.941786297625958557e-01,9.937850094099606180e-01,9.931790153876178806e-01,9.923177199399444426e-01,9.911593364923659832e-01,9.896643372359037460e-01,9.877964380923561771e-01,9.855234130349933563e-01,9.828177084752658388e-01,9.796568388594615318e-01,9.760235559537504546e-01,9.719057956343094551e-01,9.672964164560029499e-01,9.621927530819254226e-01,9.565960142578040504e-01,9.505105591080091898e-01,9.439430870848349864e-01,9.369017761384056397e-01,9.293954010079966688e-01,9.214324595155881648e-01,9.130203299842764020e-01,9.041644780334401332e-01,8.948677266181809253e-01,8.851295998428674316e-01,8.749457493212079440e-01,8.643074722241027574e-01,8.532013332734383892e-01,8.416089095928793729e-01,8.295066885875315155e-01,8.168661663992441424e-01
7.540540540540541237e-01,7.916715977624522171e-01,8.054122599596560406e-01,8.185661411775486673e-01,8.311636602635305016e-01,8.432317156575227513e-01,8.547930614766493518e-01,8.658660236759240236e-01,8.764644674870546437e-01,8.865979557292492652e-01,8.962720572825706444e-01,9.054887781248333045e-01,9.142470954288924867e-01,9.225435794675296286e-01,9.303730893725283835e-01,9.377295278663546618e-01,9.446066375647802493e-01,9.509988179406841935e-01,9.569019381494268117e-01,9.623141172596701987e-01,9.672364406193348918e-01,9.716735796792441704e-01,9.756342830666910881e-01,9.791317093650254710e-01,9.821835770261353460e-01,9.848121139958561088e-01,9.870437985981859175e-01,9.889088934167319378e-01,9.904407845868299365e-01,9.916751492538763424e-01,9.926489831728912971e-01,9.933995278507539162e-01,9.939631417888203924e-01,9.943741630283378097e-01,9.946638103339872083e-01,9.948591675375116905e-01,9.949822930280699529e-01,9.950494907810438772e-01,9.950707658431288127e-01,9.950494907810438772e-01,9.949822930280688427e-01,9.948591675375110244e-01,9.946638103339884296e-01,9.943741630283372546e-01,9.939631417888193932e-01,9.933995278507539162e-01,9.926489831728926294e-01,9.916751492538774526e-01,9.904407845868308247e-01,9.889088934167316047e-01,9.870437985981834750e-01,9.848121139958555537e-01,9.821835770261346799e-01,9.791317093650248049e-01,9.756342830666926424e-01,9.716735796792453916e-01,9.672364406193332265e-01,9.623141172596687554e-01,9.569019381494274779e-01,9.509988179406847486e-01,9.446066375647806934e-01,9.377295278663555500e-01,9.303730893725271622e-01,9.225435794675302947e-01,9.142470954288908214e-01,9.054887781248350809e-01,8.962720572825703114e-01,8.865979557292492652e-01,8.764644674870547547e-01,8.658660236759255779e-01,8.547930614766484636e-01,8.432317156575233064e-01,8.311636602635291693e-01,8.185661411775488894e-01,8.054122599596547083e-01,7.916715977624518841e-01
7.604013104013104263e-01,7.615917651427015489e-01,7.766817732712456568e-01,7.911420205583237220e-01,8.049985349996988671e-01,8.182770486090203965e-01,8.310013627179458906e-01,8.431923185415656219e-01,8.548672140504510741e-01,8.660395536802931726e-01,8.767190507172910596e-01,8.869118259123055514e-01,8.966207621380817283e-01,9.058459854054949911e-01,9.145854486224159752e-01,9.228355971661520440e-01,9.305920955204984857e-01,9.378505926684423954e-01,9.446075013454824365e-01,9.508607633354859701e-01,9.566105703984756348e-01,9.618600087836616241e-01,9.666155951470188912e-01,9.708876734764481098e-01,9.746906465641130834e-01,9.780430216685387368e-01,9.809672580521763274e-01,9.834894136068312864e-01,9.856385981450734857e-01,9.874462513784661999e-01,9.889452733325725386e-01,9.901690432405623188e-01,9.911503692268286425e-01,9.919204141097961447e-01,9.925076473894698381e-01,9.929368670317210155e-01,9.932283335102305433e-01,9.933970559594080818e-01,9.934522594188250899e-01,9.933970559594075267e-01,9.932283335102298771e-01,9.929368670317192391e-01,9.925076473894707263e-01,9.919204141097962557e-01,9.911503692268290866e-01,9.901690432405618747e-01,9.889452733325732048e-01,9.874462513784656448e-01,9.856385981450732636e-01,9.834894136068310644e-01,9.809672580521768825e-01,9.780430216685391809e-01,9.746906465641123063e-01,9.708876734764466665e-01,9.666155951470187802e-01,9.618600087836618462e-01,9.566105703984758568e-01,9.508607633354861921e-01,9.446075013454823255e-01,9.378505926684412852e-01,9.305920955204979306e-01,9.228355971661530432e-01,9.145854486224150870e-01,9.058459854054953242e-01,8.966207621380832826e-01,8.869118259123055514e-01,8.767190507172902825e-01,8.660395536802931726e-01,8.548672140504521844e-01,8.431923185415673982e-01,8.310013627179461126e-01,8.182770486090209516e-01,8.049985349996979789e-01,7.911420205583239440e-01,7.766817732712475442e-01,7.615917651427022150e-01
7.667485667485667289e-01,7.267933357717448750e-01,7.433485810142438366e-01,7.592664270603238785e-01,7.745564779111562270e-01,7.892342019143633314e-01,8.033175962433289907e-01,8.168248669520841165e-01,8.297728725100046443e-01,8.421761416088187069e-01,8.540463255051214952e-01,8.653919827268076181e-01,8.762186215719209859e-01,8.865289453527477326e-01,8.963232584441873652e-01,9.055999992813071886e-01,9.143563706912157807e-01,9.225890393508557885e-01,9.302948756405041708e-01,9.374717035522558417e-01,9.441190284069226335e-01,9.502387086723474985e-01,9.558355378236739197e-01,9.609177034817474317e-01,9.654970943776971515e-01,9.695894311705750557e-01,9.732142046936971269e-01,9.763944144770791977e-01,9.791561108193616025e-01,9.815277545351570598e-01,9.835394189359877304e-01,9.852218671504171521e-01,9.866055489740873652e-01,9.877195592213260378e-01,9.885906088625004973e-01,9.892420571976322519e-01,9.896930499712098817e-01,9.899578038149710046e-01,9.900450702293334126e-01,9.899578038149704495e-01,9.896930499712094376e-01,9.892420571976320298e-01,9.885906088625008303e-01,9.877195592213272590e-01,9.866055489740878093e-01,9.852218671504172631e-01,9.835394189359889516e-01,9.815277545351572819e-01,9.791561108193612695e-01,9.763944144770781985e-01,9.732142046936965718e-01,9.695894311705751667e-01,9.654970943776973735e-01,9.609177034817467655e-01,9.558355378236740307e-01,9.502387086723468324e-01,9.441190284069236327e-01,9.374717035522542874e-01,9.302948756405033937e-01,9.225890393508565657e-01,9.143563706912145594e-01,9.055999992813067445e-01,8.963232584441869211e-01,8.865289453527473995e-01,8.762186215719214299e-01,8.653919827268071741e-01,8.540463255051223834e-01,8.421761416088187069e-01,8.297728725100050884e-01,8.168248669520847827e-01,8.033175962433289907e-01,7.892342019143629983e-01,7.745564779111566711e-01,7.592664270603232124e-01,7.433485810142435035e-01,7.267933357717443199e-01
7.730958230958231425e-01,6.877011861154230798e-01,7.056472368014519159e-01,7.230228831836615910e-01,7.398023320130364677e-01,7.559758539567640323e-01,7.715439842727594977e-01,7.865132445238190995e-01,8.008930527432366331e-01,8.146935529561472045e-01,8.279241531398932041e-01,8.405926097972240552e-01,8.527045365356888951e-01,8.642632440324340415e-01,8.752698407171483064e-01,8.857235387676734018e-01,8.956221198799447780e-01,9.049625209436263917e-01,9.137415023281744153e-01,9.219563619856506742e-01,9.296056579723006585e-01,9.366899011865384983e-01,9.432121799424716402e-01,9.491786791508048937e-01,9.545990598970862662e-01,9.594866704004010316e-01,9.638585667491417208e-01,9.677353312110668071e-01,9.711406867291841882e-01,9.741009174873546117e-01,9.766441194622313970e-01,9.787993099154831400e-01,9.805954397216206653e-01,9.820603553961444465e-01,9.832197619129923183e-01,9.840962380630430273e-01,9.847083536316645347e-01,9.850699325547127572e-01,9.851894988058573777e-01,9.850699325547125351e-01,9.847083536316649788e-01,9.840962380630440265e-01,9.832197619129933175e-01,9.820603553961457788e-01,9.805954397216202212e-01,9.787993099154834731e-01,9.766441194622308419e-01,9.741009174873549448e-01,9.711406867291837441e-01,9.677353312110673622e-01,9.638585667491413878e-01,9.594866704004012536e-01,9.545990598970867103e-01,9.491786791508047827e-01,9.432121799424724173e-01,9.366899011865377211e-01,9.296056579723002145e-01,9.219563619856513403e-01,9.137415023281729720e-01,9.049625209436258366e-01,8.956221198799445560e-01,8.857235387676731797e-01,8.752698407171468631e-01,8.642632440324344856e-01,8.527045365356888951e-01,8.405926097972238331e-01,8.279241531398922049e-01,8.146935529561472045e-01,8.008930527432369662e-01,7.865132445238182113e-01,7.715439842727602748e-01,7.559758539567639213e-01,7.398023320130371339e-01,7.230228831836619241e-01,7.056472368014519159e-01,6.877011861154229688e-01
7.794430794430794451e-01,6.451574925779401948e-01,6.641527545855502312e-01,6.827671933961435569e-01,7.009140954425128189e-01,7.185373635470314602e-01,7.356028055530423604e-01,7.520913449562326436e-01,7.679938392573019135e-01,7.833072073292506321e-01,7.980316049619842200e-01,8.121684320554068970e-01,8.257189973410626882e-01,8.386837031819549537e-01,8.510616426242105792e-01,8.628505234820499359e-01,8.740468505104956876e-01,8.846463076268408221e-01,8.946442887605866590e-01,9.040365293515194578e-01,9.128197918830726065e-01,9.209925592108934023e-01,9.285556898431456263e-01,9.355129906598028677e-01,9.418716655661744097e-01,9.476426037723246765e-01,9.528404789282346465e-01,9.574836401282762477e-01,9.615937887680550133e-01,9.651954452080885316e-01,9.683152257722711376e-01,9.709809609510523520e-01,9.732206968860868113e-01,9.750616303396592022e-01,9.765290323217661328e-01,9.776452170900241656e-01,9.784286113133174867e-01,9.788929730255842010e-01,9.790468020128334503e-01,9.788929730255843120e-01,9.784286113133177087e-01,9.776452170900236105e-01,9.765290323217663548e-01,9.750616303396590911e-01,9.732206968860867002e-01,9.709809609510531292e-01,9.683152257722711376e-01,9.651954452080883096e-01,9.615937887680557905e-01,9.574836401282765808e-01,9.528404789282346465e-01,9.476426037723258977e-01,9.418716655661744097e-01,9.355129906598037559e-01,9.285556898431464035e-01,9.209925592108919590e-01,9.128197918830733837e-01,9.040365293515206790e-01,8.946442887605864369e-01,8.846463076268409331e-01,8.740468505104954655e-01,8.628505234820503800e-01,8.510616426242109123e-01,8.386837031819553978e-01,8.257189973410626882e-01,8.121684320554075631e-01,7.980316049619835539e-01,7.833072073292516313e-01,7.679938392573018024e-01,7.520913449562324216e-01,7.356028055530423604e-01,7.185373635470330145e-01,7.009140954425127079e-01,6.827671933961433348e-01,6.641527545855495651e-01,6.451574925779404168e-01
7.857903357903358588e-01,6.006277733441861555e-01,6.199833456168714063e-01,6.393182793182796697e-01,6.584571199877984338e-01,6.772722296657271990e-01,6.956727361526001685e-01,7.135952974401338356e-01,7.309966135693576339e-01,7.478475046417258909e-01,7.641283334815885953e-01,7.798255522885811919e-01,7.949291736111180340e-01,8.094309944334223683e-01,8.233234309429895426e-01,8.365988469788817605e-01,8.492492797171252716e-01,8.612664815275232755e-01,8.726422075393344135e-01,8.833686850825822612e-01,8.934392048501871297e-01,9.028487754915835994e-01,9.115947845712671915e-01,9.196776105279456104e-01,9.271011334065780707e-01,9.338730974747861957e-01,9.400052873201640846e-01,9.455134887243842323e-01,9.504172198949127903e-01,9.547392327683172919e-01,9.585047997266542552e-01,9.617408160222499225e-01,9.644747614664440638e-01,9.667335754480935739e-01,9.685425062920970385e-01,9.699239988602403884e-01,9.708966830003434856e-01,9.714745201558744325e-01,9.716661566150692764e-01,9.714745201558755427e-01,9.708966830003424864e-01,9.699239988602411655e-01,9.685425062920968164e-01,9.667335754480934629e-01,9.644747614664437307e-01,9.617408160222493674e-01,9.585047997266554765e-01,9.547392327683185131e-01,9.504172198949127903e-01,9.455134887243851205e-01,9.400052873201643067e-01,9.338730974747868618e-01,9.271011334065770715e-01,9.196776105279440561e-01,9.115947845712669695e-01,9.028487754915850427e-01,8.934392048501873518e-01,8.833686850825819281e-01,8.726422075393334143e-01,8.612664815275229424e-01,8.492492797171250496e-01,8.365988469788817605e-01,8.233234309429902087e-01,8.094309944334217022e-01,7.949291736111193662e-01,7.798255522885803037e-01,7.641283334815890393e-01,7.478475046417257799e-01,7.309966135693567457e-01,7.135952974401342797e-01,6.956727361526000575e-01,6.772722296657259777e-01,6.584571199877984338e-01,6.393182793182816681e-01,6.199833456168714063e-01,6.006277733441873767e-01
7.921375921375921614e-01,5.562801544291821054e-01,5.749258426996626259e-01,5.941094929788620638e-01,6.135467371721453622e-01,6.330160114112713954e-01,6.523475104466489594e-01,6.714128536839427674e-01,6.901159540192399744e-01,7.083852691489072040e-01,7.261674291776563095e-01,7.434221357676016328e-01,7.601181854633988211e-01,7.762304602460153857e-01,7.917377362052860912e-01,8.066211765191467764e-01,8.208633917343848285e-01,8.344479654151311099e-01,8.473593550866506119e-01,8.595830867189585556e-01,8.711061661650398857e-01,8.819176338522417558e-01,8.920091907561160660e-01,9.013758254833370565e-01,9.100163754879679878e-01,9.179339608607715029e-01,9.251362376361960127e-01,9.316354294690810667e-01,9.374481114992698760e-01,9.425947376312155956e-01,9.470989211579488032e-01,9.509864972470909450e-01,9.542844127736246351e-01,9.570195029187582580e-01,9.592172237159860559e-01,9.609004145666759644e-01,9.620881643693157681e-01,9.627948494471810781e-01,9.630294014307518857e-01,9.627948494471806340e-01,9.620881643693155461e-01,9.609004145666761865e-01,9.592172237159868331e-01,9.570195029187590352e-01,9.542844127736234139e-01,9.509864972470901678e-01,9.470989211579475819e-01,9.425947376312153736e-01,9.374481114992705422e-01,9.316354294690812887e-01,9.251362376361956796e-01,9.179339608607710588e-01,9.100163754879682099e-01,9.013758254833368344e-01,8.920091907561157329e-01,8.819176338522419778e-01,8.711061661650388865e-01,8.595830867189585556e-01,8.473593550866506119e-01,8.344479654151318870e-01,8.208633917343832742e-01,8.066211765191459993e-01,7.917377362052853140e-01,7.762304602460161629e-01,7.601181854633994872e-01,7.434221357676011888e-01,7.261674291776565315e-01,7.083852691489077591e-01,6.901159540192398634e-01,6.714128536839418793e-01,6.523475104466488483e-01,6.330160114112701741e-01,6.135467371721440299e-01,5.941094929788629520e-01,5.749258426996619598e-01,5.562801544291797740e-01
7.984848484848485750e-01,5.148547280487761890e-01,5.313963721777950067e-01,5.492146159834818686e-01,5.679178038960107644e-01,5.871822304973044471e-01,6.067452490304487966e-01,6.263968250286625628e-01,6.459707659994315954e-01,6.653363913759070547e-01,6.843910621499789126e-01,7.030537551497479942e-01,7.212597196371102193e-01,7.389561693637377582e-01,7.560989204856322088e-01,7.726498687123345421e-01,7.885751963170207768e-01,8.038442035397715957e-01,8.184286647647204260e-01,8.323026150451946492e-01,8.454424759798914168e-01,8.578274317414100736e-01,8.694399663824219360e-01,8.802664744378390083e-01,8.902978589859825709e-01,8.995300358124443951e-01,9.079642710752495738e-01,9.156072926975590276e-01,9.224711329051655806e-01,9.285726801479519121e-01,9.339329418012176642e-01,9.385760427803873096e-01,9.425280075370107147e-01,9.458153918903020596e-01,9.484638451352436217e-01,9.504966906941453297e-01,9.519336146794218356e-01,9.527895461551244560e-01,9.530738012066036768e-01,9.527895461551230127e-01,9.519336146794216136e-01,9.504966906941448856e-01,9.484638451352433997e-01,9.458153918903025037e-01,9.425280075370110477e-01,9.385760427803869765e-01,9.339329418012182193e-01,9.285726801479518011e-01,9.224711329051664688e-01,9.156072926975575843e-01,9.079642710752490187e-01,8.995300358124442841e-01,8.902978589859840142e-01,8.802664744378383421e-01,8.694399663824214919e-01,8.578274317414101846e-01,8.454424759798943034e-01,8.323026150451944272e-01,8.184286647647208701e-01,8.038442035397718177e-01,7.885751963170214429e-01,7.726498687123342091e-01,7.560989204856310986e-01,7.389561693637377582e-01,7.212597196371109964e-01,7.030537551497471060e-01,6.843910621499805780e-01,6.653363913759073878e-01,6.459707659994322615e-01,6.263968250286630068e-01,6.067452490304470203e-01,5.871822304973038920e-01,5.679178038960104313e-01,5.492146159834820907e-01,5.313963721777944516e-01,5.148547280487758560e-01
8.048321048321048776e-01,4.792546923790638180e-01,4.921614532712011991e-01,5.071801728768217110e-01,5.238466285961610458e-01,5.417528157216904283e-01,5.605486284052144663e-01,5.799392176528128662e-01,5.996797443555765827e-01,6.195688458180589331e-01,6.394417469877340388e-01,6.591636227606774145e-01,6.786235701509271134e-01,6.977293739634673475e-01,7.164031335801216427e-01,7.345777463278710950e-01,7.521942008572852778e-01,7.691996109425290884e-01,7.855459078624992264e-01,8.011891031688884723e-01,8.160890282285182540e-01,8.302094520808037670e-01,8.435184766502998865e-01,8.559891025354786631e-01,8.675998580767287915e-01,8.783353861325073897e-01,8.881868899364394609e-01,8.971523523603734951e-01,9.052364621416906232e-01,9.124502055418173274e-01,9.188101109835937752e-01,9.243371652145480066e-01,9.290554497487264474e-01,9.329905729567827821e-01,9.361679937134783636e-01,9.386113451135615904e-01,9.403408703993049178e-01,9.413720777587546440e-01,9.417147067161496521e-01,9.413720777587553101e-01,9.403408703993050288e-01,9.386113451135614794e-01,9.361679937134783636e-01,9.329905729567830042e-01,9.290554497487262253e-01,9.243371652145473405e-01,9.188101109835935532e-01,9.124502055418172164e-01,9.052364621416915114e-01,8.971523523603732730e-01,8.881868899364384617e-01,8.783353861325088330e-01,8.675998580767291246e-01,8.559891025354784411e-01,8.435184766502988873e-01,8.302094520808037670e-01,8.160890282285190311e-01,8.011891031688890275e-01,7.855459078624992264e-01,7.691996109425279782e-01,7.521942008572863880e-01,7.345777463278708730e-01,7.164031335801225309e-01,6.977293739634673475e-01,6.786235701509262253e-01,6.591636227606794129e-01,6.394417469877342608e-01,6.195688458180584890e-01,5.996797443555779150e-01,5.799392176528135323e-01,5.605486284052149104e-01,5.417528157216910945e-01,5.238466285961619340e-01,5.071801728768202677e-01,4.921614532712015322e-01,4.792546923790633184e-01
8.111793611793611802e-01,4.520602864371440766e-01,4.599375485610402992e-01,4.707198095400633164e-01,4.839367674914235029e-01,4.991445074058988851e-01,5.159376701172184720e-01,5.339554753555446620e-01,5.528830657956684824e-01,5.724496006418363647e-01,5.924243267133557644e-01,6.126115933491773635e-01,6.328455186867356641e-01,6.529847918716331634e-01,6.729079198930965067e-01,6.925090977179035878e-01,7.116947885868019075e-01,7.303810395743707273e-01,7.484915149460608097e-01,7.659561973513407951e-01,7.827106913908850050e-01,7.986960396041014043e-01,8.138589480785577424e-01,8.281523046850867154e-01,8.415358625304482088e-01,8.539769558377905412e-01,8.654511170938434805e-01,8.759424746156144748e-01,8.854438295433006978e-01,8.939563403236410188e-01,9.014887793207635447e-01,9.080563673389110413e-01,9.136792337274577402e-01,9.183805881749572686e-01,9.221847213605206539e-01,9.251149722084260896e-01,9.271918076742933223e-01,9.284311562171903009e-01,9.288431191030244172e-01,9.284311562171905230e-01,9.271918076742934334e-01,9.251149722084256455e-01,9.221847213605202098e-01,9.183805881749568245e-01,9.136792337274572962e-01,9.080563673389103752e-01,9.014887793207635447e-01,8.939563403236396866e-01,8.854438295433004757e-01,8.759424746156144748e-01,8.654511170938433695e-01,8.539769558377908742e-01,8.415358625304476536e-01,8.281523046850858272e-01,8.138589480785584085e-01,7.986960396041009602e-01,7.827106913908857821e-01,7.659561973513417943e-01,7.484915149460601436e-01,7.303810395743710604e-01,7.116947885868013524e-01,6.925090977179048091e-01,6.729079198930953964e-01,6.529847918716334965e-01,6.328455186867345539e-01,6.126115933491778076e-01,5.924243267133563196e-01,5.724496006418351435e-01,5.528830657956692596e-01,5.339554753555455502e-01,5.159376701172185831e-01,4.991445074058990516e-01,4.839367674914223372e-01,4.707198095400617621e-01,4.599375485610404657e-01,4.520602864371446317e-01
8.175266175266175939e-01,4.349615303109131137e-01,4.368501327117971789e-01,4.422401644763088169e-01,4.507344854525100475e-01,4.619221921235285300e-01,4.753986998949690790e-01,4.907800486696881070e-01,5.077118783084101361e-01,5.258739421994637064e-01,5.449811848701802131e-01,5.647823868393460067e-01,5.850572552792419057e-01,6.056126727253042796e-01,6.262786469064470785e-01,6.469043550472324267e-01,6.673545539570604479e-01,6.875065214922024825e-01,7.072476359088158970e-01,7.264736286456647818e-01,7.450875060805435268e-01,7.629990955812521181e-01,7.801251363726922072e-01,7.963898044366470863e-01,8.117255336880255800e-01,8.260739752603759589e-01,8.393869258772286290e-01,8.516270579674793950e-01,8.627683005316727494e-01,8.727957513038475668e-01,8.817050459088073833e-01,8.895011647477500949e-01,8.961967177378575844e-01,9.018098042775505307e-01,9.063615944283542891e-01,9.098738118414827492e-01,9.123663157448393957e-01,9.138549768449490962e-01,9.143500209390040823e-01,9.138549768449485411e-01,9.123663157448389516e-01,9.098738118414823051e-01,9.063615944283544001e-01,9.018098042775503087e-01,8.961967177378581395e-01,8.895011647477506500e-01,8.817050459088077163e-01,8.727957513038480108e-01,8.627683005316735265e-01,8.516270579674787289e-01,8.393869258772286290e-01,8.260739752603754038e-01,8.117255336880263572e-01,7.963898044366468643e-01,7.801251363726928734e-01,7.629990955812511189e-01,7.450875060805434158e-01,7.264736286456657810e-01,7.072476359088156750e-01,6.875065214922030377e-01,6.673545539570602259e-01,6.469043550472327597e-01,6.262786469064450801e-01,6.056126727253063891e-01,5.850572552792417946e-01,5.647823868393462288e-01,5.449811848701814343e-01,5.258739421994650387e-01,5.077118783084095810e-01,4.907800486696863307e-01,4.753986998949683573e-01,4.619221921235291961e-01,4.507344854525123234e-01,4.422401644763090389e-01,4.368501327117959576e-01,4.349615303109130582e-01
8.238738738738740075e-01,4.283778023450440786e-01,4.239506893559876755e-01,4.233150924098310064e-01,4.262100842416922108e-01,4.323240852720510174e-01,4.413168149215145331e-01,4.528379063657828607e-01,4.665414296606553712e-01,4.820962245835517246e-01,4.991923994742705206e-01,5.175446113030736095e-01,5.368928429713903938e-01,5.570013856445604761e-01,5.776566672548231196e-01,5.986644499784639084e-01,6.198468404028381062e-01,6.410394337831550882e-01,6.620888364519861291e-01,6.828507330373527751e-01,7.031885986616804862e-01,7.229730956527010699e-01,7.420821366985441703e-01,7.604015407315507513e-01,7.778261551666706408e-01,7.942612716618229207e-01,8.096241272225248586e-01,8.238452638896262004e-01,8.368695234755560985e-01,8.486564818476870498e-01,8.591801798338808416e-01,8.684280808124830164e-01,8.763992706780150410e-01,8.831020038332429989e-01,8.885507780071935091e-01,8.927631809697542664e-01,8.957567862267404868e-01,8.975463788053372749e-01,8.981417663885939984e-01,8.975463788053377190e-01,8.957567862267420411e-01,8.927631809697548215e-01,8.885507780071928430e-01,8.831020038332444422e-01,8.763992706780153741e-01,8.684280808124834605e-01,8.591801798338813967e-01,8.486564818476863836e-01,8.368695234755569867e-01,8.238452638896256452e-01,8.096241272225255248e-01,7.942612716618222546e-01,7.778261551666696416e-01,7.604015407315509734e-01,7.420821366985418388e-01,7.229730956527030683e-01,7.031885986616825956e-01,6.828507330373526640e-01,6.620888364519870173e-01,6.410394337831544220e-01,6.198468404028367740e-01,5.986644499784654627e-01,5.776566672548238968e-01,5.570013856445585887e-01,5.368928429713898387e-01,5.175446113030748307e-01,4.991923994742713533e-01,4.820962245835513360e-01,4.665414296606543165e-01,4.528379063657825832e-01,4.413168149215145331e-01,4.323240852720499072e-01,4.262100842416907120e-01,4.233150924098297296e-01,4.239506893559876199e-01,4.283778023450446337e-01
8.302211302211301991e-01,4.314886868233969164e-01,4.210617096698057726e-01,4.143852493084378974e-01,4.113601674671016895e-01,4.118144008811512324e-01,4.155207806111143598e-01,4.222145943228090004e-01,4.316094393563299492e-01,4.434104593131873995e-01,4.573245606571691435e-01,4.730676066055388151e-01,4.903688724568453505e-01,5.089731842982327947e-01,5.286412699283435934e-01,5.491488264415876897e-01,5.702847873560201730e-01,5.918492155218368911e-01,6.136511847803581832e-01,6.355069479534426469e-01,6.572386223399461214e-01,6.786735551054877691e-01,6.996444575302442903e-01,7.199903176966195861e-01,7.395580169123100456e-01,7.582044903661072643e-01,7.757991950824534300e-01,7.922265886901203036e-01,8.073882921107214949e-01,8.212046173628657630e-01,8.336151929246583547e-01,8.445785113225151575e-01,8.540703471081008136e-01,8.620811320536413414e-01,8.686125085778317878e-01,8.736733926282543861e-01,8.772759478145787382e-01,8.794318941816881008e-01,8.801495456120209671e-01,8.794318941816882118e-01,8.772759478145789602e-01,8.736733926282536089e-01,8.686125085778314547e-01,8.620811320536406752e-01,8.540703471081008136e-01,8.445785113225163787e-01,8.336151929246581327e-01,8.212046173628654300e-01,8.073882921107220501e-01,7.922265886901201926e-01,7.757991950824533189e-01,7.582044903661059321e-01,7.395580169123083802e-01,7.199903176966178098e-01,6.996444575302437352e-01,6.786735551054867699e-01,6.572386223399461214e-01,6.355069479534419807e-01,6.136511847803585162e-01,5.918492155218380013e-01,5.702847873560211722e-01,5.491488264415851361e-01,5.286412699283442596e-01,5.089731842982316845e-01,4.903688724568447399e-01,4.730676066055400364e-01,4.573245606571684219e-01,4.434104593131879546e-01,4.316094393563307818e-01,4.222145943228090004e-01,4.155207806111156366e-01,4.118144008811497891e-01,4.113601674671010788e-01,4.143852493084376198e-01,4.210617096698053285e-01,4.314886868233969164e-01
8.365683865683866127e-01,4.425582285330775800e-01,4.269439007192485369e-01,4.147651984975687101e-01,4.060706826847363948e-01,4.008315966383421136e-01,3.989525686144305139e-01,4.002843032272887513e-01,4.046368098722609163e-01,4.117919665295330378e-01,4.215145635271936864e-01,4.335612951922235281e-01,4.476875172631161748e-01,4.636518049383601126e-01,4.812185325759117394e-01,5.001588050032453880e-01,5.202501279611179141e-01,5.412752266844864657e-01,5.630204186427271162e-01,5.852739270625665347e-01,6.078244892749022910e-01,6.304605672761477431e-01,6.529704036869885542e-01,6.751430806077051150e-01,6.967706299592852925e-01,7.176511147769464305e-01,7.375924612969498861e-01,7.564166884036195304e-01,7.739640763408621726e-01,7.900967640626074262e-01,8.047012830766749891e-01,8.176896332343677187e-01,8.289986757129702566e-01,8.385878378920212928e-01,8.464353595613014480e-01,8.525335209361246669e-01,8.568834451636824223e-01,8.594901371664140921e-01,8.603583972561692494e-01,8.594901371664148693e-01,8.568834451636825333e-01,8.525335209361244448e-01,8.464353595613004488e-01,8.385878378920199605e-01,8.289986757129708117e-01,8.176896332343677187e-01,8.047012830766728797e-01,7.900967640626077593e-01,7.739640763408617286e-01,7.564166884036206406e-01,7.375924612969473326e-01,7.176511147769459864e-01,6.967706299592831831e-01,6.751430806077038937e-01,6.529704036869886652e-01,6.304605672761486312e-01,6.078244892749034012e-01,5.852739270625688661e-01,5.630204186427273383e-01,5.412752266844877980e-01,5.202501279611159157e-01,5.001588050032472754e-01,4.812185325759130161e-01,4.636518049383589468e-01,4.476875172631175626e-01,4.335612951922229175e-01,4.215145635271950741e-01,4.117919665295336484e-01,4.046368098722587514e-01,4.002843032272884183e-01,3.989525686144307914e-01,4.008315966383433904e-01,4.060706826847370610e-01,4.147651984975685990e-01,4.269439007192492030e-01,4.425582285330769694e-01
8.429156429156430264e-01,4.594560883471833779e-01,4.397218797353666386e-01,4.229370058687930700e-01,4.092585783230446861e-01,3.987754690507636646e-01,3.915122668081348900e-01,3.874361327719992865e-01,3.864655203041154619e-01,3.884796968566451847e-01,3.933281548788828408e-01,4.008391714071156131e-01,4.108270057394505237e-01,4.230974489679239503e-01,4.374516324596228745e-01,4.536881606685958523e-01,4.716037548920997691e-01,4.909926844796825840e-01,5.116453281320232360e-01,5.333462565098459063e-01,5.558722609164767903e-01,5.789907687849827900e-01,6.024590774191074249e-01,6.260247914943783965e-01,6.494277551966974871e-01,6.724036187103328288e-01,6.946889731272092305e-01,7.160277447922820393e-01,7.361782937822382022e-01,7.549204596804838241e-01,7.720616934036219625e-01,7.874414486557926862e-01,8.009331972982915993e-01,8.124437607846370923e-01,8.219100609093195065e-01,8.292938099499882476e-01,8.345750011214679853e-01,8.377452593484503440e-01,8.388021340826630201e-01,8.377452593484508991e-01,8.345750011214672082e-01,8.292938099499869153e-01,8.219100609093215049e-01,8.124437607846352050e-01,8.009331972982904890e-01,7.874414486557913539e-01,7.720616934036224066e-01,7.549204596804846013e-01,7.361782937822377582e-01,7.160277447922835936e-01,6.946889731272098967e-01,6.724036187103371587e-01,6.494277551966969320e-01,6.260247914943806169e-01,6.024590774191092013e-01,5.789907687849836782e-01,5.558722609164761241e-01,5.333462565098474606e-01,5.116453281320235691e-01,4.909926844796805301e-01,4.716037548920998801e-01,4.536881606685985724e-01,4.374516324596240402e-01,4.230974489679251715e-01,4.108270057394492469e-01,4.008391714071144474e-01,3.933281548788822857e-01,3.884796968566435749e-01,3.864655203041162390e-01,3.874361327720005077e-01,3.915122668081349455e-01,3.987754690507642197e-01,4.092585783230446306e-01,4.229370058687929035e-01,4.397218797353658060e-01,4.594560883471827673e-01
8.492628992628993290e-01,4.800290579145090608e-01,4.572908760923270477e-01,4.369495445137376866e-01,4.192248658367443981e-01,4.042836549621825482e-01,3.922391050655623657e-01,3.831529779411974035e-01,3.770400409962556543e-01,3.738740462287100663e-01,3.735944933283462666e-01,3.761134781997119703e-01,3.813220281104436893e-01,3.890954606008367733e-01,3.992974484925539413e-01,4.117826131234932907e-01,4.263975952621980592e-01,4.429806677749640320e-01,4.613600603484171447e-01,4.813512703501572343e-01,5.027537395043055746e-01,5.253473826432406568e-01,5.488895533381752401e-01,5.731131024262091644e-01,5.977262001573521166e-01,6.224145161439450513e-01,6.468461527595590344e-01,6.706793946533172734e-01,6.935728911559270182e-01,7.151973954697273816e-01,7.352477517893110104e-01,7.534535749928000792e-01,7.695871133360786542e-01,7.834671655560024872e-01,7.949585915656273150e-01,8.039677738224904058e-01,8.104351660157691484e-01,8.143266228125890516e-01,8.156254115760375178e-01,8.143266228125876083e-01,8.104351660157705917e-01,8.039677738224906278e-01,7.949585915656266488e-01,7.834671655559998227e-01,7.695871133360783212e-01,7.534535749927981918e-01,7.352477517893120096e-01,7.151973954697266045e-01,6.935728911559281284e-01,6.706793946533160522e-01,6.468461527595592564e-01,6.224145161439453844e-01,5.977262001573508954e-01,5.731131024262104967e-01,5.488895533381750180e-01,5.253473826432394356e-01,5.027537395043061297e-01,4.813512703501590106e-01,4.613600603484169227e-01,4.429806677749654198e-01,4.263975952621988919e-01,4.117826131234931797e-01,3.992974484925544965e-01,3.890954606008358851e-01,3.813220281104429676e-01,3.761134781997126364e-01,3.735944933283475988e-01,3.738740462287111210e-01,3.770400409962552657e-01,3.831529779411979031e-01,3.922391050655633093e-01,4.042836549621830478e-01,4.192248658367450087e-01,4.369495445137373535e-01,4.572908760923273808e-01,4.800290579145097825e-01
8.556101556101556316e-01,5.024745503071974539e-01,4.777413974851651979e-01,4.548661449300131498e-01,4.340922430556952705e-01,4.156255979934757039e-01,3.996315686011454593e-01,3.862343173120681428e-01,3.755182588656239551e-01,3.675312137635190490e-01,3.622887632462033491e-01,3.597792597901538492e-01,3.599689561005365301e-01,3.628067627590763622e-01,3.682282150013434507e-01,3.761583097300421064e-01,3.865129567840886460e-01,3.991988716550741723e-01,4.141118243813056155e-01,4.311332605663842910e-01,4.501254377958299746e-01,4.709253861228995253e-01,4.933382107048479015e-01,5.171305004166517616e-01,5.420248583959403899e-01,5.676967700194696098e-01,5.937750834734112360e-01,6.198471971976501349e-01,6.454695471570761622e-01,6.701831557159371178e-01,6.935329518361720291e-01,7.150885423989755685e-01,7.344634376469916237e-01,7.513297164102381576e-01,7.654258993811002831e-01,7.765572576026703588e-01,7.845895397725217713e-01,7.894386476161122657e-01,7.910596691495783706e-01,7.894386476161131538e-01,7.845895397725214382e-01,7.765572576026713580e-01,7.654258993811003942e-01,7.513297164102379355e-01,7.344634376469918458e-01,7.150885423989773448e-01,6.935329518361726953e-01,6.701831557159362296e-01,6.454695471570768284e-01,6.198471971976502459e-01,5.937750834734117911e-01,5.676967700194666122e-01,5.420248583959398347e-01,5.171305004166503183e-01,4.933382107048483456e-01,4.709253861228986926e-01,4.501254377958289199e-01,4.311332605663846240e-01,4.141118243813071143e-01,3.991988716550727290e-01,3.865129567840905889e-01,3.761583097300411072e-01,3.682282150013421740e-01,3.628067627590771949e-01,3.599689561005355309e-01,3.597792597901540157e-01,3.622887632462024055e-01,3.675312137635185494e-01,3.755182588656252318e-01,3.862343173120688644e-01,3.996315686011469026e-01,4.156255979934758704e-01,4.340922430556940492e-01,4.548661449300139825e-01,4.777413974851653644e-01,5.024745503071986752e-01
8.619574119574120452e-01,5.253478732258944905e-01,4.994409949342906163e-01,4.749140136352758002e-01,4.520072930251838872e-01,4.309361335103981672e-01,4.118869227640522546e-01,3.950150942789311115e-01,3.804448638718312958e-01,3.682705711348044919e-01,3.585593399683056348e-01,3.513546954919563037e-01,3.466807338093957913e-01,3.445464303618380186e-01,3.449496824729379463e-01,3.478807017948029601e-01,3.533243939251778931e-01,3.612613804673228679e-01,3.716673339550626842e-01,3.845103166039842146e-01,3.997458571679417538e-01,4.173095937271501521e-01,4.371074903252767374e-01,4.590039414442345089e-01,4.828085393108033641e-01,5.082628892858204184e-01,5.350295444056399896e-01,5.626857180041364703e-01,5.907246442158178290e-01,6.185669610341389957e-01,6.455830519864993455e-01,6.711249584845052629e-01,6.945637827601007785e-01,7.153263824542176463e-01,7.329246427009118436e-01,7.469722776349795312e-01,7.571876486242438142e-01,7.633852884067282574e-01,7.654620986424452989e-01,7.633852884067291455e-01,7.571876486242420379e-01,7.469722776349794202e-01,7.329246427009119547e-01,7.153263824542160920e-01,6.945637827601005565e-01,6.711249584845082605e-01,6.455830519864965700e-01,6.185669610341381075e-01,5.907246442158223809e-01,5.626857180041379136e-01,5.350295444056414329e-01,5.082628892858193081e-01,4.828085393108022538e-01,4.590039414442334542e-01,4.371074903252774591e-01,4.173095937271495970e-01,3.997458571679445294e-01,3.845103166039833265e-01,3.716673339550635724e-01,3.612613804673249218e-01,3.533243939251808352e-01,3.478807017948022384e-01,3.449496824729378353e-01,3.445464303618380186e-01,3.466807338093948476e-01,3.513546954919555820e-01,3.585593399683059679e-01,3.682705711348039368e-01,3.804448638718319065e-01,3.950150942789311115e-01,4.118869227640527542e-01,4.309361335103971680e-01,4.520072930251848864e-01,4.749140136352750230e-01,4.994409949342912824e-01,5.253478732258943795e-01
8.683046683046683478e-01,5.476213672531026200e-01,5.211552870178229879e-01,4.956710230593537325e-01,4.713909547548315038e-01,4.485212075585476854e-01,4.272476790036043859e-01,4.077334295483408533e-01,3.901175149757854510e-01,3.745152304411407673e-01,3.610196411998882748e-01,3.497041996977561795e-01,3.406261962669680510e-01,3.338307594608197482e-01,3.293551062745438407e-01,3.272327334497306950e-01,3.274972284999805305e-01,3.301853526162021879e-01,3.353389981657570740e-01,3.430055455227136729e-01,3.532360387744745145e-01,3.660804812485528581e-01,3.815794546017840516e-01,3.997512562455845520e-01,4.205739381088783313e-01,4.439621661127681196e-01,4.697398687320618049e-01,4.976113010122810154e-01,5.271352941313359741e-01,5.577095550458863737e-01,5.885728729907361290e-01,6.188316207878407083e-01,6.475120746330672583e-01,6.736323966867785451e-01,6.962803984574150729e-01,7.146795864524841946e-01,7.282295569615647723e-01,7.365169222765658441e-01,7.393048692191213078e-01,7.365169222765656221e-01,7.282295569615664377e-01,7.146795864524833064e-01,6.962803984574127414e-01,6.736323966867782120e-01,6.475120746330681465e-01,6.188316207878395980e-01,5.885728729907384604e-01,5.577095550458903706e-01,5.271352941313403040e-01,4.976113010122820146e-01,4.697398687320639143e-01,4.439621661127658436e-01,4.205739381088731688e-01,3.997512562455782237e-01,3.815794546017814426e-01,3.660804812485512483e-01,3.532360387744741259e-01,3.430055455227115635e-01,3.353389981657570740e-01,3.301853526162038532e-01,3.274972284999811967e-01,3.272327334497301399e-01,3.293551062745409541e-01,3.338307594608197482e-01,3.406261962669679400e-01,3.497041996977568457e-01,3.610196411998897736e-01,3.745152304411403787e-01,3.901175149757851179e-01,4.077334295483413529e-01,4.272476790036024430e-01,4.485212075585475744e-01,4.713909547548305601e-01,4.956710230593525668e-01,5.211552870178229879e-01,5.476213672531021759e-01
8.746519246519246504e-01,5.686061808707715270e-01,5.420126705455834415e-01,5.160836290914718738e-01,4.910171646466597317e-01,4.670008088222009635e-01,4.442076659186351417e-01,4.227935764655869622e-01,4.028954163412293843e-01,3.846305787937578935e-01,3.680976160426419064e-01,3.533779575223162106e-01,3.405385780399289852e-01,3.296354625522581738e-01,3.207177029427325521e-01,3.138320610139813671e-01,3.090278330029175846e-01,3.063618435837389131e-01,3.059033676546861202e-01,3.077387082214200764e-01,3.119750252440270932e-01,3.187427847460383989e-01,3.281958481425916729e-01,3.405077237316990746e-01,3.558618621454882058e-01,3.744331841273035866e-01,3.963575407219687707e-01,4.216860665401594988e-01,4.503233024742153701e-01,4.819526565008560026e-01,5.159608825250550090e-01,5.513834776083410549e-01,5.869002633322699669e-01,6.209065589581692635e-01,6.516637064689961845e-01,6.774979734780068874e-01,6.969894691469858961e-01,7.090965916282920833e-01,7.132000541865941567e-01,7.090965916282925274e-01,6.969894691469854520e-01,6.774979734780099960e-01,6.516637064689965175e-01,6.209065589581707068e-01,5.869002633322707441e-01,5.513834776083463840e-01,5.159608825250590058e-01,4.819526565008573904e-01,4.503233024742156476e-01,4.216860665401628849e-01,3.963575407219690483e-01,3.744331841273048078e-01,3.558618621454855968e-01,3.405077237316979644e-01,3.281958481425893415e-01,3.187427847460389541e-01,3.119750252440302019e-01,3.077387082214187441e-01,3.059033676546866198e-01,3.063618435837399123e-01,3.090278330029188614e-01,3.138320610139807010e-01,3.207177029427311088e-01,3.296354625522572301e-01,3.405385780399270423e-01,3.533779575223151004e-01,3.680976160426432386e-01,3.846305787937586707e-01,4.028954163412293288e-01,4.227935764655867401e-01,4.442076659186357523e-01,4.670008088222030174e-01,4.910171646466607309e-01,5.160836290914715407e-01,5.420126705455848848e-01,5.686061808707727483e-01
8.809991809991810641e-01,5.878500147750013172e-01,5.613971312249754764e-01,5.353622400620934307e-01,5.099183573621408616e-01,4.852314089395814989e-01,4.614565284171648907e-01,4.387350892652107093e-01,4.171925969586851024e-01,3.969375166658414278e-01,3.780610601733640497e-01,3.606379099639472341e-01,3.447278239138492073e-01,3.303780445139509747e-01,3.176264334513004828e-01,3.065052657332925645e-01,2.970456458768492292e-01,2.892825495618285281e-01,2.832605439955176996e-01,2.790402935640065030e-01,2.767060045481948838e-01,2.763739853646171030e-01,2.782024607567090135e-01,2.824026091568976882e-01,2.892503591883395786e-01,2.990975451254472284e-01,3.123791833123899520e-01,3.296103077687346783e-01,3.513603615110148515e-01,3.781855495253440003e-01,4.104921968449374847e-01,4.483052827264032425e-01,4.909433027502265179e-01,5.366734006831396231e-01,5.825287584271325869e-01,6.245215507368137020e-01,6.583349423341999795e-01,6.802430238459277190e-01,6.878207835792198299e-01,6.802430238459281631e-01,6.583349423342006457e-01,6.245215507368145902e-01,5.825287584271312546e-01,5.366734006831368475e-01,4.909433027502171365e-01,4.483052827264027984e-01,4.104921968449345981e-01,3.781855495253341193e-01,3.513603615110107992e-01,3.296103077687293492e-01,3.123791833123897854e-01,2.990975451254481721e-01,2.892503591883345826e-01,2.824026091568965779e-01,2.782024607567080143e-01,2.763739853646156597e-01,2.767060045481937736e-01,2.790402935640078907e-01,2.832605439955195314e-01,2.892825495618298048e-01,2.970456458768485075e-01,3.065052657332908992e-01,3.176264334513007048e-01,3.303780445139519184e-01,3.447278239138484857e-01,3.606379099639466790e-01,3.780610601733631615e-01,3.969375166658410947e-01,4.171925969586844918e-01,4.387350892652095435e-01,4.614565284171645576e-01,4.852314089395821650e-01,5.099183573621408616e-01,5.353622400620930977e-01,5.613971312249758094e-01,5.878500147750024274e-01
8.873464373464374777e-01,6.051754412406926686e-01,5.790038888184849686e-01,5.530600069463796897e-01,5.274936112495085538e-01,5.024495987659269858e-01,4.780643683565250490e-01,4.544627499999577824e-01,4.317555520023445004e-01,4.100377979705464027e-01,3.893876837521147438e-01,3.698662438244437189e-01,3.515176813670227163e-01,3.343702898118458000e-01,3.184378780393677943e-01,3.037216073630092938e-01,2.902121559592144018e-01,2.778921450605231769e-01,2.667387909926857703e-01,2.567267891562268756e-01,2.478314938248381838e-01,2.400325387508936703e-01,2.333181627111715895e-01,2.276906885295847671e-01,2.231739040506632299e-01,2.198236029878804509e-01,2.177434419734562143e-01,2.171099082690833293e-01,2.182132707388705073e-01,2.215273186023201113e-01,2.278322912090545438e-01,2.384377903095979967e-01,2.555917936500209375e-01,2.832047228915759440e-01,3.278968755380241573e-01,3.991563545569810079e-01,5.022481221690842101e-01,6.128714496705446324e-01,6.638139075920259646e-01,6.128714496705356396e-01,5.022481221691179609e-01,3.991563545569698501e-01,3.278968755381116429e-01,2.832047228915594017e-01,2.555917936500256005e-01,2.384377903095881712e-01,2.278322912090599839e-01,2.215273186023000718e-01,2.182132707388687309e-01,2.171099082690916282e-01,2.177434419734523563e-01,2.198236029878838094e-01,2.231739040506693916e-01,2.276906885295875149e-01,2.333181627111703960e-01,2.400325387508908948e-01,2.478314938248403765e-01,2.567267891562268201e-01,2.667387909926842715e-01,2.778921450605243981e-01,2.902121559592139577e-01,3.037216073630107926e-01,3.184378780393682384e-01,3.343702898118464661e-01,3.515176813670211620e-01,3.698662438244437189e-01,3.893876837521164092e-01,4.100377979705472908e-01,4.317555520023428905e-01,4.544627499999571718e-01,4.780643683565244939e-01,5.024495987659282070e-01,5.274936112495086649e-01,5.530600069463800228e-01,5.790038888184850796e-01,6.051754412406923356e-01
8.936936936936937803e-01,6.204174287663589693e-01,5.945730778356823620e-01,5.688082491517265638e-01,5.432523097670434176e-01,5.180311757715353460e-01,4.932638563873823490e-01,4.690593406479597882e-01,4.455139139687026018e-01,4.227089641850602653e-01,4.007093023110180896e-01,3.795619865820807903e-01,3.592956030753594043e-01,3.399199255278357867e-01,3.214258535969578556e-01,3.037855155799791818e-01,2.869524231481526133e-01,2.708615918915741050e-01,2.554296155034158633e-01,2.405548574769455494e-01,2.261183304618446521e-01,2.119867789975409811e-01,1.980217348585545933e-01,1.841038679672738765e-01,1.701962363644476950e-01,1.565086798448827310e-01,1.439363479379849320e-01,1.352811865617396803e-01,1.388132286848908215e-01,1.786494795000097835e-01,3.177926140445617165e-01,6.321231374294939975e-01,9.259771030503162192e-01,9.374956374501083323e-01,8.339020648835097083e-01,7.431361808203587049e-01,6.841267724181795407e-01,6.520176284252161558e-01,6.418820613913268636e-01,6.520176284252118259e-01,6.841267724181794296e-01,7.431361808203535979e-01,8.339020648834819527e-01,9.374956374500985623e-01,9.259771030503426426e-01,6.321231374293848626e-01,3.177926140446281078e-01,1.786494795000161118e-01,1.388132286848926533e-01,1.352811865617408182e-01,1.439363479379849875e-01,1.565086798448814542e-01,1.701962363644476395e-01,1.841038679672729883e-01,1.980217348585550374e-01,2.119867789975460326e-01,2.261183304618425427e-01,2.405548574769473813e-01,2.554296155034107563e-01,2.708615918915737719e-01,2.869524231481532239e-01,3.037855155799782381e-01,3.214258535969570785e-01,3.399199255278356757e-01,3.592956030753584051e-01,3.795619865820806238e-01,4.007093023110193664e-01,4.227089641850583224e-01,4.455139139687029348e-01,4.690593406479608984e-01,4.932638563873815718e-01,5.180311757715350129e-01,5.432523097670434176e-01,5.688082491517247874e-01,5.945730778356820290e-01,6.204174287663586362e-01
9.000409500409500829e-01,6.335502381941756633e-01,6.080052296825376734e-01,5.824198799944323435e-01,5.569056749628101821e-01,5.315718087259398983e-01,5.065219059122106904e-01,4.818509984805921520e-01,4.576428414874353368e-01,4.339676427487442756e-01,4.108802717916829605e-01,3.884190126945135102e-01,3.666049469662938098e-01,3.454421189792723501e-01,3.249187882182270060e-01,3.050103880307302728e-01,2.856854479850761686e-01,2.669170287487332427e-01,2.487048858939634177e-01,2.311192387261736536e-01,2.143894083245664883e-01,1.990885639282361230e-01,1.865305720052529981e-01,1.796452155612549006e-01,1.849239884124115607e-01,2.165166270497780043e-01,3.026321700731552378e-01,4.819764087041374934e-01,7.417938651120978832e-01,9.377925632828449931e-01,9.686900414285368743e-01,9.039150920845675508e-01,8.225702260360259199e-01,7.536691169486202657e-01,7.018148158019333893e-01,6.650857669544775197e-01,6.408335640361494390e-01,6.270576852126381606e-01,6.225918522362274832e-01,6.270576852126386047e-01,6.408335640361496610e-01,6.650857669544744111e-01,7.018148158019343885e-01,7.536691169486149366e-01,8.225702260360282514e-01,9.039150920845649972e-01,9.686900414285425365e-01,9.377925632828504332e-01,7.417938651120348226e-01,4.819764087041232270e-01,3.026321700731552933e-01,2.165166270497839440e-01,1.849239884124104782e-01,1.796452155612520418e-01,1.865305720052521654e-01,1.990885639282372888e-01,2.143894083245681259e-01,2.311192387261725711e-01,2.487048858939625295e-01,2.669170287487339088e-01,2.856854479850732265e-01,3.050103880307302173e-01,3.249187882182276166e-01,3.454421189792722391e-01,3.666049469662922555e-01,3.884190126945146759e-01,4.108802717916807956e-01,4.339676427487459409e-01,4.576428414874359474e-01,4.818509984805933177e-01,5.065219059122091361e-01,5.315718087259401203e-01,5.569056749628090719e-01,5.824198799944328986e-01,6.080052296825380065e-01,6.335502381941754413e-01
9.063882063882064966e-01,6.445581810738963968e-01,6.192255530499324312e-01,5.937484466743886413e-01,5.682222179832853159e-01,5.427409956920696832e-01,5.173947037588826348e-01,4.922663710250565483e-01,4.674298662125278003e-01,4.429482425873719209e-01,4.188729580164013977e-01,3.952443911914142460e-01,3.720943732516709401e-01,3.494520287007788495e-01,3.273553321249322856e-01,3.058729694217111050e-01,2.851454524209200425e-01,2.654633324600484956e-01,2.474188583440965761e-01,2.322062360989398666e-01,2.222255169178200818e-01,2.222935626594550462e-01,2.419372716512554200e-01,2.988088747164109882e-01,4.190035903361248870e-01,6.158289849426162865e-01,8.339230293771507929e-01,9.618737635737678593e-01,9.689059563816433407e-01,9.116020163057607650e-01,8.404707674628313363e-01,7.764633715880052689e-01,7.245979677344942527e-01,6.844311505122703254e-01,6.542576217787360315e-01,6.324306841296321036e-01,6.176851186489721313e-01,6.091634685213779266e-01,6.063758561443709505e-01,6.091634685213785927e-01,6.176851186489727974e-01,6.324306841296329917e-01,6.542576217787373638e-01,6.844311505122682160e-01,7.245979677344955849e-01,7.764633715880009390e-01,8.404707674628286718e-01,9.116020163057567682e-01,9.689059563816443399e-01,9.618737635737640845e-01,8.339230293772155189e-01,6.158289849425894191e-01,4.190035903361170599e-01,2.988088747164159842e-01,2.419372716512536992e-01,2.222935626594563785e-01,2.222255169178202483e-01,2.322062360989405883e-01,2.474188583440942724e-01,2.654633324600480515e-01,2.851454524209200425e-01,3.058729694217122708e-01,3.273553321249328407e-01,3.494520287007777393e-01,3.720943732516727165e-01,3.952443911914143571e-01,4.188729580164007316e-01,4.429482425873716989e-01,4.674298662125261905e-01,4.922663710250563263e-01,5.173947037588823017e-01,5.427409956920704603e-01,5.682222179832838727e-01,5.937484466743888634e-01,6.192255530499327643e-01,6.445581810738966189e-01
9.127354627354627992e-01,6.534324135648321707e-01,6.281749706260778554e-01,6.026728174682162154e-01,5.770056705486710236e-01,5.512530774969218728e-01,5.254919575697896139e-01,4.997946660368013938e-01,4.742279076486090039e-01,4.488530265246497009e-01,4.237285586113493374e-01,3.989165943356676181e-01,3.744957459701343527e-01,3.505859080773289782e-01,3.273946774858850217e-01,3.053045901366812087e-01,2.850389702577385553e-01,2.679813270880997966e-01,2.567935922578566954e-01,2.565887220463089480e-01,2.769587619331790318e-01,3.344353603739722569e-01,4.508274951217622339e-01,6.330071064719037244e-01,8.314720270753188647e-01,9.559455233370786065e-01,9.758754850803762482e-01,9.319096669604677308e-01,8.679317584610118930e-01,8.057682852954894948e-01,7.524988208229560493e-01,7.090856726497450913e-01,6.745622636957692153e-01,6.476028184789059949e-01,6.270205566340184555e-01,6.118852435439344761e-01,6.015208018836744053e-01,5.954743874534705883e-01,5.934869803931215326e-01,5.954743874534688119e-01,6.015208018836748494e-01,6.118852435439343651e-01,6.270205566340194547e-01,6.476028184789059949e-01,6.745622636957711027e-01,7.090856726497435369e-01,7.524988208229523856e-01,8.057682852954880515e-01,8.679317584610136693e-01,9.319096669604617356e-01,9.758754850803753600e-01,9.559455233370904859e-01,8.314720270753460651e-01,6.330071064719159368e-01,4.508274951217730031e-01,3.344353603739733116e-01,2.769587619331883022e-01,2.565887220463098917e-01,2.567935922578580277e-01,2.679813270880994636e-01,2.850389702577375561e-01,3.053045901366816528e-01,3.273946774858831343e-01,3.505859080773285896e-01,3.744957459701327984e-01,3.989165943356684507e-01,4.237285586113467839e-01,4.488530265246499229e-01,4.742279076486092260e-01,4.997946660367995619e-01,5.254919575697903911e-01,5.512530774969233160e-01,5.770056705486718007e-01,6.026728174682146610e-01,6.281749706260763011e-01,6.534324135648316156e-01
9.190827190827191018e-01,6.601359151995070951e-01,6.347679525908682674e-01,6.090470457667149784e-01,5.830360692732061700e-01,5.567987841043690045e-01,5.303982750590837680e-01,5.038965301363934612e-01,4.773559760258670459e-01,4.508444016272494803e-01,4.244458381651111112e-01,3.982821132175982104e-01,3.725539416060539288e-01,3.476185414851102329e-01,3.241368221381524251e-01,3.033546476279041504e-01,2.876412069886303824e-01,2.814981498844195129e-01,2.932977111198648013e-01,3.374965622802040821e-01,4.341056244361910510e-01,5.944929712342976735e-01,7.864631613944796928e-01,9.306015335790286391e-01,9.792945423925382142e-01,9.552403615108840951e-01,9.002381771405043587e-01,8.401627118048826670e-01,7.854893980692476685e-01,7.390373385341542090e-01,7.007165739546463712e-01,6.695771032162316505e-01,6.445646727582560187e-01,6.247603232159933961e-01,6.094323445567433328e-01,5.980271604337046298e-01,5.901453650476419233e-01,5.855187785988422711e-01,5.839933256624357805e-01,5.855187785988416049e-01,5.901453650476417012e-01,5.980271604337035196e-01,6.094323445567438879e-01,6.247603232159941733e-01,6.445646727582566848e-01,6.695771032162306513e-01,7.007165739546475924e-01,7.390373385341554302e-01,7.854893980692500000e-01,8.401627118048837772e-01,9.002381771405053579e-01,9.552403615108879809e-01,9.792945423925381032e-01,9.306015335790254195e-01,7.864631613944976785e-01,5.944929712343011152e-01,4.341056244362161975e-01,3.374965622802091891e-01,2.932977111198643572e-01,2.814981498844185692e-01,2.876412069886303269e-01,3.033546476279038728e-01,3.241368221381505377e-01,3.476185414851089561e-01,3.725539416060607012e-01,3.982821132176017076e-01,4.244458381651113887e-01,4.508444016272487032e-01,4.773559760258678786e-01,5.038965301363929061e-01,5.303982750590855444e-01,5.567987841043680053e-01,5.830360692732073913e-01,6.090470457667152004e-01,6.347679525908686005e-01,6.601359151995059849e-01
9.254299754299755154e-01,6.646604084749335728e-01,6.389462472870046650e-01,6.127492691236321454e-01,5.861119961443307380e-01,5.590788454045335643e-01,5.316961623765433798e-01,5.040147903395142404e-01,4.760971904950469513e-01,4.480328430551087093e-01,4.199689454515546094e-01,3.921698454598848693e-01,3.651313480251819898e-01,3.398011112281659196e-01,3.180042460834812124e-01,3.032544339956188550e-01,3.022142173555973921e-01,3.268696203513756782e-01,3.957582779734827305e-01,5.266710887773723426e-01,7.088352013188473633e-01,8.784115178124537460e-01,9.679353477552399276e-01,9.739799328333254014e-01,9.335548330870578893e-01,8.780676573616562619e-01,8.230466313379729559e-01,7.740774551287440408e-01,7.323558622130575957e-01,6.974842513584394998e-01,6.686249990456296644e-01,6.449238722521318801e-01,6.256432648976578692e-01,6.101880671150833324e-01,5.980958078732050431e-01,5.890180200033413582e-01,5.827023617354597507e-01,5.789784299839558779e-01,5.777478399358244587e-01,5.789784299839574322e-01,5.827023617354608609e-01,5.890180200033402480e-01,5.980958078732054872e-01,6.101880671150838875e-01,6.256432648976569810e-01,6.449238722521336564e-01,6.686249990456307746e-01,6.974842513584429415e-01,7.323558622130584839e-01,7.740774551287448180e-01,8.230466313379699583e-01,8.780676573616517100e-01,9.335548330870604428e-01,9.739799328333235140e-01,9.679353477552313789e-01,8.784115178124680678e-01,7.088352013188529144e-01,5.266710887773441430e-01,3.957582779734687972e-01,3.268696203513715148e-01,3.022142173555962819e-01,3.032544339956199653e-01,3.180042460834840989e-01,3.398011112281655310e-01,3.651313480251843768e-01,3.921698454598842032e-01,4.199689454515568854e-01,4.480328430551063779e-01,4.760971904950467848e-01,5.040147903395111317e-01,5.316961623765424916e-01,5.590788454045340083e-01,5.861119961443302939e-01,6.127492691236315903e-01,6.389462472870032217e-01,6.646604084749350161e-01
9.317772317772319290e-01,6.668213190556502301e-01,6.404599861523041504e-01,6.134479209716566794e-01,5.858004743967468730e-01,5.575357975051816739e-01,5.286778769811514289e-01,4.992652200749818636e-01,4.693701853526529022e-01,4.391386500452043040e-01,4.088690668677790740e-01,3.791687875840041300e-01,3.512629333703479739e-01,3.276010786776165085e-01,3.130129972951853357e-01,3.166952144779750511e-01,3.545896085381106677e-01,4.479853348791620893e-01,6.062367883174986094e-01,7.920135695472493298e-01,9.289006869980417358e-01,9.783696421210128502e-01,9.624395246037430462e-01,9.168222674097908920e-01,8.639410246880225852e-01,8.136177649138999213e-01,7.690982568545112752e-01,7.308906274250842605e-01,6.985356235141879644e-01,6.713230728692665128e-01,6.485555128823093929e-01,6.296309898563912100e-01,6.140577435068343970e-01,6.014457136604109966e-01,5.914922049156687844e-01,5.839680185293818493e-01,5.787060469869114154e-01,5.755927168908813174e-01,5.745621382583616654e-01,5.755927168908809843e-01,5.787060469869117485e-01,5.839680185293817383e-01,5.914922049156676742e-01,6.014457136604125509e-01,6.140577435068357293e-01,6.296309898563930973e-01,6.485555128823098370e-01,6.713230728692665128e-01,6.985356235141860770e-01,7.308906274250858148e-01,7.690982568545104980e-01,8.136177649138993662e-01,8.639410246880239175e-01,9.168222674097878944e-01,9.624395246037465990e-01,9.783696421210122951e-01,9.289006869980540593e-01,7.920135695472405590e-01,6.062367883175067140e-01,4.479853348791587586e-01,3.545896085381037288e-01,3.166952144779737188e-01,3.130129972951850026e-01,3.276010786776167860e-01,3.512629333703505830e-01,3.791687875840025757e-01,4.088690668677786300e-01,4.391386500452043040e-01,4.693701853526508483e-01,4.992652200749850833e-01,5.286778769811520950e-01,5.575357975051822290e-01,5.858004743967484274e-01,6.134479209716581227e-01,6.404599861523024851e-01,6.668213190556503411e-01
9.381244881244882317e-01,6.664009080953670061e-01,6.390068756491504853e-01,6.107332938317252546e-01,5.815566036863996091e-01,5.514570147515197585e-01,5.204276706901859173e-01,4.884967353537232881e-01,4.557751590057223523e-01,4.225560665092867874e-01,3.895188720030267060e-01,3.581460397546656349e-01,3.315618389396039478e-01,3.161378837346854320e-01,3.241144538308986522e-01,3.758096757911443264e-01,4.934161473447463697e-01,6.719303080372002190e-01,8.496371044319275256e-01,9.550537395826685927e-01,9.782189211636248549e-01,9.516872035999919266e-01,9.056709069013302305e-01,8.562822548323881788e-01,8.100983054360566538e-01,7.691667816262828250e-01,7.337029075170264925e-01,7.032806946495473444e-01,6.773134022199776005e-01,6.552323132959851915e-01,6.365437199782371103e-01,6.208390279778833731e-01,6.077884110039368792e-01,5.971300644324590845e-01,5.886595893879003061e-01,5.822210070435597240e-01,5.776997251053976878e-01,5.750173639321652930e-01,5.741282452690934512e-01,5.750173639321660701e-01,5.776997251053973548e-01,5.822210070435592799e-01,5.886595893879003061e-01,5.971300644324595286e-01,6.077884110039385446e-01,6.208390279778840393e-01,6.365437199782387756e-01,6.552323132959849694e-01,6.773134022199778226e-01,7.032806946495486766e-01,7.337029075170262704e-01,7.691667816262852675e-01,8.100983054360554325e-01,8.562822548323819616e-01,9.056709069013268998e-01,9.516872035999932589e-01,9.782189211636255211e-01,9.550537395826621534e-01,8.496371044319147581e-01,6.719303080371936687e-01,4.934161473447348789e-01,3.758096757911354446e-01,3.241144538308982082e-01,3.161378837346842663e-01,3.315618389396031707e-01,3.581460397546691876e-01,3.895188720030277607e-01,4.225560665092855106e-01,4.557751590057204649e-01,4.884967353537255086e-01,5.204276706901846961e-01,5.514570147515199805e-01,5.815566036864009414e-01,6.107332938317258098e-01,6.390068756491494861e-01,6.664009080953674502e-01
9.444717444717445343e-01,6.631464304494674167e-01,6.342198797628058049e-01,6.040908170722800730e-01,5.726777814340175965e-01,5.399053069572058439e-01,5.057269461398955501e-01,4.701794674719414480e-01,4.335025933709069634e-01,3.963972552874355237e-01,3.605752151265453342e-01,3.299007224796339233e-01,3.125978001037320042e-01,3.246512389301260959e-01,3.912177553971516453e-01,5.327955497517733452e-01,7.249389041664180411e-01,8.883479391724092844e-01,9.677722162736596134e-01,9.747163126457372151e-01,9.437955172922126712e-01,8.995167368127925389e-01,8.537592934775571907e-01,8.111955132850144912e-01,7.732400043473521833e-01,7.399997848127639610e-01,7.111200518507084789e-01,6.861280473346411668e-01,6.645638429060564123e-01,6.460236363397215964e-01,6.301684321086897800e-01,6.167200517964934736e-01,6.054534209283338742e-01,5.961886310441630865e-01,5.887840105770016930e-01,5.831305206346881764e-01,5.791474457315000102e-01,5.767792435023064712e-01,5.759934095415417676e-01,5.767792435023059161e-01,5.791474457314983448e-01,5.831305206346897307e-01,5.887840105770018040e-01,5.961886310441628645e-01,6.054534209283345403e-01,6.167200517964923634e-01,6.301684321086902241e-01,6.460236363397213744e-01,6.645638429060561903e-01,6.861280473346405007e-01,7.111200518507079238e-01,7.399997848127666256e-01,7.732400043473545148e-01,8.111955132850141581e-01,8.537592934775608544e-01,8.995167368127918728e-01,9.437955172922124492e-01,9.747163126457381033e-01,9.677722162736590583e-01,8.883479391723980712e-01,7.249389041664102695e-01,5.327955497517589123e-01,3.912177553971469823e-01,3.246512389301297041e-01,3.125978001037326148e-01,3.299007224796343674e-01,3.605752151265478878e-01,3.963972552874311939e-01,4.335025933709062418e-01,4.701794674719421696e-01,5.057269461398968824e-01,5.399053069572078423e-01,5.726777814340170414e-01,6.040908170722785187e-01,6.342198797628070261e-01,6.631464304494669726e-01
9.508190008190009479e-01,6.565381071284702719e-01,6.254087202800209244e-01,5.926103872034368392e-01,5.579745761381497138e-01,5.213473596167158552e-01,4.826474741108573441e-01,4.420056044056812072e-01,4.000838011316705245e-01,3.587899991599757810e-01,3.228195661131874061e-01,3.026764294365840158e-01,3.190162239693896118e-01,4.021734561186128820e-01,5.672924507488391610e-01,7.669693767623193548e-01,9.137218311565461493e-01,9.734042913709880507e-01,9.709795521968790366e-01,9.391113670215646136e-01,8.975245163210441302e-01,8.552819462310623511e-01,8.159115591941434875e-01,7.804940982121805204e-01,7.491197779445893934e-01,7.215186092726436629e-01,6.973212358505743724e-01,6.761614302083527317e-01,6.577121013890206980e-01,6.416941000834330833e-01,6.278745336504482077e-01,6.160616293988887548e-01,6.060990245953477018e-01,5.978605752457069045e-01,5.912460204771794459e-01,5.861775346386228769e-01,5.825970907226457607e-01,5.804645341124633484e-01,5.797562754460429124e-01,5.804645341124641256e-01,5.825970907226455386e-01,5.861775346386213226e-01,5.912460204771801120e-01,5.978605752457076816e-01,6.060990245953479238e-01,6.160616293988889769e-01,6.278745336504478747e-01,6.416941000834354147e-01,6.577121013890211421e-01,6.761614302083529537e-01,6.973212358505733732e-01,7.215186092726449951e-01,7.491197779445902816e-01,7.804940982121794102e-01,8.159115591941457080e-01,8.552819462310604637e-01,8.975245163210426869e-01,9.391113670215708309e-01,9.709795521968782595e-01,9.734042913709904932e-01,9.137218311565481477e-01,7.669693767623140257e-01,5.672924507488459334e-01,4.021734561186105505e-01,3.190162239693936641e-01,3.026764294365832941e-01,3.228195661131866290e-01,3.587899991599786120e-01,4.000838011316747433e-01,4.420056044056838718e-01,4.826474741108588429e-01,5.213473596167151891e-01,5.579745761381530444e-01,5.926103872034346187e-01,6.254087202800190370e-01,6.565381071284712711e-01
9.571662571662572505e-01,6.458554533287912403e-01,6.116013902271014713e-01,5.749928820007965680e-01,5.357337960698125290e-01,4.935772059635439302e-01,4.484824156040108090e-01,4.010032699750346596e-01,3.532082889102853285e-01,3.107523017850808422e-01,2.869952761409848008e-01,3.084141569646663417e-01,4.104290986382570505e-01,5.979807900785226726e-01,7.997290427167929039e-01,9.299678714026354820e-01,9.755107770187246841e-01,9.682183617522165386e-01,9.373147044319207755e-01,8.988128000317451294e-01,8.598922346983856047e-01,8.233811772674184404e-01,7.901907246540391672e-01,7.604393817749933726e-01,7.339440037827220653e-01,7.104281090610182758e-01,6.896071373729837362e-01,6.712206379828599134e-01,6.550419115191071784e-01,6.408784457041947213e-01,6.285689616970365767e-01,6.179795646430196188e-01,6.090000171259831729e-01,6.015405034653015237e-01,5.955289732174490203e-01,5.909090403181752604e-01,5.876383774934922366e-01,5.856875415524508410e-01,5.850391747014964672e-01,5.856875415524520623e-01,5.876383774934927917e-01,5.909090403181757045e-01,5.955289732174485762e-01,6.015405034653013017e-01,6.090000171259833950e-01,6.179795646430206180e-01,6.285689616970376870e-01,6.408784457041946103e-01,6.550419115191064012e-01,6.712206379828593583e-01,6.896071373729820708e-01,7.104281090610203853e-01,7.339440037827218433e-01,7.604393817749948159e-01,7.901907246540385010e-01,8.233811772674181073e-01,8.598922346983876031e-01,8.988128000317472388e-01,9.373147044319207755e-01,9.682183617522150954e-01,9.755107770187234628e-01,9.299678714026450299e-01,7.997290427167834670e-01,5.979807900785142349e-01,4.104290986382457818e-01,3.084141569646647318e-01,2.869952761409851338e-01,3.107523017850791214e-01,3.532082889102804990e-01,4.010032699750294971e-01,4.484824156040141951e-01,4.935772059635452624e-01,5.357337960698168589e-01,5.749928820007962349e-01,6.116013902271019154e-01,6.458554533287904631e-01
9.635135135135135531e-01,6.300299612874858957e-01,5.913507968296713990e-01,5.493010669676879898e-01,5.034180759703866803e-01,4.534224647005155595e-01,3.996839083704370466e-01,3.443977827888201615e-01,2.943565169314066865e-01,2.665237116282194174e-01,2.944934241735392977e-01,4.178021261797718600e-01,6.255058861579354534e-01,8.247179818555492314e-01,9.400548193175053413e-01,9.759929609446855725e-01,9.667370123491342282e-01,9.378465962784428012e-01,9.025462716377318229e-01,8.667436158653480938e-01,8.328336370776808772e-01,8.016494387480728179e-01,7.733586438075349401e-01,7.478612502874895096e-01,7.249635577470286973e-01,7.044526086917189955e-01,6.861264541977545317e-01,6.698049011045548173e-01,6.553318246979221717e-01,6.425740525970148331e-01,6.314190669382361287e-01,6.217725072038462475e-01,6.135558748419779329e-01,6.067045767499588127e-01,6.011663289992662529e-01,5.968998959386974112e-01,5.938741257030759613e-01,5.920672434712415111e-01,5.914663702268164736e-01,5.920672434712422882e-01,5.938741257030767384e-01,5.968998959386971892e-01,6.011663289992662529e-01,6.067045767499585907e-01,6.135558748419783770e-01,6.217725072038466916e-01,6.314190669382354626e-01,6.425740525970146111e-01,6.553318246979231709e-01,6.698049011045541512e-01,6.861264541977547537e-01,7.044526086917175522e-01,7.249635577470280312e-01,7.478612502874897316e-01,7.733586438075351621e-01,8.016494387480739281e-01,8.328336370776789899e-01,8.667436158653488709e-01,9.025462716377304906e-01,9.378465962784432453e-01,9.667370123491346723e-01,9.759929609446862386e-01,9.400548193175102263e-01,8.247179818555484543e-01,6.255058861579052554e-01,4.178021261797525976e-01,2.944934241735342462e-01,2.665237116282196395e-01,2.943565169314124041e-01,3.443977827888234922e-01,3.996839083704420426e-01,4.534224647005152264e-01,5.034180759703854591e-01,5.493010669676845481e-01,5.913507968296720652e-01,6.300299612874822319e-01
9.698607698607699668e-01,6.074814761536585506e-01,5.625006729188221088e-01,5.126550429949429111e-01,4.573559048892855694e-01,3.967090170390103476e-01,3.330112114818174485e-01,2.744374015072362782e-01,2.424914596019627222e-01,2.791681964547755301e-01,4.258392899868346793e-01,6.501273742022695146e-01,8.433227280676065529e-01,9.460341503866859236e-01,9.757998240774358178e-01,9.664142468311052170e-01,9.400897994394002977e-01,9.079758837887761391e-01,8.751065504546009510e-01,8.436047932587049658e-01,8.142762460523391699e-01,7.873452704491192833e-01,7.627885911591298918e-01,7.404858869271255806e-01,7.202872024711791665e-01,7.020423045424400987e-01,6.856125663843424256e-01,6.708748968109744526e-01,6.577221595696086665e-01,6.460621655824346776e-01,6.358162033259736612e-01,6.269175396453749993e-01,6.193100691847983619e-01,6.129471712834373420e-01,6.077907794647308126e-01,6.038106468267709914e-01,6.009837841420072602e-01,5.992940481158723909e-01,5.987318610407841302e-01,5.992940481158728350e-01,6.009837841420079263e-01,6.038106468267713245e-01,6.077907794647309236e-01,6.129471712834382302e-01,6.193100691847972517e-01,6.269175396453747773e-01,6.358162033259735502e-01,6.460621655824346776e-01,6.577221595696080003e-01,6.708748968109761179e-01,6.856125663843436469e-01,7.020423045424413200e-01,7.202872024711792776e-01,7.404858869271251365e-01,7.627885911591275603e-01,7.873452704491171739e-01,8.142762460523393919e-01,8.436047932587057430e-01,8.751065504545988416e-01,9.079758837887780265e-01,9.400897994394010748e-01,9.664142468311052170e-01,9.757998240774360399e-01,9.460341503866877000e-01,8.433227280676047766e-01,6.501273742022520841e-01,4.258392899868320702e-01,2.791681964547804706e-01,2.424914596019611124e-01,2.744374015072388873e-01,3.330112114818117308e-01,3.967090170390091819e-01,4.573559048892865131e-01,5.126550429949486842e-01,5.625006729188223309e-01,6.074814761536555530e-01
9.762080262080263804e-01,5.758179643751011323e-01,5.218074476967199393e-01,4.608585687863773761e-01,3.927338158705554472e-01,3.198216861996013294e-01,2.520024787712216163e-01,2.164202625104102717e-01,2.644479249143067423e-01,4.354738973223196696e-01,6.717320683916243595e-01,8.567018667483240479e-01,9.492322718694632400e-01,9.753391811338786299e-01,9.669669359781656315e-01,9.434757186426742104e-01,9.144693770849378067e-01,8.843711946078068875e-01,8.551312263942155711e-01,8.275549802243421516e-01,8.019241745028959922e-01,7.782847445395539854e-01,7.565810642297660094e-01,7.367186252291351156e-01,7.185930151893750173e-01,7.021028598405613108e-01,6.871551185655306870e-01,6.736667781425192958e-01,6.615649128539726753e-01,6.507860689557988243e-01,6.412754333521192285e-01,6.329859989202732962e-01,6.258778163327061161e-01,6.199173624820057960e-01,6.150770277307889833e-01,6.113347124477440664e-01,6.086735196003760784e-01,6.070815304203398544e-01,6.065516522346443562e-01,6.070815304203396323e-01,6.086735196003771886e-01,6.113347124477447325e-01,6.150770277307889833e-01,6.199173624820060180e-01,6.258778163327061161e-01,6.329859989202738513e-01,6.412754333521186734e-01,6.507860689557982692e-01,6.615649128539718982e-01,6.736667781425184076e-01,6.871551185655307981e-01,7.021028598405603116e-01,7.185930151893746842e-01,7.367186252291353377e-01,7.565810642297655653e-01,7.782847445395534303e-01,8.019241745028972135e-01,8.275549802243423736e-01,8.551312263942146830e-01,8.843711946078073316e-01,9.144693770849390280e-01,9.434757186426739883e-01,9.669669359781657425e-01,9.753391811338786299e-01,9.492322718694600203e-01,8.567018667483189409e-01,6.717320683916586654e-01,4.354738973223425402e-01,2.644479249142999144e-01,2.164202625104086619e-01,2.520024787712135117e-01,3.198216861996067140e-01,3.927338158705521165e-01,4.608585687863879787e-01,5.218074476967224928e-01,5.758179643751027976e-01
9.825552825552826830e-01,5.314528795512346582e-01,4.645625203621419064e-01,3.884817071406401756e-01,3.057026300996822932e-01,2.282149513855171452e-01,1.899937230434423363e-01,2.521070876613413780e-01,4.468799737779565184e-01,6.900951826404589928e-01,8.658469185544983571e-01,9.504947337386084882e-01,9.747358322677784903e-01,9.680728372243602164e-01,9.475165183335968466e-01,9.215106538201534025e-01,8.940427781633374371e-01,8.669515379569542324e-01,8.410563693140947761e-01,8.166933796947564161e-01,7.939700135834381056e-01,7.728874204440369100e-01,7.533998277858794390e-01,7.354434112375157762e-01,7.189501714451767000e-01,7.038543722394304814e-01,6.900952876808560399e-01,6.776181432895691525e-01,6.663742070567376663e-01,6.563205137954485346e-01,6.474194637826287124e-01,6.396384112256918719e-01,6.329492934462173093e-01,6.273283189032274887e-01,6.227557162220075382e-01,6.192155393016957055e-01,6.166955211127520542e-01,6.151869687033340028e-01,6.146846930115094088e-01,6.151869687033335588e-01,6.166955211127516101e-01,6.192155393016964826e-01,6.227557162220074272e-01,6.273283189032278218e-01,6.329492934462181974e-01,6.396384112256923160e-01,6.474194637826284904e-01,6.563205137954487567e-01,6.663742070567371112e-01,6.776181432895689305e-01,6.900952876808553738e-01,7.038543722394298152e-01,7.189501714451771441e-01,7.354434112375152210e-01,7.533998277858794390e-01,7.728874204440363549e-01,7.939700135834379946e-01,8.166933796947570823e-01,8.410563693140948871e-01,8.669515379569561198e-01,8.940427781633382143e-01,9.215106538201545128e-01,9.475165183335990671e-01,9.680728372243603275e-01,9.747358322677770470e-01,9.504947337386104866e-01,8.658469185545073499e-01,6.900951826404230216e-01,4.468799737779374226e-01,2.521070876613412670e-01,1.899937230434437518e-01,2.282149513855357692e-01,3.057026300996683599e-01,3.884817071406373445e-01,4.645625203621366883e-01,5.314528795512416526e-01
9.889025389025389856e-01,4.691555732745610330e-01,3.847116452357651761e-01,2.915537761862783128e-01,2.042613411495866615e-01,1.648204040067826892e-01,2.433753674028825142e-01,4.596349051539815322e-01,7.051421783698612611e-01,8.716262734787929567e-01,9.503632073717050988e-01,9.739821089221335493e-01,9.694347867609058866e-01,9.518212714645706285e-01,9.287016279520073914e-01,9.037446124558755622e-01,8.787155877594392539e-01,8.544542427506930382e-01,8.313464276481336013e-01,8.095537331043675122e-01,7.891269816036385887e-01,7.700631917221716360e-01,7.523344650427934432e-01,7.359026666401395911e-01,7.207268143111906777e-01,7.067666961264971182e-01,6.939845387589602677e-01,6.823456819496388492e-01,6.718187628394600708e-01,6.623756749734872606e-01,6.539914390043851666e-01,6.466440534465731638e-01,6.403143570446270250e-01,6.349859149163591399e-01,6.306449307624920619e-01,6.272801827965455157e-01,6.248829792592809351e-01,6.234471291204952692e-01,6.229689241059287452e-01,6.234471291204957133e-01,6.248829792592809351e-01,6.272801827965457377e-01,6.306449307624931722e-01,6.349859149163586958e-01,6.403143570446284683e-01,6.466440534465727197e-01,6.539914390043846115e-01,6.623756749734875937e-01,6.718187628394600708e-01,6.823456819496402925e-01,6.939845387589600456e-01,7.067666961264975622e-01,7.207268143111910108e-01,7.359026666401403682e-01,7.523344650427937763e-01,7.700631917221711920e-01,7.891269816036379225e-01,8.095537331043670681e-01,8.313464276481357107e-01,8.544542427506950366e-01,8.787155877594418074e-01,9.037446124558751182e-01,9.287016279520069473e-01,9.518212714645712946e-01,9.694347867609045544e-01,9.739821089221341044e-01,9.503632073717078743e-01,8.716262734787726396e-01,7.051421783698565982e-01,4.596349051539557196e-01,2.433753674028953651e-01,1.648204040067826615e-01,2.042613411495848574e-01,2.915537761862727062e-01,3.847116452357660643e-01,4.691555732745650298e-01
9.952497952497953992e-01,3.823559706320981966e-01,2.784333975435955288e-01,1.814326009020710839e-01,1.423500376503354092e-01,2.387410304092400792e-01,4.728307992625541134e-01,7.168519435640885451e-01,8.746903819133505786e-01,9.491573842213831824e-01,9.730168462003746521e-01,9.708106104271356784e-01,9.560931639447177721e-01,9.357423835563178915e-01,9.131889020145754765e-01,8.901491529053295881e-01,8.674853249404719246e-01,8.456278704476337671e-01,8.247857641766542791e-01,8.050531732639721882e-01,7.864646104450407904e-01,7.690238963811405482e-01,7.527195256759393605e-01,7.375328501263519465e-01,7.234424189518131598e-01,7.104262492238951898e-01,6.984629826311830048e-01,6.875324495465363617e-01,6.776159254303860680e-01,6.686962348642593312e-01,6.607577864707334658e-01,6.537865818154598996e-01,6.477702190780472158e-01,6.426979000678978426e-01,6.385604426962572244e-01,6.353502978228010578e-01,6.330615680555375935e-01,6.316900257795586837e-01,6.312331279539167284e-01,6.316900257795580176e-01,6.330615680555379265e-01,6.353502978228012799e-01,6.385604426962580016e-01,6.426979000678982867e-01,6.477702190780476599e-01,6.537865818154603437e-01,6.607577864707347981e-01,6.686962348642592202e-01,6.776159254303860680e-01,6.875324495465363617e-01,6.984629826311832268e-01,7.104262492238951898e-01,7.234424189518129378e-01,7.375328501263509473e-01,7.527195256759410258e-01,7.690238963811383277e-01,7.864646104450391251e-01,8.050531732639721882e-01,8.247857641766549452e-01,8.456278704476331010e-01,8.674853249404713695e-01,8.901491529053310314e-01,9.131889020145756986e-01,9.357423835563174475e-01,9.560931639447184383e-01,9.708106104271365666e-01,9.730168462003748742e-01,9.491573842213857359e-01,8.746903819133460267e-01,7.168519435641446114e-01,4.728307992625561118e-01,2.387410304092422442e-01,1.423500376503379072e-01,1.814326009020721664e-01,2.784333975436031339e-01,3.823559706321121299e-01
1.001597051597051813e+00,2.672950013572682471e-01,1.608120837056374597e-01,1.236131667566910536e-01,2.381153283249321795e-01,4.856817578208794672e-01,7.254929217052643597e-01,8.756044443192279036e-01,9.470849149595476080e-01,9.717648443978391670e-01,9.720093666936939769e-01,9.601146773514265265e-01,9.424216732334750324e-01,9.221784635576708578e-01,9.010680471571987926e-01,8.799751491756866439e-01,8.593698269606678819e-01,8.395024659169145753e-01,8.205050642567284225e-01,8.024449829338969886e-01,7.853540109509511424e-01,7.692443207516427295e-01,7.541173230910434011e-01,7.399686153079190198e-01,7.267907563870749099e-01,7.145748261786487587e-01,7.033113046796934942e-01,6.929905739082333760e-01,6.836032135454960246e-01,6.751401866406215868e-01,6.675929686229327142e-01,6.609536480443122253e-01,6.552150132229470625e-01,6.503706308984924522e-01,6.464149185930203600e-01,6.433432101052695140e-01,6.411518125600735862e-01,6.398380531612284372e-01,6.394003139394556223e-01,6.398380531612282152e-01,6.411518125600724760e-01,6.433432101052688479e-01,6.464149185930196939e-01,6.503706308984931184e-01,6.552150132229480617e-01,6.609536480443127804e-01,6.675929686229327142e-01,6.751401866406222529e-01,6.836032135454954695e-01,6.929905739082325988e-01,7.033113046796940493e-01,7.145748261786499800e-01,7.267907563870760201e-01,7.399686153079186868e-01,7.541173230910424019e-01,7.692443207516431736e-01,7.853540109509528078e-01,8.024449829338972107e-01,8.205050642567294217e-01,8.395024659169153525e-01,8.593698269606706575e-01,8.799751491756869770e-01,9.010680471571973493e-01,9.221784635576723010e-01,9.424216732334746993e-01,9.601146773514245281e-01,9.720093666936941990e-01,9.717648443978373907e-01,9.470849149595464977e-01,8.756044443192342319e-01,7.254929217052491497e-01,4.856817578209077224e-01,2.381153283249225483e-01,1.236131667566929410e-01,1.608120837056356278e-01,2.672950013572650829e-01
1.007944307944308004e+00,1.435055044667856716e-01,1.093014753917445347e-01,2.409068423979214557e-01,4.974463974476291961e-01,7.313325670235995002e-01,8.747626653514444239e-01,9.442622895918576509e-01,9.701559290449447426e-01,9.728900221345966326e-01,9.637294828708071748e-01,9.485861450864284672e-01,9.305657013460963967e-01,9.113282450577541161e-01,8.917802540094466046e-01,8.724269462365805694e-01,8.535549950512457684e-01,8.353294905597331566e-01,8.178465914431607420e-01,8.011627164049724970e-01,7.853110191924594918e-01,7.703108248271163250e-01,7.561731006191040327e-01,7.429036626443326075e-01,7.305050766898372183e-01,7.189778028363524864e-01,7.083209017079796777e-01,6.985324877174506897e-01,6.896100373103376535e-01,6.815506146420572398e-01,6.743510500769339666e-01,6.680080908227282732e-01,6.625185335118709551e-01,6.578793430142586551e-01,6.540877586572201308e-01,6.511413873897696769e-01,6.490382826811851302e-01,6.477770077313960151e-01,6.473566816733896667e-01,6.477770077313967922e-01,6.490382826811857964e-01,6.511413873897698990e-01,6.540877586572204638e-01,6.578793430142586551e-01,6.625185335118710661e-01,6.680080908227283842e-01,6.743510500769333005e-01,6.815506146420573508e-01,6.896100373103383196e-01,6.985324877174502456e-01,7.083209017079798997e-01,7.189778028363532636e-01,7.305050766898369963e-01,7.429036626443324964e-01,7.561731006191042548e-01,7.703108248271158809e-01,7.853110191924606021e-01,8.011627164049726080e-01,8.178465914431608530e-01,8.353294905597333786e-01,8.535549950512461015e-01,8.724269462365802363e-01,8.917802540094458275e-01,9.113282450577562255e-01,9.305657013460963967e-01,9.485861450864284672e-01,9.637294828708087291e-01,9.728900221345966326e-01,9.701559290449456308e-01,9.442622895918548753e-01,8.747626653514575246e-01,7.313325670235558684e-01,4.974463974476175943e-01,2.409068423979250362e-01,1.093014753917466164e-01,1.435055044667792601e-01
1.014291564291564418e+00,9.961423665532442850e-02,2.462777403445440827e-01,5.077347833659686671e-01,7.348009310963968810e-01,8.725402413127608670e-01,9.408015572090115963e-01,9.681537197927851945e-01,9.733654603903171276e-01,9.668436221928321528e-01,9.541489437500514370e-01,9.382724813551897025e-01,9.208579032823972499e-01,9.028319267068032339e-01,8.847309168598442852e-01,8.668734392926935595e-01,8.494536404359730453e-01,8.325930053072595483e-01,8.163696812321317164e-01,8.008354153738355130e-01,7.860255029355711631e-01,7.719647166984584530e-01,7.586708902994074855e-01,7.461571156746562572e-01,7.344331155419596691e-01,7.235061227895969171e-01,7.133814648860662411e-01,7.040629720184936602e-01,6.955532798945822659e-01,6.878540691185829337e-01,6.809662653227368523e-01,6.748902134079166615e-01,6.696258326849302556e-01,6.651727558043473154e-01,6.615304521240257252e-01,6.586983349680674005e-01,6.566758516862630790e-01,6.554625552804553834e-01,6.550581564657419475e-01,6.554625552804552724e-01,6.566758516862630790e-01,6.586983349680669564e-01,6.615304521240258362e-01,6.651727558043474264e-01,6.696258326849310327e-01,6.748902134079169945e-01,6.809662653227369633e-01,6.878540691185816014e-01,6.955532798945822659e-01,7.040629720184928830e-01,7.133814648860664631e-01,7.235061227895974723e-01,7.344331155419594470e-01,7.461571156746551470e-01,7.586708902994071524e-01,7.719647166984581199e-01,7.860255029355709411e-01,8.008354153738356240e-01,8.163696812321317164e-01,8.325930053072598813e-01,8.494536404359738224e-01,8.668734392926938925e-01,8.847309168598438411e-01,9.028319267068005693e-01,9.208579032823978050e-01,9.382724813551908127e-01,9.541489437500508819e-01,9.668436221928315977e-01,9.733654603903167946e-01,9.681537197927858607e-01,9.408015572090135947e-01,8.725402413127625323e-01,7.348009310963988794e-01,5.077347833659682230e-01,2.462777403445075008e-01,9.961423665531819738e-02
1.020638820638820832e+00,2.536509859310398518e-01,5.165696088041841216e-01,7.363890558278189946e-01,8.692526810662766223e-01,9.367906212580298098e-01,9.657349222750903905e-01,9.733775608194911166e-01,9.693955901046635848e-01,9.590541049213616720e-01,9.452484879450157029e-01,9.296097732054788843e-01,9.130831123794664883e-01,8.962325227965446395e-01,8.794047660903109298e-01,8.628196600232894697e-01,8.466210758602163988e-01,8.309063913788724554e-01,8.157438461286892206e-01,8.011829503609740888e-01,7.872608269618560639e-01,7.740061330108093385e-01,7.614415221556501967e-01,7.495852189180070013e-01,7.384520492220096877e-01,7.280541369397541818e-01,7.184013950945469240e-01,7.095018906672087011e-01,7.013621311571366368e-01,6.939873018130532367e-01,6.873814703882217270e-01,6.815477687315943944e-01,6.764885558567610424e-01,6.722055643037225803e-01,6.687000299679717319e-01,6.659728046946983282e-01,6.640244505487039595e-01,6.628553145938727020e-01,6.624655831330547029e-01,6.628553145938727020e-01,6.640244505487041815e-01,6.659728046946983282e-01,6.687000299679715098e-01,6.722055643037228023e-01,6.764885558567604873e-01,6.815477687315948385e-01,6.873814703882211719e-01,6.939873018130522375e-01,7.013621311571366368e-01,7.095018906672084791e-01,7.184013950945474791e-01,7.280541369397540707e-01,7.384520492220087995e-01,7.495852189180077785e-01,7.614415221556511959e-01,7.740061330108095605e-01,7.872608269618575072e-01,8.011829503609737557e-01,8.157438461286891096e-01,8.309063913788730105e-01,8.466210758602167319e-01,8.628196600232896918e-01,8.794047660903107078e-01,8.962325227965446395e-01,9.130831123794667104e-01,9.296097732054781071e-01,9.452484879450164801e-01,9.590541049213616720e-01,9.693955901046632517e-01,9.733775608194916718e-01,9.657349222750900575e-01,9.367906212580302538e-01,8.692526810662740688e-01,7.363890558278265441e-01,5.165696088041880074e-01,2.536509859310794313e-01
1.026986076986077023e+00,5.243511027592373530e-01,7.366600395199344176e-01,8.652093668787461667e-01,9.323279104654446092e-01,9.629021785152217516e-01,9.728987963709347930e-01,9.713541292936825888e-01,9.632742985086492071e-01,9.514705390741918789e-01,9.375626532888311493e-01,9.225120638984762866e-01,9.069073165333088049e-01,8.911202416292273165e-01,8.753935031354859175e-01,8.598908976241406155e-01,8.447269164812351017e-01,8.299844779661501581e-01,8.157257566042152019e-01,8.019989039251481655e-01,7.888422817694585865e-01,7.762871687635380935e-01,7.643595197059465107e-01,7.530811332154903059e-01,7.424704481105567355e-01,7.325431064294830596e-01,7.233123696557526294e-01,7.147894423491903959e-01,7.069837367772393577e-01,6.999030989347573284e-01,6.935540078655252350e-01,6.879417547853872161e-01,6.830706050962647158e-01,6.789439442884445119e-01,6.755644075083553357e-01,6.729339919245569401e-01,6.710541507584636411e-01,6.699258678260121558e-01,6.695497115735418170e-01,6.699258678260123778e-01,6.710541507584636411e-01,6.729339919245578283e-01,6.755644075083550026e-01,6.789439442884446230e-01,6.830706050962642717e-01,6.879417547853872161e-01,6.935540078655256790e-01,6.999030989347575504e-01,7.069837367772383585e-01,7.147894423491898408e-01,7.233123696557524074e-01,7.325431064294820604e-01,7.424704481105565135e-01,7.530811332154904170e-01,7.643595197059466217e-01,7.762871687635379825e-01,7.888422817694583644e-01,8.019989039251491647e-01,8.157257566042160901e-01,8.299844779661504912e-01,8.447269164812352127e-01,8.598908976241409485e-01,8.753935031354871388e-01,8.911202416292277606e-01,9.069073165333094710e-01,9.225120638984748433e-01,9.375626532888302611e-01,9.514705390741924340e-01,9.632742985086486520e-01,9.713541292936818117e-01,9.728987963709343489e-01,9.629021785152253043e-01,9.323279104654454974e-01,8.652093668787574909e-01,7.366600395199468521e-01,5.243511027592403506e-01
1.033333333333333437e+00,7.362932020247986431e-01,8.607553625248833828e-01,9.275428394649333219e-01,9.596894951990632139e-01,9.719306028915448703e-01,9.727139697063826862e-01,9.668059815986888017e-01,9.569380458489251673e-01,9.447175380540295819e-01,9.311193378766536854e-01,9.167535158276365337e-01,9.020142299182748458e-01,8.871646045825529736e-01,8.723863085480567658e-01,8.578091760255407427e-01,8.435292679967331120e-01,8.296200847865147221e-01,8.161396386078486609e-01,8.031349796906733784e-01,7.906451335648593259e-01,7.787030358233171246e-01,7.673368292486419939e-01,7.565707533979212362e-01,7.464257731551031672e-01,7.369200400525830474e-01,7.280692464398508257e-01,7.198869107421473901e-01,7.123846177929719081e-01,7.055722288705954526e-01,6.994580699373499355e-01,6.940491025918412715e-01,6.893510796941079155e-01,6.853686860455737717e-01,6.821056635859924500e-01,6.795649200954745339e-01,6.777486202153937267e-01,6.766582576271711336e-01,6.762947073837217715e-01,6.766582576271717997e-01,6.777486202153936157e-01,6.795649200954740898e-01,6.821056635859922279e-01,6.853686860455737717e-01,6.893510796941072494e-01,6.940491025918412715e-01,6.994580699373499355e-01,7.055722288705948975e-01,7.123846177929715751e-01,7.198869107421482783e-01,7.280692464398503816e-01,7.369200400525836026e-01,7.464257731551033892e-01,7.565707533979213473e-01,7.673368292486414388e-01,7.787030358233162364e-01,7.906451335648613243e-01,8.031349796906737115e-01,8.161396386078493270e-01,8.296200847865150552e-01,8.435292679967335561e-01,8.578091760255404097e-01,8.723863085480576540e-01,8.871646045825527516e-01,9.020142299182748458e-01,9.167535158276378660e-01,9.311193378766529083e-01,9.447175380540301370e-01,9.569380458489242791e-01,9.668059815986892458e-01,9.727139697063826862e-01,9.719306028915458695e-01,9.596894951990638800e-01,9.275428394649372077e-01,8.607553625248913765e-01,7.362932020248034171e-01
