nan,-5.000000000000000000e+00,-4.919354838709677047e+00,-4.838709677419354982e+00,-4.758064516129032029e+00,-4.677419354838709964e+00,-4.596774193548387011e+00,-4.516129032258064058e+00,-4.435483870967741993e+00,-4.354838709677419040e+00,-4.274193548387096975e+00,-4.193548387096774022e+00,-4.112903225806451957e+00,-4.032258064516129004e+00,-3.951612903225806495e+00,-3.870967741935483986e+00,-3.790322580645161032e+00,-3.709677419354838968e+00,-3.629032258064516014e+00,-3.548387096774193505e+00,-3.467741935483870996e+00,-3.387096774193548487e+00,-3.306451612903225978e+00,-3.225806451612903025e+00,-3.145161290322580960e+00,-3.064516129032258007e+00,-2.983870967741935498e+00,-2.903225806451612989e+00,-2.822580645161290480e+00,-2.741935483870967971e+00,-2.661290322580645018e+00,-2.580645161290322509e+00,-2.500000000000000000e+00,-2.419354838709677491e+00,-2.338709677419354982e+00,-2.258064516129032473e+00,-2.177419354838709964e+00,-2.096774193548387011e+00,-2.016129032258064502e+00,-1.935483870967741993e+00,-1.854838709677419484e+00,-1.774193548387096975e+00,-1.693548387096774466e+00,-1.612903225806451513e+00,-1.532258064516129004e+00,-1.451612903225806495e+00,-1.370967741935483986e+00,-1.290322580645161477e+00,-1.209677419354838968e+00,-1.129032258064516014e+00,-1.048387096774193505e+00,-9.677419354838709964e-01,-8.870967741935489315e-01,-8.064516129032259784e-01,-7.258064516129030253e-01,-6.451612903225809603e-01,-5.645161290322580072e-01,-4.838709677419359423e-01,-4.032258064516129892e-01,-3.225806451612900361e-01,-2.419354838709679711e-01,-1.612903225806450180e-01,-8.064516129032295311e-02,0.000000000000000000e+00,8.064516129032206493e-02,1.612903225806450180e-01,2.419354838709679711e-01,3.225806451612900361e-01,4.032258064516129892e-01,4.838709677419350541e-01,5.645161290322580072e-01,6.451612903225800721e-01,7.258064516129030253e-01,8.064516129032259784e-01,8.870967741935480433e-01,9.677419354838709964e-01,1.048387096774193061e+00,1.129032258064516014e+00,1.209677419354838968e+00,1.290322580645161032e+00,1.370967741935483986e+00,1.451612903225806051e+00,1.532258064516129004e+00,1.612903225806451069e+00,1.693548387096774022e+00,1.774193548387096975e+00,1.854838709677419040e+00,1.935483870967741993e+00,2.016129032258064058e+00,2.096774193548387011e+00,2.177419354838709076e+00,2.258064516129032029e+00,2.338709677419354982e+00,2.419354838709677047e+00,2.500000000000000000e+00,2.580645161290322065e+00,2.661290322580645018e+00,2.741935483870967971e+00,2.822580645161290036e+00,2.903225806451612989e+00,2.983870967741935054e+00,3.064516129032258007e+00,3.145161290322580072e+00,3.225806451612902137e+00,3.306451612903225978e+00,3.387096774193548043e+00,3.467741935483870108e+00,3.548387096774193949e+00,3.629032258064516014e+00,3.709677419354838079e+00,3.790322580645161921e+00,3.870967741935483986e+00,3.951612903225806051e+00,4.032258064516128115e+00,4.112903225806451957e+00,4.193548387096774022e+00,4.274193548387096087e+00,4.354838709677419928e+00,4.435483870967741993e+00,4.516129032258064058e+00,4.596774193548386123e+00,4.677419354838709964e+00,4.758064516129032029e+00,4.838709677419354094e+00,4.919354838709677935e+00,5.000000000000000000e+00
5.636363636363636020e-01,6.456981272924784410e-01,6.477957102609436246e-01,6.497647968581299338e-01,6.516051670981618527e-01,6.533222190215682845e-01,6.549503818571915659e-01,6.566131130499973656e-01,6.577792304063683204e-01,6.587535443189566076e-01,6.595489841907378192e-01,6.601654166285432224e-01,6.605998561143182624e-01,6.608487915943984659e-01,6.609093773736890443e-01,6.607804681875201203e-01,6.604637937870811992e-01,6.599654251220310464e-01,6.592976448347758200e-01,6.584813137328058286e-01,6.575487909767537831e-01,6.565473950593929686e-01,6.555432585017074709e-01,6.546252023793651675e-01,6.539079159550766907e-01,6.535332828559097251e-01,6.536682337263726161e-01,6.544972354845151052e-01,6.562078016336073683e-01,6.589686341871806574e-01,6.629023771299015211e-01,6.680580354092183759e-01,6.743905695133116662e-01,6.817552041972498866e-01,6.899205107142516447e-01,6.985982566694955986e-01,7.074822455475615612e-01,7.162859041696492124e-01,7.247702069900453514e-01,7.327580970189495613e-01,7.401362285251428252e-01,7.468477282985829246e-01,7.528803705094585519e-01,7.582537710936517739e-01,7.630078656436632967e-01,7.671936993383918768e-01,7.708667038043426345e-01,7.740821731840488162e-01,7.768924754163484270e-01,7.793455263625747031e-01,7.814841238684887559e-01,7.833458310458720764e-01,7.849631851278552341e-01,7.863640793757139535e-01,7.875722189007754448e-01,7.886075890759915996e-01,7.894869008068596816e-01,7.902239935747069621e-01,7.908301875460226338e-01,7.913145821928191381e-01,7.916843022447568323e-01,7.919446933945395450e-01,7.920994706721194989e-01,7.921508222253922371e-01,7.920994706721193879e-01,7.919446933945384348e-01,7.916843022447603850e-01,7.913145821928203594e-01,7.908301875460239660e-01,7.902239935747084054e-01,7.894869008068599037e-01,7.886075890759937090e-01,7.875722189007769991e-01,7.863640793757106229e-01,7.849631851278535688e-01,7.833458310458701890e-01,7.814841238684878677e-01,7.793455263625755913e-01,7.768924754163466506e-01,7.740821731840481501e-01,7.708667038043433006e-01,7.671936993383928760e-01,7.630078656436631857e-01,7.582537710936528841e-01,7.528803705094598842e-01,7.468477282985820365e-01,7.401362285251411599e-01,7.327580970189484511e-01,7.247702069900455735e-01,7.162859041696476581e-01,7.074822455475600069e-01,6.985982566694937113e-01,6.899205107142482030e-01,6.817552041972488874e-01,6.743905695133108891e-01,6.680580354092169326e-01,6.629023771298981904e-01,6.589686341871805464e-01,6.562078016336079234e-01,6.544972354845131068e-01,6.536682337263728382e-01,6.535332828559119456e-01,6.539079159550745812e-01,6.546252023793632802e-01,6.555432585017073599e-01,6.565473950593936348e-01,6.575487909767550043e-01,6.584813137328087151e-01,6.592976448347770413e-01,6.599654251220309353e-01,6.604637937870816433e-01,6.607804681875186770e-01,6.609093773736913757e-01,6.608487915944000202e-01,6.605998561143187064e-01,6.601654166285395586e-01,6.595489841907374862e-01,6.587535443189567186e-01,6.577792304063709850e-01,6.566131130499983648e-01,6.549503818571912328e-01,6.533222190215710601e-01,6.516051670981622967e-01,6.497647968581292677e-01,6.477957102609444018e-01,6.456981272924764426e-01
5.674242424242423866e-01,6.050112695593773404e-01,6.068990832190270801e-01,6.086569193885530415e-01,6.102858254334280197e-01,6.118016559132168908e-01,6.133150896191488233e-01,6.144585165535133564e-01,6.154215355637487894e-01,6.162149192472080594e-01,6.168386924788404890e-01,6.172913393923430414e-01,6.175719677962847598e-01,6.176816220490514153e-01,6.176245855689626030e-01,6.174099337544617372e-01,6.170534770652802425e-01,6.165801900226712817e-01,6.160271772285538239e-01,6.154471475402162328e-01,6.149122218747599122e-01,6.145176580072266859e-01,6.143847160064778157e-01,6.146614253421811558e-01,6.155195450141546232e-01,6.171457616106060806e-01,6.197255303438977680e-01,6.234193660048953367e-01,6.283340152438828818e-01,6.344942546442289277e-01,6.418235476046828536e-01,6.501414579556802353e-01,6.591814879277064776e-01,6.686261407206750551e-01,6.781498893975511644e-01,6.874586545472807231e-01,6.963171213265255677e-01,7.045606718321117956e-01,7.120938003462171650e-01,7.188796678774965754e-01,7.249257777376453271e-01,7.302695646745691604e-01,7.349660733591258932e-01,7.390785439372868915e-01,7.426718561128626828e-01,7.458083629328746689e-01,7.485455260123079491e-01,7.509348058600636699e-01,7.530213671527195007e-01,7.548442745127394993e-01,7.564369547921374615e-01,7.578277795729138067e-01,7.590406774731519590e-01,7.600957239223813389e-01,7.610096808683174396e-01,7.617964743370945202e-01,7.624676069360820652e-01,7.630325074610077030e-01,7.634988222623919629e-01,7.638726539480943378e-01,7.641587529988025373e-01,7.643606673589633527e-01,7.644808542831618148e-01,7.645207578104565860e-01,7.644808542831613707e-01,7.643606673589616873e-01,7.641587529988014271e-01,7.638726539480918953e-01,7.634988222623915188e-01,7.630325074610087022e-01,7.624676069360800668e-01,7.617964743370971847e-01,7.610096808683199932e-01,7.600957239223808948e-01,7.590406774731484063e-01,7.578277795729160271e-01,7.564369547921401260e-01,7.548442745127375009e-01,7.530213671527221653e-01,7.509348058600615605e-01,7.485455260123072829e-01,7.458083629328722264e-01,7.426718561128620166e-01,7.390785439372846710e-01,7.349660733591248940e-01,7.302695646745723801e-01,7.249257777376433287e-01,7.188796678774962423e-01,7.120938003462139454e-01,7.045606718321106854e-01,6.963171213265244575e-01,6.874586545472844978e-01,6.781498893975507203e-01,6.686261407206726126e-01,6.591814879277082539e-01,6.501414579556832329e-01,6.418235476046834087e-01,6.344942546442271514e-01,6.283340152438816606e-01,6.234193660048961139e-01,6.197255303438972129e-01,6.171457616106027499e-01,6.155195450141567326e-01,6.146614253421783802e-01,6.143847160064762614e-01,6.145176580072251316e-01,6.149122218747580249e-01,6.154471475402160108e-01,6.160271772285548231e-01,6.165801900226721699e-01,6.170534770652791323e-01,6.174099337544609600e-01,6.176245855689631581e-01,6.176816220490493059e-01,6.175719677962849818e-01,6.172913393923450398e-01,6.168386924788387127e-01,6.162149192472086146e-01,6.154215355637507878e-01,6.144585165535123572e-01,6.133150896191481571e-01,6.118016559132135601e-01,6.102858254334269095e-01,6.086569193885488227e-01,6.068990832190254148e-01,6.050112695593822254e-01
5.712121212121211711e-01,5.661518801112286337e-01,5.677909479051735930e-01,5.693000215698688082e-01,5.706825614587618389e-01,5.720112275512921896e-01,5.730900333486499409e-01,5.740028916894349686e-01,5.747584618964352021e-01,5.753576359707250898e-01,5.758012671629793022e-01,5.760921466189262707e-01,5.762364602382545886e-01,5.762453832921013985e-01,5.761370218915691233e-01,5.759388081191127995e-01,5.756903945938380840e-01,5.754470068220584045e-01,5.752830610480250684e-01,5.752956099355124309e-01,5.756068185595487607e-01,5.763642169189082676e-01,5.777370237735450775e-01,5.799066275857658326e-01,5.830497332305299985e-01,5.873141705542906932e-01,5.927900690249200411e-01,5.994824397092197721e-01,6.072935795612578458e-01,6.160230821151898573e-01,6.253886086779736342e-01,6.350634177549775439e-01,6.447205784884695312e-01,6.540721310897342766e-01,6.628947498096499080e-01,6.710393100152665102e-01,6.784269237739739555e-01,6.850365975526702123e-01,6.908896968690686480e-01,6.960349747149794375e-01,7.005361786769430665e-01,7.044628672672355041e-01,7.078842298521713650e-01,7.108653331074672455e-01,7.134651429261922306e-01,7.157357461891041828e-01,7.177223241783503571e-01,7.194635566624538736e-01,7.209922412594477192e-01,7.223359917849581091e-01,7.235179346393856292e-01,7.245573590268417075e-01,7.254703000694325832e-01,7.262700479193466840e-01,7.269675839436506859e-01,7.275719491849124143e-01,7.280905520835551092e-01,7.285294228566724373e-01,7.288934215782506554e-01,7.291864062718523831e-01,7.294113664301228317e-01,7.295705264378811172e-01,7.296654224609281369e-01,7.296969554958244730e-01,7.296654224609241401e-01,7.295705264378838928e-01,7.294113664301262734e-01,7.291864062718480533e-01,7.288934215782478798e-01,7.285294228566793207e-01,7.280905520835527778e-01,7.275719491849068632e-01,7.269675839436495757e-01,7.262700479193440195e-01,7.254703000694276982e-01,7.245573590268463704e-01,7.235179346393865174e-01,7.223359917849573320e-01,7.209922412594491625e-01,7.194635566624568712e-01,7.177223241783519114e-01,7.157357461891012962e-01,7.134651429261927857e-01,7.108653331074664683e-01,7.078842298521712539e-01,7.044628672672390568e-01,7.005361786769424004e-01,6.960349747149827682e-01,6.908896968690688700e-01,6.850365975526727658e-01,6.784269237739740666e-01,6.710393100152635126e-01,6.628947498096532387e-01,6.540721310897372742e-01,6.447205784884704194e-01,6.350634177549747683e-01,6.253886086779745224e-01,6.160230821151866376e-01,6.072935795612567356e-01,5.994824397092182178e-01,5.927900690249187088e-01,5.873141705542902491e-01,5.830497332305311087e-01,5.799066275857632791e-01,5.777370237735468539e-01,5.763642169189129305e-01,5.756068185595483166e-01,5.752956099355128750e-01,5.752830610480264006e-01,5.754470068220572943e-01,5.756903945938376399e-01,5.759388081191145758e-01,5.761370218915671249e-01,5.762453832920978458e-01,5.762364602382534784e-01,5.760921466189308227e-01,5.758012671629788581e-01,5.753576359707213150e-01,5.747584618964336478e-01,5.740028916894353017e-01,5.730900333486496079e-01,5.720112275512929667e-01,5.706825614587633932e-01,5.693000215698653665e-01,5.677909479051738151e-01,5.661518801112304100e-01
5.749999999999999556e-01,5.307821178391733952e-01,5.321512372978163263e-01,5.333889654056667151e-01,5.345185374983379978e-01,5.354955503059379840e-01,5.363224504983449270e-01,5.370055867134585492e-01,5.375473203344565132e-01,5.379516098947600966e-01,5.382257799938308107e-01,5.383821354578599561e-01,5.384398475457558009e-01,5.384272477721212535e-01,5.383845733799568212e-01,5.383671145506183642e-01,5.384485636309476186e-01,5.387241281890225997e-01,5.393126248449318094e-01,5.403563399401587475e-01,5.420170276327028747e-01,5.444662477594571781e-01,5.478686987910100781e-01,5.523586817923149539e-01,5.580124667703890706e-01,5.648225200918707278e-01,5.726817311118632681e-01,5.813849901889631688e-01,5.906508252585522811e-01,6.001588208202153218e-01,6.095927744198016418e-01,6.186781738811683029e-01,6.272060145771325423e-01,6.350407760410075042e-01,6.421153664233205660e-01,6.484182362716426340e-01,6.539777543283226136e-01,6.588474504667573006e-01,6.630939927797832034e-01,6.667884174827617416e-01,6.700003368856728425e-01,6.727945146884436456e-01,6.752291478085153953e-01,6.773552829996122293e-01,6.792169300178654279e-01,6.808515619376969141e-01,6.822907980466716982e-01,6.835611421253021680e-01,6.846847023435727042e-01,6.856798539904706002e-01,6.865618280770540149e-01,6.873432217685462309e-01,6.880344337371741004e-01,6.886440310553767485e-01,6.891790556132811885e-01,6.896452781735651349e-01,6.900474076506480925e-01,6.903892623670770945e-01,6.906739091010116738e-01,6.909037748047486271e-01,6.910807349991933135e-01,6.912061820549435520e-01,6.912810758589540416e-01,6.913059787286727209e-01,6.912810758589518212e-01,6.912061820549427749e-01,6.910807349991944237e-01,6.909037748047442973e-01,6.906739091010057896e-01,6.903892623670806472e-01,6.900474076506520893e-01,6.896452781735693538e-01,6.891790556132837420e-01,6.886440310553800792e-01,6.880344337371722130e-01,6.873432217685498946e-01,6.865618280770608983e-01,6.856798539904669365e-01,6.846847023435701507e-01,6.835611421253027231e-01,6.822907980466709210e-01,6.808515619377011330e-01,6.792169300178581004e-01,6.773552829996123403e-01,6.752291478085119536e-01,6.727945146884422023e-01,6.700003368856736197e-01,6.667884174827625188e-01,6.630939927797822042e-01,6.588474504667561904e-01,6.539777543283261663e-01,6.484182362716399695e-01,6.421153664233212321e-01,6.350407760410058389e-01,6.272060145771314321e-01,6.186781738811613085e-01,6.095927744198046394e-01,6.001588208202182084e-01,5.906508252585533914e-01,5.813849901889642791e-01,5.726817311118626019e-01,5.648225200918716160e-01,5.580124667703901808e-01,5.523586817923182846e-01,5.478686987910087458e-01,5.444662477594590655e-01,5.420170276327034298e-01,5.403563399401590805e-01,5.393126248449315874e-01,5.387241281890201572e-01,5.384485636309483958e-01,5.383671145506179201e-01,5.383845733799592637e-01,5.384272477721253614e-01,5.384398475457540245e-01,5.383821354578641749e-01,5.382257799938353626e-01,5.379516098947634273e-01,5.375473203344578454e-01,5.370055867134551075e-01,5.363224504983440388e-01,5.354955503059369848e-01,5.345185374983367765e-01,5.333889654056691576e-01,5.321512372978165484e-01,5.307821178391743944e-01
5.787878787878787401e-01,4.995753860020100690e-01,5.006625893254122994e-01,5.015972077630268533e-01,5.024381337174690376e-01,5.031465841931361815e-01,5.037251150940343924e-01,5.041779727877002681e-01,5.045128102981264462e-01,5.047421712709098118e-01,5.048852433938996187e-01,5.049699939892718925e-01,5.050357161461271893e-01,5.051359266255308622e-01,5.053414162274288968e-01,5.057430308443607858e-01,5.064534428690100620e-01,5.076067796270328225e-01,5.093546046630728075e-01,5.118566143455137718e-01,5.152648584996085690e-01,5.197016851177571617e-01,5.252340491969057501e-01,5.318497484071466053e-01,5.394431195297467729e-01,5.478169619966278825e-01,5.567031388416490145e-01,5.657978392904744469e-01,5.748021364964275293e-01,5.834571827147597700e-01,5.915665613583056537e-01,5.990037226669817638e-01,6.057071161704842277e-01,6.116679086552834210e-01,6.169151002553748819e-01,6.215014618020353598e-01,6.254920752716629506e-01,6.289559775042117273e-01,6.319606488681710488e-01,6.345687650587541473e-01,6.368365804131007613e-01,6.388133952950616479e-01,6.405416875665398413e-01,6.420576116000873412e-01,6.433916688831007313e-01,6.445694285772476384e-01,6.456122277138500731e-01,6.465378142938019712e-01,6.473609174873562466e-01,6.480937414874152758e-01,6.487463863723670343e-01,6.493272026737553215e-01,6.498430876114843491e-01,6.502997310495496341e-01,6.507018186948969607e-01,6.510531992470290907e-01,6.513570212995768438e-01,6.516158449031311806e-01,6.518317318743852562e-01,6.520063181994943946e-01,6.521408712339743508e-01,6.522363338398828869e-01,6.522933571128950447e-01,6.523123229233104281e-01,6.522933571128968211e-01,6.522363338398798893e-01,6.521408712339737956e-01,6.520063181994951718e-01,6.518317318743874766e-01,6.516158449031318467e-01,6.513570212995729580e-01,6.510531992470288687e-01,6.507018186948906324e-01,6.502997310495483019e-01,6.498430876114845711e-01,6.493272026737525460e-01,6.487463863723686996e-01,6.480937414874143876e-01,6.473609174873583560e-01,6.465378142938049688e-01,6.456122277138542920e-01,6.445694285772455290e-01,6.433916688831040620e-01,6.420576116000865641e-01,6.405416875665363996e-01,6.388133952950688643e-01,6.368365804131040919e-01,6.345687650587504836e-01,6.319606488681726031e-01,6.289559775042125045e-01,6.254920752716681687e-01,6.215014618020326953e-01,6.169151002553775465e-01,6.116679086552829769e-01,6.057071161704850049e-01,5.990037226669778780e-01,5.915665613583064308e-01,5.834571827147638778e-01,5.748021364964281954e-01,5.657978392904724485e-01,5.567031388416459059e-01,5.478169619966294368e-01,5.394431195297458848e-01,5.318497484071450510e-01,5.252340491969050840e-01,5.197016851177580499e-01,5.152648584996077918e-01,5.118566143455167694e-01,5.093546046630744728e-01,5.076067796270304910e-01,5.064534428690122825e-01,5.057430308443601197e-01,5.053414162274287857e-01,5.051359266255296410e-01,5.050357161461290767e-01,5.049699939892701162e-01,5.048852433939009510e-01,5.047421712709083685e-01,5.045128102981281115e-01,5.041779727876989359e-01,5.037251150940347255e-01,5.031465841931334060e-01,5.024381337174710360e-01,5.015972077630274084e-01,5.006625893254087467e-01,4.995753860020099024e-01
5.825757575757575246e-01,4.726390070789541209e-01,4.734023514940062238e-01,4.740693864252692458e-01,4.746290568707376978e-01,4.750730839085893775e-01,4.754077461681812111e-01,4.756448838719748440e-01,4.758028725101146605e-01,4.759084427673957451e-01,4.759989681232977277e-01,4.761250880829326348e-01,4.763534575871347099e-01,4.767692232153483145e-01,4.774775438061636956e-01,4.786031246947651807e-01,4.802864106559674995e-01,4.826749755397338193e-01,4.859090580861460396e-01,4.901014422199957421e-01,4.953140538557484485e-01,5.015362489848440575e-01,5.086715466147900822e-01,5.165389412940721847e-01,5.248911638661505341e-01,5.334465080798193037e-01,5.419259449827018571e-01,5.500858681838167730e-01,5.577394571876709284e-01,5.647644430320194475e-01,5.710993811171207746e-01,5.767327687635709355e-01,5.816894311721776401e-01,5.860174182775621521e-01,5.897771704689735994e-01,5.930335109593033449e-01,5.958502876889305577e-01,5.982871565252958490e-01,6.003979290564220861e-01,6.022299737027008160e-01,6.038242716834500978e-01,6.052158428121459099e-01,6.064343504862811374e-01,6.075047660089650803e-01,6.084480218486381098e-01,6.092816161876327685e-01,6.100201517485115410e-01,6.106758042410311838e-01,6.112587226997616696e-01,6.117773674920885529e-01,6.122387932176051040e-01,6.126488839693742250e-01,6.130125480346417799e-01,6.133338784133578470e-01,6.136162847228120443e-01,6.138626012457819581e-01,6.140751751230163480e-01,6.142559380138168379e-01,6.144064639563933117e-01,6.145280156495444013e-01,6.146215809398093421e-01,6.146879009239298863e-01,6.147274907533009092e-01,6.147406539450639418e-01,6.147274907532984667e-01,6.146879009239328839e-01,6.146215809398107854e-01,6.145280156495454005e-01,6.144064639563961983e-01,6.142559380138151726e-01,6.140751751230185684e-01,6.138626012457816250e-01,6.136162847228102679e-01,6.133338784133570698e-01,6.130125480346464428e-01,6.126488839693707833e-01,6.122387932176047709e-01,6.117773674920850002e-01,6.112587226997616696e-01,6.106758042410275200e-01,6.100201517485112079e-01,6.092816161876367653e-01,6.084480218486391090e-01,6.075047660089626378e-01,6.064343504862816925e-01,6.052158428121447997e-01,6.038242716834452128e-01,6.022299737027002609e-01,6.003979290564187554e-01,5.982871565252928514e-01,5.958502876889339994e-01,5.930335109593050102e-01,5.897771704689707128e-01,5.860174182775623741e-01,5.816894311721786393e-01,5.767327687635747102e-01,5.710993811171191092e-01,5.647644430320217790e-01,5.577394571876698182e-01,5.500858681838198816e-01,5.419259449827033004e-01,5.334465080798156400e-01,5.248911638661483137e-01,5.165389412940721847e-01,5.086715466147897491e-01,5.015362489848436134e-01,4.953140538557480044e-01,4.901014422199969633e-01,4.859090580861434860e-01,4.826749755397342079e-01,4.802864106559646684e-01,4.786031246947623496e-01,4.774775438061654165e-01,4.767692232153487586e-01,4.763534575871331000e-01,4.761250880829310805e-01,4.759989681232967840e-01,4.759084427673931916e-01,4.758028725101128287e-01,4.756448838719717354e-01,4.754077461681787686e-01,4.750730839085895996e-01,4.746290568707376978e-01,4.740693864252641943e-01,4.734023514940038924e-01,4.726390070789510123e-01
5.863636363636363091e-01,4.496923997193600364e-01,4.501279174541684691e-01,4.505081874893517302e-01,4.507885744501093361e-01,4.509770367540755220e-01,4.510899693441578484e-01,4.511521169801502862e-01,4.511982934057875427e-01,4.512756466661724808e-01,4.514460952620292788e-01,4.517885268871713045e-01,4.524001328641826247e-01,4.533959559034020370e-01,4.549054511543755841e-01,4.570647708461059722e-01,4.600038400529630755e-01,4.638283678144061173e-01,4.685988141282202979e-01,4.743106028097663907e-01,4.808814857858589309e-01,4.881515783236500816e-01,4.958984849997051803e-01,5.038649893988118578e-01,5.117923380963400604e-01,5.194505755884225584e-01,5.266593400489594234e-01,5.332965949484050894e-01,5.392966950065949394e-01,5.446414250256653711e-01,5.493479825828274654e-01,5.534569746123729761e-01,5.570222092668323244e-01,5.601029544455088383e-01,5.627586138851592423e-01,5.650454177158017455e-01,5.670146231622794630e-01,5.687117575397188096e-01,5.701765276312671382e-01,5.714431198071581175e-01,5.725407022276487456e-01,5.734940075851825414e-01,5.743239228579437583e-01,5.750480450145559752e-01,5.756811825258365545e-01,5.762357953792121013e-01,5.767223737365582137e-01,5.771497593561261130e-01,5.775254157358226115e-01,5.778556535020409335e-01,5.781458174239014758e-01,5.784004409250462775e-01,5.786233733011265645e-01,5.788178841519653339e-01,5.789867488661427641e-01,5.791323183855292545e-01,5.792565759375671863e-01,5.793611829565810112e-01,5.794475160152966486e-01,5.795166962473187189e-01,5.795696124510446579e-01,5.796069388177262915e-01,5.796291480118749284e-01,5.796365201445086157e-01,5.796291480118732631e-01,5.796069388177291781e-01,5.795696124510412162e-01,5.795166962473157213e-01,5.794475160153015336e-01,5.793611829565814553e-01,5.792565759375670753e-01,5.791323183855289214e-01,5.789867488661371020e-01,5.788178841519621143e-01,5.786233733011337810e-01,5.784004409250411705e-01,5.781458174239018089e-01,5.778556535020401563e-01,5.775254157358239437e-01,5.771497593561263351e-01,5.767223737365581027e-01,5.762357953792098808e-01,5.756811825258345561e-01,5.750480450145584177e-01,5.743239228579475331e-01,5.734940075851858721e-01,5.725407022276508551e-01,5.714431198071571183e-01,5.701765276312641406e-01,5.687117575397238056e-01,5.670146231622813504e-01,5.650454177158057423e-01,5.627586138851554676e-01,5.601029544455045084e-01,5.570222092668328795e-01,5.534569746123690903e-01,5.493479825828286867e-01,5.446414250256652601e-01,5.392966950065951615e-01,5.332965949484053114e-01,5.266593400489599786e-01,5.194505755884202269e-01,5.117923380963382840e-01,5.038649893988115247e-01,4.958984849997069011e-01,4.881515783236476391e-01,4.808814857858580427e-01,4.743106028097665572e-01,4.685988141282214636e-01,4.638283678144066169e-01,4.600038400529619653e-01,4.570647708461061942e-01,4.549054511543767498e-01,4.533959559034005382e-01,4.524001328641868991e-01,4.517885268871710824e-01,4.514460952620263923e-01,4.512756466661707044e-01,4.511982934057860439e-01,4.511521169801481768e-01,4.510899693441580149e-01,4.509770367540769653e-01,4.507885744501101133e-01,4.505081874893523408e-01,4.501279174541661376e-01,4.496923997193603695e-01
5.901515151515150936e-01,4.302557219530107613e-01,4.304229796785197237e-01,4.305100373519543111e-01,4.305251706003010992e-01,4.304895107942449117e-01,4.304346332038149203e-01,4.304038504870275617e-01,4.304541816297447476e-01,4.306582440852217419e-01,4.311054231372158374e-01,4.319014817900282965e-01,4.331655539431866209e-01,4.350233897637105773e-01,4.375960191929501031e-01,4.409838988064000431e-01,4.452481865729142618e-01,4.503927348900559346e-01,4.563518623313125300e-01,4.629888320136552049e-01,4.701075505321505865e-01,4.774758742802885925e-01,4.848549265078262449e-01,4.920270437437550548e-01,4.988161903031533839e-01,5.050979600477165654e-01,5.107997762025706656e-01,5.158941487007600024e-01,5.203884575066337614e-01,5.243141479626822754e-01,5.277171599513561517e-01,5.306504053283369604e-01,5.331684015389017706e-01,5.353237854040723276e-01,5.371652886349240763e-01,5.387367571314738424e-01,5.400768624646926641e-01,5.412192383806470053e-01,5.421928535497892998e-01,5.430224949451551986e-01,5.437292829678377348e-01,5.443311719903167756e-01,5.448434115803275635e-01,5.452789573554578384e-01,5.456488286796696840e-01,5.459624150947547383e-01,5.462277357834504077e-01,5.464516573691617918e-01,5.466400755485111285e-01,5.467980657949391698e-01,5.469300078929990594e-01,5.470396884991414188e-01,5.471303853537832218e-01,5.472049362315640764e-01,5.472657952321313690e-01,5.473150785879717928e-01,5.473546017978261347e-01,5.473859095797817265e-01,5.474102998707512935e-01,5.474288428713389720e-01,5.474423959420273711e-01,5.474516149900037210e-01,5.474569628421590561e-01,5.474587149730461011e-01,5.474569628421586120e-01,5.474516149900008344e-01,5.474423959420310348e-01,5.474288428713339760e-01,5.474102998707488510e-01,5.473859095797822816e-01,5.473546017978215827e-01,5.473150785879705715e-01,5.472657952321338115e-01,5.472049362315664078e-01,5.471303853537838879e-01,5.470396884991383102e-01,5.469300078929952846e-01,5.467980657949446099e-01,5.466400755485113505e-01,5.464516573691562407e-01,5.462277357834490754e-01,5.459624150947559595e-01,5.456488286796701281e-01,5.452789573554608360e-01,5.448434115803328925e-01,5.443311719903132229e-01,5.437292829678411765e-01,5.430224949451565308e-01,5.421928535497927415e-01,5.412192383806497809e-01,5.400768624646909988e-01,5.387367571314735093e-01,5.371652886349206346e-01,5.353237854040656662e-01,5.331684015388999942e-01,5.306504053283380706e-01,5.277171599513599265e-01,5.243141479626801660e-01,5.203884575066355378e-01,5.158941487007659976e-01,5.107997762025681121e-01,5.050979600477155662e-01,4.988161903031561040e-01,4.920270437437559430e-01,4.848549265078252457e-01,4.774758742802870937e-01,4.701075505321479775e-01,4.629888320136543167e-01,4.563518623313137512e-01,4.503927348900553795e-01,4.452481865729145394e-01,4.409838988064005427e-01,4.375960191929504361e-01,4.350233897637105773e-01,4.331655539431874535e-01,4.319014817900299064e-01,4.311054231372151713e-01,4.306582440852242399e-01,4.304541816297441370e-01,4.304038504870277837e-01,4.304346332038160305e-01,4.304895107942441346e-01,4.305251706003015988e-01,4.305100373519542556e-01,4.304229796785205009e-01,4.302557219530108723e-01
5.939393939393938782e-01,4.142842028794031517e-01,4.141498665156558845e-01,4.139687823160649316e-01,4.137665843408667166e-01,4.135819278145177469e-01,4.134667575067001444e-01,4.134875745274604886e-01,4.137263401476048985e-01,4.142801109167500995e-01,4.152584381127260027e-01,4.167775319971793735e-01,4.189504392449946435e-01,4.218732178107530428e-01,4.256083970493560464e-01,4.301686540952109894e-01,4.355049652854931508e-01,4.415035835820703136e-01,4.479944140592343471e-01,4.547700182775055722e-01,4.616109716178646849e-01,4.683113615627796378e-01,4.746987528098155495e-01,4.806454431349311274e-01,4.860708541326133614e-01,4.909371143130472626e-01,4.952407582418539289e-01,4.990032089241842050e-01,5.022618903405480228e-01,5.050629299012565632e-01,5.074557273178261774e-01,5.094892542955919978e-01,5.112097632821873683e-01,5.126595441820981369e-01,5.138764052411122218e-01,5.148936204842182729e-01,5.157401544543886995e-01,5.164410335420435150e-01,5.170177784564374823e-01,5.174888450918826432e-01,5.178700434854854873e-01,5.181749193013284183e-01,5.184150915418067607e-01,5.186005457274766028e-01,5.187398848808469909e-01,5.188405421909858539e-01,5.189089598276573900e-01,5.189507384121027078e-01,5.189707613880142345e-01,5.189732981277501711e-01,5.189620891489246102e-01,5.189404163577131524e-01,5.189111608072355386e-01,5.188768500737429568e-01,5.188396970151707421e-01,5.188016313839555194e-01,5.187643255159997135e-01,5.187292151047075972e-01,5.186975158884437054e-01,5.186702369266431578e-01,5.186481910090435798e-01,5.186320026305549780e-01,5.186221138668022368e-01,5.186187883999360260e-01,5.186221138668011266e-01,5.186320026305526465e-01,5.186481910090448011e-01,5.186702369266388279e-01,5.186975158884424841e-01,5.187292151047072641e-01,5.187643255159997135e-01,5.188016313839540761e-01,5.188396970151707421e-01,5.188768500737446221e-01,5.189111608072334292e-01,5.189404163577132634e-01,5.189620891489243881e-01,5.189732981277505042e-01,5.189707613880124581e-01,5.189507384121045952e-01,5.189089598276538373e-01,5.188405421909805249e-01,5.187398848808494334e-01,5.186005457274778241e-01,5.184150915418075378e-01,5.181749193013285293e-01,5.178700434854875967e-01,5.174888450918823102e-01,5.170177784564370382e-01,5.164410335420431819e-01,5.157401544543877003e-01,5.148936204842163855e-01,5.138764052411100014e-01,5.126595441820984700e-01,5.112097632821879234e-01,5.094892542955937742e-01,5.074557273178263994e-01,5.050629299012554529e-01,5.022618903405481339e-01,4.990032089241819846e-01,4.952407582418528742e-01,4.909371143130470960e-01,4.860708541326135279e-01,4.806454431349292955e-01,4.746987528098170483e-01,4.683113615627799708e-01,4.616109716178649625e-01,4.547700182775052946e-01,4.479944140592335144e-01,4.415035835820712573e-01,4.355049652854930398e-01,4.301686540952094351e-01,4.256083970493570456e-01,4.218732178107543751e-01,4.189504392449942549e-01,4.167775319971805947e-01,4.152584381127283342e-01,4.142801109167477125e-01,4.137263401476007907e-01,4.134875745274608216e-01,4.134667575067001444e-01,4.135819278145171363e-01,4.137665843408662170e-01,4.139687823160635993e-01,4.141498665156568837e-01,4.142842028794064269e-01
5.977272727272726627e-01,4.013621905569994541e-01,4.009676343758435957e-01,4.005895461105731248e-01,4.002733286717562455e-01,4.000790218796808073e-01,4.000812966590144848e-01,4.003688744997497828e-01,4.010421962734779799e-01,4.022083816481267782e-01,4.039727794449295972e-01,4.064270167682828561e-01,4.096345161912843258e-01,4.136158164307479068e-01,4.183372122918377345e-01,4.237064930433825372e-01,4.295783292290917821e-01,4.357692423760824996e-01,4.420790831542437682e-01,4.483139548135561814e-01,4.543054809100713909e-01,4.599230733357057010e-01,4.650783688049638376e-01,4.697231093201172936e-01,4.738428116394004519e-01,4.774486233720802719e-01,4.805691980985991041e-01,4.832436754310124316e-01,4.855162087282549610e-01,4.874320518383615242e-01,4.890349887018275443e-01,4.903658092597091289e-01,4.914615408990487544e-01,4.923551902587798290e-01,4.930758068598586341e-01,4.936487329016329140e-01,4.940959468183812597e-01,4.944364408351248352e-01,4.946865960385656846e-01,4.948605343392495914e-01,4.949704370733403747e-01,4.950268264948057273e-01,4.950388102822799175e-01,4.950142913306236903e-01,4.949601461446188067e-01,4.948823755255939982e-01,4.947862312216818603e-01,4.946763219776977305e-01,4.945567020838659844e-01,4.944309451505261022e-01,4.943022054682240096e-01,4.941732689689112279e-01,4.940465954952073524e-01,4.939243538124230559e-01,4.938084505628697607e-01,4.937005541602160763e-01,4.936021144499359581e-01,4.935143788167364876e-01,4.934384052966437340e-01,4.933750731473368623e-01,4.933250912418584155e-01,4.932890045748827834e-01,4.932671991054283778e-01,4.932599051020740699e-01,4.932671991054280447e-01,4.932890045748847818e-01,4.933250912418575829e-01,4.933750731473367512e-01,4.934384052966417356e-01,4.935143788167372647e-01,4.936021144499330715e-01,4.937005541602161318e-01,4.938084505628730914e-01,4.939243538124212796e-01,4.940465954952051875e-01,4.941732689689111169e-01,4.943022054682225663e-01,4.944309451505276010e-01,4.945567020838638750e-01,4.946763219776996179e-01,4.947862312216808611e-01,4.948823755255933321e-01,4.949601461446176409e-01,4.950142913306235237e-01,4.950388102822786407e-01,4.950268264948085029e-01,4.949704370733376546e-01,4.948605343392511458e-01,4.946865960385689598e-01,4.944364408351227258e-01,4.940959468183821479e-01,4.936487329016305270e-01,4.930758068598574129e-01,4.923551902587781637e-01,4.914615408990467005e-01,4.903658092597081297e-01,4.890349887018249908e-01,4.874320518383615797e-01,4.855162087282520744e-01,4.832436754310138749e-01,4.805691980985984380e-01,4.774486233720795503e-01,4.738428116393991751e-01,4.697231093201180152e-01,4.650783688049637821e-01,4.599230733357052570e-01,4.543054809100723901e-01,4.483139548135560704e-01,4.420790831542440458e-01,4.357692423760843869e-01,4.295783292290915600e-01,4.237064930433838139e-01,4.183372122918390668e-01,4.136158164307477403e-01,4.096345161912854360e-01,4.064270167682808577e-01,4.039727794449278764e-01,4.022083816481262231e-01,4.010421962734775914e-01,4.003688744997508375e-01,4.000812966590140407e-01,4.000790218796822506e-01,4.002733286717570227e-01,4.005895461105705158e-01,4.009676343758438732e-01,4.013621905569991211e-01
6.015151515151514472e-01,3.914580148766824697e-01,3.909209448141791610e-01,3.904997421158975524e-01,3.902606505722852059e-01,3.902835785155656101e-01,3.906595712245987673e-01,3.914862999372983321e-01,3.928607739257138354e-01,3.948690821377625060e-01,3.975738516735900507e-01,4.010012345590749927e-01,4.051302606385961402e-01,4.098877633653546515e-01,4.151512989758586736e-01,4.207605069861323210e-01,4.265348623094917802e-01,4.322938470461404892e-01,4.378751069906460236e-01,4.431472589126721484e-01,4.480159998734639659e-01,4.524240862751949255e-01,4.563469373949454178e-01,4.597859335977853568e-01,4.627611646345923813e-01,4.653047959883576112e-01,4.674556406786201102e-01,4.692550900814009829e-01,4.707442972728230757e-01,4.719623878435191822e-01,4.729454470405622390e-01,4.737260554805113877e-01,4.743331888680011876e-01,4.747923429894196357e-01,4.751257855501746508e-01,4.753528684379731417e-01,4.754903577911452350e-01,4.755527560851600111e-01,4.755526018775910746e-01,4.755007403127751164e-01,4.754065621598219105e-01,4.752782119346126710e-01,4.751227671852642498e-01,4.749463917522506184e-01,4.747544660558406515e-01,4.745516974171888336e-01,4.743422132166119631e-01,4.741296394148313276e-01,4.739171666611794453e-01,4.737076059149951668e-01,4.735034352290916071e-01,4.733068390938170444e-01,4.731197415202105239e-01,4.729438338492970573e-01,4.727805981107772726e-01,4.726313266146317527e-01,4.724971383407851055e-01,4.723789925920685029e-01,4.722777002912411648e-01,4.721939332314278315e-01,4.721282315287989029e-01,4.720810094744805618e-01,4.720525599379357673e-01,4.720430574349436803e-01,4.720525599379369330e-01,4.720810094744756769e-01,4.721282315288015674e-01,4.721939332314280535e-01,4.722777002912419420e-01,4.723789925920669486e-01,4.724971383407823300e-01,4.726313266146315861e-01,4.727805981107751077e-01,4.729438338492947258e-01,4.731197415202081924e-01,4.733068390938178216e-01,4.735034352290903858e-01,4.737076059149963880e-01,4.739171666611782796e-01,4.741296394148367122e-01,4.743422132166158489e-01,4.745516974171898883e-01,4.747544660558372653e-01,4.749463917522531164e-01,4.751227671852633616e-01,4.752782119346143364e-01,4.754065621598261293e-01,4.755007403127755050e-01,4.755526018775900754e-01,4.755527560851587898e-01,4.754903577911442913e-01,4.753528684379751401e-01,4.751257855501728744e-01,4.747923429894208569e-01,4.743331888680022423e-01,4.737260554805129975e-01,4.729454470405634603e-01,4.719623878435179054e-01,4.707442972728221875e-01,4.692550900813995951e-01,4.674556406786151697e-01,4.653047959883566675e-01,4.627611646345909380e-01,4.597859335977849682e-01,4.563469373949461949e-01,4.524240862751943704e-01,4.480159998734648541e-01,4.431472589126698725e-01,4.378751069906450244e-01,4.322938470461403782e-01,4.265348623094898373e-01,4.207605069861324321e-01,4.151512989758598948e-01,4.098877633653553731e-01,4.051302606385969174e-01,4.010012345590759919e-01,3.975738516735898287e-01,3.948690821377620064e-01,3.928607739257145015e-01,3.914862999373001085e-01,3.906595712245976570e-01,3.902835785155656656e-01,3.902606505722853170e-01,3.904997421158973303e-01,3.909209448141779397e-01,3.914580148766815815e-01
6.053030303030302317e-01,3.850290908612605811e-01,3.845851072469780862e-01,3.843871163067174024e-01,3.845148598769571047e-01,3.850548496318524361e-01,3.860938754796858774e-01,3.877102242278092636e-01,3.899629863592547485e-01,3.928807857122251779e-01,3.964521458505084750e-01,4.006201200852718691e-01,4.052833587233675150e-01,4.103043635457502281e-01,4.155236937481377457e-01,4.207771516199067530e-01,4.259122625964353315e-01,4.308009319963782557e-01,4.353466274958209814e-01,4.394860771273147448e-01,4.431866679986015134e-01,4.464412329067967145e-01,4.492618216206225035e-01,4.516736359800161416e-01,4.537098156526384596e-01,4.554073494985353410e-01,4.568041116459783391e-01,4.579368733448170303e-01,4.588400867127415683e-01,4.595452375674404233e-01,4.600805928795772548e-01,4.604712055197281995e-01,4.607390748737615338e-01,4.609033921861622751e-01,4.609808230410036289e-01,4.609857966949351127e-01,4.609307841431324881e-01,4.608265550310463032e-01,4.606824088890805191e-01,4.605063795189980880e-01,4.603054133444662299e-01,4.600855236185305008e-01,4.598519228833359840e-01,4.596091362237906264e-01,4.593610977938521467e-01,4.591112329176217921e-01,4.588625278375519922e-01,4.586175889356805535e-01,4.583786930126675374e-01,4.581478299847059898e-01,4.579267391559687095e-01,4.577169400455926018e-01,4.575197585930712019e-01,4.573363494323282596e-01,4.571677148109579703e-01,4.570147206341685364e-01,4.568781100312573340e-01,4.567585147730494066e-01,4.566564648100385204e-01,4.565723961514208673e-01,4.565066572625876562e-01,4.564595141223449781e-01,4.564311540493544150e-01,4.564216883793307256e-01,4.564311540493551367e-01,4.564595141223437569e-01,4.565066572625865460e-01,4.565723961514190354e-01,4.566564648100399637e-01,4.567585147730501838e-01,4.568781100312588883e-01,4.570147206341662605e-01,4.571677148109599131e-01,4.573363494323302580e-01,4.575197585930711464e-01,4.577169400455936565e-01,4.579267391559694866e-01,4.581478299847063784e-01,4.583786930126649839e-01,4.586175889356796653e-01,4.588625278375506600e-01,4.591112329176207374e-01,4.593610977938494822e-01,4.596091362237907374e-01,4.598519228833384820e-01,4.600855236185331654e-01,4.603054133444661744e-01,4.605063795189958675e-01,4.606824088890822955e-01,4.608265550310474690e-01,4.609307841431320441e-01,4.609857966949353902e-01,4.609808230410032404e-01,4.609033921861604988e-01,4.607390748737602015e-01,4.604712055197297538e-01,4.600805928795771438e-01,4.595452375674388690e-01,4.588400867127399030e-01,4.579368733448180295e-01,4.568041116459787276e-01,4.554073494985355630e-01,4.537098156526395698e-01,4.516736359800152534e-01,4.492618216206228365e-01,4.464412329067958263e-01,4.431866679985999591e-01,4.394860771273148004e-01,4.353466274958212034e-01,4.308009319963786443e-01,4.259122625964351094e-01,4.207771516199058648e-01,4.155236937481392445e-01,4.103043635457486182e-01,4.052833587233670709e-01,4.006201200852712030e-01,3.964521458505086970e-01,3.928807857122258440e-01,3.899629863592545820e-01,3.877102242278090416e-01,3.860938754796864325e-01,3.850548496318519920e-01,3.845148598769587145e-01,3.843871163067171803e-01,3.845851072469780307e-01,3.850290908612609697e-01
6.090909090909091272e-01,3.835824127953816332e-01,3.835751059261073848e-01,3.839391114829924789e-01,3.847479113379785876e-01,3.860688921020178910e-01,3.879543798717008385e-01,3.904322098333893321e-01,3.934974327922510784e-01,3.971071809889986648e-01,4.011804980735513837e-01,4.056039715836100568e-01,4.102425245245274743e-01,4.149532849409980351e-01,4.195996705307307173e-01,4.240630078528153102e-01,4.282499887990631193e-01,4.320955547190152846e-01,4.355618770093430125e-01,4.386346874424780218e-01,4.413182960401043631e-01,4.436303867735345019e-01,4.455973045484322714e-01,4.472501897355825040e-01,4.486220509904310649e-01,4.497457057160432203e-01,4.506524412731005014e-01,4.513712307535325818e-01,4.519283496243389209e-01,4.523472658487465159e-01,4.526487053254735216e-01,4.528508210923282706e-01,4.529694165428028718e-01,4.530181896037381306e-01,4.530089769968855817e-01,4.529519862347369807e-01,4.528560087616409491e-01,4.527286114027265218e-01,4.525763056246212002e-01,4.524046954928273578e-01,4.522186059558803706e-01,4.520221934232784289e-01,4.518190406883830779e-01,4.516122381831569887e-01,4.514044534063939573e-01,4.511979901844092589e-01,4.509948392293060548e-01,4.507967212707530424e-01,4.506051238609578014e-01,4.504213327934329936e-01,4.502464589352889734e-01,4.500814611500711382e-01,4.499271658820652164e-01,4.497842838822517231e-01,4.496534244784427536e-01,4.495351077263888273e-01,4.494297747225234341e-01,4.493377963116248486e-01,4.492594803820093019e-01,4.491950779064590726e-01,4.491447878572246699e-01,4.491087610977217981e-01,4.490871033308778681e-01,4.490798771638924158e-01,4.490871033308779792e-01,4.491087610977226863e-01,4.491447878572236707e-01,4.491950779064569077e-01,4.492594803820078586e-01,4.493377963116254592e-01,4.494297747225233230e-01,4.495351077263882167e-01,4.496534244784459733e-01,4.497842838822511680e-01,4.499271658820639397e-01,4.500814611500715823e-01,4.502464589352916380e-01,4.504213327934326605e-01,4.506051238609600773e-01,4.507967212707515436e-01,4.509948392293077757e-01,4.511979901844083707e-01,4.514044534063944569e-01,4.516122381831566002e-01,4.518190406883834109e-01,4.520221934232794836e-01,4.522186059558803706e-01,4.524046954928250264e-01,4.525763056246219218e-01,4.527286114027260777e-01,4.528560087616379515e-01,4.529519862347401449e-01,4.530089769968860813e-01,4.530181896037366873e-01,4.529694165428047592e-01,4.528508210923292143e-01,4.526487053254729109e-01,4.523472658487464049e-01,4.519283496243384213e-01,4.513712307535313606e-01,4.506524412730996132e-01,4.497457057160423322e-01,4.486220509904308984e-01,4.472501897355817824e-01,4.455973045484340478e-01,4.436303867735332807e-01,4.413182960401031973e-01,4.386346874424770781e-01,4.355618770093435677e-01,4.320955547190136192e-01,4.282499887990616760e-01,4.240630078528162539e-01,4.195996705307304397e-01,4.149532849409978685e-01,4.102425245245270857e-01,4.056039715836095016e-01,4.011804980735527160e-01,3.971071809889990534e-01,3.934974327922517445e-01,3.904322098333890545e-01,3.879543798717001168e-01,3.860688921020187792e-01,3.847479113379798643e-01,3.839391114829925344e-01,3.835751059261079399e-01,3.835824127953804119e-01
6.128787878787878007e-01,3.901908371055483049e-01,3.909237517542542006e-01,3.920879356103010860e-01,3.937267626760178607e-01,3.958654323806793940e-01,3.985042203771352876e-01,4.016139608103349579e-01,4.051350909170178261e-01,4.089810083516500772e-01,4.130454987977306702e-01,4.172129352627035881e-01,4.213692557798449645e-01,4.254116671921143178e-01,4.292555748816250794e-01,4.328381175255078261e-01,4.361185306603165279e-01,4.390761186652458736e-01,4.417068112403367275e-01,4.440191932503780303e-01,4.460306601679492333e-01,4.477640850047887033e-01,4.492451593402670418e-01,4.505004176652731562e-01,4.515558676353066958e-01,4.524361125806375394e-01,4.531638483497957837e-01,4.537596292374542761e-01,4.542418171333468813e-01,4.546266481186503894e-01,4.549283685594642801e-01,4.551594072239745215e-01,4.553305610326429664e-01,4.554511801664915538e-01,4.555293439873221439e-01,4.555720231340131265e-01,4.555852257382743131e-01,4.555741273386310075e-01,4.555431850556678208e-01,4.554962371386398479e-01,4.554365892548870587e-01,4.553670889746309070e-01,4.552901898757426014e-01,4.552080066037350603e-01,4.551223621019135912e-01,4.550348280951730939e-01,4.549467597796534868e-01,4.548593255463423413e-01,4.547735324530641221e-01,4.546902480576433536e-01,4.546102191352850430e-01,4.545340877251325962e-01,4.544624048833437180e-01,4.543956424618905698e-01,4.543342031824183502e-01,4.542784292319320127e-01,4.542286095705589388e-01,4.541849861103806063e-01,4.541477588976973734e-01,4.541170904077931336e-01,4.540931090413585780e-01,4.540759118941512518e-01,4.540655668558662428e-01,4.540621140802721944e-01,4.540655668558652436e-01,4.540759118941515293e-01,4.540931090413589111e-01,4.541170904077926340e-01,4.541477588976972624e-01,4.541849861103797736e-01,4.542286095705591609e-01,4.542784292319336226e-01,4.543342031824172955e-01,4.543956424618900147e-01,4.544624048833445507e-01,4.545340877251327072e-01,4.546102191352840438e-01,4.546902480576426320e-01,4.547735324530620682e-01,4.548593255463426188e-01,4.549467597796547080e-01,4.550348280951724833e-01,4.551223621019112042e-01,4.552080066037352268e-01,4.552901898757416022e-01,4.553670889746287420e-01,4.554365892548869477e-01,4.554962371386399034e-01,4.555431850556668771e-01,4.555741273386300083e-01,4.555852257382759229e-01,4.555720231340137372e-01,4.555293439873233652e-01,4.554511801664897219e-01,4.553305610326447983e-01,4.551594072239759092e-01,4.549283685594657234e-01,4.546266481186514441e-01,4.542418171333476584e-01,4.537596292374534990e-01,4.531638483497961722e-01,4.524361125806352080e-01,4.515558676353071399e-01,4.505004176652729342e-01,4.492451593402668752e-01,4.477640850047884813e-01,4.460306601679492888e-01,4.440191932503780858e-01,4.417068112403343960e-01,4.390761186652455406e-01,4.361185306603166389e-01,4.328381175255072710e-01,4.292555748816259120e-01,4.254116671921143733e-01,4.213692557798456861e-01,4.172129352627043097e-01,4.130454987977300041e-01,4.089810083516488559e-01,4.051350909170171599e-01,4.016139608103337366e-01,3.985042203771352876e-01,3.958654323806796160e-01,3.937267626760179717e-01,3.920879356103011415e-01,3.909237517542544227e-01,3.901908371055479163e-01
6.166666666666666963e-01,4.085310932132751871e-01,4.100616058909163364e-01,4.119878637580021707e-01,4.143159295655216012e-01,4.170311437800316989e-01,4.200965589922677212e-01,4.234542396418279342e-01,4.270294555373138623e-01,4.307371371221032641e-01,4.344894333415526000e-01,4.382030199874151766e-01,4.418050006004461960e-01,4.452367136221550004e-01,4.484553096761857427e-01,4.514334094277558385e-01,4.541574003558923045e-01,4.566249804150073199e-01,4.588424681785683301e-01,4.608222475883957392e-01,4.625805601422880997e-01,4.641357315012787366e-01,4.655068337918156218e-01,4.667127360804844693e-01,4.677714744478371212e-01,4.686998699214673381e-01,4.695133291790671293e-01,4.702257737900431001e-01,4.708496554157257097e-01,4.713960250400811014e-01,4.718746332107112140e-01,4.722940452946135514e-01,4.726617610588314533e-01,4.729843317571228445e-01,4.732674706438418366e-01,4.735161547204356225e-01,4.737347167759966005e-01,4.739269275906747847e-01,4.740960686646341071e-01,4.742449961153386018e-01,4.743761965238703082e-01,4.744918355568564228e-01,4.745938001794909877e-01,4.746837352306561009e-01,4.747630750687018009e-01,4.748330709266789795e-01,4.748948145447993152e-01,4.749492585794047317e-01,4.749972342242824719e-01,4.750394664222181706e-01,4.750765869930990148e-01,4.751091459590610633e-01,4.751376213071913934e-01,4.751624273952391730e-01,4.751839221755155829e-01,4.752024133857606358e-01,4.752181638330159053e-01,4.752313958767040436e-01,4.752422951999452638e-01,4.752510139431493918e-01,4.752576732606623167e-01,4.752623653495848255e-01,4.752651549894248983e-01,4.752660806216444933e-01,4.752651549894230110e-01,4.752623653495835487e-01,4.752576732606624832e-01,4.752510139431488367e-01,4.752422951999449863e-01,4.752313958767024893e-01,4.752181638330177926e-01,4.752024133857612465e-01,4.751839221755147502e-01,4.751624273952401722e-01,4.751376213071916155e-01,4.751091459590606747e-01,4.750765869930986818e-01,4.750394664222191143e-01,4.749972342242826384e-01,4.749492585794041766e-01,4.748948145447978719e-01,4.748330709266794236e-01,4.747630750687009127e-01,4.746837352306557123e-01,4.745938001794904326e-01,4.744918355568554791e-01,4.743761965238719736e-01,4.742449961153379356e-01,4.740960686646324418e-01,4.739269275906753398e-01,4.737347167759966005e-01,4.735161547204359000e-01,4.732674706438410039e-01,4.729843317571217898e-01,4.726617610588318974e-01,4.722940452946128298e-01,4.718746332107118802e-01,4.713960250400815455e-01,4.708496554157256542e-01,4.702257737900423229e-01,4.695133291790677399e-01,4.686998699214673381e-01,4.677714744478374542e-01,4.667127360804831926e-01,4.655068337918145116e-01,4.641357315012789586e-01,4.625805601422876001e-01,4.608222475883957392e-01,4.588424681785683301e-01,4.566249804150077640e-01,4.541574003558925265e-01,4.514334094277563381e-01,4.484553096761853541e-01,4.452367136221547783e-01,4.418050006004465846e-01,4.382030199874149545e-01,4.344894333415523779e-01,4.307371371221047629e-01,4.270294555373131962e-01,4.234542396418274901e-01,4.200965589922668886e-01,4.170311437800325316e-01,4.143159295655225449e-01,4.119878637580020042e-01,4.100616058909161143e-01,4.085310932132751316e-01
6.204545454545454808e-01,4.385587385183986053e-01,4.407048581981209412e-01,4.431589170025454494e-01,4.459049721760223184e-01,4.489116126755622882e-01,4.521334297616554365e-01,4.555142260819927680e-01,4.589914662736728768e-01,4.625012317494325287e-01,4.659828938723478142e-01,4.693828663749831653e-01,4.726570710806482500e-01,4.757720504934496719e-01,4.787049010006772520e-01,4.814423379237655065e-01,4.839792389087229085e-01,4.863169733658946337e-01,4.884617490660951300e-01,4.904231228732010006e-01,4.922127497325013978e-01,4.938433903203302000e-01,4.953281635664492089e-01,4.966800121018888348e-01,4.979113419134678642e-01,4.990337978172437183e-01,5.000581404937788355e-01,5.009941965140772835e-01,5.018508586653153136e-01,5.026361192390746968e-01,5.033571234668902106e-01,5.040202339185090308e-01,5.046310994853762111e-01,5.051947246775876366e-01,5.057155365016502424e-01,5.061974472843883133e-01,5.066439125726562853e-01,5.070579837562806391e-01,5.074423554009317439e-01,5.077994074900111787e-01,5.081312428987270202e-01,5.084397204872938003e-01,5.087264842238635731e-01,5.089929887456380309e-01,5.092405217486821734e-01,5.094702235698734816e-01,5.096831042930212163e-01,5.098800586782762378e-01,5.100618791815241249e-01,5.102292672996638911e-01,5.103828434490382815e-01,5.105231555582405711e-01,5.106506865329991651e-01,5.107658607298828368e-01,5.108690495568349865e-01,5.109605763021588531e-01,5.110407202788531666e-01,5.111097203584202830e-01,5.111677779568196689e-01,5.112150595250865015e-01,5.112516985881645493e-01,5.112777973672927301e-01,5.112934280139256327e-01,5.112986334763698348e-01,5.112934280139254106e-01,5.112777973672925080e-01,5.112516985881644382e-01,5.112150595250853913e-01,5.111677779568188917e-01,5.111097203584208382e-01,5.110407202788528336e-01,5.109605763021589642e-01,5.108690495568353196e-01,5.107658607298825038e-01,5.106506865329999423e-01,5.105231555582400160e-01,5.103828434490385035e-01,5.102292672996636691e-01,5.100618791815243469e-01,5.098800586782773481e-01,5.096831042930223266e-01,5.094702235698723713e-01,5.092405217486818403e-01,5.089929887456371427e-01,5.087264842238633511e-01,5.084397204872946885e-01,5.081312428987261320e-01,5.077994074900115118e-01,5.074423554009331871e-01,5.070579837562801950e-01,5.066439125726556192e-01,5.061974472843880912e-01,5.057155365016495763e-01,5.051947246775886358e-01,5.046310994853770993e-01,5.040202339185095859e-01,5.033571234668895444e-01,5.026361192390756960e-01,5.018508586653156467e-01,5.009941965140772835e-01,5.000581404937777252e-01,4.990337978172441624e-01,4.979113419134684193e-01,4.966800121018885572e-01,4.953281635664492644e-01,4.938433903203306441e-01,4.922127497325020640e-01,4.904231228732011116e-01,4.884617490660957406e-01,4.863169733658941896e-01,4.839792389087221869e-01,4.814423379237650624e-01,4.787049010006765304e-01,4.757720504934492833e-01,4.726570710806474729e-01,4.693828663749833874e-01,4.659828938723472036e-01,4.625012317494336944e-01,4.589914662736728213e-01,4.555142260819934341e-01,4.521334297616557141e-01,4.489116126755633984e-01,4.459049721760232621e-01,4.431589170025456714e-01,4.407048581981213298e-01,4.385587385183986053e-01
6.242424242424242653e-01,4.678693275673264651e-01,4.704226337182717543e-01,4.732058964694573211e-01,4.761970810508103780e-01,4.793636442892814653e-01,4.826645878624107877e-01,4.860534058695025195e-01,4.894814768892785106e-01,4.929014003793572574e-01,4.962698415173503741e-01,4.995495969504589184e-01,5.027107737801880250e-01,5.057311344069186365e-01,5.085957683610129454e-01,5.112963004388827448e-01,5.138298421418260320e-01,5.161978590139301160e-01,5.184050785322622534e-01,5.204585155254644047e-01,5.223666525079562195e-01,5.241387836236142128e-01,5.257845126622910925e-01,5.273133858318578282e-01,5.287346362094561547e-01,5.300570168626861367e-01,5.312887018213783286e-01,5.324372372108621132e-01,5.335095281861156336e-01,5.345118504168280271e-01,5.354498775710115899e-01,5.363287184696685639e-01,5.371529593539652314e-01,5.379267080727422323e-01,5.386536380284205894e-01,5.393370304795992443e-01,5.399798143481060464e-01,5.405846030670051761e-01,5.411537282745864097e-01,5.416892703393610953e-01,5.421930858172717693e-01,5.426668320127788769e-01,5.431119888542796925e-01,5.435298783112597620e-01,5.439216815829975848e-01,5.442884542818313687e-01,5.446311398213720123e-01,5.449505812044845854e-01,5.452475313886726571e-01,5.455226623892058813e-01,5.457765732633595990e-01,5.460097971031362407e-01,5.462228071488701708e-01,5.464160221224914071e-01,5.465898108666790156e-01,5.467444963649538137e-01,5.468803592075861530e-01,5.469976405590594171e-01,5.470965446746650640e-01,5.471772410063705516e-01,5.472398659314394731e-01,5.472845241311349307e-01,5.473112896412303252e-01,5.473202065908570058e-01,5.473112896412298811e-01,5.472845241311340425e-01,5.472398659314400282e-01,5.471772410063702186e-01,5.470965446746650640e-01,5.469976405590608604e-01,5.468803592075864861e-01,5.467444963649544798e-01,5.465898108666773503e-01,5.464160221224916292e-01,5.462228071488700598e-01,5.460097971031361297e-01,5.457765732633599320e-01,5.455226623892061033e-01,5.452475313886728792e-01,5.449505812044838082e-01,5.446311398213720123e-01,5.442884542818307025e-01,5.439216815829982510e-01,5.435298783112585408e-01,5.431119888542795815e-01,5.426668320127788769e-01,5.421930858172724355e-01,5.416892703393598740e-01,5.411537282745867428e-01,5.405846030670057312e-01,5.399798143481048252e-01,5.393370304795994663e-01,5.386536380284207004e-01,5.379267080727416772e-01,5.371529593539645653e-01,5.363287184696680088e-01,5.354498775710117009e-01,5.345118504168280271e-01,5.335095281861149674e-01,5.324372372108616691e-01,5.312887018213776624e-01,5.300570168626861367e-01,5.287346362094558216e-01,5.273133858318577172e-01,5.257845126622908705e-01,5.241387836236139908e-01,5.223666525079568856e-01,5.204585155254646267e-01,5.184050785322619204e-01,5.161978590139304490e-01,5.138298421418261430e-01,5.112963004388829669e-01,5.085957683610122793e-01,5.057311344069185255e-01,5.027107737801879139e-01,4.995495969504589184e-01,4.962698415173503741e-01,4.929014003793561471e-01,4.894814768892782886e-01,4.860534058695027970e-01,4.826645878624101771e-01,4.793636442892814653e-01,4.761970810508102669e-01,4.732058964694574321e-01,4.704226337182709217e-01,4.678693275673256324e-01
6.280303030303030498e-01,4.821421669227804463e-01,4.849813306072755514e-01,4.880022025979418587e-01,4.911823540637740293e-01,4.944916452795797834e-01,4.978942620703081801e-01,5.013512348273020391e-01,5.048230785667552345e-01,5.082722085310815707e-01,5.116648697522606648e-01,5.149724396989283637e-01,5.181720848147094438e-01,5.212468469645187286e-01,5.241852917328174710e-01,5.269808681406080719e-01,5.296311182707852394e-01,5.321368478814793024e-01,5.345013362373939314e-01,5.367296325657208156e-01,5.388279616399678229e-01,5.408032431512098670e-01,5.426627181949308376e-01,5.444136700589886635e-01,5.460632240571596796e-01,5.476182110922678259e-01,5.490850809283606138e-01,5.504698530822944580e-01,5.517780953491304707e-01,5.530149219842067643e-01,5.541850053425112499e-01,5.552925962731090070e-01,5.563415497824535372e-01,5.573353534411800148e-01,5.582771567509297039e-01,5.591698002495438802e-01,5.600158435507917032e-01,5.608175918200422050e-01,5.615771204062534050e-01,5.622962975043641620e-01,5.629768048275223258e-01,5.636201563381598723e-01,5.642277151309198491e-01,5.648007085859261256e-01,5.653402419236099874e-01,5.658473102961381063e-01,5.663228095485310920e-01,5.667675457767636926e-01,5.671822438021306700e-01,5.675675546719771702e-01,5.679240622871407629e-01,5.682522892467458675e-01,5.685527019916146729e-01,5.688257153185303228e-01,5.690716963293198649e-01,5.692909678709042742e-01,5.694838115154008396e-01,5.696504701228042311e-01,5.697911500227885728e-01,5.699060228467506262e-01,5.699952270361213769e-01,5.700588690483722187e-01,5.700970242777949615e-01,5.701097377040718062e-01,5.700970242777947394e-01,5.700588690483718857e-01,5.699952270361207107e-01,5.699060228467511813e-01,5.697911500227891279e-01,5.696504701228041201e-01,5.694838115154017277e-01,5.692909678709041632e-01,5.690716963293197539e-01,5.688257153185298787e-01,5.685527019916146729e-01,5.682522892467457565e-01,5.679240622871402078e-01,5.675675546719776143e-01,5.671822438021301149e-01,5.667675457767636926e-01,5.663228095485310920e-01,5.658473102961379952e-01,5.653402419236095433e-01,5.648007085859257925e-01,5.642277151309190719e-01,5.636201563381602053e-01,5.629768048275223258e-01,5.622962975043651612e-01,5.615771204062534050e-01,5.608175918200426491e-01,5.600158435507915922e-01,5.591698002495444353e-01,5.582771567509301480e-01,5.573353534411799037e-01,5.563415497824534262e-01,5.552925962731094511e-01,5.541850053425112499e-01,5.530149219842068753e-01,5.517780953491306928e-01,5.504698530822944580e-01,5.490850809283607248e-01,5.476182110922679369e-01,5.460632240571597906e-01,5.444136700589886635e-01,5.426627181949310597e-01,5.408032431512099780e-01,5.388279616399670457e-01,5.367296325657211487e-01,5.345013362373933763e-01,5.321368478814795244e-01,5.296311182707850174e-01,5.269808681406077389e-01,5.241852917328171380e-01,5.212468469645188396e-01,5.181720848147093328e-01,5.149724396989281416e-01,5.116648697522602207e-01,5.082722085310819038e-01,5.048230785667554565e-01,5.013512348273015951e-01,4.978942620703078470e-01,4.944916452795801720e-01,4.911823540637745289e-01,4.880022025979416922e-01,4.849813306072753849e-01,4.821421669227800022e-01
6.318181818181818343e-01,4.950210913371149712e-01,4.981635824006548363e-01,5.014811170795493434e-01,5.049543592738741093e-01,5.085570172511246767e-01,5.122576026734892984e-01,5.160215522769195928e-01,5.198134306927535420e-01,5.235989535805121164e-01,5.273466358720801939e-01,5.310289581670334380e-01,5.346230315175614090e-01,5.381108095285057624e-01,5.414789388120091473e-01,5.447183548785857754e-01,5.478237264271438312e-01,5.507928345400525671e-01,5.536259516591576224e-01,5.563252636282808306e-01,5.588943595715674117e-01,5.613378001716797794e-01,5.636607650494488420e-01,5.658687738097973874e-01,5.679674720484420014e-01,5.699624723599195919e-01,5.718592404306847010e-01,5.736630170929513106e-01,5.753787683696631738e-01,5.770111568066789154e-01,5.785645286146513522e-01,5.800429122496046919e-01,5.814500250143908033e-01,5.827892850569543759e-01,5.840638267858960786e-01,5.852765182364335628e-01,5.864299793207979894e-01,5.875266002059456039e-01,5.885685592960308021e-01,5.895578404730100752e-01,5.904962493787027089e-01,5.913854286162595342e-01,5.922268718167003065e-01,5.930219365634417095e-01,5.937718561999399958e-01,5.944777505664363693e-01,5.951406357245527801e-01,5.957614327352862560e-01,5.963409755586250860e-01,5.968800181427060814e-01,5.973792407683073957e-01,5.978392557109015737e-01,5.982606122783227232e-01,5.986438012774237816e-01,5.989892589582431759e-01,5.992973704794015699e-01,5.995684729337025232e-01,5.998028579683282180e-01,6.000007740296940950e-01,6.001624282588592374e-01,6.002879880594286233e-01,6.003775823562189640e-01,6.004313025592827868e-01,6.004492032445922778e-01,6.004313025592828978e-01,6.003775823562187419e-01,6.002879880594294004e-01,6.001624282588583492e-01,6.000007740296947611e-01,5.998028579683272188e-01,5.995684729337027452e-01,5.992973704794015699e-01,5.989892589582419546e-01,5.986438012774225603e-01,5.982606122783223901e-01,5.978392557109012406e-01,5.973792407683089500e-01,5.968800181427058593e-01,5.963409755586239758e-01,5.957614327352864780e-01,5.951406357245516698e-01,5.944777505664358142e-01,5.937718561999393296e-01,5.930219365634417095e-01,5.922268718166997514e-01,5.913854286162600893e-01,5.904962493787018207e-01,5.895578404730095201e-01,5.885685592960301360e-01,5.875266002059453818e-01,5.864299793207974343e-01,5.852765182364335628e-01,5.840638267858966337e-01,5.827892850569544869e-01,5.814500250143896931e-01,5.800429122496042478e-01,5.785645286146513522e-01,5.770111568066790264e-01,5.753787683696632849e-01,5.736630170929518657e-01,5.718592404306832577e-01,5.699624723599202580e-01,5.679674720484416683e-01,5.658687738097974984e-01,5.636607650494493971e-01,5.613378001716794463e-01,5.588943595715677448e-01,5.563252636282802754e-01,5.536259516591579555e-01,5.507928345400524561e-01,5.478237264271429430e-01,5.447183548785854423e-01,5.414789388120081481e-01,5.381108095285057624e-01,5.346230315175612979e-01,5.310289581670337711e-01,5.273466358720805269e-01,5.235989535805121164e-01,5.198134306927538750e-01,5.160215522769192598e-01,5.122576026734892984e-01,5.085570172511237885e-01,5.049543592738732212e-01,5.014811170795488993e-01,4.981635824006554469e-01,4.950210913371146382e-01
6.356060606060606188e-01,5.027454353347529104e-01,5.067786822103349520e-01,5.110744812820787741e-01,5.156124300744084898e-01,5.203615128460097328e-01,5.252820683877065244e-01,5.303284315651707326e-01,5.354518991565182517e-01,5.406036535280218658e-01,5.457373304810930748e-01,5.508110180311616144e-01,5.557885902815643542e-01,5.606403869394835926e-01,5.653433264372490497e-01,5.698805830774561487e-01,5.742409696628975047e-01,5.784181554733187625e-01,5.824098251371805368e-01,5.862168553275594052e-01,5.898425590484488445e-01,5.932920246917221530e-01,5.965715601073620089e-01,5.996882404056687044e-01,6.026495512041369906e-01,6.054631154391294512e-01,6.081364906373470935e-01,6.106770238194760836e-01,6.130917523379418865e-01,6.153873404786638357e-01,6.175700432902467840e-01,6.196456906684555399e-01,6.216196861283418418e-01,6.234970159032220405e-01,6.252822650148093242e-01,6.269796377754526251e-01,6.285929808344907777e-01,6.301258073910662727e-01,6.315813215900443200e-01,6.329624424184705500e-01,6.342718266461645493e-01,6.355118905221531778e-01,6.366848300614780243e-01,6.377926398453701573e-01,6.388371303199849027e-01,6.398199436214989655e-01,6.407425679833800292e-01,6.416063507990535930e-01,6.424125104225851812e-01,6.431621467941982528e-01,6.438562509774764520e-01,6.444957136926070529e-01,6.450813329257851780e-01,6.456138206895368770e-01,6.460938090027389391e-01,6.465218551528414404e-01,6.468984462964643134e-01,6.472240034482679150e-01,6.474988849018963322e-01,6.477233891209155381e-01,6.478977571319991524e-01,6.480221744472280943e-01,6.480967725371359345e-01,6.481216298711414137e-01,6.480967725371346022e-01,6.480221744472272061e-01,6.478977571320005957e-01,6.477233891209168704e-01,6.474988849018969983e-01,6.472240034482680260e-01,6.468984462964627591e-01,6.465218551528404411e-01,6.460938090027394942e-01,6.456138206895372100e-01,6.450813329257859552e-01,6.444957136926066088e-01,6.438562509774766740e-01,6.431621467941965875e-01,6.424125104225846261e-01,6.416063507990534820e-01,6.407425679833813614e-01,6.398199436214977442e-01,6.388371303199869011e-01,6.377926398453698242e-01,6.366848300614768030e-01,6.355118905221529557e-01,6.342718266461639942e-01,6.329624424184687737e-01,6.315813215900434319e-01,6.301258073910652735e-01,6.285929808344903336e-01,6.269796377754501826e-01,6.252822650148086581e-01,6.234970159032210413e-01,6.216196861283405095e-01,6.196456906684554289e-01,6.175700432902466730e-01,6.153873404786642798e-01,6.130917523379427747e-01,6.106770238194765277e-01,6.081364906373465384e-01,6.054631154391313386e-01,6.026495512041383229e-01,5.996882404056684823e-01,5.965715601073606766e-01,5.932920246917219309e-01,5.898425590484488445e-01,5.862168553275590721e-01,5.824098251371804258e-01,5.784181554733193176e-01,5.742409696628967275e-01,5.698805830774552605e-01,5.653433264372501599e-01,5.606403869394822603e-01,5.557885902815644652e-01,5.508110180311618365e-01,5.457373304810928527e-01,5.406036535280220878e-01,5.354518991565185848e-01,5.303284315651711767e-01,5.252820683877057473e-01,5.203615128460106209e-01,5.156124300744079347e-01,5.110744812820787741e-01,5.067786822103345079e-01,5.027454353347514671e-01
6.393939393939394034e-01,4.641349300383753040e-01,4.705887593026376603e-01,4.775254849184134565e-01,4.848817520615358867e-01,4.925729854035760247e-01,5.004996472228023796e-01,5.085548584934739269e-01,5.166322141173115279e-01,5.246326978380178030e-01,5.324699143059032913e-01,5.400732812966898555e-01,5.473892301458375131e-01,5.543807533882428862e-01,5.610257820380923910e-01,5.673148881966064705e-01,5.732487355161564047e-01,5.788355875496997704e-01,5.840890684747033212e-01,5.890262732914958166e-01,5.936662534533041491e-01,5.980288584632720283e-01,6.021338894693682997e-01,6.060005113058286597e-01,6.096468693063933353e-01,6.130898623145651927e-01,6.163450307122605443e-01,6.194265261576705761e-01,6.223471370556165061e-01,6.251183501139265797e-01,6.277504335322843243e-01,6.302525314752874808e-01,6.326327626326910814e-01,6.348983180307807839e-01,6.370555549893582858e-01,6.391100853605171661e-01,6.410668570574380443e-01,6.429302284784353949e-01,6.447040358279754191e-01,6.463916535888774018e-01,6.479960485507607615e-01,6.495198278799955149e-01,6.509652817494708810e-01,6.523344210474972815e-01,6.536290106667128619e-01,6.548505988437548497e-01,6.560005429836177626e-01,6.570800323637073781e-01,6.580901080732062258e-01,6.590316805056004590e-01,6.599055446865107477e-01,6.607123936860056501e-01,6.614528303345681426e-01,6.621273774347617991e-01,6.627364866359786166e-01,6.632805461178777895e-01,6.637598872083936286e-01,6.641747900446269837e-01,6.645254883690252523e-01,6.648121735391142595e-01,6.650349978160801090e-01,6.651940769855438917e-01,6.652894923532313154e-01,6.653212921477381636e-01,6.652894923532314264e-01,6.651940769855477775e-01,6.650349978160816633e-01,6.648121735391177012e-01,6.645254883690240311e-01,6.641747900446275388e-01,6.637598872083941837e-01,6.632805461178779005e-01,6.627364866359805040e-01,6.621273774347624652e-01,6.614528303345703630e-01,6.607123936860074265e-01,6.599055446865126351e-01,6.590316805055993488e-01,6.580901080732051156e-01,6.570800323637110418e-01,6.560005429836213153e-01,6.548505988437532954e-01,6.536290106667140831e-01,6.523344210474968374e-01,6.509652817494719912e-01,6.495198278799907410e-01,6.479960485507604284e-01,6.463916535888820647e-01,6.447040358279719774e-01,6.429302284784349508e-01,6.410668570574384884e-01,6.391100853605149457e-01,6.370555549893582858e-01,6.348983180307815610e-01,6.326327626326919695e-01,6.302525314752903673e-01,6.277504335322857676e-01,6.251183501139274679e-01,6.223471370556163951e-01,6.194265261576663573e-01,6.163450307122619876e-01,6.130898623145650816e-01,6.096468693063941124e-01,6.060005113058326565e-01,6.021338894693692989e-01,5.980288584632711402e-01,5.936662534533044822e-01,5.890262732914968158e-01,5.840890684747058748e-01,5.788355875497015468e-01,5.732487355161551834e-01,5.673148881966092461e-01,5.610257820380885052e-01,5.543807533882438854e-01,5.473892301458354037e-01,5.400732812966893004e-01,5.324699143059039574e-01,5.246326978380162487e-01,5.166322141173120830e-01,5.085548584934754812e-01,5.004996472228024906e-01,4.925729854035772459e-01,4.848817520615355536e-01,4.775254849184154549e-01,4.705887593026368831e-01,4.641349300383759147e-01
6.431818181818181879e-01,3.884510107074554131e-01,3.974878876295223629e-01,4.068898327445191754e-01,4.164773214044551475e-01,4.260688883553970241e-01,4.354975406210767064e-01,4.446231958709599974e-01,4.533396976573394466e-01,4.615764425951868755e-01,4.692957408998523761e-01,4.764875094802701883e-01,4.831628425194065546e-01,4.893476390055230829e-01,4.950770114279843814e-01,5.003908007226949284e-01,5.053302406254605028e-01,5.099356515669972723e-01,5.142449734488134805e-01,5.182929353139362760e-01,5.221106804979769311e-01,5.257256992857943789e-01,5.291619561813344363e-01,5.324401300642764845e-01,5.355779107357773183e-01,5.385903145497095146e-01,5.414899957647226758e-01,5.442875399907159961e-01,5.469917326679745173e-01,5.496097997802804613e-01,5.521476206522950569e-01,5.546099142301823548e-01,5.570004010648124115e-01,5.593219435691146879e-01,5.615766671844114599e-01,5.637660649837181737e-01,5.658910880418953626e-01,5.679522236625705878e-01,5.699495633006487205e-01,5.718828617752569343e-01,5.737515891408310198e-01,5.755549763783125439e-01,5.772920558855277884e-01,5.789616975862701409e-01,5.805626413380182704e-01,5.820935261993311904e-01,5.835529170153016532e-01,5.849393286926222180e-01,5.862512484620621134e-01,5.874871563642934946e-01,5.886455441428208868e-01,5.897249326848305051e-01,5.907238881147973686e-01,5.916410366168375345e-01,5.924750780380604320e-01,5.932247983065970232e-01,5.938890806832645142e-01,5.944669158551518784e-01,5.949574108711764842e-01,5.953597969143115121e-01,5.956734359021034209e-01,5.958978259055058846e-01,5.960326053758713272e-01,5.960775561713880233e-01,5.960326053758683296e-01,5.958978259055011106e-01,5.956734359021069736e-01,5.953597969143112900e-01,5.949574108711790377e-01,5.944669158551508792e-01,5.938890806832611835e-01,5.932247983065923602e-01,5.924750780380648729e-01,5.916410366168333157e-01,5.907238881147979237e-01,5.897249326848292839e-01,5.886455441428238844e-01,5.874871563642888317e-01,5.862512484620596709e-01,5.849393286926254376e-01,5.835529170153030964e-01,5.820935261993269716e-01,5.805626413380172712e-01,5.789616975862714732e-01,5.772920558855298978e-01,5.755549763783105455e-01,5.737515891408335733e-01,5.718828617752536037e-01,5.699495633006471662e-01,5.679522236625769160e-01,5.658910880418941414e-01,5.637660649837138438e-01,5.615766671844104607e-01,5.593219435691147989e-01,5.570004010648097470e-01,5.546099142301847973e-01,5.521476206522921704e-01,5.496097997802800172e-01,5.469917326679749614e-01,5.442875399907151079e-01,5.414899957647236750e-01,5.385903145497116240e-01,5.355779107357832025e-01,5.324401300642761514e-01,5.291619561813318828e-01,5.257256992857949340e-01,5.221106804979809279e-01,5.182929353139390516e-01,5.142449734488127033e-01,5.099356515669959400e-01,5.053302406254642776e-01,5.003908007226962606e-01,4.950770114279846590e-01,4.893476390055227498e-01,4.831628425194089971e-01,4.764875094802679123e-01,4.692957408998517654e-01,4.615764425951873751e-01,4.533396976573399462e-01,4.446231958709616627e-01,4.354975406210765398e-01,4.260688883553963580e-01,4.164773214044527050e-01,4.068898327445171770e-01,3.974878876295233621e-01,3.884510107074526930e-01
6.469696969696969724e-01,3.129651936687595226e-01,3.206823491814274618e-01,3.281932414704098466e-01,3.353648545162226102e-01,3.421049579503693261e-01,3.483617188840444356e-01,3.541182334334949111e-01,3.593845095628428465e-01,3.641890298436963880e-01,3.685712619697221748e-01,3.725757469027276558e-01,3.762478631160295350e-01,3.796310669993263609e-01,3.827652919306643309e-01,3.856861819541104186e-01,3.884248831026289595e-01,3.910081791911610427e-01,3.934588198026216510e-01,3.957959381962642409e-01,3.980354944151787144e-01,4.001907053371078771e-01,4.022724411469144057e-01,4.042895790484017371e-01,4.062493119290234156e-01,4.081574136244272566e-01,4.100184644621656105e-01,4.118360416218798115e-01,4.136128790142276634e-01,4.153510011634569676e-01,4.170518351699540327e-01,4.187163043474615431e-01,4.203449066396469647e-01,4.219377804596035619e-01,4.234947601793394023e-01,4.250154231311138453e-01,4.264991296673271703e-01,4.279450575573757742e-01,4.293522317733194926e-01,4.307195505255272394e-01,4.320458082502531827e-01,4.333297161174413104e-01,4.345699205160673539e-01,4.357650198815635756e-01,4.369135801524938745e-01,4.380141490798433734e-01,4.390652695592135446e-01,4.400654921125276564e-01,4.410133866106296652e-01,4.419075532993964606e-01,4.427466331695240620e-01,4.435293176926437542e-01,4.442543579334506387e-01,4.449205730380190738e-01,4.455268580925758615e-01,4.460721913429009367e-01,4.465556407632602642e-01,4.469763699630512344e-01,4.473336434206254264e-01,4.476268310348098245e-01,4.478554119865378880e-01,4.480189779048011078e-01,4.481172353325523772e-01,4.481500074898971953e-01,4.481172353325562630e-01,4.480189779047930587e-01,4.478554119865397753e-01,4.476268310348092694e-01,4.473336434206226508e-01,4.469763699630475706e-01,4.465556407632597646e-01,4.460721913429012142e-01,4.455268580925659805e-01,4.449205730380239587e-01,4.442543579334506942e-01,4.435293176926462522e-01,4.427466331695194546e-01,4.419075532993986810e-01,4.410133866106327738e-01,4.400654921125332075e-01,4.390652695592145438e-01,4.380141490798444837e-01,4.369135801524907103e-01,4.357650198815644638e-01,4.345699205160687972e-01,4.333297161174406442e-01,4.320458082502576236e-01,4.307195505255245749e-01,4.293522317733163840e-01,4.279450575573799931e-01,4.264991296673296128e-01,4.250154231311160657e-01,4.234947601793427330e-01,4.219377804596038395e-01,4.203449066396466871e-01,4.187163043474590451e-01,4.170518351699529225e-01,4.153510011634580223e-01,4.136128790142248324e-01,4.118360416218743714e-01,4.100184644621643892e-01,4.081574136244260353e-01,4.062493119290224719e-01,4.042895790483990726e-01,4.022724411469106309e-01,4.001907053371094314e-01,3.980354944151778818e-01,3.957959381962696810e-01,3.934588198026275352e-01,3.910081791911629301e-01,3.884248831026268500e-01,3.856861819541139713e-01,3.827652919306612223e-01,3.796310669993254727e-01,3.762478631160294240e-01,3.725757469027259905e-01,3.685712619697212311e-01,3.641890298436959994e-01,3.593845095628416808e-01,3.541182334334961324e-01,3.483617188840403833e-01,3.421049579503681048e-01,3.353648545162256633e-01,3.281932414704091805e-01,3.206823491814264626e-01,3.129651936687617986e-01
6.507575757575757569e-01,2.518539885899708786e-01,2.566067259943085044e-01,2.610413486956164597e-01,2.651358427893617531e-01,2.688898883517671923e-01,2.723183072207300270e-01,2.754451721919649043e-01,2.782991385620394720e-01,2.809100953524140132e-01,2.833069783942548936e-01,2.855164902837405982e-01,2.875624689848600979e-01,2.894656870693855244e-01,2.912439159769816266e-01,2.929121384951238194e-01,2.944828319488418389e-01,2.959662735749171159e-01,2.973708396676433829e-01,2.987032833683697097e-01,2.999689843565347402e-01,3.011721687379061985e-01,3.023161002662442254e-01,3.034032454822340741e-01,3.044354159511819535e-01,3.054138908807980668e-01,3.063395232271575730e-01,3.072128320869569884e-01,3.080340838092276989e-01,3.088033638856113594e-01,3.095206413194782069e-01,3.101858268416237685e-01,3.107988260377567702e-01,3.113595881809658739e-01,3.118681513179096809e-01,3.123246839396660590e-01,3.127295233732521051e-01,3.130832108582004558e-01,3.133865231219052361e-01,3.136405001397104542e-01,3.138464686605682008e-01,3.140060609996617735e-01,3.141212285473238830e-01,3.141942494213907366e-01,3.142277297012335824e-01,3.142245977269364499e-01,3.141880910291672269e-01,3.141217355735936856e-01,3.140293171576363784e-01,3.139148449837853017e-01,3.137825076485045717e-01,3.136366220212817302e-01,3.134815757372132472e-01,3.133217642773943323e-01,3.131615238533225765e-01,3.130050615315684848e-01,3.128563842211857238e-01,3.127192282861836481e-01,3.125969916287178463e-01,3.124926701072145985e-01,3.124088001019748040e-01,3.123474089172442181e-01,3.123099745151474704e-01,3.122973958194283362e-01,3.123099745151431961e-01,3.123474089172451063e-01,3.124088001019740268e-01,3.124926701072148205e-01,3.125969916287202888e-01,3.127192282861862571e-01,3.128563842211845025e-01,3.130050615315670415e-01,3.131615238533222989e-01,3.133217642773888922e-01,3.134815757372130807e-01,3.136366220212832845e-01,3.137825076485059594e-01,3.139148449837830257e-01,3.140293171576321596e-01,3.141217355735934635e-01,3.141880910291618978e-01,3.142245977269368939e-01,3.142277297012343595e-01,3.141942494213907366e-01,3.141212285473242716e-01,3.140060609996644936e-01,3.138464686605658693e-01,3.136405001397116754e-01,3.133865231219050695e-01,3.130832108582000117e-01,3.127295233732564905e-01,3.123246839396628949e-01,3.118681513179086817e-01,3.113595881809655963e-01,3.107988260377609890e-01,3.101858268416239905e-01,3.095206413194769857e-01,3.088033638856061414e-01,3.080340838092274769e-01,3.072128320869587093e-01,3.063395232271544089e-01,3.054138908807972341e-01,3.044354159511809543e-01,3.034032454822321867e-01,3.023161002662414498e-01,3.011721687379099732e-01,2.999689843565351843e-01,2.987032833683669897e-01,2.973708396676404409e-01,2.959662735749141738e-01,2.944828319488403956e-01,2.929121384951228757e-01,2.912439159769805164e-01,2.894656870693871897e-01,2.875624689848601534e-01,2.855164902837404872e-01,2.833069783942560038e-01,2.809100953524131805e-01,2.782991385620415814e-01,2.754451721919666252e-01,2.723183072207320254e-01,2.688898883517667482e-01,2.651358427893671932e-01,2.610413486956179030e-01,2.566067259943076162e-01,2.518539885899737096e-01
6.545454545454545414e-01,2.112949666356929712e-01,2.144017909415485423e-01,2.173195368620379764e-01,2.200487269682941949e-01,2.225966134143774477e-01,2.249743661437623998e-01,2.271949805738159855e-01,2.292718301788732593e-01,2.312177354673554397e-01,2.330444157565568775e-01,2.347622080612622453e-01,2.363799625564292628e-01,2.379050483803394067e-01,2.393434237611284654e-01,2.406997398981596537e-01,2.419774591934028274e-01,2.431789761679852557e-01,2.443057345879978970e-01,2.453583376956925965e-01,2.463366505645502857e-01,2.472398948807594532e-01,2.480667371881229710e-01,2.488153720141762781e-01,2.494836014513021616e-01,2.500689127810564183e-01,2.505685556543523762e-01,2.509796202045581071e-01,2.512991172923988437e-01,2.515240618679862039e-01,2.516515601898095533e-01,2.516789013625354565e-01,2.516036533446762702e-01,2.514237632323266247e-01,2.511376612483436355e-01,2.507443674599953432e-01,2.502435998201980594e-01,2.496358816874302000e-01,2.489226465428530932e-01,2.481063372080630214e-01,2.471904964964670715e-01,2.461798459299125441e-01,2.450803489482977771e-01,2.438992549594415915e-01,2.426451206452770182e-01,2.413278051789237155e-01,2.399584364290282545e-01,2.385493458377431208e-01,2.371139704505936252e-01,2.356667215315107200e-01,2.342228202840828111e-01,2.327981023780178460e-01,2.314087941965229656e-01,2.300712649172809710e-01,2.288017596561885414e-01,2.276161198795084717e-01,2.265294980723256690e-01,2.255560741946806835e-01,2.247087817287935496e-01,2.239990511024793907e-01,2.234365779612324798e-01,2.230291231647502925e-01,2.227823505250838831e-01,2.226997072176921388e-01,2.227823505250849934e-01,2.230291231647494044e-01,2.234365779612313141e-01,2.239990511024793074e-01,2.247087817287954647e-01,2.255560741946799619e-01,2.265294980723245033e-01,2.276161198795110252e-01,2.288017596561897349e-01,2.300712649172819702e-01,2.314087941965212725e-01,2.327981023780172076e-01,2.342228202840818674e-01,2.356667215315116359e-01,2.371139704505925427e-01,2.385493458377430098e-01,2.399584364290278105e-01,2.413278051789222722e-01,2.426451206452754639e-01,2.438992549594404813e-01,2.450803489482982489e-01,2.461798459299090469e-01,2.471904964964676821e-01,2.481063372080638263e-01,2.489226465428535651e-01,2.496358816874336140e-01,2.502435998201980594e-01,2.507443674599927896e-01,2.511376612483432469e-01,2.514237632323303995e-01,2.516036533446748269e-01,2.516789013625364557e-01,2.516515601898062782e-01,2.515240618679868700e-01,2.512991172923968453e-01,2.509796202045575519e-01,2.505685556543502113e-01,2.500689127810574730e-01,2.494836014513015232e-01,2.488153720141784986e-01,2.480667371881218330e-01,2.472398948807600638e-01,2.463366505645496196e-01,2.453583376956929296e-01,2.443057345879987852e-01,2.431789761679845896e-01,2.419774591934000518e-01,2.406997398981617353e-01,2.393434237611306581e-01,2.379050483803417104e-01,2.363799625564274864e-01,2.347622080612636053e-01,2.330444157565555174e-01,2.312177354673559948e-01,2.292718301788721214e-01,2.271949805738180117e-01,2.249743661437609565e-01,2.225966134143781416e-01,2.200487269682950553e-01,2.173195368620364776e-01,2.144017909415478762e-01,2.112949666356920275e-01
6.583333333333333259e-01,1.920297109317233020e-01,1.948266050052335219e-01,1.975510109958897587e-01,2.002002906882531519e-01,2.027749788145851439e-01,2.052775456312159741e-01,2.077114668689629962e-01,2.100805496662598582e-01,2.123884584741988490e-01,2.146383900411021894e-01,2.168328554269004782e-01,2.189735363325147344e-01,2.210611913744360557e-01,2.230955947932879713e-01,2.250754954543586206e-01,2.269985880840095505e-01,2.288614917518976555e-01,2.306597329087046178e-01,2.323877320338807451e-01,2.340387943052412434e-01,2.356051057954914041e-01,2.370777376150261795e-01,2.384466612107826733e-01,2.397007787238370491e-01,2.408279729072876629e-01,2.418151815931640913e-01,2.426485020339619325e-01,2.433133305759702936e-01,2.437945429765573935e-01,2.440767201733972380e-01,2.441444233644269046e-01,2.439825207806921581e-01,2.435765664675069997e-01,2.429132287028714365e-01,2.419807624002039692e-01,2.407695160590353767e-01,2.392724597239248296e-01,2.374857162633955132e-01,2.354090744517795264e-01,2.330464592630112630e-01,2.304063329314814113e-01,2.275020001408311621e-01,2.243517925103132027e-01,2.209791115352454927e-01,2.174123152473583231e-01,2.136844417693650189e-01,2.098327720591504075e-01,2.058982436693530538e-01,2.019247363619564029e-01,1.979582579904664574e-01,1.940460644039899152e-01,1.902357497035012668e-01,1.865743427883939931e-01,1.831074429297229189e-01,1.798784215794752006e-01,1.769277105022087349e-01,1.742921884564569424e-01,1.720046709280630415e-01,1.700935005969883840e-01,1.685822308947018122e-01,1.674893915511252163e-01,1.668283235754790816e-01,1.666070715889665377e-01,1.668283235754791372e-01,1.674893915511254661e-01,1.685822308947014792e-01,1.700935005969873848e-01,1.720046709280632358e-01,1.742921884564576362e-01,1.769277105022105667e-01,1.798784215794749508e-01,1.831074429297231132e-01,1.865743427883949646e-01,1.902357497035023493e-01,1.940460644039904425e-01,1.979582579904662909e-01,2.019247363619589009e-01,2.058982436693512497e-01,2.098327720591526280e-01,2.136844417693635201e-01,2.174123152473617371e-01,2.209791115352484903e-01,2.243517925103144239e-01,2.275020001408278592e-01,2.304063329314791353e-01,2.330464592630074605e-01,2.354090744517778333e-01,2.374857162633894903e-01,2.392724597239242190e-01,2.407695160590336003e-01,2.419807624002054958e-01,2.429132287028718251e-01,2.435765664675076658e-01,2.439825207806922414e-01,2.441444233644248785e-01,2.440767201733997915e-01,2.437945429765586702e-01,2.433133305759705434e-01,2.426485020339623211e-01,2.418151815931688930e-01,2.408279729072839714e-01,2.397007787238408516e-01,2.384466612107867256e-01,2.370777376150266513e-01,2.356051057954926531e-01,2.340387943052438247e-01,2.323877320338814945e-01,2.306597329087094195e-01,2.288614917518952130e-01,2.269985880840117709e-01,2.250754954543586484e-01,2.230955947932873051e-01,2.210611913744369161e-01,2.189735363325140682e-01,2.168328554269004782e-01,2.146383900411031609e-01,2.123884584741993486e-01,2.100805496662610239e-01,2.077114668689616084e-01,2.052775456312122548e-01,2.027749788145891130e-01,2.002002906882542344e-01,1.975510109958918681e-01,1.948266050052331888e-01,1.920297109317246342e-01
6.621212121212121104e-01,1.943188720079590814e-01,1.981051263788958239e-01,2.019652244295311594e-01,2.058970508767226371e-01,2.099010377442003250e-01,2.139793365602853936e-01,2.181351250602985847e-01,2.223720205123722315e-01,2.266935696805463252e-01,2.311027866689163712e-01,2.356017125417126934e-01,2.401909736785652616e-01,2.448693188828699741e-01,2.496331182575686758e-01,2.544758099785000560e-01,2.593872846730480575e-01,2.643532016179493960e-01,2.693542369759390764e-01,2.743652724426107747e-01,2.793545436516789993e-01,2.842827821092253071e-01,2.891024027030493215e-01,2.937568109135637595e-01,2.981799288932964753e-01,3.022960655087088555e-01,3.060202784976633339e-01,3.092593913122438365e-01,3.119138251984736598e-01,3.138803794875387188e-01,3.150560311582362161e-01,3.153427229221762440e-01,3.146529688623377341e-01,3.129159403988988619e-01,3.100835285296996702e-01,3.061357478930367693e-01,3.010847958526564616e-01,2.949771397875513568e-01,2.878931910687954066e-01,2.799444161782633778e-01,2.712680829486818768e-01,2.620201707935555513e-01,2.523672157056260357e-01,2.424779637271539667e-01,2.325156576237098760e-01,2.226316060153500365e-01,2.129604341624592723e-01,2.036171508773038097e-01,1.946959371472719302e-01,1.862703996846383769e-01,1.783949456858271998e-01,1.711069153613005434e-01,1.644291383999704204e-01,1.583726390772833004e-01,1.529392843189892603e-01,1.481242367182124542e-01,1.439181325612078899e-01,1.403089500311279214e-01,1.372835646750479310e-01,1.348290094529890626e-01,1.329334675156440271e-01,1.315870296514815296e-01,1.307822472026497762e-01,1.305145068456370350e-01,1.307822472026495819e-01,1.315870296514813909e-01,1.329334675156443046e-01,1.348290094529883965e-01,1.372835646750474314e-01,1.403089500311294202e-01,1.439181325612093332e-01,1.481242367182133979e-01,1.529392843189887607e-01,1.583726390772829951e-01,1.644291383999713918e-01,1.711069153612994054e-01,1.783949456858272553e-01,1.862703996846397370e-01,1.946959371472703482e-01,2.036171508773026995e-01,2.129604341624576624e-01,2.226316060153502863e-01,2.325156576237068229e-01,2.424779637271537447e-01,2.523672157056243703e-01,2.620201707935509994e-01,2.712680829486809331e-01,2.799444161782612683e-01,2.878931910687944074e-01,2.949771397875507462e-01,3.010847958526609025e-01,3.061357478930461506e-01,3.100835285296928978e-01,3.129159403988974741e-01,3.146529688623415089e-01,3.153427229221767436e-01,3.150560311582339956e-01,3.138803794875387743e-01,3.119138251984824861e-01,3.092593913122395621e-01,3.060202784976637780e-01,3.022960655087074122e-01,2.981799288932945324e-01,2.937568109135579864e-01,2.891024027030393295e-01,2.842827821092203111e-01,2.793545436516765568e-01,2.743652724426145495e-01,2.693542369759390764e-01,2.643532016179406252e-01,2.593872846730403969e-01,2.544758099784991123e-01,2.496331182575634577e-01,2.448693188828715839e-01,2.401909736785646232e-01,2.356017125417093905e-01,2.311027866689190358e-01,2.266935696805450762e-01,2.223720205123739802e-01,2.181351250602962255e-01,2.139793365602867259e-01,2.099010377441985209e-01,2.058970508767234975e-01,2.019652244295322141e-01,1.981051263788964900e-01,1.943188720079594700e-01
6.659090909090908950e-01,2.259857783122816710e-01,2.333546226520549771e-01,2.411834338263853794e-01,2.494946518161669791e-01,2.583131558105026260e-01,2.676646009855828123e-01,2.775733857637402435e-01,2.880600937171907683e-01,2.991382259767882967e-01,3.108100180610430252e-01,3.230611285872968530e-01,3.358540118429534926e-01,3.491198665008673485e-01,3.627492236540338366e-01,3.765815417427710865e-01,3.903946558375727127e-01,4.038956033837671766e-01,4.167151750147783940e-01,4.284093567253629553e-01,4.384713074207640116e-01,4.463571508079246519e-01,4.515271038536521897e-01,4.535000310836827531e-01,4.519148233820715621e-01,4.465874736345769591e-01,4.375505319618636646e-01,4.250636677005745767e-01,4.095905879622091517e-01,3.917464662141404985e-01,3.722277194794821886e-01,3.517393545190971582e-01,3.309333402999851681e-01,3.103661349666357872e-01,2.904773085243764763e-01,2.715864048562390831e-01,2.539027322434255773e-01,2.375424359599809243e-01,2.225481860265273726e-01,2.089082835582142805e-01,1.965733892987156228e-01,1.854701466354732875e-01,1.755116615653569412e-01,1.666051759587183489e-01,1.586574231324475170e-01,1.515781734336356101e-01,1.452824270475734370e-01,1.396916334065721743e-01,1.347342352300391899e-01,1.303457620771884262e-01,1.264686377260537953e-01,1.230518181406685396e-01,1.200503408430170504e-01,1.174248401172963141e-01,1.151410635672477645e-01,1.131694122984581996e-01,1.114845179185316448e-01,1.100648634808596149e-01,1.088924515698291018e-01,1.079525202951378549e-01,1.072333065670013630e-01,1.067258553329921145e-01,1.064238732393021913e-01,1.063236252734018061e-01,1.064238732393021081e-01,1.067258553329907267e-01,1.072333065670014185e-01,1.079525202951375495e-01,1.088924515698298512e-01,1.100648634808591153e-01,1.114845179185319224e-01,1.131694122984574224e-01,1.151410635672471816e-01,1.174248401172960365e-01,1.200503408430160235e-01,1.230518181406695666e-01,1.264686377260535455e-01,1.303457620771907854e-01,1.347342352300393287e-01,1.396916334065700926e-01,1.452824270475719104e-01,1.515781734336338615e-01,1.586574231324481832e-01,1.666051759587196812e-01,1.755116615653576351e-01,1.854701466354712613e-01,1.965733892987208131e-01,2.089082835582170006e-01,2.225481860265249856e-01,2.375424359599831448e-01,2.539027322434138645e-01,2.715864048562436350e-01,2.904773085243843034e-01,3.103661349666398950e-01,3.309333402999878881e-01,3.517393545191014881e-01,3.722277194794729738e-01,3.917464662141383336e-01,4.095905879622020462e-01,4.250636677005757980e-01,4.375505319618625544e-01,4.465874736345787910e-01,4.519148233820699523e-01,4.535000310836913573e-01,4.515271038536493031e-01,4.463571508079368089e-01,4.384713074207582384e-01,4.284093567253606794e-01,4.167151750147710665e-01,4.038956033837545201e-01,3.903946558375649412e-01,3.765815417427628709e-01,3.627492236540250659e-01,3.491198665008631297e-01,3.358540118429468313e-01,3.230611285872915794e-01,3.108100180610325891e-01,2.991382259767875751e-01,2.880600937171869935e-01,2.775733857637427415e-01,2.676646009855923047e-01,2.583131558105058456e-01,2.494946518161715587e-01,2.411834338263878219e-01,2.333546226520520905e-01,2.259857783122817820e-01
6.696969696969696795e-01,3.146660785113711278e-01,3.325780485058112412e-01,3.519941574038722987e-01,3.728945416347845265e-01,3.951816054866861272e-01,4.186433490598208129e-01,4.429096048351428561e-01,4.674054367254750209e-01,4.913112045108766757e-01,5.135455600678279220e-01,5.327935984868337194e-01,5.476025919204947634e-01,5.565556779737157456e-01,5.585061511299296289e-01,5.528185875198643462e-01,5.395382187296922094e-01,5.194199214996112479e-01,4.937975781733921488e-01,4.643382151433020910e-01,4.327649391645865817e-01,4.006282995587467921e-01,3.691689483625789636e-01,3.392729274417831675e-01,3.114948245954995976e-01,2.861172859522880807e-01,2.632211656363798169e-01,2.427504998744914599e-01,2.245652069061961909e-01,2.084801194251412193e-01,1.942918774082111333e-01,1.817962510103581786e-01,1.707984849891392432e-01,1.611188444390882768e-01,1.525950238305661677e-01,1.450826081952306390e-01,1.384543977533996828e-01,1.325991283654491260e-01,1.274199243474276322e-01,1.228326877193625100e-01,1.187645410441379168e-01,1.151523855822867148e-01,1.119416021731949040e-01,1.090849017701657209e-01,1.065413209401033512e-01,1.042753515797115726e-01,1.022561914373991687e-01,1.004571013732949714e-01,9.885485576066371793e-02,9.742927348596541748e-02,9.616281831194900542e-02,9.504025873553012538e-02,9.404837879219199448e-02,9.317573247669655445e-02,9.241243554267947191e-02,9.174998940742437603e-02,9.118113272779812539e-02,9.069971694083678315e-02,9.030060269055806277e-02,8.997957460526045947e-02,8.973327236012271224e-02,8.955913637082513201e-02,8.945536682643756565e-02,8.942089509438286288e-02,8.945536682643606685e-02,8.955913637082515977e-02,8.973327236012168528e-02,8.997957460526065376e-02,9.030060269055922850e-02,9.069971694083622804e-02,9.118113272779876377e-02,9.174998940742565279e-02,9.241243554267977722e-02,9.317573247669524994e-02,9.404837879219307695e-02,9.504025873552962578e-02,9.616281831194931073e-02,9.742927348596550075e-02,9.885485576066380120e-02,1.004571013732945273e-01,1.022561914373990022e-01,1.042753515797118224e-01,1.065413209401033789e-01,1.090849017701649160e-01,1.119416021731950706e-01,1.151523855822885467e-01,1.187645410441379445e-01,1.228326877193638145e-01,1.274199243474266052e-01,1.325991283654501807e-01,1.384543977533991832e-01,1.450826081952272806e-01,1.525950238305668893e-01,1.611188444390869168e-01,1.707984849891415746e-01,1.817962510103587059e-01,1.942918774082026401e-01,2.084801194251426626e-01,2.245652069061889189e-01,2.427504998744788867e-01,2.632211656363925845e-01,2.861172859522908007e-01,3.114948245954987094e-01,3.392729274417831675e-01,3.691689483625864021e-01,4.006282995587555074e-01,4.327649391645916332e-01,4.643382151432936533e-01,4.937975781734130765e-01,5.194199214996172431e-01,5.395382187296929866e-01,5.528185875198685650e-01,5.585061511299225234e-01,5.565556779737190762e-01,5.476025919204930981e-01,5.327935984868119590e-01,5.135455600678267007e-01,4.913112045108845027e-01,4.674054367254986131e-01,4.429096048351369164e-01,4.186433490598374108e-01,3.951816054866859607e-01,3.728945416347722031e-01,3.519941574038752408e-01,3.325780485058074665e-01,3.146660785113697956e-01
6.734848484848484640e-01,4.889859325468183804e-01,5.158182158569690756e-01,5.386791956124801217e-01,5.553310758223344301e-01,5.636992438591822419e-01,5.623415640399629378e-01,5.508580133272542589e-01,5.300538956411739999e-01,5.017640224916599667e-01,4.684119620721607369e-01,4.324959731515378158e-01,3.961852055349059376e-01,3.611109288753408531e-01,3.283358738522187403e-01,2.984343946648445600e-01,2.716156891905010529e-01,2.478451500921639572e-01,2.269429681923238462e-01,2.086552688563731994e-01,1.927010345268541924e-01,1.788006233292013247e-01,1.666915335794576791e-01,1.561359145760832512e-01,1.469230493589953057e-01,1.388689689124113225e-01,1.318145712551365423e-01,1.256230804130185064e-01,1.201773292650296782e-01,1.153771300067113342e-01,1.111368623864780747e-01,1.073833316866187326e-01,1.040539046663525036e-01,1.010949087801521484e-01,9.846026936767779403e-02,9.611035589620461894e-02,9.401100852344856929e-02,9.213271834190597809e-02,9.044993757094801912e-02,8.894049907008755307e-02,8.758512753512079363e-02,8.636702745590235653e-02,8.527153530350461974e-02,8.428582547060034513e-02,8.339866123373299023e-02,8.260018347289957430e-02,8.188173110907406849e-02,8.123568823963686625e-02,8.065535379761670787e-02,8.013483026185086455e-02,7.966892852618567833e-02,7.925308651764204071e-02,7.888329955324110965e-02,7.855606075776569441e-02,7.826831014181892532e-02,7.801739117126652023e-02,7.780101385356777421e-02,7.761722353046554557e-02,7.746437470550449067e-02,7.734110935356824923e-02,7.724633926194315880e-02,7.717923204155227590e-02,7.713920052567332930e-02,7.712589534413927250e-02,7.713920052567255214e-02,7.717923204155277550e-02,7.724633926194302003e-02,7.734110935356830474e-02,7.746437470550537885e-02,7.761722353046524026e-02,7.780101385356769095e-02,7.801739117126713086e-02,7.826831014181867552e-02,7.855606075776563890e-02,7.888329955324069331e-02,7.925308651764179091e-02,7.966892852618548404e-02,8.013483026185100333e-02,8.065535379761701318e-02,8.123568823963700503e-02,8.188173110907395746e-02,8.260018347289962981e-02,8.339866123373348983e-02,8.428582547059901287e-02,8.527153530350525812e-02,8.636702745590263408e-02,8.758512753511993321e-02,8.894049907008769185e-02,9.044993757094738074e-02,9.213271834190511766e-02,9.401100852344915215e-02,9.611035589620406383e-02,9.846026936767870996e-02,1.010949087801537305e-01,1.040539046663515044e-01,1.073833316866187604e-01,1.111368623864749244e-01,1.153771300067101407e-01,1.201773292650279712e-01,1.256230804130160084e-01,1.318145712551322957e-01,1.388689689124111004e-01,1.469230493589958053e-01,1.561359145760815026e-01,1.666915335794573738e-01,1.788006233292032676e-01,1.927010345268566072e-01,2.086552688563708680e-01,2.269429681923144371e-01,2.478451500921581563e-01,2.716156891905128212e-01,2.984343946648556067e-01,3.283358738522316189e-01,3.611109288753383550e-01,3.961852055348994983e-01,4.324959731515293226e-01,4.684119620721605703e-01,5.017640224916264380e-01,5.300538956412030878e-01,5.508580133272552581e-01,5.623415640399646032e-01,5.636992438591823529e-01,5.553310758223357624e-01,5.386791956124785674e-01,5.158182158569528664e-01,4.889859325468185469e-01
6.772727272727272485e-01,4.307269129078021841e-01,4.055462080725074081e-01,3.767293240234151908e-01,3.464441425575801592e-01,3.164544667530114763e-01,2.879940902377021161e-01,2.617940660446472778e-01,2.381874163921874898e-01,2.172308459340554776e-01,1.988105926351580455e-01,1.827213720435297284e-01,1.687193726311774222e-01,1.565548328566527536e-01,1.459902847262935233e-01,1.368094981842868929e-01,1.288207739069585633e-01,1.218570233776414824e-01,1.157741759518447905e-01,1.104488390719060159e-01,1.057757418648214848e-01,1.016652472258161161e-01,9.804107114291026048e-02,9.483826384312374347e-02,9.200146114077950577e-02,8.948339074151254180e-02,8.724360766436031756e-02,8.524742961467646207e-02,8.346504364728501990e-02,8.187075781752206627e-02,8.044237460831088482e-02,7.916066613907274396e-02,7.800893420093676922e-02,7.697264088579527930e-02,7.603909794224089636e-02,7.519720500527932172e-02,7.443722853931464267e-02,7.375061474403685202e-02,7.312983084106192133e-02,7.256823012353821878e-02,7.205993694530304916e-02,7.159974847999037162e-02,7.118305061838028913e-02,7.080574581523377264e-02,7.046419106178541947e-02,7.015514446123449765e-02,6.987571913355974940e-02,6.962334338209985596e-02,6.939572622549064485e-02,6.919082754085262299e-02,6.900683218286823850e-02,6.884212754262403200e-02,6.869528409338443442e-02,6.856503854051576585e-02,6.845027925195310003e-02,6.835003369576891918e-02,6.826345765417074496e-02,6.818982601982237490e-02,6.812852501198676802e-02,6.807904567732986356e-02,6.804097856431348679e-02,6.801400948130584267e-02,6.799791626767714980e-02,6.799256652450816341e-02,6.799791626767606734e-02,6.801400948130589819e-02,6.804097856431348679e-02,6.807904567732972478e-02,6.812852501198624067e-02,6.818982601982262470e-02,6.826345765416996780e-02,6.835003369576983512e-02,6.845027925195332208e-02,6.856503854051618219e-02,6.869528409338426789e-02,6.884212754262403200e-02,6.900683218286760012e-02,6.919082754085204012e-02,6.939572622549072811e-02,6.962334338210049434e-02,6.987571913355947184e-02,7.015514446123446990e-02,7.046419106178594682e-02,7.080574581523396693e-02,7.118305061837967851e-02,7.159974847999001080e-02,7.205993694530302140e-02,7.256823012353841307e-02,7.312983084106225440e-02,7.375061474403771244e-02,7.443722853931489247e-02,7.519720500527957152e-02,7.603909794224217311e-02,7.697264088579505725e-02,7.800893420093646391e-02,7.916066613907271621e-02,8.044237460830999664e-02,8.187075781752276016e-02,8.346504364728457581e-02,8.524742961467679514e-02,8.724360766436009551e-02,8.948339074151301364e-02,9.200146114078136539e-02,9.483826384312288305e-02,9.804107114290989966e-02,1.016652472258162826e-01,1.057757418648223730e-01,1.104488390719060298e-01,1.157741759518458036e-01,1.218570233776380407e-01,1.288207739069608948e-01,1.368094981842816749e-01,1.459902847262909975e-01,1.565548328566551128e-01,1.687193726311755348e-01,1.827213720435366950e-01,1.988105926351542152e-01,2.172308459340628606e-01,2.381874163921878229e-01,2.617940660446405055e-01,2.879940902377174927e-01,3.164544667530185817e-01,3.464441425575670586e-01,3.767293240234209639e-01,4.055462080725011909e-01,4.307269129078052372e-01
6.810606060606060330e-01,1.936648887600277980e-01,1.779284266491434896e-01,1.638651421774590666e-01,1.514337044141334243e-01,1.405230594271098532e-01,1.309888226462580241e-01,1.226766313135479181e-01,1.154358982577297771e-01,1.091270903826978972e-01,1.036249226586271749e-01,9.881913162644896664e-02,9.461391504591824819e-02,9.092671276916525214e-02,8.768672926082923813e-02,8.483342313059034911e-02,8.231508152202245132e-02,8.008753342163879574e-02,7.811301957481103786e-02,7.635921701875197920e-02,7.479840647659122266e-02,7.340676679564747675e-02,7.216377971697629512e-02,7.105172900558770488e-02,7.005527947881537432e-02,6.916112325109088910e-02,6.835768229824248921e-02,6.763485810164535095e-02,6.698382060634100466e-02,6.639683000328372442e-02,6.586708593166645809e-02,6.538859961090212614e-02,6.495608517439069307e-02,6.456486711084793995e-02,6.421080124347286477e-02,6.389020711097220806e-02,6.359980997249964352e-02,6.333669095440883079e-02,6.309824410105591141e-02,6.288213929407227010e-02,6.268629017188237507e-02,6.250882632011967033e-02,6.234806911893897574e-02,6.220251072930427227e-02,6.207079578043314672e-02,6.195170538758260070e-02,6.184414318549058542e-02,6.174712310996122167e-02,6.165975869976308976e-02,6.158125372452588620e-02,6.151089397272407888e-02,6.144804005788317980e-02,6.139212112167516389e-02,6.134262933008638452e-02,6.129911507387827974e-02,6.126118279745579320e-02,6.122848739152200737e-02,6.120073109455012594e-02,6.117766085670059417e-02,6.115906612724891778e-02,6.114477703333956460e-02,6.113466292383329392e-02,6.112863125750195303e-02,6.112662681983804802e-02,6.112863125750156446e-02,6.113466292383365475e-02,6.114477703333975889e-02,6.115906612724902880e-02,6.117766085670056642e-02,6.120073109455026472e-02,6.122848739152075837e-02,6.126118279745543238e-02,6.129911507387780789e-02,6.134262933008685637e-02,6.139212112167538593e-02,6.144804005788348511e-02,6.151089397272416215e-02,6.158125372452541435e-02,6.165975869976356161e-02,6.174712310996136044e-02,6.184414318549033562e-02,6.195170538758321133e-02,6.207079578043309120e-02,6.220251072930407799e-02,6.234806911893817083e-02,6.250882632012041973e-02,6.268629017188309671e-02,6.288213929407260316e-02,6.309824410105488446e-02,6.333669095440844221e-02,6.359980997250005985e-02,6.389020711097101457e-02,6.421080124347264273e-02,6.456486711084816199e-02,6.495608517439102614e-02,6.538859961090101591e-02,6.586708593166692993e-02,6.639683000328344686e-02,6.698382060634114343e-02,6.763485810164499012e-02,6.835768229824337738e-02,6.916112325109136094e-02,7.005527947881376449e-02,7.105172900558900939e-02,7.216377971697465754e-02,7.340676679564794860e-02,7.479840647659133368e-02,7.635921701875281187e-02,7.811301957481173175e-02,8.008753342163960065e-02,8.231508152202168804e-02,8.483342313059086259e-02,8.768672926082998753e-02,9.092671276916483580e-02,9.461391504591694368e-02,9.881913162644795356e-02,1.036249226586281880e-01,1.091270903826976335e-01,1.154358982577331633e-01,1.226766313135458364e-01,1.309888226462601057e-01,1.405230594271037470e-01,1.514337044141358946e-01,1.638651421774612871e-01,1.779284266491329980e-01,1.936648887600173619e-01
6.848484848484848175e-01,9.994951613299050963e-02,9.475714920964926902e-02,9.021232626902070395e-02,8.623761657336309616e-02,8.276115395871902480e-02,7.971814262160269171e-02,7.705125062896818477e-02,7.471037264040625292e-02,7.265206868286488984e-02,7.083886609541950596e-02,6.923853336652999180e-02,6.782338508352697692e-02,6.656964697742234760e-02,6.545689222607195545e-02,6.446755014410751605e-02,6.358648311277909082e-02,6.280062515936571388e-02,6.209867478139122210e-02,6.147083468991113020e-02,6.090859167760859227e-02,6.040453054399921862e-02,5.995217678565428754e-02,5.954586350715576626e-02,5.918061869689436594e-02,5.885206960881111948e-02,5.855636151440657411e-02,5.829008853627401510e-02,5.805023464870920358e-02,5.783412324603329213e-02,5.763937394262769187e-02,5.746386548796189597e-02,5.730570386237351932e-02,5.716319477104259139e-02,5.703481987963709976e-02,5.691921624000012558e-02,5.681515844153778305e-02,5.672154309666385674e-02,5.663737532943269315e-02,5.656175698718129974e-02,5.649387633754879290e-02,5.643299904884865881e-02,5.637846028178961078e-02,5.632965774573839290e-02,5.628604559408995067e-02,5.624712905124412687e-02,5.621245967910135088e-02,5.618163120385505360e-02,5.615427583499246755e-02,5.613006101787446078e-02,5.610868656928905129e-02,5.608988215239732456e-02,5.607340505341484871e-02,5.605903822756932997e-02,5.604658858633809748e-02,5.603588550189331219e-02,5.602677950806575491e-02,5.601914118015752231e-02,5.601286017858858601e-02,5.600784444370757176e-02,5.600401953124767296e-02,5.600132807980906513e-02,5.599972940355410489e-02,5.599919920489768166e-02,5.599972940355524287e-02,5.600132807980925942e-02,5.600401953124711785e-02,5.600784444370762727e-02,5.601286017858875255e-02,5.601914118015685617e-02,5.602677950806542184e-02,5.603588550189347872e-02,5.604658858633848606e-02,5.605903822756980182e-02,5.607340505341526504e-02,5.608988215239768538e-02,5.610868656928874598e-02,5.613006101787440527e-02,5.615427583499316144e-02,5.618163120385522014e-02,5.621245967910126762e-02,5.624712905124351625e-02,5.628604559408911800e-02,5.632965774573900353e-02,5.637846028178941649e-02,5.643299904884929719e-02,5.649387633754940352e-02,5.656175698718216016e-02,5.663737532943238784e-02,5.672154309666344041e-02,5.681515844153756101e-02,5.691921624000043090e-02,5.703481987963690547e-02,5.716319477104375713e-02,5.730570386237299196e-02,5.746386548796195148e-02,5.763937394262749758e-02,5.783412324603312560e-02,5.805023464870878724e-02,5.829008853627448694e-02,5.855636151440621329e-02,5.885206960881103622e-02,5.918061869689317245e-02,5.954586350715598830e-02,5.995217678565484265e-02,6.040453054400055088e-02,6.090859167760873105e-02,6.147083468991113020e-02,6.209867478139066699e-02,6.280062515936535306e-02,6.358648311277897980e-02,6.446755014410660012e-02,6.545689222607165014e-02,6.656964697742201453e-02,6.782338508352692141e-02,6.923853336653007506e-02,7.083886609541997781e-02,7.265206868286402941e-02,7.471037264040608639e-02,7.705125062896732435e-02,7.971814262160423215e-02,8.276115395871817826e-02,8.623761657336394271e-02,9.021232626902375706e-02,9.475714920964992127e-02,9.994951613298883042e-02
6.886363636363636020e-01,6.702052421006743366e-02,6.524730442315510026e-02,6.369565785029160376e-02,6.233659003670877219e-02,6.114470682197264972e-02,6.009793834161891724e-02,5.917719902260296094e-02,5.836603339355153630e-02,5.765027554584559177e-02,5.701773633949461240e-02,5.645792414901201761e-02,5.596180014160051508e-02,5.552156646622116720e-02,5.513048445396770414e-02,5.478271944200668875e-02,5.447320879309450192e-02,5.419754988020789033e-02,5.395190511494452057e-02,5.373292144574834395e-02,5.353766209657981334e-02,5.336354863758033251e-02,5.320831176683851749e-02,5.306994943414700128e-02,5.294669115438038753e-02,5.283696753996486306e-02,5.273938424044860573e-02,5.265269961917093400e-02,5.257580558246596758e-02,5.250771108550758570e-02,5.244752791532839020e-02,5.239445841174455998e-02,5.234778484118091102e-02,5.230686018320532260e-02,5.227110012688351848e-02,5.223997610533939739e-02,5.221300922300889380e-02,5.218976495204261101e-02,5.216984849276118386e-02,5.215290070857234173e-02,5.213859455886116212e-02,5.212663196443173552e-02,5.211674104942684571e-02,5.210867371160429751e-02,5.210220347959826359e-02,5.209712362152960075e-02,5.209324547425009388e-02,5.209039696668427144e-02,5.208842131434032741e-02,5.208717586514932663e-02,5.208653107943592153e-02,5.208636962915147439e-02,5.208658560346904332e-02,5.208708380955170969e-02,5.208777915888085364e-02,5.208859613075350614e-02,5.208946830580604703e-02,5.209033796337347866e-02,5.209115573748493433e-02,5.209188032701336790e-02,5.209247825632618012e-02,5.209292368339929480e-02,5.209319825298841522e-02,5.209329099302933974e-02,5.209319825298819318e-02,5.209292368339940582e-02,5.209247825632626339e-02,5.209188032701325688e-02,5.209115573748543393e-02,5.209033796337358968e-02,5.208946830580532539e-02,5.208859613075447759e-02,5.208777915888040955e-02,5.208708380955090478e-02,5.208658560346923760e-02,5.208636962915239033e-02,5.208653107943544969e-02,5.208717586514863274e-02,5.208842131433996658e-02,5.209039696668449348e-02,5.209324547425042695e-02,5.209712362153062770e-02,5.210220347959818032e-02,5.210867371160415873e-02,5.211674104942651264e-02,5.212663196443148572e-02,5.213859455886168948e-02,5.215290070857264704e-02,5.216984849276201652e-02,5.218976495204208366e-02,5.221300922300911584e-02,5.223997610533956393e-02,5.227110012688318541e-02,5.230686018320532260e-02,5.234778484118066122e-02,5.239445841174356078e-02,5.244752791532855674e-02,5.250771108550800204e-02,5.257580558246621738e-02,5.265269961917115604e-02,5.273938424044977147e-02,5.283696753996455775e-02,5.294669115438038753e-02,5.306994943414625188e-02,5.320831176683774033e-02,5.336354863757977740e-02,5.353766209657895292e-02,5.373292144574870477e-02,5.395190511494413199e-02,5.419754988020625275e-02,5.447320879309425212e-02,5.478271944200646670e-02,5.513048445396884212e-02,5.552156646622152802e-02,5.596180014160034855e-02,5.645792414901204537e-02,5.701773633949472342e-02,5.765027554584575831e-02,5.836603339355084241e-02,5.917719902260268339e-02,6.009793834161861192e-02,6.114470682197295504e-02,6.233659003670835586e-02,6.369565785029243643e-02,6.524730442315354595e-02,6.702052421006782224e-02
6.924242424242423866e-01,5.378335990461780014e-02,5.316180201775527747e-02,5.262115813478621118e-02,5.215040946486920737e-02,5.174007032702993003e-02,5.138199589805347856e-02,5.106920221233926527e-02,5.079570334913796614e-02,5.055636744144645367e-02,5.034679125037794245e-02,5.016319204563812750e-02,5.000231507231045480e-02,4.986135474422312419e-02,4.973788774474272034e-02,4.962981634988652968e-02,4.953532046410558110e-02,4.945281704534026934e-02,4.938092577631161828e-02,4.931844000470753109e-02,4.926430212265262010e-02,4.921758268457829266e-02,4.917746267345152189e-02,4.914321841963831261e-02,4.911420875643265904e-02,4.908986406354964860e-02,4.906967690630445467e-02,4.905319402524763173e-02,4.904000946410574935e-02,4.902975866895289969e-02,4.902211342807133443e-02,4.901677750135316480e-02,4.901348284878656592e-02,4.901198637313333717e-02,4.901206710093813923e-02,4.901352373909029225e-02,4.901617255381246485e-02,4.901984552696611597e-02,4.902438875125683659e-02,4.902966103158865052e-02,4.903553266458965387e-02,4.904188437239831444e-02,4.904860637019936576e-02,4.905559754995358901e-02,4.906276476519738639e-02,4.907002220395467740e-02,4.907729083853643037e-02,4.908449794263050614e-02,4.909157666732119618e-02,4.909846566887257624e-02,4.910510878207666186e-02,4.911145473374800563e-02,4.911745689179672358e-02,4.912307304581814416e-02,4.912826521574734095e-02,4.913299948562294128e-02,4.913724585988282767e-02,4.914097813999029896e-02,4.914417381956495690e-02,4.914681399641820936e-02,4.914888330019809293e-02,4.915036983458342945e-02,4.915126513316658841e-02,4.915156412840870903e-02,4.915126513316686596e-02,4.915036983458312414e-02,4.914888330019812068e-02,4.914681399641884774e-02,4.914417381956498465e-02,4.914097813998971609e-02,4.913724585988177296e-02,4.913299948562327435e-02,4.912826521574673033e-02,4.912307304581811640e-02,4.911745689179711216e-02,4.911145473374733950e-02,4.910510878207594021e-02,4.909846566887293706e-02,4.909157666732044678e-02,4.908449794263114452e-02,4.907729083853668017e-02,4.907002220395464964e-02,4.906276476519816354e-02,4.905559754995286736e-02,4.904860637019964331e-02,4.904188437239789811e-02,4.903553266458990367e-02,4.902966103158815092e-02,4.902438875125683659e-02,4.901984552696522779e-02,4.901617255381246485e-02,4.901352373909023674e-02,4.901206710093852781e-02,4.901198637313350370e-02,4.901348284878664918e-02,4.901677750135199907e-02,4.902211342807138994e-02,4.902975866895292745e-02,4.904000946410594364e-02,4.905319402524729866e-02,4.906967690630500978e-02,4.908986406355039800e-02,4.911420875643279782e-02,4.914321841963850690e-02,4.917746267345196598e-02,4.921758268457793184e-02,4.926430212265250907e-02,4.931844000470847478e-02,4.938092577631031377e-02,4.945281704534035261e-02,4.953532046410566436e-02,4.962981634988636315e-02,4.973788774474227625e-02,4.986135474422259684e-02,5.000231507231103767e-02,5.016319204563871037e-02,5.034679125037827552e-02,5.055636744144637040e-02,5.079570334913796614e-02,5.106920221233954282e-02,5.138199589805308998e-02,5.174007032702929165e-02,5.215040946486937390e-02,5.262115813478679405e-02,5.316180201775422276e-02,5.378335990461752258e-02
6.962121212121211711e-01,4.801421436578037771e-02,4.780655294937269373e-02,4.762958592218571874e-02,4.747880466681636547e-02,4.735037929513860600e-02,4.724106049166559851e-02,4.714809303311612299e-02,4.706914068286602304e-02,4.700222162395495396e-02,4.694565335328518274e-02,4.689800589383022467e-02,4.685806221482941014e-02,4.682478483481450349e-02,4.679728768978011488e-02,4.677481246188808228e-02,4.675670867331718772e-02,4.674241695025505017e-02,4.673145495162381313e-02,4.672340553537995822e-02,4.671790680273246732e-02,4.671464371814820771e-02,4.671334105183638785e-02,4.671375743246466983e-02,4.671568033244694051e-02,4.671892183704243195e-02,4.672331507273994045e-02,4.672871119061899892e-02,4.673497681743898902e-02,4.674199190158653816e-02,4.674964789181793035e-02,4.675784618514958191e-02,4.676649682253669615e-02,4.677551740135504899e-02,4.678483213534997964e-02,4.679437106240891264e-02,4.680406937679792989e-02,4.681386686486807558e-02,4.682370742836727828e-02,4.683353868210443638e-02,4.684331161468416327e-02,4.685298030280546366e-02,4.686250167098365838e-02,4.687183528982349912e-02,4.688094320698499295e-02,4.688978980584665446e-02,4.689834168763692968e-02,4.690656757340469496e-02,4.691443822276258890e-02,4.692192636677197659e-02,4.692900665273477823e-02,4.693565559897497352e-02,4.694185155800237319e-02,4.694757468666649336e-02,4.695280692211678542e-02,4.695753196257607121e-02,4.696173525209626498e-02,4.696540396854315125e-02,4.696852701426407206e-02,4.697109500889029565e-02,4.697310028389833914e-02,4.697453687858413329e-02,4.697540053718965436e-02,4.697568870698795584e-02,4.697540053718921027e-02,4.697453687858391125e-02,4.697310028389758974e-02,4.697109500889043443e-02,4.696852701426451615e-02,4.696540396854356758e-02,4.696173525209612620e-02,4.695753196257645978e-02,4.695280692211656337e-02,4.694757468666768685e-02,4.694185155800253972e-02,4.693565559897489026e-02,4.692900665273530558e-02,4.692192636677272599e-02,4.691443822276181175e-02,4.690656757340394556e-02,4.689834168763756805e-02,4.688978980584643241e-02,4.688094320698527051e-02,4.687183528982336034e-02,4.686250167098376940e-02,4.685298030280621306e-02,4.684331161468408000e-02,4.683353868210399229e-02,4.682370742836702848e-02,4.681386686486729842e-02,4.680406937679748580e-02,4.679437106240816324e-02,4.678483213534984086e-02,4.677551740135604819e-02,4.676649682253680718e-02,4.675784618514966517e-02,4.674964789181826341e-02,4.674199190158612183e-02,4.673497681743984944e-02,4.672871119061874912e-02,4.672331507273910778e-02,4.671892183704345891e-02,4.671568033244707929e-02,4.671375743246308776e-02,4.671334105183636010e-02,4.671464371814851302e-02,4.671790680273232854e-02,4.672340553537993046e-02,4.673145495162370211e-02,4.674241695025543875e-02,4.675670867331749303e-02,4.677481246188838759e-02,4.679728768978072551e-02,4.682478483481455900e-02,4.685806221482904932e-02,4.689800589383050222e-02,4.694565335328457212e-02,4.700222162395376047e-02,4.706914068286632835e-02,4.714809303311606747e-02,4.724106049166551524e-02,4.735037929513907784e-02,4.747880466681575484e-02,4.762958592218455300e-02,4.780655294937322108e-02,4.801421436578137691e-02
6.999999999999999556e-01,4.559716349610054564e-02,4.553112458365668469e-02,4.547669610385676742e-02,4.543193089045341471e-02,4.539520496849358544e-02,4.536516675327104120e-02,4.534069334027038267e-02,4.532085320407949758e-02,4.530487456269691182e-02,4.529211867280136250e-02,4.528205736920851154e-02,4.527425422770772756e-02,4.526834880261790262e-02,4.526404346176310378e-02,4.526109240817896562e-02,4.525929253815741404e-02,4.525847583834560761e-02,4.525850307089518409e-02,4.525925853534995547e-02,4.526064572984134227e-02,4.526258376287056739e-02,4.526500439115443974e-02,4.526784957939650189e-02,4.527106949492723520e-02,4.527462086444955514e-02,4.527846563215340292e-02,4.528256986842091325e-02,4.528690288673886677e-02,4.529143653344933074e-02,4.529614462086092863e-02,4.530100247926691082e-02,4.530598660817497514e-02,4.531107440669693287e-02,4.531624395082950452e-02,4.532147385661042249e-02,4.532674319053550671e-02,4.533203138967184520e-02,4.533731821981751287e-02,4.534258375904917648e-02,4.534780839966759403e-02,4.535297286449113674e-02,4.535805823422656147e-02,4.536304598318810499e-02,4.536791802112896677e-02,4.537265673929841148e-02,4.537724505918411255e-02,4.538166648269312264e-02,4.538590514271273468e-02,4.538994585323641306e-02,4.539377415833442675e-02,4.539737637944871174e-02,4.540073966055060972e-02,4.540385201079849553e-02,4.540670234443733300e-02,4.540928051768766682e-02,4.541157736247516952e-02,4.541358471685216780e-02,4.541529545200878593e-02,4.541670349580773092e-02,4.541780385276372733e-02,4.541859262044509182e-02,4.541906700225450955e-02,4.541922531657568984e-02,4.541906700225439852e-02,4.541859262044467549e-02,4.541780385276403265e-02,4.541670349580803623e-02,4.541529545200906348e-02,4.541358471685300047e-02,4.541157736247547483e-02,4.540928051768819418e-02,4.540670234443749953e-02,4.540385201079816246e-02,4.540073966055060972e-02,4.539737637944882276e-02,4.539377415833431573e-02,4.538994585323638531e-02,4.538590514271284571e-02,4.538166648269276182e-02,4.537724505918416806e-02,4.537265673929791188e-02,4.536791802112871697e-02,4.536304598318763315e-02,4.535805823422647820e-02,4.535297286449091470e-02,4.534780839966759403e-02,4.534258375904834382e-02,4.533731821981756838e-02,4.533203138967156764e-02,4.532674319053495160e-02,4.532147385661014494e-02,4.531624395082919921e-02,4.531107440669612796e-02,4.530598660817530821e-02,4.530100247926682755e-02,4.529614462085990167e-02,4.529143653344941400e-02,4.528690288673697939e-02,4.528256986842066345e-02,4.527846563215348619e-02,4.527462086444933309e-02,4.527106949492792909e-02,4.526784957939741783e-02,4.526500439115407892e-02,4.526258376287051188e-02,4.526064572984209167e-02,4.525925853534976118e-02,4.525850307089532287e-02,4.525847583834535781e-02,4.525929253815669240e-02,4.526109240817874357e-02,4.526404346176254867e-02,4.526834880261826344e-02,4.527425422770764429e-02,4.528205736920867808e-02,4.529211867280102943e-02,4.530487456269610691e-02,4.532085320407897022e-02,4.534069334027032716e-02,4.536516675327093018e-02,4.539520496849366871e-02,4.543193089045383104e-02,4.547669610385729477e-02,4.553112458365768389e-02,4.559716349609929664e-02
7.037878787878788511e-01,4.521134419437872198e-02,4.517549017489866370e-02,4.514404893634935134e-02,4.511615897828374910e-02,4.509112316748642435e-02,4.506838086273382005e-02,4.504748421149337712e-02,4.502807811935083393e-02,4.500988340974923507e-02,4.499268272758616405e-02,4.497630878485719963e-02,4.496063459367924398e-02,4.494556537784466510e-02,4.493103189676297959e-02,4.491698495409060521e-02,4.490339089743800027e-02,4.489022794521194126e-02,4.487748320230439125e-02,4.486515024827147924e-02,4.485322720033810273e-02,4.484171516939960966e-02,4.483061704057988983e-02,4.481993652117627347e-02,4.480967740828184498e-02,4.479984303634657050e-02,4.479043587160289053e-02,4.478145722584894739e-02,4.477290706677458654e-02,4.476478390589547218e-02,4.475708474843853590e-02,4.474980509226419989e-02,4.474293896515108004e-02,4.473647899185265175e-02,4.473041648414435856e-02,4.472474154933056556e-02,4.471944320424536823e-02,4.471450947277147425e-02,4.470992754631675226e-02,4.470568392314755446e-02,4.470176452624602392e-02,4.469815483196012962e-02,4.469483999730922141e-02,4.469180498328650941e-02,4.468903467347817848e-02,4.468651398751360970e-02,4.468422798900828496e-02,4.468216198773697356e-02,4.468030163587663472e-02,4.467863301824340216e-02,4.467714273647299672e-02,4.467581798718872621e-02,4.467464663418366233e-02,4.467361727470828270e-02,4.467271929993130164e-02,4.467194294970752710e-02,4.467127936172801683e-02,4.467072061516239034e-02,4.467025976891197958e-02,4.466989089453968220e-02,4.466960910399708773e-02,4.466941057218351552e-02,4.466929255443985447e-02,4.466925339899696645e-02,4.466929255443777280e-02,4.466941057218276612e-02,4.466960910399639384e-02,4.466989089453973771e-02,4.467025976891161876e-02,4.467072061516208503e-02,4.467127936172721192e-02,4.467194294970752710e-02,4.467271929993166246e-02,4.467361727470836597e-02,4.467464663418421744e-02,4.467581798718900377e-02,4.467714273647277468e-02,4.467863301824298583e-02,4.468030163587680126e-02,4.468216198773705683e-02,4.468422798900875681e-02,4.468651398751385950e-02,4.468903467347837277e-02,4.469180498328664819e-02,4.469483999730891610e-02,4.469815483195935246e-02,4.470176452624619046e-02,4.470568392314844264e-02,4.470992754631700206e-02,4.471450947277183507e-02,4.471944320424509067e-02,4.472474154933026025e-02,4.473041648414363691e-02,4.473647899185162480e-02,4.474293896515049718e-02,4.474980509226350600e-02,4.475708474844025675e-02,4.476478390589480605e-02,4.477290706677480858e-02,4.478145722584903066e-02,4.479043587160283502e-02,4.479984303634668152e-02,4.480967740828242785e-02,4.481993652117671756e-02,4.483061704058005636e-02,4.484171516939947089e-02,4.485322720033910193e-02,4.486515024827211762e-02,4.487748320230386390e-02,4.489022794521149717e-02,4.490339089743827783e-02,4.491698495409121583e-02,4.493103189676309062e-02,4.494556537784474837e-02,4.496063459367868886e-02,4.497630878485686656e-02,4.499268272758596976e-02,4.500988340974945712e-02,4.502807811935105597e-02,4.504748421149373794e-02,4.506838086273351474e-02,4.509112316748672966e-02,4.511615897828427646e-02,4.514404893635032279e-02,4.517549017489747021e-02,4.521134419437936036e-02
7.075757575757575246e-01,4.592203540300249243e-02,4.586614579555278737e-02,4.581233482542620972e-02,4.576024469025286034e-02,4.570960234830989677e-02,4.566020364689357680e-02,4.561189994225997579e-02,4.556458689133710549e-02,4.551819511732149715e-02,4.547268247917071737e-02,4.542802770489745567e-02,4.538422517821899538e-02,4.534128069594917099e-02,4.529920803896417270e-02,4.525802622242838802e-02,4.521775731097876783e-02,4.517842470209876282e-02,4.514005179601957018e-02,4.510266098347567865e-02,4.506627289369977141e-02,4.503090585448735195e-02,4.499657552412936190e-02,4.496329466175669198e-02,4.493107300831944428e-02,4.489991725521949584e-02,4.486983108159081635e-02,4.484081524461128176e-02,4.481286771003090141e-02,4.478598381241982729e-02,4.476015643663600052e-02,4.473537621359269245e-02,4.471163172479525327e-02,4.468890971119440780e-02,4.466719528289656016e-02,4.464647212701619572e-02,4.462672271179599082e-02,4.460792848620195872e-02,4.459007007550283563e-02,4.457312745203972915e-02,4.455708008130662701e-02,4.454190714128761219e-02,4.452758767180828303e-02,4.451410070965591825e-02,4.450142542762480780e-02,4.448954126537132958e-02,4.447842805132409816e-02,4.446806611600953585e-02,4.445843639712834805e-02,4.444952053669892766e-02,4.444130097057774620e-02,4.443376101064480665e-02,4.442688491994267741e-02,4.442065798105704344e-02,4.441506655798727055e-02,4.441009815177518472e-02,4.440574145010167673e-02,4.440198637109338264e-02,4.439882410150453040e-02,4.439624712945319795e-02,4.439424927188037606e-02,4.439282569682873048e-02,4.439197294066679622e-02,4.439168892033418246e-02,4.439197294066632438e-02,4.439282569682953539e-02,4.439424927188068137e-02,4.439624712945289264e-02,4.439882410150319814e-02,4.440198637109413204e-02,4.440574145010181550e-02,4.441009815177512920e-02,4.441506655798826975e-02,4.442065798105745977e-02,4.442688491994153943e-02,4.443376101064472339e-02,4.444130097057871764e-02,4.444952053669923298e-02,4.445843639712826478e-02,4.446806611600970238e-02,4.447842805132434796e-02,4.448954126537091325e-02,4.450142542762469677e-02,4.451410070965569621e-02,4.452758767180778343e-02,4.454190714128786199e-02,4.455708008130679354e-02,4.457312745204064508e-02,4.459007007550319646e-02,4.460792848620276363e-02,4.462672271179543571e-02,4.464647212701697288e-02,4.466719528289597729e-02,4.468890971119354738e-02,4.471163172479611370e-02,4.473537621359310879e-02,4.476015643663577848e-02,4.478598381241993831e-02,4.481286771003090141e-02,4.484081524461125401e-02,4.486983108158956735e-02,4.489991725521977339e-02,4.493107300831838957e-02,4.496329466175547074e-02,4.499657552412902883e-02,4.503090585448679684e-02,4.506627289369938283e-02,4.510266098347587294e-02,4.514005179601943141e-02,4.517842470209884609e-02,4.521775731097879558e-02,4.525802622242822149e-02,4.529920803896447801e-02,4.534128069594925425e-02,4.538422517821927293e-02,4.542802770489667852e-02,4.547268247917024553e-02,4.551819511732188572e-02,4.556458689133641160e-02,4.561189994226044764e-02,4.566020364689474254e-02,4.570960234830917512e-02,4.576024469025269381e-02,4.581233482542573787e-02,4.586614579555314819e-02,4.592203540300229814e-02
7.113636363636364202e-01,4.740924362516954482e-02,4.730935484567908023e-02,4.721124631412562667e-02,4.711483010570963192e-02,4.702005629002703468e-02,4.692690416369962869e-02,4.683537496579393000e-02,4.674548587934884702e-02,4.665726513747511794e-02,4.657074807011971074e-02,4.648597394600476052e-02,4.640298348227558933e-02,4.632181691126155409e-02,4.624251250920224932e-02,4.616510550565558479e-02,4.608962730453128320e-02,4.601610495844052351e-02,4.594456084731374235e-02,4.587501252026107701e-02,4.580747266647858251e-02,4.574194918686499967e-02,4.567844534291859437e-02,4.561695996370410122e-02,4.555748769516027030e-02,4.550001927898358889e-02,4.544454185078111719e-02,4.539103924924295375e-02,4.533949232977660393e-02,4.528987927747094022e-02,4.524217591540277694e-02,4.519635600525828689e-02,4.515239153804095906e-02,4.511025301321208714e-02,4.506990970521057571e-02,4.503132991662370244e-02,4.499448121769036857e-02,4.495933067203222722e-02,4.492584504885668850e-02,4.489399102229121863e-02,4.486373535973417481e-02,4.483504510013855415e-02,4.480788768089247198e-02,4.478223108027845623e-02,4.475804401803923360e-02,4.473529605499146355e-02,4.471395770159788952e-02,4.469400052638461407e-02,4.467539725531002870e-02,4.465812186240505910e-02,4.464214965233115340e-02,4.462745733542453075e-02,4.461402309569190150e-02,4.460182665217071740e-02,4.459084931404472263e-02,4.458107402984443079e-02,4.457248543104402883e-02,4.456506987035555034e-02,4.455881545492418327e-02,4.455371207468192263e-02,4.454975142601924620e-02,4.454692703094767503e-02,4.454523425186532326e-02,4.454467030204001254e-02,4.454523425186571184e-02,4.454692703094778605e-02,4.454975142601927396e-02,4.455371207468256101e-02,4.455881545492385021e-02,4.456506987035521727e-02,4.457248543104352922e-02,4.458107402984398671e-02,4.459084931404497243e-02,4.460182665217085618e-02,4.461402309569129088e-02,4.462745733542503035e-02,4.464214965233054278e-02,4.465812186240544768e-02,4.467539725531044503e-02,4.469400052638541898e-02,4.471395770159861116e-02,4.473529605499063089e-02,4.475804401803823440e-02,4.478223108027770683e-02,4.480788768089313812e-02,4.483504510013838762e-02,4.486373535973328663e-02,4.489399102229138516e-02,4.492584504885666075e-02,4.495933067203206068e-02,4.499448121768978570e-02,4.503132991662417428e-02,4.506990970520993733e-02,4.511025301321267000e-02,4.515239153804040395e-02,4.519635600525895303e-02,4.524217591540261041e-02,4.528987927747119002e-02,4.533949232977552146e-02,4.539103924924217659e-02,4.544454185078047881e-02,4.550001927898353338e-02,4.555748769516018704e-02,4.561695996370407347e-02,4.567844534291848335e-02,4.574194918686405598e-02,4.580747266647880456e-02,4.587501252025993903e-02,4.594456084731363132e-02,4.601610495843991289e-02,4.608962730453111667e-02,4.616510550565469662e-02,4.624251250920205503e-02,4.632181691126058265e-02,4.640298348227561709e-02,4.648597394600476052e-02,4.657074807011996054e-02,4.665726513747456283e-02,4.674548587934790334e-02,4.683537496579429082e-02,4.692690416370037809e-02,4.702005629002653508e-02,4.711483010571010377e-02,4.721124631412640382e-02,4.730935484567919125e-02,4.740924362516965584e-02
7.151515151515150936e-01,4.942716411633046869e-02,4.927144257466276045e-02,4.911797937229331334e-02,4.896687742909136554e-02,4.881824264094059007e-02,4.867218024565475587e-02,4.852879197641515874e-02,4.838817389099572819e-02,4.825041477305130888e-02,4.811559501157441909e-02,4.798378587517529437e-02,4.785504910830057357e-02,4.772943678642482812e-02,4.760699137649510027e-02,4.748774595710633650e-02,4.737172456033778012e-02,4.725894260353172283e-02,4.714940738497117034e-02,4.704311862213128581e-02,4.694006901533068210e-02,4.684024482300647163e-02,4.674362643779028659e-02,4.665018895493769358e-02,4.655990272670812447e-02,4.647273389791198306e-02,4.638864491920868804e-02,4.630759503583675718e-02,4.622954075033075538e-02,4.615443625848458797e-02,4.608223385836995867e-02,4.601288433265743327e-02,4.594633730480968126e-02,4.588254156995741351e-02,4.582144540144375555e-02,4.576299683416962250e-02,4.570714392589675379e-02,4.565383499778646881e-02,4.560301885538634026e-02,4.555464499135511436e-02,4.550866377121617901e-02,4.546502660353063385e-02,4.542368609650132560e-02,4.538459620499554759e-02,4.534771235864754058e-02,4.531299151570375439e-02,4.528039232738903519e-02,4.524987526409221528e-02,4.522140266726645819e-02,4.519493882531303020e-02,4.517045004525852003e-02,4.514790471664775762e-02,4.512727336846075743e-02,4.510852871975987166e-02,4.509164572462695530e-02,4.507660161183743575e-02,4.506337591967010670e-02,4.505195052618815588e-02,4.504230967529043728e-02,4.503443999878445347e-02,4.502833053470933766e-02,4.502397274207853295e-02,4.502136051220317903e-02,4.502049017668652287e-02,4.502136051220337332e-02,4.502397274207903255e-02,4.502833053470914337e-02,4.503443999878481430e-02,4.504230967529071483e-02,4.505195052618868323e-02,4.506337591966996792e-02,4.507660161183688063e-02,4.509164572462706633e-02,4.510852871976062106e-02,4.512727336846136805e-02,4.514790471664806293e-02,4.517045004525882534e-02,4.519493882531261386e-02,4.522140266726693003e-02,4.524987526409263161e-02,4.528039232738817477e-02,4.531299151570325479e-02,4.534771235864720751e-02,4.538459620499543656e-02,4.542368609650127009e-02,4.546502660353055059e-02,4.550866377121615125e-02,4.555464499135566947e-02,4.560301885538667332e-02,4.565383499778769005e-02,4.570714392589686481e-02,4.576299683416829023e-02,4.582144540144328371e-02,4.588254156995760780e-02,4.594633730481062495e-02,4.601288433265793287e-02,4.608223385837026398e-02,4.615443625848497655e-02,4.622954075033164356e-02,4.630759503583578574e-02,4.638864491920885458e-02,4.647273389791242715e-02,4.655990272670859631e-02,4.665018895493755480e-02,4.674362643779084170e-02,4.684024482300669368e-02,4.694006901533109843e-02,4.704311862213075845e-02,4.714940738497064299e-02,4.725894260353133425e-02,4.737172456033850176e-02,4.748774595710691937e-02,4.760699137649535007e-02,4.772943678642566079e-02,4.785504910830079561e-02,4.798378587517637683e-02,4.811559501157405827e-02,4.825041477305128113e-02,4.838817389099620003e-02,4.852879197641510323e-02,4.867218024565478363e-02,4.881824264094153376e-02,4.896687742909097696e-02,4.911797937229278599e-02,4.927144257466190003e-02,4.942716411633074625e-02
7.189393939393939892e-01,5.186796585108549573e-02,5.164921120602783411e-02,5.143338046892076409e-02,5.122076897650712501e-02,5.101164023230864153e-02,5.080622708800508480e-02,5.060473311186841627e-02,5.040733409948083832e-02,5.021417968455543779e-02,5.002539501190772508e-02,4.984108243946522299e-02,4.966132324129429731e-02,4.948617928861986925e-02,4.931569469035573805e-02,4.914989737880054443e-02,4.898880062982219341e-02,4.883240450987674786e-02,4.868069724494483719e-02,4.853365650854701840e-02,4.839125062783106168e-02,4.825343970811807326e-02,4.812017667741502747e-02,4.799140825324477166e-02,4.786707583476901284e-02,4.774711632363598524e-02,4.763146287727393347e-02,4.752004559852124332e-02,4.741279216555793763e-02,4.730962840611166453e-02,4.721047881983758687e-02,4.711526705266561033e-02,4.702391632678379341e-02,4.693634982974240200e-02,4.685249106598587954e-02,4.677226417397087332e-02,4.669559421176447400e-02,4.662240741389542253e-02,4.655263142201071513e-02,4.648619549169238918e-02,4.642303067764388946e-02,4.636306999930320250e-02,4.630624858874979322e-02,4.625250382279000316e-02,4.620177544122897051e-02,4.615400565458907534e-02,4.610913924659490459e-02,4.606712362635595470e-02,4.602790884565710616e-02,4.599144778118546828e-02,4.595769616040268346e-02,4.592661258773442223e-02,4.589815858889553790e-02,4.587229864983680128e-02,4.584900025005228530e-02,4.582823389114587531e-02,4.580997312129297949e-02,4.579419455607275369e-02,4.578087789606385960e-02,4.577000594149110979e-02,4.576156460420280347e-02,4.575554291719732825e-02,4.575193304184665966e-02,4.575073027297146822e-02,4.575193304184679843e-02,4.575554291719732825e-02,4.576156460420160998e-02,4.577000594149044366e-02,4.578087789606516411e-02,4.579419455607308675e-02,4.580997312129231336e-02,4.582823389114590307e-02,4.584900025005173019e-02,4.587229864983660699e-02,4.589815858889598199e-02,4.592661258773442223e-02,4.595769616040334959e-02,4.599144778118577359e-02,4.602790884565635676e-02,4.606712362635631552e-02,4.610913924659532093e-02,4.615400565458846471e-02,4.620177544122905378e-02,4.625250382279039174e-02,4.630624858875034833e-02,4.636306999930314698e-02,4.642303067764394497e-02,4.648619549169291654e-02,4.655263142201257476e-02,4.662240741389617193e-02,4.669559421176450176e-02,4.677226417397092884e-02,4.685249106598576851e-02,4.693634982974193015e-02,4.702391632678448730e-02,4.711526705266530501e-02,4.721047881983708727e-02,4.730962840611158127e-02,4.741279216555849274e-02,4.752004559852140986e-02,4.763146287727415551e-02,4.774711632363504155e-02,4.786707583476929040e-02,4.799140825324532678e-02,4.812017667741458338e-02,4.825343970811701855e-02,4.839125062783028453e-02,4.853365650854762903e-02,4.868069724494483719e-02,4.883240450987585968e-02,4.898880062982197137e-02,4.914989737880032239e-02,4.931569469035523845e-02,4.948617928862036885e-02,4.966132324129385323e-02,4.984108243946566708e-02,5.002539501190683691e-02,5.021417968455499370e-02,5.040733409948061627e-02,5.060473311186941547e-02,5.080622708800514031e-02,5.101164023230869704e-02,5.122076897650745808e-02,5.143338046891954285e-02,5.164921120602672389e-02,5.186796585108532920e-02
7.227272727272727737e-01,5.429130720121960740e-02,5.400609561439284612e-02,5.372432999313953017e-02,5.344654514218039054e-02,5.317320246821871654e-02,5.290469667878400228e-02,5.264136203088704002e-02,5.238347814517790857e-02,5.213127540120732206e-02,5.188493993000786730e-02,5.164461822119076340e-02,5.141042136271245511e-02,5.118242893227670232e-02,5.096069255999108316e-02,5.074523918209306039e-02,5.053607400576670683e-02,5.033318320476481977e-02,5.013653636519471712e-02,4.994608870026057135e-02,4.976178305197664908e-02,4.958355169711381460e-02,4.941131797366127287e-02,4.924499774322899093e-02,4.908450070375791618e-02,4.892973156601332363e-02,4.878059110632254614e-02,4.863697710712894251e-02,4.849878519599709614e-02,4.836590959288311620e-02,4.823824377462837543e-02,4.811568106492219998e-02,4.799811515720703303e-02,4.788544057736154880e-02,4.777755309239012371e-02,4.767435007073234088e-02,4.757573079931237681e-02,4.748159676195584655e-02,4.739185188335043319e-02,4.730640274232383868e-02,4.722515875784899508e-02,4.714803235082998256e-02,4.707493908446108710e-02,4.700579778562152811e-02,4.694053064959069488e-02,4.687906333014424387e-02,4.682132501713720529e-02,4.676724850412927736e-02,4.671677025147663587e-02,4.666983044260858415e-02,4.662637293288207641e-02,4.658634532880906454e-02,4.654969910594014548e-02,4.651638956670789415e-02,4.648637585239645542e-02,4.645962096061456714e-02,4.643609175863799843e-02,4.641575899361366497e-02,4.639859730045681196e-02,4.638458520789906503e-02,4.637370514312388892e-02,4.636594343518873895e-02,4.636129031750574336e-02,4.635973992948916322e-02,4.636129031750513274e-02,4.636594343518868344e-02,4.637370514312333381e-02,4.638458520789939810e-02,4.639859730045686748e-02,4.641575899361438662e-02,4.643609175863733229e-02,4.645962096061462265e-02,4.648637585239751013e-02,4.651638956670750558e-02,4.654969910594020099e-02,4.658634532880939760e-02,4.662637293288163232e-02,4.666983044260775149e-02,4.671677025147741302e-02,4.676724850413038759e-02,4.682132501713576200e-02,4.687906333014452143e-02,4.694053064959136101e-02,4.700579778562258282e-02,4.707493908446069852e-02,4.714803235083020461e-02,4.722515875784927264e-02,4.730640274232505993e-02,4.739185188335121035e-02,4.748159676195612411e-02,4.757573079931237681e-02,4.767435007073272946e-02,4.777755309239073434e-02,4.788544057736160431e-02,4.799811515720686650e-02,4.811568106492292163e-02,4.823824377462837543e-02,4.836590959288272762e-02,4.849878519599687410e-02,4.863697710712794331e-02,4.878059110632176898e-02,4.892973156601282403e-02,4.908450070375836027e-02,4.924499774322893542e-02,4.941131797366099532e-02,4.958355169711337052e-02,4.976178305197709317e-02,4.994608870025946112e-02,5.013653636519488366e-02,5.033318320476487528e-02,5.053607400576720643e-02,5.074523918209383755e-02,5.096069255999124969e-02,5.118242893227659129e-02,5.141042136271223306e-02,5.164461822119087442e-02,5.188493993000792281e-02,5.213127540120676695e-02,5.238347814517801959e-02,5.264136203088731758e-02,5.290469667878511251e-02,5.317320246821899410e-02,5.344654514218000196e-02,5.372432999313953017e-02,5.400609561439273509e-02,5.429130720121977394e-02
7.265151515151515582e-01,5.682495993560515712e-02,5.646980959308200987e-02,5.611833832291868163e-02,5.577140009561160072e-02,5.542972168861542981e-02,5.509391638828642357e-02,5.476449647806369558e-02,5.444188458672011288e-02,5.412642397237787950e-02,5.381838781824693774e-02,5.351798761508708147e-02,5.322538070334437155e-02,5.294067704517269046e-02,5.266394529320350681e-02,5.239521821911263810e-02,5.213449756121191214e-02,5.188175834605063264e-02,5.163695273509377737e-02,5.140001344342431944e-02,5.117085677358057527e-02,5.094938530394949039e-02,5.073549026757628866e-02,5.052905365401522131e-02,5.032995006371648872e-02,5.013804834164692359e-02,4.995321301418820248e-02,4.977530555097253728e-02,4.960418547111378196e-02,4.943971131126317919e-02,4.928174147116715087e-02,4.913013495068507819e-02,4.898475199077828579e-02,4.884545462967121443e-02,4.871210718409285656e-02,4.858457666451837520e-02,4.846273313231608260e-02,4.834645000580350960e-02,4.823560432152795840e-02,4.813007695626997373e-02,4.802975281477633862e-02,4.793452098754430457e-02,4.784427488261161487e-02,4.775891233475476616e-02,4.767833569517448966e-02,4.760245190440087759e-02,4.753117255080219206e-02,4.746441391691202938e-02,4.740209701557840383e-02,4.734414761819566442e-02,4.729049627876763529e-02,4.724107836257784854e-02,4.719583402899069080e-02,4.715470811962996223e-02,4.711765035002762891e-02,4.708461527762408672e-02,4.705556225375628898e-02,4.703045542265976708e-02,4.700926371975749918e-02,4.699196086833207220e-02,4.697852537572616560e-02,4.696894052971190003e-02,4.696319439537788298e-02,4.696127981276304597e-02,4.696319439537849361e-02,4.696894052971178901e-02,4.697852537572527742e-02,4.699196086833179464e-02,4.700926371975777673e-02,4.703045542265904544e-02,4.705556225375528978e-02,4.708461527762364263e-02,4.711765035002807300e-02,4.715470811962935160e-02,4.719583402899041324e-02,4.724107836257818160e-02,4.729049627876769080e-02,4.734414761819599748e-02,4.740209701557795974e-02,4.746441391691202938e-02,4.753117255080363535e-02,4.760245190440104412e-02,4.767833569517426762e-02,4.775891233475426656e-02,4.784427488261200345e-02,4.793452098754241719e-02,4.802975281477522840e-02,4.813007695627108395e-02,4.823560432152862454e-02,4.834645000580445329e-02,4.846273313231586055e-02,4.858457666451965196e-02,4.871210718409257900e-02,4.884545462967093687e-02,4.898475199077806375e-02,4.913013495068280223e-02,4.928174147116737291e-02,4.943971131126301266e-02,4.960418547111339338e-02,4.977530555097259279e-02,4.995321301418809146e-02,5.013804834164703461e-02,5.032995006371687730e-02,5.052905365401511029e-02,5.073549026757673275e-02,5.094938530394943488e-02,5.117085677358057527e-02,5.140001344342448597e-02,5.163695273509461003e-02,5.188175834605029957e-02,5.213449756121241174e-02,5.239521821911369281e-02,5.266394529320272966e-02,5.294067704517319006e-02,5.322538070334292826e-02,5.351798761508819169e-02,5.381838781824782592e-02,5.412642397237765746e-02,5.444188458672050146e-02,5.476449647806441723e-02,5.509391638828686766e-02,5.542972168861537430e-02,5.577140009561198930e-02,5.611833832291840407e-02,5.646980959308206538e-02,5.682495993560560121e-02
7.303030303030303427e-01,5.963975365496193559e-02,5.920883943376104019e-02,5.878153068925834335e-02,5.835910578330455456e-02,5.794264468580961891e-02,5.753305194188207405e-02,5.713107745111878355e-02,5.673733518979839907e-02,5.635232001819595604e-02,5.597642272014591303e-02,5.560994342200786811e-02,5.525310353460261004e-02,5.490605635577539001e-02,5.456889646360896240e-02,5.424166802176400015e-02,5.392437210940842496e-02,5.361697317910052440e-02,5.331940473689655846e-02,5.303157433044447533e-02,5.275336792243456863e-02,5.248465371924626588e-02,5.222528551737637414e-02,5.197510562370599718e-02,5.173394739968012468e-02,5.150163747396863112e-02,5.127799766330715103e-02,5.106284663668486656e-02,5.085600135415174750e-02,5.065727830785332619e-02,5.046649458975982494e-02,5.028346880769191118e-02,5.010802186872531649e-02,4.993997764679047879e-02,4.977916354928763054e-02,4.962541099581807558e-02,4.947855582048588108e-02,4.933843860792358482e-02,4.920490497192575585e-02,4.907780578451170772e-02,4.895699736229275345e-02,4.884234161617384551e-02,4.873370616967998004e-02,4.863096445055381523e-02,4.853399575970679392e-02,4.844268532107470770e-02,4.835692431551591453e-02,4.827660990148729958e-02,4.820164522490932857e-02,4.813193942035359774e-02,4.806740760547284497e-02,4.800797087063896074e-02,4.795355626647462843e-02,4.790409679610529992e-02,4.785953141539428524e-02,4.781980487960263426e-02,4.778486776569068617e-02,4.775467661950077991e-02,4.772919382618612261e-02,4.770838758322942796e-02,4.769223188978322092e-02,4.768070653585032570e-02,4.767379709287067335e-02,4.767149490662703215e-02,4.767379709287034029e-02,4.768070653585043672e-02,4.769223188978410910e-02,4.770838758322998308e-02,4.772919382618623363e-02,4.775467661950116849e-02,4.778486776569196293e-02,4.781980487960235671e-02,4.785953141539439626e-02,4.790409679610468929e-02,4.795355626647451741e-02,4.800797087063857216e-02,4.806740760547428826e-02,4.813193942035437489e-02,4.820164522490899550e-02,4.827660990148657794e-02,4.835692431551597004e-02,4.844268532107504077e-02,4.853399575970601676e-02,4.863096445055237194e-02,4.873370616967998004e-02,4.884234161617412306e-02,4.895699736229380816e-02,4.907780578451120812e-02,4.920490497192514523e-02,4.933843860792308522e-02,4.947855582048588108e-02,4.962541099581807558e-02,4.977916354928718645e-02,4.993997764678997919e-02,5.010802186872609365e-02,5.028346880769080096e-02,5.046649458975843716e-02,5.065727830785332619e-02,5.085600135415141443e-02,5.106284663668375634e-02,5.127799766330654041e-02,5.150163747396901970e-02,5.173394739967956957e-02,5.197510562370633025e-02,5.222528551737615210e-02,5.248465371924848633e-02,5.275336792243412454e-02,5.303157433044491942e-02,5.331940473689700255e-02,5.361697317910002480e-02,5.392437210940764780e-02,5.424166802176250135e-02,5.456889646360935098e-02,5.490605635577461285e-02,5.525310353460161084e-02,5.560994342200886731e-02,5.597642272014663467e-02,5.635232001819534542e-02,5.673733518979845458e-02,5.713107745111867253e-02,5.753305194188190752e-02,5.794264468580934135e-02,5.835910578330494314e-02,5.878153068925856539e-02,5.920883943376176184e-02,5.963975365496354542e-02
7.340909090909091272e-01,6.299163608099472844e-02,6.247342599715682843e-02,6.195864157620156742e-02,6.144910209238196863e-02,6.094633528536713696e-02,6.045161267412418882e-02,5.996598139745590306e-02,5.949029277078116129e-02,5.902522778080881993e-02,5.857131975599710882e-02,5.812897445538062202e-02,5.769848781484571143e-02,5.728006158079951282e-02,5.687381704849892028e-02,5.647980710739619603e-02,5.609802677995739950e-02,5.572842242425285475e-02,5.537089975464193348e-02,5.502533081970839568e-02,5.469156006214798138e-02,5.436940957202684999e-02,5.405868363245763808e-02,5.375917264562080078e-02,5.347065651688942545e-02,5.319290756571148915e-02,5.292569302370198070e-02,5.266877717318629859e-02,5.242192317289218195e-02,5.218489461177933109e-02,5.195745682693880818e-02,5.173937801698952343e-02,5.153043017848302210e-02,5.133038988932170366e-02,5.113903896023780371e-02,5.095616497257737798e-02,5.078156171843717370e-02,5.061502955703023332e-02,5.045637569946415102e-02,5.030541443246638877e-02,5.016196729026661805e-02,5.002586318266111221e-02,4.989693848617438032e-02,4.977503710441028018e-02,4.966001050281027007e-02,4.955171772239463923e-02,4.945002537643661267e-02,4.935480763349309186e-02,4.926594618976248841e-02,4.918333023334209297e-02,4.910685640262718588e-02,4.903642874077490665e-02,4.897195864798881138e-02,4.891336483328362350e-02,4.886057326777709653e-02,4.881351714404774667e-02,4.877213685520903619e-02,4.873637991201679176e-02,4.870620072292797254e-02,4.868156087143959976e-02,4.866242901285272593e-02,4.864878078670997752e-02,4.864059880348320375e-02,4.863787263423507978e-02,4.864059880348431397e-02,4.864878078671130979e-02,4.866242901285289246e-02,4.868156087143965527e-02,4.870620072292952685e-02,4.873637991201629216e-02,4.877213685520837005e-02,4.881351714404846831e-02,4.886057326777681897e-02,4.891336483328395657e-02,4.897195864798892240e-02,4.903642874077418501e-02,4.910685640262696383e-02,4.918333023334303666e-02,4.926594618976293249e-02,4.935480763349348043e-02,4.945002537643644613e-02,4.955171772239397310e-02,4.966001050280971496e-02,4.977503710441000262e-02,4.989693848617388072e-02,5.002586318266122323e-02,5.016196729026706214e-02,5.030541443246544508e-02,5.045637569946392897e-02,5.061502955703028883e-02,5.078156171843672961e-02,5.095616497257848820e-02,5.113903896023708207e-02,5.133038988932120406e-02,5.153043017848185636e-02,5.173937801699024508e-02,5.195745682693947431e-02,5.218489461177927558e-02,5.242192317289234849e-02,5.266877717318679819e-02,5.292569302370159212e-02,5.319290756571126710e-02,5.347065651689048016e-02,5.375917264562074527e-02,5.405868363245835972e-02,5.436940957202746061e-02,5.469156006214792587e-02,5.502533081970789608e-02,5.537089975464276614e-02,5.572842242425379844e-02,5.609802677995801012e-02,5.647980710739486376e-02,5.687381704849997499e-02,5.728006158079956833e-02,5.769848781484571143e-02,5.812897445538089958e-02,5.857131975599627616e-02,5.902522778080970811e-02,5.949029277078121680e-02,5.996598139745490386e-02,6.045161267412413331e-02,6.094633528536952394e-02,6.144910209238280130e-02,6.195864157620090129e-02,6.247342599715671740e-02,6.299163608099433986e-02
7.378787878787879118e-01,6.679624763933755816e-02,6.617228684625342527e-02,6.555206869666890812e-02,6.493802671197546061e-02,6.433218937544271654e-02,6.373623110505038936e-02,6.315151809109365022e-02,6.257914925592322763e-02,6.201999265739377432e-02,6.147471769213913584e-02,6.094382346774290804e-02,6.042766371016800031e-02,5.992646856017264101e-02,5.944036359270377101e-02,5.896938636987286708e-02,5.851350081255474178e-02,5.807260964986610263e-02,5.764656518015498499e-02,5.723517855287729716e-02,5.683822775785873915e-02,5.645546448729910072e-02,5.608662001666997465e-02,5.573141023314887033e-02,5.538953992452072539e-02,5.506070642758864597e-02,5.474460272255793347e-02,5.444092004893025250e-02,5.414935010871518850e-02,5.386958691420301593e-02,5.360132833010244902e-02,5.334427735323787889e-02,5.309814316733013628e-02,5.286264200534707136e-02,5.263749784759280681e-02,5.242244297989551161e-02,5.221721843297594257e-02,5.202157432121662373e-02,5.183527009657690199e-02,5.165807473123917859e-02,5.148976684069012100e-02,5.133013475739900411e-02,5.117897656372710768e-02,5.103610009163550565e-02,5.090132289558763068e-02,5.077447220423336738e-02,5.065538485559056836e-02,5.054390721985840829e-02,5.043989511332136466e-02,5.034321370635680415e-02,5.025373742812844213e-02,5.017134987011645508e-02,5.009594369039055417e-02,5.002742052022590702e-02,4.996569087446828261e-02,4.991067406695598452e-02,4.986229813253933996e-02,4.982049975868002578e-02,4.978522423720360690e-02,4.975642543430380815e-02,4.973406550273617999e-02,4.971811500399747619e-02,4.970855305235227783e-02,4.970536712636275389e-02,4.970855305235127863e-02,4.971811500399697659e-02,4.973406550273612448e-02,4.975642543430403020e-02,4.978522423720427303e-02,4.982049975867874902e-02,4.986229813253822973e-02,4.991067406695509634e-02,4.996569087446750546e-02,5.002742052022612906e-02,5.009594369039094275e-02,5.017134987011673264e-02,5.025373742812816458e-02,5.034321370635708170e-02,5.043989511332092057e-02,5.054390721985946300e-02,5.065538485559106796e-02,5.077447220423331187e-02,5.090132289558763068e-02,5.103610009163528360e-02,5.117897656372633053e-02,5.133013475739905962e-02,5.148976684069006549e-02,5.165807473123829041e-02,5.183527009657795670e-02,5.202157432121617964e-02,5.221721843297472132e-02,5.242244297989595569e-02,5.263749784759275130e-02,5.286264200534712687e-02,5.309814316733046935e-02,5.334427735323787889e-02,5.360132833010178288e-02,5.386958691420273837e-02,5.414935010871518850e-02,5.444092004893030801e-02,5.474460272255760040e-02,5.506070642759042233e-02,5.538953992452094743e-02,5.573141023314825970e-02,5.608662001666997465e-02,5.645546448729632516e-02,5.683822775785857262e-02,5.723517855287768574e-02,5.764656518015476294e-02,5.807260964986682428e-02,5.851350081255657365e-02,5.896938636987197890e-02,5.944036359270421510e-02,5.992646856017064261e-02,6.042766371016994320e-02,6.094382346774546155e-02,6.147471769214069015e-02,6.201999265739122080e-02,6.257914925592295008e-02,6.315151809109381675e-02,6.373623110504927913e-02,6.433218937544388227e-02,6.493802671197451692e-02,6.555206869667018488e-02,6.617228684625181545e-02,6.679624763934011167e-02
7.416666666666666963e-01,7.126916646777409214e-02,7.050439606861841346e-02,6.974581266178031536e-02,6.899636619030835583e-02,6.825848642594378735e-02,6.753415078962538010e-02,6.682494525354754078e-02,6.613211862501588989e-02,6.545663062527301568e-02,6.479919424044450205e-02,6.416031284984674565e-02,6.354031263957155007e-02,6.293937079456918271e-02,6.235753993646364624e-02,6.179476924163240792e-02,6.125092263799625236e-02,6.072579444175235652e-02,6.021912275863772201e-02,5.973060093924814629e-02,5.925988734507692257e-02,5.880661365165379406e-02,5.837039188765880127e-02,5.795082038405219294e-02,5.754748878504462040e-02,5.715998225310031655e-02,5.678788498270015417e-02,5.643078312232474580e-02,5.608826719067888655e-02,5.575993406153256782e-02,5.544538858123826408e-02,5.514424487425734211e-02,5.485612738419592960e-02,5.458067169129893204e-02,5.431752514153675993e-02,5.406634731742426814e-02,5.382681037646452893e-02,5.359859927938537272e-02,5.338141192710771366e-02,5.317495922271697761e-02,5.297896507228372354e-02,5.279316633636299549e-02,5.261731274228442778e-02,5.245116676581468296e-02,5.229450348951553140e-02,5.214711044400227591e-02,5.200878743738035492e-02,5.187934637730590159e-02,5.175861108947982236e-02,5.164641713570583548e-02,5.154261163425921666e-02,5.144705308475827632e-02,5.135961119946852449e-02,5.128016674261598462e-02,5.120861137901000504e-02,5.114484753311759890e-02,5.108878825951401748e-02,5.104035712559423787e-02,5.099948810752019668e-02,5.096612550132401109e-02,5.094022385593677260e-02,5.092174795042925250e-02,5.091067262112602965e-02,5.090698253094305681e-02,5.091067262112575209e-02,5.092174795042825330e-02,5.094022385593660607e-02,5.096612550132423314e-02,5.099948810752080730e-02,5.104035712559468196e-02,5.108878825951412850e-02,5.114484753311798748e-02,5.120861137900989402e-02,5.128016674261620667e-02,5.135961119946902409e-02,5.144705308475705507e-02,5.154261163425971626e-02,5.164641713570705672e-02,5.175861108947843459e-02,5.187934637730712284e-02,5.200878743738046595e-02,5.214711044400305306e-02,5.229450348951564242e-02,5.245116676581373927e-02,5.261731274228270694e-02,5.279316633636266243e-02,5.297896507228244678e-02,5.317495922271703312e-02,5.338141192710704752e-02,5.359859927938565027e-02,5.382681037646580569e-02,5.406634731742404609e-02,5.431752514153653788e-02,5.458067169129826590e-02,5.485612738419448631e-02,5.514424487425628740e-02,5.544538858123787550e-02,5.575993406153062493e-02,5.608826719067810940e-02,5.643078312232391314e-02,5.678788498270131990e-02,5.715998225310053860e-02,5.754748878504434284e-02,5.795082038405224845e-02,5.837039188765963393e-02,5.880661365165318344e-02,5.925988734507769973e-02,5.973060093924886793e-02,6.021912275863722241e-02,6.072579444175274510e-02,6.125092263799697401e-02,6.179476924163179730e-02,6.235753993646403481e-02,6.293937079457012640e-02,6.354031263957254927e-02,6.416031284984757832e-02,6.479919424044500165e-02,6.545663062527218301e-02,6.613211862501522376e-02,6.682494525354715220e-02,6.753415078962565765e-02,6.825848642594323223e-02,6.899636619030868889e-02,6.974581266178025984e-02,7.050439606861746977e-02,7.126916646777420317e-02
7.454545454545454808e-01,7.672927474737600839e-02,7.575609186999532341e-02,7.479754341313593624e-02,7.385648925908316897e-02,7.293522485927689258e-02,7.203555590625443372e-02,7.115886605968735346e-02,7.030617769944191853e-02,6.947820592637105053e-02,6.867540619073109198e-02,6.789801602131512182e-02,6.714609137393973137e-02,6.641953813009088270e-02,6.571813926574693321e-02,6.504157818508121691e-02,6.438945867954948277e-02,6.376132193415040561e-02,6.315666096227401383e-02,6.257493281065251711e-02,6.201556883763870154e-02,6.147798333237008972e-02,6.096158070939555751e-02,6.046576148375321091e-02,5.998992720457363426e-02,5.953348450175410811e-02,5.909584837909986899e-02,5.867644486903617063e-02,5.827471314780574563e-02,5.789010719613468803e-02,5.752209707810185257e-02,5.717016990047407710e-02,5.683383050568552308e-02,5.651260194374019274e-02,5.620602576169425602e-02,5.591366214349624553e-02,5.563508992805504816e-02,5.536990652915424471e-02,5.511772777722084848e-02,5.487818769980201683e-02,5.465093825502970182e-02,5.443564903005426725e-02,5.423200691451168787e-02,5.403971575749200174e-02,5.385849601502773476e-02,5.368808439403177646e-02,5.352823349753704774e-02,5.337871147529832383e-02,5.323930168309154443e-02,5.310980235345291733e-02,5.299002628009535920e-02,5.287980051781493440e-02,5.277896609936949535e-02,5.268737777047749482e-02,5.260490374389598101e-02,5.253142547329198164e-02,5.246683744746222233e-02,5.241104700528292915e-02,5.236397417164728729e-02,5.232555151427303874e-02,5.229572402070825632e-02,5.227444899285849100e-02,5.226169596370500159e-02,5.225744685941968726e-02,5.226169596370505710e-02,5.227444899285832447e-02,5.229572402070875592e-02,5.232555151427442652e-02,5.236397417164645463e-02,5.241104700528337323e-02,5.246683744746344358e-02,5.253142547329325840e-02,5.260490374389542589e-02,5.268737777047721726e-02,5.277896609936938432e-02,5.287980051781554502e-02,5.299002628009397142e-02,5.310980235345280631e-02,5.323930168309143340e-02,5.337871147529721361e-02,5.352823349753771387e-02,5.368808439403177646e-02,5.385849601502712414e-02,5.403971575749205725e-02,5.423200691451379729e-02,5.443564903005398969e-02,5.465093825502981284e-02,5.487818769980207234e-02,5.511772777722007133e-02,5.536990652915491085e-02,5.563508992805404896e-02,5.591366214349702268e-02,5.620602576169508868e-02,5.651260194373880497e-02,5.683383050568513450e-02,5.717016990047335545e-02,5.752209707809979866e-02,5.789010719613374434e-02,5.827471314780602318e-02,5.867644486903617063e-02,5.909584837910053512e-02,5.953348450175349749e-02,5.998992720457391181e-02,6.046576148375293336e-02,6.096158070939755591e-02,6.147798333236836887e-02,6.201556883764008932e-02,6.257493281065035218e-02,6.315666096227445792e-02,6.376132193415012805e-02,6.438945867954787294e-02,6.504157818508210509e-02,6.571813926574771036e-02,6.641953813009182639e-02,6.714609137393912075e-02,6.789801602131562142e-02,6.867540619073275732e-02,6.947820592637171666e-02,7.030617769944297324e-02,7.115886605968751999e-02,7.203555590625404514e-02,7.293522485927678156e-02,7.385648925908294693e-02,7.479754341313749055e-02,7.575609186999521238e-02,7.672927474737423204e-02
7.492424242424242653e-01,8.358070685799290356e-02,8.227224193003723762e-02,8.100090060849307605e-02,7.976771500233059697e-02,7.857333556956247467e-02,7.741808468827970913e-02,7.630200522910801642e-02,7.522490444005835997e-02,7.418639332067145098e-02,7.318592165619186574e-02,7.222280892167831645e-02,7.129627131158811082e-02,7.040544518677693819e-02,6.954940725263292212e-02,6.872719178982755750e-02,6.793780525515707991e-02,6.718023855717830672e-02,6.645347729268835657e-02,6.575651020772815825e-02,6.508833612285286341e-02,6.444796953793952010e-02,6.383444510810654116e-02,6.324682115964236351e-02,6.268418239402129277e-02,6.214564190885984996e-02,6.163034264745093083e-02,6.113745837312972720e-02,6.066619425107616648e-02,6.021578710819547320e-02,5.978550543125443761e-02,5.937464915438994684e-02,5.898254927921670054e-02,5.860856736398822875e-02,5.825209491245331161e-02,5.791255268807443679e-02,5.758938997502183188e-02,5.728208380367738606e-02,5.699013815543801931e-02,5.671308315883272222e-02,5.645047428694049962e-02,5.620189156409488573e-02,5.596693878840908187e-02,5.574524277530240601e-02,5.553645262611633937e-02,5.534023902505236236e-02,5.515629356684770279e-02,5.498432811703707346e-02,5.482407420615409421e-02,5.467528245874964110e-02,5.453772205786100447e-02,5.441118024523045049e-02,5.429546185741240816e-02,5.419038889770488865e-02,5.409580014372544765e-02,5.401155079029917871e-02,5.393751212710046206e-02,5.387357125003150449e-02,5.381963080371093833e-02,5.377560874794429235e-02,5.374143817970700177e-02,5.371706754560190422e-02,5.370246001356959731e-02,5.369759330448931056e-02,5.370246001356748788e-02,5.371706754560134911e-02,5.374143817970705728e-02,5.377560874794273804e-02,5.381963080371005015e-02,5.387357125003128244e-02,5.393751212710123921e-02,5.401155079029901218e-02,5.409580014372472601e-02,5.419038889770533274e-02,5.429546185741246367e-02,5.441118024523072805e-02,5.453772205786056038e-02,5.467528245874941906e-02,5.482407420615348359e-02,5.498432811703718448e-02,5.515629356684625950e-02,5.534023902505313952e-02,5.553645262611694999e-02,5.574524277530168437e-02,5.596693878840935943e-02,5.620189156409416409e-02,5.645047428694011105e-02,5.671308315883166751e-02,5.699013815543807482e-02,5.728208380367733055e-02,5.758938997502127677e-02,5.791255268807538048e-02,5.825209491245142424e-02,5.860856736398734057e-02,5.898254927921786628e-02,5.937464915438900315e-02,5.978550543125288330e-02,6.021578710819580627e-02,6.066619425107633301e-02,6.113745837312889453e-02,6.163034264745032020e-02,6.214564190885957240e-02,6.268418239402206993e-02,6.324682115964191942e-02,6.383444510810515338e-02,6.444796953794018624e-02,6.508833612285241932e-02,6.575651020772921296e-02,6.645347729268757941e-02,6.718023855717802917e-02,6.793780525515485946e-02,6.872719178982822363e-02,6.954940725263381029e-02,7.040544518677716024e-02,7.129627131158855491e-02,7.222280892167731725e-02,7.318592165619186574e-02,7.418639332067089587e-02,7.522490444006046939e-02,7.630200522910846050e-02,7.741808468827982015e-02,7.857333556956169751e-02,7.976771500233170720e-02,8.100090060849285400e-02,8.227224193003623842e-02,8.358070685798946187e-02
7.530303030303030498e-01,9.221049434471029205e-02,9.036716063603222882e-02,8.860296787946198016e-02,8.691663632592061539e-02,8.530590029109952344e-02,8.376800146596496965e-02,8.229996780363368902e-02,8.089877087514663057e-02,7.956141382622317071e-02,7.828497950514834436e-02,7.706665567729120703e-02,7.590374706485958356e-02,7.479367984239571054e-02,7.373400185062461976e-02,7.272238041950629395e-02,7.175659889421426296e-02,7.083455249433645573e-02,6.995424386745685563e-02,6.911377854246048003e-02,6.831136039834945217e-02,6.754528721314917439e-02,6.681394632855042204e-02,6.611581044970071819e-02,6.544943359055815923e-02,6.481344717018944213e-02,6.420655626259241799e-02,6.362753600090204076e-02,6.307522813584542920e-02,6.254853774740998240e-02,6.204643010820809490e-02,6.156792769635516249e-02,6.111210735526734217e-02,6.067809759734332786e-02,6.026507604805619867e-02,5.987226702674058876e-02,5.949893926001986744e-02,5.914440372362683718e-02,5.880801160824128404e-02,5.848915240482382982e-02,5.818725210491176858e-02,5.790177151133213407e-02,5.763220465480756172e-02,5.737807731202787531e-02,5.713894562084392836e-02,5.691439478840915056e-02,5.670403788815203683e-02,5.650751474178211664e-02,5.632449088253826952e-02,5.615465659622592698e-02,5.599772603665131854e-02,5.585343641238249557e-02,5.572154724177780238e-02,5.560183967352694268e-02,5.549411586966962462e-02,5.539819844767940316e-02,5.531392997543665979e-02,5.524117250606580543e-02,5.517980728155491565e-02,5.512973482146299453e-02,5.509087367732806717e-02,5.506316064527649878e-02,5.504655076704489947e-02,5.504101712834724713e-02,5.504655076704489947e-02,5.506316064527572163e-02,5.509087367732695695e-02,5.512973482146160675e-02,5.517980728155508219e-02,5.524117250606552787e-02,5.531392997543604917e-02,5.539819844768034685e-02,5.549411586967045729e-02,5.560183967352771983e-02,5.572154724177780238e-02,5.585343641238049717e-02,5.599772603665209569e-02,5.615465659622564942e-02,5.632449088253921321e-02,5.650751474178133948e-02,5.670403788815348012e-02,5.691439478840931709e-02,5.713894562084564921e-02,5.737807731202770878e-02,5.763220465480817234e-02,5.790177151133096833e-02,5.818725210491049182e-02,5.848915240482416289e-02,5.880801160824122853e-02,5.914440372362672615e-02,5.949893926001892375e-02,5.987226702674214307e-02,6.026507604805636520e-02,6.067809759734321684e-02,6.111210735526684257e-02,6.156792769635466289e-02,6.204643010820770632e-02,6.254853774740970485e-02,6.307522813584515164e-02,6.362753600090237383e-02,6.420655626259080817e-02,6.481344717018888701e-02,6.544943359055904741e-02,6.611581044970205046e-02,6.681394632854881221e-02,6.754528721314767559e-02,6.831136039834911911e-02,6.911377854246247843e-02,6.995424386745752177e-02,7.083455249433701084e-02,7.175659889421448501e-02,7.272238041950829235e-02,7.373400185062384260e-02,7.479367984239515543e-02,7.590374706485758516e-02,7.706665567729009680e-02,7.828497950514923254e-02,7.956141382622505809e-02,8.089877087514396603e-02,8.229996780363613151e-02,8.376800146596385943e-02,8.530590029109941241e-02,8.691663632591983824e-02,8.860296787945909358e-02,9.036716063603189575e-02,9.221049434471084716e-02
7.568181818181818343e-01,1.028215943198076410e-01,1.004861039315704252e-01,9.815644848555837854e-02,9.588917952882036744e-02,9.371221332327983600e-02,9.163765346531627110e-02,8.966891877050453541e-02,8.780473626185691938e-02,8.604139164736546164e-02,8.437400056279720229e-02,8.279722383142329445e-02,8.130566441580278081e-02,7.989408116706109286e-02,7.855749701573599975e-02,7.729124663000785933e-02,7.609098982312678672e-02,7.495270610325832639e-02,7.387267937624530934e-02,7.284747804378310931e-02,7.187393350522797153e-02,7.094911874421683251e-02,7.007032789488987223e-02,6.923505722008327368e-02,6.844098766574635562e-02,6.768596900465317923e-02,6.696800550100834304e-02,6.628524298766891309e-02,6.563595723184079134e-02,6.501854346307217591e-02,6.443150694274130119e-02,6.387345446321590625e-02,6.334308667544741311e-02,6.283919115442287984e-02,6.236063612215575480e-02,6.190636475741212452e-02,6.147539002982799206e-02,6.106679000367676302e-02,6.067970356323360015e-02,6.031332651745574536e-02,5.996690804686860554e-02,5.963974745990374693e-02,5.933119122983293581e-02,5.904063028682449144e-02,5.876749754249105395e-02,5.851126562698738542e-02,5.827144482084550825e-02,5.804758116576885785e-02,5.783925474033391190e-02,5.764607808801169853e-02,5.746769478630275874e-02,5.730377814679621373e-02,5.715403003665320281e-02,5.701817981164442051e-02,5.689598334660239676e-02,5.678722214259795953e-02,5.669170284500257839e-02,5.660925676436606713e-02,5.653973818916308014e-02,5.648302471027394356e-02,5.643901679549473416e-02,5.640763738794807303e-02,5.638883163344293736e-02,5.638256669327290638e-02,5.638883163344371452e-02,5.640763738794818405e-02,5.643901679549406802e-02,5.648302471027394356e-02,5.653973818916180338e-02,5.660925676436578957e-02,5.669170284500224533e-02,5.678722214259840362e-02,5.689598334660189716e-02,5.701817981164469806e-02,5.715403003665336934e-02,5.730377814679415982e-02,5.746769478630264771e-02,5.764607808801297528e-02,5.783925474033374536e-02,5.804758116576763660e-02,5.827144482084611887e-02,5.851126562698771849e-02,5.876749754249038782e-02,5.904063028682543512e-02,5.933119122983243621e-02,5.963974745990374693e-02,5.996690804686843901e-02,6.031332651745602291e-02,6.067970356323243442e-02,6.106679000367654098e-02,6.147539002982738143e-02,6.190636475741079225e-02,6.236063612215575480e-02,6.283919115442365699e-02,6.334308667544930049e-02,6.387345446321446296e-02,6.443150694274146772e-02,6.501854346307189836e-02,6.563595723183945907e-02,6.628524298766891309e-02,6.696800550100923122e-02,6.768596900465406740e-02,6.844098766574602255e-02,6.923505722008105323e-02,7.007032789489042734e-02,7.094911874421627740e-02,7.187393350522774949e-02,7.284747804378099989e-02,7.387267937624586445e-02,7.495270610325777128e-02,7.609098982312512138e-02,7.729124663000841444e-02,7.855749701573400134e-02,7.989408116706353535e-02,8.130566441580389103e-02,8.279722383142229525e-02,8.437400056280341953e-02,8.604139164736435141e-02,8.780473626185880676e-02,8.966891877050864323e-02,9.163765346531527189e-02,9.371221332327783760e-02,9.588917952881703677e-02,9.815644848556281943e-02,1.004861039315683158e-01,1.028215943198133031e-01
7.606060606060606188e-01,1.056344918404354960e-01,1.071922523427838447e-01,1.067717274011394935e-01,1.052688047166298047e-01,1.032194620107903527e-01,1.009314062471068363e-01,9.857692391984740343e-02,9.625014397719133807e-02,9.400057185590215969e-02,9.185236306299027209e-02,8.981535512292271317e-02,8.789139462010320258e-02,8.607797851919485321e-02,8.437035406214932198e-02,8.276272748534296841e-02,8.124895380304575365e-02,7.982292274352020822e-02,7.847876630304506662e-02,7.721096174431574255e-02,7.601437379087216950e-02,7.488426207303855442e-02,7.381626937124541321e-02,7.280639991197013217e-02,7.185099318381016342e-02,7.094669645159679128e-02,7.009043776163881301e-02,6.927940039572044739e-02,6.851099923160208771e-02,6.778285917316351217e-02,6.709279564445447264e-02,6.643879704962041277e-02,6.581900905488313747e-02,6.523172053038639451e-02,6.467535098762988710e-02,6.414843935494229932e-02,6.364963394471501168e-02,6.317768347944008323e-02,6.273142905731016183e-02,6.230979695129917895e-02,6.191179214810355047e-02,6.153649254443316341e-02,6.118304372835120519e-02,6.085065428212776961e-02,6.053859155111918078e-02,6.024617782992097714e-02,5.997278692322299820e-02,5.971784104392413584e-02,5.948080801565819309e-02,5.926119875067470399e-02,5.905856497689204732e-02,5.887249718868681203e-02,5.870262278964455405e-02,5.854860440363990337e-02,5.841013899981284396e-02,5.828695616525902956e-02,5.817881618080583683e-02,5.808550995033556763e-02,5.800685800139909754e-02,5.794270969567888452e-02,5.789294260502292344e-02,5.785746201389713184e-02,5.783620053786292514e-02,5.782911785360539403e-02,5.783620053786342474e-02,5.785746201389618815e-02,5.789294260502197975e-02,5.794270969567766327e-02,5.800685800139993020e-02,5.808550995033495701e-02,5.817881618080672501e-02,5.828695616525852996e-02,5.841013899981312152e-02,5.854860440364106910e-02,5.870262278964560876e-02,5.887249718868803328e-02,5.905856497689210283e-02,5.926119875067431542e-02,5.948080801565891473e-02,5.971784104392513504e-02,5.997278692322649540e-02,6.024617782992042203e-02,6.053859155112040202e-02,6.085065428212987904e-02,6.118304372835009497e-02,6.153649254443421812e-02,6.191179214810377252e-02,6.230979695130128837e-02,6.273142905730882957e-02,6.317768347943908402e-02,6.364963394471290226e-02,6.414843935494396465e-02,6.467535098763044221e-02,6.523172053038750473e-02,6.581900905488524689e-02,6.643879704962074584e-02,6.709279564445291832e-02,6.778285917316406728e-02,6.851099923160153260e-02,6.927940039572078046e-02,7.009043776163892403e-02,7.094669645159612514e-02,7.185099318381116262e-02,7.280639991196913297e-02,7.381626937124596832e-02,7.488426207303955362e-02,7.601437379087139234e-02,7.721096174431740788e-02,7.847876630304617684e-02,7.982292274351898698e-02,8.124895380304830717e-02,8.276272748534174717e-02,8.437035406214898892e-02,8.607797851919796184e-02,8.789139462010109316e-02,8.981535512291893841e-02,9.185236306299093823e-02,9.400057185590171560e-02,9.625014397718889558e-02,9.857692391984773650e-02,1.009314062471133866e-01,1.032194620107910188e-01,1.052688047166298047e-01,1.067717274011419359e-01,1.071922523427770724e-01,1.056344918404357180e-01
7.643939393939394034e-01,4.954005332134903128e-02,7.004300995458012657e-02,8.643997754034893344e-02,9.721955257852821219e-02,1.030738257163935634e-01,1.054383640923218790e-01,1.056107442682608921e-01,1.045111737044709388e-01,1.027251459259073130e-01,1.006054107735493419e-01,9.835789998328992034e-02,9.609987167023936738e-02,9.389607520552456510e-02,9.178046343095624948e-02,8.976905159608450369e-02,8.786750603673820770e-02,8.607562523182010761e-02,8.438998902499939003e-02,8.280552380714956140e-02,8.131642273581740632e-02,7.991668027521026119e-02,7.860039530045737077e-02,7.736193522554624113e-02,7.619601696545041936e-02,7.509773860926294287e-02,7.406258244056951323e-02,7.308640188544412997e-02,7.216540003435367723e-02,7.129610434716360245e-02,7.047534027499846587e-02,6.970020537425225537e-02,6.896804477454920868e-02,6.827642842601322481e-02,6.762313028833122353e-02,6.700610946920904087e-02,6.642349323258744942e-02,6.587356175148306736e-02,6.535473446021689004e-02,6.486555785621095360e-02,6.440469460553033265e-02,6.397091381538089205e-02,6.356308234789975753e-02,6.318015706166602019e-02,6.282117787922059104e-02,6.248526159018608084e-02,6.217159630986457408e-02,6.187943652245686543e-02,6.160809864542182712e-02,6.135695705525245902e-02,6.112544050600965395e-02,6.091302894351868780e-02,6.071925164868169356e-02,6.054368337022947300e-02,6.038594208910019745e-02,6.024568783614603351e-02,6.012262078885916017e-02,6.001647973469020902e-02,5.992704077809335450e-02,5.985411625025649496e-02,5.979755380541346144e-02,5.975723569347740627e-02,5.973307820158846315e-02,5.972503125901013066e-02,5.973307820158790804e-02,5.975723569347690667e-02,5.979755380541368348e-02,5.985411625025649496e-02,5.992704077809163365e-02,6.001647973468987596e-02,6.012262078886049244e-02,6.024568783614664413e-02,6.038594208909736638e-02,6.054368337022947300e-02,6.071925164868141600e-02,6.091302894351757757e-02,6.112544050600954293e-02,6.135695705525434640e-02,6.160809864542027281e-02,6.187943652245730952e-02,6.217159630986446306e-02,6.248526159018674697e-02,6.282117787922147922e-02,6.318015706166568712e-02,6.356308234789997957e-02,6.397091381538266841e-02,6.440469460553122083e-02,6.486555785621062054e-02,6.535473446021755617e-02,6.587356175148306736e-02,6.642349323258667226e-02,6.700610946920859678e-02,6.762313028833355499e-02,6.827642842601366890e-02,6.896804477454843152e-02,6.970020537425358764e-02,7.047534027499802178e-02,7.129610434716537881e-02,7.216540003435223394e-02,7.308640188544557326e-02,7.406258244056984630e-02,7.509773860926349798e-02,7.619601696545252878e-02,7.736193522554590807e-02,7.860039530045559442e-02,7.991668027521081630e-02,8.131642273581773939e-02,8.280552380714956140e-02,8.438998902499705856e-02,8.607562523181755409e-02,8.786750603674042814e-02,8.976905159608528084e-02,9.178046343095724868e-02,9.389607520552534226e-02,9.609987167023692489e-02,9.835789998328514638e-02,1.006054107735464553e-01,1.027251459259065358e-01,1.045111737044774891e-01,1.056107442682618913e-01,1.054383640923303167e-01,1.030738257163973381e-01,9.721955257852532561e-02,8.643997754034582481e-02,7.004300995456669288e-02,4.954005332134014949e-02
7.681818181818181879e-01,2.664228629486082439e-03,6.811589020894168178e-03,1.667398595773808556e-02,3.237467857595094367e-02,5.156638427058252150e-02,7.024748383190315693e-02,8.514110383455331110e-02,9.512103567466922982e-02,1.007527877280716133e-01,1.032143033061686532e-01,1.036123223710626595e-01,1.027655415835064812e-01,1.012163595975905661e-01,9.930411058550070447e-02,9.723411579603613575e-02,9.512757616566924757e-02,9.305415303229125357e-02,9.105231493989096592e-02,8.914179887616269227e-02,8.733118606316847554e-02,8.562249980330749466e-02,8.401399668661646558e-02,8.250186064684661424e-02,8.108122832310082906e-02,7.974680511389375948e-02,7.849322977741657326e-02,7.731528424970868230e-02,7.620800826148654838e-02,7.516675568279373998e-02,7.418721558565255503e-02,7.326541237318917599e-02,7.239769393048223201e-02,7.158071336709759258e-02,7.081140778759686949e-02,7.008697617777137623e-02,6.940485764196835383e-02,6.876271068962525046e-02,6.815839393231337695e-02,6.758994834444120858e-02,6.705558111438092439e-02,6.655365103874921751e-02,6.608265537191082561e-02,6.564121802258293670e-02,6.522807898243965230e-02,6.484208487178189095e-02,6.448218049096865467e-02,6.414740126743834203e-02,6.383686647049402474e-02,6.354977330472011410e-02,6.328539282420242440e-02,6.304306281417371149e-02,6.282218455066412854e-02,6.262221955077340585e-02,6.244268609357261912e-02,6.228315629902303474e-02,6.214325360234795870e-02,6.202265057071865151e-02,6.192106703234556697e-02,6.183826849548956783e-02,6.177406483927239123e-02,6.172830926161210208e-02,6.170089747261076063e-02,6.169176712459822909e-02,6.170089747261087165e-02,6.172830926161199105e-02,6.177406483927139202e-02,6.183826849548823557e-02,6.192106703234567799e-02,6.202265057071920662e-02,6.214325360234695950e-02,6.228315629902259065e-02,6.244268609357372934e-02,6.262221955077351687e-02,6.282218455066357343e-02,6.304306281417415558e-02,6.328539282420175827e-02,6.354977330472200148e-02,6.383686647049446883e-02,6.414740126743734283e-02,6.448218049096809956e-02,6.484208487178133584e-02,6.522807898243987434e-02,6.564121802258371385e-02,6.608265537191138073e-02,6.655365103874832933e-02,6.705558111437837088e-02,6.758994834444365107e-02,6.815839393231259979e-02,6.876271068962447330e-02,6.940485764196990814e-02,7.008697617776959987e-02,7.081140778759653642e-02,7.158071336709570520e-02,7.239769393048056667e-02,7.326541237319150746e-02,7.418721558565011254e-02,7.516675568279307385e-02,7.620800826148643736e-02,7.731528424970701696e-02,7.849322977741468588e-02,7.974680511389498072e-02,8.108122832309916372e-02,8.250186064684761345e-02,8.401399668661690967e-02,8.562249980330816079e-02,8.733118606316503385e-02,8.914179887616813236e-02,9.105231493989074387e-02,9.305415303229469526e-02,9.512757616567568686e-02,9.723411579603591370e-02,9.930411058550314696e-02,1.012163595975940078e-01,1.027655415835088126e-01,1.036123223710587737e-01,1.032143033061755366e-01,1.007527877280737227e-01,9.512103567466900778e-02,8.514110383455308906e-02,7.024748383193146761e-02,5.156638427055898477e-02,3.237467857595199838e-02,1.667398595773966763e-02,6.811589020892364066e-03,2.664228629487258582e-03
7.719696969696969724e-01,9.338858656848691986e-03,5.750747718354876081e-03,2.997618873333655898e-03,1.992888955409891777e-03,4.023971375783440274e-03,1.050965691319727391e-02,2.226892719508849483e-02,3.850865914687945368e-02,5.654461572115671020e-02,7.304513936776368954e-02,8.577882040750273163e-02,9.422800039710510500e-02,9.902011286921286182e-02,1.011456920713581509e-01,1.015060403896869134e-01,1.007740469514477599e-01,9.940585493394815675e-02,9.769494567283532049e-02,9.582432465726020698e-02,9.390551153922577221e-02,9.200488628575975714e-02,9.016068870730742368e-02,8.839375423433171175e-02,8.671423221571072926e-02,8.512577749584282483e-02,8.362816451908283710e-02,8.221891755178090122e-02,8.089432588316602946e-02,7.965007322840678139e-02,7.848162426863980468e-02,7.738445790852910289e-02,7.635420370973677873e-02,7.538671727701551362e-02,7.447811737508946983e-02,7.362479932937171512e-02,7.282343402547186706e-02,7.207095846710798170e-02,7.136456169226490509e-02,7.070166845201031336e-02,7.007992215278446846e-02,6.949716797773886068e-02,6.895143672421466530e-02,6.844092965051451483e-02,6.796400446789696570e-02,6.751916250625944471e-02,6.710503698104663961e-02,6.672038279135283911e-02,6.636406838143327214e-02,6.603506404120162987e-02,6.573243622717406254e-02,6.545534099248040416e-02,6.520301780355408638e-02,6.497478420397273524e-02,6.477003113236656784e-02,6.458821881786058761e-02,6.442887320037915533e-02,6.429158283245961503e-02,6.417599622576630747e-02,6.408181961092473955e-02,6.400881508446198964e-02,6.395679912111540411e-02,6.392564143427648116e-02,6.391526417128234883e-02,6.392564143427559298e-02,6.395679912111540411e-02,6.400881508446187862e-02,6.408181961092696000e-02,6.417599622576553031e-02,6.429158283245983707e-02,6.442887320037726795e-02,6.458821881786158681e-02,6.477003113236601273e-02,6.497478420397218013e-02,6.520301780355175492e-02,6.545534099248262461e-02,6.573243622717528378e-02,6.603506404120174089e-02,6.636406838143282805e-02,6.672038279135217298e-02,6.710503698104663961e-02,6.751916250625922267e-02,6.796400446789652161e-02,6.844092965051518096e-02,6.895143672421311098e-02,6.949716797774052601e-02,7.007992215278424641e-02,7.070166845201186767e-02,7.136456169226434998e-02,7.207095846710676046e-02,7.282343402547220013e-02,7.362479932937338045e-02,7.447811737508791552e-02,7.538671727701651282e-02,7.635420370973633464e-02,7.738445790852765960e-02,7.848162426863769525e-02,7.965007322840689241e-02,8.089432588316525230e-02,8.221891755178234451e-02,8.362816451908328119e-02,8.512577749584271380e-02,8.671423221571150641e-02,8.839375423433382117e-02,9.016068870730742368e-02,9.200488628575942407e-02,9.390551153923043515e-02,9.582432465726298254e-02,9.769494567283154574e-02,9.940585493394837879e-02,1.007740469514353254e-01,1.015060403896956842e-01,1.011456920713668106e-01,9.902011286921441613e-02,9.422800039710310660e-02,8.577882040749174042e-02,7.304513936776846350e-02,5.654461572116814549e-02,3.850865914686429914e-02,2.226892719507395091e-02,1.050965691319719064e-02,4.023971375787478710e-03,1.992888955412025487e-03,2.997618873339869677e-03,5.750747718364528083e-03,9.338858656850870799e-03
7.757575757575757569e-01,1.988471598331562062e-02,1.649098002712290345e-02,1.290916894335181198e-02,9.283196303288956952e-03,5.875477799570587301e-03,3.135003575183092916e-03,1.774789391181219936e-03,2.809185725107219561e-03,7.430976554927790079e-03,1.656511543644911821e-02,3.011666280520125527e-02,4.644586289848001703e-02,6.283577194246614539e-02,7.681413295295125288e-02,8.715219198247425858e-02,9.386098702143508277e-02,9.761786546919248853e-02,9.924568864236571475e-02,9.945252356729861187e-02,9.876378177412026282e-02,9.754043371662968198e-02,9.601991291786937666e-02,9.435422543970639619e-02,9.263873215866147426e-02,9.093205057803865898e-02,8.926924595316698685e-02,8.767039649798669121e-02,8.614610334044658924e-02,8.470102286355718491e-02,8.333612971994552865e-02,8.205016683323784754e-02,8.084057398800492678e-02,7.970408105760129480e-02,7.863708481844045028e-02,7.763588570380697274e-02,7.669683374810243315e-02,7.581641565172880792e-02,7.499130376541429666e-02,7.421838059622187789e-02,7.349474775667408366e-02,7.281772521548168786e-02,7.218484469187314012e-02,7.159383968995491898e-02,7.104263372613117689e-02,7.052932872856554347e-02,7.005219396563266976e-02,6.960965029588817021e-02,6.920026179656380005e-02,6.882272534732492009e-02,6.847586095602931078e-02,6.815860311527144333e-02,6.786999303230611957e-02,6.760917167454483234e-02,6.737537358225631490e-02,6.716792140052429971e-02,6.698622108355611893e-02,6.682975772700683326e-02,6.669809198763609892e-02,6.659085705394884869e-02,6.650775613615389492e-02,6.644856044875047107e-02,6.641310766387820141e-02,6.640130081856787658e-02,6.641310766387864550e-02,6.644856044875080414e-02,6.650775613615389492e-02,6.659085705394784949e-02,6.669809198763676505e-02,6.682975772700561201e-02,6.698622108355500870e-02,6.716792140052441074e-02,6.737537358225609285e-02,6.760917167454438825e-02,6.786999303230600855e-02,6.815860311527033311e-02,6.847586095602886669e-02,6.882272534732625235e-02,6.920026179656502130e-02,6.960965029589050168e-02,7.005219396563244771e-02,7.052932872856598756e-02,7.104263372612951155e-02,7.159383968995580716e-02,7.218484469187258501e-02,7.281772521548357524e-02,7.349474775667275139e-02,7.421838059622010153e-02,7.499130376541385257e-02,7.581641565173102837e-02,7.669683374810254417e-02,7.763588570380708376e-02,7.863708481844333686e-02,7.970408105760029560e-02,8.084057398800714722e-02,8.205016683323995696e-02,8.333612971994519558e-02,8.470102286355596366e-02,8.614610334044481288e-02,8.767039649798691325e-02,8.926924595316543254e-02,9.093205057803799285e-02,9.263873215866647026e-02,9.435422543970606313e-02,9.601991291786882154e-02,9.754043371662923789e-02,9.876378177411837544e-02,9.945252356730072130e-02,9.924568864236804622e-02,9.761786546919759555e-02,9.386098702142375849e-02,8.715219198246715315e-02,7.681413295295935750e-02,6.283577194246059427e-02,4.644586289847252303e-02,3.011666280522368178e-02,1.656511543644809126e-02,7.430976554916562948e-03,2.809185725100121073e-03,1.774789391190509380e-03,3.135003575184217017e-03,5.875477799568769310e-03,9.283196303291066376e-03,1.290916894335444876e-02,1.649098002712331978e-02,1.988471598331736923e-02
7.795454545454545414e-01,2.725579218406803950e-02,2.474489394434659095e-02,2.196790947784441062e-02,1.893804046966221510e-02,1.568889079092364303e-02,1.229015850997103310e-02,8.872826005124540005e-03,5.667455342440119725e-03,3.056924305128255054e-03,1.634994059076810141e-03,2.235932935132200344e-03,5.854166904252756931e-03,1.334023055127467328e-02,2.485406494892519746e-02,3.937507924934813275e-02,5.482381170154965178e-02,6.893629661195355141e-02,8.021200669049655119e-02,8.821832095349890768e-02,9.328744367310282115e-02,9.606599591688846917e-02,9.720993307352809865e-02,9.725582451540337736e-02,9.659857906664837124e-02,9.551238948223772507e-02,9.418120380583816509e-02,9.272571889734126938e-02,9.122378543084452840e-02,8.972476008312890716e-02,8.825924246930971773e-02,8.684556194492165648e-02,8.549406238204970698e-02,8.420992309265173947e-02,8.299501482235116523e-02,8.184912132726662737e-02,8.077074354234148323e-02,7.975762845726341865e-02,7.880711586892819032e-02,7.791636428082604482e-02,7.708249640738551456e-02,7.630269109873699662e-02,7.557423945516772434e-02,7.489457873380223063e-02,7.426131016025094844e-02,7.367220117227013532e-02,7.312518947421642324e-02,7.261837894818135020e-02,7.215003329249269903e-02,7.171856854110281176e-02,7.132254505181179205e-02,7.096065942368645629e-02,7.063173665029232051e-02,7.033472270235419099e-02,7.006867765562041495e-02,6.983276942747385085e-02,6.962626815161132576e-02,6.944854119813637094e-02,6.929904883320225917e-02,6.917734050492418962e-02,6.908305173891493567e-02,6.901590162627369018e-02,6.897569088807276039e-02,6.896230050299712033e-02,6.897569088807020687e-02,6.901590162627457836e-02,6.908305173891637896e-02,6.917734050492330145e-02,6.929904883320325837e-02,6.944854119813648197e-02,6.962626815161210292e-02,6.983276942747274063e-02,7.006867765561775041e-02,7.033472270235296975e-02,7.063173665029109927e-02,7.096065942368845469e-02,7.132254505181290227e-02,7.171856854110392199e-02,7.215003329249414232e-02,7.261837894818190531e-02,7.312518947422130822e-02,7.367220117226846998e-02,7.426131016025272480e-02,7.489457873380278574e-02,7.557423945516728025e-02,7.630269109873766276e-02,7.708249640738518149e-02,7.791636428082671095e-02,7.880711586892485965e-02,7.975762845726352968e-02,8.077074354234126119e-02,8.184912132726662737e-02,8.299501482234772354e-02,8.420992309265051823e-02,8.549406238204670938e-02,8.684556194492087933e-02,8.825924246930605399e-02,8.972476008313012841e-02,9.122378543084508351e-02,9.272571889734115835e-02,9.418120380583794304e-02,9.551238948223750302e-02,9.659857906665092475e-02,9.725582451540604190e-02,9.720993307353698043e-02,9.606599591688302908e-02,9.328744367309815821e-02,8.821832095348347558e-02,8.021200669050332355e-02,6.893629661197242520e-02,5.482381170155925521e-02,3.937507924933952852e-02,2.485406494890504692e-02,1.334023055125911628e-02,5.854166904264476723e-03,2.235932935131225430e-03,1.634994059074298262e-03,3.056924305120497370e-03,5.667455342439682575e-03,8.872826005126788207e-03,1.229015850997386416e-02,1.568889079092541938e-02,1.893804046966274246e-02,2.196790947784271752e-02,2.474489394434514766e-02,2.725579218406584681e-02
7.833333333333333259e-01,3.168151277249470210e-02,2.991673312312531641e-02,2.792140813109222908e-02,2.569154330215644988e-02,2.322590165933866024e-02,2.052910995078535694e-02,1.761693839886699364e-02,1.452501488755644776e-02,1.132281006134250312e-02,8.135280479487777550e-03,5.174483129198034770e-03,2.781134278559176803e-03,1.467939659317060719e-03,1.937324293190711977e-03,5.015120734990177742e-03,1.142258295777746901e-02,2.137248723842558040e-02,3.418005523893935527e-02,4.826698187400424445e-02,6.172996698031785190e-02,7.309619799859690126e-02,8.171112678237002491e-02,8.763262480797240350e-02,9.130388108298426175e-02,9.327056361136021323e-02,9.402694738473516001e-02,9.396330480477477209e-02,9.336581572693603004e-02,9.243552058788329084e-02,9.130998843998128223e-02,9.008171614300441998e-02,8.881203634117484924e-02,8.754105040006265881e-02,8.629451538059129678e-02,8.508854629334983155e-02,8.393280303188976887e-02,8.283264408752255559e-02,8.179058135615768776e-02,8.080726340960719956e-02,7.988214034003104924e-02,7.901391591874928899e-02,7.820085179414049126e-02,7.744096691559065881e-02,7.673217977304136461e-02,7.607239871408011389e-02,7.545958105809658090e-02,7.489177079755604538e-02,7.436712159538938494e-02,7.388390979932280000e-02,7.344054075204331511e-02,7.303555067215750096e-02,7.266760568434316170e-02,7.233549909309833215e-02,7.203814765738969506e-02,7.177458738839215258e-02,7.154396922833472505e-02,7.134555485403615283e-02,7.117871276914555789e-02,7.104291479383406660e-02,7.093773302300598882e-02,7.086283729818065868e-02,7.081799322121440365e-02,7.080306072651154636e-02,7.081799322121773432e-02,7.086283729817999255e-02,7.093773302300343531e-02,7.104291479383650909e-02,7.117871276914544687e-02,7.134555485403626385e-02,7.154396922833339278e-02,7.177458738839392893e-02,7.203814765739147141e-02,7.233549909309711090e-02,7.266760568434460499e-02,7.303555067215838914e-02,7.344054075204364818e-02,7.388390979932246694e-02,7.436712159539204947e-02,7.489177079755826583e-02,7.545958105809680294e-02,7.607239871407867060e-02,7.673217977304214177e-02,7.744096691559276824e-02,7.820085179414060228e-02,7.901391591875051024e-02,7.988214034003460196e-02,8.080726340960897591e-02,8.179058135615746572e-02,8.283264408751855878e-02,8.393280303188910274e-02,8.508854629334938746e-02,8.629451538059129678e-02,8.754105040006221472e-02,8.881203634117307288e-02,9.008171614300619634e-02,9.130998843998328063e-02,9.243552058787840586e-02,9.336581572693603004e-02,9.396330480477488312e-02,9.402694738472738845e-02,9.327056361137087137e-02,9.130388108298059802e-02,8.763262480795130926e-02,8.171112678236480686e-02,7.309619799859867761e-02,6.172996698032595653e-02,4.826698187401623485e-02,3.418005523892986286e-02,2.137248723843532261e-02,1.142258295777423549e-02,5.015120734990705098e-03,1.937324293189261748e-03,1.467939659315036297e-03,2.781134278564779960e-03,5.174483129200192766e-03,8.135280479491482919e-03,1.132281006134457091e-02,1.452501488755345016e-02,1.761693839886763202e-02,2.052910995078596756e-02,2.322590165933913209e-02,2.569154330215495108e-02,2.792140813109161845e-02,2.991673312312581601e-02,3.168151277249547926e-02
7.871212121212121104e-01,3.417466739763408423e-02,3.297538279501494030e-02,3.158232886551010088e-02,2.999132680315091948e-02,2.819801769287821891e-02,2.619841075600365388e-02,2.398995184299457240e-02,2.157341514663210780e-02,1.895609093055031225e-02,1.615699207860565867e-02,1.321514304204607360e-02,1.020240710673518680e-02,7.242560884300558444e-03,4.537868937434068328e-03,2.401893590992035254e-03,1.290156241777275919e-03,1.805546013479864681e-03,4.634639454608090181e-03,1.036336443494126347e-02,1.917135638636735528e-02,3.054266639549285678e-02,4.324981889351758868e-02,5.574111370016143763e-02,6.670628799285971411e-02,7.543374033612482155e-02,8.180917618430849636e-02,8.610034560416068850e-02,8.872726841060840641e-02,9.011280844735836126e-02,9.061520351847296428e-02,9.051184830805791837e-02,9.000671823476191769e-02,8.924519617900183999e-02,8.832888157254337180e-02,8.732782240527048323e-02,8.628979204633879796e-02,8.524702018661500791e-02,8.422096064254402936e-02,8.322563009839856196e-02,8.226992533344734682e-02,8.135922401865003373e-02,8.049650624825632761e-02,7.968312688457301896e-02,7.891935269009009435e-02,7.820473612956935217e-02,7.753837553598585952e-02,7.691909606036018143e-02,7.634557525450513804e-02,7.581642986490799707e-02,7.533027540720227400e-02,7.488576662838974940e-02,7.448162456061091508e-02,7.411665419443302927e-02,7.378975562578937719e-02,7.349993070487881308e-02,7.324628663169419074e-02,7.302803752892494948e-02,7.284450472800352294e-02,7.269511629328206936e-02,7.257940615792435324e-02,7.249701313567402661e-02,7.244767999307522022e-02,7.243125270768557833e-02,7.244767999307588635e-02,7.249701313567491479e-02,7.257940615792313199e-02,7.269511629328095914e-02,7.284450472800296783e-02,7.302803752892483846e-02,7.324628663169463483e-02,7.349993070488003433e-02,7.378975562579137559e-02,7.411665419443147496e-02,7.448162456061113712e-02,7.488576662838886122e-02,7.533027540720371729e-02,7.581642986490799707e-02,7.634557525450325066e-02,7.691909606035884917e-02,7.753837553598563748e-02,7.820473612957345999e-02,7.891935269008998333e-02,7.968312688456880011e-02,8.049650624825521739e-02,8.135922401864936759e-02,8.226992533344701375e-02,8.322563009839534232e-02,8.422096064254214198e-02,8.524702018661711733e-02,8.628979204634079636e-02,8.732782240527514617e-02,8.832888157254414896e-02,8.924519617900583679e-02,9.000671823476236177e-02,9.051184830805680814e-02,9.061520351847063282e-02,9.011280844735847229e-02,8.872726841060374348e-02,8.610034560416246485e-02,8.180917618430250116e-02,7.543374033613658991e-02,6.670628799283462307e-02,5.574111370017920120e-02,4.324981889351714459e-02,3.054266639549613194e-02,1.917135638637060269e-02,1.036336443494416393e-02,4.634639454607916709e-03,1.805546013473473960e-03,1.290156241779369731e-03,2.401893590995237554e-03,4.537868937433880978e-03,7.242560884300280888e-03,1.020240710673224471e-02,1.321514304205190227e-02,1.615699207860415987e-02,1.895609093055031225e-02,2.157341514662983184e-02,2.398995184299582140e-02,2.619841075600293223e-02,2.819801769287849647e-02,2.999132680315097499e-02,3.158232886550871310e-02,3.297538279501588399e-02,3.417466739763397321e-02
7.909090909090908950e-01,3.542310430065537252e-02,3.465667897793034413e-02,3.372389438433998077e-02,3.262205640093407411e-02,3.134806251708088798e-02,2.989838915539261288e-02,2.826922229289191568e-02,2.645681074190636695e-02,2.445816465565875397e-02,2.227228868823677432e-02,1.990224040254029436e-02,1.735845245165926198e-02,1.466396106783046660e-02,1.186243401575984291e-02,9.030119793807342421e-03,6.292827675859979930e-03,3.848251632690861956e-03,1.991256380183766689e-03,1.133404677061123494e-03,1.796719865134376037e-03,4.548764274913574823e-03,9.847293526622197257e-03,1.780686522998678467e-02,2.799441709674860279e-02,3.942737737105234119e-02,5.085377223023246351e-02,6.116596325803924650e-02,6.968899074201850841e-02,7.622073494367498370e-02,8.089795999502880086e-02,8.402411809820564681e-02,8.594078664693338698e-02,8.695846967995335408e-02,8.733099739945504592e-02,8.725370536812904199e-02,8.687154312374412157e-02,8.628967083342786726e-02,8.558327694010858799e-02,8.480557257702348029e-02,8.399392126538340886e-02,8.317435561962371882e-02,8.236484913936703567e-02,8.157766086828921459e-02,8.082100674779135741e-02,8.010024867460208142e-02,7.941874045666785786e-02,7.877843036250764541e-02,7.818029102599421964e-02,7.762462673056103046e-02,7.711129340549527367e-02,7.663985631867520354e-02,7.620970317516551074e-02,7.582012521430558927e-02,7.547037529158140412e-02,7.515970938196481210e-02,7.488741613164939803e-02,7.465283779502107642e-02,7.445538496929915429e-02,7.429454687316661143e-02,7.416989843236942992e-02,7.408110508113074921e-02,7.402792592566720398e-02,7.401021571709764935e-02,7.402792592566898033e-02,7.408110508113119330e-02,7.416989843236854174e-02,7.429454687316583428e-02,7.445538496929893224e-02,7.465283779502207562e-02,7.488741613164873190e-02,7.515970938196581130e-02,7.547037529158329150e-02,7.582012521430603336e-02,7.620970317516517767e-02,7.663985631867475945e-02,7.711129340549760514e-02,7.762462673056602647e-02,7.818029102599655111e-02,7.877843036250731235e-02,7.941874045666896809e-02,8.010024867460019404e-02,8.082100674779035820e-02,8.157766086829032481e-02,8.236484913937014429e-02,8.317435561962649437e-02,8.399392126538174352e-02,8.480557257702803220e-02,8.558327694011125253e-02,8.628967083342753419e-02,8.687154312374611997e-02,8.725370536812904199e-02,8.733099739945482387e-02,8.695846967995224386e-02,8.594078664693882708e-02,8.402411809820531374e-02,8.089795999503068824e-02,7.622073494368208912e-02,6.968899074201506671e-02,6.116596325803469458e-02,5.085377223023412885e-02,3.942737737106921658e-02,2.799441709675914991e-02,1.780686522997720900e-02,9.847293526626693660e-03,4.548764274910556404e-03,1.796719865125369353e-03,1.133404677057824050e-03,1.991256380185275898e-03,3.848251632697530233e-03,6.292827675858744807e-03,9.030119793806579143e-03,1.186243401575828860e-02,1.466396106782838493e-02,1.735845245166062201e-02,1.990224040254162663e-02,2.227228868823571961e-02,2.445816465565942011e-02,2.645681074190725512e-02,2.826922229289258182e-02,2.989838915539294595e-02,3.134806251708149860e-02,3.262205640093307490e-02,3.372389438433937014e-02,3.465667897792978902e-02,3.542310430065614968e-02
7.946969696969696795e-01,3.597014289760241956e-02,3.554173085165562851e-02,3.496696332263438123e-02,3.424403999301295354e-02,3.337099337722804204e-02,3.234555530698091097e-02,3.116506755587089561e-02,2.982646152558243724e-02,2.832634344217382916e-02,2.666123970862366299e-02,2.482808521659052303e-02,2.282508018166740094e-02,2.065310463175934474e-02,1.831797135525214948e-02,1.583392398746580332e-02,1.322894472973426550e-02,1.055259744528443122e-02,7.887201922698289236e-03,5.362875702378623599e-03,3.175888002771118379e-03,1.606975469859842076e-03,1.030735750189703398e-03,1.898982958849760455e-03,4.674351217713403062e-03,9.697973030293002838e-03,1.701310055632865303e-02,2.622936472847919864e-02,3.654166190099283895e-02,4.694221097030865097e-02,5.651999338921942506e-02,6.467787162907745468e-02,7.118139713747484443e-02,7.607795067106859488e-02,7.957408257074838343e-02,8.193309428785466864e-02,8.341221419028121975e-02,8.423349418558556678e-02,8.457580949063914222e-02,8.457736749983402191e-02,8.434221895578730699e-02,8.394742282013611945e-02,8.344944472260595880e-02,8.288936313636063868e-02,8.229690112023124726e-02,8.169346211966121984e-02,8.109437921991402565e-02,8.051056671598488812e-02,7.994972734887395571e-02,7.941723327321170700e-02,7.891676901582589387e-02,7.845080130740700319e-02,7.802092304394059319e-02,7.762810563765820682e-02,7.727288455367831155e-02,7.695549598225226440e-02,7.667597765773725982e-02,7.643424327218684144e-02,7.623013735567196747e-02,7.606347562590443090e-02,7.593407444446198529e-02,7.584177201118913469e-02,7.578644317689620102e-02,7.576800918187653888e-02,7.578644317689553489e-02,7.584177201119068901e-02,7.593407444446209631e-02,7.606347562590420885e-02,7.623013735567507609e-02,7.643424327218995007e-02,7.667597765774047947e-02,7.695549598225503996e-02,7.727288455368186426e-02,7.762810563766053829e-02,7.802092304394148137e-02,7.845080130741066693e-02,7.891676901582700410e-02,7.941723327321570380e-02,7.994972734887606514e-02,8.051056671598200154e-02,8.109437921991458076e-02,8.169346211965744509e-02,8.229690112023035908e-02,8.288936313635841824e-02,8.344944472260973356e-02,8.394742282014000523e-02,8.434221895578819517e-02,8.457736749984012814e-02,8.457580949063836506e-02,8.423349418558456758e-02,8.341221419027244899e-02,8.193309428785777726e-02,7.957408257075782032e-02,7.607795067106648546e-02,7.118139713745919028e-02,6.467787162906146747e-02,5.651999338922164551e-02,4.694221097030781831e-02,3.654166190100083256e-02,2.622936472847225975e-02,1.701310055633212248e-02,9.697973030289602780e-03,4.674351217714735329e-03,1.898982958850364139e-03,1.030735750204282014e-03,1.606975469853114818e-03,3.175888002771860841e-03,5.362875702384972687e-03,7.887201922700232126e-03,1.055259744528545818e-02,1.322894472973512592e-02,1.583392398746624741e-02,1.831797135525339848e-02,2.065310463175798472e-02,2.282508018166956587e-02,2.482808521659124468e-02,2.666123970862177561e-02,2.832634344217388467e-02,2.982646152558421360e-02,3.116506755587034050e-02,3.234555530698085546e-02,3.337099337722765346e-02,3.424403999301317558e-02,3.496696332263432572e-02,3.554173085165557300e-02,3.597014289760253059e-02
7.984848484848485750e-01,3.583723415630851727e-02,3.568110537341012689e-02,3.539508201082963712e-02,3.497760642169145395e-02,3.442721391984776558e-02,3.374238926245470838e-02,3.292143529578683836e-02,3.196236402484803341e-02,3.086282347406987814e-02,2.962007882604572595e-02,2.823107446989014946e-02,2.669261620525376077e-02,2.500173197733984720e-02,2.315629798131846329e-02,2.115605844025147952e-02,1.900422606468726849e-02,1.670992967314827160e-02,1.429187487092614672e-02,1.178368910117760793e-02,9.241487842881410120e-03,6.754110212368311106e-03,4.455989838252391588e-03,2.541322883881286243e-03,1.275481064261951847e-03,9.951240130245779525e-04,2.083225260578858151e-03,4.903753791850762322e-03,9.691908576650087870e-03,1.642642602009458663e-02,2.474841190699350602e-02,3.399644798877926588e-02,4.336862133123486895e-02,5.213481986155754644e-02,5.979171049050191478e-02,6.610607907578425202e-02,7.106760081240215410e-02,7.480541528430628695e-02,7.751154027774931343e-02,7.938864620050090082e-02,8.062184366973912386e-02,8.136738713929725364e-02,8.175107427963923534e-02,8.187122649209721548e-02,8.180325688215461799e-02,8.160431783378963022e-02,8.131739338659749183e-02,8.097465439570039614e-02,8.060010144000584464e-02,8.021159821400680734e-02,7.982241424645764027e-02,7.944238595530250802e-02,7.907878673862978047e-02,7.873697782466315687e-02,7.842089497085857897e-02,7.813341259997330646e-02,7.787661644352628088e-02,7.765200775954050894e-02,7.746065618117448093e-02,7.730331376747001659e-02,7.718049948326211052e-02,7.709256083215421107e-02,7.703971747357318822e-02,7.702209019746941721e-02,7.703971747357507560e-02,7.709256083215398903e-02,7.718049948327165843e-02,7.730331376747190397e-02,7.746065618117337070e-02,7.765200775953562395e-02,7.787661644352561474e-02,7.813341259997208521e-02,7.842089497085835692e-02,7.873697782467037332e-02,7.907878673862522856e-02,7.944238595530417335e-02,7.982241424645475369e-02,8.021159821400458689e-02,8.060010144000728793e-02,8.097465439569884182e-02,8.131739338660137761e-02,8.160431783379040738e-02,8.180325688216294466e-02,8.187122649209654934e-02,8.175107427963979045e-02,8.136738713929625444e-02,8.062184366973612626e-02,7.938864620049734810e-02,7.751154027774953548e-02,7.480541528431816634e-02,7.106760081240770521e-02,6.610607907577847886e-02,5.979171049050180375e-02,5.213481986156631720e-02,4.336862133124896879e-02,3.399644798879308816e-02,2.474841190699322846e-02,1.642642602008553832e-02,9.691908576644092665e-03,4.903753791842747900e-03,2.083225260585779698e-03,9.951240130189609179e-04,1.275481064267180303e-03,2.541322883876998007e-03,4.455989838252218116e-03,6.754110212365022070e-03,9.241487842883214232e-03,1.178368910117863488e-02,1.429187487092425934e-02,1.670992967314993694e-02,1.900422606468923914e-02,2.115605844025056359e-02,2.315629798131957351e-02,2.500173197733823738e-02,2.669261620525353873e-02,2.823107446989020497e-02,2.962007882604378306e-02,3.086282347407015569e-02,3.196236402484819994e-02,3.292143529578689387e-02,3.374238926245431980e-02,3.442721391984787660e-02,3.497760642169089884e-02,3.539508201082969263e-02,3.568110537340979382e-02,3.583723415630857279e-02
8.022727272727272485e-01,3.520631511392546820e-02,3.526983925416016241e-02,3.521798054473873618e-02,3.504900768707763792e-02,3.476147123764494751e-02,3.435408117642374526e-02,3.382558364208221313e-02,3.317464263629865684e-02,3.239973328098616490e-02,3.149905460736485141e-02,3.047047222349724693e-02,2.931150503548912711e-02,2.801937616463678893e-02,2.659115725016314435e-02,2.502404875276148521e-02,2.331585841043243290e-02,2.146576781999331995e-02,1.947551562133550962e-02,1.735117677357722599e-02,1.510578012924751468e-02,1.276307282413671751e-02,1.036278492843699384e-02,7.967711922052297946e-03,5.672694319723975420e-03,3.614918157059901493e-03,1.983577901661742054e-03,1.024559679607663087e-03,1.032618747485076344e-03,2.321117797709052605e-03,5.161616051632074431e-03,9.697531101959422362e-03,1.585805096049616725e-02,2.331759169201974569e-02,3.153877757185030717e-02,3.989399588147474196e-02,4.781166674197911970e-02,5.488204797934614909e-02,6.089100084523324519e-02,6.579356512748024688e-02,6.965974309675848630e-02,7.262033149520674691e-02,7.482642675234507657e-02,7.642473232553470552e-02,7.754534370315291358e-02,7.829757873126941270e-02,7.877023709703534493e-02,7.903389689604289892e-02,7.914387031430059061e-02,7.914311813879904012e-02,7.906482163571249000e-02,7.893452264766942506e-02,7.877184424367666971e-02,7.859184526633034018e-02,7.840607267509291933e-02,7.822337227693831885e-02,7.805050987453143740e-02,7.789264520191974128e-02,7.775369206367122032e-02,7.763659047373583366e-02,7.754351038037543553e-02,7.747600161194057033e-02,7.743510075350579225e-02,7.742140253428875241e-02,7.743510075350901189e-02,7.747600161193979318e-02,7.754351038037754495e-02,7.763659047373117073e-02,7.775369206367588326e-02,7.789264520191763186e-02,7.805050987453598932e-02,7.822337227693720862e-02,7.840607267509580591e-02,7.859184526633511414e-02,7.877184424367555948e-02,7.893452264767075732e-02,7.906482163570927035e-02,7.914311813879670865e-02,7.914387031430003550e-02,7.903389689603645962e-02,7.877023709703734333e-02,7.829757873127296541e-02,7.754534370315313563e-02,7.642473232554991558e-02,7.482642675234274510e-02,7.262033149520130682e-02,6.965974309675682097e-02,6.579356512746792340e-02,6.089100084521981149e-02,5.488204797935181123e-02,4.781166674196990485e-02,3.989399588148567766e-02,3.153877757184758712e-02,2.331759169202157755e-02,1.585805096050987850e-02,9.697531101969358858e-03,5.161616051623421630e-03,2.321117797724928794e-03,1.032618747477082738e-03,1.024559679616458135e-03,1.983577901662220838e-03,3.614918157066028537e-03,5.672694319720450462e-03,7.967711922051520790e-03,1.036278492844389110e-02,1.276307282413929878e-02,1.510578012924718161e-02,1.735117677357628230e-02,1.947551562134100522e-02,2.146576781999279260e-02,2.331585841043049001e-02,2.502404875276614815e-02,2.659115725016197862e-02,2.801937616463501257e-02,2.931150503548785036e-02,3.047047222349680284e-02,3.149905460736651674e-02,3.239973328098572081e-02,3.317464263629738008e-02,3.382558364208254620e-02,3.435408117642191339e-02,3.476147123764361524e-02,3.504900768707736036e-02,3.521798054473934680e-02,3.526983925415994037e-02,3.520631511392530166e-02
8.060606060606061440e-01,3.420263606033757675e-02,3.444212574715971309e-02,3.457964578932376520e-02,3.461309308902277282e-02,3.454075693344915710e-02,3.436122587208900736e-02,3.407328742921522657e-02,3.367582469630053810e-02,3.316771405206303536e-02,3.254772860283361435e-02,3.181445257506476665e-02,3.096621301929064485e-02,3.000103705566081747e-02,2.891664584414560535e-02,2.771050095724941764e-02,2.637992549050210966e-02,2.492233189330916865e-02,2.333560220104941019e-02,2.161868536116612338e-02,1.977250195033877778e-02,1.780127953283597297e-02,1.571448118644350189e-02,1.352952985882469039e-02,1.127555721473585959e-02,8.998384093346745161e-03,6.766805536978559577e-03,4.679895248432833221e-03,2.874303112082227107e-03,1.529245770157214301e-03,8.650916080053701329e-04,1.129703544449654762e-03,2.566695443982892899e-03,5.363886124402264532e-03,9.590489570372659478e-03,1.514492668580191825e-02,2.174164212546414454e-02,2.895382443322946919e-02,3.630112796588080837e-02,4.334680819490954740e-02,4.976696600458452302e-02,5.537492580496683470e-02,6.010749091416889289e-02,6.399149712768870124e-02,6.710759013209177670e-02,6.956077893331946704e-02,7.146053076192859788e-02,7.290932983065501194e-02,7.399732110528045581e-02,7.480074693347227299e-02,7.538246071744070242e-02,7.579340360782327313e-02,7.607439387723335944e-02,7.625788681948364456e-02,7.636954885440505603e-02,7.642959283687766892e-02,7.645387416985083284e-02,7.645477082721474638e-02,7.644187823331438647e-02,7.642254995423214403e-02,7.640231166015043485e-02,7.638517108102271802e-02,7.637384178744910379e-02,7.636989404067340281e-02,7.637384178744577312e-02,7.638517108102194086e-02,7.640231166015631903e-02,7.642254995423514163e-02,7.644187823331649589e-02,7.645477082720764095e-02,7.645387416985161000e-02,7.642959283687866812e-02,7.636954885440128127e-02,7.625788681948475478e-02,7.607439387723635704e-02,7.579340360782060859e-02,7.538246071744125754e-02,7.480074693346927539e-02,7.399732110527668105e-02,7.290932983066111817e-02,7.146053076192526721e-02,6.956077893331891193e-02,6.710759013208622559e-02,6.399149712768159581e-02,6.010749091416722756e-02,5.537492580497882511e-02,4.976696600457131137e-02,4.334680819492220394e-02,3.630112796586909552e-02,2.895382443322436217e-02,2.174164212546370045e-02,1.514492668579470180e-02,9.590489570368898598e-03,5.363886124420180757e-03,2.566695443994123499e-03,1.129703544450412836e-03,8.650916080156674515e-04,1.529245770161870299e-03,2.874303112082511602e-03,4.679895248426053922e-03,6.766805536975006863e-03,8.998384093345190848e-03,1.127555721473522121e-02,1.352952985882879822e-02,1.571448118644619418e-02,1.780127953283311415e-02,1.977250195033894431e-02,2.161868536116867690e-02,2.333560220104913263e-02,2.492233189330889109e-02,2.637992549050055535e-02,2.771050095725197115e-02,2.891664584414765926e-02,3.000103705566059542e-02,3.096621301929058934e-02,3.181445257506360091e-02,3.254772860283555724e-02,3.316771405206070389e-02,3.367582469630231445e-02,3.407328742921605924e-02,3.436122587208823020e-02,3.454075693345143305e-02,3.461309308902099646e-02,3.457964578932332111e-02,3.444212574716137842e-02,3.420263606033713266e-02
8.098484848484848175e-01,3.292167534776707649e-02,3.329937802636406818e-02,3.358777548558616877e-02,3.378435438173904570e-02,3.388703858189689999e-02,3.389412542081565727e-02,3.380421168119224218e-02,3.361611227791727607e-02,3.332877476640438985e-02,3.294119290889507834e-02,3.245232269353692800e-02,3.186100450031331688e-02,3.116589565842348142e-02,3.036541858329949717e-02,2.945773119949030017e-02,2.844072868541197563e-02,2.731208902898513147e-02,2.606937986685259334e-02,2.471025111436103705e-02,2.323274760932575456e-02,2.163578908079405450e-02,1.991988180452236579e-02,1.808814742507358631e-02,1.614777841576994777e-02,1.411205243460253445e-02,1.200304953570535682e-02,9.855198696858802343e-03,7.719693529314508584e-03,5.669594783913614600e-03,3.805044331333141960e-03,2.257284730735907574e-03,1.189211999115325977e-03,7.891619989154972231e-04,1.254250642220866921e-03,2.761033261481880829e-03,5.425666116667116068e-03,9.262804973251673180e-03,1.415873794375452355e-02,1.987391898579446425e-02,2.607976686632434982e-02,3.241875856537207445e-02,3.856611963254874542e-02,4.427318569238369861e-02,4.938402952313436511e-02,5.382912113332105619e-02,5.760595264522960779e-02,6.075627410572481679e-02,6.334606349060367680e-02,6.545068495752948134e-02,6.714527786451118807e-02,6.849932923894852532e-02,6.957415644045772396e-02,7.042220671952792443e-02,7.108737560934619282e-02,7.160581927761977550e-02,7.200694300026833083e-02,7.231438828379077588e-02,7.254692918399507917e-02,7.271923998415152912e-02,7.284252452966355484e-02,7.292501130928641384e-02,7.297232379488405307e-02,7.298773629228050286e-02,7.297232379488494125e-02,7.292501130929895936e-02,7.284252452966422098e-02,7.271923998415352752e-02,7.254692918399563428e-02,7.231438828378633499e-02,7.200694300027121741e-02,7.160581927763087773e-02,7.108737560934952349e-02,7.042220671953258737e-02,6.957415644044984138e-02,6.849932923894619385e-02,6.714527786451163216e-02,6.545068495753847415e-02,6.334606349060512009e-02,6.075627410572304044e-02,5.760595264523515890e-02,5.382912113331494997e-02,4.938402952314102645e-02,4.427318569239202528e-02,3.856611963254891196e-02,3.241875856537584921e-02,2.607976686633173280e-02,1.987391898577939298e-02,1.415873794375233086e-02,9.262804973242874662e-03,5.425666116669322636e-03,2.761033261479951817e-03,1.254250642217378392e-03,7.891619989129437102e-04,1.189211999118812771e-03,2.257284730732132816e-03,3.805044331329769658e-03,5.669594783910200664e-03,7.719693529320129088e-03,9.855198696865019592e-03,1.200304953570741073e-02,1.411205243460592063e-02,1.614777841576453543e-02,1.808814742507497408e-02,1.991988180451903512e-02,2.163578908079349938e-02,2.323274760932347860e-02,2.471025111435970478e-02,2.606937986685448072e-02,2.731208902898468738e-02,2.844072868540986621e-02,2.945773119949163243e-02,3.036541858329988575e-02,3.116589565842253773e-02,3.186100450031320586e-02,3.245232269353753862e-02,3.294119290889391261e-02,3.332877476640550007e-02,3.361611227791738710e-02,3.380421168119185360e-02,3.389412542081460256e-02,3.388703858189812124e-02,3.378435438173926775e-02,3.358777548558600223e-02,3.329937802636534494e-02,3.292167534776463400e-02
8.136363636363637131e-01,3.152104088926427350e-02,3.200563555079155575e-02,3.241270321226996654e-02,3.273936810220540172e-02,3.298318917814935247e-02,3.314212226888679780e-02,3.321447079480349673e-02,3.319882718058070337e-02,3.309400727679984167e-02,3.289898023204335109e-02,3.261279633978986237e-02,3.223451547077216262e-02,3.176313884905940244e-02,3.119754720785983260e-02,3.053644885293427258e-02,2.977834197118461868e-02,2.892149677873656621e-02,2.796396497138414761e-02,2.690362662942386018e-02,2.573828849951820263e-02,2.446585274155282930e-02,2.308458213639119627e-02,2.159349672036620094e-02,1.999294796012129893e-02,1.828543008525415625e-02,1.647670292189795660e-02,1.457730598497999908e-02,1.260455810868926774e-02,1.058510530924539061e-02,8.558024362606775348e-03,6.578353021062369188e-03,4.720669366639333731e-03,3.081947851305770480e-03,1.782386269522078653e-03,9.623438369876103488e-04,7.732660031541053330e-04,1.361025442629601456e-03,2.842044254867941155e-03,5.275950413341792822e-03,8.642247408857078872e-03,1.283013635315541356e-02,1.764788854507509663e-02,2.285113645632635970e-02,2.818170980187967301e-02,3.340491978305915044e-02,3.833545877416733028e-02,4.284813302518963862e-02,4.687547550418402764e-02,5.039729848401475198e-02,5.342732357967650003e-02,5.600048751740127617e-02,5.816271299088382474e-02,5.996358055696338063e-02,6.145158901148528585e-02,6.267140989076924740e-02,6.366252958534346362e-02,6.445877720357517937e-02,6.508836813838514423e-02,6.557421088606507631e-02,6.593431493642998298e-02,6.618220086114601219e-02,6.632725531718508538e-02,6.637499955225834025e-02,6.632725531719008139e-02,6.618220086114179335e-02,6.593431493642831764e-02,6.557421088606596449e-02,6.508836813838647650e-02,6.445877720357651164e-02,6.366252958534268647e-02,6.267140989076680491e-02,6.145158901149005981e-02,5.996358055695882872e-02,5.816271299087794056e-02,5.600048751740538400e-02,5.342732357967838741e-02,5.039729848401952594e-02,4.687547550416992781e-02,4.284813302518741818e-02,3.833545877417299241e-02,3.340491978305704102e-02,2.818170980188866581e-02,2.285113645633252144e-02,1.764788854508039795e-02,1.283013635314400602e-02,8.642247408849126900e-03,5.275950413349453361e-03,2.842044254866754605e-03,1.361025442636578514e-03,7.732660031558296482e-04,9.623438369836239542e-04,1.782386269525076256e-03,3.081947851307345609e-03,4.720669366638903519e-03,6.578353021060398542e-03,8.558024362606872493e-03,1.058510530924586246e-02,1.260455810869157145e-02,1.457730598497450347e-02,1.647670292190139829e-02,1.828543008525126967e-02,1.999294796012124342e-02,2.159349672036720014e-02,2.308458213638997503e-02,2.446585274155388401e-02,2.573828849951753650e-02,2.690362662942485938e-02,2.796396497138015080e-02,2.892149677873440128e-02,2.977834197118617299e-02,3.053644885293421707e-02,3.119754720786155344e-02,3.176313884906001306e-02,3.223451547076988666e-02,3.261279633979025094e-02,3.289898023204290700e-02,3.309400727679934207e-02,3.319882718058109194e-02,3.321447079480205344e-02,3.314212226888624269e-02,3.298318917815046269e-02,3.273936810220495763e-02,3.241270321226757956e-02,3.200563555078922429e-02,3.152104088926643843e-02
8.174242424242423866e-01,2.999291707719436983e-02,3.055667110023785327e-02,3.105392703598403026e-02,3.148155005415942398e-02,3.183680572362546091e-02,3.211734318473175032e-02,3.232116709615717731e-02,3.244659971546193233e-02,3.249223473585383104e-02,3.245688468514223990e-02,3.233952381010457566e-02,3.213922844222194541e-02,3.185511689905884403e-02,3.148629105634126457e-02,3.103178187335131621e-02,3.049050142067383229e-02,2.986120440677680898e-02,2.914246290285688046e-02,2.833265901478415616e-02,2.743000175772031257e-02,2.643257648565028317e-02,2.533843805558028128e-02,2.414576270633272959e-02,2.285307914416961905e-02,2.145960249644712770e-02,1.996570688602194998e-02,1.837357553142726641e-02,1.668807635947910928e-02,1.491791482286397574e-02,1.307711163579983182e-02,1.118683370176196124e-02,9.277559493454726192e-03,7.391469388460275569e-03,5.584799162599046740e-03,3.929669949292516340e-03,2.514624058692370434e-03,1.442819850406045629e-03,8.267204839422000878e-04,7.783863515567930602e-04,1.395391989098351132e-03,2.743986734654993431e-03,4.843005446593696972e-03,7.653275610524742922e-03,1.107677294691486458e-02,1.496714625700162893e-02,1.914939750200356228e-02,2.344339251450600070e-02,2.768510110869010221e-02,3.174116571662899400e-02,3.551532102347576547e-02,3.894776259129995033e-02,4.200990100128254578e-02,4.469704546582375926e-02,4.702094257010436262e-02,4.900328571345780038e-02,5.067063438810881504e-02,5.205074710117596481e-02,5.317011417014794183e-02,5.405240746802131291e-02,5.471757675292632239e-02,5.518136953738406181e-02,5.545510657801455690e-02,5.554559546382187296e-02,5.545510657801122623e-02,5.518136953739072315e-02,5.471757675292931999e-02,5.405240746802053575e-02,5.317011417013084440e-02,5.205074710117374437e-02,5.067063438811114651e-02,4.900328571346446171e-02,4.702094257010236422e-02,4.469704546583475047e-02,4.200990100128887406e-02,3.894776259129573148e-02,3.551532102347243480e-02,3.174116571662966013e-02,2.768510110868177554e-02,2.344339251450694439e-02,1.914939750200728152e-02,1.496714625700176771e-02,1.107677294691378211e-02,7.653275610530696493e-03,4.843005446587708707e-03,2.743986734654479953e-03,1.395391989104627362e-03,7.783863515624569324e-04,8.267204839470521094e-04,1.442819850405466231e-03,2.514624058690614894e-03,3.929669949286486441e-03,5.584799162601419842e-03,7.391469388459900869e-03,9.277559493452672279e-03,1.118683370176512537e-02,1.307711163579963753e-02,1.491791482286206061e-02,1.668807635947686108e-02,1.837357553143001421e-02,1.996570688602039567e-02,2.145960249644601747e-02,2.285307914416989661e-02,2.414576270633084221e-02,2.533843805558089191e-02,2.643257648564562023e-02,2.743000175772153382e-02,2.833265901478154714e-02,2.914246290285588126e-02,2.986120440677575427e-02,3.049050142067322167e-02,3.103178187335214888e-02,3.148629105634181968e-02,3.185511689905839994e-02,3.213922844222144581e-02,3.233952381010524180e-02,3.245688468514307257e-02,3.249223473585488575e-02,3.244659971546293153e-02,3.232116709615623362e-02,3.211734318473191685e-02,3.183680572362229677e-02,3.148155005415897989e-02,3.105392703598297555e-02,3.055667110023768673e-02,2.999291707719298206e-02
8.212121212121212821e-01,2.841650608253354360e-02,2.903635694222145291e-02,2.959983037538904682e-02,3.010364715867114294e-02,3.054487642220665711e-02,3.092093464794842816e-02,3.122957447455720903e-02,3.146886404346099786e-02,3.163715790883786516e-02,3.173306076013560073e-02,3.175538536975852644e-02,3.170310628831235489e-02,3.157531087939835501e-02,3.137114933485773971e-02,3.108978536414735983e-02,3.073034933747148534e-02,3.029189581490054906e-02,2.977336765192278856e-02,2.917356928010933492e-02,2.849115236876403889e-02,2.772461793561770138e-02,2.687234048011316601e-02,2.593262036205828958e-02,2.490377424572381981e-02,2.378427501186985982e-02,2.257295611488924214e-02,2.126929929032905786e-02,1.987382855233205126e-02,1.838863727731160358e-02,1.681807764105708314e-02,1.516964079926699793e-02,1.345504875869441008e-02,1.169156003716789738e-02,9.903454369165703985e-03,8.123599197094349966e-03,6.394906001377237414e-03,4.771357435981463113e-03,3.318141498920922083e-03,2.110307619521693129e-03,1.229337243318466555e-03,7.572014710151651201e-04,7.679523425634347811e-04,1.317665024240497612e-03,2.434440452432108659e-03,4.110817656675987142e-03,6.300891047886017504e-03,8.923453539481304708e-03,1.187083063639812752e-02,1.502141059255035493e-02,1.825295249935543485e-02,2.145391363934717743e-02,2.453105481431910873e-02,2.741288210826248184e-02,3.004952550437745007e-02,3.241018376776505505e-02,3.447931692891237354e-02,3.625252928387123763e-02,3.773275129314956899e-02,3.892702620642274347e-02,3.984399072111133311e-02,4.049201225941456705e-02,4.087788918465962151e-02,4.100601056265729127e-02,4.087788918465928845e-02,4.049201225940990412e-02,3.984399072112809748e-02,3.892702620642118916e-02,3.773275129316100429e-02,3.625252928386496487e-02,3.447931692890165989e-02,3.241018376777071719e-02,3.004952550438988457e-02,2.741288210825343352e-02,2.453105481433243140e-02,2.145391363934423534e-02,1.825295249934827391e-02,1.502141059254835653e-02,1.187083063641011793e-02,8.923453539486744801e-03,6.300891047892012709e-03,4.110817656690392286e-03,2.434440452437562630e-03,1.317665024247932637e-03,7.679523425704239820e-04,7.572014710051505615e-04,1.229337243316487235e-03,2.110307619528940803e-03,3.318141498917105692e-03,4.771357435980894124e-03,6.394906001378083960e-03,8.123599197091505020e-03,9.903454369167757898e-03,1.169156003716531611e-02,1.345504875869416028e-02,1.516964079926910736e-02,1.681807764105883174e-02,1.838863727731226971e-02,1.987382855233471579e-02,2.126929929032739253e-02,2.257295611488763232e-02,2.378427501187252435e-02,2.490377424572409737e-02,2.593262036205667975e-02,2.687234048011288845e-02,2.772461793561814547e-02,2.849115236876353929e-02,2.917356928010983452e-02,2.977336765192206691e-02,3.029189581490210337e-02,3.073034933746859876e-02,3.108978536414708227e-02,3.137114933485724011e-02,3.157531087939779990e-02,3.170310628831152222e-02,3.175538536976024728e-02,3.173306076013610033e-02,3.163715790883653289e-02,3.146886404346083133e-02,3.122957447455665392e-02,3.092093464794787305e-02,3.054487642220632404e-02,3.010364715867158703e-02,2.959983037539132278e-02,2.903635694222167496e-02,2.841650608253332155e-02
8.249999999999999556e-01,2.686495243244046982e-02,2.752250723356569617e-02,2.813276859924990214e-02,2.869241768921143576e-02,2.919842508195213959e-02,2.964806078228421349e-02,3.003889549514615620e-02,3.036879342384785074e-02,3.063589712931835685e-02,3.083860522514431102e-02,3.097554387477713389e-02,3.104553320173308872e-02,3.104754982499202676e-02,3.098068679906879064e-02,3.084411228463296295e-02,3.063702831742692867e-02,3.035863110028286238e-02,3.000807433720825701e-02,2.958443727917642319e-02,2.908669947028369451e-02,2.851372437705784746e-02,2.786425480145843236e-02,2.713692366867292982e-02,2.633028463707459688e-02,2.544286830904729513e-02,2.447327131826199098e-02,2.342028739798923676e-02,2.228309160429853275e-02,2.106149102958798647e-02,1.975625728515473245e-02,1.836955718887528510e-02,1.690549751594500050e-02,1.537079587961970306e-02,1.377558066955078542e-02,1.213430567229287216e-02,1.046673629086156132e-02,8.798921307210438858e-03,7.164006123195093556e-03,5.602674572740107273e-03,4.162939759926785610e-03,2.898965350684651332e-03,1.868625199358809469e-03,1.129643369094632949e-03,7.344248532397661816e-04,7.240698518454803667e-04,1.122469820717749908e-03,1.931653625216630393e-03,3.129519290902653406e-03,4.670670711344818149e-03,6.490365918896123798e-03,8.510819438209013543e-03,1.064857499905647042e-02,1.282155648844404694e-02,1.495469991432910040e-02,1.698359302603572041e-02,1.885608229649754497e-02,2.053219110721427043e-02,2.198287457667452705e-02,2.318814642066835408e-02,2.413502021411240150e-02,2.481557807471457267e-02,2.522535916005169687e-02,2.536216968639826153e-02,2.522535916004903234e-02,2.481557807470885502e-02,2.413502021411134679e-02,2.318814642067507092e-02,2.198287457666942002e-02,2.053219110721515861e-02,1.885608229649005096e-02,1.698359302602767129e-02,1.495469991433440171e-02,1.282155648844843232e-02,1.064857499904775517e-02,8.510819438205030618e-03,6.490365918891946584e-03,4.670670711350174975e-03,3.129519290894368366e-03,1.931653625210579678e-03,1.122469820709423236e-03,7.240698518432495123e-04,7.344248532388485129e-04,1.129643369091284932e-03,1.868625199360665623e-03,2.898965350685650533e-03,4.162939759924572103e-03,5.602674572737470493e-03,7.164006123199631593e-03,8.798921307210660903e-03,1.046673629086108948e-02,1.213430567229589752e-02,1.377558066954859273e-02,1.537079587962011940e-02,1.690549751594602745e-02,1.836955718887323119e-02,1.975625728515040258e-02,2.106149102958465580e-02,2.228309160429975400e-02,2.342028739799123516e-02,2.447327131826043667e-02,2.544286830904812780e-02,2.633028463707237643e-02,2.713692366867248573e-02,2.786425480145976463e-02,2.851372437705568252e-02,2.908669947028230673e-02,2.958443727917720034e-02,3.000807433720781292e-02,3.035863110028386158e-02,3.063702831742587396e-02,3.084411228463374011e-02,3.098068679906856859e-02,3.104754982499385862e-02,3.104553320173314424e-02,3.097554387477463589e-02,3.083860522514497715e-02,3.063589712931913400e-02,3.036879342384840585e-02,3.003889549514721091e-02,2.964806078228365838e-02,2.919842508195213959e-02,2.869241768921121372e-02,2.813276859925117890e-02,2.752250723356725048e-02,2.686495243244030329e-02
8.287878787878788511e-01,2.530370268670878442e-02,2.598255715839981050e-02,2.662225383570815396e-02,2.721952988382397853e-02,2.777135256183044243e-02,2.827493616159776346e-02,2.872775182348730194e-02,2.912753015504626619e-02,2.947225682394605251e-02,2.976016152103438950e-02,2.998970088466335060e-02,3.015953613844624126e-02,3.026850631975602779e-02,3.031559806822908820e-02,3.029991300761258888e-02,3.022063379967676600e-02,3.007698998567948090e-02,2.986822478312184392e-02,2.959356405572954873e-02,2.925218878329088890e-02,2.884321254036542603e-02,2.836566569184817421e-02,2.781848837304712330e-02,2.720053476218359245e-02,2.651059173960929050e-02,2.574741576387512554e-02,2.490979268523585421e-02,2.399662624704623770e-02,2.300706214531150762e-02,2.194065562030095284e-02,2.079759144651727176e-02,1.957896554167926073e-02,1.828713672068349450e-02,1.692615462736624110e-02,1.550226456084644044e-02,1.402448049589247181e-02,1.250520268791910361e-02,1.096083471335967952e-02,9.412326426847611449e-03,7.885535945990271300e-03,6.411270646572611587e-03,5.024844186225591036e-03,3.764988555771488221e-03,2.672004427970206542e-03,1.785133429391440318e-03,1.139292852711639228e-03,7.615035861211604667e-04,6.675149946733481554e-04,8.592182613141215175e-04,1.323383862896491264e-03,2.032043921711180340e-03,2.944513672847870467e-03,4.010707655380536807e-03,5.175164907889953647e-03,6.381123124457377394e-03,7.574076608784355291e-03,8.704460180561091054e-03,9.729339722761382037e-03,1.061319094589785461e-02,1.132797509869101771e-02,1.185277071339554955e-02,1.217321175713220738e-02,1.228093884439487860e-02,1.217321175712463011e-02,1.185277071339513322e-02,1.132797509869637453e-02,1.061319094589455170e-02,9.729339722764546172e-03,8.704460180561007787e-03,7.574076608785146325e-03,6.381123124457294127e-03,5.175164907896365185e-03,4.010707655380960079e-03,2.944513672849730090e-03,2.032043921713078127e-03,1.323383862891467505e-03,8.592182613093267418e-04,6.675149946804240925e-04,7.615035861177916338e-04,1.139292852712315771e-03,1.785133429389792331e-03,2.672004427973086182e-03,3.764988555772771917e-03,5.024844186227381271e-03,6.411270646567934772e-03,7.885535945990285178e-03,9.412326426845224470e-03,1.096083471335856929e-02,1.250520268792043588e-02,1.402448049589244405e-02,1.550226456084641269e-02,1.692615462736615783e-02,1.828713672067988627e-02,1.957896554168037095e-02,2.079759144651643910e-02,2.194065562029906546e-02,2.300706214531050842e-02,2.399662624704795855e-02,2.490979268523429990e-02,2.574741576387268305e-02,2.651059173960729209e-02,2.720053476218209365e-02,2.781848837304745636e-02,2.836566569184845177e-02,2.884321254036376070e-02,2.925218878329233219e-02,2.959356405572827198e-02,2.986822478312062268e-02,3.007698998567964743e-02,3.022063379967704355e-02,3.029991300761175621e-02,3.031559806822892167e-02,3.026850631975758210e-02,3.015953613844696291e-02,2.998970088466468287e-02,2.976016152103283519e-02,2.947225682394483126e-02,2.912753015504654375e-02,2.872775182348780154e-02,2.827493616159654222e-02,2.777135256183049794e-02,2.721952988382331240e-02,2.662225383570721027e-02,2.598255715839781210e-02,2.530370268670933953e-02
8.325757575757576356e-01,2.377194319084446894e-02,2.445907998191398924e-02,2.511421136947511457e-02,2.573420310163249125e-02,2.631609608238066889e-02,2.685712703970077886e-02,2.735474362352324773e-02,2.780661365352871117e-02,2.821062843754418292e-02,2.856490027632901940e-02,2.886775445134298623e-02,2.911771615148339709e-02,2.931349292895923941e-02,2.945395338180123446e-02,2.953810284103675077e-02,2.956505691479160980e-02,2.953401374844272231e-02,2.944422592115636395e-02,2.929497299227712404e-02,2.908553563640770001e-02,2.881517248425796707e-02,2.848310085717831175e-02,2.808848274501468678e-02,2.763041759503387373e-02,2.710794376815872653e-02,2.652005088648301534e-02,2.586570574624991181e-02,2.514389499788172166e-02,2.435368837910661943e-02,2.349432688479136111e-02,2.256534078796162968e-02,2.156670275864158715e-02,2.049902125481140036e-02,1.936377858434290555e-02,1.816361614580364048e-02,1.690266582300775644e-02,1.558692072269809992e-02,1.422462980544539346e-02,1.282668906753772764e-02,1.140698691082145388e-02,9.982644298948822881e-03,8.574073874386578531e-03,7.204770980427932514e-03,5.900749987274175878e-03,4.689558892244372057e-03,3.598849915108615072e-03,2.654554855165358607e-03,1.878803639920312990e-03,1.287814300200917916e-03,8.900456642524263995e-04,6.849131253202616482e-04,6.623071430847705943e-04,8.030295921655876412e-04,1.080104200470374809e-03,1.460767976455813744e-03,1.908851858557773090e-03,2.387233273349366469e-03,2.860087805568969910e-03,3.294758082530789556e-03,3.663163159800621183e-03,3.942763062032193788e-03,4.117153803514149446e-03,4.176393461314653610e-03,4.117153803513025345e-03,3.942763062022312803e-03,3.663163159803986546e-03,3.294758082526737242e-03,2.860087805562259999e-03,2.387233273348270124e-03,1.908851858566679160e-03,1.460767976454533518e-03,1.080104200473332512e-03,8.030295921605985765e-04,6.623071430887864791e-04,6.849131253236755840e-04,8.900456642576461824e-04,1.287814300204963291e-03,1.878803639924306323e-03,2.654554855169084793e-03,3.598849915103376207e-03,4.689558892246564747e-03,5.900749987270317853e-03,7.204770980431096650e-03,8.574073874385246263e-03,9.982644298948351036e-03,1.140698691082137062e-02,1.282668906753858806e-02,1.422462980544617062e-02,1.558692072269846074e-02,1.690266582300598008e-02,1.816361614580352946e-02,1.936377858434212840e-02,2.049902125480879134e-02,2.156670275863986630e-02,2.256534078795952025e-02,2.349432688478864106e-02,2.435368837910983908e-02,2.514389499787994531e-02,2.586570574624985630e-02,2.652005088648368147e-02,2.710794376815783835e-02,2.763041759503320760e-02,2.808848274501546394e-02,2.848310085717736806e-02,2.881517248425730093e-02,2.908553563640658979e-02,2.929497299227601381e-02,2.944422592115730763e-02,2.953401374843983573e-02,2.956505691479055509e-02,2.953810284103541850e-02,2.945395338180278877e-02,2.931349292895940595e-02,2.911771615148350811e-02,2.886775445134348583e-02,2.856490027632963002e-02,2.821062843754573723e-02,2.780661365352865566e-02,2.735474362352191546e-02,2.685712703970177806e-02,2.631609608238189013e-02,2.573420310163176961e-02,2.511421136947666888e-02,2.445907998191276800e-02,2.377194319084569019e-02
8.363636363636364202e-01,2.228190359764670170e-02,2.296669541300866424e-02,2.362567622333722195e-02,2.425589272252520745e-02,2.485451878575717366e-02,2.541887750626675713e-02,2.594645903858011637e-02,2.643493386083012320e-02,2.688216122384384787e-02,2.728619271375309907e-02,2.764527101029640166e-02,2.795782406793673180e-02,2.822245507471898840e-02,2.843792866959155008e-02,2.860315399785723356e-02,2.871716507900823334e-02,2.877909946589218837e-02,2.878817567746499995e-02,2.874367026277541148e-02,2.864489528956548625e-02,2.849117709766152418e-02,2.828183721636023940e-02,2.801617642546200271e-02,2.769346305043846046e-02,2.731292673098989487e-02,2.687375909413503017e-02,2.637512300063332704e-02,2.581617231501004417e-02,2.519608446517029865e-02,2.451410838682743787e-02,2.376963075284260762e-02,2.296226360672359856e-02,2.209195655861245777e-02,2.115913642466238365e-02,2.016487641115954910e-02,1.911109542319622268e-02,1.800078553080053378e-02,1.683826175490710231e-02,1.562942289376514915e-02,1.438200501053465974e-02,1.310580068846819990e-02,1.181280801511944145e-02,1.051726502359573434e-02,9.235520417640530333e-03,7.985693022473677738e-03,6.787083946803537660e-03,5.659329492391604322e-03,4.621319645864235826e-03,3.689952917828066836e-03,2.878845142915420485e-03,2.197145735687446033e-03,1.648627306981526736e-03,1.231194938895757707e-03,9.369095341467906929e-04,7.525452507915406097e-04,6.606215536467015259e-04,6.407851594391264505e-04,6.713804802868650334e-04,7.310439008707831504e-04,8.001821432352344138e-04,8.622361190231860040e-04,9.046753585821628446e-04,9.197033741566718046e-04,9.046753585827665284e-04,8.622361190324893260e-04,8.001821432399025547e-04,7.310439008773230579e-04,6.713804802891479295e-04,6.407851594348590307e-04,6.606215536511892555e-04,7.525452507875160513e-04,9.369095341519896591e-04,1.231194938898113461e-03,1.648627306979646295e-03,2.197145735684559453e-03,2.878845142911951038e-03,3.689952917829864010e-03,4.621319645863569692e-03,5.659329492395254180e-03,6.787083946804592371e-03,7.985693022475592873e-03,9.235520417644110802e-03,1.051726502359545679e-02,1.181280801511885858e-02,1.310580068846678437e-02,1.438200501053193969e-02,1.562942289376323401e-02,1.683826175490849009e-02,1.800078553080264321e-02,1.911109542319772148e-02,2.016487641115749518e-02,2.115913642466316080e-02,2.209195655861390106e-02,2.296226360672343203e-02,2.376963075284227456e-02,2.451410838683126814e-02,2.519608446517218603e-02,2.581617231500804577e-02,2.637512300063249437e-02,2.687375909413441954e-02,2.731292673098839607e-02,2.769346305043784984e-02,2.801617642546233578e-02,2.828183721636001735e-02,2.849117709766207929e-02,2.864489528956831732e-02,2.874367026277518944e-02,2.878817567746561057e-02,2.877909946589307655e-02,2.871716507900801130e-02,2.860315399785656743e-02,2.843792866958955168e-02,2.822245507472076476e-02,2.795782406793956287e-02,2.764527101029834455e-02,2.728619271375548605e-02,2.688216122384456952e-02,2.643493386083034524e-02,2.594645903857911717e-02,2.541887750626714571e-02,2.485451878575783979e-02,2.425589272252470785e-02,2.362567622333766604e-02,2.296669541300949691e-02,2.228190359764586903e-02
8.401515151515152047e-01,2.083605306757108089e-02,2.151001699738591677e-02,2.216348476094492925e-02,2.279371739171787148e-02,2.339806281306189284e-02,2.397397763910613655e-02,2.451904593561654577e-02,2.503099451596252356e-02,2.550770446076922049e-02,2.594721867264665471e-02,2.634774540149764643e-02,2.670765779945855067e-02,2.702548980037339232e-02,2.729992822164711841e-02,2.752980202066018789e-02,2.771406877489290821e-02,2.785179900180950741e-02,2.794215889734685820e-02,2.798439209315234377e-02,2.797780107279773665e-02,2.792172892127636752e-02,2.781554211959386125e-02,2.765861514380246744e-02,2.745031768997036048e-02,2.719000542904742579e-02,2.687701530167624364e-02,2.651066649529953967e-02,2.609026840374872869e-02,2.561513704828122240e-02,2.508462162792673977e-02,2.449814304632791373e-02,2.385524640010278086e-02,2.315566946203745369e-02,2.239942908137082522e-02,2.158692706029391450e-02,2.071907632904196328e-02,1.979744698884505771e-02,1.882442986622995251e-02,1.780341248223743511e-02,1.673895870328512281e-02,1.563697885188231052e-02,1.450487197954072882e-02,1.335161692794459287e-02,1.218778471667752994e-02,1.102544310362432722e-02,9.877926560237698661e-03,8.759453035523528941e-03,7.684583790798671377e-03,6.667544000472813703e-03,5.721447517594471788e-03,4.857494828182234992e-03,4.084232790587477568e-03,3.406972130884478034e-03,2.827449562196861221e-03,2.343795284469971096e-03,1.950827561024555401e-03,1.640651884356719714e-03,1.403502198435366277e-03,1.228733508597687485e-03,1.105862981496924524e-03,1.025559820648690168e-03,9.804987602665838492e-04,9.660123919001846471e-04,9.804987602630953203e-04,1.025559820647194836e-03,1.105862981494721425e-03,1.228733508598752605e-03,1.403502198438048160e-03,1.640651884359176083e-03,1.950827561025426232e-03,2.343795284466702877e-03,2.827449562189922327e-03,3.406972130881709415e-03,4.084232790584743644e-03,4.857494828186176283e-03,5.721447517591363163e-03,6.667544000477060306e-03,7.684583790796561953e-03,8.759453035520947672e-03,9.877926560240113396e-03,1.102544310362457702e-02,1.218778471667097962e-02,1.335161692794339938e-02,1.450487197953911900e-02,1.563697885188414238e-02,1.673895870328856450e-02,1.780341248223527018e-02,1.882442986623117376e-02,1.979744698884627896e-02,2.071907632904274044e-02,2.158692706029419206e-02,2.239942908136993704e-02,2.315566946203440057e-02,2.385524640010527886e-02,2.449814304632541573e-02,2.508462162792884920e-02,2.561513704828122240e-02,2.609026840374834011e-02,2.651066649529881802e-02,2.687701530167652120e-02,2.719000542904748130e-02,2.745031768997008292e-02,2.765861514380241193e-02,2.781554211959386125e-02,2.792172892127586792e-02,2.797780107279640438e-02,2.798439209314967924e-02,2.794215889734696923e-02,2.785179900180811963e-02,2.771406877489246412e-02,2.752980202065991033e-02,2.729992822164728494e-02,2.702548980037372539e-02,2.670765779945799556e-02,2.634774540149686928e-02,2.594721867264754289e-02,2.550770446076860987e-02,2.503099451596285663e-02,2.451904593561565759e-02,2.397397763910674717e-02,2.339806281306089364e-02,2.279371739171648370e-02,2.216348476094376352e-02,2.151001699738419592e-02,2.083605306757035924e-02
8.439393939393939892e-01,1.944245351132117827e-02,2.009898417396438486e-02,2.073951679122398861e-02,2.136154394252726130e-02,2.196261254324938239e-02,2.254034440622909585e-02,2.309245468388865241e-02,2.361676777350196765e-02,2.411123034558537714e-02,2.457392123086038493e-02,2.500305818099518573e-02,2.539700103636555184e-02,2.575425179507467854e-02,2.607345160321877797e-02,2.635337476889360042e-02,2.659292021015507990e-02,2.679110069138473937e-02,2.694703027266931450e-02,2.705991044311151228e-02,2.712901544654872099e-02,2.715367734145651690e-02,2.713327136866811040e-02,2.706720223542075088e-02,2.695489196510886254e-02,2.679577001347971388e-02,2.658926641593323259e-02,2.633480880970212601e-02,2.603182426889483203e-02,2.567974699757263890e-02,2.527803304039399901e-02,2.482618328078167735e-02,2.432377608554536774e-02,2.377051099496296782e-02,2.316626481079303579e-02,2.251116124924495976e-02,2.180565493557706791e-02,2.105062984240946289e-02,2.024751122686485605e-02,1.939838861926374003e-02,1.850614539826650473e-02,1.757458795143090891e-02,1.660856446376096640e-02,1.561406024806599735e-02,1.459825367800002272e-02,1.356951487751445473e-02,1.253732922425843110e-02,1.151213038186546522e-02,1.050503378709735647e-02,9.527471617510607782e-03,8.590743770008485436e-03,7.705514727147949605e-03,6.881300729796854809e-03,6.126002072030345413e-03,5.445538347430209369e-03,4.843637984454002288e-03,4.321817290855067828e-03,3.879560710257093370e-03,3.514687228614810088e-03,3.223862825637149876e-03,3.003199958052184260e-03,2.848875032162211107e-03,2.757694306964111886e-03,2.727546494099349073e-03,2.757694306963036357e-03,2.848875032169996546e-03,3.003199958050747909e-03,3.223862825642409558e-03,3.514687228617301151e-03,3.879560710260299139e-03,4.321817290859147898e-03,4.843637984452850431e-03,5.445538347431125303e-03,6.126002072032982193e-03,6.881300729797576454e-03,7.705514727146728360e-03,8.590743770008513192e-03,9.527471617510357982e-03,1.050503378709782831e-02,1.151213038186735260e-02,1.253732922425571106e-02,1.356951487751489882e-02,1.459825367799988394e-02,1.561406024806544224e-02,1.660856446375791329e-02,1.757458795143168606e-02,1.850614539826522797e-02,1.939838861926224123e-02,2.024751122686418991e-02,2.105062984241024004e-02,2.180565493557640178e-02,2.251116124924251727e-02,2.316626481079403499e-02,2.377051099496385600e-02,2.432377608554636694e-02,2.482618328078256553e-02,2.527803304039266674e-02,2.567974699757419321e-02,2.603182426889694145e-02,2.633480880970534566e-02,2.658926641593412077e-02,2.679577001347860365e-02,2.695489196510891805e-02,2.706720223542108394e-02,2.713327136866822142e-02,2.715367734145246459e-02,2.712901544654833241e-02,2.705991044311029103e-02,2.694703027266737161e-02,2.679110069138362915e-02,2.659292021015519092e-02,2.635337476889249020e-02,2.607345160321844491e-02,2.575425179507456752e-02,2.539700103636594042e-02,2.500305818099513022e-02,2.457392123085955227e-02,2.411123034558754208e-02,2.361676777350374401e-02,2.309245468388942957e-02,2.254034440622765256e-02,2.196261254325010404e-02,2.136154394252637312e-02,2.073951679122482128e-02,2.009898417396366321e-02,1.944245351132045663e-02
8.477272727272727737e-01,1.810973265803356158e-02,1.874392685943615522e-02,1.936588447883391684e-02,1.997333444774102018e-02,2.056403456095767801e-02,2.113579023876804852e-02,2.168647187545308386e-02,2.221403037641334066e-02,2.271651064342045112e-02,2.319206265204049044e-02,2.363894968060664681e-02,2.405555424507943574e-02,2.444038106823359646e-02,2.479205739266715502e-02,2.510933072807697286e-02,2.539106422063558410e-02,2.563622989810554476e-02,2.584390009941650579e-02,2.601323744454658859e-02,2.614348374055325275e-02,2.623394825433766897e-02,2.628399581422929954e-02,2.629303523307829904e-02,2.626050857808776007e-02,2.618588184945902508e-02,2.606863767356909500e-02,2.590827066838491399e-02,2.570428619974846063e-02,2.545620331623471566e-02,2.516356272421083062e-02,2.482594073697796944e-02,2.444297019244517921e-02,2.401436936593298599e-02,2.353997988632505756e-02,2.301981456355334243e-02,2.245411581438905291e-02,2.184342498362168428e-02,2.118866224646837049e-02,2.049121589215141537e-02,1.975303858665039547e-02,1.897674668010362886e-02,1.816571679754253044e-02,1.732417194392682491e-02,1.645724738676868082e-02,1.557102499627477377e-02,1.467252399198010204e-02,1.376963671345768359e-02,1.287100063127272209e-02,1.198580270504251422e-02,1.112351937755548525e-02,1.029360442679114196e-02,9.505146403190473103e-03,8.766525723121393332e-03,8.085106671733482964e-03,7.466999817493463754e-03,6.916924668409749066e-03,6.438191034804197077e-03,6.032802069506862375e-03,5.701664942943204806e-03,5.444879618534903543e-03,5.262064952968770193e-03,5.152676178669587936e-03,5.116269362512582131e-03,5.152676178668325058e-03,5.262064952966272191e-03,5.444879618535208854e-03,5.701664942946660375e-03,6.032802069511192244e-03,6.438191034809054303e-03,6.916924668411747468e-03,7.466999817494324176e-03,8.085106671734343387e-03,8.766525723124335423e-03,9.505146403188696747e-03,1.029360442678831089e-02,1.112351937755540199e-02,1.198580270504390199e-02,1.287100063127633032e-02,1.376963671345540763e-02,1.467252399198021307e-02,1.557102499627893710e-02,1.645724738677384336e-02,1.732417194392504856e-02,1.816571679754103164e-02,1.897674668010346233e-02,1.975303858664911871e-02,2.049121589215391337e-02,2.118866224646798191e-02,2.184342498362024099e-02,2.245411581438711002e-02,2.301981456355267630e-02,2.353997988632311467e-02,2.401436936593537297e-02,2.444297019244268121e-02,2.482594073697896864e-02,2.516356272421188534e-02,2.545620331623665855e-02,2.570428619974829410e-02,2.590827066838524706e-02,2.606863767356887296e-02,2.618588184946080144e-02,2.626050857808759353e-02,2.629303523307768842e-02,2.628399581422641296e-02,2.623394825433794653e-02,2.614348374055336377e-02,2.601323744454769882e-02,2.584390009941656130e-02,2.563622989810637742e-02,2.539106422063747148e-02,2.510933072807586264e-02,2.479205739266771014e-02,2.444038106823376300e-02,2.405555424507871409e-02,2.363894968060697988e-02,2.319206265204026840e-02,2.271651064342022908e-02,2.221403037641328515e-02,2.168647187545291732e-02,2.113579023876760443e-02,2.056403456095839966e-02,1.997333444773979894e-02,1.936588447883297315e-02,1.874392685943632175e-02,1.810973265803333954e-02
8.515151515151515582e-01,1.684064499114495961e-02,1.744892748582493880e-02,1.804808127627632874e-02,1.863606730827688240e-02,1.921085609372974456e-02,1.977044442295466942e-02,2.031287118299412997e-02,2.083623219041852437e-02,2.133869286877987381e-02,2.181849979337335821e-02,2.227398995274787463e-02,2.270359787895032122e-02,2.310586055277008555e-02,2.347942005375114327e-02,2.382302399711860863e-02,2.413552386211997858e-02,2.441587137373324445e-02,2.466311315164576579e-02,2.487638388664631384e-02,2.505489834517327097e-02,2.519794253832502440e-02,2.530486442375029510e-02,2.537506453828053399e-02,2.540798698858370841e-02,2.540311125763045075e-02,2.535994531849256051e-02,2.527802058523637152e-02,2.515688927402459640e-02,2.499612479590029857e-02,2.479532585426730273e-02,2.455412497099923597e-02,2.427220220899894976e-02,2.394930488579388728e-02,2.358527406821381289e-02,2.318007858262605136e-02,2.273385714393238999e-02,2.224696896878214369e-02,2.172005286012246295e-02,2.115409419546609993e-02,2.055049849049356281e-02,1.991116922576291470e-02,1.923858642919035189e-02,1.853588115443893791e-02,1.780689960009473882e-02,1.705624936665683933e-02,1.628931951458728600e-02,1.551226599814481411e-02,1.473195505419744311e-02,1.395585951262001689e-02,1.319190688732357897e-02,1.244828334779948809e-02,1.173320373408581752e-02,1.105466375832650505e-02,1.042019525318726991e-02,9.836647555866828707e-03,9.310016906883933352e-03,8.845340743571489250e-03,8.446665432969180376e-03,8.117085577829780130e-03,7.858842377363145504e-03,7.673459627418555140e-03,7.561890508264307309e-03,7.524647373275294981e-03,7.561890508262725241e-03,7.673459627422746232e-03,7.858842377367031284e-03,8.117085577828142551e-03,8.446665432969374665e-03,8.845340743567020603e-03,9.310016906879242660e-03,9.836647555870020598e-03,1.042019525318943485e-02,1.105466375832309112e-02,1.173320373408337502e-02,1.244828334780090362e-02,1.319190688732446715e-02,1.395585951262057200e-02,1.473195505419599982e-02,1.551226599814453655e-02,1.628931951458972849e-02,1.705624936665234292e-02,1.780689960009584905e-02,1.853588115443788320e-02,1.923858642919290540e-02,1.991116922576091630e-02,2.055049849049461752e-02,2.115409419546476766e-02,2.172005286012218539e-02,2.224696896878386454e-02,2.273385714393078016e-02,2.318007858262643994e-02,2.358527406821353534e-02,2.394930488579233296e-02,2.427220220899833913e-02,2.455412497099979108e-02,2.479532585426647007e-02,2.499612479589852221e-02,2.515688927402337516e-02,2.527802058523703765e-02,2.535994531849161682e-02,2.540311125763072830e-02,2.540798698858465210e-02,2.537506453828070052e-02,2.530486442375073919e-02,2.519794253832524644e-02,2.505489834517143910e-02,2.487638388664648037e-02,2.466311315164371187e-02,2.441587137373274485e-02,2.413552386212008960e-02,2.382302399711982988e-02,2.347942005375247554e-02,2.310586055277008555e-02,2.270359787895109838e-02,2.227398995274865179e-02,2.181849979337369128e-02,2.133869286877898563e-02,2.083623219041841335e-02,2.031287118299490713e-02,1.977044442295605720e-02,1.921085609372896741e-02,1.863606730827693791e-02,1.804808127627571812e-02,1.744892748582516084e-02,1.684064499114545921e-02
8.553030303030303427e-01,1.563665041310297044e-02,1.621655826291479308e-02,1.678987457509900638e-02,1.735478159407016774e-02,1.790945694613454986e-02,1.845208855086000188e-02,1.898088841533401849e-02,1.949410608983653814e-02,1.999004101063028838e-02,2.046705343567245539e-02,2.092357389432353276e-02,2.135811096422257638e-02,2.176925725984940607e-02,2.215569357036006881e-02,2.251619113721936571e-02,2.284961211433439443e-02,2.315490830362210151e-02,2.343111830588229250e-02,2.367736327020336651e-02,2.389284146420111998e-02,2.407682192248483677e-02,2.422863746262782225e-02,2.434767738711141050e-02,2.443338021749558164e-02,2.448522683494119834e-02,2.450273442989070460e-02,2.448545169492866158e-02,2.443295572874121246e-02,2.434485115598566951e-02,2.422077200693956156e-02,2.406038693926704219e-02,2.386340841867762297e-02,2.362960649848527828e-02,2.335882784113446631e-02,2.305102059441077600e-02,2.270626565494665572e-02,2.232481470038094606e-02,2.190713512647002315e-02,2.145396166058816112e-02,2.096635391588641539e-02,2.044575848561319686e-02,1.989407335420895206e-02,1.931371144703186715e-02,1.870765911526434122e-02,1.807952436646242944e-02,1.743356886496760794e-02,1.677471734831575967e-02,1.610853836998960009e-02,1.544119140355776354e-02,1.477933747059317904e-02,1.413001357547855052e-02,1.350047512038488051e-02,1.289801465854045759e-02,1.232976913046107681e-02,1.180253031030426003e-02,1.132257383160337194e-02,1.089552040909999575e-02,1.052623873671498789e-02,1.021879357819818757e-02,9.976435814905038058e-03,9.801624985837281701e-03,9.696070428624942172e-03,9.660775452760728133e-03,9.696070428624414816e-03,9.801624985836865367e-03,9.976435814905898480e-03,1.021879357819802103e-02,1.052623873671973409e-02,1.089552040909708142e-02,1.132257383160148456e-02,1.180253031030475963e-02,1.232976913046227030e-02,1.289801465853981921e-02,1.350047512038365927e-02,1.413001357547621906e-02,1.477933747059040348e-02,1.544119140355737496e-02,1.610853836998693556e-02,1.677471734831770256e-02,1.743356886496644220e-02,1.807952436646187433e-02,1.870765911526300895e-02,1.931371144703047937e-02,1.989407335421106149e-02,2.044575848561414055e-02,2.096635391588769215e-02,2.145396166058644027e-02,2.190713512647152195e-02,2.232481470038139015e-02,2.270626565494943128e-02,2.305102059441271889e-02,2.335882784113352262e-02,2.362960649848849792e-02,2.386340841867723439e-02,2.406038693926498828e-02,2.422077200693900645e-02,2.434485115598561400e-02,2.443295572873954713e-02,2.448545169492949425e-02,2.450273442988976091e-02,2.448522683493992158e-02,2.443338021749447142e-02,2.434767738710902352e-02,2.422863746262915452e-02,2.407682192248483677e-02,2.389284146420406207e-02,2.367736327020319997e-02,2.343111830587935041e-02,2.315490830362337826e-02,2.284961211433428341e-02,2.251619113721786691e-02,2.215569357036156761e-02,2.176925725984824034e-02,2.135811096422229882e-02,2.092357389432419890e-02,2.046705343567367663e-02,1.999004101062956673e-02,1.949410608983853654e-02,1.898088841533462912e-02,1.845208855086016841e-02,1.790945694613421679e-02,1.735478159407022325e-02,1.678987457510128234e-02,1.621655826291507063e-02,1.563665041310241532e-02
8.590909090909091272e-01,1.449837105881018884e-02,1.504840382803207532e-02,1.559389537895361499e-02,1.613323458875204341e-02,1.666479588964492331e-02,1.718695161860062104e-02,1.769808474274026100e-02,1.819660073702600300e-02,1.868093880060978096e-02,1.914958214506040646e-02,1.960106715970744151e-02,2.003399129403787837e-02,2.044701953326666377e-02,2.083888938294636839e-02,2.120841432040410091e-02,2.155448571361950894e-02,2.187607325074036879e-02,2.217222396449652910e-02,2.244205997458043056e-02,2.268477510739647096e-02,2.289963058576149901e-02,2.308595001185642648e-02,2.324311389509742254e-02,2.337055400337356703e-02,2.346774784222815935e-02,2.353421359265256418e-02,2.356950586549616533e-02,2.357321265903505880e-02,2.354495393679212345e-02,2.348438227434629377e-02,2.339118605530976502e-02,2.326509572532986514e-02,2.310589363424475629e-02,2.291342800423129544e-02,2.268763154664371617e-02,2.242854520088372050e-02,2.213634737007652564e-02,2.181138886360572959e-02,2.145423350705005783e-02,2.106570402761143157e-02,2.064693235385112180e-02,2.019941287733417745e-02,1.972505652134909360e-02,1.922624268218275922e-02,1.870586531636203587e-02,1.816736874381508215e-02,1.761476825862773321e-02,1.705265054813359660e-02,1.648614938256498519e-02,1.592089318276090903e-02,1.536292295218244508e-02,1.481858159219656690e-02,1.429437856280241226e-02,1.379683679711524169e-02,1.333233120431226437e-02,1.290692946452243195e-02,1.252624571569005418e-02,1.219531600120762893e-02,1.191850118687318161e-02,1.169941901840593212e-02,1.154090288819731303e-02,1.144498159120069247e-02,1.141287260326206976e-02,1.144498159119791691e-02,1.154090288819695220e-02,1.169941901840534926e-02,1.191850118687304283e-02,1.219531600120765669e-02,1.252624571568622391e-02,1.290692946452753898e-02,1.333233120430898921e-02,1.379683679711501965e-02,1.429437856279991426e-02,1.481858159219434645e-02,1.536292295218244508e-02,1.592089318275957677e-02,1.648614938256259821e-02,1.705265054813281944e-02,1.761476825862889894e-02,1.816736874381397193e-02,1.870586531636170280e-02,1.922624268218275922e-02,1.972505652134781684e-02,2.019941287733401092e-02,2.064693235385223202e-02,2.106570402761365202e-02,2.145423350704767085e-02,2.181138886360423079e-02,2.213634737007624809e-02,2.242854520088366499e-02,2.268763154664327208e-02,2.291342800423129544e-02,2.310589363424575549e-02,2.326509572533047576e-02,2.339118605530920991e-02,2.348438227434718195e-02,2.354495393679117976e-02,2.357321265903444818e-02,2.356950586549572124e-02,2.353421359265195356e-02,2.346774784222604993e-02,2.337055400337501032e-02,2.324311389509486903e-02,2.308595001185714812e-02,2.289963058576116595e-02,2.268477510739785874e-02,2.244205997458215140e-02,2.217222396449658461e-02,2.187607325074181208e-02,2.155448571361767707e-02,2.120841432040504460e-02,2.083888938294731208e-02,2.044701953326638622e-02,2.003399129403843348e-02,1.960106715970733049e-02,1.914958214506068401e-02,1.868093880061111323e-02,1.819660073702522585e-02,1.769808474274031651e-02,1.718695161860134268e-02,1.666479588964481229e-02,1.613323458875226546e-02,1.559389537895405908e-02,1.504840382803374066e-02,1.449837105880941168e-02
8.628787878787879118e-01,1.347290393446276546e-02,1.399415642756385303e-02,1.451249424449108094e-02,1.502649065221628444e-02,1.553469759556991292e-02,1.603565657967109814e-02,1.652790949996230108e-02,1.701000921539796984e-02,1.748052965722673990e-02,1.793807528665003481e-02,1.838128973086367024e-02,1.880886344813692546e-02,1.921954029848926826e-02,1.961212292641012489e-02,1.998547689486995793e-02,2.033853354436732097e-02,2.067029158600308669e-02,2.097981747260524443e-02,2.126624462596765630e-02,2.152877163071559297e-02,2.176665953605289028e-02,2.197922843524863223e-02,2.216585351982097718e-02,2.232596083087190486e-02,2.245902295481899680e-02,2.256455493518610966e-02,2.264211069696892009e-02,2.269128030562717058e-02,2.271168840940712697e-02,2.270299424111804631e-02,2.266489358261919440e-02,2.259712312067224671e-02,2.249946764307630964e-02,2.237177053466166132e-02,2.221394802751691655e-02,2.202600762983147886e-02,2.180807109247195896e-02,2.156040215862237153e-02,2.128343916538050218e-02,2.097783231200162080e-02,2.064448506542709838e-02,2.028459873212185016e-02,1.989971868883333439e-02,1.949178015201763481e-02,1.906315071561864860e-02,1.861666626515084966e-02,1.815565637582522429e-02,1.768395504001618601e-02,1.720589267211014572e-02,1.672626592152059999e-02,1.625028295953340196e-02,1.578348358488435021e-02,1.533163560068073750e-02,1.490061121330926719e-02,1.449624935262971981e-02,1.412421142462910728e-02,1.378983873568967455e-02,1.349801946466522296e-02,1.325307161769528896e-02,1.305864614672758162e-02,1.291765182000570444e-02,1.283220107742893967e-02,1.280357450835512001e-02,1.283220107742827354e-02,1.291765182000598200e-02,1.305864614672774815e-02,1.325307161769789799e-02,1.349801946466300251e-02,1.378983873569367136e-02,1.412421142462999546e-02,1.449624935263216230e-02,1.490061121330799043e-02,1.533163560067940523e-02,1.578348358488490533e-02,1.625028295953251378e-02,1.672626592151793545e-02,1.720589267210809181e-02,1.768395504001690766e-02,1.815565637582722269e-02,1.861666626515218192e-02,1.906315071561798247e-02,1.949178015201852299e-02,1.989971868883444461e-02,2.028459873212301590e-02,2.064448506542770900e-02,2.097783231200284204e-02,2.128343916538272262e-02,2.156040215862264908e-02,2.180807109246962749e-02,2.202600762983192295e-02,2.221394802751708308e-02,2.237177053466160581e-02,2.249946764307703129e-02,2.259712312067135853e-02,2.266489358261902787e-02,2.270299424112037778e-02,2.271168840940818168e-02,2.269128030562617138e-02,2.264211069697097400e-02,2.256455493518716438e-02,2.245902295481727595e-02,2.232596083087368122e-02,2.216585351982175434e-02,2.197922843524874326e-02,2.176665953605366743e-02,2.152877163071481581e-02,2.126624462596737875e-02,2.097981747260602159e-02,2.067029158600164340e-02,2.033853354436754302e-02,1.998547689487029100e-02,1.961212292641084654e-02,1.921954029848882417e-02,1.880886344813736955e-02,1.838128973086178286e-02,1.793807528664975726e-02,1.748052965722796115e-02,1.701000921539747024e-02,1.652790949996119085e-02,1.603565657967265246e-02,1.553469759556980190e-02,1.502649065221817182e-02,1.451249424449063685e-02,1.399415642756307587e-02,1.347290393446287649e-02
8.666666666666666963e-01,1.252110423488284052e-02,1.301384552643847226e-02,1.350495838259824222e-02,1.399318251335984753e-02,1.447723184727256474e-02,1.495580389388750930e-02,1.542758914495323541e-02,1.589128035291959007e-02,1.634558152558440725e-02,1.678921647945869067e-02,1.722093680311403974e-02,1.763952909555044357e-02,1.804382136298815498e-02,1.843268847950418898e-02,1.880505664209652927e-02,1.915990677810691656e-02,1.949627689154820320e-02,1.981326336410371702e-02,2.011002125571431653e-02,2.038576367810224221e-02,2.063976034201253640e-02,2.087133540526170394e-02,2.107986477363577027e-02,2.126477303071705460e-02,2.142553019606968645e-02,2.156164853396969061e-02,2.167267965806352059e-02,2.175821220070639495e-02,2.181787033982890422e-02,2.185131350086821911e-02,2.185823757578719828e-02,2.183837802452814891e-02,2.179151524391209627e-02,2.171748260203743008e-02,2.161617753737937742e-02,2.148757610520563022e-02,2.133175131065995211e-02,2.114889548835774402e-02,2.093934686066090123e-02,2.070362021885369108e-02,2.044244141195072917e-02,2.015678498832357279e-02,1.984791391415119399e-02,1.951741979865850851e-02,1.916726151308112414e-02,1.879979954169336276e-02,1.841782291462801258e-02,1.802456522921924709e-02,1.762370616959024749e-02,1.721935518280853783e-02,1.681601464185267236e-02,1.641852095156381974e-02,1.603196358895675466e-02,1.566158388122046441e-02,1.531265719186730712e-02,1.499036382942992018e-02,1.469965513165050197e-02,1.444512159550753738e-02,1.423086953864011184e-02,1.406041168129096297e-02,1.393657548436710858e-02,1.386143142653445404e-02,1.383624201182143132e-02,1.386143142653395444e-02,1.393657548436649796e-02,1.406041168129312791e-02,1.423086953864116655e-02,1.444512159550592756e-02,1.469965513165061299e-02,1.499036382942958712e-02,1.531265719186652996e-02,1.566158388122085299e-02,1.603196358895409013e-02,1.641852095156454139e-02,1.681601464185461525e-02,1.721935518280653943e-02,1.762370616959185732e-02,1.802456522921874749e-02,1.841782291462934484e-02,1.879979954169086476e-02,1.916726151308167925e-02,1.951741979865778687e-02,1.984791391414991724e-02,2.015678498832362830e-02,2.044244141195011855e-02,2.070362021885252535e-02,2.093934686066101225e-02,2.114889548835802158e-02,2.133175131065784269e-02,2.148757610520490857e-02,2.161617753738137582e-02,2.171748260203715253e-02,2.179151524391170769e-02,2.183837802452698318e-02,2.185823757578764237e-02,2.185131350086827462e-02,2.181787033982962587e-02,2.175821220070522921e-02,2.167267965806518593e-02,2.156164853397035674e-02,2.142553019607029707e-02,2.126477303071738767e-02,2.107986477363488209e-02,2.087133540526320274e-02,2.063976034201259191e-02,2.038576367810213119e-02,2.011002125571598187e-02,1.981326336410382805e-02,1.949627689154825871e-02,1.915990677810602838e-02,1.880505664209569661e-02,1.843268847950502165e-02,1.804382136298959827e-02,1.763952909554966642e-02,1.722093680311292951e-02,1.678921647946035600e-02,1.634558152558596156e-02,1.589128035291997865e-02,1.542758914495234723e-02,1.495580389388639908e-02,1.447723184727273127e-02,1.399318251336034713e-02,1.350495838259729853e-02,1.301384552643702897e-02,1.252110423488189683e-02
8.704545454545454808e-01,1.162501880644806196e-02,1.208930247725953366e-02,1.255296108176057190e-02,1.301488435254427589e-02,1.347393369806626495e-02,1.392895020823364804e-02,1.437876276128197128e-02,1.482219610553753286e-02,1.525807878476814761e-02,1.568525077559784764e-02,1.610257070963755366e-02,1.650892256155062077e-02,1.690322169678831754e-02,1.728442018874304376e-02,1.765151133397935279e-02,1.800353331552667635e-02,1.833957198706531733e-02,1.865876277481970380e-02,1.896029171841329131e-02,1.924339569631161595e-02,1.950736190556523475e-02,1.975152668890428620e-02,1.997527382506036897e-02,2.017803242018006982e-02,2.035927455982161627e-02,2.051851290231881952e-02,2.065529841569885283e-02,2.076921848206303434e-02,2.085989561546136573e-02,2.092698706200257774e-02,2.097018557354202173e-02,2.098922166818850688e-02,2.098386771025928521e-02,2.095394415690715606e-02,2.089932832449264977e-02,2.081996602043839628e-02,2.071588635854998417e-02,2.058722002025425990e-02,2.043422113085824332e-02,2.025729277859755761e-02,2.005701600477211022e-02,1.983418182668933438e-02,1.958982551767546321e-02,1.932526196258088635e-02,1.904212044736064424e-02,1.874237675656514890e-02,1.842837998929475196e-02,1.810287112798270037e-02,1.776899018476585379e-02,1.743026879390269235e-02,1.709060549314261879e-02,1.675422169146484341e-02,1.642559745431693141e-02,1.610938768252828668e-02,1.581032087634182126e-02,1.553308426051458468e-02,1.528220037191196923e-02,1.506190107190263916e-02,1.487600521188042757e-02,1.472780583682331557e-02,1.461997196831882340e-02,1.455446887072892048e-02,1.453249951070317847e-02,1.455446887072653350e-02,1.461997196831976709e-02,1.472780583682514743e-02,1.487600521188003899e-02,1.506190107189947502e-02,1.528220037191185821e-02,1.553308426051447366e-02,1.581032087634187677e-02,1.610938768252745401e-02,1.642559745431498852e-02,1.675422169146373319e-02,1.709060549314428412e-02,1.743026879390308093e-02,1.776899018476674197e-02,1.810287112798342202e-02,1.842837998929475196e-02,1.874237675656448276e-02,1.904212044736236509e-02,1.932526196257983164e-02,1.958982551767551872e-02,1.983418182668772456e-02,2.005701600477205471e-02,2.025729277859789068e-02,2.043422113085674452e-02,2.058722002025459297e-02,2.071588635854842986e-02,2.081996602043856281e-02,2.089932832449370448e-02,2.095394415690760015e-02,2.098386771025834152e-02,2.098922166818645296e-02,2.097018557354235480e-02,2.092698706200324388e-02,2.085989561546025550e-02,2.076921848206303434e-02,2.065529841569790914e-02,2.051851290231782032e-02,2.035927455982189382e-02,2.017803242017945919e-02,1.997527382505875915e-02,1.975152668890450824e-02,1.950736190556517924e-02,1.924339569631083879e-02,1.896029171841195904e-02,1.865876277481964829e-02,1.833957198706559488e-02,1.800353331552745351e-02,1.765151133397802052e-02,1.728442018874176700e-02,1.690322169679003839e-02,1.650892256154989912e-02,1.610257070963805326e-02,1.568525077559840275e-02,1.525807878476792556e-02,1.482219610553692224e-02,1.437876276128258191e-02,1.392895020823331498e-02,1.347393369806570984e-02,1.301488435254261056e-02,1.255296108176040537e-02,1.208930247725836793e-02,1.162501880644745134e-02
8.742424242424242653e-01,1.077323351366571424e-02,1.120905839970903761e-02,1.164502687597024355e-02,1.208016389284627401e-02,1.251346494496491379e-02,1.294390289669333782e-02,1.337043494326389803e-02,1.379200960794951802e-02,1.420757366944103151e-02,1.461607891103283707e-02,1.501648858428572542e-02,1.540778348475024817e-02,1.578896754552128190e-02,1.615907286566864443e-02,1.651716410469955543e-02,1.686234219042970217e-02,1.719374730571221477e-02,1.751056113881799270e-02,1.781200840238972294e-02,1.809735764647152356e-02,1.836592141174342441e-02,1.861705578960876073e-02,1.885015947597667996e-02,1.906467242547188468e-02,1.926007423252534823e-02,1.943588238536481105e-02,1.959165055861067373e-02,1.972696713036103944e-02,1.984145412996102253e-02,1.993476684383915787e-02,2.000659432777396329e-02,2.005666109480430670e-02,2.008473026712920273e-02,2.009060849596744358e-02,2.007415296274817074e-02,2.003528077419136633e-02,1.997398104763070670e-02,1.989032994468969973e-02,1.978450884324839398e-02,1.965682573074822859e-02,1.950773974637692865e-02,1.933788858806317901e-02,1.914811822545031683e-02,1.893951402258481354e-02,1.871343198063779578e-02,1.847152838130594610e-02,1.821578567922149672e-02,1.794853210664831833e-02,1.767245218117019512e-02,1.739058522175063182e-02,1.710630915487548753e-02,1.682330738952447780e-02,1.654551738268561500e-02,1.627706068062562128e-02,1.602215561918457487e-02,1.578501535394943867e-02,1.556973528415506181e-02,1.538017504243999189e-02,1.521984089206973589e-02,1.509177452449328438e-02,1.499845389592430189e-02,1.494171098096319650e-02,1.492267030346189349e-02,1.494171098096491734e-02,1.499845389592358025e-02,1.509177452449350643e-02,1.521984089206912527e-02,1.538017504244032496e-02,1.556973528415528385e-02,1.578501535395110400e-02,1.602215561918646225e-02,1.627706068062456657e-02,1.654551738268461580e-02,1.682330738952669824e-02,1.710630915487459935e-02,1.739058522175124244e-02,1.767245218116936245e-02,1.794853210664765220e-02,1.821578567922033098e-02,1.847152838130527996e-02,1.871343198063690760e-02,1.893951402258525762e-02,1.914811822544848496e-02,1.933788858806240185e-02,1.950773974637565189e-02,1.965682573074828410e-02,1.978450884325089199e-02,1.989032994468725724e-02,1.997398104763076221e-02,2.003528077419047815e-02,2.007415296274656091e-02,2.009060849596955300e-02,2.008473026713064602e-02,2.005666109480369608e-02,2.000659432777518454e-02,1.993476684384071218e-02,1.984145412996085600e-02,1.972696713036120597e-02,1.959165055861189497e-02,1.943588238536558821e-02,1.926007423252867889e-02,1.906467242547110752e-02,1.885015947597651342e-02,1.861705578960909380e-02,1.836592141174253623e-02,1.809735764647080192e-02,1.781200840239016703e-02,1.751056113881616083e-02,1.719374730571143761e-02,1.686234219042986870e-02,1.651716410469994401e-02,1.615907286566653500e-02,1.578896754552155945e-02,1.540778348475047022e-02,1.501648858428350497e-02,1.461607891103366974e-02,1.420757366944186417e-02,1.379200960794807473e-02,1.337043494326461968e-02,1.294390289669317129e-02,1.251346494496441419e-02,1.208016389284644054e-02,1.164502687596974395e-02,1.120905839970975926e-02,1.077323351366515913e-02
8.780303030303030498e-01,9.973926545070649352e-03,1.038198263422873691e-02,1.079075780524119121e-02,1.119939716834728038e-02,1.160701623337989652e-02,1.201270673052917681e-02,1.241554257972604658e-02,1.281458593116779898e-02,1.320889319248835791e-02,1.359752095409727524e-02,1.397953172340193895e-02,1.435399938080167415e-02,1.472001427541669294e-02,1.507668788633392820e-02,1.542315698533924806e-02,1.575858724942463818e-02,1.608217628540087318e-02,1.639315604437002749e-02,1.669079462024053440e-02,1.697439744353562707e-02,1.724330789926487029e-02,1.749690741527171189e-02,1.773461508513884954e-02,1.795588690746285909e-02,1.816021474098489241e-02,1.834712509280650439e-02,1.851617787502085610e-02,1.866696528349165440e-02,1.879911097141928611e-02,1.891226970987003320e-02,1.900612774723875464e-02,1.908040409939265603e-02,1.913485302110917718e-02,1.916926792578560468e-02,1.918348703231054220e-02,1.917740102220261145e-02,1.915096298230506422e-02,1.910420088333558697e-02,1.903723279529545565e-02,1.895028495976058824e-02,1.884371271752272037e-02,1.871802411999690108e-02,1.857390582725348960e-02,1.841225061175827404e-02,1.823418544746996384e-02,1.804109878160942149e-02,1.783466518523968425e-02,1.761686519774224857e-02,1.738999787265582686e-02,1.715668336360154367e-02,1.691985292918818384e-02,1.668272404840182022e-02,1.644875896462716369e-02,1.622160592051130612e-02,1.600502355973143498e-02,1.580279035252674102e-02,1.561860230050726717e-02,1.545596341894833747e-02,1.531807441784732715e-02,1.520772548499849108e-02,1.512719906365334044e-02,1.507818803621180370e-02,1.506173385720965818e-02,1.507818803621119308e-02,1.512719906365544986e-02,1.520772548499838006e-02,1.531807441784749368e-02,1.545596341894867054e-02,1.561860230050649001e-02,1.580279035252762920e-02,1.600502355973099089e-02,1.622160592051108408e-02,1.644875896462627551e-02,1.668272404840270839e-02,1.691985292918923856e-02,1.715668336360082202e-02,1.738999787265477215e-02,1.761686519774269266e-02,1.783466518524107203e-02,1.804109878160736757e-02,1.823418544747013037e-02,1.841225061175899569e-02,1.857390582725393369e-02,1.871802411999679006e-02,1.884371271752188770e-02,1.895028495975853433e-02,1.903723279529528911e-02,1.910420088333680821e-02,1.915096298230589689e-02,1.917740102220127918e-02,1.918348703230982055e-02,1.916926792578310668e-02,1.913485302110956576e-02,1.908040409939154580e-02,1.900612774723764442e-02,1.891226970987019973e-02,1.879911097141989673e-02,1.866696528349104378e-02,1.851617787502224388e-02,1.834712509280589376e-02,1.816021474098539201e-02,1.795588690746363625e-02,1.773461508513890506e-02,1.749690741527154536e-02,1.724330789926531438e-02,1.697439744353423929e-02,1.669079462024047888e-02,1.639315604437052709e-02,1.608217628539998501e-02,1.575858724942363898e-02,1.542315698533802681e-02,1.507668788633309553e-02,1.472001427541791418e-02,1.435399938080295090e-02,1.397953172340171690e-02,1.359752095409710870e-02,1.320889319248846894e-02,1.281458593116768796e-02,1.241554257972571351e-02,1.201270673053028704e-02,1.160701623338000754e-02,1.119939716834672527e-02,1.079075780523991446e-02,1.038198263422995815e-02,9.973926545069594640e-03
8.818181818181818343e-01,9.253984222945821347e-03,9.636382330762222059e-03,1.001992386415173630e-02,1.040385789407666239e-02,1.078740432665709070e-02,1.116975889013688272e-02,1.155009827011904688e-02,1.192758533335813720e-02,1.230137437318234994e-02,1.267061630480581513e-02,1.303446373670275049e-02,1.339207584455570643e-02,1.374262297715572734e-02,1.408529092879778899e-02,1.441928482000448541e-02,1.474383253762079349e-02,1.505818769619243769e-02,1.536163209469437740e-02,1.565347765605151764e-02,1.593306785087705846e-02,1.619977862166738225e-02,1.645301883867000825e-02,1.669223033404931833e-02,1.691688757649356667e-02,1.712649706420027451e-02,1.732059653018330758e-02,1.749875407022005724e-02,1.766056732067877721e-02,1.780566283093132363e-02,1.793369579312886763e-02,1.804435031090739772e-02,1.813734040728848251e-02,1.821241199076406581e-02,1.826934601533958258e-02,1.830796308415760798e-02,1.832812975433062430e-02,1.832976679935410802e-02,1.831285967053786212e-02,1.827747136428958807e-02,1.822375784107554963e-02,1.815198604659390424e-02,1.806255444826482259e-02,1.795601581302830319e-02,1.783310171145169321e-02,1.769474793728875728e-02,1.754211968900976082e-02,1.737663498688851726e-02,1.719998442710046760e-02,1.701414504644527259e-02,1.682138584595405106e-02,1.662426246395992679e-02,1.642559866509030186e-02,1.622845277321582902e-02,1.603606794723350104e-02,1.585180625958421130e-02,1.567906781758510171e-02,1.552119754591929635e-02,1.538138356707097198e-02,1.526255220699129778e-02,1.516726536767520894e-02,1.509762624798349773e-02,1.505519912594627252e-02,1.504094817205070544e-02,1.505519912594549536e-02,1.509762624798099973e-02,1.516726536767637468e-02,1.526255220699390680e-02,1.538138356706941767e-02,1.552119754591901879e-02,1.567906781758621193e-02,1.585180625958249045e-02,1.603606794723294593e-02,1.622845277321549595e-02,1.642559866509096800e-02,1.662426246395914964e-02,1.682138584595371800e-02,1.701414504644482850e-02,1.719998442710046760e-02,1.737663498688846175e-02,1.754211968900776242e-02,1.769474793729008955e-02,1.783310171144925071e-02,1.795601581302863625e-02,1.806255444826226908e-02,1.815198604659307158e-02,1.822375784107305163e-02,1.827747136429103136e-02,1.831285967053897235e-02,1.832976679935327535e-02,1.832812975433029123e-02,1.830796308415816309e-02,1.826934601533980462e-02,1.821241199076417683e-02,1.813734040728715025e-02,1.804435031090928510e-02,1.793369579312947826e-02,1.780566283092960278e-02,1.766056732067899926e-02,1.749875407022027929e-02,1.732059653018341860e-02,1.712649706420094065e-02,1.691688757649228991e-02,1.669223033405015100e-02,1.645301883866978621e-02,1.619977862166666061e-02,1.593306785087644784e-02,1.565347765605162866e-02,1.536163209469570967e-02,1.505818769619193809e-02,1.474383253762018287e-02,1.441928482000476297e-02,1.408529092879928779e-02,1.374262297715533876e-02,1.339207584455581745e-02,1.303446373670325009e-02,1.267061630480609269e-02,1.230137437318346016e-02,1.192758533335969151e-02,1.155009827011793666e-02,1.116975889013693823e-02,1.078740432665570292e-02,1.040385789407671790e-02,1.001992386415134773e-02,9.636382330762194304e-03,9.253984222946737281e-03
8.856060606060607299e-01,8.609324645140831178e-03,8.968272175226110754e-03,9.328670668714983405e-03,9.689858806741780128e-03,1.005114689001013195e-02,1.041182113787264552e-02,1.077114812696544632e-02,1.112837932417137798e-02,1.148275566123568847e-02,1.183351209327837550e-02,1.217988208042725118e-02,1.252110193096878099e-02,1.285641494561778897e-02,1.318507530577711639e-02,1.350635165374691748e-02,1.381953031961863365e-02,1.412391815793379024e-02,1.441884496678513816e-02,1.470366547270612889e-02,1.497776087631069730e-02,1.524053996585061910e-02,1.549143981872913578e-02,1.572992612413010027e-02,1.595549317361721897e-02,1.616766358042615037e-02,1.636598780257086938e-02,1.655004355966460672e-02,1.671943524884206278e-02,1.687379348120776612e-02,1.701277487715219250e-02,1.713606227643543756e-02,1.724336553704958197e-02,1.733442311498167854e-02,1.740900463440803181e-02,1.746691467299144040e-02,1.750799799803198775e-02,1.753214649316020557e-02,1.753930800830860726e-02,1.752949734276598726e-02,1.750280952606647622e-02,1.745943548723632999e-02,1.739968009144682304e-02,1.732398236731791386e-02,1.723293754157234625e-02,1.712732023800966896e-02,1.700810788810125374e-02,1.687650305269305928e-02,1.673395299195007402e-02,1.658216448051319514e-02,1.642311159778164775e-02,1.625903409111584264e-02,1.609242397870647157e-02,1.592599838892533315e-02,1.576265726294606706e-02,1.560542548027643583e-02,1.545738015732522896e-02,1.532156521912247937e-02,1.520089671051988445e-02,1.509806352558229481e-02,1.501542912508874172e-02,1.495494024768462271e-02,1.491804852276479298e-02,1.490565025445544922e-02,1.491804852276262805e-02,1.495494024768423413e-02,1.501542912508929684e-02,1.509806352558223930e-02,1.520089671052088365e-02,1.532156521912292346e-02,1.545738015732428527e-02,1.560542548027704646e-02,1.576265726294273639e-02,1.592599838892400088e-02,1.609242397870552788e-02,1.625903409111612019e-02,1.642311159778198082e-02,1.658216448051308411e-02,1.673395299195201691e-02,1.687650305269206008e-02,1.700810788809997698e-02,1.712732023800989101e-02,1.723293754157134705e-02,1.732398236731774732e-02,1.739968009144710059e-02,1.745943548723744021e-02,1.750280952606508844e-02,1.752949734276282312e-02,1.753930800830988401e-02,1.753214649315792961e-02,1.750799799802998935e-02,1.746691467299127387e-02,1.740900463440742119e-02,1.733442311497940258e-02,1.724336553704952646e-02,1.713606227643488245e-02,1.701277487714991654e-02,1.687379348120654488e-02,1.671943524884200727e-02,1.655004355966571694e-02,1.636598780257009222e-02,1.616766358042670548e-02,1.595549317361905084e-02,1.572992612412910107e-02,1.549143981872902476e-02,1.524053996584923132e-02,1.497776087630969810e-02,1.470366547270557378e-02,1.441884496678363936e-02,1.412391815793373473e-02,1.381953031961891121e-02,1.350635165374630686e-02,1.318507530577606168e-02,1.285641494561695630e-02,1.252110193096872548e-02,1.217988208042830589e-02,1.183351209327698772e-02,1.148275566123641012e-02,1.112837932417232167e-02,1.077114812696544632e-02,1.041182113787297858e-02,1.005114689001179729e-02,9.689858806741058483e-03,9.328670668715066672e-03,8.968272175225694420e-03,8.609324645141025467e-03
8.893939393939394034e-01,8.004077291772798697e-03,8.340463541511466961e-03,8.678509733672262749e-03,9.017633797748947355e-03,9.357226374704430416e-03,9.696654537953375286e-03,1.003526563970236207e-02,1.037239124914146604e-02,1.070735114169363289e-02,1.103945729324473657e-02,1.136801782973284602e-02,1.169234088087672818e-02,1.201173828682022826e-02,1.232552910838990989e-02,1.263304289500821742e-02,1.293362266927911008e-02,1.322662759352760675e-02,1.351143529110504504e-02,1.378744380375390710e-02,1.405407317578799553e-02,1.431076666600977765e-02,1.455699159898482531e-02,1.479223987867933632e-02,1.501602819914665821e-02,1.522789799925206022e-02,1.542741522110280261e-02,1.561416994519021495e-02,1.578777598924940850e-02,1.594787057256435991e-02,1.609411416312278575e-02,1.622619064151387125e-02,1.634380793274164967e-02,1.644669927479547322e-02,1.653462531047072970e-02,1.660737720505406356e-02,1.666478100610041535e-02,1.670670346954916674e-02,1.673305957612247763e-02,1.674382194861295803e-02,1.673903234893742153e-02,1.671881537693020725e-02,1.668339440360544490e-02,1.663310964179243179e-02,1.656843808016561503e-02,1.649001477795664083e-02,1.639865473693746800e-02,1.629537424229660081e-02,1.618141021228797216e-02,1.605823574842335510e-02,1.592756977882703318e-02,1.579137849471390354e-02,1.565186626020043104e-02,1.551145389468155944e-02,1.537274273572764027e-02,1.523846371058690252e-02,1.511141175264679726e-02,1.499436721781710613e-02,1.489000735507933770e-02,1.480081219528783798e-02,1.472897026014735600e-02,1.467629009449061828e-02,1.464412367480938393e-02,1.463330720140898489e-02,1.464412367481093824e-02,1.467629009449000765e-02,1.472897026014752253e-02,1.480081219528739389e-02,1.489000735507839401e-02,1.499436721781560733e-02,1.511141175264646419e-02,1.523846371058523719e-02,1.537274273572469818e-02,1.551145389468244762e-02,1.565186626019926530e-02,1.579137849471451416e-02,1.592756977882792135e-02,1.605823574842235590e-02,1.618141021228974852e-02,1.629537424229771103e-02,1.639865473693696840e-02,1.649001477795919435e-02,1.656843808016578157e-02,1.663310964179132156e-02,1.668339440360738779e-02,1.671881537693087338e-02,1.673903234893753256e-02,1.674382194861440132e-02,1.673305957612036821e-02,1.670670346954916674e-02,1.666478100610019331e-02,1.660737720505239823e-02,1.653462531046950845e-02,1.644669927479425198e-02,1.634380793273898513e-02,1.622619064151348267e-02,1.609411416312128695e-02,1.594787057256463747e-02,1.578777598925185099e-02,1.561416994519004842e-02,1.542741522110147034e-02,1.522789799925239329e-02,1.501602819914626963e-02,1.479223987867933632e-02,1.455699159898526940e-02,1.431076666600861191e-02,1.405407317578744042e-02,1.378744380375285239e-02,1.351143529110498953e-02,1.322662759352721817e-02,1.293362266927844395e-02,1.263304289500860600e-02,1.232552910838996540e-02,1.201173828682050582e-02,1.169234088087706125e-02,1.136801782973323460e-02,1.103945729324373737e-02,1.070735114169318880e-02,1.037239124914079991e-02,1.003526563970186247e-02,9.696654537953819375e-03,9.357226374705096550e-03,9.017633797748392244e-03,8.678509733671013748e-03,8.340463541511383694e-03,8.004077291772326852e-03
8.931818181818182989e-01,7.428917276200736053e-03,7.743388365849979138e-03,8.059648492676180220e-03,8.377186107601741760e-03,8.695463675345571630e-03,9.013920907347983125e-03,9.331978102690596799e-03,9.649039573090656408e-03,9.964497121027204862e-03,1.027773353472627438e-02,1.058812605986708677e-02,1.089504980577071791e-02,1.119788104303920395e-02,1.149600035044068269e-02,1.178879557096451647e-02,1.207566454048281113e-02,1.235601755711535077e-02,1.262927956516923800e-02,1.289489203432242492e-02,1.315231452227955122e-02,1.340102591747055483e-02,1.364052536739496224e-02,1.387033290771672034e-02,1.408998981733922129e-02,1.429905873534975669e-02,1.449712358686089386e-02,1.468378937669112538e-02,1.485868192238981589e-02,1.502144761157264696e-02,1.517175328293418612e-02,1.530928634573647251e-02,1.543375526897344807e-02,1.554489058865737849e-02,1.564244659910135615e-02,1.572620391132634188e-02,1.579597307690916441e-02,1.585159948730752166e-02,1.589296976381404658e-02,1.592001984813806725e-02,1.593274498312174936e-02,1.593121173144917968e-02,1.591557210970323544e-02,1.588607980834955136e-02,1.584310831728108493e-02,1.578717057522210920e-02,1.571893950688374453e-02,1.563926850781627298e-02,1.554921059567282438e-02,1.545003459342236818e-02,1.534323638379436749e-02,1.523054302932497217e-02,1.511390745482371623e-02,1.499549150874940340e-02,1.487763561954874580e-02,1.476281398025502956e-02,1.465357522651045130e-02,1.455246986187103131e-02,1.446196711201674923e-02,1.438436528847564233e-02,1.432170091528089939e-02,1.427566262724228041e-02,1.424751603553309209e-02,1.423804529749994607e-02,1.424751603553331414e-02,1.427566262724394575e-02,1.432170091527956712e-02,1.438436528847597540e-02,1.446196711201641616e-02,1.455246986187080926e-02,1.465357522651045130e-02,1.476281398025486302e-02,1.487763561954980052e-02,1.499549150874801562e-02,1.511390745482410480e-02,1.523054302932519422e-02,1.534323638379442301e-02,1.545003459342275676e-02,1.554921059567138109e-02,1.563926850781782729e-02,1.571893950688457720e-02,1.578717057522127654e-02,1.584310831728114044e-02,1.588607980834866318e-02,1.591557210970423464e-02,1.593121173144951275e-02,1.593274498312202692e-02,1.592001984813806725e-02,1.589296976381604498e-02,1.585159948730691104e-02,1.579597307690966401e-02,1.572620391132784068e-02,1.564244659910202229e-02,1.554489058865715645e-02,1.543375526897400318e-02,1.530928634573464064e-02,1.517175328293435266e-02,1.502144761157170327e-02,1.485868192238803953e-02,1.468378937669206907e-02,1.449712358686128244e-02,1.429905873534925709e-02,1.408998981733811107e-02,1.387033290771633176e-02,1.364052536739512878e-02,1.340102591746999972e-02,1.315231452227938469e-02,1.289489203432342412e-02,1.262927956516868289e-02,1.235601755711512872e-02,1.207566454048469851e-02,1.178879557096368380e-02,1.149600035044201496e-02,1.119788104304020315e-02,1.089504980577143956e-02,1.058812605986814148e-02,1.027773353472583029e-02,9.964497121028481619e-03,9.649039573090101296e-03,9.331978102691596000e-03,9.013920907348149658e-03,8.695463675345849186e-03,8.377186107601575227e-03,8.059648492676402265e-03,7.743388365849840360e-03,7.428917276201013609e-03
8.969696969696969724e-01,6.886984087604963722e-03,7.180434359925630394e-03,7.475740057283186690e-03,7.772452046893391087e-03,8.070096619612054933e-03,8.368178313211793728e-03,8.666182824815793495e-03,8.963579996473347578e-03,9.259826851099994816e-03,9.554370650587395986e-03,9.846651944068918194e-03,1.013610757170141374e-02,1.042217358810498817e-02,1.070428806962880897e-02,1.098189377074737516e-02,1.125444059737473745e-02,1.152138786819834060e-02,1.178220633958698693e-02,1.203637997491818767e-02,1.228340744526151829e-02,1.252280335510652653e-02,1.275409919437220374e-02,1.297684402581350538e-02,1.319060492569446019e-02,1.339496720466465396e-02,1.358953444560268009e-02,1.377392840565155874e-02,1.394778884094588500e-02,1.411077332469168333e-02,1.426255714252078199e-02,1.440283336329928332e-02,1.453131319921180387e-02,1.464772678547132667e-02,1.475182452743889483e-02,1.484337918062417216e-02,1.492218884586649086e-02,1.498808107656623978e-02,1.504091830469306279e-02,1.508060479415757049e-02,1.510709531964316010e-02,1.512040574048362229e-02,1.512062558557381031e-02,1.510793267902399428e-02,1.508260970858743555e-02,1.504506246261438918e-02,1.499583923083835924e-02,1.493565057983509137e-02,1.486538838307621679e-02,1.478614262778199517e-02,1.469921417002101327e-02,1.460612131634186905e-02,1.450859793944753173e-02,1.440858086186952436e-02,1.430818453755122732e-02,1.420966168091342130e-02,1.411534945365644500e-02,1.402760208231207395e-02,1.394871224087118611e-02,1.388082502561460707e-02,1.382584966258443293e-02,1.378537500205012645e-02,1.376059518133326831e-02,1.375225146420516742e-02,1.376059518133287973e-02,1.378537500205034849e-02,1.382584966258298964e-02,1.388082502561510667e-02,1.394871224087146366e-02,1.402760208231146333e-02,1.411534945365738869e-02,1.420966168091342130e-02,1.430818453755089426e-02,1.440858086187057907e-02,1.450859793944619947e-02,1.460612131634231314e-02,1.469921417002018060e-02,1.478614262778177313e-02,1.486538838307727151e-02,1.493565057983514688e-02,1.499583923083841475e-02,1.504506246261383406e-02,1.508260970858671390e-02,1.510793267902510451e-02,1.512062558557603076e-02,1.512040574048234554e-02,1.510709531964199437e-02,1.508060479415657129e-02,1.504091830469272972e-02,1.498808107656635080e-02,1.492218884586576921e-02,1.484337918062467176e-02,1.475182452743850625e-02,1.464772678547154872e-02,1.453131319921119324e-02,1.440283336329989394e-02,1.426255714252044893e-02,1.411077332469184986e-02,1.394778884094410865e-02,1.377392840565017096e-02,1.358953444560245805e-02,1.339496720466498703e-02,1.319060492569390508e-02,1.297684402581422702e-02,1.275409919437425765e-02,1.252280335510730369e-02,1.228340744525902029e-02,1.203637997491846523e-02,1.178220633958559915e-02,1.152138786819828509e-02,1.125444059737468194e-02,1.098189377074759721e-02,1.070428806962880897e-02,1.042217358810498817e-02,1.013610757170080312e-02,9.846651944069417794e-03,9.554370650587395986e-03,9.259826851099772771e-03,8.963579996473181044e-03,8.666182824815127361e-03,8.368178313212071284e-03,8.070096619610916955e-03,7.772452046893113531e-03,7.475740057282742601e-03,7.180434359924603438e-03,6.886984087605713123e-03
9.007575757575758679e-01,6.388591617340316775e-03,6.662455055873955923e-03,6.938194699061900339e-03,7.215415903654043284e-03,7.493700861820967729e-03,7.772611085487990401e-03,8.051689960832775217e-03,8.330465363392547395e-03,8.608452317695303169e-03,8.885155679990097699e-03,9.160072818740205847e-03,9.432696264734308222e-03,9.702516301093588869e-03,9.969023462822634851e-03,1.023171091615943107e-02,1.049007668939638815e-02,1.074362572933595938e-02,1.099187176081894979e-02,1.123433893089736957e-02,1.147056322400974437e-02,1.170009364009033659e-02,1.192249313364135421e-02,1.213733931845151215e-02,1.234422495003334452e-02,1.254275820561168153e-02,1.273256279002693558e-02,1.291327790515117702e-02,1.308455813039743898e-02,1.324607327287641301e-02,1.339750825788449395e-02,1.353856314363910407e-02,1.366895335887469143e-02,1.378841027790184137e-02,1.389668226489759739e-02,1.399353633727978830e-02,1.407876061617030494e-02,1.415216774894556551e-02,1.421359950290312923e-02,1.426293273720868893e-02,1.430008695863466128e-02,1.432503365007992135e-02,1.433780752255364721e-02,1.433851977383726606e-02,1.432737333080047470e-02,1.430467989927469707e-02,1.427087843723612304e-02,1.422655440083614442e-02,1.417245879109196860e-02,1.410952566650980344e-02,1.403888641143841154e-02,1.396187870846826717e-02,1.388004791925062653e-02,1.379513851086555665e-02,1.370907335698789975e-02,1.362391926608386150e-02,1.354183798117775117e-02,1.346502314031366998e-02,1.339562519476278357e-02,1.333566788781509471e-02,1.328696137433393876e-02,1.325101815716694942e-02,1.322897850082749294e-02,1.322155170082323083e-02,1.322897850082693783e-02,1.325101815716728249e-02,1.328696137433427182e-02,1.333566788781631596e-02,1.339562519476256153e-02,1.346502314031383651e-02,1.354183798117758464e-02,1.362391926608452764e-02,1.370907335698734464e-02,1.379513851086616727e-02,1.388004791925062653e-02,1.396187870846882229e-02,1.403888641143657967e-02,1.410952566650958140e-02,1.417245879109380047e-02,1.422655440083647749e-02,1.427087843723562344e-02,1.430467989927303174e-02,1.432737333080097430e-02,1.433851977383687748e-02,1.433780752255386925e-02,1.432503365008080953e-02,1.430008695863649315e-02,1.426293273720752319e-02,1.421359950290473906e-02,1.415216774894506591e-02,1.407876061616880614e-02,1.399353633727923318e-02,1.389668226489704228e-02,1.378841027790173035e-02,1.366895335887408081e-02,1.353856314363816038e-02,1.339750825788416089e-02,1.324607327287674607e-02,1.308455813039682836e-02,1.291327790515184315e-02,1.273256279002632496e-02,1.254275820561157051e-02,1.234422495003406617e-02,1.213733931845017988e-02,1.192249313364046603e-02,1.170009364009161335e-02,1.147056322400924477e-02,1.123433893089731406e-02,1.099187176082022654e-02,1.074362572933446058e-02,1.049007668939622162e-02,1.023171091616048578e-02,9.969023462823412007e-03,9.702516301092978246e-03,9.432696264734086178e-03,9.160072818739761757e-03,8.885155679989653610e-03,8.608452317694859079e-03,8.330465363391714728e-03,8.051689960832220105e-03,7.772611085488267957e-03,7.493700861819163617e-03,7.215415903653876750e-03,6.938194699062871784e-03,6.662455055874039189e-03,6.388591617339595130e-03
9.045454545454545414e-01,5.963688021792534766e-03,6.220778438898094675e-03,6.479742119946479972e-03,6.740230090724663725e-03,7.001871464988512761e-03,7.264275661105323856e-03,7.527034670565035945e-03,7.789725374214628850e-03,8.051911895526731033e-03,8.313147975058110539e-03,8.572979346209819163e-03,8.830946089529501108e-03,9.086584940840802815e-03,9.339431527577157777e-03,9.589022507633271353e-03,9.834897585940638454e-03,1.007660138560434460e-02,1.031368515289565746e-02,1.054570827856909920e-02,1.077223962176554473e-02,1.099285862726179230e-02,1.120715623181300913e-02,1.141473556094546593e-02,1.161521242373941831e-02,1.180821561979056300e-02,1.199338708001546072e-02,1.217038187093816282e-02,1.233886810110623733e-02,1.249852677811030821e-02,1.264905167574559286e-02,1.279014928322219635e-02,1.292153892215558431e-02,1.304295313249292931e-02,1.315413844552548728e-02,1.325485668056985977e-02,1.334488692117674624e-02,1.342402834605183060e-02,1.349210410769136059e-02,1.354896646564712759e-02,1.359450338791728941e-02,1.362864682851161469e-02,1.365138286541445201e-02,1.366276383295950136e-02,1.366292249690104210e-02,1.365208818887186926e-02,1.363060462966259045e-02,1.359894892089186236e-02,1.355775087027460968e-02,1.350781144540030843e-02,1.345011874732748858e-02,1.338585950020204640e-02,1.331642372957264620e-02,1.324340013329566856e-02,1.316855972969149802e-02,1.309382578923745655e-02,1.302122888209755747e-02,1.295284711311206483e-02,1.289073319726019573e-02,1.283683178890804299e-02,1.279289217076279295e-02,1.276038273858071115e-02,1.274041439946077547e-02,1.273367982573003765e-02,1.274041439946177467e-02,1.276038273858159933e-02,1.279289217076107210e-02,1.283683178890876464e-02,1.289073319726069533e-02,1.295284711311306403e-02,1.302122888209622520e-02,1.309382578923834473e-02,1.316855972969144251e-02,1.324340013329433630e-02,1.331642372957297926e-02,1.338585950020221293e-02,1.345011874732643387e-02,1.350781144539864309e-02,1.355775087027305537e-02,1.359894892089280605e-02,1.363060462966281250e-02,1.365208818887164721e-02,1.366292249690154170e-02,1.366276383295939034e-02,1.365138286541572876e-02,1.362864682851144815e-02,1.359450338791673429e-02,1.354896646564646145e-02,1.349210410769102753e-02,1.342402834605121997e-02,1.334488692117624664e-02,1.325485668056852750e-02,1.315413844552371092e-02,1.304295313249259625e-02,1.292153892215563982e-02,1.279014928322153022e-02,1.264905167574592593e-02,1.249852677811102986e-02,1.233886810110612631e-02,1.217038187093821833e-02,1.199338708001479459e-02,1.180821561979061851e-02,1.161521242373841911e-02,1.141473556094646513e-02,1.120715623181156584e-02,1.099285862726240293e-02,1.077223962176587779e-02,1.054570827857015392e-02,1.031368515289521337e-02,1.007660138560390051e-02,9.834897585940360898e-03,9.589022507633937487e-03,9.339431527577213288e-03,9.086584940841246905e-03,8.830946089529834175e-03,8.572979346209097518e-03,8.313147975058721162e-03,8.051911895528118812e-03,7.789725374213518627e-03,7.527034670565257990e-03,7.264275661106572857e-03,7.001871464988512761e-03,6.740230090723470235e-03,6.479742119946368950e-03,6.220778438898483254e-03,5.963688021791313520e-03
9.083333333333334370e-01,5.563307016728330501e-03,5.804409846899200032e-03,6.047354869556736956e-03,6.291833742391950146e-03,6.537517446205814986e-03,6.784058277402388315e-03,7.031091874650008400e-03,7.278239280056386651e-03,7.525109028791721055e-03,7.771299255998509459e-03,8.016399805723162242e-03,8.259994323708497177e-03,8.501662313659508197e-03,8.740981135449688022e-03,8.977527923244188468e-03,9.210881401887305309e-03,9.440623580940221693e-03,9.666341307506376435e-03,9.887627661368914023e-03,1.010408317895361563e-02,1.031531689614134661e-02,1.052094720412333206e-02,1.072060251700540645e-02,1.091392175509653395e-02,1.110055465348330772e-02,1.128016191180075678e-02,1.145241520817552594e-02,1.161699710814229070e-02,1.177360090819645766e-02,1.192193046362610698e-02,1.206170006167156528e-02,1.219263441407658632e-02,1.231446885780562717e-02,1.242694986941450530e-02,1.252983601719603879e-02,1.262289949535250200e-02,1.270592840593215422e-02,1.277872997539780675e-02,1.284113491215760350e-02,1.289300312577817964e-02,1.293423103401525331e-02,1.296476067409091382e-02,1.298459080214620087e-02,1.299379009970658139e-02,1.299251249693600396e-02,1.298101445747484872e-02,1.295967383771040593e-02,1.292900962773613216e-02,1.288970150379326052e-02,1.284260768848177747e-02,1.278877916126192060e-02,1.272946784866368919e-02,1.266612613816420208e-02,1.260039501010212781e-02,1.253407838241654693e-02,1.246910200897782817e-02,1.240745650564512026e-02,1.235112575368796373e-02,1.230200389010838169e-02,1.226180606876520196e-02,1.223197981641199750e-02,1.221362475301623896e-02,1.220742841153016345e-02,1.221362475301540629e-02,1.223197981641144239e-02,1.226180606876492440e-02,1.230200389010760453e-02,1.235112575368868537e-02,1.240745650564489821e-02,1.246910200897816123e-02,1.253407838241632488e-02,1.260039501010207230e-02,1.266612613816509025e-02,1.272946784866207937e-02,1.278877916126242020e-02,1.284260768848266565e-02,1.288970150379242785e-02,1.292900962773535500e-02,1.295967383771107206e-02,1.298101445747373850e-02,1.299251249693522681e-02,1.299379009970696996e-02,1.298459080214686701e-02,1.296476067408980359e-02,1.293423103401486474e-02,1.289300312577845720e-02,1.284113491215638225e-02,1.277872997539647448e-02,1.270592840593154360e-02,1.262289949535100320e-02,1.252983601719531714e-02,1.242694986941461632e-02,1.231446885780562717e-02,1.219263441407736348e-02,1.206170006167062159e-02,1.192193046362460818e-02,1.177360090819701277e-02,1.161699710814206865e-02,1.145241520817424918e-02,1.128016191180342132e-02,1.110055465348280812e-02,1.091392175509747764e-02,1.072060251700346356e-02,1.052094720412394269e-02,1.031531689614312297e-02,1.010408317895405972e-02,9.887627661370634868e-03,9.666341307504933145e-03,9.440623580939833115e-03,9.210881401887027753e-03,8.977527923244799091e-03,8.740981135449021888e-03,8.501662313660451886e-03,8.259994323708441666e-03,8.016399805722662641e-03,7.771299255998065370e-03,7.525109028792886789e-03,7.278239280056275629e-03,7.031091874650313711e-03,6.784058277402776893e-03,6.537517446205814986e-03,6.291833742392921591e-03,6.047354869555404688e-03,5.804409846897923275e-03,5.563307016728580301e-03
9.121212121212121104e-01,5.186982572144005488e-03,5.412912126796426415e-03,5.640631902873727288e-03,5.869869711386782596e-03,6.100333882375547079e-03,6.331715070256982436e-03,6.563688076403284555e-03,6.795913693212418671e-03,7.028040567528703875e-03,7.259707076149590765e-03,7.490543202210209195e-03,7.720172398067937092e-03,7.948213418133953656e-03,8.174282103615482242e-03,8.397993100383305265e-03,8.618961491104248918e-03,8.836804323407887463e-03,9.051142016934798917e-03,9.261599633950012844e-03,9.467808000442778926e-03,9.669404667379088991e-03,9.866034705124315796e-03,1.005735132772234142e-02,1.024301634802682326e-02,1.042270046939036687e-02,1.059608342502504907e-02,1.076285398213888689e-02,1.092270983480653213e-02,1.107535741729198664e-02,1.122051167857740506e-02,1.135789586917468341e-02,1.148724140338858168e-02,1.160828787421114283e-02,1.172078331423254127e-02,1.182448481450543154e-02,1.191915963431677827e-02,1.200458695776784879e-02,1.208056047762551266e-02,1.214689201131247120e-02,1.220341637606531249e-02,1.224999776640817162e-02,1.228653788197908714e-02,1.231298603949371184e-02,1.232935145972119395e-02,1.233571783618414575e-02,1.233226015237559592e-02,1.231926350411860493e-02,1.229714339035370418e-02,1.226646655326585345e-02,1.222797098420708162e-02,1.218258319298010095e-02,1.213143032066194005e-02,1.207584425015406637e-02,1.201735465609599096e-02,1.195766807937115317e-02,1.189863074680302946e-02,1.184217407340076855e-02,1.179024357554053770e-02,1.174471414606703679e-02,1.170729700010836316e-02,1.167944567368528475e-02,1.166226977886475336e-02,1.165646539290243755e-02,1.166226977886447580e-02,1.167944567368428554e-02,1.170729700010647578e-02,1.174471414606609310e-02,1.179024357554259161e-02,1.184217407339993589e-02,1.189863074680297395e-02,1.195766807937093112e-02,1.201735465609665710e-02,1.207584425015417740e-02,1.213143032066260618e-02,1.218258319297771397e-02,1.222797098420697059e-02,1.226646655326557589e-02,1.229714339035398174e-02,1.231926350411688409e-02,1.233226015237615103e-02,1.233571783618486739e-02,1.232935145972091640e-02,1.231298603949287918e-02,1.228653788197830998e-02,1.224999776640572913e-02,1.220341637606425778e-02,1.214689201131297080e-02,1.208056047762484653e-02,1.200458695776795981e-02,1.191915963431799952e-02,1.182448481450637523e-02,1.172078331423037634e-02,1.160828787421025465e-02,1.148724140338774902e-02,1.135789586917401728e-02,1.122051167857701648e-02,1.107535741729337442e-02,1.092270983480664315e-02,1.076285398213810973e-02,1.059608342502332823e-02,1.042270046939025585e-02,1.024301634802887717e-02,1.005735132772239693e-02,9.866034705124149262e-03,9.669404667377146101e-03,9.467808000442390348e-03,9.261599633950456933e-03,9.051142016935076473e-03,8.836804323409441775e-03,8.618961491104359940e-03,8.397993100381750953e-03,8.174282103615537753e-03,7.948213418133509567e-03,7.720172398067159936e-03,7.490543202208765905e-03,7.259707076149868321e-03,7.028040567528315297e-03,6.795913693213556650e-03,6.563688076401952287e-03,6.331715070256205280e-03,6.100333882374936456e-03,5.869869711386588307e-03,5.640631902873310954e-03,5.412912126794650058e-03,5.186982572143949977e-03
9.159090909090910060e-01,4.832988221809358942e-03,5.044523252619059761e-03,5.257780984174620365e-03,5.472521454483764147e-03,5.688486368062684040e-03,5.905400745313593713e-03,6.122974573160300249e-03,6.340904464581714750e-03,6.558875328250557413e-03,6.776562044400080698e-03,6.993631139064648838e-03,7.209742445656863730e-03,7.424550740569801910e-03,7.637707337799171103e-03,7.848861626656322699e-03,8.057662536188614499e-03,8.263759910205670245e-03,8.466805777409325273e-03,8.666455502423398016e-03,8.862368805147347040e-03,9.054210637994553057e-03,9.241651913134307783e-03,9.424370074857524315e-03,9.602049515568589211e-03,9.774381837869994261e-03,9.941065969619189424e-03,1.010180814390770898e-02,1.025632176172613930e-02,1.040432716187478235e-02,1.054555133054657645e-02,1.067972759229318669e-02,1.080659533518552040e-02,1.092589983598957204e-02,1.103739226678579488e-02,1.114082998267940106e-02,1.123597721162428176e-02,1.132260629178383216e-02,1.140049962907557779e-02,1.146945257686621256e-02,1.152927746934145903e-02,1.157980906723199421e-02,1.162091169433770999e-02,1.165248834909748954e-02,1.167449205701798221e-02,1.168693967431672087e-02,1.168992824396647423e-02,1.168365382342390069e-02,1.166843242961690397e-02,1.164472236538688366e-02,1.161314669823493295e-02,1.157451407178139435e-02,1.152983539012036873e-02,1.148033331355197140e-02,1.142744107750587323e-02,1.137278707050715099e-02,1.131816207307412281e-02,1.126546722441817971e-02,1.121664270596306467e-02,1.117357969990145916e-02,1.113802107760619720e-02,1.111145898009380240e-02,1.109503934725908358e-02,1.108948396079162402e-02,1.109503934725769581e-02,1.111145898009369137e-02,1.113802107760675231e-02,1.117357969990112609e-02,1.121664270596250956e-02,1.126546722441790216e-02,1.131816207307539957e-02,1.137278707050753956e-02,1.142744107750576221e-02,1.148033331355235998e-02,1.152983539012147896e-02,1.157451407178228253e-02,1.161314669823415580e-02,1.164472236538738326e-02,1.166843242961679294e-02,1.168365382342401171e-02,1.168992824396558605e-02,1.168693967431699843e-02,1.167449205701726056e-02,1.165248834909743403e-02,1.162091169433737692e-02,1.157980906723243830e-02,1.152927746934073738e-02,1.146945257686554642e-02,1.140049962907524472e-02,1.132260629178394318e-02,1.123597721162511442e-02,1.114082998267906799e-02,1.103739226678590590e-02,1.092589983598968306e-02,1.080659533518407711e-02,1.067972759229435242e-02,1.054555133054640992e-02,1.040432716187617013e-02,1.025632176172475152e-02,1.010180814390743143e-02,9.941065969619522491e-03,9.774381837869050571e-03,9.602049515568644722e-03,9.424370074858412494e-03,9.241651913135640051e-03,9.054210637994664079e-03,8.862368805148179707e-03,8.666455502423731083e-03,8.466805777408104028e-03,8.263759910205448200e-03,8.057662536187004676e-03,7.848861626656433721e-03,7.637707337798560481e-03,7.424550740569524354e-03,7.209742445657085774e-03,6.993631139065092928e-03,6.776562044400247231e-03,6.558875328250002301e-03,6.340904464581603728e-03,6.122974573159717382e-03,5.905400745314592914e-03,5.688486368062156684e-03,5.472521454483153525e-03,5.257780984175480787e-03,5.044523252618809961e-03,4.832988221808498519e-03
9.196969696969696795e-01,4.498330176745612974e-03,4.696153018686616276e-03,4.895619847174847994e-03,5.096519589582626519e-03,5.298623938266661115e-03,5.501688869369913970e-03,5.705456147992560290e-03,5.909654830249799762e-03,6.114002766381992915e-03,6.318208103913536267e-03,6.521970785932973413e-03,6.724984036305114987e-03,6.926935821299051721e-03,7.127510275306558896e-03,7.326389077157324792e-03,7.523252762936361027e-03,7.717781961038505667e-03,7.909658535530161849e-03,8.098566624680392234e-03,8.284193562630659535e-03,8.466230673796093509e-03,8.644373931460280769e-03,8.818324474367700283e-03,8.987788977772415144e-03,9.152479878543229308e-03,9.312115457436154209e-03,9.466419785840674006e-03,9.615122549107402161e-03,9.757958764231244864e-03,9.894668416406737776e-03,1.002499604713824599e-02,1.014869033638937657e-02,1.026550373316287290e-02,1.037519220352473015e-02,1.047751518262607373e-02,1.057223583854299820e-02,1.065912178097416785e-02,1.073794637733455071e-02,1.080849087226437577e-02,1.087054754342275942e-02,1.092392416437881764e-02,1.096845008121261067e-02,1.100398423680137849e-02,1.103042548666921530e-02,1.104772552936372776e-02,1.105590470435019457e-02,1.105507076835543501e-02,1.104544052022010669e-02,1.102736377746621477e-02,1.100134869433277984e-02,1.096808674775318071e-02,1.092847493391130298e-02,1.088363189355645577e-02,1.083490396432224001e-02,1.078385675758830597e-02,1.073224804026540191e-02,1.068197872956611061e-02,1.063502084966533312e-02,1.059332432029819193e-02,1.055870812066195263e-02,1.053274505367451930e-02,1.051665215873670567e-02,1.051119991520654828e-02,1.051665215873648362e-02,1.053274505367357561e-02,1.055870812066173059e-02,1.059332432029752580e-02,1.063502084966444494e-02,1.068197872956438976e-02,1.073224804026517987e-02,1.078385675758480877e-02,1.083490396432246206e-02,1.088363189355567862e-02,1.092847493391152502e-02,1.096808674775240355e-02,1.100134869433361251e-02,1.102736377746599272e-02,1.104544052022049527e-02,1.105507076835543501e-02,1.105590470434980599e-02,1.104772552936289509e-02,1.103042548666982592e-02,1.100398423680087889e-02,1.096845008121277720e-02,1.092392416437776292e-02,1.087054754342392515e-02,1.080849087226476435e-02,1.073794637733344048e-02,1.065912178097472296e-02,1.057223583854161042e-02,1.047751518262635129e-02,1.037519220352461913e-02,1.026550373316204023e-02,1.014869033638832185e-02,1.002499604713874559e-02,9.894668416405461020e-03,9.757958764231078330e-03,9.615122549108012784e-03,9.466419785839952361e-03,9.312115457436376253e-03,9.152479878544783620e-03,8.987788977772470655e-03,8.818324474366479038e-03,8.644373931459448102e-03,8.466230673794816752e-03,8.284193562630715046e-03,8.098566624679559567e-03,7.909658535532659851e-03,7.717781961039116290e-03,7.523252762936749605e-03,7.326389077157602348e-03,7.127510275307058496e-03,6.926935821300383989e-03,6.724984036304504365e-03,6.521970785933195458e-03,6.318208103914091378e-03,6.114002766380965959e-03,5.909654830248800561e-03,5.705456147992088445e-03,5.501688869370247037e-03,5.298623938266772138e-03,5.096519589583653476e-03,4.895619847173904304e-03,4.696153018686394232e-03,4.498330176745640729e-03
9.234848484848485750e-01,4.177323546709882374e-03,4.361899615421327425e-03,4.548032404239066295e-03,4.735536991262861983e-03,4.924212281408435476e-03,5.113842414493002808e-03,5.304198145902133676e-03,5.495038212951580681e-03,5.686110693653545489e-03,5.877154359431618902e-03,6.067900019315064508e-03,6.258071849970570089e-03,6.447388703436029989e-03,6.635565382587971239e-03,6.822313873050378508e-03,7.007344519379288261e-03,7.190367133067032679e-03,7.371092019773151094e-03,7.549230913714954916e-03,7.724497807776176117e-03,7.896609669019671873e-03,8.065287030610768237e-03,8.230254452861074377e-03,8.391240848113379336e-03,8.547979666478688898e-03,8.700208942218734531e-03,8.847671203737694778e-03,8.990113253972920049e-03,9.127285832441378588e-03,9.258943175802336611e-03,9.384842500487988737e-03,9.504743439317786535e-03,9.618407474592360895e-03,9.725597423071441483e-03,9.826077044797876248e-03,9.919610867961170531e-03,1.000596434732431428e-02,1.008490450433563446e-02,1.015620123396193675e-02,1.021962950622945510e-02,1.027497273906519126e-02,1.032202767095902196e-02,1.036061111309266591e-02,1.039056900297202768e-02,1.041178820321947418e-02,1.042421147085548228e-02,1.042785593825434898e-02,1.042283526242893110e-02,1.040938527356782828e-02,1.038789244524029876e-02,1.035892378543940007e-02,1.032325580755905081e-02,1.028189913651933463e-02,1.023611417765207809e-02,1.018741237436721070e-02,1.013753726508104247e-02,1.008842024032607920e-02,1.004210796456378452e-02,1.000066200333765698e-02,9.966036010204459838e-03,9.939941079359082554e-03,9.923714303917641200e-03,9.918207790968858184e-03,9.923714303917530177e-03,9.939941079359249088e-03,9.966036010203460638e-03,1.000066200333837863e-02,1.004210796456445065e-02,1.008842024032730045e-02,1.013753726508059838e-02,1.018741237436759928e-02,1.023611417765052378e-02,1.028189913652022280e-02,1.032325580755777406e-02,1.035892378543967762e-02,1.038789244523913302e-02,1.040938527356916055e-02,1.042283526243009684e-02,1.042785593825451551e-02,1.042421147085620392e-02,1.041178820321903009e-02,1.039056900297119501e-02,1.036061111309177774e-02,1.032202767095857787e-02,1.027497273906374797e-02,1.021962950622989919e-02,1.015620123396326901e-02,1.008490450433618957e-02,1.000596434732314854e-02,9.919610867960171330e-03,9.826077044796766025e-03,9.725597423069554104e-03,9.618407474590917605e-03,9.504743439318286136e-03,9.384842500488765893e-03,9.258943175803446834e-03,9.127285832441711655e-03,8.990113253973419649e-03,8.847671203738249890e-03,8.700208942218679020e-03,8.547979666479799121e-03,8.391240848112879736e-03,8.230254452860741310e-03,8.065287030611323349e-03,7.896609669019671873e-03,7.724497807776786740e-03,7.549230913716120650e-03,7.371092019772873538e-03,7.190367133067532279e-03,7.007344519379288261e-03,6.822313873049323796e-03,6.635565382590302708e-03,6.447388703435696922e-03,6.258071849972401957e-03,6.067900019314564908e-03,5.877154359431369102e-03,5.686110693652823844e-03,5.495038212951330880e-03,5.304198145902855321e-03,5.113842414493918742e-03,4.924212281408324454e-03,4.735536991263028517e-03,4.548032404239399362e-03,4.361899615420383736e-03,4.177323546708994195e-03
9.272727272727273595e-01,3.873104579705299866e-03,4.045047239839616449e-03,4.218454347247685421e-03,4.393164523343817685e-03,4.569001230213809439e-03,4.745774086149873172e-03,4.923280141083591355e-03,5.101305127384436755e-03,5.279624694941836838e-03,5.458005634314255783e-03,5.636207087637679081e-03,5.813981743841734051e-03,5.991077012120038514e-03,6.167236165775358270e-03,6.342199447063767703e-03,6.515705122654036341e-03,6.687490478802016192e-03,6.857292744971876797e-03,7.024849934823163000e-03,7.189901593728509344e-03,7.352189442699441635e-03,7.511457909429253288e-03,7.667454538277940213e-03,7.819930272394526316e-03,7.968639602795979382e-03,8.113340581096528670e-03,8.253794694910498997e-03,8.389766607621695904e-03,8.521023767553592698e-03,8.647335895721863785e-03,8.768474366503242745e-03,8.884211502209027334e-03,8.994319811054196645e-03,9.098571209067041199e-03,9.196736280823625265e-03,9.288583652314885697e-03,9.373879573189969339e-03,9.452387835899356272e-03,9.523870197625405876e-03,9.588087518233756601e-03,9.644801884963416505e-03,9.693780062007051335e-03,9.734798678671108263e-03,9.767651649008446402e-03,9.792160388627069167e-03,9.808187444463878357e-03,9.815654153121300407e-03,9.814562853393327124e-03,9.805023943232737960e-03,9.787287623082729926e-03,9.761779432642558874e-03,9.729137608870286336e-03,9.690248861621841847e-03,9.646277474284814524e-03,9.598680947953297515e-03,9.549204183625148445e-03,9.499844096734710863e-03,9.452778311255571886e-03,9.410255720943672131e-03,9.374453203376209576e-03,9.347310700952904394e-03,9.330364353612841111e-03,9.324601933302811840e-03,9.330364353614117867e-03,9.347310700953903595e-03,9.374453203375487931e-03,9.410255720944615820e-03,9.452778311255405352e-03,9.499844096735321486e-03,9.549204183624926401e-03,9.598680947952575870e-03,9.646277474283759812e-03,9.690248861622008381e-03,9.729137608870175313e-03,9.761779432641615184e-03,9.787287623084006682e-03,9.805023943233792671e-03,9.814562853394270814e-03,9.815654153120967340e-03,9.808187444463378757e-03,9.792160388629289614e-03,9.767651649007447201e-03,9.734798678671441330e-03,9.693780062005941112e-03,9.644801884963083438e-03,9.588087518232091266e-03,9.523870197625683431e-03,9.452387835898301560e-03,9.373879573190302406e-03,9.288583652316606543e-03,9.196736280823625265e-03,9.098571209066153020e-03,8.994319811052697844e-03,8.884211502208361200e-03,8.768474366504130924e-03,8.647335895720420496e-03,8.521023767554203321e-03,8.389766607620752215e-03,8.253794694910832064e-03,8.113340581096029069e-03,7.968639602796201427e-03,7.819930272396413695e-03,7.667454538279327991e-03,7.511457909430419022e-03,7.352189442699108568e-03,7.189901593726955031e-03,7.024849934822496866e-03,6.857292744972154352e-03,6.687490478802071703e-03,6.515705122654258385e-03,6.342199447064045259e-03,6.167236165775302759e-03,5.991077012118650735e-03,5.813981743842566718e-03,5.636207087637901125e-03,5.458005634313728427e-03,5.279624694942475216e-03,5.101305127384797578e-03,4.923280141084396266e-03,4.745774086149817661e-03,4.569001230213864950e-03,4.393164523343262573e-03,4.218454347247213576e-03,4.045047239838506226e-03,3.873104579705632933e-03
9.310606060606061440e-01,3.593161683342144253e-03,3.753432648883336942e-03,3.915076069470002640e-03,4.077951462101159219e-03,4.241904120199924133e-03,4.406766355028735038e-03,4.572358685337812867e-03,4.738490992839211602e-03,4.904963654489891134e-03,5.071568657267683244e-03,5.238090697132019580e-03,5.404308260524293139e-03,5.569994684316403877e-03,5.734919188066456286e-03,5.898847870922485637e-03,6.061544664445472907e-03,6.222772231797679687e-03,6.382292803313482921e-03,6.539868938274795429e-03,6.695264202738138160e-03,6.848243753548310941e-03,6.998574819072345132e-03,7.146027067853333303e-03,7.290372857116311778e-03,7.431387354012441993e-03,7.568848523618276758e-03,7.702536979047269750e-03,7.832235690634126168e-03,7.957729553241255083e-03,8.078804813282436381e-03,8.195248360455709147e-03,8.306846893686326005e-03,8.413385976834553137e-03,8.514649007910823908e-03,8.610416136733411996e-03,8.700463181097128906e-03,8.784560612056235840e-03,8.862472706377633180e-03,8.933957000943626436e-03,8.998764232005573849e-03,9.056639004529187797e-03,9.107321516125643779e-03,9.150550757863362694e-03,9.186069730945878309e-03,9.213633349935024253e-03,9.233019839344547286e-03,9.244046549173934313e-03,9.246591176728102823e-03,9.240619323111931571e-03,9.226219037980210036e-03,9.203642388321997547e-03,9.173352978343207731e-03,9.136076614630284087e-03,9.092849909397904273e-03,9.045058704992670062e-03,8.994455294975667314e-03,8.943141478047589299e-03,8.893504892694414909e-03,8.848100297182137641e-03,8.809476305413177499e-03,8.779960850733958821e-03,8.761432465488605548e-03,8.755114663793195362e-03,8.761432465488661059e-03,8.779960850733792288e-03,8.809476305413510566e-03,8.848100297182082130e-03,8.893504892694414909e-03,8.943141478048810544e-03,8.994455294974890158e-03,9.045058704993502730e-03,9.092849909397293651e-03,9.136076614630339598e-03,9.173352978342541597e-03,9.203642388321553458e-03,9.226219037980154525e-03,9.240619323111098904e-03,9.246591176727325667e-03,9.244046549174267380e-03,9.233019839344491775e-03,9.213633349933858518e-03,9.186069730946266887e-03,9.150550757863806783e-03,9.107321516125976846e-03,9.056639004527800019e-03,8.998764232005462826e-03,8.933957000943903992e-03,8.862472706376856024e-03,8.784560612055791751e-03,8.700463181095907661e-03,8.610416136730192349e-03,8.514649007911212486e-03,8.413385976835219271e-03,8.306846893685104760e-03,8.195248360456541814e-03,8.078804813282269848e-03,7.957729553241477127e-03,7.832235690633737590e-03,7.702536979047547305e-03,7.568848523618221247e-03,7.431387354010776658e-03,7.290372857116700356e-03,7.146027067853388814e-03,6.998574819072955755e-03,6.848243753548199919e-03,6.695264202738804293e-03,6.539868938275794630e-03,6.382292803311817586e-03,6.222772231797457643e-03,6.061544664444529218e-03,5.898847870921319902e-03,5.734919188065457085e-03,5.569994684316625921e-03,5.404308260522350249e-03,5.238090697131381202e-03,5.071568657268404889e-03,4.904963654489530311e-03,4.738490992839211602e-03,4.572358685337285511e-03,4.406766355029650972e-03,4.241904120199507799e-03,4.077951462101492286e-03,3.915076069469947129e-03,3.753432648882698563e-03,3.593161683342338542e-03
9.348484848484849286e-01,3.347845843106656005e-03,3.497889245218460674e-03,3.649219717587859346e-03,3.801714953952262110e-03,3.955239239335356372e-03,4.109644637545512014e-03,4.264772115935094865e-03,4.420452627086901565e-03,4.576508160362896538e-03,4.732752770788134500e-03,4.888993588711171290e-03,5.045031810304190234e-03,5.200663666499294457e-03,5.355681365770803559e-03,5.509874004738124498e-03,5.663028439231332367e-03,5.814930107633176082e-03,5.965363797661771272e-03,6.114114347344767886e-03,6.260967270766304438e-03,6.405709299067530171e-03,6.548128827316090916e-03,6.688016258011741932e-03,6.825164232244995688e-03,6.959367739902855288e-03,7.090424100641423699e-03,7.218132807830734965e-03,7.342295228216111358e-03,7.462714150737514984e-03,7.579193178861742819e-03,7.691535962209672395e-03,7.799545265166019092e-03,7.903021873187865420e-03,8.001763341991041667e-03,8.095562601401928848e-03,8.184206435552898729e-03,8.267473875449404819e-03,8.345134560852396355e-03,8.416947158203236246e-03,8.482657963668760459e-03,8.541999879315476107e-03,8.594692031708761615e-03,8.640440412204131171e-03,8.678940063666928939e-03,8.709879525863606364e-03,8.732948483723690369e-03,8.747849833565579658e-03,8.754317669840139260e-03,8.752142945780805317e-03,8.741208674004297130e-03,8.721536333224644277e-03,8.693344370659550346e-03,8.657117982871109785e-03,8.613686339663528813e-03,8.564298839259909535e-03,8.510686049736038150e-03,8.455084790786770998e-03,8.400202707650128442e-03,8.349099252042579966e-03,8.304970886280960141e-03,8.270849997753348948e-03,8.249255840344804636e-03,8.241862041961811602e-03,8.249255840345470769e-03,8.270849997753682015e-03,8.304970886280738096e-03,8.349099252042135877e-03,8.400202707650294975e-03,8.455084790785494242e-03,8.510686049735149972e-03,8.564298839260464646e-03,8.613686339662529612e-03,8.657117982870832229e-03,8.693344370660105458e-03,8.721536333223922632e-03,8.741208674004297130e-03,8.752142945780694294e-03,8.754317669839195570e-03,8.747849833565579658e-03,8.732948483722746680e-03,8.709879525863051253e-03,8.678940063664875026e-03,8.640440412204852816e-03,8.594692031709205704e-03,8.541999879313977306e-03,8.482657963668760459e-03,8.416947158202792156e-03,8.345134560851841243e-03,8.267473875450348508e-03,8.184206435553509351e-03,8.095562601403094583e-03,8.001763341990431044e-03,7.903021873188698088e-03,7.799545265166185626e-03,7.691535962210893640e-03,7.579193178861409752e-03,7.462714150738625207e-03,7.342295228216333403e-03,7.218132807830068831e-03,7.090424100640091432e-03,6.959367739903576933e-03,6.825164232244995688e-03,6.688016258012519089e-03,6.548128827318144829e-03,6.405709299066919549e-03,6.260967270766915060e-03,6.114114347344656863e-03,5.965363797660605538e-03,5.814930107632509948e-03,5.663028439230388678e-03,5.509874004738346542e-03,5.355681365771247648e-03,5.200663666498572812e-03,5.045031810303912678e-03,4.888993588710338623e-03,4.732752770790299435e-03,4.576508160362535715e-03,4.420452627086568498e-03,4.264772115933568308e-03,4.109644637545983858e-03,3.955239239334967793e-03,3.801714953952928244e-03,3.649219717587554035e-03,3.497889245218571697e-03,3.347845843106461716e-03
9.386363636363637131e-01,3.115103866438068136e-03,3.255400518441003976e-03,3.396899258429425528e-03,3.539494329707432163e-03,3.683067346272272946e-03,3.827488437700199420e-03,3.972617321196497686e-03,4.118304322630689240e-03,4.264391361154529214e-03,4.410712906685682055e-03,4.557096915223268763e-03,4.703365743735865578e-03,4.849337043664470048e-03,4.994824630100425100e-03,5.139639321992350851e-03,5.283589747534844783e-03,5.426483107854707111e-03,5.568125891404762662e-03,5.708324530938779784e-03,5.846885994524098074e-03,5.983618301811544082e-03,6.118330956583761804e-03,6.250835286438216620e-03,6.380944680356492871e-03,6.508474714679746143e-03,6.633243157870227780e-03,6.755069843954297770e-03,6.873776404294817954e-03,6.989185846560386217e-03,7.101121969245560717e-03,7.209408599200217704e-03,7.313868638943010758e-03,7.414322909915560533e-03,7.510588777657811743e-03,7.602478545597812776e-03,7.689797606316661760e-03,7.772342343918270391e-03,7.849897789921289615e-03,7.922235050292436576e-03,7.989108546220979878e-03,8.050253151029640453e-03,8.105381367293829076e-03,8.154180782146358553e-03,8.196312178547771055e-03,8.231408884969815265e-03,8.259078238337158595e-03,8.278906442071687355e-03,8.290468646518722728e-03,8.293346772281995349e-03,8.287158404826189262e-03,8.271600887671815006e-03,8.246515238339136022e-03,8.211974134398725145e-03,8.168396011455247852e-03,8.116681938876213476e-03,8.058361980239403533e-03,7.995722677313910065e-03,7.931869289871995576e-03,7.870662554255114518e-03,7.816472620261083470e-03,7.773726368883182580e-03,7.746292375307439748e-03,7.736831038451241760e-03,7.746292375307495259e-03,7.773726368882238891e-03,7.816472620263081872e-03,7.870662554255891674e-03,7.931869289872828244e-03,7.995722677314076599e-03,8.058361980239348021e-03,8.116681938876990632e-03,8.168396011455358874e-03,8.211974134398614122e-03,8.246515238339746645e-03,8.271600887671481939e-03,8.287158404825689662e-03,8.293346772283050061e-03,8.290468646517168416e-03,8.278906442071132243e-03,8.259078238337214106e-03,8.231408884968871575e-03,8.196312178547160432e-03,8.154180782146025486e-03,8.105381367295438899e-03,8.050253151029085341e-03,7.989108546222867258e-03,7.922235050292825154e-03,7.849897789922122282e-03,7.772342343916882612e-03,7.689797606315884604e-03,7.602478545597646242e-03,7.510588777658144810e-03,7.414322909916060134e-03,7.313868638943121780e-03,7.209408599201383439e-03,7.101121969245061116e-03,6.989185846560164173e-03,6.873776404294096309e-03,6.755069843955463504e-03,6.633243157868173867e-03,6.508474714680467788e-03,6.380944680353772824e-03,6.250835286438549687e-03,6.118330956584705493e-03,5.983618301813431462e-03,5.846885994524930741e-03,5.708324530939168362e-03,5.568125891404762662e-03,5.426483107853263821e-03,5.283589747535455405e-03,5.139639321993016985e-03,4.994824630100369589e-03,4.849337043665413738e-03,4.703365743735865578e-03,4.557096915223379785e-03,4.410712906685598789e-03,4.264391361154945548e-03,4.118304322630161884e-03,3.972617321195831552e-03,3.827488437700504731e-03,3.683067346273605214e-03,3.539494329707598697e-03,3.396899258428814905e-03,3.255400518441337043e-03,3.115103866438595492e-03
9.424242424242424976e-01,2.887420162246995270e-03,3.018124029593616253e-03,3.149944435897417128e-03,3.282790961643494709e-03,3.416561332879014534e-03,3.551142530501510963e-03,3.686411817886953157e-03,3.822237710539189148e-03,3.958480904117128718e-03,4.094995171660481548e-03,4.231628236552598121e-03,4.368222624430512235e-03,4.504616494669488880e-03,4.640644449929287596e-03,4.776138320730705100e-03,4.910927920648788803e-03,5.044841766790431059e-03,5.177707759394800657e-03,5.309353813847783599e-03,5.439608437914356109e-03,5.568301246632434420e-03,5.695263407043626991e-03,5.820328004536245992e-03,5.943330322373374663e-03,6.064108025410686054e-03,6.182501238513826713e-03,6.298352509364779639e-03,6.411506644298292645e-03,6.521810404331196409e-03,6.629112046734220165e-03,6.733260695052811773e-03,6.834105517425914655e-03,6.931494689228379080e-03,7.025274111496726537e-03,7.115285850933295020e-03,7.201366260916330919e-03,7.283343735568492683e-03,7.361036041271584729e-03,7.434247162504903361e-03,7.502763593148442656e-03,7.566350002921162776e-03,7.624744216214673909e-03,7.677651464865875575e-03,7.724737930784986162e-03,7.765623700671908658e-03,7.799875448415205526e-03,7.826999497647646464e-03,7.846436483382013272e-03,7.857559755740872731e-03,7.859681126863748979e-03,7.852069768481295675e-03,7.833993211284751013e-03,7.804793454373459838e-03,7.764015490625109095e-03,7.711607920813989825e-03,7.648210804485133796e-03,7.575525601471677639e-03,7.496714562508444146e-03,7.416696951133117111e-03,7.342118418720844364e-03,7.280739433480176714e-03,7.240127995429779251e-03,7.225896503501361146e-03,7.240127995428835561e-03,7.280739433480065692e-03,7.342118418721010897e-03,7.416696951133117111e-03,7.496714562508277613e-03,7.575525601471011505e-03,7.648210804483690506e-03,7.711607920812990624e-03,7.764015490626607896e-03,7.804793454373681882e-03,7.833993211284362435e-03,7.852069768481406697e-03,7.859681126862028133e-03,7.857559755739873530e-03,7.846436483381791227e-03,7.826999497647202375e-03,7.799875448414095302e-03,7.765623700672907859e-03,7.724737930784930651e-03,7.677651464864432285e-03,7.624744216215673109e-03,7.566350002920718687e-03,7.502763593147498966e-03,7.434247162504403761e-03,7.361036041269308772e-03,7.283343735567715527e-03,7.201366260915942341e-03,7.115285850933461553e-03,7.025274111495838358e-03,6.931494689228434591e-03,6.834105517427357945e-03,6.733260695056531020e-03,6.629112046733942609e-03,6.521810404330086186e-03,6.411506644298459179e-03,6.298352509364113505e-03,6.182501238511772801e-03,6.064108025411296676e-03,5.943330322374040797e-03,5.820328004535357813e-03,5.695263407042905346e-03,5.568301246633933221e-03,5.439608437913023842e-03,5.309353813848394221e-03,5.177707759394967191e-03,5.044841766789265325e-03,4.910927920647956135e-03,4.776138320729816922e-03,4.640644449929287596e-03,4.504616494670349303e-03,4.368222624430012635e-03,4.231628236552015254e-03,4.094995171662063616e-03,3.958480904117628318e-03,3.822237710538856081e-03,3.686411817887536024e-03,3.551142530501760763e-03,3.416561332878764734e-03,3.282790961643106131e-03,3.149944435897361616e-03,3.018124029594781987e-03,2.887420162246856492e-03
9.462121212121212821e-01,2.667421706278400029e-03,2.788805772799218818e-03,2.911222034364085998e-03,3.034594190030132088e-03,3.158834848389385774e-03,3.283846608291368652e-03,3.409523050317553317e-03,3.535749664477172427e-03,3.662404732152846343e-03,3.789360174627776079e-03,3.916482376216584571e-03,4.043632986749062797e-03,4.170669705512858316e-03,4.297447046783253732e-03,4.423817085518977343e-03,4.549630180517849620e-03,4.674735671497065592e-03,4.798982545755059448e-03,4.922220069681015886e-03,5.044298379917211417e-03,5.165069028767177439e-03,5.284385478311115492e-03,5.402103537422708879e-03,5.518081735892466089e-03,5.632181629517840626e-03,5.744268029785171148e-03,5.854209151290756807e-03,5.961876669258237005e-03,6.067145678541552289e-03,6.169894543881171423e-03,6.270004629149006359e-03,6.367359890329715721e-03,6.461846313068730918e-03,6.553351170260457437e-03,6.641762067953582704e-03,6.726965738340695555e-03,6.808846525642342495e-03,6.887284493657774842e-03,6.962153060572129348e-03,7.033316035741310479e-03,7.100623891411139699e-03,7.163909046154937066e-03,7.222979861085665476e-03,7.277612948340506094e-03,7.327543256253066239e-03,7.372451218978559595e-03,7.411946035177086056e-03,7.445543875855165084e-03,7.472639551881432585e-03,7.492470007124274467e-03,7.504068228557647657e-03,7.506207454396285339e-03,7.497339431960015066e-03,7.475540176278272497e-03,7.438498736337784134e-03,7.383630601414614691e-03,7.308483626244033360e-03,7.211734526038904303e-03,7.095171382829112972e-03,6.966799757041397534e-03,6.843916414269624049e-03,6.752468310197545787e-03,6.718268021431939019e-03,6.752468310197212720e-03,6.843916414269846094e-03,6.966799757042729802e-03,7.095171382829279505e-03,7.211734526036905901e-03,7.308483626240702691e-03,7.383630601411950156e-03,7.438498736338450268e-03,7.475540176279993343e-03,7.497339431960070577e-03,7.506207454395341649e-03,7.504068228556204367e-03,7.492470007123830378e-03,7.472639551880322362e-03,7.445543875855165084e-03,7.411946035177585657e-03,7.372451218977615905e-03,7.327543256253343795e-03,7.277612948341338761e-03,7.222979861084333209e-03,7.163909046154715021e-03,7.100623891411805833e-03,7.033316035742476213e-03,6.962153060572462415e-03,6.887284493657108708e-03,6.808846525642009428e-03,6.726965738340195955e-03,6.641762067954248838e-03,6.553351170260124370e-03,6.461846313069730119e-03,6.367359890328827543e-03,6.270004629147840625e-03,6.169894543880283244e-03,6.067145678541996379e-03,5.961876669259513761e-03,5.854209151290090674e-03,5.744268029786281371e-03,5.632181629518562271e-03,5.518081735893354267e-03,5.402103537423819102e-03,5.284385478311892648e-03,5.165069028767788062e-03,5.044298379914879948e-03,4.922220069681959576e-03,4.798982545754948426e-03,4.674735671496843548e-03,4.549630180519459444e-03,4.423817085519143877e-03,4.297447046784141911e-03,4.170669705512053405e-03,4.043632986749978731e-03,3.916482376216695593e-03,3.789360174627443012e-03,3.662404732152402254e-03,3.535749664475701382e-03,3.409523050317664339e-03,3.283846608291812741e-03,3.158834848388886174e-03,3.034594190029216154e-03,2.911222034363086797e-03,2.788805772800329041e-03,2.667421706277955940e-03
9.500000000000000666e-01,2.457731237693716597e-03,2.570190014215240071e-03,2.683599702048705682e-03,2.797896929753990181e-03,2.913007981178911132e-03,3.028849854790682805e-03,3.145331227378922456e-03,3.262353349429841787e-03,3.379810891797507821e-03,3.497592757541218011e-03,3.615582868462696720e-03,3.733660932669718990e-03,3.851703196897177106e-03,3.969583185479547138e-03,4.087172426453400398e-03,4.204341164129099528e-03,4.320959056851259028e-03,4.436895858151157501e-03,4.552022079269246735e-03,4.666209631090156851e-03,4.779332443646366890e-03,4.891267061802040406e-03,5.001893216315833612e-03,5.111094370177593493e-03,5.218758241204657367e-03,5.324777302999628148e-03,5.429049267974939141e-03,5.531477557863651029e-03,5.631971769544275030e-03,5.730448146795297237e-03,5.826830072259481241e-03,5.921048598707234767e-03,6.013043044842569795e-03,6.102761689475377782e-03,6.190162609324256771e-03,6.275214721834176945e-03,6.357899117207854722e-03,6.438210796552101822e-03,6.516160981162033572e-03,6.591780229447952166e-03,6.665122706862536273e-03,6.736272122661479678e-03,6.805350114624297841e-03,6.872528296708924067e-03,6.938045908895407177e-03,7.002236254234517343e-03,7.065567326851429630e-03,7.128706143940288786e-03,7.192624259707236511e-03,7.258778215206651563e-03,7.329434083168551162e-03,7.408288278407726413e-03,7.501750094199066687e-03,7.621865659355075984e-03,7.793907432823765635e-03,8.079818973748653654e-03,8.667137469270058681e-03,9.840095607157817170e-03,4.394485767166056434e-03,5.453380278974184758e-03,5.963614821385354592e-03,6.166907245681751970e-03,6.223289126821462958e-03,6.166907245680808280e-03,5.963614821388518727e-03,5.453380278965858086e-03,4.394485767064221227e-03,9.840095607138055200e-03,8.667137469283159312e-03,8.079818973751429212e-03,7.793907432822988479e-03,7.621865659354409850e-03,7.501750094199233221e-03,7.408288278410724015e-03,7.329434083168606673e-03,7.258778215206318496e-03,7.192624259704627487e-03,7.128706143940011231e-03,7.065567326850985541e-03,7.002236254234905921e-03,6.938045908895018599e-03,6.872528296708202422e-03,6.805350114623687219e-03,6.736272122662534390e-03,6.665122706861981161e-03,6.591780229447952166e-03,6.516160981160201704e-03,6.438210796553212045e-03,6.357899117207632678e-03,6.275214721834565523e-03,6.190162609323424103e-03,6.102761689475544316e-03,6.013043044842403262e-03,5.921048598707456811e-03,5.826830072260036353e-03,5.730448146794131503e-03,5.631971769543386852e-03,5.531477557863317962e-03,5.429049267975771809e-03,5.324777303000849393e-03,5.218758241204490833e-03,5.111094370177815538e-03,5.001893216315500545e-03,4.891267061801984894e-03,4.779332443645090134e-03,4.666209631092321786e-03,4.552022079268414068e-03,4.436895858149936256e-03,4.320959056852979874e-03,4.204341164129876685e-03,4.087172426453955509e-03,3.969583185479352849e-03,3.851703196895039927e-03,3.733660932670385124e-03,3.615582868462308141e-03,3.497592757538553476e-03,3.379810891797618844e-03,3.262353349428759319e-03,3.145331227378339589e-03,3.028849854790932605e-03,2.913007981177662131e-03,2.797896929754267736e-03,2.683599702048011792e-03,2.570190014215129048e-03,2.457731237694077420e-03
9.537878787878788511e-01,2.283906347079617261e-03,2.389014963745106357e-03,2.495006805643518177e-03,2.601829745155131990e-03,2.709421931678834827e-03,2.817712848020514915e-03,2.926624264960570043e-03,3.036071123509065384e-03,3.145962366289695167e-03,3.256201733703889545e-03,3.366688536175999058e-03,3.477318410533308812e-03,3.587984066262928096e-03,3.698576025598421246e-03,3.808983360268802798e-03,3.919094426934111031e-03,4.028797603066958111e-03,4.137982025039732559e-03,4.246538330582083631e-03,4.354359408631491846e-03,4.461341160778620196e-03,4.567383280291992254e-03,4.672390057051889478e-03,4.776271219770811260e-03,4.878942831025967486e-03,4.980328255832611184e-03,5.080359231688091892e-03,5.178977077155921815e-03,5.276134088859463223e-03,5.371795193691797365e-03,5.465939946728004539e-03,5.558564998282056191e-03,5.649687200335429260e-03,5.739347589946708350e-03,5.827616585901751467e-03,5.914600882031550988e-03,6.000452744001627536e-03,6.085382762965385606e-03,6.169677669317918944e-03,6.253725704272128372e-03,6.338053543496480202e-03,6.423381350460166672e-03,6.510707157399875378e-03,6.601440375457068299e-03,6.697621016677868244e-03,6.802295750237441485e-03,6.920197631594904308e-03,7.059055171103834070e-03,7.232317934742327203e-03,7.465407960229097917e-03,7.811841814621467428e-03,8.399594993188319592e-03,9.510515369524186191e-03,7.216057648058105123e-03,2.732240652218193011e-03,4.216572127198170428e-03,4.931673796845170710e-03,5.307122563372568269e-03,5.527782327991170863e-03,5.664409210618670532e-03,5.748135069754634063e-03,5.793829283164297905e-03,5.808385512618308155e-03,5.793829283164297905e-03,5.748135069754356508e-03,5.664409210618448487e-03,5.527782327988062239e-03,5.307122563372068669e-03,4.931673796848501379e-03,4.216572127199114117e-03,2.732240652208950404e-03,7.216057647960794075e-03,9.510515369532734908e-03,8.399594993188430614e-03,7.811841814621023339e-03,7.465407960228098716e-03,7.232317934746212984e-03,7.059055171102335269e-03,6.920197631594460219e-03,6.802295750236220240e-03,6.697621016677257622e-03,6.601440375457900966e-03,6.510707157398876177e-03,6.423381350460777295e-03,6.338053543493704645e-03,6.253725704270685082e-03,6.169677669317141788e-03,6.085382762964386405e-03,6.000452744000295269e-03,5.914600882031995077e-03,5.827616585901862489e-03,5.739347589946264261e-03,5.649687200334263526e-03,5.558564998281112501e-03,5.465939946728670673e-03,5.371795193692463499e-03,5.276134088859296689e-03,5.178977077155255682e-03,5.080359231688535981e-03,4.980328255834831630e-03,4.878942831025634419e-03,4.776271219772476595e-03,4.672390057051833967e-03,4.567383280293157988e-03,4.461341160778342640e-03,4.354359408632990647e-03,4.246538330582527720e-03,4.137982025038677847e-03,4.028797603067513222e-03,3.919094426934111031e-03,3.808983360270024043e-03,3.698576025599698003e-03,3.587984066262428495e-03,3.477318410534363524e-03,3.366688536176609681e-03,3.256201733704472412e-03,3.145962366289944967e-03,3.036071123508510272e-03,2.926624264960986377e-03,2.817712848020542671e-03,2.709421931679695250e-03,2.601829745153799722e-03,2.495006805643101844e-03,2.389014963744884312e-03,2.283906347078007437e-03
9.575757575757576356e-01,2.117923209317362776e-03,2.215984636290357912e-03,2.314865004870741982e-03,2.414522634526766742e-03,2.514906739633310240e-03,2.615958489747494120e-03,2.717611963226534977e-03,2.819795025890831086e-03,2.922430158226990704e-03,3.025435248691060730e-03,3.128724366396218315e-03,3.232208523366392194e-03,3.335796434427662494e-03,3.439395281383095249e-03,3.542911487383310076e-03,3.646251507196884845e-03,3.749322639492791431e-03,3.852033868162574315e-03,3.954296741376983615e-03,4.056026299371240373e-03,4.157142065345675874e-03,4.257569118209736381e-03,4.357239272058111013e-03,4.456092395175303977e-03,4.554077912284071328e-03,4.651156548317270101e-03,4.747302392004715266e-03,4.842505385178108579e-03,4.936774382194031308e-03,5.030140978619146441e-03,5.122664386798037039e-03,5.214437750820311024e-03,5.305596463935691176e-03,5.396329309936664931e-03,5.486893649196966649e-03,5.577636501085225795e-03,5.669024396247224207e-03,5.761686573167612568e-03,5.856479012229409697e-03,5.954581984837337139e-03,6.057653369156368317e-03,6.168078467992832437e-03,6.289394621394772678e-03,6.427049857120614718e-03,6.589841637100801730e-03,6.792847863687667687e-03,7.063926613325666182e-03,7.459504981191966699e-03,8.103994872048603249e-03,9.194829922001490630e-03,7.198779276824440743e-03,1.793102427691692369e-03,3.232049903699629745e-03,4.084687760463889816e-03,4.555273628992884127e-03,4.844603557101700986e-03,5.036505141183533762e-03,5.169528934952150045e-03,5.263354486727933601e-03,5.328818086607900462e-03,5.372148126610354346e-03,5.396916530173656579e-03,5.404980415880000777e-03,5.396916530172213289e-03,5.372148126610742924e-03,5.328818086607400861e-03,5.263354486727378490e-03,5.169528934951095334e-03,5.036505141184144385e-03,4.844603557101534452e-03,4.555273628992773105e-03,4.084687760464777995e-03,3.232049903697964410e-03,1.793102427724624359e-03,7.198779276798850102e-03,9.194829922015257395e-03,8.103994872046826892e-03,7.459504981188858075e-03,7.063926613325555159e-03,6.792847863684281506e-03,6.589841637099413951e-03,6.427049857116118314e-03,6.289394621394162055e-03,6.168078467993109992e-03,6.057653369155480139e-03,5.954581984835671804e-03,5.856479012226245562e-03,5.761686573169000347e-03,5.669024396248389941e-03,5.577636501085281306e-03,5.486893649197466249e-03,5.396329309935332663e-03,5.305596463935025042e-03,5.214437750820366535e-03,5.122664386798925218e-03,5.030140978618591330e-03,4.936774382194308863e-03,4.842505385178663690e-03,4.747302392005492422e-03,4.651156548317103567e-03,4.554077912285237062e-03,4.456092395174304777e-03,4.357239272056112611e-03,4.257569118210902115e-03,4.157142065345065252e-03,4.056026299371406907e-03,3.954296741375817881e-03,3.852033868163351471e-03,3.749322639493068987e-03,3.646251507196274222e-03,3.542911487382227609e-03,3.439395281382262581e-03,3.335796434427745760e-03,3.232208523365864838e-03,3.128724366395330136e-03,3.025435248690089285e-03,2.922430158226491104e-03,2.819795025891691509e-03,2.717611963226396199e-03,2.615958489745578985e-03,2.514906739633060440e-03,2.414522634526711231e-03,2.314865004870214626e-03,2.215984636291107313e-03,2.117923209317779110e-03
9.613636363636364202e-01,1.960524155780518640e-03,2.051878430446824053e-03,2.143991420585689145e-03,2.236831145706608126e-03,2.330357135062244289e-03,2.424521499194087770e-03,2.519269891391257010e-03,2.614542393186369829e-03,2.710274349648628123e-03,2.806397174210745193e-03,2.902839138681723163e-03,2.999526161236110156e-03,3.096382603430258840e-03,3.193332086451450280e-03,3.290298336738689544e-03,3.387206071867487900e-03,3.483981939192082322e-03,3.580555522267547808e-03,3.676860433882433998e-03,3.772835519643358282e-03,3.868426203230190819e-03,3.963586014114284239e-03,4.058278351591115829e-03,4.152478557027272643e-03,4.246176390841738257e-03,4.339379045099511778e-03,4.432114870955350394e-03,4.524438069051839317e-03,4.616434690791315631e-03,4.708230444993799502e-03,4.800001024009625805e-03,4.891985998135894853e-03,4.984507848630359561e-03,5.077998540619965695e-03,5.173037395776847180e-03,5.270406308943764717e-03,5.371172317655492634e-03,5.476814663326501353e-03,5.589426830876209618e-03,5.712050213181718572e-03,5.849250063863054017e-03,6.008162790481441640e-03,6.200521070399200863e-03,6.446861032442741113e-03,6.785970067199387223e-03,7.297186056858362413e-03,8.138416028122041901e-03,9.049166856149315485e-03,2.935213919077639400e-03,1.831175410094476597e-03,3.003114375373511225e-03,3.686591506018355169e-03,4.096351277921905787e-03,4.364500622086708859e-03,4.551694806499362311e-03,4.688053499904254462e-03,4.789886445983826402e-03,4.866658099154264061e-03,4.924145211471608885e-03,4.965986318978210523e-03,4.994491188361593892e-03,5.011081107692716419e-03,5.016529247919510048e-03,5.011081107691606196e-03,4.994491188362093492e-03,4.965986318978654612e-03,4.924145211471220307e-03,4.866658099154208550e-03,4.789886445983326801e-03,4.688053499903421795e-03,4.551694806498474133e-03,4.364500622085876191e-03,4.096351277921128631e-03,3.686591506014247344e-03,3.003114375374232869e-03,1.831175410100610579e-03,2.935213919051243847e-03,9.049166856154866601e-03,8.138416028129258351e-03,7.297186056862692283e-03,6.785970067200941536e-03,6.446861032440576178e-03,6.200521070401032731e-03,6.008162790481386129e-03,5.849250063862276861e-03,5.712050213182773284e-03,5.589426830877375352e-03,5.476814663328000155e-03,5.371172317656491835e-03,5.270406308941988360e-03,5.173037395776791669e-03,5.077998540621075918e-03,4.984507848630637117e-03,4.891985998136061387e-03,4.800001024011069095e-03,4.708230444994132569e-03,4.616434690791870743e-03,4.524438069050396027e-03,4.432114870954295682e-03,4.339379045099789334e-03,4.246176390840405990e-03,4.152478557027772244e-03,4.058278351590449695e-03,3.963586014113729128e-03,3.868426203230579397e-03,3.772835519641581925e-03,3.676860433881434798e-03,3.580555522267325763e-03,3.483981939192415389e-03,3.387206071867876478e-03,3.290298336737634832e-03,3.193332086450867413e-03,3.096382603429509439e-03,2.999526161236387711e-03,2.902839138681279074e-03,2.806397174209607215e-03,2.710274349648295056e-03,2.614542393186730651e-03,2.519269891391257010e-03,2.424521499194864926e-03,2.330357135062632867e-03,2.236831145707024460e-03,2.143991420585605878e-03,2.051878430446379964e-03,1.960524155780241085e-03
9.651515151515152047e-01,1.811875800590029284e-03,1.896874117055163955e-03,1.982575432800115500e-03,2.068956794302051483e-03,2.155987372976009286e-03,2.243629555824827593e-03,2.331839924220813209e-03,2.420570157664975186e-03,2.509767890808728419e-03,2.599377546143449846e-03,2.689341160879904491e-03,2.779599224165874016e-03,2.870091539664970659e-03,2.960758128494028751e-03,3.051540188677787091e-03,3.142381129462412659e-03,3.233227702517715851e-03,3.324031257269099981e-03,3.414749155127239089e-03,3.505346387354613125e-03,3.595797455603344517e-03,3.686088593166214622e-03,3.776220431773225084e-03,3.866211255870943830e-03,3.956101038869674902e-03,4.045956530846939181e-03,4.135877776051011256e-03,4.226006599037379630e-03,4.316537838697731555e-03,4.407734477305247367e-03,4.499948385523644401e-03,4.593649321085135906e-03,4.689466321211144262e-03,4.788248161180064244e-03,4.891153958489657949e-03,4.999792948716608176e-03,5.116447376999566643e-03,5.244441758275042442e-03,5.388782395222113664e-03,5.557323991844442812e-03,5.763030770958577076e-03,6.028670986361506223e-03,6.397249522772652242e-03,6.955385771953759289e-03,7.855266271437510994e-03,8.443902691582128028e-03,2.198927112245896431e-03,1.580085870883957133e-03,2.597686342530575176e-03,3.230124076458229521e-03,3.624953096937721941e-03,3.890812943040222738e-03,4.080999734165147164e-03,4.223005963294002019e-03,4.332115222297872048e-03,4.417391910701673474e-03,4.484495320611792124e-03,4.537098245803949936e-03,4.577647522254701951e-03,4.607792580617497968e-03,4.628635779196588196e-03,4.640881099510718588e-03,4.644920853822231965e-03,4.640881099510330010e-03,4.628635779195922062e-03,4.607792580616831835e-03,4.577647522255201551e-03,4.537098245804560559e-03,4.484495320612236213e-03,4.417391910701728985e-03,4.332115222297761026e-03,4.223005963292669751e-03,4.080999734163925918e-03,3.890812943039945182e-03,3.624953096937499897e-03,3.230124076455509474e-03,2.597686342536376092e-03,1.580085870878683574e-03,2.198927112222498481e-03,8.443902691570359664e-03,7.855266271442506998e-03,6.955385771946209772e-03,6.397249522772097130e-03,6.028670986357731465e-03,5.763030770960464455e-03,5.557323991844276279e-03,5.388782395221947130e-03,5.244441758275208976e-03,5.116447376998400909e-03,4.999792948715109375e-03,4.891153958490601639e-03,4.788248161181118956e-03,4.689466321211366306e-03,4.593649321084192216e-03,4.499948385523311334e-03,4.407734477307800880e-03,4.316537838696343776e-03,4.226006599037934741e-03,4.135877776052898636e-03,4.045956530846051002e-03,3.956101038871062681e-03,3.866211255871498942e-03,3.776220431773336106e-03,3.686088593166214622e-03,3.595797455603233495e-03,3.505346387354446591e-03,3.414749155127461133e-03,3.324031257270099182e-03,3.233227702514163138e-03,3.142381129462523681e-03,3.051540188678120158e-03,2.960758128494167529e-03,2.870091539664748614e-03,2.779599224164652771e-03,2.689341160879654691e-03,2.599377546143977202e-03,2.509767890808867197e-03,2.420570157663615163e-03,2.331839924220202587e-03,2.243629555823578592e-03,2.155987372976064798e-03,2.068956794303050684e-03,1.982575432799504878e-03,1.896874117055691311e-03,1.811875800590556640e-03
9.689393939393939892e-01,1.669474506472978792e-03,1.748353144638281620e-03,1.827882877703634890e-03,1.908049201385181304e-03,1.988830367411736910e-03,2.070198500169678768e-03,2.152120601835727509e-03,2.234559485838394366e-03,2.317474669922547914e-03,2.400823254412792762e-03,2.484560807886393441e-03,2.568642280756788798e-03,2.653022967167656399e-03,2.737659536931030813e-03,2.822511162137941731e-03,2.907540767811800375e-03,2.992716442869414184e-03,3.078013057484230153e-03,3.163414146561849272e-03,3.248914137916281142e-03,3.334521030059656166e-03,3.420259661144398056e-03,3.506175762567786958e-03,3.592341065028481495e-03,3.678859832319691936e-03,3.765877356831592859e-03,3.853591188089589004e-03,3.942266228158242125e-03,4.032255392654005011e-03,4.124028436656435037e-03,4.218213017453731339e-03,4.315654542067837163e-03,4.417505643528885084e-03,4.525363848909669251e-03,4.641490430398687028e-03,4.769171628995705348e-03,4.913341391298953198e-03,5.081710731484057053e-03,5.286939690276382109e-03,5.551098337980953090e-03,5.915424794878831882e-03,6.461658693935112829e-03,7.331622713021790361e-03,8.039775298146145666e-03,2.635314623956497293e-03,1.219651296812160335e-03,2.127344408761860928e-03,2.752748152868189635e-03,3.152636711725609331e-03,3.425143855757040168e-03,3.622088235041232007e-03,3.770839912870416200e-03,3.886783650561220771e-03,3.979110067732327671e-03,4.053597697093513919e-03,4.114032468820638666e-03,4.162975381288347432e-03,4.202199216476354415e-03,4.232947618090621145e-03,4.256093856783493834e-03,4.272240153266382290e-03,4.281779979340372133e-03,4.284935905985998161e-03,4.281779979339928044e-03,4.272240153265216556e-03,4.256093856783271789e-03,4.232947618090732167e-03,4.202199216475743793e-03,4.162975381289069077e-03,4.114032468820194577e-03,4.053597697094346586e-03,3.979110067732050116e-03,3.886783650560943215e-03,3.770839912868195754e-03,3.622088235040177295e-03,3.425143855756984657e-03,3.152636711726830576e-03,2.752748152862610764e-03,2.127344408765413641e-03,1.219651296818238806e-03,2.635314623945284040e-03,8.039775298156359717e-03,7.331622713023233651e-03,6.461658693934113629e-03,5.915424794877388592e-03,5.551098337978954689e-03,5.286939690278880111e-03,5.081710731483668475e-03,4.913341391298564620e-03,4.769171628994928192e-03,4.641490430396411071e-03,4.525363848908336983e-03,4.417505643528607528e-03,4.315654542066449384e-03,4.218213017453176228e-03,4.124028436654991747e-03,4.032255392652950299e-03,3.942266228159407859e-03,3.853591188089033892e-03,3.765877356830649170e-03,3.678859832319192336e-03,3.592341065028592517e-03,3.506175762569230248e-03,3.420259661142732721e-03,3.334521030061321500e-03,3.248914137916336653e-03,3.163414146560961093e-03,3.078013057485562420e-03,2.992716442869469695e-03,2.907540767811772620e-03,2.822511162139051955e-03,2.737659536930475701e-03,2.653022967167711910e-03,2.568642280756400220e-03,2.484560807886393441e-03,2.400823254413875230e-03,2.317474669923019759e-03,2.234559485838255588e-03,2.152120601834922597e-03,2.070198500169317946e-03,1.988830367411126288e-03,1.908049201386236016e-03,1.827882877702857733e-03,1.748353144638004064e-03,1.669474506472812259e-03
9.727272727272727737e-01,1.546911354434077346e-03,1.620554432472415263e-03,1.694805996095977152e-03,1.769659387553190744e-03,1.845101298402318513e-03,1.921112929792051505e-03,1.997671043157817072e-03,2.074748944955934205e-03,2.152317440617168565e-03,2.230345787551296644e-03,2.308802674433091395e-03,2.387657253346803232e-03,2.466880252816799901e-03,2.546445203211927799e-03,2.626329811782318613e-03,2.706517533309776846e-03,2.786999394723377321e-03,2.867776149490519622e-03,2.948860861967661506e-03,3.030282056145139347e-03,3.112087611547631472e-03,3.194349658275696946e-03,3.277170823103359165e-03,3.360692325679148773e-03,3.445104643143848122e-03,3.530661795393963409e-03,3.617700821027136637e-03,3.706668835905091441e-03,3.798161402715549695e-03,3.892978173749395143e-03,3.992205618116639876e-03,4.097343506390904722e-03,4.210504536747039506e-03,4.334741070580128142e-03,4.474602860108090052e-03,4.637136633368621474e-03,4.833781478913112828e-03,5.084197879093144135e-03,5.424503615207687535e-03,5.925300860716631313e-03,6.716801418398588019e-03,7.667138749301138922e-03,4.087665561540165804e-03,9.346655383032365094e-04,1.647137388787273116e-03,2.288585353680955281e-03,2.709513007979863497e-03,2.997311785257639194e-03,3.205563452040760541e-03,3.363321448649370105e-03,3.486992198670102461e-03,3.586370149115392092e-03,3.667604970710058865e-03,3.734725098114843878e-03,3.790462469587141392e-03,3.836721607794413291e-03,3.874858201997621876e-03,3.905850712371594646e-03,3.930409247160870922e-03,3.949046144990864260e-03,3.962122225760311700e-03,3.969876895309309983e-03,3.972446950719354941e-03,3.969876895310087139e-03,3.962122225759867611e-03,3.949046144991474883e-03,3.930409247161315012e-03,3.905850712371372602e-03,3.874858201998676588e-03,3.836721607794135736e-03,3.790462469586863836e-03,3.734725098113789166e-03,3.667604970711058066e-03,3.586370149115558625e-03,3.486992198669769394e-03,3.363321448649092549e-03,3.205563452040871564e-03,2.997311785258083283e-03,2.709513007980057786e-03,2.288585353682703882e-03,1.647137388778002753e-03,9.346655383248025917e-04,4.087665561508413425e-03,7.667138749336332992e-03,6.716801418388596012e-03,5.925300860720517093e-03,5.424503615207965090e-03,5.084197879092200445e-03,4.833781478912280161e-03,4.637136633366345517e-03,4.474602860110032942e-03,4.334741070579462008e-03,4.210504536746373372e-03,4.097343506392014945e-03,3.992205618117194987e-03,3.892978173749617188e-03,3.798161402715272139e-03,3.706668835905202464e-03,3.617700821027192148e-03,3.530661795395184654e-03,3.445104643145457946e-03,3.360692325679592862e-03,3.277170823104191832e-03,3.194349658273865078e-03,3.112087611547298405e-03,3.030282056145638947e-03,2.948860861967772529e-03,2.867776149489797977e-03,2.786999394723321810e-03,2.706517533310193180e-03,2.626329811782041057e-03,2.546445203211178399e-03,2.466880252816328056e-03,2.387657253345082387e-03,2.308802674432591795e-03,2.230345787549548042e-03,2.152317440617917965e-03,2.074748944956378294e-03,1.997671043156984405e-03,1.921112929791801704e-03,1.845101298402429535e-03,1.769659387553496055e-03,1.694805996095477552e-03,1.620554432472748330e-03,1.546911354434188368e-03
9.765151515151515582e-01,1.434653175396094493e-03,1.503503636928277265e-03,1.572925778913908390e-03,1.642920415339421680e-03,1.713482313715486427e-03,1.784601413362230105e-03,1.856263938676938618e-03,1.928453455737111355e-03,2.001151912280396683e-03,2.074340696581994381e-03,2.148001749233130475e-03,2.222118762854913276e-03,2.296678508721061718e-03,2.371672335948732391e-03,2.447097899377276287e-03,2.522961187364031188e-03,2.599278942171268092e-03,2.676081595976154137e-03,2.753416888456761136e-03,2.831354393201257480e-03,2.909991268766010108e-03,2.989459679662409552e-03,3.069936525150418483e-03,3.151656404957903224e-03,3.234929200299607732e-03,3.320164356636956526e-03,3.407905097316699106e-03,3.498877691023416503e-03,3.594064127752927273e-03,3.694812257627577701e-03,3.803007875990083164e-03,3.921353129154814265e-03,4.053835364363267413e-03,4.206554232607018218e-03,4.389261342542527533e-03,4.618406694161136805e-03,4.923563689449961256e-03,5.361537211537759084e-03,6.042513918131819928e-03,7.049178448442772194e-03,6.005624892794769742e-03,1.064316514023749827e-03,1.177195386626778140e-03,1.824328557247206772e-03,2.276731055939590354e-03,2.586717887531453375e-03,2.810008046311929242e-03,2.978613867335166976e-03,3.110735320351831756e-03,3.217192538736646235e-03,3.304736601099533821e-03,3.377764525037851850e-03,3.439246075746194009e-03,3.491248391801871076e-03,3.535245996876046348e-03,3.572311070260902888e-03,3.603234092140139566e-03,3.628602446517970037e-03,3.648852733444563068e-03,3.664306077289458674e-03,3.675192048944120327e-03,3.681664658389371958e-03,3.683812547766729395e-03,3.681664658389371958e-03,3.675192048944009304e-03,3.664306077289791741e-03,3.648852733444618579e-03,3.628602446518247593e-03,3.603234092140139566e-03,3.572311070261402488e-03,3.535245996875213681e-03,3.491248391801982098e-03,3.439246075747748321e-03,3.377764525037185717e-03,3.304736601100310978e-03,3.217192538736868279e-03,3.110735320351554201e-03,2.978613867334112264e-03,2.810008046312928442e-03,2.586717887531564397e-03,2.276731055939479331e-03,1.824328557248622307e-03,1.177195386636617491e-03,1.064316514012314530e-03,6.005624892839289686e-03,7.049178448429671562e-03,6.042513918142589091e-03,5.361537211536870906e-03,4.923563689450960457e-03,4.618406694158749826e-03,4.389261342543027133e-03,4.206554232605907995e-03,4.053835364362767812e-03,3.921353129153870576e-03,3.803007875990194186e-03,3.694812257628632413e-03,3.594064127753371363e-03,3.498877691023194458e-03,3.407905097315866438e-03,3.320164356636179370e-03,3.234929200299385688e-03,3.151656404957459134e-03,3.069936525149863371e-03,2.989459679663575287e-03,2.909991268766787265e-03,2.831354393201146458e-03,2.753416888456650113e-03,2.676081595976098626e-03,2.599278942170768492e-03,2.522961187364392011e-03,2.447097899377581598e-03,2.371672335947816457e-03,2.296678508720895184e-03,2.222118762855745944e-03,2.148001749233824365e-03,2.074340696582993582e-03,2.001151912279203193e-03,1.928453455738582401e-03,1.856263938676772085e-03,1.784601413361036615e-03,1.713482313714903560e-03,1.642920415340087814e-03,1.572925778912936945e-03,1.503503636926140086e-03,1.434653175396899405e-03
9.803030303030304538e-01,1.326705999406402325e-03,1.390923482502054442e-03,1.455679416517502434e-03,1.520981795750303567e-03,1.586833217027489029e-03,1.653232167980966949e-03,1.720174218746539641e-03,1.787653171086922566e-03,1.855662211230513226e-03,1.924195109350296251e-03,1.993247508888823516e-03,2.062818352644435471e-03,2.132911500173390040e-03,2.203537602883637314e-03,2.274716321089470528e-03,2.346478992720862911e-03,2.418871899855651320e-03,2.491960331253761929e-03,2.565833714172349733e-03,2.640612198022751489e-03,2.716455234227643789e-03,2.793572939672861466e-03,2.872241403436393004e-03,2.952823678302907151e-03,3.035799129125438256e-03,3.121805336359251282e-03,3.211699328065864556e-03,3.306649396588590140e-03,3.408276840269897079e-03,3.518882137789669518e-03,3.641819814211688655e-03,3.782147608696939667e-03,3.947809239716548735e-03,4.151918724944692052e-03,4.417463116769437814e-03,4.787543741796296271e-03,5.347025949914541165e-03,6.232529228530792054e-03,6.852973955179586518e-03,2.378914298411388684e-03,8.103283798320676246e-04,1.359115925985449058e-03,1.844068435915141579e-03,2.181791184486775448e-03,2.423468397297512400e-03,2.604548534303807727e-03,2.745704257979875162e-03,2.859197975462690611e-03,2.952616198056090546e-03,3.030854947932204446e-03,3.097194221721499829e-03,3.153902604153102640e-03,3.202591740096571993e-03,3.244432217422765774e-03,3.280289575185169060e-03,3.310812554987496714e-03,3.336491821290032966e-03,3.357699844502182174e-03,3.374718409266452834e-03,3.387757752215170282e-03,3.396969858542153720e-03,3.402457532042491017e-03,3.404280264468539929e-03,3.402457532043712263e-03,3.396969858540654918e-03,3.387757752215114770e-03,3.374718409265176078e-03,3.357699844502626263e-03,3.336491821289255810e-03,3.310812554987330181e-03,3.280289575185002526e-03,3.244432217422821285e-03,3.202591740096738526e-03,3.153902604152936107e-03,3.097194221720445118e-03,3.030854947933370180e-03,2.952616198056645658e-03,2.859197975463467767e-03,2.745704257979209029e-03,2.604548534306139196e-03,2.423468397299788357e-03,2.181791184487053004e-03,1.844068435918055915e-03,1.359115925996690066e-03,8.103283798369109725e-04,2.378914298414996908e-03,6.852973955168151221e-03,6.232529228516470177e-03,5.347025949917760812e-03,4.787543741797906094e-03,4.417463116768549636e-03,4.151918724943692851e-03,3.947809239718658159e-03,3.782147608694663710e-03,3.641819814211744166e-03,3.518882137788059694e-03,3.408276840269397479e-03,3.306649396586314182e-03,3.211699328065364956e-03,3.121805336359473326e-03,3.035799129125771323e-03,2.952823678303795329e-03,2.872241403436281981e-03,2.793572939671751243e-03,2.716455234226811122e-03,2.640612198021585755e-03,2.565833714171183999e-03,2.491960331251874550e-03,2.418871899854097007e-03,2.346478992721529044e-03,2.274716321088887661e-03,2.203537602884941826e-03,2.132911500172640640e-03,2.062818352644851805e-03,1.993247508888074115e-03,1.924195109351267696e-03,1.855662211230041381e-03,1.787653171086672765e-03,1.720174218747566597e-03,1.653232167980717149e-03,1.586833217027350251e-03,1.520981795750803167e-03,1.455679416518751434e-03,1.390923482502054442e-03,1.326705999406319059e-03
9.840909090909091272e-01,1.221273932205890755e-03,1.280930203923308364e-03,1.341094587249430647e-03,1.401781972337756699e-03,1.463002561294418635e-03,1.524763238529985854e-03,1.587068857960755031e-03,1.649923507964501379e-03,1.713331808305296189e-03,1.777300291807615285e-03,1.841838926566002899e-03,1.906962842326193064e-03,1.972694337838115652e-03,2.039065266097733753e-03,2.106119923819510520e-03,2.173918613769532104e-03,2.242542109837292186e-03,2.312097343676267069e-03,2.382724762526489126e-03,2.454608003410352346e-03,2.527986825638539603e-03,2.603174703527721956e-03,2.680583209166365055e-03,2.760756495474858685e-03,2.844421155992926664e-03,2.932560112113402617e-03,3.026525166098581465e-03,3.128213890013775700e-03,3.240357722529008111e-03,3.367010876730747171e-03,3.514420474914958792e-03,3.692662744862795776e-03,3.918917017358469757e-03,4.224447601313074951e-03,4.669995274821370224e-03,5.372499556105192475e-03,6.374575989986253077e-03,4.958586305131351679e-03,9.036400266397986991e-04,9.245480277057654961e-04,1.412191843410348646e-03,1.780241547792577039e-03,2.043553104320638969e-03,2.238870903319645222e-03,2.389750018138570020e-03,2.510315283784425588e-03,2.609246984516255807e-03,2.692087852346702892e-03,2.762511698573832941e-03,2.823035527569517367e-03,2.875433639303204281e-03,2.920987423366938618e-03,2.960641276845421554e-03,2.995102957759621098e-03,3.024909944537523820e-03,3.050474355378862690e-03,3.072113960264410970e-03,3.090073931033110455e-03,3.104542263777654298e-03,3.115660763948313594e-03,3.123532829594433124e-03,3.128228844600289271e-03,3.129789710269004210e-03,3.128228844600067227e-03,3.123532829594044546e-03,3.115660763949756884e-03,3.104542263776599587e-03,3.090073931033276988e-03,3.072113960263189725e-03,3.050474355378862690e-03,3.024909944538134443e-03,2.995102957759732121e-03,2.960641276843922753e-03,2.920987423367327196e-03,2.875433639303148770e-03,2.823035527569239811e-03,2.762511698573388852e-03,2.692087852346480847e-03,2.609246984518920343e-03,2.510315283783648432e-03,2.389750018139291665e-03,2.238870903318757044e-03,2.043553104320278146e-03,1.780241547794464418e-03,1.412191843412208270e-03,9.245480277093875987e-04,9.036400266399374770e-04,4.958586305129575322e-03,6.374575989961606126e-03,5.372499556107745988e-03,4.669995274828142584e-03,4.224447601315350909e-03,3.918917017359635491e-03,3.692662744863017821e-03,3.514420474914625725e-03,3.367010876731912905e-03,3.240357722529896289e-03,3.128213890012832010e-03,3.026525166098303909e-03,2.932560112113680173e-03,2.844421155993037686e-03,2.760756495473692951e-03,2.680583209164588698e-03,2.603174703526556222e-03,2.527986825636152624e-03,2.454608003410740924e-03,2.382724762526544637e-03,2.312097343674657246e-03,2.242542109837597497e-03,2.173918613767672481e-03,2.106119923819510520e-03,2.039065266097178641e-03,1.972694337837616052e-03,1.906962842326914709e-03,1.841838926565753098e-03,1.777300291806477306e-03,1.713331808304602299e-03,1.649923507964029534e-03,1.587068857960532986e-03,1.524763238529847076e-03,1.463002561294141080e-03,1.401781972336535453e-03,1.341094587250429848e-03,1.280930203923558164e-03,1.221273932206196067e-03
9.878787878787880228e-01,1.119752664521467267e-03,1.174985586298221696e-03,1.230699707506305307e-03,1.286916544607608071e-03,1.343653698736818614e-03,1.400926323708417964e-03,1.458748530507647523e-03,1.517134797640595778e-03,1.576101452075900911e-03,1.635668286721514431e-03,1.695860387818520776e-03,1.756710259434801635e-03,1.818260354364720222e-03,1.880566153428270271e-03,1.943699983241925500e-03,2.007755832374030769e-03,2.072855528480577192e-03,2.139156791244045674e-03,2.206863905565792372e-03,2.276242111735771179e-03,2.347637360900434178e-03,2.421503967814431224e-03,2.498444144965916713e-03,2.579265856081369712e-03,2.665069708221889933e-03,2.757383338513774707e-03,2.858376302858178786e-03,2.971217096396139290e-03,3.100693147785049675e-03,3.254344154381749732e-03,3.444659663983162812e-03,3.693626342595401901e-03,4.042705429937398787e-03,4.574290845541839623e-03,5.425896141510455628e-03,6.120068140573198257e-03,2.407233531751484801e-03,6.590619480673493014e-04,9.969327598098043364e-04,1.386065378285256111e-03,1.673609365043543518e-03,1.885407409452199978e-03,2.047160703967820794e-03,2.175186544014329204e-03,2.279549206056163957e-03,2.366618171629031320e-03,2.440566345562167339e-03,2.504220178889293713e-03,2.559551852193198140e-03,2.607973433121912876e-03,2.650518575927518494e-03,2.687958287667213675e-03,2.720876785385573093e-03,2.749722459001735508e-03,2.774842867610871622e-03,2.796509228691845816e-03,2.814933825211141105e-03,2.830282528631766770e-03,2.842683876426110867e-03,2.852235660422641761e-03,2.859009668455814168e-03,2.863055011475157396e-03,2.864400322876659022e-03,2.863055011474713307e-03,2.859009668455536612e-03,2.852235660423363406e-03,2.842683876425389222e-03,2.830282528631988814e-03,2.814933825210474971e-03,2.796509228691956839e-03,2.774842867610538555e-03,2.749722459001568975e-03,2.720876785385184515e-03,2.687958287667602253e-03,2.650518575927351961e-03,2.607973433122190432e-03,2.559551852193087118e-03,2.504220178889182691e-03,2.440566345562056316e-03,2.366618171630030520e-03,2.279549206055830890e-03,2.175186544015383916e-03,2.047160703968292639e-03,1.885407409451117511e-03,1.673609365042461050e-03,1.386065378282591576e-03,9.969327598108451705e-04,6.590619480761339410e-04,2.407233531853514297e-03,6.120068140549994595e-03,5.425896141511676873e-03,4.574290845540951445e-03,4.042705429933290961e-03,3.693626342596734169e-03,3.444659663984772635e-03,3.254344154381028087e-03,3.100693147786215409e-03,2.971217096393197199e-03,2.858376302857568163e-03,2.757383338514163285e-03,2.665069708217726596e-03,2.579265856079648866e-03,2.498444144965028535e-03,2.421503967818205982e-03,2.347637360899434977e-03,2.276242111736825890e-03,2.206863905564016015e-03,2.139156791244545275e-03,2.072855528482964171e-03,2.007755832373864235e-03,1.943699983241786722e-03,1.880566153428575582e-03,1.818260354364942266e-03,1.756710259434940413e-03,1.695860387817604842e-03,1.635668286721986275e-03,1.576101452074984977e-03,1.517134797639735355e-03,1.458748530507064656e-03,1.400926323709666965e-03,1.343653698736790858e-03,1.286916544607524804e-03,1.230699707505694684e-03,1.174985586298415985e-03,1.119752664521050933e-03
9.916666666666666963e-01,1.025546023917744964e-03,1.076662770452291307e-03,1.128238746474552467e-03,1.180301928405319556e-03,1.232877212411054302e-03,1.285988003857679862e-03,1.339657770398877679e-03,1.393911639375494671e-03,1.448778118185500841e-03,1.504291022018183765e-03,1.560491707165712061e-03,1.617431731324087130e-03,1.675176098109021350e-03,1.733807295974970630e-03,1.793430419949698651e-03,1.854179780323678139e-03,1.916227575839896113e-03,1.979795472530077038e-03,2.045170337811264005e-03,2.112726025578437472e-03,2.182954155021510356e-03,2.256508567820836308e-03,2.334271133784870944e-03,2.417451864749509127e-03,2.507746025600221529e-03,2.607589594030290669e-03,2.720591959937068705e-03,2.852304385610904269e-03,3.011661802898357720e-03,3.213862751297702491e-03,3.486516360912850221e-03,3.883380319985474394e-03,4.511128456399893238e-03,5.471474239846840781e-03,4.996776911508016283e-03,1.096051288706323401e-03,6.600766116444389819e-04,1.009589599626131706e-03,1.319208243937886049e-03,1.550132561288219968e-03,1.724744247423665167e-03,1.861323447410245802e-03,1.971592121149223775e-03,2.062968908230933263e-03,2.140266349946684521e-03,2.206705173539158515e-03,2.264506452278436388e-03,2.315243698630231606e-03,2.360058265399311850e-03,2.399795110879066051e-03,2.435090825482266741e-03,2.466432201141066649e-03,2.494196116445801525e-03,2.518677263001756206e-03,2.540107769407662364e-03,2.558671305417759001e-03,2.574513346275786319e-03,2.587748711137483060e-03,2.598467126180170617e-03,2.606737324522379051e-03,2.612610034806728265e-03,2.616120099778018737e-03,2.617287887552000036e-03,2.616120099778074248e-03,2.612610034806062131e-03,2.606737324522157007e-03,2.598467126180059594e-03,2.587748711138926350e-03,2.574513346276452452e-03,2.558671305417259401e-03,2.540107769406885208e-03,2.518677263002366828e-03,2.494196116446745215e-03,2.466432201141455227e-03,2.435090825483099408e-03,2.399795110879288096e-03,2.360058265398479183e-03,2.315243698629343427e-03,2.264506452280434790e-03,2.206705173538658915e-03,2.140266349946184921e-03,2.062968908230378151e-03,1.971592121149612353e-03,1.861323447411772358e-03,1.724744247425497035e-03,1.550132561289135902e-03,1.319208243941993874e-03,1.009589599625188017e-03,6.600766116514888981e-04,1.096051288720742423e-03,4.996776911483480355e-03,5.471474239859941413e-03,4.511128456402002662e-03,3.883380319983420481e-03,3.486516360905800305e-03,3.213862751296092668e-03,3.011661802900023055e-03,2.852304385611736937e-03,2.720591959937568305e-03,2.607589594028347779e-03,2.507746025600554596e-03,2.417451864750841395e-03,2.334271133784426855e-03,2.256508567820392219e-03,2.182954155020677689e-03,2.112726025576994182e-03,2.045170337811985650e-03,1.979795472530077038e-03,1.916227575838785890e-03,1.854179780324261007e-03,1.793430419950309274e-03,1.733807295973999185e-03,1.675176098109021350e-03,1.617431731323337729e-03,1.560491707166267172e-03,1.504291022018461321e-03,1.448778118184640418e-03,1.393911639375494671e-03,1.339657770398017256e-03,1.285988003857985174e-03,1.232877212411331858e-03,1.180301928404819956e-03,1.128238746474358178e-03,1.076662770452485596e-03,1.025546023917689453e-03
9.954545454545455918e-01,9.392363977503981332e-04,9.865780357720399518e-04,1.034362238944458445e-03,1.082623396565174367e-03,1.131393730680996246e-03,1.180705038421742126e-03,1.230590435198103405e-03,1.281086194368286080e-03,1.332233781351943591e-03,1.384082192533775402e-03,1.436690732992934594e-03,1.490132404840888158e-03,1.544498135488514556e-03,1.599902160693417175e-03,1.656489005529837577e-03,1.714442699857487984e-03,1.773999161895273291e-03,1.835463147522919947e-03,1.899231904605613863e-03,1.965828885953702088e-03,2.035952919288042118e-03,2.110551783625180811e-03,2.190935527568327323e-03,2.278956808560328451e-03,2.377308880716577644e-03,2.490039839453228598e-03,2.623485985057516512e-03,2.788067793894954960e-03,3.001980774023915721e-03,3.299294932169571926e-03,3.748116758602759724e-03,4.477470763239010942e-03,5.398711765125741024e-03,3.270672353728187876e-03,6.570991110850105121e-04,6.787329288713145337e-04,9.827241601068903432e-04,1.232806464577906880e-03,1.422505505445342822e-03,1.569239065354832707e-03,1.686319444326900285e-03,1.782423689824647051e-03,1.863171330157564753e-03,1.932285408853318120e-03,1.992302757143238345e-03,2.044999579370487819e-03,2.091650496105601498e-03,2.133190270056317672e-03,2.170317541260569083e-03,2.203563115176943032e-03,2.233336006179309496e-03,2.259955163602112016e-03,2.283671761102168407e-03,2.304685127515693210e-03,2.323154304383290292e-03,2.339206536841664796e-03,2.352943574017551942e-03,2.364446375790085764e-03,2.373778638104284688e-03,2.380989424190738113e-03,2.386115102934294185e-03,2.389180734635509840e-03,2.390201000047664781e-03,2.389180734635398817e-03,2.386115102933461518e-03,2.380989424191792825e-03,2.373778638102896910e-03,2.364446375789419630e-03,2.352943574016497230e-03,2.339206536841054174e-03,2.323154304382402113e-03,2.304685127516969967e-03,2.283671761102668007e-03,2.259955163601889971e-03,2.233336006179087452e-03,2.203563115176221388e-03,2.170317541261734817e-03,2.133190270055818072e-03,2.091650496105768031e-03,2.044999579368822484e-03,1.992302757143848968e-03,1.932285408853928743e-03,1.863171330157509242e-03,1.782423689824702562e-03,1.686319444327094574e-03,1.569239065353195128e-03,1.422505505444232599e-03,1.232806464578573014e-03,9.827241601096381451e-04,6.787329288729798682e-04,6.570991110841500893e-04,3.270672353794912279e-03,5.398711765113417549e-03,4.477470763238011742e-03,3.748116758602759724e-03,3.299294932168073125e-03,3.001980774022638965e-03,2.788067793894899449e-03,2.623485985058071623e-03,2.490039839452229398e-03,2.377308880715300887e-03,2.278956808562104808e-03,2.190935527568715901e-03,2.110551783623515476e-03,2.035952919288097629e-03,1.965828885953369021e-03,1.899231904605280796e-03,1.835463147523253014e-03,1.773999161895467580e-03,1.714442699858570451e-03,1.656489005528810621e-03,1.599902160694055553e-03,1.544498135488764357e-03,1.490132404840638358e-03,1.436690732992185193e-03,1.384082192534580313e-03,1.332233781350333768e-03,1.281086194368036280e-03,1.230590435196438071e-03,1.180705038420798436e-03,1.131393730680524401e-03,1.082623396565590701e-03,1.034362238944624979e-03,9.865780357717068849e-04,9.392363977500373107e-04
9.992424242424242653e-01,8.558484546351552424e-04,8.995078381166810022e-04,9.435960489385386563e-04,9.881537462186895659e-04,1.033220443914878439e-03,1.078836436224223094e-03,1.125044774266781289e-03,1.171893409426444377e-03,1.219437627576147598e-03,1.267742920998210510e-03,1.316888483360367790e-03,1.366971573605352264e-03,1.418113086297329017e-03,1.470464804534749037e-03,1.524219022844969240e-03,1.579621554204324596e-03,1.636989650614290026e-03,1.696737197501074768e-03,1.759410916791992463e-03,1.825743654024492013e-03,1.896734940869893027e-03,1.973776531665527578e-03,2.058854878314253511e-03,2.154890904027151333e-03,2.266336994557083262e-03,2.400283533500247035e-03,2.568640518533671369e-03,2.792743320795043616e-03,3.113700843998645773e-03,3.615156363515947824e-03,4.435610146363733186e-03,5.009244989219063804e-03,1.871664608656453677e-03,5.213266259676135883e-04,6.745155804635388774e-04,9.280237430739912696e-04,1.132312031909138428e-03,1.290103389942814927e-03,1.414568801386933972e-03,1.515567333807060768e-03,1.599644132001976082e-03,1.671126351549867550e-03,1.732933643796952250e-03,1.787086445120655842e-03,1.835017949152306649e-03,1.877768025267456675e-03,1.916106486406832232e-03,1.950613389507416251e-03,1.981732609603936712e-03,2.009808387878175839e-03,2.035110777215354272e-03,2.057853686344368604e-03,2.078207887136029886e-03,2.096310527610001362e-03,2.112272176721330386e-03,2.126182095545325890e-03,2.138112212593024086e-03,2.148120136373388167e-03,2.156251439996814678e-03,2.162541384584826254e-03,2.167016200178173424e-03,2.169694008001044061e-03,2.170585442082428873e-03,2.169694008000988550e-03,2.167016200177840357e-03,2.162541384585603410e-03,2.156251439996093033e-03,2.148120136373221634e-03,2.138112212592635508e-03,2.126182095545436912e-03,2.112272176722218564e-03,2.096310527609612784e-03,2.078207887135530285e-03,2.057853686343535937e-03,2.035110777215021205e-03,2.009808387878619929e-03,1.981732609603270578e-03,1.950613389509248119e-03,1.916106486407442855e-03,1.877768025267012586e-03,1.835017949153694428e-03,1.787086445119878686e-03,1.732933643795508960e-03,1.671126351550034084e-03,1.599644132002975283e-03,1.515567333807504857e-03,1.414568801385879260e-03,1.290103389944535772e-03,1.132312031908527805e-03,9.280237430763782491e-04,6.745155804612906758e-04,5.213266259924409507e-04,1.871664608628920146e-03,5.009244989221062205e-03,4.435610146354518335e-03,3.615156363515503735e-03,3.113700844001365819e-03,2.792743320796264861e-03,2.568640518530562744e-03,2.400283533501523792e-03,2.266336994557027751e-03,2.154890904026207643e-03,2.058854878316696002e-03,1.973776531666138201e-03,1.896734940871058761e-03,1.825743654024325480e-03,1.759410916791381840e-03,1.696737197499575966e-03,1.636989650615289227e-03,1.579621554204879708e-03,1.524219022844136573e-03,1.470464804533944125e-03,1.418113086296496350e-03,1.366971573604408574e-03,1.316888483359313078e-03,1.267742920998654599e-03,1.219437627575842287e-03,1.171893409426000288e-03,1.125044774267003334e-03,1.078836436223085116e-03,1.033220443916044173e-03,9.881537462184120102e-04,9.435960489389827455e-04,8.995078381159871128e-04,8.558484546357936207e-04
1.003030303030303161e+00,7.823689303780856363e-04,8.227970221518221550e-04,8.636465736004406146e-04,9.049647802372162708e-04,9.467988375428670889e-04,9.891981051986520335e-04,1.032216391093687680e-03,1.075914498040925205e-03,1.120363195174611803e-03,1.165646813961196404e-03,1.211867731014337757e-03,1.259152096382581965e-03,1.307657313832311097e-03,1.357582007060903484e-03,1.409179560533269093e-03,1.462776887687283756e-03,1.518800996816449533e-03,1.577817457448116301e-03,1.640587507371615850e-03,1.708155233507036019e-03,1.781984934397740084e-03,1.864185506209703469e-03,1.957892578861031296e-03,2.067951591019412394e-03,2.202209617935768637e-03,2.374122196839523191e-03,2.608396845443283762e-03,2.953907274250600068e-03,3.510607390509679071e-03,4.396574505776129627e-03,4.256692974114795192e-03,1.099984494871641960e-03,4.754290803824501310e-04,6.533567201169182548e-04,8.643496454035781706e-04,1.034189043875310965e-03,1.167665870194595223e-03,1.274753613311668810e-03,1.362915115886431661e-03,1.437198895800462228e-03,1.501005505878838520e-03,1.556666624043023806e-03,1.605817775456930274e-03,1.649632355969599118e-03,1.688969924048044913e-03,1.724472013890587796e-03,1.756625425766544790e-03,1.785804961660197865e-03,1.812302886470162910e-03,1.836349630260081245e-03,1.858128591016028341e-03,1.877786886383514542e-03,1.895443272908470256e-03,1.911194050925490995e-03,1.925117513824570192e-03,1.937277329089770461e-03,1.947725123441046424e-03,1.956502465802367752e-03,1.963642387034392200e-03,1.969170536765929569e-03,1.973106049672435081e-03,1.975462173002873190e-03,1.976246691430316726e-03,1.975462173003039723e-03,1.973106049672490592e-03,1.969170536766373658e-03,1.963642387034614245e-03,1.956502465802256729e-03,1.947725123440380290e-03,1.937277329088382682e-03,1.925117513825069793e-03,1.911194050925102417e-03,1.895443272907748611e-03,1.877786886384791298e-03,1.858128591015639763e-03,1.836349630259359600e-03,1.812302886469385754e-03,1.785804961660142354e-03,1.756625425767044391e-03,1.724472013890254729e-03,1.688969924047822868e-03,1.649632355969155029e-03,1.605817775455542495e-03,1.556666624042302161e-03,1.501005505879504653e-03,1.437198895801072851e-03,1.362915115886764728e-03,1.274753613311419009e-03,1.167665870195788713e-03,1.034189043874894631e-03,8.643496454025789699e-04,6.533567201146561754e-04,4.754290803850452773e-04,1.099984494885797304e-03,4.256692974148323927e-03,4.396574505787897991e-03,3.510607390515008142e-03,2.953907274250489046e-03,2.608396845443727852e-03,2.374122196839023591e-03,2.202209617934713926e-03,2.067951591019578927e-03,1.957892578861253341e-03,1.864185506210869203e-03,1.781984934396296794e-03,1.708155233507147042e-03,1.640587507371005227e-03,1.577817457448060789e-03,1.518800996815644622e-03,1.462776887687561311e-03,1.409179560532936026e-03,1.357582007061708396e-03,1.307657313833116008e-03,1.259152096382443187e-03,1.211867731013727134e-03,1.165646813960807826e-03,1.120363195175388960e-03,1.075914498042285228e-03,1.032216391094659125e-03,9.891981051986520335e-04,9.467988375441438453e-04,9.049647802362170701e-04,8.636465735997189697e-04,8.227970221524605332e-04,7.823689303764758129e-04
1.006818181818181834e+00,7.129863399577829330e-04,7.503431977008701015e-04,7.881178659119580932e-04,8.263642012702188122e-04,8.651373703280340610e-04,9.044963101051406440e-04,9.445064012493509242e-04,9.852425345792392708e-04,1.026792786548880176e-03,1.069262980906232618e-03,1.112782513016941088e-03,1.157511967755264770e-03,1.203653302097373867e-03,1.251463741354208459e-03,1.301275143766184028e-03,1.353521581682282093e-03,1.408779562004025543e-03,1.467828218858213685e-03,1.531742048144546509e-03,1.602038554996909614e-03,1.680922363285430876e-03,1.771706802257133617e-03,1.879579942661413483e-03,2.013081361306456873e-03,2.187148563142615743e-03,2.429866355482201978e-03,2.798098489935729738e-03,3.406701607766349227e-03,4.297502068634884154e-03,3.273544638638492543e-03,7.198901173320199076e-04,4.489753952966468731e-04,6.172378516699494888e-04,7.929810435780282329e-04,9.354244561477209619e-04,1.049181073043331525e-03,1.141812428439303861e-03,1.219036471917955833e-03,1.284794938372774142e-03,1.341788756412304329e-03,1.391896812739712441e-03,1.436452954464817466e-03,1.476423778834168310e-03,1.512523340986560161e-03,1.545288390692123315e-03,1.575128707804629435e-03,1.602361464130175328e-03,1.627235138335292319e-03,1.649946462248697010e-03,1.670652629020108471e-03,1.689480220749939310e-03,1.706531825742818587e-03,1.721891002387176961e-03,1.735626041845794720e-03,1.747792845407214468e-03,1.758437140143787047e-03,1.767596193060383403e-03,1.775300139657542964e-03,1.781573011390036321e-03,1.786433523845998295e-03,1.789895670764929392e-03,1.791969156579809042e-03,1.792659690389386551e-03,1.791969156579475975e-03,1.789895670764152236e-03,1.786433523845110116e-03,1.781573011391368588e-03,1.775300139657043363e-03,1.767596193060827492e-03,1.758437140143342958e-03,1.747792845407269979e-03,1.735626041846016765e-03,1.721891002388509229e-03,1.706531825743040631e-03,1.689480220749883799e-03,1.670652629019386826e-03,1.649946462248863543e-03,1.627235138334848230e-03,1.602361464131507596e-03,1.575128707804573924e-03,1.545288390691790248e-03,1.512523340985172382e-03,1.476423778835500578e-03,1.436452954464595422e-03,1.391896812739046307e-03,1.341788756411721462e-03,1.284794938373079454e-03,1.219036471916290498e-03,1.141812428439331617e-03,1.049181073043720103e-03,9.354244561479985176e-04,7.929810435798878565e-04,6.172378516700050000e-04,4.489753952951758276e-04,7.198901173490618310e-04,3.273544638701109122e-03,4.297502068648983986e-03,3.406701607766238205e-03,2.798098489934064403e-03,2.429866355477261486e-03,2.187148563142282676e-03,2.013081361307011985e-03,1.879579942660136727e-03,1.771706802256411972e-03,1.680922363284043097e-03,1.602038554994911213e-03,1.531742048144324464e-03,1.467828218857825107e-03,1.408779562006134967e-03,1.353521581682642916e-03,1.301275143765823206e-03,1.251463741352959458e-03,1.203653302097096311e-03,1.157511967757096638e-03,1.112782513016885577e-03,1.069262980906510174e-03,1.026792786548769154e-03,9.852425345776294474e-04,9.445064012493509242e-04,9.044963101054181998e-04,8.651373703269238380e-04,8.263642012706351458e-04,7.881178659117360485e-04,7.503431977014807241e-04,7.129863399575331329e-04
1.010606060606060730e+00,6.468171402308209306e-04,6.812176773560441045e-04,7.160355635404125341e-04,7.513314420482530842e-04,7.871687722884324057e-04,8.236166573554470904e-04,8.607530092162030133e-04,8.986682853359129197e-04,9.374700887185005715e-04,9.772890221689534140e-04,1.018286345314617369e-03,1.060664231351260423e-03,1.104679815169762325e-03,1.150664861981093301e-03,1.199053939893168774e-03,1.250425771532559516e-03,1.305565582934653523e-03,1.365561982870688862e-03,1.431962727560076587e-03,1.507035184606930756e-03,1.594222142058288050e-03,1.698982944552673846e-03,1.830444690804511332e-03,2.004879760228561736e-03,2.253572793424918341e-03,2.641126503075019727e-03,3.293353519058905832e-03,4.097076159826906760e-03,2.354807606846809342e-03,5.293559732325453515e-04,4.227019599683801143e-04,5.711464543824568141e-04,7.177638708444622484e-04,8.378374255183229646e-04,9.351506192594449818e-04,1.015439259266281979e-03,1.083117735064170750e-03,1.141287237131499710e-03,1.192107055304841845e-03,1.237099207352404528e-03,1.277355966304849488e-03,1.313676002527075504e-03,1.346653753206306092e-03,1.376738875663419126e-03,1.404276497989465078e-03,1.429534975918189676e-03,1.452725380821195955e-03,1.474015415631912962e-03,1.493539508727326215e-03,1.511406241166135533e-03,1.527703883262454543e-03,1.542504570151093102e-03,1.555867483578055044e-03,1.567841298117933491e-03,1.578466075777162914e-03,1.587774741645786580e-03,1.595794237197356580e-03,1.602546422209416566e-03,1.608048777728909862e-03,1.612314948936766079e-03,1.615355156576847584e-03,1.617176497857975015e-03,1.617783151651286389e-03,1.617176497856587236e-03,1.615355156576181450e-03,1.612314948936433012e-03,1.608048777729353951e-03,1.602546422208639409e-03,1.595794237197245558e-03,1.587774741644787380e-03,1.578466075776940869e-03,1.567841298117544913e-03,1.555867483579997934e-03,1.542504570150926568e-03,1.527703883262621076e-03,1.511406241166246556e-03,1.493539508727603771e-03,1.474015415632023984e-03,1.452725380820862888e-03,1.429534975918744788e-03,1.404276497989853656e-03,1.376738875663197081e-03,1.346653753206195070e-03,1.313676002527242037e-03,1.277355966304349888e-03,1.237099207352904129e-03,1.192107055304203467e-03,1.141287237132471155e-03,1.083117735063948706e-03,1.015439259266642802e-03,9.351506192612490942e-04,8.378374255182952091e-04,7.177638708426303804e-04,5.711464543801808569e-04,4.227019599694348262e-04,5.293559732083702452e-04,2.354807606860576108e-03,4.097076159818469065e-03,3.293353519062902635e-03,2.641126503071911102e-03,2.253572793424696297e-03,2.004879760227062935e-03,1.830444690806509733e-03,1.698982944554061625e-03,1.594222142057954983e-03,1.507035184606486666e-03,1.431962727557412052e-03,1.365561982870244773e-03,1.305565582933487789e-03,1.250425771531255004e-03,1.199053939894140219e-03,1.150664861980482678e-03,1.104679815170622748e-03,1.060664231352620446e-03,1.018286345313007546e-03,9.772890221685925916e-04,9.374700887184173048e-04,8.986682853369398760e-04,8.607530092161197466e-04,8.236166573553083126e-04,7.871687722883768945e-04,7.513314420476147060e-04,7.160355635402737562e-04,6.812176773564604382e-04,6.468171402308903195e-04
1.014393939393939403e+00,5.883793509173090852e-04,6.201827497968881442e-04,6.524093533890884533e-04,6.851272854950241076e-04,7.184092603484681927e-04,7.523358925830003763e-04,7.869995177023081379e-04,8.225088337125152638e-04,8.589947698360855810e-04,8.966181461618483173e-04,9.355799417437582477e-04,9.761353955015372730e-04,1.018613827433789698e-03,1.063447172293036092e-03,1.111212110537329600e-03,1.162694030235361664e-03,1.218987201629218031e-03,1.281657315300388511e-03,1.353016162335518580e-03,1.436608297885888508e-03,1.538122241591666217e-03,1.667209866856367295e-03,1.841392705552613585e-03,2.095063951035758265e-03,2.500362531218325302e-03,3.188439160051736998e-03,3.807020636444446993e-03,1.676359287175077650e-03,4.276504457037394458e-04,3.955646330418977064e-04,5.235174906923628635e-04,6.469237945535555312e-04,7.491967938587362763e-04,8.332117924910731332e-04,9.033471063175924076e-04,9.630518444082303287e-04,1.014796086101915629e-03,1.060326191420379871e-03,1.100888290508472700e-03,1.137385596164081081e-03,1.170483941203337430e-03,1.200682247225470789e-03,1.228360047445309355e-03,1.253810024605561679e-03,1.277260663775536820e-03,1.298892287519948230e-03,1.318848588422960599e-03,1.337245047304813639e-03,1.354175162862181203e-03,1.369715119731163000e-03,1.383927326231826349e-03,1.396863122767488807e-03,1.408564873845330467e-03,1.419067596322098890e-03,1.428400234501081556e-03,1.436586663183470058e-03,1.443646478536619870e-03,1.449595621426269521e-03,1.454446866556380336e-03,1.458210202394061294e-03,1.460893120503015119e-03,1.462500827966728423e-03,1.463036392670147290e-03,1.462500827967616601e-03,1.460893120503181652e-03,1.458210202394061294e-03,1.454446866555159090e-03,1.449595621427102188e-03,1.443646478536897426e-03,1.436586663183858636e-03,1.428400234500804000e-03,1.419067596321765823e-03,1.408564873846163135e-03,1.396863122767100229e-03,1.383927326232325949e-03,1.369715119731718111e-03,1.354175162862070181e-03,1.337245047304980172e-03,1.318848588422016910e-03,1.298892287520003741e-03,1.277260663775647842e-03,1.253810024605617190e-03,1.228360047445309355e-03,1.200682247226358967e-03,1.170483941202615785e-03,1.137385596163748014e-03,1.100888290508833522e-03,1.060326191419408426e-03,1.014796086102831563e-03,9.630518444066482608e-04,9.033471063179809857e-04,8.332117924917670226e-04,7.491967938568766527e-04,6.469237945505579290e-04,5.235174906883938162e-04,3.955646330488782336e-04,4.276504456973417856e-04,1.676359287161810485e-03,3.807020636499847122e-03,3.188439160042966236e-03,2.500362531226874019e-03,2.095063951036812977e-03,1.841392705553668296e-03,1.667209866852648048e-03,1.538122241593165018e-03,1.436608297888053443e-03,1.353016162337405959e-03,1.281657315299333799e-03,1.218987201627996786e-03,1.162694030234667775e-03,1.111212110538079001e-03,1.063447172293258136e-03,1.018613827431819052e-03,9.761353955012597172e-04,9.355799417431476250e-04,8.966181461612654502e-04,8.589947698341982019e-04,8.225088337123764859e-04,7.869995177021138488e-04,7.523358925838885547e-04,7.184092603471636806e-04,6.851272854946910407e-04,6.524093533892549868e-04,6.201827497973322334e-04,5.883793509177531744e-04
1.018181818181818299e+00,5.315746537047361109e-04,5.608163690297152115e-04,5.904894497097412653e-04,6.206697336785804708e-04,6.514397226717039135e-04,6.828924943523828617e-04,7.151363601412830118e-04,7.483006891678967154e-04,7.825434716029755489e-04,8.180614468857316801e-04,8.551040328536874124e-04,8.939929666095802752e-04,9.351507010137427578e-04,9.791425564359690359e-04,1.026741115860541065e-03,1.079027812817268117e-03,1.137559155223288876e-03,1.204650396930573297e-03,1.283883923512474379e-03,1.381074035440743586e-03,1.506223934461592417e-03,1.677802588722521193e-03,1.932759924836213727e-03,2.349465475082412880e-03,3.055281689991029559e-03,3.405213458809508431e-03,1.213012986566175400e-03,3.631049301930644457e-04,3.638492991295122492e-04,4.720983723661559273e-04,5.758016065156856822e-04,6.628361957904949087e-04,7.352341291259611999e-04,7.963167782244207071e-04,8.487779971864395367e-04,8.945859523984411865e-04,9.351531245750666077e-04,9.714992073804329387e-04,1.004370183520203463e-03,1.034320131056587488e-03,1.061766797576635390e-03,1.087029585774390572e-03,1.110355847016186726e-03,1.131939354566291467e-03,1.151933482320288693e-03,1.170460747175694483e-03,1.187619816081675328e-03,1.203490719027477951e-03,1.218138774241039890e-03,1.231617576281929249e-03,1.243971293393264510e-03,1.255236449410335187e-03,1.265443316569969667e-03,1.274617011210066320e-03,1.282778360203407075e-03,1.289944588426850114e-03,1.296129865034967299e-03,1.301345736945624942e-03,1.305601471025319427e-03,1.308904321209780619e-03,1.311259732799774369e-03,1.312671492947059537e-03,1.313141833843123329e-03,1.312671492947226071e-03,1.311259732799330280e-03,1.308904321210002664e-03,1.305601471025430449e-03,1.301345736945624942e-03,1.296129865034634232e-03,1.289944588425684380e-03,1.282778360203573609e-03,1.274617011209622230e-03,1.265443316569248022e-03,1.255236449410446209e-03,1.243971293392709399e-03,1.231617576282262316e-03,1.218138774240651312e-03,1.203490719027033862e-03,1.187619816080787150e-03,1.170460747176582661e-03,1.151933482320233182e-03,1.131939354565569822e-03,1.110355847016575304e-03,1.087029585774279550e-03,1.061766797575913746e-03,1.034320131057753223e-03,1.004370183520314486e-03,9.714992073806827388e-04,9.351531245752331412e-04,8.945859523977472971e-04,8.487779971860232031e-04,7.963167782241986625e-04,7.352341291282649127e-04,6.628361957932982218e-04,5.758016065144089257e-04,4.720983723683486177e-04,3.638492991310249280e-04,3.631049301963673592e-04,1.213012986547301608e-03,3.405213458817835104e-03,3.055281689995914540e-03,2.349465475087297861e-03,1.932759924845206534e-03,1.677802588724963684e-03,1.506223934462203040e-03,1.381074035442020342e-03,1.283883923514472780e-03,1.204650396929296541e-03,1.137559155223011320e-03,1.079027812817712206e-03,1.026741115860096976e-03,9.791425564349975907e-04,9.351507010149917587e-04,8.939929666109958095e-04,8.551040328530767898e-04,8.180614468864255695e-04,7.825434716038359717e-04,7.483006891686738715e-04,7.151363601406168780e-04,6.828924943519665280e-04,6.514397226727031143e-04,6.206697336784416930e-04,5.904894497097135098e-04,5.608163690296874559e-04,5.315746537061100119e-04
1.021969696969696972e+00,4.794687344313042221e-04,5.063520895088324814e-04,5.336795844290420643e-04,5.615355184981907222e-04,5.900133307645549774e-04,6.192202958130166301e-04,6.492832922030955523e-04,6.803562258620998726e-04,7.126299356665088958e-04,7.463458149412072196e-04,7.818150583997485192e-04,8.194465876580625530e-04,8.597886966743018000e-04,9.035930313812112757e-04,9.519161896159589187e-04,1.006287246448744899e-03,1.068996221582796391e-03,1.143616525158264174e-03,1.236008770683971747e-03,1.356386594024094894e-03,1.523904655580943235e-03,1.777549100060227261e-03,2.200553468188592987e-03,2.906911873884809872e-03,2.959169979531273142e-03,9.121249790635665988e-04,3.175567941791079818e-04,3.309683017377607062e-04,4.218310122901525183e-04,5.091944099530065770e-04,5.834763129012598970e-04,6.459950447035289756e-04,6.992579740026372281e-04,7.453735057461607916e-04,7.859153343379721157e-04,8.220299459913704698e-04,8.545544367164481514e-04,8.841066502309480324e-04,9.111487447572563791e-04,9.360311629670603484e-04,9.590230981677549948e-04,9.803338126774252537e-04,1.000127749716639425e-03,1.018535395635622454e-03,1.035661196052750643e-03,1.051589401786401368e-03,1.066388439999121918e-03,1.080114220515293599e-03,1.092812663332665135e-03,1.104521649519907278e-03,1.115272540129441659e-03,1.125091367944863752e-03,1.133999778701322292e-03,1.142015778592464503e-03,1.149154330377599731e-03,1.155427830004274181e-03,1.160846487905708990e-03,1.165418633394310621e-03,1.169150956189857204e-03,1.172048695804783769e-03,1.174115786922669269e-03,1.175354966790165268e-03,1.175767849032227641e-03,1.175354966790664868e-03,1.174115786922447224e-03,1.172048695804839280e-03,1.169150956189746182e-03,1.165418633394421644e-03,1.160846487905098368e-03,1.155427830003274980e-03,1.149154330377821775e-03,1.142015778592464503e-03,1.133999778701433314e-03,1.125091367944752729e-03,1.115272540129719214e-03,1.104521649519185633e-03,1.092812663332776157e-03,1.080114220515460133e-03,1.066388439999343962e-03,1.051589401787123013e-03,1.035661196053139221e-03,1.018535395636344099e-03,1.000127749716805958e-03,9.803338126785909878e-04,9.590230981687541956e-04,9.360311629669493261e-04,9.111487447571176013e-04,8.841066502314476327e-04,8.545544367171420408e-04,8.220299459900659578e-04,7.859153343371116929e-04,7.453735057467991698e-04,6.992579740039417402e-04,6.459950447053885991e-04,5.834763129012598970e-04,5.091944099523126877e-04,4.218310122858504041e-04,3.309683017335418587e-04,3.175567941557794205e-04,9.121249790381980027e-04,2.959169979498965652e-03,2.906911873887252362e-03,2.200553468202914864e-03,1.777549100053010811e-03,1.523904655584218393e-03,1.356386594026093295e-03,1.236008770686081171e-03,1.143616525164148356e-03,1.068996221583740081e-03,1.006287246448855921e-03,9.519161896125727385e-04,9.035930313821272097e-04,8.597886966735523995e-04,8.194465876582290864e-04,7.818150583992766745e-04,7.463458149400414854e-04,7.126299356658427619e-04,6.803562258619610947e-04,6.492832922025959519e-04,6.192202958137937863e-04,5.900133307630839319e-04,5.615355184984960335e-04,5.336795844288200197e-04,5.063520895093598373e-04,4.794687344307352328e-04
1.025757575757575868e+00,4.315970676909142156e-04,4.563047796096453279e-04,4.814740625350144576e-04,5.071986333572142680e-04,5.335843415800456402e-04,5.607548949559115758e-04,5.888591175550739187e-04,6.180805657745869208e-04,6.486507219310710948e-04,6.808676500628108030e-04,7.151231341243347028e-04,7.519433070208858538e-04,7.920513768078507599e-04,8.364678247527457255e-04,8.866767669105102279e-04,9.449147506987998213e-04,1.014698806468761205e-03,1.101852484337861871e-03,1.216645245548098053e-03,1.378612938225887152e-03,1.628128982888610299e-03,2.051583768547415865e-03,2.740684675766491551e-03,2.521200295643066802e-03,7.147853532964154599e-04,2.816913616913718776e-04,2.980245082245258637e-04,3.738142296192265013e-04,4.474821796359440551e-04,5.109633231529520092e-04,5.649896753590621934e-04,6.114344764013290856e-04,6.519461179967933617e-04,6.877842460253080770e-04,7.198809230485880839e-04,7.489244170178765980e-04,7.754271256947553592e-04,7.997749364044848264e-04,8.222620419564008465e-04,8.431154091786685623e-04,8.625120901130656215e-04,8.805916031399130262e-04,8.974648985942135226e-04,9.132209341475294728e-04,9.279315573382240778e-04,9.416551740759060429e-04,9.544395355871038156e-04,9.663238773500726353e-04,9.773405761643316758e-04,9.875164448409634588e-04,9.968737515035352992e-04,1.005431027458036919e-03,1.013203711154819775e-03,1.020204663879809015e-03,1.026444584115548952e-03,1.031932341060748382e-03,1.036675243083373665e-03,1.040679253121734593e-03,1.043949160410895249e-03,1.046488715653548507e-03,1.048300735105867076e-03,1.049387177686489370e-03,1.049749198054839017e-03,1.049387177685656702e-03,1.048300735106089121e-03,1.046488715652937884e-03,1.043949160410784227e-03,1.040679253121679082e-03,1.036675243082985087e-03,1.031932341060970426e-03,1.026444584114327707e-03,1.020204663879364926e-03,1.013203711153876085e-03,1.005431027457315274e-03,9.968737515045900111e-04,9.875164448411299922e-04,9.773405761645537204e-04,9.663238773509053026e-04,9.544395355881585274e-04,9.416551740761280875e-04,9.279315573377244775e-04,9.132209341479735620e-04,8.974648985943800561e-04,8.805916031399130262e-04,8.625120901146754449e-04,8.431154091787795846e-04,8.222620419561788019e-04,7.997749364049011600e-04,7.754271256948663815e-04,7.489244170184872207e-04,7.198809230498370848e-04,6.877842460246696987e-04,6.519461179982088961e-04,6.114344764006907074e-04,5.649896753591454601e-04,5.109633231530630315e-04,4.474821796348615877e-04,3.738142296199620240e-04,2.980245082244287191e-04,2.816913617027516636e-04,7.147853533104042700e-04,2.521200295606318420e-03,2.740684675790250324e-03,2.051583768533871144e-03,1.628128982881060782e-03,1.378612938225942663e-03,1.216645245550540544e-03,1.101852484334975291e-03,1.014698806471203696e-03,9.449147507006872004e-04,8.866767669096775606e-04,8.364678247544665712e-04,7.920513768101822283e-04,7.519433070188874524e-04,7.151231341240571471e-04,6.808676500639487816e-04,6.486507219311266059e-04,6.180805657753363214e-04,5.888591175559620972e-04,5.607548949568552654e-04,5.335843415810170853e-04,5.071986333565758898e-04,4.814740625339597457e-04,4.563047796086461272e-04,4.315970676904146153e-04
1.029545454545454763e+00,3.848263126239592768e-04,4.073633678628729715e-04,4.303808123602426150e-04,4.539822632824430659e-04,4.782870223262181142e-04,5.034371202808640700e-04,5.296065344679024012e-04,5.570137680960540738e-04,5.859396179303810737e-04,6.167530573157053997e-04,6.499501036791310860e-04,6.862140768469915386e-04,7.265123539208773185e-04,7.722580056782057945e-04,8.255924316316054501e-04,8.899065754964241570e-04,9.708639144087594097e-04,1.078558622314262916e-03,1.232440881220597806e-03,1.473247670007449273e-03,1.888024191704862353e-03,2.539442155069626672e-03,2.113323621498408578e-03,5.769952713108872366e-04,2.495377637677931304e-04,2.640469295240172043e-04,3.264060862025602860e-04,3.880440510516391939e-04,4.418997865430485117e-04,4.882290663805188835e-04,5.283963172289518617e-04,5.636750743732710234e-04,5.950649748978353859e-04,6.233180480323952111e-04,6.489960885597834128e-04,6.725209583831881499e-04,6.942124780462133327e-04,7.143157456122040116e-04,7.330206319079712873e-04,7.504757328627154056e-04,7.667984397047855616e-04,7.820822858637388464e-04,7.964023692002553112e-04,8.098194001120440078e-04,8.223827575502551390e-04,8.341328204805598112e-04,8.451027641002695212e-04,8.553199563123281557e-04,8.648070524331363806e-04,8.735828598144812496e-04,8.816630252967971870e-04,8.890605850080945949e-04,8.957864061910347786e-04,9.018495436776130525e-04,9.072575282134121011e-04,9.120165999283447178e-04,9.161318972544241213e-04,9.196076092291005644e-04,9.224470973897558324e-04,9.246529920635127020e-04,9.262272667237558821e-04,9.271712931875897290e-04,9.274858796875506961e-04,9.271712931863684837e-04,9.262272667236448598e-04,9.246529920642898581e-04,9.224470973909215665e-04,9.196076092281568748e-04,9.161318972550902551e-04,9.120165999284002289e-04,9.072575282139117014e-04,9.018495436789453201e-04,8.957864061910347786e-04,8.890605850077060168e-04,8.816630252965751424e-04,8.735828598137040935e-04,8.648070524335804699e-04,8.553199563116620219e-04,8.451027641004915658e-04,8.341328204809483893e-04,8.223827575506437171e-04,8.098194001117109408e-04,7.964023692008104227e-04,7.820822858631837349e-04,7.667984397052296508e-04,7.504757328640476732e-04,7.330206319083598654e-04,7.143157456123150340e-04,6.942124780470737555e-04,6.725209583824942605e-04,6.489960885591727902e-04,6.233180480329225670e-04,5.950649748973080300e-04,5.636750743722995782e-04,5.283963172290906396e-04,4.882290663815458398e-04,4.418997865447138462e-04,3.880440510559968192e-04,3.264060861987994056e-04,2.640469295273339956e-04,2.495377637675433302e-04,5.769952713356729657e-04,2.113323621559359822e-03,2.539442155076621077e-03,1.888024191703308041e-03,1.473247669990240816e-03,1.232440881217322648e-03,1.078558622314429449e-03,9.708639144077602090e-04,8.899065754957025121e-04,8.255924316364349203e-04,7.722580056777894608e-04,7.265123539221540749e-04,6.862140768475466501e-04,6.499501036774102403e-04,6.167530573168711339e-04,5.859396179296316731e-04,5.570137680955267179e-04,5.296065344664313557e-04,5.034371202805310030e-04,4.782870223248025798e-04,4.539822632819989767e-04,4.303808123622410164e-04,4.073633678629839938e-04,3.848263126236123322e-04
1.033333333333333437e+00,3.470756398837870904e-04,3.679157037108360395e-04,3.892668551330469295e-04,4.112456375263973118e-04,4.339889310351896512e-04,4.576628906325375112e-04,4.824750227609142517e-04,5.086911791241655045e-04,5.366603086364718500e-04,5.668516999051687044e-04,5.999129140425440987e-04,6.367632155175884101e-04,6.787504925931109323e-04,7.279273948510023295e-04,7.875644008542015406e-04,8.631657579090679100e-04,9.646349106196550061e-04,1.111271609946340444e-03,1.343964722418766744e-03,1.749725566252857689e-03,2.360914610397113478e-03,1.796918411732351117e-03,4.870556312610019312e-04,2.245620280384164058e-04,2.353373148255566427e-04,2.869741256011637542e-04,3.391707130457055630e-04,3.854449667661519197e-04,4.256737809432975528e-04,4.608355022706345228e-04,4.919193440658664596e-04,5.197267428858898253e-04,5.448717180403239713e-04,5.678186034678567307e-04,5.889191687209471837e-04,6.084418776118594163e-04,6.265935291840940558e-04,6.435349656361277759e-04,6.593924541060947053e-04,6.742659804946371516e-04,6.882353471408253487e-04,7.013647019235014213e-04,7.137059380122323660e-04,7.253012725584873088e-04,7.361852222119713574e-04,7.463861308187880184e-04,7.559273612202654924e-04,7.648282324876354288e-04,7.731047624317533007e-04,7.807702597214527529e-04,7.878357988500561682e-04,7.943106030469659906e-04,8.002023542578728943e-04,8.055174448869384385e-04,8.102611826257266614e-04,8.144379572105342469e-04,8.180513759679652885e-04,8.211043735575351832e-04,8.235993001264318991e-04,8.255379911285554151e-04,8.269218214023155156e-04,8.277517453844085438e-04,8.280283248857100986e-04,8.277517453855187668e-04,8.269218214023710267e-04,8.255379911285554151e-04,8.235993001252106538e-04,8.211043735582013170e-04,8.180513759675211993e-04,8.144379572100346465e-04,8.102611826262817729e-04,8.055174448867163939e-04,8.002023542581504501e-04,7.943106030467439460e-04,7.878357988504447462e-04,7.807702597221188867e-04,7.731047624325859680e-04,7.648282324873023619e-04,7.559273612200434478e-04,7.463861308190655741e-04,7.361852222117493127e-04,7.253012725589313980e-04,7.137059380107890760e-04,7.013647019225022206e-04,6.882353471411029044e-04,6.742659804942208179e-04,6.593924541060391942e-04,6.435349656362665538e-04,6.265935291839830334e-04,6.084418776111932825e-04,5.889191687203643166e-04,5.678186034672183524e-04,5.448717180404072380e-04,5.197267428846408244e-04,4.919193440659774819e-04,4.608355022699961445e-04,4.256737809416044627e-04,3.854449667672898983e-04,3.391707130474125309e-04,2.869741256024682663e-04,2.353373148240994750e-04,2.245620280254545520e-04,4.870556312542850819e-04,1.796918411728798404e-03,2.360914610403330727e-03,1.749725566258963916e-03,1.343964722425483593e-03,1.111271609953057293e-03,9.646349106176566046e-04,8.631657579110663114e-04,7.875644008506488269e-04,7.279273948502251734e-04,6.787504925923337762e-04,6.367632155160618534e-04,5.999129140444037223e-04,5.668516999039197035e-04,5.366603086357224495e-04,5.086911791243875491e-04,4.824750227608309849e-04,4.576628906308721767e-04,4.339889310365774300e-04,4.112456375263695563e-04,3.892668551339073524e-04,3.679157037109470618e-04,3.470756398834817791e-04
