nan,-5.000000000000000000e+00,-4.919354838709677047e+00,-4.838709677419354982e+00,-4.758064516129032029e+00,-4.677419354838709964e+00,-4.596774193548387011e+00,-4.516129032258064058e+00,-4.435483870967741993e+00,-4.354838709677419040e+00,-4.274193548387096975e+00,-4.193548387096774022e+00,-4.112903225806451957e+00,-4.032258064516129004e+00,-3.951612903225806495e+00,-3.870967741935483986e+00,-3.790322580645161032e+00,-3.709677419354838968e+00,-3.629032258064516014e+00,-3.548387096774193505e+00,-3.467741935483870996e+00,-3.387096774193548487e+00,-3.306451612903225978e+00,-3.225806451612903025e+00,-3.145161290322580960e+00,-3.064516129032258007e+00,-2.983870967741935498e+00,-2.903225806451612989e+00,-2.822580645161290480e+00,-2.741935483870967971e+00,-2.661290322580645018e+00,-2.580645161290322509e+00,-2.500000000000000000e+00,-2.419354838709677491e+00,-2.338709677419354982e+00,-2.258064516129032473e+00,-2.177419354838709964e+00,-2.096774193548387011e+00,-2.016129032258064502e+00,-1.935483870967741993e+00,-1.854838709677419484e+00,-1.774193548387096975e+00,-1.693548387096774466e+00,-1.612903225806451513e+00,-1.532258064516129004e+00,-1.451612903225806495e+00,-1.370967741935483986e+00,-1.290322580645161477e+00,-1.209677419354838968e+00,-1.129032258064516014e+00,-1.048387096774193505e+00,-9.677419354838709964e-01,-8.870967741935489315e-01,-8.064516129032259784e-01,-7.258064516129030253e-01,-6.451612903225809603e-01,-5.645161290322580072e-01,-4.838709677419359423e-01,-4.032258064516129892e-01,-3.225806451612900361e-01,-2.419354838709679711e-01,-1.612903225806450180e-01,-8.064516129032295311e-02,0.000000000000000000e+00,8.064516129032206493e-02,1.612903225806450180e-01,2.419354838709679711e-01,3.225806451612900361e-01,4.032258064516129892e-01,4.838709677419350541e-01,5.645161290322580072e-01,6.451612903225800721e-01,7.258064516129030253e-01,8.064516129032259784e-01,8.870967741935480433e-01,9.677419354838709964e-01,1.048387096774193061e+00,1.129032258064516014e+00,1.209677419354838968e+00,1.290322580645161032e+00,1.370967741935483986e+00,1.451612903225806051e+00,1.532258064516129004e+00,1.612903225806451069e+00,1.693548387096774022e+00,1.774193548387096975e+00,1.854838709677419040e+00,1.935483870967741993e+00,2.016129032258064058e+00,2.096774193548387011e+00,2.177419354838709076e+00,2.258064516129032029e+00,2.338709677419354982e+00,2.419354838709677047e+00,2.500000000000000000e+00,2.580645161290322065e+00,2.661290322580645018e+00,2.741935483870967971e+00,2.822580645161290036e+00,2.903225806451612989e+00,2.983870967741935054e+00,3.064516129032258007e+00,3.145161290322580072e+00,3.225806451612902137e+00,3.306451612903225978e+00,3.387096774193548043e+00,3.467741935483870108e+00,3.548387096774193949e+00,3.629032258064516014e+00,3.709677419354838079e+00,3.790322580645161921e+00,3.870967741935483986e+00,3.951612903225806051e+00,4.032258064516128115e+00,4.112903225806451957e+00,4.193548387096774022e+00,4.274193548387096087e+00,4.354838709677419928e+00,4.435483870967741993e+00,4.516129032258064058e+00,4.596774193548386123e+00,4.677419354838709964e+00,4.758064516129032029e+00,4.838709677419354094e+00,4.919354838709677935e+00,5.000000000000000000e+00
7.294117647058823151e-01,6.418342603886817432e-02,6.582437801994814319e-02,6.766577640175658326e-02,6.972751500717859485e-02,7.202972086404293983e-02,7.459248399969796439e-02,7.743547361328917411e-02,8.057742078889156001e-02,8.403544950388118495e-02,8.782424203206365410e-02,9.195503302274869728e-02,9.643443965596425194e-02,1.012631542129607959e-01,1.064345504555503780e-01,1.119332855916784913e-01,1.177340128950473963e-01,1.238003517236700435e-01,1.300842850120304262e-01,1.365261608841719099e-01,1.430554562310122901e-01,1.495924095093476291e-01,1.560505464654656782e-01,1.623400126422782641e-01,1.683715059558549276e-01,1.740604939611617441e-01,1.793313284433993293e-01,1.841208545580216849e-01,1.883811611609867986e-01,1.920812261899887963e-01,1.952073548935067127e-01,1.977624601682614891e-01,1.997643643711909389e-01,2.012433897755832035e-01,2.022395415958929688e-01,2.027995766117137721e-01,2.029742039647662866e-01,2.028155985127229055e-01,2.023753362539518763e-01,2.017027971565835687e-01,2.008440298648676015e-01,1.998410375197081645e-01,1.987314234842214589e-01,1.975483275100635705e-01,1.963205836046242325e-01,1.950730375301373831e-01,1.938269720588337020e-01,1.926006001905219422e-01,1.914095997357484480e-01,1.902676771842407577e-01,1.891871661980779606e-01,1.881796905350586746e-01,1.872569627046899443e-01,1.864318736569163804e-01,1.857202277168882310e-01,1.851440301367307528e-01,1.847391189580613879e-01,1.845786910200090114e-01,1.849015167794831882e-01,1.863137106452575908e-01,1.860460314064954490e-01,1.858197504521252874e-01,1.856783087397907428e-01,1.856305344077769925e-01,1.856783087397912979e-01,1.858197504521262866e-01,1.860460314064948939e-01,1.863137106452572578e-01,1.849015167794816339e-01,1.845786910200108988e-01,1.847391189580607218e-01,1.851440301367237584e-01,1.857202277168898963e-01,1.864318736569170465e-01,1.872569627046902774e-01,1.881796905350597848e-01,1.891871661980778496e-01,1.902676771842403136e-01,1.914095997357478929e-01,1.926006001905219422e-01,1.938269720588355893e-01,1.950730375301348296e-01,1.963205836046246766e-01,1.975483275100647917e-01,1.987314234842226801e-01,1.998410375197076094e-01,2.008440298648684896e-01,2.017027971565844569e-01,2.023753362539547629e-01,2.028155985127222394e-01,2.029742039647681739e-01,2.027995766117118848e-01,2.022395415958943010e-01,2.012433897755834256e-01,1.997643643711910499e-01,1.977624601682607675e-01,1.952073548935076563e-01,1.920812261899891848e-01,1.883811611609847447e-01,1.841208545580209632e-01,1.793313284433979415e-01,1.740604939611598012e-01,1.683715059558545390e-01,1.623400126422782086e-01,1.560505464654668994e-01,1.495924095093462969e-01,1.430554562310086542e-01,1.365261608841768781e-01,1.300842850120290384e-01,1.238003517236688222e-01,1.177340128950475073e-01,1.119332855916802677e-01,1.064345504555505167e-01,1.012631542129615592e-01,9.643443965596462664e-02,9.195503302274819768e-02,8.782424203206552760e-02,8.403544950388126822e-02,8.057742078889112980e-02,7.743547361328927126e-02,7.459248399969879706e-02,7.202972086404285657e-02,6.972751500717933038e-02,6.766577640175670816e-02,6.582437801994799054e-02,6.418342603886689757e-02
7.318627450980391691e-01,6.140038499055097687e-02,6.245809506376949483e-02,6.365746205569783323e-02,6.501556633259938933e-02,6.654999720443996458e-02,6.827879272626517781e-02,7.022031978565340671e-02,7.239307978196751758e-02,7.481542399582739866e-02,7.750516227042394957e-02,8.047904942073520751e-02,8.375213653761705290e-02,8.733697986320733408e-02,9.124270902082813606e-02,9.547396980950183243e-02,1.000297748828243016e-01,1.049023180915371056e-01,1.100758336617277955e-01,1.155256068486711640e-01,1.212172637891745508e-01,1.271064791348741063e-01,1.331392342889552716e-01,1.392527312222406610e-01,1.453770143688619121e-01,1.514372783830220670e-01,1.573567511097798688e-01,1.630599532533477114e-01,1.684760664094972493e-01,1.735421057748053331e-01,1.782056034017665547e-01,1.824265631482684391e-01,1.861785397546216192e-01,1.894488039609585339e-01,1.922376622981734062e-01,1.945570856732471432e-01,1.964288534395220998e-01,1.978824361400031151e-01,1.989528249877281496e-01,1.996784787395122773e-01,2.000995099018773038e-01,2.002561820839758866e-01,2.001877460130797592e-01,1.999316073499909363e-01,1.995227963227879098e-01,1.989936967266275891e-01,1.983739883581850938e-01,1.976907605677205026e-01,1.969687638460456691e-01,1.962307808133214593e-01,1.954981192601421558e-01,1.947912637387213541e-01,1.941307840301385035e-01,1.935387304939839570e-01,1.930410736821459583e-01,1.926727136200377943e-01,1.924901967109168277e-01,1.926170598228328368e-01,1.936542356150876554e-01,1.945499517589580618e-01,1.942535396587378171e-01,1.940282540011126766e-01,1.938905105438943899e-01,1.938442993309492657e-01,1.938905105438917253e-01,1.940282540011122325e-01,1.942535396587374841e-01,1.945499517589579508e-01,1.936542356150895428e-01,1.926170598228331698e-01,1.924901967109153844e-01,1.926727136200366841e-01,1.930410736821441819e-01,1.935387304939834019e-01,1.941307840301380594e-01,1.947912637387234636e-01,1.954981192601414897e-01,1.962307808133221254e-01,1.969687638460434487e-01,1.976907605677196145e-01,1.983739883581854269e-01,1.989936967266281442e-01,1.995227963227870216e-01,1.999316073499908253e-01,2.001877460130818687e-01,2.002561820839762197e-01,2.000995099018777479e-01,1.996784787395119443e-01,1.989528249877272614e-01,1.978824361400045584e-01,1.964288534395228769e-01,1.945570856732456999e-01,1.922376622981736283e-01,1.894488039609584784e-01,1.861785397546256160e-01,1.824265631482671624e-01,1.782056034017674984e-01,1.735421057748078866e-01,1.684760664094971938e-01,1.630599532533474894e-01,1.573567511097801463e-01,1.514372783830192359e-01,1.453770143688607464e-01,1.392527312222402724e-01,1.331392342889503033e-01,1.271064791348734679e-01,1.212172637891766047e-01,1.155256068486737731e-01,1.100758336617299604e-01,1.049023180915369113e-01,1.000297748828229139e-01,9.547396980950445533e-02,9.124270902082858015e-02,8.733697986320969331e-02,8.375213653761810761e-02,8.047904942073538792e-02,7.750516227042422712e-02,7.481542399582707947e-02,7.239307978196754534e-02,7.022031978565339283e-02,6.827879272626503904e-02,6.654999720444021438e-02,6.501556633259839013e-02,6.365746205569815241e-02,6.245809506376914788e-02,6.140038499055053278e-02
7.343137254901960231e-01,6.014824903517254628e-02,6.080916344719154709e-02,6.156817035188578979e-02,6.244016422779670450e-02,6.344054680557928427e-02,6.458526230957446768e-02,6.589080377179075410e-02,6.737418053195710910e-02,6.905283563234988764e-02,7.094450037152903732e-02,7.306697205859576105e-02,7.543780032571290040e-02,7.807386764330684348e-02,8.099085149161158736e-02,8.420255962898055835e-02,8.772013676264113491e-02,9.155115130674905399e-02,9.569858519395486873e-02,1.001597677776896456e-01,1.049253158076956793e-01,1.099781632718465629e-01,1.152927843006138209e-01,1.208347248913841931e-01,1.265605598478418692e-01,1.324183753444609368e-01,1.383488420475001424e-01,1.442868892771928535e-01,1.501639223489675268e-01,1.559104526862354900e-01,1.614589464948660291e-01,1.667466560670077813e-01,1.717181882784200586e-01,1.763275913427698738e-01,1.805397993264092893e-01,1.843313532558747969e-01,1.876904028026201710e-01,1.906160684503125369e-01,1.931172993488530221e-01,1.952113911553723380e-01,1.969223315031685129e-01,1.982791234155903970e-01,1.993142065325347323e-01,2.000620602568178308e-01,2.005580383766769614e-01,2.008374558582733949e-01,2.009349277579851600e-01,2.008839484804116893e-01,2.007166971223018903e-01,2.004640620746021007e-01,2.001558983189202223e-01,1.998215727473605652e-01,1.994909405044392736e-01,1.991960974293415232e-01,1.989747884162543778e-01,1.988780511487092673e-01,1.989917492860070469e-01,1.995298933392445351e-01,2.017657442351505903e-01,2.014303859395480956e-01,2.011406318900581525e-01,2.009304162298027885e-01,2.008036412167316653e-01,2.007613054275334541e-01,2.008036412167322204e-01,2.009304162298010121e-01,2.011406318900549328e-01,2.014303859395479845e-01,2.017657442351501462e-01,1.995298933392458673e-01,1.989917492860066028e-01,1.988780511487114877e-01,1.989747884162531566e-01,1.991960974293414122e-01,1.994909405044384965e-01,1.998215727473594550e-01,2.001558983189183349e-01,2.004640620745993251e-01,2.007166971222998919e-01,2.008839484804129105e-01,2.009349277579861592e-01,2.008374558582725067e-01,2.005580383766778496e-01,2.000620602568171646e-01,1.993142065325382850e-01,1.982791234155915072e-01,1.969223315031706223e-01,1.952113911553705616e-01,1.931172993488512457e-01,1.906160684503127589e-01,1.876904028026201710e-01,1.843313532558760182e-01,1.805397993264105105e-01,1.763275913427723163e-01,1.717181882784200031e-01,1.667466560670082254e-01,1.614589464948662512e-01,1.559104526862319373e-01,1.501639223489669162e-01,1.442868892771934641e-01,1.383488420475003089e-01,1.324183753444605482e-01,1.265605598478414806e-01,1.208347248913856087e-01,1.152927843006144037e-01,1.099781632718457858e-01,1.049253158076957904e-01,1.001597677776890627e-01,9.569858519395742225e-02,9.155115130674958135e-02,8.772013676263940019e-02,8.420255962897998936e-02,8.099085149161101838e-02,7.807386764330712103e-02,7.543780032571371919e-02,7.306697205859785660e-02,7.094450037152942590e-02,6.905283563235052602e-02,6.737418053195878831e-02,6.589080377179125370e-02,6.458526230957363501e-02,6.344054680557968673e-02,6.244016422779674613e-02,6.156817035188606735e-02,6.080916344719225486e-02,6.014824903517185239e-02
7.367647058823528772e-01,5.985842845538769108e-02,6.024715256104795635e-02,6.069991853837344853e-02,6.123003282659020274e-02,6.185121318265254797e-02,6.257766358939623186e-02,6.342413807861201069e-02,6.440598705350057684e-02,6.553917819981512627e-02,6.684028298317852557e-02,6.832641829179644799e-02,7.001513130811436170e-02,7.192421437608580159e-02,7.407143574886204673e-02,7.647417203538219022e-02,7.914892940661466536e-02,8.211074376364095595e-02,8.537245575544789855e-02,8.894386536983754643e-02,9.283078322042323527e-02,9.703401162367703003e-02,1.015483074397535990e-01,1.063613988487455697e-01,1.114531470598792706e-01,1.167949576580437077e-01,1.223495504578979431e-01,1.280711870628445659e-01,1.339064288226821109e-01,1.397954541907489578e-01,1.456739069405917353e-01,1.514751826488593967e-01,1.571330007354191372e-01,1.625840646463194150e-01,1.677705931014549789e-01,1.726425157522765708e-01,1.771591659290543963e-01,1.812903641426716339e-01,1.850168572228242381e-01,1.883301468689125846e-01,1.912317973437585028e-01,1.937323485228463760e-01,1.958499757985393552e-01,1.976090348896407667e-01,1.990386125960240671e-01,2.001711801900357690e-01,2.010414203969966840e-01,2.016852767682038028e-01,2.021392597896987109e-01,2.024400414829039541e-01,2.026243861911450894e-01,2.027295145248024788e-01,2.027941186319602851e-01,2.028605524376292379e-01,2.029795880049246604e-01,2.032221263652663756e-01,2.037165071825371987e-01,2.048647826080036705e-01,2.067188600550275979e-01,2.063827421067520040e-01,2.061282995906283944e-01,2.059485934513377581e-01,2.058412572089359793e-01,2.058055339718141141e-01,2.058412572089325376e-01,2.059485934513383132e-01,2.061282995906299487e-01,2.063827421067546686e-01,2.067188600550280420e-01,2.048647826080042256e-01,2.037165071825381979e-01,2.032221263652674859e-01,2.029795880049249934e-01,2.028605524376277947e-01,2.027941186319595079e-01,2.027295145248043662e-01,2.026243861911449784e-01,2.024400414829014005e-01,2.021392597896993770e-01,2.016852767682063563e-01,2.010414203969957958e-01,2.001711801900348808e-01,1.990386125960222907e-01,1.976090348896408777e-01,1.958499757985407985e-01,1.937323485228474862e-01,1.912317973437576146e-01,1.883301468689114744e-01,1.850168572228246822e-01,1.812903641426690804e-01,1.771591659290562837e-01,1.726425157522755716e-01,1.677705931014555896e-01,1.625840646463207473e-01,1.571330007354202474e-01,1.514751826488601183e-01,1.456739069405913467e-01,1.397954541907476256e-01,1.339064288226846089e-01,1.280711870628428173e-01,1.223495504578994975e-01,1.167949576580428195e-01,1.114531470598779661e-01,1.063613988487471518e-01,1.015483074397524332e-01,9.703401162367730759e-02,9.283078322042467856e-02,8.894386536983560354e-02,8.537245575544873122e-02,8.211074376364088656e-02,7.914892940661544252e-02,7.647417203538124653e-02,7.407143574885971526e-02,7.192421437608449708e-02,7.001513130811294616e-02,6.832641829179837700e-02,6.684028298317812311e-02,6.553917819981709691e-02,6.440598705350300546e-02,6.342413807861262132e-02,6.257766358939803597e-02,6.185121318265400514e-02,6.123003282658967539e-02,6.069991853837428120e-02,6.024715256104848371e-02,5.985842845538830170e-02
7.392156862745097312e-01,6.018461551432349732e-02,6.039054661518958311e-02,6.063258103355065320e-02,6.092289962009858617e-02,6.127397773048412488e-02,6.169867072374599082e-02,6.221030007321362576e-02,6.282273364069737576e-02,6.355045607474250902e-02,6.440862269273707474e-02,6.541308930752715023e-02,6.658040915119151082e-02,6.792778651337556817e-02,6.947297513400804703e-02,7.123410795310027022e-02,7.322944379373259871e-02,7.547701631409156620e-02,7.799417159647713260e-02,8.079698363201974487e-02,8.389954235084509659e-02,8.731311734640098687e-02,9.104521247581010002e-02,9.509854212206675372e-02,9.946997847392161085e-02,1.041495392195277148e-01,1.091195040093739244e-01,1.143537623502422773e-01,1.198175010028164622e-01,1.254673313000889689e-01,1.312519330764002068e-01,1.371132514979425676e-01,1.429882288338274465e-01,1.488109916678057032e-01,1.545153548113020192e-01,1.600374570122503060e-01,1.653183198514578955e-01,1.703061254441743944e-01,1.749580406244739539e-01,1.792414694319429680e-01,1.831346820388606300e-01,1.866268352852814560e-01,1.897174574810834846e-01,1.924155111768313109e-01,1.947381695646760447e-01,1.967094464578040824e-01,1.983588108439792164e-01,1.997199010556601761e-01,2.008294379054884615e-01,2.017264293013202314e-01,2.024517734192857743e-01,2.030484280864289781e-01,2.035624819857799750e-01,2.040459212840896042e-01,2.045632844962080865e-01,2.052097168215051282e-01,2.061778778538876367e-01,2.084609498124010418e-01,2.091344970657471602e-01,2.088645738688731379e-01,2.086723290707013234e-01,2.085395060605771400e-01,2.084608537291536834e-01,2.084347553121579377e-01,2.084608537291526842e-01,2.085395060605773621e-01,2.086723290707015455e-01,2.088645738688723608e-01,2.091344970657474933e-01,2.084609498123994875e-01,2.061778778538886359e-01,2.052097168215065714e-01,2.045632844962077534e-01,2.040459212840901593e-01,2.035624819857783097e-01,2.030484280864295332e-01,2.024517734192857743e-01,2.017264293013214527e-01,2.008294379054882395e-01,1.997199010556593990e-01,1.983588108439804376e-01,1.967094464578029722e-01,1.947381695646760447e-01,1.924155111768319770e-01,1.897174574810831515e-01,1.866268352852815671e-01,1.831346820388639607e-01,1.792414694319427459e-01,1.749580406244770625e-01,1.703061254441733396e-01,1.653183198514600050e-01,1.600374570122505835e-01,1.545153548113016306e-01,1.488109916678060918e-01,1.429882288338293339e-01,1.371132514979461203e-01,1.312519330764002068e-01,1.254673313000903012e-01,1.198175010028173504e-01,1.143537623502408618e-01,1.091195040093718704e-01,1.041495392195280756e-01,9.946997847392127778e-02,9.509854212206711455e-02,9.104521247580954491e-02,8.731311734640137545e-02,8.389954235084416678e-02,8.079698363202003630e-02,7.799417159647749342e-02,7.547701631409170497e-02,7.322944379373257096e-02,7.123410795310067267e-02,6.947297513400742253e-02,6.792778651337356977e-02,6.658040915119189940e-02,6.541308930752709472e-02,6.440862269273707474e-02,6.355045607474253677e-02,6.282273364069723698e-02,6.221030007321357025e-02,6.169867072374540795e-02,6.127397773048526286e-02,6.092289962009972415e-02,6.063258103355162465e-02,6.039054661519105416e-02,6.018461551432444101e-02
7.416666666666665853e-01,6.091696980667452022e-02,6.100765444956460226e-02,6.111053898193191669e-02,6.123700208865956451e-02,6.139861456260134465e-02,6.160721828039461556e-02,6.187501191600591754e-02,6.221464157375514170e-02,6.263929003489526748e-02,6.316276050950073162e-02,6.379954993679601283e-02,6.456490506037117216e-02,6.547485349047514613e-02,6.654620046278716949e-02,6.779648034578711346e-02,6.924385027742022136e-02,7.090691182819747196e-02,7.280444558946537470e-02,7.495504347958580060e-02,7.737662486657995164e-02,8.008582593794894011e-02,8.309725776124589347e-02,8.642263776500166972e-02,9.006981229606636496e-02,9.404170439927828085e-02,9.833524024104645100e-02,1.029403279470364752e-01,1.078389812679497739e-01,1.130046936802050483e-01,1.184021719809085216e-01,1.239875281288241315e-01,1.297090013883787640e-01,1.355082397223859036e-01,1.413221133131430940e-01,1.470849711712966523e-01,1.527311938495268251e-01,1.581978519298938290e-01,1.634272600493555383e-01,1.683692244650207837e-01,1.729828176894065428e-01,1.772375702786888052e-01,1.811140373866723108e-01,1.846037649721451457e-01,1.877087378493339509e-01,1.904404329121538453e-01,1.928186241337094264e-01,1.948700940804373172e-01,1.966274064727874249e-01,1.981278969174531390e-01,1.994130629848038794e-01,2.005286179334062613e-01,2.015257094061430054e-01,2.024644877701073931e-01,2.034234547391969850e-01,2.045275586089543296e-01,2.060753118416724927e-01,2.090043596005132231e-01,2.086815530927357276e-01,2.085208767461593782e-01,2.084158628294969784e-01,2.083460228040134865e-01,2.083052852735447491e-01,2.082918339550248188e-01,2.083052852735455263e-01,2.083460228040133755e-01,2.084158628294997539e-01,2.085208767461599333e-01,2.086815530927360607e-01,2.090043596005156656e-01,2.060753118416747132e-01,2.045275586089549957e-01,2.034234547391984282e-01,2.024644877701077261e-01,2.015257094061444487e-01,2.005286179334048180e-01,1.994130629848055447e-01,1.981278969174539162e-01,1.966274064727876469e-01,1.948700940804396486e-01,1.928186241337115359e-01,1.904404329121549555e-01,1.877087378493341729e-01,1.846037649721475882e-01,1.811140373866689801e-01,1.772375702786912477e-01,1.729828176894039338e-01,1.683692244650227821e-01,1.634272600493556493e-01,1.581978519298941066e-01,1.527311938495279908e-01,1.470849711712958197e-01,1.413221133131433715e-01,1.355082397223870694e-01,1.297090013883796522e-01,1.239875281288236875e-01,1.184021719809114082e-01,1.130046936802076851e-01,1.078389812679501070e-01,1.029403279470364752e-01,9.833524024104822736e-02,9.404170439927761471e-02,9.006981229606597639e-02,8.642263776500130890e-02,8.309725776124579633e-02,8.008582593794932869e-02,7.737662486657995164e-02,7.495504347958539815e-02,7.280444558946498612e-02,7.090691182819697236e-02,6.924385027742151200e-02,6.779648034578673876e-02,6.654620046278664214e-02,6.547485349047559022e-02,6.456490506037125543e-02,6.379954993679770592e-02,6.316276050950003773e-02,6.263929003489496217e-02,6.221464157375491966e-02,6.187501191600452977e-02,6.160721828039367187e-02,6.139861456260214956e-02,6.123700208866117434e-02,6.111053898193266609e-02,6.100765444956496308e-02,6.091696980667402062e-02
7.441176470588235503e-01,6.187771481323298128e-02,6.190756846657888279e-02,6.192856841632451981e-02,6.195147804080242127e-02,6.198718006445991247e-02,6.204673837151880589e-02,6.214147251171794895e-02,6.228304109323118398e-02,6.248353120506908165e-02,6.275555102225904847e-02,6.311231903198999404e-02,6.356774666476797120e-02,6.413650813153518038e-02,6.483409029884085184e-02,6.567681409066843112e-02,6.668181727833076555e-02,6.786698681189398674e-02,6.925082722112083089e-02,7.085225031839695320e-02,7.269027081981262184e-02,7.478359302300852107e-02,7.715007590345167310e-02,7.980606854390261129e-02,8.276561531477019673e-02,8.603954115744941178e-02,8.963444184537908144e-02,9.355162180872478306e-02,9.778604181031524956e-02,1.023253582745500545e-01,1.071491522129087159e-01,1.122284545095746933e-01,1.175256717023204778e-01,1.229949989504723895e-01,1.285833731588590934e-01,1.342319707188853184e-01,1.398781960535518398e-01,1.454580473540709740e-01,1.509086946968315468e-01,1.561710729535910058e-01,1.611922846089360872e-01,1.659276281107469053e-01,1.703421125728689089e-01,1.744113817193988503e-01,1.781220385059205658e-01,1.814714265951639094e-01,1.844669782143988357e-01,1.871252768825537594e-01,1.894710109547220744e-01,1.915360203669770334e-01,1.933586874554663604e-01,1.949840457845771757e-01,1.964653190840377484e-01,1.978686143826737798e-01,1.992860803906568723e-01,2.008802307570146661e-01,2.031547001285258780e-01,2.051606974740707301e-01,2.050399383691110522e-01,2.050197940426142784e-01,2.050224615880021917e-01,2.050290975141972893e-01,2.050340776244308216e-01,2.050358361030112375e-01,2.050340776244302665e-01,2.050290975141982885e-01,2.050224615880018586e-01,2.050197940426117249e-01,2.050399383691073885e-01,2.051606974740681766e-01,2.031547001285246568e-01,2.008802307570128898e-01,1.992860803906554290e-01,1.978686143826743349e-01,1.964653190840375263e-01,1.949840457845782860e-01,1.933586874554668045e-01,1.915360203669784767e-01,1.894710109547236287e-01,1.871252768825542034e-01,1.844669782143958381e-01,1.814714265951642425e-01,1.781220385059210098e-01,1.744113817193984062e-01,1.703421125728685759e-01,1.659276281107466833e-01,1.611922846089368644e-01,1.561710729535925601e-01,1.509086946968308807e-01,1.454580473540712515e-01,1.398781960535503410e-01,1.342319707188831535e-01,1.285833731588581497e-01,1.229949989504739438e-01,1.175256717023213104e-01,1.122284545095731112e-01,1.071491522129087715e-01,1.023253582745481671e-01,9.778604181031530507e-02,9.355162180872672595e-02,8.963444184538019166e-02,8.603954115744952280e-02,8.276561531477064082e-02,7.980606854390236149e-02,7.715007590345082655e-02,7.478359302300927047e-02,7.269027081981252469e-02,7.085225031839621768e-02,6.925082722112053946e-02,6.786698681189370919e-02,6.668181727833112638e-02,6.567681409066904175e-02,6.483409029883985264e-02,6.413650813153534691e-02,6.356774666476769364e-02,6.311231903198957771e-02,6.275555102225974236e-02,6.248353120506955349e-02,6.228304109323057336e-02,6.214147251171781017e-02,6.204673837151791771e-02,6.198718006445846918e-02,6.195147804080239351e-02,6.192856841632579656e-02,6.190756846657885504e-02,6.187771481323284251e-02
7.465686274509804043e-01,6.292580607655429148e-02,6.294063675465486063e-02,6.292781364579094761e-02,6.289755692674348087e-02,6.286017208637131870e-02,6.282608763938277163e-02,6.280590937360311377e-02,6.281048815358891702e-02,6.285099814766331727e-02,6.293902153841801628e-02,6.308663845249457003e-02,6.330651597458500368e-02,6.361199191733180047e-02,6.401714863691929103e-02,6.453686994144136602e-02,6.518687317230947853e-02,6.598370704292896849e-02,6.694470421995837861e-02,6.808787608897563792e-02,6.943173587177881023e-02,7.099503556117997549e-02,7.279640241225908415e-02,7.485386247092365442e-02,7.718424239071944304e-02,7.980244715124926169e-02,8.272062071011571094e-02,8.594720930516469570e-02,8.948596283507012639e-02,9.333492758214398388e-02,9.748550176024620151e-02,1.019216413289473211e-01,1.066193138094945758e-01,1.115462987384517046e-01,1.166624215852946900e-01,1.219202815148097696e-01,1.272664927459474238e-01,1.326434079563528767e-01,1.379912367916838467e-01,1.432504218481887026e-01,1.483640977789015269e-01,1.532804440063435525e-01,1.579547518084124524e-01,1.623510613901299471e-01,1.664432785039225982e-01,1.702157447643808386e-01,1.736633020367225333e-01,1.767909525482793676e-01,1.796132714479918846e-01,1.821537855086606816e-01,1.844446163493195234e-01,1.865268676761168143e-01,1.884527141734348987e-01,1.902916295954160120e-01,1.921488974986724774e-01,1.942372382826126342e-01,1.977335813165160827e-01,1.980764928372770184e-01,1.981731783292022264e-01,1.983114808470414214e-01,1.984340052560676915e-01,1.985252173946976395e-01,1.985806171264371534e-01,1.985991327323906042e-01,1.985806171264365982e-01,1.985252173947008592e-01,1.984340052560689127e-01,1.983114808470406443e-01,1.981731783292020044e-01,1.980764928372776845e-01,1.977335813165170819e-01,1.942372382826107469e-01,1.921488974986702569e-01,1.902916295954160120e-01,1.884527141734319011e-01,1.865268676761169253e-01,1.844446163493178581e-01,1.821537855086621249e-01,1.796132714479925507e-01,1.767909525482794786e-01,1.736633020367223113e-01,1.702157447643777854e-01,1.664432785039217655e-01,1.623510613901291144e-01,1.579547518084122859e-01,1.532804440063429419e-01,1.483640977789005833e-01,1.432504218481887581e-01,1.379912367916847349e-01,1.326434079563559298e-01,1.272664927459449813e-01,1.219202815148107688e-01,1.166624215852939406e-01,1.115462987384508442e-01,1.066193138094949922e-01,1.019216413289495415e-01,9.748550176024711744e-02,9.333492758214392837e-02,8.948596283507098681e-02,8.594720930516369650e-02,8.272062071011607176e-02,7.980244715124992783e-02,7.718424239071959569e-02,7.485386247092300216e-02,7.279640241225840414e-02,7.099503556118176573e-02,6.943173587177985107e-02,6.808787608897519383e-02,6.694470421995898923e-02,6.598370704292874644e-02,6.518687317230986711e-02,6.453686994144064437e-02,6.401714863692031798e-02,6.361199191733227232e-02,6.330651597458511470e-02,6.308663845249551372e-02,6.293902153841895997e-02,6.285099814766248461e-02,6.281048815358925008e-02,6.280590937360300274e-02,6.282608763938216101e-02,6.286017208637093012e-02,6.289755692674312004e-02,6.292781364579144721e-02,6.294063675465363938e-02,6.292580607655440250e-02
7.490196078431372584e-01,6.395163274308013346e-02,6.398990048295757904e-02,6.398378442935168109e-02,6.394293602347514427e-02,6.387709919544073967e-02,6.379612028529541012e-02,6.370997712940670854e-02,6.362882464356914292e-02,6.356305414539614729e-02,6.352336358024479601e-02,6.352083508529729472e-02,6.356701693991312352e-02,6.367400752151319843e-02,6.385453389537171232e-02,6.412202188262741687e-02,6.449065107167731292e-02,6.497538731226595865e-02,6.559198404971730567e-02,6.635694248257015260e-02,6.728741922526335073e-02,6.840106911520403565e-02,6.971581028021311965e-02,7.124949891660167789e-02,7.301950283102742745e-02,7.504216613121790502e-02,7.733216297161914221e-02,7.990174634694691136e-02,8.275990875175953665e-02,8.591148490198260990e-02,8.935624193205690680e-02,9.308801815449202488e-02,9.709398547776626476e-02,1.013541201595681285e-01,1.058409686298062702e-01,1.105197867854766369e-01,1.153491105701745789e-01,1.202817827607129408e-01,1.252664181103920749e-01,1.302492413859367426e-01,1.351761875187910689e-01,1.399951180443184118e-01,1.446579902891291236e-01,1.491228198131883675e-01,1.533553030650801063e-01,1.573300128768845285e-01,1.610311385072218382e-01,1.644528084614281793e-01,1.675991057857446620e-01,1.704839688028393363e-01,1.731312941176368358e-01,1.755758105233060640e-01,1.778659506436450766e-01,1.800720759951268679e-01,1.823124879843511792e-01,1.848748283998403741e-01,1.879516078454855910e-01,1.880568495689074471e-01,1.883692226199470410e-01,1.886677863450777481e-01,1.889111413563143715e-01,1.890874629275097751e-01,1.891935724371788252e-01,1.892289402163543910e-01,1.891935724371821559e-01,1.890874629275097751e-01,1.889111413563175912e-01,1.886677863450789694e-01,1.883692226199487063e-01,1.880568495689085573e-01,1.879516078454850359e-01,1.848748283998381536e-01,1.823124879843524004e-01,1.800720759951254246e-01,1.778659506436455207e-01,1.755758105233076183e-01,1.731312941176377240e-01,1.704839688028400024e-01,1.675991057857414979e-01,1.644528084614291785e-01,1.610311385072229484e-01,1.573300128768854722e-01,1.533553030650803284e-01,1.491228198131873128e-01,1.446579902891276803e-01,1.399951180443194665e-01,1.351761875187905693e-01,1.302492413859354103e-01,1.252664181103944618e-01,1.202817827607099432e-01,1.153491105701758002e-01,1.105197867854753324e-01,1.058409686298054375e-01,1.013541201595702934e-01,9.709398547776493249e-02,9.308801815449257999e-02,8.935624193205668475e-02,8.591148490198391441e-02,8.275990875175925909e-02,7.990174634694632849e-02,7.733216297161882302e-02,7.504216613121734991e-02,7.301950283102799644e-02,7.124949891660284362e-02,6.971581028021422988e-02,6.840106911520443811e-02,6.728741922526340624e-02,6.635694248256995831e-02,6.559198404971802732e-02,6.497538731226515374e-02,6.449065107167742394e-02,6.412202188262719482e-02,6.385453389537207314e-02,6.367400752151317067e-02,6.356701693991276270e-02,6.352083508529621225e-02,6.352336358024449070e-02,6.356305414539689669e-02,6.362882464356878209e-02,6.370997712940695834e-02,6.379612028529482726e-02,6.387709919544112824e-02,6.394293602347458916e-02,6.398378442935098720e-02,6.398990048295713495e-02,6.395163274307927304e-02
7.514705882352941124e-01,6.481474569361950211e-02,6.490987261535768882e-02,6.494609244011761984e-02,6.493238299296366645e-02,6.487786091401848143e-02,6.479176303327968678e-02,6.468344818066823487e-02,6.456241726055891861e-02,6.443834920151961243e-02,6.432115022540774163e-02,6.422101373564381710e-02,6.414848782705157015e-02,6.411454628974522230e-02,6.413066203025585832e-02,6.420887625396137777e-02,6.436185877026698310e-02,6.460295463593798693e-02,6.494621001940695248e-02,6.540636956546910796e-02,6.599883648675250458e-02,6.673958564396176296e-02,6.764501917436963052e-02,6.873175399661568541e-02,7.001633102678442300e-02,7.151483750320843102e-02,7.324243678414621428e-02,7.521280469463699492e-02,7.743747822965131589e-02,7.992513128533468292e-02,8.268080293489016297e-02,8.570511604064778854e-02,8.899353664491618798e-02,9.253573599315867426e-02,9.631512508997230881e-02,1.003086339514055736e-01,1.044868018859769765e-01,1.088142295833576523e-01,1.132504182188913411e-01,1.177509867807535471e-01,1.222692200945240670e-01,1.267578620881520401e-01,1.311710382144709031e-01,1.354661738122400760e-01,1.396057760290227434e-01,1.435589675860821091e-01,1.473027002895325177e-01,1.508226325856054650e-01,1.541137283493715371e-01,1.571807320315933842e-01,1.600388323302482374e-01,1.627151530584349248e-01,1.652525853614152940e-01,1.677204879189851949e-01,1.702513523030505516e-01,1.732701662881539484e-01,1.751551657438278342e-01,1.755999078757373155e-01,1.761036642602936686e-01,1.765459732007736982e-01,1.768977395649565798e-01,1.771504693584983192e-01,1.773021425890959346e-01,1.773526607552450285e-01,1.773021425890962677e-01,1.771504693585007617e-01,1.768977395649536932e-01,1.765459732007740312e-01,1.761036642602927804e-01,1.755999078757362053e-01,1.751551657438277232e-01,1.732701662881500626e-01,1.702513523030491083e-01,1.677204879189844178e-01,1.652525853614146278e-01,1.627151530584354244e-01,1.600388323302468496e-01,1.571807320315936063e-01,1.541137283493705379e-01,1.508226325856037442e-01,1.473027002895325177e-01,1.435589675860845515e-01,1.396057760290249639e-01,1.354661738122391323e-01,1.311710382144697928e-01,1.267578620881517626e-01,1.222692200945245111e-01,1.177509867807530752e-01,1.132504182188910080e-01,1.088142295833563755e-01,1.044868018859737291e-01,1.003086339514060732e-01,9.631512508997303046e-02,9.253573599315967346e-02,8.899353664491527205e-02,8.570511604064889877e-02,8.268080293489024624e-02,7.992513128533479394e-02,7.743747822965141303e-02,7.521280469463707818e-02,7.324243678414529835e-02,7.151483750320998534e-02,7.001633102678357645e-02,6.873175399661612950e-02,6.764501917436913092e-02,6.673958564396198501e-02,6.599883648675103354e-02,6.540636956547027370e-02,6.494621001940800720e-02,6.460295463593829224e-02,6.436185877026662228e-02,6.420887625396162757e-02,6.413066203025535872e-02,6.411454628974516678e-02,6.414848782705026564e-02,6.422101373564437221e-02,6.432115022540840776e-02,6.443834920151897405e-02,6.456241726055822472e-02,6.468344818066934510e-02,6.479176303327838227e-02,6.487786091401850919e-02,6.493238299296266725e-02,6.494609244011778637e-02,6.490987261535779984e-02,6.481474569361822535e-02
7.539215686274509665e-01,6.544903727713585750e-02,6.562723321106650465e-02,6.573443172826726189e-02,6.577878945930587529e-02,6.576867937210634230e-02,6.571264594964204564e-02,6.561938056239197126e-02,6.549771556742151057e-02,6.535663528794438681e-02,6.520530174408717405e-02,6.505309277763537956e-02,6.490965001054879724e-02,6.478493388692094235e-02,6.468928209552096686e-02,6.463346845849168854e-02,6.462875985523935940e-02,6.468696331447823522e-02,6.482046057816312490e-02,6.504222379326801695e-02,6.536580563214908213e-02,6.580529654219707814e-02,6.637524121057952753e-02,6.709050596101984176e-02,6.796608882953539266e-02,6.901686468768716831e-02,7.025725922148455538e-02,7.170084807817446448e-02,7.335988130255062523e-02,7.524473849343221721e-02,7.736332700505595128e-02,7.972044389548649246e-02,8.231713180267100083e-02,8.515006875885566817e-02,8.821104096551807272e-02,9.148655417007434121e-02,9.495764167062578642e-02,9.859992329437414216e-02,1.023839585511367722e-01,1.062759180971008244e-01,1.102385716082852074e-01,1.142325597875252785e-01,1.182178877223594993e-01,1.221555514249690888e-01,1.260091945128633539e-01,1.297466921928659422e-01,1.333415781398397670e-01,1.367742687270486757e-01,1.400331022391701485e-01,1.431153110174872567e-01,1.460282242726559376e-01,1.487913978454576402e-01,1.514414953248058304e-01,1.540459619444789485e-01,1.567555561678473097e-01,1.604730245714937609e-01,1.608641254904834561e-01,1.615421657838099767e-01,1.621946294439726710e-01,1.627492428807434388e-01,1.631858702103003989e-01,1.634985507376445213e-01,1.636860485798039555e-01,1.637484930010886242e-01,1.636860485798027343e-01,1.634985507376425229e-01,1.631858702102974013e-01,1.627492428807428837e-01,1.621946294439718939e-01,1.615421657838094216e-01,1.608641254904845663e-01,1.604730245714923176e-01,1.567555561678484199e-01,1.540459619444777828e-01,1.514414953248071627e-01,1.487913978454590835e-01,1.460282242726583801e-01,1.431153110174861465e-01,1.400331022391697600e-01,1.367742687270495083e-01,1.333415781398407107e-01,1.297466921928671080e-01,1.260091945128606894e-01,1.221555514249651475e-01,1.182178877223588609e-01,1.142325597875238630e-01,1.102385716082841804e-01,1.062759180971006856e-01,1.023839585511370220e-01,9.859992329437367031e-02,9.495764167062464844e-02,9.148655417007500734e-02,8.821104096551710128e-02,8.515006875885514082e-02,8.231713180267147267e-02,7.972044389548713084e-02,7.736332700505567372e-02,7.524473849343375764e-02,7.335988130255015338e-02,7.170084807817485306e-02,7.025725922148506886e-02,6.901686468768672422e-02,6.796608882953716901e-02,6.709050596102145159e-02,6.637524121057994386e-02,6.580529654219616220e-02,6.536580563214966499e-02,6.504222379326754511e-02,6.482046057816387430e-02,6.468696331447834624e-02,6.462875985523955369e-02,6.463346845849124445e-02,6.468928209552174402e-02,6.478493388692022070e-02,6.490965001054949113e-02,6.505309277763607345e-02,6.520530174408697976e-02,6.535663528794408150e-02,6.549771556742112200e-02,6.561938056239224881e-02,6.571264594964298933e-02,6.576867937210673087e-02,6.577878945930537569e-02,6.573443172826737291e-02,6.562723321106755936e-02,6.544903727713513586e-02
7.563725490196078205e-01,6.582654499992851571e-02,6.610668669481534199e-02,6.630635976340920612e-02,6.643274547162097976e-02,6.649333858647871187e-02,6.649588134195461020e-02,6.644831584696986315e-02,6.635875432591437084e-02,6.623546605037872181e-02,6.608687940696494900e-02,6.592159722147267198e-02,6.574842319398624402e-02,6.557639706640178145e-02,6.541483594060001905e-02,6.527337878874642230e-02,6.516202995843423107e-02,6.509120130444773222e-02,6.507174567856408021e-02,6.511497824805193013e-02,6.523268159025882862e-02,6.543708878280118935e-02,6.574083876694708506e-02,6.615689793977627686e-02,6.669844179653147687e-02,6.737869060932821785e-02,6.821069371863935915e-02,6.920705818359343398e-02,7.037961945944853914e-02,7.173905462283926282e-02,7.329444260350131968e-02,7.505278099657587687e-02,7.701847529104584311e-02,7.919282353045278833e-02,8.157352702439273073e-02,8.415426492825961446e-02,8.692437614467229956e-02,8.986869465702901350e-02,9.296758260564524923e-02,9.619719793795766805e-02,9.953001974676195518e-02,1.029356349688773375e-01,1.063817668263470628e-01,1.098355015268694113e-01,1.132646496850856499e-01,1.166391676535419586e-01,1.199325665441948185e-01,1.231232585893499709e-01,1.261958396072489497e-01,1.291424009077005719e-01,1.319641568433168044e-01,1.346741401734184995e-01,1.373031387747141174e-01,1.399169505545040382e-01,1.426950885582382034e-01,1.453102190855569686e-01,1.459790147168894547e-01,1.468022152182015261e-01,1.475494040234740512e-01,1.481753630149773016e-01,1.486660294446675579e-01,1.490170634833818952e-01,1.492275766550158478e-01,1.492977013137987696e-01,1.492275766550177352e-01,1.490170634833830610e-01,1.486660294446671693e-01,1.481753630149758583e-01,1.475494040234758275e-01,1.468022152181976403e-01,1.459790147168879004e-01,1.453102190855573572e-01,1.426950885582356499e-01,1.399169505545055370e-01,1.373031387747141729e-01,1.346741401734186661e-01,1.319641568433192469e-01,1.291424009077007384e-01,1.261958396072483946e-01,1.231232585893498599e-01,1.199325665441952071e-01,1.166391676535392663e-01,1.132646496850851503e-01,1.098355015268671075e-01,1.063817668263470906e-01,1.029356349688767824e-01,9.953001974676020658e-02,9.619719793795436513e-02,9.296758260564477738e-02,8.986869465702934656e-02,8.692437614467207752e-02,8.415426492825986426e-02,8.157352702439413239e-02,7.919282353045260792e-02,7.701847529104630108e-02,7.505278099657682056e-02,7.329444260350009843e-02,7.173905462283902690e-02,7.037961945944856690e-02,6.920705818359354500e-02,6.821069371863944242e-02,6.737869060932785703e-02,6.669844179653014460e-02,6.615689793977649891e-02,6.574083876694622464e-02,6.543708878280099506e-02,6.523268159026063273e-02,6.511497824805270729e-02,6.507174567856377490e-02,6.509120130444751018e-02,6.516202995843600743e-02,6.527337878874547861e-02,6.541483594060037987e-02,6.557639706640364108e-02,6.574842319398604973e-02,6.592159722147250545e-02,6.608687940696533758e-02,6.623546605037922141e-02,6.635875432591442635e-02,6.644831584696991866e-02,6.649588134195577593e-02,6.649333858647760165e-02,6.643274547162064669e-02,6.630635976341014981e-02,6.610668669481523096e-02,6.582654499992707242e-02
7.588235294117646745e-01,6.591297504584431310e-02,6.630741124125349995e-02,6.661469421493299015e-02,6.684089176010521438e-02,6.699248857581602268e-02,6.707630586811180740e-02,6.709943631093961969e-02,6.706919466777300221e-02,6.699308373324730503e-02,6.687877472875675133e-02,6.673410086343500858e-02,6.656706243289256530e-02,6.638584155191762370e-02,6.619882438437302286e-02,6.601462853628567440e-02,6.584213312826611708e-02,6.569050796556155647e-02,6.556923985900112162e-02,6.548815391306581080e-02,6.545742281354208214e-02,6.548756313921769157e-02,6.558941396857265183e-02,6.577409348608032058e-02,6.605292923876696087e-02,6.643735765435274110e-02,6.693878858326504644e-02,6.756843104692025759e-02,6.833707717178660879e-02,6.925484259553657540e-02,7.033086359669260546e-02,7.157295397008842097e-02,7.298722836124628410e-02,7.457770341733516162e-02,7.634589360242725886e-02,7.829042454192530753e-02,8.040669272009015600e-02,8.268660538070547739e-02,8.511843745652286630e-02,8.768684205827276257e-02,9.037304641643023606e-02,9.315525560226431412e-02,9.600927212805271393e-02,9.890932206768521251e-02,1.018290603849076326e-01,1.047427137175450107e-01,1.076263131631088332e-01,1.104589795046553025e-01,1.132242596500884213e-01,1.159115990368443372e-01,1.185182347775893263e-01,1.210523254615978872e-01,1.235399049653554404e-01,1.260466373335787926e-01,1.288093724848491939e-01,1.303811445853848006e-01,1.312575583395634848e-01,1.321430151150877474e-01,1.329265219578928403e-01,1.335786396920476959e-01,1.340891025735446163e-01,1.344543886774285935e-01,1.346735794370397254e-01,1.347466242557253668e-01,1.346735794370372274e-01,1.344543886774287600e-01,1.340891025735437281e-01,1.335786396920461416e-01,1.329265219578952828e-01,1.321430151150871923e-01,1.312575583395625967e-01,1.303811445853845230e-01,1.288093724848473065e-01,1.260466373335782375e-01,1.235399049653572168e-01,1.210523254616009403e-01,1.185182347775878831e-01,1.159115990368442262e-01,1.132242596500881715e-01,1.104589795046567180e-01,1.076263131631101377e-01,1.047427137175466483e-01,1.018290603849065501e-01,9.890932206768707213e-02,9.600927212805029920e-02,9.315525560226134427e-02,9.037304641642907033e-02,8.768684205827143030e-02,8.511843745652172832e-02,8.268660538070618515e-02,8.040669272009071111e-02,7.829042454192547407e-02,7.634589360242753642e-02,7.457770341733413466e-02,7.298722836124525715e-02,7.157295397009000304e-02,7.033086359669254994e-02,6.925484259553632560e-02,6.833707717178558183e-02,6.756843104691906410e-02,6.693878858326504644e-02,6.643735765435315743e-02,6.605292923876729394e-02,6.577409348608007078e-02,6.558941396857284611e-02,6.548756313921849648e-02,6.545742281354219316e-02,6.548815391306508915e-02,6.556923985900128815e-02,6.569050796556163974e-02,6.584213312826517339e-02,6.601462853628628502e-02,6.619882438437285632e-02,6.638584155191712410e-02,6.656706243289139957e-02,6.673410086343495307e-02,6.687877472875786156e-02,6.699308373324691646e-02,6.706919466777400141e-02,6.709943631093939764e-02,6.707630586811252904e-02,6.699248857581679983e-02,6.684089176010388211e-02,6.661469421493210197e-02,6.630741124125433261e-02,6.591297504584481270e-02
7.612745098039215286e-01,6.580642074301712441e-02,6.631965801070266453e-02,6.674166946108905929e-02,6.707732834029833668e-02,6.733202102612739770e-02,6.751155978431688798e-02,6.762210690569214755e-02,6.767011135832950997e-02,6.766225840496559174e-02,6.760543204543090212e-02,6.750668964885342405e-02,6.737324773520547705e-02,6.721247753990383655e-02,6.703190873526321258e-02,6.683923947576564384e-02,6.664235077236235760e-02,6.644932310442430712e-02,6.626845284484092491e-02,6.610826504962383221e-02,6.597752392226077789e-02,6.588523376489563432e-02,6.584062958543052124e-02,6.585315491096921381e-02,6.593242342874711115e-02,6.608816144727724939e-02,6.633012810915192570e-02,6.666801031935021271e-02,6.711128953624903581e-02,6.766907799109481148e-02,6.834992267009235012e-02,6.916157665021407941e-02,7.011073927338706824e-02,7.120276930628026413e-02,7.244137873992671783e-02,7.382831920152979621e-02,7.536307787608120812e-02,7.704260494093374823e-02,7.886109912522043519e-02,8.080988121883171671e-02,8.287738616087957089e-02,8.504930181480865881e-02,8.730887615266999524e-02,8.963740452111448875e-02,9.201489621544631237e-02,9.442090738479580470e-02,9.683551968908676866e-02,9.924044804232634576e-02,1.016202884698775288e-01,1.039639957020343231e-01,1.062668858051640242e-01,1.085340591787069542e-01,1.107883526998648671e-01,1.130983050291572978e-01,1.159141219133242307e-01,1.164919507751643879e-01,1.174165694262407356e-01,1.182931654968233937e-01,1.190599647569406394e-01,1.196967167897132200e-01,1.201953208885277458e-01,1.205524875750195735e-01,1.207670107533941883e-01,1.208385389964277135e-01,1.207670107533961312e-01,1.205524875750219604e-01,1.201953208885264690e-01,1.196967167897152740e-01,1.190599647569394737e-01,1.182931654968242263e-01,1.174165694262409021e-01,1.164919507751649985e-01,1.159141219133256739e-01,1.130983050291594072e-01,1.107883526998640344e-01,1.085340591787086750e-01,1.062668858051633303e-01,1.039639957020349059e-01,1.016202884698780839e-01,9.924044804232534656e-02,9.683551968908635232e-02,9.442090738479452794e-02,9.201489621544522990e-02,8.963740452111593204e-02,8.730887615266980095e-02,8.504930181480731266e-02,8.287738616087753085e-02,8.080988121883221631e-02,7.886109912521827026e-02,7.704260494093419231e-02,7.536307787607991748e-02,7.382831920152999050e-02,7.244137873992581578e-02,7.120276930627970902e-02,7.011073927338758172e-02,6.916157665021402390e-02,6.834992267009273870e-02,6.766907799109464494e-02,6.711128953625006277e-02,6.666801031934999067e-02,6.633012810915275836e-02,6.608816144727755471e-02,6.593242342874661155e-02,6.585315491096840890e-02,6.584062958543002164e-02,6.588523376489591188e-02,6.597752392226138851e-02,6.610826504962480366e-02,6.626845284484111920e-02,6.644932310442502876e-02,6.664235077236302374e-02,6.683923947576542179e-02,6.703190873526315707e-02,6.721247753990405860e-02,6.737324773520553256e-02,6.750668964885470080e-02,6.760543204543117968e-02,6.766225840496481458e-02,6.767011135833017610e-02,6.762210690569186999e-02,6.751155978431494509e-02,6.733202102612756423e-02,6.707732834029844771e-02,6.674166946108861520e-02,6.631965801070216493e-02,6.580642074301690236e-02
7.637254901960783826e-01,6.550834409962352778e-02,6.614032571454447895e-02,6.667950611142370310e-02,6.712953141034511129e-02,6.749464017604867028e-02,6.777957648722110484e-02,6.798950998691327685e-02,6.812996470173138253e-02,6.820675776375262345e-02,6.822594857217340047e-02,6.819379840711975449e-02,6.811674006266016379e-02,6.800135670030549306e-02,6.785436883337375713e-02,6.768262812957814845e-02,6.749311655502587826e-02,6.729294927073092847e-02,6.708937963804989524e-02,6.688980470338340423e-02,6.670176829418317244e-02,6.653296197004648915e-02,6.639122187926707608e-02,6.628451685746442057e-02,6.622092871017223881e-02,6.620862180602393732e-02,6.625579986858717851e-02,6.637064777334719667e-02,6.656125603970905469e-02,6.683552567255171550e-02,6.720105112383728541e-02,6.766497951631458840e-02,6.823384502813523156e-02,6.891337862240037859e-02,6.970829525415209171e-02,7.062206339262548649e-02,7.165666516588585500e-02,7.281235953873763100e-02,7.408746535884087880e-02,7.547818532666267233e-02,7.697849524734787230e-02,7.858012448994299015e-02,8.027265266899173690e-02,8.204374377894214920e-02,8.387953265652935142e-02,8.576517116664617024e-02,8.768553610914570084e-02,8.962610372450410812e-02,9.157401939516363054e-02,9.351946561108620548e-02,9.545764455431030027e-02,9.739237190483382434e-02,9.934508849538889463e-02,1.013926827221599547e-01,1.031555919307323432e-01,1.039248306936519373e-01,1.047982345041073571e-01,1.056052884966413585e-01,1.063082354679763530e-01,1.068921577083103425e-01,1.073500974929758600e-01,1.076786688549734583e-01,1.078762642606005961e-01,1.079421923494778834e-01,1.078762642605984867e-01,1.076786688549731807e-01,1.073500974929758600e-01,1.068921577083092322e-01,1.063082354679764086e-01,1.056052884966431904e-01,1.047982345041084673e-01,1.039248306936531863e-01,1.031555919307329539e-01,1.013926827221606208e-01,9.934508849538936648e-02,9.739237190483560069e-02,9.545764455431013373e-02,9.351946561108859246e-02,9.157401939516462974e-02,8.962610372450638407e-02,8.768553610914481267e-02,8.576517116664500451e-02,8.387953265653053103e-02,8.204374377894242676e-02,8.027265266899166751e-02,7.858012448994129706e-02,7.697849524734819149e-02,7.547818532666042413e-02,7.408746535884166984e-02,7.281235953873836653e-02,7.165666516588597990e-02,7.062206339262552812e-02,6.970829525415264682e-02,6.891337862240046186e-02,6.823384502813564789e-02,6.766497951631464391e-02,6.720105112383736867e-02,6.683552567255224286e-02,6.656125603970977633e-02,6.637064777334689136e-02,6.625579986858726178e-02,6.620862180602365976e-02,6.622092871017262738e-02,6.628451685746516997e-02,6.639122187926702057e-02,6.653296197004651691e-02,6.670176829418295039e-02,6.688980470338562467e-02,6.708937963805100546e-02,6.729294927073059540e-02,6.749311655502532314e-02,6.768262812957709373e-02,6.785436883337425673e-02,6.800135670030432733e-02,6.811674006266166259e-02,6.819379840711936591e-02,6.822594857217395559e-02,6.820675776375206834e-02,6.812996470173066088e-02,6.798950998691338787e-02,6.777957648722049422e-02,6.749464017604861477e-02,6.712953141034400106e-02,6.667950611142414719e-02,6.614032571454447895e-02,6.550834409962524862e-02
7.661764705882352366e-01,6.491825567531728236e-02,6.566436398483416204e-02,6.631862123788601071e-02,6.688346412780948880e-02,6.736197639687024896e-02,6.775780841413364675e-02,6.807509939804029520e-02,6.831840447731102328e-02,6.849262822213020296e-02,6.860296573201479786e-02,6.865485186149922203e-02,6.865391871654225042e-02,6.860596117282752315e-02,6.851690985575742410e-02,6.839281078034303851e-02,6.823981067336043482e-02,6.806414688384432310e-02,6.787214072419306410e-02,6.767019307007682283e-02,6.746478111585746396e-02,6.726245479387205073e-02,6.706983090388463076e-02,6.689358797785566191e-02,6.674045494586586247e-02,6.661719560310438992e-02,6.653058733170283401e-02,6.648739229294867159e-02,6.649431946838527119e-02,6.655797569754309806e-02,6.668480367944640275e-02,6.688100483116826700e-02,6.715244501905182073e-02,6.750454161032912181e-02,6.794213116186997858e-02,6.846931849199147657e-02,6.908930996510251332e-02,6.980423658638541806e-02,7.061497587986670377e-02,7.152098528737048377e-02,7.252016359320802297e-02,7.360876011419370535e-02,7.478135349003275922e-02,7.603092235363204110e-02,7.734902881910156458e-02,7.872613327636650282e-02,8.015205764944924316e-02,8.161661932412356268e-02,8.311048162278758533e-02,8.462634092679041653e-02,8.616079586870778462e-02,8.771802561114416807e-02,8.932008209659436648e-02,9.106416245612794502e-02,9.205117849135055486e-02,9.278468335676928747e-02,9.353357452427163432e-02,9.421909176570741895e-02,9.481628667633981711e-02,9.531348263148942124e-02,9.570439367521638152e-02,9.598548083435284872e-02,9.615478148454131846e-02,9.621131399584281763e-02,9.615478148454148499e-02,9.598548083435207157e-02,9.570439367521757501e-02,9.531348263149036493e-02,9.481628667633887342e-02,9.421909176570808508e-02,9.353357452427152330e-02,9.278468335676698375e-02,9.205117849134936137e-02,9.106416245612813931e-02,8.932008209659417219e-02,8.771802561114472319e-02,8.616079586870761808e-02,8.462634092679138798e-02,8.311048162278683593e-02,8.161661932412291043e-02,8.015205764945014522e-02,7.872613327636582281e-02,7.734902881910121764e-02,7.603092235363138884e-02,7.478135349003349475e-02,7.360876011419376086e-02,7.252016359320805072e-02,7.152098528737009520e-02,7.061497587986761970e-02,6.980423658638426621e-02,6.908930996510267986e-02,6.846931849199044962e-02,6.794213116186770263e-02,6.750454161032901079e-02,6.715244501905184848e-02,6.688100483116860007e-02,6.668480367944631948e-02,6.655797569754368093e-02,6.649431946838577079e-02,6.648739229294917119e-02,6.653058733170222339e-02,6.661719560310355726e-02,6.674045494586641758e-02,6.689358797785471822e-02,6.706983090388490831e-02,6.726245479387216175e-02,6.746478111585901827e-02,6.767019307007687834e-02,6.787214072419234245e-02,6.806414688384448963e-02,6.823981067336021278e-02,6.839281078034348260e-02,6.851690985575781268e-02,6.860596117282846684e-02,6.865391871654202838e-02,6.865485186149827834e-02,6.860296573201457582e-02,6.849262822213064705e-02,6.831840447731091226e-02,6.807509939804151644e-02,6.775780841413348021e-02,6.736197639686969385e-02,6.688346412781059902e-02,6.631862123788739849e-02,6.566436398483421755e-02,6.491825567531805952e-02
7.686274509803920907e-01,6.405700873257230699e-02,6.490848852402186786e-02,6.567127317735227399e-02,6.634666515330778225e-02,6.693664091840118013e-02,6.744378147909385612e-02,6.787120171905725030e-02,6.822248087949028816e-02,6.850159609178912978e-02,6.871286042071744760e-02,6.886086643281741360e-02,6.895043589076776946e-02,6.898657580620282115e-02,6.897444077100101101e-02,6.891930123606448966e-02,6.882651721776894549e-02,6.870151678336711143e-02,6.854977859206989876e-02,6.837681774104464871e-02,6.818817417810302262e-02,6.798940300657196900e-02,6.778606608565412861e-02,6.758372277462215694e-02,6.738792268597504354e-02,6.720419738314981073e-02,6.703804918472952568e-02,6.689493854051706268e-02,6.678026803742301287e-02,6.669936182629401800e-02,6.665743901042484043e-02,6.665957929596902365e-02,6.671067904460251108e-02,6.681539585595513975e-02,6.697808003038835389e-02,6.720269182380211870e-02,6.749270440818475048e-02,6.785099397995758563e-02,6.827972055643619087e-02,6.878020564007096549e-02,6.935281598213592635e-02,6.999686589886705557e-02,7.071055364708771218e-02,7.149094990411414274e-02,7.233405824455609034e-02,7.323496902975042133e-02,7.418813094815231157e-02,7.518777307403573529e-02,7.622853655420996910e-02,7.730645261335157559e-02,7.842064733998631298e-02,7.957707232730504288e-02,8.080062058530027014e-02,8.226034605713655745e-02,8.258967584528784101e-02,8.316606191956457672e-02,8.373746101647738804e-02,8.426067542227733131e-02,8.471828130295652737e-02,8.510088425047743210e-02,8.540281922409448390e-02,8.562055900365236893e-02,8.575196449268113197e-02,8.579588692934603245e-02,8.575196449268029930e-02,8.562055900365139749e-02,8.540281922409451165e-02,8.510088425047945826e-02,8.471828130295844250e-02,8.426067542227883012e-02,8.373746101647783213e-02,8.316606191956346650e-02,8.258967584528975614e-02,8.226034605713533621e-02,8.080062058529974278e-02,7.957707232730545921e-02,7.842064733998661830e-02,7.730645261335089558e-02,7.622853655420960828e-02,7.518777307403452792e-02,7.418813094815283893e-02,7.323496902975029643e-02,7.233405824455554911e-02,7.149094990411257455e-02,7.071055364708771218e-02,6.999686589886648658e-02,6.935281598213580145e-02,6.878020564007084059e-02,6.827972055643544147e-02,6.785099397995900117e-02,6.749270440818577743e-02,6.720269182380339545e-02,6.697808003038863145e-02,6.681539585595480668e-02,6.671067904460034614e-02,6.665957929596938447e-02,6.665743901042642250e-02,6.669936182629274124e-02,6.678026803742240225e-02,6.689493854051653532e-02,6.703804918473013630e-02,6.720419738314958868e-02,6.738792268597471047e-02,6.758372277462265654e-02,6.778606608565368452e-02,6.798940300657174696e-02,6.818817417810346670e-02,6.837681774104420462e-02,6.854977859207050939e-02,6.870151678336688938e-02,6.882651721776783527e-02,6.891930123606399006e-02,6.897444077100001181e-02,6.898657580620348728e-02,6.895043589076699231e-02,6.886086643281635888e-02,6.871286042071778066e-02,6.850159609178940734e-02,6.822248087949128736e-02,6.787120171905736132e-02,6.744378147909302346e-02,6.693664091840051400e-02,6.634666515330783776e-02,6.567127317735094172e-02,6.490848852402225644e-02,6.405700873257086370e-02
7.710784313725489447e-01,6.303210715645102269e-02,6.397766178238684098e-02,6.483932507527090383e-02,6.561738730754007598e-02,6.631281373766356735e-02,6.692718850514461915e-02,6.746265426195141579e-02,6.792184980518628512e-02,6.830784768814973651e-02,6.862409345269315786e-02,6.887434777108503159e-02,6.906263243445825983e-02,6.919318079587521986e-02,6.927039298373033338e-02,6.929879595509785828e-02,6.928300826412120417e-02,6.922770927880234071e-02,6.913761248856681307e-02,6.901744249945063192e-02,6.887191530649061644e-02,6.870572145561115729e-02,6.852351175992171806e-02,6.832988536636946941e-02,6.812937916506001113e-02,6.792645840291033910e-02,6.772551160749790133e-02,6.753084327952380006e-02,6.734666816966544678e-02,6.717710556733927363e-02,6.702617263864454888e-02,6.689777582973699399e-02,6.679569912237176554e-02,6.672358775926767738e-02,6.668492598232045321e-02,6.668300740411317595e-02,6.672089693308388969e-02,6.680138377078970180e-02,6.692692596723831544e-02,6.709958841039462274e-02,6.732097795741122381e-02,6.759218165862167227e-02,6.791371660466642701e-02,6.828550275673542225e-02,6.870687322009969011e-02,6.917664019607502879e-02,6.969324073767174665e-02,7.025499856641062579e-02,7.086056821099501191e-02,7.150971150287571687e-02,7.220482675356422464e-02,7.295476446612404742e-02,7.378999264023734794e-02,7.446917987287182683e-02,7.472071155543422161e-02,7.507825339238238804e-02,7.543524459939346394e-02,7.576596864200355053e-02,7.605814129825755332e-02,7.630441564837123214e-02,7.649999538841914526e-02,7.664169219578709225e-02,7.672746668521182589e-02,7.675618023485356045e-02,7.672746668521329694e-02,7.664169219578761960e-02,7.649999538841911750e-02,7.630441564837145418e-02,7.605814129825683167e-02,7.576596864200343950e-02,7.543524459939476845e-02,7.507825339238380358e-02,7.472071155543358323e-02,7.446917987287512974e-02,7.378999264023645976e-02,7.295476446612406130e-02,7.220482675356502955e-02,7.150971150287541156e-02,7.086056821099336045e-02,7.025499856641029273e-02,6.969324073767206584e-02,6.917664019607447368e-02,6.870687322009944031e-02,6.828550275673310466e-02,6.791371660466438698e-02,6.759218165862103389e-02,6.732097795741147361e-02,6.709958841039570521e-02,6.692692596723895382e-02,6.680138377078964629e-02,6.672089693308308478e-02,6.668300740411325922e-02,6.668492598232050872e-02,6.672358775926687247e-02,6.679569912237187657e-02,6.689777582973782666e-02,6.702617263864460440e-02,6.717710556733913485e-02,6.734666816966400349e-02,6.753084327952446619e-02,6.772551160749851196e-02,6.792645840290956194e-02,6.812937916505956704e-02,6.832988536636852572e-02,6.852351175992138499e-02,6.870572145561060218e-02,6.887191530649083848e-02,6.901744249945163112e-02,6.913761248856542529e-02,6.922770927880167458e-02,6.928300826412014946e-02,6.929879595509841339e-02,6.927039298373066645e-02,6.919318079587555292e-02,6.906263243445975863e-02,6.887434777108425443e-02,6.862409345269226968e-02,6.830784768814901486e-02,6.792184980518684023e-02,6.746265426195180437e-02,6.692718850514356443e-02,6.631281373766378939e-02,6.561738730753974291e-02,6.483932507527101485e-02,6.397766178238567525e-02,6.303210715645135576e-02
7.735294117647059098e-01,6.190157297968423844e-02,6.292872829841894555e-02,6.387798163922953076e-02,6.474875887703857025e-02,6.554113992295124147e-02,6.625581665407725973e-02,6.689404439092599963e-02,6.745758895266035227e-02,6.794867116708980248e-02,6.836991049692114908e-02,6.872426918877183599e-02,6.901499807853295199e-02,6.924558491465099275e-02,6.941970580562217830e-02,6.954118017139404584e-02,6.961392938865945679e-02,6.964193917150152124e-02,6.962922562268153426e-02,6.957980482486630924e-02,6.949766581091054718e-02,6.938674675152922688e-02,6.925091422039542088e-02,6.909394543774283193e-02,6.891951348375585651e-02,6.873117538222495160e-02,6.853236130406059612e-02,6.832637010503400665e-02,6.811636530700293513e-02,6.790537349297542935e-02,6.769628576230324324e-02,6.749186128308756749e-02,6.729473260183871375e-02,6.710741221674687562e-02,6.693229980115802946e-02,6.677168938024960476e-02,6.662777573498110395e-02,6.650265936431171143e-02,6.639834951934378560e-02,6.631676518009463339e-02,6.625973443455962508e-02,6.622899361016829078e-02,6.622618879079078535e-02,6.625288417390913509e-02,6.631058436768982878e-02,6.640078184517646254e-02,6.652504795674060722e-02,6.668520033060722219e-02,6.688361310502063950e-02,6.712382822432062801e-02,6.741193257359641422e-02,6.776056908546404522e-02,6.821023933506062398e-02,6.829607395155365412e-02,6.833668332441583670e-02,6.843778204538966681e-02,6.855313955740098553e-02,6.866756237313682842e-02,6.877310360948477030e-02,6.886474418023855182e-02,6.893905956638915478e-02,6.899368349788878585e-02,6.902705245851140092e-02,6.903827249209923411e-02,6.902705245851284421e-02,6.899368349788942423e-02,6.893905956638907151e-02,6.886474418023871835e-02,6.877310360948718504e-02,6.866756237313638433e-02,6.855313955740077736e-02,6.843778204539148480e-02,6.833668332441927840e-02,6.829607395155452843e-02,6.821023933506011050e-02,6.776056908546343460e-02,6.741193257359616442e-02,6.712382822431875451e-02,6.688361310501890478e-02,6.668520033060836016e-02,6.652504795674002436e-02,6.640078184517649029e-02,6.631058436768953734e-02,6.625288417391314577e-02,6.622618879079074372e-02,6.622899361016590380e-02,6.625973443455979162e-02,6.631676518009504973e-02,6.639834951934467377e-02,6.650265936431132285e-02,6.662777573498221417e-02,6.677168938025040967e-02,6.693229980115766864e-02,6.710741221674693113e-02,6.729473260183888028e-02,6.749186128308723442e-02,6.769628576230307671e-02,6.790537349297592895e-02,6.811636530700404535e-02,6.832637010503433972e-02,6.853236130406037407e-02,6.873117538222484058e-02,6.891951348375419117e-02,6.909394543774255437e-02,6.925091422039469924e-02,6.938674675152928240e-02,6.949766581091232354e-02,6.957980482486647578e-02,6.962922562268047955e-02,6.964193917150163227e-02,6.961392938865901270e-02,6.954118017139332419e-02,6.941970580562079052e-02,6.924558491465082621e-02,6.901499807853250790e-02,6.872426918877155844e-02,6.836991049692087152e-02,6.794867116708991350e-02,6.745758895266001920e-02,6.689404439092611065e-02,6.625581665407631604e-02,6.554113992295224067e-02,6.474875887703873678e-02,6.387798163923003036e-02,6.292872829841916760e-02,6.190157297968318373e-02
7.759803921568627638e-01,6.060795933746349062e-02,6.170301370309227984e-02,6.272713119596629028e-02,6.367903161016852387e-02,6.455805014494120364e-02,6.536410885405385951e-02,6.609768030953960816e-02,6.675974517950183929e-02,6.735174537821891905e-02,6.787553433819193405e-02,6.833332579533119011e-02,6.872764228736827352e-02,6.906126435884840653e-02,6.933718125848625791e-02,6.955854371883551934e-02,6.972861923362805303e-02,6.985075010118158012e-02,6.992831438657198806e-02,6.996468987157350439e-02,6.996322100839419411e-02,6.992718886769805353e-02,6.985978406943277319e-02,6.976408270189571326e-02,6.964302526876559041e-02,6.949939877047739412e-02,6.933582217961564709e-02,6.915473398381039027e-02,6.895838462687448045e-02,6.874883398179615357e-02,6.852795032747688309e-02,6.829741510246645220e-02,6.805873254059452426e-02,6.781324466263294326e-02,6.756215215380872996e-02,6.730654165215746443e-02,6.704741994521970505e-02,6.678575549009255208e-02,6.652252751273615705e-02,6.625878269423662870e-02,6.599569912281161299e-02,6.573465683010548677e-02,6.547731396219955147e-02,6.522568771165568324e-02,6.498224003802798021e-02,6.474997085961485543e-02,6.453252774570063244e-02,6.433435577081045298e-02,6.416094693336031607e-02,6.401934878627163483e-02,6.391944591782726393e-02,6.387838190762300250e-02,6.396068445157467031e-02,6.354118710528328107e-02,6.330435846539460287e-02,6.312165215569472132e-02,6.297181143586522145e-02,6.284768299887313892e-02,6.274588862239224851e-02,6.266449871219501033e-02,6.260227474776315637e-02,6.255837891674942419e-02,6.253225555768268662e-02,6.252358301121950512e-02,6.253225555768511523e-02,6.255837891674903561e-02,6.260227474776455803e-02,6.266449871219527401e-02,6.274588862239215137e-02,6.284768299887352749e-02,6.297181143586591534e-02,6.312165215569422172e-02,6.330435846539593514e-02,6.354118710528260106e-02,6.396068445157475357e-02,6.387838190762289148e-02,6.391944591782770801e-02,6.401934878627063563e-02,6.416094693335655519e-02,6.433435577081016155e-02,6.453252774570043815e-02,6.474997085961416154e-02,6.498224003802886839e-02,6.522568771165473955e-02,6.547731396219930167e-02,6.573465683010598637e-02,6.599569912281041950e-02,6.625878269423671196e-02,6.652252751273593501e-02,6.678575549009282963e-02,6.704741994521959403e-02,6.730654165215693707e-02,6.756215215380825811e-02,6.781324466263277673e-02,6.805873254059452426e-02,6.829741510246611913e-02,6.852795032747660553e-02,6.874883398179582050e-02,6.895838462687564618e-02,6.915473398380977965e-02,6.933582217961636873e-02,6.949939877047733860e-02,6.964302526876675614e-02,6.976408270189649041e-02,6.985978406943332830e-02,6.992718886769916375e-02,6.996322100839308389e-02,6.996468987157278274e-02,6.992831438657121090e-02,6.985075010118313443e-02,6.972861923362766445e-02,6.955854371883529730e-02,6.933718125848620240e-02,6.906126435884851755e-02,6.872764228736727432e-02,6.833332579533135664e-02,6.787553433819298876e-02,6.735174537821864149e-02,6.675974517950050702e-02,6.609768030953871998e-02,6.536410885405463667e-02,6.455805014494087057e-02,6.367903161016752467e-02,6.272713119596617926e-02,6.170301370309344557e-02,6.060795933746387920e-02
7.784313725490196179e-01,5.918427065061310222e-02,6.033321146966164061e-02,6.141876542488816648e-02,6.243910512905620491e-02,6.339296801588817365e-02,6.427963988205698254e-02,6.509893005619493689e-02,6.585113952923687952e-02,6.653702342193701380e-02,6.715774914286987141e-02,6.771485151473671804e-02,6.821018603115430734e-02,6.864588126359838505e-02,6.902429128161147176e-02,6.934794879031730419e-02,6.961951953710254770e-02,6.984175840156031656e-02,7.001746746450082659e-02,7.014945625588747680e-02,7.024050430927020194e-02,7.029332610139182869e-02,7.031053842899687156e-02,7.029463026918658652e-02,7.024793518418454008e-02,7.017260636705785481e-02,7.007059449249497529e-02,6.994362870677389710e-02,6.979320055135207479e-02,6.962055042462356180e-02,6.942666251055412685e-02,6.921226097107890940e-02,6.897781342479830657e-02,6.872354215351894613e-02,6.844944433523647564e-02,6.815532322304834745e-02,6.784083239265387144e-02,6.750553531158290377e-02,6.714898244031586305e-02,6.677080776238653037e-02,6.637084596385897650e-02,6.594927037848294371e-02,6.550675030036801072e-02,6.504462452433068531e-02,6.456508649772221831e-02,6.407137632470011335e-02,6.356797830427507456e-02,6.306083487235615570e-02,6.255762289648128527e-02,6.206824540490990527e-02,6.160610470428556917e-02,6.119331669397447271e-02,6.070667548405370151e-02,6.004730733810217935e-02,5.950256224769101543e-02,5.901548467662147412e-02,5.857985547562991058e-02,5.819620063000702226e-02,5.786664609467782883e-02,5.759353256861968196e-02,5.737893546727060312e-02,5.722449547181976404e-02,5.713137417209468438e-02,5.710025821085200348e-02,5.713137417209521174e-02,5.722449547181976404e-02,5.737893546727083904e-02,5.759353256862090320e-02,5.786664609467911946e-02,5.819620063000804921e-02,5.857985547563041018e-02,5.901548467662116881e-02,5.950256224769108482e-02,6.004730733810123566e-02,6.070667548405342395e-02,6.119331669397327922e-02,6.160610470428465324e-02,6.206824540490905873e-02,6.255762289648061913e-02,6.306083487235772389e-02,6.356797830427475537e-02,6.407137632470041866e-02,6.456508649772241260e-02,6.504462452432965835e-02,6.550675030036737234e-02,6.594927037848247187e-02,6.637084596385928181e-02,6.677080776238653037e-02,6.714898244031608510e-02,6.750553531158426379e-02,6.784083239265373266e-02,6.815532322304812540e-02,6.844944433523675320e-02,6.872354215352055595e-02,6.897781342479580857e-02,6.921226097107802122e-02,6.942666251055346072e-02,6.962055042462317322e-02,6.979320055135118661e-02,6.994362870677411914e-02,7.007059449249430916e-02,7.017260636705863197e-02,7.024793518418515070e-02,7.029463026918636448e-02,7.031053842899659401e-02,7.029332610139160664e-02,7.024050430926842559e-02,7.014945625588764333e-02,7.001746746450093761e-02,6.984175840155992798e-02,6.961951953710132646e-02,6.934794879031846992e-02,6.902429128161147176e-02,6.864588126359705278e-02,6.821018603115402978e-02,6.771485151473610742e-02,6.715774914286976038e-02,6.653702342193701380e-02,6.585113952923682401e-02,6.509893005619582507e-02,6.427963988205770418e-02,6.339296801588795160e-02,6.243910512905598287e-02,6.141876542488888813e-02,6.033321146966169612e-02,5.918427065061249159e-02
7.808823529411764719e-01,5.753479379571790897e-02,5.872192220081967617e-02,5.985364744165794226e-02,6.092774830092245741e-02,6.194251015544433026e-02,6.289671875841013060e-02,6.378964566636552425e-02,6.462102628784743841e-02,6.539103162608395081e-02,6.610023482777338533e-02,6.674957363925981824e-02,6.734030981853489362e-02,6.787398646618036935e-02,6.835238413024991022e-02,6.877747641887715924e-02,6.915138572867918221e-02,6.947633957393389847e-02,6.975462788691627614e-02,6.998856155765093012e-02,7.018043239491278396e-02,7.033247462089664559e-02,7.044682796142909265e-02,7.052550236260163308e-02,7.057034435525350036e-02,7.058300510332171651e-02,7.056491021585481471e-02,7.051723148610966607e-02,7.044086089153867025e-02,7.033638734899955169e-02,7.020407470020190166e-02,7.004384777134725626e-02,6.985528200778556851e-02,6.963759976557465370e-02,6.938967730400086298e-02,6.911006450599405104e-02,6.879702108375923553e-02,6.844857360682116143e-02,6.806259816177245847e-02,6.763693363682432569e-02,6.716953031176686739e-02,6.665863740193647691e-02,6.610303125955535597e-02,6.550228301378507867e-02,6.485706078297634458e-02,6.416945812204333244e-02,6.344333934063084435e-02,6.268469927176512080e-02,6.190206540080581132e-02,6.110707945975286937e-02,6.031587409216809803e-02,5.955577212733070835e-02,5.859388582768369769e-02,5.764917258297075353e-02,5.677861465919568917e-02,5.596917015851303467e-02,5.522683464198922809e-02,5.456074863846804845e-02,5.398017897804176235e-02,5.349348043711231460e-02,5.310765725417210259e-02,5.282818361798188866e-02,5.265895298926369372e-02,5.260228606916295124e-02,5.265895298926447088e-02,5.282818361798255480e-02,5.310765725417090910e-02,5.349348043711320277e-02,5.398017897804306686e-02,5.456074863846926970e-02,5.522683464198892278e-02,5.596917015851120281e-02,5.677861465919534223e-02,5.764917258297118374e-02,5.859388582768255971e-02,5.955577212733333126e-02,6.031587409216522533e-02,6.110707945975407673e-02,6.190206540080689379e-02,6.268469927176664735e-02,6.344333934063198233e-02,6.416945812204347122e-02,6.485706078297651112e-02,6.550228301378524520e-02,6.610303125955646619e-02,6.665863740193644915e-02,6.716953031176833844e-02,6.763693363682449222e-02,6.806259816177101518e-02,6.844857360682066183e-02,6.879702108375934655e-02,6.911006450599299633e-02,6.938967730400025236e-02,6.963759976557426512e-02,6.985528200778506891e-02,7.004384777134692319e-02,7.020407470020129104e-02,7.033638734899966272e-02,7.044086089153733798e-02,7.051723148611033221e-02,7.056491021585603596e-02,7.058300510332377042e-02,7.057034435525344485e-02,7.052550236260296534e-02,7.044682796142992531e-02,7.033247462089703417e-02,7.018043239491283947e-02,6.998856155765187381e-02,6.975462788691610960e-02,6.947633957393450910e-02,6.915138572867768341e-02,6.877747641887749230e-02,6.835238413024974369e-02,6.787398646618153508e-02,6.734030981853400544e-02,6.674957363925998477e-02,6.610023482777471759e-02,6.539103162608372877e-02,6.462102628784793801e-02,6.378964566636458056e-02,6.289671875840946447e-02,6.194251015544410821e-02,6.092774830092190230e-02,5.985364744165710960e-02,5.872192220082017577e-02,5.753479379571829755e-02
7.833333333333333259e-01,5.559363428916169747e-02,5.680194813777633689e-02,5.796309453460252170e-02,5.907460124387037270e-02,6.013444088763109097e-02,6.114103294954709167e-02,6.209323789267490179e-02,6.299034404721381986e-02,6.383204804885805883e-02,6.461842968710274082e-02,6.534992205754575068e-02,6.602727790712559219e-02,6.665153302209092523e-02,6.722396744253206213e-02,6.774606520127290921e-02,6.821947318628229784e-02,6.864595962036407206e-02,6.902737254577678838e-02,6.936559859851598731e-02,6.966252226143049286e-02,6.991998569968421728e-02,7.013974920917626088e-02,7.032345225081143569e-02,7.047257500444420453e-02,7.058840036006935881e-02,7.067197627669186133e-02,7.072407849002310121e-02,7.074517365292176674e-02,7.073538318159638960e-02,7.069444847168099288e-02,7.062169672895191042e-02,7.051601102026577861e-02,7.037580763183026722e-02,7.019901766015329558e-02,6.998308173386175168e-02,6.972496094712149484e-02,6.942117006825210268e-02,6.906784040504815314e-02,6.866082084410751740e-02,6.819582635004084459e-02,6.766864323811455639e-02,6.707539938802886681e-02,6.641290482101544490e-02,6.567906348204050060e-02,6.487335098931018562e-02,6.399734725211575492e-02,6.305531238736855615e-02,6.205481497482798203e-02,6.100752319598884421e-02,5.993080290413003997e-02,5.885764434274741441e-02,5.749463637250570858e-02,5.623833691408205993e-02,5.503171231378969908e-02,5.388378121072354143e-02,5.281273648620353478e-02,5.183822472993089570e-02,5.097906145020665580e-02,5.025210578561499497e-02,4.967161005304877863e-02,4.924885026754823036e-02,4.899194095747115563e-02,4.890576212001371270e-02,4.899194095747383404e-02,4.924885026755083939e-02,4.967161005304826515e-02,5.025210578561552233e-02,5.097906145020605906e-02,5.183822472992904995e-02,5.281273648620628258e-02,5.388378121072430471e-02,5.503171231379042072e-02,5.623833691408215707e-02,5.749463637250556980e-02,5.885764434274820545e-02,5.993080290412923505e-02,6.100752319598926054e-02,6.205481497482809305e-02,6.305531238736980515e-02,6.399734725211628228e-02,6.487335098931085176e-02,6.567906348203964018e-02,6.641290482101655512e-02,6.707539938802889457e-02,6.766864323811414006e-02,6.819582635004106663e-02,6.866082084410884967e-02,6.906784040504804212e-02,6.942117006825138104e-02,6.972496094711910786e-02,6.998308173386280640e-02,7.019901766015318456e-02,7.037580763183121091e-02,7.051601102026544554e-02,7.062169672895168837e-02,7.069444847168027124e-02,7.073538318159577898e-02,7.074517365292498638e-02,7.072407849002432245e-02,7.067197627669125071e-02,7.058840036006985841e-02,7.047257500444414902e-02,7.032345225081199080e-02,7.013974920917631639e-02,6.991998569968438382e-02,6.966252226143015980e-02,6.936559859851687548e-02,6.902737254577751003e-02,6.864595962036323940e-02,6.821947318628140966e-02,6.774606520127396392e-02,6.722396744253156253e-02,6.665153302209159136e-02,6.602727790712498157e-02,6.534992205754547312e-02,6.461842968710074242e-02,6.383204804885928008e-02,6.299034404721420843e-02,6.209323789267456872e-02,6.114103294954814638e-02,6.013444088763170159e-02,5.907460124387092781e-02,5.796309453460229966e-02,5.680194813777739160e-02,5.559363428916203054e-02
7.857843137254901800e-01,5.362039849232402844e-02,5.483726371751851403e-02,5.601485481150564327e-02,5.715056316210570531e-02,5.824216553815098063e-02,5.928783225709649551e-02,6.028612820382572846e-02,6.123600709366328054e-02,6.213679950691552989e-02,6.298819532114369180e-02,6.379022122974142839e-02,6.454321406264362793e-02,6.524779062004509855e-02,6.590481469689651872e-02,6.651536191985479851e-02,6.708068294414254451e-02,6.760216547069758386e-02,6.808129544861368787e-02,6.851961772832343422e-02,6.891869633089653391e-02,6.928007440124911431e-02,6.960523382094185862e-02,6.989555437273436977e-02,7.015227227747644623e-02,7.037643786939329349e-02,7.056887214446611045e-02,7.073012191795280401e-02,7.086041337371840054e-02,7.095960389877786767e-02,7.102713230425844460e-02,7.106196794967939434e-02,7.106255912749837034e-02,7.102678075606266850e-02,7.095189072271895769e-02,7.083448834642191994e-02,7.067048620529309266e-02,7.045510111779806905e-02,7.018287295732583697e-02,6.984772277986317501e-02,6.944306406236511187e-02,6.896198282053311868e-02,6.839750338670330665e-02,6.774295591507298320e-02,6.699245841066536755e-02,6.614151967405115795e-02,6.518776048847399474e-02,6.413174223102202642e-02,6.297789841349912821e-02,6.173564235083059404e-02,6.042125474497814230e-02,5.896928181840291328e-02,5.736163873866273466e-02,5.578984874728848409e-02,5.423881234341423885e-02,5.273419279218755085e-02,5.130763332688330347e-02,4.999192209325944991e-02,4.881864626697918208e-02,4.781656351040576569e-02,4.701040734317708802e-02,4.642005221749581634e-02,4.605997971207881347e-02,4.593897476834597760e-02,4.605997971207918817e-02,4.642005221749535837e-02,4.701040734317622760e-02,4.781656351040229624e-02,4.881864626697735021e-02,4.999192209325849234e-02,5.130763332688292877e-02,5.273419279218609368e-02,5.423881234341493274e-02,5.578984874728790122e-02,5.736163873866308160e-02,5.896928181840330185e-02,6.042125474497930804e-02,6.173564235083131568e-02,6.297789841349926698e-02,6.413174223102161009e-02,6.518776048847432780e-02,6.614151967405271226e-02,6.699245841066583940e-02,6.774295591507253911e-02,6.839750338670375074e-02,6.896198282053450646e-02,6.944306406236500084e-02,6.984772277986456279e-02,7.018287295732672515e-02,7.045510111779768048e-02,7.067048620529309266e-02,7.083448834642186442e-02,7.095189072271851360e-02,7.102678075606300157e-02,7.106255912749753767e-02,7.106196794967750696e-02,7.102713230425944380e-02,7.095960389878014363e-02,7.086041337371995485e-02,7.073012191795347015e-02,7.056887214446538881e-02,7.037643786939240531e-02,7.015227227747666827e-02,6.989555437273509142e-02,6.960523382094341294e-02,6.928007440124933636e-02,6.891869633089792169e-02,6.851961772832237951e-02,6.808129544861379889e-02,6.760216547069680670e-02,6.708068294414182287e-02,6.651536191985418789e-02,6.590481469689712934e-02,6.524779062004593122e-02,6.454321406264373895e-02,6.379022122974054021e-02,6.298819532114474651e-02,6.213679950691464171e-02,6.123600709366366912e-02,6.028612820382472925e-02,5.928783225709544080e-02,5.824216553815086961e-02,5.715056316210603837e-02,5.601485481150592083e-02,5.483726371751856954e-02,5.362039849232458355e-02
7.882352941176470340e-01,5.163593735493193781e-02,5.285036643301110892e-02,5.403294324103935509e-02,5.518101245150708323e-02,5.629224923541548131e-02,5.736467182887278193e-02,5.839664782997994186e-02,5.938689441494882093e-02,6.033447279353204573e-02,6.123877732889576597e-02,6.209951982343653309e-02,6.291670951901101594e-02,6.369062937819547354e-02,6.442180920467655003e-02,6.511099612837956130e-02,6.575912292804275694e-02,6.636727459410196595e-02,6.693665345153659851e-02,6.746854306904809251e-02,6.796427108042929488e-02,6.842517093900413183e-02,6.885254251883893284e-02,6.924761136968593522e-02,6.961148632906138944e-02,6.994511509837048058e-02,7.024923730596094318e-02,7.052433451613576709e-02,7.077057661106278541e-02,7.098776398860506820e-02,7.117526510754101920e-02,7.133194910997764371e-02,7.145611364749415717e-02,7.154540862467495543e-02,7.159675447246627300e-02,7.160626483664128683e-02,7.156917051156791443e-02,7.147975275436724285e-02,7.133129708229324351e-02,7.111607899658728416e-02,7.082539851189129099e-02,7.044968474390511659e-02,6.997869609208079433e-02,6.940184481925493198e-02,6.870867578426387290e-02,6.788952616481691571e-02,6.693638490401207508e-02,6.584395785153213110e-02,6.461093470930842630e-02,6.324148560328021751e-02,6.174737155943388345e-02,6.000195093930357770e-02,5.816391090487796345e-02,5.628190756724346655e-02,5.437815944363126597e-02,5.249342514035917895e-02,5.067484104313903226e-02,4.897195833831680112e-02,4.743372654177523129e-02,4.610583750744955134e-02,4.502846455040032669e-02,4.423447884999030799e-02,4.374816509494562633e-02,4.358439267174193943e-02,4.374816509494681982e-02,4.423447884999141821e-02,4.502846455039993812e-02,4.610583750744916276e-02,4.743372654177670233e-02,4.897195833831499701e-02,5.067484104313819959e-02,5.249342514035817975e-02,5.437815944363073861e-02,5.628190756724310573e-02,5.816391090487790794e-02,6.000195093930485446e-02,6.174737155943488265e-02,6.324148560328160529e-02,6.461093470930936999e-02,6.584395785153271397e-02,6.693638490401410124e-02,6.788952616481930269e-02,6.870867578426576028e-02,6.940184481925437687e-02,6.997869609208079433e-02,7.044968474390428392e-02,7.082539851189117996e-02,7.111607899658761722e-02,7.133129708229390964e-02,7.147975275436868614e-02,7.156917051156819198e-02,7.160626483664106479e-02,7.159675447246610647e-02,7.154540862467412277e-02,7.145611364749449024e-02,7.133194910997792126e-02,7.117526510754218494e-02,7.098776398860529024e-02,7.077057661106311848e-02,7.052433451613848714e-02,7.024923730596382976e-02,6.994511509837025853e-02,6.961148632906205558e-02,6.924761136968643482e-02,6.885254251883848875e-02,6.842517093900524205e-02,6.796427108043018306e-02,6.746854306904870313e-02,6.693665345153709811e-02,6.636727459410096674e-02,6.575912292804358961e-02,6.511099612837945028e-02,6.442180920467699412e-02,6.369062937819652825e-02,6.291670951901107145e-02,6.209951982343764332e-02,6.123877732889604353e-02,6.033447279353260084e-02,5.938689441494832133e-02,5.839664782998049697e-02,5.736467182887239336e-02,5.629224923541453762e-02,5.518101245150763834e-02,5.403294324103891100e-02,5.285036643301072035e-02,5.163593735493199333e-02
7.906862745098038880e-01,4.972729942516218582e-02,5.093114051222719096e-02,5.210991851945739883e-02,5.326099579146020835e-02,5.438201675087372955e-02,5.547092340723391857e-02,5.652596551813654502e-02,5.754570544245857233e-02,5.852901784576580724e-02,5.947508452013683389e-02,6.038338466145953820e-02,6.125368100415984340e-02,6.208600224602328632e-02,6.288062220428125570e-02,6.363803612988533365e-02,6.435893457166813603e-02,6.504417512807669777e-02,6.569475235377408850e-02,6.631176600362398421e-02,6.689638769962724663e-02,6.744982599867627160e-02,6.797328972215460619e-02,6.846794928351096488e-02,6.893489561842552904e-02,6.937509618589704496e-02,6.978934737019754087e-02,7.017822247812977032e-02,7.054201440071344864e-02,7.088067190575120247e-02,7.119372846650579012e-02,7.148022254079011706e-02,7.173860833891770872e-02,7.196665644139910167e-02,7.216134437185195427e-02,7.231873587484932697e-02,7.243385416461278759e-02,7.250055440263736273e-02,7.251139592502248155e-02,7.245753200033855368e-02,7.232863160491270760e-02,7.211285678988804682e-02,7.179692715054591945e-02,7.136631147315591894e-02,7.080559462646546232e-02,7.009907308840984674e-02,6.923163222320150023e-02,6.818994932847513568e-02,6.696404702629094041e-02,6.554919609650572410e-02,6.394802588213482908e-02,6.201772101491548339e-02,5.996406561303124771e-02,5.778517594444287919e-02,5.552029473651964864e-02,5.322435937381367332e-02,5.096235075541165338e-02,4.880534845137479705e-02,4.682628801770780114e-02,4.509553754695388994e-02,4.367668767044945166e-02,4.262291676180521294e-02,4.197415447896717111e-02,4.175511358955603936e-02,4.197415447896647722e-02,4.262291676180528233e-02,4.367668767044835532e-02,4.509553754695380667e-02,4.682628801770725990e-02,4.880534845137438071e-02,5.096235075541263870e-02,5.322435937381458926e-02,5.552029473652059233e-02,5.778517594444196326e-02,5.996406561303382898e-02,6.201772101491589972e-02,6.394802588213449601e-02,6.554919609650641799e-02,6.696404702629121797e-02,6.818994932847582957e-02,6.923163222320122268e-02,7.009907308841112350e-02,7.080559462646629498e-02,7.136631147315614099e-02,7.179692715054614149e-02,7.211285678989021175e-02,7.232863160491392884e-02,7.245753200033777652e-02,7.251139592502053866e-02,7.250055440263580842e-02,7.243385416461217696e-02,7.231873587484866084e-02,7.216134437185306449e-02,7.196665644139838003e-02,7.173860833891798627e-02,7.148022254079022808e-02,7.119372846650751097e-02,7.088067190575292331e-02,7.054201440071672380e-02,7.017822247813282344e-02,6.978934737019959478e-02,6.937509618589748905e-02,6.893489561842558455e-02,6.846794928351018772e-02,6.797328972215405107e-02,6.744982599867577200e-02,6.689638769962658049e-02,6.631176600362465035e-02,6.569475235377497668e-02,6.504417512807858515e-02,6.435893457166746989e-02,6.363803612988555569e-02,6.288062220427947935e-02,6.208600224602217610e-02,6.125368100416012096e-02,6.038338466145909411e-02,5.947508452013661184e-02,5.852901784576508559e-02,5.754570544245962704e-02,5.652596551813576786e-02,5.547092340723525083e-02,5.438201675087478426e-02,5.326099579146126306e-02,5.210991851945745434e-02,5.093114051222663585e-02,4.972729942516218582e-02
7.931372549019607421e-01,4.800862508434017295e-02,4.919752917379632828e-02,5.036741940142680507e-02,5.151571448689906685e-02,5.264007427600797540e-02,5.373841707631699105e-02,5.480893254118673896e-02,5.585009003907076552e-02,5.686064255110323540e-02,5.783962623457700181e-02,5.878635586889441322e-02,5.970041646138923852e-02,6.058165133126386381e-02,6.143014701007493139e-02,6.224621529677099030e-02,6.303037278485379424e-02,6.378331813985238519e-02,6.450590734809746873e-02,6.519912708397623824e-02,6.586406625318252939e-02,6.650188566463677287e-02,6.711378566385772793e-02,6.770097142523134881e-02,6.826461544932738157e-02,6.880581664334683989e-02,6.932555517732408301e-02,6.982464210611560862e-02,7.030366252925751569e-02,7.076291083226993184e-02,7.120231632376872177e-02,7.162135737048236361e-02,7.201896196699630881e-02,7.239339260847132973e-02,7.274211344916209354e-02,7.306163825000661083e-02,7.334735756984417376e-02,7.359334425993802054e-02,7.379214875700684795e-02,7.393457815921433696e-02,7.400947994216455772e-02,7.400354871530478995e-02,7.390118677766610578e-02,7.368446334245420948e-02,7.333323367460048425e-02,7.282549718546149631e-02,7.213808991618692046e-02,7.124781758157178180e-02,7.013313792368719435e-02,6.877652467881734122e-02,6.714613431257898668e-02,6.516909967625564293e-02,6.294912641549238463e-02,6.050021062277338713e-02,5.786877037886711816e-02,5.512140495675410534e-02,5.234264784563785744e-02,4.963101741960532221e-02,4.709313788722237215e-02,4.483650339608662161e-02,4.296176496611549267e-02,4.155545515218932173e-02,4.068388252277388428e-02,4.038863721604078749e-02,4.068388252277316264e-02,4.155545515218861397e-02,4.296176496611590900e-02,4.483650339608594160e-02,4.709313788722266358e-02,4.963101741960598834e-02,5.234264784563696926e-02,5.512140495675582619e-02,5.786877037886559161e-02,6.050021062277380346e-02,6.294912641549182952e-02,6.516909967625450495e-02,6.714613431257840381e-02,6.877652467881828491e-02,7.013313792368675026e-02,7.124781758157222589e-02,7.213808991618564370e-02,7.282549718546399431e-02,7.333323367460148345e-02,7.368446334245498663e-02,7.390118677766721600e-02,7.400354871530573364e-02,7.400947994216477976e-02,7.393457815921566922e-02,7.379214875700790266e-02,7.359334425993552253e-02,7.334735756984417376e-02,7.306163825000677736e-02,7.274211344916226007e-02,7.239339260847121871e-02,7.201896196699664188e-02,7.162135737048214157e-02,7.120231632376838871e-02,7.076291083226937673e-02,7.030366252926034676e-02,6.982464210611716293e-02,6.932555517732563732e-02,6.880581664334606273e-02,6.826461544932893588e-02,6.770097142523145983e-02,6.711378566385728384e-02,6.650188566463655082e-02,6.586406625318341757e-02,6.519912708397657131e-02,6.450590734809602544e-02,6.378331813985249621e-02,6.303037278485490447e-02,6.224621529677154541e-02,6.143014701007520895e-02,6.058165133126341972e-02,5.970041646139040425e-02,5.878635586889380260e-02,5.783962623457650221e-02,5.686064255110406807e-02,5.585009003907043246e-02,5.480893254118707203e-02,5.373841707631721309e-02,5.264007427600858602e-02,5.151571448689862276e-02,5.036741940142608343e-02,4.919752917379621726e-02,4.800862508434017295e-02
7.955882352941175961e-01,4.632945821091588590e-02,4.749704380788777325e-02,4.865109208789264450e-02,4.978910993954188680e-02,5.090881103162425703e-02,5.200813411356486338e-02,5.308525771796823722e-02,5.413861113503726230e-02,5.516688162018368313e-02,5.616901788047473643e-02,5.714422995993934107e-02,5.809198570432527742e-02,5.901200403125939076e-02,5.990424525985194038e-02,6.076889876447566508e-02,6.160636820991616247e-02,6.241725459993308078e-02,6.320233732839253271e-02,6.396255336193601426e-02,6.469897460553220014e-02,6.541278340661704771e-02,6.610524603911349661e-02,6.677768387316529441e-02,6.743144177790405536e-02,6.806785311899565816e-02,6.868820049635915304e-02,6.929367111502882093e-02,6.988530538900383782e-02,7.046393703925857288e-02,7.103012256028340410e-02,7.158405749589191736e-02,7.212547649298739483e-02,7.265353361336041038e-02,7.316665892170409746e-02,7.366238701616245610e-02,7.413715311673724218e-02,7.458605263714418454e-02,7.500255746763573317e-02,7.537819815199936491e-02,7.570220383062775671e-02,7.596111455461501683e-02,7.613838803137346067e-02,7.621403674461946220e-02,7.616435602732885002e-02,7.596183533980954694e-02,7.557538742974717616e-02,7.497109104237609234e-02,7.411377927944740041e-02,7.297069502966663235e-02,7.151138764205217102e-02,6.961660540798930707e-02,6.733662121072203632e-02,6.468917178203667517e-02,6.171444208492288253e-02,5.848255135808502758e-02,5.509563110701384825e-02,5.168540439622829052e-02,4.840608373809243692e-02,4.542312785791657870e-02,4.289927570610393981e-02,4.097984112672775625e-02,3.977929401126377440e-02,3.937073897143732182e-02,3.977929401126412134e-02,4.097984112672803381e-02,4.289927570610455043e-02,4.542312785791474683e-02,4.840608373809099363e-02,5.168540439622767990e-02,5.509563110701659605e-02,5.848255135808683169e-02,6.171444208492443684e-02,6.468917178203750784e-02,6.733662121072148121e-02,6.961660540798869645e-02,7.151138764205228204e-02,7.297069502966768706e-02,7.411377927944784449e-02,7.497109104237653643e-02,7.557538742974756474e-02,7.596183533981026859e-02,7.616435602733268029e-02,7.621403674462190470e-02,7.613838803137418232e-02,7.596111455461457274e-02,7.570220383062692404e-02,7.537819815199936491e-02,7.500255746763695441e-02,7.458605263714490619e-02,7.413715311673679809e-02,7.366238701616234508e-02,7.316665892170443053e-02,7.265353361336068794e-02,7.212547649298817198e-02,7.158405749589258349e-02,7.103012256028473637e-02,7.046393703926145946e-02,6.988530538900517008e-02,6.929367111503048626e-02,6.868820049636070735e-02,6.806785311899543611e-02,6.743144177790294513e-02,6.677768387316684873e-02,6.610524603911371866e-02,6.541278340661815793e-02,6.469897460553042379e-02,6.396255336193668040e-02,6.320233732839253271e-02,6.241725459993485714e-02,6.160636820991649554e-02,6.076889876447599814e-02,5.990424525985371673e-02,5.901200403126011240e-02,5.809198570432522191e-02,5.714422995993712062e-02,5.616901788047568012e-02,5.516688162018329455e-02,5.413861113503815048e-02,5.308525771796762660e-02,5.200813411356619564e-02,5.090881103162309129e-02,4.978910993954260844e-02,4.865109208789208939e-02,4.749704380788766223e-02,4.632945821091555283e-02
7.980392156862745612e-01,4.469862405241054049e-02,4.583959374178547819e-02,4.697194384368896802e-02,4.809328831910214541e-02,4.920141994394200413e-02,5.029432892362067919e-02,5.137021870287672431e-02,5.242751880134360887e-02,5.346489458265157868e-02,5.448125393941044559e-02,5.547575094450629685e-02,5.644778657813953604e-02,5.739700668752290014e-02,5.832329737048713714e-02,5.922677799423137213e-02,6.010779206526040142e-02,6.096689615576378340e-02,6.180484706496169878e-02,6.262258735067038895e-02,6.342122930611482357e-02,6.420203737831065016e-02,6.496640892552008051e-02,6.571585308940930403e-02,6.645196740856063045e-02,6.717641161840515185e-02,6.789087786143099823e-02,6.859705626121370692e-02,6.929659448328362448e-02,6.999104950125312197e-02,7.068182929201660691e-02,7.137012158190392253e-02,7.205680603841579934e-02,7.274234543478386161e-02,7.342665030014117189e-02,7.410891041763933984e-02,7.478738529436967930e-02,7.545914453864177585e-02,7.611974833921619776e-02,7.676285433848817341e-02,7.737974702957789441e-02,7.795878054813393243e-02,7.848472960777796992e-02,7.893806886187015870e-02,7.929421572367917337e-02,7.952281729457211235e-02,7.958724075051243352e-02,7.944460497746808070e-02,7.904735727158729297e-02,7.835439818458966865e-02,7.736527771433954204e-02,7.576414387735752598e-02,7.363057014704760261e-02,7.094864740850814755e-02,6.772653131838038409e-02,6.401517142182550080e-02,5.991972987749635826e-02,5.560434959372181907e-02,5.128780830904386412e-02,4.722863577862027040e-02,4.370065840255696332e-02,4.096252489854085299e-02,3.922645242867880966e-02,3.863161253725164168e-02,3.922645242867950355e-02,4.096252489854027012e-02,4.370065840255718537e-02,4.722863577862004836e-02,5.128780830904347554e-02,5.560434959371918229e-02,5.991972987749871749e-02,6.401517142182586162e-02,6.772653131838041185e-02,7.094864740850992391e-02,7.363057014704987857e-02,7.576414387735652678e-02,7.736527771434170697e-02,7.835439818459050132e-02,7.904735727158757053e-02,7.944460497746763661e-02,7.958724075051210045e-02,7.952281729457405524e-02,7.929421572368122728e-02,7.893806886187187954e-02,7.848472960777685969e-02,7.795878054813443203e-02,7.737974702957756135e-02,7.676285433848856199e-02,7.611974833921497652e-02,7.545914453864099869e-02,7.478738529436956828e-02,7.410891041764056109e-02,7.342665030014150496e-02,7.274234543478286241e-02,7.205680603841635445e-02,7.137012158190503275e-02,7.068182929201660691e-02,6.999104950125600855e-02,6.929659448328440163e-02,6.859705626121403998e-02,6.789087786143288561e-02,6.717641161840559594e-02,6.645196740856129658e-02,6.571585308941074732e-02,6.496640892551830415e-02,6.420203737831187141e-02,6.342122930611604481e-02,6.262258735066994486e-02,6.180484706496169878e-02,6.096689615576433852e-02,6.010779206526062346e-02,5.922677799423159417e-02,5.832329737048758123e-02,5.739700668752301116e-02,5.644778657814109035e-02,5.547575094450668542e-02,5.448125393941066763e-02,5.346489458265168970e-02,5.242751880134322029e-02,5.137021870287722392e-02,5.029432892361940244e-02,4.920141994394211515e-02,4.809328831910236746e-02,4.697194384368885700e-02,4.583959374178658841e-02,4.469862405241092906e-02
8.004901960784314152e-01,4.312804534158665160e-02,4.423815572300743293e-02,4.534402734710135663e-02,4.644338973485784283e-02,4.753412928840317075e-02,4.861430773200664524e-02,4.968217847396610987e-02,5.073620070047768493e-02,5.177505107832325315e-02,5.279763300858120179e-02,5.380308343619799594e-02,5.479077727702780232e-02,5.576032957323973083e-02,5.671159552767857104e-02,5.764466859672157106e-02,5.855987683842100999e-02,5.945777771744875650e-02,6.033915155990932089e-02,6.120499382907729213e-02,6.205650635606418941e-02,6.289508760668660603e-02,6.372232199464789026e-02,6.453996815891360761e-02,6.534994600533261533e-02,6.615432216280892064e-02,6.695529331454075361e-02,6.775516662323022299e-02,6.855633616106304729e-02,6.936125386061975373e-02,7.017239299640221084e-02,7.099220155552699030e-02,7.182304201969591517e-02,7.266711300834349796e-02,7.352634686533221497e-02,7.440227554188583170e-02,7.529585496848190118e-02,7.620723546622376610e-02,7.713546263205983688e-02,7.807808981842567775e-02,7.903067790647078095e-02,7.998615634759231874e-02,8.093402735204113796e-02,8.185937599389597752e-02,8.274169416866589133e-02,8.355356167230293396e-02,8.425937288126672531e-02,8.481478697138122858e-02,8.517025824068458206e-02,8.535164349411283879e-02,8.521345127019075427e-02,8.430938850045327504e-02,8.273557625953831263e-02,8.040137571105132608e-02,7.723211280856440153e-02,7.320185491390818200e-02,6.836498995525186473e-02,6.288440688078247853e-02,5.704737695199266212e-02,5.125883789509549926e-02,4.600537189908895930e-02,4.179147972190450089e-02,3.905971574412289704e-02,3.811319352611097777e-02,3.905971574412234193e-02,4.179147972190525029e-02,4.600537189908712743e-02,5.125883789509613764e-02,5.704737695199285641e-02,6.288440688078039686e-02,6.836498995525200351e-02,7.320185491390990284e-02,7.723211280856434602e-02,8.040137571105515635e-02,8.273557625953881223e-02,8.430938850045288646e-02,8.521345127019092081e-02,8.535164349411222817e-02,8.517025824068663598e-02,8.481478697138050693e-02,8.425937288126716940e-02,8.355356167230154618e-02,8.274169416866866689e-02,8.185937599389792041e-02,8.093402735204230369e-02,7.998615634759176363e-02,7.903067790647066992e-02,7.807808981842823126e-02,7.713546263205905973e-02,7.620723546622343303e-02,7.529585496848123505e-02,7.440227554188627579e-02,7.352634686533277009e-02,7.266711300834294285e-02,7.182304201969602619e-02,7.099220155552710132e-02,7.017239299640531947e-02,6.936125386062019782e-02,6.855633616106371342e-02,6.775516662323310957e-02,6.695529331454219690e-02,6.615432216281169620e-02,6.534994600533539089e-02,6.453996815891704930e-02,6.372232199464655800e-02,6.289508760668693910e-02,6.205650635606463350e-02,6.120499382907851338e-02,6.033915155991076418e-02,5.945777771744809037e-02,5.855987683842278635e-02,5.764466859672046084e-02,5.671159552767912615e-02,5.576032957324128514e-02,5.479077727702713618e-02,5.380308343619910616e-02,5.279763300858153485e-02,5.177505107832286457e-02,5.073620070047679675e-02,4.968217847396516618e-02,4.861430773200597910e-02,4.753412928840228258e-02,4.644338973485723221e-02,4.534402734710152316e-02,4.423815572300798804e-02,4.312804534158753977e-02
8.029411764705882693e-01,4.162539350725857901e-02,4.270139845458686967e-02,4.377705893208433396e-02,4.485021995549809404e-02,4.591886693413843590e-02,4.698114357861016277e-02,4.803536839091060440e-02,4.908004954246741880e-02,5.011389800212329160e-02,5.113583883457512025e-02,5.214502064782361446e-02,5.314082322383351098e-02,5.412286341789929178e-02,5.509099945765016937e-02,5.604533381114740198e-02,5.698621482401267091e-02,5.791423734763478937e-02,5.883024259347668927e-02,5.973531745207549815e-02,6.063079350883926466e-02,6.151824597147548257e-02,6.239949269425337786e-02,6.327659344052216639e-02,6.415184946341245809e-02,6.502780340101044221e-02,6.590723936933418070e-02,6.679318298474190563e-02,6.768890084304735044e-02,6.859789870696175740e-02,6.952391728028373130e-02,7.047092394109111257e-02,7.144309811830218404e-02,7.244480706106970480e-02,7.348056748070352917e-02,7.455498682457784021e-02,7.567267562189672336e-02,7.683811923819849898e-02,7.805549327918748226e-02,7.932840160462484302e-02,8.065950948001188170e-02,8.205003637361818480e-02,8.349906178657595657e-02,8.500261387302343596e-02,8.655249361115102680e-02,8.813489855789163885e-02,8.972921604190353673e-02,9.130881183038808135e-02,9.285630615995521531e-02,9.475805630235006882e-02,9.589378466872655604e-02,9.643832382294309502e-02,9.627819876261489718e-02,9.520156120484457585e-02,9.296586024869379905e-02,8.933850842861418284e-02,8.415747628121111878e-02,7.741580567597519669e-02,6.935749900798454659e-02,6.055200037050098572e-02,5.189866637549300776e-02,4.451845563532241812e-02,3.952941600404555333e-02,3.776362783468134587e-02,3.952941600404602518e-02,4.451845563532411121e-02,5.189866637549175876e-02,6.055200037050009754e-02,6.935749900798485190e-02,7.741580567597941553e-02,8.415747628121122981e-02,8.933850842861007502e-02,9.296586024869579745e-02,9.520156120484379869e-02,9.627819876261561882e-02,9.643832382294292849e-02,9.589378466872633400e-02,9.475805630235012433e-02,9.285630615995399406e-02,9.130881183038858095e-02,8.972921604190531308e-02,8.813489855789252703e-02,8.655249361115113782e-02,8.500261387302621152e-02,8.349906178657462430e-02,8.205003637361718560e-02,8.065950948001299192e-02,7.932840160462439894e-02,7.805549327918992475e-02,7.683811923819816592e-02,7.567267562189738950e-02,7.455498682457772919e-02,7.348056748070430633e-02,7.244480706106870560e-02,7.144309811830196200e-02,7.047092394109166769e-02,6.952391728028539664e-02,6.859789870696320069e-02,6.768890084304923782e-02,6.679318298474234972e-02,6.590723936933429172e-02,6.502780340101177448e-02,6.415184946341512262e-02,6.327659344052527501e-02,6.239949269425337786e-02,6.151824597147614870e-02,6.063079350883959773e-02,5.973531745207616428e-02,5.883024259347702234e-02,5.791423734763456732e-02,5.698621482401156069e-02,5.604533381114851220e-02,5.509099945765116857e-02,5.412286341789951383e-02,5.314082322383356649e-02,5.214502064782366997e-02,5.113583883457484269e-02,5.011389800212368018e-02,4.908004954246747431e-02,4.803536839091082644e-02,4.698114357860982970e-02,4.591886693413843590e-02,4.485021995549842710e-02,4.377705893208422294e-02,4.270139845458698069e-02,4.162539350725918963e-02
8.053921568627451233e-01,4.018774342156383739e-02,4.122683558440887186e-02,4.226904034664669130e-02,4.331231304077631794e-02,4.435473785233856603e-02,4.539454490752553584e-02,4.643012654801742523e-02,4.746005260185931496e-02,4.848308450935756575e-02,4.949818821662221868e-02,5.050454580494934120e-02,5.150156587985621481e-02,5.248889279810176056e-02,5.346641486321956904e-02,5.443427166915271176e-02,5.539286081702465836e-02,5.634284427178570809e-02,5.728515466326489225e-02,5.822100187070400334e-02,5.915188026118212150e-02,6.007957698127197599e-02,6.100618172815097662e-02,6.193409845156649940e-02,6.286605946150647384e-02,6.380514243773205418e-02,6.475479085493418552e-02,6.571883834867231489e-02,6.670153754799068579e-02,6.770759388325642281e-02,6.874220483150050853e-02,6.981110496931164366e-02,7.092061704047125659e-02,7.207770897606802230e-02,7.329005637723329247e-02,7.456610931381069118e-02,7.591516131071840423e-02,7.734741696954816614e-02,7.887405268234171096e-02,8.050726227393745216e-02,8.226027635516097725e-02,8.414734175457305732e-02,8.618364913217380074e-02,8.838520706428187879e-02,9.076874643262633491e-02,9.335194775507893450e-02,9.615523713391371796e-02,9.921109358216750884e-02,1.026321715287741299e-01,1.070546835644373695e-01,1.106404518516604374e-01,1.140181757235057547e-01,1.170307683188874792e-01,1.193669099340812223e-01,1.205665292032869207e-01,1.200093106990645642e-01,1.169384249411092869e-01,1.105704017774746251e-01,1.003526271452496732e-01,8.639967371415138708e-02,7.001226762070367204e-02,5.395164119484530119e-02,4.198850931755995775e-02,3.753642458106934421e-02,4.198850931755973570e-02,5.395164119484749388e-02,7.001226762070339449e-02,8.639967371415246955e-02,1.003526271452488405e-01,1.105704017774640224e-01,1.169384249411176691e-01,1.200093106990687275e-01,1.205665292032828684e-01,1.193669099340833872e-01,1.170307683188850367e-01,1.140181757235079196e-01,1.106404518516592717e-01,1.070546835644379247e-01,1.026321715287701331e-01,9.921109358216806395e-02,9.615523713391205263e-02,9.335194775508082188e-02,9.076874643262711206e-02,8.838520706428287799e-02,8.618364913217491097e-02,8.414734175457405652e-02,8.226027635516153236e-02,8.050726227393600887e-02,7.887405268234304323e-02,7.734741696954872126e-02,7.591516131071962548e-02,7.456610931381102425e-02,7.329005637723362554e-02,7.207770897606913252e-02,7.092061704047281090e-02,6.981110496931242082e-02,6.874220483150317307e-02,6.770759388325819916e-02,6.670153754799090784e-02,6.571883834867386920e-02,6.475479085493562881e-02,6.380514243773360850e-02,6.286605946150725099e-02,6.193409845156816473e-02,6.100618172815397422e-02,6.007957698127175394e-02,5.915188026118056719e-02,5.822100187070411437e-02,5.728515466326522532e-02,5.634284427178692933e-02,5.539286081702476938e-02,5.443427166915260074e-02,5.346641486321979109e-02,5.248889279810142749e-02,5.150156587985638135e-02,5.050454580495028489e-02,4.949818821662255175e-02,4.848308450935667757e-02,4.746005260185859331e-02,4.643012654801659256e-02,4.539454490752559135e-02,4.435473785233889910e-02,4.331231304077753919e-02,4.226904034664685783e-02,4.122683558440881635e-02,4.018774342156433699e-02
8.078431372549019773e-01,3.881808139712134009e-02,3.981802592282013276e-02,4.082414910273834963e-02,4.183450681559464090e-02,4.284727674831972921e-02,4.386077442791730396e-02,4.487346899860389371e-02,4.588399856109554031e-02,4.689118493766947227e-02,4.789404777798528245e-02,4.889181797562508480e-02,4.988395042285370673e-02,5.087013619024327582e-02,5.185031427823216799e-02,5.282468314889465777e-02,5.379371230856833108e-02,5.475815427588881512e-02,5.571905733638904401e-02,5.667777955562625092e-02,5.763600459989115521e-02,5.859575999983812622e-02,5.955943859120238493e-02,6.052982398285478016e-02,6.151012104109376821e-02,6.250399254754257505e-02,6.351560339497042129e-02,6.454967394215194165e-02,6.561154446986205979e-02,6.670725308413050225e-02,6.784362992467551923e-02,6.902841118919345043e-02,7.027037732363228262e-02,7.157952081826735036e-02,7.296725048259578017e-02,7.444664098804709695e-02,7.603273908714558438e-02,7.774294160854833269e-02,7.959746574084347603e-02,8.161994048782350575e-02,8.383816201533866863e-02,8.628508043290350482e-02,8.900013458390509946e-02,9.203115972876996231e-02,9.543735763597149813e-02,9.929462487942408710e-02,1.037074355870006848e-01,1.088470290763350334e-01,1.152724871429625653e-01,1.232799217791431534e-01,1.309376677651249432e-01,1.394193754198103097e-01,1.487697894807465393e-01,1.588629889362841441e-01,1.693033147696841878e-01,1.792256696342690026e-01,1.869967905374346762e-01,1.898819022087092634e-01,1.839707802576568962e-01,1.650967198425756233e-01,1.317198629587462144e-01,8.934727107219211928e-02,5.228754019279044374e-02,3.738678139931134181e-02,5.228754019278852860e-02,8.934727107219544995e-02,1.317198629587435776e-01,1.650967198425720150e-01,1.839707802576368567e-01,1.898819022087233632e-01,1.869967905374279593e-01,1.792256696342692246e-01,1.693033147696884622e-01,1.588629889362735415e-01,1.487697894807434862e-01,1.394193754198096435e-01,1.309376677651231669e-01,1.232799217791418211e-01,1.152724871429638975e-01,1.088470290763348114e-01,1.037074355870006848e-01,9.929462487942641857e-02,9.543735763597194222e-02,9.203115972877040640e-02,8.900013458390643173e-02,8.628508043290494811e-02,8.383816201533800250e-02,8.161994048782372779e-02,7.959746574084347603e-02,7.774294160854910984e-02,7.603273908714602847e-02,7.444664098804720798e-02,7.296725048259544710e-02,7.157952081826768342e-02,7.027037732363217160e-02,6.902841118919389451e-02,6.784362992467729558e-02,6.670725308413294474e-02,6.561154446986394717e-02,6.454967394215094245e-02,6.351560339497053231e-02,6.250399254754346323e-02,6.151012104109510048e-02,6.052982398285622345e-02,5.955943859120393924e-02,5.859575999983746009e-02,5.763600459989126623e-02,5.667777955562625092e-02,5.571905733638959912e-02,5.475815427588992534e-02,5.379371230856966335e-02,5.282468314889399164e-02,5.185031427823194594e-02,5.087013619024338684e-02,4.988395042285348469e-02,4.889181797562525134e-02,4.789404777798494939e-02,4.689118493766958329e-02,4.588399856109537378e-02,4.487346899860439331e-02,4.386077442791741499e-02,4.284727674831873001e-02,4.183450681559408579e-02,4.082414910273762798e-02,3.981802592282029929e-02,3.881808139712189520e-02
8.102941176470588314e-01,3.752181307220397999e-02,3.848098687978196430e-02,3.944907499292366060e-02,4.042422023623332139e-02,4.140468425628807125e-02,4.238886229253252536e-02,4.337529821757729609e-02,4.436269967336536890e-02,4.534995317561552053e-02,4.633613911062461899e-02,4.732054660512696742e-02,4.830268831116879547e-02,4.928231521369264012e-02,5.025943163873591857e-02,5.123431071556949767e-02,5.220751062745176974e-02,5.317989207490636527e-02,5.415263747467713440e-02,5.512727253030869079e-02,5.610569094096595766e-02,5.709018316975089657e-02,5.808347037924321832e-02,5.908874487047000024e-02,6.010971864590186620e-02,6.115068207508644882e-02,6.221657509745759373e-02,6.331307398289620636e-02,6.444669743072595214e-02,6.562493678237035777e-02,6.685641643569462111e-02,6.815109229835480953e-02,6.952049847231533963e-02,7.097805556824210438e-02,7.253945847206344499e-02,7.422316758262326175e-02,7.605103637815935347e-02,7.804912105890815521e-02,8.024873733243487184e-02,8.268785939254541528e-02,8.541300482856084564e-02,8.848183308266266422e-02,9.196684139028032945e-02,9.596086542369008932e-02,1.005858600421859483e-01,1.060086334492104099e-01,1.124755053797653614e-01,1.204282699968527437e-01,1.321617657019331649e-01,1.436917265529610299e-01,1.569478716491616854e-01,1.724506197485977665e-01,1.902736164988486633e-01,2.098149260139007821e-01,2.290301055996581958e-01,2.433448485510359971e-01,2.452931315814710356e-01,2.274671150409112441e-01,1.894747026184377958e-01,1.413424896563297284e-01,9.650842682264790251e-02,6.322893450196764853e-02,4.365756934153991464e-02,3.728519605564642458e-02,4.365756934153988689e-02,6.322893450196775955e-02,9.650842682264873518e-02,1.413424896563259259e-01,1.894747026184311067e-01,2.274671150409196541e-01,2.452931315814748103e-01,2.433448485510358306e-01,2.290301055996594171e-01,2.098149260139064998e-01,1.902736164988598766e-01,1.724506197485952130e-01,1.569478716491641279e-01,1.436917265529665810e-01,1.321617657019305003e-01,1.204282699968510784e-01,1.124755053797662496e-01,1.060086334492125193e-01,1.005858600421845050e-01,9.596086542369131056e-02,9.196684139028199478e-02,8.848183308266255320e-02,8.541300482856162279e-02,8.268785939254608142e-02,8.024873733243753637e-02,7.804912105890793317e-02,7.605103637815835427e-02,7.422316758262303971e-02,7.253945847206488828e-02,7.097805556824099416e-02,6.952049847231656088e-02,6.815109229835358828e-02,6.685641643569750769e-02,6.562493678237169004e-02,6.444669743072684032e-02,6.331307398289620636e-02,6.221657509745792680e-02,6.115068207508733700e-02,6.010971864590275437e-02,5.908874487047199864e-02,5.808347037924443956e-02,5.709018316975233986e-02,5.610569094096595766e-02,5.512727253030902386e-02,5.415263747467657929e-02,5.317989207490603221e-02,5.220751062745276894e-02,5.123431071556960870e-02,5.025943163873525243e-02,4.928231521369219603e-02,4.830268831116901751e-02,4.732054660512652333e-02,4.633613911062417490e-02,4.534995317561457684e-02,4.436269967336459175e-02,4.337529821757740711e-02,4.238886229253208127e-02,4.140468425628746063e-02,4.042422023623259975e-02,3.944907499292504838e-02,3.848098687978346311e-02,3.752181307220381346e-02
8.127450980392156854e-01,3.633708551588310520e-02,3.725520833657847142e-02,3.818470142928087618e-02,3.912377611881634465e-02,4.007076336532711114e-02,4.102412708895797344e-02,4.198247826694856411e-02,4.294458963762926018e-02,4.390941089390681951e-02,4.487608430311773589e-02,4.584396075069224752e-02,4.681261627219307497e-02,4.778186921236382556e-02,4.875179823202890894e-02,4.972276147505783062e-02,5.069541731062088274e-02,5.167074718333508621e-02,5.265008123986714139e-02,5.363512756064170439e-02,5.462800601705575243e-02,5.563128800789984840e-02,5.664804361696462731e-02,5.768189809467649809e-02,5.873710002388576878e-02,5.981860411569039915e-02,6.093217233852377124e-02,6.208449807223270778e-02,6.328335927988326670e-02,6.453780841731193707e-02,6.585840911342011328e-02,6.725753277979873435e-02,6.874973257257288584e-02,7.035221800810753656e-02,7.208546173247754041e-02,7.397398152704848240e-02,7.604735724571531907e-02,7.834156664617608623e-02,8.090076034583992826e-02,8.377965199814818575e-02,8.704678949146038569e-02,9.078912583393239366e-02,9.511859225780328053e-02,1.001819721813025366e-01,1.061768577547913539e-01,1.133811046719210847e-01,1.222231939122497835e-01,1.335783673366517377e-01,1.498978100040930794e-01,1.650187975821874042e-01,1.816697009149166320e-01,1.985886682934369651e-01,2.126121244852842707e-01,2.184184398932617621e-01,2.103548141355138235e-01,1.869704984034476769e-01,1.537916617862364888e-01,1.195943728833708253e-01,9.059618253112861064e-02,6.882927258103874180e-02,5.378432329080790053e-02,4.418934169099947296e-02,3.890740091581459947e-02,3.722592667469784566e-02,3.890740091581529336e-02,4.418934169100047216e-02,5.378432329080667929e-02,6.882927258103740953e-02,9.059618253113602138e-02,1.195943728833857300e-01,1.537916617862361557e-01,1.869704984034437911e-01,2.103548141355122691e-01,2.184184398932553228e-01,2.126121244852846592e-01,1.985886682934374647e-01,1.816697009149209618e-01,1.650187975821912900e-01,1.498978100040940786e-01,1.335783673366530699e-01,1.222231939122506716e-01,1.133811046719236382e-01,1.061768577547930192e-01,1.001819721813039799e-01,9.511859225780350258e-02,9.078912583393228264e-02,8.704678949146105182e-02,8.377965199814829678e-02,8.090076034584103848e-02,7.834156664617719645e-02,7.604735724571676236e-02,7.397398152704959262e-02,7.208546173247543098e-02,7.035221800810709247e-02,6.874973257257199766e-02,6.725753277979940048e-02,6.585840911342422110e-02,6.453780841731426854e-02,6.328335927988237852e-02,6.208449807223270778e-02,6.093217233852488146e-02,5.981860411569173142e-02,5.873710002388576878e-02,5.768189809467683116e-02,5.664804361696651469e-02,5.563128800790062556e-02,5.462800601705608550e-02,5.363512756064314768e-02,5.265008123986747446e-02,5.167074718333508621e-02,5.069541731062099377e-02,4.972276147505805266e-02,4.875179823202890894e-02,4.778186921236343698e-02,4.681261627219196475e-02,4.584396075069119281e-02,4.487608430311712526e-02,4.390941089390748564e-02,4.294458963762931569e-02,4.198247826694806450e-02,4.102412708895797344e-02,4.007076336532733318e-02,3.912377611881606709e-02,3.818470142928120925e-02,3.725520833657902653e-02,3.633708551588266111e-02
8.151960784313725394e-01,3.521926042997941542e-02,3.609518749605583610e-02,3.698472384199658070e-02,3.788613123952050410e-02,3.879779544262484947e-02,3.971823785299360976e-02,4.064612845453802192e-02,4.158029985615208091e-02,4.251976233458315546e-02,4.346371982858859839e-02,4.441158690229801698e-02,4.536300677066923415e-02,4.631787056441538653e-02,4.727633810772868816e-02,4.823886059169091300e-02,4.920620565309574701e-02,5.017948551681039593e-02,5.116018903599450773e-02,5.215021867661939758e-02,5.315193375166649137e-02,5.416820153076218336e-02,5.520245825211500534e-02,5.625878257164429463e-02,5.734198463383044508e-02,5.845771478728356563e-02,5.961259705909671691e-02,6.081439393257015436e-02,6.207221086204073313e-02,6.339675146980849885e-02,6.480063773026889518e-02,6.629881396858383624e-02,6.790905962222648640e-02,6.965264403972470930e-02,7.155516796368555088e-02,7.364765192810440730e-02,7.596795318688520648e-02,7.856262214662990129e-02,8.148934953063080577e-02,8.482021073750933837e-02,8.864599058350441929e-02,9.308198391791822068e-02,9.827585935447391563e-02,1.044186174151562341e-01,1.117611497753627781e-01,1.206454793009794635e-01,1.315994764384016413e-01,1.460473473309710224e-01,1.629148004070498645e-01,1.754550771470547721e-01,1.842972631191264199e-01,1.855413649894987471e-01,1.761366355834925734e-01,1.566699419840027474e-01,1.317570353525034099e-01,1.069790474646880873e-01,8.588882530089758660e-02,6.956154983439091777e-02,5.761968617993229458e-02,4.920870417873446367e-02,4.349671195396456747e-02,3.984132281865510050e-02,3.781031270253887300e-02,3.715949581668898105e-02,3.781031270253820686e-02,3.984132281865504499e-02,4.349671195396337398e-02,4.920870417873435265e-02,5.761968617993451502e-02,6.956154983438675443e-02,8.588882530090097278e-02,1.069790474646856726e-01,1.317570353524965265e-01,1.566699419839924501e-01,1.761366355834862452e-01,1.855413649895019113e-01,1.842972631191257538e-01,1.754550771470593240e-01,1.629148004070486433e-01,1.460473473309725767e-01,1.315994764383996429e-01,1.206454793009799076e-01,1.117611497753654426e-01,1.044186174151570112e-01,9.827585935447424870e-02,9.308198391792033011e-02,8.864599058350308702e-02,8.482021073751000451e-02,8.148934953063180497e-02,7.856262214663034538e-02,7.596795318688664977e-02,7.364765192810418526e-02,7.155516796368599497e-02,6.965264403972459828e-02,6.790905962222826275e-02,6.629881396858505749e-02,6.480063773027322505e-02,6.339675146981105236e-02,6.207221086204139926e-02,6.081439393257204173e-02,5.961259705909727202e-02,5.845771478728489789e-02,5.734198463383111122e-02,5.625878257164584895e-02,5.520245825211700375e-02,5.416820153076362665e-02,5.315193375166660239e-02,5.215021867661906452e-02,5.116018903599417467e-02,5.017948551680995184e-02,4.920620565309563599e-02,4.823886059169046892e-02,4.727633810772946532e-02,4.631787056441455386e-02,4.536300677066829046e-02,4.441158690229746187e-02,4.346371982858693306e-02,4.251976233458248933e-02,4.158029985615202540e-02,4.064612845453779988e-02,3.971823785299366527e-02,3.879779544262446089e-02,3.788613123952105921e-02,3.698472384199702478e-02,3.609518749605561405e-02,3.521926042997852724e-02
8.176470588235293935e-01,3.416847589680188646e-02,3.500127537010377932e-02,3.584976220001101499e-02,3.671222853881056514e-02,3.758709832652779026e-02,3.847293705843030098e-02,3.936846332671173343e-02,4.027256197468015442e-02,4.118429876161994185e-02,4.210293650324753445e-02,4.302795272769360801e-02,4.395905897181850985e-02,4.489622193954423413e-02,4.583968685538997168e-02,4.679000347614092892e-02,4.774805537629811525e-02,4.871509330468060117e-02,4.969277362873725234e-02,5.068320315043428614e-02,5.168899190766396146e-02,5.271331598687578612e-02,5.375999289153043925e-02,5.483357267069133290e-02,5.593944885694224212e-02,5.708399435247857312e-02,5.827472881473128030e-02,5.952052593224410604e-02,6.083187138302192931e-02,6.222118540715415591e-02,6.370322802366801263e-02,6.529561024551755466e-02,6.701944149033967069e-02,6.890015200994714650e-02,7.096853964336424792e-02,7.326210206135364000e-02,7.582672709525328791e-02,7.871881986778361817e-02,8.200793486097079921e-02,8.577992886053065202e-02,9.014050564451658865e-02,9.521868783144771253e-02,1.011690690992798070e-01,1.081705554833770622e-01,1.164184442840053846e-01,1.261131799312485979e-01,1.375245800822132436e-01,1.541056676978613815e-01,1.601518213881070185e-01,1.605711646857796437e-01,1.531582982763497469e-01,1.384053658760991679e-01,1.194596087135740003e-01,1.002062128946905883e-01,8.331480113332359605e-02,6.978692933167773838e-02,5.952326019940137880e-02,5.197744618568736485e-02,4.654086624546832640e-02,4.269664649953791580e-02,4.005460099569474464e-02,3.834114778271446866e-02,3.737885254533829249e-02,3.706867750237619052e-02,3.737885254533840351e-02,3.834114778271524582e-02,4.005460099569529975e-02,4.269664649953858193e-02,4.654086624546840967e-02,5.197744618568644892e-02,5.952326019940237800e-02,6.978692933167920942e-02,8.331480113332290216e-02,1.002062128946886177e-01,1.194596087135746387e-01,1.384053658761019157e-01,1.531582982763480816e-01,1.605711646857858610e-01,1.601518213881027441e-01,1.541056676978598272e-01,1.375245800822142428e-01,1.261131799312482649e-01,1.164184442840038303e-01,1.081705554833803928e-01,1.011690690992812502e-01,9.521868783145004400e-02,9.014050564451792091e-02,8.577992886052954180e-02,8.200793486097224250e-02,7.871881986778384022e-02,7.582672709525406507e-02,7.326210206135452818e-02,7.096853964336569121e-02,6.890015200994670241e-02,6.701944149033967069e-02,6.529561024551744364e-02,6.370322802366579218e-02,6.222118540715737556e-02,6.083187138302359465e-02,5.952052593224332888e-02,5.827472881473261257e-02,5.708399435247768494e-02,5.593944885694290825e-02,5.483357267069133290e-02,5.375999289153032823e-02,5.271331598687534203e-02,5.168899190766551577e-02,5.068320315043317592e-02,4.969277362873547599e-02,4.871509330468049015e-02,4.774805537629800423e-02,4.679000347614226119e-02,4.583968685539119292e-02,4.489622193954384555e-02,4.395905897181678901e-02,4.302795272769344148e-02,4.210293650324775649e-02,4.118429876162083003e-02,4.027256197467971033e-02,3.936846332671189996e-02,3.847293705843130018e-02,3.758709832652817884e-02,3.671222853881073167e-02,3.584976220001073743e-02,3.500127537010372381e-02,3.416847589680144237e-02
8.200980392156862475e-01,3.318713134046757940e-02,3.397607469902630406e-02,3.478267517071897963e-02,3.560523308967628031e-02,3.644219188906100415e-02,3.729214569372624188e-02,3.815384921523784501e-02,3.902622977966019313e-02,3.990840138776879931e-02,4.079968078376944307e-02,4.169960559408741885e-02,4.260795469448991346e-02,4.352477107487490171e-02,4.445038759992864241e-02,4.538545621532086294e-02,4.633098132916935175e-02,4.728835831504052400e-02,4.825941834583802326e-02,4.924648109119478256e-02,5.025241721144946272e-02,5.128072308189923767e-02,5.233561081092241718e-02,5.342211741247870904e-02,5.454623800579017079e-02,5.571508920262757680e-02,5.693711047941307779e-02,5.822231340254191423e-02,5.958259117090347612e-02,6.103210413428483694e-02,6.258776075287098006e-02,6.426981772956064098e-02,6.610262724336557483e-02,6.811556199014656698e-02,7.034414703977753813e-02,7.283141479984511779e-02,7.562946206990051046e-02,7.880109882935948384e-02,8.242128275173310481e-02,8.657762748193720270e-02,9.136846786338104209e-02,9.689545731567816844e-02,1.032451126979502254e-01,1.104503092600717107e-01,1.184219547038437570e-01,1.268621904850785742e-01,1.353472336847160729e-01,1.426885654428746708e-01,1.373167674163885965e-01,1.264186485452048481e-01,1.117522184181271305e-01,9.614264552643139727e-02,8.185825909052482641e-02,6.999369997481580397e-02,6.070660620963608256e-02,5.368325751148173008e-02,4.847387683033207995e-02,4.465499362278324558e-02,4.188343143020833992e-02,3.990086588903690723e-02,3.852155274091495496e-02,3.761744351843177014e-02,3.710573778810238865e-02,3.694013056800488082e-02,3.710573778810233314e-02,3.761744351843332446e-02,3.852155274091484394e-02,3.990086588903790643e-02,4.188343143020928361e-02,4.465499362278249618e-02,4.847387683033160810e-02,5.368325751147981495e-02,6.070660620963597154e-02,6.999369997481660888e-02,8.185825909052518723e-02,9.614264552643023154e-02,1.117522184181262423e-01,1.264186485452105657e-01,1.373167674163873198e-01,1.426885654428750039e-01,1.353472336847147961e-01,1.268621904850781301e-01,1.184219547038454223e-01,1.104503092600764846e-01,1.032451126979534450e-01,9.689545731568127707e-02,9.136846786338159720e-02,8.657762748193442714e-02,8.242128275173210561e-02,7.880109882935837362e-02,7.562946206990051046e-02,7.283141479984767130e-02,7.034414703977853733e-02,6.811556199014723312e-02,6.610262724336524176e-02,6.426981772956064098e-02,6.258776075287242335e-02,6.103210413428694636e-02,5.958259117090536350e-02,5.822231340254346854e-02,5.693711047941341086e-02,5.571508920262779885e-02,5.454623800578983772e-02,5.342211741247682166e-02,5.233561081092263922e-02,5.128072308190134709e-02,5.025241721144868556e-02,4.924648109119522665e-02,4.825941834583891143e-02,4.728835831504019094e-02,4.633098132916890766e-02,4.538545621532008578e-02,4.445038759992953059e-02,4.352477107487495722e-02,4.260795469448941386e-02,4.169960559408764089e-02,4.079968078377038676e-02,3.990840138776824420e-02,3.902622977966080375e-02,3.815384921523795603e-02,3.729214569372668597e-02,3.644219188906100415e-02,3.560523308967622480e-02,3.478267517071936821e-02,3.397607469902746979e-02,3.318713134046691327e-02
8.225490196078431016e-01,3.232974309323027873e-02,3.307556023124369471e-02,3.384095301837009018e-02,3.462420254835801847e-02,3.542374802557352043e-02,3.623819186874233100e-02,3.706630768303009749e-02,3.790705091392632120e-02,3.875957207725000409e-02,3.962323254781491277e-02,4.049762298713094344e-02,4.138258460093618973e-02,4.227823354413412504e-02,4.318498893826028251e-02,4.410360514061673065e-02,4.503520911205360910e-02,4.598134398097208919e-02,4.694402020627963523e-02,4.792577611649717628e-02,4.892975006455191345e-02,4.995976701125393049e-02,5.102044306312147892e-02,5.211731237523165028e-02,5.325698192352523730e-02,5.444732098857452129e-02,5.569769379696332123e-02,5.701924562377636008e-02,5.842525467267722927e-02,5.993156394023080313e-02,6.155710839068273543e-02,6.332455173273909832e-02,6.526104107480468208e-02,6.739907111842846632e-02,6.977741135155279828e-02,7.244196881108266872e-02,7.544629555807058630e-02,7.885113100796692365e-02,8.272176754509352747e-02,8.712094437714634765e-02,9.209317252289150879e-02,9.763385680800718003e-02,1.036344783195487507e-01,1.097984702478261299e-01,1.155456407601573865e-01,1.199992871551448514e-01,1.224683072498015668e-01,1.181581529227849203e-01,1.064581131919226098e-01,9.348394284224914585e-02,8.103792837708528873e-02,7.028552399972681775e-02,6.160624064606620709e-02,5.488339838519262770e-02,4.979701778236761411e-02,4.599735962346460094e-02,4.317875855974651067e-02,4.109895116527351178e-02,3.957543392892698408e-02,3.847488168466106639e-02,3.770231037889759662e-02,3.719220568682618522e-02,3.690202308702295042e-02,3.680786319748741153e-02,3.690202308702261735e-02,3.719220568682518602e-02,3.770231037889815173e-02,3.847488168466300928e-02,3.957543392892792777e-02,4.109895116527412240e-02,4.317875855974684374e-02,4.599735962346521156e-02,4.979701778236647614e-02,5.488339838519432079e-02,6.160624064606848305e-02,7.028552399972815001e-02,8.103792837708695407e-02,9.348394284224437190e-02,1.064581131919193624e-01,1.181581529227868910e-01,1.224683072497980696e-01,1.199992871551455731e-01,1.155456407601588853e-01,1.097984702478257968e-01,1.036344783195558561e-01,9.763385680800817923e-02,9.209317252289239697e-02,8.712094437714812400e-02,8.272176754509585894e-02,7.885113100796925512e-02,7.544629555807191856e-02,7.244196881108344588e-02,6.977741135155279828e-02,6.739907111842802223e-02,6.526104107480457106e-02,6.332455173273743299e-02,6.155710839068073703e-02,5.993156394023013700e-02,5.842525467267767336e-02,5.701924562377702621e-02,5.569769379696387634e-02,5.444732098857463232e-02,5.325698192352545934e-02,5.211731237523264948e-02,5.102044306312125688e-02,4.995976701125348640e-02,4.892975006455257958e-02,4.792577611649773139e-02,4.694402020628007932e-02,4.598134398097186715e-02,4.503520911205316501e-02,4.410360514061573145e-02,4.318498893826039353e-02,4.227823354413390300e-02,4.138258460093580116e-02,4.049762298713144304e-02,3.962323254781530135e-02,3.875957207724906040e-02,3.790705091392720938e-02,3.706630768303009749e-02,3.623819186874144282e-02,3.542374802557402003e-02,3.462420254835740785e-02,3.384095301836931302e-02,3.307556023124469391e-02,3.232974309323055628e-02
8.249999999999999556e-01,3.153880527211211371e-02,3.224076026115013649e-02,3.296420955110584972e-02,3.370738836938469429e-02,3.446870900206322474e-02,3.524676301314971782e-02,3.604032695056985647e-02,3.684837132578455687e-02,3.767007274799133443e-02,3.850482919567910223e-02,3.935227852013700733e-02,4.021232040118821738e-02,4.108514211888869561e-02,4.197124867171964091e-02,4.287149796801403845e-02,4.378714205122513636e-02,4.471987560060475264e-02,4.567189328872467424e-02,4.664595799013682154e-02,4.764548233733501004e-02,4.867462672852040928e-02,4.973841762273534250e-02,5.084289082214632494e-02,5.199526543216781427e-02,5.320415526436816922e-02,5.447982548415541970e-02,5.583450303245240942e-02,5.728274920106690704e-02,5.884190058873561835e-02,6.053257832940239780e-02,6.237925082039508240e-02,6.441080440386648398e-02,6.666101515970679348e-02,6.916869694185467932e-02,7.197707974021871902e-02,7.513157084486332682e-02,7.867435256425692192e-02,8.263314166230029123e-02,8.699986956165239871e-02,9.169364192636564326e-02,9.650355876895400087e-02,1.010172567183883485e-01,1.045710852755195597e-01,1.063107477563844938e-01,1.054960841219488299e-01,1.025190925625237004e-01,9.181615649610938568e-02,8.063678530965787128e-02,7.066915783033594911e-02,6.237729390577656519e-02,5.580458317003567092e-02,5.074633283526525096e-02,4.691784132495788184e-02,4.404497739761031871e-02,4.189828100194326055e-02,4.029834729823711381e-02,3.910993105541238357e-02,3.823323245891196986e-02,3.759575214495586293e-02,3.714574018944499789e-02,3.684731855966405512e-02,3.667705478474492242e-02,3.662172458107970652e-02,3.667705478474436731e-02,3.684731855966372205e-02,3.714574018944538647e-02,3.759575214495541884e-02,3.823323245891352418e-02,3.910993105541182846e-02,4.029834729823789097e-02,4.189828100194381566e-02,4.404497739760993014e-02,4.691784132495749327e-02,5.074633283526658323e-02,5.580458317003489377e-02,6.237729390577603783e-02,7.066915783033608789e-02,8.063678530965637248e-02,9.181615649611041263e-02,1.025190925625251992e-01,1.054960841219501622e-01,1.063107477563844383e-01,1.045710852755197817e-01,1.010172567183886261e-01,9.650355876895960749e-02,9.169364192636875188e-02,8.699986956165417507e-02,8.263314166230095736e-02,7.867435256425558965e-02,7.513157084486354886e-02,7.197707974022016231e-02,6.916869694185390216e-02,6.666101515970901392e-02,6.441080440386470762e-02,6.237925082039352809e-02,6.053257832940339700e-02,5.884190058873439710e-02,5.728274920107101487e-02,5.583450303245385271e-02,5.447982548415619686e-02,5.320415526437083376e-02,5.199526543216859142e-02,5.084289082214621391e-02,4.973841762273523148e-02,4.867462672851952110e-02,4.764548233733434390e-02,4.664595799013671051e-02,4.567189328872567344e-02,4.471987560060575184e-02,4.378714205122458125e-02,4.287149796801392743e-02,4.197124867172025153e-02,4.108514211888886214e-02,4.021232040118644102e-02,3.935227852013678529e-02,3.850482919567815854e-02,3.767007274799177852e-02,3.684837132578500096e-02,3.604032695057085567e-02,3.524676301314949578e-02,3.446870900206400190e-02,3.370738836938463878e-02,3.296420955110695994e-02,3.224076026115035853e-02,3.153880527211105900e-02
8.274509803921569207e-01,3.081323564171223328e-02,3.147047975850603141e-02,3.215119420759737778e-02,3.285353874886154379e-02,3.357587348511176240e-02,3.431675772467490670e-02,3.507495301486296402e-02,3.584943009680258141e-02,3.663937964010988146e-02,3.744422673227276732e-02,3.826364922473612928e-02,3.909760017923480380e-02,3.994633481843734568e-02,4.081044256992666375e-02,4.169088500864132074e-02,4.258904075749503360e-02,4.350675870800235767e-02,4.444642128111042645e-02,4.541101987258078232e-02,4.640424512307450566e-02,4.743059522055059762e-02,4.849550606586605639e-02,4.960550776478944712e-02,5.076841244396146369e-02,5.199353860276223482e-02,5.329197667327489896e-02,5.467689833925160059e-02,5.616390691859884932e-02,5.777141489763615301e-02,5.952101233463669150e-02,6.143774699195758693e-02,6.355015719645173977e-02,6.588975316810019578e-02,6.848938550255301294e-02,7.137950224390254839e-02,7.458060044590641979e-02,7.808920900879223748e-02,8.185378749132521392e-02,8.573720604658729982e-02,8.946724045724024910e-02,9.259164886962512053e-02,9.448353621778787792e-02,9.446856838221523445e-02,9.211053395813389999e-02,8.756945836180227150e-02,8.130951881966050343e-02,7.129400583803455205e-02,6.316192092976902206e-02,5.661018651983915073e-02,5.149302844629288778e-02,4.757819690264414314e-02,4.461823439029830030e-02,4.239336261455584065e-02,4.072523875036937469e-02,3.947592144460954078e-02,3.854147721962170037e-02,3.784474803945869770e-02,3.732900798731997316e-02,3.695294837242163455e-02,3.668692655814670411e-02,3.651026545921653987e-02,3.640938494357376376e-02,3.637658889617267910e-02,3.640938494357409683e-02,3.651026545921592925e-02,3.668692655814609349e-02,3.695294837242252273e-02,3.732900798732108338e-02,3.784474803945936383e-02,3.854147721962114526e-02,3.947592144460981833e-02,4.072523875036815344e-02,4.239336261455506349e-02,4.461823439029838356e-02,4.757819690264403212e-02,5.149302844629347065e-02,5.661018651983817929e-02,6.316192092976732897e-02,7.129400583803507940e-02,8.130951881966103079e-02,8.756945836180279885e-02,9.211053395813395550e-02,9.446856838221451280e-02,9.448353621778932121e-02,9.259164886962462093e-02,8.946724045724208096e-02,8.573720604658868760e-02,8.185378749132621312e-02,7.808920900878957294e-02,7.458060044590741899e-02,7.137950224390032794e-02,6.848938550255145863e-02,6.588975316809897453e-02,6.355015719645207284e-02,6.143774699195614364e-02,5.952101233463757968e-02,5.777141489763715221e-02,5.616390691859896034e-02,5.467689833925459819e-02,5.329197667327767451e-02,5.199353860276123562e-02,5.076841244396201880e-02,4.960550776478989121e-02,4.849550606586483514e-02,4.743059522055026456e-02,4.640424512307617100e-02,4.541101987258056027e-02,4.444642128111087054e-02,4.350675870800069234e-02,4.258904075749503360e-02,4.169088500864098767e-02,4.081044256992738539e-02,3.994633481843667955e-02,3.909760017923513686e-02,3.826364922473624031e-02,3.744422673227337794e-02,3.663937964011115822e-02,3.584943009680235937e-02,3.507495301486324157e-02,3.431675772467657204e-02,3.357587348511181791e-02,3.285353874886104419e-02,3.215119420759909863e-02,3.147047975850664203e-02,3.081323564171223328e-02
8.299019607843137747e-01,3.015253181921595527e-02,3.076413258194365952e-02,3.140128211521980850e-02,3.206203178823502364e-02,3.274466137040982217e-02,3.344767399184739309e-02,3.416979603096836904e-02,3.490998163505210083e-02,3.566742170031328429e-02,3.644155726876774359e-02,3.723209744150157707e-02,3.803904206493735618e-02,3.886270962262877715e-02,3.970377096510435688e-02,4.056328973961376150e-02,4.144277064610635275e-02,4.234421694986145734e-02,4.327019902701756404e-02,4.422393610274621967e-02,4.520939374686028245e-02,4.623140007826320730e-02,4.729578391398325810e-02,4.840953811579884469e-02,4.958101082612009769e-02,5.082012557057147273e-02,5.213862729278051500e-02,5.355034339919229058e-02,5.507143348201126720e-02,5.672057266339669557e-02,5.851896124574706981e-02,6.048996030588060790e-02,6.265799121842030583e-02,6.504606587716121879e-02,6.767088485180872137e-02,7.053383087588049882e-02,7.360551718581120895e-02,7.680139740197466924e-02,7.994793169830544111e-02,8.274621143532656653e-02,8.475633672079835312e-02,8.544691782696006710e-02,8.435207378338777096e-02,8.130866964161526100e-02,7.663085675439343381e-02,7.110059370066704187e-02,6.433140505224077543e-02,5.745747556294109049e-02,5.215823043009767956e-02,4.808597123807240026e-02,4.499346075331123185e-02,4.266291083941531337e-02,4.091339897100071399e-02,3.960209430509892270e-02,3.861970862353225620e-02,3.788408587620850643e-02,3.733405698379699267e-02,3.692432882685531270e-02,3.662151810660208007e-02,3.640119050559287306e-02,3.624570623633172062e-02,3.614268819456989412e-02,3.608396679537445584e-02,3.606489552498209905e-02,3.608396679537495544e-02,3.614268819456928350e-02,3.624570623633327493e-02,3.640119050559276204e-02,3.662151810660219109e-02,3.692432882685547924e-02,3.733405698379688165e-02,3.788408587620767376e-02,3.861970862353236722e-02,3.960209430509903372e-02,4.091339897099938172e-02,4.266291083941481377e-02,4.499346075331178696e-02,4.808597123807184515e-02,5.215823043009845672e-02,5.745747556294319991e-02,6.433140505224255179e-02,7.110059370066701412e-02,7.663085675439387789e-02,8.130866964161495569e-02,8.435207378338699380e-02,8.544691782696200999e-02,8.475633672080057357e-02,8.274621143532745471e-02,7.994793169830538559e-02,7.680139740197433618e-02,7.360551718581076486e-02,7.053383087588072087e-02,6.767088485180849933e-02,6.504606587716210697e-02,6.265799121842074992e-02,6.048996030588216222e-02,5.851896124574540448e-02,5.672057266339658455e-02,5.507143348201193334e-02,5.355034339919140240e-02,5.213862729278195829e-02,5.082012557057236091e-02,4.958101082612142996e-02,4.840953811579784549e-02,4.729578391398214787e-02,4.623140007826320730e-02,4.520939374686128165e-02,4.422393610274621967e-02,4.327019902701834120e-02,4.234421694986156837e-02,4.144277064610524253e-02,4.056328973961342843e-02,3.970377096510463444e-02,3.886270962262899920e-02,3.803904206493657902e-02,3.723209744150191014e-02,3.644155726876774359e-02,3.566742170031350634e-02,3.490998163505248941e-02,3.416979603096864659e-02,3.344767399184772616e-02,3.274466137040982217e-02,3.206203178823563427e-02,3.140128211521925339e-02,3.076413258194360401e-02,3.015253181921667691e-02
8.323529411764706287e-01,2.957306515466312513e-02,3.013828258081208133e-02,3.073129346744113422e-02,3.135000302564810992e-02,3.199257829665608233e-02,3.265743859848307951e-02,3.334325172630431267e-02,3.404893556463750581e-02,3.477366489790584270e-02,3.551688334827185489e-02,3.627832052468138446e-02,3.705801463683605634e-02,3.785634101474733004e-02,3.867404718174199951e-02,3.951229535885641964e-02,4.037271353142152241e-02,4.125745648021172940e-02,4.216927845593454460e-02,4.311161942666186242e-02,4.408870699146205663e-02,4.510567601323123288e-02,4.616870756485724758e-02,4.728518751836596756e-02,4.846388234767928793e-02,4.971512424724455759e-02,5.105098736717617047e-02,5.248541815329077487e-02,5.403424918060917292e-02,5.571496701136036123e-02,5.754600371673723735e-02,5.954515385695102747e-02,6.172645257104891758e-02,6.409446353480630076e-02,6.663445915529930819e-02,6.929668320798487713e-02,7.197355215400635942e-02,7.447203445295563773e-02,7.649215756950328293e-02,7.763708115346035221e-02,7.749001262494376041e-02,7.577020109143128845e-02,7.250537112340268986e-02,6.809058057505143480e-02,6.316441185325571972e-02,5.845380106564262990e-02,5.300302757413966059e-02,4.859048338375407394e-02,4.528582632896593907e-02,4.280356090374409783e-02,4.094469241929082903e-02,3.955568734416320398e-02,3.851892801860223869e-02,3.774556733402106845e-02,3.716911713294185349e-02,3.674006175795457851e-02,3.642160231081187360e-02,3.618642384142201074e-02,3.601429851749438082e-02,3.589033654168916065e-02,3.580372645018053968e-02,3.574684250744059044e-02,3.571462977186534715e-02,3.570420455370171275e-02,3.571462977186584675e-02,3.574684250744047942e-02,3.580372645017954047e-02,3.589033654168921617e-02,3.601429851749549105e-02,3.618642384142262136e-02,3.642160231081142951e-02,3.674006175795491158e-02,3.716911713294240860e-02,3.774556733402140152e-02,3.851892801860368198e-02,3.955568734416398113e-02,4.094469241929088454e-02,4.280356090374323741e-02,4.528582632896765992e-02,4.859048338375490661e-02,5.300302757414096511e-02,5.845380106564060374e-02,6.316441185325638585e-02,6.809058057505121275e-02,7.250537112339913715e-02,7.577020109142995619e-02,7.749001262494253917e-02,7.763708115345779870e-02,7.649215756950322742e-02,7.447203445295785817e-02,7.197355215400730311e-02,6.929668320798387793e-02,6.663445915529853103e-02,6.409446353480752201e-02,6.172645257104814043e-02,5.954515385695091645e-02,5.754600371673790349e-02,5.571496701136002816e-02,5.403424918060983906e-02,5.248541815329033078e-02,5.105098736717672558e-02,4.971512424724777723e-02,4.846388234768050918e-02,4.728518751836696676e-02,4.616870756485791372e-02,4.510567601323123288e-02,4.408870699146094640e-02,4.311161942666208446e-02,4.216927845593465563e-02,4.125745648021295064e-02,4.037271353142191099e-02,3.951229535885653066e-02,3.867404718174172196e-02,3.785634101474749658e-02,3.705801463683633390e-02,3.627832052468038526e-02,3.551688334827118876e-02,3.477366489790528759e-02,3.404893556463639559e-02,3.334325172630553391e-02,3.265743859848224684e-02,3.199257829665735908e-02,3.135000302564888708e-02,3.073129346744191137e-02,3.013828258081274747e-02,2.957306515466440189e-02
8.348039215686274828e-01,2.906175453755177607e-02,2.957931404692804023e-02,3.012712941214024109e-02,3.070291839252481392e-02,3.130469988137968285e-02,3.193077919029047029e-02,3.257973996122687232e-02,3.325044232577989423e-02,3.394202705529819619e-02,3.465392559165153541e-02,3.538587601007908701e-02,3.613794514116724921e-02,3.691055726741043763e-02,3.770453000972412427e-02,3.852111822640008620e-02,3.936206695071542416e-02,4.022967457163151295e-02,4.112686757082373301e-02,4.205728808950237596e-02,4.302539526343973630e-02,4.403658038020330512e-02,4.509729402916395902e-02,4.621517975571809433e-02,4.739920195864288921e-02,4.865974359971825258e-02,5.000862787860405057e-02,5.145898099978485352e-02,5.302479034984464157e-02,5.471990851990071736e-02,5.655608837979608783e-02,5.853938883001541527e-02,6.066397178532312306e-02,6.290202145680523493e-02,6.518861841932244161e-02,6.740179118150829707e-02,6.934227431549583320e-02,7.072622818743862227e-02,7.121476088681133465e-02,7.050297332762495151e-02,6.845659780526489047e-02,6.522138348059525192e-02,6.120944383016774237e-02,5.695227201969743636e-02,5.293004116307570284e-02,4.965308729707784696e-02,4.563099478736515335e-02,4.289065813515380299e-02,4.087095699084228317e-02,3.937452069843833113e-02,3.826588548927878364e-02,3.744544379329978190e-02,3.683925799762888253e-02,3.639241225152017867e-02,3.606410596480247310e-02,3.582399044320377923e-02,3.564945808950925610e-02,3.552365530212769906e-02,3.543403587559235124e-02,3.537131445846103395e-02,3.532871447796165354e-02,3.530143486504877526e-02,3.528628181487969417e-02,3.528142888598795324e-02,3.528628181488069337e-02,3.530143486505044059e-02,3.532871447796326336e-02,3.537131445846170008e-02,3.543403587559357248e-02,3.552365530212803213e-02,3.564945808950925610e-02,3.582399044320427883e-02,3.606410596480180697e-02,3.639241225152095582e-02,3.683925799762932662e-02,3.744544379330050354e-02,3.826588548927978284e-02,3.937452069843916380e-02,4.087095699084147826e-02,4.289065813515310910e-02,4.563099478736667991e-02,4.965308729707762492e-02,5.293004116307659102e-02,5.695227201968780517e-02,6.120944383016641011e-02,6.522138348059325352e-02,6.845659780526705540e-02,7.050297332762467395e-02,7.121476088681133465e-02,7.072622818743656836e-02,6.934227431549194742e-02,6.740179118150729787e-02,6.518861841932216405e-02,6.290202145680490187e-02,6.066397178532345613e-02,5.853938883001497118e-02,5.655608837979719805e-02,5.471990851990193860e-02,5.302479034984519668e-02,5.145898099978640783e-02,5.000862787860282932e-02,4.865974359971902974e-02,4.739920195864644192e-02,4.621517975572009274e-02,4.509729402916529128e-02,4.403658038020352716e-02,4.302539526343929221e-02,4.205728808950415232e-02,4.112686757082339994e-02,4.022967457163262317e-02,3.936206695072330675e-02,3.852111822640019723e-02,3.770453000972540103e-02,3.691055726740932741e-02,3.613794514116758227e-02,3.538587601007819883e-02,3.465392559165136888e-02,3.394202705529825170e-02,3.325044232577972769e-02,3.257973996122714988e-02,3.193077919028902700e-02,3.130469988137868365e-02,3.070291839252559107e-02,3.012712941213874229e-02,2.957931404692915045e-02,2.906175453755122096e-02
8.372549019607843368e-01,2.861888713993293587e-02,2.908721413514908649e-02,2.958853652291820735e-02,3.012033872612529528e-02,3.068045188455675865e-02,3.126703336306740910e-02,3.187855374988524115e-02,3.251379095893680571e-02,3.317183114583643899e-02,3.385207628028436000e-02,3.455425837262304789e-02,3.527846051971655905e-02,3.602514510717480523e-02,3.679518967089973058e-02,3.758993106419911134e-02,3.841121866633934179e-02,3.926147734988927329e-02,4.014378070089108519e-02,4.106193438929195416e-02,4.202056832784573093e-02,4.302523384017864494e-02,4.408249764211180644e-02,4.520001660685912803e-02,4.638656367027638172e-02,4.765195195680438367e-02,4.900676507598789033e-02,5.046173713481061363e-02,5.202652330319834650e-02,5.370744635224988794e-02,5.550359124147430379e-02,5.740038485970622162e-02,5.935969892809844772e-02,6.130598648019347507e-02,6.310991859825254569e-02,6.457571834601966154e-02,6.544612217379058849e-02,6.544474681309436770e-02,6.436581075275252251e-02,6.218330785078851619e-02,5.910791103852944262e-02,5.553233646191393924e-02,5.189149361042560971e-02,4.853278190024595817e-02,4.567291192285014012e-02,4.316181640315858159e-02,4.078401205314549638e-02,3.911642898999262430e-02,3.790314348323908789e-02,3.701671607747120119e-02,3.636992436503433401e-02,3.589976051322896211e-02,3.555999102791501665e-02,3.531645137837435833e-02,3.514377308876542871e-02,3.502304357696639503e-02,3.494011945601765978e-02,3.488440768609640807e-02,3.484798411663025952e-02,3.482495627635578961e-02,3.481100563145350657e-02,3.480306159412632772e-02,3.479907580228391861e-02,3.479787461638972346e-02,3.479907580228364106e-02,3.480306159412704936e-02,3.481100563145422822e-02,3.482495627635695534e-02,3.484798411662975992e-02,3.488440768609629705e-02,3.494011945601871449e-02,3.502304357696750525e-02,3.514377308876637240e-02,3.531645137837480242e-02,3.555999102791507216e-02,3.589976051322990580e-02,3.636992436503494464e-02,3.701671607747025750e-02,3.790314348323986504e-02,3.911642898999212470e-02,4.078401205314483025e-02,4.316181640315891466e-02,4.567291192285113932e-02,4.853278190024559735e-02,5.189149361042533215e-02,5.553233646191346740e-02,5.910791103853041406e-02,6.218330785078546308e-02,6.436581075275124575e-02,6.544474681309409014e-02,6.544612217379186525e-02,6.457571834601782967e-02,6.310991859825082484e-02,6.130598648019403019e-02,5.935969892809733750e-02,5.740038485970733184e-02,5.550359124147374867e-02,5.370744635224955488e-02,5.202652330319923468e-02,5.046173713481127976e-02,4.900676507598999976e-02,4.765195195680438367e-02,4.638656367027693683e-02,4.520001660686223666e-02,4.408249764211447097e-02,4.302523384017964414e-02,4.202056832784650808e-02,4.106193438929162109e-02,4.014378070088919781e-02,3.926147734988916227e-02,3.841121866633867565e-02,3.758993106419999952e-02,3.679518967089673298e-02,3.602514510717369500e-02,3.527846051971772479e-02,3.455425837262288136e-02,3.385207628028491511e-02,3.317183114583538428e-02,3.251379095893586202e-02,3.187855374988529666e-02,3.126703336306768666e-02,3.068045188455609251e-02,3.012033872612462915e-02,2.958853652291937308e-02,2.908721413514864240e-02,2.861888713993310240e-02
8.397058823529411908e-01,2.824587750389284668e-02,2.866312935945641849e-02,2.911644709650051954e-02,2.960303198323205320e-02,3.012048382999094054e-02,3.066677430064113086e-02,3.124022843611823363e-02,3.183951407786028698e-02,3.246363889948300496e-02,3.311195484293327773e-02,3.378416987763827040e-02,3.448036713415775223e-02,3.520103158659498854e-02,3.594708454396716713e-02,3.671992622006625684e-02,3.752148651820080838e-02,3.835428378059602128e-02,3.922149042429734500e-02,4.012700280019498855e-02,4.107550973912466041e-02,4.207254920628422656e-02,4.312453381443359657e-02,4.423871127168954587e-02,4.542300137468613386e-02,4.668561109442370682e-02,4.803426534463373088e-02,4.947479298889367882e-02,5.100866775604973036e-02,5.262893102109766907e-02,5.431378161571526197e-02,5.601720777374513682e-02,5.765683118140763064e-02,5.910147085669614775e-02,6.016563573921429597e-02,6.062422529651023684e-02,6.026187311020159143e-02,5.895579078013529761e-02,5.675593281902710507e-02,5.390219509749116789e-02,5.075032810501192704e-02,4.765077473999018709e-02,4.485707279861517183e-02,4.250249334417322000e-02,4.064139088271023770e-02,3.890406422805559039e-02,3.748974320306575070e-02,3.649870279058969880e-02,3.579065241512857654e-02,3.528526314018554100e-02,3.492731448676689165e-02,3.467710119711669980e-02,3.450556377040098210e-02,3.439122418843520990e-02,3.431809857615047976e-02,3.427422944144425943e-02,3.425063823798113471e-02,3.424057182799450372e-02,3.423895790058767430e-02,3.424201086721129217e-02,3.424694694810670459e-02,3.425178175807180869e-02,3.425518887014289415e-02,3.425640724925199665e-02,3.425518887014339375e-02,3.425178175807147563e-02,3.424694694810753726e-02,3.424201086721018195e-02,3.423895790058750777e-02,3.424057182799539190e-02,3.425063823798069063e-02,3.427422944144331574e-02,3.431809857615025772e-02,3.439122418843570950e-02,3.450556377040192579e-02,3.467710119711747696e-02,3.492731448676450468e-02,3.528526314018637366e-02,3.579065241512835449e-02,3.649870279058942124e-02,3.748974320306575070e-02,3.890406422805628428e-02,4.064139088271065403e-02,4.250249334417333102e-02,4.485707279861469998e-02,4.765077473999113078e-02,5.075032810501145519e-02,5.390219509748878091e-02,5.675593281902840959e-02,5.895579078013424290e-02,6.026187311020314574e-02,6.062422529650968173e-02,6.016563573921351882e-02,5.910147085669681388e-02,5.765683118141018415e-02,5.601720777374513682e-02,5.431378161571553953e-02,5.262893102110000054e-02,5.100866775605017445e-02,4.947479298889445598e-02,4.803426534463484110e-02,4.668561109442381785e-02,4.542300137468624488e-02,4.423871127168998996e-02,4.312453381443726030e-02,4.207254920628611394e-02,4.107550973912588166e-02,4.012700280019620980e-02,3.922149042429601273e-02,3.835428378059563270e-02,3.752148651820158554e-02,3.671992622006681195e-02,3.594708454396744468e-02,3.520103158659537712e-02,3.448036713415736365e-02,3.378416987763860346e-02,3.311195484293338875e-02,3.246363889948267190e-02,3.183951407786167476e-02,3.124022843611873324e-02,3.066677430064185250e-02,3.012048382999060747e-02,2.960303198323221974e-02,2.911644709650107465e-02,2.866312935945614093e-02,2.824587750389384588e-02
8.421568627450980449e-01,2.794078539698274799e-02,2.830472030672498418e-02,2.870817879572129527e-02,2.914802653684128719e-02,2.962158504277589977e-02,3.012659882699225689e-02,3.066121111326952642e-02,3.122394801977218526e-02,3.181371100329422053e-02,3.242977733262925044e-02,3.307180840185736104e-02,3.373986574628207169e-02,3.443443464113432606e-02,3.515645509129960988e-02,3.590735978016534879e-02,3.668911801181296006e-02,3.750428364848679141e-02,3.835604317780294537e-02,3.924825678770194060e-02,4.018547977699238327e-02,4.117294232147361566e-02,4.221645022407349845e-02,4.332214421542035510e-02,4.449601539865255528e-02,4.574301266920910436e-02,4.706548746808347783e-02,4.846060129415796780e-02,4.991619494139909463e-02,5.140457314443908077e-02,5.287392515125988179e-02,5.423815524883668360e-02,5.536842960187426943e-02,5.609404652391691837e-02,5.622429104994514093e-02,5.560000975986420513e-02,5.416521367954288402e-02,5.202035004923108441e-02,4.941166078576522680e-02,4.665139841793924935e-02,4.401848436241770357e-02,4.169696309258644207e-02,3.976929610346724431e-02,3.824590901386593078e-02,3.712776535291695268e-02,3.596433959382983048e-02,3.514217469074087941e-02,3.457751940030062698e-02,3.418807427503872676e-02,3.392341981109781024e-02,3.374863161104607601e-02,3.363856812532650675e-02,3.357480327791906305e-02,3.354368611664915178e-02,3.353502629874621777e-02,3.354117428963437897e-02,3.355636636964165476e-02,3.357625322693935654e-02,3.359755848738232853e-02,3.361783073472884853e-02,3.363526395315474815e-02,3.364856816721428778e-02,3.365688031504265876e-02,3.365970488341102351e-02,3.365688031504304734e-02,3.364856816721395472e-02,3.363526395315552531e-02,3.361783073472940364e-02,3.359755848738371631e-02,3.357625322693941206e-02,3.355636636964098862e-02,3.354117428963504510e-02,3.353502629874688390e-02,3.354368611664992894e-02,3.357480327791867447e-02,3.363856812532650675e-02,3.374863161104607601e-02,3.392341981109781024e-02,3.418807427503983698e-02,3.457751940030012738e-02,3.514217469074087941e-02,3.596433959383016354e-02,3.712776535291756330e-02,3.824590901386637487e-02,3.976929610346738309e-02,4.169696309258436040e-02,4.401848436241712070e-02,4.665139841793985997e-02,4.941166078576542109e-02,5.202035004923180606e-02,5.416521367954246768e-02,5.560000975986520433e-02,5.622429104994325355e-02,5.609404652391775103e-02,5.536842960187488005e-02,5.423815524883762729e-02,5.287392515125927117e-02,5.140457314443935832e-02,4.991619494139970525e-02,4.846060129415652451e-02,4.706548746808236761e-02,4.574301266920888231e-02,4.449601539865322142e-02,4.332214421541957794e-02,4.221645022407249925e-02,4.117294232147739041e-02,4.018547977699515883e-02,3.924825678770182957e-02,3.835604317780194616e-02,3.750428364848817919e-02,3.668911801181223842e-02,3.590735978016473817e-02,3.515645509129960988e-02,3.443443464113499219e-02,3.373986574628140556e-02,3.307180840185769410e-02,3.242977733262791817e-02,3.181371100329422053e-02,3.122394801977168566e-02,3.066121111326919335e-02,3.012659882699320057e-02,2.962158504277601079e-02,2.914802653684039901e-02,2.870817879572135078e-02,2.830472030672398498e-02,2.794078539698358066e-02
8.446078431372548989e-01,2.770849804174735365e-02,2.801668300029724890e-02,2.836826833416639104e-02,2.875973345983623419e-02,2.918807389862565493e-02,2.965076334363481170e-02,3.014572376700613843e-02,3.067130404763163121e-02,3.122626714576581808e-02,3.180978562326114423e-02,3.242144518491235639e-02,3.306125580617291781e-02,3.372966982943170766e-02,3.442760605288275322e-02,3.515647815868883086e-02,3.591822460801469274e-02,3.671533501592455506e-02,3.755086444022115444e-02,3.842842106519950285e-02,3.935210299562685865e-02,4.032634407657120779e-02,4.135560352885347957e-02,4.244379522299923657e-02,4.359329438011017022e-02,4.480327902094660697e-02,4.606706697072276979e-02,4.736803256887506253e-02,4.867373753278081416e-02,4.992833450086714420e-02,5.104454195310181852e-02,5.189903967365588899e-02,5.233875300276208398e-02,5.220743547188128053e-02,5.139586982990640429e-02,4.990018399686671491e-02,4.785204981084484332e-02,4.549002300238072505e-02,4.308230048912753407e-02,4.084844996187528277e-02,3.892035484677158763e-02,3.734619794620522293e-02,3.611731456727770850e-02,3.519996713884138151e-02,3.456949376807588736e-02,3.382395214213979040e-02,3.337241902448412345e-02,3.307827495275644791e-02,3.289170773239802337e-02,3.278092339040139525e-02,3.272371143098717905e-02,3.270402712276032631e-02,3.271007877886306092e-02,3.273310625694014764e-02,3.276655211694434744e-02,3.280548119141302177e-02,3.284616652760152800e-02,3.288579052520257395e-02,3.292222764834984439e-02,3.295388596314852148e-02,3.297959186558041544e-02,3.299850726547781665e-02,3.301007080646023439e-02,3.301396031066622383e-02,3.301007080646017888e-02,3.299850726547826074e-02,3.297959186558191425e-02,3.295388596314768881e-02,3.292222764835039950e-02,3.288579052520157475e-02,3.284616652760169453e-02,3.280548119141307728e-02,3.276655211694445846e-02,3.273310625694114684e-02,3.271007877886245030e-02,3.270402712275916057e-02,3.272371143098895541e-02,3.278092339040195036e-02,3.289170773239763479e-02,3.307827495275561525e-02,3.337241902448490061e-02,3.382395214213951284e-02,3.456949376807560981e-02,3.519996713884190886e-02,3.611731456727870770e-02,3.734619794620641642e-02,3.892035484676970025e-02,4.084844996187483868e-02,4.308230048912700672e-02,4.549002300238166874e-02,4.785204981084564824e-02,4.990018399686574346e-02,5.139586982990587694e-02,5.220743547188161360e-02,5.233875300276252807e-02,5.189903967365722126e-02,5.104454195310126341e-02,4.992833450086597846e-02,4.867373753277998150e-02,4.736803256887406333e-02,4.606706697072332490e-02,4.480327902094782822e-02,4.359329438010939306e-02,4.244379522299823737e-02,4.135560352885414570e-02,4.032634407656798814e-02,3.935210299562907910e-02,3.842842106520089063e-02,3.755086444022215364e-02,3.671533501592505466e-02,3.591822460801374906e-02,3.515647815868933046e-02,3.442760605288186504e-02,3.372966982943054193e-02,3.306125580617386150e-02,3.242144518491280047e-02,3.180978562326081116e-02,3.122626714576637319e-02,3.067130404763274143e-02,3.014572376700724865e-02,2.965076334363447863e-02,2.918807389862576596e-02,2.875973345983628970e-02,2.836826833416694615e-02,2.801668300029563907e-02,2.770849804174652098e-02
8.470588235294117530e-01,2.755041219542209152e-02,2.780005429396775751e-02,2.809741370832996576e-02,2.843854091477965307e-02,2.882006056851499354e-02,2.923913141808975880e-02,2.969341210037301781e-02,3.018103442952629889e-02,3.070058476115128387e-02,3.125109338816678406e-02,3.183203149064800508e-02,3.244331475164424772e-02,3.308531221045857285e-02,3.375885807322814847e-02,3.446526278949668676e-02,3.520631735950124908e-02,3.598428098159767163e-02,3.680183588121849203e-02,3.766198309657975418e-02,3.856783706502858733e-02,3.952225214514859530e-02,4.052717707097480693e-02,4.158258038678563917e-02,4.268472153045244077e-02,4.382347183049156714e-02,4.497836473137328817e-02,4.611319629877524973e-02,4.716955374906894871e-02,4.806100207004243563e-02,4.867207043963639457e-02,4.886892595577108089e-02,4.852855041669629221e-02,4.758500329494755321e-02,4.607399044985044378e-02,4.414432413662594534e-02,4.201879957077653271e-02,3.992400170415588700e-02,3.803074084735152960e-02,3.643139787969684740e-02,3.515021280291730221e-02,3.416778524258881622e-02,3.344501602225075088e-02,3.294386399565013557e-02,3.254526558176251694e-02,3.217063482004067776e-02,3.195404603334472959e-02,3.183309955249241652e-02,3.177701089405760015e-02,3.176557473075858340e-02,3.178456342878177576e-02,3.182365966642392019e-02,3.187526092360432051e-02,3.193370747354212780e-02,3.199475595609124756e-02,3.205520939514561185e-02,3.211265229118703823e-02,3.216525864125568956e-02,3.221165176037310562e-02,3.225080160726723211e-02,3.228194977225823381e-02,3.230455531078069153e-02,3.231825682266692423e-02,3.232284658966649848e-02,3.231825682266709077e-02,3.230455531078046949e-02,3.228194977225895546e-02,3.225080160726750966e-02,3.221165176037393829e-02,3.216525864125718837e-02,3.211265229118748232e-02,3.205520939514594492e-02,3.199475595609097001e-02,3.193370747354190575e-02,3.187526092360359886e-02,3.182365966642403121e-02,3.178456342878188678e-02,3.176557473075880544e-02,3.177701089405887691e-02,3.183309955249169487e-02,3.195404603334511817e-02,3.217063482004012265e-02,3.254526558176301654e-02,3.294386399565174539e-02,3.344501602225030679e-02,3.416778524258884397e-02,3.515021280291810712e-02,3.643139787969562615e-02,3.803074084735158511e-02,3.992400170415844052e-02,4.201879957077681027e-02,4.414432413662566779e-02,4.607399044985127645e-02,4.758500329494919079e-02,4.852855041669767999e-02,4.886892595577141396e-02,4.867207043963689417e-02,4.806100207004199154e-02,4.716955374906839360e-02,4.611319629877497217e-02,4.497836473137462043e-02,4.382347183049234429e-02,4.268472153045027584e-02,4.158258038678436241e-02,4.052717707097319710e-02,3.952225214514915042e-02,3.856783706502814324e-02,3.766198309658264076e-02,3.680183588122021288e-02,3.598428098159872635e-02,3.520631735950091601e-02,3.446526278949579858e-02,3.375885807322775989e-02,3.308531221045685200e-02,3.244331475164330403e-02,3.183203149064778303e-02,3.125109338816667304e-02,3.070058476115106183e-02,3.018103442952713156e-02,2.969341210037212964e-02,2.923913141808864857e-02,2.882006056851588172e-02,2.843854091477887591e-02,2.809741370833074292e-02,2.780005429396742445e-02,2.755041219542175845e-02
8.495098039215686070e-01,2.746798844053099931e-02,2.765626574477769717e-02,2.789697841010391199e-02,2.818572821243164883e-02,2.851873676547139747e-02,2.889280966980228849e-02,2.930530134983744261e-02,2.975408434575260719e-02,3.023752476898911024e-02,3.075446429369471657e-02,3.130420806466044370e-02,3.188651696512245781e-02,3.250160153765491167e-02,3.315011318364308179e-02,3.383312567414642480e-02,3.455209589483437815e-02,3.530878623648514569e-02,3.610512082106909215e-02,3.694293195514702921e-02,3.782352937442795549e-02,3.874699031624756485e-02,3.971102185048258626e-02,4.070919241265841260e-02,4.172828718124566016e-02,4.274456896062073241e-02,4.371895192133129493e-02,4.459175517844876646e-02,4.527909131197260795e-02,4.567508217330457088e-02,4.566586055523785825e-02,4.515948446432752061e-02,4.412654243217478678e-02,4.263158740367720134e-02,4.083021034133271776e-02,3.892512527776958997e-02,3.710517325575624081e-02,3.550153040012668515e-02,3.417668702737700070e-02,3.313806318467871215e-02,3.235995588287099434e-02,3.180269333003177268e-02,3.142590937443190402e-02,3.120221403202272370e-02,3.098105228332576067e-02,3.082250586599322162e-02,3.075583682869625912e-02,3.074621150065387498e-02,3.077427879450195247e-02,3.082708092828190249e-02,3.089543338374250991e-02,3.097265585190989157e-02,3.105381826688907720e-02,3.113524832808012288e-02,3.121419352252258195e-02,3.128858241646104155e-02,3.135685296013324130e-02,3.141782750042132477e-02,3.147062111502857418e-02,3.151457418569464375e-02,3.154920294069796238e-02,3.157416360504433639e-02,3.158922713665324178e-02,3.159426253423153197e-02,3.158922713665207604e-02,3.157416360504455843e-02,3.154920294069774034e-02,3.151457418569525437e-02,3.147062111502846316e-02,3.141782750042154682e-02,3.135685296013368539e-02,3.128858241646048644e-02,3.121419352252186030e-02,3.113524832807917919e-02,3.105381826688841107e-02,3.097265585190983606e-02,3.089543338374323156e-02,3.082708092828140289e-02,3.077427879450250758e-02,3.074621150065343089e-02,3.075583682869637014e-02,3.082250586599394326e-02,3.098105228332515004e-02,3.120221403202538824e-02,3.142590937443123789e-02,3.180269333003227228e-02,3.235995588287066127e-02,3.313806318467751866e-02,3.417668702737738928e-02,3.550153040012760108e-02,3.710517325575635184e-02,3.892512527777061693e-02,4.083021034133818561e-02,4.263158740367642419e-02,4.412654243217517536e-02,4.515948446432838104e-02,4.566586055523941257e-02,4.567508217330379372e-02,4.527909131197277448e-02,4.459175517844826686e-02,4.371895192133057328e-02,4.274456896061940014e-02,4.172828718124366176e-02,4.070919241265935629e-02,3.971102185048369648e-02,3.874699031624817547e-02,3.782352937442740037e-02,3.694293195514741779e-02,3.610512082107297793e-02,3.530878623648486814e-02,3.455209589483332344e-02,3.383312567414670236e-02,3.315011318364202708e-02,3.250160153765430104e-02,3.188651696512229128e-02,3.130420806465972206e-02,3.075446429369499413e-02,3.023752476898866615e-02,2.975408434575133043e-02,2.930530134983722057e-02,2.889280966980350973e-02,2.851873676547089786e-02,2.818572821243248150e-02,2.789697841010463364e-02,2.765626574477736410e-02,2.746798844053105482e-02
8.519607843137255720e-01,2.745742951858604064e-02,2.758149617366506545e-02,2.776300432255329742e-02,2.799713205057713372e-02,2.827969237251065637e-02,2.860711388425091206e-02,2.897641159760844243e-02,2.938515561035121015e-02,2.983144144828148159e-02,3.031386334941832406e-02,3.083148980685795904e-02,3.138383885720730238e-02,3.197084845053432822e-02,3.259283427350673223e-02,3.325042298923258643e-02,3.394444213253106080e-02,3.467573764126097302e-02,3.544487458621159437e-02,3.625165416266257212e-02,3.709434884600465443e-02,3.796851852363797297e-02,3.886523139654007863e-02,3.976850062089765103e-02,4.065182549253842925e-02,4.147402543377237683e-02,4.217528464242198405e-02,4.267567499319901980e-02,4.288017845953495666e-02,4.269498849841835142e-02,4.205662935474394071e-02,4.096589565631625351e-02,3.950740215328202298e-02,3.783621037214360272e-02,3.613312598680687437e-02,3.455353985152312402e-02,3.319651506779264238e-02,3.210183883643921710e-02,3.126505668414714112e-02,3.065682325410640230e-02,3.023843898835543165e-02,2.997164240493360721e-02,2.982450203696640489e-02,2.978647411597024064e-02,2.968243090321748268e-02,2.965869273927779215e-02,2.968829963155289464e-02,2.975048536380198172e-02,2.983292049003144486e-02,2.992723022991444770e-02,3.002745148722485435e-02,3.012924148180623485e-02,3.022939671469071499e-02,3.032553526486719830e-02,3.041587724714961416e-02,3.049908891642266751e-02,3.057416999851464423e-02,3.064037130234259498e-02,3.069713403965274034e-02,3.074404501293009906e-02,3.078080362526086633e-02,3.080719787917790553e-02,3.082308728658661456e-02,3.082839229704142925e-02,3.082308728658689212e-02,3.080719787917785002e-02,3.078080362525981162e-02,3.074404501292865577e-02,3.069713403965268483e-02,3.064037130234242845e-02,3.057416999851381156e-02,3.049908891642305608e-02,3.041587724714944763e-02,3.032553526486764239e-02,3.022939671469077050e-02,3.012924148180690098e-02,3.002745148722479884e-02,2.992723022991439219e-02,2.983292049003166690e-02,2.975048536380237030e-02,2.968829963155283913e-02,2.965869273927812522e-02,2.968243090321914801e-02,2.978647411597135086e-02,2.982450203696657143e-02,2.997164240493294107e-02,3.023843898835654187e-02,3.065682325410820641e-02,3.126505668414880645e-02,3.210183883643868974e-02,3.319651506779372485e-02,3.455353985152320728e-02,3.613312598680615273e-02,3.783621037214510152e-02,3.950740215328341076e-02,4.096589565631356122e-02,4.205662935474516195e-02,4.269498849841635302e-02,4.288017845953456808e-02,4.267567499319785407e-02,4.217528464242198405e-02,4.147402543377154416e-02,4.065182549253859579e-02,3.976850062089520854e-02,3.886523139654041170e-02,3.796851852363902768e-02,3.709434884600465443e-02,3.625165416266201701e-02,3.544487458621009557e-02,3.467573764126019586e-02,3.394444213252978404e-02,3.325042298923264195e-02,3.259283427350717632e-02,3.197084845053405067e-02,3.138383885720830158e-02,3.083148980685762597e-02,3.031386334941754690e-02,2.983144144828270283e-02,2.938515561035059953e-02,2.897641159760916407e-02,2.860711388425118962e-02,2.827969237250882450e-02,2.799713205057574594e-02,2.776300432255351947e-02,2.758149617366434381e-02,2.745742951858598513e-02
8.544117647058824261e-01,2.751689612217894654e-02,2.757463957160577461e-02,2.769485214607980694e-02,2.787239756171810967e-02,2.810272793103574251e-02,2.838190283006608583e-02,2.870657916922753072e-02,2.907398619934503659e-02,2.948189328555395061e-02,2.992857346755872783e-02,3.041276227226397122e-02,3.093360796045502292e-02,3.149060566309036524e-02,3.208350294583045548e-02,3.271215733232640810e-02,3.337631608610347467e-02,3.407527373759167144e-02,3.480734211549690871e-02,3.556904059321336353e-02,3.635388378577458779e-02,3.715062166718341441e-02,3.794080428431662044e-02,3.869566880519798024e-02,3.937270612966614625e-02,3.991302686982900472e-02,4.024188661558991686e-02,4.027602117966433415e-02,3.994124124570525014e-02,3.919951142721489479e-02,3.807580179727571013e-02,3.666743591172386130e-02,3.512376747444995173e-02,3.360344211824051186e-02,3.223279085250754794e-02,3.108510193786234721e-02,3.018305201322465936e-02,2.951393342120386953e-02,2.904651511591443969e-02,2.874370527623498761e-02,2.857004281642028243e-02,2.849540646236320418e-02,2.849754959030498247e-02,2.855604288499413723e-02,2.855282614447840484e-02,2.861429534069143132e-02,2.870554333083158438e-02,2.881373139004889117e-02,2.893091417577081659e-02,2.905164316093400423e-02,2.917203137670981716e-02,2.928925161664025500e-02,2.940122537243117229e-02,2.950641524085445555e-02,2.960368048469447233e-02,2.969217391395201355e-02,2.977126700981369556e-02,2.984049493857926505e-02,2.989951589389100439e-02,2.994808096162954181e-02,2.998601184966220856e-02,3.001318449115242259e-02,3.002951842977802377e-02,3.003496804051075664e-02,3.002951842977774621e-02,3.001318449115192299e-02,2.998601184966293021e-02,2.994808096162887567e-02,2.989951589389105990e-02,2.984049493857937607e-02,2.977126700981347351e-02,2.969217391395195804e-02,2.960368048469408375e-02,2.950641524085584333e-02,2.940122537243144984e-02,2.928925161663942234e-02,2.917203137671031676e-02,2.905164316093383770e-02,2.893091417577131619e-02,2.881373139004966832e-02,2.870554333083236154e-02,2.861429534069109826e-02,2.855282614447868239e-02,2.855604288499424825e-02,2.849754959030348367e-02,2.849540646236403685e-02,2.857004281641944976e-02,2.874370527623598681e-02,2.904651511591460622e-02,2.951393342120470220e-02,3.018305201322479814e-02,3.108510193786384601e-02,3.223279085250810305e-02,3.360344211824195515e-02,3.512376747445081215e-02,3.666743591172400007e-02,3.807580179727865222e-02,3.919951142721567194e-02,3.994124124570491707e-02,4.027602117966344597e-02,4.024188661559108260e-02,3.991302686982906023e-02,3.937270612966614625e-02,3.869566880519637042e-02,3.794080428431645391e-02,3.715062166718458014e-02,3.635388378577458779e-02,3.556904059321280842e-02,3.480734211549862955e-02,3.407527373759100531e-02,3.337631608610308609e-02,3.271215733232468725e-02,3.208350294582978934e-02,3.149060566308992115e-02,3.093360796045385719e-02,3.041276227226408224e-02,2.992857346755833925e-02,2.948189328555517186e-02,2.907398619934414841e-02,2.870657916922830788e-02,2.838190283006591930e-02,2.810272793103624211e-02,2.787239756171699945e-02,2.769485214608002899e-02,2.757463957160571910e-02,2.751689612217955716e-02
8.568627450980392801e-01,2.763790935014054373e-02,2.762846360729176443e-02,2.768605777919647126e-02,2.780549185108194266e-02,2.798199623753466758e-02,2.821132601414744201e-02,2.848979248414063026e-02,2.881425731415848679e-02,2.918210329593640129e-02,2.959118792006953935e-02,3.003977984514749622e-02,3.052647279026660110e-02,3.105006530742782100e-02,3.160938725496315049e-02,3.220304348799313265e-02,3.282903120459568225e-02,3.348416882565991015e-02,3.416325205384573849e-02,3.485783189022967354e-02,3.555450482933247836e-02,3.623265237497319546e-02,3.686173537464904060e-02,3.739865150072924083e-02,3.778642078646382574e-02,3.795653077439836709e-02,3.783805497110698246e-02,3.737561064085848095e-02,3.655345981257249188e-02,3.541531457017021989e-02,3.406532555083266467e-02,3.264370160200122384e-02,3.128765377152759042e-02,3.009854079356019674e-02,2.912900977213717102e-02,2.838885348194095104e-02,2.785969548069894275e-02,2.750955832381588029e-02,2.730320655990792211e-02,2.720795031162337452e-02,2.719619724069083366e-02,2.724633286662764275e-02,2.734439910723707179e-02,2.744373479180345354e-02,2.752697157648698045e-02,2.764250291826575445e-02,2.777300292712914231e-02,2.791035201207298089e-02,2.804939029117031746e-02,2.818656179689688068e-02,2.831933351372339924e-02,2.844587207657345296e-02,2.856483991440994519e-02,2.867525789606512054e-02,2.877640913982049131e-02,2.886776999025481016e-02,2.894895968105637429e-02,2.901970322572150485e-02,2.907980388024583585e-02,2.912912265141942569e-02,2.916756294581707154e-02,2.919506054828585606e-02,2.921157425759590698e-02,2.921708124399202688e-02,2.921157425759496329e-02,2.919506054828585606e-02,2.916756294581818176e-02,2.912912265141942569e-02,2.907980388024605789e-02,2.901970322572144934e-02,2.894895968105737349e-02,2.886776999025453261e-02,2.877640913982182358e-02,2.867525789606623077e-02,2.856483991441077785e-02,2.844587207657328642e-02,2.831933351372362129e-02,2.818656179689710273e-02,2.804939029117109461e-02,2.791035201207253680e-02,2.777300292712914231e-02,2.764250291826658712e-02,2.752697157648753556e-02,2.744373479180445274e-02,2.734439910723673872e-02,2.724633286662686560e-02,2.719619724069016753e-02,2.720795031162226429e-02,2.730320655990803314e-02,2.750955832381646315e-02,2.785969548069791579e-02,2.838885348194211677e-02,2.912900977213850329e-02,3.009854079356086287e-02,3.128765377152772920e-02,3.264370160200275039e-02,3.406532555083291447e-02,3.541531457016969253e-02,3.655345981257090981e-02,3.737561064085803686e-02,3.783805497110626082e-02,3.795653077440080958e-02,3.778642078646526903e-02,3.739865150072824163e-02,3.686173537464837446e-02,3.623265237497302893e-02,3.555450482933186773e-02,3.485783189022928497e-02,3.416325205384446173e-02,3.348416882565957708e-02,3.282903120459668145e-02,3.220304348799440941e-02,3.160938725496315049e-02,3.105006530742826509e-02,3.052647279026576843e-02,3.003977984514683008e-02,2.959118792006903975e-02,2.918210329593617924e-02,2.881425731415915292e-02,2.848979248413879839e-02,2.821132601414988450e-02,2.798199623753472309e-02,2.780549185108333043e-02,2.768605777919563860e-02,2.762846360729176443e-02,2.763790935014021066e-02
8.593137254901961342e-01,2.783398911175632984e-02,2.775812380248399158e-02,2.775280950386416201e-02,2.781324481557778672e-02,2.793471835091954070e-02,2.811283579251622200e-02,2.834363005019885362e-02,2.862359641512507435e-02,2.894967702617934346e-02,2.931920623694295180e-02,2.972981851832018352e-02,3.017931163669546057e-02,3.066544855680602977e-02,3.118567057919513497e-02,3.173668068655038921e-02,3.231383979484359070e-02,3.291030155236124299e-02,3.351580049485208823e-02,3.411502139317112992e-02,3.468555196400907592e-02,3.519562411264531843e-02,3.560227467104021271e-02,3.585126855161585580e-02,3.588097327842959539e-02,3.563265209171273540e-02,3.506793678719091756e-02,3.418938607645416461e-02,3.305384334932395807e-02,3.176717606300155650e-02,3.045831457153624910e-02,2.924480131696019503e-02,2.820744181982048904e-02,2.738314847754644288e-02,2.677266135230618738e-02,2.635421631062120906e-02,2.609607190255758269e-02,2.596501652177479746e-02,2.593093612807922943e-02,2.596864072062554651e-02,2.605819423548616509e-02,2.618482564971424953e-02,2.634126073161202619e-02,2.646791095079403799e-02,2.659984816157490162e-02,2.674759718708596967e-02,2.690112258734478345e-02,2.705516623124648579e-02,2.720632955552160226e-02,2.735226761263714890e-02,2.749131788347980443e-02,2.762228738370803294e-02,2.774431639891467016e-02,2.785678585103562588e-02,2.795925201832588636e-02,2.805139945809542734e-02,2.813300652689482151e-02,2.820391986254999761e-02,2.826403536225163826e-02,2.831328381410402883e-02,2.835162157853265974e-02,2.837902107870388102e-02,2.839546620628558005e-02,2.840094875092219473e-02,2.839546620628613516e-02,2.837902107870360346e-02,2.835162157853249321e-02,2.831328381410413986e-02,2.826403536225230440e-02,2.820391986254955352e-02,2.813300652689482151e-02,2.805139945809570490e-02,2.795925201832588636e-02,2.785678585103662508e-02,2.774431639891411505e-02,2.762228738370792192e-02,2.749131788347930483e-02,2.735226761263737094e-02,2.720632955552199084e-02,2.705516623124554210e-02,2.690112258734517203e-02,2.674759718708630274e-02,2.659984816157529020e-02,2.646791095079353839e-02,2.634126073161346948e-02,2.618482564971408300e-02,2.605819423548594305e-02,2.596864072062482487e-02,2.593093612807934045e-02,2.596501652177490849e-02,2.609607190255847087e-02,2.635421631062134784e-02,2.677266135230615962e-02,2.738314847754572123e-02,2.820744181982032250e-02,2.924480131695994523e-02,3.045831457153611033e-02,3.176717606300130670e-02,3.305384334932248702e-02,3.418938607645555239e-02,3.506793678718977958e-02,3.563265209171018189e-02,3.588097327843053908e-02,3.585126855161491211e-02,3.560227467103954657e-02,3.519562411264476331e-02,3.468555196400879836e-02,3.411502139317096338e-02,3.351580049485258783e-02,3.291030155236118748e-02,3.231383979484342417e-02,3.173668068655244312e-02,3.118567057919474639e-02,3.066544855680480852e-02,3.017931163669407280e-02,2.972981851832084965e-02,2.931920623694239669e-02,2.894967702617928795e-02,2.862359641512385311e-02,2.834363005019852055e-02,2.811283579251661058e-02,2.793471835091843047e-02,2.781324481557906347e-02,2.775280950386355139e-02,2.775812380248371403e-02,2.783398911175533064e-02
8.617647058823529882e-01,2.802625279421788740e-02,2.789261713771240547e-02,2.783001895726644470e-02,2.783488933497868523e-02,2.790311340675377672e-02,2.803047179332485150e-02,2.821288407664723774e-02,2.844651874682496695e-02,2.872780876760044899e-02,2.905339276305690666e-02,2.941998663287720417e-02,2.982417713519863733e-02,3.026211601830597342e-02,3.072907967868304668e-02,3.121884539303187989e-02,3.172282395622039175e-02,3.222888876858731599e-02,3.271987263673192814e-02,3.317180344158088268e-02,3.355217869345572534e-02,3.381900482755079151e-02,3.392195180441498481e-02,3.380755032089899359e-02,3.343014338446415046e-02,3.276812557539102166e-02,3.184043725371246691e-02,3.071386128454209330e-02,2.949295680961963595e-02,2.829407606636169525e-02,2.721594603315033445e-02,2.632094968479339880e-02,2.563242884288810530e-02,2.514352098947233993e-02,2.482970282666521755e-02,2.465951253112708130e-02,2.460151307957803013e-02,2.462784675816698243e-02,2.471549676043782728e-02,2.484630452589542404e-02,2.500650213827060320e-02,2.518645492255044971e-02,2.538577414601145277e-02,2.553340639452766903e-02,2.569875740976385048e-02,2.586957528869321399e-02,2.603980774233544127e-02,2.620608313305416992e-02,2.636620948514273310e-02,2.651868558473058357e-02,2.666246230380214799e-02,2.679680215186619474e-02,2.692118821067279733e-02,2.703526176159837258e-02,2.713877811233145199e-02,2.723157462442038490e-02,2.731354722665779722e-02,2.738463296698251392e-02,2.744479681195011178e-02,2.749402323575794727e-02,2.753230699557090988e-02,2.755964891818674101e-02,2.757605214192399012e-02,2.758151951444454131e-02,2.757605214192437870e-02,2.755964891818635243e-02,2.753230699557068784e-02,2.749402323575778073e-02,2.744479681195011178e-02,2.738463296698312455e-02,2.731354722665807477e-02,2.723157462442060694e-02,2.713877811233106341e-02,2.703526176159887218e-02,2.692118821067251977e-02,2.679680215186674985e-02,2.666246230380375781e-02,2.651868558473202686e-02,2.636620948514245555e-02,2.620608313305466952e-02,2.603980774233533024e-02,2.586957528869293643e-02,2.569875740976412803e-02,2.553340639452683636e-02,2.538577414601006499e-02,2.518645492255011664e-02,2.500650213827104729e-02,2.484630452589509098e-02,2.471549676043738319e-02,2.462784675816637181e-02,2.460151307957819666e-02,2.465951253112752539e-02,2.482970282666538409e-02,2.514352098947181258e-02,2.563242884288816081e-02,2.632094968479312125e-02,2.721594603314991812e-02,2.829407606636091810e-02,2.949295680961830368e-02,3.071386128454073328e-02,3.184043725371510369e-02,3.276812557539190984e-02,3.343014338446431699e-02,3.380755032089943768e-02,3.392195180441304192e-02,3.381900482755229032e-02,3.355217869345550330e-02,3.317180344158005001e-02,3.271987263673087343e-02,3.222888876858764906e-02,3.172282395622216811e-02,3.121884539303110273e-02,3.072907967868371282e-02,3.026211601830403053e-02,2.982417713519841529e-02,2.941998663287592741e-02,2.905339276305696217e-02,2.872780876760017144e-02,2.844651874682363468e-02,2.821288407664651610e-02,2.803047179332412986e-02,2.790311340675222240e-02,2.783488933497874074e-02,2.783001895726727737e-02,2.789261713771296058e-02,2.802625279421688820e-02
8.642156862745098422e-01,2.823986835052511024e-02,2.806005966077751435e-02,2.794760042375621367e-02,2.790137083700777731e-02,2.791867050793839233e-02,2.799597525283359367e-02,2.812938737344344853e-02,2.831486905922969699e-02,2.854831696381227024e-02,2.882550998603511383e-02,2.914194102396211461e-02,2.949252547442804406e-02,2.987116354460817025e-02,3.027012061547768029e-02,3.067918373722161585e-02,3.108456268506210041e-02,3.146755117515831479e-02,3.180308335432158184e-02,3.205856197475170921e-02,3.219373592905416803e-02,3.216291060015868952e-02,3.192107284140327517e-02,3.143488828636781252e-02,3.069712778404454223e-02,2.973911070758492037e-02,2.863303644111075963e-02,2.747898208856677793e-02,2.638031018507402958e-02,2.541920004254932808e-02,2.464322132902779794e-02,2.406561045804286869e-02,2.367439051551148421e-02,2.344366476918768871e-02,2.334278736741490778e-02,2.334211368269867304e-02,2.341580892287181692e-02,2.354272689450620515e-02,2.370625617937660579e-02,2.389374441972841323e-02,2.409589512534249245e-02,2.430667775542838527e-02,2.451619916896297102e-02,2.468998084549872685e-02,2.487436161358497211e-02,2.505798002850884165e-02,2.523705145653681869e-02,2.540939276328163521e-02,2.557358814024723870e-02,2.572868230964747704e-02,2.587402348168671429e-02,2.600916890277710225e-02,2.613382291119459300e-02,2.624779422147743846e-02,2.635096553499505223e-02,2.644327146838043596e-02,2.652468226944526553e-02,2.659519152960404531e-02,2.665480852312462900e-02,2.670354929301826941e-02,2.674143284929225706e-02,2.676847743250798661e-02,2.678469780812392509e-02,2.679010350484439806e-02,2.678469780812448020e-02,2.676847743250798661e-02,2.674143284929314524e-02,2.670354929301799185e-02,2.665480852312418492e-02,2.659519152960287958e-02,2.652468226944443286e-02,2.644327146838093556e-02,2.635096553499510774e-02,2.624779422147788255e-02,2.613382291119464851e-02,2.600916890277732429e-02,2.587402348168643673e-02,2.572868230964797664e-02,2.557358814024635052e-02,2.540939276328219032e-02,2.523705145653626358e-02,2.505798002850984085e-02,2.487436161358513864e-02,2.468998084549794969e-02,2.451619916896274898e-02,2.430667775542832976e-02,2.409589512534288103e-02,2.389374441972785812e-02,2.370625617937666130e-02,2.354272689450570555e-02,2.341580892287181692e-02,2.334211368269845099e-02,2.334278736741557392e-02,2.344366476918841036e-02,2.367439051551281648e-02,2.406561045804320176e-02,2.464322132902668772e-02,2.541920004254846766e-02,2.638031018507358549e-02,2.747898208856627833e-02,2.863303644110964941e-02,2.973911070758530895e-02,3.069712778404434794e-02,3.143488828636842314e-02,3.192107284140377477e-02,3.216291060015874503e-02,3.219373592905566683e-02,3.205856197475298597e-02,3.180308335432202593e-02,3.146755117515936950e-02,3.108456268506137876e-02,3.067918373722100522e-02,3.027012061547712518e-02,2.987116354460889189e-02,2.949252547443048655e-02,2.914194102396266972e-02,2.882550998603533587e-02,2.854831696381321393e-02,2.831486905923058517e-02,2.812938737344450324e-02,2.799597525283359367e-02,2.791867050793850336e-02,2.790137083700794385e-02,2.794760042375771247e-02,2.806005966077834701e-02,2.823986835052383348e-02
8.666666666666666963e-01,2.836228525861911320e-02,2.815806963306272115e-02,2.801080341944822694e-02,2.792347621015495163e-02,2.789598595119002766e-02,2.792629977331440028e-02,2.801118949571035355e-02,2.814664719870418885e-02,2.832805688460787730e-02,2.855016877224120231e-02,2.880689708714190278e-02,2.909094153259078608e-02,2.939321853163090470e-02,2.970208528274109749e-02,3.000235796998323989e-02,3.027418470461484823e-02,3.049196479749116673e-02,3.062374403516565646e-02,3.063186795097927462e-02,3.047603867291570623e-02,3.011995460859440144e-02,2.954179331851744528e-02,2.874641225510721210e-02,2.777396394034301053e-02,2.669838361561754914e-02,2.561298652610521920e-02,2.460816771999319030e-02,2.375154158872663790e-02,2.307865207037856914e-02,2.259513809147506436e-02,2.228561659137195949e-02,2.212371292962206359e-02,2.207990181271388130e-02,2.212629169549729102e-02,2.223887338270646996e-02,2.239813320725281276e-02,2.258880207365132620e-02,2.279925255798842532e-02,2.302084178478625009e-02,2.324740089374199847e-02,2.347544284354824429e-02,2.368507640600991948e-02,2.387883941946333799e-02,2.407369603140019354e-02,2.426389733321149267e-02,2.444704046611995141e-02,2.462171726275830252e-02,2.478702640271029933e-02,2.494237626685391618e-02,2.508737995348564453e-02,2.522179093266491146e-02,2.534546041999702348e-02,2.545830780660579551e-02,2.556029953712563030e-02,2.565143369505495929e-02,2.573172844732757314e-02,2.580121501930449091e-02,2.585992908560075243e-02,2.590790738218046174e-02,2.594518408912377394e-02,2.597178817170148202e-02,2.598774153250571484e-02,2.599305778170224457e-02,2.598774153250621444e-02,2.597178817170175957e-02,2.594518408912477314e-02,2.590790738218007316e-02,2.585992908559953118e-02,2.580121501930354722e-02,2.573172844732762865e-02,2.565143369505445969e-02,2.556029953712701808e-02,2.545830780660640613e-02,2.534546041999613530e-02,2.522179093266541106e-02,2.508737995348564453e-02,2.494237626685408271e-02,2.478702640271041036e-02,2.462171726275796946e-02,2.444704046611995141e-02,2.426389733321154818e-02,2.407369603140085967e-02,2.387883941946450372e-02,2.368507640601041908e-02,2.347544284354929900e-02,2.324740089374399687e-02,2.302084178478652765e-02,2.279925255798759265e-02,2.258880207365071557e-02,2.239813320725114743e-02,2.223887338270691405e-02,2.212629169549701347e-02,2.207990181271421437e-02,2.212371292962156399e-02,2.228561659137079376e-02,2.259513809147592478e-02,2.307865207037801403e-02,2.375154158872588850e-02,2.460816771999399521e-02,2.561298652610347060e-02,2.669838361561929774e-02,2.777396394034292726e-02,2.874641225510557452e-02,2.954179331851528034e-02,3.011995460859412388e-02,3.047603867291709401e-02,3.063186795098143955e-02,3.062374403516310295e-02,3.049196479749238797e-02,3.027418470461451516e-02,3.000235796998346194e-02,2.970208528274181914e-02,2.939321853163018305e-02,2.909094153259045301e-02,2.880689708714079256e-02,2.855016877224286764e-02,2.832805688460809934e-02,2.814664719870363374e-02,2.801118949570990946e-02,2.792629977331378965e-02,2.789598595118925051e-02,2.792347621015378589e-02,2.801080341944878205e-02,2.815806963306155541e-02,2.836228525861983485e-02
8.691176470588235503e-01,2.831117124953180797e-02,2.811486728401263457e-02,2.795616974922021658e-02,2.784404812835866716e-02,2.778245287821629050e-02,2.777188824222109886e-02,2.781048032053606844e-02,2.789462701771133757e-02,2.801931036237936823e-02,2.817813020887349751e-02,2.836309547576970624e-02,2.856419276713229038e-02,2.876874981347377069e-02,2.896063371184848245e-02,2.911938924609258628e-02,2.921955475806226055e-02,2.923061142908955912e-02,2.911830517513597227e-02,2.884829374221692389e-02,2.839288177948495751e-02,2.774052663957607412e-02,2.690562538850202468e-02,2.593376835581739925e-02,2.489753983122092174e-02,2.388196090085367707e-02,2.296496906922332326e-02,2.220162516725893154e-02,2.161791870192367182e-02,2.121398433892698887e-02,2.097240773027336802e-02,2.086703711984447263e-02,2.086969517943942920e-02,2.095419975963869197e-02,2.109819898362358392e-02,2.128360826012470897e-02,2.149631297613174841e-02,2.172557465844637825e-02,2.196338769070244057e-02,2.220391642276847710e-02,2.244312946500842676e-02,2.267942925459692782e-02,2.288848013338046217e-02,2.309181099158480466e-02,2.329137550526921840e-02,2.348387033309268235e-02,2.366776178950352749e-02,2.384215185222138267e-02,2.400648148974321439e-02,2.416040135360381091e-02,2.430370056775937870e-02,2.443626235462381668e-02,2.455803437570541758e-02,2.466900804573374240e-02,2.476920367262558376e-02,2.485865943446280424e-02,2.493742485624245164e-02,2.500555245883234745e-02,2.506309474149348571e-02,2.511010071182190329e-02,2.514661333288392697e-02,2.517266769390563708e-02,2.518828971264297500e-02,2.519349526974878906e-02,2.518828971264269745e-02,2.517266769390447134e-02,2.514661333288337186e-02,2.511010071182256942e-02,2.506309474149309713e-02,2.500555245883234745e-02,2.493742485624306227e-02,2.485865943446241566e-02,2.476920367262658296e-02,2.466900804573474160e-02,2.455803437570697190e-02,2.443626235462426077e-02,2.430370056775910115e-02,2.416040135360358887e-02,2.400648148974354745e-02,2.384215185222127165e-02,2.366776178950463771e-02,2.348387033309312644e-02,2.329137550526827471e-02,2.309181099158508221e-02,2.288848013338168341e-02,2.267942925459703885e-02,2.244312946500948147e-02,2.220391642276886568e-02,2.196338769070316221e-02,2.172557465844676683e-02,2.149631297613202596e-02,2.128360826012498652e-02,2.109819898362569335e-02,2.095419975963852544e-02,2.086969517943890184e-02,2.086703711984297382e-02,2.097240773027328475e-02,2.121398433892546231e-02,2.161791870192403264e-02,2.220162516725776580e-02,2.296496906922307346e-02,2.388196090085470402e-02,2.489753983122064418e-02,2.593376835581670536e-02,2.690562538850277408e-02,2.774052663957340958e-02,2.839288177948484648e-02,2.884829374221714593e-02,2.911830517513580574e-02,2.923061142908950361e-02,2.921955475806214952e-02,2.911938924609092094e-02,2.896063371184842694e-02,2.876874981347365967e-02,2.856419276713334510e-02,2.836309547576959522e-02,2.817813020887399711e-02,2.801931036237914618e-02,2.789462701771078246e-02,2.781048032053684560e-02,2.777188824222143193e-02,2.778245287821573539e-02,2.784404812836005494e-02,2.795616974922060516e-02,2.811486728401108026e-02,2.831117124953103081e-02
8.715686274509804043e-01,2.797598356658592689e-02,2.782976969346501184e-02,2.769168273325206542e-02,2.757815307154043438e-02,2.749858188439235906e-02,2.745714596910076022e-02,2.745414716287403190e-02,2.748690543859405588e-02,2.755024595369337526e-02,2.763663972727919971e-02,2.773605389510436225e-02,2.783556995859348682e-02,2.791885342872157949e-02,2.796562322084239494e-02,2.795139138972269066e-02,2.784792748786846239e-02,2.762510385670441382e-02,2.725485072957439803e-02,2.671759986458749347e-02,2.601048775877579100e-02,2.515476500984031860e-02,2.419832855852807607e-02,2.320993238315940954e-02,2.226541060588416165e-02,2.143109546659155429e-02,2.075145407061826375e-02,2.024509166923732506e-02,1.990838949735410091e-02,1.972302302796233309e-02,1.966362934766816006e-02,1.970356510510595793e-02,1.981832744930689394e-02,1.998709103880580429e-02,2.019303825389368034e-02,2.042305332741456425e-02,2.066715900855792265e-02,2.091790934632514753e-02,2.116984348344175260e-02,2.141905231484714234e-02,2.166294706877530674e-02,2.190180350407855414e-02,2.210827253877650778e-02,2.231504916136989314e-02,2.251529922017508900e-02,2.270702898337606523e-02,2.288926359794835053e-02,2.306144314581703991e-02,2.322323660100800158e-02,2.337445552213307520e-02,2.351500512213205996e-02,2.364485332652427330e-02,2.376400992300370385e-02,2.387251191239320169e-02,2.397041281529010970e-02,2.405777650259477429e-02,2.413466902560501559e-02,2.420115592938515414e-02,2.425729890944683387e-02,2.430315338045357931e-02,2.433876670826601307e-02,2.436417691768971716e-02,2.437941177390823277e-02,2.438448816963800780e-02,2.437941177390912095e-02,2.436417691768916205e-02,2.433876670826595756e-02,2.430315338045396789e-02,2.425729890944722245e-02,2.420115592938504312e-02,2.413466902560551519e-02,2.405777650259494083e-02,2.397041281529022072e-02,2.387251191239142534e-02,2.376400992300292669e-02,2.364485332652371818e-02,2.351500512213194893e-02,2.337445552213274214e-02,2.322323660100766851e-02,2.306144314581770605e-02,2.288926359794929422e-02,2.270702898337556563e-02,2.251529922017525553e-02,2.231504916137089234e-02,2.210827253877728493e-02,2.190180350407877619e-02,2.166294706877602838e-02,2.141905231484703132e-02,2.116984348344203015e-02,2.091790934632559162e-02,2.066715900855836674e-02,2.042305332741461976e-02,2.019303825389362483e-02,1.998709103880580429e-02,1.981832744930606127e-02,1.970356510510601344e-02,1.966362934766857640e-02,1.972302302796138940e-02,1.990838949735287966e-02,2.024509166923699199e-02,2.075145407061834701e-02,2.143109546658933384e-02,2.226541060588405063e-02,2.320993238315860463e-02,2.419832855852727116e-02,2.515476500984026309e-02,2.601048775877623509e-02,2.671759986458749347e-02,2.725485072957434252e-02,2.762510385670424728e-02,2.784792748786707461e-02,2.795139138972307924e-02,2.796562322084178431e-02,2.791885342872169051e-02,2.783556995859337579e-02,2.773605389510402919e-02,2.763663972727881113e-02,2.755024595369437446e-02,2.748690543859544366e-02,2.745414716287392087e-02,2.745714596910020511e-02,2.749858188439235906e-02,2.757815307153960172e-02,2.769168273325217644e-02,2.782976969346384610e-02,2.797598356658759222e-02
8.740196078431372584e-01,2.726051841791743424e-02,2.721078785109160014e-02,2.713092153332091749e-02,2.704493869581559018e-02,2.696840600065436577e-02,2.691002403178033298e-02,2.687303341394098322e-02,2.685626564957921403e-02,2.685480358953079572e-02,2.686028687641184298e-02,2.686093778702830503e-02,2.684142389745297619e-02,2.678273989930834986e-02,2.666239675704196177e-02,2.645534640811508797e-02,2.613618968083397665e-02,2.568317244257423138e-02,2.508403748426121793e-02,2.434277415629432229e-02,2.348488769425452483e-02,2.255793129887354032e-02,2.162506406340156118e-02,2.075266017670418517e-02,1.999656612623046392e-02,1.939251194791183353e-02,1.895358259163243408e-02,1.867383443634532125e-02,1.853491945610491465e-02,1.851270185695266801e-02,1.858221279491159561e-02,1.872060216868720595e-02,1.890846678926311197e-02,1.913012660201562909e-02,1.937333842589206157e-02,1.962877744517915746e-02,1.988947561257181640e-02,2.015030965039066313e-02,2.040757643293689139e-02,2.065867482060784743e-02,2.090198128116982357e-02,2.113197877674644065e-02,2.134203785250260443e-02,2.154835762928641874e-02,2.174656746912440042e-02,2.193543955030258230e-02,2.211436384746912065e-02,2.228300545760347751e-02,2.244118503414888055e-02,2.258882032172276899e-02,2.272589215432119225e-02,2.285242266469106331e-02,2.296846044942901788e-02,2.307406998502636863e-02,2.316932565645352105e-02,2.325430369804892816e-02,2.332907977344106376e-02,2.339372573194298255e-02,2.344830729077079789e-02,2.349288233981605689e-02,2.352749968557227289e-02,2.355219813144959762e-02,2.356700582415466316e-02,2.357193981778860081e-02,2.356700582415488521e-02,2.355219813144976415e-02,2.352749968557210636e-02,2.349288233981583485e-02,2.344830729077007625e-02,2.339372573194259397e-02,2.332907977344123029e-02,2.325430369804892816e-02,2.316932565645335451e-02,2.307406998502681272e-02,2.296846044942885134e-02,2.285242266469089678e-02,2.272589215432024856e-02,2.258882032172304655e-02,2.244118503414721522e-02,2.228300545760331097e-02,2.211436384746878758e-02,2.193543955030330395e-02,2.174656746912473348e-02,2.154835762928625220e-02,2.134203785250265994e-02,2.113197877674583003e-02,2.090198128116971255e-02,2.065867482060718130e-02,2.040757643293744650e-02,2.015030965039182886e-02,1.988947561257220498e-02,1.962877744517849132e-02,1.937333842589233912e-02,1.913012660201540704e-02,1.890846678926383362e-02,1.872060216868803861e-02,1.858221279491323319e-02,1.851270185695247372e-02,1.853491945610588609e-02,1.867383443634501594e-02,1.895358259163418269e-02,1.939251194791147270e-02,1.999656612622927043e-02,2.075266017670307495e-02,2.162506406340064524e-02,2.255793129887317949e-02,2.348488769425322031e-02,2.434277415629465535e-02,2.508403748426107915e-02,2.568317244257473098e-02,2.613618968083419869e-02,2.645534640811580962e-02,2.666239675704135115e-02,2.678273989930690657e-02,2.684142389745303170e-02,2.686093778702869361e-02,2.686028687641089929e-02,2.685480358952962998e-02,2.685626564958137896e-02,2.687303341394003953e-02,2.691002403178072155e-02,2.696840600065425475e-02,2.704493869581514609e-02,2.713092153332080647e-02,2.721078785109154463e-02,2.726051841791765629e-02
8.764705882352941124e-01,2.610444041918708047e-02,2.619060060129069223e-02,2.620464765368352156e-02,2.617603627788611664e-02,2.612575829997604293e-02,2.606706060830848992e-02,2.600649773084390270e-02,2.594492832002665006e-02,2.587828511145939814e-02,2.579809678593641964e-02,2.569184518238176729e-02,2.554333394073671215e-02,2.533334483375632162e-02,2.504095987014703928e-02,2.464597809448187959e-02,2.413273691947703803e-02,2.349519375699615775e-02,2.274225237126600851e-02,2.190128772872282359e-02,2.101740728350287579e-02,2.014709861619720654e-02,1.934754714247413632e-02,1.866545998890717373e-02,1.812962273816684511e-02,1.774925601396146191e-02,1.751730719531247038e-02,1.741614304504121580e-02,1.742321742384383976e-02,1.751535396215306295e-02,1.767133616327370982e-02,1.787309872919501386e-02,1.810599234836818283e-02,1.835853986381252856e-02,1.862197386221198236e-02,1.888972642476666186e-02,1.915695694046054554e-02,1.942015266180119326e-02,1.967681092936196530e-02,1.992520924988661069e-02,2.016435977339287033e-02,2.038548219813346440e-02,2.059551052340252708e-02,2.079873996874809228e-02,2.099300236865470071e-02,2.117753844592790147e-02,2.135197727713716853e-02,2.151613270164964842e-02,2.166992483614477161e-02,2.181333991699441199e-02,2.194640640430517431e-02,2.206917943209307786e-02,2.218173005545825971e-02,2.228413930655981368e-02,2.237649016165188520e-02,2.245886530282337201e-02,2.253134394085798409e-02,2.259399958641411521e-02,2.264689841935130232e-02,2.269009807473487683e-02,2.272364674196464263e-02,2.274758250537695092e-02,2.276193287592209735e-02,2.276671447903549916e-02,2.276193287592209735e-02,2.274758250537672888e-02,2.272364674196419854e-02,2.269009807473626461e-02,2.264689841935108028e-02,2.259399958641500339e-02,2.253134394085898329e-02,2.245886530282337201e-02,2.237649016165188520e-02,2.228413930655903652e-02,2.218173005545803766e-02,2.206917943209329991e-02,2.194640640430511880e-02,2.181333991699491159e-02,2.166992483614532672e-02,2.151613270164909331e-02,2.135197727713672444e-02,2.117753844592856760e-02,2.099300236865547786e-02,2.079873996874881392e-02,2.059551052340186095e-02,2.038548219813329787e-02,2.016435977339253727e-02,1.992520924988611108e-02,1.967681092936185427e-02,1.942015266180169286e-02,1.915695694046010145e-02,1.888972642476605124e-02,1.862197386221309259e-02,1.835853986381119629e-02,1.810599234836918203e-02,1.787309872919479181e-02,1.767133616327512535e-02,1.751535396215295193e-02,1.742321742384386751e-02,1.741614304504066069e-02,1.751730719531247038e-02,1.774925601396029617e-02,1.812962273816767778e-02,1.866545998890681290e-02,1.934754714247480245e-02,2.014709861619720654e-02,2.101740728350393050e-02,2.190128772872268481e-02,2.274225237126623056e-02,2.349519375699571366e-02,2.413273691947653843e-02,2.464597809448415555e-02,2.504095987014659519e-02,2.533334483375548896e-02,2.554333394073532437e-02,2.569184518238237791e-02,2.579809678593708577e-02,2.587828511145751076e-02,2.594492832002581739e-02,2.600649773084495742e-02,2.606706060830915606e-02,2.612575829997593191e-02,2.617603627788750442e-02,2.620464765368396565e-02,2.619060060129063672e-02,2.610444041918758007e-02
8.789215686274509665e-01,2.448931085752192871e-02,2.473113020011136198e-02,2.486302325266465107e-02,2.491540473890818674e-02,2.491210910065122519e-02,2.486969655285053982e-02,2.479769090473682436e-02,2.469922387401923825e-02,2.457178437934048887e-02,2.440797362206348353e-02,2.419633051319086681e-02,2.392242289175128267e-02,2.357049311261782965e-02,2.312596179499221138e-02,2.257894499299092916e-02,2.192852620225474447e-02,2.118683682880420638e-02,2.038129484705986094e-02,1.955321984149993586e-02,1.875206328574338666e-02,1.802651350427578181e-02,1.741553178360102927e-02,1.694252541775242982e-02,1.661418082089788362e-02,1.642326283935874320e-02,1.635339627414461594e-02,1.638388574528626407e-02,1.649343183259063816e-02,1.666243913156270628e-02,1.687412185214920424e-02,1.711478676603450655e-02,1.737364757498927048e-02,1.764242631740764455e-02,1.791489799666950988e-02,1.818646033442400389e-02,1.845376356024863718e-02,1.871440918073324911e-02,1.896671516231313026e-02,1.920954786274903237e-02,1.944232896148867518e-02,1.965580115280490814e-02,1.986243760918243728e-02,2.006090655822773128e-02,2.025000011131333766e-02,2.042925610389084712e-02,2.059846225994932389e-02,2.075753121314033445e-02,2.090644817865477956e-02,2.104524309088812162e-02,2.117397362498052438e-02,2.129271394940712714e-02,2.140154863921095441e-02,2.150056458404298043e-02,2.158984885991266367e-02,2.166948558912351608e-02,2.173955377822600621e-02,2.180012574181666718e-02,2.185126592992397976e-02,2.189303005394627188e-02,2.192546443841014714e-02,2.194860554694144650e-02,2.196247964589359558e-02,2.196710258034417773e-02,2.196247964589354007e-02,2.194860554693983667e-02,2.192546443841053572e-02,2.189303005394721557e-02,2.185126592992431283e-02,2.180012574181466878e-02,2.173955377822589519e-02,2.166948558912357159e-02,2.158984885991366287e-02,2.150056458404298043e-02,2.140154863921012174e-02,2.129271394940662754e-02,2.117397362498085744e-02,2.104524309088817713e-02,2.090644817865466853e-02,2.075753121314105609e-02,2.059846225994971247e-02,2.042925610389123570e-02,2.025000011131400379e-02,2.006090655822817537e-02,1.986243760918232626e-02,1.965580115280429752e-02,1.944232896148823109e-02,1.920954786274925441e-02,1.896671516231329679e-02,1.871440918073324911e-02,1.845376356024974740e-02,1.818646033442372634e-02,1.791489799667000948e-02,1.764242631740814415e-02,1.737364757498910395e-02,1.711478676603406246e-02,1.687412185214942628e-02,1.666243913156198464e-02,1.649343183259024959e-02,1.638388574528790165e-02,1.635339627414539310e-02,1.642326283935893749e-02,1.661418082089852200e-02,1.694252541775317922e-02,1.741553178360141785e-02,1.802651350427522670e-02,1.875206328574352543e-02,1.955321984149940850e-02,2.038129484705827887e-02,2.118683682880276309e-02,2.192852620225399507e-02,2.257894499299020752e-02,2.312596179499259996e-02,2.357049311261466551e-02,2.392242289175078307e-02,2.419633051319025618e-02,2.440797362206192922e-02,2.457178437933876802e-02,2.469922387401790598e-02,2.479769090473549209e-02,2.486969655285187208e-02,2.491210910065078110e-02,2.491540473890774265e-02,2.486302325266542823e-02,2.473113020011036278e-02,2.448931085752098502e-02
8.813725490196078205e-01,2.251550779923394696e-02,2.290510647951227163e-02,2.315874592402589194e-02,2.330241178102210320e-02,2.335891786102023415e-02,2.334575525019205733e-02,2.327426683858213607e-02,2.314969376768089004e-02,2.297175105438264975e-02,2.273556921415004206e-02,2.243301023984539677e-02,2.205448625638656290e-02,2.159143482033298866e-02,2.103947756924978707e-02,2.040195624990040479e-02,1.969303385732085188e-02,1.893909173013455516e-02,1.817716816889411446e-02,1.745002859324154554e-02,1.679895422226190815e-02,1.625660541024742667e-02,1.584238626666159555e-02,1.556149185814650893e-02,1.540715684832374976e-02,1.536459640822912531e-02,1.541508603643379494e-02,1.553920352874590960e-02,1.571891733050775897e-02,1.593864295013763810e-02,1.618556335477794317e-02,1.644951064404076568e-02,1.672263482111524535e-02,1.699900406650717288e-02,1.727421612430929398e-02,1.754505730548938658e-02,1.780922040910265514e-02,1.806507989315903062e-02,1.831151732574748392e-02,1.854779208968987403e-02,1.877357591863293429e-02,1.898066205552634278e-02,1.918274569989253386e-02,1.937598766480319590e-02,1.955969403142365781e-02,1.973359680201514088e-02,1.989759091351223086e-02,2.005165570096745231e-02,2.019581962231231653e-02,2.033014074821326567e-02,2.045469457532156365e-02,2.056956763129519361e-02,2.067484922196660690e-02,2.077062934855655740e-02,2.085699558960163458e-02,2.093403098908974691e-02,2.100181252880806149e-02,2.106040999767416766e-02,2.110988515035056023e-02,2.115029108101984523e-02,2.118167175983254324e-02,2.120406169452987433e-02,2.121748569070869284e-02,2.122195869236220833e-02,2.121748569070908141e-02,2.120406169453042944e-02,2.118167175983276529e-02,2.115029108101895705e-02,2.110988515035089330e-02,2.106040999767444521e-02,2.100181252880928273e-02,2.093403098909013549e-02,2.085699558960141253e-02,2.077062934855655740e-02,2.067484922196660690e-02,2.056956763129474952e-02,2.045469457532200774e-02,2.033014074821348771e-02,2.019581962231309369e-02,2.005165570096795191e-02,1.989759091351317455e-02,1.973359680201558497e-02,1.955969403142365781e-02,1.937598766480230772e-02,1.918274569989214529e-02,1.898066205552628727e-02,1.877357591863365593e-02,1.854779208968926341e-02,1.831151732574742841e-02,1.806507989316019636e-02,1.780922040910271065e-02,1.754505730549016373e-02,1.727421612430785069e-02,1.699900406650722839e-02,1.672263482111535637e-02,1.644951064404093222e-02,1.618556335477827623e-02,1.593864295013747157e-02,1.571891733050756468e-02,1.553920352874627042e-02,1.541508603643432229e-02,1.536459640822840367e-02,1.540715684832250076e-02,1.556149185814495461e-02,1.584238626666137351e-02,1.625660541024820382e-02,1.679895422226121426e-02,1.745002859323974143e-02,1.817716816889583531e-02,1.893909173013402780e-02,1.969303385732065759e-02,2.040195624990157053e-02,2.103947756925264589e-02,2.159143482033290540e-02,2.205448625638695148e-02,2.243301023984523024e-02,2.273556921414970899e-02,2.297175105438331588e-02,2.314969376768244436e-02,2.327426683858235812e-02,2.334575525019244591e-02,2.335891786101873535e-02,2.330241178102160360e-02,2.315874592402461518e-02,2.290510647951465861e-02,2.251550779923394696e-02
8.838235294117647856e-01,2.030742749913364009e-02,2.080991701766479740e-02,2.116634890459589968e-02,2.139414557274704753e-02,2.151136485856985914e-02,2.153366412242757599e-02,2.147257448090400533e-02,2.133491020356470536e-02,2.112306626579180113e-02,2.083602524868788386e-02,2.047099547899328131e-02,2.002564909958537420e-02,1.950085561207659524e-02,1.890357865578531915e-02,1.824926268531720797e-02,1.756275623721037515e-02,1.687689199205488766e-02,1.622849483372007517e-02,1.565267350484406128e-02,1.517716437488322856e-02,1.481857025428670593e-02,1.458146169310575724e-02,1.446007221236927931e-02,1.444147903370093800e-02,1.450903611217663203e-02,1.464521413744870881e-02,1.483351528446097412e-02,1.505950693689148134e-02,1.531119387927737385e-02,1.557897466789365248e-02,1.585538125393720632e-02,1.613473622149275144e-02,1.641280599972066989e-02,1.668648887625934218e-02,1.695355224033201491e-02,1.721242005470702274e-02,1.746200493914157326e-02,1.770157586743925648e-02,1.793064700597363226e-02,1.814630928067151316e-02,1.835051813526644704e-02,1.854734875748931255e-02,1.873504438289619323e-02,1.891321132054496479e-02,1.908170974895595506e-02,1.924050666016347000e-02,1.938962567721536079e-02,1.952912304430254320e-02,1.965907382546588922e-02,1.977956496751248627e-02,1.989068675539240605e-02,1.999253070898504570e-02,2.008518646545454089e-02,2.016873969949012357e-02,2.024327063626618628e-02,2.030885296050033428e-02,2.036555300962045179e-02,2.041342917500965637e-02,2.045253145771425141e-02,2.048290114058731737e-02,2.050457054959242686e-02,2.051756288509970494e-02,2.052189210987359624e-02,2.051756288510020454e-02,2.050457054959198278e-02,2.048290114058698430e-02,2.045253145771447345e-02,2.041342917500871268e-02,2.036555300962034076e-02,2.030885296049889099e-02,2.024327063626607526e-02,2.016873969949045664e-02,2.008518646545542907e-02,1.999253070898576734e-02,1.989068675539162889e-02,1.977956496751226423e-02,1.965907382546638882e-02,1.952912304430259871e-02,1.938962567721552732e-02,1.924050666016363653e-02,1.908170974895606609e-02,1.891321132054474274e-02,1.873504438289591567e-02,1.854734875748886846e-02,1.835051813526666908e-02,1.814630928067167970e-02,1.793064700597468697e-02,1.770157586743947853e-02,1.746200493914307206e-02,1.721242005470696723e-02,1.695355224033190389e-02,1.668648887625878707e-02,1.641280599971983722e-02,1.613473622149314002e-02,1.585538125393698428e-02,1.557897466789293084e-02,1.531119387927715181e-02,1.505950693689181441e-02,1.483351528446089085e-02,1.464521413744829248e-02,1.450903611217596589e-02,1.444147903370163188e-02,1.446007221236841889e-02,1.458146169310553519e-02,1.481857025428573449e-02,1.517716437488314529e-02,1.565267350484264575e-02,1.622849483371968660e-02,1.687689199205438806e-02,1.756275623721029189e-02,1.824926268531698592e-02,1.890357865578692897e-02,1.950085561207692830e-02,2.002564909958440276e-02,2.047099547899472460e-02,2.083602524868732875e-02,2.112306626579096847e-02,2.133491020356381718e-02,2.147257448090483800e-02,2.153366412242835315e-02,2.151136485856880443e-02,2.139414557274732509e-02,2.116634890459606622e-02,2.080991701766471413e-02,2.030742749913344580e-02
8.862745098039216396e-01,1.801172971545472734e-02,1.857637115293681029e-02,1.899981854105067813e-02,1.928958865943039558e-02,1.945684142512740800e-02,1.951332989473705815e-02,1.946928169688760812e-02,1.933237466863924059e-02,1.910774742459983577e-02,1.879890359756483664e-02,1.840934330865262591e-02,1.794469883378460584e-02,1.741501051939892131e-02,1.683657160162591038e-02,1.623261392162675398e-02,1.563219512313293591e-02,1.506712761691844649e-02,1.456756633254188693e-02,1.415754740548338941e-02,1.385188061563352724e-02,1.365522119244255705e-02,1.356324140817374846e-02,1.356512813725022082e-02,1.364644210918949940e-02,1.379160614687971464e-02,1.398567583470661235e-02,1.421536723884414544e-02,1.446949085302956517e-02,1.473898909001264412e-02,1.501675102493965630e-02,1.529732933522254257e-02,1.557663695018712824e-02,1.585166491793804644e-02,1.612023940655021859e-02,1.638082197886042701e-02,1.663235003145790980e-02,1.687411055793902603e-02,1.710563638399859032e-02,1.732659062677421868e-02,1.753373702372262866e-02,1.773283703786837640e-02,1.792355987953703211e-02,1.810511080429694220e-02,1.827727870159628898e-02,1.844000740339019062e-02,1.859331066134178867e-02,1.873723968216878255e-02,1.887186659986833659e-02,1.899727662090966440e-02,1.911355902435069032e-02,1.922080496074357603e-02,1.931910429951977370e-02,1.940854355903609552e-02,1.948920444782181738e-02,1.956116280671388319e-02,1.962448783385223328e-02,1.967924151361638563e-02,1.972547819453279727e-02,1.976324427739983847e-02,1.979257798596933959e-02,1.981350920058139176e-02,1.982605934088460531e-02,1.983024128813509757e-02,1.982605934088454980e-02,1.981350920058189136e-02,1.979257798596917306e-02,1.976324427739956091e-02,1.972547819453290829e-02,1.967924151361638563e-02,1.962448783385301043e-02,1.956116280671410523e-02,1.948920444782265005e-02,1.940854355903492978e-02,1.931910429952021779e-02,1.922080496074374256e-02,1.911355902435057930e-02,1.899727662091027502e-02,1.887186659986728188e-02,1.873723968216850500e-02,1.859331066134189969e-02,1.844000740339046818e-02,1.827727870159623347e-02,1.810511080429688668e-02,1.792355987953658802e-02,1.773283703786815435e-02,1.753373702372434950e-02,1.732659062677344153e-02,1.710563638399953401e-02,1.687411055793941461e-02,1.663235003145835389e-02,1.638082197886092661e-02,1.612023940654905285e-02,1.585166491793826848e-02,1.557663695018723926e-02,1.529732933522182092e-02,1.501675102493921221e-02,1.473898909001186697e-02,1.446949085302978721e-02,1.421536723884397890e-02,1.398567583470652909e-02,1.379160614687965913e-02,1.364644210919055412e-02,1.356512813725038735e-02,1.356324140817288804e-02,1.365522119244211297e-02,1.385188061563391582e-02,1.415754740548330615e-02,1.456756633254374655e-02,1.506712761691583746e-02,1.563219512313182569e-02,1.623261392162733685e-02,1.683657160162824185e-02,1.741501051939756128e-02,1.794469883378499442e-02,1.840934330865273694e-02,1.879890359756486440e-02,1.910774742459825370e-02,1.933237466864048959e-02,1.946928169688938448e-02,1.951332989473927859e-02,1.945684142512651982e-02,1.928958865943083967e-02,1.899981854105278756e-02,1.857637115293525598e-02,1.801172971545325630e-02
8.887254901960784936e-01,1.579725704993878432e-02,1.637397037592341897e-02,1.682438118860823950e-02,1.714747086746873372e-02,1.734749356554390887e-02,1.743160238441887611e-02,1.740789681990140281e-02,1.728428408040746933e-02,1.706827363042498491e-02,1.676762657352406927e-02,1.639163754442510279e-02,1.595269082619948930e-02,1.546759229947861081e-02,1.495809161461933434e-02,1.445009050056239586e-02,1.397137785243057762e-02,1.354828874547983619e-02,1.320219986512927157e-02,1.294692492334659217e-02,1.278772794826182890e-02,1.272202629715865618e-02,1.274128348103598096e-02,1.283335666808815834e-02,1.298466919065216496e-02,1.318185430648122214e-02,1.341278486063951503e-02,1.366707369875377887e-02,1.393619608010254751e-02,1.421338282927592234e-02,1.449339960304019126e-02,1.477228883484804633e-02,1.504711860060958806e-02,1.531575997080969476e-02,1.557670032000346705e-02,1.582889218359667671e-02,1.607163318353815873e-02,1.630446988669009833e-02,1.652711184288013779e-02,1.673927650843254344e-02,1.693874952661306166e-02,1.713139260940094166e-02,1.731538529005322014e-02,1.749033757603907224e-02,1.765615126548447655e-02,1.781282365705616488e-02,1.796039735890336830e-02,1.809893901390824400e-02,1.822852994269980043e-02,1.834925647051816044e-02,1.846120753255636737e-02,1.856447144577927366e-02,1.865913382391309883e-02,1.874527613309290297e-02,1.882297465894278155e-02,1.889229975889233915e-02,1.895331531684618653e-02,1.900607834335538149e-02,1.905063868163353602e-02,1.908703879136108839e-02,1.911531359040480327e-02,1.913549034040484820e-02,1.914758856633047568e-02,1.915162000331094294e-02,1.914758856633086426e-02,1.913549034040368246e-02,1.911531359040519185e-02,1.908703879136108839e-02,1.905063868163403562e-02,1.900607834335604762e-02,1.895331531684685267e-02,1.889229975889250568e-02,1.882297465894255950e-02,1.874527613309440177e-02,1.865913382391293229e-02,1.856447144577955122e-02,1.846120753255608982e-02,1.834925647051705022e-02,1.822852994270091065e-02,1.809893901390841053e-02,1.796039735890336830e-02,1.781282365705655346e-02,1.765615126548442104e-02,1.749033757603962735e-02,1.731538529005433036e-02,1.713139260940099717e-02,1.693874952661372779e-02,1.673927650843337611e-02,1.652711184288196966e-02,1.630446988668932118e-02,1.607163318353849180e-02,1.582889218359589956e-02,1.557670032000196825e-02,1.531575997080875107e-02,1.504711860060958806e-02,1.477228883484837940e-02,1.449339960303985819e-02,1.421338282927558927e-02,1.393619608010304711e-02,1.366707369875366784e-02,1.341278486064018116e-02,1.318185430648136092e-02,1.298466919065072167e-02,1.283335666808776976e-02,1.274128348103581443e-02,1.272202629715885047e-02,1.278772794826266157e-02,1.294692492334600931e-02,1.320219986512824462e-02,1.354828874547978068e-02,1.397137785243074415e-02,1.445009050056197952e-02,1.495809161462038905e-02,1.546759229947883285e-02,1.595269082619721335e-02,1.639163754442538035e-02,1.676762657352470764e-02,1.706827363042603962e-02,1.728428408040877384e-02,1.740789681990054238e-02,1.743160238441948673e-02,1.734749356554513011e-02,1.714747086746792881e-02,1.682438118860765663e-02,1.637397037592239202e-02,1.579725704993964475e-02
8.911764705882353477e-01,1.376255983401505900e-02,1.431292321820815117e-02,1.475640462705973821e-02,1.508620361257204112e-02,1.530117597177485522e-02,1.540441117954949313e-02,1.540180101990751282e-02,1.530105191520375607e-02,1.511135767773955085e-02,1.484370999630771348e-02,1.451161860505856271e-02,1.413185355977594759e-02,1.372473648469010876e-02,1.331355576602316626e-02,1.292291705733050744e-02,1.257623820671188719e-02,1.229299973205413843e-02,1.208654239318282531e-02,1.196303048665955937e-02,1.192175848342058586e-02,1.195651804373615290e-02,1.205748660022509799e-02,1.221310718674481488e-02,1.241160970761340243e-02,1.264204012331315852e-02,1.289482476993900062e-02,1.316197701558746713e-02,1.343706970560154534e-02,1.371507831038315528e-02,1.399216969979771852e-02,1.426548319227921580e-02,1.453292901604286147e-02,1.479301502745289376e-02,1.504470401401619695e-02,1.528729930842198659e-02,1.552035398411838463e-02,1.574359634194927304e-02,1.595685305114868946e-02,1.615975914598544172e-02,1.635205388611915556e-02,1.653752632023214320e-02,1.671437703441314149e-02,1.688242495097724838e-02,1.704164280940378973e-02,1.719206165742154235e-02,1.733374091073358603e-02,1.746675661974361748e-02,1.759119087164090489e-02,1.770712911061472772e-02,1.781465680783861361e-02,1.791385734859574086e-02,1.800481059817832241e-02,1.808759189329939288e-02,1.816227132284375934e-02,1.822891321034875167e-02,1.828757573920425372e-02,1.833831067988228591e-02,1.838116319078964001e-02,1.841617167276632383e-02,1.844336766314491616e-02,1.846277575950205918e-02,1.847441356623680253e-02,1.847829165931746953e-02,1.847441356623652498e-02,1.846277575950194816e-02,1.844336766314558229e-02,1.841617167276632383e-02,1.838116319078925143e-02,1.833831067988245245e-02,1.828757573920430923e-02,1.822891321034875167e-02,1.816227132284309320e-02,1.808759189329994799e-02,1.800481059817898855e-02,1.791385734859618495e-02,1.781465680783778094e-02,1.770712911061450567e-02,1.759119087164101591e-02,1.746675661974422811e-02,1.733374091073408563e-02,1.719206165742165338e-02,1.704164280940440035e-02,1.688242495097802554e-02,1.671437703441402967e-02,1.653752632023203217e-02,1.635205388611976618e-02,1.615975914598588581e-02,1.595685305114830088e-02,1.574359634194893998e-02,1.552035398411827360e-02,1.528729930842243068e-02,1.504470401401708513e-02,1.479301502745294927e-02,1.453292901604330556e-02,1.426548319227860517e-02,1.399216969979732994e-02,1.371507831038309977e-02,1.343706970560121228e-02,1.316197701558663447e-02,1.289482476993800142e-02,1.264204012331301974e-02,1.241160970761356896e-02,1.221310718674523121e-02,1.205748660022565311e-02,1.195651804373498717e-02,1.192175848342014177e-02,1.196303048665883773e-02,1.208654239318351920e-02,1.229299973205427721e-02,1.257623820671124881e-02,1.292291705733186746e-02,1.331355576602472057e-02,1.372473648469285656e-02,1.413185355977544799e-02,1.451161860505767454e-02,1.484370999630810206e-02,1.511135767773935656e-02,1.530105191520400587e-02,1.540180101990812345e-02,1.540441117954929884e-02,1.530117597177557687e-02,1.508620361257229092e-02,1.475640462705857248e-02,1.431292321820804014e-02,1.376255983401400429e-02
8.936274509803922017e-01,1.196961864810124065e-02,1.247060361653976046e-02,1.288449592037937963e-02,1.320155806845590973e-02,1.341730917635688969e-02,1.353197616535997683e-02,1.354967145416130503e-02,1.347768066780175023e-02,1.332608583463373852e-02,1.310773498039916052e-02,1.283836838093851962e-02,1.253657874500771485e-02,1.222326535946541282e-02,1.192037609399820841e-02,1.164900225961118529e-02,1.142720196771682128e-02,1.126811923190834674e-02,1.117891572026957769e-02,1.116075297300941904e-02,1.120970646359401024e-02,1.131823949742163937e-02,1.147680397779682338e-02,1.167523451121385558e-02,1.190376701761403089e-02,1.215365872505988487e-02,1.241747474297522080e-02,1.268913865752857584e-02,1.296384017690888069e-02,1.323787196629239160e-02,1.350844407443674289e-02,1.377350439688007633e-02,1.403157934137116980e-02,1.428163976996826845e-02,1.452299206965967926e-02,1.475519145018377998e-02,1.497797290466656994e-02,1.519119223266252039e-02,1.539475044228860723e-02,1.558768287562678490e-02,1.577350988329156989e-02,1.595136357659165949e-02,1.612078731549126953e-02,1.628171665469163587e-02,1.643416841393324779e-02,1.657819362552909181e-02,1.671386217217907255e-02,1.684125101167477379e-02,1.696044114234462885e-02,1.707151416672059163e-02,1.717455015128105389e-02,1.726962620720295938e-02,1.735681551128442912e-02,1.743618662004253750e-02,1.750780298459780893e-02,1.757172260516048912e-02,1.762799778354739999e-02,1.767667494507429993e-02,1.771779450986510351e-02,1.775139079971116418e-02,1.777749197075029208e-02,1.779611996530511275e-02,1.780729047824292088e-02,1.781101293484904646e-02,1.780729047824258782e-02,1.779611996530511275e-02,1.777749197075012555e-02,1.775139079970972089e-02,1.771779450986493698e-02,1.767667494507452197e-02,1.762799778354889879e-02,1.757172260516115525e-02,1.750780298459786444e-02,1.743618662004164932e-02,1.735681551128448463e-02,1.726962620720273733e-02,1.717455015128077633e-02,1.707151416672025857e-02,1.696044114234468436e-02,1.684125101167488481e-02,1.671386217217940562e-02,1.657819362552981346e-02,1.643416841393258165e-02,1.628171665469135831e-02,1.612078731549099198e-02,1.595136357659177051e-02,1.577350988329301318e-02,1.558768287562728450e-02,1.539475044228855172e-02,1.519119223266274243e-02,1.497797290466545972e-02,1.475519145018339140e-02,1.452299206965984579e-02,1.428163976996849049e-02,1.403157934137061469e-02,1.377350439688002082e-02,1.350844407443613227e-02,1.323787196629305773e-02,1.296384017690838109e-02,1.268913865752868686e-02,1.241747474297533183e-02,1.215365872506035672e-02,1.190376701761336475e-02,1.167523451121441069e-02,1.147680397779604622e-02,1.131823949742136182e-02,1.120970646359364942e-02,1.116075297300936353e-02,1.117891572026932789e-02,1.126811923190806919e-02,1.142720196771540575e-02,1.164900225961168490e-02,1.192037609399893006e-02,1.222326535946680059e-02,1.253657874500654912e-02,1.283836838093846411e-02,1.310773498040013196e-02,1.332608583463290586e-02,1.347768066780263840e-02,1.354967145416116625e-02,1.353197616535942172e-02,1.341730917635694520e-02,1.320155806845643709e-02,1.288449592037721469e-02,1.247060361654056537e-02,1.196961864810118514e-02
8.960784313725490557e-01,1.043545326954413432e-02,1.087754779901628499e-02,1.125044632207793105e-02,1.154366654430730166e-02,1.175124422855208794e-02,1.187181525579969477e-02,1.190830761620489953e-02,1.186750360545221761e-02,1.175965171042567259e-02,1.159815333440508689e-02,1.139919688407689535e-02,1.118112950648415815e-02,1.096339158202583319e-02,1.076499623362535407e-02,1.060275957453644946e-02,1.048966713921772875e-02,1.043378943562900396e-02,1.043800437573860762e-02,1.050052422675989972e-02,1.061599320406034219e-02,1.077681700534594000e-02,1.097441881488969706e-02,1.120023102040881846e-02,1.144635733504664743e-02,1.170593103673178703e-02,1.197324003166666539e-02,1.224369815876247269e-02,1.251373057972637870e-02,1.278062246099770372e-02,1.304236223683252760e-02,1.329749677567498845e-02,1.354500623994558950e-02,1.378420058578200269e-02,1.401463641130512583e-02,1.423605117610415860e-02,1.444831052518608105e-02,1.465136058390104079e-02,1.484514527325508926e-02,1.502959647880869332e-02,1.520765676170759972e-02,1.537768816706125419e-02,1.553957287572310664e-02,1.569331381908206646e-02,1.583895423746889408e-02,1.597655803156305954e-02,1.610619689730102833e-02,1.622794701056973210e-02,1.634188555210863703e-02,1.644808857617108266e-02,1.654662963102865314e-02,1.663757882678179589e-02,1.672100219561423184e-02,1.679696124890794895e-02,1.686551266890923273e-02,1.692670809306529023e-02,1.698059396255352516e-02,1.702721141537155702e-02,1.706659621051603848e-02,1.709877867396375484e-02,1.712378366013433961e-02,1.714163052455042191e-02,1.715233310485320128e-02,1.715589970833281130e-02,1.715233310485192453e-02,1.714163052454964475e-02,1.712378366013317388e-02,1.709877867396314421e-02,1.706659621051487274e-02,1.702721141537133498e-02,1.698059396255302556e-02,1.692670809306429103e-02,1.686551266890756740e-02,1.679696124890805997e-02,1.672100219561439838e-02,1.663757882678301714e-02,1.654662963102843110e-02,1.644808857617086062e-02,1.634188555210835947e-02,1.622794701056978761e-02,1.610619689730147241e-02,1.597655803156400323e-02,1.583895423746878306e-02,1.569331381908262157e-02,1.553957287572294010e-02,1.537768816706208685e-02,1.520765676170765524e-02,1.502959647880802718e-02,1.484514527325353495e-02,1.465136058390154039e-02,1.444831052518585901e-02,1.423605117610488024e-02,1.401463641130484827e-02,1.378420058578100349e-02,1.354500623994464581e-02,1.329749677567415578e-02,1.304236223683258311e-02,1.278062246099770372e-02,1.251373057972599012e-02,1.224369815876230616e-02,1.197324003166738704e-02,1.170593103673150948e-02,1.144635733504595354e-02,1.120023102040892948e-02,1.097441881488922522e-02,1.077681700534507958e-02,1.061599320406053648e-02,1.050052422676056585e-02,1.043800437573902395e-02,1.043378943562994765e-02,1.048966713921856142e-02,1.060275957453643558e-02,1.076499623362535407e-02,1.096339158202612463e-02,1.118112950648249282e-02,1.139919688407561860e-02,1.159815333440455953e-02,1.175965171042608892e-02,1.186750360545268945e-02,1.190830761620553790e-02,1.187181525579872332e-02,1.175124422855147732e-02,1.154366654430485917e-02,1.125044632207825024e-02,1.087754779901652091e-02,1.043545326954356534e-02
8.985294117647059098e-01,9.147030757293020398e-03,9.529913808134574116e-03,9.858796424363214239e-03,1.012383630611524143e-02,1.031891295627254679e-02,1.044208146182211416e-02,1.049561491153316872e-02,1.048577434625221072e-02,1.042242300018972334e-02,1.031851395456205578e-02,1.018938988173037630e-02,1.005180246202964922e-02,9.922620322798308967e-03,9.817331338528245688e-03,9.748590009637958520e-03,9.725125446687382658e-03,9.751257977174576652e-03,9.827096837521281936e-03,9.949295265717916781e-03,1.011211319780142004e-02,1.030852015745534200e-02,1.053113895882851203e-02,1.077293172597165727e-02,1.102761775501034935e-02,1.128986673556209297e-02,1.155533128502067575e-02,1.182058054215212595e-02,1.208298359645049169e-02,1.234057621699358176e-02,1.259193107172912329e-02,1.283604185498748995e-02,1.307222534147794990e-02,1.330004160967529492e-02,1.351923067088872665e-02,1.372966269959757790e-02,1.393129795666719906e-02,1.412414761953251219e-02,1.430817249969879024e-02,1.448470427034115326e-02,1.465463264407063093e-02,1.481673943280842343e-02,1.497103804318644649e-02,1.511756994020496681e-02,1.525639527594269129e-02,1.538758137421281091e-02,1.551119982482884740e-02,1.562732325589183402e-02,1.573602333627521777e-02,1.583736950255271170e-02,1.593142811280456872e-02,1.601826187803201407e-02,1.609792947872562552e-02,1.617048530622583469e-02,1.623597928846043370e-02,1.629445677267160608e-02,1.634595844648772944e-02,1.639052028464160760e-02,1.642817351279840521e-02,1.645894458274388406e-02,1.648285515522390776e-02,1.649992208799488935e-02,1.651015742761152705e-02,1.651356840404200055e-02,1.651015742761141603e-02,1.649992208799505589e-02,1.648285515522501798e-02,1.645894458274421712e-02,1.642817351279862725e-02,1.639052028464205168e-02,1.634595844648722984e-02,1.629445677267138404e-02,1.623597928846071126e-02,1.617048530622661184e-02,1.609792947872651370e-02,1.601826187803223611e-02,1.593142811280434668e-02,1.583736950255287823e-02,1.573602333627494021e-02,1.562732325589166749e-02,1.551119982482895843e-02,1.538758137421236682e-02,1.525639527594369049e-02,1.511756994020529987e-02,1.497103804318528075e-02,1.481673943280731320e-02,1.465463264407057542e-02,1.448470427034032060e-02,1.430817249969928984e-02,1.412414761953240117e-02,1.393129795666614434e-02,1.372966269959702279e-02,1.351923067088978136e-02,1.330004160967551696e-02,1.307222534147761683e-02,1.283604185498665728e-02,1.259193107172873471e-02,1.234057621699313767e-02,1.208298359645082476e-02,1.182058054215179288e-02,1.155533128502017615e-02,1.128986673556237053e-02,1.102761775501098773e-02,1.077293172597232340e-02,1.053113895882898388e-02,1.030852015745528649e-02,1.011211319780133677e-02,9.949295265718138825e-03,9.827096837522003581e-03,9.751257977174576652e-03,9.725125446688215325e-03,9.748590009638055665e-03,9.817331338528537121e-03,9.922620322798669790e-03,1.005180246203134231e-02,1.018938988173036242e-02,1.031851395456133413e-02,1.042242300019025070e-02,1.048577434625121152e-02,1.049561491153365445e-02,1.044208146182215580e-02,1.031891295627340721e-02,1.012383630611525531e-02,9.858796424363172606e-03,9.529913808134532482e-03,9.147030757293617143e-03
9.009803921568627638e-01,8.080732321091854686e-03,8.409509666275849504e-03,8.696764105656673571e-03,8.933994770256373230e-03,9.115703091336205266e-03,9.240016065532069556e-03,9.308924520680231240e-03,9.328181341444030661e-03,9.306920513675848161e-03,9.257026945732008127e-03,9.192253034924005584e-03,9.127085953914995664e-03,9.075436186360141821e-03,9.049315729467460878e-03,9.057743739092655177e-03,9.106102888393308170e-03,9.196061487022760828e-03,9.326021269400519564e-03,9.491921237864520133e-03,9.688174794847903559e-03,9.908544225069509936e-03,1.014683040833572192e-02,1.039733551797206168e-02,1.065511542169705894e-02,1.091606880508833033e-02,1.117691692443623097e-02,1.143512102489735449e-02,1.168877228942744040e-02,1.193647700584354876e-02,1.217724985327101050e-02,1.241042135021785953e-02,1.263556119916714460e-02,1.285241683654508860e-02,1.306086528596034357e-02,1.326087580189377890e-02,1.345247985376429867e-02,1.363573923903282914e-02,1.381060069939860080e-02,1.398005295983567597e-02,1.414218223554553067e-02,1.429677511521437738e-02,1.444390592376842974e-02,1.458364040504422920e-02,1.471604550323613037e-02,1.484119031478237094e-02,1.495914412003629401e-02,1.506997489247363653e-02,1.517374830258738649e-02,1.527052704737075217e-02,1.536037040580778834e-02,1.544333394918001590e-02,1.551946935601361544e-02,1.558882429681268666e-02,1.565144236451881943e-02,1.570736303423292402e-02,1.575662164115909647e-02,1.579924936937948665e-02,1.583527324678712933e-02,1.586471614319645562e-02,1.588759676993034553e-02,1.590392967994919138e-02,1.591372526807044441e-02,1.591698977113203961e-02,1.591372526807005583e-02,1.590392967994930240e-02,1.588759676993117820e-02,1.586471614319684420e-02,1.583527324678701831e-02,1.579924936937887603e-02,1.575662164115870789e-02,1.570736303423347913e-02,1.565144236451831983e-02,1.558882429681368587e-02,1.551946935601394850e-02,1.544333394918045999e-02,1.536037040580873203e-02,1.527052704736964195e-02,1.517374830258721996e-02,1.506997489247335897e-02,1.495914412003673810e-02,1.484119031478303707e-02,1.471604550323524219e-02,1.458364040504417369e-02,1.444390592376815219e-02,1.429677511521409983e-02,1.414218223554525311e-02,1.398005295983628660e-02,1.381060069939810120e-02,1.363573923903332874e-02,1.345247985376385458e-02,1.326087580189383441e-02,1.306086528595973295e-02,1.285241683654497757e-02,1.263556119916697806e-02,1.241042135021774850e-02,1.217724985327051090e-02,1.193647700584282711e-02,1.168877228942810653e-02,1.143512102489724347e-02,1.117691692443550933e-02,1.091606880508849686e-02,1.065511542169700343e-02,1.039733551797206168e-02,1.014683040833561090e-02,9.908544225070065048e-03,9.688174794848486426e-03,9.491921237864908711e-03,9.326021269401157943e-03,9.196061487023260428e-03,9.106102888394029815e-03,9.057743739093709889e-03,9.049315729467585778e-03,9.075436186360807955e-03,9.127085953915786698e-03,9.192253034922173716e-03,9.257026945732424461e-03,9.306920513674751816e-03,9.328181341443073094e-03,9.308924520679967562e-03,9.240016065533304679e-03,9.115703091336913033e-03,8.933994770255263007e-03,8.696764105656798471e-03,8.409509666275585826e-03,8.080732321091188552e-03
9.034313725490197289e-01,7.204386715820285114e-03,7.486288045410571801e-03,7.736786497989339706e-03,7.948984312841453348e-03,8.118382673306487329e-03,8.243540016837566653e-03,8.326389753208568445e-03,8.372200264726986640e-03,8.389197812991619485e-03,8.387883538749280055e-03,8.380084186297528936e-03,8.377808526273552991e-03,8.392040249046273104e-03,8.431654471403343676e-03,8.502655554054855402e-03,8.607873357646483869e-03,8.747139326965719386e-03,8.917842842409651194e-03,9.115693238567229573e-03,9.335505313501857305e-03,9.571872154969823798e-03,9.819656499533813143e-03,1.007429170174933830e-02,1.033192134169125254e-02,1.058942191364381502e-02,1.084435255778565255e-02,1.109486727337483103e-02,1.133961437952846207e-02,1.157763843640974288e-02,1.180829263396887541e-02,1.203116484437066758e-02,1.224601765717547863e-02,1.245274120157841002e-02,1.265131689615978106e-02,1.284179000347857036e-02,1.302424825783560225e-02,1.319879807417695394e-02,1.336591300924738768e-02,1.352863674973631136e-02,1.368358537883096471e-02,1.383129918991687912e-02,1.397188430071061305e-02,1.410541770916484694e-02,1.423197070451609481e-02,1.435161182612265662e-02,1.446440696386236402e-02,1.457041905617556532e-02,1.466970778678289289e-02,1.476232936554411346e-02,1.484833639247706838e-02,1.492777778527948351e-02,1.500069875021331489e-02,1.506714078029197657e-02,1.512714166897249912e-02,1.518073553136400911e-02,1.522795282767114289e-02,1.526882038575289036e-02,1.530336142106186736e-02,1.533159555323404533e-02,1.535353881921108776e-02,1.536920368312283403e-02,1.537859904334260008e-02,1.538173023714628496e-02,1.537859904334232253e-02,1.536920368312350016e-02,1.535353881921153185e-02,1.533159555323437839e-02,1.530336142106064612e-02,1.526882038575144707e-02,1.522795282767080982e-02,1.518073553136406462e-02,1.512714166897238810e-02,1.506714078029175452e-02,1.500069875021475818e-02,1.492777778527915045e-02,1.484833639247801207e-02,1.476232936554355835e-02,1.466970778678278187e-02,1.457041905617600941e-02,1.446440696386219749e-02,1.435161182612232356e-02,1.423197070451653889e-02,1.410541770916473592e-02,1.397188430071011345e-02,1.383129918991743423e-02,1.368358537883185289e-02,1.352863674973586727e-02,1.336591300924733217e-02,1.319879807417684292e-02,1.302424825783543572e-02,1.284179000347795974e-02,1.265131689615833777e-02,1.245274120157907616e-02,1.224601765717525659e-02,1.203116484437088962e-02,1.180829263396865336e-02,1.157763843640940982e-02,1.133961437952851758e-02,1.109486727337438694e-02,1.084435255778493090e-02,1.058942191364403707e-02,1.033192134169186316e-02,1.007429170174903299e-02,9.819656499533396810e-03,9.571872154970489932e-03,9.335505313502689972e-03,9.115693238566702217e-03,8.917842842408624238e-03,8.747139326966496542e-03,8.607873357646816936e-03,8.502655554055743581e-03,8.431654471403482454e-03,8.392040249046148204e-03,8.377808526274857504e-03,8.380084186295641557e-03,8.387883538749335566e-03,8.389197812992216230e-03,8.372200264728041352e-03,8.326389753209109679e-03,8.243540016837899720e-03,8.118382673306820396e-03,7.948984312841037014e-03,7.736786497990075229e-03,7.486288045410793845e-03,7.204386715820229603e-03
9.058823529411765829e-01,6.477116353986483999e-03,6.719190308899086750e-03,6.938077475075313250e-03,7.128519215953546539e-03,7.287161019253182714e-03,7.413161858555242234e-03,7.508511198034431566e-03,7.578002146002474348e-03,7.628857665007066080e-03,7.670043856065969501e-03,7.711339880050849249e-03,7.762277546943308071e-03,7.831107925595257035e-03,7.923972460449374422e-03,8.044426580826297135e-03,8.193382161564288779e-03,8.369430002684974390e-03,8.569418147842539080e-03,8.789127301484733756e-03,9.023903325096643835e-03,9.269157902189184561e-03,9.520704865794843430e-03,9.774942499489458481e-03,1.002891508218253791e-02,1.028029297942018028e-02,1.052730621728387161e-02,1.076865779051239258e-02,1.100343395589448159e-02,1.123102137686804447e-02,1.145103573688233123e-02,1.166326311825277573e-02,1.186761358406351885e-02,1.206408553251303584e-02,1.225273914332208891e-02,1.243367734017697401e-02,1.260703284277236991e-02,1.277295705977965490e-02,1.293349336584892484e-02,1.308850010988238388e-02,1.323623618999053564e-02,1.337707305810958980e-02,1.351112825149419772e-02,1.363848440880893742e-02,1.375921304114768873e-02,1.387337966401502864e-02,1.398104526433352479e-02,1.408226678397950238e-02,1.417709731839478238e-02,1.426558623436752216e-02,1.434777926763303180e-02,1.442371861590718840e-02,1.449344302877780821e-02,1.455698789231552048e-02,1.461438530593928142e-02,1.466566414994135981e-02,1.471085014298900706e-02,1.474996588969168521e-02,1.478303091886984388e-02,1.481006171353049794e-02,1.483107173366354781e-02,1.484607143301658327e-02,1.485506827092947235e-02,1.485806672009104545e-02,1.485506827092913928e-02,1.484607143301686083e-02,1.483107173366343678e-02,1.481006171352994283e-02,1.478303091886951082e-02,1.474996588969013089e-02,1.471085014298861848e-02,1.466566414994086021e-02,1.461438530593983653e-02,1.455698789231624213e-02,1.449344302877769719e-02,1.442371861590757698e-02,1.434777926763436406e-02,1.426558623436763318e-02,1.417709731839539300e-02,1.408226678398000198e-02,1.398104526433285866e-02,1.387337966401541722e-02,1.375921304114696708e-02,1.363848440880810475e-02,1.351112825149286545e-02,1.337707305810947878e-02,1.323623618998992502e-02,1.308850010988310553e-02,1.293349336584848075e-02,1.277295705977998796e-02,1.260703284277259195e-02,1.243367734017791770e-02,1.225273914332236647e-02,1.206408553251364646e-02,1.186761358406335232e-02,1.166326311825188755e-02,1.145103573688266430e-02,1.123102137686848856e-02,1.100343395589448159e-02,1.076865779051289218e-02,1.052730621728226179e-02,1.028029297942029130e-02,1.002891508218178851e-02,9.774942499489985837e-03,9.520704865795537319e-03,9.269157902189434362e-03,9.023903325096421790e-03,8.789127301484955801e-03,8.569418147842594591e-03,8.369430002684447034e-03,8.193382161564372046e-03,8.044426580827712669e-03,7.923972460449985045e-03,7.831107925596006436e-03,7.762277546944876261e-03,7.711339880049711271e-03,7.670043856066191545e-03,7.628857665007107713e-03,7.578002146002710271e-03,7.508511198033904210e-03,7.413161858556144290e-03,7.287161019252946792e-03,7.128519215954601251e-03,6.938077475075465905e-03,6.719190308898226327e-03,6.477116353985817865e-03
9.083333333333334370e-01,5.871210275516652866e-03,6.080023642015236485e-03,6.272343014753725687e-03,6.444456050310978790e-03,6.594151621245145090e-03,6.721234198245135127e-03,6.827791412337275156e-03,6.918149588130501071e-03,6.998503965589986109e-03,7.076261842444572792e-03,7.159186397301564586e-03,7.254473679359163540e-03,7.367922803894449979e-03,7.503351240616656925e-03,7.662353620702916368e-03,7.844416421765088021e-03,8.047314501225366623e-03,8.267661858546188069e-03,8.501482825856582215e-03,8.744702268148052404e-03,8.993502236226941227e-03,9.244537011888015465e-03,9.495027477360251655e-03,9.742768043766891761e-03,9.986079495973521070e-03,1.022373483912908387e-02,1.045487709802978005e-02,1.067894063277058381e-02,1.089558192738265818e-02,1.110462206850598710e-02,1.130600092267969314e-02,1.149974190968611198e-02,1.168592588468775340e-02,1.186467274990266052e-02,1.203613001789355375e-02,1.220046938296420747e-02,1.235790151829929684e-02,1.251190568504495504e-02,1.265929670220578007e-02,1.279983312325039257e-02,1.293382320716568445e-02,1.306138779554888441e-02,1.318261010268512168e-02,1.329755893525225163e-02,1.340629504855345155e-02,1.350887344052642547e-02,1.360534438028843107e-02,1.369575397249689352e-02,1.378014452653808508e-02,1.385855483035997038e-02,1.393102036879889649e-02,1.399757350344055240e-02,1.405824362217639178e-02,1.411305726313072384e-02,1.416203821632228133e-02,1.420520760587590248e-02,1.424258395544586442e-02,1.427418323932522215e-02,1.430001892158400123e-02,1.432010198533723022e-02,1.433444095403357821e-02,1.434304190632412768e-02,1.434590848577754763e-02,1.434304190632451625e-02,1.433444095403363372e-02,1.432010198533728573e-02,1.430001892158433430e-02,1.427418323932577726e-02,1.424258395544664157e-02,1.420520760587618003e-02,1.416203821632039395e-02,1.411305726313144548e-02,1.405824362217555912e-02,1.399757350344199569e-02,1.393102036879906303e-02,1.385855483036008140e-02,1.378014452653869570e-02,1.369575397249828130e-02,1.360534438028798698e-02,1.350887344052742467e-02,1.340629504855389564e-02,1.329755893525252919e-02,1.318261010268428901e-02,1.306138779554788520e-02,1.293382320716507383e-02,1.279983312325111422e-02,1.265929670220550252e-02,1.251190568504528811e-02,1.235790151829985195e-02,1.220046938296459604e-02,1.203613001789405335e-02,1.186467274990271603e-02,1.168592588468780891e-02,1.149974190968633403e-02,1.130600092267985968e-02,1.110462206850576505e-02,1.089558192738315778e-02,1.067894063277002870e-02,1.045487709802972454e-02,1.022373483912963898e-02,9.986079495973632092e-03,9.742768043767502384e-03,9.495027477359641033e-03,9.244537011888154243e-03,8.993502236226830204e-03,8.744702268149023849e-03,8.501482825856970793e-03,8.267661858546326847e-03,8.047314501225061312e-03,7.844416421765004754e-03,7.662353620702694323e-03,7.503351240616240592e-03,7.367922803894894068e-03,7.254473679359219052e-03,7.159186397303979321e-03,7.076261842445252803e-03,6.998503965588737108e-03,6.918149588129959837e-03,6.827791412336872701e-03,6.721234198244913083e-03,6.594151621244742634e-03,6.444456050310812256e-03,6.272343014754169777e-03,6.080023642014681373e-03,5.871210275516652866e-03
9.107843137254902910e-01,5.363070428883578988e-03,5.544299549053360865e-03,5.714532521956444677e-03,5.871462790880938032e-03,6.013954782429303814e-03,6.142440360032974667e-03,6.259109256998310333e-03,6.367828926833921099e-03,6.473780313754423643e-03,6.582852876407127574e-03,6.700895631375297645e-03,6.832960180420871721e-03,6.982682520511013236e-03,7.151921799293275983e-03,7.340709048638122125e-03,7.547478819760561342e-03,7.769492068945171859e-03,8.003331672868652102e-03,8.245364900595075763e-03,8.492105192215604337e-03,8.740448499200442756e-03,8.987792514530523746e-03,9.232065031501368590e-03,9.471692343678561610e-03,9.705535019650712858e-03,9.932811362767635099e-03,1.015302162053399737e-02,1.036588010987410380e-02,1.057125829157407049e-02,1.076913927846256946e-02,1.095958290760984388e-02,1.114269996579098088e-02,1.131863415963096919e-02,1.148755089383735051e-02,1.164963329895535304e-02,1.180509138221030874e-02,1.195424227437247300e-02,1.210176903937743020e-02,1.224161052756894685e-02,1.237500137358055197e-02,1.250220887530989478e-02,1.262335136446818273e-02,1.273850907659906939e-02,1.284774605712746265e-02,1.295111703374990375e-02,1.304867022743916305e-02,1.314044875906944521e-02,1.322649147916382661e-02,1.330683352330891411e-02,1.338150671752957876e-02,1.345053989004801887e-02,1.351395911777036885e-02,1.357178792337349060e-02,1.362404743311396160e-02,1.367075650250643148e-02,1.371193181548824302e-02,1.374758796168995545e-02,1.377773749573002471e-02,1.380239098192587166e-02,1.382155702730830660e-02,1.383524230535609911e-02,1.384345157240929325e-02,1.384618767832168640e-02,1.384345157241023694e-02,1.383524230535704280e-02,1.382155702730886171e-02,1.380239098192587166e-02,1.377773749572941409e-02,1.374758796168995545e-02,1.371193181548896467e-02,1.367075650250582086e-02,1.362404743311418365e-02,1.357178792337498940e-02,1.351395911777025782e-02,1.345053989004835193e-02,1.338150671752863508e-02,1.330683352330774838e-02,1.322649147916382661e-02,1.314044875906877907e-02,1.304867022743794180e-02,1.295111703374901557e-02,1.284774605712835083e-02,1.273850907659906939e-02,1.262335136446851580e-02,1.250220887531000580e-02,1.237500137358116259e-02,1.224161052756767010e-02,1.210176903937737469e-02,1.195424227437258402e-02,1.180509138221025323e-02,1.164963329895496447e-02,1.148755089383723949e-02,1.131863415963146879e-02,1.114269996579103639e-02,1.095958290761023246e-02,1.076913927846273600e-02,1.057125829157368191e-02,1.036588010987521402e-02,1.015302162053405288e-02,9.932811362767246521e-03,9.705535019651323481e-03,9.471692343679394277e-03,9.232065031501340835e-03,8.987792514530329457e-03,8.740448499200026422e-03,8.492105192215881893e-03,8.245364900595353319e-03,8.003331672867958213e-03,7.769492068945893504e-03,7.547478819761477276e-03,7.340709048638344170e-03,7.151921799293414761e-03,6.982682520511152013e-03,6.832960180419248020e-03,6.700895631377032369e-03,6.582852876406725118e-03,6.473780313754715077e-03,6.367828926834601111e-03,6.259109256998865445e-03,6.142440360032960789e-03,6.013954782429845047e-03,5.871462790881479266e-03,5.714532521956805500e-03,5.544299549052611464e-03,5.363070428883162655e-03
9.132352941176471450e-01,4.933176135186498334e-03,5.091514838308705548e-03,5.243428120015727889e-03,5.387872156538450752e-03,5.524699619442297038e-03,5.654927478590962564e-03,5.780834791013489404e-03,5.905836459360241930e-03,6.034126419440594136e-03,6.170139195159921042e-03,6.317928587035864796e-03,6.480591320551051804e-03,6.659858624786213488e-03,6.855936283785363239e-03,7.067605969804185984e-03,7.292533005627988008e-03,7.527683529511608462e-03,7.769748848684837617e-03,8.015500037836964520e-03,8.262034348236774184e-03,8.506910062527461847e-03,8.748188957802299770e-03,8.984414515674027379e-03,9.214553179952567064e-03,9.437920132574384446e-03,9.654103993245455317e-03,9.862898661854302418e-03,1.006424599228045169e-02,1.025819010095752049e-02,1.044484253035710131e-02,1.062435680920609249e-02,1.079691086240952558e-02,1.096269606314009826e-02,1.112191262507361555e-02,1.127477370454466055e-02,1.142153360542264018e-02,1.156285565314818520e-02,1.170373984588790606e-02,1.183612835087871629e-02,1.196246586396843004e-02,1.208298739451879600e-02,1.219780493593358717e-02,1.230699329659190600e-02,1.241061024703610238e-02,1.250870354362632053e-02,1.260131405172587593e-02,1.268847741007966823e-02,1.277022505000724450e-02,1.284658488608525495e-02,1.291758181730001676e-02,1.298323810632245889e-02,1.304357367332675821e-02,1.309860632606396624e-02,1.314835194037933253e-02,1.319282460131498969e-02,1.323203671253170288e-02,1.326599908019526763e-02,1.329472097639955441e-02,1.331821018629192332e-02,1.333647304240176412e-02,1.334951444897441997e-02,1.335733789861870413e-02,1.335994548297303464e-02,1.335733789861931475e-02,1.334951444897464201e-02,1.333647304240120901e-02,1.331821018629292253e-02,1.329472097639927686e-02,1.326599908019565621e-02,1.323203671253081470e-02,1.319282460131437906e-02,1.314835194037838884e-02,1.309860632606302255e-02,1.304357367332603657e-02,1.298323810632306952e-02,1.291758181729985022e-02,1.284658488608503291e-02,1.277022505000735553e-02,1.268847741008022334e-02,1.260131405172576491e-02,1.250870354362670911e-02,1.241061024703637994e-02,1.230699329659112884e-02,1.219780493593369819e-02,1.208298739451951764e-02,1.196246586396820799e-02,1.183612835087721749e-02,1.170373984588884975e-02,1.156285565314768560e-02,1.142153360542247365e-02,1.127477370454510464e-02,1.112191262507300493e-02,1.096269606313993172e-02,1.079691086240830433e-02,1.062435680920620351e-02,1.044484253035743437e-02,1.025819010095802009e-02,1.006424599228078476e-02,9.862898661854746507e-03,9.654103993245510829e-03,9.437920132574495469e-03,9.214553179953455242e-03,8.984414515673971868e-03,8.748188957801772414e-03,8.506910062527933691e-03,8.262034348235552939e-03,8.015500037836353897e-03,7.769748848684504550e-03,7.527683529510859062e-03,7.292533005627960252e-03,7.067605969804102717e-03,6.855936283785141194e-03,6.659858624786962888e-03,6.480591320551065682e-03,6.317928587036586441e-03,6.170139195157769985e-03,6.034126419440594136e-03,5.905836459361130109e-03,5.780834791013572671e-03,5.654927478591253998e-03,5.524699619443032561e-03,5.387872156538478507e-03,5.243428120016879745e-03,5.091514838309788016e-03,4.933176135186304045e-03
9.156862745098039991e-01,4.566194997664710375e-03,4.705402257225724250e-03,4.842039568932032800e-03,4.976205252072221641e-03,5.108661600148139970e-03,5.240967754044104088e-03,5.375474523200418631e-03,5.515145113903219265e-03,5.663207739442024935e-03,5.822695015419973585e-03,5.995965310435821816e-03,6.184316670458572807e-03,6.387784601991547406e-03,6.605164383779588144e-03,6.834235252051207299e-03,7.072113095329235488e-03,7.315638323363959916e-03,7.561718103541725799e-03,7.807574631631675199e-03,8.050886507417281956e-03,8.289836406038059158e-03,8.523091031093693593e-03,8.749740994531685079e-03,8.969223441158358234e-03,9.181243172361519544e-03,9.385701406244006950e-03,9.582636297770841249e-03,9.772176092981643691e-03,9.954503994261842958e-03,1.012983303813763669e-02,1.029838916045866526e-02,1.046040091002437000e-02,1.061609493666587634e-02,1.076569786641312643e-02,1.090945006005339390e-02,1.104766574532239920e-02,1.118399399859076881e-02,1.131555763179814544e-02,1.144055910060909342e-02,1.155990885070529162e-02,1.167381382896681696e-02,1.178237708175422505e-02,1.188566605176172297e-02,1.198373094291160790e-02,1.207661168624662995e-02,1.216434123524362532e-02,1.224694739838866342e-02,1.232445398811077286e-02,1.239688160515206583e-02,1.246424820541647271e-02,1.252656952439284987e-02,1.258385940137884962e-02,1.263613002947172603e-02,1.268339214864000475e-02,1.272565519427454328e-02,1.276292741057538649e-02,1.279521593610716268e-02,1.282252686740636971e-02,1.284486530546569139e-02,1.286223538896430485e-02,1.287464031739743442e-02,1.288208236660171035e-02,1.288456289853157077e-02,1.288208236660248751e-02,1.287464031739826709e-02,1.286223538896552610e-02,1.284486530546652405e-02,1.282252686740525949e-02,1.279521593610599695e-02,1.276292741057610813e-02,1.272565519427493186e-02,1.268339214863878350e-02,1.263613002947222563e-02,1.258385940137879411e-02,1.252656952439257232e-02,1.246424820541747192e-02,1.239688160515334259e-02,1.232445398810955162e-02,1.224694739838921853e-02,1.216434123524345878e-02,1.207661168624685200e-02,1.198373094291182994e-02,1.188566605176238911e-02,1.178237708175433607e-02,1.167381382896709452e-02,1.155990885070556917e-02,1.144055910060931547e-02,1.131555763179797891e-02,1.118399399859126842e-02,1.104766574532173307e-02,1.090945006005267226e-02,1.076569786641334847e-02,1.061609493666643145e-02,1.046040091002403694e-02,1.029838916045866526e-02,1.012983303813741465e-02,9.954503994262564603e-03,9.772176092981754714e-03,9.582636297771340850e-03,9.385701406243895928e-03,9.181243172362296701e-03,8.969223441158802324e-03,8.749740994530907923e-03,8.523091031093832370e-03,8.289836406037975891e-03,8.050886507417337468e-03,7.807574631631453155e-03,7.561718103540199243e-03,7.315638323364348494e-03,7.072113095327930976e-03,6.834235252050901988e-03,6.605164383780198767e-03,6.387784601991963740e-03,6.184316670458656073e-03,5.995965310436501827e-03,5.822695015419557252e-03,5.663207739441428190e-03,5.515145113902789054e-03,5.375474523200057808e-03,5.240967754043979188e-03,5.108661600147612614e-03,4.976205252072651852e-03,4.842039568931477689e-03,4.705402257225335672e-03,4.566194997664280164e-03
9.181372549019608531e-01,4.247868410516206228e-03,4.370844349743274737e-03,4.494568028735240750e-03,4.620192317136562199e-03,4.749332737922662417e-03,4.884059069691734645e-03,5.026777744406213388e-03,5.179993463573326351e-03,5.345973473554199717e-03,5.526375722358048415e-03,5.721927468196177924e-03,5.932239627121138614e-03,6.155809460286904011e-03,6.390210387818340276e-03,6.632414882619008800e-03,6.879166406255854405e-03,7.127318297583035145e-03,7.374084329604319032e-03,7.617181140445378196e-03,7.854872175587640504e-03,8.085939084996607296e-03,8.309610224316255067e-03,8.525471507509152502e-03,8.733377219187377083e-03,8.933370889464831155e-03,9.125620553677549207e-03,9.310368980927075100e-03,9.487897433011871495e-03,9.658500694320393265e-03,9.822471030420887317e-03,9.980089068685416009e-03,1.013162020570007593e-02,1.027731616006277715e-02,1.041742361153363827e-02,1.055221034168435379e-02,1.068208756692223815e-02,1.081222421316818671e-02,1.093580006961636375e-02,1.105350327739329508e-02,1.116595266417330645e-02,1.127332965952287935e-02,1.137572649361617838e-02,1.147320174219707001e-02,1.156579701016813289e-02,1.165354371475246786e-02,1.173646645301784641e-02,1.181458493357379069e-02,1.188791520700943627e-02,1.195647050923920318e-02,1.202026186835802868e-02,1.207929855480782688e-02,1.213358842105888291e-02,1.218313815987759341e-02,1.222795350081345989e-02,1.226803935897180509e-02,1.230339994661372449e-02,1.233403885581324522e-02,1.235995911864667951e-02,1.238116325014976260e-02,1.239765327822728302e-02,1.240943076388439925e-02,1.241649681436168828e-02,1.241885209116722066e-02,1.241649681436096664e-02,1.240943076388462130e-02,1.239765327822767160e-02,1.238116325014954056e-02,1.235995911864673502e-02,1.233403885581296766e-02,1.230339994661394654e-02,1.226803935897224918e-02,1.222795350081473664e-02,1.218313815987792648e-02,1.213358842105854984e-02,1.207929855480760484e-02,1.202026186835775112e-02,1.195647050923914767e-02,1.188791520701004689e-02,1.181458493357423478e-02,1.173646645301829050e-02,1.165354371475185724e-02,1.156579701016757777e-02,1.147320174219679245e-02,1.137572649361640043e-02,1.127332965952376753e-02,1.116595266417341747e-02,1.105350327739279548e-02,1.093580006961525353e-02,1.081222421316774263e-02,1.068208756692273775e-02,1.055221034168507543e-02,1.041742361153408236e-02,1.027731616006305471e-02,1.013162020569996491e-02,9.980089068686137654e-03,9.822471030421331406e-03,9.658500694321059399e-03,9.487897433013092741e-03,9.310368980927186122e-03,9.125620553678492897e-03,8.933370889464276043e-03,8.733377219187210549e-03,8.525471507508930458e-03,8.309610224316338334e-03,8.085939084997828541e-03,7.854872175587890304e-03,7.617181140446238619e-03,7.374084329605179455e-03,7.127318297583479234e-03,6.879166406254716426e-03,6.632414882617759799e-03,6.390210387817923943e-03,6.155809460285516233e-03,5.932239627121527192e-03,5.721927468196885691e-03,5.526375722357632081e-03,5.345973473554643807e-03,5.179993463573340229e-03,5.026777744406726867e-03,4.884059069692067712e-03,4.749332737923023240e-03,4.620192317136048721e-03,4.494568028736045662e-03,4.370844349743233104e-03,4.247868410516095206e-03
9.205882352941177071e-01,3.974283855119400966e-03,4.083357312030674868e-03,4.196083005632011975e-03,4.314624744642475695e-03,4.441431217517388674e-03,4.579074611845049270e-03,4.730006626847235718e-03,4.896252366376557807e-03,5.079088899244868505e-03,5.278776675340268731e-03,5.494416175279931425e-03,5.723980314494336863e-03,5.964527965883092975e-03,6.212552214527128358e-03,6.464381251899437020e-03,6.716544879535241153e-03,6.966043630957041710e-03,7.210495468281868936e-03,7.448169477331928467e-03,7.677936546055225131e-03,7.899172455334640963e-03,8.111643813753732779e-03,8.315397825138848287e-03,8.510667445523367736e-03,8.697796259939438723e-03,8.877182852439879923e-03,9.049242115771072292e-03,9.214380143632183717e-03,9.372979432750616624e-03,9.525391650054393367e-03,9.671935951860277658e-03,9.812901750441138660e-03,9.948556245540363108e-03,1.007916044606876893e-02,1.020501414427055220e-02,1.032670887258047010e-02,1.045037286616778971e-02,1.056610830942228407e-02,1.067652599524765433e-02,1.078209251660261492e-02,1.088296503187363706e-02,1.097922312458937677e-02,1.107091487802414065e-02,1.115807204660701490e-02,1.124071658946185215e-02,1.131886403891824155e-02,1.139252547620150935e-02,1.146170880203206677e-02,1.152641960751293881e-02,1.158666179675849062e-02,1.164243804374981428e-02,1.169375013236789718e-02,1.174059921083792091e-02,1.178298598185945067e-02,1.182091084367531408e-02,1.185437399348304721e-02,1.188337550197293702e-02,1.190791536586749411e-02,1.192799354398627054e-02,1.194360998115640005e-02,1.195476462344768898e-02,1.196145742739784801e-02,1.196368836522021528e-02,1.196145742739768147e-02,1.195476462344852164e-02,1.194360998115723271e-02,1.192799354398632605e-02,1.190791536586716104e-02,1.188337550197271497e-02,1.185437399348260312e-02,1.182091084367492551e-02,1.178298598185889556e-02,1.174059921083886460e-02,1.169375013236739758e-02,1.164243804374887059e-02,1.158666179675854613e-02,1.152641960751277228e-02,1.146170880203151166e-02,1.139252547620100975e-02,1.131886403891696480e-02,1.124071658946201868e-02,1.115807204660729246e-02,1.107091487802364105e-02,1.097922312459032046e-02,1.088296503187397013e-02,1.078209251660311452e-02,1.067652599524776535e-02,1.056610830942189549e-02,1.045037286616756766e-02,1.032670887258041459e-02,1.020501414427171794e-02,1.007916044606793626e-02,9.948556245539419418e-03,9.812901750441638260e-03,9.671935951860000102e-03,9.525391650054282344e-03,9.372979432751005202e-03,9.214380143632960873e-03,9.049242115771349848e-03,8.877182852439213789e-03,8.697796259941326102e-03,8.510667445523478758e-03,8.315397825138515220e-03,8.111643813753677268e-03,7.899172455335168319e-03,7.677936546055197375e-03,7.448169477331761934e-03,7.210495468281952203e-03,6.966043630957263755e-03,6.716544879535990553e-03,6.464381251898881908e-03,6.212552214527405914e-03,5.964527965883426042e-03,5.723980314493642974e-03,5.494416175280639192e-03,5.278776675341795288e-03,5.079088899245451372e-03,4.896252366376141474e-03,4.730006626847679807e-03,4.579074611844577425e-03,4.441431217517874397e-03,4.314624744641698539e-03,4.196083005630582563e-03,4.083357312030758135e-03,3.974283855119720155e-03
9.230392156862745612e-01,3.730137762131491286e-03,3.826879511586084304e-03,3.929896883568831378e-03,4.042363972107512748e-03,4.167579070333590763e-03,4.308631781063818056e-03,4.468012640001101099e-03,4.647227566344350191e-03,4.846494811130155900e-03,5.064600354457646225e-03,5.298962651830926851e-03,5.545910191782549292e-03,5.801118761519119538e-03,6.060112232375375330e-03,6.318720362844920668e-03,6.573412596644262473e-03,6.821473269770922387e-03,7.061029149614539424e-03,7.290969074614739309e-03,7.510803867947279944e-03,7.720508054941732645e-03,7.920371557008309971e-03,8.110876084603868552e-03,8.292600774250868945e-03,8.466155417860055099e-03,8.632136711622273584e-03,8.791102194057376362e-03,8.943556966948595921e-03,9.089949224807103434e-03,9.230671684395563847e-03,9.366067075779693774e-03,9.496437044709038489e-03,9.622055655070849145e-03,9.743194560900780843e-03,9.860197322913377693e-03,9.974098279598164751e-03,1.009087844611489260e-02,1.019885704954931471e-02,1.030202271473773523e-02,1.040074265323664982e-02,1.049515026732394940e-02,1.058531101303461508e-02,1.067126118148392644e-02,1.075302169466396673e-02,1.083060433726068528e-02,1.090401506597099557e-02,1.097325598088194631e-02,1.103832659910813918e-02,1.109922472471730481e-02,1.115594706491351840e-02,1.120848967611365321e-02,1.125684829043915869e-02,1.130101855521903342e-02,1.134099620781464646e-02,1.137677720177832086e-02,1.140835779621601764e-02,1.143573461749103348e-02,1.145890470033589237e-02,1.147786551396989818e-02,1.149261497761888684e-02,1.150315146891595086e-02,1.150947382784228701e-02,1.151158135817953454e-02,1.150947382784323070e-02,1.150315146891611739e-02,1.149261497761916440e-02,1.147786551397039778e-02,1.145890470033678055e-02,1.143573461749064490e-02,1.140835779621640622e-02,1.137677720177882046e-02,1.134099620781542361e-02,1.130101855521908893e-02,1.125684829043877011e-02,1.120848967611348668e-02,1.115594706491335186e-02,1.109922472471630561e-02,1.103832659910713998e-02,1.097325598088183529e-02,1.090401506597177272e-02,1.083060433726079630e-02,1.075302169466418878e-02,1.067126118148464808e-02,1.058531101303372690e-02,1.049515026732394940e-02,1.040074265323648328e-02,1.030202271473862341e-02,1.019885704954898165e-02,1.009087844611511464e-02,9.974098279598941907e-03,9.860197322913322182e-03,9.743194560901058399e-03,9.622055655071182212e-03,9.496437044709760134e-03,9.366067075779860307e-03,9.230671684396341004e-03,9.089949224807103434e-03,8.943556966949040010e-03,8.791102194057542896e-03,8.632136711621607450e-03,8.466155417860388166e-03,8.292600774250979967e-03,8.110876084604756731e-03,7.920371557007477303e-03,7.720508054940455889e-03,7.510803867948168122e-03,7.290969074615960555e-03,7.061029149614900247e-03,6.821473269771283210e-03,6.573412596644401251e-03,6.318720362845225980e-03,6.060112232374736951e-03,5.801118761518481159e-03,5.545910191782355003e-03,5.298962651831801152e-03,5.064600354458520526e-03,4.846494811128587710e-03,4.647227566344461214e-03,4.468012640000865177e-03,4.308631781062513544e-03,4.167579070333729541e-03,4.042363972106680081e-03,3.929896883568137489e-03,3.826879511586389615e-03,3.730137762131713330e-03
9.254901960784314152e-01,3.512145332989227708e-03,3.597711871075090495e-03,3.691998143224781148e-03,3.799243122331416589e-03,3.923662832526986222e-03,4.068915013761928434e-03,4.237530268474537509e-03,4.430428469180361373e-03,4.646640348609260007e-03,4.883319196965996145e-03,5.136061083208742772e-03,5.399471527583132868e-03,5.667850311305899780e-03,5.935841529236540737e-03,6.198922992100369678e-03,6.453672404212573710e-03,6.697816797162692293e-03,6.930119806390300230e-03,7.150178515401367507e-03,7.358193644201593830e-03,7.554756618013080960e-03,7.740675770685490065e-03,7.916847723479003562e-03,8.084170293325587675e-03,8.243488993129544085e-03,8.395568382600471224e-03,8.541080529477551586e-03,8.680604513160050661e-03,8.814632626738705401e-03,8.943580463756262144e-03,9.067799425938272151e-03,9.187591593945776403e-03,9.303229396344203650e-03,9.414995162077832713e-03,9.523293559138723552e-03,9.632908986116406336e-03,9.739362725147360234e-03,9.839693877868094241e-03,9.935692382221306129e-03,1.002765206004951892e-02,1.011568253711730980e-02,1.019983370034716064e-02,1.028012875906680890e-02,1.035657679625362482e-02,1.042917866380771441e-02,1.049793018313022186e-02,1.056282406940228791e-02,1.062385117403591428e-02,1.068100132647303857e-02,1.073426392234255733e-02,1.078362834149287908e-02,1.082908424703399319e-02,1.087062179865283529e-02,1.090823180300815043e-02,1.094190581753468061e-02,1.097163621972885306e-02,1.099741625109834642e-02,1.101924004285964598e-02,1.103710262892265703e-02,1.105099995049735329e-02,1.106092885570314488e-02,1.106688709675679450e-02,1.106887332667128021e-02,1.106688709675640592e-02,1.106092885570281181e-02,1.105099995049807493e-02,1.103710262892187988e-02,1.101924004285964598e-02,1.099741625109773580e-02,1.097163621972896408e-02,1.094190581753518021e-02,1.090823180300842798e-02,1.087062179865244671e-02,1.082908424703465933e-02,1.078362834149304561e-02,1.073426392234294591e-02,1.068100132647231693e-02,1.062385117403458201e-02,1.056282406940278751e-02,1.049793018312933368e-02,1.042917866380904668e-02,1.035657679625301419e-02,1.028012875906691992e-02,1.019983370034560632e-02,1.011568253711653265e-02,1.002765206005129528e-02,9.935692382221472663e-03,9.839693877866984018e-03,9.739362725147415745e-03,9.632908986116128780e-03,9.523293559138557018e-03,9.414995162076833513e-03,9.303229396343704050e-03,9.187591593945998447e-03,9.067799425937939084e-03,8.943580463756206633e-03,8.814632626739538068e-03,8.680604513160494751e-03,8.541080529477551586e-03,8.395568382600748780e-03,8.243488993130099196e-03,8.084170293324643985e-03,7.916847723477282717e-03,7.740675770686655799e-03,7.554756618012553604e-03,7.358193644201038719e-03,7.150178515401478530e-03,6.930119806389828385e-03,6.697816797162192692e-03,6.453672404212962288e-03,6.198922992099759055e-03,5.935841529235402758e-03,5.667850311305455691e-03,5.399471527581689578e-03,5.136061083208909306e-03,4.883319196965413278e-03,4.646640348608718774e-03,4.430428469179861772e-03,4.237530268475064865e-03,4.068915013762025579e-03,3.923662832527582967e-03,3.799243122331305567e-03,3.691998143223421125e-03,3.597711871074896206e-03,3.512145332989172197e-03
9.279411764705882693e-01,3.318618727250699507e-03,3.393768183971176966e-03,3.479998327908601086e-03,3.582743024512780039e-03,3.707278077259637539e-03,3.857931631792488325e-03,4.037283669191149560e-03,4.245553791357201123e-03,4.480358212893595371e-03,4.736931598566723745e-03,5.008781040298782017e-03,5.288614038373468107e-03,5.569310281918510297e-03,5.844717722398251603e-03,6.110136705025664972e-03,6.362467744263161640e-03,6.600089356177868405e-03,6.822574890471194697e-03,7.030353727396881913e-03,7.224392203143664704e-03,7.405934055377899616e-03,7.576311828821957750e-03,7.736823485701926906e-03,7.888660915945699958e-03,8.032875766862845879e-03,8.170369911467856294e-03,8.301900854443045041e-03,8.428095311172889570e-03,8.549466640416003571e-03,8.666433716210064642e-03,8.779340352779607670e-03,8.888475704034060065e-03,8.994104783047685014e-03,9.096515253959491787e-03,9.196217304196285802e-03,9.299943563871870822e-03,9.397592994192738303e-03,9.490329728260527009e-03,9.579205710892269021e-03,9.664455406646343949e-03,9.746163950607567017e-03,9.824363947804060082e-03,9.899063980975675303e-03,9.970260034828426488e-03,1.003794102842020530e-02,1.010209186265831338e-02,1.016269525680735253e-02,1.021973292575012460e-02,1.027318636594432011e-02,1.032303739296486222e-02,1.036926851309272202e-02,1.041186317987347065e-02,1.045080596891811986e-02,1.048608269374523561e-02,1.051768047891310509e-02,1.054558780238989968e-02,1.056979451616135712e-02,1.059029185194865219e-02,1.060707241737052220e-02,1.062013018669893949e-02,1.062946048938750998e-02,1.063505999881997344e-02,1.063692672305782683e-02,1.063505999882075059e-02,1.062946048938900878e-02,1.062013018669971665e-02,1.060707241737079976e-02,1.059029185194843015e-02,1.056979451616102406e-02,1.054558780238973315e-02,1.051768047891149527e-02,1.048608269374545765e-02,1.045080596891900804e-02,1.041186317987347065e-02,1.036926851309266651e-02,1.032303739296552836e-02,1.027318636594481971e-02,1.021973292575018011e-02,1.016269525680701946e-02,1.010209186265886849e-02,1.003794102841992775e-02,9.970260034828037909e-03,9.899063980975453259e-03,9.824363947804948261e-03,9.746163950607011905e-03,9.664455406646565994e-03,9.579205710891991465e-03,9.490329728261193143e-03,9.397592994193959548e-03,9.299943563872703489e-03,9.196217304196507847e-03,9.096515253960213432e-03,8.994104783047296436e-03,8.888475704034559666e-03,8.779340352779496648e-03,8.666433716209898108e-03,8.549466640416003571e-03,8.428095311173000592e-03,8.301900854442656463e-03,8.170369911468411406e-03,8.032875766862623834e-03,7.888660915946033025e-03,7.736823485702093439e-03,7.576311828821291616e-03,7.405934055378260439e-03,7.224392203144441860e-03,7.030353727396548846e-03,6.822574890471028164e-03,6.600089356177896160e-03,6.362467744263050617e-03,6.110136705025664972e-03,5.844717722397890780e-03,5.569310281918343764e-03,5.288614038373412596e-03,5.008781040298615483e-03,4.736931598566793133e-03,4.480358212892013303e-03,4.245553791356826423e-03,4.037283669191232827e-03,3.857931631792932414e-03,3.707278077259706928e-03,3.582743024512391461e-03,3.479998327908545575e-03,3.393768183970552466e-03,3.318618727251657075e-03
9.303921568627451233e-01,3.145131467916964518e-03,3.210225595165580592e-03,3.288783537116063416e-03,3.387657572716432086e-03,3.513421775666547564e-03,3.671245788896743134e-03,3.863777055377298764e-03,4.090350938790052182e-03,4.346802185051401590e-03,4.625986243189189606e-03,4.918893778371291603e-03,5.216052590357400653e-03,5.508842717790757293e-03,5.790426760192479705e-03,6.056167687629177010e-03,6.303580917392442862e-03,6.531975206392370836e-03,6.741959212777814958e-03,6.934952593702664592e-03,7.112781100081733143e-03,7.277382954443467611e-03,7.430620431376100399e-03,7.574175232451185735e-03,7.709503131500539119e-03,7.837826506741529808e-03,7.960148632305319438e-03,8.077278746767002637e-03,8.189861071328796704e-03,8.298403987619884514e-03,8.403307710774188255e-03,8.504889852409047712e-03,8.603416133559638190e-03,8.699130330296456215e-03,8.792331190975166688e-03,8.883722695093465571e-03,8.981054324543047418e-03,9.070466906563878773e-03,9.155760469250817657e-03,9.237658998816289380e-03,9.316345369506096041e-03,9.391879140135284132e-03,9.464273918648347106e-03,9.533522151905338138e-03,9.599605506322883564e-03,9.662500007267427193e-03,9.722178888810328878e-03,9.778614301534205300e-03,9.831778390309853233e-03,9.881643996264455332e-03,9.928185120805232966e-03,9.971377232080580466e-03,1.001119746380052522e-02,1.004762473905335129e-02,1.008063984136686742e-02,1.011022544880291196e-02,1.013636614255708501e-02,1.015904839860981568e-02,1.017826056891019126e-02,1.019399285704730707e-02,1.020623729223835152e-02,1.021498770450413041e-02,1.022023970329233311e-02,1.022199066111173504e-02,1.022023970329244413e-02,1.021498770450468552e-02,1.020623729223929521e-02,1.019399285704841729e-02,1.017826056890880349e-02,1.015904839860998221e-02,1.013636614255719604e-02,1.011022544880230134e-02,1.008063984136731150e-02,1.004762473905385090e-02,1.001119746380069175e-02,9.971377232079359221e-03,9.928185120805232966e-03,9.881643996264677376e-03,9.831778390309076077e-03,9.778614301533539166e-03,9.722178888810273367e-03,9.662500007268037816e-03,9.599605506323771742e-03,9.533522151903950359e-03,9.464273918648291595e-03,9.391879140136061288e-03,9.316345369505596441e-03,9.237658998817344091e-03,9.155760469249984990e-03,9.070466906564378373e-03,8.981054324543602529e-03,8.883722695093021482e-03,8.792331190975166688e-03,8.699130330296234170e-03,8.603416133559138590e-03,8.504889852409436291e-03,8.403307710774576833e-03,8.298403987619384914e-03,8.189861071329462838e-03,8.077278746767835305e-03,7.960148632306263128e-03,7.837826506741418786e-03,7.709503131500983208e-03,7.574175232451407780e-03,7.430620431376433466e-03,7.277382954444522323e-03,7.112781100083231944e-03,6.934952593702331525e-03,6.741959212778592114e-03,6.531975206392870437e-03,6.303580917390944061e-03,6.056167687628594143e-03,5.790426760192174394e-03,5.508842717790757293e-03,5.216052590358649654e-03,4.918893778371152825e-03,4.625986243190327585e-03,4.346802185052012213e-03,4.090350938790066060e-03,3.863777055377229375e-03,3.671245788896757012e-03,3.513421775666922264e-03,3.387657572715613297e-03,3.288783537116396483e-03,3.210225595165080992e-03,3.145131467916228996e-03
9.328431372549019773e-01,2.994389646410328121e-03,3.049562455236187741e-03,3.120747485905392415e-03,3.216585486144146744e-03,3.345344520877771566e-03,3.513322508049171455e-03,3.723268634300488933e-03,3.973333104250159620e-03,4.256967680086834460e-03,4.563900949283050679e-03,4.881926345239373521e-03,5.198957575541979237e-03,5.504764627041996983e-03,5.792003110640681074e-03,6.056458251303936668e-03,6.296679139965899452e-03,6.513288476144324379e-03,6.708228058919268877e-03,6.884106925948291211e-03,7.043721491470672502e-03,7.189748820862207346e-03,7.324580294628846300e-03,7.450254073864182036e-03,7.568449297138180043e-03,7.680514186441833591e-03,7.787509488117849710e-03,7.890256047001831252e-03,7.989380508555909977e-03,8.085356526682296874e-03,8.178540306256643078e-03,8.269207205735318311e-03,8.357579659480918188e-03,8.443875229548647443e-03,8.528412565034060311e-03,8.612320581826427013e-03,8.703240817868218571e-03,8.785052912664015334e-03,8.863392801942759913e-03,8.938786765724182626e-03,9.011370647632077624e-03,9.081177230260917277e-03,9.148199487777231020e-03,9.212412298347405493e-03,9.273781851134144105e-03,9.332270365826789149e-03,9.387838703364848048e-03,9.440447906330085015e-03,9.490060144319301116e-03,9.536639304773220083e-03,9.580151361228417262e-03,9.620564596517833245e-03,9.657849729041545483e-03,9.691979973467157450e-03,9.722931057125572263e-03,9.750681206942390933e-03,9.775211117623916479e-03,9.796503908939657723e-03,9.814545077970970866e-03,9.829322450739697015e-03,9.840826136590041795e-03,9.849048487847622546e-03,9.853984066671372943e-03,9.855629620447448058e-03,9.853984066671872544e-03,9.849048487846068234e-03,9.840826136590041795e-03,9.829322450739363948e-03,9.814545077971470466e-03,9.796503908940101812e-03,9.775211117622417678e-03,9.750681206941669288e-03,9.722931057124684084e-03,9.691979973467268472e-03,9.657849729040823838e-03,9.620564596517222622e-03,9.580151361227973172e-03,9.536639304772720482e-03,9.490060144319134583e-03,9.440447906329696437e-03,9.387838703364348447e-03,9.332270365826844660e-03,9.273781851133700016e-03,9.212412298347016915e-03,9.148199487778063688e-03,9.081177230260972788e-03,9.011370647631911091e-03,8.938786765724071604e-03,8.863392801943037469e-03,8.785052912664570446e-03,8.703240817868496126e-03,8.612320581826093946e-03,8.528412565034448889e-03,8.443875229548813977e-03,8.357579659481750856e-03,8.269207205735706889e-03,8.178540306256920633e-03,8.085356526681852785e-03,7.989380508556853666e-03,7.890256047002164319e-03,7.787509488117405620e-03,7.680514186442832791e-03,7.568449297138235554e-03,7.450254073865070215e-03,7.324580294628957322e-03,7.189748820861763257e-03,7.043721491471505169e-03,6.884106925948679789e-03,6.708228058918352943e-03,6.513288476144879491e-03,6.296679139966343541e-03,6.056458251304797091e-03,5.792003110640153718e-03,5.504764627041858205e-03,5.198957575542811904e-03,4.881926345239706588e-03,4.563900949282606589e-03,4.256967680087556105e-03,3.973333104249465730e-03,3.723268634300710977e-03,3.513322508048699611e-03,3.345344520877577277e-03,3.216585486143647143e-03,3.120747485905003837e-03,3.049562455236201619e-03,2.994389646411091399e-03
9.352941176470588314e-01,2.858962157404082438e-03,2.903623636125785001e-03,2.967089570898792661e-03,3.060381251929575330e-03,3.194108542217410918e-03,3.376170093934524608e-03,3.609458603060319848e-03,3.890403055186758552e-03,4.209029263399083343e-03,4.550679280426545015e-03,4.898856196352330272e-03,5.238231569577533886e-03,5.556899115374241971e-03,5.847401048584860428e-03,6.106590147124252299e-03,6.334738988882343547e-03,6.534377354186965414e-03,6.709214317606126965e-03,6.863320508403075726e-03,7.000601963641217562e-03,7.124518478084318485e-03,7.237974425342297291e-03,7.343315335351097151e-03,7.442380158836137127e-03,7.536576454296672889e-03,7.626959429755775233e-03,7.714305148820044256e-03,7.799174011471288193e-03,7.881963176269157767e-03,7.962954738867045190e-03,8.042349730095210703e-03,8.120309762657429431e-03,8.197014377025080289e-03,8.272818200944498379e-03,8.351296578559319617e-03,8.433423063473388659e-03,8.507653190332309379e-03,8.579013726512541016e-03,8.647890401185576170e-03,8.714372941990677912e-03,8.778464773407212984e-03,8.840135599374521203e-03,8.899340467469596394e-03,8.956028221845768744e-03,9.010145752903819805e-03,9.061640312023611088e-03,9.110460833632594291e-03,9.156558705299244760e-03,9.199888211956441797e-03,9.240406779299548123e-03,9.278075089825199573e-03,9.312857116943684677e-03,9.344720106500947754e-03,9.373634525251473004e-03,9.399573989773424287e-03,9.422515185329383147e-03,9.442437781470247593e-03,9.459324349405939802e-03,9.473160284796833253e-03,9.483933738722860607e-03,9.491635558854683019e-03,9.496259242322779848e-03,9.497800901342667856e-03,9.496259242322058203e-03,9.491635558855182619e-03,9.483933738721306295e-03,9.473160284796666719e-03,9.459324349405162646e-03,9.442437781469026348e-03,9.422515185329272125e-03,9.399573989772702642e-03,9.373634525251195448e-03,9.344720106499837531e-03,9.312857116944239788e-03,9.278075089826143262e-03,9.240406779300380791e-03,9.199888211956053219e-03,9.156558705299355783e-03,9.110460833632427757e-03,9.061640312022778421e-03,9.010145752902543048e-03,8.956028221845935278e-03,8.899340467468819238e-03,8.840135599375020803e-03,8.778464773407101962e-03,8.714372941992010180e-03,8.647890401184465947e-03,8.579013726512874083e-03,8.507653190332364890e-03,8.433423063473555192e-03,8.351296578559652684e-03,8.272818200944498379e-03,8.197014377025135801e-03,8.120309762657706987e-03,8.042349730095654792e-03,7.962954738867822346e-03,7.881963176269490834e-03,7.799174011470344503e-03,7.714305148820044256e-03,7.626959429754387454e-03,7.536576454295951244e-03,7.442380158835970594e-03,7.343315335351208173e-03,7.237974425342685869e-03,7.124518478084429507e-03,7.000601963641162051e-03,6.863320508402548370e-03,6.709214317606099209e-03,6.534377354188186660e-03,6.334738988881705168e-03,6.106590147124890677e-03,5.847401048584194294e-03,5.556899115374103193e-03,5.238231569577339597e-03,4.898856196352358028e-03,4.550679280425212747e-03,4.209029263399804988e-03,3.890403055187313663e-03,3.609458603060139437e-03,3.376170093933567040e-03,3.194108542217494184e-03,3.060381251929783497e-03,2.967089570898737150e-03,2.903623636126478891e-03,2.858962157403846516e-03
9.377450980392157964e-01,2.736819182262970052e-03,2.769763860095184049e-03,2.824681971202891440e-03,2.915936392212437056e-03,3.057571612299414543e-03,3.259903636939037730e-03,3.526033255416768930e-03,3.849702819091110895e-03,4.215665603515730830e-03,4.602720045865205112e-03,4.988326959031369467e-03,5.353066826751129437e-03,5.683493266476546957e-03,5.972885007676370650e-03,6.220317213224690889e-03,6.428898332673516069e-03,6.603938726261693315e-03,6.751494319874651318e-03,6.877415745096732147e-03,6.986843626474725788e-03,7.084020880494479311e-03,7.172295686722174324e-03,7.254220211573292332e-03,7.331684469530308501e-03,7.406051608446984069e-03,7.478278729074194775e-03,7.549017814759861889e-03,7.618696121667767329e-03,7.687583481497894944e-03,7.755840051250906253e-03,7.823560570467569253e-03,7.890820643453422267e-03,7.957748899188821223e-03,8.024770232309630380e-03,8.100058919282560055e-03,8.170797459308432042e-03,8.237433549797390508e-03,8.301790633517325269e-03,8.364142295937460059e-03,8.424531066527962686e-03,8.482927830472997144e-03,8.539276037570375788e-03,8.593508396853244413e-03,8.645554356331019985e-03,8.695343815167955182e-03,8.742809074364477073e-03,8.787885881548274103e-03,8.830513976829046374e-03,8.870637350349319661e-03,8.908204328102076186e-03,8.943167554173903078e-03,8.975483910957426925e-03,9.005114403720648752e-03,9.032024026668972194e-03,9.056181621975134544e-03,9.077559739614715628e-03,9.096134503416508643e-03,9.111885487144810725e-03,9.124795603310642544e-03,9.134851006646849125e-03,9.142041013631641011e-03,9.146358039022639552e-03,9.147797550095315700e-03,9.146358039022306485e-03,9.142041013631863056e-03,9.134851006646960148e-03,9.124795603310420500e-03,9.111885487144033569e-03,9.096134503415842509e-03,9.077559739614382561e-03,9.056181621974412899e-03,9.032024026668361572e-03,9.005114403721425909e-03,8.975483910956538747e-03,8.943167554173736544e-03,8.908204328102964364e-03,8.870637350348598016e-03,8.830513976827547573e-03,8.787885881547385925e-03,8.742809074364032984e-03,8.695343815167566603e-03,8.645554356330575896e-03,8.593508396852245212e-03,8.539276037568988009e-03,8.482927830472442032e-03,8.424531066528684331e-03,8.364142295938015170e-03,8.301790633517602824e-03,8.237433549796946419e-03,8.170797459307044264e-03,8.100058919283226189e-03,8.024770232309907936e-03,7.957748899190375536e-03,7.890820643453755334e-03,7.823560570467902320e-03,7.755840051250961764e-03,7.687583481497228810e-03,7.618696121667434262e-03,7.549017814760639045e-03,7.478278729074583353e-03,7.406051608446151402e-03,7.331684469529420323e-03,7.254220211574124999e-03,7.172295686722007790e-03,7.084020880494923400e-03,6.986843626474892321e-03,6.877415745096898680e-03,6.751494319875039896e-03,6.603938726261554537e-03,6.428898332672933202e-03,6.220317213224635378e-03,5.972885007675815539e-03,5.683493266476019601e-03,5.353066826750324525e-03,4.988326959031064156e-03,4.602720045865454912e-03,4.215665603515800219e-03,3.849702819089945161e-03,3.526033255416088918e-03,3.259903636939218141e-03,3.057571612300261088e-03,2.915936392212492567e-03,2.824681971202849806e-03,2.769763860095961205e-03,2.736819182262748007e-03
9.401960784313726505e-01,2.626935705345528893e-03,2.646079825337141478e-03,2.690896563592809487e-03,2.780721089778157018e-03,2.934989843783070151e-03,3.167951142226246852e-03,3.483021022475302209e-03,3.869377027543530190e-03,4.302978248462402400e-03,4.752145710796629174e-03,5.185396577923301331e-03,5.578200887315337697e-03,5.916362861149021546e-03,6.195785190457353542e-03,6.419918495457727081e-03,6.596545516565466283e-03,6.735040532655195422e-03,6.844542989053153947e-03,6.932999059846844947e-03,7.006825203147881709e-03,7.070935994364369037e-03,7.128943420385891461e-03,7.183408889025078015e-03,7.236086053278911745e-03,7.288128475602451140e-03,7.340255843297671667e-03,7.392881257966665842e-03,7.446208979299762110e-03,7.500305904777682109e-03,7.555153504305078815e-03,7.610696721937204590e-03,7.666893180809430941e-03,7.723806585557213555e-03,7.782005489439303147e-03,7.851171632783870979e-03,7.912960098226451411e-03,7.971945308444139400e-03,8.029249245079472797e-03,8.085047353244834145e-03,8.139332189167680642e-03,8.192038216707275833e-03,8.243079187205737401e-03,8.292362621485249718e-03,8.339796257973985938e-03,8.385291138972350566e-03,8.428763115193582678e-03,8.470133544062230513e-03,8.509329554630795656e-03,8.546284072411591826e-03,8.580935710392312288e-03,8.613228587286914095e-03,8.643112109434358814e-03,8.670540738554222138e-03,8.695473759267491332e-03,8.717875055142876306e-03,8.737712898853833288e-03,8.754959760027325455e-03,8.769592133073100815e-03,8.781590386429616313e-03,8.790938634132328122e-03,8.797624630282940839e-03,8.801639686726481226e-03,8.802978614153689207e-03,8.801639686725593048e-03,8.797624630282108171e-03,8.790938634131939544e-03,8.781590386429560802e-03,8.769592133073378371e-03,8.754959760026270743e-03,8.737712898853777777e-03,8.717875055142709773e-03,8.695473759267158265e-03,8.670540738553944582e-03,8.643112109434303303e-03,8.613228587287136140e-03,8.580935710391313087e-03,8.546284072411369781e-03,8.509329554630129522e-03,8.470133544062674602e-03,8.428763115193527167e-03,8.385291138972350566e-03,8.339796257973208782e-03,8.292362621485138696e-03,8.243079187206125980e-03,8.192038216706887255e-03,8.139332189167569620e-03,8.085047353244945167e-03,8.029249245078806663e-03,7.971945308444861045e-03,7.912960098226562433e-03,7.851171632783482401e-03,7.782005489440246837e-03,7.723806585558379290e-03,7.666893180809764008e-03,7.610696721938037257e-03,7.555153504303913081e-03,7.500305904777460064e-03,7.446208979299817621e-03,7.392881257965722153e-03,7.340255843297560645e-03,7.288128475602562162e-03,7.236086053279022767e-03,7.183408889024578414e-03,7.128943420385946972e-03,7.070935994365201704e-03,7.006825203148214776e-03,6.932999059846678414e-03,6.844542989053153947e-03,6.735040532656083601e-03,6.596545516566104661e-03,6.419918495457477281e-03,6.195785190457187008e-03,5.916362861149465635e-03,5.578200887315365453e-03,5.185396577922940509e-03,4.752145710796906730e-03,4.302978248463124045e-03,3.869377027542572622e-03,3.483021022475565887e-03,3.167951142225608474e-03,2.934989843782875862e-03,2.780721089778379063e-03,2.690896563592906632e-03,2.646079825337113722e-03,2.626935705345070926e-03
9.426470588235295045e-01,2.531703464699289197e-03,2.533424878273043968e-03,2.565221979117723872e-03,2.654413525296578369e-03,2.829711233494708322e-03,3.112453028037504010e-03,3.506581168134154103e-03,3.992593168632541101e-03,4.530109489952305335e-03,5.069039579296913400e-03,5.563895064111923361e-03,5.984299154996985948e-03,6.318101533601239161e-03,6.568210876942620624e-03,6.746667290810248740e-03,6.869046549965812654e-03,6.950642034542597880e-03,7.004510503268335242e-03,7.040857223014396205e-03,7.067170293229674272e-03,7.088672001252238619e-03,7.108837003513279740e-03,7.129859959067841313e-03,7.153032957149529913e-03,7.179031292262549879e-03,7.208121087663998949e-03,7.240306531519469235e-03,7.275436336871776710e-03,7.313268696792385448e-03,7.353528649356788627e-03,7.395950560917574634e-03,7.440331194718430297e-03,7.486652514521019430e-03,7.535796624998924997e-03,7.597683275762656674e-03,7.650490325286196658e-03,7.701516201748137558e-03,7.751491702969293129e-03,7.800499067681321286e-03,7.848475898700191244e-03,7.895314956529397854e-03,7.940895748875409499e-03,7.985096852759610009e-03,8.027801227765640757e-03,8.068898558628800899e-03,8.108286209467074901e-03,8.145869488964618821e-03,8.181561563747274946e-03,8.215283193360400915e-03,8.246962380212108368e-03,8.276533986435796741e-03,8.303939347112543334e-03,8.329125896591682565e-03,8.352046817447555949e-03,8.372660717238633588e-03,8.390931335737317198e-03,8.406827283836182385e-03,8.420321814429809759e-03,8.431392625129319196e-03,8.440021692436183720e-03,8.446195136895096045e-03,8.449903118753765430e-03,8.451139763758996892e-03,8.449903118753598896e-03,8.446195136895207067e-03,8.440021692436738832e-03,8.431392625129818796e-03,8.420321814429310159e-03,8.406827283836237896e-03,8.390931335737483732e-03,8.372660717238245009e-03,8.352046817447611460e-03,8.329125896591571543e-03,8.303939347111433111e-03,8.276533986436629409e-03,8.246962380211775301e-03,8.215283193360123359e-03,8.181561563746830856e-03,8.145869488964341265e-03,8.108286209466852856e-03,8.068898558628467832e-03,8.027801227765918313e-03,7.985096852759554498e-03,7.940895748875076432e-03,7.895314956529286832e-03,7.848475898700468800e-03,7.800499067681598842e-03,7.751491702969348641e-03,7.701516201747193868e-03,7.650490325287084836e-03,7.597683275763267297e-03,7.535796624999702154e-03,7.486652514520852897e-03,7.440331194719596031e-03,7.395950560917075034e-03,7.353528649358231917e-03,7.313268696791885848e-03,7.275436336871554666e-03,7.240306531519746791e-03,7.208121087665941840e-03,7.179031292262272324e-03,7.153032957149974003e-03,7.129859959068063358e-03,7.108837003513113206e-03,7.088672001252183108e-03,7.067170293229452227e-03,7.040857223014729271e-03,7.004510503267391552e-03,6.950642034542264813e-03,6.869046549966062454e-03,6.746667290809471584e-03,6.568210876943536558e-03,6.318101533600600783e-03,5.984299154996819414e-03,5.563895064111479272e-03,5.069039579296941156e-03,4.530109489953082491e-03,3.992593168632721512e-03,3.506581168134334514e-03,3.112453028037587277e-03,2.829711233494291989e-03,2.654413525297660836e-03,2.565221979117224271e-03,2.533424878273474179e-03,2.531703464699483486e-03
9.450980392156863585e-01,2.454769385120708636e-03,2.433277607805386933e-03,2.447014847182613084e-03,2.537175817216311136e-03,2.750203598346906420e-03,3.121939370632140220e-03,3.657367790993390488e-03,4.318046334539943354e-03,5.028986345149089043e-03,5.704180594843177854e-03,6.275624961384007605e-03,6.709491327136551941e-03,7.004945448732063928e-03,7.182492852430499841e-03,7.271058990420325996e-03,7.298969882680500509e-03,7.289585439103851705e-03,7.260220125478833442e-03,7.222747542090623973e-03,7.184783895123947328e-03,7.150879382754771196e-03,7.123498154836149787e-03,7.103747187016284936e-03,7.091886817560733025e-03,7.087674236455621113e-03,7.090587182914442899e-03,7.099973113285251713e-03,7.115130140014358506e-03,7.135370124174089668e-03,7.160055431089940026e-03,7.188632275831330354e-03,7.220683691003648708e-03,7.256096349931240308e-03,7.296594930085387176e-03,7.350055465481564188e-03,7.393874412974343890e-03,7.436847155225467798e-03,7.479431299409089462e-03,7.521615491538624632e-03,7.563276359922155301e-03,7.604259289863801730e-03,7.644404840978169524e-03,7.683558853255001431e-03,7.721576473873059676e-03,7.758323610347506172e-03,7.793677212022120937e-03,7.827525003211488475e-03,7.859764966013982335e-03,7.890304722493413081e-03,7.919060893445017957e-03,7.945958473862368976e-03,7.970930245465246422e-03,7.993916235960629724e-03,8.014863228800739314e-03,8.033724324089608348e-03,8.050458549557493182e-03,8.065030519804006204e-03,8.077410141665464227e-03,8.087572363585704416e-03,8.095496967036042157e-03,8.101168398248426161e-03,8.104575638838151797e-03,8.105712114194918438e-03,8.104575638838595886e-03,8.101168398247926561e-03,8.095496967036375224e-03,8.087572363585815438e-03,8.077410141665408716e-03,8.065030519803673137e-03,8.050458549556716026e-03,8.033724324089275282e-03,8.014863228800239714e-03,7.993916235960907279e-03,7.970930245464691311e-03,7.945958473862424487e-03,7.919060893444795912e-03,7.890304722492968992e-03,7.859764966014259890e-03,7.827525003210877852e-03,7.793677212021954404e-03,7.758323610346395949e-03,7.721576473873226210e-03,7.683558853253946719e-03,7.644404840978669124e-03,7.604259289863801730e-03,7.563276359921211611e-03,7.521615491538291565e-03,7.479431299409755596e-03,7.436847155225856376e-03,7.393874412973844290e-03,7.350055465482119299e-03,7.296594930084998598e-03,7.256096349931517864e-03,7.220683691004536886e-03,7.188632275832329555e-03,7.160055431089884515e-03,7.135370124175588469e-03,7.115130140013692372e-03,7.099973113286361937e-03,7.090587182914220854e-03,7.087674236456176224e-03,7.091886817560288936e-03,7.103747187016395959e-03,7.123498154835261609e-03,7.150879382753605462e-03,7.184783895124113862e-03,7.222747542090346418e-03,7.260220125479444064e-03,7.289585439103629660e-03,7.298969882681666244e-03,7.271058990419909662e-03,7.182492852430361063e-03,7.004945448731592084e-03,6.709491327134303740e-03,6.275624961384868028e-03,5.704180594842955809e-03,5.028986345149560888e-03,4.318046334540415199e-03,3.657367790993543144e-03,3.121939370631349187e-03,2.750203598346781519e-03,2.537175817216810736e-03,2.447014847182141239e-03,2.433277607806261233e-03,2.454769385120472713e-03
9.475490196078432126e-01,2.396983718650838591e-03,2.343022685672352390e-03,2.329422816697485077e-03,2.423850693311246918e-03,2.711764095055788082e-03,3.264493423630457358e-03,4.089836394717785706e-03,5.099007312198200470e-03,6.128765550784259775e-03,7.013382168970988539e-03,7.652203577560079406e-03,8.028366492306510116e-03,8.183914821238591486e-03,8.183309486051781878e-03,8.087722010455516974e-03,7.944128052348786717e-03,7.784132525435083494e-03,7.626908734275461565e-03,7.482910625668970361e-03,7.356998761017918831e-03,7.250682498115390562e-03,7.163593114763389114e-03,7.094397799691121165e-03,7.041341972616244060e-03,7.002556188198671983e-03,6.976229545691658984e-03,6.960681890121611648e-03,6.954407116423422242e-03,6.956083937673940287e-03,6.964579068276854912e-03,6.978956784887746512e-03,6.998526215085565383e-03,7.023078560234152778e-03,7.061146011013097468e-03,7.099778451722160710e-03,7.134778195081514784e-03,7.169831388805669725e-03,7.205175249757278522e-03,7.240701719865627606e-03,7.276220700276947451e-03,7.311525337561353144e-03,7.346413493118264526e-03,7.380695456580377289e-03,7.414196483669532878e-03,7.446757189572716928e-03,7.478233023652414158e-03,7.508493366893076448e-03,7.537420504456104897e-03,7.564908593720887087e-03,7.590862684593746579e-03,7.615197817052388185e-03,7.637838204714586521e-03,7.658716505055229717e-03,7.677773172925228540e-03,7.694955892311061696e-03,7.710219080716840256e-03,7.723523460684333930e-03,7.734835693407104973e-03,7.744128069939071324e-03,7.751378256185548210e-03,7.756569088461118255e-03,7.759688417076415767e-03,7.760728995975574307e-03,7.759688417075860656e-03,7.756569088462228478e-03,7.751378256184660032e-03,7.744128069939071324e-03,7.734835693406161283e-03,7.723523460684500463e-03,7.710219080717173323e-03,7.694955892311172718e-03,7.677773172924340361e-03,7.658716505053730916e-03,7.637838204715807766e-03,7.615197817052332674e-03,7.590862684594190668e-03,7.564908593720720553e-03,7.537420504456937564e-03,7.508493366892243781e-03,7.478233023652913758e-03,7.446757189573272040e-03,7.414196483670087989e-03,7.380695456580654845e-03,7.346413493117265325e-03,7.311525337562130300e-03,7.276220700276336828e-03,7.240701719865128005e-03,7.205175249757334033e-03,7.169831388805891770e-03,7.134778195081903363e-03,7.099778451721883155e-03,7.061146011011931733e-03,7.023078560234041756e-03,6.998526215085676405e-03,6.978956784889023268e-03,6.964579068276965934e-03,6.956083937673995798e-03,6.954407116422200996e-03,6.960681890122333293e-03,6.976229545692436140e-03,7.002556188199005049e-03,7.041341972616022016e-03,7.094397799690732587e-03,7.163593114763500136e-03,7.250682498115113006e-03,7.356998761018418431e-03,7.482910625667860138e-03,7.626908734276460766e-03,7.784132525435694117e-03,7.944128052348564673e-03,8.087722010455294930e-03,8.183309486053585990e-03,8.183914821239535176e-03,8.028366492307537072e-03,7.652203577560967585e-03,7.013382168970433428e-03,6.128765550782233618e-03,5.099007312198894359e-03,4.089836394717646928e-03,3.264493423630540625e-03,2.711764095055191337e-03,2.423850693310553028e-03,2.329422816697096499e-03,2.343022685672185856e-03,2.396983718651421458e-03
9.500000000000000666e-01,2.415531692330621927e-03,2.309044396681961264e-03,2.245014873774459074e-03,2.353615471732461994e-03,2.835333416331103917e-03,3.886373483760030556e-03,5.528740765034012572e-03,7.475440388117204904e-03,9.237838092362699038e-03,1.042860166035414204e-02,1.095062311863315152e-02,1.093802624960835135e-02,1.059884678732453400e-02,1.010976246488282104e-02,9.585795643061167937e-03,9.089225294000580213e-03,8.647726332649707803e-03,8.269425072179426017e-03,7.952646353409198454e-03,7.691474686545685113e-03,7.478663780281502582e-03,7.307036362873164936e-03,7.170080290790470379e-03,7.062138518269756027e-03,6.978418763927851654e-03,6.914903252647486287e-03,6.868252585787770759e-03,6.835702330438786500e-03,6.814973297136095454e-03,6.804202107437484770e-03,6.801902541305804295e-03,6.806997139974180211e-03,6.819177704863066403e-03,6.849949597723448136e-03,6.875968663088816157e-03,6.901224392670879393e-03,6.927527731094784702e-03,6.954915162564412334e-03,6.983168162144171021e-03,7.012015030466556276e-03,7.041183679021956188e-03,7.070418340849815575e-03,7.099484642786979549e-03,7.128170356845819899e-03,7.156284466931173149e-03,7.183655613687167651e-03,7.210130374231127348e-03,7.235571577025201595e-03,7.259856736660019738e-03,7.282876639298108135e-03,7.304534084126623750e-03,7.324742774385717414e-03,7.343426346750336897e-03,7.360517526271759259e-03,7.375957394387677724e-03,7.389694758396292418e-03,7.401685612170361139e-03,7.411892679223042180e-03,7.420285030634354850e-03,7.426837771564109847e-03,7.431531791307177670e-03,7.434353572867702376e-03,7.435295059036173271e-03,7.434353572867868909e-03,7.431531791306955625e-03,7.426837771562999624e-03,7.420285030634743428e-03,7.411892679222098490e-03,7.401685612170638695e-03,7.389694758396347929e-03,7.375957394387677724e-03,7.360517526272869482e-03,7.343426346750114853e-03,7.324742774387493771e-03,7.304534084127400906e-03,7.282876639298774268e-03,7.259856736660075249e-03,7.235571577025090573e-03,7.210130374230183659e-03,7.183655613687056629e-03,7.156284466931506216e-03,7.128170356845875411e-03,7.099484642786535460e-03,7.070418340849926597e-03,7.041183679022344766e-03,7.012015030466056675e-03,6.983168162142505686e-03,6.954915162563801712e-03,6.927527731094951235e-03,6.901224392671767571e-03,6.875968663089482291e-03,6.849949597722782002e-03,6.819177704863899070e-03,6.806997139974124700e-03,6.801902541306192873e-03,6.804202107436985170e-03,6.814973297136373009e-03,6.835702330439563656e-03,6.868252585786771558e-03,6.914903252647763843e-03,6.978418763926907964e-03,7.062138518269922560e-03,7.170080290790858957e-03,7.307036362872498803e-03,7.478663780282834850e-03,7.691474686544741424e-03,7.952646353409531521e-03,8.269425072180869307e-03,8.647726332650040870e-03,9.089225294000136124e-03,9.585795643061389981e-03,1.010976246488032304e-02,1.059884678732442298e-02,1.093802624960976688e-02,1.095062311863606586e-02,1.042860166035627922e-02,9.237838092364752951e-03,7.475440388117232660e-03,5.528740765034068083e-03,3.886373483759808511e-03,2.835333416330812484e-03,2.353615471732781184e-03,2.245014873774348052e-03,2.309044396682030653e-03,2.415531692330177838e-03
9.524509803921569207e-01,2.556188372192680358e-03,2.365112737238647678e-03,2.195264955649506300e-03,2.357544688173104919e-03,3.555448070842084918e-03,6.755709280879734768e-03,1.215652941903627715e-02,1.797841112307199674e-02,2.160457669487172994e-02,2.214213284323351960e-02,2.057914620426798402e-02,1.822917238569843335e-02,1.589429144786808079e-02,1.388973442196672625e-02,1.227352592026409450e-02,1.100498991279869054e-02,1.001903197509901311e-02,9.253891737168007392e-03,8.658829262252976111e-03,8.194446496859242313e-03,7.830837770452014901e-03,7.545458825770678946e-03,7.321293450927357505e-03,7.145436763846213513e-03,7.008019450203628598e-03,6.901433848849891639e-03,6.819766471783450523e-03,6.758385330848160066e-03,6.713642535532693412e-03,6.682665508934482190e-03,6.663229643197543517e-03,6.653758955862676405e-03,6.653927504035872520e-03,6.676216451015792863e-03,6.691014489723146053e-03,6.706919293324398179e-03,6.724894339764586615e-03,6.744778699470266314e-03,6.766231672933109564e-03,6.788889392091101982e-03,6.812406201565868180e-03,6.836466310175204342e-03,6.860785806473923554e-03,6.885111270270360961e-03,6.909217236505171833e-03,6.932903399233691921e-03,6.955991913255021863e-03,6.978324929352630601e-03,6.999762402787046423e-03,7.020180172728374135e-03,7.039468292906692071e-03,7.057529587979394226e-03,7.074278409411050017e-03,7.089639566552730088e-03,7.103547411169641723e-03,7.115945056668293578e-03,7.126783716020490544e-03,7.136022144971554404e-03,7.143626179447637448e-03,7.149568358077063035e-03,7.153827622565500644e-03,7.156389090235359962e-03,7.157243894487463898e-03,7.156389090235137918e-03,7.153827622565556155e-03,7.149568358076563435e-03,7.143626179447581936e-03,7.136022144972387071e-03,7.126783716019380321e-03,7.115945056669070734e-03,7.103547411168864567e-03,7.089639566552285999e-03,7.074278409411605129e-03,7.057529587979949337e-03,7.039468292907080649e-03,7.020180172728263113e-03,6.999762402787934601e-03,6.978324929352075490e-03,6.955991913255021863e-03,6.932903399233525388e-03,6.909217236505171833e-03,6.885111270270749539e-03,6.860785806472646797e-03,6.836466310174982297e-03,6.812406201565479602e-03,6.788889392091490560e-03,6.766231672932221386e-03,6.744778699471265515e-03,6.724894339764198037e-03,6.706919293324675735e-03,6.691014489722535430e-03,6.676216451015237752e-03,6.653927504036427631e-03,6.653758955863176006e-03,6.663229643197321472e-03,6.682665508934704235e-03,6.713642535532693412e-03,6.758385330848271089e-03,6.819766471783283990e-03,6.901433848850835329e-03,7.008019450204516776e-03,7.145436763846380046e-03,7.321293450929078350e-03,7.545458825769846278e-03,7.830837770452347968e-03,8.194446496857910045e-03,8.658829262251366288e-03,9.253891737168729037e-03,1.001903197509901311e-02,1.100498991280168815e-02,1.227352592026348388e-02,1.388973442196694830e-02,1.589429144786358439e-02,1.822917238569599085e-02,2.057914620427303554e-02,2.214213284324123565e-02,2.160457669486917642e-02,1.797841112307724254e-02,1.215652941903366813e-02,6.755709280879845791e-03,3.555448070842348596e-03,2.357544688173271452e-03,2.195264955649672833e-03,2.365112737239452589e-03,2.556188372192541580e-03
9.549019607843137747e-01,3.054316469511722532e-03,2.740044998339408178e-03,2.285410591780515088e-03,2.733563286102067003e-03,7.853568356460310929e-03,2.159511405394812233e-02,4.204649128634901922e-02,6.601966002518344645e-02,8.451482307057617271e-02,8.126153954812870284e-02,6.157879437140678647e-02,4.294323207031097711e-02,3.042883624181741409e-02,2.262167111430013478e-02,1.769967516317549894e-02,1.449242860110550035e-02,1.232668758470673032e-02,1.081625743853897870e-02,9.733503593749526228e-03,8.939505724437690759e-03,8.346470807127637226e-03,7.897076392756441354e-03,7.552777038616509397e-03,7.286953029135179172e-03,7.080778311148339110e-03,6.920658473248408882e-03,6.796592460300454608e-03,6.701104836920990238e-03,6.628537876345430568e-03,6.574582691042274440e-03,6.535992448721938963e-03,6.510526054023024756e-03,6.498090797642852579e-03,6.510113486984436815e-03,6.513342184876147467e-03,6.519386694360918000e-03,6.528631904986204049e-03,6.540706374692062397e-03,6.555127631233836905e-03,6.571423206383653071e-03,6.589160901908364121e-03,6.607954761127188270e-03,6.627463406720546235e-03,6.647386009539457685e-03,6.667457761005302075e-03,6.687445539295622243e-03,6.707144006242671264e-03,6.726372189409968172e-03,6.744970530913607654e-03,6.762798357697941132e-03,6.779731721349713247e-03,6.795661557291776678e-03,6.810492118220656810e-03,6.824139642767290681e-03,6.836531226165343256e-03,6.847603865176854487e-03,6.857303654215385347e-03,6.865585113706718090e-03,6.872410635190062678e-03,6.877750030706786255e-03,6.881580176538781846e-03,6.883884743617729729e-03,6.884654008876833764e-03,6.883884743617396662e-03,6.881580176539003890e-03,6.877750030706952789e-03,6.872410635189896144e-03,6.865585113707384224e-03,6.857303654215385347e-03,6.847603865175910798e-03,6.836531226164621611e-03,6.824139642768067837e-03,6.810492118222100100e-03,6.795661557290888499e-03,6.779731721349879781e-03,6.762798357697052953e-03,6.744970530914107254e-03,6.726372189409690616e-03,6.707144006241727574e-03,6.687445539296177355e-03,6.667457761005135541e-03,6.647386009540123819e-03,6.627463406720157657e-03,6.607954761127354804e-03,6.589160901908697188e-03,6.571423206384152671e-03,6.555127631233392815e-03,6.540706374691174219e-03,6.528631904985704448e-03,6.519386694360751466e-03,6.513342184876425023e-03,6.510113486984214770e-03,6.498090797641797867e-03,6.510526054022580666e-03,6.535992448722105497e-03,6.574582691042274440e-03,6.628537876345430568e-03,6.701104836919824503e-03,6.796592460300399097e-03,6.920658473248797460e-03,7.080778311148672177e-03,7.286953029133957926e-03,7.552777038616731442e-03,7.897076392756052776e-03,8.346470807128969494e-03,8.939505724437690759e-03,9.733503593749692762e-03,1.081625743853792398e-02,1.232668758470695236e-02,1.449242860110272479e-02,1.769967516317366707e-02,2.262167111430113398e-02,3.042883624181486057e-02,4.294323207032385570e-02,6.157879437141206003e-02,8.126153954814446800e-02,8.451482307054974941e-02,6.601966002518744325e-02,4.204649128634777022e-02,2.159511405394817785e-02,7.853568356458104360e-03,2.733563286102441703e-03,2.285410591780084877e-03,2.740044998339394300e-03,3.054316469512735610e-03
9.573529411764706287e-01,4.708415449984057477e-03,3.984612937372095098e-03,2.406236342795645133e-03,2.415983223324563722e-03,3.794817137237088689e-03,5.808727315207429243e-03,8.672657983452194963e-03,1.323568045488111855e-02,2.136088062282404110e-02,3.693030036142959383e-02,6.422566334888765716e-02,8.611739256910810880e-02,7.047732156172736850e-02,4.563288709013380018e-02,3.011168336269004486e-02,2.148288280851212706e-02,1.649041291404368392e-02,1.341848051812039033e-02,1.142066580126843700e-02,1.006143720028013222e-02,9.102993358621802589e-03,8.407906003077447732e-03,7.892680582813060841e-03,7.504335312179144513e-03,7.207986086604334375e-03,6.979917799160517689e-03,6.803559898304889497e-03,6.667061126180151565e-03,6.561784588324126588e-03,6.481360348939813054e-03,6.421116495838763427e-03,6.377924103434629011e-03,6.353041784791846336e-03,6.352003189956212381e-03,6.343002373242090375e-03,6.338575360273324133e-03,6.338619321511418381e-03,6.342526867930575740e-03,6.349648332344859369e-03,6.359382384356460083e-03,6.371194613747077629e-03,6.384616821413946486e-03,6.399240828927732494e-03,6.414711149124063816e-03,6.430717972987776143e-03,6.446990927123530390e-03,6.463293686589266507e-03,6.479419392551755141e-03,6.495186780625605838e-03,6.510436918988504740e-03,6.525030462664893616e-03,6.538845342260068971e-03,6.551774817993460953e-03,6.563725841442824560e-03,6.574617677479743794e-03,6.584380747505891307e-03,6.592955662249710969e-03,6.600292418347641910e-03,6.606349737968864044e-03,6.611094534845429749e-03,6.614501493645952301e-03,6.616552752590876274e-03,6.617237681850407505e-03,6.616552752590876274e-03,6.614501493646285368e-03,6.611094534845041171e-03,6.606349737968975067e-03,6.600292418347919465e-03,6.592955662249933013e-03,6.584380747506057840e-03,6.574617677478911126e-03,6.563725841442991094e-03,6.551774817994349132e-03,6.538845342259735904e-03,6.525030462665282194e-03,6.510436918987894117e-03,6.495186780625716860e-03,6.479419392551588608e-03,6.463293686589377529e-03,6.446990927122642212e-03,6.430717972987498587e-03,6.414711149123009104e-03,6.399240828928676184e-03,6.384616821413613419e-03,6.371194613746966606e-03,6.359382384354961282e-03,6.349648332344859369e-03,6.342526867930575740e-03,6.338619321512251048e-03,6.338575360274212311e-03,6.343002373241701797e-03,6.352003189956989537e-03,6.353041784791457758e-03,6.377924103434851055e-03,6.421116495838707916e-03,6.481360348940479188e-03,6.561784588324626188e-03,6.667061126180262587e-03,6.803559898305444609e-03,6.979917799160739733e-03,7.207986086604833975e-03,7.504335312178200823e-03,7.892680582811950618e-03,8.407906003077503243e-03,9.102993358620914410e-03,1.006143720028163102e-02,1.142066580126843700e-02,1.341848051811955767e-02,1.649041291405090037e-02,2.148288280850924048e-02,3.011168336269165469e-02,4.563288709013857414e-02,7.047732156172892282e-02,8.611739256910894147e-02,6.422566334889873163e-02,3.693030036142840034e-02,2.136088062282619215e-02,1.323568045487663603e-02,8.672657983452070063e-03,5.808727315208761510e-03,3.794817137237574411e-03,2.415983223324008611e-03,2.406236342795547989e-03,3.984612937373219199e-03,4.708415449986527723e-03
9.598039215686275938e-01,5.494922871923157981e-03,2.878017791903858535e-03,1.957199327105807463e-03,1.974983483913839155e-03,2.358208942084841220e-03,2.962830374277872214e-03,3.822290630079216989e-03,5.089545238376111391e-03,7.094767902857068709e-03,1.054167137067127391e-02,1.699963126445251660e-02,2.983185349045300305e-02,5.252624999325158917e-02,6.897194828463715233e-02,5.516948202425597803e-02,3.617767092776336124e-02,2.453884156143015804e-02,1.801414066517070811e-02,1.418745104788282640e-02,1.180142248626331325e-02,1.023137545519553493e-02,9.152385082220659829e-03,8.385046733021594978e-03,7.824590509009576866e-03,7.406738778192256678e-03,7.090349444888011110e-03,6.848118479494569311e-03,6.661361828614487113e-03,6.516969362688418421e-03,6.405579755661583441e-03,6.320514644445607289e-03,6.257460153545890691e-03,6.227989060467120641e-03,6.202828853479280813e-03,6.180681369621021659e-03,6.165031419766986431e-03,6.155301434470406008e-03,6.150609656295380478e-03,6.150106458500614881e-03,6.153036405763145922e-03,6.158743684438083843e-03,6.166663240250946920e-03,6.176308910872230218e-03,6.187261942470489995e-03,6.199160859248153965e-03,6.211692844776517397e-03,6.224586523325359444e-03,6.237605953025304739e-03,6.250545637877025218e-03,6.263226385141540398e-03,6.275491860705306735e-03,6.287205720324373637e-03,6.298249217051632431e-03,6.308519203919782381e-03,6.317926466559431464e-03,6.326394333037221873e-03,6.333857518519669938e-03,6.340261170719840855e-03,6.345560088964918855e-03,6.349718095272294249e-03,6.352707540590585289e-03,6.354508933233971035e-03,6.355110679972519883e-03,6.354508933234359613e-03,6.352707540590418755e-03,6.349718095272183227e-03,6.345560088964141698e-03,6.340261170721006589e-03,6.333857518518948293e-03,6.326394333037110851e-03,6.317926466559820042e-03,6.308519203919449314e-03,6.298249217051632431e-03,6.287205720324040570e-03,6.275491860704363045e-03,6.263226385141096308e-03,6.250545637876858684e-03,6.237605953025304739e-03,6.224586523324526777e-03,6.211692844776739442e-03,6.199160859247709876e-03,6.187261942471267151e-03,6.176308910871897151e-03,6.166663240251335498e-03,6.158743684437306687e-03,6.153036405763645522e-03,6.150106458500004258e-03,6.150609656295158434e-03,6.155301434470406008e-03,6.165031419767263987e-03,6.180681369620244503e-03,6.202828853479613880e-03,6.227989060467231663e-03,6.257460153546667847e-03,6.320514644445773822e-03,6.405579755662915709e-03,6.516969362690028245e-03,6.661361828616430003e-03,6.848118479495735045e-03,7.090349444888455199e-03,7.406738778191701567e-03,7.824590509010576067e-03,8.385046733020318221e-03,9.152385082220493295e-03,1.023137545519503533e-02,1.180142248626403489e-02,1.418745104788171618e-02,1.801414066516687784e-02,2.453884156142649431e-02,3.617767092774859528e-02,5.516948202427607306e-02,6.897194828463493188e-02,5.252624999324279065e-02,2.983185349045444634e-02,1.699963126445293293e-02,1.054167137067085758e-02,7.094767902858165054e-03,5.089545238374806879e-03,3.822290630079286378e-03,2.962830374277344858e-03,2.358208942084077941e-03,1.974983483914560800e-03,1.957199327106223796e-03,2.878017791903331180e-03,5.494922871923407781e-03
9.622549019607844478e-01,3.024346519347839712e-03,2.045048601089352602e-03,1.789940258796793304e-03,1.829237860620516742e-03,2.011944605807308717e-03,2.296766566042302005e-03,2.692385219248735750e-03,3.245230658500505849e-03,4.052447751377252771e-03,5.304547364295017498e-03,7.389131411170438146e-03,1.114036415690808357e-02,1.839179961051193302e-02,3.240081209054604394e-02,5.155131269731233479e-02,5.402216031125672835e-02,3.899325614196735845e-02,2.635738703216228274e-02,1.891791940001363859e-02,1.459793070402393145e-02,1.195800284834158678e-02,1.025358782984925332e-02,9.100428102374658046e-03,8.290343846443504194e-03,7.704183493787819526e-03,7.270200246700275759e-03,6.943230596062444082e-03,6.693745047527843717e-03,6.501818888362875803e-03,6.353693597802800852e-03,6.239835169337848431e-03,6.154360175608497574e-03,6.111160751078092979e-03,6.067136906778458627e-03,6.030716917243383879e-03,6.002976753904820661e-03,5.982828391898509235e-03,5.969062562258042881e-03,5.960587885328993973e-03,5.956463443312798312e-03,5.955888537076292621e-03,5.958183596673882754e-03,5.962771102197617079e-03,5.969158833049936774e-03,5.976925812964051232e-03,5.985710726922388591e-03,5.995202439047331300e-03,6.005132241794719494e-03,6.015267513395317067e-03,6.025406515615450154e-03,6.035374114887470665e-03,6.045018253028555666e-03,6.054207029121683181e-03,6.062826282391298172e-03,6.070777588480957832e-03,6.077976599407286518e-03,6.084351671724164135e-03,6.089842738799922106e-03,6.094400392250232112e-03,6.097985144989936934e-03,6.100566854484457124e-03,6.102124289832866477e-03,6.102644830693781941e-03,6.102124289832033810e-03,6.100566854483513435e-03,6.097985144990270001e-03,6.094400392249565979e-03,6.089842738799922106e-03,6.084351671723220445e-03,6.077976599406897940e-03,6.070777588480735787e-03,6.062826282390465504e-03,6.054207029121350114e-03,6.045018253028777711e-03,6.035374114887304131e-03,6.025406515615228109e-03,6.015267513395428089e-03,6.005132241794719494e-03,5.995202439047497833e-03,5.985710726921000813e-03,5.976925812964328788e-03,5.969158833050602908e-03,5.962771102197284012e-03,5.958183596673327642e-03,5.955888537075793021e-03,5.956463443313075867e-03,5.960587885329216018e-03,5.969062562258931059e-03,5.982828391900063547e-03,6.002976753905098217e-03,6.030716917243661435e-03,6.067136906779180272e-03,6.111160751078259512e-03,6.154360175607775929e-03,6.239835169338847631e-03,6.353693597803355964e-03,6.501818888364208071e-03,6.693745047528898429e-03,6.943230596062555104e-03,7.270200246700830871e-03,7.704183493789262815e-03,8.290343846444170328e-03,9.100428102374269468e-03,1.025358782984964190e-02,1.195800284834164229e-02,1.459793070402343185e-02,1.891791940002052197e-02,2.635738703215750878e-02,3.899325614196358369e-02,5.402216031126616524e-02,5.155131269730378607e-02,3.240081209054893052e-02,1.839179961050943501e-02,1.114036415690455861e-02,7.389131411171256936e-03,5.304547364297543255e-03,4.052447751376961338e-03,3.245230658499756449e-03,2.692385219248139006e-03,2.296766566042260371e-03,2.011944605806670339e-03,1.829237860620863687e-03,1.789940258796376971e-03,2.045048601089421991e-03,3.024346519347603790e-03
9.647058823529413019e-01,2.105328214437637846e-03,1.766370137466360957e-03,1.686602382565668967e-03,1.730161191631288120e-03,1.844985001687921011e-03,2.014848876013275447e-03,2.242736498082723018e-03,2.547192141166276791e-03,2.966409754912538443e-03,3.571253172641383755e-03,4.494888362773660773e-03,5.999626641992564235e-03,8.631920735483175622e-03,1.356844522334420267e-02,2.308253869837555150e-02,3.835869606493519379e-02,4.737099593662519315e-02,3.859279517891867073e-02,2.684622411300863210e-02,1.918862320756031803e-02,1.466316523724459087e-02,1.190783463442279810e-02,1.014329595947593976e-02,8.958962519329705110e-03,8.132546312638766484e-03,7.537715564363556275e-03,7.099061066126677311e-03,6.769537611816089928e-03,6.518670386738034672e-03,6.326142019193792265e-03,6.178301907276140259e-03,6.067237496854671619e-03,6.006113503299936873e-03,5.942271751140815184e-03,5.890102734367741455e-03,5.849156469310112794e-03,5.817756808779106503e-03,5.794295241785207828e-03,5.777384980925004410e-03,5.765860213556350811e-03,5.758746307475637316e-03,5.755227605267865254e-03,5.754619074507805188e-03,5.756342829474347944e-03,5.759909110610639260e-03,5.764900988852683650e-03,5.770962077597863171e-03,5.777786641055326911e-03,5.785111604268311503e-03,5.792710073356299727e-03,5.800386059041651166e-03,5.807970163489772908e-03,5.815316042854346001e-03,5.822297498658590698e-03,5.828806082625703766e-03,5.834749124260574238e-03,5.840048109664486287e-03,5.844637355242043864e-03,5.848462931932751907e-03,5.851481805296154803e-03,5.853661164559043062e-03,5.854977920234927247e-03,5.855418355367347782e-03,5.854977920234594180e-03,5.853661164558265906e-03,5.851481805294822536e-03,5.848462931932307818e-03,5.844637355242099375e-03,5.840048109665818554e-03,5.834749124260019126e-03,5.828806082625315188e-03,5.822297498659201320e-03,5.815316042853846401e-03,5.807970163489550863e-03,5.800386059042428322e-03,5.792710073355911149e-03,5.785111604267034746e-03,5.777786641056159578e-03,5.770962077597474593e-03,5.764900988852295072e-03,5.759909110612471128e-03,5.756342829475069589e-03,5.754619074507416610e-03,5.755227605267310143e-03,5.758746307475470783e-03,5.765860213557683078e-03,5.777384980924726854e-03,5.794295241784597206e-03,5.817756808778995481e-03,5.849156469310612394e-03,5.890102734368241055e-03,5.942271751142036429e-03,6.006113503299437273e-03,6.067237496854449574e-03,6.178301907276084748e-03,6.326142019193237154e-03,6.518670386737202005e-03,6.769537611815312772e-03,7.099061066126621800e-03,7.537715564364000365e-03,8.132546312637656261e-03,8.958962519330537777e-03,1.014329595947455198e-02,1.190783463442479650e-02,1.466316523724003895e-02,1.918862320755876372e-02,2.684622411301040845e-02,3.859279517890823463e-02,4.737099593662918995e-02,3.835869606493774731e-02,2.308253869837058325e-02,1.356844522334604841e-02,8.631920735480927420e-03,5.999626641995089993e-03,4.494888362773119539e-03,3.571253172642743778e-03,2.966409754911858432e-03,2.547192141166748636e-03,2.242736498083833241e-03,2.014848876013122791e-03,1.844985001687213244e-03,1.730161191631815476e-03,1.686602382565016711e-03,1.766370137466763413e-03,2.105328214437915402e-03
9.671568627450981559e-01,1.753290991724804071e-03,1.618792630289619949e-03,1.600058954205577089e-03,1.644203789056025711e-03,1.728738473203109138e-03,1.845932999371829863e-03,1.996947751412569971e-03,2.190467916812738336e-03,2.444296687490327136e-03,2.790307906598135657e-03,3.285145739607239768e-03,4.032764302023136849e-03,5.233498204869346804e-03,7.294571274824718232e-03,1.107222982978450787e-02,1.823464116232986765e-02,3.026688623553674962e-02,4.041476780632591304e-02,3.627316906763111692e-02,2.627501615681937519e-02,1.892598537208645126e-02,1.443812216559015038e-02,1.168605070529826762e-02,9.924320466469571667e-03,8.744704451854934391e-03,7.923714656291436231e-03,7.334120009729439005e-03,6.900129950944855484e-03,6.574659878078703557e-03,6.327450471842466229e-03,6.138830852509991054e-03,5.998500251983229781e-03,5.914633448573791696e-03,5.828780467435623613e-03,5.758997276152533207e-03,5.703460935222226524e-03,5.659784971032810752e-03,5.625865796330509205e-03,5.599951939370573228e-03,5.580602765233089180e-03,5.566633446643431959e-03,5.557065644460901233e-03,5.551087117713848773e-03,5.548019591623154501e-03,5.547293419985666052e-03,5.548427618912221693e-03,5.551014086767724898e-03,5.554705075334231967e-03,5.559203189971828607e-03,5.564253365248406080e-03,5.569636392402654845e-03,5.575163673643468432e-03,5.580672953306498041e-03,5.586024832598235346e-03,5.591099918073383357e-03,5.595796487047388634e-03,5.600028578805704704e-03,5.603724440312485289e-03,5.606825270696891295e-03,5.609284221203603149e-03,5.611065617214194834e-03,5.612144377129313355e-03,5.612505609671525342e-03,5.612144377128425177e-03,5.611065617214805457e-03,5.609284221203547638e-03,5.606825270696724761e-03,5.603724440311930177e-03,5.600028578804705504e-03,5.595796487046889034e-03,5.591099918073494379e-03,5.586024832598235346e-03,5.580672953305831907e-03,5.575163673644190077e-03,5.569636392402488312e-03,5.564253365249405281e-03,5.559203189971995140e-03,5.554705075334676057e-03,5.551014086767613875e-03,5.548427618911222492e-03,5.547293419986165652e-03,5.548019591622099789e-03,5.551087117714070818e-03,5.557065644460734699e-03,5.566633446643598493e-03,5.580602765232756113e-03,5.599951939370573228e-03,5.625865796330897783e-03,5.659784971032255640e-03,5.703460935222559591e-03,5.758997276153310363e-03,5.828780467435012991e-03,5.914633448574679875e-03,5.998500251983340803e-03,6.138830852509269409e-03,6.327450471842299695e-03,6.574659878077371289e-03,6.900129950944466906e-03,7.334120009729050427e-03,7.923714656292935032e-03,8.744704451855322969e-03,9.924320466467073665e-03,1.168605070529943335e-02,1.443812216559337003e-02,1.892598537208534104e-02,2.627501615683147662e-02,3.627316906763877746e-02,4.041476780631636512e-02,3.026688623552331592e-02,1.823464116233063093e-02,1.107222982978182946e-02,7.294571274823760665e-03,5.233498204868167192e-03,4.032764302022456837e-03,3.285145739608461013e-03,2.790307906597427889e-03,2.444296687489549980e-03,2.190467916811864035e-03,1.996947751412278538e-03,1.845932999372010275e-03,1.728738473203844661e-03,1.644203789055165288e-03,1.600058954205493822e-03,1.618792630289439538e-03,1.753290991725331427e-03
9.696078431372550099e-01,1.565841121099711963e-03,1.512760584648734086e-03,1.520216090665355013e-03,1.563765802853334108e-03,1.632138178006406481e-03,1.721149567448010398e-03,1.831254751201286113e-03,1.966951303972924725e-03,2.137493718803770704e-03,2.359075772885313449e-03,2.659365190841617155e-03,3.086543665652183299e-03,3.727779852018789364e-03,4.748566967629722080e-03,6.479233018819377521e-03,9.599640890856894759e-03,1.541601317603505383e-02,2.524915867630533883e-02,3.476357187899820067e-02,3.321412733330852962e-02,2.499899730435395373e-02,1.825565863867228966e-02,1.398089509792854734e-02,1.132455577930968627e-02,9.616049517392810664e-03,8.470252300432246084e-03,7.672480710082141275e-03,7.099623807414301435e-03,6.678199266449191818e-03,6.362709976168778869e-03,6.124593201478290005e-03,5.952596083592720522e-03,5.837972427878534987e-03,5.727156678900668929e-03,5.637527627569027810e-03,5.565784870764034498e-03,5.508658645751618455e-03,5.463425287972611955e-03,5.427880900199577585e-03,5.400248087757020254e-03,5.379087631304624306e-03,5.363226611003191202e-03,5.351702301367222692e-03,5.343718880490622158e-03,5.338614047807388463e-03,5.335833181577820383e-03,5.334909215694572104e-03,5.335446866131410282e-03,5.337110183131710262e-03,5.339612663226023237e-03,5.342709346204010945e-03,5.346190463238975621e-03,5.349876306968648354e-03,5.353613072173246668e-03,5.357269474178250057e-03,5.360733996113753452e-03,5.363912649836932722e-03,5.366727161061735085e-03,5.369113509300638132e-03,5.371020768940526491e-03,5.372410210307987377e-03,5.373254629777612923e-03,5.373537886402601771e-03,5.373254629777668434e-03,5.372410210307820844e-03,5.371020768940804047e-03,5.369113509301859377e-03,5.366727161061901619e-03,5.363912649836377611e-03,5.360733996113087318e-03,5.357269474177028812e-03,5.353613072172191956e-03,5.349876306968870399e-03,5.346190463239641755e-03,5.342709346204455034e-03,5.339612663226356304e-03,5.337110183131710262e-03,5.335446866130744148e-03,5.334909215695016194e-03,5.335833181578486517e-03,5.338614047807388463e-03,5.343718880490566647e-03,5.351702301366778602e-03,5.363226611003413247e-03,5.379087631303847150e-03,5.400248087757741899e-03,5.427880900200299230e-03,5.463425287972945021e-03,5.508658645751673966e-03,5.565784870763812453e-03,5.637527627567973099e-03,5.727156678900446884e-03,5.837972427877646808e-03,5.952596083592720522e-03,6.124593201476458137e-03,6.362709976167835180e-03,6.678199266447359950e-03,7.099623807413579790e-03,7.672480710081697186e-03,8.470252300432135062e-03,9.616049517392200041e-03,1.132455577931079649e-02,1.398089509792610485e-02,1.825565863867439909e-02,2.499899730436216938e-02,3.321412733330264544e-02,3.476357187899581369e-02,2.524915867630417310e-02,1.541601317603914778e-02,9.599640890856922515e-03,6.479233018818184031e-03,4.748566967629541669e-03,3.727779852018497930e-03,3.086543665652571877e-03,2.659365190841575521e-03,2.359075772885799172e-03,2.137493718802840892e-03,1.966951303974381893e-03,1.831254751201161213e-03,1.721149567448634898e-03,1.632138178006947715e-03,1.563765802852792874e-03,1.520216090665493791e-03,1.512760584648747963e-03,1.565841121100128297e-03
9.720588235294118640e-01,1.445761773299331088e-03,1.430987499995886592e-03,1.451322206763236422e-03,1.494007175809941579e-03,1.552773750849140155e-03,1.625136637531610084e-03,1.711240884206752244e-03,1.813571400557864588e-03,1.937305938972677666e-03,2.091382176802644710e-03,2.290651084256356551e-03,2.559988192229287196e-03,2.942261653599842486e-03,3.514357837171896981e-03,4.420782437463438574e-03,5.946091970495726020e-03,8.665122919569265281e-03,1.365721064772350279e-02,2.201732214408122501e-02,3.050330426344893819e-02,3.017147223537508527e-02,2.341818218850932887e-02,1.737724576780119712e-02,1.341071857086884034e-02,1.090631051310331223e-02,9.282690089270129175e-03,8.189109004779038248e-03,7.425831338430999295e-03,6.877143995433598889e-03,6.473831575085242651e-03,6.173971123641597281e-03,5.978090583901973787e-03,5.810663271134164365e-03,5.670720976756582488e-03,5.558239905258111069e-03,5.468146764618042610e-03,5.396036525042668952e-03,5.338390261726277952e-03,5.292430342376308605e-03,5.255957596107363461e-03,5.227217973661990591e-03,5.204800397109576870e-03,5.187559810237440949e-03,5.174559275221146670e-03,5.165026187562427040e-03,5.158318925041927017e-03,5.153901236584546020e-03,5.151322411250436328e-03,5.150201798560183342e-03,5.150216632933857230e-03,5.151092389151012974e-03,5.152595093979694951e-03,5.154525163150402989e-03,5.156712438477428773e-03,5.159012178031774365e-03,5.161301810464313800e-03,5.163478308411129092e-03,5.165456069222529312e-03,5.167165216835023500e-03,5.168550258524640117e-03,5.169569046050981331e-03,5.170192003268903047e-03,5.170401592813900216e-03,5.170192003268125891e-03,5.169569046050870309e-03,5.168550258524806651e-03,5.167165216834690433e-03,5.165456069224194646e-03,5.163478308411240114e-03,5.161301810464091755e-03,5.159012178032218454e-03,5.156712438478538996e-03,5.154525163150680545e-03,5.152595093979861485e-03,5.151092389150790929e-03,5.150216632935300520e-03,5.150201798560571920e-03,5.151322411249048550e-03,5.153901236583935397e-03,5.158318925042537639e-03,5.165026187562371529e-03,5.174559275220647070e-03,5.187559810238329128e-03,5.204800397107578469e-03,5.227217973660769346e-03,5.255957596107807550e-03,5.292430342376031049e-03,5.338390261726388974e-03,5.396036525042946508e-03,5.468146764617376476e-03,5.558239905257333913e-03,5.670720976755971865e-03,5.810663271134164365e-03,5.978090583903306054e-03,6.173971123641763814e-03,6.473831575083799361e-03,6.877143995433376844e-03,7.425831338430721740e-03,8.189109004779204781e-03,9.282690089270073663e-03,1.090631051310420041e-02,1.341071857086728603e-02,1.737724576780297348e-02,2.341818218850644229e-02,3.017147223536820189e-02,3.050330426345504442e-02,2.201732214408524957e-02,1.365721064771743820e-02,8.665122919565559911e-03,5.946091970498390555e-03,4.420782437464187975e-03,3.514357837170467569e-03,2.942261653598690629e-03,2.559988192230105986e-03,2.290651084256120629e-03,2.091382176802186743e-03,1.937305938972955222e-03,1.813571400557531521e-03,1.711240884206835511e-03,1.625136637531318651e-03,1.552773750848057688e-03,1.494007175810177501e-03,1.451322206762917233e-03,1.430987499995747814e-03,1.445761773299442110e-03
9.745098039215687180e-01,1.354231751081555468e-03,1.359451487156951299e-03,1.386504578007083377e-03,1.428123032782169233e-03,1.480547155485650856e-03,1.542194803005630943e-03,1.613068590521460344e-03,1.694601971038850463e-03,1.789846781003662235e-03,1.904036739290820845e-03,2.045699508313084114e-03,2.228708584723987363e-03,2.476091989413189975e-03,2.827321907625884867e-03,3.352835234884318782e-03,4.184120165694318882e-03,5.577437128444176495e-03,8.041737556037695245e-03,1.250467439246072399e-02,1.984150143392715560e-02,2.727698873544659453e-02,2.736076269594378552e-02,2.170399695410329954e-02,1.636017600058692345e-02,1.274844292531518430e-02,1.043083255382160068e-02,8.913847329863777702e-03,7.886017569469883082e-03,7.166157378441284642e-03,6.648364312556831468e-03,6.270640384474945872e-03,6.027330830770838421e-03,5.811727650505915665e-03,5.637292116097425421e-03,5.498180041676459240e-03,5.387060241392793714e-03,5.298048646039665854e-03,5.226601601985181311e-03,5.169213160984009736e-03,5.123156596804623319e-03,5.086289479501349131e-03,5.056910651090817943e-03,5.033655551949234308e-03,5.015419167446633075e-03,5.001298799699904762e-03,4.990551139919530144e-03,4.982559742741976549e-03,4.976810140525811388e-03,4.972870626201997268e-03,4.970377285018423574e-03,4.969022243135778893e-03,4.968544375837380400e-03,4.968721914634155468e-03,4.969366534602726038e-03,4.970318606896673153e-03,4.971443377718098855e-03,4.972627891900061048e-03,4.973778522008587277e-03,4.974818996397956106e-03,4.975688844810144396e-03,4.976342199654704146e-03,4.976746906897366873e-03,4.976883913208218768e-03,4.976746906897089318e-03,4.976342199654149034e-03,4.975688844810144396e-03,4.974818996397345483e-03,4.973778522007865632e-03,4.972627891900449626e-03,4.971443377717599255e-03,4.970318606896229063e-03,4.969366534603003593e-03,4.968721914633045245e-03,4.968544375836991822e-03,4.969022243135501338e-03,4.970377285019478286e-03,4.972870626203662603e-03,4.976810140526755077e-03,4.982559742742365128e-03,4.990551139919807699e-03,5.001298799699349651e-03,5.015419167447132676e-03,5.033655551948568174e-03,5.056910651090262832e-03,5.086289479500905042e-03,5.123156596804290253e-03,5.169213160983621158e-03,5.226601601984903755e-03,5.298048646040387499e-03,5.387060241394125981e-03,5.498180041676403729e-03,5.637292116097036843e-03,5.811727650505915665e-03,6.027330830771837622e-03,6.270640384475278939e-03,6.648364312558219247e-03,7.166157378440229930e-03,7.886017569469661037e-03,8.913847329862556457e-03,1.043083255381704877e-02,1.274844292531296386e-02,1.636017600058303767e-02,2.170399695410774044e-02,2.736076269594378552e-02,2.727698873544531777e-02,1.984150143392393595e-02,1.250467439245940560e-02,8.041737556038305867e-03,5.577437128443829550e-03,4.184120165695859317e-03,3.352835234884818383e-03,2.827321907624510966e-03,2.476091989413967132e-03,2.228708584723848585e-03,2.045699508314111070e-03,1.904036739291223301e-03,1.789846781003828768e-03,1.694601971039225163e-03,1.613068590521793411e-03,1.542194803004978687e-03,1.480547155486150457e-03,1.428123032782585566e-03,1.386504578007277666e-03,1.359451487157659066e-03,1.354231751081208524e-03
9.769607843137255720e-01,1.277145259103107389e-03,1.293452894001956288e-03,1.324021257547741692e-03,1.364431357898349129e-03,1.412295353317605251e-03,1.466551095794951798e-03,1.527136259657169148e-03,1.594901442903348676e-03,1.671715548955801656e-03,1.760781554184145947e-03,1.867248979229768624e-03,1.999313405636568564e-03,2.170186390544392996e-03,2.401711427191338677e-03,2.731240322937464327e-03,3.225250318804148697e-03,4.007280076347000120e-03,5.316072623078052506e-03,7.617998476663820351e-03,1.173242650482139715e-02,1.832657555778785530e-02,2.478310573904846104e-02,2.485425372316030224e-02,1.999359557861124514e-02,1.528823710639914957e-02,1.203896668320758589e-02,9.922372263743262089e-03,8.522984913948428165e-03,7.568789555640220712e-03,6.898880422748665531e-03,6.421410397029259087e-03,6.113586781878177501e-03,5.840683733231932795e-03,5.624666176353043667e-03,5.454036342114054747e-03,5.318473282647229183e-03,5.210134099301377830e-03,5.123139088065664648e-03,5.053048653532288270e-03,4.996470551407117267e-03,4.950779604109944998e-03,4.913918946545303701e-03,4.884258173542044279e-03,4.860491008069289798e-03,4.841560587853066533e-03,4.826604251466137807e-03,4.814912253753078630e-03,4.805896552129040877e-03,4.799066961279296883e-03,4.794012761527188804e-03,4.790388388903721317e-03,4.787902213068795376e-03,4.786307675743062262e-03,4.785396252257823058e-03,4.784991835672713911e-03,4.784946242717524889e-03,4.785135614139457427e-03,4.785457536926884803e-03,4.785828756975085696e-03,4.786183382381126172e-03,4.786471501977640486e-03,4.786658163076218386e-03,4.786722668115694912e-03,4.786658163076107364e-03,4.786471501977973553e-03,4.786183382380182483e-03,4.785828756974641607e-03,4.785457536926551736e-03,4.785135614140512139e-03,4.784946242717691423e-03,4.784991835674490268e-03,4.785396252256102212e-03,4.786307675742063061e-03,4.787902213068850887e-03,4.790388388904720518e-03,4.794012761527743915e-03,4.799066961278741772e-03,4.805896552128763322e-03,4.814912253752912097e-03,4.826604251465693718e-03,4.841560587853732667e-03,4.860491008068901220e-03,4.884258173540934056e-03,4.913918946544082456e-03,4.950779604109722953e-03,4.996470551406340110e-03,5.053048653532232759e-03,5.123139088065109537e-03,5.210134099300378629e-03,5.318473282647673273e-03,5.454036342113943725e-03,5.624666176354542468e-03,5.840683733232321373e-03,6.113586781879010168e-03,6.421410397030480333e-03,6.898880422750053309e-03,7.568789555640609290e-03,8.522984913948206120e-03,9.922372263742151866e-03,1.203896668320525443e-02,1.528823710639337641e-02,1.999359557859659020e-02,2.485425372316207859e-02,2.478310573905423420e-02,1.832657555778344216e-02,1.173242650481899629e-02,7.617998476661641538e-03,5.316072623077108816e-03,4.007280076344946207e-03,3.225250318804301353e-03,2.731240322937242282e-03,2.401711427192559922e-03,2.170186390544573407e-03,1.999313405636166108e-03,1.867248979229338413e-03,1.760781554185131270e-03,1.671715548957036779e-03,1.594901442903695621e-03,1.527136259656641792e-03,1.466551095794618731e-03,1.412295353317410962e-03,1.364431357898543418e-03,1.324021257547353114e-03,1.293452894002469766e-03,1.277145259101872266e-03
9.794117647058824261e-01,1.208189698526235256e-03,1.230846308709648840e-03,1.263139075512828557e-03,1.302244761349352631e-03,1.346578241640597473e-03,1.395396233877368997e-03,1.448608640686258053e-03,1.506726991975598784e-03,1.570926272899245135e-03,1.643230214269972289e-03,1.726865866957860707e-03,1.826886127643465030e-03,1.951252926044227953e-03,2.112756520948791406e-03,2.332525102452395749e-03,2.646676879100751112e-03,3.119431035067593561e-03,3.869794839071891146e-03,5.126109643327492194e-03,7.326782080542312836e-03,1.120745230642920809e-02,1.722922296507004014e-02,2.277245152035906051e-02,2.261097982924620275e-02,1.833746879543440844e-02,1.420358674593391601e-02,1.130757023482087398e-02,9.396005934107276580e-03,8.120150512430313050e-03,7.246247672014538566e-03,6.640716162309379111e-03,6.245226688578631169e-03,5.901760813667777938e-03,5.635147983958810336e-03,5.426958997001296581e-03,5.262830095918824558e-03,5.132301431519659118e-03,5.027741796748586012e-03,4.943510243475002230e-03,4.875372897895025037e-03,4.820103707564526996e-03,4.775209437444971616e-03,4.738737848696106258e-03,4.709141956338092072e-03,4.685182562246426041e-03,4.665857281548446700e-03,4.650348171660045882e-03,4.637982607391899492e-03,4.628203715404566321e-03,4.620547796116702965e-03,4.614626915590169798e-03,4.610115367336520276e-03,4.606739063388265443e-03,4.604267166897380026e-03,4.602505458584871256e-03,4.601291059117273985e-03,4.600488224058729703e-03,4.599984997820105725e-03,4.599690565130987174e-03,4.599533178035408731e-03,4.599458566736436271e-03,4.599428766508095734e-03,4.599421312030893549e-03,4.599428766508040223e-03,4.599458566735992182e-03,4.599533178034798109e-03,4.599690565130709619e-03,4.599984997820716348e-03,4.600488224058341125e-03,4.601291059117329496e-03,4.602505458585981479e-03,4.604267166897935137e-03,4.606739063389209132e-03,4.610115367335687608e-03,4.614626915589392642e-03,4.620547796116203365e-03,4.628203715405454499e-03,4.637982607391955003e-03,4.650348171659102192e-03,4.665857281547558522e-03,4.685182562247924842e-03,4.709141956338036561e-03,4.738737848695884214e-03,4.775209437444860594e-03,4.820103707565137618e-03,4.875372897893415214e-03,4.943510243475335297e-03,5.027741796749751746e-03,5.132301431521768542e-03,5.262830095918880069e-03,5.426958996998354490e-03,5.635147983958588291e-03,5.901760813668333050e-03,6.245226688578187080e-03,6.640716162310489334e-03,7.246247672016981056e-03,8.120150512431312251e-03,9.396005934105611246e-03,1.130757023481776535e-02,1.420358674593624748e-02,1.833746879543018959e-02,2.261097982923554461e-02,2.277245152035178855e-02,1.722922296505671746e-02,1.120745230642784807e-02,7.326782080543298159e-03,5.126109643328061183e-03,3.869794839072265846e-03,3.119431035067427027e-03,2.646676879098808222e-03,2.332525102452409627e-03,2.112756520949249373e-03,1.951252926043200997e-03,1.826886127644034019e-03,1.726865866957583151e-03,1.643230214269167377e-03,1.570926272899522691e-03,1.506726991975959606e-03,1.448608640686049887e-03,1.395396233878326564e-03,1.346578241640389306e-03,1.302244761349380386e-03,1.263139075512481613e-03,1.230846308708205550e-03,1.208189698526720979e-03
9.818627450980392801e-01,1.143711945141928643e-03,1.169966087182852665e-03,1.202884939621354232e-03,1.240594487842319738e-03,1.282005538787781007e-03,1.326580920721825985e-03,1.374221779794473908e-03,1.425235795740595335e-03,1.480374734203648845e-03,1.540947222882851908e-03,1.609032273724900208e-03,1.687847362902492043e-03,1.782373378121093754e-03,1.900429782287910152e-03,2.054574602480291334e-03,2.265569630313032934e-03,2.568946819116846303e-03,3.027907280218761210e-03,3.759368830924411653e-03,4.986159829231590068e-03,7.127935178135799688e-03,1.084876462271741615e-02,1.639627030258389295e-02,2.107592537643765418e-02,2.058992421989680466e-02,1.676931116370516950e-02,1.314108131182478711e-02,1.057767219137439874e-02,8.867357562150179895e-03,7.718726589407864935e-03,6.953567395536208728e-03,6.431179217886551225e-03,5.998975013130958267e-03,5.670010255842905522e-03,5.416569759821077135e-03,5.218735595125312265e-03,5.062517023006196659e-03,4.937968270100401291e-03,4.837892083624895090e-03,4.756984148787224420e-03,4.691266941057870010e-03,4.637709826043723282e-03,4.593969763445282517e-03,4.558211226780961578e-03,4.528979024726709213e-03,4.505107054370183217e-03,4.485651865318518450e-03,4.469843626395186842e-03,4.457049480758423776e-03,4.446745843758648231e-03,4.438497241668504234e-03,4.431939994411382422e-03,4.426769528562302103e-03,4.422730442442179832e-03,4.419608681319464605e-03,4.417225348997078083e-03,4.415431803505676100e-03,4.414105773361320928e-03,4.413148296387003899e-03,4.412481332470685746e-03,4.412045939130471162e-03,4.411800928059705917e-03,4.411721944182656063e-03,4.411800928059039784e-03,4.412045939131359340e-03,4.412481332471629436e-03,4.413148296387392477e-03,4.414105773361376439e-03,4.415431803505676100e-03,4.417225348996522971e-03,4.419608681319686649e-03,4.422730442442734944e-03,4.426769528561969036e-03,4.431939994411215888e-03,4.438497241668504234e-03,4.446745843758759253e-03,4.457049480758534798e-03,4.469843626394742753e-03,4.485651865317519249e-03,4.505107054369461572e-03,4.528979024726098590e-03,4.558211226779962377e-03,4.593969763444782917e-03,4.637709826043334704e-03,4.691266941057592454e-03,4.756984148788889755e-03,4.837892083625450201e-03,4.937968270100678847e-03,5.062517023007084838e-03,5.218735595124146531e-03,5.416569759821909802e-03,5.670010255841684277e-03,5.998975013129903555e-03,6.431179217886662247e-03,6.953567395535598106e-03,7.718726589406643690e-03,8.867357562147959449e-03,1.057767219137295545e-02,1.314108131182112338e-02,1.676931116370283803e-02,2.058992421989702670e-02,2.107592537644348285e-02,1.639627030258111740e-02,1.084876462271511244e-02,7.127935178133398830e-03,4.986159829225692008e-03,3.759368830923232041e-03,3.027907280218622432e-03,2.568946819117554070e-03,2.265569630313088445e-03,2.054574602481248902e-03,1.900429782287396674e-03,1.782373378120039042e-03,1.687847362903102666e-03,1.609032273724678164e-03,1.540947222883351508e-03,1.480374734204287224e-03,1.425235795741552902e-03,1.374221779794418397e-03,1.326580920722450485e-03,1.282005538787572840e-03,1.240594487842056060e-03,1.202884939621021165e-03,1.169966087183157977e-03,1.143711945141984154e-03
9.843137254901961342e-01,1.085258990796394984e-03,1.113373983717455551e-03,1.146224497276110421e-03,1.182519893959801949e-03,1.221486658373086009e-03,1.262725664115352253e-03,1.306141020024145782e-03,1.351919871467141543e-03,1.400556234372199449e-03,1.452922495831676653e-03,1.510403513272209897e-03,1.575124175313746822e-03,1.650327640996290812e-03,1.741010503300305379e-03,1.855010018475392042e-03,2.004924788103976119e-03,2.211621458316478939e-03,2.510874039468743990e-03,2.966371187205218973e-03,3.695753701806595015e-03,4.921544421276000114e-03,7.053064287650581687e-03,1.068895284151299974e-02,1.584403314272875285e-02,1.970969529343991056e-02,1.886313086315039023e-02,1.538460530191643194e-02,1.218096512507327311e-02,9.910926470591108206e-03,8.388701869439629810e-03,7.442217036264020535e-03,6.706951316120868256e-03,6.158189295966232102e-03,5.749073470267151986e-03,5.438734194235517183e-03,5.199374734909945062e-03,5.012087788264341093e-03,4.863768878297591858e-03,4.745137311171376826e-03,4.649481023789869827e-03,4.571850149122813622e-03,4.508528895935670633e-03,4.456682604723871677e-03,4.414117158046959588e-03,4.379111882909181297e-03,4.350301457688443563e-03,4.326591098550158776e-03,4.307094738395522704e-03,4.291089348982535245e-03,4.277980769171241260e-03,4.267277850743933509e-03,4.258572697281470809e-03,4.251525423231539147e-03,4.245852307208919374e-03,4.241316524401017585e-03,4.237720862118043996e-03,4.234901978887817275e-03,4.232725880718324341e-03,4.231084371080828799e-03,4.229892292883064009e-03,4.229085427360335103e-03,4.228618950844253987e-03,4.228466378912665302e-03,4.228618950843254787e-03,4.229085427359946525e-03,4.229892292883785654e-03,4.231084371080495732e-03,4.232725880718823941e-03,4.234901978887817275e-03,4.237720862118377063e-03,4.241316524401461674e-03,4.245852307208419774e-03,4.251525423231872214e-03,4.258572697280027519e-03,4.267277850743156353e-03,4.277980769171907394e-03,4.291089348981980134e-03,4.307094738396299860e-03,4.326591098551380021e-03,4.350301457688832141e-03,4.379111882907626985e-03,4.414117158048347367e-03,4.456682604724093721e-03,4.508528895935892677e-03,4.571850149121425844e-03,4.649481023790646983e-03,4.745137311171543359e-03,4.863768878296259590e-03,5.012087788264951715e-03,5.199374734910611195e-03,5.438734194234684516e-03,5.749073470266097274e-03,6.158189295967675392e-03,6.706951316119535988e-03,7.442217036264131558e-03,8.388701869437187320e-03,9.910926470591108206e-03,1.218096512507038653e-02,1.538460530192009568e-02,1.886313086314628240e-02,1.970969529343469251e-02,1.584403314272864183e-02,1.068895284150997438e-02,7.053064287648014297e-03,4.921544421276319303e-03,3.695753701805387648e-03,2.966371187204344673e-03,2.510874039468480312e-03,2.211621458316187505e-03,2.004924788104142652e-03,1.855010018474448352e-03,1.741010503300263745e-03,1.650327640996568368e-03,1.575124175314301933e-03,1.510403513272348675e-03,1.452922495831412975e-03,1.400556234372740683e-03,1.351919871467099910e-03,1.306141020024575994e-03,1.262725664115948998e-03,1.221486658374307255e-03,1.182519893960093382e-03,1.146224497276221443e-03,1.113373983717955151e-03,1.085258990796575396e-03
9.867647058823529882e-01,1.025630736384508523e-03,1.054637341064521006e-03,1.086987998362029528e-03,1.121779633589170544e-03,1.158454261816918573e-03,1.196710060051633939e-03,1.236455850652698474e-03,1.277798003635088886e-03,1.321055648190280762e-03,1.366806511971005444e-03,1.415972320926300876e-03,1.469961843543435287e-03,1.530904915648598208e-03,1.602036117595476150e-03,1.688336394466360968e-03,1.797633357997333037e-03,1.942547178080164527e-03,2.144050945377701245e-03,2.438217679796322868e-03,2.889412595220450242e-03,3.616463657656013297e-03,4.842415476707648270e-03,6.966309610660262330e-03,1.051383314514633960e-02,1.525101598504141620e-02,1.831214546346449090e-02,1.715723119483480996e-02,1.401453588809409290e-02,1.122005284019378379e-02,9.249128793616279154e-03,8.020505199515692851e-03,7.054995514049200445e-03,6.360019512200665304e-03,5.852949468280632672e-03,5.474902536898362815e-03,5.187362618226054600e-03,4.964862815469983648e-03,4.790176390045641774e-03,4.651362864286523457e-03,4.539950418449956171e-03,4.449797472983740843e-03,4.376363800346894095e-03,4.316233198661145742e-03,4.266794038909338393e-03,4.226021064669516214e-03,4.192323506917949860e-03,4.164437501598505786e-03,4.141348658803056804e-03,4.122235510760297039e-03,4.106427652580679766e-03,4.093374379380954053e-03,4.082620928638314162e-03,4.073790307032698621e-03,4.066569270600672859e-03,4.060697432429760667e-03,4.055958754544841671e-03,4.052174880447123595e-03,4.049199907715628211e-03,4.046916304015546473e-03,4.045231746383937121e-03,4.044076721122447093e-03,4.043402765531223242e-03,4.043181267310458349e-03,4.043402765531722842e-03,4.044076721122724649e-03,4.045231746383992633e-03,4.046916304015768517e-03,4.049199907716016789e-03,4.052174880447845240e-03,4.055958754545396783e-03,4.060697432430371290e-03,4.066569270601061437e-03,4.073790307032532088e-03,4.082620928639979496e-03,4.093374379381509165e-03,4.106427652580957322e-03,4.122235510759519883e-03,4.141348658802668226e-03,4.164437501598727831e-03,4.192323506918393949e-03,4.226021064669238658e-03,4.266794038909060838e-03,4.316233198660868187e-03,4.376363800346727562e-03,4.449797472983962887e-03,4.539950418449789638e-03,4.651362864286245902e-03,4.790176390046363419e-03,4.964862815472148583e-03,5.187362618224833355e-03,5.474902536896697480e-03,5.852949468279522449e-03,6.360019512199222014e-03,7.054995514048201244e-03,8.020505199514471606e-03,9.249128793615390975e-03,1.122005284019289562e-02,1.401453588808987405e-02,1.715723119483603121e-02,1.831214546346149330e-02,1.525101598504291500e-02,1.051383314514264811e-02,6.966309610659957019e-03,4.842415476710715261e-03,3.616463657658275377e-03,2.889412595220283708e-03,2.438217679795018356e-03,2.144050945378062067e-03,1.942547178080719639e-03,1.797633357996930581e-03,1.688336394467082613e-03,1.602036117596267184e-03,1.530904915649070053e-03,1.469961843543712843e-03,1.415972320926370265e-03,1.366806511971310756e-03,1.321055648190599952e-03,1.277798003634728063e-03,1.236455850652504185e-03,1.196710060051911495e-03,1.158454261816349584e-03,1.121779633589892189e-03,1.086987998362015650e-03,1.054637341065076117e-03,1.025630736385105268e-03
9.892156862745098422e-01,9.720780098334269592e-04,1.001204913180162026e-03,1.032751467647030630e-03,1.066067043590565588e-03,1.100738960671518440e-03,1.136534957558735237e-03,1.173373513932651768e-03,1.211315127639986389e-03,1.250572560900997665e-03,1.291541453887226631e-03,1.334856904483844309e-03,1.381487208045012460e-03,1.432884637457221277e-03,1.491228190247870233e-03,1.559820329132044492e-03,1.643750088521758745e-03,1.751032434450822128e-03,1.894628187782784745e-03,2.096147816046139978e-03,2.392875387669288201e-03,2.851462874812429882e-03,3.594775803601346631e-03,4.851021262552088209e-03,7.013671869288945482e-03,1.052775831262878214e-02,1.488187056514000961e-02,1.719014769721116664e-02,1.575926565926588641e-02,1.289074472860340936e-02,1.045478455044623889e-02,8.838397017816523871e-03,7.563584689799007776e-03,6.669944138529282363e-03,6.031909917834310519e-03,5.565104874354465103e-03,5.215639886031908645e-03,4.948716762633365018e-03,4.741332229922512465e-03,4.577881464251642996e-03,4.447508964355417760e-03,4.342484596451645640e-03,4.257185331572932441e-03,4.187441448786854981e-03,4.130106940211542010e-03,4.082771010726793381e-03,4.043560364240861293e-03,4.011001150382276226e-03,3.983920899665982507e-03,3.961377760270834436e-03,3.942608697168170639e-03,3.926991074001795479e-03,3.914013822258977093e-03,3.903255576275799221e-03,3.894367937797793555e-03,3.887062567180243899e-03,3.881101166088862797e-03,3.876287673643785681e-03,3.872462180404157017e-03,3.869496195674781980e-03,3.867288999508389225e-03,3.865764881949951270e-03,3.864871126098456955e-03,3.864576633707927922e-03,3.864871126097513265e-03,3.865764881949229625e-03,3.867288999508111669e-03,3.869496195674504424e-03,3.872462180404045995e-03,3.876287673643952214e-03,3.881101166087586041e-03,3.887062567180132877e-03,3.894367937797071910e-03,3.903255576275910244e-03,3.914013822259809761e-03,3.926991074002572635e-03,3.942608697167893084e-03,3.961377760271056481e-03,3.983920899667869886e-03,4.011001150382831337e-03,4.043560364240861293e-03,4.082771010727848093e-03,4.130106940211208943e-03,4.187441448785134135e-03,4.257185331571655684e-03,4.342484596451534618e-03,4.447508964356472472e-03,4.577881464251087884e-03,4.741332229924233310e-03,4.948716762634142174e-03,5.215639886030076777e-03,5.565104874354909192e-03,6.031909917834865631e-03,6.669944138527506006e-03,7.563584689800340044e-03,8.838397017815302625e-03,1.045478455044857036e-02,1.289074472860751719e-02,1.575926565926433209e-02,1.719014769720661473e-02,1.488187056513651241e-02,1.052775831263341733e-02,7.013671869289334060e-03,4.851021262554780500e-03,3.594775803603192377e-03,2.851462874812429882e-03,2.392875387671022924e-03,2.096147816046500800e-03,1.894628187782576578e-03,1.751032434451613162e-03,1.643750088522716313e-03,1.559820329132197148e-03,1.491228190247897989e-03,1.432884637457790267e-03,1.381487208045831250e-03,1.334856904484538198e-03,1.291541453887615210e-03,1.250572560901691554e-03,1.211315127639708833e-03,1.173373513932193801e-03,1.136534957558985037e-03,1.100738960671851507e-03,1.066067043590190888e-03,1.032751467646780830e-03,1.001204913180217537e-03,9.720780098342457487e-04
9.916666666666666963e-01,9.224363826244030840e-04,9.513348493172119058e-04,9.819818561484366937e-04,1.013900788483651505e-03,1.046781804175819786e-03,1.080443596147978580e-03,1.114813993300364792e-03,1.149923985596740250e-03,1.185914797350778871e-03,1.223058755225520100e-03,1.261797568175571094e-03,1.302805096145373542e-03,1.347086932015933991e-03,1.396138086629833408e-03,1.452195661899177703e-03,1.518651751276745010e-03,1.600745077420320794e-03,1.706753114798134630e-03,1.850112648997606635e-03,2.053319076087772865e-03,2.355329072042014471e-03,2.825945670781759844e-03,3.593610012376652341e-03,4.893786527352173010e-03,7.113595059455968261e-03,1.060030808863116070e-02,1.454930078940624982e-02,1.615694886398288954e-02,1.453845506812634358e-02,1.199256714583651906e-02,9.923760249915924980e-03,8.257881646257292374e-03,7.104630436728376353e-03,6.296384544379751702e-03,5.716188229353380557e-03,5.289221668658750097e-03,4.967845454057262522e-03,4.721169257460855473e-03,4.528658279451758251e-03,4.376303869429276627e-03,4.254310207856548676e-03,4.155669190958555248e-03,4.075261954563036415e-03,4.009278900396540113e-03,3.954836700750086198e-03,3.909719912123965635e-03,3.872203161186749121e-03,3.840926519915022208e-03,3.814806681889326700e-03,3.792972676649353225e-03,3.774718689148026662e-03,3.759468992712400315e-03,3.746751588996566351e-03,3.736178195147654701e-03,3.727428921155406805e-03,3.720240459388624021e-03,3.714396939740793879e-03,3.709722836600704010e-03,3.706077479537273067e-03,3.703350839672880923e-03,3.701460351987650998e-03,3.700348600336522686e-03,3.699981743313485172e-03,3.700348600335856553e-03,3.701460351987595487e-03,3.703350839671659678e-03,3.706077479536440400e-03,3.709722836600704010e-03,3.714396939740904902e-03,3.720240459387569310e-03,3.727428921155517827e-03,3.736178195147210612e-03,3.746751588997121463e-03,3.759468992713121960e-03,3.774718689148304218e-03,3.792972676649575270e-03,3.814806681889770790e-03,3.840926519915188742e-03,3.872203161185860942e-03,3.909719912124187680e-03,3.954836700750252731e-03,4.009278900397039713e-03,4.075261954563313971e-03,4.155669190958721781e-03,4.254310207855993564e-03,4.376303869430775428e-03,4.528658279453312563e-03,4.721169257460633428e-03,4.967845454057817633e-03,5.289221668657417830e-03,5.716188229354823847e-03,6.296384544380195791e-03,7.104630436726933063e-03,8.257881646259179753e-03,9.923760249915036802e-03,1.199256714583307737e-02,1.453845506812934119e-02,1.615694886397955887e-02,1.454930078940674942e-02,1.060030808863438034e-02,7.113595059451138791e-03,4.893786527352075866e-03,3.593610012373474327e-03,2.825945670782509245e-03,2.355329072042069982e-03,2.053319076087356532e-03,1.850112648997689901e-03,1.706753114797981974e-03,1.600745077421306117e-03,1.518651751276328676e-03,1.452195661899219337e-03,1.396138086629750141e-03,1.347086932015448268e-03,1.302805096145109864e-03,1.261797568175654360e-03,1.223058755225173155e-03,1.185914797350917649e-03,1.149923985595782683e-03,1.114813993300267647e-03,1.080443596148200625e-03,1.046781804175306307e-03,1.013900788483609872e-03,9.819818561477011709e-04,9.513348493176698728e-04,9.224363826233900054e-04
9.941176470588235503e-01,8.739674732830965409e-04,9.023722182230214939e-04,9.320194348427374154e-04,9.625566853797562494e-04,9.937490054008346618e-04,1.025453775605283946e-03,1.057607017872275179e-03,1.090220108207431982e-03,1.123384349796127668e-03,1.157285426321194577e-03,1.192229610429168529e-03,1.228686351308252989e-03,1.267355049868496009e-03,1.309269263056078714e-03,1.355960843111111980e-03,1.409722921467099210e-03,1.474040694880413005e-03,1.554315652364426925e-03,1.659119094800834415e-03,1.802431252630451453e-03,2.007772921948605682e-03,2.316060155928473252e-03,2.800808685514688534e-03,3.596985984544318060e-03,4.948035370233069830e-03,7.230350770613069855e-03,1.067174500942308368e-02,1.418310552523666113e-02,1.518767359038486475e-02,1.365143862731521551e-02,1.123089680623079456e-02,9.144211563553605870e-03,7.671450045758532177e-03,6.647760937427138472e-03,5.924795572409213840e-03,5.401859614315385194e-03,5.014398923425367194e-03,4.721008744675181390e-03,4.494625138157959388e-03,4.317120461972523415e-03,4.176043937253015592e-03,4.062636766018312695e-03,3.970599750821368623e-03,3.895310701363785544e-03,3.833315953440219470e-03,3.781992609745987721e-03,3.739319472507995901e-03,3.703718664821387119e-03,3.673944162813636005e-03,3.649002055009453738e-03,3.628092643852165455e-03,3.610567835861888675e-03,3.595899401412971930e-03,3.583655077338265826e-03,3.573480409089779819e-03,3.565084851708699709e-03,3.558231075097340046e-03,3.552726715221998788e-03,3.548418021900923147e-03,3.545185003625994646e-03,3.542937779218213734e-03,3.541613927705800080e-03,3.541176690234459912e-03,3.541613927704800879e-03,3.542937779219046401e-03,3.545185003624884423e-03,3.548418021901644792e-03,3.552726715221721232e-03,3.558231075097284535e-03,3.565084851707756020e-03,3.573480409088947152e-03,3.583655077338043782e-03,3.595899401411861707e-03,3.610567835862332764e-03,3.628092643852054433e-03,3.649002055008565559e-03,3.673944162812359249e-03,3.703718664822830409e-03,3.739319472508439990e-03,3.781992609746376299e-03,3.833315953440441515e-03,3.895310701363896566e-03,3.970599750821757201e-03,4.062636766019200874e-03,4.176043937253681726e-03,4.317120461972911993e-03,4.494625138157681832e-03,4.721008744675903035e-03,5.014398923424256971e-03,5.401859614314719060e-03,5.924795572408547706e-03,6.647760937426916428e-03,7.671450045758754221e-03,9.144211563548054755e-03,1.123089680623001740e-02,1.365143862731199587e-02,1.518767359038508680e-02,1.418310552523610601e-02,1.067174500942413840e-02,7.230350770610682876e-03,4.948035370234485364e-03,3.596985984542777626e-03,2.800808685513217489e-03,2.316060155929111630e-03,2.007772921948119960e-03,1.802431252630132263e-03,1.659119094800168281e-03,1.554315652364801625e-03,1.474040694881745273e-03,1.409722921466322054e-03,1.355960843110404213e-03,1.309269263055842791e-03,1.267355049867593952e-03,1.228686351308475033e-03,1.192229610428682807e-03,1.157285426321874588e-03,1.123384349795614190e-03,1.090220108207584637e-03,1.057607017871872723e-03,1.025453775606616214e-03,9.937490054007652729e-04,9.625566853805334055e-04,9.320194348420574038e-04,9.023722182233268052e-04,8.739674732825969405e-04
9.965686274509805154e-01,8.275303862897154250e-04,8.552004044041772168e-04,8.837447638156831209e-04,9.129001187266200246e-04,9.424868067747504963e-04,9.723919299064048838e-04,1.002560382033237940e-03,1.032991990640622082e-03,1.063745610361696570e-03,1.094948928891045781e-03,1.126816842043132372e-03,1.159681015136596050e-03,1.194035651253713692e-03,1.230608005536010241e-03,1.270467752439982667e-03,1.315199137481459779e-03,1.367177377130934790e-03,1.430023023610643707e-03,1.509369120608450299e-03,1.614195177711927331e-03,1.759220721336496318e-03,1.969337758848097031e-03,2.288046319713257781e-03,2.793695337841975435e-03,3.629592235768877573e-03,5.048807326932330808e-03,7.412149957512520482e-03,1.080652913386059844e-02,1.390371381295107955e-02,1.473299811187755992e-02,1.258902423943897286e-02,1.023504638350980489e-02,8.409328099120427780e-03,7.117764241606927555e-03,6.212658294982520424e-03,5.567771043791358565e-03,5.097525788260948154e-03,4.746633402374134114e-03,4.479297829744210979e-03,4.271909257083650324e-03,4.108524467824448134e-03,3.978114241540320339e-03,3.872871076106454424e-03,3.787149269204259650e-03,3.716786547941219876e-03,3.658660216883991012e-03,3.610390492319037747e-03,3.570138190819194257e-03,3.536464162874952688e-03,3.508229931991957429e-03,3.484526344830540801e-03,3.464621596094064060e-03,3.447922874990072550e-03,3.433947737348286289e-03,3.422302524973719340e-03,3.412665965321304284e-03,3.404776634113815259e-03,3.398423341636147565e-03,3.393437767485851797e-03,3.389688856174799536e-03,3.387078621615413621e-03,3.385539108746615788e-03,3.385030336792049788e-03,3.385539108747115389e-03,3.387078621616135266e-03,3.389688856174744025e-03,3.393437767485518730e-03,3.398423341636813699e-03,3.404776634113648726e-03,3.412665965320915706e-03,3.422302524975218141e-03,3.433947737348452822e-03,3.447922874989739483e-03,3.464621596094064060e-03,3.484526344830707334e-03,3.508229931992346007e-03,3.536464162873897976e-03,3.570138190818750168e-03,3.610390492319037747e-03,3.658660216885045724e-03,3.716786547941386409e-03,3.787149269205036806e-03,3.872871076107120558e-03,3.978114241539931761e-03,4.108524467823893023e-03,4.271909257083594813e-03,4.479297829744044446e-03,4.746633402373912070e-03,5.097525788261392243e-03,5.567771043790581409e-03,6.212658294981521223e-03,7.117764241605595288e-03,8.409328099124202538e-03,1.023504638350980489e-02,1.258902423944474602e-02,1.473299811187023245e-02,1.390371381294486230e-02,1.080652913385382607e-02,7.412149957511049436e-03,5.048807326928639316e-03,3.629592235767628572e-03,2.793695337841572979e-03,2.288046319712619403e-03,1.969337758848957454e-03,1.759220721335663651e-03,1.614195177711705287e-03,1.509369120607631509e-03,1.430023023611157185e-03,1.367177377131059690e-03,1.315199137481945502e-03,1.270467752440024300e-03,1.230608005535926974e-03,1.194035651253630426e-03,1.159681015135888282e-03,1.126816842042799305e-03,1.094948928890990270e-03,1.063745610361169214e-03,1.032991990639497981e-03,1.002560382032890995e-03,9.723919299056832388e-04,9.424868067749309075e-04,9.129001187273416695e-04,8.837447638156414875e-04,8.552004044041772168e-04,8.275303862899374696e-04
9.990196078431373694e-01,7.823846013880475514e-04,8.091493582042807997e-04,8.365145065958728976e-04,8.642822364522684264e-04,8.923146579143947932e-04,9.205223833158443503e-04,9.488585314450653785e-04,9.773168251421826547e-04,1.005934569706906645e-03,1.034799843016312448e-03,1.064064530139546827e-03,1.093965164390031664e-03,1.124854887668808034e-03,1.157252088722152128e-03,1.191914792649365062e-03,1.229955900130641488e-03,1.273024902861866203e-03,1.323600623718335090e-03,1.385474515052220745e-03,1.464570620589383809e-03,1.570378591612270336e-03,1.718537375862555505e-03,1.935637707916437744e-03,2.268368823392930000e-03,2.801006704155617477e-03,3.686907922537674409e-03,5.189920550096982499e-03,7.650147254573802513e-03,1.101858782206749376e-02,1.378124080875864355e-02,1.340535733454728540e-02,1.138383114805396890e-02,9.309412967791641513e-03,7.721520456821950873e-03,6.593225687425263715e-03,5.795564817954068637e-03,5.222072604524008455e-03,4.800457740362862324e-03,4.483605723390571285e-03,4.240712134957802526e-03,4.051269927293543738e-03,3.901315328764420887e-03,3.781117503136532942e-03,3.683743972673680922e-03,3.604153939145593455e-03,3.538613274353230587e-03,3.484308987960316184e-03,3.439089889835211800e-03,3.401288729307783143e-03,3.369597996227713388e-03,3.342981742294970360e-03,3.320612019487800826e-03,3.301822430348766435e-03,3.286073765701780225e-03,3.272928312766321124e-03,3.262030475882360392e-03,3.253092061771822863e-03,3.245881064443678632e-03,3.240213119022283816e-03,3.235945028891795694e-03,3.232969938981367086e-03,3.231213851319969521e-03,3.230633271998017975e-03,3.231213851321246278e-03,3.232969938982033220e-03,3.235945028892461828e-03,3.240213119022505861e-03,3.245881064444233743e-03,3.253092061771989396e-03,3.262030475882138347e-03,3.272928312766154590e-03,3.286073765701613691e-03,3.301822430349266035e-03,3.320612019488577982e-03,3.342981742293971159e-03,3.369597996227324810e-03,3.401288729307450076e-03,3.439089889835544867e-03,3.484308987961370896e-03,3.538613274353175076e-03,3.604153939146426122e-03,3.683743972673958478e-03,3.781117503137254587e-03,3.901315328763588219e-03,4.051269927292489026e-03,4.240712134957802526e-03,4.483605723392791731e-03,4.800457740362862324e-03,5.222072604523231298e-03,5.795564817953846593e-03,6.593225687425929848e-03,7.721520456822172918e-03,9.309412967793861959e-03,1.138383114805896490e-02,1.340535733454761846e-02,1.378124080876441671e-02,1.101858782206477372e-02,7.650147254568473443e-03,5.189920550099993979e-03,3.686907922535440085e-03,2.801006704155284410e-03,2.268368823391042621e-03,1.935637707915674466e-03,1.718537375863055106e-03,1.570378591612436869e-03,1.464570620589314420e-03,1.385474515052095845e-03,1.323600623719334290e-03,1.273024902861921714e-03,1.229955900130308422e-03,1.191914792649295673e-03,1.157252088722166006e-03,1.124854887668835790e-03,1.093965164389726352e-03,1.064064530138728037e-03,1.034799843016381837e-03,1.005934569707198079e-03,9.773168251420855102e-04,9.488585314453568120e-04,9.205223833155806723e-04,8.923146579132706924e-04,8.642822364524765932e-04,8.365145065958035087e-04,8.091493582049191780e-04,7.823846013872703953e-04
1.001470588235294112e+00,7.411520726667980563e-04,7.669962479476682971e-04,7.932346663264283615e-04,8.197180822169941594e-04,8.463402905712485991e-04,8.730304308396941160e-04,8.997489009937853499e-04,9.264865848773728985e-04,9.532663028162663421e-04,9.801489286556525071e-04,1.007242468476526875e-03,1.034717082821726142e-03,1.062827819496750537e-03,1.091948814274143476e-03,1.122624935529240031e-03,1.155650639961619541e-03,1.192192308000869505e-03,1.233981763986216618e-03,1.283629354240950482e-03,1.345143363430167938e-03,1.424815970074141958e-03,1.532780143431528019e-03,1.685831388604480674e-03,1.912693870539744490e-03,2.264057594993040823e-03,2.831621218405952489e-03,3.781302913208578476e-03,5.391152985941893849e-03,7.996363897221830941e-03,1.115559268060922760e-02,1.289034174526137999e-02,1.221401254465326325e-02,1.031132206256923922e-02,8.487879196129477499e-03,7.106876857893906774e-03,6.120558206928694567e-03,5.417045383475427300e-03,4.906668088383026038e-03,4.528395501134596657e-03,4.242098574729014082e-03,4.021280410749672463e-03,3.848136477142549694e-03,3.710441380601448014e-03,3.599612748377611915e-03,3.509496913973841892e-03,3.435594400417685268e-03,3.374556071638445953e-03,3.323848653497996075e-03,3.281528274622025343e-03,3.246084260209614047e-03,3.216329501398607071e-03,3.191322276567654104e-03,3.170309687165306922e-03,3.152686196801646190e-03,3.137962893149159882e-03,3.125744480828862581e-03,3.115711934057796562e-03,3.107609357896223834e-03,3.101234031751165521e-03,3.096428904649006775e-03,3.093077021803669613e-03,3.091097514349938624e-03,3.090442897966949598e-03,3.091097514349383513e-03,3.093077021803891657e-03,3.096428904648673708e-03,3.101234031750998987e-03,3.107609357896723434e-03,3.115711934057519006e-03,3.125744480828640537e-03,3.137962893148660282e-03,3.152686196802700902e-03,3.170309687165140389e-03,3.191322276567043481e-03,3.216329501398107471e-03,3.246084260211390404e-03,3.281528274621525743e-03,3.323848653497996075e-03,3.374556071637890842e-03,3.435594400418462424e-03,3.509496913973175758e-03,3.599612748377389870e-03,3.710441380602669259e-03,3.848136477141272938e-03,4.021280410751670864e-03,4.242098574729125104e-03,4.528395501134707679e-03,4.906668088383026038e-03,5.417045383475094233e-03,6.120558206928028433e-03,7.106876857894017796e-03,8.487879196132142035e-03,1.031132206256712980e-02,1.221401254465104280e-02,1.289034174525627297e-02,1.115559268061200315e-02,7.996363897217667605e-03,5.391152985939437481e-03,3.781302913207024163e-03,2.831621218406660256e-03,2.264057594992249789e-03,1.912693870540271845e-03,1.685831388603453718e-03,1.532780143430889641e-03,1.424815970073128879e-03,1.345143363429265881e-03,1.283629354240728437e-03,1.233981763985952940e-03,1.192192308000633583e-03,1.155650639961536275e-03,1.122624935527907764e-03,1.091948814274823487e-03,1.062827819495557047e-03,1.034717082821851042e-03,1.007242468476832187e-03,9.801489286564296632e-04,9.532663028169185981e-04,9.264865848775810653e-04,8.997489009933412607e-04,8.730304308398745272e-04,8.463402905708738988e-04,8.197180822171606929e-04,7.932346663263867281e-04,7.669962479472519634e-04,7.411520726659653890e-04
1.003921568627450966e+00,7.018606289111162244e-04,7.267649542805482143e-04,7.519020624394689989e-04,7.771595985553714225e-04,8.024558854019397947e-04,8.277347970488818651e-04,8.529630613645228232e-04,8.781298853457186748e-04,9.032484603153229097e-04,9.283596135730431964e-04,9.535395048002187623e-04,9.789099709123089132e-04,1.004654972321411543e-03,1.031044918239923391e-03,1.058472975179636233e-03,1.087509790433177637e-03,1.118987159614212579e-03,1.154128236171905741e-03,1.194754389540850226e-03,1.243621553388973844e-03,1.304981389278883630e-03,1.385544230074226002e-03,1.496181810521898803e-03,1.655031855341951297e-03,1.893320570753920240e-03,2.266482704060351905e-03,2.875162758012750341e-03,3.901297178671769839e-03,5.655809571062986318e-03,8.152639489650503890e-03,1.082710025183086788e-02,1.201373536160310618e-02,1.108892904518676836e-02,9.329572631319615894e-03,7.736918097388301163e-03,6.540059212525428656e-03,5.680288435016778159e-03,5.061505219728479332e-03,4.608552087032147249e-03,4.270120549681677424e-03,4.012170941707804417e-03,3.812004165115512322e-03,3.654224431512920201e-03,3.528171016470071919e-03,3.426304251813228063e-03,3.343182993889526333e-03,3.274806386922901602e-03,3.218182090930055139e-03,3.171037520283526145e-03,3.131623047222087397e-03,3.098575464871911045e-03,3.070821672376711220e-03,3.047509691340266613e-03,3.027958574581046669e-03,3.011621589892710116e-03,2.998058881155396538e-03,2.986917002692823786e-03,2.977913518729613518e-03,2.970825399670196099e-03,2.965480319211732940e-03,2.961750218217762409e-03,2.959546689494385596e-03,2.958817876910768696e-03,2.959546689494774174e-03,2.961750218217540365e-03,2.965480319211288851e-03,2.970825399670973255e-03,2.977913518729669029e-03,2.986917002692435208e-03,2.998058881156395739e-03,3.011621589891766426e-03,3.027958574581324225e-03,3.047509691340710702e-03,3.070821672377654910e-03,3.098575464872854734e-03,3.131623047222087397e-03,3.171037520283581657e-03,3.218182090929999628e-03,3.274806386922457513e-03,3.343182993888249577e-03,3.426304251812672952e-03,3.528171016468795163e-03,3.654224431513752869e-03,3.812004165117066634e-03,4.012170941706916238e-03,4.270120549677902666e-03,4.608552087035255873e-03,5.061505219725481730e-03,5.680288435015889981e-03,6.540059212526649901e-03,7.736918097382750048e-03,9.329572631313953757e-03,1.108892904518554712e-02,1.201373536160565969e-02,1.082710025182964664e-02,8.152639489649449178e-03,5.655809571064873698e-03,3.901297178671145338e-03,2.875162758012889119e-03,2.266482704059963327e-03,1.893320570752254905e-03,1.655031855341784763e-03,1.496181810521746147e-03,1.385544230073851302e-03,1.304981389278744852e-03,1.243621553388987722e-03,1.194754389541044515e-03,1.154128236171711452e-03,1.118987159613907267e-03,1.087509790432400480e-03,1.058472975179150510e-03,1.031044918240062169e-03,1.004654972321369910e-03,9.789099709121562576e-04,9.535395048007183627e-04,9.283596135739591304e-04,9.032484603153367875e-04,8.781298853458990861e-04,8.529630613630795333e-04,8.277347970487153317e-04,8.024558854020646947e-04,7.771595985562040898e-04,7.519020624395106323e-04,7.267649542803678031e-04,7.018606289102835571e-04
1.006372549019607820e+00,6.647203161516679337e-04,6.886188650801483568e-04,7.126330552896520398e-04,7.366788392504652894e-04,7.606939793314143605e-04,7.846346715235791303e-04,8.084740683882291057e-04,8.322017777977336328e-04,8.558254869607817561e-04,8.793740339968075803e-04,9.029022230778588343e-04,9.264996125950830663e-04,9.503020382969767921e-04,9.745094351775451802e-04,9.994119682735780330e-04,1.025428930282124007e-03,1.053167401721427643e-03,1.083512162205285678e-03,1.117766137229858625e-03,1.157874539238754052e-03,1.206791225723424787e-03,1.269093472950261203e-03,1.352043510889508471e-03,1.467477912231451853e-03,1.635275313593420599e-03,1.889901073869465487e-03,2.292986447847575326e-03,2.957467076676351114e-03,4.099397232292564808e-03,5.797559317147732427e-03,8.218481240455433046e-03,1.052575872139427382e-02,1.117578716283207374e-02,1.008035737380208463e-02,8.467029779441137549e-03,7.073286168228221094e-03,6.031961558884302299e-03,5.279544857558993165e-03,4.733358157462563831e-03,4.330118682503436567e-03,4.026504531179142532e-03,3.793532780687169925e-03,3.611694764822259707e-03,3.467640065478394540e-03,3.352049398540557501e-03,3.258284674127698288e-03,3.181525523036743408e-03,3.118208498757046865e-03,3.065656256859339290e-03,3.021827769734641844e-03,2.985147004507415769e-03,2.954383392117676532e-03,2.928567099450607447e-03,2.906928098746486278e-03,2.888851784604462569e-03,2.873846286751635670e-03,2.861518183677247418e-03,2.851554350196294774e-03,2.843708362123720246e-03,2.837790352825664275e-03,2.833659544818456499e-03,2.831218913508459778e-03,2.830411611589311871e-03,2.831218913508792845e-03,2.833659544819566722e-03,2.837790352824665074e-03,2.843708362124663935e-03,2.851554350197127441e-03,2.861518183675859639e-03,2.873846286752301804e-03,2.888851784605184214e-03,2.906928098745764633e-03,2.928567099450551936e-03,2.954383392118786755e-03,2.985147004507304747e-03,3.021827769735530023e-03,3.065656256858118045e-03,3.118208498757102376e-03,3.181525523036188297e-03,3.258284674127698288e-03,3.352049398540668523e-03,3.467640065477617384e-03,3.611694764821482551e-03,3.793532780687725037e-03,4.026504531178365376e-03,4.330118682503547589e-03,4.733358157466338589e-03,5.279544857560769522e-03,6.031961558882303898e-03,7.073286168225889625e-03,8.467029779443913107e-03,1.008035737380041930e-02,1.117578716282796591e-02,1.052575872139105417e-02,8.218481240452768510e-03,5.797559317149592051e-03,4.099397232293730542e-03,2.957467076676545403e-03,2.292986447847020215e-03,1.889901073869840187e-03,1.635275313593129165e-03,1.467477912231271442e-03,1.352043510889702760e-03,1.269093472948984447e-03,1.206791225723022332e-03,1.157874539238462619e-03,1.117766137228387580e-03,1.083512162205063634e-03,1.053167401721205598e-03,1.025428930281846451e-03,9.994119682731616994e-04,9.745094351786415254e-04,9.503020382966992363e-04,9.264996125955826667e-04,9.029022230771233115e-04,8.793740339958777685e-04,8.558254869611287008e-04,8.322017777977752662e-04,8.084740683887564616e-04,7.846346715227603408e-04,7.606939793310674158e-04,7.366788392499240556e-04,7.126330552885834502e-04,6.886188650802177458e-04,6.647203161520981451e-04
1.008823529411764675e+00,6.286503448505176284e-04,6.514924646467135094e-04,6.743619881285911610e-04,6.971971037155189066e-04,7.199512018608023034e-04,7.425910623248821452e-04,7.650955250506769056e-04,7.874558083631327809e-04,8.096766703670349452e-04,8.317789559892097007e-04,8.538032468998341118e-04,8.758163535353552520e-04,8.979202615549547462e-04,9.202651095502334400e-04,9.430683689476970777e-04,9.666429858506686568e-04,9.914392758996470878e-04,1.018108233723835632e-03,1.047598891331297244e-03,1.081311037727211710e-03,1.121340149594154956e-03,1.170879968063545662e-03,1.234902252270561607e-03,1.321338568727764562e-03,1.443199673680617412e-03,1.622499350330874890e-03,1.897750093444824926e-03,2.338818037990894605e-03,3.067380400892841252e-03,4.185355652232991552e-03,5.960345259273497343e-03,8.284032806224694845e-03,1.015776405317025954e-02,1.033746895641363128e-02,9.151668440668392357e-03,7.689113135687097866e-03,6.471249066130280170e-03,5.564608956352357083e-03,4.905534514697218462e-03,4.423113613296614233e-03,4.064022860752025679e-03,3.791649103401018017e-03,3.581299585581620981e-03,3.416203489749136679e-03,3.284785005238211042e-03,3.178900471055956523e-03,3.092709136802540559e-03,3.021944167803658488e-03,2.963435103001510473e-03,2.914789614135271378e-03,2.874177636009722647e-03,2.840182388380074752e-03,2.811695873438269100e-03,2.787844462640076681e-03,2.767935189346260039e-03,2.751416529173655867e-03,2.737849485688115259e-03,2.726886130094086091e-03,2.718253628615552309e-03,2.711742390137716896e-03,2.707197379785752922e-03,2.704511935630926622e-03,2.703623637323071538e-03,2.704511935631648267e-03,2.707197379785863944e-03,2.711742390136662184e-03,2.718253628616440487e-03,2.726886130093197913e-03,2.737849485687338102e-03,2.751416529173322800e-03,2.767935189346204528e-03,2.787844462640520771e-03,2.811695873438935234e-03,2.840182388381962131e-03,2.874177636009944692e-03,2.914789614134993823e-03,2.963435103002010074e-03,3.021944167802381731e-03,3.092709136802429537e-03,3.178900471055734478e-03,3.284785005239654332e-03,3.416203489749247701e-03,3.581299585580732803e-03,3.791649103401795173e-03,4.064022860753135902e-03,4.423113613294060720e-03,4.905534514695664150e-03,5.564608956351579927e-03,6.471249066131057326e-03,7.689113135686098666e-03,9.151668440664173509e-03,1.033746895641485253e-02,1.015776405317370124e-02,8.284032806228969203e-03,5.960345259274996144e-03,4.185355652232755630e-03,3.067380400894784143e-03,2.338818037987841492e-03,1.897750093445518815e-03,1.622499350330680601e-03,1.443199673680450879e-03,1.321338568727598028e-03,1.234902252271005696e-03,1.170879968064905685e-03,1.121340149593766378e-03,1.081311037727017421e-03,1.047598891331991133e-03,1.018108233723585831e-03,9.914392758997025989e-04,9.666429858504743677e-04,9.430683689479191223e-04,9.202651095511493740e-04,8.979202615551212796e-04,8.758163535344948292e-04,8.538032468995704338e-04,8.317789559902505347e-04,8.096766703668961673e-04,7.874558083635213590e-04,7.650955250510932393e-04,7.425910623245074449e-04,7.199512018613296593e-04,6.971971037149637951e-04,6.743619881282858497e-04,6.514924646465747315e-04,6.286503448505453839e-04
1.011274509803921751e+00,5.943817623714348075e-04,6.162018492952281434e-04,6.379783535850475085e-04,6.596669523942638724e-04,6.812337015745656421e-04,7.026537780060737592e-04,7.239109806180671347e-04,7.449981326370924695e-04,7.659180939303539271e-04,7.866857417119094142e-04,8.073312518183661801e-04,8.279041371691692186e-04,8.484809516780961181e-04,8.691745161998054581e-04,8.901481789241327824e-04,9.116363923254433566e-04,9.339749790225893022e-04,9.576462790956974391e-04,9.833475977161776349e-04,1.012096906393228357e-03,1.045399470496088945e-03,1.085516598229863128e-03,1.135910192119740647e-03,1.201998818742930353e-03,1.292483221016466066e-03,1.421748317851467824e-03,1.614381692253752387e-03,1.914173233323712697e-03,2.383009891017404125e-03,3.119543020662016164e-03,4.319046542312438008e-03,6.126926235838714430e-03,8.282164345020215368e-03,9.692765640574974029e-03,9.495838876387829863e-03,8.292168745085093384e-03,6.983865479856521397e-03,5.924114409404768189e-03,5.136162873461302958e-03,4.559607698555234734e-03,4.134079235860399493e-03,3.814782653090209585e-03,3.570844269263351300e-03,3.381272183401895504e-03,3.231681743046554978e-03,3.112059595926530697e-03,3.015306966125896881e-03,2.936297874233828598e-03,2.871265585450866187e-03,2.817397254289810693e-03,2.772561692796771116e-03,2.735123429183250465e-03,2.703813602385585213e-03,2.677638927043646255e-03,2.655816594374194040e-03,2.637727141217904858e-03,2.622879977142222874e-03,2.610887981582765693e-03,2.601448717705956426e-03,2.594330570245440004e-03,2.589362634424940968e-03,2.586427546359737484e-03,2.585456706847621966e-03,2.586427546358183172e-03,2.589362634424219323e-03,2.594330570246106138e-03,2.601448717705401315e-03,2.610887981580656270e-03,2.622879977141445718e-03,2.637727141218793037e-03,2.655816594374915685e-03,2.677638927045200568e-03,2.703813602385918280e-03,2.735123429182972910e-03,2.772561692798047872e-03,2.817397254290199271e-03,2.871265585450866187e-03,2.936297874233051441e-03,3.015306966126063415e-03,3.112059595925864564e-03,3.231681743046110888e-03,3.381272183402228571e-03,3.570844269263906412e-03,3.814782653091097764e-03,4.134079235860621537e-03,4.559607698557455180e-03,5.136162873462524203e-03,5.924114409404879211e-03,6.983865479858519798e-03,8.292168745086203607e-03,9.495838876388718042e-03,9.692765640566647356e-03,8.282164345028208974e-03,6.126926235837659718e-03,4.319046542315019277e-03,3.119543020662543520e-03,2.383009891013934678e-03,1.914173233322755130e-03,1.614381692252517264e-03,1.421748317849677590e-03,1.292483221015758299e-03,1.201998818742819330e-03,1.135910192120004325e-03,1.085516598229474550e-03,1.045399470498531436e-03,1.012096906393783469e-03,9.833475977170380578e-04,9.576462790960860172e-04,9.339749790225060355e-04,9.116363923253600898e-04,8.901481789248544274e-04,8.691745161996666802e-04,8.484809516784430627e-04,8.279041371682116512e-04,8.073312518168257457e-04,7.866857417125755481e-04,7.659180939307702607e-04,7.449981326375643143e-04,7.239109806178450901e-04,7.026537780062125371e-04,6.812337015757313763e-04,6.596669523944997948e-04,6.379783535857552756e-04,6.162018492950477322e-04,5.943817623721148191e-04
1.013725490196078605e+00,5.626760029761729287e-04,5.835168137689888956e-04,6.042593093453091369e-04,6.248730824930937011e-04,6.453345175876507023e-04,6.656257936280135512e-04,6.857351883633316936e-04,7.056574082209693399e-04,7.253945474843398467e-04,7.449577228114123706e-04,7.643695820015589115e-04,7.836680524314909579e-04,8.029109557005364994e-04,8.221843667243766696e-04,8.416126277366875463e-04,8.613737743581040274e-04,8.817217701355128945e-04,9.030192709990891853e-04,9.257866455986141219e-04,9.507765857885430716e-04,9.790898660594071767e-04,1.012358820009467975e-03,1.053045113890829776e-03,1.104935874719714661e-03,1.173994799783889542e-03,1.269871267757766153e-03,1.408686332492303794e-03,1.618564074444689416e-03,1.932036350170335259e-03,2.423497437472887928e-03,3.220707914742715339e-03,4.487031318337664221e-03,6.298963405361512891e-03,8.224436344970997848e-03,9.178039939579329953e-03,8.700921424236174317e-03,7.526645499031370257e-03,6.363488694343555352e-03,5.440421073809598163e-03,4.753772415476587021e-03,4.247948894505637618e-03,3.871607412003985615e-03,3.587032494386521719e-03,3.368120472446833880e-03,3.196980793890635830e-03,3.061247967902303024e-03,2.952243390385689281e-03,2.863768767157659489e-03,2.791319085049093207e-03,2.731565325641838182e-03,2.682009874348245670e-03,2.640753354751057547e-03,2.606334305014723629e-03,2.577617214369387622e-03,2.553713195230511435e-03,2.533923048733566219e-03,2.517695955921495088e-03,2.504599260918283221e-03,2.494296271819851363e-03,2.486529974825846256e-03,2.481111213809117366e-03,2.477910342372158237e-03,2.476851679700797781e-03,2.477910342373046415e-03,2.481111213809616967e-03,2.486529974825346656e-03,2.494296271819906874e-03,2.504599260918061177e-03,2.517695955921384066e-03,2.533923048733233152e-03,2.553713195230622457e-03,2.577617214369609666e-03,2.606334305014890163e-03,2.640753354751002036e-03,2.682009874347413003e-03,2.731565325641893693e-03,2.791319085048760140e-03,2.863768767157659489e-03,2.952243390386133370e-03,3.061247967901525868e-03,3.196980793889192540e-03,3.368120472448055125e-03,3.587032494388076032e-03,3.871607412006650151e-03,4.247948894505082507e-03,4.753772415479584623e-03,5.440421073810153274e-03,6.363488694345331709e-03,7.526645499031259234e-03,8.700921424240948276e-03,9.178039939583437778e-03,8.224436344974384028e-03,6.298963405349744527e-03,4.487031318337664221e-03,3.220707914742715339e-03,2.423497437470098492e-03,1.932036350171625894e-03,1.618564074443953893e-03,1.408686332492664617e-03,1.269871267758654332e-03,1.173994799783778520e-03,1.104935874719520372e-03,1.053045113891273865e-03,1.012358820008746330e-03,9.790898660591018654e-04,9.507765857892369610e-04,9.257866455982255438e-04,9.030192709996442968e-04,8.817217701355961612e-04,8.613737743579097383e-04,8.416126277368263242e-04,8.221843667245154474e-04,8.029109556998981212e-04,7.836680524324901587e-04,7.643695820008788999e-04,7.449577228116899263e-04,7.253945474852557806e-04,7.056574082218158850e-04,6.857351883641088497e-04,6.656257936284853960e-04,6.453345175870955908e-04,6.248730824928439009e-04,6.042593093463638487e-04,5.835168137690721624e-04,5.626760029762284399e-04
1.016176470588235459e+00,5.318587050197470800e-04,5.516984680734998703e-04,5.713988067115871594e-04,5.909409416936517445e-04,6.103095186871521083e-04,6.294929849858105220e-04,6.484837499372703151e-04,6.672787012923925287e-04,6.858801071390058235e-04,7.042970050458313702e-04,7.225472330596172110e-04,7.406603609815126665e-04,7.586817270006374070e-04,7.766778460214229796e-04,7.947451943181582656e-04,8.130212431998740108e-04,8.317011809777230535e-04,8.510620851365779949e-04,8.714986350420728112e-04,8.935767308919650986e-04,9.181154546259173710e-04,9.463148790870568039e-04,9.799598448405888451e-04,1.021753003301525964e-03,1.075874528294856747e-03,1.148953777741573701e-03,1.251828804082949498e-03,1.403039429536151461e-03,1.619640471588676411e-03,1.955333047808052727e-03,2.490237234758066465e-03,3.347934116710790664e-03,4.673464013220024471e-03,6.448139352334292251e-03,8.084255711131027589e-03,8.612824696688226034e-03,7.945552528630939193e-03,6.832876438842450106e-03,5.804352746621721515e-03,5.000191144789889464e-03,4.400946148497286714e-03,3.956522163812925541e-03,3.623302297903419067e-03,3.369485731053778466e-03,3.172964783752396656e-03,3.018470641852566416e-03,2.895362627094777430e-03,2.796114091269119584e-03,2.715311467726855277e-03,2.648995812163046359e-03,2.594226346447181530e-03,2.548787403417018815e-03,2.510988708058714547e-03,2.479527184856722410e-03,2.453389935295924307e-03,2.431785209621173394e-03,2.414092731974570860e-03,2.399827636746010295e-03,2.388614153625845393e-03,2.380166417663642786e-03,2.374274612259585915e-03,2.370795223895549864e-03,2.369644590724973021e-03,2.370795223895216797e-03,2.374274612259197337e-03,2.380166417663809320e-03,2.388614153627011127e-03,2.399827636745843762e-03,2.414092731974570860e-03,2.431785209622394639e-03,2.453389935296146351e-03,2.479527184857444055e-03,2.510988708058881080e-03,2.548787403417462905e-03,2.594226346448014198e-03,2.648995812162713293e-03,2.715311467726633232e-03,2.796114091269563673e-03,2.895362627094888452e-03,3.018470641852677439e-03,3.172964783753839946e-03,3.369485731053001309e-03,3.623302297903086000e-03,3.956522163813924742e-03,4.400946148501394539e-03,5.000191144791443776e-03,5.804352746621610493e-03,6.832876438840007616e-03,7.945552528634824974e-03,8.612824696691445681e-03,8.084255711133137012e-03,6.448139352336956787e-03,4.673464013218053825e-03,3.347934116707987351e-03,2.490237234757358697e-03,1.955333047807317204e-03,1.619640471589148256e-03,1.403039429536970251e-03,1.251828804083338076e-03,1.148953777742489635e-03,1.075874528294537558e-03,1.021753003300818197e-03,9.799598448406721118e-04,9.463148790868902704e-04,9.181154546271941275e-04,8.935767308918818319e-04,8.714986350427111894e-04,8.510620851363004391e-04,8.317011809781116316e-04,8.130212431986805210e-04,7.947451943179917322e-04,7.766778460214229796e-04,7.586817270007761849e-04,7.406603609808742883e-04,7.225472330600474224e-04,7.042970050452485031e-04,6.858801071384368342e-04,6.672787012931002959e-04,6.484837499376033820e-04,6.294929849868791116e-04,6.103095186869855748e-04,5.909409416934713333e-04,5.713988067114900149e-04,5.516984680737774260e-04,5.318587050202744360e-04
1.018627450980392313e+00,5.018992858955850789e-04,5.207213281017836204e-04,5.393738155991395500e-04,5.578471029919346291e-04,5.761331114093881656e-04,5.942257153094127053e-04,6.121211663745046438e-04,6.298187055877729756e-04,6.473214275289213004e-04,6.646374939210247801e-04,6.817818238712275436e-04,6.987784398212598669e-04,7.156638651094338055e-04,7.324909686881320159e-04,7.493361652713415033e-04,7.663077142033292155e-04,7.835584078139945508e-04,8.013037056707750239e-04,8.198481915422939359e-04,8.396247827381075890e-04,8.612538271039194004e-04,8.856338587596157552e-04,9.140839081062113181e-04,9.485719258318925373e-04,9.920913167889150452e-04,1.049301613448461179e-03,1.127667663358783434e-03,1.239759746998081447e-03,1.394159653479290495e-03,1.629776633395557672e-03,1.996420969861592565e-03,2.578014870698294714e-03,3.498020062946333164e-03,4.868215539411441251e-03,6.554558719516989651e-03,7.857260730956161510e-03,8.017743868173443644e-03,7.238454217430967397e-03,6.206325698227432852e-03,5.300111893304149113e-03,4.598897783942401674e-03,4.074932693260202576e-03,3.683738309699924329e-03,3.388267726367244492e-03,3.161652894726474372e-03,2.985128947226689533e-03,2.845639528537557972e-03,2.734014238796711460e-03,2.643718262880234704e-03,2.570020166725917043e-03,2.509440017627428965e-03,2.459380620679296747e-03,2.417878049448873856e-03,2.383430482721327071e-03,2.354879082733352114e-03,2.331323972463550387e-03,2.312064266044189242e-03,2.296554863557676018e-03,2.284375144103900634e-03,2.275206276259877924e-03,2.268814920864892226e-03,2.265041819526358857e-03,2.263794265371543712e-03,2.265041819526747435e-03,2.268814920865613871e-03,2.275206276259711391e-03,2.284375144103401034e-03,2.296554863556565795e-03,2.312064266045188443e-03,2.331323972464161010e-03,2.354879082732519446e-03,2.383430482721771160e-03,2.417878049449151412e-03,2.459380620679296747e-03,2.509440017626318742e-03,2.570020166725917043e-03,2.643718262881011860e-03,2.734014238796822482e-03,2.845639528537335927e-03,2.985128947225690332e-03,3.161652894726696417e-03,3.388267726366689381e-03,3.683738309700035352e-03,4.074932693259536443e-03,4.598897783944289053e-03,5.300111893303705024e-03,6.206325698228987164e-03,7.238454217442624739e-03,8.017743868175775113e-03,7.857260730963155915e-03,6.554558719514991250e-03,4.868215539414577631e-03,3.498020062945056408e-03,2.578014870700376382e-03,1.996420969862439110e-03,1.629776633396307073e-03,1.394159653480497862e-03,1.239759746998289613e-03,1.127667663358894456e-03,1.049301613448225257e-03,9.920913167888872897e-04,9.485719258316704927e-04,9.140839081054619175e-04,8.856338587602263779e-04,8.612538271043357341e-04,8.396247827379410555e-04,8.198481915427657807e-04,8.013037056701644012e-04,7.835584078141333286e-04,7.663077142038843270e-04,7.493361652709806808e-04,7.324909686877711934e-04,7.156638651097391168e-04,6.987784398212598669e-04,6.817818238710887657e-04,6.646374939217047917e-04,6.473214275293792674e-04,6.298187055875648088e-04,6.121211663737691211e-04,5.942257153093849498e-04,5.761331114100959327e-04,5.578471029924342295e-04,5.393738155987232163e-04,5.207213281021583207e-04,5.018992858954879344e-04
1.021078431372549167e+00,4.738694997052789182e-04,4.917204936116803538e-04,5.093784024721714765e-04,5.268412333659933111e-04,5.441069783918978109e-04,5.611741585798968313e-04,5.780424352413160438e-04,5.947132921828163221e-04,6.111908733965748519e-04,6.274830661353869576e-04,6.436029373333429504e-04,6.595706653124838725e-04,6.754161694753901823e-04,6.911828317157642232e-04,7.069317704863353757e-04,7.227497219911283022e-04,7.387580777255819964e-04,7.551268228077334665e-04,7.720944348326708173e-04,7.899970114874088623e-04,8.093115955253860072e-04,8.307217643640785187e-04,8.552188950790018396e-04,8.842620000062140218e-04,9.200365003277921616e-04,9.658863958818125761e-04,1.027070470643848266e-03,1.112500360832505142e-03,1.225580269146098189e-03,1.395492554738031465e-03,1.653234701856118316e-03,2.054172381656935165e-03,2.686633940096827544e-03,3.667877236969485644e-03,5.059782577008897775e-03,6.602483738806119717e-03,7.552557319052355389e-03,7.418229341929372112e-03,6.590123369098810358e-03,5.648006590830756402e-03,4.851551901027484348e-03,4.239321771653314919e-03,3.780170248978476089e-03,3.435069478796348719e-03,3.172565930043225180e-03,2.969919880052129812e-03,2.811170498300152865e-03,2.685131326269130092e-03,2.583885663583473935e-03,2.501752020527603371e-03,2.434590945218806368e-03,2.379341735587514606e-03,2.333710463648441813e-03,2.295957404243764710e-03,2.264750264614645570e-03,2.239061506137840496e-03,2.218095647672557735e-03,2.201237289397861563e-03,2.188013714178649316e-03,2.178067953058526740e-03,2.171139543925060256e-03,2.167051118843743573e-03,2.165699584947222700e-03,2.167051118844021129e-03,2.171139543925837412e-03,2.178067953058915318e-03,2.188013714179315450e-03,2.201237289398083607e-03,2.218095647673168358e-03,2.239061506138284585e-03,2.264750264613812902e-03,2.295957404243598177e-03,2.333710463648774880e-03,2.379341735587403583e-03,2.434590945219472502e-03,2.501752020527048259e-03,2.583885663582030645e-03,2.685131326269907248e-03,2.811170498300263887e-03,2.969919880053573102e-03,3.172565930044335403e-03,3.435069478794128273e-03,3.780170248977698932e-03,4.239321771651982651e-03,4.851551901027484348e-03,5.648006590831533558e-03,6.590123369099920581e-03,7.418229341931703580e-03,7.552557319055352991e-03,6.602483738809394875e-03,5.059782577011062710e-03,3.667877236973843269e-03,2.686633940094038109e-03,2.054172381655394730e-03,1.653234701857936306e-03,1.395492554739419244e-03,1.225580269146403500e-03,1.112500360832879842e-03,1.027070470642391098e-03,9.658863958821733986e-04,9.200365003285138066e-04,8.842620000057976881e-04,8.552188950790573507e-04,8.307217643647446526e-04,8.093115955262464301e-04,7.899970114866594617e-04,7.720944348326985729e-04,7.551268228079000000e-04,7.387580777257762854e-04,7.227497219904066572e-04,7.069317704863353757e-04,6.911828317154311563e-04,6.754161694750293599e-04,6.595706653126920394e-04,6.436029373339535731e-04,6.274830661360530915e-04,6.111908733957838180e-04,5.947132921826220331e-04,5.780424352415935996e-04,5.611741585800772425e-04,5.441069783918006664e-04,5.268412333658406554e-04,5.093784024723657655e-04,4.917204936112640201e-04,4.738694997054454516e-04
1.023529411764706021e+00,4.481674293055210034e-04,4.651143308186667102e-04,4.818493347837904395e-04,4.983769799782183929e-04,5.147003755779089307e-04,5.308220511708594547e-04,5.467446992421659546e-04,5.624719126596650076e-04,5.780090045137825649e-04,5.933639942724278082e-04,6.085488538699057592e-04,6.235811301103233451e-04,6.384860994026464454e-04,6.532996904998478183e-04,6.680724832868190077e-04,6.828746235063021253e-04,6.978042601170630910e-04,7.129975898520213295e-04,7.286441990875525132e-04,7.450090482973570349e-04,7.624647654211891279e-04,7.815398820927021983e-04,8.029922333570582715e-04,8.279230101528867181e-04,8.579583422100023338e-04,8.955473749120701488e-04,9.444769595426949493e-04,1.009118183973964356e-03,1.096376167735585438e-03,1.222276773209934886e-03,1.408420212866551280e-03,1.691390131177070155e-03,2.131117904445034572e-03,2.818359708288378784e-03,3.856137284776461893e-03,5.238711549198860062e-03,6.585756466645720231e-03,7.191778716096663970e-03,6.839857666013582360e-03,6.008605355017904159e-03,5.157650382426437474e-03,4.457734839890981071e-03,3.921644165826299044e-03,3.517838188836219793e-03,3.212321610843393849e-03,2.978353748667728063e-03,2.796627771547433028e-03,2.653520561756606000e-03,2.539415670703037975e-03,2.447457813361308965e-03,2.372694095211014265e-03,2.311494787159418252e-03,2.261163249779873929e-03,2.219671300660253088e-03,2.185477680204328532e-03,2.157401991128460317e-03,2.134536126487118768e-03,2.116181413217732565e-03,2.101803699707693873e-03,2.091001213961718452e-03,2.083481728707758940e-03,2.079046716595700506e-03,2.077580968744496825e-03,2.079046716595644995e-03,2.083481728706926273e-03,2.091001213961163341e-03,2.101803699708637563e-03,2.116181413218398699e-03,2.134536126486064056e-03,2.157401991128127250e-03,2.185477680204050976e-03,2.219671300659364910e-03,2.261163249779651885e-03,2.311494787158752118e-03,2.372694095212013465e-03,2.447457813360198742e-03,2.539415670702149797e-03,2.653520561757605201e-03,2.796627771546211783e-03,2.978353748667283973e-03,3.212321610844504072e-03,3.517838188836663882e-03,3.921644165824522688e-03,4.457734839889981870e-03,5.157650382427658720e-03,6.008605355020457672e-03,6.839857666018467341e-03,7.191778716095886814e-03,6.585756466653380770e-03,5.238711549206243046e-03,3.856137284776933738e-03,2.818359708284118303e-03,2.131117904447615841e-03,1.691390131177847311e-03,1.408420212867564358e-03,1.222276773209268752e-03,1.096376167736543006e-03,1.009118183973922722e-03,9.444769595433333276e-04,8.955473749134024164e-04,8.579583422098635559e-04,8.279230101530532515e-04,8.029922333564754044e-04,7.815398820912589084e-04,7.624647654206062608e-04,7.450090482969129457e-04,7.286441990881076247e-04,7.129975898515217292e-04,6.978042601168132908e-04,6.828746235064686587e-04,6.680724832867912522e-04,6.532996904990706621e-04,6.384860994013696889e-04,6.235811301109478455e-04,6.085488538700306593e-04,5.933639942723722971e-04,5.780090045141017541e-04,5.624719126599148078e-04,5.467446992419300322e-04,5.308220511713312995e-04,5.147003755782558754e-04,4.983769799785514598e-04,4.818493347842206509e-04,4.651143308190275327e-04,4.481674293062565262e-04
1.025980392156862875e+00,4.233316721191093812e-04,4.393699748835994123e-04,4.551831123545679869e-04,4.707811521211802130e-04,4.861716981069408305e-04,5.013609110491729082e-04,5.163543551905125373e-04,5.311577832883690453e-04,5.457779481638364016e-04,5.602235203307215361e-04,5.745061946836327316e-04,5.886420841857697983e-04,6.026535263835841594e-04,6.165714751051598608e-04,6.304388182735154444e-04,6.443143273572038421e-04,6.582790785522318888e-04,6.724447721894455388e-04,6.869653794281393999e-04,7.020540816694009756e-04,7.180077650233429587e-04,7.352431367823875075e-04,7.543509250267921296e-04,7.761788498404642578e-04,8.019616382272110044e-04,8.335310175920096487e-04,8.736745127626843743e-04,9.248013844812552620e-04,9.932208410795978493e-04,1.089189370322152239e-03,1.227505994137720324e-03,1.432681330904489458e-03,1.744944559025879416e-03,2.228279614383404938e-03,2.972621575344530642e-03,4.055779747449000938e-03,5.388079946372470452e-03,6.494382423112954328e-03,6.785745017316324734e-03,6.285724541208015381e-03,5.481079088878737515e-03,4.717650003641549183e-03,4.102115550711382674e-03,3.631387182607914710e-03,3.275166785631222766e-03,3.003947190080125118e-03,2.794939348162661652e-03,2.631693155912939730e-03,2.502540141740783319e-03,2.399187712658124028e-03,2.315684104620907569e-03,2.247702685264196809e-03,2.192056196253622247e-03,2.146367295031037514e-03,2.108843510112645703e-03,2.078121929583787164e-03,2.053160837433121166e-03,2.033163359215384158e-03,2.017523279537802861e-03,2.005786511507512415e-03,1.997623876030585333e-03,1.992812302181345974e-03,1.991222554662996913e-03,1.992812302182289663e-03,1.997623876029641643e-03,2.005786511506735259e-03,2.017523279537081216e-03,2.033163359215162114e-03,2.053160837434564456e-03,2.078121929582787963e-03,2.108843510112645703e-03,2.146367295031592626e-03,2.192056196253400202e-03,2.247702685263641698e-03,2.315684104620130412e-03,2.399187712658568117e-03,2.502540141741893542e-03,2.631693155910830306e-03,2.794939348161662451e-03,3.003947190079458984e-03,3.275166785631111743e-03,3.631387182608802888e-03,4.102115550708163028e-03,4.717650003642770429e-03,5.481079088875073779e-03,6.285724541209125604e-03,6.785745017319988470e-03,6.494382423114730685e-03,5.388079946374246809e-03,4.055779747444893113e-03,2.972621575344086553e-03,2.228279614383862905e-03,1.744944559027128417e-03,1.432681330902199623e-03,1.227505994138428091e-03,1.089189370322540817e-03,9.932208410807497057e-04,9.248013844821989515e-04,8.736745127638501085e-04,8.335310175918708708e-04,8.019616382278216271e-04,7.761788498402699688e-04,7.543509250269031519e-04,7.352431367820266850e-04,7.180077650227045805e-04,7.020540816692344421e-04,6.869653794275842884e-04,6.724447721897786057e-04,6.582790785517045329e-04,6.443143273570650642e-04,6.304388182733211554e-04,6.165714751048545494e-04,6.026535263844168266e-04,5.886420841857975539e-04,5.745061946834106870e-04,5.602235203311517475e-04,5.457779481637670127e-04,5.311577832876612781e-04,5.163543551908178486e-04,5.013609110491312748e-04,4.861716981070240973e-04,4.707811521215410355e-04,4.551831123543043089e-04,4.393699748833496121e-04,4.233316721188179477e-04
1.028431372549019729e+00,3.992173291998690754e-04,4.143433641479177254e-04,4.292351177464376333e-04,4.439074444583662737e-04,4.583719215484338694e-04,4.726380023107185080e-04,4.867139472515547016e-04,5.006076499433076421e-04,5.143274461727603830e-04,5.278829825336034398e-04,5.412862195515177888e-04,5.545526535863376516e-04,5.677028614837487108e-04,5.807645052713084066e-04,5.937749899561362010e-04,6.067851737517060418e-04,6.198635212135150674e-04,6.331037956006368983e-04,6.466337156859902624e-04,6.606282720431344568e-04,6.753286118105494840e-04,6.910695338459837966e-04,7.083202021087864342e-04,7.277455855556891340e-04,7.503012768576011737e-04,7.773842728870661301e-04,8.110884858335276615e-04,8.526871178247130700e-04,9.076611349698449072e-04,9.828003890073322424e-04,1.088432099984215640e-03,1.241292914644878675e-03,1.468585703852831603e-03,1.814170293832920167e-03,2.344983215958412748e-03,3.145086508234695710e-03,4.253788363346500123e-03,5.488097992378482282e-03,6.324947028724436926e-03,6.349193373661576878e-03,5.760936757295498367e-03,5.001805723738317333e-03,4.320294753652476061e-03,3.778518113247808508e-03,3.364188554813796195e-03,3.049143878219973125e-03,2.807839251957600091e-03,2.620812437131969652e-03,2.474004772274329689e-03,2.357392197756769114e-03,2.263805182959099938e-03,2.188065734435529208e-03,2.126388907728316013e-03,2.075974188145868204e-03,2.034726525249608287e-03,2.001064601992119663e-03,1.973787841516139174e-03,1.951983309333549244e-03,1.934960083791570362e-03,1.922202875969558633e-03,1.913339446839135150e-03,1.908118211096099248e-03,1.906393671133876921e-03,1.908118211095655159e-03,1.913339446838691060e-03,1.922202875970446811e-03,1.934960083792014451e-03,1.951983309333327199e-03,1.973787841516694286e-03,2.001064601993229886e-03,2.034726525250607487e-03,2.075974188145424115e-03,2.126388907729426236e-03,2.188065734435085119e-03,2.263805182959321982e-03,2.357392197756880137e-03,2.474004772277882402e-03,2.620812437132524764e-03,2.807839251959820537e-03,3.049143878220417214e-03,3.364188554811797793e-03,3.778518113246809307e-03,4.320294753650921749e-03,5.001805723734986664e-03,5.760936757298384947e-03,6.349193373663686302e-03,6.324947028721772391e-03,5.488097992384255441e-03,4.253788363350496926e-03,3.145086508236472067e-03,2.344983215957913147e-03,1.814170293832031988e-03,1.468585703851749136e-03,1.241292914644073764e-03,1.088432099984729118e-03,9.828003890072767312e-04,9.076611349702473630e-04,8.526871178251294037e-04,8.110884858343325732e-04,7.773842728872881747e-04,7.503012768574623959e-04,7.277455855556613784e-04,7.083202021088141898e-04,6.910695338453176628e-04,6.753286118104107061e-04,6.606282720439948797e-04,6.466337156854351509e-04,6.331037956008589429e-04,6.198635212139869122e-04,6.067851737516227750e-04,5.937749899566358014e-04,5.807645052705034949e-04,5.677028614838597331e-04,5.545526535865041851e-04,5.412862195523504560e-04,5.278829825328540393e-04,5.143274461732599834e-04,5.006076499430994753e-04,4.867139472515269460e-04,4.726380023103715633e-04,4.583719215482257026e-04,4.439074444580470846e-04,4.292351177467013112e-04,4.143433641471683249e-04,3.992173291998413198e-04
1.030882352941176583e+00,3.774563836947408824e-04,3.917437419647534780e-04,4.057893204911233731e-04,4.196121597744850718e-04,4.332273541285264207e-04,4.466473146264582361e-04,4.598827716882358807e-04,4.729436374195372661e-04,4.858398168863797828e-04,4.985820420078113102e-04,5.111827973491162025e-04,5.236574118485104457e-04,5.360254043397238988e-04,5.483121952515601638e-04,5.605513361118530380e-04,5.727874798879539764e-04,5.850804432278311484e-04,5.975100311700065614e-04,6.101844498127007022e-04,6.232501122850897524e-04,6.369065974758669757e-04,6.514279483206264487e-04,6.671938060326676467e-04,6.847357532203113273e-04,7.048077891547988028e-04,7.284966862947661603e-04,7.574075510123345900e-04,7.921360715327507851e-04,8.373987154040862801e-04,8.977990114703016111e-04,9.807119773448391697e-04,1.097837260119666203e-03,1.267905180346862171e-03,1.521024597562939396e-03,1.904565947563011119e-03,2.486638097029009176e-03,3.338627684242340132e-03,4.447548131810197258e-03,5.539668316362378331e-03,6.103165940080867991e-03,5.918356714170180943e-03,5.288408153463874939e-03,4.583661988486142924e-03,3.975762918395964185e-03,3.497058781017026163e-03,3.130473360285601636e-03,2.850356213173865783e-03,2.634584761195934988e-03,2.466464581918237364e-03,2.333916231321064849e-03,2.228281665478504259e-03,2.143330658193609572e-03,2.074537654851549284e-03,2.018578617915878226e-03,1.972985526025539116e-03,1.935909064670449098e-03,1.905954652608565780e-03,1.882068275284476400e-03,1.863456481014047483e-03,1.849530175964897438e-03,1.839865354060110647e-03,1.834176230996686918e-03,1.832297836180551975e-03,1.834176230998463275e-03,1.839865354060998826e-03,1.849530175965230505e-03,1.863456481014047483e-03,1.882068275284476400e-03,1.905954652608787825e-03,1.935909064671115232e-03,1.972985526024650937e-03,2.018578617914656981e-03,2.074537654850217017e-03,2.143330658194719796e-03,2.228281665478726303e-03,2.333916231322286094e-03,2.466464581917793275e-03,2.634584761197489300e-03,2.850356213177307474e-03,3.130473360285712658e-03,3.497058781020134788e-03,3.975762918396297252e-03,4.583661988484033500e-03,5.288408153468759920e-03,5.918356714163852672e-03,6.103165940083310481e-03,5.539668316365597978e-03,4.447548131809364591e-03,3.338627684245837335e-03,2.486638097029036931e-03,1.904565947565009520e-03,1.521024597562883884e-03,1.267905180347014826e-03,1.097837260119222114e-03,9.807119773439509913e-04,8.977990114701211999e-04,8.373987154040862801e-04,7.921360715333614078e-04,7.574075510133060352e-04,7.284966862946551380e-04,7.048077891556314700e-04,6.847357532207554165e-04,6.671938060322790687e-04,6.514279483197105147e-04,6.369065974760335092e-04,6.232501122848954633e-04,6.101844498125619243e-04,5.975100311686742938e-04,5.850804432279699263e-04,5.727874798883980656e-04,5.605513361117142601e-04,5.483121952517822084e-04,5.360254043395018542e-04,5.236574118487047347e-04,5.111827973496296806e-04,4.985820420085468330e-04,4.858398168876010281e-04,4.729436374196899218e-04,4.598827716883885364e-04,4.466473146269855921e-04,4.332273541287345875e-04,4.196121597743601717e-04,4.057893204916229735e-04,3.917437419647534780e-04,3.774563836947270046e-04
1.033333333333333437e+00,3.587819391603491725e-04,3.723586995503097574e-04,3.856855381726004284e-04,3.987851141537268607e-04,4.116755587429826724e-04,4.243718305701332794e-04,4.368867784169117030e-04,4.492320345892419908e-04,4.614188287295345470e-04,4.734587939637935339e-04,4.853648302310803464e-04,4.971520909457793902e-04,5.088391684897053402e-04,5.204495721191360058e-04,5.320136212139392473e-04,5.435709230574570228e-04,5.551737211204055278e-04,5.668911875988391635e-04,5.788153622019176492e-04,5.910700204876107033e-04,6.038220029931651300e-04,6.172980397935456942e-04,6.318088844642633095e-04,6.477847732129504710e-04,6.658285907137628801e-04,6.867978171620214844e-04,7.119404167137965977e-04,7.414518693197036381e-04,7.793706029977642835e-04,8.288724894469495785e-04,8.953347201240829945e-04,9.871160522614136346e-04,1.117371784175827387e-03,1.307023826834716185e-03,1.589213066675421171e-03,2.014318258073036216e-03,2.648741863913173233e-03,3.542554367562344986e-03,4.618932546592069421e-03,5.532033012912385139e-03,5.840775535031816901e-03,5.507012357041207729e-03,4.870856250786315123e-03,4.224770189218962635e-03,3.682923968991946850e-03,3.258578143912504999e-03,2.932770197643597143e-03,2.682521153164807437e-03,2.488695332942936211e-03,2.336935618482249843e-03,2.216824349286272700e-03,2.120853408434708598e-03,2.043587935164459246e-03,1.981059053219436095e-03,1.930339638431144422e-03,1.889251329569408000e-03,1.856162154436624689e-03,1.829846093044484867e-03,1.809385125461915322e-03,1.794100770748818796e-03,1.783506492230024776e-03,1.777275280714807337e-03,1.775218724957672300e-03,1.777275280713919159e-03,1.783506492230024776e-03,1.794100770749817997e-03,1.809385125461027144e-03,1.829846093044262823e-03,1.856162154438179002e-03,1.889251329571073335e-03,1.930339638431255445e-03,1.981059053220435295e-03,2.043587935163682090e-03,2.120853408436151888e-03,2.216824349285051454e-03,2.336935618482693933e-03,2.488695332942714167e-03,2.682521153163919259e-03,2.932770197642375898e-03,3.258578143912838065e-03,3.682923968994722408e-03,4.224770189221738192e-03,4.870856250787980457e-03,5.507012357037988082e-03,5.840775535034148369e-03,5.532033012910164693e-03,4.618932546594567423e-03,3.542554367559846984e-03,2.648741863915476946e-03,2.014318258071690071e-03,1.589213066676170572e-03,1.307023826833730862e-03,1.117371784175411054e-03,9.871160522614275123e-04,8.953347201252626064e-04,8.288724894470467230e-04,7.793706029984859285e-04,7.414518693208971278e-04,7.119404167151288654e-04,6.867978171615496397e-04,6.658285907137351245e-04,6.477847732132002712e-04,6.318088844638469759e-04,6.172980397936844721e-04,6.038220029923879739e-04,5.910700204881658149e-04,5.788153622019454048e-04,5.668911875995885641e-04,5.551737211203222611e-04,5.435709230575125339e-04,5.320136212145776256e-04,5.204495721189139612e-04,5.088391684898163625e-04,4.971520909463622573e-04,4.853648302317742358e-04,4.734587939633910780e-04,4.614188287300896585e-04,4.492320345901162915e-04,4.368867784168145585e-04,4.243718305701194016e-04,4.116755587424969498e-04,3.987851141541709499e-04,3.856855381726420617e-04,3.723586995495464791e-04,3.587819391594748719e-04
