nan,-5.000000000000000000e+00,-4.864864864864864913e+00,-4.729729729729729826e+00,-4.594594594594594739e+00,-4.459459459459459651e+00,-4.324324324324324564e+00,-4.189189189189189477e+00,-4.054054054054054390e+00,-3.918918918918918859e+00,-3.783783783783783772e+00,-3.648648648648648685e+00,-3.513513513513513153e+00,-3.378378378378378066e+00,-3.243243243243242979e+00,-3.108108108108107892e+00,-2.972972972972972805e+00,-2.837837837837837718e+00,-2.702702702702702631e+00,-2.567567567567567544e+00,-2.432432432432432456e+00,-2.297297297297297369e+00,-2.162162162162161838e+00,-2.027027027027026751e+00,-1.891891891891891664e+00,-1.756756756756756577e+00,-1.621621621621621490e+00,-1.486486486486486402e+00,-1.351351351351351315e+00,-1.216216216216215784e+00,-1.081081081081080697e+00,-9.459459459459456099e-01,-8.108108108108105228e-01,-6.756756756756754356e-01,-5.405405405405403485e-01,-4.054054054054052614e-01,-2.702702702702701743e-01,-1.351351351351350871e-01,0.000000000000000000e+00,1.351351351351350871e-01,2.702702702702701743e-01,4.054054054054052614e-01,5.405405405405412367e-01,6.756756756756763238e-01,8.108108108108114109e-01,9.459459459459464981e-01,1.081081081081081585e+00,1.216216216216216672e+00,1.351351351351351759e+00,1.486486486486486847e+00,1.621621621621621934e+00,1.756756756756757021e+00,1.891891891891892108e+00,2.027027027027027195e+00,2.162162162162162282e+00,2.297297297297297369e+00,2.432432432432432456e+00,2.567567567567568432e+00,2.702702702702703519e+00,2.837837837837838606e+00,2.972972972972973693e+00,3.108108108108108780e+00,3.243243243243243867e+00,3.378378378378378954e+00,3.513513513513514042e+00,3.648648648648649129e+00,3.783783783783784216e+00,3.918918918918919303e+00,4.054054054054054390e+00,4.189189189189189477e+00,4.324324324324324564e+00,4.459459459459459651e+00,4.594594594594594739e+00,4.729729729729729826e+00,4.864864864864864913e+00,5.000000000000000000e+00
5.636363636363636020e-01,4.706081409001117155e-01,4.724120843155170668e-01,4.742568637530532594e-01,4.761163974009120503e-01,4.779672987906536386e-01,4.797883335322992160e-01,4.815599027114108588e-01,4.832635706697780975e-01,4.848816778847829800e-01,4.863971221995683769e-01,4.877934658829892189e-01,4.890556459899859654e-01,4.901717351313925608e-01,4.911363744329399483e-01,4.919564975678957230e-01,4.926593254459009641e-01,4.933005893756951532e-01,4.939672215443192682e-01,4.947655888238073341e-01,4.957902046202228297e-01,4.970833675368729332e-01,4.986119145570509503e-01,5.002800259221603651e-01,5.019679962874549206e-01,5.035692321328060217e-01,5.050078674009430557e-01,5.062381135977787050e-01,5.072346011863256843e-01,5.079807588023034226e-01,5.084569198567497894e-01,5.086231914941866661e-01,5.083683430195530262e-01,5.065652675793951287e-01,5.095013315275962462e-01,5.105631866354158888e-01,5.112046051218178677e-01,5.115605537694319915e-01,5.116753578839463579e-01,5.115605537694323246e-01,5.112046051218167575e-01,5.105631866354161108e-01,5.095013315275959132e-01,5.065652675793955728e-01,5.083683430195524711e-01,5.086231914941868881e-01,5.084569198567501225e-01,5.079807588023027565e-01,5.072346011863260173e-01,5.062381135977784830e-01,5.050078674009433888e-01,5.035692321328060217e-01,5.019679962874545875e-01,5.002800259221603651e-01,4.986119145570508393e-01,4.970833675368720450e-01,4.957902046202233848e-01,4.947655888238072230e-01,4.939672215443194347e-01,4.933005893756949312e-01,4.926593254459016302e-01,4.919564975678953345e-01,4.911363744329397818e-01,4.901717351313928939e-01,4.890556459899865205e-01,4.877934658829886083e-01,4.863971221995691541e-01,4.848816778847830911e-01,4.832635706697780420e-01,4.815599027114110808e-01,4.797883335322997156e-01,4.779672987906545267e-01,4.761163974009113287e-01,4.742568637530541475e-01,4.724120843155161231e-01,4.706081409001117710e-01
5.699836199836199047e-01,4.863306523412305182e-01,4.878924451326284162e-01,4.894695499420223528e-01,4.910484979112468285e-01,4.926170082264751948e-01,4.941636016414267529e-01,4.956772317627138880e-01,4.971469304777502152e-01,4.985614703280672466e-01,4.999090587800520402e-01,5.011771018398598621e-01,5.023521147011624777e-01,5.034199256026383740e-01,5.043664269448708826e-01,5.051792755966523218e-01,5.058510901509739588e-01,5.063846825561539866e-01,5.068003323152899808e-01,5.071435059087310293e-01,5.074885240173089285e-01,5.079310641263566906e-01,5.085645534999160278e-01,5.094462043770665582e-01,5.105713678982622961e-01,5.118739839862798124e-01,5.132520553855938195e-01,5.145997019384097593e-01,5.158284400128447800e-01,5.168729734585125746e-01,5.176858158186398162e-01,5.182255175811486536e-01,5.184366323355282802e-01,5.181909078139638192e-01,5.172485910103438167e-01,5.192152239940850400e-01,5.200637725350927276e-01,5.205081040527502756e-01,5.206488884493304381e-01,5.205081040527503866e-01,5.200637725350923946e-01,5.192152239940852620e-01,5.172485910103441498e-01,5.181909078139640412e-01,5.184366323355283912e-01,5.182255175811487646e-01,5.176858158186398162e-01,5.168729734585130187e-01,5.158284400128447800e-01,5.145997019384096482e-01,5.132520553855932643e-01,5.118739839862793684e-01,5.105713678982618520e-01,5.094462043770661142e-01,5.085645534999161388e-01,5.079310641263569126e-01,5.074885240173091505e-01,5.071435059087304742e-01,5.068003323152893147e-01,5.063846825561540976e-01,5.058510901509726265e-01,5.051792755966523218e-01,5.043664269448699944e-01,5.034199256026389291e-01,5.023521147011625887e-01,5.011771018398599731e-01,4.999090587800520957e-01,4.985614703280676352e-01,4.971469304777513809e-01,4.956772317627136104e-01,4.941636016414260868e-01,4.926170082264747507e-01,4.910484979112474391e-01,4.894695499420225748e-01,4.878924451326301370e-01,4.863306523412300186e-01
5.763308763308763183e-01,4.935062842570053787e-01,4.945569994585219398e-01,4.956283712842751710e-01,4.967123854258234661e-01,4.978014669680225768e-01,4.988882356432799425e-01,4.999652746165574313e-01,5.010249077956759889e-01,5.020589828050302517e-01,5.030586606585002452e-01,5.040142203224778905e-01,5.049148992761760546e-01,5.057488138099407449e-01,5.065030408609471069e-01,5.071640034700862776e-01,5.077183886047701433e-01,5.081549291797364809e-01,5.084674508982230945e-01,5.086594810043744141e-01,5.087501727782117733e-01,5.087799956743283003e-01,5.088126333381981503e-01,5.089281215094118016e-01,5.092042948694341931e-01,5.096909126756914432e-01,5.103891488257065179e-01,5.112489647302695950e-01,5.121853414256275494e-01,5.131020650292275054e-01,5.139099866174682285e-01,5.145335862239538427e-01,5.149057196706268158e-01,5.149480675324803469e-01,5.145009831669009603e-01,5.137915771074866855e-01,5.152323250982532299e-01,5.158101494886134786e-01,5.159842020184658429e-01,5.158101494886132565e-01,5.152323250982531189e-01,5.137915771074867965e-01,5.145009831669012934e-01,5.149480675324812351e-01,5.149057196706271489e-01,5.145335862239537317e-01,5.139099866174681175e-01,5.131020650292275054e-01,5.121853414256277715e-01,5.112489647302695950e-01,5.103891488257062958e-01,5.096909126756921093e-01,5.092042948694345261e-01,5.089281215094128008e-01,5.088126333381981503e-01,5.087799956743279672e-01,5.087501727782121064e-01,5.086594810043731929e-01,5.084674508982237606e-01,5.081549291797365919e-01,5.077183886047698103e-01,5.071640034700866106e-01,5.065030408609463297e-01,5.057488138099408559e-01,5.049148992761762766e-01,5.040142203224777795e-01,5.030586606585000231e-01,5.020589828050302517e-01,5.010249077956762109e-01,4.999652746165572093e-01,4.988882356432799425e-01,4.978014669680230209e-01,4.967123854258224114e-01,4.956283712842742273e-01,4.945569994585214402e-01,4.935062842570054342e-01
5.826781326781326209e-01,4.966456455161262773e-01,4.970377819253288809e-01,4.974530172212051626e-01,4.978858730066761940e-01,4.983310285831958342e-01,4.987831563763765463e-01,4.992367699188774988e-01,4.996860808343844829e-01,5.001248622660577903e-01,5.005463178874997032e-01,5.009429585716517197e-01,5.013064938645620527e-01,5.016277540183762262e-01,5.018966725714205657e-01,5.021023821620702599e-01,5.022335105940695099e-01,5.022788118513940026e-01,5.022283231639242951e-01,5.020752825826653165e-01,5.018190140640778063e-01,5.014687738808596418e-01,5.010479898152926381e-01,5.005973189819806768e-01,5.001737930800735921e-01,4.998430707503779824e-01,4.996640314575928610e-01,4.996698735198580876e-01,4.998543072688462763e-01,5.001703141277512588e-01,5.005415599893286993e-01,5.008789682840993907e-01,5.010931478870187528e-01,5.010960604740043456e-01,5.007838631732269841e-01,4.999495653847610965e-01,4.993164558525211016e-01,5.003024637966178023e-01,5.005421182670455327e-01,5.003024637966181354e-01,4.993164558525207686e-01,4.999495653847612631e-01,5.007838631732269841e-01,5.010960604740046787e-01,5.010931478870190858e-01,5.008789682840989466e-01,5.005415599893286993e-01,5.001703141277510367e-01,4.998543072688461097e-01,4.996698735198575325e-01,4.996640314575926944e-01,4.998430707503770942e-01,5.001737930800727039e-01,5.005973189819807878e-01,5.010479898152925271e-01,5.014687738808604189e-01,5.018190140640776953e-01,5.020752825826654275e-01,5.022283231639247392e-01,5.022788118513938915e-01,5.022335105940697320e-01,5.021023821620704819e-01,5.018966725714202326e-01,5.016277540183761152e-01,5.013064938645622748e-01,5.009429585716524969e-01,5.005463178874998142e-01,5.001248622660575682e-01,4.996860808343842608e-01,4.992367699188783314e-01,4.987831563763768239e-01,4.983310285831961672e-01,4.978858730066760829e-01,4.974530172212058843e-01,4.970377819253288809e-01,4.966456455161268324e-01
5.890253890253890345e-01,4.963861943402461674e-01,4.960374020231483883e-01,4.956999186172161842e-01,4.953701529982538765e-01,4.950446451352015220e-01,4.947199407218568212e-01,4.943924774811275236e-01,4.940584809209239148e-01,4.937138679533434327e-01,4.933541577905002917e-01,4.929743911378586807e-01,4.925690612865786799e-01,4.921320648127904818e-01,4.916566860208890777e-01,4.911356390908533376e-01,4.905612063673769341e-01,4.899255314174545406e-01,4.892211511281394087e-01,4.884418781398875420e-01,4.875841605730419914e-01,4.866490213429406908e-01,4.856445615965900853e-01,4.845887290979989381e-01,4.835115514234589740e-01,4.824553986647072135e-01,4.814714539367599411e-01,4.806111430201774892e-01,4.799133683915652315e-01,4.793913987433954249e-01,4.790249385829645212e-01,4.787610056415268489e-01,4.785223203652664847e-01,4.782172817807581189e-01,4.777432113995731533e-01,4.769686420405437333e-01,4.756142116483355053e-01,4.750628300800096571e-01,4.755508552832592994e-01,4.750628300800101012e-01,4.756142116483366156e-01,4.769686420405435667e-01,4.777432113995718765e-01,4.782172817807578968e-01,4.785223203652665402e-01,4.787610056415267934e-01,4.790249385829643547e-01,4.793913987433954804e-01,4.799133683915660087e-01,4.806111430201777668e-01,4.814714539367604407e-01,4.824553986647076020e-01,4.835115514234596956e-01,4.845887290979989381e-01,4.856445615965893636e-01,4.866490213429420786e-01,4.875841605730412698e-01,4.884418781398873755e-01,4.892211511281395753e-01,4.899255314174553178e-01,4.905612063673762679e-01,4.911356390908532821e-01,4.916566860208889111e-01,4.921320648127903152e-01,4.925690612865787354e-01,4.929743911378585697e-01,4.933541577904994035e-01,4.937138679533429886e-01,4.940584809209231931e-01,4.943924774811283562e-01,4.947199407218573208e-01,4.950446451352015220e-01,4.953701529982543206e-01,4.956999186172151295e-01,4.960374020231478887e-01,4.963861943402456678e-01
5.953726453726453371e-01,4.898566221180615798e-01,4.887458654351868326e-01,4.876224313756218343e-01,4.864846003933958607e-01,4.853309101339561282e-01,4.841600426281452707e-01,4.829707206955594634e-01,4.817616124591067028e-01,4.805312433902533265e-01,4.792779160542157135e-01,4.779996388268369922e-01,4.766940664868312139e-01,4.753584579981869895e-01,4.739896603248175411e-01,4.725841321865066336e-01,4.711380287352751051e-01,4.696473775587628463e-01,4.681083880812503262e-01,4.665179489720139294e-01,4.648743775674996082e-01,4.631784826315067938e-01,4.614349703350731913e-01,4.596541370978384222e-01,4.578536210911054449e-01,4.560597113357840460e-01,4.543073846674156591e-01,4.526380239999862609e-01,4.510939736554878676e-01,4.497100086234484539e-01,4.485033529561801569e-01,4.474652701538615607e-01,4.465571941044584880e-01,4.457121786258076979e-01,4.448387102745164356e-01,4.438190458206737743e-01,4.424808580456547902e-01,4.403987041615750608e-01,4.397641861783976869e-01,4.403987041615752274e-01,4.424808580456548457e-01,4.438190458206728861e-01,4.448387102745167132e-01,4.457121786258069762e-01,4.465571941044584880e-01,4.474652701538617827e-01,4.485033529561807675e-01,4.497100086234490646e-01,4.510939736554878121e-01,4.526380239999854838e-01,4.543073846674156036e-01,4.560597113357843235e-01,4.578536210911043347e-01,4.596541370978386443e-01,4.614349703350741350e-01,4.631784826315061276e-01,4.648743775674996637e-01,4.665179489720137629e-01,4.681083880812516029e-01,4.696473775587644006e-01,4.711380287352751051e-01,4.725841321865065781e-01,4.739896603248173190e-01,4.753584579981868230e-01,4.766940664868314914e-01,4.779996388268369367e-01,4.792779160542168793e-01,4.805312433902541036e-01,4.817616124591067583e-01,4.829707206955592969e-01,4.841600426281455483e-01,4.853309101339562948e-01,4.864846003933951391e-01,4.876224313756217787e-01,4.887458654351867771e-01,4.898566221180618574e-01
6.017199017199017508e-01,4.714605883848905776e-01,4.696738430323987856e-01,4.678512860435625198e-01,4.659921682899144657e-01,4.640961484493614231e-01,4.621631830625263504e-01,4.601934224333567025e-01,4.581871120500835004e-01,4.561444997433318216e-01,4.540657494999694732e-01,4.519508637874807278e-01,4.497996175157639720e-01,4.476115085050644815e-01,4.453857317055349707e-01,4.431211876105083380e-01,4.408165394886414679e-01,4.384703392912413511e-01,4.360812481498598236e-01,4.336483834373028312e-01,4.311718284426332426e-01,4.286533388730266458e-01,4.260972657936482610e-01,4.235116768540146959e-01,4.209095837303126197e-01,4.183100629615325583e-01,4.157388933802612652e-01,4.132281639865350575e-01,4.108142233739394689e-01,4.085334862549999668e-01,4.064161036551006134e-01,4.044782920030230433e-01,4.027148383146460509e-01,4.010932898872919261e-01,3.995498293466742123e-01,3.979826704175929986e-01,3.962262989348254161e-01,3.939175868527029500e-01,3.906359225465904639e-01,3.939175868527050595e-01,3.962262989348253606e-01,3.979826704175929986e-01,3.995498293466733242e-01,4.010932898872909824e-01,4.027148383146467170e-01,4.044782920030238205e-01,4.064161036551002248e-01,4.085334862549995227e-01,4.108142233739391913e-01,4.132281639865350020e-01,4.157388933802619868e-01,4.183100629615329469e-01,4.209095837303127308e-01,4.235116768540151400e-01,4.260972657936482055e-01,4.286533388730265348e-01,4.311718284426341863e-01,4.336483834373037749e-01,4.360812481498596016e-01,4.384703392912417952e-01,4.408165394886409127e-01,4.431211876105077274e-01,4.453857317055345266e-01,4.476115085050645925e-01,4.497996175157643051e-01,4.519508637874805057e-01,4.540657494999695842e-01,4.561444997433318216e-01,4.581871120500834449e-01,4.601934224333570356e-01,4.621631830625274051e-01,4.640961484493615896e-01,4.659921682899125228e-01,4.678512860435624643e-01,4.696738430323996183e-01,4.714605883848897450e-01
6.080671580671580534e-01,4.338877410827738923e-01,4.317625294585010209e-01,4.296121839460020908e-01,4.274333500258022944e-01,4.252229901563451819e-01,4.229782919935743957e-01,4.206965816166011729e-01,4.183752411093540902e-01,4.160116304553042599e-01,4.136030144843003131e-01,4.111464966317053271e-01,4.086389626152380217e-01,4.060770389093067978e-01,4.034570732209580290e-01,4.007751471662454601e-01,3.980271350950382869e-01,3.952088274916729094e-01,3.923161423272836235e-01,3.893454524439594056e-01,3.862940600243198186e-01,3.831608477540385249e-01,3.799471260863243049e-01,3.766576708917325766e-01,3.733018983293173720e-01,3.698950477579416862e-01,3.664591389902654983e-01,3.630233517319506054e-01,3.596233800846667661e-01,3.562993041592280030e-01,3.530916560488354672e-01,3.500356440923806378e-01,3.471537905058981743e-01,3.444470887914522494e-01,3.418830475288773818e-01,3.393713659030309082e-01,3.366741413054886167e-01,3.322068462817887036e-01,3.333466410488980514e-01,3.322068462817888146e-01,3.366741413054892273e-01,3.393713659030310748e-01,3.418830475288787696e-01,3.444470887914525825e-01,3.471537905058973972e-01,3.500356440923804713e-01,3.530916560488358003e-01,3.562993041592279475e-01,3.596233800846663775e-01,3.630233517319504388e-01,3.664591389902645546e-01,3.698950477579416307e-01,3.733018983293175941e-01,3.766576708917330207e-01,3.799471260863258038e-01,3.831608477540381918e-01,3.862940600243195410e-01,3.893454524439607378e-01,3.923161423272830128e-01,3.952088274916741306e-01,3.980271350950382314e-01,4.007751471662464038e-01,4.034570732209579735e-01,4.060770389093069643e-01,4.086389626152372445e-01,4.111464966317052161e-01,4.136030144843008682e-01,4.160116304553051481e-01,4.183752411093535906e-01,4.206965816166016170e-01,4.229782919935740626e-01,4.252229901563444603e-01,4.274333500258026275e-01,4.296121839460032565e-01,4.317625294585012985e-01,4.338877410827732262e-01
6.144144144144143560e-01,3.795530311019928438e-01,3.774166125134322813e-01,3.753332582370011994e-01,3.732960293667752505e-01,3.712980509876995794e-01,3.693324062783331918e-01,3.673920328853960138e-01,3.654696195947583215e-01,3.635575017086797867e-01,3.616475541140251049e-01,3.597310818911748087e-01,3.577987096084315199e-01,3.558402723618090402e-01,3.538447144016387824e-01,3.518000051378855630e-01,3.496930877710530128e-01,3.475098830623914448e-01,3.452353799786547217e-01,3.428538558469656494e-01,3.403492801155686420e-01,3.377059652445415505e-01,3.349095307975465952e-01,3.319482346635398984e-01,3.288146877234128795e-01,3.255078931633901274e-01,3.220354305601271228e-01,3.184154414250517373e-01,3.146778927139446402e-01,3.108644488168564868e-01,3.070262280132968202e-01,3.032187562145874926e-01,2.994933534699465438e-01,2.958831788671870133e-01,2.923769206729694425e-01,2.888431423012301491e-01,2.844358096734498353e-01,2.835325318006924888e-01,2.835719400968380599e-01,2.835325318006917672e-01,2.844358096734495023e-01,2.888431423012297050e-01,2.923769206729695536e-01,2.958831788671864582e-01,2.994933534699469324e-01,3.032187562145872151e-01,3.070262280132964872e-01,3.108644488168561537e-01,3.146778927139446402e-01,3.184154414250512932e-01,3.220354305601275668e-01,3.255078931633906270e-01,3.288146877234122689e-01,3.319482346635399539e-01,3.349095307975468172e-01,3.377059652445412175e-01,3.403492801155691971e-01,3.428538558469663711e-01,3.452353799786558319e-01,3.475098830623914448e-01,3.496930877710534014e-01,3.518000051378866178e-01,3.538447144016391155e-01,3.558402723618093177e-01,3.577987096084319640e-01,3.597310818911746422e-01,3.616475541140267702e-01,3.635575017086793981e-01,3.654696195947573778e-01,3.673920328853952921e-01,3.693324062783349127e-01,3.712980509876998569e-01,3.732960293667756946e-01,3.753332582370010329e-01,3.774166125134321148e-01,3.795530311019923442e-01
6.207616707616707696e-01,3.571153475170777969e-01,3.545841365814830781e-01,3.521680724157680853e-01,3.498625463743914032e-01,3.476634060179772945e-01,3.455668823427168745e-01,3.435695193513562118e-01,3.416681031753318054e-01,3.398595876031981766e-01,3.381410123742334961e-01,3.365094099498739388e-01,3.349616956846451776e-01,3.334945354164470244e-01,3.321041835716891932e-01,3.307862841177995894e-01,3.295356264374532662e-01,3.283458490392517914e-01,3.272090869219103637e-01,3.261155648333340373e-01,3.250531506471153742e-01,3.240069031144323097e-01,3.229586787276592097e-01,3.218869041653735774e-01,3.207666701186138725e-01,3.195703465054853809e-01,3.182689309567345304e-01,3.168342773476373608e-01,3.152421528811395479e-01,3.134756938208222987e-01,3.115282613331161743e-01,3.094039489099245643e-01,3.071128488527238298e-01,3.046550059302680080e-01,3.019708820991592324e-01,2.986705041771309244e-01,2.967324634810907802e-01,2.967001694890943897e-01,2.966403914716398971e-01,2.967001694890945007e-01,2.967324634810912798e-01,2.986705041771303692e-01,3.019708820991583997e-01,3.046550059302675639e-01,3.071128488527234968e-01,3.094039489099252305e-01,3.115282613331162298e-01,3.134756938208229093e-01,3.152421528811400475e-01,3.168342773476368057e-01,3.182689309567351965e-01,3.195703465054861026e-01,3.207666701186130953e-01,3.218869041653736329e-01,3.229586787276589877e-01,3.240069031144330869e-01,3.250531506471154297e-01,3.261155648333343149e-01,3.272090869219095310e-01,3.283458490392520135e-01,3.295356264374534883e-01,3.307862841177995894e-01,3.321041835716891377e-01,3.334945354164474129e-01,3.349616956846452331e-01,3.365094099498744940e-01,3.381410123742332186e-01,3.398595876031975660e-01,3.416681031753315834e-01,3.435695193513566559e-01,3.455668823427163749e-01,3.476634060179770169e-01,3.498625463743913477e-01,3.521680724157681408e-01,3.545841365814828006e-01,3.571153475170780189e-01
6.271089271089270722e-01,4.165683165436435131e-01,4.140650563470033019e-01,4.116743604374888399e-01,4.093907765909120533e-01,4.072093947487178678e-01,4.051258013552232473e-01,4.031360397433906284e-01,4.012365757629429708e-01,3.994242678686532044e-01,3.976963408545645118e-01,3.960503623164764453e-01,3.944842207274749102e-01,3.929961036862053003e-01,3.915844743985599785e-01,3.902480437173383443e-01,3.889857340096456451e-01,3.877966296488228881e-01,3.866799069283510804e-01,3.856347335771295737e-01,3.846601247989736572e-01,3.837547390244472334e-01,3.829165928771700589e-01,3.821426723878251219e-01,3.814284183550972762e-01,3.807670711118724682e-01,3.801488771765835772e-01,3.795601876041400091e-01,3.789825035193923886e-01,3.783915042376583826e-01,3.777559053377128606e-01,3.770353071907515674e-01,3.761739072968611763e-01,3.750775337086285632e-01,3.734916421715855361e-01,3.720530451003981054e-01,3.728504953183593429e-01,3.731397811810712728e-01,3.732201731279675694e-01,3.731397811810712173e-01,3.728504953183596204e-01,3.720530451003979389e-01,3.734916421715852031e-01,3.750775337086286187e-01,3.761739072968606212e-01,3.770353071907511233e-01,3.777559053377128051e-01,3.783915042376578830e-01,3.789825035193931657e-01,3.795601876041398981e-01,3.801488771765840213e-01,3.807670711118724127e-01,3.814284183550970542e-01,3.821426723878251219e-01,3.829165928771705585e-01,3.837547390244467893e-01,3.846601247989738237e-01,3.856347335771294071e-01,3.866799069283507473e-01,3.877966296488228881e-01,3.889857340096455895e-01,3.902480437173386218e-01,3.915844743985600895e-01,3.929961036862062440e-01,3.944842207274753543e-01,3.960503623164761677e-01,3.976963408545641232e-01,3.994242678686536485e-01,4.012365757629428598e-01,4.031360397433899623e-01,4.051258013552226367e-01,4.072093947487179233e-01,4.093907765909122198e-01,4.116743604374893395e-01,4.140650563470034684e-01,4.165683165436434576e-01
6.334561834561834859e-01,4.736739090653017681e-01,4.719028829903975653e-01,4.702426911047561386e-01,4.686847889024619018e-01,4.672212353266206875e-01,4.658446444521964214e-01,4.645481400267501559e-01,4.633253123930903272e-01,4.621701773732687091e-01,4.610771367295145029e-01,4.600409398355561619e-01,4.590566461916313901e-01,4.581195883974071847e-01,4.572253351570091384e-01,4.563696538250959778e-01,4.555484719055025167e-01,4.547578367724277038e-01,4.539938726783808165e-01,4.532527338084270663e-01,4.525305516748516221e-01,4.518233744072075453e-01,4.511270942658801020e-01,4.504373575768496063e-01,4.497494474166652823e-01,4.490581220409736174e-01,4.483573775248053672e-01,4.476400729419383606e-01,4.468972902173112272e-01,4.461171439345122391e-01,4.452823417903871706e-01,4.443645062779056909e-01,4.433080871388272448e-01,4.419637732450814038e-01,4.398450790742470806e-01,4.411762243491595403e-01,4.416356082790938720e-01,4.418496384532589194e-01,4.419138365121950129e-01,4.418496384532588084e-01,4.416356082790937609e-01,4.411762243491586521e-01,4.398450790742468031e-01,4.419637732450817924e-01,4.433080871388271893e-01,4.443645062779057464e-01,4.452823417903871150e-01,4.461171439345120171e-01,4.468972902173110051e-01,4.476400729419376945e-01,4.483573775248053117e-01,4.490581220409740060e-01,4.497494474166657263e-01,4.504373575768494953e-01,4.511270942658803795e-01,4.518233744072074343e-01,4.525305516748516776e-01,4.532527338084264557e-01,4.539938726783808165e-01,4.547578367724275372e-01,4.555484719055028497e-01,4.563696538250961998e-01,4.572253351570090829e-01,4.581195883974070737e-01,4.590566461916308350e-01,4.600409398355560509e-01,4.610771367295140588e-01,4.621701773732692087e-01,4.633253123930902162e-01,4.645481400267499339e-01,4.658446444521962548e-01,4.672212353266206319e-01,4.686847889024621794e-01,4.702426911047561386e-01,4.719028829903979538e-01,4.736739090653018236e-01
6.398034398034397885e-01,5.354617982228998541e-01,5.357121926114867261e-01,5.360262493566828601e-01,5.363942943340186398e-01,5.368073041024578052e-01,5.372568205239198758e-01,5.377348686335349237e-01,5.382338772935155724e-01,5.387466021360532986e-01,5.392660502534490918e-01,5.397854060333062698e-01,5.402979574708318689e-01,5.407970222284640416e-01,5.412758726693531752e-01,5.417276590868737030e-01,5.421453304209542523e-01,5.425215519460244717e-01,5.428486198160989984e-01,5.431183730826387723e-01,5.433221050408749697e-01,5.434504777613710091e-01,5.434934467463443664e-01,5.434402071466335471e-01,5.432791790150174327e-01,5.429980559516723870e-01,5.425839459587484814e-01,5.420236248565870607e-01,5.413038700393864033e-01,5.404116507457847884e-01,5.393332952699547711e-01,5.380492286056354212e-01,5.365072271202859788e-01,5.343557646669510053e-01,5.342355729316726753e-01,5.339455330106107622e-01,5.335191464352311286e-01,5.331864458702849641e-01,5.330628364532097319e-01,5.331864458702857412e-01,5.335191464352306845e-01,5.339455330106112063e-01,5.342355729316731194e-01,5.343557646669512273e-01,5.365072271202854237e-01,5.380492286056354212e-01,5.393332952699548821e-01,5.404116507457846774e-01,5.413038700393865144e-01,5.420236248565875048e-01,5.425839459587479263e-01,5.429980559516730532e-01,5.432791790150176547e-01,5.434402071466343243e-01,5.434934467463443664e-01,5.434504777613711202e-01,5.433221050408756359e-01,5.431183730826389944e-01,5.428486198160994425e-01,5.425215519460242497e-01,5.421453304209538082e-01,5.417276590868745911e-01,5.412758726693538414e-01,5.407970222284657069e-01,5.402979574708320909e-01,5.397854060333058257e-01,5.392660502534488698e-01,5.387466021360536317e-01,5.382338772935151283e-01,5.377348686335345906e-01,5.372568205239193206e-01,5.368073041024575831e-01,5.363942943340191949e-01,5.360262493566840813e-01,5.357121926114869481e-01,5.354617982229006312e-01
6.461506961506962021e-01,5.671867483328485449e-01,5.695323810146770693e-01,5.720296416760723979e-01,5.746686934277378533e-01,5.774393679607647822e-01,5.803310835248647326e-01,5.833327642292621684e-01,5.864327590885465291e-01,5.896187594613458982e-01,5.928777137095169181e-01,5.961957380495528369e-01,5.995580226926188194e-01,6.029487325059411651e-01,6.063509016277327524e-01,6.097463218182416211e-01,6.131154249748869134e-01,6.164371614135328858e-01,6.196888775930137205e-01,6.228462005151652603e-01,6.258829419449355447e-01,6.287710451347082730e-01,6.314806116184499274e-01,6.339800678795126654e-01,6.362365629137646250e-01,6.382167271111025553e-01,6.398879622854378724e-01,6.412204454819709909e-01,6.421899463953272269e-01,6.427812096951918130e-01,6.429905494989508474e-01,6.428221569132708257e-01,6.422391378252350069e-01,6.418397291010824457e-01,6.415668868060944163e-01,6.411400049109505783e-01,6.407581894253460142e-01,6.405067868793296038e-01,6.404201718413351507e-01,6.405067868793293817e-01,6.407581894253456811e-01,6.411400049109509114e-01,6.415668868060941943e-01,6.418397291010822237e-01,6.422391378252350069e-01,6.428221569132714919e-01,6.429905494989510695e-01,6.427812096951917020e-01,6.421899463953265608e-01,6.412204454819702137e-01,6.398879622854378724e-01,6.382167271111031104e-01,6.362365629137646250e-01,6.339800678795131095e-01,6.314806116184505935e-01,6.287710451347087171e-01,6.258829419449359888e-01,6.228462005151668146e-01,6.196888775930134985e-01,6.164371614135332189e-01,6.131154249748862473e-01,6.097463218182418432e-01,6.063509016277320862e-01,6.029487325059417202e-01,5.995580226926190415e-01,5.961957380495535030e-01,5.928777137095169181e-01,5.896187594613456762e-01,5.864327590885476393e-01,5.833327642292609472e-01,5.803310835248653987e-01,5.774393679607647822e-01,5.746686934277368541e-01,5.720296416760721758e-01,5.695323810146760701e-01,5.671867483328491000e-01
6.524979524979525047e-01,6.548141264864439925e-01,6.544340351386093158e-01,6.541919783177024827e-01,6.540927398497639045e-01,6.541389836795973300e-01,6.543312286791045373e-01,6.546678558204437337e-01,6.551451444186651152e-01,6.557573343985688696e-01,6.564967119151156050e-01,6.573537161869567047e-01,6.583170661516724032e-01,6.593739066304438179e-01,6.605099752767135124e-01,6.617097939432139420e-01,6.629568916116050925e-01,6.642340711897667394e-01,6.655237398975047958e-01,6.668083332183230016e-01,6.680708757105522366e-01,6.692957373495869167e-01,6.704696575015111071e-01,6.715831096446654991e-01,6.726320460010136726e-01,6.736199505983314628e-01,6.745598781530895982e-01,6.754756956845205940e-01,6.764010622277751850e-01,6.773739142505222910e-01,6.784233772051200262e-01,6.795400965776063895e-01,6.808117210105883998e-01,6.825869617794888544e-01,6.841878028619704510e-01,6.855897212891877146e-01,6.866883970548417482e-01,6.873891238482601196e-01,6.876298059216968683e-01,6.873891238482598975e-01,6.866883970548401939e-01,6.855897212891874926e-01,6.841878028619702290e-01,6.825869617794895206e-01,6.808117210105896211e-01,6.795400965776055013e-01,6.784233772051201372e-01,6.773739142505216249e-01,6.764010622277760731e-01,6.754756956845204829e-01,6.745598781530893762e-01,6.736199505983302416e-01,6.726320460010132285e-01,6.715831096446656101e-01,6.704696575015109961e-01,6.692957373495864726e-01,6.680708757105511264e-01,6.668083332183227796e-01,6.655237398975054619e-01,6.642340711897654071e-01,6.629568916116035382e-01,6.617097939432122766e-01,6.605099752767121801e-01,6.593739066304430407e-01,6.583170661516727362e-01,6.573537161869572598e-01,6.564967119151166042e-01,6.557573343985703129e-01,6.551451444186658923e-01,6.546678558204408471e-01,6.543312286791066468e-01,6.541389836795995505e-01,6.540927398497654588e-01,6.541919783176990411e-01,6.544340351386096488e-01,6.548141264864448807e-01
6.588452088452088073e-01,7.450131208329315857e-01,7.425405483963630759e-01,7.398470687403431167e-01,7.369636425175184469e-01,7.339206497981028976e-01,7.307476843997506855e-01,7.274733726007759360e-01,7.241252156004986951e-01,7.207294556128178709e-01,7.173109661683922944e-01,7.138931680561118043e-01,7.104979733441226797e-01,7.071457610578208985e-01,7.038553892974674930e-01,7.006442497079560239e-01,6.975283709402132493e-01,6.945225773641164890e-01,6.916407064074328037e-01,6.888958799446722736e-01,6.863008079268844153e-01,6.838680700095282061e-01,6.816102674107159531e-01,6.795398628561635235e-01,6.776684511866958305e-01,6.760051859978529754e-01,6.745542313831935921e-01,6.733114958513493065e-01,6.722614030445736022e-01,6.713743312963189602e-01,6.706017835659118242e-01,6.698042381978455140e-01,6.697189946825230500e-01,6.695379947889205097e-01,6.693659200016782718e-01,6.692220054296522669e-01,6.691140581218230077e-01,6.690471593288448426e-01,6.690244928080535392e-01,6.690471593288456198e-01,6.691140581218225636e-01,6.692220054296503795e-01,6.693659200016776056e-01,6.695379947889187333e-01,6.697189946825234941e-01,6.698042381978461801e-01,6.706017835659107140e-01,6.713743312963171839e-01,6.722614030445740463e-01,6.733114958513496395e-01,6.745542313831938142e-01,6.760051859978538635e-01,6.776684511866960525e-01,6.795398628561600818e-01,6.816102674107158421e-01,6.838680700095294274e-01,6.863008079268830830e-01,6.888958799446727177e-01,6.916407064074320266e-01,6.945225773641174882e-01,6.975283709402121390e-01,7.006442497079543585e-01,7.038553892974668269e-01,7.071457610578201214e-01,7.104979733441227907e-01,7.138931680561119153e-01,7.173109661683911842e-01,7.207294556128188701e-01,7.241252156004985840e-01,7.274733726007761581e-01,7.307476843997506855e-01,7.339206497981034527e-01,7.369636425175192240e-01,7.398470687403416735e-01,7.425405483963627429e-01,7.450131208329298094e-01
6.651924651924652210e-01,7.493665558753063172e-01,7.435525969138729874e-01,7.371168586779652809e-01,7.301538400341003321e-01,7.227590851189010790e-01,7.150277996723701790e-01,7.070534816979564541e-01,6.989265993666784471e-01,6.907333508882617101e-01,6.825545401383784627e-01,6.744645981388895928e-01,6.665307743232089521e-01,6.588125135067514071e-01,6.513610256055760717e-01,6.442190467531440090e-01,6.374207842676783420e-01,6.309920358969991483e-01,6.249504777574429459e-01,6.193061259513641392e-01,6.140619908421647288e-01,6.092149498222937387e-01,6.047568435148278354e-01,6.006757258194378446e-01,5.969570582767330658e-01,5.935844623720251123e-01,5.905394846944116427e-01,5.877996252525479193e-01,5.853329452230369156e-01,5.830818754729450992e-01,5.808698400090847036e-01,5.789134414358863001e-01,5.778770435242095438e-01,5.769832477902995249e-01,5.762523980658829093e-01,5.756864481436229086e-01,5.752840178760220136e-01,5.750433759425295221e-01,5.749633045321971281e-01,5.750433759425304103e-01,5.752840178760214584e-01,5.756864481436235748e-01,5.762523980658833533e-01,5.769832477902963053e-01,5.778770435242100989e-01,5.789134414358844127e-01,5.808698400090789304e-01,5.830818754729468756e-01,5.853329452230351393e-01,5.877996252525506948e-01,5.905394846944130860e-01,5.935844623720269997e-01,5.969570582767288469e-01,6.006757258194349580e-01,6.047568435148267252e-01,6.092149498222932946e-01,6.140619908421675044e-01,6.193061259513632510e-01,6.249504777574386161e-01,6.309920358970002585e-01,6.374207842676790081e-01,6.442190467531467846e-01,6.513610256055762937e-01,6.588125135067526283e-01,6.665307743232069537e-01,6.744645981388918132e-01,6.825545401383787958e-01,6.907333508882644857e-01,6.989265993666825549e-01,7.070534816979590076e-01,7.150277996723745089e-01,7.227590851189009680e-01,7.301538400341024415e-01,7.371168586779637266e-01,7.435525969138755409e-01,7.493665558753069833e-01
6.715397215397215236e-01,6.658010226877216775e-01,6.448547164405888932e-01,6.225157965941751081e-01,5.993185964778322550e-01,5.757887780895216689e-01,5.524229069348892684e-01,5.296709928438937398e-01,5.079229790703536640e-01,4.874997190054616847e-01,4.686485002052274695e-01,4.515427356212780574e-01,4.362851075752791630e-01,4.229132651494617035e-01,4.114071585136671039e-01,4.016972361681911963e-01,3.936729972131360333e-01,3.871917110543762197e-01,3.820873830150093853e-01,3.781801213217770852e-01,3.752858412706783220e-01,3.732257397333503257e-01,3.718343946641596287e-01,3.709650299950766339e-01,3.704906684134311456e-01,3.703003978189660095e-01,3.702900120744149204e-01,3.703438938596291807e-01,3.702923356078370865e-01,3.697378182691651860e-01,3.666514101624522848e-01,3.675854012104135538e-01,3.683978853769576678e-01,3.690567768453743014e-01,3.695745428605430871e-01,3.699640533032139689e-01,3.702353596308379236e-01,3.703954355524802788e-01,3.704483493590999821e-01,3.703954355524788911e-01,3.702353596308459172e-01,3.699640533032150791e-01,3.695745428605347604e-01,3.690567768453718589e-01,3.683978853769568351e-01,3.675854012104215474e-01,3.666514101624451238e-01,3.697378182691614112e-01,3.702923356078393069e-01,3.703438938596231300e-01,3.702900120744130885e-01,3.703003978189696732e-01,3.704906684134278150e-01,3.709650299950704166e-01,3.718343946641535225e-01,3.732257397333473281e-01,3.752858412706826519e-01,3.781801213217796942e-01,3.820873830150049444e-01,3.871917110543812157e-01,3.936729972131358668e-01,4.016972361681913073e-01,4.114071585136614417e-01,4.229132651494585948e-01,4.362851075752771091e-01,4.515427356212783905e-01,4.686485002052233062e-01,4.874997190054572993e-01,5.079229790703547742e-01,5.296709928438955162e-01,5.524229069348968180e-01,5.757887780895182273e-01,5.993185964778416919e-01,6.225157965941692240e-01,6.448547164405898924e-01,6.658010226877161264e-01
6.778869778869779372e-01,6.775481704365194924e-01,6.636001594665942305e-01,6.461503211155679161e-01,6.253465289717174969e-01,6.014428575485962769e-01,5.748001359541931032e-01,5.458739255010652824e-01,5.151898595198115549e-01,4.833097824629652983e-01,4.507948654748312189e-01,4.181728263957243952e-01,3.859151553748200181e-01,3.544272921175271596e-01,3.240510722988223513e-01,2.950756342942530974e-01,2.677512107408979158e-01,2.423001636025469974e-01,2.189211060950567167e-01,1.977844680533719091e-01,1.790206416785667110e-01,1.627040496081502141e-01,1.488374012188503626e-01,1.373396961290047069e-01,1.280392445562557324e-01,1.206691515269827514e-01,1.148559123559763362e-01,1.100724529052880402e-01,1.054258808482593374e-01,9.733785888994109237e-02,9.433570827242139523e-02,9.476675453043856279e-02,9.522870822868544083e-02,9.571214402032721114e-02,9.617695644266605060e-02,9.658292371828994249e-02,9.689692594347783239e-02,9.709494804881603491e-02,9.716255727262672337e-02,9.709494804881495245e-02,9.689692594347694421e-02,9.658292371828902656e-02,9.617695644266746613e-02,9.571214402032457436e-02,9.522870822868539920e-02,9.476675453043469088e-02,9.433570827241923029e-02,9.733785888994203606e-02,1.054258808482610305e-01,1.100724529052864303e-01,1.148559123559752815e-01,1.206691515269819465e-01,1.280392445562570647e-01,1.373396961290058171e-01,1.488374012188500850e-01,1.627040496081483267e-01,1.790206416785641297e-01,1.977844680533694666e-01,2.189211060950613241e-01,2.423001636025330918e-01,2.677512107408953068e-01,2.950756342942377208e-01,3.240510722988246828e-01,3.544272921175367630e-01,3.859151553748146890e-01,4.181728263957486535e-01,4.507948654748361594e-01,4.833097824629539740e-01,5.151898595198078912e-01,5.458739255010687241e-01,5.748001359541866639e-01,6.014428575485923911e-01,6.253465289717174969e-01,6.461503211155764648e-01,6.636001594665910108e-01,6.775481704365219349e-01
6.842342342342342398e-01,7.022749079163455033e-01,7.185057006205948227e-01,7.340984135075467876e-01,7.485754936226969303e-01,7.613952146073483807e-01,7.719511810928841866e-01,7.795792614525460795e-01,7.835748492223506556e-01,7.832231106832677758e-01,7.778438203146115226e-01,7.668502506146689379e-01,7.498183232148524224e-01,7.265582291418360983e-01,6.971769431373643355e-01,6.621179324168918745e-01,6.221653901145308696e-01,5.784053217495931376e-01,5.321441944243237021e-01,4.847954375556303708e-01,4.377517218330462812e-01,3.922638789643217994e-01,3.493444685550468054e-01,3.097063604875934240e-01,2.737365792351836857e-01,2.414946685744014943e-01,2.127097397290994008e-01,1.867029079161075522e-01,1.617611407408287294e-01,1.393454228021929475e-01,1.252631068248867829e-01,1.132804245161275480e-01,1.033692644282599854e-01,9.535190927032805019e-02,8.905054123277804379e-02,8.431200442794582750e-02,8.101482688742531191e-02,7.907158454089711908e-02,7.842968488474931499e-02,7.907158454089513455e-02,8.101482688742607519e-02,8.431200442794632710e-02,8.905054123277444944e-02,9.535190927032642649e-02,1.033692644282575845e-01,1.132804245161302126e-01,1.252631068248893920e-01,1.393454228021980545e-01,1.617611407408311719e-01,1.867029079161101890e-01,2.127097397291106140e-01,2.414946685744062127e-01,2.737365792351845739e-01,3.097063604875902043e-01,3.493444685550359807e-01,3.922638789643232982e-01,4.377517218330431170e-01,4.847954375556286499e-01,5.321441944243203714e-01,5.784053217495935817e-01,6.221653901145328680e-01,6.621179324168887659e-01,6.971769431373678882e-01,7.265582291418368754e-01,7.498183232148551980e-01,7.668502506146701592e-01,7.778438203146139651e-01,7.832231106832655554e-01,7.835748492223495454e-01,7.795792614525469677e-01,7.719511810928852968e-01,7.613952146073464933e-01,7.485754936226989287e-01,7.340984135075451222e-01,7.185057006205906038e-01,7.022749079163452812e-01
6.905814905814906535e-01,6.142400142761993420e-01,6.314994549622022779e-01,6.496586697568824675e-01,6.683608884756038204e-01,6.872028952267017488e-01,7.057335643362460109e-01,7.234552410546252199e-01,7.398295726394994443e-01,7.542892983015732078e-01,7.662570895392034620e-01,7.751717234941661872e-01,7.805206773489631322e-01,7.818767803500781266e-01,7.789351197837250940e-01,7.715453396861782220e-01,7.597341760274035627e-01,7.437137944255564070e-01,7.238732438930245427e-01,7.007528214522966703e-01,6.750038153656940931e-01,6.473383080089429864e-01,6.184748916514172246e-01,5.890858888412776606e-01,5.597496982526646292e-01,5.309073879871102353e-01,5.028107159556289840e-01,4.753887049085084859e-01,4.476276669004420894e-01,4.250969064508531847e-01,4.047646994530023634e-01,3.867704798588881832e-01,3.711667149505081809e-01,3.579793866508349520e-01,3.472142536210792718e-01,3.388638509049421432e-01,3.329143972646049221e-01,3.293516620345774970e-01,3.281653291709784592e-01,3.293516620345723900e-01,3.329143972646035898e-01,3.388638509049398118e-01,3.472142536210806596e-01,3.579793866508325095e-01,3.711667149505135099e-01,3.867704798588916804e-01,4.047646994530000875e-01,4.250969064508587913e-01,4.476276669004399245e-01,4.753887049085087635e-01,5.028107159556306494e-01,5.309073879871065715e-01,5.597496982526655174e-01,5.890858888412804362e-01,6.184748916514208883e-01,6.473383080089423203e-01,6.750038153656947593e-01,7.007528214523013332e-01,7.238732438930235435e-01,7.437137944255587385e-01,7.597341760274012312e-01,7.715453396861788882e-01,7.789351197837270924e-01,7.818767803500827895e-01,7.805206773489637984e-01,7.751717234941668533e-01,7.662570895392061265e-01,7.542892983015735409e-01,7.398295726394987781e-01,7.234552410546221113e-01,7.057335643362446786e-01,6.872028952266917567e-01,6.683608884756028212e-01,6.496586697568864643e-01,6.314994549622012787e-01,6.142400142762006743e-01
6.969287469287469561e-01,6.174642595341065521e-01,6.140240059068100553e-01,6.145245473849410001e-01,6.185812652323472438e-01,6.257732295323268357e-01,6.356534182546882406e-01,6.477529341239929295e-01,6.615826162906918162e-01,6.766340990845106651e-01,6.923816735499449537e-01,7.082859290393781482e-01,7.237999223984467045e-01,7.383784401371649153e-01,7.514907063949919364e-01,7.626365755253804446e-01,7.713657763548226187e-01,7.772991297633544683e-01,7.801499003488641115e-01,7.797427197381775477e-01,7.760270655674983420e-01,7.690823358971904389e-01,7.591122548793068914e-01,7.464275629281135194e-01,7.314171651684742148e-01,7.145077378315465300e-01,6.961041550925115562e-01,6.763998352492759381e-01,6.554127272515002378e-01,6.360879149057739879e-01,6.177789464726340940e-01,6.008098770050315229e-01,5.855081651513270868e-01,5.721515089223031536e-01,5.609605233289557402e-01,5.521021397299754607e-01,5.456962292694879091e-01,5.418225333040760372e-01,5.405264048580777914e-01,5.418225333040742608e-01,5.456962292694896854e-01,5.521021397299745725e-01,5.609605233289570725e-01,5.721515089223069284e-01,5.855081651513242003e-01,6.008098770050308568e-01,6.177789464726340940e-01,6.360879149057774296e-01,6.554127272515036795e-01,6.763998352492728294e-01,6.961041550925105570e-01,7.145077378315457528e-01,7.314171651684739928e-01,7.464275629281100777e-01,7.591122548793075575e-01,7.690823358971903279e-01,7.760270655675002294e-01,7.797427197381791020e-01,7.801499003488665540e-01,7.772991297633512486e-01,7.713657763548211754e-01,7.626365755253798895e-01,7.514907063949962662e-01,7.383784401371653594e-01,7.237999223984490360e-01,7.082859290393836993e-01,6.923816735499460640e-01,6.766340990845092218e-01,6.615826162906911501e-01,6.477529341239861571e-01,6.356534182546919043e-01,6.257732295323297222e-01,6.185812652323496863e-01,6.145245473849527684e-01,6.140240059067999523e-01,6.174642595341081064e-01
7.032760032760032587e-01,8.100731842137310901e-01,8.100487493263812677e-01,7.938563312159889751e-01,7.702228136783555446e-01,7.449110371124169072e-01,7.213383763488208089e-01,7.013456583039860970e-01,6.857965962865438803e-01,6.749736845102799476e-01,6.688184960332576035e-01,6.670696158836231238e-01,6.693377680433495458e-01,6.751440387372112939e-01,6.839375303974961628e-01,6.951029556710581758e-01,7.079654082039158469e-01,7.217977291129427098e-01,7.358346499015934183e-01,7.492965518077296938e-01,7.614237671933412610e-01,7.715197032839901103e-01,7.789979685953252186e-01,7.834258149532561388e-01,7.845542232721798293e-01,7.823224795153953526e-01,7.767990282658088219e-01,7.668491002481478969e-01,7.558745722371005282e-01,7.435368714904212473e-01,7.303556080055083610e-01,7.170065832608893963e-01,7.041371845486064096e-01,6.923196951880361549e-01,6.820329490340033551e-01,6.736577631921703002e-01,6.674799456889389804e-01,6.636966438192126727e-01,6.624229463132093043e-01,6.636966438192123396e-01,6.674799456889375371e-01,6.736577631921701892e-01,6.820329490340034662e-01,6.923196951880343786e-01,7.041371845486080749e-01,7.170065832608887302e-01,7.303556080055088051e-01,7.435368714904211362e-01,7.558745722371029707e-01,7.668491002481491181e-01,7.767990282658074896e-01,7.823224795153956856e-01,7.845542232721791631e-01,7.834258149532535853e-01,7.789979685953243305e-01,7.715197032839875568e-01,7.614237671933351548e-01,7.492965518077251419e-01,7.358346499015908648e-01,7.217977291129430428e-01,7.079654082039171792e-01,6.951029556710640600e-01,6.839375303974901676e-01,6.751440387372136254e-01,6.693377680433495458e-01,6.670696158836247891e-01,6.688184960332561602e-01,6.749736845102857208e-01,6.857965962865493204e-01,7.013456583039799908e-01,7.213383763488226963e-01,7.449110371124194607e-01,7.702228136783527690e-01,7.938563312159844232e-01,8.100487493263798244e-01,8.100731842137276484e-01
7.096232596232596723e-01,3.555847589906613870e-01,4.655324652738697111e-01,5.779056580102983620e-01,6.776394500340477967e-01,7.529776641100593970e-01,7.992942122577030295e-01,8.189142921905808725e-01,8.181666389044153220e-01,8.042633785966171178e-01,7.834325164050096602e-01,7.602992981953144991e-01,7.379755107028652672e-01,7.183969559485994250e-01,7.026693695160556308e-01,6.913385024171490034e-01,6.845742314998426448e-01,6.822841543379426499e-01,6.841766455401371294e-01,6.897912764155029741e-01,6.985117076222775445e-01,7.095742085611757011e-01,7.220833017669334719e-01,7.350428233745577300e-01,7.474017668626506961e-01,7.580780516780502021e-01,7.650785604848755472e-01,7.707973726065115994e-01,7.735775118858022603e-01,7.728160850795630088e-01,7.690460021741692964e-01,7.630069432277210018e-01,7.555522883619314456e-01,7.475549003057412323e-01,7.398289771085461153e-01,7.330757902235868206e-01,7.278526324337196707e-01,7.245593211389351751e-01,7.234350584832376363e-01,7.245593211389340649e-01,7.278526324337211140e-01,7.330757902235870427e-01,7.398289771085467814e-01,7.475549003057404551e-01,7.555522883619312235e-01,7.630069432277216679e-01,7.690460021741691854e-01,7.728160850795635639e-01,7.735775118858011501e-01,7.707973726065108222e-01,7.650785604848737709e-01,7.580780516780458722e-01,7.474017668626516953e-01,7.350428233745561757e-01,7.220833017669353593e-01,7.095742085611727035e-01,6.985117076222784327e-01,6.897912764154989773e-01,6.841766455401381286e-01,6.822841543379399853e-01,6.845742314998475297e-01,6.913385024171397886e-01,7.026693695160552977e-01,7.183969559486024226e-01,7.379755107028606043e-01,7.602992981953144991e-01,7.834325164050167656e-01,8.042633785966213367e-01,8.181666389044142118e-01,8.189142921905829819e-01,7.992942122577050279e-01,7.529776641100670576e-01,6.776394500340477967e-01,5.779056580102862606e-01,4.655324652738670466e-01,3.555847589906478423e-01
7.159705159705159749e-01,1.522095147653869107e-01,1.739457918383249535e-01,2.117853800817677823e-01,2.679355683757083106e-01,3.427521669000285764e-01,4.333207755573785236e-01,5.325628306644150101e-01,6.299602561517083643e-01,7.143286890768699715e-01,7.774277531493103410e-01,8.162176493593371607e-01,8.326189595819003531e-01,8.315485198896525043e-01,8.187618162519203491e-01,7.994371520835856781e-01,7.776010292051374062e-01,7.560973452595640687e-01,7.367908821227268090e-01,7.208149745130844055e-01,7.087795710280824224e-01,7.009162554113559374e-01,6.971619946855507344e-01,6.971870695438082688e-01,7.003471103315616064e-01,7.052550801361592292e-01,7.154336404426699936e-01,7.286783715907240166e-01,7.396346910732977120e-01,7.482010289430509609e-01,7.540422123040203539e-01,7.570541928196161674e-01,7.574702407128995896e-01,7.558369929658175224e-01,7.529131614733807210e-01,7.495346465455460239e-01,7.464837749422690294e-01,7.443859437046895788e-01,7.436409665160749194e-01,7.443859437046888017e-01,7.464837749422705837e-01,7.495346465455456908e-01,7.529131614733788336e-01,7.558369929658191877e-01,7.574702407129002557e-01,7.570541928196113934e-01,7.540422123040196878e-01,7.482010289430515160e-01,7.396346910733017088e-01,7.286783715907223513e-01,7.154336404426727691e-01,7.052550801361598953e-01,7.003471103315681567e-01,6.971870695438007193e-01,6.971619946855541761e-01,7.009162554113627097e-01,7.087795710280883066e-01,7.208149745130834063e-01,7.367908821227225902e-01,7.560973452595601829e-01,7.776010292051384054e-01,7.994371520835861222e-01,8.187618162519163523e-01,8.315485198896503949e-01,8.326189595819012412e-01,8.162176493593442661e-01,7.774277531493168913e-01,7.143286890768735242e-01,6.299602561517118060e-01,5.325628306644137888e-01,4.333207755573935116e-01,3.427521669000299087e-01,2.679355683757143614e-01,2.117853800817678933e-01,1.739457918383259805e-01,1.522095147653886593e-01
7.223177723177722775e-01,1.936870079652788512e-01,1.836185968757715614e-01,1.789626678192679787e-01,1.812702296741784402e-01,1.923967519236932378e-01,2.144337249850744309e-01,2.494911137066239126e-01,2.992397544734141102e-01,3.641550089707041860e-01,4.425531170890262267e-01,5.298085713914374439e-01,6.184223145260057120e-01,6.994608353651391441e-01,7.650468371531600198e-01,8.106295739213367213e-01,8.357789032182575406e-01,8.433405399522915236e-01,8.378078398156070250e-01,8.238618877283515607e-01,8.055115873261388115e-01,7.857871635949921219e-01,7.667567261632510789e-01,7.496412527412665838e-01,7.347615280933298409e-01,7.240260672427167865e-01,7.298449810357985346e-01,7.321143232434570436e-01,7.345948755245470529e-01,7.374669745951651922e-01,7.403577944858240611e-01,7.427681484202667272e-01,7.442814548037813838e-01,7.446994081969109391e-01,7.441043842792522955e-01,7.428358674802493233e-01,7.413892118700405875e-01,7.402703622906188219e-01,7.398519124643314626e-01,7.402703622906207093e-01,7.413892118700410316e-01,7.428358674802535422e-01,7.441043842792528507e-01,7.446994081969102730e-01,7.442814548037837152e-01,7.427681484202637296e-01,7.403577944858258375e-01,7.374669745951654143e-01,7.345948755245429451e-01,7.321143232434550452e-01,7.298449810357970913e-01,7.240260672427150102e-01,7.347615280933261772e-01,7.496412527412713578e-01,7.667567261632494136e-01,7.857871635949942313e-01,8.055115873261373682e-01,8.238618877283548914e-01,8.378078398156113549e-01,8.433405399522944101e-01,8.357789032182558753e-01,8.106295739213355001e-01,7.650468371531650158e-01,6.994608353651393662e-01,6.184223145260112631e-01,5.298085713914444383e-01,4.425531170890264487e-01,3.641550089707041860e-01,2.992397544734098913e-01,2.494911137066193885e-01,2.144337249850773730e-01,1.923967519236945145e-01,1.812702296741770525e-01,1.789626678192684783e-01,1.836185968757727272e-01,1.936870079652813770e-01
7.286650286650286912e-01,2.675623887023341752e-01,2.522599100631557345e-01,2.390305534812879884e-01,2.284029005527715428e-01,2.210273757390939786e-01,2.177034868579539872e-01,2.194058261498676443e-01,2.272999492965949442e-01,2.427309032298690938e-01,2.671548063568610631e-01,3.019696363468872824e-01,3.481946509956743707e-01,4.059710177709347501e-01,4.739426190887906509e-01,5.487395958447541799e-01,6.249523687484875856e-01,6.959452092753343200e-01,7.554402656410530437e-01,7.992032450569607205e-01,8.259595391983264312e-01,8.371589592244949030e-01,8.359231264178157428e-01,8.257686100673213847e-01,8.089011989347079101e-01,8.005022615935126762e-01,7.906025694151894712e-01,7.800696170839138688e-01,7.704511804449521994e-01,7.622141518577918440e-01,7.554056890227690557e-01,7.498491336499437665e-01,7.452684316569614387e-01,7.413938050263945145e-01,7.380486698387104250e-01,7.351999081422199156e-01,7.329531905904701494e-01,7.314916949065546348e-01,7.309822779861598896e-01,7.314916949065534135e-01,7.329531905904704825e-01,7.351999081422221360e-01,7.380486698387110911e-01,7.413938050263922941e-01,7.452684316569605505e-01,7.498491336499440996e-01,7.554056890227681675e-01,7.622141518577939534e-01,7.704511804449488688e-01,7.800696170839127586e-01,7.906025694151899152e-01,8.005022615935115660e-01,8.089011989347077991e-01,8.257686100673206075e-01,8.359231264178160759e-01,8.371589592244947919e-01,8.259595391983305390e-01,7.992032450569567237e-01,7.554402656410529326e-01,6.959452092753347641e-01,6.249523687484865864e-01,5.487395958447505162e-01,4.739426190887912060e-01,4.059710177709313639e-01,3.481946509956724833e-01,3.019696363468892808e-01,2.671548063568625064e-01,2.427309032298675673e-01,2.272999492965941670e-01,2.194058261498724738e-01,2.177034868579543758e-01,2.210273757390964211e-01,2.284029005527733469e-01,2.390305534812834365e-01,2.522599100631567337e-01,2.675623887023337866e-01
7.350122850122851048e-01,3.305221462594163939e-01,3.162400371421142942e-01,3.030718114351931836e-01,2.912352060265360199e-01,2.809834959483537564e-01,2.726138172657933123e-01,2.664771456973585306e-01,2.629896944284765836e-01,2.626449217574916561e-01,2.660242745866001068e-01,2.738029461532808795e-01,2.867439470450410255e-01,3.056694368120991268e-01,3.313928805494146257e-01,3.645911227477872663e-01,4.055970613055900342e-01,4.541108264834595176e-01,5.088714954611358587e-01,5.674025990256167384e-01,6.260080221701584957e-01,6.801660533787985408e-01,7.252444433905895771e-01,7.567804315504087498e-01,7.445790346008177574e-01,7.375571303405336065e-01,7.344092766065424271e-01,7.293662039253145934e-01,7.226518328952341585e-01,7.153938536326474029e-01,7.087301486178069210e-01,7.035175162548585881e-01,7.002338778118321061e-01,6.989586593890059207e-01,6.993985949110208544e-01,7.009608982272587108e-01,7.028826468508359016e-01,7.044091160769081483e-01,7.049858816047482879e-01,7.044091160769078153e-01,7.028826468508362346e-01,7.009608982272567124e-01,6.993985949110196332e-01,6.989586593890053656e-01,7.002338778118303297e-01,7.035175162548609196e-01,7.087301486178091414e-01,7.153938536326465147e-01,7.226518328952321601e-01,7.293662039253122620e-01,7.344092766065418720e-01,7.375571303405409340e-01,7.445790346008132055e-01,7.567804315504048640e-01,7.252444433905917975e-01,6.801660533788029817e-01,6.260080221701564973e-01,5.674025990256194030e-01,5.088714954611486263e-01,4.541108264834585184e-01,4.055970613055824847e-01,3.645911227477794392e-01,3.313928805494159024e-01,3.056694368120997929e-01,2.867439470450467986e-01,2.738029461532829334e-01,2.660242745866033265e-01,2.626449217574949313e-01,2.629896944284763061e-01,2.664771456973611397e-01,2.726138172657941450e-01,2.809834959483548111e-01,2.912352060265391285e-01,3.030718114351926840e-01,3.162400371421157375e-01,3.305221462594205017e-01
7.413595413595414074e-01,3.777177769243919569e-01,3.657812232199869062e-01,3.546300199631290950e-01,3.443812592490982927e-01,3.351632040220667852e-01,3.271169778993312516e-01,3.203985416178892209e-01,3.151808819626626401e-01,3.116562545435909715e-01,3.100381820350897599e-01,3.105626854061051545e-01,3.134878762107293215e-01,3.190905081749138006e-01,3.276573072548057963e-01,3.394677909811841254e-01,3.547637554793081072e-01,3.736984834074589257e-01,3.962554363579166017e-01,4.221192735423982545e-01,4.504603238170752921e-01,4.795005986412561594e-01,5.051719052002197063e-01,5.100518549740016283e-01,4.361996869442084646e-01,4.290501117559459843e-01,4.239725406697184562e-01,4.173582605498712406e-01,4.092744785838454136e-01,4.015984244053859009e-01,3.974893648945622138e-01,4.008621623952330904e-01,4.155826665907233486e-01,4.442446112322860907e-01,4.865613471452554517e-01,5.378335283947246470e-01,5.885480676215675278e-01,6.263273384278814637e-01,6.403629992061129483e-01,6.263273384278803535e-01,5.885480676215650853e-01,5.378335283947227596e-01,4.865613471452524541e-01,4.442446112322834262e-01,4.155826665907165207e-01,4.008621623952373647e-01,3.974893648945531655e-01,4.015984244053935059e-01,4.092744785838534627e-01,4.173582605498787346e-01,4.239725406697164578e-01,4.290501117559482047e-01,4.361996869442145153e-01,5.100518549740079566e-01,5.051719052002222599e-01,4.795005986412555488e-01,4.504603238170769020e-01,4.221192735424012521e-01,3.962554363579177119e-01,3.736984834074599804e-01,3.547637554793166559e-01,3.394677909811855132e-01,3.276573072548039089e-01,3.190905081749125238e-01,3.134878762107307648e-01,3.105626854061090403e-01,3.100381820350913142e-01,3.116562545435898612e-01,3.151808819626654712e-01,3.203985416178880552e-01,3.271169778993309740e-01,3.351632040220674513e-01,3.443812592490970714e-01,3.546300199631298722e-01,3.657812232199864622e-01,3.777177769243921235e-01
7.477067977067977100e-01,4.107095225112583625e-01,4.012546757349725879e-01,3.924366419033928355e-01,3.843331774023177605e-01,3.770263259493820684e-01,3.706023866291088265e-01,3.651517919871449802e-01,3.607687916379632709e-01,3.575507865046145817e-01,3.555970841682427608e-01,3.550067348886266072e-01,3.558749410785022604e-01,3.582872761475720536e-01,3.623105366201627708e-01,3.679783482215274737e-01,3.752683378911854661e-01,3.840649652283520954e-01,3.940956794177858935e-01,4.048104003216016489e-01,4.151156712144313254e-01,4.226180846119237944e-01,4.201250934369656909e-01,3.514290080863640142e-01,3.277517369337426545e-01,3.026855293603424868e-01,2.708077396217005717e-01,2.304378132431071091e-01,1.815777856117800071e-01,1.264856920174097510e-01,7.077378635011653818e-02,2.455858211247460843e-02,2.725218753543349418e-03,2.246197444123487763e-02,9.596470596239958795e-02,2.190116934081308142e-01,3.627584701879337237e-01,4.795948640268203889e-01,5.246442359297192048e-01,4.795948640268182794e-01,3.627584701879271178e-01,2.190116934081263456e-01,9.596470596239570217e-02,2.246197444123287229e-02,2.725218753543102654e-03,2.455858211247829992e-02,7.077378635011510877e-02,1.264856920174148580e-01,1.815777856117865019e-01,2.304378132431096904e-01,2.708077396217051236e-01,3.026855293603391561e-01,3.277517369337449860e-01,3.514290080863583521e-01,4.201250934369675782e-01,4.226180846119215184e-01,4.151156712144293826e-01,4.048104003215990399e-01,3.940956794177877809e-01,3.840649652283500970e-01,3.752683378911859102e-01,3.679783482215248092e-01,3.623105366201592736e-01,3.582872761475733858e-01,3.558749410785037037e-01,3.550067348886300489e-01,3.555970841682437045e-01,3.575507865046153033e-01,3.607687916379620496e-01,3.651517919871433704e-01,3.706023866291094371e-01,3.770263259493817354e-01,3.843331774023166503e-01,3.924366419033949449e-01,4.012546757350129445e-01,4.107095225112590287e-01
7.540540540540541237e-01,4.317009999382252494e-01,4.246053060949662172e-01,4.180523969757178882e-01,4.121016591465087586e-01,4.068147756662891523e-01,4.022552907350683271e-01,3.984880271875949620e-01,3.955782621797691578e-01,3.935905297028312044e-01,3.925868643893273835e-01,3.926242198421999174e-01,3.937506690956105726e-01,3.959997914175675260e-01,3.993822994712015739e-01,4.038733101085629218e-01,4.093923392315625409e-01,4.157701194078630702e-01,4.226887480587294688e-01,4.295591272079182232e-01,4.352163044424101068e-01,4.368681744794310484e-01,4.213112784239466668e-01,3.776471545728841139e-01,3.566820298765049913e-01,3.295379361309188626e-01,2.941215155764760336e-01,2.499353931114228489e-01,1.986455630916376391e-01,1.452180445260504715e-01,9.864955039222737809e-02,7.087291869260123334e-02,7.263131661756758173e-02,1.074942859100147807e-01,1.683434668887060226e-01,2.397821900250766136e-01,3.045188363741136994e-01,3.487803721333816998e-01,3.644079538593533729e-01,3.487803721333762041e-01,3.045188363741118120e-01,2.397821900250790284e-01,1.683434668887114627e-01,1.074942859100115472e-01,7.263131661756509760e-02,7.087291869260073374e-02,9.864955039222407518e-02,1.452180445260496389e-01,1.986455630916391379e-01,2.499353931114284277e-01,2.941215155764747569e-01,3.295379361309215827e-01,3.566820298765065456e-01,3.776471545728807278e-01,4.213112784239468889e-01,4.368681744794323252e-01,4.352163044424121607e-01,4.295591272079177236e-01,4.226887480587284140e-01,4.157701194078608498e-01,4.093923392315630960e-01,4.038733101085622557e-01,3.993822994712000751e-01,3.959997914175706346e-01,3.937506690956115163e-01,3.926242198422010832e-01,3.925868643893262178e-01,3.935905297028292615e-01,3.955782621797682697e-01,3.984880271875971824e-01,4.022552907350653295e-01,4.068147756662901515e-01,4.121016591465094803e-01,4.180523969757183878e-01,4.246053060949657731e-01,4.317009999382243612e-01
7.604013104013104263e-01,4.424328665544975392e-01,4.375641407548134798e-01,4.331592209188900866e-01,4.292680927023899695e-01,4.259424391848884994e-01,4.232351355524364700e-01,4.211996052379060607e-01,4.198889552901329814e-01,4.193547799348971705e-01,4.196454778527188845e-01,4.208038617998990927e-01,4.228637320429947666e-01,4.258449037625929301e-01,4.297458500623080879e-01,4.345324772186122120e-01,4.401201604213890173e-01,4.463428412368634079e-01,4.528938837979421539e-01,4.591935593189573339e-01,4.640090470151309598e-01,4.636916182651944496e-01,4.305976436603248803e-01,4.110280606428196593e-01,3.855939597881059555e-01,3.506142017227167895e-01,3.046269396698663701e-01,2.484413542331188884e-01,1.863822308646205239e-01,1.268534589042869531e-01,8.066493777013043764e-02,5.679093602910217919e-02,5.800821882818478492e-02,7.986334467033019691e-02,1.134532340541662132e-01,1.492883428857637584e-01,1.797624919879368122e-01,1.998477665013790872e-01,2.068247035995066652e-01,1.998477665013784488e-01,1.797624919879370897e-01,1.492883428857648687e-01,1.134532340541666157e-01,7.986334467032878137e-02,5.800821882818653352e-02,5.679093602910589844e-02,8.066493777012810618e-02,1.268534589042902838e-01,1.863822308646203851e-01,2.484413542331186664e-01,3.046269396698672027e-01,3.506142017227182328e-01,3.855939597881080649e-01,4.110280606428220462e-01,4.305976436603246582e-01,4.636916182651941720e-01,4.640090470151301827e-01,4.591935593189571674e-01,4.528938837979424314e-01,4.463428412368636855e-01,4.401201604213894059e-01,4.345324772186126006e-01,4.297458500623088096e-01,4.258449037625903211e-01,4.228637320429942115e-01,4.208038617998971498e-01,4.196454778527188290e-01,4.193547799348978922e-01,4.198889552901332589e-01,4.211996052379055611e-01,4.232351355524375802e-01,4.259424391848892211e-01,4.292680927023894699e-01,4.331592209188894760e-01,4.375641407548126471e-01,4.424328665544970396e-01
7.667485667485667289e-01,4.441402244119881937e-01,4.414184169613370456e-01,4.390824867545677912e-01,4.371781033305811026e-01,4.357523743267506244e-01,4.348533426165501758e-01,4.345293541065636811e-01,4.348282179564240124e-01,4.357960544856986917e-01,4.374756847306577878e-01,4.399043498633588567e-01,4.431104395010789232e-01,4.471087157702591797e-01,4.518931568152920741e-01,4.574257975206945104e-01,4.636182571356389226e-01,4.702983472491090722e-01,4.771414150767464002e-01,4.834990081222418357e-01,4.878049599877334885e-01,4.824358585570774904e-01,4.481422972058594634e-01,4.201302469470007406e-01,3.801372001801973100e-01,3.257348186615348085e-01,2.578510850926576947e-01,1.822129558913019864e-01,1.093187088965377474e-01,5.116292537352085112e-02,1.598832388157317083e-02,5.036472368463835135e-03,1.350593870706579686e-02,3.392299873877534927e-02,5.906897065144810915e-02,8.334068248170907467e-02,1.029273913265673773e-01,1.154945711455651197e-01,1.198108304473967517e-01,1.154945711455675761e-01,1.029273913265688900e-01,8.334068248171157267e-02,5.906897065144851161e-02,3.392299873877516192e-02,1.350593870706564073e-02,5.036472368464339940e-03,1.598832388157275103e-02,5.116292537352182951e-02,1.093187088965417442e-01,1.822129558913051783e-01,2.578510850926619691e-01,3.257348186615370289e-01,3.801372001801979761e-01,4.201302469470015732e-01,4.481422972058589083e-01,4.824358585570776015e-01,4.878049599877348763e-01,4.834990081222428904e-01,4.771414150767477880e-01,4.702983472491093497e-01,4.636182571356380899e-01,4.574257975206966198e-01,4.518931568152914080e-01,4.471087157702596793e-01,4.431104395010783126e-01,4.399043498633584126e-01,4.374756847306576768e-01,4.357960544856994689e-01,4.348282179564244565e-01,4.345293541065643472e-01,4.348533426165510640e-01,4.357523743267505689e-01,4.371781033305807695e-01,4.390824867545688459e-01,4.414184169613377673e-01,4.441402244119869724e-01
7.730958230958231425e-01,4.377620967381826711e-01,4.371663698676636622e-01,4.368741157617860305e-01,4.369304191525149594e-01,4.373815439726218557e-01,4.382744342119025971e-01,4.396560778019041882e-01,4.415726483161966365e-01,4.440683092659614140e-01,4.471835175062823797e-01,4.509525830970891880e-01,4.554001074937570337e-01,4.605356761331573234e-01,4.663457017900592971e-01,4.727802937456134780e-01,4.797306116946194465e-01,4.869856333863524789e-01,4.941360967526624570e-01,5.003026084111773519e-01,5.028927084966575700e-01,4.745169889117941686e-01,4.419221091361523746e-01,3.959993779565549876e-01,3.336682651486825302e-01,2.578589804555003195e-01,1.775786761001839076e-01,1.054863283374618682e-01,5.236225163643561109e-02,2.260445754201334187e-02,1.407330849789586134e-02,2.105400743844555375e-02,3.726803519264913073e-02,5.746650712719943849e-02,7.781569193673663898e-02,9.571690718034762957e-02,1.094933111568391904e-01,1.181224208066151554e-01,1.210562281324368550e-01,1.181224208066132403e-01,1.094933111568343193e-01,9.571690718034872591e-02,7.781569193673704143e-02,5.746650712719950094e-02,3.726803519264820092e-02,2.105400743844344433e-02,1.407330849789537736e-02,2.260445754201394208e-02,5.236225163643588865e-02,1.054863283374637833e-01,1.775786761001827974e-01,2.578589804555037612e-01,3.336682651486818640e-01,3.959993779565563199e-01,4.419221091361538178e-01,4.745169889117954454e-01,5.028927084966582362e-01,5.003026084111773519e-01,4.941360967526641779e-01,4.869856333863524234e-01,4.797306116946207788e-01,4.727802937456135335e-01,4.663457017900584090e-01,4.605356761331556026e-01,4.554001074937576443e-01,4.509525830970907423e-01,4.471835175062824907e-01,4.440683092659619136e-01,4.415726483161976357e-01,4.396560778019041327e-01,4.382744342119028746e-01,4.373815439726215781e-01,4.369304191525157921e-01,4.368741157617866966e-01,4.371663698676638843e-01,4.377620967381827821e-01
7.794430794430794451e-01,4.240184185644959025e-01,4.255746946953779530e-01,4.273457698250434089e-01,4.293792603296144872e-01,4.317236100154736023e-01,4.344275697546801096e-01,4.375395090419575417e-01,4.411064536541840497e-01,4.451727029237558808e-01,4.497778132295157660e-01,4.549536220709018419e-01,4.607197907141077908e-01,4.670769788227444042e-01,4.739960346727791207e-01,4.813999805708574775e-01,4.891316083072057563e-01,4.968880558123303648e-01,5.040624732895218063e-01,5.092169812342529633e-01,5.058254532541470727e-01,4.583914975484147392e-01,4.090405510256071575e-01,3.448238317675831888e-01,2.717028923186048384e-01,2.008669025925306495e-01,1.433181057627534727e-01,1.049310372531091218e-01,8.553976101276029864e-02,8.129649435220565046e-02,8.737991005628771568e-02,9.952767244881922937e-02,1.144889134936317582e-01,1.299455763827385979e-01,1.442873118699216084e-01,1.564047067034510519e-01,1.655429050956603310e-01,1.712108261098717055e-01,1.731302305817203624e-01,1.712108261098664042e-01,1.655429050956603310e-01,1.564047067034553262e-01,1.442873118699196378e-01,1.299455763827353783e-01,1.144889134936363517e-01,9.952767244882554376e-02,8.737991005628226171e-02,8.129649435220871745e-02,8.553976101275942434e-02,1.049310372531080671e-01,1.433181057627528898e-01,2.008669025925311491e-01,2.717028923186065037e-01,3.448238317675851872e-01,4.090405510256097110e-01,4.583914975484152943e-01,5.058254532541468507e-01,5.092169812342536295e-01,5.040624732895212512e-01,4.968880558123294766e-01,4.891316083072055898e-01,4.813999805708571444e-01,4.739960346727800644e-01,4.670769788227451258e-01,4.607197907141086235e-01,4.549536220709025636e-01,4.497778132295167097e-01,4.451727029237559918e-01,4.411064536541840497e-01,4.375395090419570976e-01,4.344275697546797210e-01,4.317236100154736023e-01,4.293792603296145427e-01,4.273457698250432979e-01,4.255746946953777865e-01,4.240184185644964021e-01
7.857903357903358588e-01,4.035785126669670375e-01,4.073338814752757164e-01,4.112104223152676097e-01,4.152607343950767693e-01,4.195378364679896999e-01,4.240945696670944121e-01,4.289827735036706446e-01,4.342520897531459978e-01,4.399481879876283030e-01,4.461101046859670682e-01,4.527662143007998852e-01,4.599280419084160743e-01,4.675805429956339521e-01,4.756662785657342352e-01,4.840581922118326608e-01,4.925086180039775496e-01,5.005400026800951307e-01,5.071510781854295935e-01,5.095630779923661091e-01,4.740804649869663767e-01,4.247097691256981333e-01,3.664128576363627210e-01,3.056361368566782866e-01,2.518893408737544193e-01,2.114745814370600774e-01,1.858041913231390785e-01,1.729050981510767415e-01,1.695783484829503363e-01,1.727484855584533463e-01,1.799478062277962698e-01,1.893365248129087741e-01,1.995690237920677013e-01,2.096509911173149721e-01,2.188328662691069459e-01,2.265432654737003504e-01,2.323531652899659683e-01,2.359599613870252133e-01,2.371823910295536020e-01,2.359599613870281831e-01,2.323531652899669953e-01,2.265432654737055962e-01,2.188328662691172988e-01,2.096509911173142227e-01,1.995690237920639265e-01,1.893365248129071088e-01,1.799478062277993784e-01,1.727484855584534018e-01,1.695783484829479215e-01,1.729050981510764917e-01,1.858041913231394671e-01,2.114745814370611321e-01,2.518893408737536976e-01,3.056361368566773429e-01,3.664128576363614997e-01,4.247097691256983554e-01,4.740804649869660992e-01,5.095630779923672193e-01,5.071510781854293715e-01,5.005400026800951307e-01,4.925086180039783823e-01,4.840581922118329938e-01,4.756662785657351233e-01,4.675805429956343406e-01,4.599280419084155191e-01,4.527662143007999407e-01,4.461101046859672348e-01,4.399481879876288581e-01,4.342520897531457758e-01,4.289827735036713108e-01,4.240945696670941900e-01,4.195378364679885896e-01,4.152607343950771579e-01,4.112104223152678317e-01,4.073338814752754389e-01,4.035785126669679812e-01
7.921375921375921614e-01,3.773237440764666273e-01,3.833093802091110391e-01,3.893229988678695852e-01,3.954233682024598240e-01,4.016693672089753919e-01,4.081191914047486158e-01,4.148292422191923734e-01,4.218524878022105740e-01,4.292359893571938145e-01,4.370171294002555551e-01,4.452178073026664129e-01,4.538353806348479069e-01,4.628281971321669408e-01,4.720916043437867748e-01,4.814157019608746313e-01,4.904032989263761300e-01,4.982820256807775627e-01,5.033205829967876133e-01,4.986992767660622938e-01,4.423182376214863099e-01,3.945812375109747361e-01,3.490381182614232247e-01,3.110891628205185167e-01,2.831826922009851866e-01,2.649504275373670836e-01,2.546696398586054677e-01,2.503741983450292197e-01,2.503520425711486252e-01,2.532568750044961736e-01,2.580607491979773904e-01,2.639693940482668588e-01,2.703481336186398520e-01,2.766710648014739649e-01,2.824927024474354620e-01,2.874371358034275015e-01,2.911989333269684455e-01,2.935503461606093767e-01,2.943501262656368911e-01,2.935503461606078224e-01,2.911989333269635605e-01,2.874371358034282231e-01,2.824927024474408466e-01,2.766710648014717444e-01,2.703481336186369655e-01,2.639693940482647494e-01,2.580607491979766133e-01,2.532568750044932315e-01,2.503520425711476260e-01,2.503741983450353814e-01,2.546696398586035248e-01,2.649504275373686935e-01,2.831826922009874625e-01,3.110891628205189607e-01,3.490381182614227251e-01,3.945812375109752357e-01,4.423182376214876421e-01,4.986992767660613501e-01,5.033205829967879463e-01,4.982820256807772297e-01,4.904032989263761300e-01,4.814157019608744092e-01,4.720916043437879406e-01,4.628281971321674404e-01,4.538353806348477959e-01,4.452178073026671901e-01,4.370171294002562212e-01,4.292359893571929264e-01,4.218524878022100744e-01,4.148292422191918183e-01,4.081191914047481162e-01,4.016693672089751144e-01,3.954233682024595464e-01,3.893229988678697517e-01,3.833093802091106506e-01,3.773237440764666828e-01
7.984848484848485750e-01,3.465176581248246013e-01,3.546987745664992864e-01,3.628259208799001212e-01,3.709628261734365662e-01,3.791733977759328966e-01,3.875204849083199732e-01,3.960642042354305947e-01,4.048595095020099399e-01,4.139525490904125693e-01,4.233751227170013398e-01,4.331361507838589753e-01,4.432083583169885710e-01,4.535070055807834399e-01,4.638545682519202851e-01,4.739180326875128135e-01,4.830836808630447621e-01,4.901467364578140362e-01,4.921032873552742548e-01,4.577596436899994958e-01,4.197947523586663121e-01,3.871989331236209142e-01,3.606174996925922693e-01,3.406128677873791477e-01,3.266021796821716450e-01,3.175395835579212234e-01,3.123632299783513644e-01,3.101671280063417191e-01,3.102251465774885086e-01,3.119586639979453069e-01,3.148926006582993264e-01,3.186175523269413890e-01,3.227635761915670920e-01,3.269863626675149626e-01,3.309646043981203656e-01,3.344063614954569386e-01,3.370614719847253582e-01,3.387365390272292220e-01,3.393089149964468865e-01,3.387365390272306098e-01,3.370614719847240259e-01,3.344063614954542740e-01,3.309646043981238628e-01,3.269863626675122981e-01,3.227635761915648160e-01,3.186175523269377807e-01,3.148926006583005477e-01,3.119586639979454734e-01,3.102251465774905625e-01,3.101671280063455494e-01,3.123632299783517530e-01,3.175395835579192250e-01,3.266021796821719780e-01,3.406128677873831445e-01,3.606174996925923248e-01,3.871989331236199150e-01,4.197947523586653684e-01,4.577596436900011057e-01,4.921032873552733666e-01,4.901467364578133146e-01,4.830836808630439849e-01,4.739180326875126470e-01,4.638545682519213398e-01,4.535070055807827738e-01,4.432083583169872942e-01,4.331361507838593639e-01,4.233751227170015063e-01,4.139525490904124028e-01,4.048595095020109391e-01,3.960642042354307613e-01,3.875204849083188630e-01,3.791733977759336738e-01,3.709628261734375654e-01,3.628259208799003988e-01,3.546987745665009517e-01,3.465176581248253229e-01
8.048321048321048776e-01,3.129794634799939468e-01,3.231941412745244491e-01,3.333005539009394891e-01,3.433622836876102924e-01,3.534438831877601550e-01,3.636087626762280478e-01,3.739164884880255002e-01,3.844190268598570714e-01,3.951552840107703801e-01,4.061429912932267294e-01,4.173664832849811046e-01,4.287580432071835257e-01,4.401688209672461882e-01,4.513216600347890184e-01,4.617283997796921002e-01,4.705207781670548983e-01,4.759788159531200269e-01,4.726664436420918158e-01,4.345732822757616964e-01,4.113895671556441758e-01,3.926474267650952310e-01,3.779999108839676714e-01,3.670306958671131214e-01,3.591952345559216719e-01,3.539581526747069273e-01,3.508552595411034702e-01,3.495022458520611330e-01,3.495797980753697076e-01,3.508117132217041800e-01,3.529437960427700971e-01,3.557271601433062425e-01,3.589078632741915520e-01,3.622240175087643177e-01,3.654107706570886571e-01,3.682125171443155764e-01,3.704004137610960590e-01,3.717920681992659127e-01,3.722695596056397882e-01,3.717920681992664678e-01,3.704004137610976688e-01,3.682125171443179079e-01,3.654107706570851599e-01,3.622240175087645397e-01,3.589078632741924957e-01,3.557271601433045216e-01,3.529437960427707077e-01,3.508117132217043466e-01,3.495797980753674872e-01,3.495022458520620212e-01,3.508552595411029151e-01,3.539581526747050955e-01,3.591952345559226156e-01,3.670306958671138431e-01,3.779999108839670607e-01,3.926474267650953420e-01,4.113895671556445643e-01,4.345732822757615854e-01,4.726664436420915383e-01,4.759788159531195273e-01,4.705207781670558975e-01,4.617283997796917672e-01,4.513216600347894625e-01,4.401688209672454666e-01,4.287580432071839143e-01,4.173664832849818263e-01,4.061429912932273956e-01,3.951552840107703246e-01,3.844190268598577931e-01,3.739164884880266104e-01,3.636087626762271596e-01,3.534438831877604881e-01,3.433622836876105144e-01,3.333005539009397111e-01,3.231941412745244491e-01,3.129794634799936692e-01
8.111793611793611802e-01,2.789693347127041312e-01,2.908618358751040578e-01,3.026390558440230083e-01,3.143539427573201483e-01,3.260622115173171798e-01,3.378187275355135077e-01,3.496731473520545141e-01,3.616641916552594260e-01,3.738117315935554075e-01,3.861055702675945667e-01,3.984893401627301879e-01,4.108371723404356524e-01,4.229193066617213947e-01,4.343491736994313235e-01,4.444929682001206306e-01,4.522743925621945937e-01,4.554875028727656816e-01,4.365924727645945636e-01,4.191444207597123106e-01,4.061062825035876012e-01,3.956280199825358834e-01,3.873993040428163614e-01,3.811607780746234519e-01,3.766639745659641769e-01,3.736874268280838129e-01,3.720421808363981175e-01,3.715669251885594937e-01,3.721174773127722823e-01,3.735538936544668398e-01,3.757273896919475220e-01,3.784690038571112414e-01,3.815821272466953795e-01,3.848411546989829457e-01,3.879981269014070588e-01,3.907980272611483730e-01,3.930014207453131347e-01,3.944108752833008213e-01,3.948959123646870739e-01,3.944108752833025977e-01,3.930014207453164099e-01,3.907980272611478179e-01,3.879981269014052270e-01,3.848411546989822796e-01,3.815821272466933256e-01,3.784690038571106863e-01,3.757273896919476330e-01,3.735538936544647859e-01,3.721174773127705060e-01,3.715669251885607149e-01,3.720421808363972849e-01,3.736874268280816480e-01,3.766639745659640659e-01,3.811607780746235630e-01,3.873993040428159729e-01,3.956280199825358279e-01,4.061062825035881008e-01,4.191444207597129767e-01,4.365924727645946746e-01,4.554875028727661812e-01,4.522743925621934280e-01,4.444929682001200200e-01,4.343491736994322672e-01,4.229193066617212837e-01,4.108371723404357079e-01,3.984893401627315201e-01,3.861055702675950108e-01,3.738117315935547968e-01,3.616641916552593150e-01,3.496731473520544586e-01,3.378187275355135633e-01,3.260622115173174573e-01,3.143539427573213696e-01,3.026390558440221201e-01,2.908618358751040023e-01,2.789693347127040757e-01
8.175266175266175939e-01,2.470245272532455849e-01,2.599873541690670975e-01,2.728912449199228374e-01,2.857622486279398633e-01,2.986320330328068318e-01,3.115321352532918753e-01,3.244874050393418696e-01,3.375079424257189653e-01,3.505787157264992904e-01,3.636459006368472080e-01,3.765987971688847247e-01,3.892458641042376155e-01,4.012825178575818441e-01,4.122450293700148372e-01,4.214308619954368340e-01,4.276923749533083075e-01,4.282735696455590158e-01,4.111997212270985247e-01,4.024275718406652436e-01,3.954410526227567502e-01,3.898170587823094890e-01,3.854297245138052497e-01,3.821826137132358081e-01,3.799900370903865343e-01,3.787788316060259342e-01,3.784883649061596689e-01,3.790666460365160750e-01,3.804628959223448348e-01,3.826170747750144430e-01,3.854470610721239532e-01,3.888348827725590651e-01,3.926146025794807759e-01,3.965657912649951378e-01,4.004172221402386711e-01,4.038644982214202317e-01,4.066021484791152996e-01,4.083657808789784016e-01,4.089750293914888868e-01,4.083657808789802890e-01,4.066021484791153551e-01,4.038644982214203982e-01,4.004172221402383935e-01,3.965657912649949712e-01,3.926146025794821082e-01,3.888348827725591761e-01,3.854470610721251744e-01,3.826170747750133327e-01,3.804628959223422813e-01,3.790666460365164081e-01,3.784883649061600575e-01,3.787788316060262117e-01,3.799900370903858127e-01,3.821826137132351420e-01,3.854297245138047501e-01,3.898170587823095445e-01,3.954410526227565836e-01,4.024275718406649660e-01,4.111997212270983026e-01,4.282735696455594043e-01,4.276923749533094177e-01,4.214308619954379442e-01,4.122450293700147261e-01,4.012825178575814000e-01,3.892458641042375045e-01,3.765987971688833924e-01,3.636459006368464864e-01,3.505787157264986242e-01,3.375079424257183547e-01,3.244874050393408149e-01,3.115321352532919308e-01,2.986320330328061101e-01,2.857622486279396412e-01,2.728912449199231705e-01,2.599873541690685963e-01,2.470245272532454184e-01
8.238738738738740075e-01,2.194124727817110265e-01,2.325628307112967974e-01,2.457777081422016507e-01,2.590363316578510045e-01,2.723273013106645712e-01,2.856405451996126277e-01,2.989586641825628388e-01,3.122471095656114692e-01,3.254426928881777314e-01,3.384400436922503919e-01,3.510757998323566498e-01,3.631103800719635566e-01,3.742064757477938097e-01,3.838992960670775667e-01,3.915339401131174291e-01,3.960229727504879227e-01,3.899765235448743872e-01,3.833897267585050228e-01,3.792498495673162773e-01,3.759367130569682414e-01,3.733440095759428257e-01,3.714480204323293289e-01,3.702371755546501331e-01,3.697067629912622611e-01,3.698610161531248330e-01,3.707143723451707951e-01,3.722902275871954325e-01,3.746162303859321696e-01,3.777148338812914008e-01,3.815875453607768808e-01,3.861917576962388132e-01,3.914110616931188447e-01,3.970242883543184109e-01,4.026848699800314457e-01,4.079274333793782570e-01,4.122169021851361248e-01,4.150416214841714524e-01,4.160288299909907783e-01,4.150416214841697871e-01,4.122169021851369575e-01,4.079274333793803664e-01,4.026848699800325004e-01,3.970242883543199097e-01,3.914110616931187336e-01,3.861917576962381471e-01,3.815875453607756596e-01,3.777148338812910677e-01,3.746162303859320031e-01,3.722902275871957656e-01,3.707143723451713502e-01,3.698610161531249996e-01,3.697067629912628717e-01,3.702371755546499110e-01,3.714480204323297730e-01,3.733440095759428812e-01,3.759367130569682414e-01,3.792498495673182202e-01,3.833897267585058000e-01,3.899765235448756640e-01,3.960229727504849806e-01,3.915339401131152641e-01,3.838992960670786769e-01,3.742064757477945314e-01,3.631103800719646113e-01,3.510757998323575935e-01,3.384400436922471722e-01,3.254426928881785086e-01,3.122471095656143558e-01,2.989586641825631164e-01,2.856405451996130163e-01,2.723273013106646268e-01,2.590363316578522812e-01,2.457777081422014009e-01,2.325628307112973803e-01,2.194124727817122478e-01
8.302211302211301991e-01,1.974973226345621835e-01,2.097107503009715268e-01,2.221657832498071250e-01,2.347765304296091093e-01,2.474710123373451143e-01,2.601816191159782021e-01,2.728355289021145436e-01,2.853448919931863559e-01,2.975967853874519342e-01,3.094432006046274886e-01,3.206915534031323789e-01,3.310961169532962711e-01,3.403493462784674128e-01,3.480661011105780078e-01,3.537256847774175594e-01,3.563035864904515737e-01,3.505064591733400570e-01,3.483200221598443114e-01,3.467021541518131023e-01,3.454100953759873249e-01,3.444302267901521164e-01,3.437737972639945405e-01,3.434575546553780279e-01,3.435048564555722161e-01,3.439503992978957814e-01,3.448460538497216121e-01,3.462677356630154968e-01,3.483235489363417092e-01,3.511628511878076009e-01,3.549839912514216600e-01,3.600338423194688331e-01,3.665824974227712141e-01,3.748401775317008466e-01,3.847690425043443496e-01,3.957698779792707122e-01,4.063690077892486152e-01,4.142834305803015371e-01,4.172454777673861304e-01,4.142834305803030914e-01,4.063690077892490593e-01,3.957698779792694910e-01,3.847690425043444606e-01,3.748401775316990148e-01,3.665824974227721023e-01,3.600338423194688331e-01,3.549839912514228812e-01,3.511628511878069903e-01,3.483235489363429305e-01,3.462677356630144421e-01,3.448460538497205019e-01,3.439503992978966695e-01,3.435048564555739370e-01,3.434575546553779724e-01,3.437737972639950401e-01,3.444302267901522829e-01,3.454100953759867143e-01,3.467021541518114924e-01,3.483200221598449775e-01,3.505064591733407231e-01,3.563035864904512962e-01,3.537256847774166157e-01,3.480661011105783964e-01,3.403493462784666357e-01,3.310961169532967152e-01,3.206915534031299364e-01,3.094432006046277106e-01,2.975967853874511015e-01,2.853448919931849681e-01,2.728355289021153762e-01,2.601816191159776470e-01,2.474710123373461967e-01,2.347765304296092481e-01,2.221657832498043217e-01,2.097107503009715823e-01,1.974973226345610455e-01
8.365683865683866127e-01,1.813973940686799124e-01,1.914036442384693393e-01,2.018547953684897422e-01,2.125900353504046048e-01,2.234677061273898646e-01,2.343559927387135200e-01,2.451243198581919969e-01,2.556356390881170393e-01,2.657399498794558723e-01,2.752695389513568625e-01,2.840363123690644032e-01,2.918310494869421623e-01,2.984222658721930044e-01,3.035449515313319857e-01,3.068307294447666922e-01,3.069200447871991977e-01,3.036391081075726084e-01,3.026801918873274211e-01,3.016443142126356003e-01,3.004423473202447736e-01,2.990235262879122335e-01,2.973203573984428139e-01,2.952327012308447740e-01,2.926114899881665510e-01,2.892313899012267098e-01,2.847405450507323743e-01,2.785642366090029243e-01,2.697123708451360513e-01,2.563890006742094441e-01,2.353387018379667073e-01,2.032411338172326609e-01,2.002447215322119278e-01,4.068837535871683286e-01,4.660325718860678923e-01,4.431662349528621148e-01,4.255844794320886026e-01,4.163772110596397069e-01,4.135505760812623888e-01,4.163772110596394294e-01,4.255844794320893243e-01,4.431662349528612821e-01,4.660325718860677258e-01,4.068837535871777655e-01,2.002447215322018526e-01,2.032411338172202264e-01,2.353387018379726747e-01,2.563890006742053362e-01,2.697123708451329982e-01,2.785642366090033684e-01,2.847405450507283775e-01,2.892313899012272094e-01,2.926114899881666065e-01,2.952327012308470500e-01,2.973203573984414261e-01,2.990235262879124556e-01,3.004423473202459394e-01,3.016443142126380428e-01,3.026801918873261998e-01,3.036391081075731080e-01,3.069200447872031945e-01,3.068307294447665812e-01,3.035449515313315971e-01,2.984222658721929489e-01,2.918310494869416072e-01,2.840363123690642921e-01,2.752695389513564739e-01,2.657399498794551507e-01,2.556356390881170393e-01,2.451243198581923022e-01,2.343559927387119934e-01,2.234677061273900589e-01,2.125900353504047158e-01,2.018547953684888818e-01,1.914036442384684511e-01,1.813973940686803843e-01
8.429156429156430264e-01,1.701255333201473485e-01,1.766487750126642109e-01,1.838154498637865619e-01,1.913929086234698040e-01,1.991730461829574195e-01,2.069650807603626019e-01,2.145894767672656134e-01,2.218733634811727584e-01,2.286477406881454455e-01,2.347466775313864495e-01,2.400083313588210476e-01,2.442768232529004824e-01,2.474019865269282969e-01,2.492265429126832577e-01,2.494951595560002400e-01,2.465493618456887914e-01,2.448040477137019277e-01,2.424487702882857643e-01,2.391770513337615756e-01,2.347406288469444380e-01,2.288096657091406305e-01,2.209367603426682647e-01,2.105690522205724002e-01,1.972774003043899216e-01,1.820127281942586772e-01,1.730383438388977679e-01,2.078342521239666951e-01,3.518041601631325399e-01,4.857296375330599769e-01,5.008251760990680701e-01,4.774717151365415746e-01,4.540520574017548050e-01,4.364054945883201753e-01,4.239118683173828117e-01,4.153490595156938414e-01,4.097968024279123878e-01,4.066736140942518452e-01,4.056654915233833814e-01,4.066736140942517341e-01,4.097968024279125543e-01,4.153490595156937304e-01,4.239118683173822011e-01,4.364054945883196202e-01,4.540520574017552491e-01,4.774717151365424628e-01,5.008251760990667378e-01,4.857296375330562577e-01,3.518041601630957360e-01,2.078342521239570917e-01,1.730383438388969908e-01,1.820127281942608699e-01,1.972774003043928637e-01,2.105690522205730109e-01,2.209367603426644344e-01,2.288096657091439057e-01,2.347406288469462143e-01,2.391770513337584947e-01,2.424487702882842100e-01,2.448040477137022886e-01,2.465493618456892633e-01,2.494951595560009061e-01,2.492265429126811482e-01,2.474019865269276863e-01,2.442768232529019534e-01,2.400083313588209366e-01,2.347466775313898357e-01,2.286477406881454733e-01,2.218733634811735356e-01,2.145894767672641978e-01,2.069650807603620746e-01,1.991730461829572807e-01,1.913929086234703592e-01,1.838154498637866174e-01,1.766487750126640166e-01,1.701255333201464048e-01
8.492628992628993290e-01,1.621756639817066581e-01,1.640811213534341673e-01,1.667980895025310828e-01,1.700375395368959319e-01,1.735390516775150993e-01,1.770667386118894571e-01,1.804060482964192635e-01,1.833617280310425590e-01,1.857570202521571789e-01,1.874339195136461855e-01,1.882540010634592420e-01,1.880988325959297991e-01,1.868677455646888252e-01,1.844641465360606636e-01,1.806587859882614611e-01,1.758483674778979211e-01,1.706550831272954649e-01,1.636922997068421259e-01,1.547112466049083979e-01,1.437836575367192338e-01,1.322117673070224986e-01,1.254810295060859449e-01,1.414067089114269815e-01,2.190812684219296536e-01,3.669204962031702988e-01,4.779389231105863889e-01,5.026200637835521734e-01,4.882061484267522511e-01,4.666330139821376899e-01,4.473652788287773574e-01,4.320024461387702575e-01,4.201878375067584215e-01,4.112560202734845682e-01,4.046243503998531166e-01,3.998556811233037189e-01,3.966443964902163222e-01,3.947917159368900530e-01,3.941861229629311514e-01,3.947917159368896645e-01,3.966443964902159891e-01,3.998556811233052177e-01,4.046243503998534496e-01,4.112560202734844572e-01,4.201878375067584770e-01,4.320024461387702575e-01,4.473652788287779125e-01,4.666330139821359135e-01,4.882061484267513629e-01,5.026200637835511742e-01,4.779389231105888314e-01,3.669204962031706874e-01,2.190812684219285433e-01,1.414067089114278419e-01,1.254810295060868885e-01,1.322117673070185573e-01,1.437836575367172076e-01,1.547112466049050672e-01,1.636922997068449570e-01,1.706550831272989066e-01,1.758483674778971995e-01,1.806587859882624048e-01,1.844641465360603860e-01,1.868677455646861607e-01,1.880988325959268292e-01,1.882540010634590477e-01,1.874339195136460190e-01,1.857570202521574565e-01,1.833617280310427533e-01,1.804060482964168488e-01,1.770667386118895403e-01,1.735390516775149328e-01,1.700375395368952658e-01,1.667980895025306110e-01,1.640811213534353608e-01,1.621756639817080736e-01
8.556101556101556316e-01,1.562185816296423335e-01,1.526376263869415884e-01,1.499921900491626714e-01,1.479603262871042879e-01,1.462497583541372548e-01,1.445970058645730250e-01,1.427666375838161084e-01,1.405508461982308832e-01,1.377694633417129721e-01,1.342705220566363933e-01,1.299316742193213081e-01,1.246631875534036232e-01,1.184130404896947125e-01,1.111625585393372223e-01,1.027739281797893367e-01,9.538240363939529121e-02,8.701187801456830573e-02,7.984558803339938948e-02,7.991947250713896111e-02,1.021512741591344142e-01,1.730939957789528194e-01,3.025888323018501302e-01,4.292249347080341337e-01,4.885227373126066475e-01,4.938663486910953027e-01,4.782504093280617874e-01,4.586588983761227811e-01,4.407737625553843075e-01,4.258828049363692081e-01,4.138970450480864982e-01,4.043908972144796832e-01,3.969248334926237520e-01,3.911307074934066152e-01,3.867229509083686123e-01,3.834893898457090167e-01,3.812788729466957682e-01,3.799907916025362375e-01,3.795676610569356790e-01,3.799907916025362931e-01,3.812788729466953241e-01,3.834893898457099604e-01,3.867229509083685568e-01,3.911307074934060601e-01,3.969248334926246402e-01,4.043908972144804048e-01,4.138970450480865537e-01,4.258828049363695412e-01,4.407737625553844740e-01,4.586588983761208937e-01,4.782504093280636748e-01,4.938663486910974121e-01,4.885227373126082018e-01,4.292249347080358546e-01,3.025888323018584014e-01,1.730939957789458250e-01,1.021512741591339563e-01,7.991947250713858641e-02,7.984558803339671107e-02,8.701187801456913840e-02,9.538240363939470834e-02,1.027739281797908077e-01,1.111625585393355847e-01,1.184130404896962391e-01,1.246631875534034845e-01,1.299316742193237506e-01,1.342705220566361712e-01,1.377694633417129999e-01,1.405508461982331314e-01,1.427666375838182178e-01,1.445970058645747458e-01,1.462497583541365331e-01,1.479603262871032332e-01,1.499921900491604509e-01,1.526376263869403671e-01,1.562185816296422503e-01
8.619574119574120452e-01,1.517570215390452726e-01,1.422015460198534087e-01,1.336676475115157192e-01,1.258298706124359734e-01,1.183913369751709299e-01,1.110867685049628101e-01,1.036857650508501705e-01,9.599748943790314959e-02,8.787882810224018071e-02,7.924998718657867702e-02,7.012513991867258545e-02,6.067186565101506668e-02,5.131647100532892025e-02,4.280402616817872985e-02,3.737244894203152479e-02,4.075929402395644247e-02,6.059528989864118587e-02,1.141267204990006334e-01,2.159243779785622874e-01,3.449283531079009313e-01,4.428570294682701580e-01,4.829595581744079436e-01,4.838964363970819638e-01,4.688732206305674111e-01,4.502286259211267239e-01,4.326967950712969913e-01,4.176375448994483208e-01,4.051620625418065336e-01,3.949898491819603397e-01,3.867630684867145452e-01,3.801514839317828853e-01,3.748803574563186469e-01,3.707316416471038711e-01,3.675372079160630356e-01,3.651708670412386337e-01,3.635414271105831818e-01,3.625873777078122417e-01,3.622732274425660148e-01,3.625873777078121307e-01,3.635414271105839035e-01,3.651708670412385782e-01,3.675372079160632577e-01,3.707316416471046483e-01,3.748803574563185359e-01,3.801514839317826078e-01,3.867630684867138791e-01,3.949898491819611723e-01,4.051620625418061450e-01,4.176375448994495421e-01,4.326967950712938271e-01,4.502286259211274455e-01,4.688732206305687433e-01,4.838964363970801874e-01,4.829595581744088317e-01,4.428570294682744879e-01,3.449283531078919385e-01,2.159243779785532946e-01,1.141267204989934447e-01,6.059528989864071402e-02,4.075929402395630369e-02,3.737244894203158030e-02,4.280402616817797351e-02,5.131647100532950312e-02,6.067186565101316542e-02,7.012513991867101726e-02,7.924998718658042562e-02,8.787882810224097174e-02,9.599748943790185896e-02,1.036857650508508366e-01,1.110867685049630044e-01,1.183913369751702915e-01,1.258298706124369726e-01,1.336676475115163854e-01,1.422015460198528536e-01,1.517570215390447730e-01
8.683046683046683478e-01,1.494723946489885380e-01,1.339684235190623796e-01,1.195813354896947539e-01,1.060277877743542874e-01,9.305989993031273111e-02,8.047928874891614737e-02,6.815775825137299071e-02,5.607180830868733340e-02,4.436440595033406403e-02,3.345913855146937649e-02,2.427184774884058246e-02,1.858865329402779529e-02,1.962828929699804090e-02,3.083108994911182288e-02,6.647299838236392366e-02,1.390206164876508776e-01,2.472507240233375592e-01,3.621288096303974524e-01,4.416818825286899508e-01,4.735284858078263048e-01,4.733172980824141840e-01,4.589019366770293318e-01,4.406148017519302962e-01,4.229279113291639636e-01,4.073655561475243436e-01,3.942125821254762186e-01,3.832983957265790886e-01,3.743216524048333382e-01,3.669748771727773806e-01,3.609867210420370509e-01,3.561317643909209796e-01,3.522284450127923239e-01,3.491334066179900275e-01,3.467354810359834505e-01,3.449504379450629155e-01,3.437168084709923410e-01,3.429927830087306506e-01,3.427540930309994627e-01,3.429927830087303731e-01,3.437168084709918969e-01,3.449504379450633040e-01,3.467354810359827288e-01,3.491334066179906381e-01,3.522284450127920463e-01,3.561317643909215347e-01,3.609867210420367734e-01,3.669748771727781578e-01,3.743216524048340599e-01,3.832983957265788111e-01,3.942125821254762741e-01,4.073655561475231779e-01,4.229279113291646852e-01,4.406148017519304627e-01,4.589019366770274999e-01,4.733172980824136289e-01,4.735284858078255832e-01,4.416818825286845662e-01,3.621288096303983406e-01,2.472507240233402792e-01,1.390206164876453820e-01,6.647299838236511715e-02,3.083108994911058776e-02,1.962828929699765579e-02,1.858865329402868000e-02,2.427184774884083573e-02,3.345913855147003568e-02,4.436440595033380035e-02,5.607180830868652155e-02,6.815775825137290744e-02,8.047928874891499551e-02,9.305989993031392460e-02,1.060277877743543845e-01,1.195813354896944070e-01,1.339684235190608530e-01,1.494723946489873168e-01
8.746519246519246504e-01,1.514047098447982298e-01,1.307153859728490963e-01,1.113856762107731518e-01,9.327425777776841842e-02,7.632471614654513792e-02,6.061939642373351950e-02,4.646781376715014567e-02,3.455726892410396212e-02,2.621081418748537686e-02,2.381318412428590908e-02,3.143048194165384834e-02,5.536120141500486952e-02,1.030120970918443485e-01,1.698107569855378252e-01,2.707317748808803493e-01,3.693684122644089185e-01,4.358666079606668409e-01,4.628513920152557692e-01,4.621774365001421470e-01,4.481144121079829179e-01,4.297960959722406105e-01,4.116301770916810376e-01,3.953299978705869799e-01,3.813441060018811779e-01,3.695987709038839331e-01,3.598386372125401134e-01,3.517714730605784879e-01,3.451244204768276203e-01,3.396620591764133446e-01,3.351888214151476086e-01,3.315455995416546897e-01,3.286047248683821587e-01,3.262650033832872887e-01,3.244474136532773945e-01,3.230916194669941621e-01,3.221532740787659832e-01,3.216020380375808618e-01,3.214202289030811399e-01,3.216020380375806398e-01,3.221532740787663718e-01,3.230916194669938291e-01,3.244474136532772279e-01,3.262650033832874552e-01,3.286047248683820476e-01,3.315455995416536350e-01,3.351888214151481638e-01,3.396620591764133446e-01,3.451244204768280088e-01,3.517714730605773221e-01,3.598386372125392252e-01,3.695987709038824898e-01,3.813441060018813444e-01,3.953299978705853701e-01,4.116301770916800384e-01,4.297960959722408325e-01,4.481144121079857490e-01,4.621774365001381502e-01,4.628513920152541039e-01,4.358666079606621224e-01,3.693684122644084189e-01,2.707317748808779623e-01,1.698107569855439314e-01,1.030120970918449175e-01,5.536120141500872061e-02,3.143048194165233566e-02,2.381318412428573214e-02,2.621081418748488420e-02,3.455726892410318496e-02,4.646781376715043710e-02,6.061939642373399134e-02,7.632471614654541547e-02,9.327425777776895965e-02,1.113856762107736098e-01,1.307153859728500400e-01,1.514047098447986461e-01
8.809991809991810641e-01,1.614135641996934933e-01,1.374255229461346095e-01,1.155049681931262784e-01,9.588726162379074269e-02,7.906051326570125160e-02,6.592381109272812956e-02,5.803198262484860620e-02,5.794785479193018812e-02,6.964745814609472896e-02,9.863900686230701875e-02,1.507221245878942184e-01,2.272637221554796028e-01,3.144011057729637626e-01,3.767170068649544068e-01,4.304126570293406173e-01,4.526418839574230524e-01,4.511019144942953196e-01,4.369644096447911630e-01,4.182809768532328998e-01,3.993766581816315941e-01,3.821331637517692004e-01,3.671539726942802950e-01,3.544587051615030737e-01,3.438356429747012610e-01,3.350054719450549778e-01,3.276915508022241186e-01,3.216465137707972266e-01,3.166594226590577210e-01,3.125548141891591469e-01,3.091888115532325232e-01,3.064445714670909204e-01,3.042280005100946871e-01,3.024640702330921305e-01,3.010937981744611913e-01,3.000718575500044283e-01,2.993647456646811311e-01,2.989494397604812725e-01,2.988124805406664475e-01,2.989494397604809395e-01,2.993647456646810756e-01,3.000718575500040952e-01,3.010937981744613579e-01,3.024640702330925190e-01,3.042280005100950202e-01,3.064445714670907539e-01,3.091888115532330228e-01,3.125548141891591469e-01,3.166594226590567218e-01,3.216465137707978927e-01,3.276915508022247292e-01,3.350054719450553109e-01,3.438356429747015386e-01,3.544587051615028517e-01,3.671539726942801285e-01,3.821331637517696445e-01,3.993766581816326489e-01,4.182809768532316785e-01,4.369644096447915516e-01,4.511019144942913783e-01,4.526418839574247732e-01,4.304126570293436149e-01,3.767170068649534631e-01,3.144011057729633185e-01,2.272637221554838771e-01,1.507221245878981319e-01,9.863900686230953063e-02,6.964745814609639429e-02,5.794785479193152733e-02,5.803198262484843273e-02,6.592381109272847650e-02,7.906051326570141813e-02,9.588726162379267171e-02,1.155049681931255845e-01,1.374255229461348315e-01,1.614135641996952142e-01
8.873464373464374777e-01,1.857078663978962429e-01,1.620050618753801353e-01,1.421045150174269911e-01,1.270438991404249651e-01,1.184297670703354788e-01,1.186626582448374045e-01,1.310955240417401857e-01,1.597971609005666982e-01,2.081921019971592068e-01,2.756791534309088743e-01,3.528880602171299841e-01,4.200629687684881430e-01,4.352074738901577367e-01,4.456996103413514709e-01,4.414862345504393382e-01,4.264634364294376812e-01,4.070016862973870886e-01,3.870920327698209040e-01,3.686897008883572302e-01,3.525273083254381601e-01,3.387156402298961977e-01,3.270896672121302862e-01,3.173855632129952697e-01,3.093239586822069120e-01,3.026454153789763235e-01,2.971228701064264621e-01,2.925635816228930319e-01,2.888066988068530017e-01,2.857193387729489720e-01,2.831924778521681674e-01,2.811371954841637710e-01,2.794814538250663949e-01,2.781674362773745579e-01,2.771494035325176575e-01,2.763920057194693691e-01,2.758689893760939427e-01,2.755622464769070246e-01,2.754611642318115505e-01,2.755622464769073021e-01,2.758689893760945533e-01,2.763920057194695357e-01,2.771494035325173244e-01,2.781674362773750575e-01,2.794814538250664504e-01,2.811371954841637710e-01,2.831924778521685004e-01,2.857193387729493050e-01,2.888066988068531682e-01,2.925635816228930319e-01,2.971228701064259070e-01,3.026454153789761570e-01,3.093239586822069120e-01,3.173855632129949367e-01,3.270896672121312854e-01,3.387156402298948654e-01,3.525273083254373829e-01,3.686897008883561200e-01,3.870920327698195162e-01,4.070016862973835359e-01,4.264634364294389579e-01,4.414862345504413366e-01,4.456996103413521926e-01,4.352074738901582363e-01,4.200629687684865887e-01,3.528880602171296510e-01,2.756791534308976055e-01,2.081921019971584019e-01,1.597971609005664484e-01,1.310955240417401302e-01,1.186626582448415540e-01,1.184297670703369082e-01,1.270438991404245210e-01,1.421045150174268246e-01,1.620050618753768601e-01,1.857078663978994071e-01
8.936936936936937803e-01,2.335517426003333175e-01,2.157459474322326043e-01,2.049195432141677486e-01,2.030953995259600631e-01,2.127880351137013404e-01,2.366053513337779690e-01,2.760814996231601426e-01,3.294734888150197549e-01,3.893412971018688218e-01,4.426418038956645984e-01,4.755107206756913341e-01,4.781988069195722280e-01,4.373197562531102034e-01,4.185951170514804476e-01,3.975649158460966559e-01,3.763022185421679988e-01,3.564956788904118934e-01,3.389190113466322707e-01,3.237612132055945890e-01,3.109109990790974720e-01,3.001293181559246404e-01,2.911408581598218248e-01,2.836779512766953726e-01,2.774990152215600636e-01,2.723942171546576696e-01,2.681851519921459315e-01,2.647220147659233302e-01,2.618799793947058085e-01,2.595555821137182639e-01,2.576634471236438073e-01,2.561334670367445554e-01,2.549084462438119258e-01,2.539421714336749791e-01,2.531978592850085419e-01,2.526469310917742739e-01,2.522680699033012508e-01,2.520465238293511101e-01,2.519736277251522494e-01,2.520465238293512766e-01,2.522680699033014728e-01,2.526469310917745514e-01,2.531978592850086529e-01,2.539421714336750902e-01,2.549084462438121479e-01,2.561334670367446664e-01,2.576634471236439738e-01,2.595555821137175978e-01,2.618799793947061416e-01,2.647220147659233302e-01,2.681851519921457094e-01,2.723942171546563373e-01,2.774990152215600081e-01,2.836779512766953171e-01,2.911408581598221579e-01,3.001293181559241408e-01,3.109109990790979716e-01,3.237612132055958103e-01,3.389190113466331589e-01,3.564956788904120044e-01,3.763022185421677213e-01,3.975649158460971555e-01,4.185951170514819464e-01,4.373197562531097038e-01,4.781988069195716173e-01,4.755107206756912230e-01,4.426418038956664858e-01,3.893412971018714308e-01,3.294734888150157026e-01,2.760814996231598095e-01,2.366053513337784686e-01,2.127880351136985093e-01,2.030953995259585088e-01,2.049195432141673046e-01,2.157459474322300508e-01,2.335517426003325958e-01
9.000409500409500829e-01,3.143365402179004175e-01,3.079669637604393606e-01,3.116408773099794138e-01,3.267658325369209860e-01,3.536641971923989991e-01,3.902999103842169082e-01,4.311509781446611345e-01,4.675607997195456722e-01,4.905236705443387080e-01,4.944484905942961306e-01,4.783977794913099046e-01,4.391600307378579204e-01,3.929699117543853371e-01,3.693937666573234857e-01,3.478123863661436999e-01,3.285244700743211177e-01,3.117084776414245084e-01,2.973049729063245161e-01,2.851154642490149604e-01,2.748839956559886444e-01,2.663454527299889407e-01,2.592501145756541114e-01,2.533741361796461034e-01,2.485224455668416377e-01,2.445278796738129812e-01,2.412486704091945100e-01,2.385653894447304912e-01,2.363779013325541245e-01,2.346025737044283022e-01,2.331698368465284221e-01,2.320221072504166648e-01,2.311120541222132785e-01,2.304011741522464241e-01,2.298586372234984743e-01,2.294603683810136630e-01,2.291883362891781739e-01,2.290300240665241738e-01,2.289780641132172778e-01,2.290300240665240628e-01,2.291883362891785625e-01,2.294603683810139683e-01,2.298586372234981134e-01,2.304011741522472012e-01,2.311120541222128066e-01,2.320221072504169424e-01,2.331698368465281446e-01,2.346025737044288295e-01,2.363779013325540412e-01,2.385653894447305468e-01,2.412486704091945100e-01,2.445278796738126481e-01,2.485224455668409160e-01,2.533741361796464919e-01,2.592501145756536118e-01,2.663454527299894958e-01,2.748839956559886444e-01,2.851154642490136837e-01,2.973049729063254598e-01,3.117084776414246194e-01,3.285244700743191193e-01,3.478123863661455317e-01,3.693937666573261502e-01,3.929699117543845599e-01,4.391600307378581425e-01,4.783977794913097936e-01,4.944484905942938546e-01,4.905236705443375422e-01,4.675607997195499466e-01,4.311509781446646872e-01,3.902999103842100803e-01,3.536641971924031624e-01,3.267658325369212080e-01,3.116408773099837992e-01,3.079669637604355303e-01,3.143365402179036927e-01
9.063882063882064966e-01,4.227011163362526247e-01,4.261834213503328805e-01,4.382171496431034874e-01,4.570579958603234183e-01,4.789756852392732522e-01,4.985042624177672965e-01,5.098336300838244295e-01,5.088469883703462537e-01,4.944317644879566709e-01,4.680290053992200439e-01,4.312178874359836600e-01,3.711964837363191938e-01,3.459857667921419910e-01,3.245142652922105020e-01,3.056344299903300255e-01,2.892281222216291914e-01,2.751464973229926780e-01,2.631787913832735470e-01,2.530847428151736245e-01,2.446218503840671965e-01,2.375614587322987248e-01,2.316964794508534486e-01,2.268439669812463977e-01,2.228448489217284278e-01,2.195622439962858774e-01,2.168791994428339587e-01,2.146963038178982264e-01,2.129294090344443779e-01,2.115075690827241950e-01,2.103712336800514782e-01,2.094706990339645358e-01,2.087648006176996140e-01,2.082198259543300567e-01,2.078086240694241582e-01,2.075098897841531342e-01,2.073076038817747158e-01,2.071906135900074830e-01,2.071523413778428302e-01,2.071906135900068446e-01,2.073076038817749100e-01,2.075098897841530232e-01,2.078086240694233255e-01,2.082198259543298346e-01,2.087648006176998361e-01,2.094706990339640085e-01,2.103712336800520610e-01,2.115075690827245558e-01,2.129294090344441837e-01,2.146963038178986982e-01,2.168791994428342362e-01,2.195622439962857664e-01,2.228448489217293993e-01,2.268439669812466197e-01,2.316964794508541703e-01,2.375614587322979754e-01,2.446218503840666414e-01,2.530847428151731249e-01,2.631787913832737691e-01,2.751464973229924005e-01,2.892281222216297465e-01,3.056344299903321349e-01,3.245142652922126114e-01,3.459857667921439339e-01,3.711964837363168068e-01,4.312178874359796077e-01,4.680290053992227639e-01,4.944317644879603346e-01,5.088469883703452545e-01,5.098336300838232082e-01,4.985042624177656867e-01,4.789756852392752506e-01,4.570579958603217530e-01,4.382171496431006008e-01,4.261834213503345459e-01,4.227011163362514035e-01
9.127354627354627992e-01,5.241512139680017945e-01,5.264901450728064480e-01,5.315895697430887967e-01,5.361981073859695135e-01,5.366548954918161085e-01,5.298930611409194968e-01,5.143591983712969551e-01,4.902909264670258227e-01,4.591873850606844609e-01,4.226729390175892331e-01,3.798085702952269660e-01,3.310869074875574247e-01,3.095284755270367727e-01,2.905903422623933308e-01,2.740019151760341720e-01,2.596235254224492084e-01,2.472794469123932859e-01,2.367658897110433425e-01,2.278706958295461105e-01,2.203876950968810811e-01,2.141249959477201925e-01,2.089088956956700049e-01,2.045850357659628471e-01,2.010179710086940352e-01,1.980899109166226468e-01,1.956990959824613241e-01,1.937580792542813457e-01,1.921920623614325196e-01,1.909373622357154188e-01,1.899400419090480074e-01,1.891547145483492565e-01,1.885435169315642645e-01,1.880752423061758938e-01,1.877246202118413587e-01,1.874717307095220553e-01,1.873015415418948504e-01,1.872035584720950774e-01,1.871715810811892533e-01,1.872035584720950496e-01,1.873015415418946006e-01,1.874717307095224716e-01,1.877246202118416918e-01,1.880752423061760881e-01,1.885435169315639314e-01,1.891547145483495895e-01,1.899400419090482017e-01,1.909373622357155020e-01,1.921920623614319090e-01,1.937580792542813457e-01,1.956990959824618792e-01,1.980899109166223970e-01,2.010179710086943405e-01,2.045850357659617924e-01,2.089088956956694221e-01,2.141249959477199150e-01,2.203876950968810811e-01,2.278706958295461937e-01,2.367658897110429539e-01,2.472794469123936467e-01,2.596235254224486533e-01,2.740019151760329508e-01,2.905903422623948296e-01,3.095284755270350519e-01,3.310869074875590345e-01,3.798085702952269105e-01,4.226729390175888446e-01,4.591873850606848495e-01,4.902909264670276546e-01,5.143591983712977322e-01,5.298930611409209401e-01,5.366548954918192171e-01,5.361981073859665159e-01,5.315895697430887967e-01,5.264901450728032284e-01,5.241512139680054583e-01
9.190827190827191018e-01,5.879826067516161769e-01,5.812357117902746673e-01,5.730581289727019190e-01,5.612485467564944930e-01,5.441720676908693433e-01,5.211761079524378504e-01,4.926510263387939847e-01,4.597114924481227605e-01,4.236234723591908446e-01,3.849124161654881027e-01,3.376702718288706051e-01,3.057343583821585109e-01,2.861011942425562005e-01,2.685861313826716223e-01,2.531535098326258559e-01,2.397032250688025667e-01,2.280856875463324607e-01,2.181262111727825248e-01,2.096429859185270361e-01,2.024584897505581627e-01,1.964060363700504130e-01,1.913330599482029049e-01,1.871023354154865703e-01,1.835919585160625533e-01,1.806946268622416085e-01,1.783165660296945898e-01,1.763763131251559479e-01,1.748034848072738956e-01,1.735376024068873424e-01,1.725270129070118064e-01,1.717279238723372903e-01,1.711035581854973564e-01,1.706234275488003604e-01,1.702627201505106380e-01,1.700017964034831741e-01,1.698257864372594017e-01,1.697242835590978549e-01,1.696911288822244290e-01,1.697242835590981047e-01,1.698257864372592074e-01,1.700017964034835072e-01,1.702627201505099164e-01,1.706234275488005547e-01,1.711035581854975507e-01,1.717279238723375401e-01,1.725270129070119729e-01,1.735376024068868428e-01,1.748034848072740621e-01,1.763763131251553651e-01,1.783165660296949506e-01,1.806946268622411367e-01,1.835919585160624146e-01,1.871023354154877083e-01,1.913330599482025163e-01,1.964060363700500800e-01,2.024584897505586900e-01,2.096429859185263145e-01,2.181262111727824415e-01,2.280856875463320999e-01,2.397032250688039545e-01,2.531535098326275213e-01,2.685861313826725105e-01,2.861011942425570331e-01,3.057343583821595656e-01,3.376702718288702720e-01,3.849124161654901011e-01,4.236234723591906781e-01,4.597114924481219278e-01,4.926510263387920419e-01,5.211761079524395157e-01,5.441720676908705645e-01,5.612485467564950481e-01,5.730581289727039174e-01,5.812357117902737791e-01,5.879826067516134014e-01
9.254299754299755154e-01,6.205821321862786677e-01,6.049474398193760427e-01,5.865177829920953378e-01,5.642697483524915514e-01,5.377994468183038279e-01,5.073736452160255705e-01,4.737703576844808917e-01,4.379680609842265815e-01,4.007170372973484773e-01,3.615702419168747572e-01,3.148604203340408247e-01,2.941447590040012217e-01,2.749839750829804474e-01,2.577220955187078388e-01,2.423957422427738817e-01,2.289336764289493509e-01,2.172100879147645658e-01,2.070730316945769978e-01,1.983616211814723529e-01,1.909164917565425723e-01,1.845859350391662601e-01,1.792292239870996451e-01,1.747181386433055150e-01,1.709373672281648548e-01,1.677842301115194945e-01,1.651680200843265445e-01,1.630091485889875458e-01,1.612382183579939843e-01,1.597950971876810622e-01,1.586280376767492395e-01,1.576928684495332578e-01,1.569522701186892577e-01,1.563751416415934681e-01,1.559360582012470353e-01,1.556148192389487928e-01,1.553960840819756384e-01,1.552690922806103657e-01,1.552274659881512919e-01,1.552690922806106155e-01,1.553960840819755274e-01,1.556148192389491258e-01,1.559360582012467855e-01,1.563751416415935513e-01,1.569522701186890079e-01,1.576928684495335076e-01,1.586280376767492672e-01,1.597950971876813120e-01,1.612382183579934847e-01,1.630091485889882674e-01,1.651680200843258506e-01,1.677842301115204937e-01,1.709373672281642997e-01,1.747181386433062644e-01,1.792292239871005333e-01,1.845859350391664266e-01,1.909164917565413233e-01,1.983616211814721586e-01,2.070730316945771921e-01,2.172100879147644825e-01,2.289336764289503501e-01,2.423957422427740205e-01,2.577220955187109475e-01,2.749839750829797258e-01,2.941447590040019433e-01,3.148604203340434893e-01,3.615702419168755899e-01,4.007170372973493655e-01,4.379680609842278027e-01,4.737703576844805031e-01,5.073736452160231281e-01,5.377994468183058263e-01,5.642697483524951041e-01,5.865177829920935615e-01,6.049474398193743774e-01,6.205821321862813322e-01
9.317772317772319290e-01,6.406136088515061999e-01,6.189937745531685076e-01,5.944573392094820719e-01,5.666328850983193277e-01,5.356225495498498912e-01,5.019424729899352178e-01,4.663512611392324758e-01,4.296019192343546456e-01,3.920601285205829734e-01,3.521837344839168216e-01,3.154797941920756132e-01,2.943031072728566899e-01,2.746142741944381238e-01,2.567551303923463757e-01,2.407774711390103795e-01,2.266255913599691529e-01,2.141901334392992129e-01,2.033350764591934090e-01,1.939136754331798329e-01,1.857782702735954194e-01,1.787862598518804857e-01,1.728035771498477313e-01,1.677065244858502169e-01,1.633825427181348489e-01,1.597303023755506368e-01,1.566593790308608014e-01,1.540896893512598009e-01,1.519508054434465516e-01,1.501812249199017957e-01,1.487276467741363850e-01,1.475442846776134076e-01,1.465922369420910587e-01,1.458389242235631489e-01,1.452576007631687927e-01,1.448269416598154113e-01,1.445307067229807119e-01,1.443574804291766767e-01,1.443004871007726730e-01,1.443574804291763991e-01,1.445307067229801290e-01,1.448269416598158277e-01,1.452576007631684873e-01,1.458389242235635097e-01,1.465922369420907256e-01,1.475442846776133243e-01,1.487276467741364405e-01,1.501812249199019622e-01,1.519508054434475230e-01,1.540896893512596344e-01,1.566593790308608847e-01,1.597303023755507478e-01,1.633825427181344880e-01,1.677065244858497173e-01,1.728035771498473427e-01,1.787862598518797086e-01,1.857782702735959468e-01,1.939136754331799717e-01,2.033350764591942972e-01,2.141901334392999345e-01,2.266255913599690697e-01,2.407774711390107403e-01,2.567551303923464867e-01,2.746142741944394561e-01,2.943031072728562458e-01,3.154797941920766680e-01,3.521837344839153783e-01,3.920601285205821962e-01,4.296019192343530912e-01,4.663512611392326423e-01,5.019424729899356619e-01,5.356225495498497802e-01,5.666328850983179954e-01,5.944573392094834041e-01,6.189937745531673974e-01,6.406136088515035354e-01
9.381244881244882317e-01,6.583887106820065505e-01,6.333048652765692621e-01,6.054804452995797837e-01,5.748535832208480079e-01,5.417137648517471593e-01,5.066189324134801053e-01,4.702441574185039497e-01,4.331695586561317701e-01,3.954619131083849659e-01,3.528153626950652488e-01,3.261398187491486023e-01,3.038393082531606337e-01,2.830794074171847363e-01,2.641362486901141504e-01,2.470604745493952814e-01,2.318069730688325780e-01,2.182801329092513287e-01,2.063575364699857806e-01,1.959043799082649528e-01,1.867826630182357894e-01,1.788570525515718046e-01,1.719985222691225446e-01,1.660864851287426336e-01,1.610099049965769691e-01,1.566677265321140822e-01,1.529688599620429579e-01,1.498318861170569449e-01,1.471845967892975449e-01,1.449634499194767667e-01,1.431129940398181977e-01,1.415852987585353440e-01,1.403394157303523293e-01,1.393408859916389353e-01,1.385613036620209071e-01,1.379779420516318023e-01,1.375734456095531744e-01,1.373355895046940445e-01,1.372571076554506830e-01,1.373355895046945441e-01,1.375734456095537572e-01,1.379779420516318023e-01,1.385613036620209626e-01,1.393408859916388243e-01,1.403394157303518019e-01,1.415852987585360101e-01,1.431129940398181699e-01,1.449634499194772386e-01,1.471845967892980722e-01,1.498318861170560568e-01,1.529688599620433465e-01,1.566677265321147483e-01,1.610099049965766915e-01,1.660864851287428556e-01,1.719985222691223781e-01,1.788570525515716381e-01,1.867826630182362890e-01,1.959043799082663684e-01,2.063575364699850589e-01,2.182801329092523002e-01,2.318069730688322450e-01,2.470604745493946430e-01,2.641362486901149831e-01,2.830794074171852359e-01,3.038393082531596345e-01,3.261398187491502121e-01,3.528153626950631394e-01,3.954619131083859096e-01,4.331695586561296052e-01,4.702441574185011186e-01,5.066189324134798833e-01,5.417137648517462711e-01,5.748535832208498952e-01,6.054804452995805608e-01,6.333048652765680409e-01,6.583887106820059953e-01
9.444717444717445343e-01,6.768927820730126221e-01,6.500589376975945965e-01,6.206715776003711715e-01,5.888104035312974327e-01,5.548268223860569615e-01,5.192611400497637586e-01,4.827091947894615043e-01,4.456222663794944250e-01,4.077640419368259161e-01,3.681846080461920190e-01,3.439203304385227700e-01,3.203229268410170971e-01,2.983095702364192969e-01,2.781008317510177408e-01,2.597459102542759579e-01,2.432109866913066687e-01,2.284151137747123250e-01,2.152503988924232836e-01,2.035948610193048236e-01,1.933210138977174974e-01,1.843016159439137269e-01,1.764134598699816092e-01,1.695397830595977984e-01,1.635717060512754395e-01,1.584089915400490600e-01,1.539603355285858177e-01,1.501433440541154185e-01,1.468843065413765747e-01,1.441178458666157181e-01,1.417865025799857626e-01,1.398402942068879273e-01,1.382362785171958874e-01,1.369381409309597120e-01,1.359158199487621732e-01,1.351451800106605872e-01,1.346077380220781494e-01,1.342904475804141684e-01,1.341855434223720167e-01,1.342904475804137521e-01,1.346077380220775666e-01,1.351451800106607537e-01,1.359158199487622010e-01,1.369381409309603781e-01,1.382362785171943054e-01,1.398402942068884269e-01,1.417865025799858458e-01,1.441178458666153017e-01,1.468843065413766302e-01,1.501433440541145303e-01,1.539603355285863173e-01,1.584089915400467563e-01,1.635717060512757726e-01,1.695397830595986588e-01,1.764134598699817758e-01,1.843016159439138379e-01,1.933210138977163040e-01,2.035948610193041852e-01,2.152503988924236167e-01,2.284151137747111870e-01,2.432109866913077512e-01,2.597459102542756249e-01,2.781008317510171857e-01,2.983095702364179647e-01,3.203229268410152653e-01,3.439203304385234916e-01,3.681846080461914639e-01,4.077640419368249725e-01,4.456222663794944805e-01,4.827091947894622814e-01,5.192611400497646468e-01,5.548268223860597370e-01,5.888104035312985429e-01,6.206715776003691731e-01,6.500589376975974831e-01,6.768927820730116229e-01
9.508190008190009479e-01,6.961532166761327245e-01,6.686693267278884800e-01,6.387806044913476589e-01,6.066288087686095842e-01,5.725766637800114855e-01,5.371302393458896596e-01,5.008174123989923565e-01,4.639815052459092537e-01,4.259401426819476866e-01,3.922129458258643564e-01,3.664052291894550617e-01,3.416240903943131291e-01,3.184268395990028089e-01,2.969973455518508665e-01,2.773873649648320727e-01,2.595766684154824366e-01,2.435010078609296524e-01,2.290690300512279731e-01,2.161736627255896048e-01,2.047000690736759387e-01,1.945312168894144100e-01,1.855517653260775612e-01,1.776507043458296631e-01,1.707230844676879689e-01,1.646710835608534984e-01,1.594045955553228533e-01,1.548414799396189978e-01,1.509075763355016975e-01,1.475365623217988753e-01,1.446697129196204412e-01,1.422556052007500627e-01,1.402498001815043471e-01,1.386145256421297822e-01,1.373183771032877309e-01,1.363360493900818704e-01,1.356481076300252719e-01,1.352408038613331087e-01,1.351059434325417585e-01,1.352408038613326091e-01,1.356481076300254662e-01,1.363360493900815651e-01,1.373183771032867873e-01,1.386145256421301153e-01,1.402498001815058182e-01,1.422556052007497851e-01,1.446697129196212739e-01,1.475365623217987088e-01,1.509075763355028632e-01,1.548414799396189701e-01,1.594045955553218541e-01,1.646710835608533041e-01,1.707230844676896619e-01,1.776507043458314949e-01,1.855517653260785049e-01,1.945312168894144100e-01,2.047000690736748840e-01,2.161736627255901877e-01,2.290690300512284727e-01,2.435010078609296247e-01,2.595766684154827142e-01,2.773873649648312401e-01,2.969973455518503114e-01,3.184268395990065836e-01,3.416240903943131291e-01,3.664052291894549507e-01,3.922129458258628021e-01,4.259401426819485192e-01,4.639815052459106970e-01,5.008174123989906912e-01,5.371302393458883273e-01,5.725766637800113745e-01,6.066288087686091401e-01,6.387806044913484360e-01,6.686693267278878139e-01,6.961532166761328355e-01
9.571662571662572505e-01,7.155120918813022701e-01,6.880607500514556163e-01,6.583204714823723824e-01,6.264580842090333723e-01,5.928278325867075704e-01,5.578988525500171436e-01,5.221399329806489797e-01,4.857880082973877189e-01,4.469512986053192360e-01,4.184822904065714222e-01,3.916338487363795196e-01,3.659297305411259305e-01,3.417649074051634095e-01,3.193011547570520081e-01,2.985959859407402717e-01,2.796441321243552935e-01,2.623992582815667940e-01,2.467880456472736073e-01,2.327201454941535130e-01,2.200954174700776589e-01,2.088092853802755167e-01,1.987565766178104321e-01,1.898343137677624415e-01,1.819436669555674901e-01,1.749912796765113743e-01,1.688901241232422801e-01,1.635600071717610571e-01,1.589278211757831627e-01,1.549276126864007064e-01,1.515005257804209748e-01,1.485946638153830268e-01,1.461649033485673821e-01,1.441726860582613901e-01,1.425858083189386061e-01,1.413782232388963722e-01,1.405298661747259870e-01,1.400265117532916714e-01,1.398596680627089417e-01,1.400265117532913106e-01,1.405298661747258482e-01,1.413782232388970106e-01,1.425858083189373293e-01,1.441726860582623893e-01,1.461649033485684090e-01,1.485946638153813337e-01,1.515005257804224181e-01,1.549276126864008452e-01,1.589278211757834958e-01,1.635600071717626114e-01,1.688901241232416417e-01,1.749912796765087375e-01,1.819436669555671016e-01,1.898343137677625525e-01,1.987565766178108484e-01,2.088092853802751836e-01,2.200954174700784638e-01,2.327201454941547620e-01,2.467880456472751338e-01,2.623992582815682928e-01,2.796441321243566813e-01,2.985959859407409933e-01,3.193011547570510644e-01,3.417649074051622438e-01,3.659297305411272627e-01,3.916338487363806298e-01,4.184822904065715332e-01,4.469512986053200132e-01,4.857880082973868308e-01,5.221399329806485357e-01,5.578988525500184759e-01,5.928278325867086807e-01,6.264580842090333723e-01,6.583204714823714943e-01,6.880607500514558383e-01,7.155120918813033803e-01
9.635135135135135531e-01,7.343032633191495240e-01,7.072844262385393765e-01,6.780710216641511190e-01,6.468393344731623307e-01,6.139297165592202399e-01,5.797774701099061012e-01,5.447988225980592292e-01,5.091052062584623394e-01,4.731441120500676778e-01,4.454873232935308569e-01,4.180225088960332624e-01,3.917131649722491726e-01,3.668662158334935475e-01,3.436298276336511859e-01,3.220680754183682937e-01,3.021901381106255058e-01,2.839672059012534611e-01,2.673441188599860463e-01,2.522479515585163701e-01,2.385945073507061143e-01,2.262932161610858306e-01,2.152509412434198133e-01,2.053747333781054674e-01,1.965739228208720213e-01,1.887616283015609853e-01,1.818558226911982101e-01,1.757800567442202033e-01,1.704639218003723977e-01,1.658433163567022972e-01,1.618605685780838965e-01,1.584644564338214268e-01,1.556101587210862447e-01,1.532591633755979454e-01,1.513791538734485242e-01,1.499438899535460445e-01,1.489330951384353341e-01,1.483323604350540170e-01,1.481330710107241211e-01,1.483323604350546554e-01,1.489330951384348900e-01,1.499438899535455727e-01,1.513791538734485798e-01,1.532591633755974181e-01,1.556101587210882431e-01,1.584644564338201778e-01,1.618605685780833969e-01,1.658433163567013535e-01,1.704639218003722312e-01,1.757800567442199258e-01,1.818558226911983766e-01,1.887616283015612628e-01,1.965739228208710221e-01,2.053747333781067441e-01,2.152509412434198410e-01,2.262932161610848314e-01,2.385945073507056147e-01,2.522479515585153154e-01,2.673441188599866014e-01,2.839672059012537941e-01,3.021901381106263385e-01,3.220680754183692929e-01,3.436298276336512414e-01,3.668662158334913825e-01,3.917131649722488396e-01,4.180225088960332069e-01,4.454873232935334104e-01,4.731441120500661790e-01,5.091052062584650040e-01,5.447988225980576749e-01,5.797774701099039918e-01,6.139297165592215721e-01,6.468393344731639960e-01,6.780710216641541166e-01,7.072844262385400427e-01,7.343032633191486358e-01
9.698607698607699668e-01,7.520854272087592607e-01,7.257086001756301030e-01,6.972171461019041061e-01,6.667926163632811321e-01,6.347635734332854884e-01,6.015375923757504406e-01,5.674829896397661777e-01,5.325252281104286833e-01,5.003774107568712548e-01,4.721182968501501098e-01,4.444058241474648230e-01,4.178083830144546096e-01,3.925789136188022610e-01,3.688555171680513167e-01,3.467074229322679724e-01,3.261560281225150404e-01,3.071881273811730151e-01,2.897654572262179373e-01,2.738319724220250606e-01,2.593195106129166372e-01,2.461522328654182634e-01,2.342500793295323736e-01,2.235314992566331260e-01,2.139155510789793602e-01,2.053234788813936840e-01,1.976799233339580075e-01,1.909138065230003567e-01,1.849589651517848932e-01,1.797545862749816148e-01,1.752454904672532676e-01,1.713822996187281400e-01,1.681215200661352327e-01,1.654255662702707463e-01,1.632627455628255508e-01,1.616072204723866812e-01,1.604389616875598057e-01,1.597437017260180114e-01,1.595128967610809079e-01,1.597437017260175673e-01,1.604389616875597502e-01,1.616072204723887906e-01,1.632627455628265500e-01,1.654255662702717455e-01,1.681215200661346776e-01,1.713822996187271130e-01,1.752454904672530733e-01,1.797545862749808654e-01,1.849589651517843658e-01,1.909138065230004677e-01,1.976799233339567585e-01,2.053234788813952105e-01,2.139155510789789161e-01,2.235314992566338477e-01,2.342500793295337336e-01,2.461522328654167924e-01,2.593195106129153604e-01,2.738319724220246720e-01,2.897654572262174377e-01,3.071881273811734037e-01,3.261560281225164282e-01,3.467074229322690271e-01,3.688555171680513167e-01,3.925789136188039818e-01,4.178083830144545541e-01,4.444058241474642124e-01,4.721182968501511090e-01,5.003774107568721430e-01,5.325252281104271290e-01,5.674829896397656226e-01,6.015375923757504406e-01,6.347635734332838231e-01,6.667926163632836856e-01,6.972171461019031069e-01,7.257086001756311022e-01,7.520854272087599268e-01
9.762080262080263804e-01,7.685610617745892714e-01,7.429005454839685552e-01,7.151942178697139330e-01,6.856316261569730397e-01,6.545362722237130226e-01,6.222960006889395324e-01,5.892334139915631486e-01,5.548499872203841443e-01,5.258324547288204531e-01,4.975276461524811289e-01,4.698765387715646558e-01,4.432798090917812739e-01,4.179524033363666291e-01,3.940225289619243565e-01,3.715615933550724392e-01,3.505997684919240909e-01,3.311363967425849930e-01,3.131477396913905364e-01,2.965930164964815652e-01,2.814192044292430639e-01,2.675648901997112472e-01,2.549633716651056314e-01,2.435451452734417876e-01,2.332398891365559668e-01,2.239781160990414743e-01,2.156923752815701478e-01,2.083182483915743122e-01,2.017951008755065057e-01,1.960666465431559202e-01,1.910813615814781763e-01,1.867927787657442940e-01,1.831596882361354317e-01,1.801462672549795363e-01,1.777221578013499781e-01,1.758625076366872320e-01,1.745479875446770968e-01,1.737647947720425134e-01,1.735046502356065168e-01,1.737647947720440678e-01,1.745479875446772910e-01,1.758625076366878148e-01,1.777221578013495895e-01,1.801462672549807853e-01,1.831596882361348766e-01,1.867927787657442107e-01,1.910813615814785649e-01,1.960666465431569194e-01,2.017951008755059228e-01,2.083182483915742844e-01,2.156923752815680939e-01,2.239781160990431119e-01,2.332398891365554394e-01,2.435451452734417876e-01,2.549633716651051873e-01,2.675648901997117468e-01,2.814192044292426198e-01,2.965930164964807880e-01,3.131477396913884270e-01,3.311363967425859922e-01,3.505997684919250901e-01,3.715615933550739380e-01,3.940225289619243565e-01,4.179524033363665181e-01,4.432798090917813849e-01,4.698765387715633235e-01,4.975276461524817950e-01,5.258324547288208972e-01,5.548499872203843664e-01,5.892334139915623714e-01,6.222960006889406426e-01,6.545362722237132447e-01,6.856316261569729287e-01,7.151942178697131558e-01,7.429005454839694433e-01,7.685610617745916029e-01
9.825552825552826830e-01,7.835535492329860352e-01,7.585818561714691155e-01,7.316232646233642445e-01,7.028833875150963806e-01,6.726910313420477738e-01,6.414236281914271753e-01,6.093552838497123814e-01,5.769672756164138105e-01,5.491123513669912137e-01,5.210877433785137125e-01,4.937495607786083762e-01,4.674039286700114593e-01,4.422345625128405455e-01,4.183578714127515474e-01,3.958435998156453195e-01,3.747266433273883646e-01,3.550152451413213228e-01,3.366971843915944063e-01,3.197446431832252078e-01,3.041181238504658824e-01,2.897696485571983338e-01,2.766453975208844063e-01,2.646878962536504676e-01,2.538378320186728820e-01,2.440355022639860427e-01,2.352221585675268456e-01,2.273409271658955455e-01,2.203376460974687812e-01,2.141615134298648360e-01,2.087655959948748752e-01,2.041072220012773719e-01,2.001482782652017345e-01,1.968554304232760788e-01,1.942002821676132585e-01,1.921594872495964723e-01,1.907148257483613774e-01,1.898532538995403307e-01,1.895669346356324558e-01,1.898532538995417740e-01,1.907148257483601284e-01,1.921594872495969997e-01,1.942002821676131197e-01,1.968554304232768004e-01,2.001482782652006243e-01,2.041072220012788152e-01,2.087655959948738760e-01,2.141615134298638645e-01,2.203376460974679207e-01,2.273409271658946573e-01,2.352221585675272064e-01,2.440355022639870419e-01,2.538378320186748249e-01,2.646878962536506341e-01,2.766453975208845173e-01,2.897696485571974456e-01,3.041181238504677697e-01,3.197446431832256519e-01,3.366971843915957940e-01,3.550152451413200461e-01,3.747266433273902519e-01,3.958435998156465407e-01,4.183578714127506593e-01,4.422345625128380475e-01,4.674039286700114593e-01,4.937495607786093754e-01,5.210877433785123802e-01,5.491123513669913248e-01,5.769672756164146987e-01,6.093552838497127144e-01,6.414236281914267312e-01,6.726910313420481069e-01,7.028833875150944932e-01,7.316232646233641335e-01,7.585818561714687824e-01,7.835535492329860352e-01
9.889025389025389856e-01,7.969769604195144908e-01,7.725817887681506457e-01,7.462500229308001165e-01,7.182173276180183752e-01,6.888320639693338299e-01,6.584714185500974981e-01,6.273455486513137558e-01,5.976117411809431790e-01,5.698813312636262784e-01,5.423638323281196882e-01,5.155458819837853701e-01,4.896680867643048995e-01,4.648845227661096979e-01,4.412966910785311447e-01,4.189685427251197969e-01,3.979355979056259374e-01,3.782113200187757762e-01,3.597918925221874065e-01,3.426599564381482832e-01,3.267876302906851937e-01,3.121390128849415024e-01,2.986722969922909199e-01,2.863415765075507102e-01,2.750984014998171245e-01,2.648931276379292155e-01,2.556759785377071825e-01,2.473981762932393469e-01,2.400126517906346346e-01,2.334747606521350716e-01,2.277428508615773617e-01,2.227787237895360317e-01,2.185480038300029737e-01,2.150204301794746697e-01,2.121700831773896401e-01,2.099755563150346449e-01,2.084200835333379354e-01,2.074916298117074898e-01,2.071829513415478496e-01,2.074916298117070734e-01,2.084200835333384905e-01,2.099755563150370319e-01,2.121700831773879747e-01,2.150204301794745310e-01,2.185480038300022798e-01,2.227787237895356987e-01,2.277428508615777225e-01,2.334747606521351826e-01,2.400126517906351897e-01,2.473981762932392636e-01,2.556759785377081262e-01,2.648931276379294930e-01,2.750984014998168470e-01,2.863415765075503217e-01,2.986722969922916415e-01,3.121390128849417800e-01,3.267876302906824182e-01,3.426599564381473950e-01,3.597918925221879616e-01,3.782113200187766089e-01,3.979355979056257708e-01,4.189685427251177430e-01,4.412966910785310337e-01,4.648845227661098090e-01,4.896680867643052326e-01,5.155458819837858142e-01,5.423638323281199103e-01,5.698813312636261674e-01,5.976117411809450664e-01,6.273455486513146440e-01,6.584714185500963879e-01,6.888320639693351621e-01,7.182173276180172650e-01,7.462500229307994504e-01,7.725817887681498686e-01,7.969769604195158230e-01
9.952497952497953992e-01,8.087003677006653346e-01,7.846724398714998161e-01,7.587541792495499093e-01,7.312345991371046461e-01,7.025012625995884497e-01,6.729411510297118593e-01,6.426400119796605859e-01,6.149586192166474063e-01,5.877401039854572851e-01,5.609106895603178655e-01,5.347971791591764612e-01,5.095852442219358513e-01,4.853976705393651114e-01,4.623172877633109912e-01,4.403982810231050204e-01,4.196731218002512920e-01,4.001572693403301906e-01,3.818525730121737904e-01,3.647498760081824831e-01,3.488311152264795267e-01,3.340710939434106130e-01,3.204390306560801482e-01,3.078999418540188104e-01,2.964158890400647728e-01,2.859471052320210482e-01,2.764530179818733835e-01,2.678930769722963623e-01,2.602276609524759587e-01,2.534187122003183079e-01,2.474303199624303673e-01,2.422292322072104043e-01,2.377852745588227568e-01,2.340716945919811831e-01,2.310654399247772661e-01,2.287473781484576640e-01,2.271024659200064633e-01,2.261198735507444213e-01,2.257930702163618852e-01,2.261198735507447266e-01,2.271024659200058804e-01,2.287473781484591906e-01,2.310654399247791257e-01,2.340716945919827652e-01,2.377852745588239780e-01,2.422292322072106263e-01,2.474303199624301730e-01,2.534187122003185300e-01,2.602276609524758477e-01,2.678930769722978056e-01,2.764530179818734390e-01,2.859471052320212703e-01,2.964158890400661051e-01,3.078999418540185329e-01,3.204390306560802038e-01,3.340710939434101689e-01,3.488311152264807480e-01,3.647498760081831493e-01,3.818525730121730688e-01,4.001572693403306347e-01,4.196731218002506258e-01,4.403982810231053535e-01,4.623172877633110467e-01,4.853976705393671653e-01,5.095852442219367395e-01,5.347971791591773494e-01,5.609106895603185317e-01,5.877401039854562859e-01,6.149586192166496268e-01,6.426400119796616961e-01,6.729411510297133026e-01,7.025012625995882276e-01,7.312345991371056453e-01,7.587541792495481330e-01,7.846724398714988169e-01,8.087003677006651126e-01
1.001597051597051813e+00,8.184558288138505944e-01,7.944450779518295036e-01,7.686045488246556756e-01,7.413171871575806593e-01,7.130364329451036598e-01,6.841642008646183770e-01,6.549328811340854317e-01,6.286834112444309453e-01,6.022151432232490942e-01,5.762688762000617304e-01,5.510647706624076658e-01,5.267342086116496569e-01,5.033649586241457641e-01,4.810174435472822085e-01,4.597329457908232442e-01,4.395383229874406661e-01,4.204489188880297101e-01,4.024704952827188320e-01,3.856006414542589855e-01,3.698299193498747472e-01,3.551428852825112559e-01,3.415190579831628437e-01,3.289338608189992241e-01,3.173595425536885339e-01,3.067660694277289934e-01,2.971219773126889674e-01,2.883951777128656579e-01,2.805536542659189947e-01,2.735661595358187537e-01,2.674028569667046829e-01,2.620357722168137893e-01,2.574392659809610628e-01,2.535904144840940844e-01,2.504693255187590006e-01,2.480593949891615468e-01,2.463475088566218496e-01,2.453241949891597495e-01,2.449837287199000124e-01,2.453241949891593054e-01,2.463475088566210169e-01,2.480593949891616024e-01,2.504693255187583345e-01,2.535904144840943064e-01,2.574392659809618955e-01,2.620357722168140113e-01,2.674028569667059041e-01,2.735661595358170883e-01,2.805536542659193278e-01,2.883951777128664906e-01,2.971219773126879682e-01,3.067660694277303812e-01,3.173595425536890335e-01,3.289338608189993352e-01,3.415190579831637319e-01,3.551428852825109228e-01,3.698299193498761905e-01,3.856006414542604288e-01,4.024704952827207194e-01,4.204489188880309869e-01,4.395383229874416098e-01,4.597329457908231887e-01,4.810174435472820975e-01,5.033649586241474294e-01,5.267342086116502120e-01,5.510647706624073328e-01,5.762688762000617304e-01,6.022151432232484281e-01,6.286834112444307232e-01,6.549328811340856538e-01,6.841642008646188211e-01,7.130364329451046590e-01,7.413171871575796601e-01,7.686045488246556756e-01,7.944450779518300587e-01,8.184558288138502613e-01
1.007944307944308004e+00,8.254562012569039986e-01,8.008283692571190882e-01,7.745161645193073818e-01,7.470708030366511876e-01,7.190394555574594060e-01,6.908171525665772750e-01,6.635787961669881163e-01,6.378435328624451062e-01,6.124345421264717482e-01,5.876679972194847057e-01,5.636675323190907250e-01,5.405057572187205173e-01,5.182320295496990470e-01,4.968827710082355242e-01,4.764859176709690392e-01,4.570628209868962122e-01,4.386289907201256222e-01,4.211943635937033803e-01,4.047634455526393227e-01,3.893354963413047098e-01,3.749048257127670647e-01,3.614612159504660416e-01,3.489904568666610807e-01,3.374749663631285146e-01,3.268944656100842838e-01,3.172266790321470187e-01,3.084480333596425483e-01,3.005343382805832353e-01,2.934614038307206685e-01,2.872055933175985398e-01,2.817444835726947705e-01,2.770572106110325006e-01,2.731249110847408512e-01,2.699310665086461225e-01,2.674617877928479048e-01,2.657060428776242822e-01,2.646558302430502274e-01,2.643063008124131863e-01,2.646558302430515597e-01,2.657060428776247818e-01,2.674617877928486265e-01,2.699310665086448457e-01,2.731249110847416284e-01,2.770572106110308352e-01,2.817444835726962138e-01,2.872055933175977627e-01,2.934614038307217232e-01,3.005343382805830688e-01,3.084480333596429369e-01,3.172266790321450203e-01,3.268944656100834512e-01,3.374749663631279040e-01,3.489904568666607476e-01,3.614612159504659861e-01,3.749048257127672867e-01,3.893354963413070968e-01,4.047634455526389896e-01,4.211943635937039354e-01,4.386289907201239013e-01,4.570628209868999869e-01,4.764859176709667632e-01,4.968827710082353577e-01,5.182320295496994911e-01,5.405057572187205173e-01,5.636675323190916131e-01,5.876679972194851498e-01,6.124345421264717482e-01,6.378435328624438849e-01,6.635787961669864510e-01,6.908171525665768309e-01,7.190394555574594060e-01,7.470708030366507435e-01,7.745161645193060496e-01,8.008283692571182000e-01,8.254562012569024443e-01
1.014291564291564418e+00,8.271217285226410976e-01,8.005481633932889363e-01,7.728609742314623832e-01,7.448870196156949230e-01,7.172083344497228730e-01,6.900496729178827726e-01,6.648703575666309318e-01,6.405880374482295636e-01,6.169054846280175308e-01,5.939204640366514409e-01,5.716594223026586485e-01,5.501384449173654101e-01,5.293749094323220161e-01,5.093893183913914546e-01,4.902042658604807701e-01,4.718426670401045242e-01,4.543260351031213617e-01,4.376730909298250927e-01,4.218987828874222190e-01,4.070137037944753233e-01,3.930238550813208720e-01,3.799306956369337129e-01,3.677314119602638764e-01,3.564193508324741688e-01,3.459845627495436449e-01,3.364144122454938990e-01,3.276942191859291698e-01,3.198079028368946419e-01,3.127386098606171894e-01,3.064692966994206347e-01,3.009831889657134663e-01,2.962644698663352560e-01,2.922985410849250898e-01,2.890724387559024389e-01,2.865751428642013821e-01,2.847978272178238179e-01,2.837340516802140944e-01,2.833798981673001927e-01,2.837340516802133727e-01,2.847978272178220971e-01,2.865751428642007714e-01,2.890724387559040487e-01,2.922985410849246457e-01,2.962644698663354781e-01,3.009831889657127446e-01,3.064692966994199130e-01,3.127386098606169118e-01,3.198079028368944199e-01,3.276942191859283371e-01,3.364144122454957309e-01,3.459845627495431453e-01,3.564193508324744464e-01,3.677314119602654863e-01,3.799306956369320476e-01,3.930238550813208720e-01,4.070137037944752123e-01,4.218987828874223855e-01,4.376730909298243710e-01,4.543260351031222499e-01,4.718426670401046352e-01,4.902042658604814362e-01,5.093893183913914546e-01,5.293749094323229043e-01,5.501384449173657432e-01,5.716594223026592037e-01,5.939204640366509969e-01,6.169054846280170867e-01,6.405880374482305628e-01,6.648703575666311538e-01,6.900496729178819955e-01,7.172083344497217627e-01,7.448870196156950341e-01,7.728609742314633824e-01,8.005481633932900465e-01,8.271217285226393212e-01
1.020638820638820832e+00,8.075311126186712762e-01,7.760860102678118766e-01,7.471174444757148203e-01,7.207856982605045371e-01,6.965328887681262460e-01,6.735078950211420556e-01,6.528528310471330975e-01,6.323955418904699810e-01,6.123062826020051475e-01,5.925783356400784463e-01,5.732198668675044795e-01,5.542597371788621219e-01,5.357404302759626313e-01,5.177114166940560702e-01,5.002242457385297492e-01,4.833291396522436667e-01,4.670727191235715114e-01,4.514965598754621667e-01,4.366363628043785639e-01,4.225215817827375764e-01,4.091753946618449378e-01,3.966149303142443294e-01,3.848516829861370891e-01,3.738920583635866879e-01,3.637380057857845794e-01,3.543876992212254273e-01,3.458362366313214586e-01,3.380763335317532037e-01,3.310989922329944934e-01,3.248941352159808171e-01,3.194511908521474042e-01,3.147594913486974622e-01,3.108090055694672227e-01,3.075905259081925247e-01,3.050960637836775402e-01,3.033191243490362399e-01,3.022549182982026128e-01,3.019005122020360088e-01,3.022549182982017246e-01,3.033191243490344080e-01,3.050960637836758749e-01,3.075905259081913590e-01,3.108090055694661125e-01,3.147594913486964630e-01,3.194511908521461829e-01,3.248941352159799845e-01,3.310989922329955482e-01,3.380763335317524265e-01,3.458362366313207370e-01,3.543876992212250387e-01,3.637380057857855786e-01,3.738920583635874650e-01,3.848516829861364785e-01,3.966149303142451066e-01,4.091753946618450488e-01,4.225215817827367437e-01,4.366363628043792300e-01,4.514965598754604459e-01,4.670727191235719555e-01,4.833291396522436667e-01,5.002242457385306373e-01,5.177114166940567364e-01,5.357404302759630754e-01,5.542597371788630101e-01,5.732198668675047015e-01,5.925783356400792234e-01,6.123062826020048144e-01,6.323955418904700920e-01,6.528528310471328755e-01,6.735078950211451643e-01,6.965328887681260239e-01,7.207856982605082008e-01,7.471174444757100463e-01,7.760860102678091010e-01,8.075311126186718313e-01
1.026986076986077023e+00,9.402154350119581450e-01,1.635553741402050454e-01,4.190201104246900066e-01,5.518449727806863381e-01,5.939847256877033299e-01,6.062108940533998958e-01,6.064818833783541807e-01,6.002351164278436624e-01,5.903005085265400353e-01,5.781451648187502235e-01,5.646228766824812340e-01,5.502766927127108465e-01,5.354774801334503120e-01,5.204932163802430400e-01,5.055261026164865612e-01,4.907335965442765624e-01,4.762409377468664329e-01,4.621489678750913543e-01,4.485392576250059049e-01,4.354776503298329882e-01,4.230168539219112400e-01,4.111984487155941337e-01,4.000545272231390004e-01,3.896090933952945368e-01,3.798792956366904283e-01,3.708765360732687033e-01,3.626074795137042006e-01,3.550749744270290664e-01,3.482788920740230165e-01,3.422168869613332332e-01,3.368850824084878015e-01,3.322786915132635022e-01,3.283923742617474995e-01,3.252210327222243569e-01,3.227599274478905045e-01,3.210050559154839500e-01,3.199533908518155112e-01,3.196030488192347918e-01,3.199533908518159553e-01,3.210050559154845051e-01,3.227599274478902824e-01,3.252210327222241348e-01,3.283923742617482211e-01,3.322786915132646679e-01,3.368850824084884676e-01,3.422168869613330111e-01,3.482788920740234606e-01,3.550749744270288444e-01,3.626074795137049778e-01,3.708765360732683702e-01,3.798792956366913165e-01,3.896090933952951474e-01,4.000545272231400551e-01,4.111984487155944112e-01,4.230168539219092416e-01,4.354776503298340429e-01,4.485392576250069596e-01,4.621489678750903551e-01,4.762409377468659888e-01,4.907335965442766734e-01,5.055261026164876714e-01,5.204932163802432621e-01,5.354774801334488687e-01,5.502766927127107355e-01,5.646228766824803458e-01,5.781451648187516668e-01,5.903005085265367047e-01,6.002351164278394435e-01,6.064818833783575114e-01,6.062108940534035595e-01,5.939847256877087700e-01,5.518449727806572502e-01,4.190201104246626396e-01,1.635553741401806482e-01,9.402154350120880411e-01
1.033333333333333437e+00,9.089787115709229148e-01,9.161653727172839323e-01,9.360415876742878005e-01,9.646808829796564844e-01,6.823370478247646753e-01,1.982603187344146589e-01,4.060285020791996602e-01,4.912284610048805455e-01,5.242761959945473338e-01,5.359074453807316507e-01,5.371488784171134512e-01,5.327349500174503039e-01,5.250200980485394409e-01,5.153136163125245917e-01,5.044095768018306281e-01,4.928237349251347599e-01,4.809097596789068674e-01,4.689206750576551674e-01,4.570434138331730956e-01,4.454193193735472289e-01,4.341569144731139973e-01,4.233402266424156624e-01,4.130344629997440564e-01,4.032900500204576466e-01,3.941456310886808923e-01,3.856303770295355648e-01,3.777658268533237163e-01,3.705673939543169815e-01,3.640456233610053216e-01,3.582072551863215715e-01,3.530561307596490894e-01,3.485939680297623910e-01,3.448210429960167911e-01,3.417365192865274293e-01,3.393393217148643060e-01,3.376281800099983910e-01,3.366019907382162835e-01,3.362600141419287425e-01,3.366019907382158949e-01,3.376281800100000563e-01,3.393393217148639174e-01,3.417365192865269297e-01,3.448210429960160694e-01,3.485939680297629462e-01,3.530561307596495335e-01,3.582072551863205723e-01,3.640456233610042669e-01,3.705673939543167039e-01,3.777658268533230501e-01,3.856303770295353983e-01,3.941456310886807257e-01,4.032900500204567029e-01,4.130344629997459438e-01,4.233402266424172722e-01,4.341569144731139418e-01,4.454193193735458967e-01,4.570434138331728735e-01,4.689206750576549454e-01,4.809097596789068119e-01,4.928237349251347044e-01,5.044095768018319603e-01,5.153136163125255909e-01,5.250200980485389968e-01,5.327349500174509700e-01,5.371488784171151165e-01,5.359074453807356475e-01,5.242761959945448913e-01,4.912284610048849309e-01,4.060285020792010480e-01,1.982603187343897899e-01,6.823370478248012017e-01,9.646808829796561513e-01,9.360415876742897989e-01,9.161653727172842654e-01,9.089787115709209164e-01
