nan,-5.000000000000000000e+00,-4.919354838709677047e+00,-4.838709677419354982e+00,-4.758064516129032029e+00,-4.677419354838709964e+00,-4.596774193548387011e+00,-4.516129032258064058e+00,-4.435483870967741993e+00,-4.354838709677419040e+00,-4.274193548387096975e+00,-4.193548387096774022e+00,-4.112903225806451957e+00,-4.032258064516129004e+00,-3.951612903225806495e+00,-3.870967741935483986e+00,-3.790322580645161032e+00,-3.709677419354838968e+00,-3.629032258064516014e+00,-3.548387096774193505e+00,-3.467741935483870996e+00,-3.387096774193548487e+00,-3.306451612903225978e+00,-3.225806451612903025e+00,-3.145161290322580960e+00,-3.064516129032258007e+00,-2.983870967741935498e+00,-2.903225806451612989e+00,-2.822580645161290480e+00,-2.741935483870967971e+00,-2.661290322580645018e+00,-2.580645161290322509e+00,-2.500000000000000000e+00,-2.419354838709677491e+00,-2.338709677419354982e+00,-2.258064516129032473e+00,-2.177419354838709964e+00,-2.096774193548387011e+00,-2.016129032258064502e+00,-1.935483870967741993e+00,-1.854838709677419484e+00,-1.774193548387096975e+00,-1.693548387096774466e+00,-1.612903225806451513e+00,-1.532258064516129004e+00,-1.451612903225806495e+00,-1.370967741935483986e+00,-1.290322580645161477e+00,-1.209677419354838968e+00,-1.129032258064516014e+00,-1.048387096774193505e+00,-9.677419354838709964e-01,-8.870967741935489315e-01,-8.064516129032259784e-01,-7.258064516129030253e-01,-6.451612903225809603e-01,-5.645161290322580072e-01,-4.838709677419359423e-01,-4.032258064516129892e-01,-3.225806451612900361e-01,-2.419354838709679711e-01,-1.612903225806450180e-01,-8.064516129032295311e-02,0.000000000000000000e+00,8.064516129032206493e-02,1.612903225806450180e-01,2.419354838709679711e-01,3.225806451612900361e-01,4.032258064516129892e-01,4.838709677419350541e-01,5.645161290322580072e-01,6.451612903225800721e-01,7.258064516129030253e-01,8.064516129032259784e-01,8.870967741935480433e-01,9.677419354838709964e-01,1.048387096774193061e+00,1.129032258064516014e+00,1.209677419354838968e+00,1.290322580645161032e+00,1.370967741935483986e+00,1.451612903225806051e+00,1.532258064516129004e+00,1.612903225806451069e+00,1.693548387096774022e+00,1.774193548387096975e+00,1.854838709677419040e+00,1.935483870967741993e+00,2.016129032258064058e+00,2.096774193548387011e+00,2.177419354838709076e+00,2.258064516129032029e+00,2.338709677419354982e+00,2.419354838709677047e+00,2.500000000000000000e+00,2.580645161290322065e+00,2.661290322580645018e+00,2.741935483870967971e+00,2.822580645161290036e+00,2.903225806451612989e+00,2.983870967741935054e+00,3.064516129032258007e+00,3.145161290322580072e+00,3.225806451612902137e+00,3.306451612903225978e+00,3.387096774193548043e+00,3.467741935483870108e+00,3.548387096774193949e+00,3.629032258064516014e+00,3.709677419354838079e+00,3.790322580645161921e+00,3.870967741935483986e+00,3.951612903225806051e+00,4.032258064516128115e+00,4.112903225806451957e+00,4.193548387096774022e+00,4.274193548387096087e+00,4.354838709677419928e+00,4.435483870967741993e+00,4.516129032258064058e+00,4.596774193548386123e+00,4.677419354838709964e+00,4.758064516129032029e+00,4.838709677419354094e+00,4.919354838709677935e+00,5.000000000000000000e+00
5.636363636363636020e-01,6.072874747918211719e-02,6.081899628367506971e-02,6.091564188748872094e-02,6.101834114410701476e-02,6.112668087926954874e-02,6.124021069786589333e-02,6.135846800112833288e-02,6.148099623279894982e-02,6.160735735059699042e-02,6.173713938617725328e-02,6.186995978049392858e-02,6.200546500266691102e-02,6.214332680503521084e-02,6.228323535616409751e-02,6.242488945156600411e-02,6.256798406151324599e-02,6.271219567942802608e-02,6.285716633004859166e-02,6.300248771687494420e-02,6.314768781517615670e-02,6.329222312400226147e-02,6.343548048282136864e-02,6.357679234832278037e-02,6.371546812691389339e-02,6.385084115525803405e-02,6.398232640805602556e-02,6.410947915111361861e-02,6.423204156976335122e-02,6.434996490304485672e-02,6.446339946006005017e-02,6.457265243752177697e-02,6.467811995121598712e-02,6.478019990205893808e-02,6.487917508863236260e-02,6.497495213286280658e-02,6.506445495847643090e-02,6.514800270566614704e-02,6.524124998322611280e-02,6.533439342526864424e-02,6.542647365262346804e-02,6.551697727549533889e-02,6.560552434279849632e-02,6.569179378827341709e-02,6.577549842273137937e-02,6.585637496710766703e-02,6.593417959737553347e-02,6.600868574131517341e-02,6.607968285963188027e-02,6.614697567780279674e-02,6.621038363278382299e-02,6.626974042756750283e-02,6.632489364471562399e-02,6.637570439694365221e-02,6.642204700545555063e-02,6.646380870266098417e-02,6.650088935868719853e-02,6.653320123228655125e-02,6.656066874726197791e-02,6.658322829567010770e-02,6.660082806901029828e-02,6.661342791852127576e-02,6.662099924550836383e-02,6.662352492246219338e-02,6.662099924550821117e-02,6.661342791852119249e-02,6.660082806901040930e-02,6.658322829567016321e-02,6.656066874726221383e-02,6.653320123228630145e-02,6.650088935868754547e-02,6.646380870266078988e-02,6.642204700545553675e-02,6.637570439694386037e-02,6.632489364471545745e-02,6.626974042756719752e-02,6.621038363278404504e-02,6.614697567780256082e-02,6.607968285963185251e-02,6.600868574131528443e-02,6.593417959737563061e-02,6.585637496710743111e-02,6.577549842273147651e-02,6.569179378827347260e-02,6.560552434279845468e-02,6.551697727549508909e-02,6.542647365262344028e-02,6.533439342526807525e-02,6.524124998322614055e-02,6.514800270566636908e-02,6.506445495847648641e-02,6.497495213286297311e-02,6.487917508863215443e-02,6.478019990205925727e-02,6.467811995121594548e-02,6.457265243752190187e-02,6.446339946005992527e-02,6.434996490304500938e-02,6.423204156976354551e-02,6.410947915111384066e-02,6.398232640805608107e-02,6.385084115525788140e-02,6.371546812691387951e-02,6.357679234832283588e-02,6.343548048282110496e-02,6.329222312400231698e-02,6.314768781517614282e-02,6.300248771687484706e-02,6.285716633004856391e-02,6.271219567942795670e-02,6.256798406151314884e-02,6.242488945156607349e-02,6.228323535616379220e-02,6.214332680503478062e-02,6.200546500266656408e-02,6.186995978049380368e-02,6.173713938617770430e-02,6.160735735059698348e-02,6.148099623279919962e-02,6.135846800112820798e-02,6.124021069786571292e-02,6.112668087926931976e-02,6.101834114410729926e-02,6.091564188748899850e-02,6.081899628367503502e-02,6.072874747918218657e-02
5.674242424242423866e-01,6.396031977849410410e-02,6.403100218059337712e-02,6.411173172236585283e-02,6.420209777863018774e-02,6.430165147943672777e-02,6.440992153623639749e-02,6.452642624004276128e-02,6.465068227555478830e-02,6.478221087796189048e-02,6.492054173338057677e-02,6.506521490320926748e-02,6.521578094310612195e-02,6.537179929123683453e-02,6.553283492051822923e-02,6.569845319161742025e-02,6.586821281933097350e-02,6.604165689543198270e-02,6.621830202761029571e-02,6.639762589797917891e-02,6.657905396022456568e-02,6.676194661118349527e-02,6.694558897183977564e-02,6.712918627759745238e-02,6.731186854140469578e-02,6.749270817964278524e-02,6.767075315126563906e-02,6.784507546341195239e-02,6.801483075131602163e-02,6.817931998246487546e-02,6.833804088359964057e-02,6.849071626205226193e-02,6.863728968840641931e-02,6.877788436576942610e-02,6.891272305798006037e-02,6.904198944998621301e-02,6.916547295876025736e-02,6.927493729797323807e-02,6.938170089081165115e-02,6.949605851628588848e-02,6.960932710027678549e-02,6.972035405907965611e-02,6.982856206600919491e-02,6.993354959795232417e-02,7.003499245632223424e-02,7.013261030065569279e-02,7.022615314915518769e-02,7.031539518098176011e-02,7.040013148083161532e-02,7.048017604051852458e-02,7.055536032299886129e-02,7.062553209488765804e-02,7.069055440393512413e-02,7.075030465187238937e-02,7.080467374487130205e-02,7.085356531686801129e-02,7.089689502574431090e-02,7.093458992351875381e-02,7.096658790154336538e-02,7.099283721114045542e-02,7.101329605956119284e-02,7.102793228079777588e-02,7.103672308055314355e-02,7.103965485468938246e-02,7.103672308055337947e-02,7.102793228079795629e-02,7.101329605956131774e-02,7.099283721113988643e-02,7.096658790154350416e-02,7.093458992351857340e-02,7.089689502574432478e-02,7.085356531686787251e-02,7.080467374487112164e-02,7.075030465187219508e-02,7.069055440393483269e-02,7.062553209488776906e-02,7.055536032299898619e-02,7.048017604051876051e-02,7.040013148083132388e-02,7.031539518098185726e-02,7.022615314915538198e-02,7.013261030065562340e-02,7.003499245632213710e-02,6.993354959795269887e-02,6.982856206600923654e-02,6.972035405907940631e-02,6.960932710027710468e-02,6.949605851628591624e-02,6.938170089081140135e-02,6.927493729797307154e-02,6.916547295876022960e-02,6.904198944998592158e-02,6.891272305798042119e-02,6.877788436576971753e-02,6.863728968840622502e-02,6.849071626205213703e-02,6.833804088359964057e-02,6.817931998246490322e-02,6.801483075131586897e-02,6.784507546341193851e-02,6.767075315126558355e-02,6.749270817964282687e-02,6.731186854140448761e-02,6.712918627759734136e-02,6.694558897183988666e-02,6.676194661118381446e-02,6.657905396022453792e-02,6.639762589797924830e-02,6.621830202761058715e-02,6.604165689543210760e-02,6.586821281933059880e-02,6.569845319161754515e-02,6.553283492051809045e-02,6.537179929123648758e-02,6.521578094310602480e-02,6.506521490320932299e-02,6.492054173338077105e-02,6.478221087796176558e-02,6.465068227555466340e-02,6.452642624004296945e-02,6.440992153623645300e-02,6.430165147943713022e-02,6.420209777863004896e-02,6.411173172236574180e-02,6.403100218059347426e-02,6.396031977849386818e-02
5.712121212121211711e-01,6.775298453812433896e-02,6.779268457219847499e-02,6.784624514674468532e-02,6.791331200595589201e-02,6.799348859173133530e-02,6.808634103204060095e-02,6.819140200503354121e-02,6.830817389082077806e-02,6.843613150315319693e-02,6.857472458344340827e-02,6.872338014101898873e-02,6.888150463576553362e-02,6.904848592119179618e-02,6.922369479689373384e-02,6.940648595991409653e-02,6.959619809764405751e-02,6.979215283742634668e-02,6.999365227220939734e-02,7.019997483703477315e-02,7.041036944569345479e-02,7.062404804569337446e-02,7.084017714850193714e-02,7.105786946235428947e-02,7.127617747620487720e-02,7.149409161337644258e-02,7.171054616720420882e-02,7.192443628682843038e-02,7.213464835996429014e-02,7.234010389944466046e-02,7.253981351781367548e-02,7.273293343867552607e-02,7.291881352454429588e-02,7.309702431687035984e-02,7.326735116112897961e-02,7.342974232529225764e-02,7.358417662451206820e-02,7.373024007820264125e-02,7.385411256899557242e-02,7.397922799920554626e-02,7.410857434737008753e-02,7.423559954881708833e-02,7.435911728307906254e-02,7.447857465856952408e-02,7.459361287019909692e-02,7.470395520392358879e-02,7.480936884781434759e-02,7.490964978084775627e-02,7.500461612192536875e-02,7.509410483345181631e-02,7.517796979611190977e-02,7.525608044528714347e-02,7.532832063825417590e-02,7.539458762460224395e-02,7.545479107877373082e-02,7.550885218885351746e-02,7.555670280823657825e-02,7.559828467956627995e-02,7.563354873931923961e-02,7.566245450920702775e-02,7.568496957843241779e-02,7.570106917907243327e-02,7.571073585563639630e-02,7.571395922914152254e-02,7.571073585563657671e-02,7.570106917907229449e-02,7.568496957843286188e-02,7.566245450920694449e-02,7.563354873931939226e-02,7.559828467956625220e-02,7.555670280823613416e-02,7.550885218885348971e-02,7.545479107877425817e-02,7.539458762460268804e-02,7.532832063825402324e-02,7.525608044528739327e-02,7.517796979611222896e-02,7.509410483345162202e-02,7.500461612192553529e-02,7.490964978084772852e-02,7.480936884781395901e-02,7.470395520392357491e-02,7.459361287019916631e-02,7.447857465856966286e-02,7.435911728307907642e-02,7.423559954881743528e-02,7.410857434737030958e-02,7.397922799920560177e-02,7.385411256899597487e-02,7.373024007820296044e-02,7.358417662451206820e-02,7.342974232529209111e-02,7.326735116112903512e-02,7.309702431687012392e-02,7.291881352454442078e-02,7.273293343867540117e-02,7.253981351781349507e-02,7.234010389944470210e-02,7.213464835996430402e-02,7.192443628682892998e-02,7.171054616720405617e-02,7.149409161337609564e-02,7.127617747620491884e-02,7.105786946235427559e-02,7.084017714850174285e-02,7.062404804569286099e-02,7.041036944569302458e-02,7.019997483703498131e-02,6.999365227220974428e-02,6.979215283742622178e-02,6.959619809764444609e-02,6.940648595991426306e-02,6.922369479689363669e-02,6.904848592119197659e-02,6.888150463576524218e-02,6.872338014101925241e-02,6.857472458344369970e-02,6.843613150315340510e-02,6.830817389082005642e-02,6.819140200503345794e-02,6.808634103204061483e-02,6.799348859173125204e-02,6.791331200595586426e-02,6.784624514674449103e-02,6.779268457219814192e-02,6.775298453812413080e-02
5.749999999999999556e-01,7.219492567246035830e-02,7.219590136833586858e-02,7.221382744818087562e-02,7.224842541169730625e-02,7.229936854703979121e-02,7.236628057406307990e-02,7.244873451238514894e-02,7.254625207344367332e-02,7.265830378061259587e-02,7.278430993359370771e-02,7.292364245221492902e-02,7.307562755966137691e-02,7.323954919569222732e-02,7.341465298628226110e-02,7.360015053771369609e-02,7.379522377133358735e-02,7.399902897213012087e-02,7.421070019387580874e-02,7.442935165280589738e-02,7.465407876177031221e-02,7.488395752429066743e-02,7.511804214601859597e-02,7.535536095754011288e-02,7.559491110467188302e-02,7.583565296443503523e-02,7.607650586583825092e-02,7.631634734785998353e-02,7.655401868898263629e-02,7.678833950254082552e-02,7.701813345479971429e-02,7.724226533486262813e-02,7.745968675403785975e-02,7.766948407058164860e-02,7.787091844533181040e-02,7.806344449219397574e-02,7.824668777528892560e-02,7.842033238700105158e-02,7.858364686791804998e-02,7.871865739353323121e-02,7.885643092594787906e-02,7.899615776419612045e-02,7.913235120929661137e-02,7.926388735165068589e-02,7.939027569933011785e-02,7.951122053465178863e-02,7.962650476119423337e-02,7.973595007454405137e-02,7.983940161282396253e-02,7.993672167621591884e-02,8.002778700365906217e-02,8.011248742993301586e-02,8.019072503102492311e-02,8.026241340110031042e-02,8.032747693535893796e-02,8.038585009156315464e-02,8.043747664210280923e-02,8.048230894068356123e-02,8.052030722849601307e-02,8.055143900103275967e-02,8.057567845195508227e-02,8.059300600592063379e-02,8.060340794857601132e-02,8.060687615910117065e-02,8.060340794857596969e-02,8.059300600592059216e-02,8.057567845195545697e-02,8.055143900103245436e-02,8.052030722849565225e-02,8.048230894068351959e-02,8.043747664210278148e-02,8.038585009156312688e-02,8.032747693535852163e-02,8.026241340110025491e-02,8.019072503102463167e-02,8.011248742993318239e-02,8.002778700365885400e-02,7.993672167621605762e-02,7.983940161282428172e-02,7.973595007454442607e-02,7.962650476119402521e-02,7.951122053465180251e-02,7.939027569933002071e-02,7.926388735165085242e-02,7.913235120929686117e-02,7.899615776419582902e-02,7.885643092594775416e-02,7.871865739353331448e-02,7.858364686791852183e-02,7.842033238700028830e-02,7.824668777528936969e-02,7.806344449219405901e-02,7.787091844533219898e-02,7.766948407058163473e-02,7.745968675403784587e-02,7.724226533486239221e-02,7.701813345479957551e-02,7.678833950254053409e-02,7.655401868898277506e-02,7.631634734785999741e-02,7.607650586583837582e-02,7.583565296443479931e-02,7.559491110467198016e-02,7.535536095753980756e-02,7.511804214601860985e-02,7.488395752429072294e-02,7.465407876177010404e-02,7.442935165280621657e-02,7.421070019387580874e-02,7.399902897213021802e-02,7.379522377133367061e-02,7.360015053771376548e-02,7.341465298628228886e-02,7.323954919569228283e-02,7.307562755966146018e-02,7.292364245221504004e-02,7.278430993359388812e-02,7.265830378061285955e-02,7.254625207344359006e-02,7.244873451238513506e-02,7.236628057406307990e-02,7.229936854703968019e-02,7.224842541169732013e-02,7.221382744818072297e-02,7.219590136833585470e-02,7.219492567246055259e-02
5.787878787878787401e-01,7.730902255159860514e-02,7.726593026036374101e-02,7.724172971805839949e-02,7.723616972640728884e-02,7.724896111637973017e-02,7.727977302675960447e-02,7.732822950412703011e-02,7.739390661627509882e-02,7.747633022797208169e-02,7.757497454963617478e-02,7.768926153344034302e-02,7.781856115529739437e-02,7.796219258356090753e-02,7.811942619479177174e-02,7.828948635326482552e-02,7.847155482410775318e-02,7.866477464131130248e-02,7.886825420322059188e-02,7.908107132305379483e-02,7.930227692570601672e-02,7.953089806229625414e-02,7.976593992195571414e-02,8.000638657162180423e-02,8.025120026900310621e-02,8.049931939418532301e-02,8.074965535235072156e-02,8.100108922230192521e-02,8.125246944186902132e-02,8.150261235763225920e-02,8.175030787180127823e-02,8.199433245748002919e-02,8.223347119196808275e-02,8.246654890760934942e-02,8.269246794716988980e-02,8.291024634498715684e-02,8.311904517586811425e-02,8.331816386969606580e-02,8.350694479134990189e-02,8.368424510459103460e-02,8.382823670397987481e-02,8.397658509139752092e-02,8.412482260622571040e-02,8.426840730373351407e-02,8.440631107518176135e-02,8.453810455916176136e-02,8.466354589550473264e-02,8.478246657123085506e-02,8.489473151251565597e-02,8.500022385568495320e-02,8.509883909751583819e-02,8.519048296272534182e-02,8.527507068000673984e-02,8.535252669519254043e-02,8.542278442835009311e-02,8.548578594041535139e-02,8.554148148931957352e-02,8.558982900213937817e-02,8.563079350454397276e-02,8.566434654908545998e-02,8.569046567837762529e-02,8.570913395193539841e-02,8.572033955835291208e-02,8.572407552827578103e-02,8.572033955835299535e-02,8.570913395193555107e-02,8.569046567837772244e-02,8.566434654908525181e-02,8.563079350454419481e-02,8.558982900213958633e-02,8.554148148931939311e-02,8.548578594041490730e-02,8.542278442835009311e-02,8.535252669519274860e-02,8.527507068000683699e-02,8.519048296272548060e-02,8.509883909751576880e-02,8.500022385568514749e-02,8.489473151251557270e-02,8.478246657123109098e-02,8.466354589550455223e-02,8.453810455916187239e-02,8.440631107518181686e-02,8.426840730373344468e-02,8.412482260622615449e-02,8.397658509139745153e-02,8.382823670398024951e-02,8.368424510459140930e-02,8.350694479134997128e-02,8.331816386969551069e-02,8.311904517586812813e-02,8.291024634498767032e-02,8.269246794716977877e-02,8.246654890760939105e-02,8.223347119196774968e-02,8.199433245748051491e-02,8.175030787180137537e-02,8.150261235763217593e-02,8.125246944186897968e-02,8.100108922230175867e-02,8.074965535235065217e-02,8.049931939418542015e-02,8.025120026900332826e-02,8.000638657162163769e-02,7.976593992195556149e-02,7.953089806229642067e-02,7.930227692570616937e-02,7.908107132305344789e-02,7.886825420322012004e-02,7.866477464131166331e-02,7.847155482410747562e-02,7.828948635326465899e-02,7.811942619479227135e-02,7.796219258356004711e-02,7.781856115529739437e-02,7.768926153344050956e-02,7.757497454963625805e-02,7.747633022797155433e-02,7.739390661627552903e-02,7.732822950412736318e-02,7.727977302675960447e-02,7.724896111637970242e-02,7.723616972640731659e-02,7.724172971805839949e-02,7.726593026036397693e-02,7.730902255159900760e-02
5.825757575757575246e-01,8.299676823489213207e-02,8.290485814529854891e-02,8.283263800158149892e-02,8.277981746246355910e-02,8.274609528782164714e-02,8.273115600732659780e-02,8.273466632565108780e-02,8.275627134121360529e-02,8.279559066227891451e-02,8.285221451589459829e-02,8.292569995822757223e-02,8.301556730605635925e-02,8.312129691546002452e-02,8.324232643258930309e-02,8.337804863079710527e-02,8.352780992697945994e-02,8.369090963733415156e-02,8.386659998924078652e-02,8.405408685324178286e-02,8.425253109999597534e-02,8.446105042599937052e-02,8.467872143513309469e-02,8.490458171943796040e-02,8.513763166345715561e-02,8.537683571697821105e-02,8.562112295868988532e-02,8.586938692747507484e-02,8.612048494452621827e-02,8.637323749257526384e-02,8.662642863674341331e-02,8.687880889924040617e-02,8.712910230856486804e-02,8.737601933136765475e-02,8.761827679646833067e-02,8.785462442924980853e-02,8.808387483620257197e-02,8.830492873643126794e-02,8.851677554173670304e-02,8.871840441991860060e-02,8.890819844562602992e-02,8.906072182841850982e-02,8.921952415551112625e-02,8.937642822981457791e-02,8.952769142240159239e-02,8.967236377909786060e-02,8.981004517859549063e-02,8.994051564067047366e-02,9.006362648922774938e-02,9.017926072023192685e-02,9.028731747360320414e-02,9.038770607739056440e-02,9.048034404526729413e-02,9.056515662473139938e-02,9.064207683236663593e-02,9.071104552153506917e-02,9.077201131635863340e-02,9.082493038183656053e-02,9.086976605989427469e-02,9.090648842294003773e-02,9.093507379949003488e-02,9.095550432081092596e-02,9.096776752858781734e-02,9.097185607391901352e-02,9.096776752858735937e-02,9.095550432081110637e-02,9.093507379949028469e-02,9.090648842293956589e-02,9.086976605989408040e-02,9.082493038183656053e-02,9.077201131635856401e-02,9.071104552153495815e-02,9.064207683236720492e-02,9.056515662473106631e-02,9.048034404526789087e-02,9.038770607739066154e-02,9.028731747360334292e-02,9.017926072023216277e-02,9.006362648922751346e-02,8.994051564067014060e-02,8.981004517859554614e-02,8.967236377909802714e-02,8.952769142240227240e-02,8.937642822981455015e-02,8.921952415551091808e-02,8.906072182841891227e-02,8.890819844562587726e-02,8.871840441991866999e-02,8.851677554173630058e-02,8.830492873643146223e-02,8.808387483620300218e-02,8.785462442924972526e-02,8.761827679646867761e-02,8.737601933136834864e-02,8.712910230856510396e-02,8.687880889924058658e-02,8.662642863674374638e-02,8.637323749257495853e-02,8.612048494452601011e-02,8.586938692747496382e-02,8.562112295869006573e-02,8.537683571697848861e-02,8.513763166345723887e-02,8.490458171943755794e-02,8.467872143513360816e-02,8.446105042599924562e-02,8.425253109999590595e-02,8.405408685324124163e-02,8.386659998924067549e-02,8.369090963733423483e-02,8.352780992697929341e-02,8.337804863079716078e-02,8.324232643258941411e-02,8.312129691545963595e-02,8.301556730605613721e-02,8.292569995822757223e-02,8.285221451589454278e-02,8.279559066227958064e-02,8.275627134121420203e-02,8.273466632565135148e-02,8.273115600732688923e-02,8.274609528782110590e-02,8.277981746246368400e-02,8.283263800158183199e-02,8.290485814529864605e-02,8.299676823489231248e-02
5.863636363636363091e-01,8.928884259606140184e-02,8.914310315310196298e-02,8.901701449075009875e-02,8.891019595448525215e-02,8.882229000401833940e-02,8.875296025695900148e-02,8.870188872382135659e-02,8.866877223379651674e-02,8.865331807400252118e-02,8.865523889268765723e-02,8.867424694725555001e-02,8.871004780901968478e-02,8.876233366626902488e-02,8.883077639352608690e-02,8.891502057559426409e-02,8.901467668806020694e-02,8.912931463924678166e-02,8.925845787053375557e-02,8.940157819108392190e-02,8.955809148899142313e-02,8.972735441397493295e-02,8.990866206907928426e-02,9.010124668391525371e-02,9.030427717548338007e-02,9.051685944304710407e-02,9.073803720178126586e-02,9.096679315026723334e-02,9.120205030550032621e-02,9.144267344267159592e-02,9.168747075830915860e-02,9.193519613566510096e-02,9.218455270844357063e-02,9.243419873158718880e-02,9.268275695671666925e-02,9.292882857861732571e-02,9.317101206300980321e-02,9.340792525231961241e-02,9.363822473242436328e-02,9.386060423650020856e-02,9.407370237214536524e-02,9.427537416853734586e-02,9.443684188800573198e-02,9.460696124101457272e-02,9.477380480293662313e-02,9.493423327192430927e-02,9.508731232137423994e-02,9.523260865140066589e-02,9.536986696101384942e-02,9.549890796187254782e-02,9.561958883450541458e-02,9.573178666599965747e-02,9.583539157136752862e-02,9.593030409512187662e-02,9.601643444393308247e-02,9.609370239032721805e-02,9.616203730935864169e-02,9.622137812596938400e-02,9.627167311200650335e-02,9.631287955040976345e-02,9.634496331761537025e-02,9.636789844427869067e-02,9.638166671079582970e-02,9.638625732424002668e-02,9.638166671079599623e-02,9.636789844427899598e-02,9.634496331761535637e-02,9.631287955040965243e-02,9.627167311200618416e-02,9.622137812596955053e-02,9.616203730935840577e-02,9.609370239032764827e-02,9.601643444393306859e-02,9.593030409512200152e-02,9.583539157136743147e-02,9.573178666600003217e-02,9.561958883450540070e-02,9.549890796187239517e-02,9.536986696101384942e-02,9.523260865140092957e-02,9.508731232137443423e-02,9.493423327192405947e-02,9.477380480293660925e-02,9.460696124101447557e-02,9.443684188800602342e-02,9.427537416853749852e-02,9.407370237214525421e-02,9.386060423649993101e-02,9.363822473242425226e-02,9.340792525231944587e-02,9.317101206300949789e-02,9.292882857861750612e-02,9.268275695671740477e-02,9.243419873158754962e-02,9.218455270844387595e-02,9.193519613566503157e-02,9.168747075830925575e-02,9.144267344267155428e-02,9.120205030550049274e-02,9.096679315026723334e-02,9.073803720178112708e-02,9.051685944304674325e-02,9.030427717548362987e-02,9.010124668391535085e-02,8.990866206907949243e-02,8.972735441397489131e-02,8.955809148899190886e-02,8.940157819108376924e-02,8.925845787053302005e-02,8.912931463924697595e-02,8.901467668805986000e-02,8.891502057559451389e-02,8.883077639352544852e-02,8.876233366626934407e-02,8.871004780901932396e-02,8.867424694725596634e-02,8.865523889268774049e-02,8.865331807400286812e-02,8.866877223379628081e-02,8.870188872382073209e-02,8.875296025695915414e-02,8.882229000401808960e-02,8.891019595448536317e-02,8.901701449075012651e-02,8.914310315310138011e-02,8.928884259606148510e-02
5.901515151515150936e-01,9.624818989673927794e-02,9.604285818503639771e-02,9.585673346227031877e-02,9.568931948708847557e-02,9.554017240527311328e-02,9.540889983180922407e-02,9.529515902125372528e-02,9.519865410282307705e-02,9.511913236659065574e-02,9.505637960013574306e-02,9.501021449092825200e-02,9.498048212868583084e-02,9.496704666388959548e-02,9.496978320320746680e-02,9.498856904920606470e-02,9.502327441928522245e-02,9.507375280598201472e-02,9.513983116554972086e-02,9.522130014204287229e-02,9.531790454739227925e-02,9.542933432185797538e-02,9.555521619158506563e-02,9.569510621941892947e-02,9.584848341125622173e-02,9.601474449457989002e-02,9.619319993180033834e-02,9.638307117501668242e-02,9.658348911993211439e-02,9.679349368711105683e-02,9.701203446283240828e-02,9.723797238375012086e-02,9.747008255959380141e-02,9.770705849484911942e-02,9.794751816943822464e-02,9.819001260556485533e-02,9.843303755188273496e-02,9.867504850431450814e-02,9.891447791581774174e-02,9.914974961899154782e-02,9.937927316746729411e-02,9.960134274645757180e-02,9.981320321572788312e-02,9.998310143503444380e-02,1.001646203565083604e-01,1.003421078508898445e-01,1.005128038547608987e-01,1.006756895874929836e-01,1.008302049405766926e-01,1.009759724365546091e-01,1.011127032695387645e-01,1.012401580474411311e-01,1.013581288517165779e-01,1.014664308840195206e-01,1.015648986946512539e-01,1.016533845826664284e-01,1.017317579411735340e-01,1.017999049279888629e-01,1.018577281732662293e-01,1.019051464193134610e-01,1.019420940860024244e-01,1.019685208025451484e-01,1.019843909632151685e-01,1.019896833636450978e-01,1.019843909632153905e-01,1.019685208025455370e-01,1.019420940860023689e-01,1.019051464193131140e-01,1.018577281732664930e-01,1.017999049279884743e-01,1.017317579411742001e-01,1.016533845826664978e-01,1.015648986946510041e-01,1.014664308840200202e-01,1.013581288517164669e-01,1.012401580474410756e-01,1.011127032695387090e-01,1.009759724365546507e-01,1.008302049405769008e-01,1.006756895874933166e-01,1.005128038547610236e-01,1.003421078508900943e-01,1.001646203565081522e-01,9.998310143503447156e-02,9.981320321572823007e-02,9.960134274645739139e-02,9.937927316746734963e-02,9.914974961899181150e-02,9.891447791581774174e-02,9.867504850431463304e-02,9.843303755188266557e-02,9.819001260556466104e-02,9.794751816943811362e-02,9.770705849484989658e-02,9.747008255959389855e-02,9.723797238375002372e-02,9.701203446283203358e-02,9.679349368711119561e-02,9.658348911993198949e-02,9.638307117501705712e-02,9.619319993180099060e-02,9.601474449458026472e-02,9.584848341125647153e-02,9.569510621941927642e-02,9.555521619158553748e-02,9.542933432185754516e-02,9.531790454739261231e-02,9.522130014204278903e-02,9.513983116554936004e-02,9.507375280598190370e-02,9.502327441928581919e-02,9.498856904920618960e-02,9.496978320320827172e-02,9.496704666388920690e-02,9.498048212868620555e-02,9.501021449092857118e-02,9.505637960013593735e-02,9.511913236659087778e-02,9.519865410282386808e-02,9.529515902125368365e-02,9.540889983180875222e-02,9.554017240527365451e-02,9.568931948708903068e-02,9.585673346227001346e-02,9.604285818503627281e-02,9.624818989673931957e-02
5.939393939393938782e-01,1.037004568393505299e-01,1.034296344057563100e-01,1.031775663017553968e-01,1.029436378726645979e-01,1.027273038659290982e-01,1.025280878185917399e-01,1.023455808225240959e-01,1.021794396526096160e-01,1.020293842352297670e-01,1.018951944280501593e-01,1.017767060776185589e-01,1.016738063195982145e-01,1.015864280880558329e-01,1.015145438059438243e-01,1.014581582391389236e-01,1.014173005116928150e-01,1.013920153002216412e-01,1.013823532506295394e-01,1.013883606896941042e-01,1.014100687366557563e-01,1.014474819538877665e-01,1.015005667091030545e-01,1.015692394517109520e-01,1.016533551302648830e-01,1.017526959936782827e-01,1.018669610240980211e-01,1.019957562427134395e-01,1.021385861120465005e-01,1.022948462320024676e-01,1.024638174976177790e-01,1.026446618618798851e-01,1.028364198373079852e-01,1.030380098848003856e-01,1.032482298829072026e-01,1.034657609383158178e-01,1.036891738557777914e-01,1.039169385475412766e-01,1.041474363293275335e-01,1.043789739203853650e-01,1.046097944807364427e-01,1.048380685564637427e-01,1.050617822320747269e-01,1.052773843724317537e-01,1.054510226667614847e-01,1.056399479864789381e-01,1.058250396909953400e-01,1.060037009414820791e-01,1.061747093411150727e-01,1.063372618467439829e-01,1.064907452368778068e-01,1.066346525647536986e-01,1.067685459290985822e-01,1.068920382211293735e-01,1.070047839117880678e-01,1.071064744637117983e-01,1.071968361236020212e-01,1.072756288756094301e-01,1.073426458918121384e-01,1.073977131413868108e-01,1.074406890146302612e-01,1.074714639301374702e-01,1.074899599515937998e-01,1.074961304631126685e-01,1.074899599515938969e-01,1.074714639301373315e-01,1.074406890146301086e-01,1.073977131413873520e-01,1.073426458918122217e-01,1.072756288756095827e-01,1.071968361236016742e-01,1.071064744637122146e-01,1.070047839117882760e-01,1.068920382211294290e-01,1.067685459290984157e-01,1.066346525647539900e-01,1.064907452368783758e-01,1.063372618467442327e-01,1.061747093411151976e-01,1.060037009414822734e-01,1.058250396909953400e-01,1.056399479864793683e-01,1.054510226667617900e-01,1.052773843724317260e-01,1.050617822320746020e-01,1.048380685564636455e-01,1.046097944807365121e-01,1.043789739203852540e-01,1.041474363293272698e-01,1.039169385475414292e-01,1.036891738557773612e-01,1.034657609383161786e-01,1.032482298829072720e-01,1.030380098848009546e-01,1.028364198373084987e-01,1.026446618618796075e-01,1.024638174976180288e-01,1.022948462320027035e-01,1.021385861120464311e-01,1.019957562427140640e-01,1.018669610240979656e-01,1.017526959936781855e-01,1.016533551302652438e-01,1.015692394517114100e-01,1.015005667091032210e-01,1.014474819538882799e-01,1.014100687366560338e-01,1.013883606896941597e-01,1.013823532506297337e-01,1.013920153002219188e-01,1.014173005116917603e-01,1.014581582391399089e-01,1.015145438059438660e-01,1.015864280880556803e-01,1.016738063195979230e-01,1.017767060776187116e-01,1.018951944280502286e-01,1.020293842352300168e-01,1.021794396526090748e-01,1.023455808225248315e-01,1.025280878185914624e-01,1.027273038659290288e-01,1.029436378726641815e-01,1.031775663017552302e-01,1.034296344057562128e-01,1.037004568393508491e-01
5.977272727272726627e-01,1.119475714892151780e-01,1.116045080047228938e-01,1.112801509035344083e-01,1.109737746305399786e-01,1.106847267522465261e-01,1.104124271733146617e-01,1.101563671246397619e-01,1.099161079215746489e-01,1.096912794766124188e-01,1.094815785370145261e-01,1.092867666049609499e-01,1.091066674858267999e-01,1.089411643997943852e-01,1.087901965835279400e-01,1.086537553025664904e-01,1.085318791921648790e-01,1.084246488450615747e-01,1.083321805698126417e-01,1.082546192535105978e-01,1.081921302784225464e-01,1.081448904636927028e-01,1.081130780307743566e-01,1.080968616244489533e-01,1.080963884593469509e-01,1.081117717035876002e-01,1.081430772548785807e-01,1.081903101079460389e-01,1.082534005534870059e-01,1.083321904855812784e-01,1.084264201254285798e-01,1.085357154935381041e-01,1.086595769811602580e-01,1.087973693867357178e-01,1.089483137974543991e-01,1.091114817107852603e-01,1.092857918010092799e-01,1.094700097194093169e-01,1.096627512120105091e-01,1.098624884830410181e-01,1.100675586664584121e-01,1.102761699272088447e-01,1.104863879485658562e-01,1.106960105087223672e-01,1.108915086968051272e-01,1.110651271600381906e-01,1.112495751007718803e-01,1.114317025126214389e-01,1.116089157764999229e-01,1.117796953805878513e-01,1.119428936587351930e-01,1.120975513079771752e-01,1.122428283147121342e-01,1.123779727978966164e-01,1.125023059338906561e-01,1.126152148292781513e-01,1.127161496138378849e-01,1.128046227677505509e-01,1.128802095362239355e-01,1.129425487617245621e-01,1.129913437630580830e-01,1.130263630823690191e-01,1.130474410387997120e-01,1.130544780913924074e-01,1.130474410388001699e-01,1.130263630823688803e-01,1.129913437630580830e-01,1.129425487617238127e-01,1.128802095362238106e-01,1.128046227677506064e-01,1.127161496138382180e-01,1.126152148292788729e-01,1.125023059338913778e-01,1.123779727978967274e-01,1.122428283147121481e-01,1.120975513079775915e-01,1.119428936587351792e-01,1.117796953805880317e-01,1.116089157764998674e-01,1.114317025126210642e-01,1.112495751007713946e-01,1.110651271600387180e-01,1.108915086968052660e-01,1.106960105087220064e-01,1.104863879485655231e-01,1.102761699272093027e-01,1.100675586664585509e-01,1.098624884830410181e-01,1.096627512120104120e-01,1.094700097194096916e-01,1.092857918010092522e-01,1.091114817107860929e-01,1.089483137974546489e-01,1.087973693867355790e-01,1.086595769811599943e-01,1.085357154935381596e-01,1.084264201254282051e-01,1.083321904855814310e-01,1.082534005534870059e-01,1.081903101079466634e-01,1.081430772548781505e-01,1.081117717035878500e-01,1.080963884593461599e-01,1.080968616244490782e-01,1.081130780307747730e-01,1.081448904636932856e-01,1.081921302784231709e-01,1.082546192535108615e-01,1.083321805698127804e-01,1.084246488450614915e-01,1.085318791921645876e-01,1.086537553025664488e-01,1.087901965835280232e-01,1.089411643997951346e-01,1.091066674858265223e-01,1.092867666049612968e-01,1.094815785370138045e-01,1.096912794766124327e-01,1.099161079215752318e-01,1.101563671246392068e-01,1.104124271733144258e-01,1.106847267522455824e-01,1.109737746305399370e-01,1.112801509035339087e-01,1.116045080047226301e-01,1.119475714892151502e-01
6.015151515151514472e-01,1.211653481643108488e-01,1.207429481209636585e-01,1.203398724835510608e-01,1.199552951739762119e-01,1.195884572675545987e-01,1.192386659714300551e-01,1.189052936368931029e-01,1.185877768123955039e-01,1.182856153326232729e-01,1.179983714279010387e-01,1.177256688273076168e-01,1.174671918181930536e-01,1.172226842140708103e-01,1.169919481724052412e-01,1.167748427934502953e-01,1.165712824213844534e-01,1.163812345597900061e-01,1.162047173053075561e-01,1.160417961967535883e-01,1.158925803725473769e-01,1.157572179277809032e-01,1.156358903645013647e-01,1.155288060354125318e-01,1.154361924933552386e-01,1.153582876771487575e-01,1.152953298894075218e-01,1.152475465542412009e-01,1.152151417823984725e-01,1.151982828183583107e-01,1.151970854975333108e-01,1.152115989013548780e-01,1.152417894625615558e-01,1.152875248411307091e-01,1.153485579615263629e-01,1.154245116718367881e-01,1.155148645506699628e-01,1.156189384384473523e-01,1.157358882833613850e-01,1.158646948131396431e-01,1.160041602275420081e-01,1.161529061253961936e-01,1.163093696826936474e-01,1.164717810473294701e-01,1.166380174947909687e-01,1.167857313613700626e-01,1.169313207804029420e-01,1.170850875399861435e-01,1.172394478240898902e-01,1.173918346031196519e-01,1.175404872625788050e-01,1.176839449326688714e-01,1.178209079447932461e-01,1.179501876217664835e-01,1.180706865998430444e-01,1.181813924846526337e-01,1.182813782356206961e-01,1.183698061116126160e-01,1.184459333608345599e-01,1.185091184939216363e-01,1.185588273711681156e-01,1.185946386029935323e-01,1.186162479537992559e-01,1.186234715718695459e-01,1.186162479537995057e-01,1.185946386029935878e-01,1.185588273711683099e-01,1.185091184939216502e-01,1.184459333608345322e-01,1.183698061116125883e-01,1.182813782356205018e-01,1.181813924846520786e-01,1.180706865998436134e-01,1.179501876217665945e-01,1.178209079447929131e-01,1.176839449326687465e-01,1.175404872625791242e-01,1.173918346031197768e-01,1.172394478240904314e-01,1.170850875399862129e-01,1.169313207804024979e-01,1.167857313613699100e-01,1.166380174947914267e-01,1.164717810473296783e-01,1.163093696826933560e-01,1.161529061253961659e-01,1.160041602275421746e-01,1.158646948131391019e-01,1.157358882833622732e-01,1.156189384384476299e-01,1.155148645506702265e-01,1.154245116718369962e-01,1.153485579615263490e-01,1.152875248411306813e-01,1.152417894625608202e-01,1.152115989013548780e-01,1.151970854975337133e-01,1.151982828183585328e-01,1.152151417823983198e-01,1.152475465542417976e-01,1.152953298894078826e-01,1.153582876771482996e-01,1.154361924933552941e-01,1.155288060354121710e-01,1.156358903645012259e-01,1.157572179277805702e-01,1.158925803725472797e-01,1.160417961967541850e-01,1.162047173053069177e-01,1.163812345597898951e-01,1.165712824213845367e-01,1.167748427934499067e-01,1.169919481724048804e-01,1.172226842140701442e-01,1.174671918181932478e-01,1.177256688273082830e-01,1.179983714279008999e-01,1.182856153326230508e-01,1.185877768123946713e-01,1.189052936368928670e-01,1.192386659714304992e-01,1.195884572675545987e-01,1.199552951739760870e-01,1.203398724835509220e-01,1.207429481209636307e-01,1.211653481643107932e-01
6.053030303030302317e-01,1.313478905012506470e-01,1.308405589386711643e-01,1.303538805565734315e-01,1.298869415976227626e-01,1.294388847674211862e-01,1.290089081805512183e-01,1.285962644065289096e-01,1.282002596279851470e-01,1.278202529164101930e-01,1.274556556243785777e-01,1.271059308867771298e-01,1.267705932173535388e-01,1.264492081804216850e-01,1.261413921109257874e-01,1.258468118489582954e-01,1.255651844473305856e-01,1.252962768027779950e-01,1.250399051529048344e-01,1.247959343720526360e-01,1.245642769901655483e-01,1.243448918494730465e-01,1.241377823049563539e-01,1.239429938663803438e-01,1.237606111727698049e-01,1.235907541854004144e-01,1.234335734832782971e-01,1.232892445469340320e-01,1.231579609230749051e-01,1.230399261755596579e-01,1.229353445485364821e-01,1.228444102967892609e-01,1.227672956776587054e-01,1.227041376494597547e-01,1.226550233840407733e-01,1.226199747760236131e-01,1.225989322173347412e-01,1.225917379990334177e-01,1.225981197940577139e-01,1.226176747433539715e-01,1.226498546639332304e-01,1.226939526907476069e-01,1.227490908584497470e-01,1.228142052110372667e-01,1.228880119206046534e-01,1.229688332905777837e-01,1.230301727631014502e-01,1.231014058336348665e-01,1.231818087024244140e-01,1.232663092912968661e-01,1.233527165197481484e-01,1.234394081322172376e-01,1.235249715482097527e-01,1.236081027784281944e-01,1.236875731686704755e-01,1.237622212360794949e-01,1.238309562233613353e-01,1.238927679238595592e-01,1.239467398883693366e-01,1.239920640901025495e-01,1.240280555836708459e-01,1.240541659927015816e-01,1.240699949082566117e-01,1.240752985068146741e-01,1.240699949082565146e-01,1.240541659927015539e-01,1.240280555836707210e-01,1.239920640901022858e-01,1.239467398883690175e-01,1.238927679238596147e-01,1.238309562233613215e-01,1.237622212360786345e-01,1.236875731686700591e-01,1.236081027784274866e-01,1.235249715482102384e-01,1.234394081322172376e-01,1.233527165197483150e-01,1.232663092912969771e-01,1.231818087024248581e-01,1.231014058336346723e-01,1.230301727631012837e-01,1.229688332905781167e-01,1.228880119206047644e-01,1.228142052110375720e-01,1.227490908584495805e-01,1.226939526907476624e-01,1.226498546639333692e-01,1.226176747433539299e-01,1.225981197940579082e-01,1.225917379990333900e-01,1.225989322173347412e-01,1.226199747760227665e-01,1.226550233840406345e-01,1.227041376494597408e-01,1.227672956776588165e-01,1.228444102967895663e-01,1.229353445485356494e-01,1.230399261755595053e-01,1.231579609230746414e-01,1.232892445469334075e-01,1.234335734832779086e-01,1.235907541854000813e-01,1.237606111727692776e-01,1.239429938663799274e-01,1.241377823049567564e-01,1.243448918494733241e-01,1.245642769901659230e-01,1.247959343720521502e-01,1.250399051529045014e-01,1.252962768027778562e-01,1.255651844473297252e-01,1.258468118489582122e-01,1.261413921109255654e-01,1.264492081804211299e-01,1.267705932173542327e-01,1.271059308867778515e-01,1.274556556243784111e-01,1.278202529164105816e-01,1.282002596279846751e-01,1.285962644065287153e-01,1.290089081805503302e-01,1.294388847674211029e-01,1.298869415976221242e-01,1.303538805565732372e-01,1.308405589386712475e-01,1.313478905012505638e-01
6.090909090909091272e-01,1.417966430432889835e-01,1.412059325911631802e-01,1.406375758132049625e-01,1.400905965857163482e-01,1.395640631264917775e-01,1.390570872425819782e-01,1.385688236040610866e-01,1.380984690633847711e-01,1.376452620351248379e-01,1.372084819466686534e-01,1.367874487665603211e-01,1.363815226135782210e-01,1.359901034460744007e-01,1.356126308276163484e-01,1.352485837613055242e-01,1.348974805812929167e-01,1.345588788858898821e-01,1.342323754920941026e-01,1.339176063864244981e-01,1.336142466414554086e-01,1.333220102615205183e-01,1.330406499145587729e-01,1.327699565001702053e-01,1.325097584967395714e-01,1.322599210230548106e-01,1.320203445425738309e-01,1.317909631316661057e-01,1.315717422273143811e-01,1.313626757655463051e-01,1.311637826200606483e-01,1.309751022522169794e-01,1.307966894898583976e-01,1.306286083648448004e-01,1.304709249590721987e-01,1.303236992378115910e-01,1.301869758884377226e-01,1.300607742326583827e-01,1.299450773395582348e-01,1.298398205295497043e-01,1.297448795101718566e-01,1.296600583841580612e-01,1.295850776082136946e-01,1.295195613030634130e-01,1.294630206730283117e-01,1.294148171396092561e-01,1.293739547688306513e-01,1.293128365752088949e-01,1.292686870399290255e-01,1.292342297761834569e-01,1.292064997759166667e-01,1.291842625798641231e-01,1.291666911409667107e-01,1.291531121622570277e-01,1.291429260232227205e-01,1.291355763037137783e-01,1.291305389495455147e-01,1.291273213586793811e-01,1.291254672952008575e-01,1.291245653128233750e-01,1.291242589770959792e-01,1.291242574355711270e-01,1.291243450752948552e-01,1.291243892197505572e-01,1.291243450752948552e-01,1.291242574355709882e-01,1.291242589770962013e-01,1.291245653128237636e-01,1.291254672952010796e-01,1.291273213586789370e-01,1.291305389495457090e-01,1.291355763037138615e-01,1.291429260232224430e-01,1.291531121622571943e-01,1.291666911409664331e-01,1.291842625798643174e-01,1.292064997759165834e-01,1.292342297761837344e-01,1.292686870399294141e-01,1.293128365752091169e-01,1.293739547688306790e-01,1.294148171396096725e-01,1.294630206730288391e-01,1.295195613030632464e-01,1.295850776082133893e-01,1.296600583841578391e-01,1.297448795101716623e-01,1.298398205295500929e-01,1.299450773395587344e-01,1.300607742326582994e-01,1.301869758884378614e-01,1.303236992378114523e-01,1.304709249590714493e-01,1.306286083648448004e-01,1.307966894898592580e-01,1.309751022522171460e-01,1.311637826200603429e-01,1.313626757655457500e-01,1.315717422273137427e-01,1.317909631316658559e-01,1.320203445425737476e-01,1.322599210230549494e-01,1.325097584967400710e-01,1.327699565001705106e-01,1.330406499145592170e-01,1.333220102615208236e-01,1.336142466414547147e-01,1.339176063864249699e-01,1.342323754920950185e-01,1.345588788858896323e-01,1.348974805812929445e-01,1.352485837613055519e-01,1.356126308276169590e-01,1.359901034460743174e-01,1.363815226135786096e-01,1.367874487665608763e-01,1.372084819466681538e-01,1.376452620351255596e-01,1.380984690633850209e-01,1.385688236040613919e-01,1.390570872425819227e-01,1.395640631264917220e-01,1.400905965857165147e-01,1.406375758132048237e-01,1.412059325911635410e-01,1.417966430432888725e-01
6.128787878787878007e-01,1.505649043747915861e-01,1.499102825196333699e-01,1.492791927686267506e-01,1.486706511400328612e-01,1.480837050161993851e-01,1.475174330909030107e-01,1.469709452142766437e-01,1.464433821654287926e-01,1.459339153781670506e-01,1.454417466412924742e-01,1.449661077914326801e-01,1.445062604134138839e-01,1.440614955604720415e-01,1.436311335042594617e-01,1.432145235223751534e-01,1.428110437291236767e-01,1.424201009531961548e-01,1.420411306639974558e-01,1.416735969463129019e-01,1.413169925208994093e-01,1.409708388063079798e-01,1.406346860148542655e-01,1.403081132729686598e-01,1.399907287533577738e-01,1.396821698032952308e-01,1.393821030501521674e-01,1.390902244618394956e-01,1.388062593364228769e-01,1.385299621918695545e-01,1.382611165238256667e-01,1.379995343969470656e-01,1.377450558338563225e-01,1.374975479657150890e-01,1.372569039103293531e-01,1.370230413481071385e-01,1.367959007735374821e-01,1.365754434106869752e-01,1.363616487948431655e-01,1.361545120375935169e-01,1.359540408042807513e-01,1.357602520289008519e-01,1.355731683402188192e-01,1.353928139817623943e-01,1.352192093597250622e-01,1.350523608393170150e-01,1.348922286283964767e-01,1.347384491284166208e-01,1.345658923135239771e-01,1.344134589944199487e-01,1.342708649338532345e-01,1.341369979277472757e-01,1.340117928435951289e-01,1.338954909550828798e-01,1.337884628186472857e-01,1.336911374202231495e-01,1.336039630553774449e-01,1.335273809490077901e-01,1.334618055755447119e-01,1.334076094427910364e-01,1.333651113435568025e-01,1.333345674966926464e-01,1.333161651478428356e-01,1.333100182782396004e-01,1.333161651478433074e-01,1.333345674966935901e-01,1.333651113435568580e-01,1.334076094427905368e-01,1.334618055755450450e-01,1.335273809490079844e-01,1.336039630553775004e-01,1.336911374202243430e-01,1.337884628186471470e-01,1.338954909550824635e-01,1.340117928435949346e-01,1.341369979277466373e-01,1.342708649338534010e-01,1.344134589944202818e-01,1.345658923135240048e-01,1.347384491284170926e-01,1.348922286283955052e-01,1.350523608393172093e-01,1.352192093597245626e-01,1.353928139817628384e-01,1.355731683402186805e-01,1.357602520289010462e-01,1.359540408042801962e-01,1.361545120375934614e-01,1.363616487948433043e-01,1.365754434106870863e-01,1.367959007735370380e-01,1.370230413481068055e-01,1.372569039103295752e-01,1.374975479657147281e-01,1.377450558338565445e-01,1.379995343969469268e-01,1.382611165238256945e-01,1.385299621918704149e-01,1.388062593364229325e-01,1.390902244618386352e-01,1.393821030501520009e-01,1.396821698032945092e-01,1.399907287533573574e-01,1.403081132729694647e-01,1.406346860148539324e-01,1.409708388063078688e-01,1.413169925208989652e-01,1.416735969463122080e-01,1.420411306639965399e-01,1.424201009531958495e-01,1.428110437291236767e-01,1.432145235223754864e-01,1.436311335042597392e-01,1.440614955604725134e-01,1.445062604134136897e-01,1.449661077914327911e-01,1.454417466412928905e-01,1.459339153781671061e-01,1.464433821654284873e-01,1.469709452142760053e-01,1.475174330909029552e-01,1.480837050162003843e-01,1.486706511400330000e-01,1.492791927686274445e-01,1.499102825196339805e-01,1.505649043747908367e-01
6.166666666666666963e-01,1.541413199808544243e-01,1.534727329352037484e-01,1.528270228700399636e-01,1.522032901610947675e-01,1.516006531913740574e-01,1.510182493473349596e-01,1.504552358071497009e-01,1.499107901614809280e-01,1.493841109021749047e-01,1.488744178100130655e-01,1.483809522688686600e-01,1.479029775304457617e-01,1.474397789509340750e-01,1.469906642184956591e-01,1.465549635882843760e-01,1.461320301397799060e-01,1.457212400693939647e-01,1.453219930296134610e-01,1.449337125243102264e-01,1.445558463681568262e-01,1.441878672164101094e-01,1.438292731694765791e-01,1.434795884547283851e-01,1.431383641858992029e-01,1.428051791980113894e-01,1.424796409532087527e-01,1.421613865100181673e-01,1.418500835455076270e-01,1.415454314165089378e-01,1.412471622426837436e-01,1.409550419906899499e-01,1.406688715352958641e-01,1.403884876700437212e-01,1.401137640372136506e-01,1.398446119445267144e-01,1.395809810344514068e-01,1.393228597711651529e-01,1.390702757101108522e-01,1.388232955150469905e-01,1.385820246859463256e-01,1.383466069544737609e-01,1.381172232826110291e-01,1.378940903398450102e-01,1.376774581598179392e-01,1.374676061105675751e-01,1.372648340032212311e-01,1.370694305834518067e-01,1.368768067621845830e-01,1.366806648756203613e-01,1.365012141042190597e-01,1.363325677990823714e-01,1.361745305367332570e-01,1.360274681944663167e-01,1.358919224416799965e-01,1.357685004282288832e-01,1.356578240591993501e-01,1.355604985391122008e-01,1.354770892677194805e-01,1.354081035373438657e-01,1.353539757527157661e-01,1.353150556687654771e-01,1.352915994146657863e-01,1.352837631713994515e-01,1.352915994146654810e-01,1.353150556687655048e-01,1.353539757527156273e-01,1.354081035373437270e-01,1.354770892677190364e-01,1.355604985391123674e-01,1.356578240591998774e-01,1.357685004282289387e-01,1.358919224416803850e-01,1.360274681944663167e-01,1.361745305367337566e-01,1.363325677990819274e-01,1.365012141042194482e-01,1.366806648756216103e-01,1.368768067621846107e-01,1.370694305834521121e-01,1.372648340032212588e-01,1.374676061105680747e-01,1.376774581598179392e-01,1.378940903398455375e-01,1.381172232826111679e-01,1.383466069544739552e-01,1.385820246859463811e-01,1.388232955150477399e-01,1.390702757101116571e-01,1.393228597711648198e-01,1.395809810344522395e-01,1.398446119445271585e-01,1.401137640372135396e-01,1.403884876700436657e-01,1.406688715352958641e-01,1.409550419906897278e-01,1.412471622426832440e-01,1.415454314165088268e-01,1.418500835455074882e-01,1.421613865100183061e-01,1.424796409532084474e-01,1.428051791980115282e-01,1.431383641858988698e-01,1.434795884547285794e-01,1.438292731694768567e-01,1.441878672164104147e-01,1.445558463681564099e-01,1.449337125243097268e-01,1.453219930296138218e-01,1.457212400693931320e-01,1.461320301397798505e-01,1.465549635882837098e-01,1.469906642184956591e-01,1.474397789509349632e-01,1.479029775304457894e-01,1.483809522688691040e-01,1.488744178100129545e-01,1.493841109021744051e-01,1.499107901614802896e-01,1.504552358071501450e-01,1.510182493473344878e-01,1.516006531913744737e-01,1.522032901610957667e-01,1.528270228700400468e-01,1.534727329352041092e-01,1.541413199808538415e-01
6.204545454545454808e-01,1.461872379557731805e-01,1.455892914589369813e-01,1.450111144391104390e-01,1.444519990140933074e-01,1.439112461594709846e-01,1.433881676096488145e-01,1.428820875001733659e-01,1.423923437920986135e-01,1.419182895138575984e-01,1.414592938514406817e-01,1.410147431134961549e-01,1.405840415941805310e-01,1.401666123531870867e-01,1.397618979292712671e-01,1.393693610007589734e-01,1.389884850038689279e-01,1.386187747172545892e-01,1.382597568188652093e-01,1.379109804190551125e-01,1.375720175718255500e-01,1.372424637641267986e-01,1.369219383813182755e-01,1.366100851451355624e-01,1.363065725188994104e-01,1.360110940732169593e-01,1.357233688041039610e-01,1.354431413943381624e-01,1.351701824079463155e-01,1.349042884070975334e-01,1.346452819803769241e-01,1.343930116714642242e-01,1.341473517976609353e-01,1.339082021486523166e-01,1.336754875572042367e-01,1.334491573353345784e-01,1.332291845717445411e-01,1.330155652889166984e-01,1.328083174610955319e-01,1.326074798970459656e-01,1.324131109935864636e-01,1.322252873661464434e-01,1.320441023589634388e-01,1.318696644242264571e-01,1.317020953214417534e-01,1.315415279755124678e-01,1.313881034434279393e-01,1.312419646739030332e-01,1.311032309924912154e-01,1.309643376072829879e-01,1.308324884321331871e-01,1.307114992245866081e-01,1.305995462383610362e-01,1.304964440107407864e-01,1.304022831883573652e-01,1.303172448920342508e-01,1.302415431510305366e-01,1.301753987440024407e-01,1.301190239822391792e-01,1.300726124206197931e-01,1.300363313568348167e-01,1.300103162436237747e-01,1.299946666056558953e-01,1.299894432443194359e-01,1.299946666056559230e-01,1.300103162436240245e-01,1.300363313568349277e-01,1.300726124206196266e-01,1.301190239822391514e-01,1.301753987440025795e-01,1.302415431510308141e-01,1.303172448920341397e-01,1.304022831883572542e-01,1.304964440107408696e-01,1.305995462383618688e-01,1.307114992245868024e-01,1.308324884321333537e-01,1.309643376072829879e-01,1.311032309924912709e-01,1.312419646739033940e-01,1.313881034434278561e-01,1.315415279755117739e-01,1.317020953214414203e-01,1.318696644242259852e-01,1.320441023589637441e-01,1.322252873661459716e-01,1.324131109935859640e-01,1.326074798970462709e-01,1.328083174610952544e-01,1.330155652889174200e-01,1.332291845717441803e-01,1.334491573353346339e-01,1.336754875572044865e-01,1.339082021486523721e-01,1.341473517976612406e-01,1.343930116714647516e-01,1.346452819803773404e-01,1.349042884070969506e-01,1.351701824079470649e-01,1.354431413943383566e-01,1.357233688041039332e-01,1.360110940732171814e-01,1.363065725188999933e-01,1.366100851451355902e-01,1.369219383813178592e-01,1.372424637641266321e-01,1.375720175718251337e-01,1.379109804190550848e-01,1.382597568188649040e-01,1.386187747172548945e-01,1.389884850038687891e-01,1.393693610007588624e-01,1.397618979292712393e-01,1.401666123531868924e-01,1.405840415941806976e-01,1.410147431134961549e-01,1.414592938514404041e-01,1.419182895138572653e-01,1.423923437920983359e-01,1.428820875001729218e-01,1.433881676096487590e-01,1.439112461594714565e-01,1.444519990140928634e-01,1.450111144391107998e-01,1.455892914589369258e-01,1.461872379557735691e-01
6.242424242424242653e-01,1.225554087015645888e-01,1.220971933201096260e-01,1.216552350910872493e-01,1.212290230578512151e-01,1.208180508874664161e-01,1.204218186536776397e-01,1.200398343560347969e-01,1.196716152084721929e-01,1.193166887265082465e-01,1.189745936385251113e-01,1.186448806433195724e-01,1.183271130331828569e-01,1.180208671991757746e-01,1.177257330329437163e-01,1.174413142373984809e-01,1.171672285567683658e-01,1.169031079349256153e-01,1.166485986095052718e-01,1.164033611481038594e-01,1.161670704317800118e-01,1.159394155901658369e-01,1.157200998917215229e-01,1.155088405920352279e-01,1.153053687425351914e-01,1.151094289616312050e-01,1.149207791699992515e-01,1.147391902916460038e-01,1.145644459223392475e-01,1.143963419671519821e-01,1.142346862491218640e-01,1.140792980914647203e-01,1.139300078762940094e-01,1.137866565834966676e-01,1.136490953142181154e-01,1.135171848042481751e-01,1.133907949335660470e-01,1.132698042391331317e-01,1.131540994387911087e-01,1.130435749745238860e-01,1.129381325831819161e-01,1.128376809016174154e-01,1.127421351101143415e-01,1.126514166113197490e-01,1.125654527267286459e-01,1.124841763553664081e-01,1.124075254306596688e-01,1.123354416168143438e-01,1.122678656826958249e-01,1.122047068948794635e-01,1.121386944349761494e-01,1.120793147568065612e-01,1.120256436036786984e-01,1.119768052366372363e-01,1.119325850756412999e-01,1.118929198690235688e-01,1.118578047934326303e-01,1.118272622079572592e-01,1.118013271224253258e-01,1.117800388393681843e-01,1.117634354786459505e-01,1.117515501583992432e-01,1.117444083108348474e-01,1.117420258851605230e-01,1.117444083108350833e-01,1.117515501583991044e-01,1.117634354786467277e-01,1.117800388393683092e-01,1.118013271224257976e-01,1.118272622079573564e-01,1.118578047934325748e-01,1.118929198690234439e-01,1.119325850756412583e-01,1.119768052366376249e-01,1.120256436036788789e-01,1.120793147568062975e-01,1.121386944349761494e-01,1.122047068948791859e-01,1.122678656826960331e-01,1.123354416168146491e-01,1.124075254306596272e-01,1.124841763553664220e-01,1.125654527267284793e-01,1.126514166113208870e-01,1.127421351101142721e-01,1.128376809016173321e-01,1.129381325831822908e-01,1.130435749745236224e-01,1.131540994387913446e-01,1.132698042391331039e-01,1.133907949335665882e-01,1.135171848042483278e-01,1.136490953142178101e-01,1.137866565834966398e-01,1.139300078762936347e-01,1.140792980914652199e-01,1.142346862491222526e-01,1.143963419671517046e-01,1.145644459223396083e-01,1.147391902916457124e-01,1.149207791699991266e-01,1.151094289616318572e-01,1.153053687425357327e-01,1.155088405920352418e-01,1.157200998917217727e-01,1.159394155901653234e-01,1.161670704317798453e-01,1.164033611481040814e-01,1.166485986095056188e-01,1.169031079349261287e-01,1.171672285567691013e-01,1.174413142373985364e-01,1.177257330329433416e-01,1.180208671991762881e-01,1.183271130331834814e-01,1.186448806433192532e-01,1.189745936385249864e-01,1.193166887265082188e-01,1.196716152084722068e-01,1.200398343560345332e-01,1.204218186536783891e-01,1.208180508874664161e-01,1.212290230578511041e-01,1.216552350910872216e-01,1.220971933201094595e-01,1.225554087015637422e-01
6.280303030303030498e-01,9.469112332241820529e-02,9.434285048068001556e-02,9.400912788376306062e-02,9.368947751308125127e-02,9.338342842709344838e-02,9.309051788082070567e-02,9.281029223071576850e-02,9.254230765518242641e-02,9.228613071712318816e-02,9.204133879139930752e-02,9.180752037702129276e-02,9.158427531114145259e-02,9.137121489953994868e-02,9.116796197617460518e-02,9.097415090246650793e-02,9.078942751536762945e-02,9.061344903178628063e-02,9.044588391562088936e-02,9.028641171254493669e-02,9.013472285661600081e-02,8.999051845189667831e-02,8.985351003146438420e-02,8.972341929547311690e-02,8.959997782932505039e-02,8.948292680251380971e-02,8.937201664828456349e-02,8.926700672402913816e-02,8.916766495218887700e-02,8.907376744153393255e-02,8.898509808899993101e-02,8.890144816280132201e-02,8.882261586840319023e-02,8.874840590016662423e-02,8.867862898301670516e-02,8.861310141046725708e-02,8.855164458757380785e-02,8.849408458986360304e-02,8.844025175179136278e-02,8.838998030040427778e-02,8.834310805116857290e-02,8.829947618241242024e-02,8.825892910113873613e-02,8.822131440338723540e-02,8.818648291130022632e-02,8.815428872264831350e-02,8.812458909617144898e-02,8.809724367448955318e-02,8.807211137371316612e-02,8.804903701069032029e-02,8.802773655790140095e-02,8.800204814823425759e-02,8.798151609292319264e-02,8.796340114536782551e-02,8.794723183946823175e-02,8.793284582548523132e-02,8.792017116237411944e-02,8.790917672800192817e-02,8.789985336669425831e-02,8.789220413546422472e-02,8.788623818477266092e-02,8.788196652490971872e-02,8.787939902976535378e-02,8.787854240937900685e-02,8.787939902976540929e-02,8.788196652490998240e-02,8.788623818477273031e-02,8.789220413546391941e-02,8.789985336669424443e-02,8.790917672800224736e-02,8.792017116237398067e-02,8.793284582548478723e-02,8.794723183946871747e-02,8.796340114536743693e-02,8.798151609292313713e-02,8.800204814823443800e-02,8.802773655790151197e-02,8.804903701069066724e-02,8.807211137371338816e-02,8.809724367448958093e-02,8.812458909617151837e-02,8.815428872264839677e-02,8.818648291130005978e-02,8.822131440338722153e-02,8.825892910113851408e-02,8.829947618241243412e-02,8.834310805116853127e-02,8.838998030040462472e-02,8.844025175179121012e-02,8.849408458986346426e-02,8.855164458757353030e-02,8.861310141046682687e-02,8.867862898301692720e-02,8.874840590016698505e-02,8.882261586840368983e-02,8.890144816280064199e-02,8.898509808900045837e-02,8.907376744153419623e-02,8.916766495218896027e-02,8.926700672402888836e-02,8.937201664828463288e-02,8.948292680251386522e-02,8.959997782932516142e-02,8.972341929547292261e-02,8.985351003146468951e-02,8.999051845189680321e-02,9.013472285661618122e-02,9.028641171254521425e-02,9.044588391562080609e-02,9.061344903178589205e-02,9.078942751536833722e-02,9.097415090246609159e-02,9.116796197617502151e-02,9.137121489953989317e-02,9.158427531114113340e-02,9.180752037702194501e-02,9.204133879139965446e-02,9.228613071712282734e-02,9.254230765518245416e-02,9.281029223071614320e-02,9.309051788082083057e-02,9.338342842709346225e-02,9.368947751308175087e-02,9.400912788376317164e-02,9.434285048068016821e-02,9.469112332241805263e-02
6.318181818181818343e-01,8.356489157355458108e-02,8.321857024181798790e-02,8.288801088703437459e-02,8.257264017510305976e-02,8.227189963826436747e-02,8.198524603107135156e-02,8.171215153173233547e-02,8.145210381730762228e-02,8.120460603686834034e-02,8.096917670298024727e-02,8.074534951865618149e-02,8.053267315417368677e-02,8.033071098580450708e-02,8.013904080646595818e-02,7.995725451657063887e-02,7.978495780183157693e-02,7.962176980346868937e-02,7.946732278510208747e-02,7.932126179958876033e-02,7.918324435811199824e-02,7.905294010298348495e-02,7.893003048478494654e-02,7.881420844369640966e-02,7.870517809406515908e-02,7.860265441046664081e-02,7.850636291269862121e-02,7.841603934628967043e-02,7.833142935421645581e-02,7.825228813461300448e-02,7.817838007835248293e-02,7.810947837948806205e-02,7.804536461078567799e-02,7.798582825599680024e-02,7.793066619033954534e-02,7.787968210087189980e-02,7.783268583943324381e-02,7.778949270275986594e-02,7.774992263748563281e-02,7.771379937211148059e-02,7.768094948371367936e-02,7.765120141360037920e-02,7.762438445218369787e-02,7.760032771604283286e-02,7.757885913344117479e-02,7.755980442431177624e-02,7.754298597155076522e-02,7.752822122847803643e-02,7.751531952026499694e-02,7.750407301998234189e-02,7.749421924048938148e-02,7.748408897616702873e-02,7.747249278935391947e-02,7.746437338109386783e-02,7.745755631646196460e-02,7.745173023090864972e-02,7.744674490043511328e-02,7.744251135404417452e-02,7.743897481693252927e-02,7.743610269818322622e-02,7.743387721059291628e-02,7.743228999468275420e-02,7.743133803472108945e-02,7.743102071611054904e-02,7.743133803472095067e-02,7.743228999468264317e-02,7.743387721059280526e-02,7.743610269818319847e-02,7.743897481693212681e-02,7.744251135404410513e-02,7.744674490043527981e-02,7.745173023090921871e-02,7.745755631646202011e-02,7.746437338109400661e-02,7.747249278935423866e-02,7.748408897616695934e-02,7.749421924048896515e-02,7.750407301998239740e-02,7.751531952026524674e-02,7.752822122847820296e-02,7.754298597155052930e-02,7.755980442431176236e-02,7.757885913344099438e-02,7.760032771604298552e-02,7.762438445218390604e-02,7.765120141360043471e-02,7.768094948371344344e-02,7.771379937211174427e-02,7.774992263748514709e-02,7.778949270276006023e-02,7.783268583943331320e-02,7.787968210087227450e-02,7.793066619033912901e-02,7.798582825599705004e-02,7.804536461078626086e-02,7.810947837948847838e-02,7.817838007835224701e-02,7.825228813461319877e-02,7.833142935421620601e-02,7.841603934628979533e-02,7.850636291269864897e-02,7.860265441046655754e-02,7.870517809406528398e-02,7.881420844369613210e-02,7.893003048478479389e-02,7.905294010298351270e-02,7.918324435811216477e-02,7.932126179958857992e-02,7.946732278510199032e-02,7.962176980346809263e-02,7.978495780183153530e-02,7.995725451657041682e-02,8.013904080646552797e-02,8.033071098580418790e-02,8.053267315417371452e-02,8.074534951865615373e-02,8.096917670298059422e-02,8.120460603686872891e-02,8.145210381730774718e-02,8.171215153173247425e-02,8.198524603107167075e-02,8.227189963826450625e-02,8.257264017510326792e-02,8.288801088703477704e-02,8.321857024181772422e-02,8.356489157355488639e-02
6.356060606060606188e-01,9.222904182342137047e-02,9.178127879752920326e-02,9.135453365276972881e-02,9.094799803649813996e-02,9.056088743575541056e-02,9.019244119219778366e-02,8.984192236536758802e-02,8.950861747754536302e-02,8.919183616777687229e-02,8.889091077790418904e-02,8.860519588940365954e-02,8.833406782648096922e-02,8.807692413803190623e-02,8.783318306871031045e-02,8.760228302734575367e-02,8.738368205930693855e-02,8.717685732798666209e-02,8.698130460943774567e-02,8.679653780318756506e-02,8.662208846143223950e-02,8.645750533809332117e-02,8.630235395856850067e-02,8.615621621046853917e-02,8.601868995505244919e-02,8.588938865854985061e-02,8.576794104198538771e-02,8.565399074747745423e-02,8.554719601826389630e-02,8.544722938882587382e-02,8.535377738046073803e-02,8.526654019636761839e-02,8.518523140879942501e-02,8.510957762899132306e-02,8.503931814840810788e-02,8.497420453731270584e-02,8.491400018373422565e-02,8.485847975281442246e-02,8.480742854316500323e-02,8.476064171336966657e-02,8.471792334867275787e-02,8.467908533508455848e-02,8.464394600581805206e-02,8.461232852236347246e-02,8.458405894714433881e-02,8.455896394934162008e-02,8.453686803995390242e-02,8.451759009896574193e-02,8.450093855283018207e-02,8.448670317951928466e-02,8.447463553650369494e-02,8.446436700802509301e-02,8.445258917985389024e-02,8.444372194881365201e-02,8.443707605038933139e-02,8.443185118360820030e-02,8.442774102395066149e-02,8.442453569798068214e-02,8.442207203253666858e-02,8.442022038970867226e-02,8.441887954893340096e-02,8.441797379858120842e-02,8.441745077751372506e-02,8.441727980356664163e-02,8.441745077751341975e-02,8.441797379858136108e-02,8.441887954893378954e-02,8.442022038970843634e-02,8.442207203253675185e-02,8.442453569798065438e-02,8.442774102395070313e-02,8.443185118360846397e-02,8.443707605038967834e-02,8.444372194881398508e-02,8.445258917985370983e-02,8.446436700802491260e-02,8.447463553650327861e-02,8.448670317951936792e-02,8.450093855283044575e-02,8.451759009896561703e-02,8.453686803995388854e-02,8.455896394934175886e-02,8.458405894714426942e-02,8.461232852236394431e-02,8.464394600581849615e-02,8.467908533508444746e-02,8.471792334867284113e-02,8.476064171336966657e-02,8.480742854316478119e-02,8.485847975281465838e-02,8.491400018373392033e-02,8.497420453731305279e-02,8.503931814840824666e-02,8.510957762899112877e-02,8.518523140879945277e-02,8.526654019636770165e-02,8.535377738046091844e-02,8.544722938882570729e-02,8.554719601826384079e-02,8.565399074747757913e-02,8.576794104198548485e-02,8.588938865855011429e-02,8.601868995505285165e-02,8.615621621046878897e-02,8.630235395856847291e-02,8.645750533809326566e-02,8.662208846143266971e-02,8.679653780318725975e-02,8.698130460943780118e-02,8.717685732798691189e-02,8.738368205930678589e-02,8.760228302734573980e-02,8.783318306871001901e-02,8.807692413803228093e-02,8.833406782648084432e-02,8.860519588940363178e-02,8.889091077790416129e-02,8.919183616777670576e-02,8.950861747754486342e-02,8.984192236536764353e-02,9.019244119219799183e-02,9.056088743575527178e-02,9.094799803649854242e-02,9.135453365276959004e-02,9.178127879752898122e-02,9.222904182342063495e-02
6.393939393939394034e-01,1.092310341112872063e-01,1.086188952770988508e-01,1.080409248912024001e-01,1.074958470457572784e-01,1.069824013774502702e-01,1.064993440979953160e-01,1.060454489694211549e-01,1.056195082579964445e-01,1.052203336884885154e-01,1.048467574104192945e-01,1.044976329800057779e-01,1.041718363551467907e-01,1.038682668962068872e-01,1.035858483620397813e-01,1.033235298886077957e-01,1.030802869365595731e-01,1.028551221938844573e-01,1.026470664202838862e-01,1.024551792209295459e-01,1.022785497386970860e-01,1.021162972556617643e-01,1.019675716964888040e-01,1.018315540282929282e-01,1.017074565534318575e-01,1.015945230935290516e-01,1.014920290647224749e-01,1.013992814456379926e-01,1.013156186408515624e-01,1.012404102436570558e-01,1.011730567026570132e-01,1.011129888971110946e-01,1.010596676260024640e-01,1.010125830154348786e-01,1.009712538481453287e-01,1.009352268176194889e-01,1.009040757073964706e-01,1.008774004936472263e-01,1.008548263658363003e-01,1.008360026561230943e-01,1.008206016629604185e-01,1.008083173480604361e-01,1.007988638776537993e-01,1.007919739680442073e-01,1.007873969799002178e-01,1.007848966803797236e-01,1.007842485448038339e-01,1.007852363671710716e-01,1.007876476946771988e-01,1.007912668696741704e-01,1.007958619033993974e-01,1.008011491872076865e-01,1.008066050836909089e-01,1.008079891479694012e-01,1.008126476664552573e-01,1.008179627236842762e-01,1.008233233761427206e-01,1.008284366562626905e-01,1.008330927889628664e-01,1.008371252345173219e-01,1.008404002325428012e-01,1.008428139674383411e-01,1.008442920654744196e-01,1.008447897500433232e-01,1.008442920654743363e-01,1.008428139674386048e-01,1.008404002325428567e-01,1.008371252345183905e-01,1.008330927889625334e-01,1.008284366562626905e-01,1.008233233761432618e-01,1.008179627236839571e-01,1.008126476664545218e-01,1.008079891479696094e-01,1.008066050836909644e-01,1.008011491872076032e-01,1.007958619033993281e-01,1.007912668696741010e-01,1.007876476946771432e-01,1.007852363671705165e-01,1.007842485448032233e-01,1.007848966803801677e-01,1.007873969799003844e-01,1.007919739680441795e-01,1.007988638776536189e-01,1.008083173480604083e-01,1.008206016629604601e-01,1.008360026561227890e-01,1.008548263658362587e-01,1.008774004936473789e-01,1.009040757073958183e-01,1.009352268176189338e-01,1.009712538481455091e-01,1.010125830154343790e-01,1.010596676260025611e-01,1.011129888971107615e-01,1.011730567026568745e-01,1.012404102436570141e-01,1.013156186408512432e-01,1.013992814456380898e-01,1.014920290647229606e-01,1.015945230935288712e-01,1.017074565534324543e-01,1.018315540282931503e-01,1.019675716964884571e-01,1.021162972556616394e-01,1.022785497386974052e-01,1.024551792209296430e-01,1.026470664202836919e-01,1.028551221938853594e-01,1.030802869365592955e-01,1.033235298886080039e-01,1.035858483620402254e-01,1.038682668962076783e-01,1.041718363551463050e-01,1.044976329800054310e-01,1.048467574104191835e-01,1.052203336884879048e-01,1.056195082579965971e-01,1.060454489694209051e-01,1.064993440979955935e-01,1.069824013774505617e-01,1.074958470457573617e-01,1.080409248912017478e-01,1.086188952770986149e-01,1.092310341112871647e-01
6.431818181818181879e-01,1.279722626480806202e-01,1.270737154262292778e-01,1.262424179415558012e-01,1.254769315196271606e-01,1.247756564083696978e-01,1.241368272775000281e-01,1.235585118786941550e-01,1.230386131462462979e-01,1.225748748927799475e-01,1.221648911241132451e-01,1.218061188651254484e-01,1.214958942590633056e-01,1.212314515809529564e-01,1.210099446973368909e-01,1.208284704146425220e-01,1.206840930920422550e-01,1.205738698553747851e-01,1.204948757388569491e-01,1.204442281012359506e-01,1.204191097110709208e-01,1.204167899685638365e-01,1.204346438235781025e-01,1.204701680550724352e-01,1.205209946894142542e-01,1.205849014472670233e-01,1.206598192149429261e-01,1.207438366313286632e-01,1.208352019619536311e-01,1.209323224953379600e-01,1.210337617423704326e-01,1.211382347476035598e-01,1.212446018332142827e-01,1.213518610940254733e-01,1.214591399478412992e-01,1.215656860220311192e-01,1.216708576273191345e-01,1.217741140355337454e-01,1.218750057415301374e-01,1.219731648523755679e-01,1.220682957102574157e-01,1.221601658202276647e-01,1.222485971199653992e-01,1.223334575955457582e-01,1.224146532132424220e-01,1.224921200982976577e-01,1.225658168369469642e-01,1.226357166835494866e-01,1.227017992538405045e-01,1.227640407771174030e-01,1.228224004523106455e-01,1.228767946951363488e-01,1.229270194804581440e-01,1.229721017177125147e-01,1.230069090190377135e-01,1.230431901321562549e-01,1.230760344835832437e-01,1.231049314666832206e-01,1.231296548231477356e-01,1.231500591564254482e-01,1.231660372355522920e-01,1.231775080883417417e-01,1.231844139075166239e-01,1.231867197514415757e-01,1.231844139075164574e-01,1.231775080883421997e-01,1.231660372355520700e-01,1.231500591564264752e-01,1.231296548231478188e-01,1.231049314666831651e-01,1.230760344835836323e-01,1.230431901321560051e-01,1.230069090190375469e-01,1.229721017177121400e-01,1.229270194804584215e-01,1.228767946951363210e-01,1.228224004523113949e-01,1.227640407771173614e-01,1.227017992538411012e-01,1.226357166835495560e-01,1.225658168369474360e-01,1.224921200982986846e-01,1.224146532132417559e-01,1.223334575955457304e-01,1.222485971199660931e-01,1.221601658202276786e-01,1.220682957102576099e-01,1.219731648523759288e-01,1.218750057415304566e-01,1.217741140355337592e-01,1.216708576273184961e-01,1.215656860220311053e-01,1.214591399478415629e-01,1.213518610940252651e-01,1.212446018332140191e-01,1.211382347476036431e-01,1.210337617423701134e-01,1.209323224953380016e-01,1.208352019619539502e-01,1.207438366313290656e-01,1.206598192149431897e-01,1.205849014472666902e-01,1.205209946894135464e-01,1.204701680550720050e-01,1.204346438235786854e-01,1.204167899685639476e-01,1.204191097110710179e-01,1.204442281012360338e-01,1.204948757388574071e-01,1.205738698553748961e-01,1.206840930920420468e-01,1.208284704146432437e-01,1.210099446973359888e-01,1.212314515809523180e-01,1.214958942590634444e-01,1.218061188651249210e-01,1.221648911241142443e-01,1.225748748927803083e-01,1.230386131462461036e-01,1.235585118786941133e-01,1.241368272774995563e-01,1.247756564083691705e-01,1.254769315196269663e-01,1.262424179415545800e-01,1.270737154262292501e-01,1.279722626480808978e-01
6.469696969696969724e-01,1.541317899078494258e-01,1.528023251143149353e-01,1.515591553415386317e-01,1.504010503152727884e-01,1.493269536606783299e-01,1.483359880334601810e-01,1.474274389542331309e-01,1.466007169714064196e-01,1.458552992768131218e-01,1.451906534299490792e-01,1.446061473164972910e-01,1.441009507707322057e-01,1.436739353146442855e-01,1.433235790912810448e-01,1.430478841872080686e-01,1.428443130708941800e-01,1.427097497935535531e-01,1.426404899503053436e-01,1.426322613055327204e-01,1.426802746425696322e-01,1.427793020502277632e-01,1.429237777678273869e-01,1.431079151088017476e-01,1.433258320376076256e-01,1.435716777593226412e-01,1.438397531693580977e-01,1.441246190855664244e-01,1.444211876672460704e-01,1.447247941070947397e-01,1.450312473619394804e-01,1.453368601988497266e-01,1.456384600595532486e-01,1.459333831283730898e-01,1.462194545189733352e-01,1.464949577048040019e-01,1.467585962642868336e-01,1.470094507633081804e-01,1.472469332236633066e-01,1.474707411879722097e-01,1.476808129390178581e-01,1.478772850000814043e-01,1.480604526558188527e-01,1.482307339023101744e-01,1.483886369623832469e-01,1.485347312832701883e-01,1.486696217544382914e-01,1.487939257183077402e-01,1.489082521414196725e-01,1.490131819304509331e-01,1.491092474029237502e-01,1.491969058210681487e-01,1.492764890999421779e-01,1.493480282726137032e-01,1.494051172517047998e-01,1.494572766056599111e-01,1.495057892854924908e-01,1.495483215279466982e-01,1.495845283565087058e-01,1.496142801812584411e-01,1.496375003525531600e-01,1.496541312629238729e-01,1.496641288541814829e-01,1.496674646810486620e-01,1.496641288541820658e-01,1.496541312629237619e-01,1.496375003525536040e-01,1.496142801812580247e-01,1.495845283565093442e-01,1.495483215279467260e-01,1.495057892854938508e-01,1.494572766056594393e-01,1.494051172517055215e-01,1.493480282726133979e-01,1.492764890999412897e-01,1.491969058210681487e-01,1.491092474029233894e-01,1.490131819304514049e-01,1.489082521414193117e-01,1.487939257183069353e-01,1.486696217544388465e-01,1.485347312832686340e-01,1.483886369623839130e-01,1.482307339023112291e-01,1.480604526558182699e-01,1.478772850000808770e-01,1.476808129390189683e-01,1.474707411879722097e-01,1.472469332236639450e-01,1.470094507633084580e-01,1.467585962642861119e-01,1.464949577048046125e-01,1.462194545189731409e-01,1.459333831283738392e-01,1.456384600595533596e-01,1.453368601988497266e-01,1.450312473619399245e-01,1.447247941070951838e-01,1.444211876672463479e-01,1.441246190855671738e-01,1.438397531693574871e-01,1.435716777593226967e-01,1.433258320376075978e-01,1.431079151088018031e-01,1.429237777678273036e-01,1.427793020502275967e-01,1.426802746425698265e-01,1.426322613055333310e-01,1.426404899503045109e-01,1.427097497935536641e-01,1.428443130708944853e-01,1.430478841872074025e-01,1.433235790912817109e-01,1.436739353146435916e-01,1.441009507707328163e-01,1.446061473164991784e-01,1.451906534299487184e-01,1.458552992768129275e-01,1.466007169714065028e-01,1.474274389542331865e-01,1.483359880334596537e-01,1.493269536606776915e-01,1.504010503152711509e-01,1.515591553415394366e-01,1.528023251143151573e-01,1.541317899078504805e-01
6.507575757575757569e-01,1.862759675872415754e-01,1.844243401396807036e-01,1.826201752938044209e-01,1.808613070508720555e-01,1.791468306851984882e-01,1.774771170735664205e-01,1.758538287734245087e-01,1.742799394370646293e-01,1.727597539631483825e-01,1.712989225858898568e-01,1.699044379603838473e-01,1.685846003807179305e-01,1.673489329005667381e-01,1.662080258889540585e-01,1.651732902882992182e-01,1.642566016024026576e-01,1.634698235253239929e-01,1.628242119451321912e-01,1.623297168938440393e-01,1.619942206823520581e-01,1.618227721321991164e-01,1.618168950520275651e-01,1.619740585207058436e-01,1.622873922051111251e-01,1.627457092295602481e-01,1.633338633130478057e-01,1.640334217699022656e-01,1.648235907247648235e-01,1.656822935898128457e-01,1.665872862694482148e-01,1.675171957437793235e-01,1.684523902469371448e-01,1.693756225996037867e-01,1.702724250383121640e-01,1.711312666212168043e-01,1.719435081015548983e-01,1.727032023006193351e-01,1.734067913609643463e-01,1.740527482730880593e-01,1.746412016977108572e-01,1.751735730095661803e-01,1.756522446231714163e-01,1.760802701967844608e-01,1.764611307486234903e-01,1.767985360888662538e-01,1.770962680254438981e-01,1.773580601695716463e-01,1.775875084434415940e-01,1.777880061623406671e-01,1.779626973183071892e-01,1.781144404358377398e-01,1.782457697423924237e-01,1.783588125102189281e-01,1.784548866366884590e-01,1.785246688938829096e-01,1.785896308416421163e-01,1.786453640416344746e-01,1.786913982520812461e-01,1.787281939913082096e-01,1.787562541244943903e-01,1.787759954461451972e-01,1.787877196600407004e-01,1.787916076788593212e-01,1.787877196600411167e-01,1.787759954461453082e-01,1.787562541244947234e-01,1.787281939913097639e-01,1.786913982520805799e-01,1.786453640416356403e-01,1.785896308416422829e-01,1.785246688938838255e-01,1.784548866366884590e-01,1.783588125102191224e-01,1.782457697423913690e-01,1.781144404358371569e-01,1.779626973183073002e-01,1.777880061623394736e-01,1.775875084434419549e-01,1.773580601695713410e-01,1.770962680254437871e-01,1.767985360888654489e-01,1.764611307486234626e-01,1.760802701967848494e-01,1.756522446231711665e-01,1.751735730095667909e-01,1.746412016977111903e-01,1.740527482730879760e-01,1.734067913609646239e-01,1.727032023006183636e-01,1.719435081015558142e-01,1.711312666212161104e-01,1.702724250383124138e-01,1.693756225996040365e-01,1.684523902469370893e-01,1.675171957437796288e-01,1.665872862694471324e-01,1.656822935898119853e-01,1.648235907247646848e-01,1.640334217699013775e-01,1.633338633130488882e-01,1.627457092295599428e-01,1.622873922051111806e-01,1.619740585207049000e-01,1.618168950520290916e-01,1.618227721321985335e-01,1.619942206823525854e-01,1.623297168938452051e-01,1.628242119451323577e-01,1.634698235253244647e-01,1.642566016024018527e-01,1.651732902882998011e-01,1.662080258889536422e-01,1.673489329005666826e-01,1.685846003807179583e-01,1.699044379603840138e-01,1.712989225858907727e-01,1.727597539631475498e-01,1.742799394370652677e-01,1.758538287734229544e-01,1.774771170735662262e-01,1.791468306851973780e-01,1.808613070508731657e-01,1.826201752938041156e-01,1.844243401396785942e-01,1.862759675872417975e-01
6.545454545454545414e-01,2.207491579806867832e-01,2.184216021357412163e-01,2.161143943682332647e-01,2.138258375828328006e-01,2.115541479320157126e-01,2.092974641330647978e-01,2.070538807733357245e-01,2.048215052512002698e-01,2.025985399643523144e-01,2.003833933064365358e-01,1.981748250029388425e-01,1.959721333172108337e-01,1.937753936365516350e-01,1.915857597518526301e-01,1.894058404478898561e-01,1.872401642387463427e-01,1.850957432433172345e-01,1.829827417993023508e-01,1.809152443011059763e-01,1.789120970677422207e-01,1.769977675082640700e-01,1.752031175385828921e-01,1.735659263869306634e-01,1.721309252685438163e-01,1.709490375399181916e-01,1.700754821536805128e-01,1.695664407952545971e-01,1.694741629139584760e-01,1.698407238988441370e-01,1.706911378322533979e-01,1.720270373170360023e-01,1.738224491431108465e-01,1.760230740580649433e-01,1.785498064872909074e-01,1.813061516710900989e-01,1.841881131402611782e-01,1.870944909311506310e-01,1.899356000412703582e-01,1.926390927413064169e-01,1.951524955443061926e-01,1.974428724367553178e-01,1.994944801519608624e-01,2.013053718253419166e-01,2.028837468872081717e-01,2.042445829463716833e-01,2.054068295267396371e-01,2.063912490724209015e-01,2.072188693426158246e-01,2.079099511842665282e-01,2.084833570958014581e-01,2.089562106198853408e-01,2.093437498146696607e-01,2.096592848853548741e-01,2.099141223980634796e-01,2.101165314337695711e-01,2.102607611690190947e-01,2.103834500039596100e-01,2.104793236665918610e-01,2.105520087219748815e-01,2.106049343166715992e-01,2.106408119352452812e-01,2.106615715211795359e-01,2.106683639895205462e-01,2.106615715211782869e-01,2.106408119352452257e-01,2.106049343166727372e-01,2.105520087219745484e-01,2.104793236665918332e-01,2.103834500039595823e-01,2.102607611690190392e-01,2.101165314337695156e-01,2.099141223980630633e-01,2.096592848853551239e-01,2.093437498146697440e-01,2.089562106198850910e-01,2.084833570958017357e-01,2.079099511842666115e-01,2.072188693426154082e-01,2.063912490724212345e-01,2.054068295267389432e-01,2.042445829463730433e-01,2.028837468872090877e-01,2.013053718253403901e-01,1.994944801519608069e-01,1.974428724367549293e-01,1.951524955443064702e-01,1.926390927413054177e-01,1.899356000412725509e-01,1.870944909311501592e-01,1.841881131402615113e-01,1.813061516710887111e-01,1.785498064872890756e-01,1.760230740580643327e-01,1.738224491431119012e-01,1.720270373170376954e-01,1.706911378322527317e-01,1.698407238988429158e-01,1.694741629139563110e-01,1.695664407952540975e-01,1.700754821536809014e-01,1.709490375399182471e-01,1.721309252685446489e-01,1.735659263869299695e-01,1.752031175385826423e-01,1.769977675082630153e-01,1.789120970677419986e-01,1.809152443011054490e-01,1.829827417993006022e-01,1.850957432433165406e-01,1.872401642387468146e-01,1.894058404478888291e-01,1.915857597518525191e-01,1.937753936365495255e-01,1.959721333172102509e-01,1.981748250029395364e-01,2.003833933064382844e-01,2.025985399643534524e-01,2.048215052512004919e-01,2.070538807733359743e-01,2.092974641330632157e-01,2.115541479320143803e-01,2.138258375828329116e-01,2.161143943682345969e-01,2.184216021357424375e-01,2.207491579806865611e-01
6.583333333333333259e-01,2.564317630094550826e-01,2.537293743329644413e-01,2.510642636053410648e-01,2.484350824499230170e-01,2.458399491937635351e-01,2.432764919881672538e-01,2.407418833515981016e-01,2.382328669770902851e-01,2.357457777620156347e-01,2.332765561565682266e-01,2.308207581237528283e-01,2.283735622984793268e-01,2.259297763748117638e-01,2.234838454028204580e-01,2.210298656256140526e-01,2.185616088505822341e-01,2.160725642873877750e-01,2.135560075166380578e-01,2.110051100695756188e-01,2.084131083813036411e-01,2.057735581076799714e-01,2.030807095326084555e-01,2.003300526216148514e-01,1.975190966268364212e-01,1.946484688983008415e-01,1.917234392502494278e-01,1.887559956033933173e-01,1.857676040548883745e-01,1.827927630732824882e-01,1.798833736330553434e-01,1.771137419030739402e-01,1.745856380903018923e-01,1.724321880959145403e-01,1.708184775469744898e-01,1.699358054371817583e-01,1.699861172330315029e-01,1.711542919482175185e-01,1.735697132384572405e-01,1.772648653115778683e-01,1.821449490913089886e-01,1.879836917397656737e-01,1.944527561493088197e-01,2.011777731403620040e-01,2.078018744130174233e-01,2.140359554462267500e-01,2.196838281238393253e-01,2.246425849452363677e-01,2.288864954064994406e-01,2.324443712728693767e-01,2.353777480115495369e-01,2.377635666973729744e-01,2.396822047929383637e-01,2.412101625275638594e-01,2.424161591275405536e-01,2.433592623193165660e-01,2.440769661310533412e-01,2.446215297376360953e-01,2.450394631511129684e-01,2.453494142115882626e-01,2.455709529168705885e-01,2.457189560398183592e-01,2.458037330599000536e-01,2.458313285562639117e-01,2.458037330598978609e-01,2.457189560398186923e-01,2.455709529168709493e-01,2.453494142115877630e-01,2.450394631511122745e-01,2.446215297376349851e-01,2.440769661310507321e-01,2.433592623193157889e-01,2.424161591275409700e-01,2.412101625275649142e-01,2.396822047929384747e-01,2.377635666973735851e-01,2.353777480115495924e-01,2.324443712728694600e-01,2.288864954064997181e-01,2.246425849452362566e-01,2.196838281238401858e-01,2.140359554462277214e-01,2.078018744130180062e-01,2.011777731403615599e-01,1.944527561493141210e-01,1.879836917397684770e-01,1.821449490913120417e-01,1.772648653115775630e-01,1.735697132384612651e-01,1.711542919482178793e-01,1.699861172330320858e-01,1.699358054371823690e-01,1.708184775469760996e-01,1.724321880959161502e-01,1.745856380903014204e-01,1.771137419030744953e-01,1.798833736330560096e-01,1.827927630732833209e-01,1.857676040548879304e-01,1.887559956033931230e-01,1.917234392502507323e-01,1.946484688983006195e-01,1.975190966268374204e-01,2.003300526216134636e-01,2.030807095326080114e-01,2.057735581076801101e-01,2.084131083813036966e-01,2.110051100695760073e-01,2.135560075166378358e-01,2.160725642873869146e-01,2.185616088505840660e-01,2.210298656256134697e-01,2.234838454028220400e-01,2.259297763748110421e-01,2.283735622984802149e-01,2.308207581237513017e-01,2.332765561565670054e-01,2.357457777620163009e-01,2.382328669770892027e-01,2.407418833515976853e-01,2.432764919881654220e-01,2.458399491937642567e-01,2.484350824499239052e-01,2.510642636053403987e-01,2.537293743329640527e-01,2.564317630094560263e-01
6.621212121212121104e-01,2.928013207250795835e-01,2.897452224955867628e-01,2.867441230699631083e-01,2.837972825833369739e-01,2.809034039496537960e-01,2.780606900991347552e-01,2.752668899382835765e-01,2.725193340164877021e-01,2.698149607183272236e-01,2.671503336439831622e-01,2.645216506931155620e-01,2.619247452308376412e-01,2.593550795898063033e-01,2.568077310523280699e-01,2.542773703654989115e-01,2.517582327779868123e-01,2.492440815615594718e-01,2.467281640129357911e-01,2.442031600518254353e-01,2.416611237850522786e-01,2.390934188642661606e-01,2.364906492323635978e-01,2.338425880923213906e-01,2.311381098847110627e-01,2.283651330937126189e-01,2.255105863661676924e-01,2.225604175479374836e-01,2.194996760376123901e-01,2.163127151200844034e-01,2.129835852439990185e-01,2.094967251283327836e-01,2.058381098361866390e-01,2.019970891099053811e-01,1.979692503851803731e-01,1.937607695853482415e-01,1.893948556344090262e-01,1.849210039310084097e-01,1.804277295481525878e-01,1.760589990197017896e-01,1.720332666072640071e-01,1.686612080471390773e-01,1.663534445893811720e-01,1.656034985625954581e-01,1.669278369881610768e-01,1.707525021733830861e-01,1.772629214897940841e-01,1.862742717165408735e-01,1.972017169977101636e-01,2.091739882404282103e-01,2.212491571282842184e-01,2.326286453251666109e-01,2.427809044620276580e-01,2.514551526107079438e-01,2.586221403062810009e-01,2.643916723030653726e-01,2.689395580491431570e-01,2.724323670094854766e-01,2.750936709534599900e-01,2.770721161674877808e-01,2.784885817147487730e-01,2.794361874435281612e-01,2.799795606892214184e-01,2.801565379188333260e-01,2.799795606892216404e-01,2.794361874435277171e-01,2.784885817147488840e-01,2.770721161674873922e-01,2.750936709534594349e-01,2.724323670094852545e-01,2.689395580491449889e-01,2.643916723030697025e-01,2.586221403062802238e-01,2.514551526107043355e-01,2.427809044620256040e-01,2.326286453251689423e-01,2.212491571282896585e-01,2.091739882404244633e-01,1.972017169977056950e-01,1.862742717165370154e-01,1.772629214897944450e-01,1.707525021733831694e-01,1.669278369881617985e-01,1.656034985625926270e-01,1.663534445893827818e-01,1.686612080471388553e-01,1.720332666072664218e-01,1.760589990197013732e-01,1.804277295481530041e-01,1.849210039310102416e-01,1.893948556344100254e-01,1.937607695853471035e-01,1.979692503851817609e-01,2.019970891099042709e-01,2.058381098361853068e-01,2.094967251283341991e-01,2.129835852439988242e-01,2.163127151200852083e-01,2.194996760376129452e-01,2.225604175479356794e-01,2.255105863661691912e-01,2.283651330937115365e-01,2.311381098847095084e-01,2.338425880923204747e-01,2.364906492323641807e-01,2.390934188642650504e-01,2.416611237850530280e-01,2.442031600518256296e-01,2.467281640129363185e-01,2.492440815615616090e-01,2.517582327779893658e-01,2.542773703654988560e-01,2.568077310523269041e-01,2.593550795898064698e-01,2.619247452308389734e-01,2.645216506931156730e-01,2.671503336439833287e-01,2.698149607183276122e-01,2.725193340164878686e-01,2.752668899382836321e-01,2.780606900991326458e-01,2.809034039496529078e-01,2.837972825833365298e-01,2.867441230699637189e-01,2.897452224955861522e-01,2.928013207250795280e-01
6.659090909090908950e-01,3.296611139781617794e-01,3.262819264598850744e-01,3.229663346882795660e-01,3.197149082994005798e-01,3.165275544204229075e-01,3.134035956035573500e-01,3.103418357211935596e-01,3.073406149022392397e-01,3.043978544551291243e-01,3.015110925869098901e-01,2.986775115919497181e-01,2.958939570489485527e-01,2.931569494303435386e-01,2.904626883940151227e-01,2.878070498913792852e-01,2.851855760874378865e-01,2.825934579450953277e-01,2.800255101763533538e-01,2.774761381049452580e-01,2.749392958172372503e-01,2.724084348004375822e-01,2.698764420802587383e-01,2.673355666784434370e-01,2.647773330224693633e-01,2.621924397724447742e-01,2.595706424130639345e-01,2.569006179422535507e-01,2.541698101571250312e-01,2.513642545296753128e-01,2.484683827034881443e-01,2.454648085882303321e-01,2.423341014585159714e-01,2.390545572983024114e-01,2.356019893330610349e-01,2.319495745677613019e-01,2.280678188110028815e-01,2.239247436945776548e-01,2.194864640291286639e-01,2.147184247772365162e-01,2.095877208208207221e-01,2.040671498382296833e-01,1.981419662202716092e-01,1.918207060255413543e-01,1.851518595747208007e-01,1.782483163964293238e-01,1.713207540834173481e-01,1.647182132392782661e-01,1.589670644914766007e-01,1.547869494536248947e-01,1.530468502927493923e-01,1.546198828370358436e-01,1.601275346801881438e-01,1.696470934591832735e-01,1.825430791334637370e-01,1.975663135115825197e-01,2.132008455220864296e-01,2.280650735529883844e-01,2.411422128829604217e-01,2.519423330462856048e-01,2.602552998618068436e-01,2.660887950276870084e-01,2.695318113481912081e-01,2.706685280861659826e-01,2.695318113481822153e-01,2.660887950276886182e-01,2.602552998618146707e-01,2.519423330462729482e-01,2.411422128829619760e-01,2.280650735529999307e-01,2.132008455220916754e-01,1.975663135115900138e-01,1.825430791334579916e-01,1.696470934591788049e-01,1.601275346801867283e-01,1.546198828370362044e-01,1.530468502927445351e-01,1.547869494536273649e-01,1.589670644914775444e-01,1.647182132392778775e-01,1.713207540834177645e-01,1.782483163964293793e-01,1.851518595747208284e-01,1.918207060255434082e-01,1.981419662202714982e-01,2.040671498382293503e-01,2.095877208208198061e-01,2.147184247772358223e-01,2.194864640291280256e-01,2.239247436945782654e-01,2.280678188110022431e-01,2.319495745677610798e-01,2.356019893330606185e-01,2.390545572983032996e-01,2.423341014585182474e-01,2.454648085882286113e-01,2.484683827034877557e-01,2.513642545296744246e-01,2.541698101571257529e-01,2.569006179422541614e-01,2.595706424130616030e-01,2.621924397724434974e-01,2.647773330224701405e-01,2.673355666784436035e-01,2.698764420802584607e-01,2.724084348004358613e-01,2.749392958172389156e-01,2.774761381049458686e-01,2.800255101763540200e-01,2.825934579450958828e-01,2.851855760874393297e-01,2.878070498913776198e-01,2.904626883940142901e-01,2.931569494303437051e-01,2.958939570489505511e-01,2.986775115919498291e-01,3.015110925869108338e-01,3.043978544551305676e-01,3.073406149022385736e-01,3.103418357211911172e-01,3.134035956035590154e-01,3.165275544204245173e-01,3.197149082994008018e-01,3.229663346882792885e-01,3.262819264598841862e-01,3.296611139781628896e-01
6.696969696969696795e-01,3.669397183964248632e-01,3.632978029281724308e-01,3.597177609151867572e-01,3.562022963666681141e-01,3.527532381767087832e-01,3.493716450770029125e-01,3.460578971379366653e-01,3.428117749372518452e-01,3.396325274393691696e-01,3.365189295375540235e-01,3.334693301102331642e-01,3.304816913363346487e-01,3.275536199041821916e-01,3.246823906360191136e-01,3.218649629357990816e-01,3.190979903512063398e-01,3.163778234212081819e-01,3.137005058559757531e-01,3.110617639650546384e-01,3.084569891097395655e-01,3.058812128034600897e-01,3.033290739166674133e-01,3.007947772558740018e-01,2.982720425762701577e-01,2.957540428488311113e-01,2.932333303316933537e-01,2.907017486876982137e-01,2.881503290426586372e-01,2.855691674924866197e-01,2.829472811475726712e-01,2.802724393654857926e-01,2.775309664006014310e-01,2.747075113525191958e-01,2.717847811314580420e-01,2.687432323613563323e-01,2.655607190164345210e-01,2.622120946372176187e-01,2.586687720136168211e-01,2.548982505652990782e-01,2.508636343710039518e-01,2.465231851490668202e-01,2.418299894633540448e-01,2.367318754795842695e-01,2.311718023945347478e-01,2.250890793563639913e-01,2.184219664094640134e-01,2.111124794276141858e-01,2.031145537048990590e-01,1.944070436438654625e-01,1.850131331994898654e-01,1.750271189064871169e-01,1.646473255155086746e-01,1.542089416728633644e-01,1.442021714448026848e-01,1.352514316220064794e-01,1.280284918777936654e-01,1.230900194228240901e-01,1.206685965805879973e-01,1.205484781604371919e-01,1.220434628746297767e-01,1.241671197886565492e-01,1.259268650666545419e-01,1.266008492408296493e-01,1.259268650666547640e-01,1.241671197886567019e-01,1.220434628746348837e-01,1.205484781604389960e-01,1.206685965805900790e-01,1.230900194228202321e-01,1.280284918777943592e-01,1.352514316220069235e-01,1.442021714448021297e-01,1.542089416728598394e-01,1.646473255155091464e-01,1.750271189064877553e-01,1.850131331994890604e-01,1.944070436438627425e-01,2.031145537049002525e-01,2.111124794276134364e-01,2.184219664094647906e-01,2.250890793563629366e-01,2.311718023945336931e-01,2.367318754795844638e-01,2.418299894633516300e-01,2.465231851490688186e-01,2.508636343710056171e-01,2.548982505652992447e-01,2.586687720136148227e-01,2.622120946372175077e-01,2.655607190164347986e-01,2.687432323613568874e-01,2.717847811314587081e-01,2.747075113525184742e-01,2.775309664006006538e-01,2.802724393654854596e-01,2.829472811475713390e-01,2.855691674924859536e-01,2.881503290426585262e-01,2.907017486876979917e-01,2.932333303316956297e-01,2.957540428488305562e-01,2.982720425762703242e-01,3.007947772558748900e-01,3.033290739166670247e-01,3.058812128034613664e-01,3.084569891097393990e-01,3.110617639650550825e-01,3.137005058559747539e-01,3.163778234212106799e-01,3.190979903512051186e-01,3.218649629357976383e-01,3.246823906360205569e-01,3.275536199041816920e-01,3.304816913363333164e-01,3.334693301102333862e-01,3.365189295375529688e-01,3.396325274393700022e-01,3.428117749372516787e-01,3.460578971379386637e-01,3.493716450770018023e-01,3.527532381767078395e-01,3.562022963666707231e-01,3.597177609151855360e-01,3.632978029281749288e-01,3.669397183964265285e-01
6.734848484848484640e-01,4.045178542819654055e-01,4.007050296798967404e-01,3.969413152822677815e-01,3.932324215532377876e-01,3.895828905932705588e-01,3.859962299617131221e-01,3.824750319917748498e-01,3.790210795297590529e-01,3.756354390533304666e-01,3.723185421090942082e-01,3.690702559692098927e-01,3.658899443459171508e-01,3.627765189294205328e-01,3.597284824308538131e-01,3.567439637223355220e-01,3.538207455712583660e-01,3.509562853673159344e-01,3.481477291385188799e-01,3.453919190459452393e-01,3.426853944354609216e-01,3.400243864064670385e-01,3.374048057309886883e-01,3.348222238187885114e-01,3.322718462725387512e-01,3.297484784083221654e-01,3.272464819271610481e-01,3.247597217086163335e-01,3.222815014538932821e-01,3.198044866290909449e-01,3.173206128462110476e-01,3.148209774683636275e-01,3.122957118385795705e-01,3.097338311155158896e-01,3.071230582726955927e-01,3.044496184141040063e-01,3.016979992402428756e-01,2.988506733697724460e-01,2.958877784579326820e-01,2.927867519376507466e-01,2.895219191985575757e-01,2.860640378298783260e-01,2.823798073034344269e-01,2.784313648736495006e-01,2.741758070920120582e-01,2.695648059291243515e-01,2.645444343396758380e-01,2.590553851307845212e-01,2.530338673149790107e-01,2.464136029150877094e-01,2.391295250115129112e-01,2.311239762872226156e-01,2.223563658865603254e-01,2.128172223419999565e-01,2.025471255719719921e-01,1.916597378057908196e-01,1.803657289240403472e-01,1.689908894224512459e-01,1.579783032971928958e-01,1.478614313982292428e-01,1.392233027182009086e-01,1.326045762570801922e-01,1.284446640330570988e-01,1.270258098102014510e-01,1.284446640330572653e-01,1.326045762570839948e-01,1.392233027182016858e-01,1.478614313982292150e-01,1.579783032971915357e-01,1.689908894224517455e-01,1.803657289240410688e-01,1.916597378057916523e-01,2.025471255719721031e-01,2.128172223420015385e-01,2.223563658865571890e-01,2.311239762872229764e-01,2.391295250115118010e-01,2.464136029150900131e-01,2.530338673149759576e-01,2.590553851307855759e-01,2.645444343396760600e-01,2.695648059291231857e-01,2.741758070920129464e-01,2.784313648736515545e-01,2.823798073034313183e-01,2.860640378298788811e-01,2.895219191985604068e-01,2.927867519376499694e-01,2.958877784579332371e-01,2.988506733697737783e-01,3.016979992402394339e-01,3.044496184141040063e-01,3.071230582726958147e-01,3.097338311155163337e-01,3.122957118385800701e-01,3.148209774683648488e-01,3.173206128462091602e-01,3.198044866290932764e-01,3.222815014538917278e-01,3.247597217086151677e-01,3.272464819271620473e-01,3.297484784083225540e-01,3.322718462725395838e-01,3.348222238187910649e-01,3.374048057309894655e-01,3.400243864064663724e-01,3.426853944354637527e-01,3.453919190459432409e-01,3.481477291385184358e-01,3.509562853673181548e-01,3.538207455712570892e-01,3.567439637223353555e-01,3.597284824308522033e-01,3.627765189294184234e-01,3.658899443459161516e-01,3.690702559692071172e-01,3.723185421090955405e-01,3.756354390533291343e-01,3.790210795297648261e-01,3.824750319917724073e-01,3.859962299617132331e-01,3.895828905932689490e-01,3.932324215532387868e-01,3.969413152822663937e-01,4.007050296798981281e-01,4.045178542819668488e-01
6.772727272727272485e-01,4.417227962112224016e-01,4.378662782351067650e-01,4.340343309264012017e-01,4.302365004082477906e-01,4.264808277461209496e-01,4.227740074477034926e-01,4.191215319427638031e-01,4.155278224227423323e-01,4.119963465971744343e-01,4.085297240357468884e-01,4.051298198246225390e-01,4.017978272861803535e-01,3.985343405011941842e-01,3.953394173396346245e-01,3.922126336563729887e-01,3.891531292451924640e-01,3.861596460721155033e-01,3.832305592288976492e-01,3.803639009608680288e-01,3.775573780309117167e-01,3.748083825823656512e-01,3.721139965580916309e-01,3.694709896189285470e-01,3.668758103807028270e-01,3.643245706528088212e-01,3.618130222098879800e-01,3.593365254587613800e-01,3.568900091714575229e-01,3.544679202385990768e-01,3.520641621512336505e-01,3.496720206405403153e-01,3.472840745909003268e-01,3.448920899926498640e-01,3.424868943207829419e-01,3.400582283264287353e-01,3.375945718341555879e-01,3.350829397963965284e-01,3.325086446480550739e-01,3.298550210692695051e-01,3.271031098323544661e-01,3.242312988558213038e-01,3.212149225151380572e-01,3.180258256161696551e-01,3.146319077020321986e-01,3.109966787975971259e-01,3.070788826807990257e-01,3.028322832076685844e-01,2.982057698833862069e-01,2.931440294110369549e-01,2.875891597958921686e-01,2.814837792517873583e-01,2.747763980596035216e-01,2.674300407407733116e-01,2.594352256173290128e-01,2.508282099258336562e-01,2.417145093686138557e-01,2.322955853572563067e-01,2.228928630489881435e-01,2.139581696364018792e-01,2.060542900992737569e-01,1.998088071299669033e-01,1.957854491382299278e-01,1.943943487952189408e-01,1.957854491382273188e-01,1.998088071299688739e-01,2.060542900992708704e-01,2.139581696364008245e-01,2.228928630489845630e-01,2.322955853572545581e-01,2.417145093686143553e-01,2.508282099258315467e-01,2.594352256173302895e-01,2.674300407407708691e-01,2.747763980596049094e-01,2.814837792517859150e-01,2.875891597958894486e-01,2.931440294110366773e-01,2.982057698833864845e-01,3.028322832076696947e-01,3.070788826807993033e-01,3.109966787975970148e-01,3.146319077020328092e-01,3.180258256161666020e-01,3.212149225151370024e-01,3.242312988558226916e-01,3.271031098323520236e-01,3.298550210692703377e-01,3.325086446480561841e-01,3.350829397963960288e-01,3.375945718341561430e-01,3.400582283264279027e-01,3.424868943207824423e-01,3.448920899926488648e-01,3.472840745908998827e-01,3.496720206405420361e-01,3.520641621512357045e-01,3.544679202386014638e-01,3.568900091714547473e-01,3.593365254587607138e-01,3.618130222098887017e-01,3.643245706528089323e-01,3.668758103807018833e-01,3.694709896189288800e-01,3.721139965580944065e-01,3.748083825823649851e-01,3.775573780309116612e-01,3.803639009608686394e-01,3.832305592288967611e-01,3.861596460721172797e-01,3.891531292451910762e-01,3.922126336563728222e-01,3.953394173396355127e-01,3.985343405011952389e-01,4.017978272861808531e-01,4.051298198246217619e-01,4.085297240357463888e-01,4.119963465971758776e-01,4.155278224227426653e-01,4.191215319427691322e-01,4.227740074477028265e-01,4.264808277461187291e-01,4.302365004082489008e-01,4.340343309264014238e-01,4.378662782351073202e-01,4.417227962112226236e-01
6.810606060606060330e-01,4.778294429529106879e-01,4.740878780193097941e-01,4.703343621543983888e-01,4.665829485781698982e-01,4.628458524694900600e-01,4.591336230280306796e-01,4.554553045448831439e-01,4.518185858831312851e-01,4.482299381495306045e-01,4.446947406230443711e-01,4.412173952118716991e-01,4.378014298524187664e-01,4.344495913540786236e-01,4.311639282428164077e-01,4.279458641736634816e-01,4.247962624735310833e-01,4.217154823473052705e-01,4.187034272358013398e-01,4.157595857568643916e-01,4.128830655929733306e-01,4.100726206108029626e-01,4.073266714110663211e-01,4.046433194097844299e-01,4.020203544440299481e-01,3.994552557738372811e-01,3.969451862150097932e-01,3.944869789808652105e-01,3.920771166305522248e-01,3.897117013106696781e-01,3.873864152295545815e-01,3.850964700101864868e-01,3.828365432184499539e-01,3.806006999466744478e-01,3.783822968345053050e-01,3.761738653166983859e-01,3.739669701878205466e-01,3.717520387596451314e-01,3.695181549619552808e-01,3.672528117298182737e-01,3.649416140027131328e-01,3.625679237898774554e-01,3.601124383332524603e-01,3.575526929823661937e-01,3.548624829767753064e-01,3.520112046375448722e-01,3.489631294424502261e-01,3.456766490116365831e-01,3.421035731673292557e-01,3.381886395751174113e-01,3.338695209510248452e-01,3.290778204498813198e-01,3.237418575986650837e-01,3.177924853786558979e-01,3.111737114967703111e-01,3.038603473459243753e-01,2.958847924383555261e-01,2.873733949694126655e-01,2.785881605247459425e-01,2.699608853228191441e-01,2.620863665591098290e-01,2.557148806984015366e-01,2.515452613833040751e-01,2.500908974716875011e-01,2.515452613833027984e-01,2.557148806984039791e-01,2.620863665591064429e-01,2.699608853228182004e-01,2.785881605247443327e-01,2.873733949694127210e-01,2.958847924383542494e-01,3.038603473459255411e-01,3.111737114967730866e-01,3.177924853786543991e-01,3.237418575986667491e-01,3.290778204498833182e-01,3.338695209510234574e-01,3.381886395751182439e-01,3.421035731673275904e-01,3.456766490116363055e-01,3.489631294424495045e-01,3.520112046375460380e-01,3.548624829767753619e-01,3.575526929823658606e-01,3.601124383332530154e-01,3.625679237898808416e-01,3.649416140027116340e-01,3.672528117298163863e-01,3.695181549619572237e-01,3.717520387596444653e-01,3.739669701878220454e-01,3.761738653167013280e-01,3.783822968345059157e-01,3.806006999466741147e-01,3.828365432184507311e-01,3.850964700101878746e-01,3.873864152295540264e-01,3.897117013106679018e-01,3.920771166305537792e-01,3.944869789808657101e-01,3.969451862150085719e-01,3.994552557738406118e-01,4.020203544440321686e-01,4.046433194097836528e-01,4.073266714110657105e-01,4.100726206108024630e-01,4.128830655929714988e-01,4.157595857568638364e-01,4.187034272358032827e-01,4.217154823473074354e-01,4.247962624735306947e-01,4.279458641736644253e-01,4.311639282428165743e-01,4.344495913540792342e-01,4.378014298524197101e-01,4.412173952118701448e-01,4.446947406230465916e-01,4.482299381495321589e-01,4.518185858831321733e-01,4.554553045448822557e-01,4.591336230280314012e-01,4.628458524694892273e-01,4.665829485781688990e-01,4.703343621543999986e-01,4.740878780193105158e-01,4.778294429529108545e-01
6.848484848484848175e-01,5.119324064565231591e-01,5.084895049976203563e-01,5.049869512733139443e-01,5.014436814912468510e-01,4.978765214158206165e-01,4.943003542214676749e-01,4.907282834894967083e-01,4.871717894091712742e-01,4.836408768376416756e-01,4.801442143530709195e-01,4.766892638157228523e-01,4.732824002470775726e-01,4.699290220607548751e-01,4.666336518428547131e-01,4.634000279942598888e-01,4.602311876222098252e-01,4.571295411107456630e-01,4.540969388158166420e-01,4.511347303258443353e-01,4.482438167060565082e-01,4.454246961080787215e-01,4.426775030764950603e-01,4.400020418224753205e-01,4.373978136609565914e-01,4.348640387210376268e-01,4.323996719369591069e-01,4.300034132058713765e-01,4.276737114527618955e-01,4.254087621653975804e-01,4.232064977420163521e-01,4.210645697175665059e-01,4.189803215805976699e-01,4.169507504344662774e-01,4.149724551556638330e-01,4.130415679046981481e-01,4.111536647763381902e-01,4.093036499305167109e-01,4.074856055721999826e-01,4.056925974346562991e-01,4.039164216597749268e-01,4.021472737235251005e-01,4.003733126988805457e-01,3.985800837972887090e-01,3.967497475521762906e-01,3.948600435619745164e-01,3.928828883828639484e-01,3.907824689746377533e-01,3.885126445575127763e-01,3.860134159819796906e-01,3.832061845987362880e-01,3.799875684747709426e-01,3.762218498395974442e-01,3.717331301638755470e-01,3.663009507805954357e-01,3.596693962637200759e-01,3.515919803442365543e-01,3.419511144951932757e-01,3.309875169068096090e-01,3.195775187590474964e-01,3.092507825375359620e-01,3.015353158622987029e-01,2.972089197196712829e-01,2.958763737376765568e-01,2.972089197196709498e-01,3.015353158623005347e-01,3.092507825375310215e-01,3.195775187590456090e-01,3.309875169068105527e-01,3.419511144951865034e-01,3.515919803442367764e-01,3.596693962637230735e-01,3.663009507805944920e-01,3.717331301638703844e-01,3.762218498395950572e-01,3.799875684747702209e-01,3.832061845987368431e-01,3.860134159819789135e-01,3.885126445575118881e-01,3.907824689746357549e-01,3.928828883828647256e-01,3.948600435619750715e-01,3.967497475521782335e-01,3.985800837972908184e-01,4.003733126988767710e-01,4.021472737235258776e-01,4.039164216597750934e-01,4.056925974346525798e-01,4.074856055721997605e-01,4.093036499305185427e-01,4.111536647763379126e-01,4.130415679046989252e-01,4.149724551556657204e-01,4.169507504344653892e-01,4.189803215805972259e-01,4.210645697175677826e-01,4.232064977420144647e-01,4.254087621653995788e-01,4.276737114527620065e-01,4.300034132058700442e-01,4.323996719369587738e-01,4.348640387210360725e-01,4.373978136609564249e-01,4.400020418224743768e-01,4.426775030764935615e-01,4.454246961080786105e-01,4.482438167060547873e-01,4.511347303258440578e-01,4.540969388158171971e-01,4.571295411107453299e-01,4.602311876222115461e-01,4.634000279942597778e-01,4.666336518428545466e-01,4.699290220607566515e-01,4.732824002470797931e-01,4.766892638157238515e-01,4.801442143530705864e-01,4.836408768376410094e-01,4.871717894091707746e-01,4.907282834894982626e-01,4.943003542214706170e-01,4.978765214158224484e-01,5.014436814912460738e-01,5.049869512733139443e-01,5.084895049976188020e-01,5.119324064565221599e-01
6.886363636363636020e-01,5.436598269870623890e-01,5.407109722686888054e-01,5.376455313142112225e-01,5.344873078396219501e-01,5.312578403851064834e-01,5.279765438242602915e-01,5.246608551253342245e-01,5.213263799363411222e-01,5.179870373270860640e-01,5.146552006730275020e-01,5.113418332151438150e-01,5.080566172862586161e-01,5.048080765677877002e-01,5.016036910427663642e-01,4.984500045517001321e-01,4.953527250472420373e-01,4.923168177913047616e-01,4.893465918519178115e-01,4.864457803449580009e-01,4.836176149338658470e-01,4.808648951552366713e-01,4.781900531847356195e-01,4.755952147015627962e-01,4.730822565555053982e-01,4.706528619935328450e-01,4.683085742680506147e-01,4.660508495320056510e-01,4.638811100338134374e-01,4.618007987641423728e-01,4.598114368861603296e-01,4.579146855093337853e-01,4.561124136540880003e-01,4.544067746077885550e-01,4.528002932933983260e-01,4.512959677463904140e-01,4.498973882747324682e-01,4.486088782366300931e-01,4.474356603296877344e-01,4.463840512311616493e-01,4.454616840561672619e-01,4.446777496341070557e-01,4.440432280914254903e-01,4.435710387155876178e-01,4.432759397156115777e-01,4.431737942589603074e-01,4.432793288182167446e-01,4.436003605934671912e-01,4.441236805336747362e-01,4.447807299557733351e-01,4.453626969054917950e-01,4.453048389460579903e-01,4.431301626436485730e-01,4.350899026863222496e-01,4.128946286042051161e-01,3.671802877303695367e-01,3.145473124958557132e-01,2.934512957575724501e-01,2.998115938514706591e-01,3.126397063765813944e-01,3.234604915973836037e-01,3.308242010050288506e-01,3.350062185195004094e-01,3.363647872941629147e-01,3.350062185195033515e-01,3.308242010050290172e-01,3.234604915973783301e-01,3.126397063765812834e-01,2.998115938514721024e-01,2.934512957575651226e-01,3.145473124958547695e-01,3.671802877303763646e-01,4.128946286042013969e-01,4.350899026863213059e-01,4.431301626436465191e-01,4.453048389460598777e-01,4.453626969054903517e-01,4.447807299557685612e-01,4.441236805336733484e-01,4.436003605934656924e-01,4.432793288182186875e-01,4.431737942589606960e-01,4.432759397156177950e-01,4.435710387155867851e-01,4.440432280914263785e-01,4.446777496341078328e-01,4.454616840561664293e-01,4.463840512311599840e-01,4.474356603296898438e-01,4.486088782366287053e-01,4.498973882747366870e-01,4.512959677463902475e-01,4.528002932933986591e-01,4.544067746077894432e-01,4.561124136540865015e-01,4.579146855093346735e-01,4.598114368861587753e-01,4.618007987641420953e-01,4.638811100338129378e-01,4.660508495320049849e-01,4.683085742680490049e-01,4.706528619935350655e-01,4.730822565555043990e-01,4.755952147015622411e-01,4.781900531847370073e-01,4.808648951552372264e-01,4.836176149338666796e-01,4.864457803449608320e-01,4.893465918519174229e-01,4.923168177913041510e-01,4.953527250472415933e-01,4.984500045517011313e-01,5.016036910427685847e-01,5.048080765677878112e-01,5.080566172862579499e-01,5.113418332151427048e-01,5.146552006730283901e-01,5.179870373270876183e-01,5.213263799363399009e-01,5.246608551253353347e-01,5.279765438242607356e-01,5.312578403851064834e-01,5.344873078396178423e-01,5.376455313142113335e-01,5.407109722686889164e-01,5.436598269870625000e-01
6.924242424242423866e-01,5.723453413929469047e-01,5.700864325244274777e-01,5.676478425876283485e-01,5.650577793516895486e-01,5.623421963155622594e-01,5.595248852712028098e-01,5.566275842827654863e-01,5.536700963487388716e-01,5.506704148366955431e-01,5.476448525297815673e-01,5.446081717945502332e-01,5.415737139715258719e-01,5.385535266064859217e-01,5.355584875894268126e-01,5.325984256571062447e-01,5.296822370550238190e-01,5.268179984553654771e-01,5.240130765012827041e-01,5.212742346067945620e-01,5.186077378995942455e-01,5.160194574662534395e-01,5.135149753643856174e-01,5.110996922257604602e-01,5.087789397167736816e-01,5.065581006839927625e-01,5.044427405418383525e-01,5.024387544226903701e-01,5.005525358994145080e-01,4.987911748342751528e-01,4.971626942898298429e-01,4.956763397160057205e-01,4.943429381768530417e-01,4.931753517356897709e-01,4.921890580438645357e-01,4.914029037527942734e-01,4.908400940499196841e-01,4.905295062182298826e-01,4.905074483762582038e-01,4.908200264504832266e-01,4.915263256192385355e-01,4.927026249406471492e-01,4.944477351900156692e-01,4.968889203739891847e-01,5.001855578715957984e-01,5.045197340400097152e-01,5.100351286609658974e-01,5.165833758348788995e-01,5.227413209252983473e-01,5.220462759398067920e-01,4.908931012304222352e-01,3.869327683165138532e-01,2.787577410101348963e-01,2.675237658709025967e-01,2.932182952212846749e-01,3.178301316319633307e-01,3.359823704375860531e-01,3.488359443127447834e-01,3.579194841779566039e-01,3.643253579589274538e-01,3.687608790722394780e-01,3.716702870461607300e-01,3.733208408003965695e-01,3.738582368138568812e-01,3.733208408003965695e-01,3.716702870461636721e-01,3.687608790722409213e-01,3.643253579589276758e-01,3.579194841779586578e-01,3.488359443127466153e-01,3.359823704375882181e-01,3.178301316319622760e-01,2.932182952212837312e-01,2.675237658709057054e-01,2.787577410101293451e-01,3.869327683164913712e-01,4.908931012304071917e-01,5.220462759398121211e-01,5.227413209253024551e-01,5.165833758348817861e-01,5.100351286609650092e-01,5.045197340400072727e-01,5.001855578715956874e-01,4.968889203739905169e-01,4.944477351900149475e-01,4.927026249406469827e-01,4.915263256192356489e-01,4.908200264504838373e-01,4.905074483762594251e-01,4.905295062182300492e-01,4.908400940499225151e-01,4.914029037527943289e-01,4.921890580438646468e-01,4.931753517356887717e-01,4.943429381768530417e-01,4.956763397160051099e-01,4.971626942898332291e-01,4.987911748342768181e-01,5.005525358994146190e-01,5.024387544226905922e-01,5.044427405418393517e-01,5.065581006839936506e-01,5.087789397167711281e-01,5.110996922257596831e-01,5.135149753643855064e-01,5.160194574662562150e-01,5.186077378995934684e-01,5.212742346067967825e-01,5.240130765012838143e-01,5.268179984553673645e-01,5.296822370550249293e-01,5.325984256571058006e-01,5.355584875894243702e-01,5.385535266064871429e-01,5.415737139715237625e-01,5.446081717945500111e-01,5.476448525297822334e-01,5.506704148366973195e-01,5.536700963487394267e-01,5.566275842827654863e-01,5.595248852712026988e-01,5.623421963155623704e-01,5.650577793516902148e-01,5.676478425876280154e-01,5.700864325244278108e-01,5.723453413929471267e-01
6.962121212121211711e-01,5.974605765472089658e-01,5.960750171295063904e-01,5.944444992588904242e-01,5.926007315487114013e-01,5.905733738011649248e-01,5.883900623751010528e-01,5.860764626277161771e-01,5.836563429503711653e-01,5.811516656621209531e-01,5.785826907617876991e-01,5.759680892518682649e-01,5.733250634238045151e-01,5.706694721308382956e-01,5.680159596731649829e-01,5.653780874879174023e-01,5.627684683846673197e-01,5.601989036123143917e-01,5.576805236068383964e-01,5.552239338787720024e-01,5.528393681916452529e-01,5.505368520050246683e-01,5.483263801734205023e-01,5.462181141935008588e-01,5.442226060001805754e-01,5.423510576029200170e-01,5.406156289790217118e-01,5.390298109700000229e-01,5.376088860054397678e-01,5.363705081228237193e-01,5.353354461981291168e-01,5.345285524393564858e-01,5.339800449306097985e-01,5.337272328279027978e-01,5.338168725541202475e-01,5.343084332185886742e-01,5.352786835591973880e-01,5.368282062128876264e-01,5.390906981388846608e-01,5.422461445926993751e-01,5.465387216920744029e-01,5.522977473728313269e-01,5.599475863093490435e-01,5.699376508892611826e-01,5.822766417503403291e-01,5.941742621442891448e-01,5.888356560172396392e-01,5.010343187738905968e-01,3.103859306092840442e-01,2.492855781437393059e-01,2.812945026919038694e-01,3.174523805481523908e-01,3.439653548010893069e-01,3.625715769096331531e-01,3.758097195147286351e-01,3.854320586628650624e-01,3.925514247210381558e-01,3.978762997413708979e-01,4.018667078286597971e-01,4.048269824072734946e-01,4.069603529106704531e-01,4.084013622816737854e-01,4.092351859102820733e-01,4.095085121567061948e-01,4.092351859102824618e-01,4.084013622816756728e-01,4.069603529106717854e-01,4.048269824072726619e-01,4.018667078286591865e-01,3.978762997413685110e-01,3.925514247210405983e-01,3.854320586628647849e-01,3.758097195147301339e-01,3.625715769096344854e-01,3.439653548010890294e-01,3.174523805481536121e-01,2.812945026918935443e-01,2.492855781437387785e-01,3.103859306093281201e-01,5.010343187739074722e-01,5.888356560172424148e-01,5.941742621442823724e-01,5.822766417503427716e-01,5.699376508892579629e-01,5.599475863093530403e-01,5.522977473728349906e-01,5.465387216920748470e-01,5.422461445926995971e-01,5.390906981388847719e-01,5.368282062128890697e-01,5.352786835592000525e-01,5.343084332185902285e-01,5.338168725541214688e-01,5.337272328279063505e-01,5.339800449306086882e-01,5.345285524393567078e-01,5.353354461981278956e-01,5.363705081228258287e-01,5.376088860054401009e-01,5.390298109699983575e-01,5.406156289790217118e-01,5.423510576029213492e-01,5.442226060001824628e-01,5.462181141935008588e-01,5.483263801734203913e-01,5.505368520050257786e-01,5.528393681916453639e-01,5.552239338787713363e-01,5.576805236068380633e-01,5.601989036123127264e-01,5.627684683846659874e-01,5.653780874879185125e-01,5.680159596731656491e-01,5.706694721308371854e-01,5.733250634238065135e-01,5.759680892518681539e-01,5.785826907617902526e-01,5.811516656621195098e-01,5.836563429503703881e-01,5.860764626277153999e-01,5.883900623751024961e-01,5.905733738011668121e-01,5.926007315487116234e-01,5.944444992588922005e-01,5.960750171295082778e-01,5.974605765472075225e-01
6.999999999999999556e-01,6.186202208800198887e-01,6.182658998382394300e-01,6.176035617982524872e-01,6.166671671543386690e-01,6.154890292772329241e-01,6.140997633509941434e-01,6.125282726606297024e-01,6.108017669678187378e-01,6.089458081492660213e-01,6.069843788931839068e-01,6.049399709265078640e-01,6.028336899616807409e-01,6.006853752991606621e-01,5.985137328026104431e-01,5.963364807910197518e-01,5.941705092890752216e-01,5.920320540826724542e-01,5.899368881952262722e-01,5.879005348119082930e-01,5.859385074454658282e-01,5.840665854188229478e-01,5.823011357683729461e-01,5.806594967838880628e-01,5.791604440964763789e-01,5.778247682521634454e-01,5.766760042028552524e-01,5.757413698612291464e-01,5.750529955375115465e-01,5.746495630318275705e-01,5.745785293025069684e-01,5.748991960613705210e-01,5.756870210998940030e-01,5.770397773217265103e-01,5.790864914348414771e-01,5.820005808208589260e-01,5.860192453166717108e-01,5.914716173150708078e-01,5.988165044894752098e-01,6.086776153517569066e-01,6.217960830075106582e-01,6.384716030325310321e-01,6.551780565562614900e-01,6.461755286070388626e-01,5.086360359021026012e-01,2.794422997148310328e-01,2.533505610260868846e-01,3.004119474171286219e-01,3.408308265238104706e-01,3.690402117825632988e-01,3.886532597042335890e-01,4.026528662502567579e-01,4.129250717837299467e-01,4.206384770093553604e-01,4.265340471861092664e-01,4.310962788036585835e-01,4.346513052564708324e-01,4.374240396453517032e-01,4.395723748097654093e-01,4.412082207501030195e-01,4.424107419359946669e-01,4.432347980486214256e-01,4.437162984741373495e-01,4.438754267605444781e-01,4.437162984741377936e-01,4.432347980486196493e-01,4.424107419359927795e-01,4.412082207501017428e-01,4.395723748097660200e-01,4.374240396453519253e-01,4.346513052564731638e-01,4.310962788036590831e-01,4.265340471861109872e-01,4.206384770093514747e-01,4.129250717837338880e-01,4.026528662502580347e-01,3.886532597042365866e-01,3.690402117825599126e-01,3.408308265238126356e-01,3.004119474171279558e-01,2.533505610260733398e-01,2.794422997148517385e-01,5.086360359020417610e-01,6.461755286070425264e-01,6.551780565562721481e-01,6.384716030325359171e-01,6.217960830075087708e-01,6.086776153517519106e-01,5.988165044894760980e-01,5.914716173150739165e-01,5.860192453166674920e-01,5.820005808208603693e-01,5.790864914348439196e-01,5.770397773217263993e-01,5.756870210998927817e-01,5.748991960613725194e-01,5.745785293025053031e-01,5.746495630318279035e-01,5.750529955375104363e-01,5.757413698612292574e-01,5.766760042028598043e-01,5.778247682521608919e-01,5.791604440964785994e-01,5.806594967838882848e-01,5.823011357683735012e-01,5.840665854188231698e-01,5.859385074454651621e-01,5.879005348119114016e-01,5.899368881952248289e-01,5.920320540826720102e-01,5.941705092890769979e-01,5.963364807910219723e-01,5.985137328026112202e-01,6.006853752991603290e-01,6.028336899616837385e-01,6.049399709265079750e-01,6.069843788931871265e-01,6.089458081492699071e-01,6.108017669678189598e-01,6.125282726606325889e-01,6.140997633509951426e-01,6.154890292772318139e-01,6.166671671543401123e-01,6.176035617982525983e-01,6.182658998382416504e-01,6.186202208800186675e-01
7.037878787878788511e-01,6.346494903486167294e-01,6.354467082365852226e-01,6.358799060112536594e-01,6.359838030924435115e-01,6.357920454298967572e-01,6.353370805142909417e-01,6.346500774445162918e-01,6.337608878329736850e-01,6.326980436070555047e-01,6.314887882261925878e-01,6.301591384570907062e-01,6.287339746235433013e-01,6.272371581750851854e-01,6.256916765216909981e-01,6.241198164017098815e-01,6.225433686587619198e-01,6.209838693097311513e-01,6.194628843534448759e-01,6.180023491416557491e-01,6.166249776685077677e-01,6.153547633689258056e-01,6.142176017590240678e-01,6.132420777388707389e-01,6.124604785249161409e-01,6.119101199938852265e-01,6.116351144929412786e-01,6.116887696279345032e-01,6.121369027617552527e-01,6.130625054858671596e-01,6.145724293973136021e-01,6.168071406265179801e-01,6.199551753752782224e-01,6.242747709037047565e-01,6.301260455223774981e-01,6.380165141007915208e-01,6.486525875550083198e-01,6.629294428552149343e-01,6.814645969160555428e-01,7.014182103987356420e-01,6.976867585689774387e-01,5.548413934261053893e-01,2.878784562599493446e-01,2.586327576807563311e-01,3.139914111538966157e-01,3.598099104907591106e-01,3.911979776700938993e-01,4.128007606995501844e-01,4.281367887098623815e-01,4.393642672934058857e-01,4.477993549562463427e-01,4.542691434317007171e-01,4.593121009830264945e-01,4.632905965961952588e-01,4.664556352320797794e-01,4.689853366480377650e-01,4.710085667738833082e-01,4.726198903451587219e-01,4.738892791782011171e-01,4.748685472152056608e-01,4.755956764209491872e-01,4.760977411424858752e-01,4.763929253223591620e-01,4.764915692078250387e-01,4.763929253223560534e-01,4.760977411424854866e-01,4.755956764209491316e-01,4.748685472152076592e-01,4.738892791781995073e-01,4.726198903451596101e-01,4.710085667738838633e-01,4.689853366480374874e-01,4.664556352320805566e-01,4.632905965961945927e-01,4.593121009830234969e-01,4.542691434317033816e-01,4.477993549562440667e-01,4.393642672934042759e-01,4.281367887098651570e-01,4.128007606995591772e-01,3.911979776700943434e-01,3.598099104907573342e-01,3.139914111538906205e-01,2.586327576807673778e-01,2.878784562599633334e-01,5.548413934260949532e-01,6.976867585689731088e-01,7.014182103987288697e-01,6.814645969160513239e-01,6.629294428552195972e-01,6.486525875550054332e-01,6.380165141007869689e-01,6.301260455223759438e-01,6.242747709037042014e-01,6.199551753752770011e-01,6.168071406265226431e-01,6.145724293973144903e-01,6.130625054858678258e-01,6.121369027617573622e-01,6.116887696279357245e-01,6.116351144929392802e-01,6.119101199938886682e-01,6.124604785249163630e-01,6.132420777388734034e-01,6.142176017590278425e-01,6.153547633689272489e-01,6.166249776685074346e-01,6.180023491416549719e-01,6.194628843534446538e-01,6.209838693097324835e-01,6.225433686587634741e-01,6.241198164017062178e-01,6.256916765216933296e-01,6.272371581750831870e-01,6.287339746235408589e-01,6.301591384570910392e-01,6.314887882261918106e-01,6.326980436070568370e-01,6.337608878329754614e-01,6.346500774445139603e-01,6.353370805142892763e-01,6.357920454298990887e-01,6.359838030924458430e-01,6.358799060112545476e-01,6.354467082365854447e-01,6.346494903486189498e-01
7.075757575757575246e-01,6.463503609714944531e-01,6.483702245856278745e-01,6.499803380166593314e-01,6.512147482655292752e-01,6.521071212617722823e-01,6.526905581076920537e-01,6.529974607208622883e-01,6.530594448181382683e-01,6.529072982676920045e-01,6.525709832173401947e-01,6.520796810899637252e-01,6.514618805414048586e-01,6.507455098500055657e-01,6.499581170340894554e-01,6.491271034100066784e-01,6.482800195191930070e-01,6.474449366884084123e-01,6.466509134271924975e-01,6.459285841465560729e-01,6.453109094289976033e-01,6.448341440340789044e-01,6.445391037155454583e-01,6.444728490858054881e-01,6.446909611486014713e-01,6.452606700165891551e-01,6.462652341272464573e-01,6.478101817176262767e-01,6.500323659113501629e-01,6.531133145875674950e-01,6.572991338519649229e-01,6.629301359333795718e-01,6.704833335606088518e-01,6.806242322642925835e-01,6.942223283939024103e-01,7.120574801475345605e-01,7.326679061149408145e-01,7.392440398533571821e-01,6.381578394454182623e-01,3.411326251831645617e-01,2.593667547603741297e-01,3.186779735183750129e-01,3.728150073445917201e-01,4.096414324796004980e-01,4.345989367199900033e-01,4.520779711284981239e-01,4.647385849436224681e-01,4.741740733909284855e-01,4.813698070863625667e-01,4.869590738211463377e-01,4.913638935610559200e-01,4.948746316782519084e-01,4.976966371537482337e-01,4.999785513789972713e-01,5.018300652037308573e-01,5.033333898486149760e-01,5.045508606310424859e-01,5.055300896384329334e-01,5.063075211287718647e-01,5.069109187881490897e-01,5.073611245651330481e-01,5.076733473298624677e-01,5.078594444403126129e-01,5.079198838729430676e-01,5.078594444403105035e-01,5.076733473298609134e-01,5.073611245651340473e-01,5.069109187881470913e-01,5.063075211287717536e-01,5.055300896384278264e-01,5.045508606310403765e-01,5.033333898486141988e-01,5.018300652037311904e-01,4.999785513789957170e-01,4.976966371537480116e-01,4.948746316782524635e-01,4.913638935610543657e-01,4.869590738211443393e-01,4.813698070863630107e-01,4.741740733909282635e-01,4.647385849436215244e-01,4.520779711284922397e-01,4.345989367199923903e-01,4.096414324796021633e-01,3.728150073446080404e-01,3.186779735183662976e-01,2.593667547603673018e-01,3.411326251832268452e-01,6.381578394454169301e-01,7.392440398533530743e-01,7.326679061149372618e-01,7.120574801475332283e-01,6.942223283938980805e-01,6.806242322642902520e-01,6.704833335606081857e-01,6.629301359333784616e-01,6.572991338519618143e-01,6.531133145875676060e-01,6.500323659113476094e-01,6.478101817176287192e-01,6.462652341272479006e-01,6.452606700165918197e-01,6.446909611486019154e-01,6.444728490858055991e-01,6.445391037155449032e-01,6.448341440340774611e-01,6.453109094289976033e-01,6.459285841465574052e-01,6.466509134271933856e-01,6.474449366884111878e-01,6.482800195191914527e-01,6.491271034100056792e-01,6.499581170340895664e-01,6.507455098500057877e-01,6.514618805414039704e-01,6.520796810899632812e-01,6.525709832173428593e-01,6.529072982676937809e-01,6.530594448181388234e-01,6.529974607208636206e-01,6.526905581076933860e-01,6.521071212617718382e-01,6.512147482655298303e-01,6.499803380166601086e-01,6.483702245856280966e-01,6.463503609714932319e-01
7.113636363636364202e-01,6.537872687419725715e-01,6.570541981681208288e-01,6.598781930629360470e-01,6.622913846858811127e-01,6.643262761723844889e-01,6.660155253055306535e-01,6.673917782653452369e-01,6.684875554417397669e-01,6.693351904945706865e-01,6.699668243981247162e-01,6.704144572772892108e-01,6.707100625295515650e-01,6.708857701900435844e-01,6.709741299843728912e-01,6.710084694050536536e-01,6.710233690217182190e-01,6.710552869800353593e-01,6.711433786245130095e-01,6.713305775202444980e-01,6.716650341787875345e-01,6.722020537959585429e-01,6.730067427152851556e-01,6.741576786241199049e-01,6.757520829968028941e-01,6.779132284244318019e-01,6.808012017518231263e-01,6.846287009874775231e-01,6.896841835810866295e-01,6.963646929250847384e-01,7.052164937953609991e-01,7.169564677611596215e-01,7.323188509398866897e-01,7.508977402693154390e-01,7.643241584892436213e-01,7.195151955671804656e-01,4.660907632743339635e-01,2.664406841933746883e-01,3.107643176183156886e-01,3.765592538046408366e-01,4.222275946015061066e-01,4.525940194943741113e-01,4.734170095047618987e-01,4.882310188424228703e-01,4.991108469923355995e-01,5.073100956407565754e-01,5.136177141191420326e-01,5.185502261174557148e-01,5.224579125242158062e-01,5.255856827854532565e-01,5.281093237918366157e-01,5.301578663219795873e-01,5.318278353037624306e-01,5.331925919173183814e-01,5.343086143287874012e-01,5.352198143886923720e-01,5.359605614296623077e-01,5.365578346593974368e-01,5.370327759144191138e-01,5.374018252266758999e-01,5.376775855728930242e-01,5.378698691222877359e-01,5.379845873147993673e-01,5.380213472298099875e-01,5.379845873147995894e-01,5.378698691222882911e-01,5.376775855728931353e-01,5.374018252266764550e-01,5.370327759144191138e-01,5.365578346593949943e-01,5.359605614296651943e-01,5.352198143886974790e-01,5.343086143287871792e-01,5.331925919173181594e-01,5.318278353037663164e-01,5.301578663219811416e-01,5.281093237918392802e-01,5.255856827854596958e-01,5.224579125242179156e-01,5.185502261174589345e-01,5.136177141191425877e-01,5.073100956407572415e-01,4.991108469923372648e-01,4.882310188424222042e-01,4.734170095047668392e-01,4.525940194943740558e-01,4.222275946015055514e-01,3.765592538046544924e-01,3.107643176183136902e-01,2.664406841933741332e-01,4.660907632743760964e-01,7.195151955671764687e-01,7.643241584892368490e-01,7.508977402693124414e-01,7.323188509398856905e-01,7.169564677611531822e-01,7.052164937953577795e-01,6.963646929250896234e-01,6.896841835810911814e-01,6.846287009874790774e-01,6.808012017518232373e-01,6.779132284244347995e-01,6.757520829968071130e-01,6.741576786241210151e-01,6.730067427152855997e-01,6.722020537959619846e-01,6.716650341787874234e-01,6.713305775202421666e-01,6.711433786245131206e-01,6.710552869800344711e-01,6.710233690217198843e-01,6.710084694050509890e-01,6.709741299843724471e-01,6.708857701900419190e-01,6.707100625295523422e-01,6.704144572772927635e-01,6.699668243981240501e-01,6.693351904945701314e-01,6.684875554417407661e-01,6.673917782653463471e-01,6.660155253055295432e-01,6.643262761723844889e-01,6.622913846858811127e-01,6.598781930629346038e-01,6.570541981681216059e-01,6.537872687419714612e-01
7.151515151515150936e-01,6.572393277025372349e-01,6.617343497129036800e-01,6.657667652264845914e-01,6.693658640079833688e-01,6.725620651698681618e-01,6.753866995790457350e-01,6.778718432645373104e-01,6.800502072148036925e-01,6.819550893854441354e-01,6.836203959244969708e-01,6.850807407258425741e-01,6.863716357053735173e-01,6.875297890678923052e-01,6.885935359183817939e-01,6.896034358227878247e-01,6.906030868030145209e-01,6.916402270184323076e-01,6.927682275528709299e-01,6.940481277619718892e-01,6.955514370289627157e-01,6.973640364378824730e-01,6.995916793538154987e-01,7.023678337028099739e-01,7.058649417189993835e-01,7.103105224216500480e-01,7.160094589614111049e-01,7.233712838524176680e-01,7.329276765570816865e-01,7.452622251850513635e-01,7.604740522107454881e-01,7.752394544410546873e-01,7.670628292363448342e-01,6.319627001092136265e-01,3.325753481955085467e-01,2.910994576095920494e-01,3.662328171543142163e-01,4.256999807940054503e-01,4.647443708027622633e-01,4.907860746963056409e-01,5.088496708318768214e-01,5.218422396466405599e-01,5.314688983037481051e-01,5.387718761022715075e-01,5.444162612362588582e-01,5.488434026360644591e-01,5.523563549453545107e-01,5.551694392147280555e-01,5.574381181268486252e-01,5.592776459929128530e-01,5.607750810912857098e-01,5.619972407369784317e-01,5.629961008210196960e-01,5.638125414716854689e-01,5.644789957333732344e-01,5.650213541963902131e-01,5.654603546890787369e-01,5.658126096084171719e-01,5.660913771037259234e-01,5.663071643535196875e-01,5.664683478205032596e-01,5.665834072521815923e-01,5.666477539941123798e-01,5.666688317430109700e-01,5.666477539941129349e-01,5.665834072521831466e-01,5.664683478205040368e-01,5.663071643535182442e-01,5.660913771037265896e-01,5.658126096084240553e-01,5.654603546890771826e-01,5.650213541963940989e-01,5.644789957333751218e-01,5.638125414716840256e-01,5.629961008210202511e-01,5.619972407369751011e-01,5.607750810912841555e-01,5.592776459929172939e-01,5.574381181268475149e-01,5.551694392147268342e-01,5.523563549453540666e-01,5.488434026360675677e-01,5.444162612362603015e-01,5.387718761022731728e-01,5.314688983037509917e-01,5.218422396466427804e-01,5.088496708318757111e-01,4.907860746963013110e-01,4.647443708027647613e-01,4.256999807940120562e-01,3.662328171543223765e-01,2.910994576096010422e-01,3.325753481955304736e-01,6.319627001092168461e-01,7.670628292363455003e-01,7.752394544410553534e-01,7.604740522107453771e-01,7.452622251850490320e-01,7.329276765570790220e-01,7.233712838524146704e-01,7.160094589614128813e-01,7.103105224216470504e-01,7.058649417190038244e-01,7.023678337028094187e-01,6.995916793538170531e-01,6.973640364378851375e-01,6.955514370289644921e-01,6.940481277619707789e-01,6.927682275528731504e-01,6.916402270184353052e-01,6.906030868030131886e-01,6.896034358227887129e-01,6.885935359183805726e-01,6.875297890678928603e-01,6.863716357053735173e-01,6.850807407258419079e-01,6.836203959244974149e-01,6.819550893854448015e-01,6.800502072148029153e-01,6.778718432645370884e-01,6.753866995790460681e-01,6.725620651698691610e-01,6.693658640079828137e-01,6.657667652264855906e-01,6.617343497129041241e-01,6.572393277025389002e-01
7.189393939393939892e-01,6.571411472728853065e-01,6.628082262738934638e-01,6.680063240369141786e-01,6.727613524333535544e-01,6.771010613253776178e-01,6.810548614619238439e-01,6.846536974282012578e-01,6.879299823927105262e-01,6.909176074010483504e-01,6.936520404016215391e-01,6.961705343507719190e-01,6.985124701823796078e-01,7.007198700213669307e-01,7.028381301293700201e-01,7.049170437610029483e-01,7.070122144994536173e-01,7.091870053639084404e-01,7.115152346668652816e-01,7.140849248617987532e-01,7.170035436425686859e-01,7.204053435415909146e-01,7.244615475244088332e-01,7.293939689406775395e-01,7.354911216754538295e-01,7.431188521142902959e-01,7.526885084043754004e-01,7.644229566694656919e-01,7.771978653009200544e-01,7.828927978627342466e-01,7.392121610723292324e-01,5.174992156206245086e-01,2.933458457607662218e-01,3.368215889450254519e-01,4.145930726582275905e-01,4.676904498488972939e-01,5.020969098827386956e-01,5.251895989746037108e-01,5.413440720323070554e-01,5.530494891048106654e-01,5.617720737046866253e-01,5.684161595159106239e-01,5.735644576870251310e-01,5.776072465355399643e-01,5.808148245553894640e-01,5.833798794296580770e-01,5.854432365445475517e-01,5.871100564722184778e-01,5.884603419874314678e-01,5.895559422029699181e-01,5.904453361535625389e-01,5.911669709966693720e-01,5.917516366507964420e-01,5.922241840127805412e-01,5.926047871276687307e-01,5.929098829590683239e-01,5.931528801746582813e-01,5.933447024900961875e-01,5.934942222815715596e-01,5.936086810527133606e-01,5.936953660593830007e-01,5.937547941179315281e-01,5.937872096802992994e-01,5.937977924429085341e-01,5.937872096802986333e-01,5.937547941179328603e-01,5.936953660593821125e-01,5.936086810527150259e-01,5.934942222815745572e-01,5.933447024900980749e-01,5.931528801746590585e-01,5.929098829590701003e-01,5.926047871276702850e-01,5.922241840127795420e-01,5.917516366507967751e-01,5.911669709966677067e-01,5.904453361535579869e-01,5.895559422029693630e-01,5.884603419874296915e-01,5.871100564722214754e-01,5.854432365445452202e-01,5.833798794296655155e-01,5.808148245553924616e-01,5.776072465355416297e-01,5.735644576870236877e-01,5.684161595159085145e-01,5.617720737046848489e-01,5.530494891048151063e-01,5.413440720323051680e-01,5.251895989746014903e-01,5.020969098827259280e-01,4.676904498488962392e-01,4.145930726582176540e-01,3.368215889450074663e-01,2.933458457607542869e-01,5.174992156207079974e-01,7.392121610723206837e-01,7.828927978627464590e-01,7.771978653009216087e-01,7.644229566694668021e-01,7.526885084043757335e-01,7.431188521142954029e-01,7.354911216754552727e-01,7.293939689406786497e-01,7.244615475244069458e-01,7.204053435415916917e-01,7.170035436425696851e-01,7.140849248618013068e-01,7.115152346668651706e-01,7.091870053639098836e-01,7.070122144994537283e-01,7.049170437610035034e-01,7.028381301293696870e-01,7.007198700213675968e-01,6.985124701823803850e-01,6.961705343507726962e-01,6.936520404016220942e-01,6.909176074010464630e-01,6.879299823927099711e-01,6.846536974282022570e-01,6.810548614619255092e-01,6.771010613253759525e-01,6.727613524333542205e-01,6.680063240369151778e-01,6.628082262738940189e-01,6.571411472728841963e-01
7.227272727272727737e-01,6.547205193292101599e-01,6.614830472388666394e-01,6.677815164322044028e-01,6.736384141421862815e-01,6.790786638238219819e-01,6.841295449557570629e-01,6.888206571733596073e-01,6.931839520238128882e-01,6.972538564269658012e-01,7.010675158788197692e-01,7.046651927518285952e-01,7.080908665449275885e-01,7.113931000499497115e-01,7.146262602531069374e-01,7.178522181861777263e-01,7.211427008740355360e-01,7.245825319434708867e-01,7.282740664828467603e-01,7.323431563108233622e-01,7.369468127816651837e-01,7.422818158318251758e-01,7.485899652816738747e-01,7.561427266115354762e-01,7.651396143665663008e-01,7.752598825280818673e-01,7.837401787615225768e-01,7.766756719652246899e-01,6.930122985405962055e-01,4.298339829656663280e-01,3.039450022996171841e-01,3.814752776683737467e-01,4.561256456929984049e-01,5.044494514003815544e-01,5.356694566441264627e-01,5.567334883925237898e-01,5.715585735770256637e-01,5.823584954778552314e-01,5.904413897360828445e-01,5.966185663755504409e-01,6.014159200388085047e-01,6.051877381866632710e-01,6.081807765951935396e-01,6.105719018043591628e-01,6.124910723098533349e-01,6.140358580873132022e-01,6.152808973077715793e-01,6.162842241892241280e-01,6.170916062175862971e-01,6.177395814270157937e-01,6.182576265763330969e-01,6.186697317604575863e-01,6.189955617263245280e-01,6.192513243456925220e-01,6.194504284172581698e-01,6.196039882803023868e-01,6.197212174639320503e-01,6.198097478142221561e-01,6.198759300767040514e-01,6.199254213938583113e-01,6.199646048694215095e-01,6.199858058713333397e-01,6.199975097048452399e-01,6.200012592176803450e-01,6.199975097048472383e-01,6.199858058713296760e-01,6.199646048694220646e-01,6.199254213938569791e-01,6.198759300767028302e-01,6.198097478142232664e-01,6.197212174639299409e-01,6.196039882803007215e-01,6.194504284172606123e-01,6.192513243456921890e-01,6.189955617263234178e-01,6.186697317604549218e-01,6.182576265763324308e-01,6.177395814270147945e-01,6.170916062175905159e-01,6.162842241892192430e-01,6.152808973077710242e-01,6.140358580873127581e-01,6.124910723098527798e-01,6.105719018043597179e-01,6.081807765951952049e-01,6.051877381866620498e-01,6.014159200388105031e-01,5.966185663755438906e-01,5.904413897360819563e-01,5.823584954778521228e-01,5.715585735770296605e-01,5.567334883925255662e-01,5.356694566441234651e-01,5.044494514003823316e-01,4.561256456929840275e-01,3.814752776683615343e-01,3.039450022996163514e-01,4.298339829656366851e-01,6.930122985405717806e-01,7.766756719652280205e-01,7.837401787615235760e-01,7.752598825280878625e-01,7.651396143665637473e-01,7.561427266115370305e-01,7.485899652816749850e-01,7.422818158318259529e-01,7.369468127816645175e-01,7.323431563108214748e-01,7.282740664828497579e-01,7.245825319434699985e-01,7.211427008740347588e-01,7.178522181861808349e-01,7.146262602531040509e-01,7.113931000499496005e-01,7.080908665449275885e-01,7.046651927518299274e-01,7.010675158788223227e-01,6.972538564269670225e-01,6.931839520238136654e-01,6.888206571733601624e-01,6.841295449557559527e-01,6.790786638238213158e-01,6.736384141421877247e-01,6.677815164322059571e-01,6.614830472388666394e-01,6.547205193292108261e-01
7.265151515151515582e-01,6.499406766720851047e-01,6.577019675163446877e-01,6.650130373100225922e-01,6.718935251241767714e-01,6.783658430069066103e-01,6.844553037375712412e-01,6.901902588900268309e-01,6.956022987216546882e-01,7.007265595599254659e-01,7.056021868665434127e-01,7.102730111689294912e-01,7.147885091068258978e-01,7.192051426483092591e-01,7.235881939319986911e-01,7.280142321393562321e-01,7.325743322346396358e-01,7.373780213415456197e-01,7.425573798510840540e-01,7.482689191071253410e-01,7.546850540935036156e-01,7.619477568688405311e-01,7.699889437836285877e-01,7.778583390711492074e-01,7.810643591390715734e-01,7.603328535203577321e-01,6.432384111080399203e-01,3.817174749051630012e-01,3.300923777568736672e-01,4.204426494011490600e-01,4.914972276567952103e-01,5.363916036462804682e-01,5.653810029496563194e-01,5.850212219684987058e-01,5.989138690330217951e-01,6.090850923090904701e-01,6.167330919784078658e-01,6.226027996108567386e-01,6.271785306770311097e-01,6.307876252283254326e-01,6.336588595688348313e-01,6.359568163528199758e-01,6.378029043752295735e-01,6.392886616132196220e-01,6.404844338979294172e-01,6.414451913901407787e-01,6.422145215742163238e-01,6.428274299947304149e-01,6.433123430188223413e-01,6.436925651011302651e-01,6.439873559120888880e-01,6.442127378963944384e-01,6.443821096430223383e-01,6.445067174851670799e-01,6.445960227088189942e-01,6.446579923888393626e-01,6.446993382985760634e-01,6.447257383780937712e-01,6.447421683975569362e-01,6.447573520920364398e-01,6.447606734510338278e-01,6.447606512439125748e-01,6.447599344280082745e-01,6.447595841147494289e-01,6.447599344280072753e-01,6.447606512439116866e-01,6.447606734510322735e-01,6.447573520920348855e-01,6.447421683975549378e-01,6.447257383780887752e-01,6.446993382985745091e-01,6.446579923888389185e-01,6.445960227088194383e-01,6.445067174851633052e-01,6.443821096430256690e-01,6.442127378963923290e-01,6.439873559120881108e-01,6.436925651011328187e-01,6.433123430188184555e-01,6.428274299947300818e-01,6.422145215742145474e-01,6.414451913901360047e-01,6.404844338979281959e-01,6.392886616132213984e-01,6.378029043752305727e-01,6.359568163528210860e-01,6.336588595688311676e-01,6.307876252283227680e-01,6.271785306770339963e-01,6.226027996108585150e-01,6.167330919784037579e-01,6.090850923090972424e-01,5.989138690330275683e-01,5.850212219684982617e-01,5.653810029496537659e-01,5.363916036462917925e-01,4.914972276567911580e-01,4.204426494011427873e-01,3.300923777568716688e-01,3.817174749051409077e-01,6.432384111079711975e-01,7.603328535203555116e-01,7.810643591390781237e-01,7.778583390711467649e-01,7.699889437836296979e-01,7.619477568688380886e-01,7.546850540935029494e-01,7.482689191071216772e-01,7.425573798510871626e-01,7.373780213415456197e-01,7.325743322346398578e-01,7.280142321393576754e-01,7.235881939320008005e-01,7.192051426483082599e-01,7.147885091068255647e-01,7.102730111689292691e-01,7.056021868665431906e-01,7.007265595599260211e-01,6.956022987216536890e-01,6.901902588900270530e-01,6.844553037375705751e-01,6.783658430069061662e-01,6.718935251241773265e-01,6.650130373100239245e-01,6.577019675163474632e-01,6.499406766720852158e-01
7.303030303030303427e-01,6.428732550968700998e-01,6.515287665734263989e-01,6.597516015455665572e-01,6.675605468160844547e-01,6.749766992727856962e-01,6.820241333112467830e-01,6.887304045664391916e-01,6.951270366456643313e-01,7.012500888197716886e-01,7.071408824758149692e-01,7.128469557827610270e-01,7.184233057050181115e-01,7.239339415916806741e-01,7.294536615452471562e-01,7.350696306809552105e-01,7.408813994893935773e-01,7.469953188420295209e-01,7.535013905282783586e-01,7.603957930178357749e-01,7.673281433072264290e-01,7.727373159313620787e-01,7.706372058839441319e-01,7.379585153890626525e-01,6.000788207762096649e-01,3.624026652710741203e-01,3.577926160823374224e-01,4.527122347083321063e-01,5.208106677898595160e-01,5.632858904369317798e-01,5.907214770811884952e-01,6.093813389541622438e-01,6.226504192078518019e-01,6.324234656312928138e-01,6.398192384528904597e-01,6.455331869741566253e-01,6.500177560302164981e-01,6.535791344275251324e-01,6.564317089466557009e-01,6.587300801614367485e-01,6.605886319893431446e-01,6.620939121526348003e-01,6.633127067507410546e-01,6.642974509406264216e-01,6.650899431692128827e-01,6.657239506521135386e-01,6.662270730664644480e-01,6.666220993652585136e-01,6.669280115110899354e-01,6.671607379157816764e-01,6.673337265979092381e-01,6.674583866201664328e-01,6.675444321369855549e-01,6.676001539439636590e-01,6.676326375118208922e-01,6.676479442052818403e-01,6.676512778109668922e-01,6.676472001363348285e-01,6.676404236104146461e-01,6.676353401414039102e-01,6.676232169449255460e-01,6.676130871833687586e-01,6.676064726157004969e-01,6.676041808483675899e-01,6.676064726157011631e-01,6.676130871833702018e-01,6.676232169449222154e-01,6.676353401414014677e-01,6.676404236104159784e-01,6.676472001363344955e-01,6.676512778109650048e-01,6.676479442052832836e-01,6.676326375118197820e-01,6.676001539439641030e-01,6.675444321369843337e-01,6.674583866201664328e-01,6.673337265979107924e-01,6.671607379157805662e-01,6.669280115110907126e-01,6.666220993652556270e-01,6.662270730664644480e-01,6.657239506521122063e-01,6.650899431692146591e-01,6.642974509406274208e-01,6.633127067507388341e-01,6.620939121526365767e-01,6.605886319893469194e-01,6.587300801614374146e-01,6.564317089466612520e-01,6.535791344275262427e-01,6.500177560302142776e-01,6.455331869741558481e-01,6.398192384528900156e-01,6.324234656312918146e-01,6.226504192078502475e-01,6.093813389541629100e-01,5.907214770811881621e-01,5.632858904369306696e-01,5.208106677898570736e-01,4.527122347083492038e-01,3.577926160823363677e-01,3.624026652710417573e-01,6.000788207762105531e-01,7.379585153890471094e-01,7.706372058839533468e-01,7.727373159313652984e-01,7.673281433072218771e-01,7.603957930178365521e-01,7.535013905282796909e-01,7.469953188420294099e-01,7.408813994893934662e-01,7.350696306809547664e-01,7.294536615452466011e-01,7.239339415916811182e-01,7.184233057050180005e-01,7.128469557827600278e-01,7.071408824758166345e-01,7.012500888197713556e-01,6.951270366456628880e-01,6.887304045664380814e-01,6.820241333112456728e-01,6.749766992727846970e-01,6.675605468160841216e-01,6.597516015455682226e-01,6.515287665734266209e-01,6.428732550968712101e-01
7.340909090909091272e-01,6.335391319241165942e-01,6.430028344435786414e-01,6.520410148363914304e-01,6.606784818831854533e-01,6.689388196816556942e-01,6.768469564304683272e-01,6.844306924035399309e-01,6.917217662051458049e-01,6.987567369479997792e-01,7.055777955691661107e-01,7.122334734984027138e-01,7.187789819828478421e-01,7.252753912570454320e-01,7.317855538408809535e-01,7.383612332827260705e-01,7.450062702855559937e-01,7.515717055477627584e-01,7.574441637736659683e-01,7.605472802372683638e-01,7.538317413162979319e-01,7.124604193263089913e-01,5.667113989918698413e-01,3.590821276739596946e-01,3.818329129445264258e-01,4.779105372317487554e-01,5.437737236487416581e-01,5.845719036898638921e-01,6.109580421403553174e-01,6.289874237748926955e-01,6.418935011589868012e-01,6.514759831614186369e-01,6.587939480420045291e-01,6.645043796604011010e-01,6.690342258958280608e-01,6.726723544273082167e-01,6.756211502544305914e-01,6.780267741954122407e-01,6.799976168711778790e-01,6.816159501451797276e-01,6.829455126710390900e-01,6.840365848286130701e-01,6.849294676779923430e-01,6.856569205803471068e-01,6.862459032578023255e-01,6.867188432911859319e-01,6.870945735324397452e-01,6.873890358451638649e-01,6.876158167384737174e-01,6.877865602729572592e-01,6.879112901881431208e-01,6.879986641653031976e-01,6.880561770836025604e-01,6.880903263190628616e-01,6.881067506446627569e-01,6.881103573335847212e-01,6.881054726632623852e-01,6.880962010866384926e-01,6.880910299504936489e-01,6.880760426940488728e-01,6.880617802325691423e-01,6.880504461204969280e-01,6.880432069554479613e-01,6.880407220492787967e-01,6.880432069554495156e-01,6.880504461205008138e-01,6.880617802325681431e-01,6.880760426940486507e-01,6.880910299504934269e-01,6.880962010866368272e-01,6.881054726632597207e-01,6.881103573335851653e-01,6.881067506446633120e-01,6.880903263190619734e-01,6.880561770836001179e-01,6.879986641652998669e-01,6.879112901881440090e-01,6.877865602729569261e-01,6.876158167384758269e-01,6.873890358451663074e-01,6.870945735324391901e-01,6.867188432911884854e-01,6.862459032578047680e-01,6.856569205803452194e-01,6.849294676779922320e-01,6.840365848286115158e-01,6.829455126710407553e-01,6.816159501451806157e-01,6.799976168711771018e-01,6.780267741954206784e-01,6.756211502544323677e-01,6.726723544273087718e-01,6.690342258958282828e-01,6.645043796604033215e-01,6.587939480420030858e-01,6.514759831614166385e-01,6.418935011589876893e-01,6.289874237748926955e-01,6.109580421403565387e-01,5.845719036898602283e-01,5.437737236487475423e-01,4.779105372317475897e-01,3.818329129445057202e-01,3.590821276739406542e-01,5.667113989918876049e-01,7.124604193262950025e-01,7.538317413162979319e-01,7.605472802372648111e-01,7.574441637736659683e-01,7.515717055477626474e-01,7.450062702855558827e-01,7.383612332827277358e-01,7.317855538408835070e-01,7.252753912570450989e-01,7.187789819828486193e-01,7.122334734984024918e-01,7.055777955691644454e-01,6.987567369479993351e-01,6.917217662051443616e-01,6.844306924035395978e-01,6.768469564304695485e-01,6.689388196816559162e-01,6.606784818831855643e-01,6.520410148363918745e-01,6.430028344435787524e-01,6.335391319241167052e-01
7.378787878787879118e-01,6.223140174660084512e-01,6.326172043508309084e-01,6.424396614813815409e-01,6.518412701633182760e-01,6.608626236605027460e-01,6.695366761821551771e-01,6.778943811432850408e-01,6.859674880207904391e-01,6.937896875077552705e-01,7.013962467892470576e-01,7.088212799059514513e-01,7.160900462778877484e-01,7.231995527055806727e-01,7.300698193694760141e-01,7.364166451395065538e-01,7.413972218912702195e-01,7.425351973127239935e-01,7.321514492438917499e-01,6.853763819761158338e-01,5.414260571987035142e-01,3.634189239277197392e-01,4.010461273681453775e-01,4.964626068858988273e-01,5.605922759308868963e-01,6.002457223970342204e-01,6.259764305719855981e-01,6.436724765046060170e-01,6.564533820049464063e-01,6.660460939056032093e-01,6.734626470523087383e-01,6.793288536278730971e-01,6.840505072531776198e-01,6.879018288742339005e-01,6.910749048025259800e-01,6.937085772484854473e-01,6.959060068667380916e-01,6.977457278949127373e-01,6.992888252634561486e-01,7.005837237673329110e-01,7.016694632686731881e-01,7.025779885931142665e-01,7.033357829045362442e-01,7.039650542176482118e-01,7.044846118076036889e-01,7.049105235804153935e-01,7.052566161940971856e-01,7.055348605928392081e-01,7.057556728968134019e-01,7.059281520064387694e-01,7.060602694346668207e-01,7.061590229290665155e-01,7.062305629507394933e-01,7.062803000890434113e-01,7.063130032544814307e-01,7.063329094025032617e-01,7.063439273042713129e-01,7.063507742974423076e-01,7.063556244462031453e-01,7.063504715244903753e-01,7.063445170201300138e-01,7.063392890752792086e-01,7.063357719373141164e-01,7.063345368546223302e-01,7.063357719373152266e-01,7.063392890752795417e-01,7.063445170201305690e-01,7.063504715244908194e-01,7.063556244462009248e-01,7.063507742974415304e-01,7.063439273042712019e-01,7.063329094025062593e-01,7.063130032544822079e-01,7.062803000890404137e-01,7.062305629507400484e-01,7.061590229290676257e-01,7.060602694346664876e-01,7.059281520064387694e-01,7.057556728968125137e-01,7.055348605928360994e-01,7.052566161940950762e-01,7.049105235804140612e-01,7.044846118076032448e-01,7.039650542176493220e-01,7.033357829045341347e-01,7.025779885931148216e-01,7.016694632686750754e-01,7.005837237673333551e-01,6.992888252634578139e-01,6.977457278949112940e-01,6.959060068667404231e-01,6.937085772484865576e-01,6.910749048025273122e-01,6.879018288742365650e-01,6.840505072531803954e-01,6.793288536278716538e-01,6.734626470523101816e-01,6.660460939056072061e-01,6.564533820049416324e-01,6.436724765046074603e-01,6.259764305719872635e-01,6.002457223970280031e-01,5.605922759308920034e-01,4.964626068858810082e-01,4.010461273681289462e-01,3.634189239276940930e-01,5.414260571986921899e-01,6.853763819761261589e-01,7.321514492438946364e-01,7.425351973127236604e-01,7.413972218912704415e-01,7.364166451395046664e-01,7.300698193694757920e-01,7.231995527055807838e-01,7.160900462778870823e-01,7.088212799059514513e-01,7.013962467892488339e-01,6.937896875077559367e-01,6.859674880207917713e-01,6.778943811432843747e-01,6.695366761821556212e-01,6.608626236605006365e-01,6.518412701633171658e-01,6.424396614813812079e-01,6.326172043508302423e-01,6.223140174660090063e-01
7.416666666666666963e-01,6.081161087875075477e-01,6.198175063428305043e-01,6.306623041714679578e-01,6.409045255128300589e-01,6.506728293276468067e-01,6.600402765529781446e-01,6.690529539417692240e-01,6.777410522720445085e-01,6.861201039081342712e-01,6.941827825562271181e-01,7.018750099227238914e-01,7.090374213535662884e-01,7.152598013403115296e-01,7.194954512350368869e-01,7.189504250264944218e-01,7.056181273195265558e-01,6.557599314561393111e-01,5.197382579486754528e-01,3.707464718905345569e-01,4.156537895435594154e-01,5.086429909237611957e-01,5.711126087254414507e-01,6.099282683002688055e-01,6.352917741088000003e-01,6.529013211216094792e-01,6.657709493818966262e-01,6.755641303055990310e-01,6.832524192205227109e-01,6.894347436614108871e-01,6.944985105940989500e-01,6.987050957056394340e-01,7.022374772201037674e-01,7.052279803289923654e-01,7.077750870572970809e-01,7.099539828376004724e-01,7.118233813867292925e-01,7.134300645543382169e-01,7.148119776236403489e-01,7.160003871778669593e-01,7.170214161234922390e-01,7.178971559801378133e-01,7.186464866453798894e-01,7.192856901221983401e-01,7.198289167465330429e-01,7.202885442251334425e-01,7.206754576910925358e-01,7.209992708194886690e-01,7.212685024649760912e-01,7.214907194432806925e-01,7.216726534629055445e-01,7.218202985580493003e-01,7.219389947114761563e-01,7.220335044058369123e-01,7.221080949198597221e-01,7.221666680598718413e-01,7.222131906061407536e-01,7.222558227175408518e-01,7.222792141370659724e-01,7.222952678839523744e-01,7.223060600876829440e-01,7.223128901879195540e-01,7.223166419147134532e-01,7.223178351734584890e-01,7.223166419147132311e-01,7.223128901879216635e-01,7.223060600876846093e-01,7.222952678839498208e-01,7.222792141370648622e-01,7.222558227175424062e-01,7.222131906061405315e-01,7.221666680598693988e-01,7.221080949198608323e-01,7.220335044058376894e-01,7.219389947114747130e-01,7.218202985580487452e-01,7.216726534629031020e-01,7.214907194432816917e-01,7.212685024649738708e-01,7.209992708194847832e-01,7.206754576910918697e-01,7.202885442251326653e-01,7.198289167465340421e-01,7.192856901221960086e-01,7.186464866453796674e-01,7.178971559801371471e-01,7.170214161234965689e-01,7.160003871778674034e-01,7.148119776236420142e-01,7.134300645543377728e-01,7.118233813867285154e-01,7.099539828376023598e-01,7.077750870572965258e-01,7.052279803289945859e-01,7.022374772201016579e-01,6.987050957056414324e-01,6.944985105941001713e-01,6.894347436614074454e-01,6.832524192205244873e-01,6.755641303056006963e-01,6.657709493818985136e-01,6.529013211216095902e-01,6.352917741087983350e-01,6.099282683002655858e-01,5.711126087254497774e-01,5.086429909237658586e-01,4.156537895435828411e-01,3.707464718905374990e-01,5.197382579486973242e-01,6.557599314561545212e-01,7.056181273195193393e-01,7.189504250265003060e-01,7.194954512350359987e-01,7.152598013403121957e-01,7.090374213535678427e-01,7.018750099227230033e-01,6.941827825562275622e-01,6.861201039081353814e-01,6.777410522720452857e-01,6.690529539417700011e-01,6.600402765529781446e-01,6.506728293276463626e-01,6.409045255128323904e-01,6.306623041714670697e-01,6.198175063428296161e-01,6.081161087875063265e-01
7.454545454545454808e-01,5.842071477569049653e-01,6.010397429786543677e-01,6.146029201117091390e-01,6.264722032141560870e-01,6.373194550752592225e-01,6.474459672267240951e-01,6.569818229412968114e-01,6.659544883090231515e-01,6.742931563453404831e-01,6.817748272840438162e-01,6.878667272063723193e-01,6.913132744279776309e-01,6.890031183795775060e-01,6.726965620687230807e-01,6.204725868394083133e-01,4.960413500609376913e-01,3.788002149662268447e-01,4.272629966951846381e-01,5.153214691634645517e-01,5.755189296208110816e-01,6.134953728610753609e-01,6.386436901505753161e-01,6.563489870430957440e-01,6.694880555721423043e-01,6.796537030918509137e-01,6.877764139350214245e-01,6.944292161913260264e-01,6.999822823289356677e-01,7.046851051343863137e-01,7.087122792506701519e-01,7.121901342093381881e-01,7.152128402260586881e-01,7.178524892673672220e-01,7.201656013148729496e-01,7.221974397941082202e-01,7.239849449219581956e-01,7.255587722505433268e-01,7.269447381949663001e-01,7.281648641611930817e-01,7.292381437106463249e-01,7.301811152417339024e-01,7.310082958880271820e-01,7.317325148951842051e-01,7.323651731778605400e-01,7.329164479663581311e-01,7.333954561260813687e-01,7.338103860504169296e-01,7.341686054694248620e-01,7.344767507635847625e-01,7.347408022596548793e-01,7.349661495374598674e-01,7.351576514154288811e-01,7.353196988036254655e-01,7.354563032813242751e-01,7.355713148289477754e-01,7.356699845671931248e-01,7.357521054682899520e-01,7.358116806483543382e-01,7.358577881349032124e-01,7.358920806506544787e-01,7.359157494928766363e-01,7.359296234538287296e-01,7.359341938010214301e-01,7.359296234538305059e-01,7.359157494928767473e-01,7.358920806506548118e-01,7.358577881349042116e-01,7.358116806483522288e-01,7.357521054682897299e-01,7.356699845671942350e-01,7.355713148289486636e-01,7.354563032813241641e-01,7.353196988036275750e-01,7.351576514154291031e-01,7.349661495374580911e-01,7.347408022596548793e-01,7.344767507635816539e-01,7.341686054694303021e-01,7.338103860504180398e-01,7.333954561260821459e-01,7.329164479663593523e-01,7.323651731778633156e-01,7.317325148951823177e-01,7.310082958880266268e-01,7.301811152417321260e-01,7.292381437106457698e-01,7.281648641611946360e-01,7.269447381949644127e-01,7.255587722505394410e-01,7.239849449219574185e-01,7.221974397941069990e-01,7.201656013148756141e-01,7.178524892673657787e-01,7.152128402260616857e-01,7.121901342093397425e-01,7.087122792506712621e-01,7.046851051343854255e-01,6.999822823289362228e-01,6.944292161913263595e-01,6.877764139350190931e-01,6.796537030918503586e-01,6.694880555721419713e-01,6.563489870430964102e-01,6.386436901505715413e-01,6.134953728610696988e-01,5.755189296208028660e-01,5.153214691634544486e-01,4.272629966951878577e-01,3.788002149662311746e-01,4.960413500609243131e-01,6.204725868394564969e-01,6.726965620687255232e-01,6.890031183795773950e-01,6.913132744279775199e-01,6.878667272063717641e-01,6.817748272840434831e-01,6.742931563453428145e-01,6.659544883090233736e-01,6.569818229412967003e-01,6.474459672267232069e-01,6.373194550752578902e-01,6.264722032141557539e-01,6.146029201117079177e-01,6.010397429786530354e-01,5.842071477569071858e-01
7.492424242424242653e-01,5.170140411507868627e-01,5.556823703267113057e-01,5.824376274257704322e-01,6.010490460515218736e-01,6.153456496735424386e-01,6.271385491965854042e-01,6.371302360024294620e-01,6.453905997899146429e-01,6.514088249023035626e-01,6.537382847037830347e-01,6.488821960427270108e-01,6.283733195219655121e-01,5.732350077444406944e-01,4.652966186881389854e-01,3.877992773350811828e-01,4.387778104514964417e-01,5.182294299053652464e-01,5.745527222750229646e-01,6.112352417522864956e-01,6.361203871786264008e-01,6.540085529702912570e-01,6.675473035330192761e-01,6.782272506275465185e-01,6.869269508242326072e-01,6.941899749355671112e-01,7.003683069906126990e-01,7.056994962172895569e-01,7.103499532983508225e-01,7.144402433606499292e-01,7.180604138383134272e-01,7.212795948596768536e-01,7.241521925653968683e-01,7.267219916928469026e-01,7.290249387678474635e-01,7.310910714159880586e-01,7.329458823511114662e-01,7.346113013026024374e-01,7.361064138619953789e-01,7.374479960592453809e-01,7.386509178327828051e-01,7.397284518608143733e-01,7.406925131546229224e-01,7.415538473590934654e-01,7.423221806086237606e-01,7.430063402575182163e-01,7.436143533373879011e-01,7.441535278657877006e-01,7.446305209387916735e-01,7.450513967831189355e-01,7.454216776352418083e-01,7.457463907114004753e-01,7.460301166362608427e-01,7.462770526111310865e-01,7.464911392783970534e-01,7.466765705814496501e-01,7.468411294532769640e-01,7.469692063203733357e-01,7.470736732536270575e-01,7.471566751316627286e-01,7.472197266050704112e-01,7.472639650994715721e-01,7.472901907336638727e-01,7.472988798637255625e-01,7.472901907336663152e-01,7.472639650994729044e-01,7.472197266050709663e-01,7.471566751316627286e-01,7.470736732536298330e-01,7.469692063203736687e-01,7.468411294532766309e-01,7.466765705814510934e-01,7.464911392783978306e-01,7.462770526111319747e-01,7.460301166362579561e-01,7.457463907114029178e-01,7.454216776352418083e-01,7.450513967831191575e-01,7.446305209387931168e-01,7.441535278657880337e-01,7.436143533373859027e-01,7.430063402575195486e-01,7.423221806086263141e-01,7.415538473590927993e-01,7.406925131546215901e-01,7.397284518608138182e-01,7.386509178327858027e-01,7.374479960592462691e-01,7.361064138619972663e-01,7.346113013026036587e-01,7.329458823511117993e-01,7.310910714159877255e-01,7.290249387678511273e-01,7.267219916928459034e-01,7.241521925653965353e-01,7.212795948596758544e-01,7.180604138383123169e-01,7.144402433606515945e-01,7.103499532983520437e-01,7.056994962172886687e-01,7.003683069906125880e-01,6.941899749355658900e-01,6.869269508242317190e-01,6.782272506275424107e-01,6.675473035330187210e-01,6.540085529702887035e-01,6.361203871786249575e-01,6.112352417522951553e-01,5.745527222750274055e-01,5.182294299053699094e-01,4.387778104514932220e-01,3.877992773350866229e-01,4.652966186881676292e-01,5.732350077444214875e-01,6.283733195219606271e-01,6.488821960427268998e-01,6.537382847037808142e-01,6.514088249023067823e-01,6.453905997899102021e-01,6.371302360024301281e-01,6.271385491965910663e-01,6.153456496735424386e-01,6.010490460515244271e-01,5.824376274257633268e-01,5.556823703267150805e-01,5.170140411507962996e-01
7.530303030303030498e-01,4.901601749091470395e-01,4.786519217910880086e-01,4.953349544181905317e-01,5.285180636726736214e-01,5.563856809363580957e-01,5.751268043637051131e-01,5.861015458959428770e-01,5.893216098356517385e-01,5.819398595460062440e-01,5.568072267848354073e-01,5.032052211671456110e-01,4.290520924961827576e-01,4.030235524209173081e-01,4.544744983971245600e-01,5.202869597773114307e-01,5.698532342484944335e-01,6.041000483302904067e-01,6.283454567714837902e-01,6.463414373220919273e-01,6.603228039383088888e-01,6.716063587901616172e-01,6.809902111872753183e-01,6.889768964568619980e-01,6.958954843888857100e-01,7.019696812513909201e-01,7.073569812641952170e-01,7.121719200306114717e-01,7.165003278810423426e-01,7.204083264274976361e-01,7.239481613716586272e-01,7.271620774156893896e-01,7.300849501070568737e-01,7.327461098165187758e-01,7.351706294091323590e-01,7.373802489358692869e-01,7.393940502929693404e-01,7.412289568597866252e-01,7.429001088044445700e-01,7.444211488598261317e-01,7.458044428158637773e-01,7.470612518474265551e-01,7.482018689165372827e-01,7.492357281018083848e-01,7.501714933333841762e-01,7.510171313337971055e-01,7.517799723789400090e-01,7.524667616711789853e-01,7.530837035922834932e-01,7.536365008879554184e-01,7.541303910839873836e-01,7.545701837240160748e-01,7.549603064897512095e-01,7.553048856605094619e-01,7.556079825920757331e-01,7.558755888173560589e-01,7.561052301168091905e-01,7.562935049860644021e-01,7.564492019870345807e-01,7.565741933328823388e-01,7.566699341703728710e-01,7.567375355092295086e-01,7.567777835200353298e-01,7.567911475002824240e-01,7.567777835200344416e-01,7.567375355092276212e-01,7.566699341703707615e-01,7.565741933328823388e-01,7.564492019870346917e-01,7.562935049860637360e-01,7.561052301168084133e-01,7.558755888173563919e-01,7.556079825920767323e-01,7.553048856605111272e-01,7.549603064897513205e-01,7.545701837240156307e-01,7.541303910839866065e-01,7.536365008879558625e-01,7.530837035922836042e-01,7.524667616711807616e-01,7.517799723789406752e-01,7.510171313337926646e-01,7.501714933333836210e-01,7.492357281018084958e-01,7.482018689165372827e-01,7.470612518474255559e-01,7.458044428158652206e-01,7.444211488598265758e-01,7.429001088044467904e-01,7.412289568597878464e-01,7.393940502929686742e-01,7.373802489358690648e-01,7.351706294091329141e-01,7.327461098165192199e-01,7.300849501070573178e-01,7.271620774156898337e-01,7.239481613716562958e-01,7.204083264274966369e-01,7.165003278810423426e-01,7.121719200306105835e-01,7.073569812641951060e-01,7.019696812513933626e-01,6.958954843888878194e-01,6.889768964568612208e-01,6.809902111872752073e-01,6.716063587901632825e-01,6.603228039383073344e-01,6.463414373220933706e-01,6.283454567714872319e-01,6.041000483302856328e-01,5.698532342484979862e-01,5.202869597773260857e-01,4.544744983971465424e-01,4.030235524209084819e-01,4.290520924961780946e-01,5.032052211671661501e-01,5.568072267848411805e-01,5.819398595460304469e-01,5.893216098356502952e-01,5.861015458959353275e-01,5.751268043636988958e-01,5.563856809363508793e-01,5.285180636726740655e-01,4.953349544181837594e-01,4.786519217910909507e-01,4.901601749091472060e-01
7.568181818181818343e-01,5.174290729647224030e-01,5.106420343479305402e-01,4.955011379023175344e-01,4.765141009344788792e-01,4.644982503551923214e-01,4.622692621675359437e-01,4.605925939184861151e-01,4.508974675948606015e-01,4.332616121826232125e-01,4.217482958983594377e-01,4.371109883347278346e-01,4.781694259382791024e-01,5.244072358470158735e-01,5.632640677951237240e-01,5.930769636360105901e-01,6.158109730838403628e-01,6.335727542664293388e-01,6.478911884648675956e-01,6.597782847650702776e-01,6.698939991410667316e-01,6.786741463348141545e-01,6.864132730898345747e-01,6.933159208441973531e-01,6.995281928512538938e-01,7.051574175207143691e-01,7.102846162902137772e-01,7.149725675497281552e-01,7.192711276458206848e-01,7.232208104054220765e-01,7.268552394228025015e-01,7.302028569492290400e-01,7.332881337915695408e-01,7.361324387094119182e-01,7.387546718883427621e-01,7.411717326320078625e-01,7.433988690427167922e-01,7.454499426878984369e-01,7.473376313455648567e-01,7.490735861869377565e-01,7.506685551131060397e-01,7.521324807255510558e-01,7.534745791279857663e-01,7.547034041335275445e-01,7.558269002901234490e-01,7.568524473084029536e-01,7.577868978974187097e-01,7.586366106430805223e-01,7.594074794073786272e-01,7.601049608816697889e-01,7.607341027334488803e-01,7.612995774051112274e-01,7.618057357067486990e-01,7.622567350061297820e-01,7.626571137657849331e-01,7.630142951056020362e-01,7.633130543878193786e-01,7.635669302053991192e-01,7.637782421698594559e-01,7.639487739274470890e-01,7.640799511621011453e-01,7.641728709999955349e-01,7.642283124262144733e-01,7.642467412298010743e-01,7.642283124262128080e-01,7.641728709999969782e-01,7.640799511621010343e-01,7.639487739274458677e-01,7.637782421698599000e-01,7.635669302053984531e-01,7.633130543878211549e-01,7.630142951056005929e-01,7.626571137657883748e-01,7.622567350061282276e-01,7.618057357067495872e-01,7.612995774051093401e-01,7.607341027334499906e-01,7.601049608816700109e-01,7.594074794073800705e-01,7.586366106430795231e-01,7.577868978974214853e-01,7.568524473084015103e-01,7.558269002901243372e-01,7.547034041335286547e-01,7.534745791279865434e-01,7.521324807255520550e-01,7.506685551131061507e-01,7.490735861869358692e-01,7.473376313455664111e-01,7.454499426878985480e-01,7.433988690427152379e-01,7.411717326320068633e-01,7.387546718883427621e-01,7.361324387094096977e-01,7.332881337915703179e-01,7.302028569492279297e-01,7.268552394228036118e-01,7.232208104054251852e-01,7.192711276458199077e-01,7.149725675497272670e-01,7.102846162902127780e-01,7.051574175207151463e-01,6.995281928512526726e-01,6.933159208441977972e-01,6.864132730898355739e-01,6.786741463348110459e-01,6.698939991410668426e-01,6.597782847650700555e-01,6.478911884648650421e-01,6.335727542664293388e-01,6.158109730838378093e-01,5.930769636360095909e-01,5.632640677951227248e-01,5.244072358470146522e-01,4.781694259382695544e-01,4.371109883347205072e-01,4.217482958983552188e-01,4.332616121826257660e-01,4.508974675948531075e-01,4.605925939184842832e-01,4.622692621675356661e-01,4.644982503551965958e-01,4.765141009344786016e-01,4.955011379023127605e-01,5.106420343479268764e-01,5.174290729647251785e-01
7.606060606060606188e-01,5.205001617573979944e-01,5.240112029620060952e-01,5.235436734750495980e-01,5.181752294004595694e-01,5.082504810274172113e-01,4.963935079773534320e-01,4.869411154054204549e-01,4.842498387926262304e-01,4.914444104359664278e-01,5.086706682590158568e-01,5.321936014476612575e-01,5.570022422112803628e-01,5.798334307563478562e-01,5.995902027219003338e-01,6.163757548863503244e-01,6.306833875146355961e-01,6.430265296096769889e-01,6.538269222521873036e-01,6.634041206154602799e-01,6.719938471685480419e-01,6.797695061983544118e-01,6.868598456845909084e-01,6.933619606123837542e-01,6.993504776511892951e-01,7.048839501394404961e-01,7.100093033372852913e-01,7.147649388775942914e-01,7.191829199161753339e-01,7.232905236471653954e-01,7.271113553520157646e-01,7.306661558796149203e-01,7.339733927478833131e-01,7.370496970657727243e-01,7.399101895761764913e-01,7.425687262567504110e-01,7.450380850791349374e-01,7.473301093974320519e-01,7.494558191434577132e-01,7.514254979704521054e-01,7.532487623210716299e-01,7.549346168379875710e-01,7.564914994082672095e-01,7.579273183146393311e-01,7.592494833757595929e-01,7.604649325405844484e-01,7.615801551323740926e-01,7.626012128191735906e-01,7.635337594813473849e-01,7.643830616573716874e-01,7.651540228271044297e-01,7.658512197856771619e-01,7.664789784775182246e-01,7.670416233064317746e-01,7.675458050898786855e-01,7.679873005631273619e-01,7.683650988845853735e-01,7.686876945843369446e-01,7.689572129812963786e-01,7.691753939542419483e-01,7.693436439039881281e-01,7.694630496771499573e-01,7.695343845723274789e-01,7.695581114933682798e-01,7.695343845723265908e-01,7.694630496771514006e-01,7.693436439039870178e-01,7.691753939542411711e-01,7.689572129812963786e-01,7.686876945843372777e-01,7.683650988845839302e-01,7.679873005631290273e-01,7.675458050898774642e-01,7.670416233064294431e-01,7.664789784775173365e-01,7.658512197856759407e-01,7.651540228271056510e-01,7.643830616573712433e-01,7.635337594813474960e-01,7.626012128191737016e-01,7.615801551323745366e-01,7.604649325405846705e-01,7.592494833757634787e-01,7.579273183146401083e-01,7.564914994082669875e-01,7.549346168379889033e-01,7.532487623210722960e-01,7.514254979704516613e-01,7.494558191434580463e-01,7.473301093974329401e-01,7.450380850791347154e-01,7.425687262567509661e-01,7.399101895761756031e-01,7.370496970657723912e-01,7.339733927478814257e-01,7.306661558796162526e-01,7.271113553520154316e-01,7.232905236471659505e-01,7.191829199161763331e-01,7.147649388775931811e-01,7.100093033372840701e-01,7.048839501394407181e-01,6.993504776511900722e-01,6.933619606123849755e-01,6.868598456845930178e-01,6.797695061983520803e-01,6.719938471685451553e-01,6.634041206154581705e-01,6.538269222521870816e-01,6.430265296096752126e-01,6.306833875146362622e-01,6.163757548863486591e-01,5.995902027219003338e-01,5.798334307563451917e-01,5.570022422112823612e-01,5.321936014476679189e-01,5.086706682590184103e-01,4.914444104359619869e-01,4.842498387926340575e-01,4.869411154054261726e-01,4.963935079773550418e-01,5.082504810274223184e-01,5.181752294004607906e-01,5.235436734750503751e-01,5.240112029620073164e-01,5.205001617573985495e-01
7.643939393939394034e-01,5.145701303042377051e-01,5.217699582921130341e-01,5.270401126396607738e-01,5.299929034671126971e-01,5.306525391107620448e-01,5.299362559396145755e-01,5.298377696627286637e-01,5.327585960086150818e-01,5.401814952791662572e-01,5.518200502960105558e-01,5.660583547634647772e-01,5.810958382226601993e-01,5.956989053675035839e-01,6.092833070112727567e-01,6.216911612199629289e-01,6.329702200680659141e-01,6.432410236403047765e-01,6.526345011366171400e-01,6.612683111065167374e-01,6.692408270288112693e-01,6.766320082809833547e-01,6.835063787096851140e-01,6.899162188225937964e-01,6.959043344742685822e-01,7.015062685323242286e-01,7.067520014299762954e-01,7.116672349195131142e-01,7.162743532172635152e-01,7.205931406629857428e-01,7.246413178078315864e-01,7.284349427733680660e-01,7.319887127457951337e-01,7.353161913660906102e-01,7.384299810094272498e-01,7.413418539681009278e-01,7.440628529031446670e-01,7.466033682559054530e-01,7.489731983475450550e-01,7.511815964482083663e-01,7.532373080291698830e-01,7.551486006196541645e-01,7.569232881040500738e-01,7.585687508646681287e-01,7.600919528668785841e-01,7.614994565805147664e-01,7.627974365364610376e-01,7.639916923696359330e-01,7.650876625238325346e-01,7.660904407649433701e-01,7.670048005050764672e-01,7.678352416217176790e-01,7.685861177590636029e-01,7.692622444783068225e-01,7.698707530982354941e-01,7.703970451265669261e-01,7.708550465332456580e-01,7.712472664818341705e-01,7.715757509747832588e-01,7.718422061469517592e-01,7.720480185766664949e-01,7.721942624564041013e-01,7.722817031368225393e-01,7.723107991227955438e-01,7.722817031368216512e-01,7.721942624564037683e-01,7.720480185766662728e-01,7.718422061469514261e-01,7.715757509747831477e-01,7.712472664818338375e-01,7.708550465332445478e-01,7.703970451265647057e-01,7.698707530982370484e-01,7.692622444783069335e-01,7.685861177590637139e-01,7.678352416217187892e-01,7.670048005050750239e-01,7.660904407649457015e-01,7.650876625238309803e-01,7.639916923696346007e-01,7.627974365364599274e-01,7.614994565805131010e-01,7.600919528668779179e-01,7.585687508646663524e-01,7.569232881040500738e-01,7.551486006196552747e-01,7.532373080291701051e-01,7.511815964482086994e-01,7.489731983475449439e-01,7.466033682559057860e-01,7.440628529031441118e-01,7.413418539681013719e-01,7.384299810094256955e-01,7.353161913660909432e-01,7.319887127457954668e-01,7.284349427733693982e-01,7.246413178078320305e-01,7.205931406629871860e-01,7.162743532172619609e-01,7.116672349195134473e-01,7.067520014299756292e-01,7.015062685323235625e-01,6.959043344742699144e-01,6.899162188225961279e-01,6.835063787096864463e-01,6.766320082809810232e-01,6.692408270288107142e-01,6.612683111065145170e-01,6.526345011366161408e-01,6.432410236403031112e-01,6.329702200680668023e-01,6.216911612199641501e-01,6.092833070112724236e-01,5.956989053675088019e-01,5.810958382226610874e-01,5.660583547634626678e-01,5.518200502960080023e-01,5.401814952791706981e-01,5.327585960086200778e-01,5.298377696627267763e-01,5.299362559396145755e-01,5.306525391107621559e-01,5.299929034671133632e-01,5.270401126396605518e-01,5.217699582921125900e-01,5.145701303042365948e-01
7.681818181818181879e-01,5.058892274252202448e-01,5.146520256900111168e-01,5.222088924559635803e-01,5.283534165796891502e-01,5.330910948543640115e-01,5.368751490285014194e-01,5.407182997115472789e-01,5.458944205282287854e-01,5.532749726988970274e-01,5.628681448368653140e-01,5.739842347044270543e-01,5.857510247190260699e-01,5.974873595434281315e-01,6.087950690358420180e-01,6.194958434838879757e-01,6.295412920472790441e-01,6.389468288647258687e-01,6.477535608338929052e-01,6.560092721196454368e-01,6.637600717419046559e-01,6.710473625508825979e-01,6.779072388572118246e-01,6.843708754650016379e-01,6.904652384538059184e-01,6.962138272733261468e-01,7.016373365159853659e-01,7.067542060661303749e-01,7.115810618995714876e-01,7.161330619025381150e-01,7.204241637543087329e-01,7.244673307953499730e-01,7.282746894238198987e-01,7.318576490185370043e-01,7.352269930967249012e-01,7.383929485028528639e-01,7.413652378880113414e-01,7.441531195299727619e-01,7.467654176040277036e-01,7.492105452892861006e-01,7.514965225386260883e-01,7.536309899159354675e-01,7.556212195847563651e-01,7.574741242981070100e-01,7.591962650809577218e-01,7.607938582164145425e-01,7.622727821699525341e-01,7.636385852903934124e-01,7.648964957330058878e-01,7.660514367358879362e-01,7.671080555697338266e-01,7.680707942185388548e-01,7.689441401379443208e-01,7.697350755271586964e-01,7.704385444684898054e-01,7.710550202420708432e-01,7.715928334618499251e-01,7.720543262309722543e-01,7.724414877523054779e-01,7.727559893074431585e-01,7.729991932152094902e-01,7.731721565850394606e-01,7.732756333386239245e-01,7.733100753991520859e-01,7.732756333386230363e-01,7.731721565850383504e-01,7.729991932152093792e-01,7.727559893074403830e-01,7.724414877523051448e-01,7.720543262309716992e-01,7.715928334618494810e-01,7.710550202420703991e-01,7.704385444684890283e-01,7.697350755271583633e-01,7.689441401379425445e-01,7.680707942185379666e-01,7.671080555697338266e-01,7.660514367358888244e-01,7.648964957330065539e-01,7.636385852903930793e-01,7.622727821699517570e-01,7.607938582164147645e-01,7.591962650809556123e-01,7.574741242981053446e-01,7.556212195847571422e-01,7.536309899159351344e-01,7.514965225386261993e-01,7.492105452892855455e-01,7.467654176040257052e-01,7.441531195299736501e-01,7.413652378880112304e-01,7.383929485028520867e-01,7.352269930967247902e-01,7.318576490185358940e-01,7.282746894238205648e-01,7.244673307953476415e-01,7.204241637543098431e-01,7.161330619025383371e-01,7.115810618995714876e-01,7.067542060661288206e-01,7.016373365159872533e-01,6.962138272733268129e-01,6.904652384538051413e-01,6.843708754649993065e-01,6.779072388572110475e-01,6.710473625508808215e-01,6.637600717419057661e-01,6.560092721196461030e-01,6.477535608338932382e-01,6.389468288647259797e-01,6.295412920472786000e-01,6.194958434838890859e-01,6.087950690358404637e-01,5.974873595434293527e-01,5.857510247190241826e-01,5.739842347044287196e-01,5.628681448368672013e-01,5.532749726988982486e-01,5.458944205282264539e-01,5.407182997115465017e-01,5.368751490285034178e-01,5.330910948543646777e-01,5.283534165796913706e-01,5.222088924559623591e-01,5.146520256900113388e-01,5.058892274252211330e-01
7.719696969696969724e-01,4.962794532529873903e-01,5.058295861837444063e-01,5.144700911481588923e-01,5.220377175949311166e-01,5.285017616327558621e-01,5.341239851271818440e-01,5.395529082171393043e-01,5.456571304706639980e-01,5.530951833227982783e-01,5.619800450478227294e-01,5.719415819719847471e-01,5.824386015951483753e-01,5.930090314510011451e-01,6.033524374978970206e-01,6.133088034969399471e-01,6.228100839312246118e-01,6.318396487813028317e-01,6.404063357358293906e-01,6.485299374726809507e-01,6.562337790045209562e-01,6.635412281212899055e-01,6.704742432396427754e-01,6.770529181364759452e-01,6.832954816291713085e-01,6.892184809301479254e-01,6.948370185495985618e-01,7.001649842095547527e-01,7.052152585651237926e-01,7.099998823424420458e-01,7.145301920269812035e-01,7.188169261873168514e-01,7.228703073019644432e-01,7.267001037709602818e-01,7.303156762298991245e-01,7.337260116225873263e-01,7.369397478548592728e-01,7.399651912946308974e-01,7.428103289153468181e-01,7.454828364974680488e-01,7.479900839967097426e-01,7.503391389481228746e-01,7.525367685934377660e-01,7.545894412913153326e-01,7.565033276989091560e-01,7.582843022157652602e-01,7.599379453065007173e-01,7.614695477001064416e-01,7.628841184831166577e-01,7.641864020086548415e-01,7.653809182941522238e-01,7.664720850234485461e-01,7.674648219076675160e-01,7.683660831197157703e-01,7.691618172371782469e-01,7.698661007880895912e-01,7.704815789239977120e-01,7.710104988909605161e-01,7.714547927358254009e-01,7.718160898417550930e-01,7.720957208857288645e-01,7.722947196254497104e-01,7.724138238876007145e-01,7.724534761550013728e-01,7.724138238876018248e-01,7.722947196254489333e-01,7.720957208857303078e-01,7.718160898417530946e-01,7.714547927358249568e-01,7.710104988909622925e-01,7.704815789239974899e-01,7.698661007880882590e-01,7.691618172371792461e-01,7.683660831197144381e-01,7.674648219076672939e-01,7.664720850234503224e-01,7.653809182941513356e-01,7.641864020086552856e-01,7.628841184831154365e-01,7.614695477001088841e-01,7.599379453065019385e-01,7.582843022157660373e-01,7.565033276989074906e-01,7.545894412913153326e-01,7.525367685934382100e-01,7.503391389481223195e-01,7.479900839967098536e-01,7.454828364974672716e-01,7.428103289153471511e-01,7.399651912946302312e-01,7.369397478548609381e-01,7.337260116225868822e-01,7.303156762298991245e-01,7.267001037709611699e-01,7.228703073019632219e-01,7.188169261873172955e-01,7.145301920269817586e-01,7.099998823424416017e-01,7.052152585651236816e-01,7.001649842095543086e-01,6.948370185495984508e-01,6.892184809301480364e-01,6.832954816291717526e-01,6.770529181364761673e-01,6.704742432396428864e-01,6.635412281212884622e-01,6.562337790045231767e-01,6.485299374726820609e-01,6.404063357358297237e-01,6.318396487813037199e-01,6.228100839312218362e-01,6.133088034969413904e-01,6.033524374978990190e-01,5.930090314510020333e-01,5.824386015951472650e-01,5.719415819719829708e-01,5.619800450478226184e-01,5.530951833227991665e-01,5.456571304706637759e-01,5.395529082171418578e-01,5.341239851271805117e-01,5.285017616327565282e-01,5.220377175949327819e-01,5.144700911481604466e-01,5.058295861837446283e-01,4.962794532529874458e-01
7.757575757575757569e-01,4.866958177584214118e-01,4.967290778919095096e-01,5.059786305430931108e-01,5.142674247691797484e-01,5.215101796262354705e-01,5.278614321580705759e-01,5.338298553208725705e-01,5.401690683859373676e-01,5.475037042161878809e-01,5.560056718644771356e-01,5.654211285471445469e-01,5.753289305175911528e-01,5.853537409654685497e-01,5.952406652732887826e-01,6.048440949302450464e-01,6.140926728276926427e-01,6.229586642631209648e-01,6.314376702939751285e-01,6.395367904154252159e-01,6.472682066514572341e-01,6.546458947553334129e-01,6.616840366336749213e-01,6.683963217145472147e-01,6.747956952657435670e-01,6.808943200106006843e-01,6.867036305037966804e-01,6.922344198928455095e-01,6.974969301879917483e-01,7.025009334129802552e-01,7.072557991788634979e-01,7.117705481542490054e-01,7.160538926723025721e-01,7.201142663608165462e-01,7.239598447881242516e-01,7.275985589770653794e-01,7.310381034029456160e-01,7.342859398345052968e-01,7.373492981345616260e-01,7.402351749243839540e-01,7.429503308378065940e-01,7.455012869489003879e-01,7.478943208514773344e-01,7.501354628036001060e-01,7.522304923380409569e-01,7.541849358121033298e-01,7.560040656090645239e-01,7.576929023301234301e-01,7.592562229983587097e-01,7.606985834119580625e-01,7.620243821123915406e-01,7.632381006232691334e-01,7.643466266155291011e-01,7.653451233973951329e-01,7.662342898123353230e-01,7.670225017591932870e-01,7.677122350771379278e-01,7.683056506644857508e-01,7.688046159385287792e-01,7.692107093127924511e-01,7.695252215727065304e-01,7.697491563984154572e-01,7.698832305966581968e-01,7.699278742148891741e-01,7.698832305966590850e-01,7.697491563984149021e-01,7.695252215727056422e-01,7.692107093127905637e-01,7.688046159385268918e-01,7.683056506644838635e-01,7.677122350771387049e-01,7.670225017591923988e-01,7.662342898123375434e-01,7.653451233973923573e-01,7.643466266155304334e-01,7.632381006232703546e-01,7.620243821123910966e-01,7.606985834119588397e-01,7.592562229983585986e-01,7.576929023301224309e-01,7.560040656090646349e-01,7.541849358121042179e-01,7.522304923380411790e-01,7.501354628035999950e-01,7.478943208514786667e-01,7.455012869489010541e-01,7.429503308378073712e-01,7.402351749243849532e-01,7.373492981345611819e-01,7.342859398345035205e-01,7.310381034029452829e-01,7.275985589770634920e-01,7.239598447881243626e-01,7.201142663608172123e-01,7.160538926723026831e-01,7.117705481542506707e-01,7.072557991788620546e-01,7.025009334129799221e-01,6.974969301879945238e-01,6.922344198928453984e-01,6.867036305037977906e-01,6.808943200106009064e-01,6.747956952657433449e-01,6.683963217145483249e-01,6.616840366336756984e-01,6.546458947553324137e-01,6.472682066514567900e-01,6.395367904154254379e-01,6.314376702939770158e-01,6.229586642631185223e-01,6.140926728276907554e-01,6.048440949302471559e-01,5.952406652732880055e-01,5.853537409654683277e-01,5.753289305175898205e-01,5.654211285471459902e-01,5.560056718644771356e-01,5.475037042161868817e-01,5.401690683859368125e-01,5.338298553208724595e-01,5.278614321580701318e-01,5.215101796262362477e-01,5.142674247691817468e-01,5.059786305430925557e-01,4.967290778919097871e-01,4.866958177584214673e-01
7.795454545454545414e-01,4.779631307729172440e-01,4.884192224890421818e-01,4.981257684698515154e-01,5.068364782550701664e-01,5.143664717305550527e-01,5.207826503143773156e-01,5.265862947764963220e-01,5.326164592578038759e-01,5.395947654051966857e-01,5.477372942324937322e-01,5.568016883323566590e-01,5.663796171452116779e-01,5.761133264377632512e-01,5.857616559175171655e-01,5.951849774031973128e-01,6.043113780502705756e-01,6.131087228707978731e-01,6.215665757493885613e-01,6.296857014296021182e-01,6.374723167090121656e-01,6.449350637511720441e-01,6.520834737247284130e-01,6.589272235223437857e-01,6.654758044513549020e-01,6.717383986225459180e-01,6.777238551105612130e-01,6.834407097757665417e-01,6.888972202913697940e-01,6.941014025778136087e-01,6.990610625057467331e-01,7.037838206834815535e-01,7.082771301069098469e-01,7.125482873162011233e-01,7.166044380686976689e-01,7.204525786007056620e-01,7.240995534872839423e-01,7.275520509909567668e-01,7.308165966576616324e-01,7.338995457915115095e-01,7.368070753295369313e-01,7.395451755493133161e-01,7.421196419820236256e-01,7.445360678806133281e-01,7.467998376291122842e-01,7.489161216257096410e-01,7.508898735608628972e-01,7.527258320119393220e-01,7.544285310888761975e-01,7.560023342279814651e-01,7.574515465552877913e-01,7.587809809318548648e-01,7.599975432362439109e-01,7.610874675393801692e-01,7.620647840846282994e-01,7.629321801889672461e-01,7.636920079861098110e-01,7.643463373753026646e-01,7.648969621002824626e-01,7.653454006595745707e-01,7.656928961576846548e-01,7.659404159396805412e-01,7.660886512383072722e-01,7.661380169038549681e-01,7.660886512383062730e-01,7.659404159396807632e-01,7.656928961576848769e-01,7.653454006595729053e-01,7.648969621002804642e-01,7.643463373753042189e-01,7.636920079861094779e-01,7.629321801889674681e-01,7.620647840846275223e-01,7.610874675393779487e-01,7.599975432362432448e-01,7.587809809318563081e-01,7.574515465552885685e-01,7.560023342279800218e-01,7.544285310888788620e-01,7.527258320119381008e-01,7.508898735608631192e-01,7.489161216257106402e-01,7.467998376291097307e-01,7.445360678806159926e-01,7.421196419820237367e-01,7.395451755493135382e-01,7.368070753295364872e-01,7.338995457915123977e-01,7.308165966576607442e-01,7.275520509909564337e-01,7.240995534872843864e-01,7.204525786007061061e-01,7.166044380686973359e-01,7.125482873162003461e-01,7.082771301069094028e-01,7.037838206834813315e-01,6.990610625057479544e-01,6.941014025778130536e-01,6.888972202913715703e-01,6.834407097757664307e-01,6.777238551105616571e-01,6.717383986225440307e-01,6.654758044513562343e-01,6.589272235223431196e-01,6.520834737247278579e-01,6.449350637511728213e-01,6.374723167090129428e-01,6.296857014296015631e-01,6.215665757493893384e-01,6.131087228707980952e-01,6.043113780502699095e-01,5.951849774031962026e-01,5.857616559175172766e-01,5.761133264377628072e-01,5.663796171452122330e-01,5.568016883323561039e-01,5.477372942324933991e-01,5.395947654051990172e-01,5.326164592578044310e-01,5.265862947764972102e-01,5.207826503143775376e-01,5.143664717305572731e-01,5.068364782550689451e-01,4.981257684698518484e-01,4.884192224890416822e-01,4.779631307729164669e-01
7.833333333333333259e-01,4.713588585622358607e-01,4.823965980345195637e-01,4.925817861217632876e-01,5.014006858977702041e-01,5.083551354297569658e-01,5.135225271562290361e-01,5.180822823253988796e-01,5.235603064402237772e-01,5.304983007327702671e-01,5.386418417154750227e-01,5.476116230854508604e-01,5.570451748614210219e-01,5.666335441905455683e-01,5.761597509841469567e-01,5.854938053796679975e-01,5.945663795724070999e-01,6.033444602802451318e-01,6.118150858106606860e-01,6.199758331818436830e-01,6.278295980879480265e-01,6.353818321563988736e-01,6.426391206357265906e-01,6.496084729642296329e-01,6.562969856617538733e-01,6.627116956970872108e-01,6.688595281412074156e-01,6.747472877166558192e-01,6.803816682624906909e-01,6.857692671137833873e-01,6.909165982619300816e-01,6.958301017621616458e-01,7.005161486706424911e-01,7.049810416919902734e-01,7.092310121428480052e-01,7.132722139187116506e-01,7.171107151841454863e-01,7.207524884401547149e-01,7.242033995407168856e-01,7.274691961471716484e-01,7.305554960349087690e-01,7.334677756101659618e-01,7.362113589643063394e-01,7.387914078040075383e-01,7.412129126816956459e-01,7.434806861907984343e-01,7.455993593970162703e-01,7.475733843822721658e-01,7.494070506160094292e-01,7.511045409634518055e-01,7.526701518027002491e-01,7.541103091779358669e-01,7.554212295324969073e-01,7.566026870130954096e-01,7.576632792428166230e-01,7.586055120915241590e-01,7.594316194737754655e-01,7.601435745507877373e-01,7.607430903506587905e-01,7.612316188112979720e-01,7.616103496247207394e-01,7.618802092043058805e-01,7.620418598625665618e-01,7.620956992220104809e-01,7.620418598625655626e-01,7.618802092043052143e-01,7.616103496247199622e-01,7.612316188112974169e-01,7.607430903506594566e-01,7.601435745507878483e-01,7.594316194737744663e-01,7.586055120915239369e-01,7.576632792428161789e-01,7.566026870130957427e-01,7.554212295324971294e-01,7.541103091779354228e-01,7.526701518027001381e-01,7.511045409634489189e-01,7.494070506160076528e-01,7.475733843822736091e-01,7.455993593970146049e-01,7.434806861907996556e-01,7.412129126816949798e-01,7.387914078040090926e-01,7.362113589643061173e-01,7.334677756101655177e-01,7.305554960349076588e-01,7.274691961471727586e-01,7.242033995407164415e-01,7.207524884401549370e-01,7.171107151841475957e-01,7.132722139187117616e-01,7.092310121428480052e-01,7.049810416919897182e-01,7.005161486706428242e-01,6.958301017621620899e-01,6.909165982619311919e-01,6.857692671137818330e-01,6.803816682624908019e-01,6.747472877166552641e-01,6.688595281412061944e-01,6.627116956970866557e-01,6.562969856617538733e-01,6.496084729642308542e-01,6.426391206357251473e-01,6.353818321564014271e-01,6.278295980879482485e-01,6.199758331818424617e-01,6.118150858106596868e-01,6.033444602802449097e-01,5.945663795724061007e-01,5.854938053796667763e-01,5.761597509841471787e-01,5.666335441905453463e-01,5.570451748614207999e-01,5.476116230854523037e-01,5.386418417154763549e-01,5.304983007327682687e-01,5.235603064402252205e-01,5.180822823253981024e-01,5.135225271562302574e-01,5.083551354297569658e-01,5.014006858977684278e-01,4.925817861217636762e-01,4.823965980345187865e-01,4.713588585622351945e-01
7.871212121212121104e-01,4.676083269677108190e-01,4.792273960588235293e-01,4.880040856645478931e-01,4.887333860728090285e-01,4.732393055669844584e-01,4.499174111620444783e-01,4.491541703186301415e-01,4.711129590474194551e-01,5.001241857384572942e-01,5.226456166354863653e-01,5.364549576744890302e-01,5.469652066119955469e-01,5.567220162514049386e-01,5.662337686719608465e-01,5.755297382223905078e-01,5.845767451129659786e-01,5.933502373800509933e-01,6.018385759735503937e-01,6.100384653320989337e-01,6.179511676927179620e-01,6.255802553932345855e-01,6.329304048994438547e-01,6.400067834021760937e-01,6.468147518566094156e-01,6.533597310226689769e-01,6.596471484209094349e-01,6.656824231533213787e-01,6.714709664282207946e-01,6.770181867091827899e-01,6.823294942474765756e-01,6.874103028023255124e-01,6.922660279067108791e-01,6.969020818051400168e-01,7.013238655114037989e-01,7.055367585483838244e-01,7.095461069975399493e-01,7.133572103674856724e-01,7.169753077738832969e-01,7.204055638490626245e-01,7.236530547447674877e-01,7.267227545549119760e-01,7.296195224779233879e-01,7.323480910826589696e-01,7.349130561873291612e-01,7.373188692316183790e-01,7.395698339644564134e-01,7.416701118951495308e-01,7.436237496075740472e-01,7.454347786377274465e-01,7.471077195908826241e-01,7.486495608927803413e-01,7.500464682956962115e-01,7.513122996043711810e-01,7.524496854381319544e-01,7.534609802834415504e-01,7.543482952497445604e-01,7.551134991382603134e-01,7.557582166483057806e-01,7.562838262970054126e-01,7.566914585432089613e-01,7.569819942336997176e-01,7.571560633982203914e-01,7.572140443944875843e-01,7.571560633982209465e-01,7.569819942337000507e-01,7.566914585432091833e-01,7.562838262970055236e-01,7.557582166483056696e-01,7.551134991382620898e-01,7.543482952497453375e-01,7.534609802834419945e-01,7.524496854381330646e-01,7.513122996043706259e-01,7.500464682956951012e-01,7.486495608927807854e-01,7.471077195908842894e-01,7.454347786377254481e-01,7.436237496075729370e-01,7.416701118951479765e-01,7.395698339644568575e-01,7.373188692316183790e-01,7.349130561873296053e-01,7.323480910826603019e-01,7.296195224779232769e-01,7.267227545549121981e-01,7.236530547447675987e-01,7.204055638490618474e-01,7.169753077738830749e-01,7.133572103674834519e-01,7.095461069975388391e-01,7.055367585483833803e-01,7.013238655114061304e-01,6.969020818051401278e-01,6.922660279067108791e-01,6.874103028023277329e-01,6.823294942474765756e-01,6.770181867091829009e-01,6.714709664282199064e-01,6.656824231533210456e-01,6.596471484209099900e-01,6.533597310226684218e-01,6.468147518566108589e-01,6.400067834021750945e-01,6.329304048994442988e-01,6.255802553932343635e-01,6.179511676927178510e-01,6.100384653320994888e-01,6.018385759735502827e-01,5.933502373800517704e-01,5.845767451129680881e-01,5.755297382223909519e-01,5.662337686719602914e-01,5.567220162514051607e-01,5.469652066119942146e-01,5.364549576744905846e-01,5.226456166354858102e-01,5.001241857384551848e-01,4.711129590474008033e-01,4.491541703186271439e-01,4.499174111620182215e-01,4.732393055669781301e-01,4.887333860728071966e-01,4.880040856645494474e-01,4.792273960588281922e-01,4.676083269677100973e-01
7.909090909090908950e-01,4.660953229562389555e-01,4.625054511898188947e-01,3.990076981108653942e-01,3.579420742681578282e-01,3.967079823006946504e-01,4.311883851382163346e-01,4.555223571991310338e-01,4.739548651947377289e-01,4.888383812658814165e-01,5.014057233564889193e-01,5.144240168038666239e-01,5.324254568977727642e-01,5.458097533736058216e-01,5.558933540730247591e-01,5.652550861387853898e-01,5.742986068480441242e-01,5.830689475711476888e-01,5.915676878976351416e-01,5.997940693917079846e-01,6.077492669486145305e-01,6.154359454948438168e-01,6.228575830676378322e-01,6.300180559582054807e-01,6.369214290615990981e-01,6.435718625666139170e-01,6.499735772038164328e-01,6.561308460482641047e-01,6.620479963062199102e-01,6.677294129641272447e-01,6.731795406339425858e-01,6.784028822188703511e-01,6.834039941619808323e-01,6.881874785732187139e-01,6.927579727482706673e-01,6.971201366623477336e-01,7.012786389885190541e-01,7.052381421218060220e-01,7.090032867119165916e-01,7.125786760488540539e-01,7.159688606596477101e-01,7.191783234391774249e-01,7.222114656520775000e-01,7.250725942255613621e-01,7.277659109783084501e-01,7.302955049933926857e-01,7.326653508224336697e-01,7.348793196232134006e-01,7.369412266155551672e-01,7.388550247651572978e-01,7.406264389598997688e-01,7.422531987114229235e-01,7.437333699296916345e-01,7.450758420835666973e-01,7.462830457869797929e-01,7.473571852684433026e-01,7.483002425660552070e-01,7.491139750778805784e-01,7.497999124982600572e-01,7.503593539882408292e-01,7.507933657579470843e-01,7.511027790980718821e-01,7.512881888616154136e-01,7.513499523880530218e-01,7.512881888616173010e-01,7.511027790980712160e-01,7.507933657579476394e-01,7.503593539882407182e-01,7.497999124982601682e-01,7.491139750778813555e-01,7.483002425660545409e-01,7.473571852684437467e-01,7.462830457869790157e-01,7.450758420835662532e-01,7.437333699296911904e-01,7.422531987114235896e-01,7.406264389598986586e-01,7.388550247651590741e-01,7.369412266155559443e-01,7.348793196232141778e-01,7.326653508224346689e-01,7.302955049933926857e-01,7.277659109783084501e-01,7.250725942255603629e-01,7.222114656520770559e-01,7.191783234391754265e-01,7.159688606596469329e-01,7.125786760488544980e-01,7.090032867119170357e-01,7.052381421218062441e-01,7.012786389885182770e-01,6.971201366623470674e-01,6.927579727482708893e-01,6.881874785732188249e-01,6.834039941619808323e-01,6.784028822188704622e-01,6.731795406339420307e-01,6.677294129641277998e-01,6.620479963062197992e-01,6.561308460482644378e-01,6.499735772038159887e-01,6.435718625666134729e-01,6.369214290616008745e-01,6.300180559582053696e-01,6.228575830676378322e-01,6.154359454948443720e-01,6.077492669486153076e-01,5.997940693917085397e-01,5.915676878976353636e-01,5.830689475711474667e-01,5.742986068480446793e-01,5.652550861387867220e-01,5.558933540730247591e-01,5.458097533736044893e-01,5.324254568977730973e-01,5.144240168038668459e-01,5.014057233564901406e-01,4.888383812658834704e-01,4.739548651947420588e-01,4.555223571991328102e-01,4.311883851382167787e-01,3.967079823006993133e-01,3.579420742681604928e-01,3.990076981108691689e-01,4.625054511898282761e-01,4.660953229562401767e-01
7.946969696969696795e-01,3.835122707485341120e-01,3.292911845771591128e-01,3.713161167694669640e-01,4.056555682170527311e-01,4.296560145336111303e-01,4.482329476153254499e-01,4.638330636551491470e-01,4.776265893673257712e-01,4.902108381204780541e-01,5.019040873291017446e-01,5.128664984454767151e-01,5.231614000343663973e-01,5.331954302966926962e-01,5.444892145195578959e-01,5.545421585016573340e-01,5.636562135144711494e-01,5.724210694007055844e-01,5.809146998452383581e-01,5.891475604724168980e-01,5.971226565522602669e-01,6.048425385886957439e-01,6.123099860905033553e-01,6.195279576650276621e-01,6.264995189828866939e-01,6.332278128920821869e-01,6.397160562023965769e-01,6.459675471721398887e-01,6.519856746523071678e-01,6.577739246876582735e-01,6.633358830337992007e-01,6.686752333731089681e-01,6.737957516149888360e-01,6.787012969001895435e-01,6.833957999821138607e-01,6.878832496275510966e-01,6.921676776139555898e-01,6.962531428385201338e-01,7.001437149709782704e-01,7.038434579969364835e-01,7.073564140669892364e-01,7.106865879309044454e-01,7.138379323464999482e-01,7.168143349693928412e-01,7.196196075672621761e-01,7.222574792588908332e-01,7.247315978457652408e-01,7.270455510073967620e-01,7.292029519067181331e-01,7.312078673014932306e-01,7.330674300614441474e-01,7.347674913781470085e-01,7.363215706328795074e-01,7.377321419007510928e-01,7.390014564114280038e-01,7.401315646374453383e-01,7.411243139355463416e-01,7.419813445663149265e-01,7.427040858686534408e-01,7.432937528993448506e-01,7.437513436010246837e-01,7.440776365046303242e-01,7.442731889579098370e-01,7.443383358692617913e-01,7.442731889579112803e-01,7.440776365046315455e-01,7.437513436010242396e-01,7.432937528993446286e-01,7.427040858686542180e-01,7.419813445663162588e-01,7.411243139355463416e-01,7.401315646374468926e-01,7.390014564114287809e-01,7.377321419007505376e-01,7.363215706328787302e-01,7.347674913781454542e-01,7.330674300614467009e-01,7.312078673014945629e-01,7.292029519067176890e-01,7.270455510073965399e-01,7.247315978457641306e-01,7.222574792588895010e-01,7.196196075672610659e-01,7.168143349693943955e-01,7.138379323465010584e-01,7.106865879309053335e-01,7.073564140669893474e-01,7.038434579969364835e-01,7.001437149709790475e-01,6.962531428385195786e-01,6.921676776139565890e-01,6.878832496275505415e-01,6.833957999821128615e-01,6.787012969001893214e-01,6.737957516149879478e-01,6.686752333731089681e-01,6.633358830337995338e-01,6.577739246876571633e-01,6.519856746523082780e-01,6.459675471721388895e-01,6.397160562023974650e-01,6.332278128920817428e-01,6.264995189828868050e-01,6.195279576650277731e-01,6.123099860905029113e-01,6.048425385886961880e-01,5.971226565522614882e-01,5.891475604724153436e-01,5.809146998452393573e-01,5.724210694007061395e-01,5.636562135144699281e-01,5.545421585016567789e-01,5.444892145195572297e-01,5.331954302966929182e-01,5.231614000343632886e-01,5.128664984454770481e-01,5.019040873291013005e-01,4.902108381204808296e-01,4.776265893673245500e-01,4.638330636551487585e-01,4.482329476153298353e-01,4.296560145336116854e-01,4.056555682170521759e-01,3.713161167694687403e-01,3.292911845771545054e-01,3.835122707485116855e-01
7.984848484848485750e-01,3.352142698165879175e-01,3.713403412130818482e-01,3.968143631397502702e-01,4.162669910754056568e-01,4.324664711471859491e-01,4.467462324199580892e-01,4.597861567031159002e-01,4.719591586451801213e-01,4.834828883962820623e-01,4.944906842608473019e-01,5.050670727603675525e-01,5.152663850968076664e-01,5.251226399784261201e-01,5.346599320786996623e-01,5.439821957126399488e-01,5.531447723484732570e-01,5.618993152777272959e-01,5.703703759980944810e-01,5.785911206378462346e-01,5.865665808678521831e-01,5.942992123243708846e-01,6.017912411281851615e-01,6.090448752089644424e-01,6.160623378408285333e-01,6.228458961952274553e-01,6.293978906434717357e-01,6.357207595664556843e-01,6.418170572010989394e-01,6.476894642296072702e-01,6.533407918041406193e-01,6.587739800289091896e-01,6.639920919536841382e-01,6.689983040458604702e-01,6.737958939845756223e-01,6.783882264947811436e-01,6.827787378258983741e-01,6.869709193835865646e-01,6.909683009450947599e-01,6.947744338454330260e-01,6.983928744759340113e-01,7.018271684074588457e-01,7.050808356482101136e-01,7.081573575969224432e-01,7.110601668416772769e-01,7.137926422548460659e-01,7.163581157285300316e-01,7.187599109981294143e-01,7.210015074849248640e-01,7.230877969821011275e-01,7.250181580002311721e-01,7.267885607732831321e-01,7.284081275021991875e-01,7.298791149507563025e-01,7.312035987723558561e-01,7.323834742090525873e-01,7.334204515296411930e-01,7.343160512571366150e-01,7.350715998440096044e-01,7.356882259238528565e-01,7.361668571613774192e-01,7.365082176962748362e-01,7.367128261701463288e-01,7.367809943257548344e-01,7.367128261701451075e-01,7.365082176962752802e-01,7.361668571613761980e-01,7.356882259238533006e-01,7.350715998440116028e-01,7.343160512571355047e-01,7.334204515296427473e-01,7.323834742090533645e-01,7.312035987723546349e-01,7.298791149507568576e-01,7.284081275022000757e-01,7.267885607732832431e-01,7.250181580002306170e-01,7.230877969821015716e-01,7.210015074849248640e-01,7.187599109981291923e-01,7.163581157285311418e-01,7.137926422548472871e-01,7.110601668416769439e-01,7.081573575969223322e-01,7.050808356482107797e-01,7.018271684074594008e-01,6.983928744759339002e-01,6.947744338454338031e-01,6.909683009450959812e-01,6.869709193835868977e-01,6.827787378258993733e-01,6.783882264947808105e-01,6.737958939845770656e-01,6.689983040458600261e-01,6.639920919536831390e-01,6.587739800289088565e-01,6.533407918041405082e-01,6.476894642296067151e-01,6.418170572010981623e-01,6.357207595664567945e-01,6.293978906434728460e-01,6.228458961952282325e-01,6.160623378408290884e-01,6.090448752089648865e-01,6.017912411281849394e-01,5.942992123243714397e-01,5.865665808678528492e-01,5.785911206378480109e-01,5.703703759980938148e-01,5.618993152777294053e-01,5.531447723484719248e-01,5.439821957126396157e-01,5.346599320786996623e-01,5.251226399784275634e-01,5.152663850968073334e-01,5.050670727603684407e-01,4.944906842608483566e-01,4.834828883962820623e-01,4.719591586451812870e-01,4.597861567031154006e-01,4.467462324199583668e-01,4.324664711471860046e-01,4.162669910754055458e-01,3.968143631397508253e-01,3.713403412130855119e-01,3.352142698165878065e-01
8.022727272727272485e-01,3.618008413888555430e-01,3.828559758962578607e-01,4.000194744804371205e-01,4.149419770580274891e-01,4.284619126100170372e-01,4.410319536027842990e-01,4.529122582188429003e-01,4.642603215901182079e-01,4.751754897486000773e-01,4.857224484839857137e-01,4.959443264394405304e-01,5.058703484975317632e-01,5.155204377638410440e-01,5.249078801060619304e-01,5.340400943697400926e-01,5.429168344650030509e-01,5.515634386580792192e-01,5.600060637612311876e-01,5.682002640724383991e-01,5.761568044140690237e-01,5.838816508057339538e-01,5.913773539956465042e-01,5.986455880643851701e-01,6.056877984374428037e-01,6.125054142194148454e-01,6.190999397388804448e-01,6.254730011586352445e-01,6.316263712338714420e-01,6.375619811370496492e-01,6.432819236514659700e-01,6.487884502228120631e-01,6.540839635099436888e-01,6.591710066133885659e-01,6.640522498749859004e-01,6.687304759501321305e-01,6.732085637179014981e-01,6.774894714953337838e-01,6.815762199517392261e-01,6.854718750746747746e-01,6.891795315242700282e-01,6.927022967606141224e-01,6.960432764224340207e-01,6.992055617064346640e-01,7.021922203861481471e-01,7.050062950167860221e-01,7.076508186041109427e-01,7.101288854805121176e-01,7.124440000524373540e-01,7.146034414203842333e-01,7.165926335535179881e-01,7.184245789242444946e-01,7.201015194058054680e-01,7.216255150932570084e-01,7.229984681344759911e-01,7.242221187386401748e-01,7.252980396742166880e-01,7.262276310320651129e-01,7.270121155584724493e-01,7.276525346222940671e-01,7.281497448243222648e-01,7.285044152421905617e-01,7.287170253006899356e-01,7.287878632580317984e-01,7.287170253006903797e-01,7.285044152421901176e-01,7.281497448243205994e-01,7.276525346222950663e-01,7.270121155584745587e-01,7.262276310320661121e-01,7.252980396742170210e-01,7.242221187386401748e-01,7.229984681344763242e-01,7.216255150932582296e-01,7.201015194058060231e-01,7.184245789242433844e-01,7.165926335535183211e-01,7.146034414203831231e-01,7.124440000524373540e-01,7.101288854805122286e-01,7.076508186041116089e-01,7.050062950167865772e-01,7.021922203861465928e-01,6.992055617064352191e-01,6.960432764224343538e-01,6.927022967606152326e-01,6.891795315242703612e-01,6.854718750746748857e-01,6.815762199517387820e-01,6.774894714953342278e-01,6.732085637178999438e-01,6.687304759501319085e-01,6.640522498749859004e-01,6.591710066133883439e-01,6.540839635099440219e-01,6.487884502228136174e-01,6.432819236514649708e-01,6.375619811370492052e-01,6.316263712338716640e-01,6.254730011586335792e-01,6.190999397388798897e-01,6.125054142194161777e-01,6.056877984374434698e-01,5.986455880643855032e-01,5.913773539956457270e-01,5.838816508057350640e-01,5.761568044140690237e-01,5.682002640724408415e-01,5.600060637612312986e-01,5.515634386580802184e-01,5.429168344650039391e-01,5.340400943697417580e-01,5.249078801060613753e-01,5.155204377638438196e-01,5.058703484975308751e-01,4.959443264394415851e-01,4.857224484839866574e-01,4.751754897486000773e-01,4.642603215901191516e-01,4.529122582188419566e-01,4.410319536027843546e-01,4.284619126100181474e-01,4.149419770580256017e-01,4.000194744804368430e-01,3.828559758962557513e-01,3.618008413888591512e-01
8.060606060606061440e-01,3.672700346455860521e-01,3.830266691290808989e-01,3.971110939522027872e-01,4.101013289143508600e-01,4.223241966621563703e-01,4.339743426896512934e-01,4.451727645158882196e-01,4.559972139915888234e-01,4.664988755650922303e-01,4.767119666486091534e-01,4.866594808683821771e-01,4.963566968907585086e-01,5.058132582466005056e-01,5.150340929388999012e-01,5.240187621052611044e-01,5.327571579689516224e-01,5.412191060099298401e-01,5.494764256583425377e-01,5.578893989973358059e-01,5.659160314449843687e-01,5.736314060059315434e-01,5.811135608986631729e-01,5.883765122347008880e-01,5.954232905585276070e-01,6.022549306814732883e-01,6.088721594879327181e-01,6.152757832939553806e-01,6.214667881006062933e-01,6.274463638802297849e-01,6.332159051787051851e-01,6.387770028847303827e-01,6.441314319558638646e-01,6.492811369006113997e-01,6.542282158495286160e-01,6.589749037084917660e-01,6.635235547539957146e-01,6.678766249711663994e-01,6.720366544080659255e-01,6.760062498155784416e-01,6.797880678668061227e-01,6.833847993271097154e-01,6.867991547320202450e-01,6.900338526023069852e-01,6.930916123357016012e-01,6.959751572520503915e-01,6.986872451964174502e-01,7.012308022841898802e-01,7.036098530740528822e-01,7.058253359904056445e-01,7.078710605173117454e-01,7.097562533378488636e-01,7.114829249084750895e-01,7.130529454019597368e-01,7.144680460908957587e-01,7.157298137637442270e-01,7.168396847496368851e-01,7.177989393916743843e-01,7.186086971447496197e-01,7.192699123384468374e-01,7.197833706098277773e-01,7.201496860003564482e-01,7.203692987087504385e-01,7.204424734920454876e-01,7.203692987087511046e-01,7.201496860003557821e-01,7.197833706098276663e-01,7.192699123384465043e-01,7.186086971447489535e-01,7.177989393916746064e-01,7.168396847496368851e-01,7.157298137637436719e-01,7.144680460908956476e-01,7.130529454019600699e-01,7.114829249084729801e-01,7.097562533378493077e-01,7.078710605173127446e-01,7.058253359904050894e-01,7.036098530740529933e-01,7.012308022841915456e-01,6.986872451964180053e-01,6.959751572520509466e-01,6.930916123357016012e-01,6.900338526023098717e-01,6.867991547320191348e-01,6.833847993271096044e-01,6.797880678668065668e-01,6.760062498155785526e-01,6.720366544080667026e-01,6.678766249711657332e-01,6.635235547539956036e-01,6.589749037084923211e-01,6.542282158495275057e-01,6.492811369006113997e-01,6.441314319558646417e-01,6.387770028847307158e-01,6.332159051787052961e-01,6.274463638802302290e-01,6.214667881006074035e-01,6.152757832939548255e-01,6.088721594879330512e-01,6.022549306814727332e-01,5.954232905585278290e-01,5.883765122347016652e-01,5.811135608986631729e-01,5.736314060059330977e-01,5.659160314449834805e-01,5.578893989973342515e-01,5.494764256583415385e-01,5.412191060099325046e-01,5.327571579689532877e-01,5.240187621052621036e-01,5.150340929389014555e-01,5.058132582466009497e-01,4.963566968907603960e-01,4.866594808683825657e-01,4.767119666486106522e-01,4.664988755650923968e-01,4.559972139915907108e-01,4.451727645158889413e-01,4.339743426896519596e-01,4.223241966621562593e-01,4.101013289143513596e-01,3.971110939522023986e-01,3.830266691290830083e-01,3.672700346455872733e-01
8.098484848484848175e-01,3.660520389523235774e-01,3.795113612664534064e-01,3.920831318526483700e-01,4.040157729685254773e-01,4.154615561806120905e-01,4.265171596549137134e-01,4.372456211350875810e-01,4.476887946036357535e-01,4.578747280346777693e-01,4.678221938568196125e-01,4.775435440531762832e-01,4.870465181552015022e-01,4.963353237675608987e-01,5.054110818485549883e-01,5.142714345887280381e-01,5.229084273892810053e-01,5.313017031434714710e-01,5.394002508598015888e-01,5.471823666230326566e-01,5.554624588913753547e-01,5.635607171027207096e-01,5.710862322223624332e-01,5.783373536499478718e-01,5.853714887651135790e-01,5.921982448237839147e-01,5.988192763640467486e-01,6.052348663936925055e-01,6.114452257287121828e-01,6.174507725739156738e-01,6.232521820552655578e-01,6.288503795700465249e-01,6.342465207271675842e-01,6.394419688900214727e-01,6.444382730336334353e-01,6.492371464318108520e-01,6.538404461681520674e-01,6.582501534023620371e-01,6.624683543773677297e-01,6.664972222350359354e-01,6.703389998116002779e-01,6.739959837412358157e-01,6.774705104973968162e-01,6.807649456823892109e-01,6.838816796576729917e-01,6.868231381933890267e-01,6.895918390176863921e-01,6.921906655774490158e-01,6.946269712163095633e-01,6.968858301284778234e-01,6.989794978307732887e-01,7.009099454550248298e-01,7.026789773836068509e-01,7.042882799453071829e-01,7.057394178569359466e-01,7.070338279485175459e-01,7.081728129272297778e-01,7.091575356703390121e-01,7.099890141680538225e-01,7.106681171477911008e-01,7.111955603848225671e-01,7.115719036955545640e-01,7.117975486073772062e-01,7.118727366991262073e-01,7.117975486073768732e-01,7.115719036955535648e-01,7.111955603848217899e-01,7.106681171477904346e-01,7.099890141680529343e-01,7.091575356703390121e-01,7.081728129272280015e-01,7.070338279485172128e-01,7.057394178569371679e-01,7.042882799453069609e-01,7.026789773836074060e-01,7.009099454550233865e-01,6.989794978307718454e-01,6.968858301284780454e-01,6.946269712163098964e-01,6.921906655774487938e-01,6.895918390176876134e-01,6.868231381933896929e-01,6.838816796576723256e-01,6.807649456823900991e-01,6.774705104973970382e-01,6.739959837412345944e-01,6.703389998115990567e-01,6.664972222350368236e-01,6.624683543773670635e-01,6.582501534023635914e-01,6.538404461681514013e-01,6.492371464318109631e-01,6.444382730336332132e-01,6.394419688900194743e-01,6.342465207271681393e-01,6.288503795700457477e-01,6.232521820552652247e-01,6.174507725739161179e-01,6.114452257287128489e-01,6.052348663936917283e-01,5.988192763640476368e-01,5.921982448237850249e-01,5.853714887651124688e-01,5.783373536499478718e-01,5.710862322223617671e-01,5.635607171027209317e-01,5.554624588913733563e-01,5.471823666230302141e-01,5.394002508598020329e-01,5.313017031434713600e-01,5.229084273892808943e-01,5.142714345887277050e-01,5.054110818485569867e-01,4.963353237675613427e-01,4.870465181552027234e-01,4.775435440531758946e-01,4.678221938568192240e-01,4.578747280346767701e-01,4.476887946036378629e-01,4.372456211350856381e-01,4.265171596549151567e-01,4.154615561806128676e-01,4.040157729685254218e-01,3.920831318526474818e-01,3.795113612664531288e-01,3.660520389523247986e-01
8.136363636363637131e-01,3.622597470064625735e-01,3.744694725106967881e-01,3.861369836830645941e-01,3.973849005585144423e-01,4.082924711832806586e-01,4.189119968658090443e-01,4.292784390244450687e-01,4.394152561674371515e-01,4.493380718688205211e-01,4.590570439641943890e-01,4.685784217575955091e-01,4.779055656172513933e-01,4.870395732822311308e-01,4.959795562420220572e-01,5.047224852964842245e-01,5.132622741132327748e-01,5.215870928212147373e-01,5.296718244819277333e-01,5.374573580872966660e-01,5.448497352416173944e-01,5.526034221524087631e-01,5.609643879939383293e-01,5.683929470509110349e-01,5.754299809533329757e-01,5.822388202959943859e-01,5.888457268492287566e-01,5.952548523124787661e-01,6.014664735856539712e-01,6.074803456564912274e-01,6.132963908338553427e-01,6.189148254447184305e-01,6.243361579233999148e-01,6.295611593899436143e-01,6.345908312801286089e-01,6.394263754691296153e-01,6.440691675064063038e-01,6.485207325246995502e-01,6.527827233227430082e-01,6.568569002964574910e-01,6.607451131250716703e-01,6.644492844122386055e-01,6.679713959634100418e-01,6.713134794236108593e-01,6.744776158267623556e-01,6.774659582269509928e-01,6.802808368663234573e-01,6.829254269169976466e-01,6.854020063599838286e-01,6.877024094371979590e-01,6.898357707184872289e-01,6.918038065371441281e-01,6.936081254357205905e-01,6.952502359148265976e-01,6.967315410406935694e-01,6.980533318228200335e-01,6.992167808331480883e-01,7.002229363943439644e-01,7.010727174296896846e-01,7.017669090019413858e-01,7.023061585471318535e-01,7.026909728016146328e-01,7.029217154182105798e-01,7.029986052671577390e-01,7.029217154182094696e-01,7.026909728016150769e-01,7.023061585471321866e-01,7.017669090019404976e-01,7.010727174296886854e-01,7.002229363943439644e-01,6.992167808331462009e-01,6.980533318228201445e-01,6.967315410406957898e-01,6.952502359148250433e-01,6.936081254357191472e-01,6.918038065371436840e-01,6.898357707184860077e-01,6.877024094371975149e-01,6.854020063599842727e-01,6.829254269169985347e-01,6.802808368663231242e-01,6.774659582269507707e-01,6.744776158267614674e-01,6.713134794236107483e-01,6.679713959634102638e-01,6.644492844122393826e-01,6.607451131250733356e-01,6.568569002964552705e-01,6.527827233227448955e-01,6.485207325246987731e-01,6.440691675064051935e-01,6.394263754691290602e-01,6.345908312801292750e-01,6.295611593899440583e-01,6.243361579234001368e-01,6.189148254447175423e-01,6.132963908338563419e-01,6.074803456564903392e-01,6.014664735856554145e-01,5.952548523124784330e-01,5.888457268492293117e-01,5.822388202959916104e-01,5.754299809533335308e-01,5.683929470509121451e-01,5.609643879939379962e-01,5.526034221524100953e-01,5.448497352416166173e-01,5.374573580872972212e-01,5.296718244819275112e-01,5.215870928212152924e-01,5.132622741132335520e-01,5.047224852964836694e-01,4.959795562420225012e-01,4.870395732822294099e-01,4.779055656172505606e-01,4.685784217575953980e-01,4.590570439641952771e-01,4.493380718688214093e-01,4.394152561674347091e-01,4.292784390244431814e-01,4.189119968658097659e-01,4.082924711832804365e-01,3.973849005585139982e-01,3.861369836830643720e-01,3.744694725106961775e-01,3.622597470064619629e-01
8.174242424242423866e-01,3.574408392858780537e-01,3.688587339915962438e-01,3.799116182368803551e-01,3.906656596027576200e-01,4.011649881092087533e-01,4.114392684134938749e-01,4.215084096503120548e-01,4.313855866084273516e-01,4.410792305906084398e-01,4.505943695787171244e-01,4.599335411133017582e-01,4.690974091842905480e-01,4.780851567181839123e-01,4.868946775646345038e-01,4.955225362789750232e-01,5.039635655960429395e-01,5.122097412944436323e-01,5.202473421959807887e-01,5.280494983217486338e-01,5.355559857170218985e-01,5.426455215612456806e-01,5.497414829535300917e-01,5.582293391141947003e-01,5.656964932810163438e-01,5.725463615761114955e-01,5.791360139097418980e-01,5.855246793922015414e-01,5.917218760469002969e-01,5.977285031232006940e-01,6.035440398718339150e-01,6.091679897450730241e-01,6.146001616159567638e-01,6.198406915526610828e-01,6.248900087900161049e-01,6.297487945811295340e-01,6.344179448321416448e-01,6.388985379691217714e-01,6.431918073677008740e-01,6.472991174873260478e-01,6.512219431576228290e-01,6.549618519459377008e-01,6.585204902953976092e-01,6.618995757398629110e-01,6.651009021058301718e-01,6.681263821242683365e-01,6.709782544977445085e-01,6.736625698945185592e-01,6.761680079373072472e-01,6.785021079130427735e-01,6.806677837581347479e-01,6.826665410268091261e-01,6.844998019186250282e-01,6.861689046525970559e-01,6.876750971978015103e-01,6.890195304609503246e-01,6.902032518307135156e-01,6.912271993146594795e-01,6.920921963430505253e-01,6.927989472640627699e-01,6.933480335370099112e-01,6.937399106234940493e-01,6.939749055738726469e-01,6.940532153060494647e-01,6.939749055738728689e-01,6.937399106234937163e-01,6.933480335370090231e-01,6.927989472640618818e-01,6.920921963430509694e-01,6.912271993146579252e-01,6.902032518307147368e-01,6.890195304609498805e-01,6.876750971978023985e-01,6.861689046525975000e-01,6.844998019186275817e-01,6.826665410268081269e-01,6.806677837581341928e-01,6.785021079130424404e-01,6.761680079373064700e-01,6.736625698945186702e-01,6.709782544977457297e-01,6.681263821242682255e-01,6.651009021058318371e-01,6.618995757398639102e-01,6.585204902953979422e-01,6.549618519459368127e-01,6.512219431576222739e-01,6.472991174873267139e-01,6.431918073677016512e-01,6.388985379691207722e-01,6.344179448321408676e-01,6.297487945811304222e-01,6.248900087900167710e-01,6.198406915526601946e-01,6.146001616159575409e-01,6.091679897450728021e-01,6.035440398718320276e-01,5.977285031232008050e-01,5.917218760469011851e-01,5.855246793922016524e-01,5.791360139097430082e-01,5.725463615761114955e-01,5.656964932810162328e-01,5.582293391141951444e-01,5.497414829535318681e-01,5.426455215612477900e-01,5.355559857170228977e-01,5.280494983217495220e-01,5.202473421959804556e-01,5.122097412944427441e-01,5.039635655960434946e-01,4.955225362789742460e-01,4.868946775646340597e-01,4.780851567181856887e-01,4.690974091842905480e-01,4.599335411133024798e-01,4.505943695787174574e-01,4.410792305906068855e-01,4.313855866084293500e-01,4.215084096503120548e-01,4.114392684134939859e-01,4.011649881092105852e-01,3.906656596027568984e-01,3.799116182368794115e-01,3.688587339915935237e-01,3.574408392858804406e-01
8.212121212121212821e-01,3.521688368595021212e-01,3.630263720818157069e-01,3.736203709010321172e-01,3.839885250466833488e-01,3.941563000301030462e-01,4.041407834343782035e-01,4.139532012725959942e-01,4.236006056453752167e-01,4.330870317447219620e-01,4.424143045671640184e-01,4.515826060044665358e-01,4.605908697007535246e-01,4.694370417130066531e-01,4.781182211265803672e-01,4.866306681328695372e-01,4.949696246088834406e-01,5.031288045187624069e-01,5.110991992555307117e-01,5.188662694284921217e-01,5.264029119315659644e-01,5.336508485907351940e-01,5.404847980067242208e-01,5.470483796423487588e-01,5.552982604418105206e-01,5.629401894379645332e-01,5.696386865861037263e-01,5.760163627740164660e-01,5.821883617279733913e-01,5.881734800274179831e-01,5.939740458046353089e-01,5.995894751181766180e-01,6.050189318474176181e-01,6.102618634710306189e-01,6.153180709737984255e-01,6.201876766102967231e-01,6.248710757102612368e-01,6.293688923341240748e-01,6.336819420167689731e-01,6.378112010066450122e-01,6.417577809648546960e-01,6.455229086238933878e-01,6.491079110379525119e-01,6.525142095855654967e-01,6.557433336312857852e-01,6.587969988029629409e-01,6.616775724673911174e-01,6.643883635195618753e-01,6.669196330516999893e-01,6.692801518383015846e-01,6.714713183527545315e-01,6.734944428766782565e-01,6.753507703774932480e-01,6.770414766193466605e-01,6.785676614127688078e-01,6.799303416914814768e-01,6.811304450248506503e-01,6.821688037400500670e-01,6.830461497139355131e-01,6.837631098559515674e-01,6.843202022886817337e-01,6.847178332268060164e-01,6.849562945528253621e-01,6.850357620874737430e-01,6.849562945528250291e-01,6.847178332268054612e-01,6.843202022886809566e-01,6.837631098559510123e-01,6.830461497139360683e-01,6.821688037400507332e-01,6.811304450248499842e-01,6.799303416914803666e-01,6.785676614127676975e-01,6.770414766193462164e-01,6.753507703774932480e-01,6.734944428766774793e-01,6.714713183527539764e-01,6.692801518382998083e-01,6.669196330516984350e-01,6.643883635195626525e-01,6.616775724673906733e-01,6.587969988029631629e-01,6.557433336312861183e-01,6.525142095855660518e-01,6.491079110379532890e-01,6.455229086238940539e-01,6.417577809648544740e-01,6.378112010066464554e-01,6.336819420167706385e-01,6.293688923341248520e-01,6.248710757102623470e-01,6.201876766102965011e-01,6.153180709737965381e-01,6.102618634710298418e-01,6.050189318474180622e-01,5.995894751181755078e-01,5.939740458046340876e-01,5.881734800274185382e-01,5.821883617279727252e-01,5.760163627740167991e-01,5.696386865861038373e-01,5.629401894379649773e-01,5.552982604418116308e-01,5.470483796423504241e-01,5.404847980067246649e-01,5.336508485907363042e-01,5.264029119315657423e-01,5.188662694284923438e-01,5.110991992555315999e-01,5.031288045187626290e-01,4.949696246088842733e-01,4.866306681328709249e-01,4.781182211265788129e-01,4.694370417130064310e-01,4.605908697007545238e-01,4.515826060044680901e-01,4.424143045671639074e-01,4.330870317447228501e-01,4.236006056453743840e-01,4.139532012725976040e-01,4.041407834343763716e-01,3.941563000301031572e-01,3.839885250466827937e-01,3.736203709010318952e-01,3.630263720818155404e-01,3.521688368595016772e-01
8.249999999999999556e-01,3.467086032892696124e-01,3.571365876310766962e-01,3.673639343312687933e-01,3.774127068220631265e-01,3.872977105377478635e-01,3.970286029600166300e-01,4.066113324293920694e-01,4.160491403179778502e-01,4.253432719606494161e-01,4.344934879460748411e-01,4.434984339763495820e-01,4.523559058378786579e-01,4.610630307745935408e-01,4.696163739552979277e-01,4.780119651398811453e-01,4.862452207116196856e-01,4.943106990771977682e-01,5.022015467684738388e-01,5.099082978100298869e-01,5.174161738640328245e-01,5.246985637676605529e-01,5.317002383792126530e-01,5.383011743438688157e-01,5.444858766392675076e-01,5.521963386869681578e-01,5.600757942138550050e-01,5.666653114660678003e-01,5.728391210127139477e-01,5.787959506847694113e-01,5.845686975672768071e-01,5.901620652348148477e-01,5.955756412063935024e-01,6.008083299729373161e-01,6.058592599692524949e-01,6.107279295473841962e-01,6.154141838833833145e-01,6.199181618370385172e-01,6.242402453632360793e-01,6.283810176156123806e-01,6.323412296751094175e-01,6.361217751478206450e-01,6.397236732150564098e-01,6.431480646434515336e-01,6.463962388185350294e-01,6.494697823880215548e-01,6.523720990648885776e-01,6.550992671045878790e-01,6.576504324373367849e-01,6.600305596616313775e-01,6.622408307017921825e-01,6.642823721852726404e-01,6.661562608928389695e-01,6.678635182295618034e-01,6.694051030813590319e-01,6.707819048597816192e-01,6.719947370082678395e-01,6.730443311294357356e-01,6.739313317868119713e-01,6.746562919968908112e-01,6.752196694168748348e-01,6.756218232286954617e-01,6.758630117181136931e-01,6.759433905471254889e-01,6.758630117181131380e-01,6.756218232286964609e-01,6.752196694168740576e-01,6.746562919968904781e-01,6.739313317868118602e-01,6.730443311294360687e-01,6.719947370082695048e-01,6.707819048597807310e-01,6.694051030813592540e-01,6.678635182295622474e-01,6.661562608928386364e-01,6.642823721852721963e-01,6.622408307017924045e-01,6.600305596616319326e-01,6.576504324373361188e-01,6.550992671045867688e-01,6.523720990648868012e-01,6.494697823880211107e-01,6.463962388185354735e-01,6.431480646434517556e-01,6.397236732150557437e-01,6.361217751478209781e-01,6.323412296751095285e-01,6.283810176156124916e-01,6.242402453632369674e-01,6.199181618370387392e-01,6.154141838833825373e-01,6.107279295473838632e-01,6.058592599692536051e-01,6.008083299729380933e-01,5.955756412063942795e-01,5.901620652348141816e-01,5.845686975672768071e-01,5.787959506847694113e-01,5.728391210127143918e-01,5.666653114660680224e-01,5.600757942138544498e-01,5.521963386869678247e-01,5.444858766392652871e-01,5.383011743438688157e-01,5.317002383792123199e-01,5.246985637676603309e-01,5.174161738640334907e-01,5.099082978100275554e-01,5.022015467684740608e-01,4.943106990771993225e-01,4.862452207116215175e-01,4.780119651398802572e-01,4.696163739552979832e-01,4.610630307745922085e-01,4.523559058378773812e-01,4.434984339763496930e-01,4.344934879460750077e-01,4.253432719606477508e-01,4.160491403179775172e-01,4.066113324293926246e-01,3.970286029600156863e-01,3.872977105377473084e-01,3.774127068220623493e-01,3.673639343312702921e-01,3.571365876310749199e-01,3.467086032892697234e-01
8.287878787878788511e-01,3.412715487124923786e-01,3.513526570507001234e-01,3.612744369773632780e-01,3.710498297304034576e-01,3.806872259989163010e-01,3.901916963248985293e-01,3.995658610939744060e-01,4.088105169589274501e-01,4.179250949594665032e-01,4.269079994043184501e-01,4.357568596416155904e-01,4.444687154267069618e-01,4.530401482994085294e-01,4.614673644354538862e-01,4.697462271269475242e-01,4.778722269935377076e-01,4.858403607988026063e-01,4.936448555899533575e-01,5.012785999893085709e-01,5.087319658307383197e-01,5.159902413960475442e-01,5.230276156159419099e-01,5.297921148428694771e-01,5.361718692227228633e-01,5.420759636661438563e-01,5.491351841140948986e-01,5.571981170569416664e-01,5.637232996350747261e-01,5.697032302935602921e-01,5.754477032180982388e-01,5.810090732565594829e-01,5.863954337888652724e-01,5.916067824906935391e-01,5.966418410717716503e-01,6.014994570747217439e-01,6.061788546610697992e-01,6.106796281393761516e-01,6.150016861093243747e-01,6.191451956078648511e-01,6.231105365501035109e-01,6.268982677469930875e-01,6.305091056337642774e-01,6.339439226173982922e-01,6.372037968629147286e-01,6.402903232686287804e-01,6.432074434317682776e-01,6.459444681632797725e-01,6.485094201806264058e-01,6.509033767369546419e-01,6.531273260809321579e-01,6.551822217550692384e-01,6.570689814399542916e-01,6.587884803577861437e-01,6.603415439602964288e-01,6.617289409153596091e-01,6.629513765303857165e-01,6.640094869383951215e-01,6.649038339154089705e-01,6.656349003905326356e-01,6.662030866513592997e-01,6.666087072431005067e-01,6.668519885596169150e-01,6.669330671243541842e-01,6.668519885596161378e-01,6.666087072431011729e-01,6.662030866513584115e-01,6.656349003905319694e-01,6.649038339154074162e-01,6.640094869383956766e-01,6.629513765303868267e-01,6.617289409153592761e-01,6.603415439602963177e-01,6.587884803577862547e-01,6.570689814399545137e-01,6.551822217550674621e-01,6.531273260809323800e-01,6.509033767369537538e-01,6.485094201806252956e-01,6.459444681632796614e-01,6.432074434317675005e-01,6.402903232686292245e-01,6.372037968629129523e-01,6.339439226173968489e-01,6.305091056337633892e-01,6.268982677469920883e-01,6.231105365501031779e-01,6.191451956078637409e-01,6.150016861093239307e-01,6.106796281393761516e-01,6.061788546610706874e-01,6.014994570747207447e-01,5.966418410717727605e-01,5.916067824906926509e-01,5.863954337888634960e-01,5.810090732565612592e-01,5.754477032180990159e-01,5.697032302935585157e-01,5.637232996350755032e-01,5.571981170569421105e-01,5.491351841140962309e-01,5.420759636661441894e-01,5.361718692227223082e-01,5.297921148428703653e-01,5.230276156159413548e-01,5.159902413960498757e-01,5.087319658307385417e-01,5.012785999893099032e-01,4.936448555899533019e-01,4.858403607988034389e-01,4.778722269935370415e-01,4.697462271269488010e-01,4.614673644354524429e-01,4.530401482994096951e-01,4.444687154267055185e-01,4.357568596416159235e-01,4.269079994043164517e-01,4.179250949594668363e-01,4.088105169589268950e-01,3.995658610939749056e-01,3.901916963248982517e-01,3.806872259989173557e-01,3.710498297304030135e-01,3.612744369773652209e-01,3.513526570507005120e-01,3.412715487124921010e-01
8.325757575757576356e-01,3.359230604528868347e-01,3.457121127275811223e-01,3.553701940854550601e-01,3.649046711348453709e-01,3.743199234509079210e-01,3.836180990163413629e-01,3.927996659564403359e-01,4.018638219122565580e-01,4.108088019050143425e-01,4.196321121242609919e-01,4.283307080733510519e-01,4.369011292334233354e-01,4.453395977184043120e-01,4.536420844162462607e-01,4.618043419979654951e-01,4.698218987971743976e-01,4.776899989605756791e-01,4.854034584569792976e-01,4.929563745494551785e-01,5.003415564725517406e-01,5.075493808395556972e-01,5.145653595646541012e-01,5.213645840658156505e-01,5.278981792419822350e-01,5.340627824100049326e-01,5.397368498440862083e-01,5.461823183838580009e-01,5.542882745696334768e-01,5.607862221973431982e-01,5.665819872880777375e-01,5.721168130309902677e-01,5.774678210061635619e-01,5.826474823768498235e-01,5.876564272971589453e-01,5.924932630207833117e-01,5.971565894725362478e-01,6.016453815635898206e-01,6.059590062097273133e-01,6.100971660358661675e-01,6.140598398008940695e-01,6.178472356758633044e-01,6.214597626157007948e-01,6.248980318352150842e-01,6.281629492344980026e-01,6.312565392763368477e-01,6.341780785641382145e-01,6.369227456140712507e-01,6.394959237052197931e-01,6.418984547146432407e-01,6.441311466922354789e-01,6.461947894544645132e-01,6.480901500366395007e-01,6.498179653440520065e-01,6.513789345942067044e-01,6.527737121735511794e-01,6.540029011272786574e-01,6.550670473154730500e-01,6.559666341886446483e-01,6.567020783624004654e-01,6.572737258366999624e-01,6.576818489122812084e-01,6.579266437968522840e-01,6.580082288974733462e-01,6.579266437968531722e-01,6.576818489122805422e-01,6.572737258367008506e-01,6.567020783624006874e-01,6.559666341886455365e-01,6.550670473154723839e-01,6.540029011272777693e-01,6.527737121735512904e-01,6.513789345942055942e-01,6.498179653440518955e-01,6.480901500366395007e-01,6.461947894544654014e-01,6.441311466922358120e-01,6.418984547146420194e-01,6.394959237052189049e-01,6.369227456140704735e-01,6.341780785641385476e-01,6.312565392763379579e-01,6.281629492344984467e-01,6.248980318352136409e-01,6.214597626157019050e-01,6.178472356758630823e-01,6.140598398008926262e-01,6.100971660358671667e-01,6.059590062097277574e-01,6.016453815635902647e-01,5.971565894725350265e-01,5.924932630207841999e-01,5.876564272971595004e-01,5.826474823768504896e-01,5.774678210061640060e-01,5.721168130309898237e-01,5.665819872880781816e-01,5.607862221973433092e-01,5.542882745696341429e-01,5.461823183838571127e-01,5.397368498440869855e-01,5.340627824100059318e-01,5.278981792419824570e-01,5.213645840658147623e-01,5.145653595646534351e-01,5.075493808395558082e-01,5.003415564725521847e-01,4.929563745494536242e-01,4.854034584569784094e-01,4.776899989605752905e-01,4.698218987971743421e-01,4.618043419979664388e-01,4.536420844162451504e-01,4.453395977184031462e-01,4.369011292334238350e-01,4.283307080733522731e-01,4.196321121242623797e-01,4.108088019050158413e-01,4.018638219122561694e-01,3.927996659564396698e-01,3.836180990163417515e-01,3.743199234509073103e-01,3.649046711348465366e-01,3.553701940854538388e-01,3.457121127275811223e-01,3.359230604528873343e-01
8.363636363636364202e-01,3.307465797317550305e-01,3.402833720317485766e-01,3.497092670302011652e-01,3.590281149456375220e-01,3.682417230802446650e-01,3.773503413463328848e-01,3.863530275474821307e-01,3.952479260459992871e-01,4.040324828809239710e-01,4.127036132320101580e-01,4.212578321575261020e-01,4.296913559640463398e-01,4.380001788290929232e-01,4.461801269449753304e-01,4.542268900462682613e-01,4.621360271578112688e-01,4.699029388276092511e-01,4.775227902206181652e-01,4.849903545403011496e-01,4.922997159920544652e-01,4.994437059644302734e-01,5.064127942929224080e-01,5.131927806258841374e-01,5.197596369896263502e-01,5.260672461321210802e-01,5.320200671028223471e-01,5.374881075347478498e-01,5.434242647810776372e-01,5.514179144846170777e-01,5.579084926534108035e-01,5.635286334396251151e-01,5.688566533315854157e-01,5.739987098784252728e-01,5.789724651949113010e-01,5.837793626736816899e-01,5.884179526503754420e-01,5.928866179431010464e-01,5.971841087134109882e-01,6.013095886400595669e-01,6.052625809054285044e-01,6.090429085204120963e-01,6.126506553670401090e-01,6.160861732782364486e-01,6.193502659430600854e-01,6.224469638576831665e-01,6.253655305474986603e-01,6.281126504473585337e-01,6.306890976876265986e-01,6.330955163756888382e-01,6.353325447827155026e-01,6.374008177116562424e-01,6.393009597409201605e-01,6.410335771744056776e-01,6.425992501829818071e-01,6.439985255205471493e-01,6.452319099234840039e-01,6.462998642149451189e-01,6.472027981729361334e-01,6.479410660353304152e-01,6.485149627168134145e-01,6.489247207716292154e-01,6.491705080070171441e-01,6.492524257853488079e-01,6.491705080070173661e-01,6.489247207716293264e-01,6.485149627168145248e-01,6.479410660353293050e-01,6.472027981729361334e-01,6.462998642149462292e-01,6.452319099234834487e-01,6.439985255205473713e-01,6.425992501829820291e-01,6.410335771744062328e-01,6.393009597409186062e-01,6.374008177116562424e-01,6.353325447827159467e-01,6.330955163756887272e-01,6.306890976876271537e-01,6.281126504473585337e-01,6.253655305475001036e-01,6.224469638576822783e-01,6.193502659430605295e-01,6.160861732782377809e-01,6.126506553670399979e-01,6.090429085204098758e-01,6.052625809054282824e-01,6.013095886400590118e-01,5.971841087134118764e-01,5.928866179431013794e-01,5.884179526503751090e-01,5.837793626736803576e-01,5.789724651949115231e-01,5.739987098784254949e-01,5.688566533315841944e-01,5.635286334396270025e-01,5.579084926534094713e-01,5.514179144846168557e-01,5.434242647810769711e-01,5.374881075347470727e-01,5.320200671028226802e-01,5.260672461321226345e-01,5.197596369896259061e-01,5.131927806258832492e-01,5.064127942929221859e-01,4.994437059644301069e-01,4.922997159920547428e-01,4.849903545403002059e-01,4.775227902206176656e-01,4.699029388276095287e-01,4.621360271578102141e-01,4.542268900462690384e-01,4.461801269449752749e-01,4.380001788290906473e-01,4.296913559640453406e-01,4.212578321575268792e-01,4.127036132320101580e-01,4.040324828809246371e-01,3.952479260459997312e-01,3.863530275474821307e-01,3.773503413463331069e-01,3.682417230802452202e-01,3.590281149456383547e-01,3.497092670302007211e-01,3.402833720317473554e-01,3.307465797317556411e-01
8.401515151515152047e-01,3.257365819873839774e-01,3.350502100319029952e-01,3.442675260510299484e-01,3.533901107373808581e-01,3.624180938483379522e-01,3.713504794020906496e-01,3.801853972338328780e-01,3.889203000023748191e-01,3.975521190892067902e-01,4.060773888727153280e-01,4.144923460314954289e-01,4.227930084397241162e-01,4.309752365753887204e-01,4.390347789320019900e-01,4.469673014714407033e-01,4.547683993822306814e-01,4.624335868488490542e-01,4.699582563536961466e-01,4.773375915675184822e-01,4.845664036480560322e-01,4.916388319743318358e-01,4.985477885669775122e-01,5.052838843349648501e-01,5.118332313899316421e-01,5.181726300868612078e-01,5.242583979617044809e-01,5.300019672877226418e-01,5.352752728482705891e-01,5.408052346305380897e-01,5.485697772754682955e-01,5.550537298549318432e-01,5.605047055703160641e-01,5.656285487256371702e-01,5.705632465820991150e-01,5.753322189281279142e-01,5.799378413448091907e-01,5.843786447848751120e-01,5.886528173962883859e-01,5.927589055770013937e-01,5.966958937518450634e-01,6.004631576209452648e-01,6.040604176013126825e-01,6.074877596244386835e-01,6.107460648727023322e-01,6.138362985119359960e-01,6.167514716819311182e-01,6.194965361948753246e-01,6.220719675785043590e-01,6.244782260202704771e-01,6.267157869904869116e-01,6.287851368178043465e-01,6.306867640993319979e-01,6.324211508516565106e-01,6.339887642226099684e-01,6.353900489569920262e-01,6.366254206487245160e-01,6.376952597680731749e-01,6.385999064414539239e-01,6.393396559568086390e-01,6.399147550548801577e-01,6.403253987827129956e-01,6.405717281435975297e-01,6.406538284174758680e-01,6.405717281435974186e-01,6.403253987827118854e-01,6.399147550548779373e-01,6.393396559568097492e-01,6.385999064414529247e-01,6.376952597680740631e-01,6.366254206487237388e-01,6.353900489569913601e-01,6.339887642226091913e-01,6.324211508516556224e-01,6.306867640993324420e-01,6.287851368178044575e-01,6.267157869904871337e-01,6.244782260202701440e-01,6.220719675785045810e-01,6.194965361948756577e-01,6.167514716819316734e-01,6.138362985119353299e-01,6.107460648727029984e-01,6.074877596244383504e-01,6.040604176013143478e-01,6.004631576209451538e-01,5.966958937518453965e-01,5.927589055770025039e-01,5.886528173962897181e-01,5.843786447848745569e-01,5.799378413448088576e-01,5.753322189281274701e-01,5.705632465821005583e-01,5.656285487256371702e-01,5.605047055703175074e-01,5.550537298549322873e-01,5.485697772754682955e-01,5.408052346305386449e-01,5.352752728482708111e-01,5.300019672877227528e-01,5.242583979617039258e-01,5.181726300868612078e-01,5.118332313899309760e-01,5.052838843349650721e-01,4.985477885669777898e-01,4.916388319743310586e-01,4.845664036480558656e-01,4.773375915675180381e-01,4.699582563536978119e-01,4.624335868488495538e-01,4.547683993822304038e-01,4.469673014714415915e-01,4.390347789320016014e-01,4.309752365753894976e-01,4.227930084397250599e-01,4.144923460314957064e-01,4.060773888727153835e-01,3.975521190892068457e-01,3.889203000023739865e-01,3.801853972338337107e-01,3.713504794020908162e-01,3.624180938483381742e-01,3.533901107373816353e-01,3.442675260510288382e-01,3.350502100319042165e-01,3.257365819873854762e-01
8.439393939393939892e-01,3.209190279977773286e-01,3.300327806293026356e-01,3.390609925570203242e-01,3.480037644348837333e-01,3.568601275028117636e-01,3.656282702433176768e-01,3.743057183912515962e-01,3.828894794600596341e-01,3.913761598379078555e-01,3.997620602576094639e-01,4.080432537896458989e-01,4.162156492511932537e-01,4.242750419146784080e-01,4.322171525083387533e-01,4.400376545985114074e-01,4.477321893667607355e-01,4.552963652988863408e-01,4.627257379652284786e-01,4.700157611000241320e-01,4.771616930046588267e-01,4.841584285910542906e-01,4.910001998126299894e-01,4.976800286441335208e-01,5.041886846890341056e-01,5.105125830921419805e-01,5.166292624817314660e-01,5.224971277464970365e-01,5.280336470321510545e-01,5.331175256467246548e-01,5.383253951183046837e-01,5.457973363286078294e-01,5.522549753325322053e-01,5.575401863765744315e-01,5.624624429227567113e-01,5.671918663686730255e-01,5.717577942833100835e-01,5.761635709437975539e-01,5.804077277747086150e-01,5.844882786955990506e-01,5.884035912704792537e-01,5.921525060804397889e-01,5.957343171497199164e-01,5.991488343429208774e-01,6.023983468198587099e-01,6.054763132252575231e-01,6.083841461688962449e-01,6.111233300541251134e-01,6.136941163667380961e-01,6.160967871967795162e-01,6.183316595316763475e-01,6.203990760397719573e-01,6.222993945573875862e-01,6.240329781911202467e-01,6.256001863858154932e-01,6.270013669773970566e-01,6.282368491772829522e-01,6.293069374272415306e-01,6.302119060717508159e-01,6.309519948055980487e-01,6.315274048619908820e-01,6.319382959217737517e-01,6.321847837868483921e-01,6.322669385794889019e-01,6.321847837868490583e-01,6.319382959217740847e-01,6.315274048619906599e-01,6.309519948055987149e-01,6.302119060717510379e-01,6.293069374272410865e-01,6.282368491772837293e-01,6.270013669773977227e-01,6.256001863858157153e-01,6.240329781911189144e-01,6.222993945573866981e-01,6.203990760397731785e-01,6.183316595316749043e-01,6.160967871967780729e-01,6.136941163667379850e-01,6.111233300541256686e-01,6.083841461688959118e-01,6.054763132252576341e-01,6.023983468198588209e-01,5.991488343429216545e-01,5.957343171497192502e-01,5.921525060804405660e-01,5.884035912704798088e-01,5.844882786956002718e-01,5.804077277747091701e-01,5.761635709437987751e-01,5.717577942833105276e-01,5.671918663686735806e-01,5.624624429227564892e-01,5.575401863765738764e-01,5.522549753325323163e-01,5.457973363286082735e-01,5.383253951183043506e-01,5.331175256467249879e-01,5.280336470321499442e-01,5.224971277464973696e-01,5.166292624817311330e-01,5.105125830921436458e-01,5.041886846890333285e-01,4.976800286441335763e-01,4.910001998126294342e-01,4.841584285910532359e-01,4.771616930046581051e-01,4.700157611000239100e-01,4.627257379652273683e-01,4.552963652988872290e-01,4.477321893667602359e-01,4.400376545985107413e-01,4.322171525083380317e-01,4.242750419146805174e-01,4.162156492511944750e-01,4.080432537896456213e-01,3.997620602576077986e-01,3.913761598379075779e-01,3.828894794600605778e-01,3.743057183912518737e-01,3.656282702433166776e-01,3.568601275028125408e-01,3.480037644348827897e-01,3.390609925570212124e-01,3.300327806293012478e-01,3.209190279977769400e-01
8.477272727272727737e-01,3.162987593892748750e-01,3.252311375310245056e-01,3.340859986535160142e-01,3.428624793507660251e-01,3.515588982040472876e-01,3.601729200773697293e-01,3.687016898949695420e-01,3.771419426007030506e-01,3.854900942445830259e-01,3.937423178325349937e-01,4.018946065844811177e-01,4.099428264737201011e-01,4.178827592861125706e-01,4.257101368700039745e-01,4.334206666726184154e-01,4.410100479848208521e-01,4.484739774083320030e-01,4.558081406946995484e-01,4.630081858824486862e-01,4.700696688174749727e-01,4.769879551648236737e-01,4.837580497392771628e-01,4.903742974434729396e-01,4.968298442259428960e-01,5.031156220393429024e-01,5.092183285820769401e-01,5.151161521577599656e-01,5.207692907475388600e-01,5.261004679056924260e-01,5.309974545400556467e-01,5.359431051721671446e-01,5.431030082877474907e-01,5.495015348122608279e-01,5.546204587932492824e-01,5.593427563796206092e-01,5.638686119440331490e-01,5.682330267630494314e-01,5.724402625363441688e-01,5.764888502371036116e-01,5.803766483745684823e-01,5.841018827871242713e-01,5.876633339701223813e-01,5.910605422828510980e-01,5.942948185913585757e-01,5.973585352904586809e-01,6.002552291789022831e-01,6.029849221183468666e-01,6.055476522921948712e-01,6.079435231610461621e-01,6.101726939472477129e-01,6.122353658782367924e-01,6.141317692811411044e-01,6.158621522042037055e-01,6.174267705119056426e-01,6.188258792837704192e-01,6.200597253556915378e-01,6.211285408748518089e-01,6.220325377704742920e-01,6.227719030677610901e-01,6.233467949916999817e-01,6.237573398215301435e-01,6.240036294623668711e-01,6.240857197522660105e-01,6.240036294623655388e-01,6.237573398215289222e-01,6.233467949917013140e-01,6.227719030677593137e-01,6.220325377704739589e-01,6.211285408748509207e-01,6.200597253556905386e-01,6.188258792837703082e-01,6.174267705119045324e-01,6.158621522042028174e-01,6.141317692811415485e-01,6.122353658782365704e-01,6.101726939472484901e-01,6.079435231610473833e-01,6.055476522921946492e-01,6.029849221183473107e-01,6.002552291789021721e-01,5.973585352904582368e-01,5.942948185913584647e-01,5.910605422828512090e-01,5.876633339701218262e-01,5.841018827871244934e-01,5.803766483745681493e-01,5.764888502371053880e-01,5.724402625363441688e-01,5.682330267630489873e-01,5.638686119440350364e-01,5.593427563796210533e-01,5.546204587932487273e-01,5.495015348122614940e-01,5.431030082877494891e-01,5.359431051721678108e-01,5.309974545400552026e-01,5.261004679056919819e-01,5.207692907475394151e-01,5.151161521577606317e-01,5.092183285820767180e-01,5.031156220393424583e-01,4.968298442259428960e-01,4.903742974434714963e-01,4.837580497392766632e-01,4.769879551648238958e-01,4.700696688174757498e-01,4.630081858824489638e-01,4.558081406946998260e-01,4.484739774083331132e-01,4.410100479848191313e-01,4.334206666726184154e-01,4.257101368700038635e-01,4.178827592861122375e-01,4.099428264737203231e-01,4.018946065844812288e-01,3.937423178325337170e-01,3.854900942445833589e-01,3.771419426007036058e-01,3.687016898949697086e-01,3.601729200773680084e-01,3.515588982040470101e-01,3.428624793507672464e-01,3.340859986535167914e-01,3.252311375310264485e-01,3.162987593892761518e-01
8.515151515151515582e-01,3.118854537426171691e-01,3.206520890725706452e-01,3.293471925772721853e-01,3.379692838954502232e-01,3.465162327613863780e-01,3.549853829390258175e-01,3.633736555068229901e-01,3.716776356184202101e-01,3.798936458519054371e-01,3.880178084807717753e-01,3.960460983925024325e-01,4.039743878951281841e-01,4.117984842446198446e-01,4.195141603560742505e-01,4.271171787866273606e-01,4.346033086443425453e-01,4.419683345083033066e-01,4.492080556174022909e-01,4.563182722859192575e-01,4.632947543453135308e-01,4.701331826550391724e-01,4.768290479029519413e-01,4.833774779801695565e-01,4.897729395319495027e-01,4.960087056852919285e-01,5.020758639774991483e-01,5.079613649702489075e-01,5.136439560363017520e-01,5.190853655695470970e-01,5.242129136786879418e-01,5.289246058029688502e-01,5.336508176548263593e-01,5.405094130119623141e-01,5.468093642455363890e-01,5.517579724096712823e-01,5.562814310677636209e-01,5.606055103620823932e-01,5.647701730100472828e-01,5.687804586876268331e-01,5.726348831376723014e-01,5.763311829826800459e-01,5.798675537232474975e-01,5.832434363750605977e-01,5.864570648170648326e-01,5.895040478450813692e-01,5.923861708988805708e-01,5.951031444513520396e-01,5.976547850296151099e-01,6.000410100373569922e-01,6.022618171266237441e-01,6.043172650513364275e-01,6.062074574737371657e-01,6.079325294233058896e-01,6.094926359260607329e-01,6.108879423956847798e-01,6.121186164776354355e-01,6.131848211207296950e-01,6.140867087133037305e-01,6.148244161667464347e-01,6.153980608622062753e-01,6.158077374006674098e-01,6.160535151190420500e-01,6.161354363032700565e-01,6.160535151190421610e-01,6.158077374006687421e-01,6.153980608622074966e-01,6.148244161667454355e-01,6.140867087133036195e-01,6.131848211207296950e-01,6.121186164776366567e-01,6.108879423956855570e-01,6.094926359260612880e-01,6.079325294233063337e-01,6.062074574737364996e-01,6.043172650513367605e-01,6.022618171266234111e-01,6.000410100373575473e-01,5.976547850296166642e-01,5.951031444513514845e-01,5.923861708988807928e-01,5.895040478450819244e-01,5.864570648170664979e-01,5.832434363750603756e-01,5.798675537232466093e-01,5.763311829826796018e-01,5.726348831376727455e-01,5.687804586876262780e-01,5.647701730100470607e-01,5.606055103620819491e-01,5.562814310677641760e-01,5.517579724096718374e-01,5.468093642455369441e-01,5.405094130119616480e-01,5.336508176548259152e-01,5.289246058029691833e-01,5.242129136786886079e-01,5.190853655695470970e-01,5.136439560363039725e-01,5.079613649702496847e-01,5.020758639774995924e-01,4.960087056852917065e-01,4.897729395319495582e-01,4.833774779801698895e-01,4.768290479029526630e-01,4.701331826550386728e-01,4.632947543453141970e-01,4.563182722859181473e-01,4.492080556174042338e-01,4.419683345083040837e-01,4.346033086443425453e-01,4.271171787866272496e-01,4.195141603560748056e-01,4.117984842446207883e-01,4.039743878951305711e-01,3.960460983925028766e-01,3.880178084807719419e-01,3.798936458519066584e-01,3.716776356184199881e-01,3.633736555068238228e-01,3.549853829390253179e-01,3.465162327613847681e-01,3.379692838954504452e-01,3.293471925772727960e-01,3.206520890725707007e-01,3.118854537426168361e-01
8.553030303030303427e-01,3.076837856547687267e-01,3.162982394981737611e-01,3.248455949686304134e-01,3.333239939254287743e-01,3.417310415781701916e-01,3.500639038625857347e-01,3.583193903098040312e-01,3.664940250237228581e-01,3.745841077826111976e-01,3.825857668047589755e-01,3.904950043361199441e-01,3.983077359047428323e-01,4.060198238183606034e-01,4.136271052347497701e-01,4.211254148838456390e-01,4.285106022340892662e-01,4.357785425281062164e-01,4.429251405936486807e-01,4.499463255468000855e-01,4.568380332385710840e-01,4.635961711736030222e-01,4.702165569290941982e-01,4.766948143944732541e-01,4.830261994886652643e-01,4.892053020260171969e-01,4.952255186908533502e-01,5.010780795432745460e-01,5.067501537314580418e-01,5.122209601785359112e-01,5.174535302231427769e-01,5.223792581941725244e-01,5.269071741666264685e-01,5.314455399434935279e-01,5.380300271213956931e-01,5.441911193049876472e-01,5.489624519937782443e-01,5.532877307370587250e-01,5.574119012380606142e-01,5.613787804502670120e-01,5.651939717158254162e-01,5.688559675098761037e-01,5.723625301361977558e-01,5.757135208939591076e-01,5.789021302100161304e-01,5.819290066173672393e-01,5.847934185781368255e-01,5.874947575381015419e-01,5.900325943576629761e-01,5.924066439874633438e-01,5.946167325359300593e-01,5.966627708336559310e-01,5.985447334923063023e-01,6.002626421622065944e-01,6.018165519651735851e-01,6.032065403628047440e-01,6.044326979377019349e-01,6.054951207202535768e-01,6.063939038022719830e-01,6.071291360548136673e-01,6.077008958229797031e-01,6.081092475033181843e-01,6.083542388651586030e-01,6.084358993422442907e-01,6.083542388651586030e-01,6.081092475033188505e-01,6.077008958229798141e-01,6.071291360548145555e-01,6.063939038022737593e-01,6.054951207202543539e-01,6.044326979377031561e-01,6.032065403628060762e-01,6.018165519651726969e-01,6.002626421622068165e-01,5.985447334923075235e-01,5.966627708336555980e-01,5.946167325359306144e-01,5.924066439874633438e-01,5.900325943576639753e-01,5.874947575381025411e-01,5.847934185781367145e-01,5.819290066173666842e-01,5.789021302100155753e-01,5.757135208939603288e-01,5.723625301361974227e-01,5.688559675098763257e-01,5.651939717158240839e-01,5.613787804502670120e-01,5.574119012380593929e-01,5.532877307370586140e-01,5.489624519937783553e-01,5.441911193049875362e-01,5.380300271213959151e-01,5.314455399434940830e-01,5.269071741666274677e-01,5.223792581941717472e-01,5.174535302231426659e-01,5.122209601785363553e-01,5.067501537314593740e-01,5.010780795432737689e-01,4.952255186908531837e-01,4.892053020260160867e-01,4.830261994886655974e-01,4.766948143944736982e-01,4.702165569290937541e-01,4.635961711736032997e-01,4.568380332385714171e-01,4.499463255467996969e-01,4.429251405936487362e-01,4.357785425281070490e-01,4.285106022340892662e-01,4.211254148838461941e-01,4.136271052347500476e-01,4.060198238183589381e-01,3.983077359047425547e-01,3.904950043361202772e-01,3.825857668047600857e-01,3.745841077826134180e-01,3.664940250237221364e-01,3.583193903098045863e-01,3.500639038625865118e-01,3.417310415781699695e-01,3.333239939254284412e-01,3.248455949686306354e-01,3.162982394981742051e-01,3.076837856547690597e-01
8.590909090909091272e-01,3.036710746553089590e-01,3.121447603547173322e-01,3.205545880928216684e-01,3.288984902463642501e-01,3.371739388004371119e-01,3.453780250546250596e-01,3.535075286865113076e-01,3.615589778934085730e-01,3.695287019673554330e-01,3.774128773575391449e-01,3.852075680259414714e-01,3.929087606933460708e-01,4.005123953907399059e-01,4.080143915617307493e-01,4.154106697895837974e-01,4.226971690282157468e-01,4.298698589723994878e-01,4.369247468669748002e-01,4.438578775595903303e-01,4.506653248314961835e-01,4.573431707915229238e-01,4.638874680165969711e-01,4.702941754584289424e-01,4.765590525136857991e-01,4.826774832071951127e-01,4.886441780262724688e-01,4.944526508296360201e-01,5.000942604083299381e-01,5.055563643168330401e-01,5.108185833745156890e-01,5.158450855340749319e-01,5.205710037107355026e-01,5.249171807611143770e-01,5.292917441336564277e-01,5.356336906041313517e-01,5.416199472963627581e-01,5.462054483245415426e-01,5.503327906738436637e-01,5.542588659550983232e-01,5.580299984676999614e-01,5.616521126552971310e-01,5.651238497383751502e-01,5.684435901067418362e-01,5.716054690188214771e-01,5.746089144549711980e-01,5.774526171358707050e-01,5.801355934592175023e-01,5.826571250222635223e-01,5.850166949436857999e-01,5.872139387140922206e-01,5.892486072631190064e-01,5.911205389948435140e-01,5.928296382704318912e-01,5.943758585580181109e-01,5.957591890232697418e-01,5.969796437187535609e-01,5.980372527922357406e-01,5.989320553129483526e-01,5.996640934458660199e-01,6.002334076771972393e-01,6.006400332119250507e-01,6.008839971548164405e-01,6.009653165345624215e-01,6.008839971548169956e-01,6.006400332119262719e-01,6.002334076771977944e-01,5.996640934458663530e-01,5.989320553129484637e-01,5.980372527922358517e-01,5.969796437187550042e-01,5.957591890232704079e-01,5.943758585580174447e-01,5.928296382704325573e-01,5.911205389948432920e-01,5.892486072631188954e-01,5.872139387140918876e-01,5.850166949436859110e-01,5.826571250222635223e-01,5.801355934592179464e-01,5.774526171358702609e-01,5.746089144549711980e-01,5.716054690188222542e-01,5.684435901067419472e-01,5.651238497383750392e-01,5.616521126552985743e-01,5.580299984676994063e-01,5.542588659551002106e-01,5.503327906738447739e-01,5.462054483245409875e-01,5.416199472963628692e-01,5.356336906041313517e-01,5.292917441336559836e-01,5.249171807611141549e-01,5.205710037107346144e-01,5.158450855340743768e-01,5.108185833745164661e-01,5.055563643168337062e-01,5.000942604083299381e-01,4.944526508296359091e-01,4.886441780262731904e-01,4.826774832071965005e-01,4.765590525136841893e-01,4.702941754584296086e-01,4.638874680165979147e-01,4.573431707915244226e-01,4.506653248314965166e-01,4.438578775595916626e-01,4.369247468669740231e-01,4.298698589723999319e-01,4.226971690282153582e-01,4.154106697895844635e-01,4.080143915617310824e-01,4.005123953907393508e-01,3.929087606933451271e-01,3.852075680259408608e-01,3.774128773575389784e-01,3.695287019673547668e-01,3.615589778934084619e-01,3.535075286865110855e-01,3.453780250546238384e-01,3.371739388004373339e-01,3.288984902463651383e-01,3.205545880928210578e-01,3.121447603547162775e-01,3.036710746553091256e-01
8.628787878787879118e-01,2.997902617275223225e-01,3.081321380079892758e-01,3.164124709683555636e-01,3.246291045369924522e-01,3.327794728960299930e-01,3.408606684105999207e-01,3.488695013437719816e-01,3.568025525521664187e-01,3.646562201214894605e-01,3.724267607010044445e-01,3.801103261266784994e-01,3.877029957772084034e-01,3.952008049785472599e-01,4.025997696519249547e-01,4.098959072784976732e-01,4.170852541179525530e-01,4.241638784517069993e-01,4.311278893979752502e-01,4.379734405257512675e-01,4.446967270105336989e-01,4.512939743125422565e-01,4.577614151157044509e-01,4.640952491734490759e-01,4.702915770656491690e-01,4.763462923080419853e-01,4.822549039726136133e-01,4.880122380293586137e-01,4.936119168458211193e-01,4.990454125062094293e-01,5.043002409075245662e-01,5.093563615220687568e-01,5.141789434572799911e-01,5.187066466422126654e-01,5.228731536713867589e-01,5.271044986426277612e-01,5.332352359603638181e-01,5.390132753957711520e-01,5.434027598302891837e-01,5.473317747962269664e-01,5.510612537121218901e-01,5.546384844620934063e-01,5.580700551767835416e-01,5.613532361752214817e-01,5.644841665099693540e-01,5.674604752344398761e-01,5.702802115362640700e-01,5.729419211537849499e-01,5.754445276743123117e-01,5.777872356590356695e-01,5.799694588684826124e-01,5.819907679271525414e-01,5.838508519005303210e-01,5.855494896527698723e-01,5.870865281101301791e-01,5.884618654740323418e-01,5.896754380583318911e-01,5.907272098550917505e-01,5.916171641760810118e-01,5.923452969609253049e-01,5.929116116027350891e-01,5.933161147647749711e-01,5.935588133253656418e-01,5.936397122479628585e-01,5.935588133253657528e-01,5.933161147647738609e-01,5.929116116027338679e-01,5.923452969609240837e-01,5.916171641760802347e-01,5.907272098550924166e-01,5.896754380583320021e-01,5.884618654740322308e-01,5.870865281101302902e-01,5.855494896527687620e-01,5.838508519005300990e-01,5.819907679271524303e-01,5.799694588684831675e-01,5.777872356590360026e-01,5.754445276743134219e-01,5.729419211537862822e-01,5.702802115362652913e-01,5.674604752344396541e-01,5.644841665099693540e-01,5.613532361752213706e-01,5.580700551767827644e-01,5.546384844620950716e-01,5.510612537121213350e-01,5.473317747962279656e-01,5.434027598302895168e-01,5.390132753957720402e-01,5.332352359603635961e-01,5.271044986426269841e-01,5.228731536713853156e-01,5.187066466422124433e-01,5.141789434572804351e-01,5.093563615220695340e-01,5.043002409075240111e-01,4.990454125062092072e-01,4.936119168458213413e-01,4.880122380293610562e-01,4.822549039726128917e-01,4.763462923080419298e-01,4.702915770656501127e-01,4.640952491734491314e-01,4.577614151157052835e-01,4.512939743125424230e-01,4.446967270105353087e-01,4.379734405257504903e-01,4.311278893979754723e-01,4.241638784517064442e-01,4.170852541179518869e-01,4.098959072784971180e-01,4.025997696519247326e-01,3.952008049785483701e-01,3.877029957772084590e-01,3.801103261266784994e-01,3.724267607010054992e-01,3.646562201214894050e-01,3.568025525521656971e-01,3.488695013437714820e-01,3.408606684106002538e-01,3.327794728960290493e-01,3.246291045369918971e-01,3.164124709683537873e-01,3.081321380079886096e-01,2.997902617275223225e-01
8.666666666666666963e-01,2.960710268058797112e-01,3.042898346564217316e-01,3.124486574276658102e-01,3.205453393255912609e-01,3.285773472899922720e-01,3.365418311561797493e-01,3.444356771035202436e-01,3.522555552846343696e-01,3.599979623637175608e-01,3.676592595487799819e-01,3.752357065787667034e-01,3.827234920189133693e-01,3.901187601215251877e-01,3.974176344196234667e-01,4.046162381307580880e-01,4.117107113501592974e-01,4.186972248947464226e-01,4.255719905065563080e-01,4.323312669108088091e-01,4.389713609103517156e-01,4.454886222183016553e-01,4.518794299703979833e-01,4.581401676172189852e-01,4.642671808062202032e-01,4.702567092331395027e-01,4.761047769193015866e-01,4.818070132155670704e-01,4.873583532696184606e-01,4.927525190867212412e-01,4.979810822294922779e-01,5.030316929688072314e-01,5.078846048296963289e-01,5.125059106207953130e-01,5.168377733468161317e-01,5.208281577444138222e-01,5.249355921623597432e-01,5.308816420879199915e-01,5.364240206895938279e-01,5.406081624569628596e-01,5.443387771047479839e-01,5.478735216136544350e-01,5.512594787736041502e-01,5.545017431658622042e-01,5.575972873169212640e-01,5.605427327506875557e-01,5.633353554554062503e-01,5.659730935523518136e-01,5.684544096999986085e-01,5.707781581885842392e-01,5.729434824002015425e-01,5.749497400478535969e-01,5.767964491924161274e-01,5.784832489561011482e-01,5.800098705074346883e-01,5.813761152730722026e-01,5.825818383226870623e-01,5.836269354151369937e-01,5.845113331088659381e-01,5.852349808311090307e-01,5.857978447569790470e-01,5.861999031232538737e-01,5.864411427587256087e-01,5.865215566936660130e-01,5.864411427587264969e-01,5.861999031232543178e-01,5.857978447569792690e-01,5.852349808311093637e-01,5.845113331088662711e-01,5.836269354151372157e-01,5.825818383226868402e-01,5.813761152730727577e-01,5.800098705074352434e-01,5.784832489561001490e-01,5.767964491924164605e-01,5.749497400478533748e-01,5.729434824002012094e-01,5.707781581885849054e-01,5.684544096999981644e-01,5.659730935523533679e-01,5.633353554554069165e-01,5.605427327506876667e-01,5.575972873169217081e-01,5.545017431658627594e-01,5.512594787736042612e-01,5.478735216136543240e-01,5.443387771047484280e-01,5.406081624569635258e-01,5.364240206895923846e-01,5.308816420879195475e-01,5.249355921623607424e-01,5.208281577444147104e-01,5.168377733468174640e-01,5.125059106207954240e-01,5.078846048296954407e-01,5.030316929688081196e-01,4.979810822294927219e-01,4.927525190867204086e-01,4.873583532696187937e-01,4.818070132155674035e-01,4.761047769193029189e-01,4.702567092331391696e-01,4.642671808062201477e-01,4.581401676172189297e-01,4.518794299703994266e-01,4.454886222183020439e-01,4.389713609103527148e-01,4.323312669108078099e-01,4.255719905065560305e-01,4.186972248947467556e-01,4.117107113501589089e-01,4.046162381307574774e-01,3.974176344196237443e-01,3.901187601215235223e-01,3.827234920189129252e-01,3.752357065787671475e-01,3.676592595487804260e-01,3.599979623637182269e-01,3.522555552846348137e-01,3.444356771035202991e-01,3.365418311561816367e-01,3.285773472899941039e-01,3.205453393255931482e-01,3.124486574276655326e-01,3.042898346564211209e-01,2.960710268058798778e-01
8.704545454545454808e-01,2.925443861852141669e-01,3.006489196457088897e-01,3.086943873757128087e-01,3.166787001213952069e-01,3.245994106265348011e-01,3.324537688365738486e-01,3.402387712742306891e-01,3.479512053205054967e-01,3.555876890042498073e-01,3.631447067892956126e-01,3.706186417491664220e-01,3.780058044331422451e-01,3.853024586506265670e-01,3.925048443296005884e-01,3.996091975351234171e-01,4.066117676595186747e-01,4.135088317098749022e-01,4.202967055102367899e-01,4.269717514895545740e-01,4.335303825175199077e-01,4.399690609393053786e-01,4.462842914804272532e-01,4.524726059309717718e-01,4.585305362735617729e-01,4.644545708259751882e-01,4.702410843407829333e-01,4.758862265052077878e-01,4.813857412244469391e-01,4.867346658301685003e-01,4.919268127960279013e-01,4.969538399333027212e-01,5.018035110772950391e-01,5.064563409190986354e-01,5.108793119235374158e-01,5.150182385427577447e-01,5.188374256002228346e-01,5.228412629039982384e-01,5.286236980289027443e-01,5.339064285382558728e-01,5.378768551940632525e-01,5.414094349457859723e-01,5.447508099955301608e-01,5.479478393377630319e-01,5.510032723232537455e-01,5.539138460473096437e-01,5.566760681005041844e-01,5.592871175523179694e-01,5.617448555469758409e-01,5.640476817405601917e-01,5.661943965613186469e-01,5.681840955024579642e-01,5.700160924326687084e-01,5.716898645194002926e-01,5.732050124129766111e-01,5.745612310010150825e-01,5.757582877201697924e-01,5.767960062217548645e-01,5.776742538176593555e-01,5.783929319133984670e-01,5.789519686804751597e-01,5.793513135247744250e-01,5.795909330436286311e-01,5.796708082658040828e-01,5.795909330436285201e-01,5.793513135247754242e-01,5.789519686804753817e-01,5.783929319133983560e-01,5.776742538176591335e-01,5.767960062217551975e-01,5.757582877201704585e-01,5.745612310010154156e-01,5.732050124129763891e-01,5.716898645193998485e-01,5.700160924326682643e-01,5.681840955024587414e-01,5.661943965613195351e-01,5.640476817405601917e-01,5.617448555469756188e-01,5.592871175523180804e-01,5.566760681005047395e-01,5.539138460473111980e-01,5.510032723232535234e-01,5.479478393377630319e-01,5.447508099955292726e-01,5.414094349457860833e-01,5.378768551940631415e-01,5.339064285382552066e-01,5.286236980289023002e-01,5.228412629039983495e-01,5.188374256002232787e-01,5.150182385427584109e-01,5.108793119235371938e-01,5.064563409190991905e-01,5.018035110772954832e-01,4.969538399333034429e-01,4.919268127960267911e-01,4.867346658301691664e-01,4.813857412244479383e-01,4.758862265052090645e-01,4.702410843407814345e-01,4.644545708259769645e-01,4.585305362735629942e-01,4.524726059309723269e-01,4.462842914804266981e-01,4.399690609393062113e-01,4.335303825175192971e-01,4.269717514895545740e-01,4.202967055102381222e-01,4.135088317098729593e-01,4.066117676595182306e-01,3.996091975351234726e-01,3.925048443295997003e-01,3.853024586506267890e-01,3.780058044331441880e-01,3.706186417491659779e-01,3.631447067892957237e-01,3.555876890042509730e-01,3.479512053205050526e-01,3.402387712742302450e-01,3.324537688365742372e-01,3.245994106265349122e-01,3.166787001213949848e-01,3.086943873757115875e-01,3.006489196457082791e-01,2.925443861852130567e-01
8.742424242424242653e-01,2.892145453123234899e-01,2.972130034407921007e-01,3.051527716596375561e-01,3.130318779991452249e-01,3.208480019370635872e-01,3.285985266585694231e-01,3.362805859529071073e-01,3.438911064112343818e-01,3.514268454726415247e-01,3.588844257636208401e-01,3.662603660890225155e-01,3.735511093569220953e-01,3.807530476535587183e-01,3.878625446241735220e-01,3.948759552578795518e-01,4.017896431156342540e-01,4.085999949746179638e-01,4.153034327828413197e-01,4.218964227141488443e-01,4.283754809708015254e-01,4.347371757732110265e-01,4.409781246653221576e-01,4.470949857825009532e-01,4.530844409631982206e-01,4.589431673353734920e-01,4.646677919095167919e-01,4.702548200800301670e-01,4.757005224562221302e-01,4.810007524725355421e-01,4.861506443013521861e-01,4.911440950911769021e-01,4.959728425629010284e-01,5.006247581515392842e-01,5.050806197491995997e-01,5.093083574053374196e-01,5.132578552218397538e-01,5.169124955277472067e-01,5.208333022926604494e-01,5.264643248395790565e-01,5.314691306797059145e-01,5.352186626727375440e-01,5.385487064631434562e-01,5.417016542434606174e-01,5.447125765999981661e-01,5.475837332707834682e-01,5.503117528730426811e-01,5.528930411328104588e-01,5.553247001859349385e-01,5.576045317988282957e-01,5.597308875371063142e-01,5.617025269821653843e-01,5.635185095756293228e-01,5.651781165201965607e-01,5.666807948578808096e-01,5.680261174934994051e-01,5.692137538885414516e-01,5.702434485363691019e-01,5.711150049070505830e-01,5.718282733892104952e-01,5.723831422338464536e-01,5.727795308262153551e-01,5.730173848314280560e-01,5.730966729125994696e-01,5.730173848314290552e-01,5.727795308262162433e-01,5.723831422338467867e-01,5.718282733892108283e-01,5.711150049070515822e-01,5.702434485363687688e-01,5.692137538885423398e-01,5.680261174934994051e-01,5.666807948578819198e-01,5.651781165201960055e-01,5.635185095756291007e-01,5.617025269821650513e-01,5.597308875371050929e-01,5.576045317988276295e-01,5.553247001859356047e-01,5.528930411328106809e-01,5.503117528730429031e-01,5.475837332707839122e-01,5.447125765999996094e-01,5.417016542434615056e-01,5.385487064631436782e-01,5.352186626727383212e-01,5.314691306797063586e-01,5.264643248395792785e-01,5.208333022926598943e-01,5.169124955277463185e-01,5.132578552218380885e-01,5.093083574053391960e-01,5.050806197491981564e-01,5.006247581515395062e-01,4.959728425629009174e-01,4.911440950911761250e-01,4.861506443013517975e-01,4.810007524725373740e-01,4.757005224562219081e-01,4.702548200800292788e-01,4.646677919095166809e-01,4.589431673353747132e-01,4.530844409631987757e-01,4.470949857825017304e-01,4.409781246653201037e-01,4.347371757732113040e-01,4.283754809708017475e-01,4.218964227141490664e-01,4.153034327828409311e-01,4.085999949746196291e-01,4.017896431156334214e-01,3.948759552578787191e-01,3.878625446241731334e-01,3.807530476535583852e-01,3.735511093569215402e-01,3.662603660890237367e-01,3.588844257636207846e-01,3.514268454726405255e-01,3.438911064112342153e-01,3.362805859529069963e-01,3.285985266585704223e-01,3.208480019370648084e-01,3.130318779991457245e-01,3.051527716596368900e-01,2.972130034407906574e-01,2.892145453123230459e-01
8.780303030303030498e-01,2.860606686932546383e-01,2.939605844067048612e-01,3.018017353415988757e-01,3.095823060523129056e-01,3.173001344743288654e-01,3.249527627299759192e-01,3.325374827408341671e-01,3.400513773024992914e-01,3.474913571591158878e-01,3.548541945150539556e-01,3.621365533366477929e-01,3.693350167251529537e-01,3.764461115801646107e-01,3.834663307178026170e-01,3.903921525573071927e-01,3.972200584397019285e-01,4.039465475892927704e-01,4.105681496678679765e-01,4.170814347954148738e-01,4.234830208100587856e-01,4.297695773979019473e-01,4.359378265161592547e-01,4.419845382204838913e-01,4.479065205230929325e-01,4.537006011385322779e-01,4.593635977179294505e-01,4.648922710679485593e-01,4.702832522205587229e-01,4.755329277625810480e-01,4.806372559648194320e-01,4.855914636830593323e-01,4.903895297051519830e-01,4.950232713521048322e-01,4.994806753806383393e-01,5.037428189338151174e-01,5.077787337226578046e-01,5.115431040762790094e-01,5.150420956969413711e-01,5.189027445724534449e-01,5.243903171377306549e-01,5.290845336883811534e-01,5.326028275249423682e-01,5.357442759162790447e-01,5.387116884974459952e-01,5.415392824071488809e-01,5.442288788505302843e-01,5.467769311997453530e-01,5.491797538265655865e-01,5.514343907526823019e-01,5.535386016730530212e-01,5.554907049443361666e-01,5.572894322215267149e-01,5.589338186049395141e-01,5.604231236069218136e-01,5.617567749118848042e-01,5.629343281884627848e-01,5.639554380467918238e-01,5.648198368260218816e-01,5.655273189792064947e-01,5.660777295578997004e-01,5.664709557920805105e-01,5.667069210942845547e-01,5.667855810466896349e-01,5.667069210942835555e-01,5.664709557920801775e-01,5.660777295578999224e-01,5.655273189792058286e-01,5.648198368260205493e-01,5.639554380467911576e-01,5.629343281884634509e-01,5.617567749118842491e-01,5.604231236069223687e-01,5.589338186049388479e-01,5.572894322215267149e-01,5.554907049443359446e-01,5.535386016730537984e-01,5.514343907526826349e-01,5.491797538265669187e-01,5.467769311997460191e-01,5.442288788505303954e-01,5.415392824071477706e-01,5.387116884974457731e-01,5.357442759162792667e-01,5.326028275249424793e-01,5.290845336883807093e-01,5.243903171377297667e-01,5.189027445724541110e-01,5.150420956969422592e-01,5.115431040762791204e-01,5.077787337226576936e-01,5.037428189338146733e-01,4.994806753806386168e-01,4.950232713521044436e-01,4.903895297051526492e-01,4.855914636830591102e-01,4.806372559648193210e-01,4.755329277625827133e-01,4.702832522205598886e-01,4.648922710679486148e-01,4.593635977179290619e-01,4.537006011385315007e-01,4.479065205230934321e-01,4.419845382204846129e-01,4.359378265161602539e-01,4.297695773979005041e-01,4.234830208100591187e-01,4.170814347954150958e-01,4.105681496678684206e-01,4.039465475892931590e-01,3.972200584397006518e-01,3.903921525573070261e-01,3.834663307178035607e-01,3.764461115801659430e-01,3.693350167251553962e-01,3.621365533366468492e-01,3.548541945150529009e-01,3.474913571591161654e-01,3.400513773024992914e-01,3.325374827408340561e-01,3.249527627299765298e-01,3.173001344743289209e-01,3.095823060523123504e-01,3.018017353415994308e-01,2.939605844067053053e-01,2.860606686932535836e-01
8.818181818181818343e-01,2.830195229191944106e-01,2.908265885787594263e-01,2.985744498297203675e-01,3.062614791176588858e-01,3.138856983392422362e-01,3.214448293191971562e-01,3.289363390505117835e-01,3.363574803863927931e-01,3.437053287444689631e-01,3.509768152779230155e-01,3.581687568807306321e-01,3.652778833212438347e-01,3.723008617367071782e-01,3.792343186680116052e-01,3.860748597665188409e-01,3.928190872598741334e-01,3.994636152188163480e-01,4.060050826178118188e-01,4.124401641242770311e-01,4.187655784772693623e-01,4.249780942164466113e-01,4.310745323806897678e-01,4.370517655879165297e-01,4.429067125940095440e-01,4.486363269423506162e-01,4.542375775430069762e-01,4.597074177624424496e-01,4.650427375012768372e-01,4.702402891219892300e-01,4.752965716856967227e-01,4.802076462620376018e-01,4.849688330443400197e-01,4.895741983804455244e-01,4.940156564867465572e-01,4.982813545551583734e-01,5.023527928159899902e-01,5.062004913417110785e-01,5.097853575585834518e-01,5.131419497258743467e-01,5.169765172869241754e-01,5.222595901423795484e-01,5.266406690250485800e-01,5.299488048844299692e-01,5.329016683055486370e-01,5.356859564097574689e-01,5.383327918301027415e-01,5.408433148766672582e-01,5.432137834072168214e-01,5.454404359050778472e-01,5.475202770978139233e-01,5.494510411356424706e-01,5.512310272598003325e-01,5.528589516096358292e-01,5.543338361356716648e-01,5.556549291821571979e-01,5.568216492539304063e-01,5.578335450294297226e-01,5.586902666840248832e-01,5.593915451671565009e-01,5.599371771847153623e-01,5.603270143877846499e-01,5.605609557740295346e-01,5.606389426533855413e-01,5.605609557740302007e-01,5.603270143877848719e-01,5.599371771847139190e-01,5.593915451671558348e-01,5.586902666840259934e-01,5.578335450294296116e-01,5.568216492539305174e-01,5.556549291821569758e-01,5.543338361356727750e-01,5.528589516096352741e-01,5.512310272598002214e-01,5.494510411356414714e-01,5.475202770978138123e-01,5.454404359050791795e-01,5.432137834072163773e-01,5.408433148766670362e-01,5.383327918301017423e-01,5.356859564097572468e-01,5.329016683055487480e-01,5.299488048844299692e-01,5.266406690250484690e-01,5.222595901423791043e-01,5.169765172869227321e-01,5.131419497258756790e-01,5.097853575585844510e-01,5.062004913417103014e-01,5.023527928159891021e-01,4.982813545551583734e-01,4.940156564867473343e-01,4.895741983804475228e-01,4.849688330443398532e-01,4.802076462620376018e-01,4.752965716856972778e-01,4.702402891219892855e-01,4.650427375012755604e-01,4.597074177624428382e-01,4.542375775430082530e-01,4.486363269423496170e-01,4.429067125940085448e-01,4.370517655879165853e-01,4.310745323806915441e-01,4.249780942164479436e-01,4.187655784772683076e-01,4.124401641242781413e-01,4.060050826178104866e-01,3.994636152188165701e-01,3.928190872598737449e-01,3.860748597665197845e-01,3.792343186680135481e-01,3.723008617367076223e-01,3.652778833212453335e-01,3.581687568807312427e-01,3.509768152779251249e-01,3.437053287444695182e-01,3.363574803863920715e-01,3.289363390505111728e-01,3.214448293191974892e-01,3.138856983392414590e-01,3.062614791176594409e-01,2.985744498297203120e-01,2.908265885787602589e-01,2.830195229191955764e-01
8.856060606060607299e-01,2.800745575390504727e-01,2.877937892200544412e-01,2.954530656654839604e-01,3.030509729286763321e-01,3.105857378459386808e-01,3.180552790701238197e-01,3.254572526624650020e-01,3.327890929944439802e-01,3.400480495671293624e-01,3.472312202387101143e-01,3.543355812561724272e-01,3.613580144092418678e-01,3.682953315604741151e-01,3.751442967509455717e-01,3.819016460339553776e-01,3.885641051466561247e-01,3.951284050888627664e-01,4.015912956365935149e-01,4.079495567713053439e-01,4.142000079497134557e-01,4.203395150664104296e-01,4.263649948624674280e-01,4.322734163919385031e-01,4.380617989507114007e-01,4.437272055582832664e-01,4.492667305972123937e-01,4.546774794447436818e-01,4.599565366800372757e-01,4.651009173670866415e-01,4.701074923500648817e-01,4.749728722322394958e-01,4.796932233777743138e-01,4.842639682474067508e-01,4.886792826884435725e-01,4.929312287000880977e-01,4.970082372848277918e-01,5.008925654748116463e-01,5.045572969338939506e-01,5.079742434648973903e-01,5.112565086818268156e-01,5.150202656628906084e-01,5.200623614344592749e-01,5.241399205830428176e-01,5.272350228743326594e-01,5.300011847426052691e-01,5.326049514343501601e-01,5.350736518065342118e-01,5.374076337998295871e-01,5.396029597030804759e-01,5.416558106457289856e-01,5.435631707275646596e-01,5.453227646218217206e-01,5.469328859381801244e-01,5.483922470713733510e-01,5.496998676272581985e-01,5.508549950984322763e-01,5.518570489756765562e-01,5.527055812496250997e-01,5.534002483325909383e-01,5.539407910390279355e-01,5.543270203869339330e-01,5.545588077451103493e-01,5.546360783706771880e-01,5.545588077451109044e-01,5.543270203869342660e-01,5.539407910390280465e-01,5.534002483325903832e-01,5.527055812496236564e-01,5.518570489756763342e-01,5.508549950984326093e-01,5.496998676272594198e-01,5.483922470713732400e-01,5.469328859381800134e-01,5.453227646218216096e-01,5.435631707275654367e-01,5.416558106457293187e-01,5.396029597030808089e-01,5.374076337998305863e-01,5.350736518065342118e-01,5.326049514343510483e-01,5.300011847426051581e-01,5.272350228743323264e-01,5.241399205830432617e-01,5.200623614344593859e-01,5.150202656628896092e-01,5.112565086818270377e-01,5.079742434648983895e-01,5.045572969338949498e-01,5.008925654748130896e-01,4.970082372848287355e-01,4.929312287000876536e-01,4.886792826884445717e-01,4.842639682474079721e-01,4.796932233777748134e-01,4.749728722322388297e-01,4.701074923500651592e-01,4.651009173670854202e-01,4.599565366800386079e-01,4.546774794447434598e-01,4.492667305972120051e-01,4.437272055582824892e-01,4.380617989507115673e-01,4.322734163919372263e-01,4.263649948624662622e-01,4.203395150664110402e-01,4.142000079497134557e-01,4.079495567713061210e-01,4.015912956365939035e-01,3.951284050888633215e-01,3.885641051466559026e-01,3.819016460339561547e-01,3.751442967509450721e-01,3.682953315604736155e-01,3.613580144092408131e-01,3.543355812561729823e-01,3.472312202387102253e-01,3.400480495671274195e-01,3.327890929944456455e-01,3.254572526624641693e-01,3.180552790701248189e-01,3.105857378459393470e-01,3.030509729286774423e-01,2.954530656654835719e-01,2.877937892200535530e-01,2.800745575390491959e-01
8.893939393939394034e-01,2.772861386651008786e-01,2.849238238865492989e-01,2.925005017690638920e-01,3.000149935395221568e-01,3.074657485204072560e-01,3.148508964594909365e-01,3.221682940826254837e-01,3.294155667083383809e-01,3.365901455975860990e-01,3.436893015801451012e-01,3.507101753938511868e-01,3.576498050875845380e-01,3.645051507695235560e-01,3.712731169246796248e-01,3.779505724770899633e-01,3.845343687297890223e-01,3.910213552768969647e-01,3.974083939447576319e-01,4.036923707796606919e-01,4.098702060552254500e-01,4.159388622178323835e-01,4.218953496171108375e-01,4.277367297704626203e-01,4.334601157705107455e-01,4.390626692384385632e-01,4.445415929151906309e-01,4.498941175026884842e-01,4.551174806092546654e-01,4.602088944297518247e-01,4.651654967681231323e-01,4.699842765863511684e-01,4.746619593325104303e-01,4.791948268133554567e-01,4.835784276267918735e-01,4.878071011720708783e-01,4.918731861531481231e-01,4.957657453799745317e-01,4.994689752278396733e-01,5.029657851831473847e-01,5.062599172364102840e-01,5.093664374300295172e-01,5.130967857022794565e-01,5.179149540980129141e-01,5.216845292645011511e-01,5.245680174794085104e-01,5.271504069651881119e-01,5.295768109694953818e-01,5.318704462123079457e-01,5.340308274837949343e-01,5.360538387838703622e-01,5.379356278195815966e-01,5.396731788752550107e-01,5.412642241014453681e-01,5.427070656908361546e-01,5.440004246797154330e-01,5.451433296788965599e-01,5.461350382123612013e-01,5.469749815983825370e-01,5.476627262817629349e-01,5.481979466609044893e-01,5.485804060826766637e-01,5.488099438149470766e-01,5.488864665850411440e-01,5.488099438149476317e-01,5.485804060826772188e-01,5.481979466609048224e-01,5.476627262817634900e-01,5.469749815983808716e-01,5.461350382123614233e-01,5.451433296788967819e-01,5.440004246797135457e-01,5.427070656908355994e-01,5.412642241014451461e-01,5.396731788752557879e-01,5.379356278195807084e-01,5.360538387838705843e-01,5.340308274837956004e-01,5.318704462123077237e-01,5.295768109694960479e-01,5.271504069651881119e-01,5.245680174794100648e-01,5.216845292645007071e-01,5.179149540980124700e-01,5.130967857022801226e-01,5.093664374300290731e-01,5.062599172364112832e-01,5.029657851831477178e-01,4.994689752278397843e-01,4.957657453799747538e-01,4.918731861531484006e-01,4.878071011720711558e-01,4.835784276267921511e-01,4.791948268133555677e-01,4.746619593325110409e-01,4.699842765863528893e-01,4.651654967681239650e-01,4.602088944297524353e-01,4.551174806092552760e-01,4.498941175026889838e-01,4.445415929151909640e-01,4.390626692384380636e-01,4.334601157705113561e-01,4.277367297704613436e-01,4.218953496171115591e-01,4.159388622178327721e-01,4.098702060552257276e-01,4.036923707796609695e-01,3.974083939447588532e-01,3.910213552768980749e-01,3.845343687297880786e-01,3.779505724770901853e-01,3.712731169246817342e-01,3.645051507695255544e-01,3.576498050875825951e-01,3.507101753938517419e-01,3.436893015801453233e-01,3.365901455975854883e-01,3.294155667083403238e-01,3.221682940826253172e-01,3.148508964594920467e-01,3.074657485204070340e-01,3.000149935395223788e-01,2.925005017690641695e-01,2.849238238865503536e-01,2.772861386651006566e-01
8.931818181818182989e-01,2.746484819082103401e-01,2.822106114503342145e-01,2.897104124623586796e-01,2.971469601700895691e-01,3.045189417089465000e-01,3.118247103823892918e-01,3.190623336988808179e-01,3.262296361329913852e-01,3.333242373654818902e-01,3.403435866071180538e-01,3.472849934922027648e-01,3.541456559329989595e-01,3.609226852497065541e-01,3.676131288283892573e-01,3.742139905075801409e-01,3.807222488505114799e-01,3.871348734213531095e-01,3.934488391484147196e-01,3.996611388222203742e-01,4.057687937392623900e-01,4.117688624593320301e-01,4.176584475914148498e-01,4.234347004533630110e-01,4.290948233544737422e-01,4.346360691131763154e-01,4.400557372210023854e-01,4.453511657624329989e-01,4.505197177379693940e-01,4.555587597154820423e-01,4.604656295846853431e-01,4.652375883262855338e-01,4.698717476470459231e-01,4.743649602820276256e-01,4.787136515908131940e-01,4.829135590524852306e-01,4.869593358661845617e-01,4.908440175207228195e-01,4.945589126434642990e-01,4.981187220730344256e-01,5.014406456989262129e-01,5.045265135652433619e-01,5.075188165478086155e-01,5.112368908028425141e-01,5.158090391098194560e-01,5.192729199295736953e-01,5.219484641657072821e-01,5.243504563729174395e-01,5.266027579045583495e-01,5.287244442572396341e-01,5.307142113040241860e-01,5.325677919642411995e-01,5.342813254510417886e-01,5.358518163973680082e-01,5.372770207069911264e-01,5.385552628445784418e-01,5.396852846490582944e-01,5.406661351507190405e-01,5.414970931549829558e-01,5.421776133580600288e-01,5.427072889240375231e-01,5.430858256362217640e-01,5.433130243813981686e-01,5.433887698798907095e-01,5.433130243813979465e-01,5.430858256362216530e-01,5.427072889240386333e-01,5.421776133580609169e-01,5.414970931549835109e-01,5.406661351507185964e-01,5.396852846490590716e-01,5.385552628445777756e-01,5.372770207069912374e-01,5.358518163973695625e-01,5.342813254510421217e-01,5.325677919642419766e-01,5.307142113040246301e-01,5.287244442572385239e-01,5.266027579045591267e-01,5.243504563729172174e-01,5.219484641657072821e-01,5.192729199295744724e-01,5.158090391098202332e-01,5.112368908028414038e-01,5.075188165478089486e-01,5.045265135652443611e-01,5.014406456989266569e-01,4.981187220730348142e-01,4.945589126434652982e-01,4.908440175207230416e-01,4.869593358661840066e-01,4.829135590524856747e-01,4.787136515908126388e-01,4.743649602820285138e-01,4.698717476470459786e-01,4.652375883262855338e-01,4.604656295846852876e-01,4.555587597154834856e-01,4.505197177379688389e-01,4.453511657624329434e-01,4.400557372210023854e-01,4.346360691131755938e-01,4.290948233544738533e-01,4.234347004533641212e-01,4.176584475914149608e-01,4.117688624593315305e-01,4.057687937392630562e-01,3.996611388222205408e-01,3.934488391484128322e-01,3.871348734213536091e-01,3.807222488505109248e-01,3.742139905075803075e-01,3.676131288283883691e-01,3.609226852497068316e-01,3.541456559329971832e-01,3.472849934921991566e-01,3.403435866071159999e-01,3.333242373654818902e-01,3.262296361329904970e-01,3.190623336988813730e-01,3.118247103823896249e-01,3.045189417089457784e-01,2.971469601700904573e-01,2.897104124623579025e-01,2.822106114503354357e-01,2.746484819082102846e-01
8.969696969696969724e-01,2.721485450869476352e-01,2.796406415069292994e-01,2.870688444799849859e-01,2.944325002137474501e-01,3.017305474992353354e-01,3.089615744611772241e-01,3.161238685452982811e-01,3.232154608129180762e-01,3.302341653933582033e-01,3.371776147730485285e-01,3.440432914658049790e-01,3.508285565022310482e-01,3.575306750911097509e-01,3.641468397371714905e-01,3.706741910435646381e-01,3.771098363808715326e-01,3.834508665648173609e-01,3.896943706496521220e-01,3.958374489114895867e-01,4.018772240631933168e-01,4.078108507073062716e-01,4.136355229927184962e-01,4.193484803899240054e-01,4.249470114329072512e-01,4.304284551838505890e-01,4.357902000468318326e-01,4.410296793680950067e-01,4.461443629815162737e-01,4.511317434397415504e-01,4.559893150376546633e-01,4.607145427724363418e-01,4.653048169422951408e-01,4.697573870417701136e-01,4.740692662501446719e-01,4.782370976920578554e-01,4.822569905079271968e-01,4.861244615105260181e-01,4.898358613119611626e-01,4.934040241428587215e-01,4.967537978380979213e-01,4.998912075187273429e-01,5.028160041674578640e-01,5.057146113321820957e-01,5.094250677663815230e-01,5.137236022606544994e-01,5.168886498032314591e-01,5.193612703898465854e-01,5.215864709000427313e-01,5.236679258565537509e-01,5.256207375013353111e-01,5.274428385487626159e-01,5.291298468857842385e-01,5.306779198366491368e-01,5.320841027377717358e-01,5.333461915720152380e-01,5.344625469929602524e-01,5.354319443024951886e-01,5.362534651915950024e-01,5.369264222233064432e-01,5.374503067550038260e-01,5.378247533319547857e-01,5.380495158079752205e-01,5.381244521168124795e-01,5.380495158079756646e-01,5.378247533319551188e-01,5.374503067550038260e-01,5.369264222233074424e-01,5.362534651915942252e-01,5.354319443024943004e-01,5.344625469929600303e-01,5.333461915720142388e-01,5.320841027377716248e-01,5.306779198366495809e-01,5.291298468857832393e-01,5.274428385487632820e-01,5.256207375013356442e-01,5.236679258565527517e-01,5.215864709000433974e-01,5.193612703898455862e-01,5.168886498032329024e-01,5.137236022606542774e-01,5.094250677663811899e-01,5.057146113321809855e-01,5.028160041674574199e-01,4.998912075187266213e-01,4.967537978380990316e-01,4.934040241428584994e-01,4.898358613119609961e-01,4.861244615105259625e-01,4.822569905079286956e-01,4.782370976920579109e-01,4.740692662501447829e-01,4.697573870417693920e-01,4.653048169422946967e-01,4.607145427724348985e-01,4.559893150376538307e-01,4.511317434397422721e-01,4.461443629815173284e-01,4.410296793680939520e-01,4.357902000468314996e-01,4.304284551838507000e-01,4.249470114329090276e-01,4.193484803899230062e-01,4.136355229927171639e-01,4.078108507073061051e-01,4.018772240631912074e-01,3.958374489114885875e-01,3.896943706496518445e-01,3.834508665648164172e-01,3.771098363808712550e-01,3.706741910435649712e-01,3.641468397371727117e-01,3.575306750911101950e-01,3.508285565022300490e-01,3.440432914658050345e-01,3.371776147730474182e-01,3.302341653933564269e-01,3.232154608129166884e-01,3.161238685452977260e-01,3.089615744611786674e-01,3.017305474992350578e-01,2.944325002137481162e-01,2.870688444799858186e-01,2.796406415069296880e-01,2.721485450869476908e-01
9.007575757575758679e-01,2.697638060246936309e-01,2.771907012223210898e-01,2.845519173586410488e-01,2.918470874105894564e-01,2.990754147181432510e-01,3.062357327449762301e-01,3.133265574442484214e-01,3.203461334419426820e-01,3.272924749970029801e-01,3.341634025018189180e-01,3.409565751340175033e-01,3.476695201504413912e-01,3.542996592192264593e-01,3.608443321097124512e-01,3.673008179985571831e-01,3.736663546000977276e-01,3.799381552870486067e-01,3.861134243316478032e-01,3.921893703652767904e-01,3.981632181245157165e-01,4.040322185212869566e-01,4.097936570420357971e-01,4.154448604429267222e-01,4.209832016606740446e-01,4.264061027974032636e-01,4.317110359547056686e-01,4.368955215774823486e-01,4.419571238071789421e-01,4.468934421183419214e-01,4.517020982001199725e-01,4.563807166347864652e-01,4.609268974678117359e-01,4.653381785584441710e-01,4.696119869242965095e-01,4.737455865601536420e-01,4.777360717384470656e-01,4.815807071603731004e-01,4.852815215039805730e-01,4.888361228974517081e-01,4.921949459761766343e-01,4.953648042452498124e-01,4.983296779521677045e-01,5.011033667315614171e-01,5.039283816316475484e-01,5.076236418995532240e-01,5.116210786288445389e-01,5.144977570412109236e-01,5.167732774004449858e-01,5.188253682345914664e-01,5.207391543966235492e-01,5.225260693250021182e-01,5.241833684383039316e-01,5.257065970477443617e-01,5.270919584380320266e-01,5.283365593174104147e-01,5.294382524590501848e-01,5.303954493358635780e-01,5.312069725158969913e-01,5.318719502620349315e-01,5.323897437090362450e-01,5.327598973735413468e-01,5.329821062406168153e-01,5.330561949398738841e-01,5.329821062406165932e-01,5.327598973735422350e-01,5.323897437090353568e-01,5.318719502620339323e-01,5.312069725158962141e-01,5.303954493358638000e-01,5.294382524590511840e-01,5.283365593174117469e-01,5.270919584380315825e-01,5.257065970477438066e-01,5.241833684383037095e-01,5.225260693250025623e-01,5.207391543966232161e-01,5.188253682345923545e-01,5.167732774004450969e-01,5.144977570412105905e-01,5.116210786288443169e-01,5.076236418995528910e-01,5.039283816316472153e-01,5.011033667315625273e-01,4.983296779521679265e-01,4.953648042452508116e-01,4.921949459761766343e-01,4.888361228974514860e-01,4.852815215039811836e-01,4.815807071603726008e-01,4.777360717384485089e-01,4.737455865601537530e-01,4.696119869242948441e-01,4.653381785584439490e-01,4.609268974678103481e-01,4.563807166347872979e-01,4.517020982001193619e-01,4.468934421183406447e-01,4.419571238071794972e-01,4.368955215774819045e-01,4.317110359547047804e-01,4.264061027974014317e-01,4.209832016606744887e-01,4.154448604429256675e-01,4.097936570420357971e-01,4.040322185212851802e-01,3.981632181245163271e-01,3.921893703652761243e-01,3.861134243316471926e-01,3.799381552870490508e-01,3.736663546000972280e-01,3.673008179985578492e-01,3.608443321097122847e-01,3.542996592192264593e-01,3.476695201504405586e-01,3.409565751340176698e-01,3.341634025018202503e-01,3.272924749970022584e-01,3.203461334419433482e-01,3.133265574442496981e-01,3.062357327449765076e-01,2.990754147181433065e-01,2.918470874105903445e-01,2.845519173586415485e-01,2.771907012223209232e-01,2.697638060246938529e-01
9.045454545454545414e-01,2.674449639410346191e-01,2.748100999382262488e-01,2.821075775392526408e-01,2.893373314957184417e-01,2.964988420098179644e-01,3.035911979915821846e-01,3.106131522029061953e-01,3.175631696598402720e-01,3.244394703743842534e-01,3.312400672940511992e-01,3.379628001244436852e-01,3.446053655848009267e-01,3.511653445399290918e-01,3.576402263671318305e-01,3.640274308489747646e-01,3.703243278276340811e-01,3.765282548115337358e-01,3.826365326871117856e-01,3.886464796561269752e-01,3.945554234897896695e-01,4.003607121636921229e-01,4.060597229101079453e-01,4.116498696947827329e-01,4.171286090917329381e-01,4.224934444889170693e-01,4.277419285068158605e-01,4.328716634473318003e-01,4.378802995088959538e-01,4.427655304063661812e-01,4.475250859357107758e-01,4.521567209825814171e-01,4.566582006861424903e-01,4.610272825761669302e-01,4.652617007427722329e-01,4.693591734176231767e-01,4.733175292078353746e-01,4.771355513997568298e-01,4.808305191655539712e-01,4.843497012474033414e-01,4.877034939969673299e-01,4.908847785634671279e-01,4.938802329067970565e-01,4.966778479970468396e-01,4.993108320644700782e-01,5.020824701911844601e-01,5.057411661693763660e-01,5.094142968592640930e-01,5.120156195129775822e-01,5.141001372878835074e-01,5.159826515581862338e-01,5.177317157944971715e-01,5.193554881670856549e-01,5.208506538077161130e-01,5.222127327135864805e-01,5.234380032253592718e-01,5.245236548563938506e-01,5.254676149310431033e-01,5.262683619438549565e-01,5.269247817796619549e-01,5.274360663001679272e-01,5.278016442919923890e-01,5.280211357604094324e-01,5.280943231919453806e-01,5.280211357604099875e-01,5.278016442919921669e-01,5.274360663001677052e-01,5.269247817796605116e-01,5.262683619438555116e-01,5.254676149310431033e-01,5.245236548563934065e-01,5.234380032253583837e-01,5.222127327135873687e-01,5.208506538077157799e-01,5.193554881670856549e-01,5.177317157944960613e-01,5.159826515581845685e-01,5.141001372878841735e-01,5.120156195129766941e-01,5.094142968592646481e-01,5.057411661693760330e-01,5.020824701911834609e-01,4.993108320644701892e-01,4.966778479970467286e-01,4.938802329067982777e-01,4.908847785634667948e-01,4.877034939969677185e-01,4.843497012474036190e-01,4.808305191655539712e-01,4.771355513997566078e-01,4.733175292078362628e-01,4.693591734176240649e-01,4.652617007427702900e-01,4.610272825761685955e-01,4.566582006861418241e-01,4.521567209825811395e-01,4.475250859357086108e-01,4.427655304063682351e-01,4.378802995088962868e-01,4.328716634473310232e-01,4.277419285068177479e-01,4.224934444889181795e-01,4.171286090917317169e-01,4.116498696947828995e-01,4.060597229101079453e-01,4.003607121636921229e-01,3.945554234897889478e-01,3.886464796561272528e-01,3.826365326871112860e-01,3.765282548115325700e-01,3.703243278276353578e-01,3.640274308489758193e-01,3.576402263671325521e-01,3.511653445399278151e-01,3.446053655848014818e-01,3.379628001244431301e-01,3.312400672940523094e-01,3.244394703743844754e-01,3.175631696598409937e-01,3.106131522029074166e-01,3.035911979915821846e-01,2.964988420098186306e-01,2.893373314957193299e-01,2.821075775392534735e-01,2.748100999382264709e-01,2.674449639410346191e-01
9.083333333333334370e-01,2.652470436299650958e-01,2.725552707277246189e-01,2.797936615898417023e-01,2.869624674513276963e-01,2.940614573498496198e-01,3.010899853726995978e-01,3.080470489830264835e-01,3.149313399740980568e-01,3.217412892687632198e-01,3.284751065275993698e-01,3.351308153335173512e-01,3.417062845680547412e-01,3.481992564751201780e-01,3.546073718133340158e-01,3.609281924228764371e-01,3.671592214721634551e-01,3.732979216006683809e-01,3.793417311337155540e-01,3.852880785112819950e-01,3.911343950437361494e-01,3.968781260815935075e-01,4.025167406622909838e-01,4.080477396734680795e-01,4.134686625480166189e-01,4.187770924802709516e-01,4.239706601246662210e-01,4.290470457091292711e-01,4.340039794703514642e-01,4.388392403126756269e-01,4.435506526488978696e-01,4.481360816168372119e-01,4.525934276094206177e-01,4.569206233152137697e-01,4.611156437069943714e-01,4.651765660675267755e-01,4.691018457223009586e-01,4.728921408440980301e-01,4.765592215025573064e-01,4.800551364853521408e-01,4.833955709819837132e-01,4.865746990108857917e-01,4.895830271742744877e-01,4.924084572926519243e-01,4.950450623258342842e-01,4.975501644941560109e-01,5.002880732413838016e-01,5.038763633593907887e-01,5.072110501444314634e-01,5.095525545481285334e-01,5.114528992777354066e-01,5.131698564833364617e-01,5.147575616576922641e-01,5.162213398895056926e-01,5.175574228292175727e-01,5.187613528889841730e-01,5.198295118061204700e-01,5.207591932423091263e-01,5.215484178012785854e-01,5.221957493549163054e-01,5.227001566725746340e-01,5.230609174441190889e-01,5.232775546025432156e-01,5.233497964095963351e-01,5.232775546025431046e-01,5.230609174441186449e-01,5.227001566725748560e-01,5.221957493549159723e-01,5.215484178012784744e-01,5.207591932423089043e-01,5.198295118061208031e-01,5.187613528889851722e-01,5.175574228292182388e-01,5.162213398895061367e-01,5.147575616576919311e-01,5.131698564833372389e-01,5.114528992777357397e-01,5.095525545481291996e-01,5.072110501444309083e-01,5.038763633593915658e-01,5.002880732413840237e-01,4.975501644941561219e-01,4.950450623258351723e-01,4.924084572926529790e-01,4.895830271742734885e-01,4.865746990108848480e-01,4.833955709819837132e-01,4.800551364853524738e-01,4.765592215025579725e-01,4.728921408440975305e-01,4.691018457222990712e-01,4.651765660675262759e-01,4.611156437069943714e-01,4.569206233152132146e-01,4.525934276094214503e-01,4.481360816168375449e-01,4.435506526488988133e-01,4.388392403126746832e-01,4.340039794703512976e-01,4.290470457091283829e-01,4.239706601246678308e-01,4.187770924802703409e-01,4.134686625480157862e-01,4.080477396734673023e-01,4.025167406622889299e-01,3.968781260815928413e-01,3.911343950437360384e-01,3.852880785112823281e-01,3.793417311337156095e-01,3.732979216006674927e-01,3.671592214721625669e-01,3.609281924228766592e-01,3.546073718133342934e-01,3.481992564751191233e-01,3.417062845680548522e-01,3.351308153335174067e-01,3.284751065276001469e-01,3.217412892687628312e-01,3.149313399740987229e-01,3.080470489830259284e-01,3.010899853726992093e-01,2.940614573498488982e-01,2.869624674513265861e-01,2.797936615898419799e-01,2.725552707277246189e-01,2.652470436299645962e-01
9.121212121212121104e-01,2.631629416659605480e-01,2.704188787333981492e-01,2.776026119791653590e-01,2.847147238876541198e-01,2.917552843542310370e-01,2.987239224206998944e-01,3.056198881898915531e-01,3.124421066650754364e-01,3.191892248820473732e-01,3.258596534139203138e-01,3.324516031073916356e-01,3.389631177376591920e-01,3.453921031350833948e-01,3.517363532311381102e-01,3.579935733875027615e-01,3.641614013052693610e-01,3.702374257574801431e-01,3.762192033444564099e-01,3.821042734354876957e-01,3.878901714305114656e-01,3.935744404499381122e-01,3.991546415387594582e-01,4.046283624514738220e-01,4.099932250669085509e-01,4.152468914668611677e-01,4.203870687014472085e-01,4.254115122615758637e-01,4.303180282972771664e-01,4.351044746869280333e-01,4.397687612459868500e-01,4.443088498391225549e-01,4.487227564105036870e-01,4.530085604554698886e-01,4.571644385289738155e-01,4.611887810296078083e-01,4.650806886555165498e-01,4.688451313430310186e-01,4.724774124321169944e-01,4.759483427557419377e-01,4.792702536569668492e-01,4.824387158206204229e-01,4.854470219161783895e-01,4.882860898680673745e-01,4.909459352155108314e-01,4.934286433626020041e-01,4.958206411696787219e-01,4.985403832795929358e-01,5.020133750370175951e-01,5.050054266843123640e-01,5.071034938575659234e-01,5.088264610316017844e-01,5.103818478117863044e-01,5.118115265230431810e-01,5.131184442141153434e-01,5.142984997588067042e-01,5.153473064054948649e-01,5.162613783857183947e-01,5.170381366524381406e-01,5.176757170023569277e-01,5.181727919192528065e-01,5.185284396690168496e-01,5.187420559538912235e-01,5.188132983562900868e-01,5.187420559538907794e-01,5.185284396690161834e-01,5.181727919192530285e-01,5.176757170023568166e-01,5.170381366524379185e-01,5.162613783857186167e-01,5.153473064054939767e-01,5.142984997588062601e-01,5.131184442141148994e-01,5.118115265230440691e-01,5.103818478117849722e-01,5.088264610316013403e-01,5.071034938575660345e-01,5.050054266843100326e-01,5.020133750370180392e-01,4.985403832795946566e-01,4.958206411696783888e-01,4.934286433626020041e-01,4.909459352155121636e-01,4.882860898680683182e-01,4.854470219161786670e-01,4.824387158206194792e-01,4.792702536569653504e-01,4.759483427557419377e-01,4.724774124321163282e-01,4.688451313430315182e-01,4.650806886555153841e-01,4.611887810296071977e-01,4.571644385289726498e-01,4.530085604554690004e-01,4.487227564105043531e-01,4.443088498391217223e-01,4.397687612459860174e-01,4.351044746869295876e-01,4.303180282972757786e-01,4.254115122615760303e-01,4.203870687014463203e-01,4.152468914668621669e-01,4.099932250669068301e-01,4.046283624514739330e-01,3.991546415387593472e-01,3.935744404499375571e-01,3.878901714305127979e-01,3.821042734354893611e-01,3.762192033444563544e-01,3.702374257574794769e-01,3.641614013052693055e-01,3.579935733875020953e-01,3.517363532311378327e-01,3.453921031350835613e-01,3.389631177376597471e-01,3.324516031073921907e-01,3.258596534139197587e-01,3.191892248820464850e-01,3.124421066650743262e-01,3.056198881898918862e-01,2.987239224206990618e-01,2.917552843542303154e-01,2.847147238876543418e-01,2.776026119791669688e-01,2.704188787333970390e-01,2.631629416659597154e-01
9.159090909090910060e-01,2.611939981796371213e-01,2.684022817378248216e-01,2.755358068231769653e-01,2.825955022268170636e-01,2.895817509495103859e-01,2.964944669421560319e-01,3.033331610267480105e-01,3.100969979621087669e-01,3.167848461889373746e-01,3.233953214629762818e-01,3.299268253351945734e-01,3.363775792452208813e-01,3.427456548438184702e-01,3.490290010424972889e-01,3.552254681951719228e-01,3.613328297427806923e-01,3.673488015926414940e-01,3.732710594565694096e-01,3.790972543332226108e-01,3.848250262886515616e-01,3.904520166632042266e-01,3.959758788119130402e-01,4.013942874685392237e-01,4.067049468109495969e-01,4.119055972986067071e-01,4.169940213551765473e-01,4.219680479886618873e-01,4.268255564957691428e-01,4.315644795268421818e-01,4.361828060893062631e-01,4.406785857859020217e-01,4.450499374048278445e-01,4.492950700788654883e-01,4.534123419167821467e-01,4.574004513583861398e-01,4.612593425347864540e-01,4.650047032077151976e-01,4.685927741139386260e-01,4.720372720262592803e-01,4.753375015326065656e-01,4.784900364005498230e-01,4.814900099387161014e-01,4.843308760140906943e-01,4.870044040665477691e-01,4.895035270975700015e-01,4.918406366329342583e-01,4.941361662866514126e-01,4.968459333487783014e-01,5.001524512759321084e-01,5.028073555109414672e-01,5.046782542235823676e-01,5.062304660488554653e-01,5.076282558439393355e-01,5.089032594141826848e-01,5.100564866029556610e-01,5.110836239996160435e-01,5.119804056879665444e-01,5.127435103563441343e-01,5.133705138966767612e-01,5.138596958222106936e-01,5.142098698663205569e-01,5.144202636564130238e-01,5.144904418041845728e-01,5.144202636564141340e-01,5.142098698663212231e-01,5.138596958222093614e-01,5.133705138966767612e-01,5.127435103563434682e-01,5.119804056879659893e-01,5.110836239996169317e-01,5.100564866029554389e-01,5.089032594141822408e-01,5.076282558439392245e-01,5.062304660488553543e-01,5.046782542235825897e-01,5.028073555109402459e-01,5.001524512759322194e-01,4.968459333487775798e-01,4.941361662866519122e-01,4.918406366329344803e-01,4.895035270975697794e-01,4.870044040665478247e-01,4.843308760140904168e-01,4.814900099387156018e-01,4.784900364005509332e-01,4.753375015326055109e-01,4.720372720262604460e-01,4.685927741139373492e-01,4.650047032077136988e-01,4.612593425347870646e-01,4.574004513583872500e-01,4.534123419167830904e-01,4.492950700788641005e-01,4.450499374048280110e-01,4.406785857859019107e-01,4.361828060893064851e-01,4.315644795268416822e-01,4.268255564957686987e-01,4.219680479886617763e-01,4.169940213551756036e-01,4.119055972986082614e-01,4.067049468109498189e-01,4.013942874685397788e-01,3.959758788119138173e-01,3.904520166632050593e-01,3.848250262886502293e-01,3.790972543332226663e-01,3.732710594565686879e-01,3.673488015926421602e-01,3.613328297427821911e-01,3.552254681951712012e-01,3.490290010424995093e-01,3.427456548438177486e-01,3.363775792452206037e-01,3.299268253351958502e-01,3.233953214629753936e-01,3.167848461889393175e-01,3.100969979621093775e-01,3.033331610267507861e-01,2.964944669421554768e-01,2.895817509495099418e-01,2.825955022268174521e-01,2.755358068231787416e-01,2.684022817378252102e-01,2.611939981796371213e-01
9.196969696969696795e-01,2.593246138977673976e-01,2.664894156658865199e-01,2.735767266371981199e-01,2.805878376132735497e-01,2.875234574989767866e-01,2.943837955863028988e-01,3.011686319145059354e-01,3.078773779131016020e-01,3.145091290468893241e-01,3.210627108135114538e-01,3.275367191628407171e-01,3.339295561909086385e-01,3.402394617927795295e-01,3.464645418274489574e-01,3.526027932441259116e-01,3.586521265373675549e-01,3.646103858331968262e-01,3.704753668561069913e-01,3.762448329850038853e-01,3.819165295725365228e-01,3.874881966755088780e-01,3.929575803232751574e-01,3.983224424358435822e-01,4.035805694947370292e-01,4.087297800693804883e-01,4.137679313154778993e-01,4.186929246004170713e-01,4.235027104986380797e-01,4.281952935919086656e-01,4.327687379358024500e-01,4.372211750522052576e-01,4.415508188513831422e-01,4.457559992312044583e-01,4.498352517319332278e-01,4.537876233844862495e-01,4.576145420843931166e-01,4.613262311411304162e-01,4.648824979938465107e-01,4.682996022403124181e-01,4.715761582190449164e-01,4.747094319345094848e-01,4.776957631484531897e-01,4.805303721081837232e-01,4.832071241392049132e-01,4.857190214494314096e-01,4.880628764147483256e-01,4.902640213695573235e-01,4.924804376013200979e-01,4.951759669422953758e-01,4.982647198767593544e-01,5.005974213212549540e-01,5.022570227076876836e-01,5.036447602223105280e-01,5.048887668770604131e-01,5.060123558687391609e-01,5.070150211477684188e-01,5.078923519344287207e-01,5.086402519015202905e-01,5.092555986101661158e-01,5.097361568737888149e-01,5.100803892737219014e-01,5.102872999838967694e-01,5.103563302359174214e-01,5.102872999838975465e-01,5.100803892737207912e-01,5.097361568737883708e-01,5.092555986101665599e-01,5.086402519015206236e-01,5.078923519344274995e-01,5.070150211477684188e-01,5.060123558687399381e-01,5.048887668770581927e-01,5.036447602223103059e-01,5.022570227076879057e-01,5.005974213212562862e-01,4.982647198767586882e-01,4.951759669422951537e-01,4.924804376013218743e-01,4.902640213695581006e-01,4.880628764147486032e-01,4.857190214494305214e-01,4.832071241392047467e-01,4.805303721081834456e-01,4.776957631484521904e-01,4.747094319345101510e-01,4.715761582190458046e-01,4.682996022403135838e-01,4.648824979938449009e-01,4.613262311411297500e-01,4.576145420843930611e-01,4.537876233844858609e-01,4.498352517319351151e-01,4.457559992312042918e-01,4.415508188513832533e-01,4.372211750522055906e-01,4.327687379358028941e-01,4.281952935919086656e-01,4.235027104986365254e-01,4.186929246004166272e-01,4.137679313154785654e-01,4.087297800693805994e-01,4.035805694947379729e-01,3.983224424358440263e-01,3.929575803232744913e-01,3.874881966755090446e-01,3.819165295725358011e-01,3.762448329850035522e-01,3.704753668561072688e-01,3.646103858331950498e-01,3.586521265373668887e-01,3.526027932441261337e-01,3.464645418274497901e-01,3.402394617927803067e-01,3.339295561909075838e-01,3.275367191628424934e-01,3.210627108135105656e-01,3.145091290468916556e-01,3.078773779131015464e-01,3.011686319145051582e-01,2.943837955863030098e-01,2.875234574989771197e-01,2.805878376132740493e-01,2.735767266371996187e-01,2.664894156658866864e-01,2.593246138977663429e-01
9.234848484848485750e-01,2.575411842360235681e-01,2.646665035691139756e-01,2.717114363797419885e-01,2.786776514869622745e-01,2.855661966794614259e-01,2.923775871084396405e-01,2.991118805387846247e-01,3.057687419339402135e-01,3.123474992974298869e-01,3.188471922779467227e-01,3.252666147283916898e-01,3.316043521663598614e-01,3.378588148953771686e-01,3.440282673997163143e-01,3.501108545103399083e-01,3.561046247487542615e-01,3.620075511833694692e-01,3.678175500756458716e-01,3.735324975476509435e-01,3.791502444664202609e-01,3.846686297123809162e-01,3.900854919779411234e-01,3.953986802284523705e-01,4.006060629519611616e-01,4.057055363299861273e-01,4.106950314855796202e-01,4.155725210222502297e-01,4.203360251898094480e-01,4.249836182728360390e-01,4.295134363700117697e-01,4.339236890838565341e-01,4.382126811738659700e-01,4.423788609653613868e-01,4.464209530162888684e-01,4.503384630347336270e-01,4.541375342287075623e-01,4.578106118275647174e-01,4.613359765746856689e-01,4.647253006645869489e-01,4.679771164983323462e-01,4.710891697467923245e-01,4.740586021540559858e-01,4.768818204127197036e-01,4.795542862163721387e-01,4.820704805315391694e-01,4.844250840403948599e-01,4.866199507733121044e-01,4.886962253351620489e-01,4.908502736364149244e-01,4.935133433313353968e-01,4.963406450934470526e-01,4.983719255401803383e-01,4.998348171889074321e-01,5.010640264274499600e-01,5.021580584597670205e-01,5.031335695994263446e-01,5.039889149372223098e-01,5.047196959862838561e-01,5.053220394141798577e-01,5.057930661659550964e-01,5.061307796592171560e-01,5.063338879238284962e-01,5.064016681562927280e-01,5.063338879238273860e-01,5.061307796592172670e-01,5.057930661659543192e-01,5.053220394141794136e-01,5.047196959862849663e-01,5.039889149372216437e-01,5.031335695994246793e-01,5.021580584597676866e-01,5.010640264274488498e-01,4.998348171889070990e-01,4.983719255401817816e-01,4.963406450934472192e-01,4.935133433313350082e-01,4.908502736364147023e-01,4.886962253351627705e-01,4.866199507733125484e-01,4.844250840403949154e-01,4.820704805315380592e-01,4.795542862163723608e-01,4.768818204127194260e-01,4.740586021540562078e-01,4.710891697467923800e-01,4.679771164983319576e-01,4.647253006645868934e-01,4.613359765746847807e-01,4.578106118275648284e-01,4.541375342287083394e-01,4.503384630347351258e-01,4.464209530162898121e-01,4.423788609653615533e-01,4.382126811738654704e-01,4.339236890838567562e-01,4.295134363700105484e-01,4.249836182728357614e-01,4.203360251898098920e-01,4.155725210222503962e-01,4.106950314855788431e-01,4.057055363299869044e-01,4.006060629519605509e-01,3.953986802284520374e-01,3.900854919779425112e-01,3.846686297123808607e-01,3.791502444664199278e-01,3.735324975476504439e-01,3.678175500756459271e-01,3.620075511833684700e-01,3.561046247487541505e-01,3.501108545103394643e-01,3.440282673997162588e-01,3.378588148953777237e-01,3.316043521663576965e-01,3.252666147283905240e-01,3.188471922779465006e-01,3.123474992974328845e-01,3.057687419339422674e-01,2.991118805387847357e-01,2.923775871084399181e-01,2.855661966794624251e-01,2.786776514869619414e-01,2.717114363797418219e-01,2.646665035691138645e-01,2.575411842360233461e-01
9.272727272727273595e-01,2.558531068009823328e-01,2.629430018508271960e-01,2.699494373444167317e-01,2.768744773757232380e-01,2.837195226653015934e-01,2.904854056722797617e-01,2.971724712211604169e-01,3.037806454173351267e-01,3.103094949998830288e-01,3.167582788109435943e-01,3.231259927053041214e-01,3.294114089514523780e-01,3.356131109653681666e-01,3.417295240548591795e-01,3.477589427242858688e-01,3.536995549888838353e-01,3.595494640681723975e-01,3.653067077648569083e-01,3.709692757856759004e-01,3.765351252214300115e-01,3.820021943733302727e-01,3.873684150910870483e-01,3.926317237749500366e-01,3.977900711908097242e-01,4.028414312589440605e-01,4.077838090114872527e-01,4.126152479909370729e-01,4.173338375226556263e-01,4.219377206341854425e-01,4.264251041493393179e-01,4.307942743091758842e-01,4.350436263311112106e-01,4.391717316865269005e-01,4.431775362565480991e-01,4.470612651964294137e-01,4.508378288974041470e-01,4.544667087122185589e-01,4.579616045470548125e-01,4.613229853282003745e-01,4.645494273934599461e-01,4.676390152940075318e-01,4.705894366091200043e-01,4.733978986901070107e-01,4.760609796525542281e-01,4.785745076257246766e-01,4.809338164800081583e-01,4.831358165177807584e-01,4.851887816454574232e-01,4.871524847345195530e-01,4.892577293813440975e-01,4.918554742040304184e-01,4.943902216447463305e-01,4.961441503693800326e-01,4.974235012672859058e-01,4.984997187973525534e-01,4.994474847772972792e-01,5.002782501488380884e-01,5.009895745865632355e-01,5.015771829207221755e-01,5.020374902424816765e-01,5.023679255693013213e-01,5.025668109094549862e-01,5.026332066731361570e-01,5.025668109094534319e-01,5.023679255693001000e-01,5.020374902424804553e-01,5.015771829207226196e-01,5.009895745865623473e-01,5.002782501488384215e-01,4.994474847772970572e-01,4.984997187973547184e-01,4.974235012672862388e-01,4.961441503693797550e-01,4.943902216447471076e-01,4.918554742040297523e-01,4.892577293813439865e-01,4.871524847345190534e-01,4.851887816454583668e-01,4.831358165177808139e-01,4.809338164800081028e-01,4.785745076257251762e-01,4.760609796525537840e-01,4.733978986901072883e-01,4.705894366091196712e-01,4.676390152940069211e-01,4.645494273934578922e-01,4.613229853282002635e-01,4.579616045470549790e-01,4.544667087122186699e-01,4.508378288974044246e-01,4.470612651964298023e-01,4.431775362565494314e-01,4.391717316865286769e-01,4.350436263311123763e-01,4.307942743091771054e-01,4.264251041493411498e-01,4.219377206341856090e-01,4.173338375226572916e-01,4.126152479909376281e-01,4.077838090114885850e-01,4.028414312589430057e-01,3.977900711908101683e-01,3.926317237749488154e-01,3.873684150910882140e-01,3.820021943733300507e-01,3.765351252214305111e-01,3.709692757856761225e-01,3.653067077648572414e-01,3.595494640681725640e-01,3.536995549888828361e-01,3.477589427242844811e-01,3.417295240548592905e-01,3.356131109653699984e-01,3.294114089514520449e-01,3.231259927053053982e-01,3.167582788109448710e-01,3.103094949998814189e-01,3.037806454173353488e-01,2.971724712211618047e-01,2.904854056722801503e-01,2.837195226653019264e-01,2.768744773757242372e-01,2.699494373444172313e-01,2.629430018508271405e-01,2.558531068009832765e-01
9.310606060606061440e-01,2.542574987086403393e-01,2.613158935057984800e-01,2.682875721854493523e-01,2.751750124904677741e-01,2.819799830467845658e-01,2.887036458513106973e-01,2.953466427932380789e-01,3.019091693142515465e-01,3.083910376061130276e-01,3.147917312151926605e-01,3.211104525240506269e-01,3.273461642752878431e-01,3.334976260683317206e-01,3.395634265778907368e-01,3.455420121006775869e-01,3.514317119254684041e-01,3.572307609335792500e-01,3.629373197672766116e-01,3.685494928490146149e-01,3.740653444915695292e-01,3.794829133069654858e-01,3.848002250992763607e-01,3.900153044137792957e-01,3.951261849144040439e-01,4.001309187786137311e-01,4.050275853448689900e-01,4.098142993473063989e-01,4.144892192784552787e-01,4.190505568600702557e-01,4.234965896012630737e-01,4.278256810468119009e-01,4.320363193568022564e-01,4.361272123998483630e-01,4.400975930148250947e-01,4.439491068286749442e-01,4.476915501702376510e-01,4.512872068968274974e-01,4.547519565265984998e-01,4.580853519382726557e-01,4.612860408707566973e-01,4.643523531434386453e-01,4.672823576548309488e-01,4.700738116936591937e-01,4.727240630365412422e-01,4.752299450193417374e-01,4.775877939365104630e-01,4.797940893163530340e-01,4.818486431221745137e-01,4.837677019637607878e-01,4.856318752237049341e-01,4.876955740642705539e-01,4.901836026068417396e-01,4.924100046501264649e-01,4.939113838563754522e-01,4.950188575906879218e-01,4.959472726788825003e-01,4.967524657319465353e-01,4.974419151919513560e-01,4.980126973215467934e-01,4.984607810535581773e-01,4.987829610644244904e-01,4.989770794684273980e-01,4.990419165692457915e-01,4.989770794684271205e-01,4.987829610644250455e-01,4.984607810535576222e-01,4.980126973215456276e-01,4.974419151919511894e-01,4.967524657319475345e-01,4.959472726788816677e-01,4.950188575906878108e-01,4.939113838563765624e-01,4.924100046501263539e-01,4.901836026068414065e-01,4.876955740642712755e-01,4.856318752237036573e-01,4.837677019637607323e-01,4.818486431221733479e-01,4.797940893163536447e-01,4.775877939365107405e-01,4.752299450193425701e-01,4.727240630365419638e-01,4.700738116936601929e-01,4.672823576548313373e-01,4.643523531434393670e-01,4.612860408707568638e-01,4.580853519382735439e-01,4.547519565266002761e-01,4.512872068968282746e-01,4.476915501702365963e-01,4.439491068286737230e-01,4.400975930148249837e-01,4.361272123998466976e-01,4.320363193568014237e-01,4.278256810468115123e-01,4.234965896012636843e-01,4.190505568600697006e-01,4.144892192784555007e-01,4.098142993473058437e-01,4.050275853448682128e-01,4.001309187786131760e-01,3.951261849144048766e-01,3.900153044137789626e-01,3.848002250992781370e-01,3.794829133069648197e-01,3.740653444915695292e-01,3.685494928490149480e-01,3.629373197672772222e-01,3.572307609335794165e-01,3.514317119254700694e-01,3.455420121006765322e-01,3.395634265778912919e-01,3.334976260683308880e-01,3.273461642752881762e-01,3.211104525240509044e-01,3.147917312151930491e-01,3.083910376061125280e-01,3.019091693142536559e-01,2.953466427932380234e-01,2.887036458513116410e-01,2.819799830467827340e-01,2.751750124904688843e-01,2.682875721854492967e-01,2.613158935057979804e-01,2.542574987086397287e-01
9.348484848484849286e-01,2.527308689459127344e-01,2.597609596753769901e-01,2.667008970425311376e-01,2.735535920238213459e-01,2.803211971513791534e-01,2.870052170799100577e-01,2.936066015541796692e-01,3.001258242516821606e-01,3.065629501755371411e-01,3.129176936773309659e-01,3.191894687411080955e-01,3.253774328186512799e-01,3.314805252445188199e-01,3.374975010567560774e-01,3.434269608916271643e-01,3.492673774969797251e-01,3.550171193118978885e-01,3.606744714835366517e-01,3.662376546321675641e-01,3.717048416287827006e-01,3.770741726148288397e-01,3.823437684697533756e-01,3.875117429197099672e-01,3.925762134831341510e-01,3.975353114723015890e-01,4.023871913291649505e-01,4.071300396997676874e-01,4.117620849139929651e-01,4.162816081603942786e-01,4.206869587697642521e-01,4.249765793475970832e-01,4.291490582827194311e-01,4.332032635693564560e-01,4.371388423189379036e-01,4.409626437569192925e-01,4.446656390715540974e-01,4.482289647992735993e-01,4.516636223655035587e-01,4.549688466395112596e-01,4.581433582922593284e-01,4.611856698597531778e-01,4.640941245173152985e-01,4.668668667409815454e-01,4.695017806893677093e-01,4.719964164311729049e-01,4.743479578663721274e-01,4.765534255884015802e-01,4.786108063523819012e-01,4.805235986563394235e-01,4.823175776088727273e-01,4.840947045735336518e-01,4.861136080282090211e-01,4.884416781408867925e-01,4.903597617611927806e-01,4.916328174760549730e-01,4.925786883993034659e-01,4.933641398887892993e-01,4.940304366784528667e-01,4.945821453737946904e-01,4.950161534791523432e-01,4.953288194801266364e-01,4.955174582338485734e-01,4.955805071257698424e-01,4.955174582338493505e-01,4.953288194801269140e-01,4.950161534791520102e-01,4.945821453737948570e-01,4.940304366784512569e-01,4.933641398887884666e-01,4.925786883993047427e-01,4.916328174760549174e-01,4.903597617611930581e-01,4.884416781408841279e-01,4.861136080282089655e-01,4.840947045735343734e-01,4.823175776088728939e-01,4.805235986563383688e-01,4.786108063523831224e-01,4.765534255884020243e-01,4.743479578663723495e-01,4.719964164311725163e-01,4.695017806893684309e-01,4.668668667409804351e-01,4.640941245173153540e-01,4.611856698597526782e-01,4.581433582922594394e-01,4.549688466395110376e-01,4.516636223655035587e-01,4.482289647992738213e-01,4.446656390715541529e-01,4.409626437569194590e-01,4.371388423189378480e-01,4.332032635693557898e-01,4.291490582827198197e-01,4.249765793475953624e-01,4.206869587697633084e-01,4.162816081603963880e-01,4.117620849139918549e-01,4.071300396997672433e-01,4.023871913291655056e-01,3.975353114723004788e-01,3.925762134831349282e-01,3.875117429197092456e-01,3.823437684697522099e-01,3.770741726148292283e-01,3.717048416287819235e-01,3.662376546321688409e-01,3.606744714835365961e-01,3.550171193118974444e-01,3.492673774969801692e-01,3.434269608916263872e-01,3.374975010567586864e-01,3.314805252445175987e-01,3.253774328186539444e-01,3.191894687411081510e-01,3.129176936773317430e-01,3.065629501755361974e-01,3.001258242516812724e-01,2.936066015541800578e-01,2.870052170799083924e-01,2.803211971513808742e-01,2.735535920238206797e-01,2.667008970425310821e-01,2.597609596753772121e-01,2.527308689459119573e-01
9.386363636363637131e-01,2.512951359580520294e-01,2.583008917733524146e-01,2.652128694255297403e-01,2.720344340137787476e-01,2.787681389521673991e-01,2.854158453873776313e-01,2.919788222159696023e-01,2.984578305865285275e-01,3.048531958688391330e-01,3.111648694019272798e-01,3.173924818297066963e-01,3.235353894515536344e-01,3.295927147232286525e-01,3.355633818184321493e-01,3.414461479863072912e-01,3.472396313034474269e-01,3.529423353116789008e-01,3.585526709486160923e-01,3.640689761120326495e-01,3.694895331483256662e-01,3.748125845176616955e-01,3.800363468631029473e-01,3.851590236993168714e-01,3.901788169416622876e-01,3.950939375274336585e-01,3.999026154556641899e-01,4.046031097310510694e-01,4.091937191896766746e-01,4.136727949785187763e-01,4.180387594979790844e-01,4.222901386443509986e-01,4.264256312449936082e-01,4.304443055297901832e-01,4.343464913951496920e-01,4.381471104154220364e-01,4.418067724706451482e-01,4.453387575631007067e-01,4.487439337799470351e-01,4.520214045484912679e-01,4.551699575692344513e-01,4.581882449736547347e-01,4.610748123680092347e-01,4.638280832930669617e-01,4.664463220044145486e-01,4.689275863842302106e-01,4.712696964907877595e-01,4.734703018836885491e-01,4.755273229349465947e-01,4.774406839522623014e-01,4.792184338303080438e-01,4.808971897184474154e-01,4.825979919612765068e-01,4.845570358867470340e-01,4.866784195596183249e-01,4.883007498724473150e-01,4.893675476618267184e-01,4.901609842176091747e-01,4.908083508358648817e-01,4.913398100374400945e-01,4.917579061852374034e-01,4.920596372536024665e-01,4.922419580119480886e-01,4.923029451996493444e-01,4.922419580119491989e-01,4.920596372536027441e-01,4.917579061852368483e-01,4.913398100374389288e-01,4.908083508358645486e-01,4.901609842176082310e-01,4.893675476618269404e-01,4.883007498724495354e-01,4.866784195596191021e-01,4.845570358867469229e-01,4.825979919612760072e-01,4.808971897184491917e-01,4.792184338303084323e-01,4.774406839522629675e-01,4.755273229349464836e-01,4.734703018836884381e-01,4.712696964907882036e-01,4.689275863842290448e-01,4.664463220044148262e-01,4.638280832930662956e-01,4.610748123680094013e-01,4.581882449736547902e-01,4.551699575692354505e-01,4.520214045484901577e-01,4.487439337799471462e-01,4.453387575631010398e-01,4.418067724706464250e-01,4.381471104154208152e-01,4.343464913951499695e-01,4.304443055297901277e-01,4.264256312449927755e-01,4.222901386443514982e-01,4.180387594979788068e-01,4.136727949785191649e-01,4.091937191896760639e-01,4.046031097310510138e-01,3.999026154556642454e-01,3.950939375274342691e-01,3.901788169416628982e-01,3.851590236993160943e-01,3.800363468631027808e-01,3.748125845176615845e-01,3.694895331483265544e-01,3.640689761120314838e-01,3.585526709486156482e-01,3.529423353116787343e-01,3.472396313034460391e-01,3.414461479863069582e-01,3.355633818184323158e-01,3.295927147232295962e-01,3.235353894515547446e-01,3.173924818297053640e-01,3.111648694019259476e-01,3.048531958688393551e-01,2.984578305865289161e-01,2.919788222159687141e-01,2.854158453873781309e-01,2.787681389521693975e-01,2.720344340137797468e-01,2.652128694255294628e-01,2.583008917733518039e-01,2.512951359580527511e-01
9.424242424242424976e-01,2.499308268715555725e-01,2.569158035252240846e-01,2.638031993980063938e-01,2.705968558168320159e-01,2.772997450045731060e-01,2.839140991807922454e-01,2.904415182757679736e-01,2.968830606008787121e-01,3.032393197983517252e-01,3.095104906387647903e-01,3.156964256707144312e-01,3.217966843004655964e-01,3.278105755542055633e-01,3.337371955251567379e-01,3.395754603137574601e-01,3.453241351179152652e-01,3.509818600118459475e-01,3.565471728592753409e-01,3.620185297343943009e-01,3.673943231685147248e-01,3.726728984995339444e-01,3.778525685747268215e-01,3.829316270460753069e-01,3.879083605063904927e-01,3.927810597539888038e-01,3.975480305713599005e-01,4.022076048285895822e-01,4.067581516678967501e-01,4.111980934480061189e-01,4.155259278481020502e-01,4.197402690106689094e-01,4.238399424527596882e-01,4.278242854525393102e-01,4.316950067160687521e-01,4.354624580096480013e-01,4.390890666263660980e-01,4.425906026961044515e-01,4.459669642263348055e-01,4.492172002794572738e-01,4.523401585173435491e-01,4.553346006860442552e-01,4.581992259966022329e-01,4.609326645207821871e-01,4.635334561452851276e-01,4.660000230025273527e-01,4.683306492636328255e-01,4.705235083201100843e-01,4.725768587498964113e-01,4.744897817810038165e-01,4.762646273755815618e-01,4.779148316222125437e-01,4.794883845474117723e-01,4.811188065377385303e-01,4.829900569588960746e-01,4.848685265658068677e-01,4.862165082880502975e-01,4.870967159635267718e-01,4.877459303089864973e-01,4.882601204800774974e-01,4.886612231657870287e-01,4.889505564956703187e-01,4.891255824017494147e-01,4.891841770564736569e-01,4.891255824017499698e-01,4.889505564956717065e-01,4.886612231657876393e-01,4.882601204800781636e-01,4.877459303089852205e-01,4.870967159635263277e-01,4.862165082880506861e-01,4.848685265658071453e-01,4.829900569588961301e-01,4.811188065377385303e-01,4.794883845474112172e-01,4.779148316222120441e-01,4.762646273755828386e-01,4.744897817810043716e-01,4.725768587498958562e-01,4.705235083201119162e-01,4.683306492636331031e-01,4.660000230025280743e-01,4.635334561452859603e-01,4.609326645207824646e-01,4.581992259966027325e-01,4.553346006860445327e-01,4.523401585173424944e-01,4.492172002794577179e-01,4.459669642263338618e-01,4.425906026961047846e-01,4.390890666263657094e-01,4.354624580096492226e-01,4.316950067160691407e-01,4.278242854525404759e-01,4.238399424527604098e-01,4.197402690106689649e-01,4.155259278481008289e-01,4.111980934480061189e-01,4.067581516678964171e-01,4.022076048285894712e-01,3.975480305713580131e-01,3.927810597539888038e-01,3.879083605063903817e-01,3.829316270460769722e-01,3.778525685747264884e-01,3.726728984995352212e-01,3.673943231685142252e-01,3.620185297343946340e-01,3.565471728592752854e-01,3.509818600118465581e-01,3.453241351179153762e-01,3.395754603137585148e-01,3.337371955251562383e-01,3.278105755542051192e-01,3.217966843004651523e-01,3.156964256707158745e-01,3.095104906387645127e-01,3.032393197983491717e-01,2.968830606008789341e-01,2.904415182757669744e-01,2.839140991807936332e-01,2.772997450045711076e-01,2.705968558168326266e-01,2.638031993980077261e-01,2.569158035252232519e-01,2.499308268715559334e-01
9.462121212121212821e-01,2.486468683183440664e-01,2.556148599572703461e-01,2.624812752145193051e-01,2.692504555049234360e-01,2.759258112003197816e-01,2.825099613265269483e-01,2.890048496810210810e-01,2.954118422252617338e-01,3.017318094531470374e-01,3.079651965882175824e-01,3.141120838296179718e-01,3.201722383902081415e-01,3.261451597078072195e-01,3.320301189322232283e-01,3.378261935758258838e-01,3.435322980479754151e-01,3.491472106631103856e-01,3.546695976100577852e-01,3.600980342908249865e-01,3.654310243765447330e-01,3.706670168840354718e-01,3.758044215483624106e-01,3.808416227563001244e-01,3.857769923186952776e-01,3.906089014778642010e-01,3.953357324863003286e-01,3.999558899644334309e-01,4.044678151319854309e-01,4.088700029176678408e-01,4.131610294375752668e-01,4.173396051633797565e-01,4.214047078850624017e-01,4.253560702737733124e-01,4.292004638070710532e-01,4.329303462199114994e-01,4.365255471349441252e-01,4.399975336495853262e-01,4.433458194654086859e-01,4.465694361282292468e-01,4.496672850798034693e-01,4.526382167193704342e-01,4.554810502116722337e-01,4.581945726882387659e-01,4.607775289003417929e-01,4.632286071663183069e-01,4.655464302721873393e-01,4.677295729870548646e-01,4.697766656894844517e-01,4.716867513775132581e-01,4.734603777485740239e-01,4.751028388305652550e-01,4.766336171731839211e-01,4.781112309322167464e-01,4.796701858735361035e-01,4.814168897293956140e-01,4.830311310471074315e-01,4.841297329078905753e-01,4.848402331484221728e-01,4.853528598412797379e-01,4.857392354541528734e-01,4.860153991817071084e-01,4.861822085949401573e-01,4.862380599099240253e-01,4.861822085949418226e-01,4.860153991817070529e-01,4.857392354541520962e-01,4.853528598412783501e-01,4.848402331484222283e-01,4.841297329078910749e-01,4.830311310471077091e-01,4.814168897293961136e-01,4.796701858735359369e-01,4.781112309322164133e-01,4.766336171731833660e-01,4.751028388305644778e-01,4.734603777485737464e-01,4.716867513775127585e-01,4.697766656894854509e-01,4.677295729870541985e-01,4.655464302721871728e-01,4.632286071663170857e-01,4.607775289003419594e-01,4.581945726882382108e-01,4.554810502116720672e-01,4.526382167193704897e-01,4.496672850798035803e-01,4.465694361282297464e-01,4.433458194654084084e-01,4.399975336495857148e-01,4.365255471349440697e-01,4.329303462199111663e-01,4.292004638070716638e-01,4.253560702737735344e-01,4.214047078850634565e-01,4.173396051633803672e-01,4.131610294375753778e-01,4.088700029176677853e-01,4.044678151319860970e-01,3.999558899644340970e-01,3.953357324863008837e-01,3.906089014778629798e-01,3.857769923186942784e-01,3.808416227562990142e-01,3.758044215483622441e-01,3.706670168840351942e-01,3.654310243765439559e-01,3.600980342908248755e-01,3.546695976100565639e-01,3.491472106631117733e-01,3.435322980479753596e-01,3.378261935758261059e-01,3.320301189322247826e-01,3.261451597078064424e-01,3.201722383902088631e-01,3.141120838296171947e-01,3.079651965882183040e-01,3.017318094531457051e-01,2.954118422252608456e-01,2.890048496810218581e-01,2.825099613265274479e-01,2.759258112003191155e-01,2.692504555049231585e-01,2.624812752145201933e-01,2.556148599572691804e-01,2.486468683183448158e-01
9.500000000000000666e-01,2.474328716488528868e-01,2.543873188895556248e-01,2.612359954319457556e-01,2.679837685398976377e-01,2.746345076301326960e-01,2.811912355615011072e-01,2.876562539236246496e-01,2.940312477491475174e-01,3.003173737721500092e-01,3.065153353999539587e-01,3.126254468564068634e-01,3.186476884221218775e-01,3.245817542932750710e-01,3.304270942715470394e-01,3.361829502594504415e-01,3.418483883503412590e-01,3.474223271583606332e-01,3.529035629211693670e-01,3.582907918212994147e-01,3.635826299057739464e-01,3.687776309359091509e-01,3.738743024693808037e-01,3.788711204664589882e-01,3.837665429241076676e-01,3.885590220743647127e-01,3.932470170563894807e-01,3.978290070843669146e-01,4.023035063924393362e-01,4.066690847933365771e-01,4.109244015177564435e-01,4.150682752054203895e-01,4.190998766613166504e-01,4.230195919068684973e-01,4.268428961039822389e-01,4.305306157572225123e-01,4.340954448795447673e-01,4.375386002762871041e-01,4.408594122643421653e-01,4.440569144213775687e-01,4.471300571836784310e-01,4.500777649847932937e-01,4.528989536766095947e-01,4.555925335500888851e-01,4.581574061298809841e-01,4.605924593337159534e-01,4.628965670481132721e-01,4.650686062439167712e-01,4.671075239872436446e-01,4.690125372223116207e-01,4.707836837633432303e-01,4.724233154242001298e-01,4.739401404062795198e-01,4.753598471356834665e-01,4.767483487444405532e-01,4.782251684400249947e-01,4.798072786254135580e-01,4.811519355359055172e-01,4.820271311679046322e-01,4.825826827959368570e-01,4.829662802348906880e-01,4.832311482783285816e-01,4.833894186925012937e-01,4.834422652102035589e-01,4.833894186925012937e-01,4.832311482783296919e-01,4.829662802348900774e-01,4.825826827959368015e-01,4.820271311679043547e-01,4.811519355359046846e-01,4.798072786254136690e-01,4.782251684400246616e-01,4.767483487444406642e-01,4.753598471356829114e-01,4.739401404062791312e-01,4.724233154242003518e-01,4.707836837633426752e-01,4.690125372223122313e-01,4.671075239872435891e-01,4.650686062439169932e-01,4.628965670481126615e-01,4.605924593337153983e-01,4.581574061298811507e-01,4.555925335500886075e-01,4.528989536766113155e-01,4.500777649847936823e-01,4.471300571836800408e-01,4.440569144213772357e-01,4.408594122643423874e-01,4.375386002762875481e-01,4.340954448795441567e-01,4.305306157572224013e-01,4.268428961039841818e-01,4.230195919068692745e-01,4.190998766613165394e-01,4.150682752054206115e-01,4.109244015177559439e-01,4.066690847933371322e-01,4.023035063924397803e-01,3.978290070843676363e-01,3.932470170563897582e-01,3.885590220743649903e-01,3.837665429241074455e-01,3.788711204664601540e-01,3.738743024693796935e-01,3.687776309359098725e-01,3.635826299057713928e-01,3.582907918212989151e-01,3.529035629211682568e-01,3.474223271583600781e-01,3.418483883503410370e-01,3.361829502594510521e-01,3.304270942715484827e-01,3.245817542932746824e-01,3.186476884221217110e-01,3.126254468564067523e-01,3.065153353999546249e-01,3.003173737721494541e-01,2.940312477491475729e-01,2.876562539236240945e-01,2.811912355615033832e-01,2.746345076301323629e-01,2.679837685398978597e-01,2.612359954319452560e-01,2.543873188895564019e-01,2.474328716488533031e-01
9.537878787878788511e-01,2.462525579035992618e-01,2.531959909432448530e-01,2.600292676739381359e-01,2.667578078846917777e-01,2.733859616246802626e-01,2.799171731503058425e-01,2.863541162002400386e-01,2.926988066594219950e-01,2.989526972022265028e-01,3.051167574303998431e-01,3.111915422262606090e-01,3.171772504466999210e-01,3.230737756336540256e-01,3.288807500736026790e-01,3.345975832744660927e-01,3.402234957241632718e-01,3.457575486360627282e-01,3.511986702630866541e-01,3.565456792668704189e-01,3.617973055559465800e-01,3.669522089551252031e-01,3.720089960347695013e-01,3.769662357430530464e-01,3.818224726604098063e-01,3.865762413588403335e-01,3.912260794455595936e-01,3.957705417681076643e-01,4.002082175554693144e-01,4.045377547053509160e-01,4.087579021064804419e-01,4.128676039167017420e-01,4.168662914511559459e-01,4.207556492432781847e-01,4.245473791943282782e-01,4.282027254507030922e-01,4.317376164123951643e-01,4.351522053187375505e-01,4.384457297049919045e-01,4.416172364304372655e-01,4.446657214342587539e-01,4.475901729625286762e-01,4.503895873124617033e-01,4.530629743943845877e-01,4.556093593456349566e-01,4.580277839511198712e-01,4.603173124740648769e-01,4.624770506908403855e-01,4.645061975713152824e-01,4.664041748586312819e-01,4.681709434628930078e-01,4.698077764360208408e-01,4.713191675489917798e-01,4.727175353284079895e-01,4.740340410189816112e-01,4.753360033317200473e-01,4.767106014804851633e-01,4.780927193066236147e-01,4.791756022394503822e-01,4.798516955460624955e-01,4.802654502694840288e-01,4.805283019173746117e-01,4.806798654101753221e-01,4.807298845380978403e-01,4.806798654101757107e-01,4.805283019173747783e-01,4.802654502694818084e-01,4.798516955460623290e-01,4.791756022394500492e-01,4.780927193066227820e-01,4.767106014804848857e-01,4.753360033317190481e-01,4.740340410189833320e-01,4.727175353284072123e-01,4.713191675489923349e-01,4.698077764360200637e-01,4.681709434628925637e-01,4.664041748586309488e-01,4.645061975713154490e-01,4.624770506908416068e-01,4.603173124740662647e-01,4.580277839511206484e-01,4.556093593456343460e-01,4.530629743943848098e-01,4.503895873124614257e-01,4.475901729625289538e-01,4.446657214342591979e-01,4.416172364304374875e-01,4.384457297049920710e-01,4.351522053187371619e-01,4.317376164123948312e-01,4.282027254507041469e-01,4.245473791943268904e-01,4.207556492432781847e-01,4.168662914511567230e-01,4.128676039167006873e-01,4.087579021064803309e-01,4.045377547053508605e-01,4.002082175554679266e-01,3.957705417681083304e-01,3.912260794455587609e-01,3.865762413588402779e-01,3.818224726604091401e-01,3.769662357430547117e-01,3.720089960347705560e-01,3.669522089551250921e-01,3.617973055559448037e-01,3.565456792668690866e-01,3.511986702630872648e-01,3.457575486360626726e-01,3.402234957241646596e-01,3.345975832744653711e-01,3.288807500736025680e-01,3.230737756336554689e-01,3.171772504466989218e-01,3.111915422262623299e-01,3.051167574304003982e-01,2.989526972022245599e-01,2.926988066594227722e-01,2.863541162002402052e-01,2.799171731503065086e-01,2.733859616246803181e-01,2.667578078846913336e-01,2.600292676739391906e-01,2.531959909432469069e-01,2.462525579036002610e-01
9.575757575757576356e-01,2.451369227443219723e-01,2.520727098639194419e-01,2.588937417525731810e-01,2.656060202944461879e-01,2.722144000744287085e-01,2.787227661737818329e-01,2.851341803403802388e-01,2.914510023066237410e-01,2.976749913661340119e-01,3.038073921111106857e-01,3.098490073408673995e-01,3.158002604872975350e-01,3.216612494021312552e-01,3.274317929696056173e-01,3.331114717159229244e-01,3.386996633609991036e-01,3.441955740830208721e-01,3.495982661305345185e-01,3.549066823119609859e-01,3.601196678128241180e-01,3.652359897481211592e-01,3.702543551700037683e-01,3.751734259156230267e-01,3.799918349804119466e-01,3.847082001416972652e-01,3.893211383747154919e-01,3.938292815576977524e-01,3.982312960059748441e-01,4.025259115200562898e-01,4.067119752501776042e-01,4.107885823084660992e-01,4.147555439664231680e-01,4.186188090517777294e-01,4.223751669363494665e-01,4.259997401795261873e-01,4.295055405210271293e-01,4.328922853540158600e-01,4.361591666702643311e-01,4.393052514228817929e-01,4.423295784416637066e-01,4.452311924837661916e-01,4.480091587804171938e-01,4.506625703373338676e-01,4.531905528740459710e-01,4.555922705589171562e-01,4.578669362549427357e-01,4.600138326775404796e-01,4.620323572444626214e-01,4.639221176952004755e-01,4.656831379844822982e-01,4.673163090795849350e-01,4.688243949730946936e-01,4.702143009826013631e-01,4.715020507209727874e-01,4.727221077732388088e-01,4.739342785246457024e-01,4.751797891109140193e-01,4.763379413251824235e-01,4.771770553721600416e-01,4.776768120612231994e-01,4.779616818437381065e-01,4.781137770870851900e-01,4.781623920311306453e-01,4.781137770870841353e-01,4.779616818437382175e-01,4.776768120612228108e-01,4.771770553721619290e-01,4.763379413251820349e-01,4.751797891109155736e-01,4.739342785246453693e-01,4.727221077732389753e-01,4.715020507209725653e-01,4.702143009826018627e-01,4.688243949730953597e-01,4.673163090795837693e-01,4.656831379844834640e-01,4.639221176952008086e-01,4.620323572444627325e-01,4.600138326775411457e-01,4.578669362549437905e-01,4.555922705589180444e-01,4.531905528740466371e-01,4.506625703373334790e-01,4.480091587804175268e-01,4.452311924837650259e-01,4.423295784416627074e-01,4.393052514228827921e-01,4.361591666702621106e-01,4.328922853540141946e-01,4.295055405210271848e-01,4.259997401795265204e-01,4.223751669363495775e-01,4.186188090517773408e-01,4.147555439664248333e-01,4.107885823084664878e-01,4.067119752501778818e-01,4.025259115200562898e-01,3.982312960059744555e-01,3.938292815576984740e-01,3.893211383747142151e-01,3.847082001416979313e-01,3.799918349804110584e-01,3.751734259156216944e-01,3.702543551700045454e-01,3.652359897481216033e-01,3.601196678128243955e-01,3.549066823119610414e-01,3.495982661305360728e-01,3.441955740830198174e-01,3.386996633609999363e-01,3.331114717159256444e-01,3.274317929696055063e-01,3.216612494021304780e-01,3.158002604872986452e-01,3.098490073408672885e-01,3.038073921111106301e-01,2.976749913661340674e-01,2.914510023066249622e-01,2.851341803403797948e-01,2.787227661737819995e-01,2.722144000744288750e-01,2.656060202944461879e-01,2.588937417525747353e-01,2.520727098639210517e-01,2.451369227443225274e-01
9.613636363636364202e-01,2.440904658972089247e-01,2.510221835235759702e-01,2.578343195802764720e-01,2.645334898830428161e-01,2.711250792345322735e-01,2.776134343787621805e-01,2.840020220621826685e-01,2.902935597716943539e-01,2.964901248414510970e-01,3.025932462590519290e-01,3.086039825023919603e-01,3.145229879955880881e-01,3.203505702146233758e-01,3.260867390499800345e-01,3.317312497098456325e-01,3.372836401980873755e-01,3.427432642082444691e-01,3.481093201252378200e-01,3.533808767096975334e-01,3.585568961170892965e-01,3.636362541852931063e-01,3.686177585832527415e-01,3.735001664583532666e-01,3.782821997902059419e-01,3.829625606193471365e-01,3.875399465615049777e-01,3.920130681967716191e-01,3.963806715450753915e-01,4.006415732925874829e-01,4.047947307666981964e-01,4.088394291453966711e-01,4.127760956641707280e-01,4.166210633308280453e-01,4.203351852073526906e-01,4.239301932698014141e-01,4.274077932906567012e-01,4.307674867608078939e-01,4.340084472692833928e-01,4.371297663557036084e-01,4.401305239829747529e-01,4.430098163389745158e-01,4.457667695224882265e-01,4.484005480755026141e-01,4.509103622828422586e-01,4.532954769495779468e-01,4.555552247811968103e-01,4.576890293402466336e-01,4.596964466616648703e-01,4.615772431499213235e-01,4.633315452277364521e-01,4.649601340780334935e-01,4.664650395861539844e-01,4.678507543793769541e-01,4.691266848533887091e-01,4.703116645925446981e-01,4.714394821902303523e-01,4.725520399804043481e-01,4.736406108236902446e-01,4.745660815722079207e-01,4.751854936697816889e-01,4.755301757932627882e-01,4.756993668314883905e-01,4.757506065646828208e-01,4.756993668314890011e-01,4.755301757932635653e-01,4.751854936697836873e-01,4.745660815722076986e-01,4.736406108236897450e-01,4.725520399804047922e-01,4.714394821902305188e-01,4.703116645925445316e-01,4.691266848533893752e-01,4.678507543793771206e-01,4.664650395861531518e-01,4.649601340780333825e-01,4.633315452277366742e-01,4.615772431499221562e-01,4.596964466616644818e-01,4.576890293402474108e-01,4.555552247811969213e-01,4.532954769495775582e-01,4.509103622828420921e-01,4.484005480755017814e-01,4.457667695224884485e-01,4.430098163389744048e-01,4.401305239829741422e-01,4.371297663557011104e-01,4.340084472692833928e-01,4.307674867608065616e-01,4.274077932906576449e-01,4.239301932698014141e-01,4.203351852073531347e-01,4.166210633308287670e-01,4.127760956641693957e-01,4.088394291453963381e-01,4.047947307666991956e-01,4.006415732925866502e-01,3.963806715450736151e-01,3.920130681967723407e-01,3.875399465615060879e-01,3.829625606193468035e-01,3.782821997902063860e-01,3.735001664583552650e-01,3.686177585832524639e-01,3.636362541852946051e-01,3.585568961170891855e-01,3.533808767096981440e-01,3.481093201252372094e-01,3.427432642082453018e-01,3.372836401980886523e-01,3.317312497098468538e-01,3.260867390499793128e-01,3.203505702146229872e-01,3.145229879955880881e-01,3.086039825023919603e-01,3.025932462590519845e-01,2.964901248414496537e-01,2.902935597716951310e-01,2.840020220621836677e-01,2.776134343787630687e-01,2.711250792345323846e-01,2.645334898830429826e-01,2.578343195802777488e-01,2.510221835235738053e-01,2.440904658972089247e-01
9.651515151515152047e-01,2.431042442670539594e-01,2.500352589034726125e-01,2.568416315857170451e-01,2.635306262254888399e-01,2.701081853547556144e-01,2.765791396742696695e-01,2.829473790909081132e-01,2.892159937074097464e-01,2.953873911040069689e-01,3.014633947187929652e-01,3.074453270128796878e-01,3.133340802763363575e-01,3.191301773096313910e-01,3.248338237451693367e-01,3.304449534150677992e-01,3.359632678957800156e-01,3.413882711470105913e-01,3.467192999932877662e-01,3.519555514034577448e-01,3.570961057240689129e-01,3.621399486471261198e-01,3.670859907591634830e-01,3.719330851069338473e-01,3.766800438692773922e-01,3.813256545666360298e-01,3.858686968831141484e-01,3.903079620572064701e-01,3.946422790246124079e-01,3.988705578278984865e-01,4.029918827152316196e-01,4.070057919629676002e-01,4.109138906555619974e-01,4.147298225857918297e-01,4.184129079220955671e-01,4.219793208288511455e-01,4.254295135861442256e-01,4.287628732689391930e-01,4.319785718730121959e-01,4.350757287181352684e-01,4.380534638265786707e-01,4.409109213754991430e-01,4.436472827838368604e-01,4.462617761736915600e-01,4.487536854246509388e-01,4.511223611914973453e-01,4.533672365968900997e-01,4.554878516654392584e-01,4.574838933889051051e-01,4.593552637778796632e-01,4.611021988042979802e-01,4.627254816353437716e-01,4.642268331630611256e-01,4.656096359682580510e-01,4.668802617093067986e-01,4.680503342734601002e-01,4.691396360424461842e-01,4.701754770194071509e-01,4.711729929390957028e-01,4.720826468844357415e-01,4.727827347164789695e-01,4.732104092881324608e-01,4.734194979105472156e-01,4.734806243927975333e-01,4.734194979105473822e-01,4.732104092881324053e-01,4.727827347164794136e-01,4.720826468844347423e-01,4.711729929390970351e-01,4.701754770194066513e-01,4.691396360424456846e-01,4.680503342734603223e-01,4.668802617093064100e-01,4.656096359682584396e-01,4.642268331630601819e-01,4.627254816353447708e-01,4.611021988042993125e-01,4.593552637778796077e-01,4.574838933889045500e-01,4.554878516654393139e-01,4.533672365968908768e-01,4.511223611914961240e-01,4.487536854246509388e-01,4.462617761736908939e-01,4.436472827838369160e-01,4.409109213754986434e-01,4.380534638265777270e-01,4.350757287181362676e-01,4.319785718730115853e-01,4.287628732689389155e-01,4.254295135861447252e-01,4.219793208288519226e-01,4.184129079220961223e-01,4.147298225857911080e-01,4.109138906555613868e-01,4.070057919629678223e-01,4.029918827152311200e-01,3.988705578278985420e-01,3.946422790246133516e-01,3.903079620572065256e-01,3.858686968831132047e-01,3.813256545666353636e-01,3.766800438692771702e-01,3.719330851069346799e-01,3.670859907591646487e-01,3.621399486471271745e-01,3.570961057240679692e-01,3.519555514034585775e-01,3.467192999932883213e-01,3.413882711470099807e-01,3.359632678957789054e-01,3.304449534150674661e-01,3.248338237451688926e-01,3.191301773096316130e-01,3.133340802763361355e-01,3.074453270128809645e-01,3.014633947187955743e-01,2.953873911040059141e-01,2.892159937074104681e-01,2.829473790909079467e-01,2.765791396742688368e-01,2.701081853547562805e-01,2.635306262254903387e-01,2.568416315857163790e-01,2.500352589034714468e-01,2.431042442670534043e-01
9.689393939393939892e-01,2.421760915886557453e-01,2.491097479009481974e-01,2.559134566011524448e-01,2.625951665438590044e-01,2.691614076057813332e-01,2.756175184081565699e-01,2.819678315194853457e-01,2.882158256042701705e-01,2.943642515801233039e-01,3.004152381194498678e-01,3.063703805745676689e-01,3.122308164773933137e-01,3.179972900727357499e-01,3.236702078221841972e-01,3.292496864183901972e-01,3.347355945441622960e-01,3.401275893644853943e-01,3.454251491144226249e-01,3.506276000585574759e-01,3.557341430214789879e-01,3.607438755131897046e-01,3.656558120561023140e-01,3.704689029116950416e-01,3.751820517104242914e-01,3.797941327857545790e-01,3.843040095048301796e-01,3.887105560671924032e-01,3.930126882989072312e-01,3.972094181360799059e-01,4.012999809770044224e-01,4.052842769876766615e-01,4.091672353993949796e-01,4.129510888374317013e-01,4.166048941331120803e-01,4.201436080495999925e-01,4.235671727922634688e-01,4.268749151824346444e-01,4.300660166896465020e-01,4.331396268632442537e-01,4.360949052609894294e-01,4.389310418359941290e-01,4.416472696410673748e-01,4.442428750534680448e-01,4.467172082200707162e-01,4.490696958338606382e-01,4.512998586566854264e-01,4.534073372536660540e-01,4.553919314615622049e-01,4.572536628377629198e-01,4.589928759948861403e-01,4.606104065617234733e-01,4.621078640590286501e-01,4.634881109607295047e-01,4.647560595949457585e-01,4.659198999314153600e-01,4.669925438229304282e-01,4.679914999048460644e-01,4.689308858427256865e-01,4.697958413085812079e-01,4.705164435610484364e-01,4.710111899212232611e-01,4.712730875428233213e-01,4.713514513481517620e-01,4.712730875428241539e-01,4.710111899212239273e-01,4.705164435610484919e-01,4.697958413085804863e-01,4.689308858427251869e-01,4.679914999048445101e-01,4.669925438229315384e-01,4.659198999314163037e-01,4.647560595949458695e-01,4.634881109607300043e-01,4.621078640590295938e-01,4.606104065617247501e-01,4.589928759948856407e-01,4.572536628377631973e-01,4.553919314615624270e-01,4.534073372536658875e-01,4.512998586566862591e-01,4.490696958338605271e-01,4.467172082200716043e-01,4.442428750534672122e-01,4.416472696410679299e-01,4.389310418359956834e-01,4.360949052609899290e-01,4.331396268632438096e-01,4.300660166896453362e-01,4.268749151824347554e-01,4.235671727922634133e-01,4.201436080496006586e-01,4.166048941331125244e-01,4.129510888374328115e-01,4.091672353993948130e-01,4.052842769876758289e-01,4.012999809770046444e-01,3.972094181360788512e-01,3.930126882989066761e-01,3.887105560671925697e-01,3.843040095048306237e-01,3.797941327857557448e-01,3.751820517104232922e-01,3.704689029116939314e-01,3.656558120561017033e-01,3.607438755131908148e-01,3.557341430214792100e-01,3.506276000585582531e-01,3.454251491144220143e-01,3.401275893644856163e-01,3.347355945441635172e-01,3.292496864183905303e-01,3.236702078221838086e-01,3.179972900727357499e-01,3.122308164773921479e-01,3.063703805745670028e-01,3.004152381194494237e-01,2.943642515801222492e-01,2.882158256042706701e-01,2.819678315194862894e-01,2.756175184081571805e-01,2.691614076057816662e-01,2.625951665438590044e-01,2.559134566011531664e-01,2.491097479009467819e-01,2.421760915886566057e-01
9.727272727272727737e-01,2.412840984467435335e-01,2.482232263153794638e-01,2.550268544794128678e-01,2.617036555196756153e-01,2.682607777257409731e-01,2.747040927096340845e-01,2.810383960590047692e-01,2.872675716197974349e-01,2.933947272779219850e-01,2.994223081643920814e-01,3.053521917974750255e-01,3.111857686384715826e-01,3.169240107665084460e-01,3.225675307977569628e-01,3.281166327324221421e-01,3.335713560795404709e-01,3.389315150020885681e-01,3.441967302027301723e-01,3.493664608173588926e-01,3.544400299691811695e-01,3.594166485195709471e-01,3.642954365002977202e-01,3.690754428429022238e-01,3.737556640719740808e-01,3.783350629016560829e-01,3.828125883211454528e-01,3.871872003291265685e-01,3.914579067266520385e-01,3.956238329250270080e-01,3.996844019163359740e-01,4.036400830284995189e-01,4.075081051637217677e-01,4.112498720206917979e-01,4.148753124495680455e-01,4.183869095570963981e-01,4.217843508999273294e-01,4.250669349243768602e-01,4.282338603436594004e-01,4.312843090439310578e-01,4.342174801272533635e-01,4.370326081296946330e-01,4.397289755290015312e-01,4.423059236587657539e-01,4.447628643441751684e-01,4.470992941750697169e-01,4.493148136199887621e-01,4.514091540431544591e-01,4.533822172693110497e-01,4.552341350331853276e-01,4.569653601206581373e-01,4.585768082646116683e-01,4.600700810227016380e-01,4.614478146449410012e-01,4.627142101052546530e-01,4.638757654270617703e-01,4.649420101675575401e-01,4.659252263613642975e-01,4.668360580675398053e-01,4.676697764484961661e-01,4.683865920427262575e-01,4.689192686007378486e-01,4.692281710581086562e-01,4.693258610490700922e-01,4.692281710581089338e-01,4.689192686007381816e-01,4.683865920427259799e-01,4.676697764484978315e-01,4.668360580675401383e-01,4.659252263613655742e-01,4.649420101675567629e-01,4.638757654270624919e-01,4.627142101052554302e-01,4.614478146449406126e-01,4.600700810227012494e-01,4.585768082646107802e-01,4.569653601206580262e-01,4.552341350331858272e-01,4.533822172693111607e-01,4.514091540431547922e-01,4.493148136199888176e-01,4.470992941750692173e-01,4.447628643441747798e-01,4.423059236587661425e-01,4.397289755290009206e-01,4.370326081296936338e-01,4.342174801272528084e-01,4.312843090439319460e-01,4.282338603436593449e-01,4.250669349243747508e-01,4.217843508999264968e-01,4.183869095570965646e-01,4.148753124495684896e-01,4.112498720206916314e-01,4.075081051637215457e-01,4.036400830285008512e-01,3.996844019163358630e-01,3.956238329250258978e-01,3.914579067266528711e-01,3.871872003291257913e-01,3.828125883211458413e-01,3.783350629016569155e-01,3.737556640719742473e-01,3.690754428429021128e-01,3.642954365002977202e-01,3.594166485195707805e-01,3.544400299691822243e-01,3.493664608173590591e-01,3.441967302027290065e-01,3.389315150020901779e-01,3.335713560795405264e-01,3.281166327324224197e-01,3.225675307977572404e-01,3.169240107665090567e-01,3.111857686384724153e-01,3.053521917974752475e-01,2.994223081643908602e-01,2.933947272779206528e-01,2.872675716197972129e-01,2.810383960590052688e-01,2.747040927096343621e-01,2.682607777257398074e-01,2.617036555196751713e-01,2.550268544794117020e-01,2.482232263153798524e-01,2.412840984467440608e-01
9.765151515151515582e-01,2.404394755717611798e-01,2.473872684469166361e-01,2.541937429365427881e-01,2.608683375948926964e-01,2.674188528897787354e-01,2.738517206227639722e-01,2.801722214538782674e-01,2.863846623916716516e-01,2.924925230211761207e-01,2.984985770490769519e-01,3.044049941613073962e-01,3.102134260288221812e-01,3.159250794372530091e-01,3.215407788677245859e-01,3.270610205654915781e-01,3.324860191596210046e-01,3.378157474923691450e-01,3.430499734830188552e-01,3.481882908851404723e-01,3.532301471458059727e-01,3.581748682975456344e-01,3.630216815039304379e-01,3.677697358829647434e-01,3.724181223716317435e-01,3.769658937510774188e-01,3.814120867985889562e-01,3.857557506560161387e-01,3.899959915040125402e-01,3.941320641240710354e-01,3.981636364070709755e-01,4.020922111571918478e-01,4.059337296584609733e-01,4.096453626698307038e-01,4.132433553796596160e-01,4.167285701315068258e-01,4.201005573981875796e-01,4.233586074113646069e-01,4.265019418209095026e-01,4.295297767042977610e-01,4.324413510771352165e-01,4.352359435986567493e-01,4.379128850558299257e-01,4.404715699642438587e-01,4.429114693169188821e-01,4.452321462560689946e-01,4.474332767290949420e-01,4.495146779280241311e-01,4.514763485967670520e-01,4.533185273520257130e-01,4.550417783521951698e-01,4.566471183583994953e-01,4.581362055051027005e-01,4.595116161396083365e-01,4.607772333791974040e-01,4.619387297527781655e-01,4.630039575817633812e-01,4.639825483877867418e-01,4.648828592201326160e-01,4.657031588164995961e-01,4.664174666903132538e-01,4.669722533555405453e-01,4.673156949877372290e-01,4.674298015108670490e-01,4.673156949877373956e-01,4.669722533555398236e-01,4.664174666903125321e-01,4.657031588165000402e-01,4.648828592201334486e-01,4.639825483877854095e-01,4.630039575817629927e-01,4.619387297527777769e-01,4.607772333791976815e-01,4.595116161396074483e-01,4.581362055051035886e-01,4.566471183583994398e-01,4.550417783521948367e-01,4.533185273520269898e-01,4.514763485967682732e-01,4.495146779280233540e-01,4.474332767290948865e-01,4.452321462560677734e-01,4.429114693169176609e-01,4.404715699642456905e-01,4.379128850558292041e-01,4.352359435986560832e-01,4.324413510771348279e-01,4.295297767042973169e-01,4.265019418209092805e-01,4.233586074113639963e-01,4.201005573981874686e-01,4.167285701315068258e-01,4.132433553796601711e-01,4.096453626698305928e-01,4.059337296584605848e-01,4.020922111571927360e-01,3.981636364070688661e-01,3.941320641240705913e-01,3.899959915040123182e-01,3.857557506560173044e-01,3.814120867985892893e-01,3.769658937510774188e-01,3.724181223716310218e-01,3.677697358829652985e-01,3.630216815039307154e-01,3.581748682975453568e-01,3.532301471458053066e-01,3.481882908851405833e-01,3.430499734830185776e-01,3.378157474923690895e-01,3.324860191596222259e-01,3.270610205654904679e-01,3.215407788677234202e-01,3.159250794372535642e-01,3.102134260288239576e-01,3.044049941613093946e-01,2.984985770490770629e-01,2.924925230211763982e-01,2.863846623916708189e-01,2.801722214538794331e-01,2.738517206227630285e-01,2.674188528897801786e-01,2.608683375948905314e-01,2.541937429365421774e-01,2.473872684469170247e-01,2.404394755717607357e-01
9.803030303030304538e-01,2.396493845326050642e-01,2.466093064983115313e-01,2.534218048513696142e-01,2.600971298696457823e-01,2.666437708243099558e-01,2.730687491386588062e-01,2.793778543702842843e-01,2.855758360912263316e-01,2.916665614629831427e-01,2.976531458167829824e-01,3.035380617688537286e-01,3.093232311021300585e-01,3.150101026783307390e-01,3.205997193454696026e-01,3.260927743557769376e-01,3.314896609310905018e-01,3.367905157729103038e-01,3.419952562195475720e-01,3.471036132979340993e-01,3.521151609947292815e-01,3.570293424404228366e-01,3.618454936576097625e-01,3.665628655735078678e-01,3.711806451814020358e-01,3.756979771976268756e-01,3.801139886778600596e-01,3.844278219539603580e-01,3.886386898672158918e-01,3.927459991140653250e-01,3.967497585477520183e-01,4.006539853592016587e-01,4.044664355385663157e-01,4.081499995945045978e-01,4.117214990078297276e-01,4.151811655710016535e-01,4.185284755634822162e-01,4.217627245291612481e-01,4.248831614520290345e-01,4.278890383471924408e-01,4.307796348503126760e-01,4.335542739104203958e-01,4.362123344189107188e-01,4.387532635498561095e-01,4.411765906380055724e-01,4.434819442775281839e-01,4.456690746207795373e-01,4.477378835244336663e-01,4.496884662926722287e-01,4.515211704437943063e-01,4.532366793515060777e-01,4.548361318611140458e-01,4.563212925897720540e-01,4.576947892371684978e-01,4.589604247771749135e-01,4.601235299583210092e-01,4.611911823528499488e-01,4.621717458804930900e-01,4.630724068006557559e-01,4.638925269879927704e-01,4.646123472914818753e-01,4.651859041157965780e-01,4.655557174464488579e-01,4.656827334433966681e-01,4.655557174464502457e-01,4.651859041157963004e-01,4.646123472914825969e-01,4.638925269879932700e-01,4.630724068006559224e-01,4.621717458804940892e-01,4.611911823528495602e-01,4.601235299583203986e-01,4.589604247771742473e-01,4.576947892371678317e-01,4.563212925897713879e-01,4.548361318611143789e-01,4.532366793515052450e-01,4.515211704437945839e-01,4.496884662926735055e-01,4.477378835244328337e-01,4.456690746207793707e-01,4.434819442775274068e-01,4.411765906380046842e-01,4.387532635498565536e-01,4.362123344189107188e-01,4.335542739104197296e-01,4.307796348503125650e-01,4.278890383471911640e-01,4.248831614520280908e-01,4.217627245291605820e-01,4.185284755634835485e-01,4.151811655710017646e-01,4.117214990078285619e-01,4.081499995945046533e-01,4.044664355385677035e-01,4.006539853592029354e-01,3.967497585477521849e-01,3.927459991140645479e-01,3.886386898672150036e-01,3.844278219539599140e-01,3.801139886778602817e-01,3.756979771976250437e-01,3.711806451814007590e-01,3.665628655735062025e-01,3.618454936576100955e-01,3.570293424404223370e-01,3.521151609947297811e-01,3.471036132979337108e-01,3.419952562195471280e-01,3.367905157729109700e-01,3.314896609310911124e-01,3.260927743557769931e-01,3.205997193454678262e-01,3.150101026783312386e-01,3.093232311021298364e-01,3.035380617688533400e-01,2.976531458167842037e-01,2.916665614629844749e-01,2.855758360912244997e-01,2.793778543702828965e-01,2.730687491386577515e-01,2.666437708243107330e-01,2.600971298696450607e-01,2.534218048513686150e-01,2.466093064983102268e-01,2.396493845326043148e-01
9.840909090909091272e-01,2.389138572983260933e-01,2.458894499327157757e-01,2.527112106472657049e-01,2.593902505916323431e-01,2.659357866887715471e-01,2.723554616842973619e-01,2.786555996221379838e-01,2.848414134412917686e-01,2.909171748850908901e-01,2.968863548727750934e-01,3.027517404576839932e-01,3.085155330210470059e-01,3.141794319924041123e-01,3.197447040969221832e-01,3.252122452247437345e-01,3.305826326519459291e-01,3.358561702271957716e-01,3.410329280033287946e-01,3.461127770449593521e-01,3.510954202474695363e-01,3.559804199088928423e-01,3.607672227742056981e-01,3.654551833439618203e-01,3.700435864805183273e-01,3.745316709467568783e-01,3.789186569989932418e-01,3.832037851591368338e-01,3.873863858948793371e-01,3.914660509831789925e-01,3.954433060827510782e-01,3.993358594284484586e-01,4.031074247597029037e-01,4.067642512538902078e-01,4.103101829738408091e-01,4.137451399246030448e-01,4.170685613290427418e-01,4.202797576166560356e-01,4.233780086952872446e-01,4.263626042593656185e-01,4.292328656012269761e-01,4.319881606895007997e-01,4.346279171138613950e-01,4.371516352645110071e-01,4.395589034329928091e-01,4.418494164712012950e-01,4.440229999633423241e-01,4.460796425029573964e-01,4.480195396693961163e-01,4.498431547541067999e-01,4.515513032708788899e-01,4.531452706996348390e-01,4.546269750466459536e-01,4.559991850919912770e-01,4.572657940133607601e-01,4.584321059455187530e-01,4.595049702888817089e-01,4.604922942348205761e-01,4.614008547902330726e-01,4.622306165135251499e-01,4.629646331288849170e-01,4.635599059853650061e-01,4.639539079207926076e-01,4.640921397617400190e-01,4.639539079207922745e-01,4.635599059853646176e-01,4.629646331288854166e-01,4.622306165135250944e-01,4.614008547902325175e-01,4.604922942348188553e-01,4.595049702888819865e-01,4.584321059455175318e-01,4.572657940133612597e-01,4.559991850919907219e-01,4.546269750466457871e-01,4.531452706996344504e-01,4.515513032708778907e-01,4.498431547541061892e-01,4.480195396693952281e-01,4.460796425029556755e-01,4.440229999633426572e-01,4.418494164712020167e-01,4.395589034329929756e-01,4.371516352645114512e-01,4.346279171138611175e-01,4.319881606895007442e-01,4.292328656012266985e-01,4.263626042593663401e-01,4.233780086952878552e-01,4.202797576166568128e-01,4.170685613290417981e-01,4.137451399246032113e-01,4.103101829738406980e-01,4.067642512538905963e-01,4.031074247597029592e-01,3.993358594284484586e-01,3.954433060827510782e-01,3.914660509831781043e-01,3.873863858948792260e-01,3.832037851591367783e-01,3.789186569989936859e-01,3.745316709467574334e-01,3.700435864805186603e-01,3.654551833439619313e-01,3.607672227742056426e-01,3.559804199088943411e-01,3.510954202474701469e-01,3.461127770449582419e-01,3.410329280033290167e-01,3.358561702271956051e-01,3.305826326519465952e-01,3.252122452247453444e-01,3.197447040969227938e-01,3.141794319924050005e-01,3.085155330210468394e-01,3.027517404576836602e-01,2.968863548727747048e-01,2.909171748850907790e-01,2.848414134412920462e-01,2.786555996221370401e-01,2.723554616842977505e-01,2.659357866887738231e-01,2.593902505916316770e-01,2.527112106472644837e-01,2.458894499327163308e-01,2.389138572983269537e-01
9.878787878787880228e-01,2.382274646199301904e-01,2.452222114357759664e-01,2.520563971186604579e-01,2.587420486273807607e-01,2.652891540859194652e-01,2.717060102491994922e-01,2.779995030161123704e-01,2.841753308531592692e-01,2.902381881665692664e-01,2.961919162866608057e-01,3.020396288486554282e-01,3.077838178613490072e-01,3.134264397843568029e-01,3.189689933636666308e-01,3.244125831758708500e-01,3.297579750592247727e-01,3.350056441302908805e-01,3.401558166166420150e-01,3.452085065611111836e-01,3.501635482976317992e-01,3.550206255106147513e-01,3.597792976772574147e-01,3.644390247936785121e-01,3.689991916009554007e-01,3.734591333154647641e-01,3.778181668648849523e-01,3.820756372393975808e-01,3.862310074011794936e-01,3.902841051695655761e-01,3.942363416439527701e-01,3.981060372389231272e-01,4.018485706461321083e-01,4.054797100880142557e-01,4.090009153995234903e-01,4.124119381496778036e-01,4.157122041120736577e-01,4.189010457272097088e-01,4.219777769202122109e-01,4.249417268739689169e-01,4.277922599023787908e-01,4.305287902473615147e-01,4.331507955188488301e-01,4.356578308568194724e-01,4.380495454181970172e-01,4.403257028250479599e-01,4.424862075627734592e-01,4.445311399583430911e-01,4.464608033374224405e-01,4.482757883173413838e-01,4.499770609595951654e-01,4.515660834910907306e-01,4.530449776615490531e-01,4.544167388725718348e-01,4.556854966341137847e-01,4.568567749545333623e-01,4.579375914121679436e-01,4.589359595367965561e-01,4.598588154803075478e-01,4.607066890912782653e-01,4.614638118342677675e-01,4.620871426303188034e-01,4.625077399790474275e-01,4.626574955804104716e-01,4.625077399790483157e-01,4.620871426303188589e-01,4.614638118342668793e-01,4.607066890912771551e-01,4.598588154803083250e-01,4.589359595367975553e-01,4.579375914121675550e-01,4.568567749545336953e-01,4.556854966341145063e-01,4.544167388725727785e-01,4.530449776615491086e-01,4.515660834910883437e-01,4.499770609595932225e-01,4.482757883173413838e-01,4.464608033374227181e-01,4.445311399583425915e-01,4.424862075627724600e-01,4.403257028250485150e-01,4.380495454181975168e-01,4.356578308568190838e-01,4.331507955188499404e-01,4.305287902473615147e-01,4.277922599023786243e-01,4.249417268739690834e-01,4.219777769202125439e-01,4.189010457272079879e-01,4.157122041120733247e-01,4.124119381496767489e-01,4.090009153995229352e-01,4.054797100880139227e-01,4.018485706461329410e-01,3.981060372389232938e-01,3.942363416439512158e-01,3.902841051695661867e-01,3.862310074011792160e-01,3.820756372393983025e-01,3.778181668648855629e-01,3.734591333154658188e-01,3.689991916009547346e-01,3.644390247936786786e-01,3.597792976772584694e-01,3.550206255106147513e-01,3.501635482976303559e-01,3.452085065611105730e-01,3.401558166166418484e-01,3.350056441302904364e-01,3.297579750592254944e-01,3.244125831758719047e-01,3.189689933636663532e-01,3.134264397843576355e-01,3.077838178613481745e-01,3.020396288486548175e-01,2.961919162866614719e-01,2.902381881665670460e-01,2.841753308531579925e-01,2.779995030161126479e-01,2.717060102492002693e-01,2.652891540859197983e-01,2.587420486273812603e-01,2.520563971186620122e-01,2.452222114357780203e-01,2.382274646199289692e-01
9.916666666666666963e-01,2.375713645989634693e-01,2.445883635845314819e-01,2.514377515632983950e-01,2.581325257272351070e-01,2.646834891670644674e-01,2.710996313104197530e-01,2.773884266164825529e-01,2.835560822915516033e-01,2.896077341801784888e-01,2.955476093534021298e-01,3.013791617049139115e-01,3.071051815472137236e-01,3.127278932673745460e-01,3.182490342890245127e-01,3.236699236080051167e-01,3.289915205797285247e-01,3.342144757210862016e-01,3.393391749049629036e-01,3.443657780894621157e-01,3.492942535629707246e-01,3.541244085968330291e-01,3.588559173969052551e-01,3.634883473847052571e-01,3.680211852511438009e-01,3.724538652650454251e-01,3.767858050282297810e-01,3.810164618443294127e-01,3.851454516961200225e-01,3.891729210226519409e-01,3.931021683261718414e-01,3.969461668068668958e-01,4.006621381497432743e-01,4.042683873622439084e-01,4.077655399232710254e-01,4.111532546560442425e-01,4.144309596897879922e-01,4.175980149160771204e-01,4.206537709544395653e-01,4.235975982831820530e-01,4.264289058160424251e-01,4.291471557113699653e-01,4.317518775020081079e-01,4.342426834275190939e-01,4.366192865392796163e-01,4.388815232623552998e-01,4.410293825005783264e-01,4.430630440504808032e-01,4.449829300862749304e-01,4.467897748436431837e-01,4.484847193589275305e-01,4.500694399753634722e-01,4.515463203881686094e-01,4.529186745208503284e-01,4.541910141777569798e-01,4.553693130065405992e-01,4.564611051242740691e-01,4.574749896090677392e-01,4.584185748724672327e-01,4.592931329885900360e-01,4.600832314459681882e-01,4.607436274616925065e-01,4.611967081386350586e-01,4.613599377430311899e-01,4.611967081386334488e-01,4.607436274616923955e-01,4.600832314459670780e-01,4.592931329885899805e-01,4.584185748724656784e-01,4.574749896090683499e-01,4.564611051242748463e-01,4.553693130065409878e-01,4.541910141777572019e-01,4.529186745208513276e-01,4.515463203881688314e-01,4.500694399753631947e-01,4.484847193589280301e-01,4.467897748436429062e-01,4.449829300862743198e-01,4.430630440504800260e-01,4.410293825005783264e-01,4.388815232623554663e-01,4.366192865392796718e-01,4.342426834275194825e-01,4.317518775020082189e-01,4.291471557113699653e-01,4.264289058160422585e-01,4.235975982831817199e-01,4.206537709544404535e-01,4.175980149160768984e-01,4.144309596897881587e-01,4.111532546560442425e-01,4.077655399232701372e-01,4.042683873622439084e-01,4.006621381497441070e-01,3.969461668068682281e-01,3.931021683261729516e-01,3.891729210226519964e-01,3.851454516961193564e-01,3.810164618443295237e-01,3.767858050282306137e-01,3.724538652650436488e-01,3.680211852511429682e-01,3.634883473847054236e-01,3.588559173969045335e-01,3.541244085968316413e-01,3.492942535629719458e-01,3.443657780894631149e-01,3.393391749049627926e-01,3.342144757210867567e-01,3.289915205797277475e-01,3.236699236080042841e-01,3.182490342890248458e-01,3.127278932673751566e-01,3.071051815472148894e-01,3.013791617049154103e-01,2.955476093534031290e-01,2.896077341801792104e-01,2.835560822915513812e-01,2.773884266164824419e-01,2.710996313104198085e-01,2.646834891670653556e-01,2.581325257272366058e-01,2.514377515632995608e-01,2.445883635845320092e-01,2.375713645989625256e-01
9.954545454545455918e-01,2.369388878020937395e-01,2.439811542894175511e-01,2.508484241754357913e-01,2.575547260022172935e-01,2.641117249518410981e-01,2.705291374647785241e-01,2.768150621613142404e-01,2.829762366639511639e-01,2.890182584706019187e-01,2.949457572398427319e-01,3.007625376927116623e-01,3.064717022685640169e-01,3.120757512081459573e-01,3.175766680601951331e-01,3.229759924373457047e-01,3.282748823645196268e-01,3.334741680626365223e-01,3.385743986631849500e-01,3.435758830967614030e-01,3.484787262266874630e-01,3.532828612091880593e-01,3.579880790773640742e-01,3.625940567354875022e-01,3.671003850907676447e-01,3.715066004291766033e-01,3.758122258589355336e-01,3.800168411786122857e-01,3.841202449026715482e-01,3.881230468103719633e-01,3.920416135617094122e-01,3.958478005587381388e-01,3.995384136186470037e-01,4.031204622099111012e-01,4.065941700204777631e-01,4.099591474728694340e-01,4.132148362300470668e-01,4.163606280376554447e-01,4.193959127036122059e-01,4.223201039381992428e-01,4.251326571458286518e-01,4.278330845201211985e-01,4.304209700809030759e-01,4.328959864130857982e-01,4.352579146960879330e-01,4.375066698085897654e-01,4.396423327655944457e-01,4.416651934996387308e-01,4.435758080855265462e-01,4.453750759847719953e-01,4.470643447448568453e-01,4.486455515771584079e-01,4.501214123907451015e-01,4.514956663292307715e-01,4.527733700916338755e-01,4.539611926188891755e-01,4.550675440356690693e-01,4.561020950820817710e-01,4.570736698972019396e-01,4.579846054010149325e-01,4.588193250681158464e-01,4.595285210293693079e-01,4.600229463898007909e-01,4.602029558687577016e-01,4.600229463898013460e-01,4.595285210293686418e-01,4.588193250681152358e-01,4.579846054010151546e-01,4.570736698972017731e-01,4.561020950820816600e-01,4.550675440356672374e-01,4.539611926188887314e-01,4.527733700916332649e-01,4.514956663292305494e-01,4.501214123907444908e-01,4.486455515771575198e-01,4.470643447448572894e-01,4.453750759847724394e-01,4.435758080855274899e-01,4.416651934996383977e-01,4.396423327655937796e-01,4.375066698085895989e-01,4.352579146960874334e-01,4.328959864130846324e-01,4.304209700809045192e-01,4.278330845201216981e-01,4.251326571458285963e-01,4.223201039381980215e-01,4.193959127036111512e-01,4.163606280376549451e-01,4.132148362300475108e-01,4.099591474728685458e-01,4.065941700204785403e-01,4.031204622099106016e-01,3.995384136186479473e-01,3.958478005587393045e-01,3.920416135617097453e-01,3.881230468103716857e-01,3.841202449026717147e-01,3.800168411786108980e-01,3.758122258589361997e-01,3.715066004291774360e-01,3.671003850907677002e-01,3.625940567354882793e-01,3.579880790773645183e-01,3.532828612091871712e-01,3.484787262266882402e-01,3.435758830967615696e-01,3.385743986631856717e-01,3.334741680626371885e-01,3.282748823645214586e-01,3.229759924373452606e-01,3.175766680601949665e-01,3.120757512081456242e-01,3.064717022685646275e-01,3.007625376927114402e-01,2.949457572398405114e-01,2.890182584706017521e-01,2.829762366639502758e-01,2.768150621613145734e-01,2.705291374647795233e-01,2.641117249518415422e-01,2.575547260022185148e-01,2.508484241754364019e-01,2.439811542894184393e-01,2.369388878020938227e-01
9.992424242424242653e-01,2.363496509079094643e-01,2.434207777955833263e-01,2.503091460423692571e-01,2.570298820257063688e-01,2.635955656827386195e-01,2.700166832979388754e-01,2.763019847218655678e-01,2.824587724266822142e-01,2.884931243837936532e-01,2.944100889075240701e-01,3.002138387577812928e-01,3.059077993845054633e-01,3.114947569583116915e-01,3.169769494536636145e-01,3.223561440158870250e-01,3.276337031277046230e-01,3.328106415813607000e-01,3.378876758847905726e-01,3.428652674560390134e-01,3.477436607766745125e-01,3.525229175866230746e-01,3.572029482408519696e-01,3.617835416032404439e-01,3.662643955641287641e-01,3.706451521136391869e-01,3.749254460641575082e-01,3.791049935137772997e-01,3.831838199874297857e-01,3.871632827018746670e-01,3.910638155099809277e-01,3.948401813295583374e-01,3.985065040960809046e-01,4.020651677349607045e-01,4.055161800621276957e-01,4.088591313226553892e-01,4.120934851989593861e-01,4.152186692157020520e-01,4.182341149795240076e-01,4.211392817303495906e-01,4.239336737773158892e-01,4.266168561497878930e-01,4.291884707899341622e-01,4.316482549917615152e-01,4.339960637462125237e-01,4.362318979398533969e-01,4.383559409220825209e-01,4.403686068306931212e-01,4.422706053166050033e-01,4.440630290121037049e-01,4.457474722566084901e-01,4.473261919900230477e-01,4.488023233554813141e-01,4.501801604203728435e-01,4.514654984524531511e-01,4.526659881182422684e-01,4.537913263315657697e-01,4.548528032693084922e-01,4.558610748691100389e-01,4.568199509105351774e-01,4.577132984281452321e-01,4.584857477228013178e-01,4.590327830043148261e-01,4.592338708101454947e-01,4.590327830043131607e-01,4.584857477228003186e-01,4.577132984281448991e-01,4.568199509105364542e-01,4.558610748691098724e-01,4.548528032693078260e-01,4.537913263315652701e-01,4.526659881182417133e-01,4.514654984524529846e-01,4.501801604203733431e-01,4.488023233554812585e-01,4.473261919900224370e-01,4.457474722566070469e-01,4.440630290121035384e-01,4.422706053166054474e-01,4.403686068306932877e-01,4.383559409220820213e-01,4.362318979398538965e-01,4.339960637462120796e-01,4.316482549917615708e-01,4.291884707899332740e-01,4.266168561497873934e-01,4.239336737773188313e-01,4.211392817303489799e-01,4.182341149795238411e-01,4.152186692157018855e-01,4.120934851989594416e-01,4.088591313226552781e-01,4.055161800621276957e-01,4.020651677349590947e-01,3.985065040960814042e-01,3.948401813295581708e-01,3.910638155099812607e-01,3.871632827018754996e-01,3.831838199874285089e-01,3.791049935137777438e-01,3.749254460641585629e-01,3.706451521136389093e-01,3.662643955641302629e-01,3.617835416032417206e-01,3.572029482408531353e-01,3.525229175866228526e-01,3.477436607766747345e-01,3.428652674560387914e-01,3.378876758847905171e-01,3.328106415813593122e-01,3.276337031277041789e-01,3.223561440158878022e-01,3.169769494536627819e-01,3.114947569583135234e-01,3.059077993845061294e-01,3.002138387577807932e-01,2.944100889075232375e-01,2.884931243837946524e-01,2.824587724266818256e-01,2.763019847218660674e-01,2.700166832979389309e-01,2.635955656827387306e-01,2.570298820257072570e-01,2.503091460423709780e-01,2.434207777955826602e-01,2.363496509079105468e-01
1.003030303030303161e+00,2.358063771259755470e-01,2.429100479215960395e-01,2.498227894052524878e-01,2.565608981351526485e-01,2.631379254874344209e-01,2.695651724559995355e-01,2.758520793937420112e-01,2.820065344971440235e-01,2.880351257818825061e-01,2.939433395362401891e-01,2.997357310934578578e-01,3.054160621228372841e-01,3.109874156208331519e-01,3.164522930709846027e-01,3.218126967662241489e-01,3.270702000653541441e-01,3.322260077746333473e-01,3.372810084292886534e-01,3.422358199512416932e-01,3.470908299642795347e-01,3.518462319631248669e-01,3.565020586013517567e-01,3.610582137041663531e-01,3.655145055518077002e-01,3.698706864700034846e-01,3.741265110286358109e-01,3.782818507508601824e-01,3.823370284179599676e-01,3.862948235485526016e-01,3.901729258145378854e-01,3.939238657204568450e-01,3.975667233835271652e-01,4.011026791020389504e-01,4.045316210912554555e-01,4.078531386936889436e-01,4.110667245158609595e-01,4.141718456411953575e-01,4.171679783734740243e-01,4.200546302692801381e-01,4.228313575955015557e-01,4.254977818141837953e-01,4.280536072180501916e-01,4.304986414287798602e-01,4.328328205470632351e-01,4.350562411387330353e-01,4.371692019371481996e-01,4.391722591922856966e-01,4.410663010996094258e-01,4.428526488109085779e-01,4.445331942228993860e-01,4.461105878578993100e-01,4.475884926838597511e-01,4.489719184222761839e-01,4.502676367239444311e-01,4.514846272851436026e-01,4.526343626253048202e-01,4.537303835874252900e-01,4.547858383308576724e-01,4.558063136242549995e-01,4.567742898667997986e-01,4.576256186685551675e-01,4.582365472440452780e-01,4.584627454113480716e-01,4.582365472440445564e-01,4.576256186685529470e-01,4.567742898667992990e-01,4.558063136242554991e-01,4.547858383308575059e-01,4.537303835874251789e-01,4.526343626253050978e-01,4.514846272851418818e-01,4.502676367239437094e-01,4.489719184222757398e-01,4.475884926838612499e-01,4.461105878578990880e-01,4.445331942228988309e-01,4.428526488109071346e-01,4.410663010996098143e-01,4.391722591922854746e-01,4.371692019371481996e-01,4.350562411387319250e-01,4.328328205470638457e-01,4.304986414287803043e-01,4.280536072180507468e-01,4.254977818141849610e-01,4.228313575954991133e-01,4.200546302692810818e-01,4.171679783734735247e-01,4.141718456411964122e-01,4.110667245158607930e-01,4.078531386936893877e-01,4.045316210912549004e-01,4.011026791020402826e-01,3.975667233835273318e-01,3.939238657204581773e-01,3.901729258145388290e-01,3.862948235485521020e-01,3.823370284179604672e-01,3.782818507508595163e-01,3.741265110286370876e-01,3.698706864700024299e-01,3.655145055518100317e-01,3.610582137041645767e-01,3.565020586013524229e-01,3.518462319631259216e-01,3.470908299642790351e-01,3.422358199512420818e-01,3.372810084292864885e-01,3.322260077746322371e-01,3.270702000653529229e-01,3.218126967662244819e-01,3.164522930709845472e-01,3.109874156208333740e-01,3.054160621228380057e-01,2.997357310934578023e-01,2.939433395362391344e-01,2.880351257818841715e-01,2.820065344971416366e-01,2.758520793937407345e-01,2.695651724559984252e-01,2.631379254874344209e-01,2.565608981351527595e-01,2.498227894052514886e-01,2.429100479215953456e-01,2.358063771259766572e-01
1.006818181818181834e+00,2.353038555468231763e-01,2.424438060745486012e-01,2.493842300090944042e-01,2.561426718818616832e-01,2.627337151601782383e-01,2.691695244185228209e-01,2.754602668991903980e-01,2.816144502045996312e-01,2.876391922045616889e-01,2.935404412782846584e-01,2.993231518799007174e-01,3.049914346706183443e-01,3.105486808538147070e-01,3.159976648273271072e-01,3.213406318702281550e-01,3.265793727847176031e-01,3.317152879240930496e-01,3.367494425459666707e-01,3.416826151020338487e-01,3.465153398682387920e-01,3.512479452417708869e-01,3.558805891400811938e-01,3.604132933927660654e-01,3.648459802647371908e-01,3.691785176426563564e-01,3.734107897970801448e-01,3.775428501629068956e-01,3.815754360863227168e-01,3.855154158740530246e-01,3.893674704792555730e-01,3.930945641027986381e-01,3.967147829146439597e-01,4.002287587206445618e-01,4.036363157102644816e-01,4.069370558965138551e-01,4.101305063243420590e-01,4.132161770015729818e-01,4.161935917543212460e-01,4.190623093598140891e-01,4.218219413776154725e-01,4.244721697685258088e-01,4.270127663124297368e-01,4.294436156074896704e-01,4.317647436364758784e-01,4.339763544128875661e-01,4.360788780873675052e-01,4.380730351914340903e-01,4.399599235624354621e-01,4.417411371028119316e-01,4.434189290097532155e-01,4.449964363312179927e-01,4.464779866090388127e-01,4.478695072516171161e-01,4.491790432990434567e-01,4.504173304848336779e-01,4.515981964203280574e-01,4.527381145449795308e-01,4.538532358484639317e-01,4.549505121478555902e-01,4.560084773488999876e-01,4.569493516518526310e-01,4.576272125541543390e-01,4.578780867485620076e-01,4.576272125541536728e-01,4.569493516518517429e-01,4.560084773488994880e-01,4.549505121478548686e-01,4.538532358484625440e-01,4.527381145449784206e-01,4.515981964203288901e-01,4.504173304848333448e-01,4.491790432990440673e-01,4.478695072516166720e-01,4.464779866090395899e-01,4.449964363312175486e-01,4.434189290097540481e-01,4.417411371028116540e-01,4.399599235624358506e-01,4.380730351914339793e-01,4.360788780873661730e-01,4.339763544128871775e-01,4.317647436364766000e-01,4.294436156074895039e-01,4.270127663124301809e-01,4.244721697685265860e-01,4.218219413776148619e-01,4.190623093598154769e-01,4.161935917543209129e-01,4.132161770015724267e-01,4.101305063243424476e-01,4.069370558965134110e-01,4.036363157102642596e-01,4.002287587206437292e-01,3.967147829146459581e-01,3.930945641027987492e-01,3.893674704792557395e-01,3.855154158740531911e-01,3.815754360863231054e-01,3.775428501629069511e-01,3.734107897970789791e-01,3.691785176426553017e-01,3.648459802647360806e-01,3.604132933927671201e-01,3.558805891400809718e-01,3.512479452417694992e-01,3.465153398682383479e-01,3.416826151020341262e-01,3.367494425459668927e-01,3.317152879240936048e-01,3.265793727847172145e-01,3.213406318702264342e-01,3.159976648273257194e-01,3.105486808538137078e-01,3.049914346706170676e-01,2.993231518799013280e-01,2.935404412782847694e-01,2.876391922045611893e-01,2.816144502046002973e-01,2.754602668991918968e-01,2.691695244185230429e-01,2.627337151601806808e-01,2.561426718818620718e-01,2.493842300090925723e-01,2.424438060745486012e-01,2.353038555468223991e-01
1.010606060606060730e+00,2.348330037248918256e-01,2.420128872467760539e-01,2.489842027272391456e-01,2.557658259390281907e-01,2.623734386772276217e-01,2.688201173226836826e-01,2.751167978376883871e-01,2.812726400465974663e-01,2.872953194499783258e-01,2.931912632611166081e-01,2.989658444925915037e-01,3.046235387438556153e-01,3.101680556983283932e-01,3.156024525028328642e-01,3.209292255273512584e-01,3.261503897761088844e-01,3.312675468212708529e-01,3.362819434380504569e-01,3.411945227065878439e-01,3.460059691222328038e-01,3.507167491892348443e-01,3.553271491357624656e-01,3.598373119955626254e-01,3.642472779678206929e-01,3.685570366393065012e-01,3.727666147366078819e-01,3.768762859257922537e-01,3.808874171778306450e-01,3.848217426487202664e-01,3.886360400454885733e-01,3.923403635382877730e-01,3.959386918699908664e-01,3.994313675562048971e-01,4.028181855054807636e-01,4.060987704354278582e-01,4.092726884661113673e-01,4.123394957043688414e-01,4.152987664063462203e-01,4.181501137327263140e-01,4.208932082999220503e-01,4.235277972677408131e-01,4.260537259443101799e-01,4.284709638286154365e-01,4.307796373543171242e-01,4.329800722908083710e-01,4.350728498547236089e-01,4.370588822206918356e-01,4.389395154964157997e-01,4.407166716009935925e-01,4.423930450892332167e-01,4.439723767324274539e-01,4.454598313930464015e-01,4.468625087157949149e-01,4.481900968799172880e-01,4.494556017384042090e-01,4.506758428839459651e-01,4.518707715137501579e-01,4.530592417637702707e-01,4.542466169670373866e-01,4.553995017275024870e-01,4.564158841545606915e-01,4.571305484563835120e-01,4.573889269638025667e-01,4.571305484563845112e-01,4.564158841545596923e-01,4.553995017275034862e-01,4.542466169670366649e-01,4.530592417637693270e-01,4.518707715137517678e-01,4.506758428839441888e-01,4.494556017384044866e-01,4.481900968799160112e-01,4.468625087157943598e-01,4.454598313930473452e-01,4.439723767324275094e-01,4.423930450892336608e-01,4.407166716009935370e-01,4.389395154964154111e-01,4.370588822206915580e-01,4.350728498547237755e-01,4.329800722908074273e-01,4.307796373543180124e-01,4.284709638286146594e-01,4.260537259443098468e-01,4.235277972677407576e-01,4.208932082999219393e-01,4.181501137327257589e-01,4.152987664063460538e-01,4.123394957043685638e-01,4.092726884661125886e-01,4.060987704354302452e-01,4.028181855054825955e-01,3.994313675562046750e-01,3.959386918699897007e-01,3.923403635382884946e-01,3.886360400454887398e-01,3.848217426487207105e-01,3.808874171778299234e-01,3.768762859257924758e-01,3.727666147366078819e-01,3.685570366393076669e-01,3.642472779678219141e-01,3.598373119955627919e-01,3.553271491357616885e-01,3.507167491892350109e-01,3.460059691222328038e-01,3.411945227065876218e-01,3.362819434380474037e-01,3.312675468212714081e-01,3.261503897761078297e-01,3.209292255273494820e-01,3.156024525028318095e-01,3.101680556983281711e-01,3.046235387438570030e-01,2.989658444925916703e-01,2.931912632611167746e-01,2.872953194499768270e-01,2.812726400465969667e-01,2.751167978376862777e-01,2.688201173226818508e-01,2.623734386772276772e-01,2.557658259390284128e-01,2.489842027272401725e-01,2.420128872467754433e-01,2.348330037248916036e-01
1.014393939393939403e+00,2.343673201863315236e-01,2.415902311612056763e-01,2.485950886493106804e-01,2.554021894428358808e-01,2.620283772489906959e-01,2.684876961328425127e-01,2.747918923028858096e-01,2.809508107067397176e-01,2.869727111131423203e-01,2.928645228507383291e-01,2.986320521572218833e-01,3.042801535671935675e-01,3.098128704753390639e-01,3.152335504136970501e-01,3.205449489962675647e-01,3.257493120924839225e-01,3.308484480381045922e-01,3.358437897805353067e-01,3.407364489827856002e-01,3.455272637887635834e-01,3.502168418970054153e-01,3.548056008238472114e-01,3.592938080468585649e-01,3.636816259590259226e-01,3.679691730729356403e-01,3.721566352501501362e-01,3.762445642203438023e-01,3.802354111289659166e-01,3.841508859179197932e-01,3.879404020341691295e-01,3.916226270788374375e-01,3.951995652771351231e-01,3.986713980970096882e-01,4.020379141563721892e-01,4.052987685176827060e-01,4.084535703435338561e-01,4.115019248526903817e-01,4.144434597124485031e-01,4.172778458793182099e-01,4.200048172272606295e-01,4.226241914866473715e-01,4.251358945228236874e-01,4.275399900890190508e-01,4.298367176953536983e-01,4.320265421391685789e-01,4.341102196452208961e-01,4.360888876599556818e-01,4.379641884191497470e-01,4.397384408324692129e-01,4.414148813562293050e-01,4.429980023085438035e-01,4.444940238185952075e-01,4.459115362483286327e-01,4.472623207227643949e-01,4.485622303681620071e-01,4.498316190032204953e-01,4.510937358567297384e-01,4.523671484568746459e-01,4.536451822829009051e-01,4.548598567422300620e-01,4.558622285432321619e-01,4.564929088407536639e-01,4.566989575409246549e-01,4.564929088407533864e-01,4.558622285432306076e-01,4.548598567422303396e-01,4.536451822828990177e-01,4.523671484568741463e-01,4.510937358567295719e-01,4.498316190032193851e-01,4.485622303681616185e-01,4.472623207227636732e-01,4.459115362483276335e-01,4.444940238185943748e-01,4.429980023085438035e-01,4.414148813562294715e-01,4.397384408324688798e-01,4.379641884191501910e-01,4.360888876599565145e-01,4.341102196452213957e-01,4.320265421391687455e-01,4.298367176953547530e-01,4.275399900890177185e-01,4.251358945228215780e-01,4.226241914866482596e-01,4.200048172272605740e-01,4.172778458793184875e-01,4.144434597124487252e-01,4.115019248526917695e-01,4.084535703435331344e-01,4.052987685176817068e-01,4.020379141563733549e-01,3.986713980970100768e-01,3.951995652771361223e-01,3.916226270788374930e-01,3.879404020341683523e-01,3.841508859179185165e-01,3.802354111289665828e-01,3.762445642203420815e-01,3.721566352501510244e-01,3.679691730729368615e-01,3.636816259590262557e-01,3.592938080468573436e-01,3.548056008238463233e-01,3.502168418970041386e-01,3.455272637887628062e-01,3.407364489827858223e-01,3.358437897805354178e-01,3.308484480381049808e-01,3.257493120924848107e-01,3.205449489962665099e-01,3.152335504136973277e-01,3.098128704753396745e-01,3.042801535671946778e-01,2.986320521572237152e-01,2.928645228507399945e-01,2.869727111131434305e-01,2.809508107067387739e-01,2.747918923028825344e-01,2.684876961328406808e-01,2.620283772489889751e-01,2.554021894428364359e-01,2.485950886493115963e-01,2.415902311612052322e-01,2.343673201863320787e-01
1.018181818181818299e+00,2.339354004183474833e-01,2.412053056567622367e-01,2.482471671040461514e-01,2.550827949288343999e-01,2.617302747525819262e-01,2.682046759789197266e-01,2.745186013834337024e-01,2.806826180901209611e-01,2.867055998845646214e-01,2.925950022183219090e-01,2.983570854330536148e-01,3.039970976463262087e-01,3.095194265827338476e-01,3.149277263938445870e-01,3.202250183199197298e-01,3.254137869085170220e-01,3.304960536714278696e-01,3.354734431458870625e-01,3.403472402243621908e-01,3.451184407736997972e-01,3.497877973995687229e-01,3.543558625331365008e-01,3.588230320969005849e-01,3.631895960404993295e-01,3.674558112229860951e-01,3.716220459253320452e-01,3.756892233083468091e-01,3.796621590553729275e-01,3.835560546695747641e-01,3.873229077554299904e-01,3.909838702571701297e-01,3.945401390264357544e-01,3.979918069768082489e-01,4.013386728766897282e-01,4.045804286154502383e-01,4.077167303509700580e-01,4.107472357891910897e-01,4.136716295533135468e-01,4.164896445456922613e-01,4.192010830386690423e-01,4.218058399124206548e-01,4.243039301976344602e-01,4.266955233629451394e-01,4.289809874921381994e-01,4.311609476732749524e-01,4.332363647312816313e-01,4.352086431496787200e-01,4.370797810433245112e-01,4.388525808703007680e-01,4.405309476646792066e-01,4.421203116838477443e-01,4.436282213500829519e-01,4.450651474280772901e-01,4.464454781736423294e-01,4.477884403157078030e-01,4.491179015000447139e-01,4.504578817252509748e-01,4.518160776146965540e-01,4.531440840522940050e-01,4.542861312749261193e-01,4.550202148257949664e-01,4.552928250793603082e-01,4.553291158617708279e-01,4.552928250793590870e-01,4.550202148257944668e-01,4.542861312749256752e-01,4.531440840522921176e-01,4.518160776146958879e-01,4.504578817252502532e-01,4.491179015000439367e-01,4.477884403157066928e-01,4.464454781736432731e-01,4.450651474280772346e-01,4.436282213500823968e-01,4.421203116838476888e-01,4.405309476646790401e-01,4.388525808703019893e-01,4.370797810433232344e-01,4.352086431496778873e-01,4.332363647312809651e-01,4.311609476732748414e-01,4.289809874921380883e-01,4.266955233629445288e-01,4.243039301976347932e-01,4.218058399124198221e-01,4.192010830386699860e-01,4.164896445456921503e-01,4.136716295533126586e-01,4.107472357891910342e-01,4.077167303509687257e-01,4.045804286154501272e-01,4.013386728766905054e-01,3.979918069768091926e-01,3.945401390264351993e-01,3.909838702571695745e-01,3.873229077554298239e-01,3.835560546695752082e-01,3.796621590553718728e-01,3.756892233083472532e-01,3.716220459253321562e-01,3.674558112229865392e-01,3.631895960404998847e-01,3.588230320969002518e-01,3.543558625331359457e-01,3.497877973995697776e-01,3.451184407737002968e-01,3.403472402243626904e-01,3.354734431458870625e-01,3.304960536714282582e-01,3.254137869085178547e-01,3.202250183199212286e-01,3.149277263938442539e-01,3.095194265827341251e-01,3.039970976463264862e-01,2.983570854330533373e-01,2.925950022183201327e-01,2.867055998845644549e-01,2.806826180901201284e-01,2.745186013834328698e-01,2.682046759789183388e-01,2.617302747525819817e-01,2.550827949288325125e-01,2.482471671040459571e-01,2.412053056567620146e-01,2.339354004183496205e-01
1.021969696969696972e+00,2.335304312696473705e-01,2.408512622792373936e-01,2.479335209366766435e-01,2.548006414257717456e-01,2.614720301508559608e-01,2.679638447952036318e-01,2.742895941733440313e-01,2.804606068753167647e-01,2.864864021779395808e-01,2.923749870529112060e-01,2.981330965314787917e-01,3.037663901208605965e-01,3.092796137243163934e-01,3.146767345331761279e-01,3.199610563302855426e-01,3.251353067377615869e-01,3.302017274386976342e-01,3.351621402596351995e-01,3.400180082036997065e-01,3.447704891558736606e-01,3.494204845768677514e-01,3.539686857362481787e-01,3.584156214703860255e-01,3.627617155946936123e-01,3.670073752551946122e-01,3.711531839919613440e-01,3.752005975034712337e-01,3.791702212661348104e-01,3.830281528852318429e-01,3.867735171509408265e-01,3.904139168921812453e-01,3.939501384753336666e-01,3.973822308913437795e-01,4.007100152705049823e-01,4.039332258999928094e-01,4.070515697870682459e-01,4.100647607124794369e-01,4.129725442088801324e-01,4.157747198741011396e-01,4.184711643531485725e-01,4.210618574039903805e-01,4.235469134224917886e-01,4.259266212815206454e-01,4.282014962913013867e-01,4.303723496207011445e-01,4.324403828658618942e-01,4.344073189880691133e-01,4.362755861008097980e-01,4.380485782135177808e-01,4.397310274640936489e-01,4.413295345019037086e-01,4.428533104922090513e-01,4.443151586695915922e-01,4.457325751572313033e-01,4.471282980468234136e-01,4.485278891679527757e-01,4.499472057741567554e-01,4.513537328173140573e-01,4.525892054635204387e-01,4.533356416875350403e-01,4.533781079395611258e-01,4.530117669866379759e-01,4.528043625276986228e-01,4.530117669866380314e-01,4.533781079395617364e-01,4.533356416875355954e-01,4.525892054635198281e-01,4.513537328173135021e-01,4.499472057741563114e-01,4.485278891679532753e-01,4.471282980468241908e-01,4.457325751572310812e-01,4.443151586695908151e-01,4.428533104922077190e-01,4.413295345019043747e-01,4.397310274640923722e-01,4.380485782135175032e-01,4.362755861008085212e-01,4.344073189880677810e-01,4.324403828658627269e-01,4.303723496207013111e-01,4.282014962913024414e-01,4.259266212815209229e-01,4.235469134224911780e-01,4.210618574039911022e-01,4.184711643531496827e-01,4.157747198741019168e-01,4.129725442088784670e-01,4.100647607124801586e-01,4.070515697870683569e-01,4.039332258999935310e-01,4.007100152705050933e-01,3.973822308913435020e-01,3.939501384753342772e-01,3.904139168921814673e-01,3.867735171509403824e-01,3.830281528852323980e-01,3.791702212661339777e-01,3.752005975034722329e-01,3.711531839919613440e-01,3.670073752551930024e-01,3.627617155946925576e-01,3.584156214703866916e-01,3.539686857362486228e-01,3.494204845768675849e-01,3.447704891558729390e-01,3.400180082036992624e-01,3.351621402596361987e-01,3.302017274386985224e-01,3.251353067377604766e-01,3.199610563302859312e-01,3.146767345331759058e-01,3.092796137243171151e-01,3.037663901208588757e-01,2.981330965314774040e-01,2.923749870529100403e-01,2.864864021779381376e-01,2.804606068753172643e-01,2.742895941733440313e-01,2.679638447952050750e-01,2.614720301508581257e-01,2.548006414257711905e-01,2.479335209366750059e-01,2.408512622792369495e-01,2.335304312696455387e-01
1.025757575757575868e+00,2.331509318284595289e-01,2.405267449230958920e-01,2.476528890436939800e-01,2.545545343893287349e-01,2.612524954535013211e-01,2.677640857588550749e-01,2.741037731208971207e-01,2.802836895427990305e-01,2.863140333123465053e-01,2.922033899151232905e-01,2.979589909543181037e-01,3.035869251384191725e-01,3.090923117904645356e-01,3.144794447408558180e-01,3.197519124719184758e-01,3.249127040580883641e-01,3.299642836897336839e-01,3.349086769344443715e-01,3.397475300880352100e-01,3.444821676100870422e-01,3.491136440375338101e-01,3.536427937508612729e-01,3.580702835394960482e-01,3.623966786164973808e-01,3.666225518881162104e-01,3.707487502679415736e-01,3.747775714387199253e-01,3.787336966554821771e-01,3.825660885354415508e-01,3.862908674338172421e-01,3.899113668949590328e-01,3.934281470871046626e-01,3.968412425123920562e-01,4.001505061799667806e-01,4.033557197755827661e-01,4.064566450330419634e-01,4.094530556844699909e-01,4.123447626133603383e-01,4.151316375659279134e-01,4.178136385146407616e-01,4.203908391860199933e-01,4.228634654473070742e-01,4.252319419585451343e-01,4.274969537613887427e-01,4.296595294714654623e-01,4.317211557938196442e-01,4.336839376916515887e-01,4.355508253889629477e-01,4.373259391896185400e-01,4.390150358258564367e-01,4.406261720966089257e-01,4.421706159954153503e-01,4.436639702628206172e-01,4.451270996722596629e-01,4.465851328226012606e-01,4.480586902079095046e-01,4.495310370773928366e-01,4.508628033202786711e-01,4.516862475782343345e-01,4.515883937032573736e-01,4.507469620041118508e-01,4.499047546465549385e-01,4.495810961148058449e-01,4.499047546465543279e-01,4.507469620041114067e-01,4.515883937032576512e-01,4.516862475782347230e-01,4.508628033202790042e-01,4.495310370773925035e-01,4.480586902079096157e-01,4.465851328226013717e-01,4.451270996722604401e-01,4.436639702628210613e-01,4.421706159954157944e-01,4.406261720966093143e-01,4.390150358258576579e-01,4.373259391896194836e-01,4.355508253889635584e-01,4.336839376916510891e-01,4.317211557938193667e-01,4.296595294714644631e-01,4.274969537613890758e-01,4.252319419585441906e-01,4.228634654473068522e-01,4.203908391860196048e-01,4.178136385146398735e-01,4.151316375659265256e-01,4.123447626133603383e-01,4.094530556844698244e-01,4.064566450330435177e-01,4.033557197755839874e-01,4.001505061799667251e-01,3.968412425123922227e-01,3.934281470871056063e-01,3.899113668949606426e-01,3.862908674338171866e-01,3.825660885354402185e-01,3.787336966554818996e-01,3.747775714387216461e-01,3.707487502679420732e-01,3.666225518881146006e-01,3.623966786164964371e-01,3.580702835394951600e-01,3.536427937508605512e-01,3.491136440375341432e-01,3.444821676100885410e-01,3.397475300880360427e-01,3.349086769344432057e-01,3.299642836897339615e-01,3.249127040580888637e-01,3.197519124719183647e-01,3.144794447408551519e-01,3.090923117904633144e-01,3.035869251384202272e-01,2.979589909543203241e-01,2.922033899151237901e-01,2.863140333123463388e-01,2.802836895428001407e-01,2.741037731208970651e-01,2.677640857588557965e-01,2.612524954535007105e-01,2.545545343893284018e-01,2.476528890436928421e-01,2.405267449230955035e-01,2.331509318284592791e-01
1.029545454545454763e+00,2.327980554407443614e-01,2.402330868964064059e-01,2.474067416474511893e-01,2.543460501091253656e-01,2.610733293596104176e-01,2.676071217209423092e-01,2.739629110350371710e-01,2.801536777629842212e-01,2.861903351141208418e-01,2.920820759484981655e-01,2.978366518006439478e-01,3.034605996023487240e-01,3.089594276451056443e-01,3.143377694523077914e-01,3.195995121504514591e-01,3.247479040652392346e-01,3.297856518103264301e-01,3.347149856866536988e-01,3.395377411681764213e-01,3.442554141850251437e-01,3.488692169010862987e-01,3.533801315027267353e-01,3.577889684861041419e-01,3.620964436159688771e-01,3.663033161407597271e-01,3.704107702579502726e-01,3.744226583472936576e-01,3.783612341252610700e-01,3.821719816511372492e-01,3.858769739061560511e-01,3.894782283261647993e-01,3.929761788417993063e-01,3.963708660511456872e-01,3.996621826313413450e-01,4.028499623610679592e-01,4.059340257294020704e-01,4.089142106949244515e-01,4.117903985502824327e-01,4.145625395182827577e-01,4.172306810737798632e-01,4.197950017055327443e-01,4.222558532537936671e-01,4.246138159538540569e-01,4.268697719804666613e-01,4.290250058861300175e-01,4.310813442980137022e-01,4.330413532274573485e-01,4.349086201470280799e-01,4.366881601137767577e-01,4.383869990745211664e-01,4.400149928339702754e-01,4.415858956458496021e-01,4.431184503687747300e-01,4.446363346638498304e-01,4.461625986285671641e-01,4.476947326198741917e-01,4.491275003252241382e-01,4.501091651911001690e-01,4.500913194849444077e-01,4.490521558167721028e-01,4.478118052122550541e-01,4.470110392750862860e-01,4.467537085843357181e-01,4.470110392750854533e-01,4.478118052122543880e-01,4.490521558167714367e-01,4.500913194849455734e-01,4.501091651911007796e-01,4.491275003252242493e-01,4.476947326198738031e-01,4.461625986285658318e-01,4.446363346638515512e-01,4.431184503687747300e-01,4.415858956458506568e-01,4.400149928339694982e-01,4.383869990745206668e-01,4.366881601137765356e-01,4.349086201470261370e-01,4.330413532274575150e-01,4.310813442980137578e-01,4.290250058861291294e-01,4.268697719804653290e-01,4.246138159538540013e-01,4.222558532537913911e-01,4.197950017055320782e-01,4.172306810737808069e-01,4.145625395182823691e-01,4.117903985502829878e-01,4.089142106949236743e-01,4.059340257294031251e-01,4.028499623610667379e-01,3.996621826313426773e-01,3.963708660511442439e-01,3.929761788417983626e-01,3.894782283261636890e-01,3.858769739061583826e-01,3.821719816511391921e-01,3.783612341252617917e-01,3.744226583472937686e-01,3.704107702579504946e-01,3.663033161407596161e-01,3.620964436159688216e-01,3.577889684861040309e-01,3.533801315027261247e-01,3.488692169010868538e-01,3.442554141850259208e-01,3.395377411681756996e-01,3.347149856866519224e-01,3.297856518103254309e-01,3.247479040652390125e-01,3.195995121504507930e-01,3.143377694523086796e-01,3.089594276451055888e-01,3.034605996023470031e-01,2.978366518006433927e-01,2.920820759484977214e-01,2.861903351141209528e-01,2.801536777629833330e-01,2.739629110350376706e-01,2.676071217209406439e-01,2.610733293596095295e-01,2.543460501091264758e-01,2.474067416474496905e-01,2.402330868964059341e-01,2.327980554407454439e-01
1.033333333333333437e+00,2.324564709145030827e-01,2.399547011775562122e-01,2.471792112944371511e-01,2.541590246711543655e-01,2.609180614619120986e-01,2.674761699734435338e-01,2.738499101147812698e-01,2.800531580258265318e-01,2.860975793342695472e-01,2.919930043020615429e-01,2.977477286211603902e-01,3.033687571223659951e-01,3.088620031388000786e-01,3.142324530661076420e-01,3.194843033669451104e-01,3.246210755954587190e-01,3.296457135561607354e-01,3.345606714840075324e-01,3.393679750921193561e-01,3.440692968426976028e-01,3.486660113575933972e-01,3.531592537189337522e-01,3.575499846809697124e-01,3.618390817990252417e-01,3.660275187293154375e-01,3.701169372971480076e-01,3.741153349006018369e-01,3.780324202266425182e-01,3.818228371580226210e-01,3.855085741341299777e-01,3.890910259695122830e-01,3.925705602170506126e-01,3.959472386877772032e-01,3.992210003773849492e-01,4.023917357142697826e-01,4.054593282044978153e-01,4.084236847722880759e-01,4.112847628677963607e-01,4.140425984890517275e-01,4.166973381421162359e-01,4.192492777717312658e-01,4.216989123878553958e-01,4.240470014584674097e-01,4.262946573169931197e-01,4.284434672091292362e-01,4.304956647508031975e-01,4.324543742617462661e-01,4.343239624232019258e-01,4.361105455731718039e-01,4.378227118144616958e-01,4.394724983328948675e-01,4.410765157400661218e-01,4.426564800299002123e-01,4.442361159613529287e-01,4.458239059757445055e-01,4.473519790038542610e-01,4.485299159079862430e-01,4.487662986258697528e-01,4.477955431534058062e-01,4.464028115222547499e-01,4.454048694667513963e-01,4.449100982457264708e-01,4.447689567233059638e-01,4.449100982457281916e-01,4.454048694667516739e-01,4.464028115222534177e-01,4.477955431534050845e-01,4.487662986258701414e-01,4.485299159079865761e-01,4.473519790038541499e-01,4.458239059757443390e-01,4.442361159613526511e-01,4.426564800298995461e-01,4.410765157400657888e-01,4.394724983328946455e-01,4.378227118144605856e-01,4.361105455731725256e-01,4.343239624232017593e-01,4.324543742617453779e-01,4.304956647508039747e-01,4.284434672091274598e-01,4.262946573169942854e-01,4.240470014584665215e-01,4.216989123878557288e-01,4.192492777717318209e-01,4.166973381421161804e-01,4.140425984890507838e-01,4.112847628677963607e-01,4.084236847722897412e-01,4.054593282044975933e-01,4.023917357142688944e-01,3.992210003773830618e-01,3.959472386877756489e-01,3.925705602170517783e-01,3.890910259695116724e-01,3.855085741341311989e-01,3.818228371580230651e-01,3.780324202266419076e-01,3.741153349006013373e-01,3.701169372971480631e-01,3.660275187293144938e-01,3.618390817990259634e-01,3.575499846809693238e-01,3.531592537189340852e-01,3.486660113575933417e-01,3.440692968426959375e-01,3.393679750921193561e-01,3.345606714840083096e-01,3.296457135561595697e-01,3.246210755954572202e-01,3.194843033669465537e-01,3.142324530661086412e-01,3.088620031388005782e-01,3.033687571223649404e-01,2.977477286211592800e-01,2.919930043020607657e-01,2.860975793342672158e-01,2.800531580258279196e-01,2.738499101147800485e-01,2.674761699734431453e-01,2.609180614619103222e-01,2.541590246711550316e-01,2.471792112944375952e-01,2.399547011775562677e-01,2.324564709145030272e-01
