6.598943516955733113e-01,6.636295974596553293e-01,6.671298568504294701e-01,6.704050808171766462e-01,6.734674801823133938e-01,6.763315295034936225e-01,6.790139667998967843e-01,6.815337858584874509e-01,6.839122147476782709e-01,6.861726699161599941e-01,6.883406695788097940e-01,6.904436827586172276e-01,6.925108812661062707e-01,6.945727512640874624e-01,6.966605096813948128e-01,6.988052603939026719e-01,7.010368190937246169e-01,7.033821394842625363e-01,7.058632945838377859e-01,7.084950150677170599e-01,7.112818711004822436e-01,7.142153096419489033e-01,7.172709182897553104e-01,7.204064510174527092e-01,7.235612658273643527e-01,7.266578133845673637e-01,7.296056063826364957e-01,7.323076654192053336e-01,7.346688436475634632e-01,7.366048489576414449e-01,7.380504338723105073e-01,7.389652850171962717e-01,7.393366368394098664e-01,7.391783949941773679e-01,7.385273120649954448e-01,7.374372676000277016e-01,7.359728548676931492e-01,7.342033102256257937e-01,7.321974741447140334e-01,7.300200944668093772e-01,7.277294757633435696e-01,7.253762855752285965e-01,7.230032430368784624e-01,7.206454082010398388e-01,7.183308272985639009e-01,7.160813425579630742e-01,7.139134265926220246e-01,7.118389393100301721e-01,7.098657201044709097e-01,7.079979006256107432e-01,7.062356907189712985e-01,7.045738916715998945e-01,7.029960747754858685e-01,7.014424535881763623e-01,7.023800485471922705e-01,7.034695456146033976e-01,7.037762618949827687e-01,7.038484559305636656e-01,7.038276391016038414e-01,7.037745825298491464e-01,7.037204983112751444e-01,7.036823548094727210e-01,7.036687580332252612e-01,7.036823548094692793e-01,7.037204983112791412e-01,7.037745825298500346e-01,7.038276391016011768e-01,7.038484559305661081e-01,7.037762618949788829e-01,7.034695456146018433e-01,7.023800485471873856e-01,7.014424535881849110e-01,7.029960747754868677e-01,7.045738916716052236e-01,7.062356907189708544e-01,7.079979006256117424e-01,7.098657201044735743e-01,7.118389393100332807e-01,7.139134265926232459e-01,7.160813425579642955e-01,7.183308272985644560e-01,7.206454082010378404e-01,7.230032430368780183e-01,7.253762855752285965e-01,7.277294757633449018e-01,7.300200944668087111e-01,7.321974741447154766e-01,7.342033102256236843e-01,7.359728548676944815e-01,7.374372676000299220e-01,7.385273120649959999e-01,7.391783949941779230e-01,7.393366368394138632e-01,7.389652850171956056e-01,7.380504338723096192e-01,7.366048489576418890e-01,7.346688436475660167e-01,7.323076654192004487e-01,7.296056063826396043e-01,7.266578133845686960e-01,7.235612658273591347e-01,7.204064510174530422e-01,7.172709182897529789e-01,7.142153096419504577e-01,7.112818711004813554e-01,7.084950150677149505e-01,7.058632945838392292e-01,7.033821394842620922e-01,7.010368190937250610e-01,6.988052603939041152e-01,6.966605096813969222e-01,6.945727512640865742e-01,6.925108812661083801e-01,6.904436827586188929e-01,6.883406695788056862e-01,6.861726699161605492e-01,6.839122147476779379e-01,6.815337858584896713e-01,6.790139667998976725e-01,6.763315295034918462e-01,6.734674801823122836e-01,6.704050808171739817e-01,6.671298568504282489e-01,6.636295974596545522e-01,6.598943516955728672e-01
6.322984238028853676e-01,6.368253271131272264e-01,6.411418378926985184e-01,6.452526070557600413e-01,6.491643251598568920e-01,6.528857774982220752e-01,6.564279017881033962e-01,6.598038484137025428e-01,6.630290416475771442e-01,6.661212379447735144e-01,6.691005740102139443e-01,6.719895925588905694e-01,6.748132271642148794e-01,6.775987189907806130e-01,6.803754273403365138e-01,6.831744829622984350e-01,6.860282188500663736e-01,6.889692998347877184e-01,6.920294636636450392e-01,6.952377889688244883e-01,6.986184291433126248e-01,7.021878075678371633e-01,7.059513705351165846e-01,7.099001451357869197e-01,7.140075403533082676e-01,7.182270243546676758e-01,7.224914406615214890e-01,7.267146980697529735e-01,7.307963006629594194e-01,7.346286555147358843e-01,7.381064017170650970e-01,7.411363594316954240e-01,7.436463625413289869e-01,7.455913901992504700e-01,7.469560333487305082e-01,7.477532012365158964e-01,7.480197765719369674e-01,7.478104167441260719e-01,7.471907881016607300e-01,7.462312885927573358e-01,7.450019223171956417e-01,7.435685931041865482e-01,7.419907800805207732e-01,7.403203775966921141e-01,7.386014104228735278e-01,7.368703385994977983e-01,7.351567096701044912e-01,7.334839723924554411e-01,7.318703182024655085e-01,7.303294539727167578e-01,7.288712206475074229e-01,7.275019264291991972e-01,7.262240293148249926e-01,7.250336079911842146e-01,7.239031593511227047e-01,7.253074134513343152e-01,7.262281201880156356e-01,7.265323625330862845e-01,7.266394371412220332e-01,7.266653226892184625e-01,7.266602264030689318e-01,7.266491670097215971e-01,7.266442630638273448e-01,7.266491670097268152e-01,7.266602264030725955e-01,7.266653226892212381e-01,7.266394371412157049e-01,7.265323625330845081e-01,7.262281201880178561e-01,7.253074134513325388e-01,7.239031593511242590e-01,7.250336079911826603e-01,7.262240293148261028e-01,7.275019264291995302e-01,7.288712206475089772e-01,7.303294539727179790e-01,7.318703182024651754e-01,7.334839723924562183e-01,7.351567096701029369e-01,7.368703385994986865e-01,7.386014104228755262e-01,7.403203775966902267e-01,7.419907800805186637e-01,7.435685931041847718e-01,7.450019223171995275e-01,7.462312885927553374e-01,7.471907881016582875e-01,7.478104167441225192e-01,7.480197765719369674e-01,7.477532012365138980e-01,7.469560333487307302e-01,7.455913901992483606e-01,7.436463625413347600e-01,7.411363594317001979e-01,7.381064017170695379e-01,7.346286555147341080e-01,7.307963006629614178e-01,7.267146980697520853e-01,7.224914406615274842e-01,7.182270243546681199e-01,7.140075403533011622e-01,7.099001451357865866e-01,7.059513705351163626e-01,7.021878075678348319e-01,6.986184291433121807e-01,6.952377889688239332e-01,6.920294636636413754e-01,6.889692998347861641e-01,6.860282188500668177e-01,6.831744829622963255e-01,6.803754273403355146e-01,6.775987189907805019e-01,6.748132271642174329e-01,6.719895925588926788e-01,6.691005740102139443e-01,6.661212379447724041e-01,6.630290416475757009e-01,6.598038484137042081e-01,6.564279017881051725e-01,6.528857774982252948e-01,6.491643251598574471e-01,6.452526070557604854e-01,6.411418378926984074e-01,6.368253271131255611e-01,6.322984238028861448e-01
6.102039065567720355e-01,6.153764390645847238e-01,6.203657341574922990e-01,6.251722702457246372e-01,6.297982332256657489e-01,6.342475951154381564e-01,6.385261981976291246e-01,6.426418461187329845e-01,6.466044028768631602e-01,6.504258996707289464e-01,6.541206479936646501e-01,6.577053548854598919e-01,6.611992325783683233e-01,6.646240894959172252e-01,6.680043822362504713e-01,6.713671983568352264e-01,6.747421271774775020e-01,6.781609605282448161e-01,6.816571482908555524e-01,6.852649170577546078e-01,6.890179488699756938e-01,6.929475185445792551e-01,6.970800139485807678e-01,7.014338279847385227e-01,7.060157278673265813e-01,7.108169826707964045e-01,7.158097512134881102e-01,7.209444542748757456e-01,7.261489951265382992e-01,7.313306426907963953e-01,7.363810619336297325e-01,7.411843580411427990e-01,7.456272221601609740e-01,7.496095830056699327e-01,7.530538673636767433e-01,7.559112201081523708e-01,7.581637683307641540e-01,7.598229616129368313e-01,7.609248399100868587e-01,7.615235306837426776e-01,7.616843049816407474e-01,7.614772374748300932e-01,7.609720953696404999e-01,7.602346804843393979e-01,7.593245551473403188e-01,7.582939169970370763e-01,7.571873292588401361e-01,7.560420250405202047e-01,7.548885520331610754e-01,7.537515827198181251e-01,7.526507699740614399e-01,7.516015712434772622e-01,7.506159903543058176e-01,7.497031715482684877e-01,7.488695552263884281e-01,7.481153086818110864e-01,7.498304469145244955e-01,7.506244543421843884e-01,7.509325442708240095e-01,7.510709526982639606e-01,7.511328472649506649e-01,7.511581390656212331e-01,7.511648162613140389e-01,7.511581390656223434e-01,7.511328472649508869e-01,7.510709526982692896e-01,7.509325442708305598e-01,7.506244543421830562e-01,7.498304469145253837e-01,7.481153086818135289e-01,7.488695552263937572e-01,7.497031715482694869e-01,7.506159903543082601e-01,7.516015712434748197e-01,7.526507699740634383e-01,7.537515827198167928e-01,7.548885520331637400e-01,7.560420250405149867e-01,7.571873292588390258e-01,7.582939169970387416e-01,7.593245551473427613e-01,7.602346804843368444e-01,7.609720953696373913e-01,7.614772374748287609e-01,7.616843049816414135e-01,7.615235306837451201e-01,7.609248399100884130e-01,7.598229616129423825e-01,7.581637683307621556e-01,7.559112201081510385e-01,7.530538673636747449e-01,7.496095830056654918e-01,7.456272221601601968e-01,7.411843580411435761e-01,7.363810619336300656e-01,7.313306426907958402e-01,7.261489951265388543e-01,7.209444542748780771e-01,7.158097512134906637e-01,7.108169826707976258e-01,7.060157278673231396e-01,7.014338279847359692e-01,6.970800139485794356e-01,6.929475185445781449e-01,6.890179488699786914e-01,6.852649170577530535e-01,6.816571482908572177e-01,6.781609605282435949e-01,6.747421271774776130e-01,6.713671983568324508e-01,6.680043822362492500e-01,6.646240894959181134e-01,6.611992325783662139e-01,6.577053548854573384e-01,6.541206479936676477e-01,6.504258996707297236e-01,6.466044028768636043e-01,6.426418461187327624e-01,6.385261981976292356e-01,6.342475951154388225e-01,6.297982332256681914e-01,6.251722702457225278e-01,6.203657341574996265e-01,6.153764390645845017e-01,6.102039065567731457e-01
5.923170182234317460e-01,5.980226048942350880e-01,6.035731999525552061e-01,6.089661964347609091e-01,6.142003377567225586e-01,6.192758015848095487e-01,6.241942897413504943e-01,6.289591259510882715e-01,6.335753632448921646e-01,6.380499026473633872e-01,6.423916242771728902e-01,6.466115310306245201e-01,6.507229033883082936e-01,6.547414612963476932e-01,6.586855251557383051e-01,6.625761622428810727e-01,6.664372968499935324e-01,6.702957515381116060e-01,6.741811727480729877e-01,6.781257766556959554e-01,6.821638315427859256e-01,6.863307736945516435e-01,6.906618401605111313e-01,6.951901025155703406e-01,6.999438141163220051e-01,7.049430555943076993e-01,7.101957950171395861e-01,7.156936764277064267e-01,7.214080967337902495e-01,7.272873725873909567e-01,7.332559402518451508e-01,7.392164529471791923e-01,7.450552496460465246e-01,7.506509748735895604e-01,7.558852915574550968e-01,7.606539384451763697e-01,7.648761385929389034e-01,7.685007090407487418e-01,7.715080445321403912e-01,7.739081362831944366e-01,7.757355886755997743e-01,7.770429922015146262e-01,7.778939804995192997e-01,7.783569765976537935e-01,7.785002024784599683e-01,7.783881346301263493e-01,7.780793123258679111e-01,7.776252568880045457e-01,7.770702138098999345e-01,7.764514484442450737e-01,7.757998775892290810e-01,7.751408824523368102e-01,7.744952150911982303e-01,7.738799908025411067e-01,7.733099144570948491e-01,7.727994662030974737e-01,7.723718303234461402e-01,7.742568812039622994e-01,7.749562547917869804e-01,7.752665072506659261e-01,7.754229072278369106e-01,7.754978856527513509e-01,7.755202084095109694e-01,7.754978856527494635e-01,7.754229072278352453e-01,7.752665072506677024e-01,7.749562547917836497e-01,7.742568812039630766e-01,7.723718303234444749e-01,7.727994662030976958e-01,7.733099144570930727e-01,7.738799908025393304e-01,7.744952150911998956e-01,7.751408824523381424e-01,7.757998775892303023e-01,7.764514484442452957e-01,7.770702138098983802e-01,7.776252568880023253e-01,7.780793123258701316e-01,7.783881346301253501e-01,7.785002024784596353e-01,7.783569765976573462e-01,7.778939804995192997e-01,7.770429922015125168e-01,7.757355886755968877e-01,7.739081362831939925e-01,7.715080445321372826e-01,7.685007090407478536e-01,7.648761385929371270e-01,7.606539384451767027e-01,7.558852915574544307e-01,7.506509748735914478e-01,7.450552496460466356e-01,7.392164529471825229e-01,7.332559402518447067e-01,7.272873725873929551e-01,7.214080967337892503e-01,7.156936764277008756e-01,7.101957950171372547e-01,7.049430555943129173e-01,6.999438141163185634e-01,6.951901025155658997e-01,6.906618401605164603e-01,6.863307736945521986e-01,6.821638315427865917e-01,6.781257766556950672e-01,6.741811727480715444e-01,6.702957515381086084e-01,6.664372968499948646e-01,6.625761622428789632e-01,6.586855251557363067e-01,6.547414612963470271e-01,6.507229033883089597e-01,6.466115310306259634e-01,6.423916242771731122e-01,6.380499026473636093e-01,6.335753632448948292e-01,6.289591259510904919e-01,6.241942897413508273e-01,6.192758015848094377e-01,6.142003377567206712e-01,6.089661964347605760e-01,6.035731999525573155e-01,5.980226048942356432e-01,5.923170182234315240e-01
5.777940021417494743e-01,5.839418370345201836e-01,5.899625427983440362e-01,5.958513754325672762e-01,6.016046125340142048e-01,6.072196325686500806e-01,6.126949995725934350e-01,6.180305548879074795e-01,6.232275177534321031e-01,6.282885967189899556e-01,6.332181138797162712e-01,6.380221437564909115e-01,6.427086681636281495e-01,6.472877474405841491e-01,6.517717067503709938e-01,6.561753334482668398e-01,6.605160773878814284e-01,6.648142399400361890e-01,6.690931288529244902e-01,6.733791442696699381e-01,6.777017457877674289e-01,6.820932314212749814e-01,6.865882377648533375e-01,6.912228494733871909e-01,6.960331912254820175e-01,7.010533765693041097e-01,7.063127199841769954e-01,7.118321989836429164e-01,7.176202984940380780e-01,7.236685849618297306e-01,7.299476212755544591e-01,7.364040832347402699e-01,7.429600676320973207e-01,7.495154651169938509e-01,7.559538216686108036e-01,7.621513610967409758e-01,7.679879797934592300e-01,7.733583658890585966e-01,7.781812298743777667e-01,7.824050688637966822e-01,7.860097668270813465e-01,7.890043195020860489e-01,7.914217229318326607e-01,7.933123912002512101e-01,7.947373850671708428e-01,7.957623882301065876e-01,7.964529429522720916e-01,7.968710868701002203e-01,7.970732810190417350e-01,7.971093896206975504e-01,7.970224375149056462e-01,7.968488963290445426e-01,7.966193077907994802e-01,7.963591299026330228e-01,7.960898068461261801e-01,7.958303357073556183e-01,7.956007950810550788e-01,7.954431468860344578e-01,7.973784708721924908e-01,7.979988273746613237e-01,7.982951085860486851e-01,7.984390652400843447e-01,7.984826391423313074e-01,7.984390652400860100e-01,7.982951085860510165e-01,7.979988273746586591e-01,7.973784708721923797e-01,7.954431468860335697e-01,7.956007950810578544e-01,7.958303357073563955e-01,7.960898068461271793e-01,7.963591299026328008e-01,7.966193077907920417e-01,7.968488963290476512e-01,7.970224375149062013e-01,7.971093896206967733e-01,7.970732810190409579e-01,7.968710868701014416e-01,7.964529429522722026e-01,7.957623882301053664e-01,7.947373850671696216e-01,7.933123912002488787e-01,7.914217229318301072e-01,7.890043195020869371e-01,7.860097668270783489e-01,7.824050688637985695e-01,7.781812298743764345e-01,7.733583658890569312e-01,7.679879797934582308e-01,7.621513610967411978e-01,7.559538216686105816e-01,7.495154651169876336e-01,7.429600676320917696e-01,7.364040832347437116e-01,7.299476212755490190e-01,7.236685849618286204e-01,7.176202984940366347e-01,7.118321989836422503e-01,7.063127199841768844e-01,7.010533765693054420e-01,6.960331912254843489e-01,6.912228494733897444e-01,6.865882377648536705e-01,6.820932314212730940e-01,6.777017457877699824e-01,6.733791442696699381e-01,6.690931288529261556e-01,6.648142399400382985e-01,6.605160773878832048e-01,6.561753334482651745e-01,6.517717067503717709e-01,6.472877474405832610e-01,6.427086681636275944e-01,6.380221437564915776e-01,6.332181138797124964e-01,6.282885967189894005e-01,6.232275177534327693e-01,6.180305548879095889e-01,6.126949995725949893e-01,6.072196325686493035e-01,6.016046125340135386e-01,5.958513754325668321e-01,5.899625427983444803e-01,5.839418370345211828e-01,5.777940021417492522e-01
5.652255139425268471e-01,5.717217625289185978e-01,5.781173276125760596e-01,5.844061102124051832e-01,5.905827546346414936e-01,5.966427188822838179e-01,6.025823495500552962e-01,6.083989624286737508e-01,6.140909302930837033e-01,6.196577795951017098e-01,6.251002979986510777e-01,6.304206548496792406e-01,6.356225367079292310e-01,6.407112999010803334e-01,6.456941415715741206e-01,6.505802896971873972e-01,6.553812108310181905e-01,6.601108314876270589e-01,6.647857647551314031e-01,6.694255272818324665e-01,6.740527226268712147e-01,6.786931544286280982e-01,6.833758164663960022e-01,6.881326865469059584e-01,6.929982284599394138e-01,6.980084842942861911e-01,7.031996246778184911e-01,7.086058278464103521e-01,7.142563954244098845e-01,7.201721019874449681e-01,7.263609327810701677e-01,7.328135915155145064e-01,7.394994306804265616e-01,7.463636997310754140e-01,7.533271086225346025e-01,7.602885405257282514e-01,7.671312463806545523e-01,7.737320721866352002e-01,7.799724257378588543e-01,7.857491003948978703e-01,7.909830055078135302e-01,7.956243660429538345e-01,7.996538540597446509e-01,8.030800570520311155e-01,8.059343580051552269e-01,8.082645520562542485e-01,8.101283964287866457e-01,8.115879393159856070e-01,8.127050694528473729e-01,8.135383895581564939e-01,8.141412937025876984e-01,8.145610191293903846e-01,8.148384198918688925e-01,8.150082425251637952e-01,8.150997552402873270e-01,8.151377089615968741e-01,8.151439388860450830e-01,8.151415000001955846e-01,8.151884284904539202e-01,8.170713847416906095e-01,8.176048734006648999e-01,8.178486186977829142e-01,8.179215589904839101e-01,8.178486186977832473e-01,8.176048734006633456e-01,8.170713847416900544e-01,8.151884284904495903e-01,8.151415000001953626e-01,8.151439388860466373e-01,8.151377089615948757e-01,8.150997552402884372e-01,8.150082425251602425e-01,8.148384198918660060e-01,8.145610191293930491e-01,8.141412937025864771e-01,8.135383895581570490e-01,8.127050694528487051e-01,8.115879393159858290e-01,8.101283964287882000e-01,8.082645520562560248e-01,8.059343580051528955e-01,8.030800570520318926e-01,7.996538540597428746e-01,7.956243660429528353e-01,7.909830055078128641e-01,7.857491003948998687e-01,7.799724257378596315e-01,7.737320721866333129e-01,7.671312463806523319e-01,7.602885405257234774e-01,7.533271086225328261e-01,7.463636997310727494e-01,7.394994306804234530e-01,7.328135915155151725e-01,7.263609327810662819e-01,7.201721019874429697e-01,7.142563954244061097e-01,7.086058278464113513e-01,7.031996246778178250e-01,6.980084842942861911e-01,6.929982284599378595e-01,6.881326865469066245e-01,6.833758164663980006e-01,6.786931544286253226e-01,6.740527226268727690e-01,6.694255272818315783e-01,6.647857647551298488e-01,6.601108314876291683e-01,6.553812108310211881e-01,6.505802896971882854e-01,6.456941415715742316e-01,6.407112999010802223e-01,6.356225367079277877e-01,6.304206548496792406e-01,6.251002979986501895e-01,6.196577795951037082e-01,6.140909302930824820e-01,6.083989624286746389e-01,6.025823495500567395e-01,5.966427188822838179e-01,5.905827546346397172e-01,5.844061102124046281e-01,5.781173276125755045e-01,5.717217625289190419e-01,5.652255139425255148e-01
5.539050537761495141e-01,5.606567818805325842e-01,5.673318074240599751e-01,5.739232777418156184e-01,5.804248620755833032e-01,5.868308121444075764e-01,5.931360262969394004e-01,5.993361180967629043e-01,6.054274904098131405e-01,6.114074162980899230e-01,6.172741282678446684e-01,6.230269176598256520e-01,6.286662461801229007e-01,6.341938717155199967e-01,6.396129905998101384e-01,6.449283983097645612e-01,6.501466700430723611e-01,6.552763615806573849e-01,6.603282290017354894e-01,6.653154628473880727e-01,6.702539277525281225e-01,6.751623918105057465e-01,6.800627203419383759e-01,6.849799956695435954e-01,6.899425075406516727e-01,6.949815382012852760e-01,7.001308432995756448e-01,7.054257085022369589e-01,7.109014490695744204e-01,7.165912272183285747e-01,7.225231059925448784e-01,7.287163568342620579e-01,7.351772050088862809e-01,7.418944301283907361e-01,7.488355041058127881e-01,7.559441684628404046e-01,7.631404119500806438e-01,7.703235922961573223e-01,7.773789037246893185e-01,7.841866105861555747e-01,7.906326823114576685e-01,7.966189808699454256e-01,8.020711916728019419e-01,8.069432604371385986e-01,8.112179804540970984e-01,8.149042352919376730e-01,8.180319690894906071e-01,8.206461268680049770e-01,8.228006447728574146e-01,8.245532274158655639e-01,8.259612785537966406e-01,8.270790512729250255e-01,8.279558921762051327e-01,8.286353647939777023e-01,8.291550258726173572e-01,8.295466729773960379e-01,8.298369920821235812e-01,8.300488513220063425e-01,8.302051595871482448e-01,8.306758589561871187e-01,8.321182145432687305e-01,8.325263298693074132e-01,8.326423978121737512e-01,8.325263298693097447e-01,8.321182145432686195e-01,8.306758589561907824e-01,8.302051595871501322e-01,8.300488513220081188e-01,8.298369920821263568e-01,8.295466729773963710e-01,8.291550258726169131e-01,8.286353647939795897e-01,8.279558921762086854e-01,8.270790512729251365e-01,8.259612785538040791e-01,8.245532274158685615e-01,8.228006447728590800e-01,8.206461268680084187e-01,8.180319690894892748e-01,8.149042352919373400e-01,8.112179804540983197e-01,8.069432604371361561e-01,8.020711916728010538e-01,7.966189808699437602e-01,7.906326823114540048e-01,7.841866105861544645e-01,7.773789037246877642e-01,7.703235922961593207e-01,7.631404119500787564e-01,7.559441684628398495e-01,7.488355041058153416e-01,7.418944301283888487e-01,7.351772050088879462e-01,7.287163568342603925e-01,7.225231059925415478e-01,7.165912272183293519e-01,7.109014490695697575e-01,7.054257085022365148e-01,7.001308432995754227e-01,6.949815382012872744e-01,6.899425075406526719e-01,6.849799956695415970e-01,6.800627203419370437e-01,6.751623918105026378e-01,6.702539277525282335e-01,6.653154628473861854e-01,6.603282290017370437e-01,6.552763615806574959e-01,6.501466700430740264e-01,6.449283983097636730e-01,6.396129905998098053e-01,6.341938717155174432e-01,6.286662461801219015e-01,6.230269176598265402e-01,6.172741282678424479e-01,6.114074162980928095e-01,6.054274904098114751e-01,5.993361180967589075e-01,5.931360262969407326e-01,5.868308121444076875e-01,5.804248620755824151e-01,5.739232777418160625e-01,5.673318074240618625e-01,5.606567818805304748e-01,5.539050537761498472e-01
5.431851654091615078e-01,5.500990681934353477e-01,5.569571963954460525e-01,5.637523839173694817e-01,5.704778177585515531e-01,5.771270893029106785e-01,5.836942484495944994e-01,5.901738611427941317e-01,5.965610710238132830e-01,6.028516661169752711e-01,6.090421516695633253e-01,6.151298304900714164e-01,6.211128923602876606e-01,6.269905143200665831e-01,6.327629738143452087e-01,6.384317768102241164e-01,6.439998029770248600e-01,6.494714697816763582e-01,6.548529167506923487e-01,6.601522099946768307e-01,6.653795651107339282e-01,6.705475834081526809e-01,6.756714915700582358e-01,6.807693677944089972e-01,6.858623275166432220e-01,6.909746284248199366e-01,6.961336373536531896e-01,7.013695812302653820e-01,7.067149824015992454e-01,7.122036596357643745e-01,7.178691675735552336e-01,7.237425614252684936e-01,7.298494261855212883e-01,7.362062173495254047e-01,7.428161333280045575e-01,7.496649700544798511e-01,7.567176543533411515e-01,7.639163325259384907e-01,7.711808935382213903e-01,7.784125344347057052e-01,7.855004097032121102e-01,7.923306595830157395e-01,7.987964248134084011e-01,8.048071013468116597e-01,8.102952345435536774e-01,8.152200561261068179e-01,8.195674942501847138e-01,8.233472365215555033e-01,8.265878779470510196e-01,8.293312799331561402e-01,8.316270813875085155e-01,8.335279805489126392e-01,8.350860762313536689e-01,8.363502986990095645e-01,8.373647993764977704e-01,8.381680961124177154e-01,8.387927657652218816e-01,8.392655315043365816e-01,8.396077935847887641e-01,8.398378895464182481e-01,8.406827843380324516e-01,8.415439786802765276e-01,8.417344825346293469e-01,8.415439786802775268e-01,8.406827843380321186e-01,8.398378895464172489e-01,8.396077935847887641e-01,8.392655315043363595e-01,8.387927657652218816e-01,8.381680961124200469e-01,8.373647993764965491e-01,8.363502986990076771e-01,8.350860762313560004e-01,8.335279805489136384e-01,8.316270813875079604e-01,8.293312799331559182e-01,8.265878779470511306e-01,8.233472365215560584e-01,8.195674942501838256e-01,8.152200561261044864e-01,8.102952345435537884e-01,8.048071013468104384e-01,7.987964248134084011e-01,7.923306595830136301e-01,7.855004097032134425e-01,7.784125344347080366e-01,7.711808935382246100e-01,7.639163325259404891e-01,7.567176543533389310e-01,7.496649700544806283e-01,7.428161333280022260e-01,7.362062173495267370e-01,7.298494261855209553e-01,7.237425614252624984e-01,7.178691675735516808e-01,7.122036596357621541e-01,7.067149824015974691e-01,7.013695812302654931e-01,6.961336373536529676e-01,6.909746284248216019e-01,6.858623275166413347e-01,6.807693677944109956e-01,6.756714915700572366e-01,6.705475834081570108e-01,6.653795651107353715e-01,6.601522099946757205e-01,6.548529167506915716e-01,6.494714697816758031e-01,6.439998029770266363e-01,6.384317768102248936e-01,6.327629738143450977e-01,6.269905143200658060e-01,6.211128923602865504e-01,6.151298304900718605e-01,6.090421516695649906e-01,6.028516661169741608e-01,5.965610710238145042e-01,5.901738611427934655e-01,5.836942484495959427e-01,5.771270893029137872e-01,5.704778177585509980e-01,5.637523839173707030e-01,5.569571963954454974e-01,5.500990681934356807e-01,5.431851654091616188e-01
5.323808320436375086e-01,5.393599516186625698e-01,5.463008934066321265e-01,5.531964937674823668e-01,5.600398176922605220e-01,5.668242018797631232e-01,5.735433000864122999e-01,5.801911310954547263e-01,5.867621297714594730e-01,5.932512018052508163e-01,5.996537829134216402e-01,6.059659034350338702e-01,6.121842594637455504e-01,6.183062918612480807e-01,6.243302747081058701e-01,6.302554149437712416e-01,6.360819651022311394e-01,6.418113511193549447e-01,6.474463171084097191e-01,6.529910886727372521e-01,6.584515556080219323e-01,6.638354735397121731e-01,6.691526818675558319e-01,6.744153319813130931e-01,6.796381146051655442e-01,6.848384677749521643e-01,6.900367367805593233e-01,6.952562439569410779e-01,7.005232094069688831e-01,7.058664443567078672e-01,7.113167191918723375e-01,7.169056930777628622e-01,7.226642896071333588e-01,7.286204252061247999e-01,7.347960589965385481e-01,7.412036484596736807e-01,7.478422697134142760e-01,7.546938790556998455e-01,7.617204059464826038e-01,7.688624941332616869e-01,7.760406474181034131e-01,7.831592170117313012e-01,7.901131011734335852e-01,7.967963493422565158e-01,8.031113025492536694e-01,8.089766880809454719e-01,8.143333239481207464e-01,8.191466937076928856e-01,8.234063934873498969e-01,8.271230737226120677e-01,8.303238339934339018e-01,8.330470567152106209e-01,8.353374695261254201e-01,8.372419320301993650e-01,8.388061554082492099e-01,8.400723417418863859e-01,8.410775865066935086e-01,8.418528031318924798e-01,8.424218599332853330e-01,8.428004849966600487e-01,8.429940572153437062e-01,8.438103087685986381e-01,8.442079513047160422e-01,8.438103087685965287e-01,8.429940572153441503e-01,8.428004849966627132e-01,8.424218599332868873e-01,8.418528031318905924e-01,8.410775865066953960e-01,8.400723417418874961e-01,8.388061554082456572e-01,8.372419320301983658e-01,8.353374695261251981e-01,8.330470567152100658e-01,8.303238339934364554e-01,8.271230737226111795e-01,8.234063934873512292e-01,8.191466937076909982e-01,8.143333239481180819e-01,8.089766880809471372e-01,8.031113025492531143e-01,7.967963493422547394e-01,7.901131011734340293e-01,7.831592170117314122e-01,7.760406474181014147e-01,7.688624941332621310e-01,7.617204059464767196e-01,7.546938790556958487e-01,7.478422697134126107e-01,7.412036484596702390e-01,7.347960589965358835e-01,7.286204252061219133e-01,7.226642896071318045e-01,7.169056930777623071e-01,7.113167191918720045e-01,7.058664443567072011e-01,7.005232094069689941e-01,6.952562439569395236e-01,6.900367367805597674e-01,6.848384677749553839e-01,6.796381146051679867e-01,6.744153319813136482e-01,6.691526818675540556e-01,6.638354735397126172e-01,6.584515556080210441e-01,6.529910886727355868e-01,6.474463171084079427e-01,6.418113511193535015e-01,6.360819651022318055e-01,6.302554149437719078e-01,6.243302747081054260e-01,6.183062918612544090e-01,6.121842594637457724e-01,6.059659034350349804e-01,5.996537829134225284e-01,5.932512018052521485e-01,5.867621297714583628e-01,5.801911310954533940e-01,5.735433000864120778e-01,5.668242018797636783e-01,5.600398176922604110e-01,5.531964937674832550e-01,5.463008934066315714e-01,5.393599516186595721e-01,5.323808320436385078e-01
5.213907045825387776e-01,5.283489354464507848e-01,5.352833246158164027e-01,5.421869181993035358e-01,5.490529016833294307e-01,5.558746360209133597e-01,5.626456955638411417e-01,5.693599080450076899e-01,5.760113969007104595e-01,5.825946263207705256e-01,5.891044495289416982e-01,5.955361609277641799e-01,6.018855528908184649e-01,6.081489781505702297e-01,6.143234189076308693e-01,6.204065639718632230e-01,6.263968954249019561e-01,6.322937864488852311e-01,6.380976120664954010e-01,6.438098745361992004e-01,6.494333449726902296e-01,6.549722223131044796e-01,6.604323098761418764e-01,6.658212082582986024e-01,6.711485209013365871e-01,6.764260649883722110e-01,6.816680749435648501e-01,6.868913782303027737e-01,6.921155128996040462e-01,6.973627431577341662e-01,7.026579133101189534e-01,7.080280629714675866e-01,7.135017102271559164e-01,7.191076997619298972e-01,7.248735182580517966e-01,7.308230111614466562e-01,7.369735062394731084e-01,7.433324701804464585e-01,7.498939936931969807e-01,7.566355955568933034e-01,7.635160047732307831e-01,7.704746438312104484e-01,7.774334129006091887e-01,7.843010217889859748e-01,7.909795768439011887e-01,7.973725491366607798e-01,8.033928342424651037e-01,8.089695355429639134e-01,8.140524075477363342e-01,8.186134707354965068e-01,8.226459423089774736e-01,8.261611126284220674e-01,8.291840235770910894e-01,8.317487772739703411e-01,8.338941044417891302e-01,8.356595538539355328e-01,8.370824030887809020e-01,8.381951609064590691e-01,8.390232871737247633e-01,8.395822969871127306e-01,8.398718817738763942e-01,8.398559305719615065e-01,8.402699027004881804e-01,8.398559305719615065e-01,8.398718817738776155e-01,8.395822969871137298e-01,8.390232871737244302e-01,8.381951609064614006e-01,8.370824030887830114e-01,8.356595538539328683e-01,8.338941044417952364e-01,8.317487772739714513e-01,8.291840235770907563e-01,8.261611126284225115e-01,8.226459423089821366e-01,8.186134707354966178e-01,8.140524075477370003e-01,8.089695355429645796e-01,8.033928342424606628e-01,7.973725491366587814e-01,7.909795768438988572e-01,7.843010217889859748e-01,7.774334129006079674e-01,7.704746438312127799e-01,7.635160047732287847e-01,7.566355955568961900e-01,7.498939936931975359e-01,7.433324701804452372e-01,7.369735062394728864e-01,7.308230111614447688e-01,7.248735182580541281e-01,7.191076997619282318e-01,7.135017102271555833e-01,7.080280629714648111e-01,7.026579133101189534e-01,6.973627431577325009e-01,6.921155128996032690e-01,6.868913782303003313e-01,6.816680749435641840e-01,6.764260649883715448e-01,6.711485209013364761e-01,6.658212082582983804e-01,6.604323098761416544e-01,6.549722223131048127e-01,6.494333449726901186e-01,6.438098745362001996e-01,6.380976120664947349e-01,6.322937864488865634e-01,6.263968954249025112e-01,6.204065639718635561e-01,6.143234189076310914e-01,6.081489781505701187e-01,6.018855528908185759e-01,5.955361609277639579e-01,5.891044495289428085e-01,5.825946263207701925e-01,5.760113969007107926e-01,5.693599080450078009e-01,5.626456955638406976e-01,5.558746360209154691e-01,5.490529016833296527e-01,5.421869181993025366e-01,5.352833246158176239e-01,5.283489354464530052e-01,5.213907045825377784e-01
5.099549503434667175e-01,5.168131277163976467e-01,5.236588280426265340e-01,5.304854403882612868e-01,5.372864306337830076e-01,5.440553716797656980e-01,5.507859751693005013e-01,5.574721248459634237e-01,5.641079117225126227e-01,5.706876713029860326e-01,5.772060231809326147e-01,5.836579134299064719e-01,5.900386603099621041e-01,5.963440039359784173e-01,6.025701606893472118e-01,6.087138833019759554e-01,6.147725276957974883e-01,6.207441278140706231e-01,6.266274798185216266e-01,6.324222371266347009e-01,6.381290177917589013e-01,6.437495256332208537e-01,6.492866862283999119e-01,6.547447982746079642e-01,6.601296997633863128e-01,6.654489466763134908e-01,6.707119992386800789e-01,6.759304068170839397e-01,6.811179769262194483e-01,6.862909061159397917e-01,6.914678404278967738e-01,6.966698206055292886e-01,7.019200528690963115e-01,7.072434314542411782e-01,7.126657275648434764e-01,7.182123565378824015e-01,7.239066491452034180e-01,7.297675944476879062e-01,7.358071006090459720e-01,7.420269415185349882e-01,7.484157131532801488e-01,7.549462856364654861e-01,7.615743517978099675e-01,7.682386716048716924e-01,7.748634345461322681e-01,7.813627969780183591e-01,7.876471657366383994e-01,7.936303367990056312e-01,7.992363281046829249e-01,8.044047830622235162e-01,8.090941610592879973e-01,8.132824481881901768e-01,8.169656329516624682e-01,8.201545447126830091e-01,8.228707794924957630e-01,8.251423578881729171e-01,8.269995382913694071e-01,8.284708952160864115e-01,8.295793182554637157e-01,8.303365927542527558e-01,8.307314526449470771e-01,8.306787569089814083e-01,8.299162419576251448e-01,8.306787569089792989e-01,8.307314526449454117e-01,8.303365927542522007e-01,8.295793182554623835e-01,8.284708952160898532e-01,8.269995382913732929e-01,8.251423578881728060e-01,8.228707794924938757e-01,8.201545447126796784e-01,8.169656329516609139e-01,8.132824481881875123e-01,8.090941610592885525e-01,8.044047830622237383e-01,7.992363281046829249e-01,7.936303367990068525e-01,7.876471657366395096e-01,7.813627969780171378e-01,7.748634345461326012e-01,7.682386716048702491e-01,7.615743517978081911e-01,7.549462856364644869e-01,7.484157131532789275e-01,7.420269415185345441e-01,7.358071006090450838e-01,7.297675944476887944e-01,7.239066491452056384e-01,7.182123565378829566e-01,7.126657275648422551e-01,7.072434314542381806e-01,7.019200528690979768e-01,6.966698206055277343e-01,6.914678404278961077e-01,6.862909061159361279e-01,6.811179769262216688e-01,6.759304068170851609e-01,6.707119992386794127e-01,6.654489466763107153e-01,6.601296997633863128e-01,6.547447982746064099e-01,6.492866862284012441e-01,6.437495256332207427e-01,6.381290177917594564e-01,6.324222371266334797e-01,6.266274798185216266e-01,6.207441278140709562e-01,6.147725276957980434e-01,6.087138833019768436e-01,6.025701606893462126e-01,5.963440039359805267e-01,5.900386603099634364e-01,5.836579134299073601e-01,5.772060231809338360e-01,5.706876713029862547e-01,5.641079117225128448e-01,5.574721248459642009e-01,5.507859751693000572e-01,5.440553716797658090e-01,5.372864306337831186e-01,5.304854403882619529e-01,5.236588280426275333e-01,5.168131277163982018e-01,5.099549503434668285e-01
4.979973727986242160e-01,5.046869888011720207e-01,5.113729258506102271e-01,5.180489933218977994e-01,5.247090345133951228e-01,5.313469519260581864e-01,5.379567338069694005e-01,5.445324820228569784e-01,5.510684413669848514e-01,5.575590304487056947e-01,5.639988743701171980e-01,5.703828394590263473e-01,5.767060704033561969e-01,5.829640302190235435e-01,5.891525435819179313e-01,5.952678441641281459e-01,6.013066267333454507e-01,6.072661048989147492e-01,6.131440755120087793e-01,6.189389908401746743e-01,6.246500397213760047e-01,6.302772389334279080e-01,6.358215359528999189e-01,6.412849240663326400e-01,6.466705703543894623e-01,6.519829562839846160e-01,6.572280293596372003e-01,6.624133623017601780e-01,6.675483132810534626e-01,6.726441765440267506e-01,6.777143069928516228e-01,6.827741946532609463e-01,6.878414553587679503e-01,6.929356926501060165e-01,6.980781737778324336e-01,7.032912518757202802e-01,7.085974605436101692e-01,7.140182119624438606e-01,7.195720529202244142e-01,7.252724832210473149e-01,7.311254242906476408e-01,7.371265417614517590e-01,7.432587603840774548e-01,7.494904302235068094e-01,7.557746597935225408e-01,7.620502697914016688e-01,7.682446060763989948e-01,7.742780981293392317e-01,7.800700405862023290e-01,7.855447400773478694e-01,7.906370334633068264e-01,7.952963063797895416e-01,7.994884817832502710e-01,8.031958829319161275e-01,8.064152557007749911e-01,8.091544491466692302e-01,8.114282467425411038e-01,8.132535737702338841e-01,8.146435679713119882e-01,8.155974970179475925e-01,8.160683841736801059e-01,8.156992613228100097e-01,8.159463329614536908e-01,8.156992613228125633e-01,8.160683841736797728e-01,8.155974970179472594e-01,8.146435679713145417e-01,8.132535737702341061e-01,8.114282467425408818e-01,8.091544491466696742e-01,8.064152557007755462e-01,8.031958829319143511e-01,7.994884817832516033e-01,7.952963063797899856e-01,7.906370334633060493e-01,7.855447400773476474e-01,7.800700405862033282e-01,7.742780981293356790e-01,7.682446060763997719e-01,7.620502697914041113e-01,7.557746597935225408e-01,7.494904302235071425e-01,7.432587603840773438e-01,7.371265417614479842e-01,7.311254242906473078e-01,7.252724832210478700e-01,7.195720529202249693e-01,7.140182119624436385e-01,7.085974605436101692e-01,7.032912518757225007e-01,6.980781737778283258e-01,6.929356926501054614e-01,6.878414553587685054e-01,6.827741946532579487e-01,6.777143069928505126e-01,6.726441765440276388e-01,6.675483132810539066e-01,6.624133623017605110e-01,6.572280293596403089e-01,6.519829562839852821e-01,6.466705703543887962e-01,6.412849240663314188e-01,6.358215359528988087e-01,6.302772389334277969e-01,6.246500397213793354e-01,6.189389908401730089e-01,6.131440755120066699e-01,6.072661048989164145e-01,6.013066267333467829e-01,5.952678441641292562e-01,5.891525435819184864e-01,5.829640302190244316e-01,5.767060704033555307e-01,5.703828394590261253e-01,5.639988743701166429e-01,5.575590304487044735e-01,5.510684413669827419e-01,5.445324820228575335e-01,5.379567338069684013e-01,5.313469519260577423e-01,5.247090345133954559e-01,5.180489933218975773e-01,5.113729258506100050e-01,5.046869888011730199e-01,4.979973727986242160e-01
4.856073138906020215e-01,4.920731565072673508e-01,4.985420217152202182e-01,5.050081752638940769e-01,5.114658880596090196e-01,5.179094573356624043e-01,5.243332288887605497e-01,5.307316204163768925e-01,5.370991460148450969e-01,5.434304419289976984e-01,5.497202936818617047e-01,5.559636647575360024e-01,5.621557270629592429e-01,5.682918934552759760e-01,5.743678526910672710e-01,5.803796072322617849e-01,5.863235144301230939e-01,5.921963317021345929e-01,5.979952664137084817e-01,6.037180312724480524e-01,6.093629061285449344e-01,6.149288071377775333e-01,6.204153642631556886e-01,6.258230080377610305e-01,6.311530663416613507e-01,6.364078715983991774e-01,6.415908781864857469e-01,6.467067888740313242e-01,6.517616875688569955e-01,6.567631734433164725e-01,6.617204883172136398e-01,6.666446248189956680e-01,6.715483970719289264e-01,6.764464483449539323e-01,6.813551613830696185e-01,6.862924275597120927e-01,6.912772219007067287e-01,6.963289248645434526e-01,7.014663324264559519e-01,7.067063089396105058e-01,7.120620688783823038e-01,7.175411297390640319e-01,7.231430611964476673e-01,7.288572590190067757e-01,7.346610774476362016e-01,7.405187275720290785e-01,7.463813492866983035e-01,7.521885536864525434e-01,7.578715014491356206e-01,7.633572670172518171e-01,7.685739215698447202e-01,7.734555545541258459e-01,7.779464239983187035e-01,7.820035932042809224e-01,7.855977091308088411e-01,7.887118805178611192e-01,7.913387627661837564e-01,7.934756996792161621e-01,7.951162298355543001e-01,7.962272915419705832e-01,7.965158013291698813e-01,7.971287630799698265e-01,7.973641799155541943e-01,7.971287630799708257e-01,7.965158013291665506e-01,7.962272915419708053e-01,7.951162298355554103e-01,7.934756996792168282e-01,7.913387627661857548e-01,7.887118805178623404e-01,7.855977091308087301e-01,7.820035932042816995e-01,7.779464239983181484e-01,7.734555545541282884e-01,7.685739215698446092e-01,7.633572670172525942e-01,7.578715014491330670e-01,7.521885536864508781e-01,7.463813492866968602e-01,7.405187275720278572e-01,7.346610774476354244e-01,7.288572590190082190e-01,7.231430611964467792e-01,7.175411297390609233e-01,7.120620688783826369e-01,7.067063089396117270e-01,7.014663324264547306e-01,6.963289248645418983e-01,6.912772219007072838e-01,6.862924275597129808e-01,6.813551613830700626e-01,6.764464483449511567e-01,6.715483970719292595e-01,6.666446248189967783e-01,6.617204883172135288e-01,6.567631734433136970e-01,6.517616875688551081e-01,6.467067888740308801e-01,6.415908781864844146e-01,6.364078715983979562e-01,6.311530663416630160e-01,6.258230080377593652e-01,6.204153642631569099e-01,6.149288071377783105e-01,6.093629061285458226e-01,6.037180312724470532e-01,5.979952664137081486e-01,5.921963317021337048e-01,5.863235144301235380e-01,5.803796072322613409e-01,5.743678526910673821e-01,5.682918934552771972e-01,5.621557270629600200e-01,5.559636647575362245e-01,5.497202936818628149e-01,5.434304419289961441e-01,5.370991460148445418e-01,5.307316204163781137e-01,5.243332288887595505e-01,5.179094573356622933e-01,5.114658880596083534e-01,5.050081752638930777e-01,4.985420217152219391e-01,4.920731565072685165e-01,4.856073138906024655e-01
4.727749437552719591e-01,4.789699191120921351e-01,4.851729368152714605e-01,4.913787310707091738e-01,4.975820226733294604e-01,5.037775367509994551e-01,5.099600214157535838e-01,5.161242673393948710e-01,5.222651282875030443e-01,5.283775426667214337e-01,5.344565561658904951e-01,5.404973456021062717e-01,5.464952441190327193e-01,5.524457679269988430e-01,5.583446448228681636e-01,5.641878447826383924e-01,5.699716129811613907e-01,5.756925056600843416e-01,5.813474293365057388e-01,5.869336839172899500e-01,5.924490103539540309e-01,5.978916435325483114e-01,6.032603711321250506e-01,6.085545991871442739e-01,6.137744250306477189e-01,6.189207181421100268e-01,6.239952091296334657e-01,6.290005865758864223e-01,6.339406006843595343e-01,6.388201714652558261e-01,6.436454974579942645e-01,6.484241585352041870e-01,6.531652029910860469e-01,6.578792047204418125e-01,6.625782707458166554e-01,6.672759727141770458e-01,6.719871686337013372e-01,6.767276739435752475e-01,6.815137356600743379e-01,6.863612624911589188e-01,6.912847712548682022e-01,6.962960303458207711e-01,7.014024189893113270e-01,7.066050792577592832e-01,7.118970140314290207e-01,7.172613676751919964e-01,7.226701960570790506e-01,7.280840585818333377e-01,7.334527159494088622e-01,7.387170751260379031e-01,7.438122978481478409e-01,7.486717274004329736e-01,7.532310633656943422e-01,7.574320956492447410e-01,7.612253251424229150e-01,7.645708953533653096e-01,7.674372379052414317e-01,7.697960262167444778e-01,7.716066799899583550e-01,7.727166047805203997e-01,7.737104837106197897e-01,7.745057385275854189e-01,7.747629079836030330e-01,7.745057385275867512e-01,7.737104837106174582e-01,7.727166047805216209e-01,7.716066799899558015e-01,7.697960262167472534e-01,7.674372379052397664e-01,7.645708953533636443e-01,7.612253251424218048e-01,7.574320956492427426e-01,7.532310633656920107e-01,7.486717274004315303e-01,7.438122978481481740e-01,7.387170751260402346e-01,7.334527159494101944e-01,7.280840585818342259e-01,7.226701960570806049e-01,7.172613676751927736e-01,7.118970140314302419e-01,7.066050792577575068e-01,7.014024189893103278e-01,6.962960303458211042e-01,6.912847712548680912e-01,6.863612624911584748e-01,6.815137356600756702e-01,6.767276739435765798e-01,6.719871686337016703e-01,6.672759727141778230e-01,6.625782707458157672e-01,6.578792047204405913e-01,6.531652029910841595e-01,6.484241585352039650e-01,6.436454974579940425e-01,6.388201714652570473e-01,6.339406006843599783e-01,6.290005865758853121e-01,6.239952091296340209e-01,6.189207181421118031e-01,6.137744250306478300e-01,6.085545991871448290e-01,6.032603711321253837e-01,5.978916435325486445e-01,5.924490103539552521e-01,5.869336839172913933e-01,5.813474293365051837e-01,5.756925056600866730e-01,5.699716129811613907e-01,5.641878447826383924e-01,5.583446448228689407e-01,5.524457679270019517e-01,5.464952441190341625e-01,5.404973456021074929e-01,5.344565561658919384e-01,5.283775426667217667e-01,5.222651282875022671e-01,5.161242673393954261e-01,5.099600214157526956e-01,5.037775367509991220e-01,4.975820226733299045e-01,4.913787310707107836e-01,4.851729368152715716e-01,4.789699191120911359e-01,4.727749437552721257e-01
4.596882080265256576e-01,4.655758915494274675e-01,4.714753755598522500e-01,4.773818582149036982e-01,4.832905129966373892e-01,4.891965036117415511e-01,4.950949996689658072e-01,5.009811931420754538e-01,5.068503156374972729e-01,5.126976564997556274e-01,5.185185818052949758e-01,5.243085543158955142e-01,5.300631544878372514e-01,5.357781026617868259e-01,5.414492825916593643e-01,5.470727665086253522e-01,5.526448419587564054e-01,5.581620406991618655e-01,5.636211699873718839e-01,5.690193466501104469e-01,5.743540343684631067e-01,5.796230846624172983e-01,5.848247820926893992e-01,5.899578942126569858e-01,5.950217267843554980e-01,6.000161847010475613e-01,6.049418389078310421e-01,6.097999993442125843e-01,6.145927934989304786e-01,6.193232495018383688e-01,6.239953816969181499e-01,6.286142752415566637e-01,6.331861643407262763e-01,6.377184961236167515e-01,6.422199687906851029e-01,6.467005284382675301e-01,6.511713039604385411e-01,6.556444539045956921e-01,6.601328937471118152e-01,6.646498679150163458e-01,6.692083298642766964e-01,6.738200982758378865e-01,6.784947712394790997e-01,6.832384065475655133e-01,6.880520171988656619e-01,6.929299861828265295e-01,6.978585674726427435e-01,7.028146975336970748e-01,7.077653730718873604e-01,7.126678325583232221e-01,7.174706928499094971e-01,7.221160354431530592e-01,7.265422299465499334e-01,7.306870634274150733e-01,7.344905420274506769e-01,7.378964916150562159e-01,7.408514124118339428e-01,7.432955932025541168e-01,7.451088962928700266e-01,7.465851427517020689e-01,7.480389101068558588e-01,7.488782127298415636e-01,7.491549779296214906e-01,7.488782127298421187e-01,7.480389101068556368e-01,7.465851427517016248e-01,7.451088962928698045e-01,7.432955932025538948e-01,7.408514124118340538e-01,7.378964916150568820e-01,7.344905420274506769e-01,7.306870634274140741e-01,7.265422299465507106e-01,7.221160354431547246e-01,7.174706928499102743e-01,7.126678325583224449e-01,7.077653730718861391e-01,7.028146975336982960e-01,6.978585674726440757e-01,6.929299861828267515e-01,6.880520171988672162e-01,6.832384065475662904e-01,6.784947712394798769e-01,6.738200982758382196e-01,6.692083298642745870e-01,6.646498679150156796e-01,6.601328937471103719e-01,6.556444539045968023e-01,6.511713039604397624e-01,6.467005284382697505e-01,6.422199687906852139e-01,6.377184961236169736e-01,6.331861643407256102e-01,6.286142752415554424e-01,6.239953816969170397e-01,6.193232495018395900e-01,6.145927934989303676e-01,6.097999993442131395e-01,6.049418389078303759e-01,6.000161847010466731e-01,5.950217267843546098e-01,5.899578942126572079e-01,5.848247820926907314e-01,5.796230846624172983e-01,5.743540343684639948e-01,5.690193466501088926e-01,5.636211699873713288e-01,5.581620406991604222e-01,5.526448419587569605e-01,5.470727665086256852e-01,5.414492825916590313e-01,5.357781026617869369e-01,5.300631544878390278e-01,5.243085543158967354e-01,5.185185818052988616e-01,5.126976564997581809e-01,5.068503156374987162e-01,5.009811931420800057e-01,4.950949996689676946e-01,4.891965036117427723e-01,4.832905129966361124e-01,4.773818582149058076e-01,4.714753755598509177e-01,4.655758915494284111e-01,4.596882080265260462e-01
4.463201310417194700e-01,4.518683610689478436e-01,4.574312314214064035e-01,4.630043952073729652e-01,4.685834751120618868e-01,4.741640759466227983e-01,4.797417978674425876e-01,4.853122502691324947e-01,4.908710663621309034e-01,4.964139184551217832e-01,5.019365339740825549e-01,5.074347122638095398e-01,5.129043422344015113e-01,5.183414209346598467e-01,5.237420731568092069e-01,5.291025722022866251e-01,5.344193619667322315e-01,5.396890805332712482e-01,5.449085854962654185e-01,5.500749812718099818e-01,5.551856486849336969e-01,5.602382771538868544e-01,5.652308998154293995e-01,5.701619319461235236e-01,5.750302130248158283e-01,5.798350527397339027e-01,5.845762811537686954e-01,5.892543030816645988e-01,5.938701564739549132e-01,5.984255742055702987e-01,6.029230480826665017e-01,6.073658930471376172e-01,6.117583084003374028e-01,6.161054313022160667e-01,6.204133757442383823e-01,6.246892475736178785e-01,6.289411229353035759e-01,6.331779737592463375e-01,6.374095198754197167e-01,6.416459834625080072e-01,6.458977186686917227e-01,6.501746886966985883e-01,6.544857662558044575e-01,6.588378433130595013e-01,6.632347548465163944e-01,6.676760504225869308e-01,6.721556865377046330e-01,6.766607579007022366e-01,6.811704283654972381e-01,6.856552479387939547e-01,6.900770334713287602e-01,6.943894299683889271e-01,6.985391441204811258e-01,7.024676399314617736e-01,7.061127622150342731e-01,7.094090535131678532e-01,7.122829522036580041e-01,7.146206162184393085e-01,7.164436318923160796e-01,7.185796283711848309e-01,7.200332938293687590e-01,7.208962062385140257e-01,7.211829330924119930e-01,7.208962062385158021e-01,7.200332938293654284e-01,7.185796283711850529e-01,7.164436318923154134e-01,7.146206162184403077e-01,7.122829522036588923e-01,7.094090535131684083e-01,7.061127622150360494e-01,7.024676399314626618e-01,6.985391441204805707e-01,6.943894299683874838e-01,6.900770334713308696e-01,6.856552479387939547e-01,6.811704283654967940e-01,6.766607579007033468e-01,6.721556865377066314e-01,6.676760504225885962e-01,6.632347548465155063e-01,6.588378433130597234e-01,6.544857662558036804e-01,6.501746886966972561e-01,6.458977186686905014e-01,6.416459834625075631e-01,6.374095198754209379e-01,6.331779737592457824e-01,6.289411229353030208e-01,6.246892475736193218e-01,6.204133757442387154e-01,6.161054313022147344e-01,6.117583084003372917e-01,6.073658930471385053e-01,6.029230480826668348e-01,5.984255742055697436e-01,5.938701564739555794e-01,5.892543030816640437e-01,5.845762811537680292e-01,5.798350527397339027e-01,5.750302130248152732e-01,5.701619319461235236e-01,5.652308998154279562e-01,5.602382771538867434e-01,5.551856486849330308e-01,5.500749812718084275e-01,5.449085854962650854e-01,5.396890805332714702e-01,5.344193619667320094e-01,5.291025722022874023e-01,5.237420731568093180e-01,5.183414209346591806e-01,5.129043422344025105e-01,5.074347122638110941e-01,5.019365339740828880e-01,4.964139184551225048e-01,4.908710663621322356e-01,4.853122502691331608e-01,4.797417978674439754e-01,4.741640759466228539e-01,4.685834751120611652e-01,4.630043952073745750e-01,4.574312314214056818e-01,4.518683610689487873e-01,4.463201310417205803e-01
4.317159178189625690e-01,4.368783199507310089e-01,4.420575728842815466e-01,4.472497902895490873e-01,4.524510544044895721e-01,4.576574266264131219e-01,4.628649586815243855e-01,4.680697043748134334e-01,4.732677319270368055e-01,4.784551369117603925e-01,4.836280558127535323e-01,4.887826802313467445e-01,4.939152717840808449e-01,4.990221777436122941e-01,5.040998474902040893e-01,5.091448498573754033e-01,5.141538914729887333e-01,5.191238362162677866e-01,5.240517259312184040e-01,5.289348025569651224e-01,5.337705318544502253e-01,5.385566289247211147e-01,5.432910857243592462e-01,5.479722007842651177e-01,5.525986113240687336e-01,5.571693279182033942e-01,5.616837718014187075e-01,5.661418147872212536e-01,5.705438215950462411e-01,5.748906941167075679e-01,5.791839167706002156e-01,5.834256015555068231e-01,5.876185306800977282e-01,5.917661936582147009e-01,5.958728144692839734e-01,5.999433627378759626e-01,6.039835408534646177e-01,6.079997365378757568e-01,6.119989276528529087e-01,6.159885232239731279e-01,6.199761221208412998e-01,6.239691692073743301e-01,6.279744889961279553e-01,6.319976801589471949e-01,6.360423621366469993e-01,6.401092789738656030e-01,6.441952862048827555e-01,6.482922735093282762e-01,6.523861057583891787e-01,6.564556910426779801e-01,6.604722945358802999e-01,6.643991935759984147e-01,6.681916827273717274e-01,6.717972225850473711e-01,6.751549623881922813e-01,6.781918829442921126e-01,6.808011141530033727e-01,6.825831417329638606e-01,6.854103803526909733e-01,6.874141134014001286e-01,6.888338462109443450e-01,6.896858193760321276e-01,6.899700944900885036e-01,6.896858193760325717e-01,6.888338462109425686e-01,6.874141134013996846e-01,6.854103803526899741e-01,6.825831417329634165e-01,6.808011141530052601e-01,6.781918829442908914e-01,6.751549623881926143e-01,6.717972225850469270e-01,6.681916827273710613e-01,6.643991935759966383e-01,6.604722945358808550e-01,6.564556910426787573e-01,6.523861057583892897e-01,6.482922735093281652e-01,6.441952862048827555e-01,6.401092789738659361e-01,6.360423621366467772e-01,6.319976801589484161e-01,6.279744889961320631e-01,6.239691692073677798e-01,6.199761221208422990e-01,6.159885232239742381e-01,6.119989276528523536e-01,6.079997365378738694e-01,6.039835408534643957e-01,5.999433627378764067e-01,5.958728144692846396e-01,5.917661936582144788e-01,5.876185306800993935e-01,5.834256015555079333e-01,5.791839167705999936e-01,5.748906941167063467e-01,5.705438215950459080e-01,5.661418147872211426e-01,5.616837718014179304e-01,5.571693279182039493e-01,5.525986113240684006e-01,5.479722007842660059e-01,5.432910857243589131e-01,5.385566289247214478e-01,5.337705318544496702e-01,5.289348025569657885e-01,5.240517259312170717e-01,5.191238362162677866e-01,5.141538914729888443e-01,5.091448498573759585e-01,5.040998474902028681e-01,4.990221777436124051e-01,4.939152717840811779e-01,4.887826802313449681e-01,4.836280558127539764e-01,4.784551369117599484e-01,4.732677319270385818e-01,4.680697043748127117e-01,4.628649586815269945e-01,4.576574266264137880e-01,4.524510544044916260e-01,4.472497902895498645e-01,4.420575728842821017e-01,4.368783199507324522e-01,4.317159178189622359e-01
4.131799986007958503e-01,4.178696755333371482e-01,4.225781906020485423e-01,4.273021576088467666e-01,4.320381625840696294e-01,4.367827726972727254e-01,4.415325456651713609e-01,4.462840396597914094e-01,4.510338237226971803e-01,4.557784886948109127e-01,4.605146586759335525e-01,4.652390030335666338e-01,4.699482489870600577e-01,4.746391948005507233e-01,4.793087236263656736e-01,4.839538180495582820e-01,4.885715753937996397e-01,4.931592238584572296e-01,4.977141395660463208e-01,5.022338646074345769e-01,5.067161261781282233e-01,5.111588569012269767e-01,5.155602164289940781e-01,5.199186144026132217e-01,5.242327348247275420e-01,5.285015618563494444e-01,5.327244069821230887e-01,5.369009373862820844e-01,5.410312052344679046e-01,5.451156773491023788e-01,5.491552644794003291e-01,5.531513489791665128e-01,5.571058091896605724e-01,5.610210381513220934e-01,5.648999534062795203e-01,5.687459935752652296e-01,5.725630960794285684e-01,5.763556488326805338e-01,5.801284069942657107e-01,5.838863640470733918e-01,5.876345647489952251e-01,5.913778462134413605e-01,5.951204929872747629e-01,5.988657931538797774e-01,6.026154859696734034e-01,6.063690981211410369e-01,6.101231758726769483e-01,6.138704338970887298e-01,6.175988565681140852e-01,6.212907990607986486e-01,6.249221331097384313e-01,6.284614423579117926e-01,6.318691357197147029e-01,6.350959237287739922e-01,6.380785671836599615e-01,6.407227329536613336e-01,6.427509909766210283e-01,6.454643170391706208e-01,6.478858728995360305e-01,6.497515425975031178e-01,6.510899592131996760e-01,6.518974253412060937e-01,6.521674634732735898e-01,6.518974253412060937e-01,6.510899592132004532e-01,6.497515425975043390e-01,6.478858728995393612e-01,6.454643170391711759e-01,6.427509909766219165e-01,6.407227329536607785e-01,6.380785671836614048e-01,6.350959237287748804e-01,6.318691357197147029e-01,6.284614423579100162e-01,6.249221331097395415e-01,6.212907990607977604e-01,6.175988565681153064e-01,6.138704338970891738e-01,6.101231758726779475e-01,6.063690981211430353e-01,6.026154859696736255e-01,5.988657931538795554e-01,5.951204929872745408e-01,5.913778462134425817e-01,5.876345647489944479e-01,5.838863640470737248e-01,5.801284069942653776e-01,5.763556488326797567e-01,5.725630960794318991e-01,5.687459935752653406e-01,5.648999534062791872e-01,5.610210381513215383e-01,5.571058091896611275e-01,5.531513489791654026e-01,5.491552644793996629e-01,5.451156773491022678e-01,5.410312052344667944e-01,5.369009373862810852e-01,5.327244069821223116e-01,5.285015618563488893e-01,5.242327348247278751e-01,5.199186144026126666e-01,5.155602164289936340e-01,5.111588569012293082e-01,5.067161261781283343e-01,5.022338646074350210e-01,4.977141395660466539e-01,4.931592238584576737e-01,4.885715753938000283e-01,4.839538180495579489e-01,4.793087236263661732e-01,4.746391948005515005e-01,4.699482489870598356e-01,4.652390030335682991e-01,4.605146586759350513e-01,4.557784886948126335e-01,4.510338237226992342e-01,4.462840396597921866e-01,4.415325456651714719e-01,4.367827726972736135e-01,4.320381625840705175e-01,4.273021576088462115e-01,4.225781906020489309e-01,4.178696755333377033e-01,4.131799986007959058e-01
3.844555880685062710e-01,3.884904121050859471e-01,3.925467215584023117e-01,3.966217429926499616e-01,4.007126840436772697e-01,4.048167407333186918e-01,4.089311052080915054e-01,4.130529739094382369e-01,4.171795561841917244e-01,4.213080833459048602e-01,4.254358181999421951e-01,4.295600650480961291e-01,4.336781801913984213e-01,4.377875829531215346e-01,4.418857672472236153e-01,4.459703137205721091e-01,4.500389024998387444e-01,4.540893265754971653e-01,4.581195058552903210e-01,4.621275019170134613e-01,4.661115334842981239e-01,4.700699926378446580e-01,4.740014617563032551e-01,4.779047311530804643e-01,4.817788173345636804e-01,4.856229817473389776e-01,4.894367498015158580e-01,4.932199298476596105e-01,4.969726316376301134e-01,5.006952836048745858e-01,5.043886480453467769e-01,5.080538329525917662e-01,5.116922988443382003e-01,5.153058583977849771e-01,5.188966660721127111e-01,5.224671941300390587e-01,5.260201905739703143e-01,5.295586135021592700e-01,5.330855353056905832e-01,5.366040090464252454e-01,5.401168884070205456e-01,5.436265919787431899e-01,5.471348026107013540e-01,5.506420933995662681e-01,5.541474739686231832e-01,5.576478541618306028e-01,5.611374269710507345e-01,5.646069773281128246e-01,5.680431252597634151e-01,5.714275033337866683e-01,5.747358308761847390e-01,5.779367309780606421e-01,5.809897795141683030e-01,5.838410209781410565e-01,5.864082301078769044e-01,5.884925675494346864e-01,5.908258043853420460e-01,5.935433778209323608e-01,5.957201673053997837e-01,5.974221124233712876e-01,5.986488773107203620e-01,5.993905401739862970e-01,5.996387884097660326e-01,5.993905401739861860e-01,5.986488773107215833e-01,5.974221124233730640e-01,5.957201673054002278e-01,5.935433778209330269e-01,5.908258043853439334e-01,5.884925675494346864e-01,5.864082301078764603e-01,5.838410209781422777e-01,5.809897795141676369e-01,5.779367309780606421e-01,5.747358308761849610e-01,5.714275033337863352e-01,5.680431252597637481e-01,5.646069773281138238e-01,5.611374269710520668e-01,5.576478541618302698e-01,5.541474739686228501e-01,5.506420933995660461e-01,5.471348026107027973e-01,5.436265919787429679e-01,5.401168884070206566e-01,5.366040090464250234e-01,5.330855353056890289e-01,5.295586135021591589e-01,5.260201905739712025e-01,5.224671941300386147e-01,5.188966660721130442e-01,5.153058583977833118e-01,5.116922988443387554e-01,5.080538329525925434e-01,5.043886480453471099e-01,5.006952836048752520e-01,4.969726316376297803e-01,4.932199298476597216e-01,4.894367498015168572e-01,4.856229817473407540e-01,4.817788173345628477e-01,4.779047311530802977e-01,4.740014617563048649e-01,4.700699926378441029e-01,4.661115334842985125e-01,4.621275019170131837e-01,4.581195058552900989e-01,4.540893265754989971e-01,4.500389024998389109e-01,4.459703137205711654e-01,4.418857672472233933e-01,4.377875829531212570e-01,4.336781801913980328e-01,4.295600650480967952e-01,4.254358181999440269e-01,4.213080833459072472e-01,4.171795561841951661e-01,4.130529739094384589e-01,4.089311052080920605e-01,4.048167407333193024e-01,4.007126840436776583e-01,3.966217429926515159e-01,3.925467215584026448e-01,3.884904121050855030e-01,3.844555880685063265e-01
3.402751540999060520e-01,3.433908907153697676e-01,3.465328017148629480e-01,3.496989241972957019e-01,3.528872902087498153e-01,3.560959325466235281e-01,3.593228909472238608e-01,3.625662186771851370e-01,3.658239895503274108e-01,3.690943053928307793e-01,3.723753039810515086e-01,3.756651674776019245e-01,3.789621313924728674e-01,3.822644940967174776e-01,3.855706269162078592e-01,3.888789848319820774e-01,3.921881178110519506e-01,3.954966827866909784e-01,3.988034562993676979e-01,4.021073477973390320e-01,4.054074135782554378e-01,4.087028713281466996e-01,4.119931151793002622e-01,4.152777311614418432e-01,4.185565128571325788e-01,4.218294769885304607e-01,4.250968785529053995e-01,4.283592249823300335e-01,4.316172886212267801e-01,4.348721165853962067e-01,4.381250367783033894e-01,4.413776584851237250e-01,4.446318655328123093e-01,4.478897994885340239e-01,4.511538297655551255e-01,4.544265068205293745e-01,4.577104938753370211e-01,4.610084718157368977e-01,4.643230111677095207e-01,4.676564044225355876e-01,4.710104516014776976e-01,4.743861919827263574e-01,4.777835755357200398e-01,4.812010689693860255e-01,4.846351934164004338e-01,4.880799933189311490e-01,4.915264379690533758e-01,4.949617556643419736e-01,4.983686891419530363e-01,5.017246242487334307e-01,5.050004399951751877e-01,5.081586277533250984e-01,5.111492353329887273e-01,5.138979433072830005e-01,5.162499301201504132e-01,5.181717654714252941e-01,5.212014295454457935e-01,5.236803918185946038e-01,5.257245966248305091e-01,5.273358030927493001e-01,5.285008561049349129e-01,5.292061701782597716e-01,5.294423742411968892e-01,5.292061701782617700e-01,5.285008561049344689e-01,5.273358030927488560e-01,5.257245966248318414e-01,5.236803918185954920e-01,5.212014295454459045e-01,5.181717654714281807e-01,5.162499301201511903e-01,5.138979433072823344e-01,5.111492353329892824e-01,5.081586277533226559e-01,5.050004399951749656e-01,5.017246242487339858e-01,4.983686891419506493e-01,4.949617556643414740e-01,4.915264379690537089e-01,4.880799933189291506e-01,4.846351934164004338e-01,4.812010689693861365e-01,4.777835755357197622e-01,4.743861919827270235e-01,4.710104516014756437e-01,4.676564044225350325e-01,4.643230111677094096e-01,4.610084718157369532e-01,4.577104938753362440e-01,4.544265068205295410e-01,4.511538297655549590e-01,4.478897994885321920e-01,4.446318655328131975e-01,4.413776584851238360e-01,4.381250367783043331e-01,4.348721165853917658e-01,4.316172886212276683e-01,4.283592249823301445e-01,4.250968785529053995e-01,4.218294769885280737e-01,4.185565128571306359e-01,4.152777311614432310e-01,4.119931151793004842e-01,4.087028713281468106e-01,4.054074135782564370e-01,4.021073477973374222e-01,3.988034562993673093e-01,3.954966827866901458e-01,3.921881178110531718e-01,3.888789848319834652e-01,3.855706269162075261e-01,3.822644940967186988e-01,3.789621313924738666e-01,3.756651674776017025e-01,3.723753039810509535e-01,3.690943053928302242e-01,3.658239895503274663e-01,3.625662186771855255e-01,3.593228909472239718e-01,3.560959325466238057e-01,3.528872902087494823e-01,3.496989241972957019e-01,3.465328017148626150e-01,3.433908907153698786e-01,3.402751540999054969e-01
3.025434862926750790e-01,3.048529608976190963e-01,3.071904555523773395e-01,3.095546903877716693e-01,3.119443830809629503e-01,3.143582535395447186e-01,3.167950290410228575e-01,3.192534498817084510e-01,3.217322755940039136e-01,3.242302917965881881e-01,3.267463177480877112e-01,3.292792146812986709e-01,3.318278950020242535e-01,3.343913324437179369e-01,3.369685732763773034e-01,3.395587486750193951e-01,3.421610883592004493e-01,3.447749356197045700e-01,3.473997638507772545e-01,3.500351947048003232e-01,3.526810179794100386e-01,3.553372133321984760e-01,3.580039738924459813e-01,3.606817317982328741e-01,3.633711856258345918e-01,3.660733295890192251e-01,3.687894842600908385e-01,3.715213283909533648e-01,3.742709311768821490e-01,3.770407839914867165e-01,3.798338302081820106e-01,3.826534911884357237e-01,3.855036858355163076e-01,3.883888402588224764e-01,3.913138830469738427e-01,3.942842203943839330e-01,3.973056838703201699e-01,4.003844419952957145e-01,4.035268650750317154e-01,4.067393310787372762e-01,4.100279589586490747e-01,4.133982550045591786e-01,4.168546580016175840e-01,4.203999705169112477e-01,4.240346668351516746e-01,4.277560726408379255e-01,4.315574159760138806e-01,4.354267488172941514e-01,4.393457223030166059e-01,4.432881359935045840e-01,4.472179839733013695e-01,4.510860749769581846e-01,4.548217538125324810e-01,4.583011074521743389e-01,4.606964006120832789e-01,4.644991788537299882e-01,4.677565772809556544e-01,4.706029512892465627e-01,4.730048174956612006e-01,4.749222932661130159e-01,4.763197349572926287e-01,4.771696870789908229e-01,4.774549535098428499e-01,4.771696870789911560e-01,4.763197349572926287e-01,4.749222932661148477e-01,4.730048174956619222e-01,4.706029512892463962e-01,4.677565772809557654e-01,4.644991788537312094e-01,4.606964006120840005e-01,4.583011074521740613e-01,4.548217538125314818e-01,4.510860749769580180e-01,4.472179839733017581e-01,4.432881359935036403e-01,4.393457223030178271e-01,4.354267488172941514e-01,4.315574159760133810e-01,4.277560726408379255e-01,4.240346668351516191e-01,4.203999705169108592e-01,4.168546580016174730e-01,4.133982550045565141e-01,4.100279589586479645e-01,4.067393310787353888e-01,4.035268650750313268e-01,4.003844419952951039e-01,3.973056838703186711e-01,3.942842203943842661e-01,3.913138830469741203e-01,3.883888402588227540e-01,3.855036858355173623e-01,3.826534911884338919e-01,3.798338302081796236e-01,3.770407839914870496e-01,3.742709311768811498e-01,3.715213283909533093e-01,3.687894842600908385e-01,3.660733295890185590e-01,3.633711856258344808e-01,3.606817317982312643e-01,3.580039738924459813e-01,3.553372133321992532e-01,3.526810179794107047e-01,3.500351947048024326e-01,3.473997638507770880e-01,3.447749356197044590e-01,3.421610883591994501e-01,3.395587486750191175e-01,3.369685732763768038e-01,3.343913324437169377e-01,3.318278950020236984e-01,3.292792146812980603e-01,3.267463177480871006e-01,3.242302917965881881e-01,3.217322755940040246e-01,3.192534498817087840e-01,3.167950290410219694e-01,3.143582535395434419e-01,3.119443830809623397e-01,3.095546903877716138e-01,3.071904555523768399e-01,3.048529608976190963e-01,3.025434862926750235e-01
3.014932920356515056e-01,3.038406227876959131e-01,3.062142257679488777e-01,3.086127225085439907e-01,3.110346980499968383e-01,3.134787035019848678e-01,3.159432590248968942e-01,3.184268572901809979e-01,3.209279674840522789e-01,3.234450399265909604e-01,3.259765113869177444e-01,3.285208111851282142e-01,3.310763681831099259e-01,3.336416187795858135e-01,3.362150160397301413e-01,3.387950401069218520e-01,3.413802100634873993e-01,3.439690974291033099e-01,3.465603415095415696e-01,3.491526668348588491e-01,3.517449029543346373e-01,3.543360068849165101e-01,3.569250885393611128e-01,3.595114394878404784e-01,3.620945654293948324e-01,3.646742227630563327e-01,3.672504596463208593e-01,3.698236619017555848e-01,3.723946040683043801e-01,3.749645057746515131e-01,3.775350934142926995e-01,3.801086667934770458e-01,3.826881699628634781e-01,3.852772647775398185e-01,3.878804047914349851e-01,3.905029057999702125e-01,3.931510076055807490e-01,3.958319192933653086e-01,3.985538373701006942e-01,4.013259224634528333e-01,4.041582158733615926e-01,4.070614721796346203e-01,4.100468785350160905e-01,4.131256255604010552e-01,4.163082893453329825e-01,4.196039791634557092e-01,4.230192002167820209e-01,4.265563703641851445e-01,4.302118984761280074e-01,4.339736284534376765e-01,4.378170966385488971e-01,4.416986644981167887e-01,4.455363291234692436e-01,4.490826774449028225e-01,4.524448182934769913e-01,4.562107705383645628e-01,4.596972395564289382e-01,4.628284953812007996e-01,4.655252524866476671e-01,4.677126044841811159e-01,4.693257466252580556e-01,4.703146999251667792e-01,4.706479410622752546e-01,4.703146999251680560e-01,4.693257466252586108e-01,4.677126044841810049e-01,4.655252524866485553e-01,4.628284953812001890e-01,4.596972395564283276e-01,4.562107705383644518e-01,4.524448182934761586e-01,4.490826774449045433e-01,4.455363291234684109e-01,4.416986644981168997e-01,4.378170966385501739e-01,4.339736284534375654e-01,4.302118984761277853e-01,4.265563703641862547e-01,4.230192002167831311e-01,4.196039791634518790e-01,4.163082893453318167e-01,4.131256255604016103e-01,4.100468785350163126e-01,4.070614721796340651e-01,4.041582158733612040e-01,4.013259224634505573e-01,3.985538373700985293e-01,3.958319192933615338e-01,3.931510076055791947e-01,3.905029057999676034e-01,3.878804047914356512e-01,3.852772647775383197e-01,3.826881699628591482e-01,3.801086667934748808e-01,3.775350934142928105e-01,3.749645057746517351e-01,3.723946040683048242e-01,3.698236619017567506e-01,3.672504596463207482e-01,3.646742227630576649e-01,3.620945654293971638e-01,3.595114394878424768e-01,3.569250885393600581e-01,3.543360068849155109e-01,3.517449029543349703e-01,3.491526668348588491e-01,3.465603415095413475e-01,3.439690974291041425e-01,3.413802100634871772e-01,3.387950401069220185e-01,3.362150160397310850e-01,3.336416187795858690e-01,3.310763681831103145e-01,3.285208111851274926e-01,3.259765113869171893e-01,3.234450399265916265e-01,3.209279674840543328e-01,3.184268572901820527e-01,3.159432590248961170e-01,3.134787035019840351e-01,3.110346980499957836e-01,3.086127225085438797e-01,3.062142257679485446e-01,3.038406227876973564e-01,3.014932920356522827e-01
3.013573201676205682e-01,3.038226429117726335e-01,3.063149466001128807e-01,3.088327434942174654e-01,3.113744737785653083e-01,3.139385057559976877e-01,3.165231363893482586e-01,3.191265922393214383e-01,3.217470308535916867e-01,3.243825426681048452e-01,3.270311534884569604e-01,3.296908276274992944e-01,3.323594717852985658e-01,3.350349397692569675e-01,3.377150381664312806e-01,3.403975330970585023e-01,3.430801581984259663e-01,3.457606240124874164e-01,3.484366289792691918e-01,3.511058722721431824e-01,3.537660687509924795e-01,3.564149663561504977e-01,3.590503663201206064e-01,3.616701466362424733e-01,3.642722892936267054e-01,3.668549118652912888e-01,3.694163041202085940e-01,3.719549704165670545e-01,3.744696787176626240e-01,3.769595171444189430e-01,3.794239590252786454e-01,3.818629374036813240e-01,3.842769298834367575e-01,3.866670544866210313e-01,3.890351768015308243e-01,3.913840280181554721e-01,3.937173323610853592e-01,3.960399407695618934e-01,3.983579652273921412e-01,4.006789046438338220e-01,4.030117483063413997e-01,4.053670362910950509e-01,4.077568474025925482e-01,4.101946737281645383e-01,4.126951260621802287e-01,4.152733949728988905e-01,4.179443647501296932e-01,4.207212317047162586e-01,4.236133816839097177e-01,4.266230200662473049e-01,4.297391512843443118e-01,4.329233803888414278e-01,4.360479375893130949e-01,4.386496454857550797e-01,4.420110983797984616e-01,4.452979762609994840e-01,4.484191710422034127e-01,4.512834881749548943e-01,4.537965686197260595e-01,4.558665955358355282e-01,4.574115424822526865e-01,4.583664396639593464e-01,4.586895386944935815e-01,4.583664396639604566e-01,4.574115424822520759e-01,4.558665955358350841e-01,4.537965686197253379e-01,4.512834881749546723e-01,4.484191710422015253e-01,4.452979762609986514e-01,4.420110983797972404e-01,4.386496454857556904e-01,4.360479375893131504e-01,4.329233803888412613e-01,4.297391512843438122e-01,4.266230200662473604e-01,4.236133816839086630e-01,4.207212317047169803e-01,4.179443647501305814e-01,4.152733949728996676e-01,4.126951260621806727e-01,4.101946737281682576e-01,4.077568474025891621e-01,4.053670362910928304e-01,4.030117483063413442e-01,4.006789046438342661e-01,3.983579652273930294e-01,3.960399407695581186e-01,3.937173323610825837e-01,3.913840280181540288e-01,3.890351768015279377e-01,3.866670544866190329e-01,3.842769298834367020e-01,3.818629374036816571e-01,3.794239590252799776e-01,3.769595171444191650e-01,3.744696787176628461e-01,3.719549704165655002e-01,3.694163041202090381e-01,3.668549118652916774e-01,3.642722892936273160e-01,3.616701466362425288e-01,3.590503663201212170e-01,3.564149663561502202e-01,3.537660687509929791e-01,3.511058722721438485e-01,3.484366289792697469e-01,3.457606240124884156e-01,3.430801581984269100e-01,3.403975330970580582e-01,3.377150381664305034e-01,3.350349397692562459e-01,3.323594717853010083e-01,3.296908276274990723e-01,3.270311534884547400e-01,3.243825426681067881e-01,3.217470308535912982e-01,3.191265922393214383e-01,3.165231363893489802e-01,3.139385057559986314e-01,3.113744737785651973e-01,3.088327434942159111e-01,3.063149466001129917e-01,3.038226429117742988e-01,3.013573201676201796e-01
3.187739301241141465e-01,3.220796816896546733e-01,3.254205527309969592e-01,3.287943981467357779e-01,3.321989276134688640e-01,3.356317033079313505e-01,3.390901380668930876e-01,3.425714940130764607e-01,3.460728816734296998e-01,3.495912596136933614e-01,3.531234346112769318e-01,3.566660623864245094e-01,3.602156489104439974e-01,3.637685523090525286e-01,3.673209853796634561e-01,3.708690187435921826e-01,3.744085846585348265e-01,3.779354815240053012e-01,3.814453791231791069e-01,3.849338246601840541e-01,3.883962496731296343e-01,3.918279779318552536e-01,3.952242344669423812e-01,3.985801559254109061e-01,4.018908025109133031e-01,4.051511718453488786e-01,4.083562151879302493e-01,4.115008565707606869e-01,4.145800155610709359e-01,4.175886345437794800e-01,4.205217116375922770e-01,4.233743406163852363e-01,4.261417595043432427e-01,4.288194098434531254e-01,4.314030089803644885e-01,4.338886380572351542e-01,4.362728486635295000e-01,4.385527912204200129e-01,4.407263679734162998e-01,4.427924127169193258e-01,4.447508976780920054e-01,4.466031647387676551e-01,4.483521724107382145e-01,4.500027401466374366e-01,4.515617550098397492e-01,4.530382774785532973e-01,4.544434326487269971e-01,4.557898738751524070e-01,4.570903787228781101e-01,4.583544898390744526e-01,4.595796193265784257e-01,4.607173355278562088e-01,4.610560375189434179e-01,4.620202108245400896e-01,4.631198643552765781e-01,4.642426870662547667e-01,4.653529275032304291e-01,4.664132557788351896e-01,4.673794330480627868e-01,4.682024148129506624e-01,4.688335305982132550e-01,4.692311084027678825e-01,4.693669591387273354e-01,4.692311084027693813e-01,4.688335305982122558e-01,4.682024148129511620e-01,4.673794330480623427e-01,4.664132557788357447e-01,4.653529275032280976e-01,4.642426870662543226e-01,4.631198643552768002e-01,4.620202108245411443e-01,4.610560375189402538e-01,4.607173355278544880e-01,4.595796193265760943e-01,4.583544898390742306e-01,4.570903787228734472e-01,4.557898738751497425e-01,4.544434326487254427e-01,4.530382774785559064e-01,4.515617550098394717e-01,4.500027401466404897e-01,4.483521724107374373e-01,4.466031647387683212e-01,4.447508976780903955e-01,4.427924127169189927e-01,4.407263679734184092e-01,4.385527912204174594e-01,4.362728486635302216e-01,4.338886380572352652e-01,4.314030089803645995e-01,4.288194098434536805e-01,4.261417595043459072e-01,4.233743406163851808e-01,4.205217116375906672e-01,4.175886345437783143e-01,4.145800155610709914e-01,4.115008565707590771e-01,4.083562151879318591e-01,4.051511718453480460e-01,4.018908025109135806e-01,3.985801559254112392e-01,3.952242344669427698e-01,3.918279779318559197e-01,3.883962496731306335e-01,3.849338246601848867e-01,3.814453791231796620e-01,3.779354815240051901e-01,3.744085846585366584e-01,3.708690187435927377e-01,3.673209853796651769e-01,3.637685523090515849e-01,3.602156489104437753e-01,3.566660623864242874e-01,3.531234346112745448e-01,3.495912596136946382e-01,3.460728816734287561e-01,3.425714940130756281e-01,3.390901380668915888e-01,3.356317033079319057e-01,3.321989276134671987e-01,3.287943981467371657e-01,3.254205527309975143e-01,3.220796816896544512e-01,3.187739301241151457e-01
3.492275408199844167e-01,3.536275443883762359e-01,3.580678981296468999e-01,3.625451365729338016e-01,3.670556150367226267e-01,3.715955126922067531e-01,3.761608363360007812e-01,3.807474248365425584e-01,3.853509542083332629e-01,3.899669432575768035e-01,3.945907597324921912e-01,3.992176269011133982e-01,4.038426304694539559e-01,4.084607257431847049e-01,4.130667449268191627e-01,4.176554044458672399e-01,4.222213121696496430e-01,4.267589744055569345e-01,4.312628025298637091e-01,4.357271191156617540e-01,4.401461634157255998e-01,4.445140960571655753e-01,4.488250028065037811e-01,4.530728972685815759e-01,4.572517223917825779e-01,4.613553506665066251e-01,4.653775829252995155e-01,4.693121456840907424e-01,4.731526870068771262e-01,4.768927709352741018e-01,4.805258706038371685e-01,4.840453602675597322e-01,4.874445066064027610e-01,4.907164598501141950e-01,4.938542454923929292e-01,4.968507576421828387e-01,4.996987553918280089e-01,5.023908639559040434e-01,5.049195827158889927e-01,5.072773026125683149e-01,5.094563353889692836e-01,5.114489566546817079e-01,5.132474629228888086e-01,5.148442382451632326e-01,5.162318158149137304e-01,5.174028970406167049e-01,5.183502378138880040e-01,5.190661795566814396e-01,5.195412226072575468e-01,5.197596763952503363e-01,5.196832823169673654e-01,5.191127213904600524e-01,5.176126966157423848e-01,5.165846448672725133e-01,5.154463327777015769e-01,5.142113759081933244e-01,5.129280866506359393e-01,5.116604073104684680e-01,5.104808119267583155e-01,5.094638735725706136e-01,5.086790651176934519e-01,5.081831927006731364e-01,5.080135643308806292e-01,5.081831927006732474e-01,5.086790651176956723e-01,5.094638735725697254e-01,5.104808119267577604e-01,5.116604073104661365e-01,5.129280866506364944e-01,5.142113759081925473e-01,5.154463327776996895e-01,5.165846448672711810e-01,5.176126966157414966e-01,5.191127213904603854e-01,5.196832823169660331e-01,5.197596763952504473e-01,5.195412226072575468e-01,5.190661795566833270e-01,5.183502378138861166e-01,5.174028970406171490e-01,5.162318158149129532e-01,5.148442382451603461e-01,5.132474629228901408e-01,5.114489566546844834e-01,5.094563353889703938e-01,5.072773026125674267e-01,5.049195827158889927e-01,5.023908639559032663e-01,4.996987553918248448e-01,4.968507576421842264e-01,4.938542454923932623e-01,4.907164598501131403e-01,4.874445066064037602e-01,4.840453602675574007e-01,4.805258706038365579e-01,4.768927709352746569e-01,4.731526870068770152e-01,4.693121456840917971e-01,4.653775829252987384e-01,4.613553506665065140e-01,4.572517223917837437e-01,4.530728972685813538e-01,4.488250028065029484e-01,4.445140960571678512e-01,4.401461634157258218e-01,4.357271191156611989e-01,4.312628025298625989e-01,4.267589744055571566e-01,4.222213121696506422e-01,4.176554044458671289e-01,4.130667449268178859e-01,4.084607257431852045e-01,4.038426304694540669e-01,3.992176269011158962e-01,3.945907597324923577e-01,3.899669432575765815e-01,3.853509542083325412e-01,3.807474248365431135e-01,3.761608363360003371e-01,3.715955126922073082e-01,3.670556150367230708e-01,3.625451365729342457e-01,3.580678981296454011e-01,3.536275443883766245e-01,3.492275408199849163e-01
3.763284898308082993e-01,3.810916948295381412e-01,3.858826452668671081e-01,3.906974693360173445e-01,3.955321790955225736e-01,4.003826774690213974e-01,4.052447654653365539e-01,4.101141495497864775e-01,4.149864490930141314e-01,4.198572038187242117e-01,4.247218811670597227e-01,4.295758834853529717e-01,4.344145549530005201e-01,4.392331881418097272e-01,4.440270301074302761e-01,4.487912879012265766e-01,4.535211333849317183e-01,4.582117072226152277e-01,4.628581219156376325e-01,4.674554637362554055e-01,4.719987934041318112e-01,4.764831453371996539e-01,4.809035252940712102e-01,4.852549062093539090e-01,4.895322220062962582e-01,4.937303591535424085e-01,4.978441457148690130e-01,5.018683376246279026e-01,5.057976019083418873e-01,5.096264965610884934e-01,5.133494467998352961e-01,5.169607174253990634e-01,5.204543810735396958e-01,5.238242822126022435e-01,5.270639968707402367e-01,5.301667882642239205e-01,5.331255587665423290e-01,5.359327990200211111e-01,5.385805354496208119e-01,5.410602779645805605e-01,5.433629701264728329e-01,5.454789442618991346e-01,5.473978832873943601e-01,5.491087879642587710e-01,5.505999395214070669e-01,5.518588245141863302e-01,5.528719275357297791e-01,5.536241206975845985e-01,5.540967773353543402e-01,5.542609815784476091e-01,5.540381418168488503e-01,5.528578069852353449e-01,5.518681943576954074e-01,5.507067440374242562e-01,5.493737853040484564e-01,5.479177373405574869e-01,5.464068119175976568e-01,5.449214228459124953e-01,5.435478949838050688e-01,5.423714861113951846e-01,5.414689053331351865e-01,5.409011137027709415e-01,5.407073377960333049e-01,5.409011137027703864e-01,5.414689053331336321e-01,5.423714861113944075e-01,5.435478949838055129e-01,5.449214228459137166e-01,5.464068119175964355e-01,5.479177373405568208e-01,5.493737853040466801e-01,5.507067440374255884e-01,5.518681943576939641e-01,5.528578069852342347e-01,5.540381418168494054e-01,5.542609815784449445e-01,5.540967773353544512e-01,5.536241206975848206e-01,5.528719275357303342e-01,5.518588245141871074e-01,5.505999395214077330e-01,5.491087879642595482e-01,5.473978832873942491e-01,5.454789442619001338e-01,5.433629701264677259e-01,5.410602779645774518e-01,5.385805354496211450e-01,5.359327990200196679e-01,5.331255587665429951e-01,5.301667882642226992e-01,5.270639968707411249e-01,5.238242822126026876e-01,5.204543810735414722e-01,5.169607174253991744e-01,5.133494467998351851e-01,5.096264965610894926e-01,5.057976019083436636e-01,5.018683376246296790e-01,4.978441457148677918e-01,4.937303591535409097e-01,4.895322220062960361e-01,4.852549062093526322e-01,4.809035252940734861e-01,4.764831453371985992e-01,4.719987934041317001e-01,4.674554637362564047e-01,4.628581219156366888e-01,4.582117072226138954e-01,4.535211333849321624e-01,4.487912879012260214e-01,4.440270301074293879e-01,4.392331881418100048e-01,4.344145549530026851e-01,4.295758834853521391e-01,4.247218811670587790e-01,4.198572038187247113e-01,4.149864490930138539e-01,4.101141495497860334e-01,4.052447654653358322e-01,4.003826774690220636e-01,3.955321790955220185e-01,3.906974693360165118e-01,3.858826452668671081e-01,3.810916948295381967e-01,3.763284898308081883e-01
3.831984158586777545e-01,3.876729362794963385e-01,3.921628352847733034e-01,3.966649794223929271e-01,4.011761648152371573e-01,4.056931215071473695e-01,4.102125178252208904e-01,4.147309647134534427e-01,4.192450199886026407e-01,4.237511924655010254e-01,4.282459458944575803e-01,4.327257026481191038e-01,4.371868470889826996e-01,4.416257285417550804e-01,4.460386637865603188e-01,4.504219389796521589e-01,4.547718108975068452e-01,4.590845073878649929e-01,4.633562268971395115e-01,4.675831369277265170e-01,4.717613712606906762e-01,4.758870257593736386e-01,4.799561525475309898e-01,4.839647523320667055e-01,4.879087646159498415e-01,4.917840555225406751e-01,4.955864029300127149e-01,4.993114785967024960e-01,5.029548269490375922e-01,5.065118402089420213e-01,5.099777295659455589e-01,5.133474921617322551e-01,5.166158737674717560e-01,5.197773272173985548e-01,5.228259669418534594e-01,5.257555203513821773e-01,5.285592773963466717e-01,5.312300403998444498e-01,5.337600772595747500e-01,5.361410823267855896e-01,5.383641506051878300e-01,5.404197720958683337e-01,5.422978534773892356e-01,5.439877722893073919e-01,5.454784606225190347e-01,5.467584911675683612e-01,5.478160687023829745e-01,5.486386056768274289e-01,5.492106428499734516e-01,5.495027952155946416e-01,5.492246304964651937e-01,5.488866165222916482e-01,5.483826840770402722e-01,5.477068606700519204e-01,5.468958235390247724e-01,5.459975492794524321e-01,5.450659955691532499e-01,5.441573164022225351e-01,5.433262101730529370e-01,5.426224602084864790e-01,5.420879187998983717e-01,5.417541281181503798e-01,5.416406555216733976e-01,5.417541281181513790e-01,5.420879187998981497e-01,5.426224602084863680e-01,5.433262101730523819e-01,5.441573164022225351e-01,5.450659955691539160e-01,5.459975492794509888e-01,5.468958235390228850e-01,5.477068606700530307e-01,5.483826840770409383e-01,5.488866165222913152e-01,5.492246304964646386e-01,5.495027952155939754e-01,5.492106428499723414e-01,5.486386056768265407e-01,5.478160687023828634e-01,5.467584911675674730e-01,5.454784606225187016e-01,5.439877722893080580e-01,5.422978534773894577e-01,5.404197720958686668e-01,5.383641506051866088e-01,5.361410823267853676e-01,5.337600772595743059e-01,5.312300403998444498e-01,5.285592773963452284e-01,5.257555203513825104e-01,5.228259669418535704e-01,5.197773272173979997e-01,5.166158737674723112e-01,5.133474921617328102e-01,5.099777295659463361e-01,5.065118402089426874e-01,5.029548269490382584e-01,4.993114785967041613e-01,4.955864029300117712e-01,4.917840555225402310e-01,4.879087646159493974e-01,4.839647523320670386e-01,4.799561525475325996e-01,4.758870257593738606e-01,4.717613712606915644e-01,4.675831369277281269e-01,4.633562268971401776e-01,4.590845073878658811e-01,4.547718108975077889e-01,4.504219389796534356e-01,4.460386637865619841e-01,4.416257285417558576e-01,4.371868470889829217e-01,4.327257026481194924e-01,4.282459458944571362e-01,4.237511924655001927e-01,4.192450199886025852e-01,4.147309647134529431e-01,4.102125178252203908e-01,4.056931215071470920e-01,4.011761648152376014e-01,3.966649794223928160e-01,3.921628352847735810e-01,3.876729362794965605e-01,3.831984158586779765e-01
3.703406590106712581e-01,3.743100051765283487e-01,3.782910019099500754e-01,3.822810916904466061e-01,3.862776640596565225e-01,3.902780579501677338e-01,3.942795640227752529e-01,3.982794269698762268e-01,4.022748477361796637e-01,4.062629856064312595e-01,4.102409601033941700e-01,4.142058526320949730e-01,4.181547077992034955e-01,4.220845343277658812e-01,4.259923054776272311e-01,4.298749588706215485e-01,4.337293956069298573e-01,4.375524785447217901e-01,4.413410295995425781e-01,4.450918259026296897e-01,4.488015946389859456e-01,4.524670063669132269e-01,4.560846666015639372e-01,4.596511054272895413e-01,4.631627648889617421e-01,4.666159839038298562e-01,4.700069804370420878e-01,4.733318307012449044e-01,4.765864451816804181e-01,4.797665413635512910e-01,4.828676131621882361e-01,4.858848972468824412e-01,4.888133367288274855e-01,4.916475430798205037e-01,4.943817576917564072e-01,4.970098152092178867e-01,4.995251116945542691e-01,5.019205818257250762e-01,5.041886906524368772e-01,5.063214468407917224e-01,5.083104455735311111e-01,5.101469498251129941e-01,5.118220175454857301e-01,5.133266771239628490e-01,5.146521390777137883e-01,5.157899935529235425e-01,5.167322307764142808e-01,5.174705097085665617e-01,5.179918479683965904e-01,5.182317214302136765e-01,5.183174680879047980e-01,5.183043261990617490e-01,5.181197531346576346e-01,5.177981223630525598e-01,5.173751122341915254e-01,5.168878998671850855e-01,5.163739195503451729e-01,5.158692513338614116e-01,5.154070163718816877e-01,5.150159812344815569e-01,5.147194698113292111e-01,5.145346002644736183e-01,5.144718089662663196e-01,5.145346002644742844e-01,5.147194698113298772e-01,5.150159812344821120e-01,5.154070163718815767e-01,5.158692513338627439e-01,5.163739195503459500e-01,5.168878998671853076e-01,5.173751122341905262e-01,5.177981223630531149e-01,5.181197531346569685e-01,5.183043261990623041e-01,5.183174680879034657e-01,5.182317214302143427e-01,5.179918479683970345e-01,5.174705097085665617e-01,5.167322307764148359e-01,5.157899935529234314e-01,5.146521390777134553e-01,5.133266771239641812e-01,5.118220175454871734e-01,5.101469498251141044e-01,5.083104455735314442e-01,5.063214468407928326e-01,5.041886906524372103e-01,5.019205818257252982e-01,4.995251116945543801e-01,4.970098152092202737e-01,4.943817576917590162e-01,4.916475430798205037e-01,4.888133367288268194e-01,4.858848972468834404e-01,4.828676131621886802e-01,4.797665413635511800e-01,4.765864451816799185e-01,4.733318307012447934e-01,4.700069804370422544e-01,4.666159839038302448e-01,4.631627648889624083e-01,4.596511054272908181e-01,4.560846666015633266e-01,4.524670063669130604e-01,4.488015946389868893e-01,4.450918259026296897e-01,4.413410295995429666e-01,4.375524785447217346e-01,4.337293956069297463e-01,4.298749588706231584e-01,4.259923054776271756e-01,4.220845343277671580e-01,4.181547077992030514e-01,4.142058526320958056e-01,4.102409601033945030e-01,4.062629856064317591e-01,4.022748477361794417e-01,3.982794269698761158e-01,3.942795640227759746e-01,3.902780579501672897e-01,3.862776640596574662e-01,3.822810916904461620e-01,3.782910019099497978e-01,3.743100051765279046e-01,3.703406590106721463e-01
3.541772836944818703e-01,3.576285579660012925e-01,3.610938353325093275e-01,3.645708458319605882e-01,3.680572720128523212e-01,3.715507502550057239e-01,3.750488720742646276e-01,3.785491853668055406e-01,3.820491955440531995e-01,3.855463665041787280e-01,3.890381213796641480e-01,3.925218429909673734e-01,3.959948739315165001e-01,3.994545161986848281e-01,4.028980302744746278e-01,4.063226335487579721e-01,4.097254979656241858e-01,4.131037467602807212e-01,4.164544501403787957e-01,4.197746197520968447e-01,4.230612017586393159e-01,4.263110683481726726e-01,4.295210074814103662e-01,4.326877106884670643e-01,4.358077587337830794e-01,4.388776049913428734e-01,4.418935564164027108e-01,4.448517520725081553e-01,4.477481392839962604e-01,4.505784476471409450e-01,4.533381613629373086e-01,4.560224906682558976e-01,4.586263435581718340e-01,4.611442995267978073e-01,4.635705877174722267e-01,4.658990726614256062e-01,4.681232516666674615e-01,4.702362688169095528e-01,4.722309512961711531e-01,4.740998740738985306e-01,4.758354583383296865e-01,4.774301064716149900e-01,4.788763698592691798e-01,4.801671309625923922e-01,4.812957458679461564e-01,4.822559987769322043e-01,4.830414034136700785e-01,4.836419027193319953e-01,4.840223232276799625e-01,4.843275087719022820e-01,4.846678555423443169e-01,4.848173530122125152e-01,4.848237251313495810e-01,4.847183720205580637e-01,4.845299730223374124e-01,4.842862304068145107e-01,4.840136917965452978e-01,4.837370825496459248e-01,4.834785597955473246e-01,4.832570491862624440e-01,4.830877262738527134e-01,4.829816519406789910e-01,4.829455433012329046e-01,4.829816519406792130e-01,4.830877262738535460e-01,4.832570491862629991e-01,4.834785597955479353e-01,4.837370825496480897e-01,4.840136917965455199e-01,4.842862304068151214e-01,4.845299730223373014e-01,4.847183720205576196e-01,4.848237251313498586e-01,4.848173530122134034e-01,4.846678555423440948e-01,4.843275087719017824e-01,4.840223232276800736e-01,4.836419027193323839e-01,4.830414034136691903e-01,4.822559987769327039e-01,4.812957458679463785e-01,4.801671309625933359e-01,4.788763698592698459e-01,4.774301064716151011e-01,4.758354583383300196e-01,4.740998740738970318e-01,4.722309512961715416e-01,4.702362688169099969e-01,4.681232516666673504e-01,4.658990726614271605e-01,4.635705877174733369e-01,4.611442995268013600e-01,4.586263435581713344e-01,4.560224906682550650e-01,4.533381613629374196e-01,4.505784476471422773e-01,4.477481392839959828e-01,4.448517520725080443e-01,4.418935564164029883e-01,4.388776049913429289e-01,4.358077587337828018e-01,4.326877106884665092e-01,4.295210074814091450e-01,4.263110683481736718e-01,4.230612017586401485e-01,4.197746197520967337e-01,4.164544501403795174e-01,4.131037467602809432e-01,4.097254979656240748e-01,4.063226335487578611e-01,4.028980302744742392e-01,3.994545161986850501e-01,3.959948739315175548e-01,3.925218429909673734e-01,3.890381213796641480e-01,3.855463665041779509e-01,3.820491955440535325e-01,3.785491853668058182e-01,3.750488720742627402e-01,3.715507502550062235e-01,3.680572720128523212e-01,3.645708458319604772e-01,3.610938353325102157e-01,3.576285579660012925e-01,3.541772836944825920e-01
3.480407643851081700e-01,3.510694942138340990e-01,3.541149242175973266e-01,3.571750633183842227e-01,3.602478755153905587e-01,3.633312809012171907e-01,3.664231565816520875e-01,3.695213374570571752e-01,3.726236168174573149e-01,3.757277466967618995e-01,3.788314379241009000e-01,3.819323598018673493e-01,3.850281393317823708e-01,3.881163598990893249e-01,3.911945593126202603e-01,3.942602270918468266e-01,3.973108008772407995e-01,4.003436618285998172e-01,4.033561288659416877e-01,4.063454515985807647e-01,4.093088017820948887e-01,4.122432631421911187e-01,4.151458194113959999e-01,4.180133404425741550e-01,4.208425662969782488e-01,4.236300892596365775e-01,4.263723338183625922e-01,4.290655347631708305e-01,4.317057137301427150e-01,4.342886547383186246e-01,4.368098795603311824e-01,4.392646241353457826e-01,4.416478176788121157e-01,4.439540666593100871e-01,4.461776463711039087e-01,4.483125033726535480e-01,4.503522724773480479e-01,4.522903120821255007e-01,4.541197610797343409e-01,4.558336188629984465e-01,4.574248459774737374e-01,4.588864747658261689e-01,4.602117021883104786e-01,4.613938984583504932e-01,4.624263662745428660e-01,4.633013776387385207e-01,4.640067453166101807e-01,4.645096119105360244e-01,4.647888913870344418e-01,4.655812248012234367e-01,4.660884456024064759e-01,4.664298190584373338e-01,4.666419488695381923e-01,4.667505852830001190e-01,4.667783164332804935e-01,4.667461975724095935e-01,4.666739272435456720e-01,4.665795751971070215e-01,4.664791889589438023e-01,4.663864103763095126e-01,4.663121563994804264e-01,4.662643809349866220e-01,4.662479157347800829e-01,4.662643809349858448e-01,4.663121563994803154e-01,4.663864103763081248e-01,4.664791889589443019e-01,4.665795751971082428e-01,4.666739272435470043e-01,4.667461975724092604e-01,4.667783164332804380e-01,4.667505852830006741e-01,4.666419488695374707e-01,4.664298190584375003e-01,4.660884456024071421e-01,4.655812248012228816e-01,4.647888913870346639e-01,4.645096119105370791e-01,4.640067453166100142e-01,4.633013776387378546e-01,4.624263662745429215e-01,4.613938984583501601e-01,4.602117021883104786e-01,4.588864747658254473e-01,4.574248459774729048e-01,4.558336188629998342e-01,4.541197610797342299e-01,4.522903120821258338e-01,4.503522724773471042e-01,4.483125033726538811e-01,4.461776463711027985e-01,4.439540666593106977e-01,4.416478176788111165e-01,4.392646241353460601e-01,4.368098795603305162e-01,4.342886547383185136e-01,4.317057137301421599e-01,4.290655347631710526e-01,4.263723338183634803e-01,4.236300892596361334e-01,4.208425662969778047e-01,4.180133404425739330e-01,4.151458194113965550e-01,4.122432631421905080e-01,4.093088017820950553e-01,4.063454515985820970e-01,4.033561288659416877e-01,4.003436618285982629e-01,3.973108008772409105e-01,3.942602270918464935e-01,3.911945593126203713e-01,3.881163598990887698e-01,3.850281393317829259e-01,3.819323598018674604e-01,3.788314379241007890e-01,3.757277466967639534e-01,3.726236168174563712e-01,3.695213374570571752e-01,3.664231565816519764e-01,3.633312809012171907e-01,3.602478755153902257e-01,3.571750633183839452e-01,3.541149242175969380e-01,3.510694942138344321e-01,3.480407643851088362e-01
3.312363495979397943e-01,3.336740105718563054e-01,3.361320996812432460e-01,3.386090630986753336e-01,3.411033079950168134e-01,3.436132034665214108e-01,3.461370812177999579e-01,3.486732359609193144e-01,3.512199254834977857e-01,3.537753703303563868e-01,3.563377530346085731e-01,3.589052168244502017e-01,3.614758637219367410e-01,3.640477519394808015e-01,3.666188924693029039e-01,3.691872447518187439e-01,3.717507112964227867e-01,3.743071311186471073e-01,3.768542718613088760e-01,3.793898204574971955e-01,3.819113721994256694e-01,3.844164180918536178e-01,3.869023303932713209e-01,3.893663462883849014e-01,3.918055496955999972e-01,3.942168512985619322e-01,3.965969670065183084e-01,3.989423951997498885e-01,4.012493933076850539e-01,4.035139545000989703e-01,4.057317855428755893e-01,4.078982871669888377e-01,4.100085385977368380e-01,4.120572881435064505e-01,4.140389518701890759e-01,4.159476222574889914e-01,4.177770881333338626e-01,4.195208657564778454e-01,4.211722380423909007e-01,4.227242934264430207e-01,4.241699452787309199e-01,4.255018914286209375e-01,4.267124263295812847e-01,4.277929011574484464e-01,4.287322819408788122e-01,4.295129726434911976e-01,4.300950970353241698e-01,4.302784020141011134e-01,4.313396856858638939e-01,4.323119077812205835e-01,4.330685954780593150e-01,4.336719016095262336e-01,4.341502875175201059e-01,4.345235830492800155e-01,4.348084307745490040e-01,4.350198792016656268e-01,4.351717990868756436e-01,4.352768607571040893e-01,4.353463418588199851e-01,4.353898840864685038e-01,4.354152571263686378e-01,4.354281594202282779e-01,4.354320702371327068e-01,4.354281594202283334e-01,4.354152571263696925e-01,4.353898840864691699e-01,4.353463418588203182e-01,4.352768607571030346e-01,4.351717990868763097e-01,4.350198792016664040e-01,4.348084307745497812e-01,4.345235830492800155e-01,4.341502875175201615e-01,4.336719016095262336e-01,4.330685954780594815e-01,4.323119077812206390e-01,4.313396856858642270e-01,4.302784020141012244e-01,4.300950970353250580e-01,4.295129726434921968e-01,4.287322819408788122e-01,4.277929011574487794e-01,4.267124263295813957e-01,4.255018914286210485e-01,4.241699452787306979e-01,4.227242934264422436e-01,4.211722380423903456e-01,4.195208657564790111e-01,4.177770881333339736e-01,4.159476222574889359e-01,4.140389518701898530e-01,4.120572881435071722e-01,4.100085385977368380e-01,4.078982871669885601e-01,4.057317855428757003e-01,4.035139545000984151e-01,4.012493933076839436e-01,3.989423951997504991e-01,3.965969670065186969e-01,3.942168512985617101e-01,3.918055496956013850e-01,3.893663462883843462e-01,3.869023303932706548e-01,3.844164180918531737e-01,3.819113721994269461e-01,3.793898204574964739e-01,3.768542718613090425e-01,3.743071311186471073e-01,3.717507112964229532e-01,3.691872447518185774e-01,3.666188924693035145e-01,3.640477519394821337e-01,3.614758637219370185e-01,3.589052168244496466e-01,3.563377530346092947e-01,3.537753703303574970e-01,3.512199254834975637e-01,3.486732359609203136e-01,3.461370812177991807e-01,3.436132034665229096e-01,3.411033079950169244e-01,3.386090630986749450e-01,3.361320996812438011e-01,3.336740105718560834e-01,3.312363495979396832e-01
2.827267116343242792e-01,2.840316819940245652e-01,2.853674292683098801e-01,2.867331537103559591e-01,2.881280206578789027e-01,2.895511621549870518e-01,2.910016780963004535e-01,2.924786368726928210e-01,2.939810754905035073e-01,2.955079991280930019e-01,2.970583800854058598e-01,2.986311560737068271e-01,3.002252277842509809e-01,3.018394556662872819e-01,3.034726558370620109e-01,3.051235950395901897e-01,3.067909845586140327e-01,3.084734730021868043e-01,3.101696378588911229e-01,3.118779757389126828e-01,3.135968912125770003e-01,3.153246841981183768e-01,3.170595358552176779e-01,3.187994929791463927e-01,3.205424509398998034e-01,3.222861352678488278e-01,3.240280820570992648e-01,3.257656174370197610e-01,3.274958364456873050e-01,3.292155817160247744e-01,3.309214224380462865e-01,3.326096340589227429e-01,3.342761790780623410e-01,3.359166890085799051e-01,3.375264469814537316e-01,3.391003693491640436e-01,3.406329826249999138e-01,3.421183884748628667e-01,3.435502028833009036e-01,3.449214431190409935e-01,3.462243109824049148e-01,3.474497659305806341e-01,3.485866484157806866e-01,3.496197415727121949e-01,3.505248958712429141e-01,3.512535256390881822e-01,3.516490464127736693e-01,3.522789684754927819e-01,3.538496511106910547e-01,3.551331827537427821e-01,3.562509286617792648e-01,3.572362940529063557e-01,3.581047630987984620e-01,3.588658251602406812e-01,3.595265794759939237e-01,3.600930784050694333e-01,3.605708388908371309e-01,3.609649862100278717e-01,3.612802184886277357e-01,3.615206846818236341e-01,3.616898298594887762e-01,3.617902430899210264e-01,3.618235323637052359e-01,3.617902430899233024e-01,3.616898298594885541e-01,3.615206846818221353e-01,3.612802184886281243e-01,3.609649862100285378e-01,3.605708388908372419e-01,3.600930784050710987e-01,3.595265794759951450e-01,3.588658251602406257e-01,3.581047630987997388e-01,3.572362940529062447e-01,3.562509286617781545e-01,3.551331827537424490e-01,3.538496511106906106e-01,3.522789684754919493e-01,3.516490464127722815e-01,3.512535256390872940e-01,3.505248958712402496e-01,3.496197415727131941e-01,3.485866484157801870e-01,3.474497659305785802e-01,3.462243109824052478e-01,3.449214431190388841e-01,3.435502028833004040e-01,3.421183884748632553e-01,3.406329826249986370e-01,3.391003693491632665e-01,3.375264469814530655e-01,3.359166890085803492e-01,3.342761790780613418e-01,3.326096340589228539e-01,3.309214224380456759e-01,3.292155817160250519e-01,3.274958364456871940e-01,3.257656174370212598e-01,3.240280820570998199e-01,3.222861352678484947e-01,3.205424509398999144e-01,3.187994929791462262e-01,3.170595358552169007e-01,3.153246841981177662e-01,3.135968912125765007e-01,3.118779757389129048e-01,3.101696378588904568e-01,3.084734730021852500e-01,3.067909845586127560e-01,3.051235950395904117e-01,3.034726558370608451e-01,3.018394556662874484e-01,3.002252277842505923e-01,2.986311560737071602e-01,2.970583800854063594e-01,2.955079991280941676e-01,2.939810754905030077e-01,2.924786368726932650e-01,2.910016780963007310e-01,2.895511621549872738e-01,2.881280206578783476e-01,2.867331537103562367e-01,2.853674292683096581e-01,2.840316819940250648e-01,2.827267116343246678e-01
2.304041955448573042e-01,2.303343882250425689e-01,2.302953370015187740e-01,2.302876557783094802e-01,2.303119069144588249e-01,2.303686047088123745e-01,2.304582185197281696e-01,2.305811755197141599e-01,2.307378630849065415e-01,2.309286308185864445e-01,2.311537922067903039e-01,2.314136259027187448e-01,2.317083766347949603e-01,2.320382557315388561e-01,2.324034412543450889e-01,2.328040777275196260e-01,2.332402754530490119e-01,2.337121093961381235e-01,2.342196176261459872e-01,2.347627992962647847e-01,2.353416121444065756e-01,2.359559695013761504e-01,2.366057367835996406e-01,2.372907274239008102e-01,2.380106982321762155e-01,2.387653441274062427e-01,2.395542921525318503e-01,2.403770946410881959e-01,2.412332213183146779e-01,2.421220499816109650e-01,2.430428551843553664e-01,2.439947939953862610e-01,2.449768873468737285e-01,2.459879945887158970e-01,2.470267774209039535e-01,2.480916469905199429e-01,2.491806838991110218e-01,2.502915137593439421e-01,2.514211078260396581e-01,2.525654525153630536e-01,2.537189772434997326e-01,2.548735034435707925e-01,2.560161441401411220e-01,2.571245428220799156e-01,2.581536599141840416e-01,2.589819447859800228e-01,2.587899046056276187e-01,2.607336033330274749e-01,2.624316316948925865e-01,2.640483766344747241e-01,2.656016419410839879e-01,2.670906507843541777e-01,2.685081128599715039e-01,2.698436477760560170e-01,2.710852644207570328e-01,2.722202320399972897e-01,2.732357255164530874e-01,2.741193734553363792e-01,2.748597513587378582e-01,2.754468276734479693e-01,2.758723556568320467e-01,2.761301981935658789e-01,2.762165718042557949e-01,2.761301981935663785e-01,2.758723556568334345e-01,2.754468276734477472e-01,2.748597513587394126e-01,2.741193734553356576e-01,2.732357255164529763e-01,2.722202320399965680e-01,2.710852644207565887e-01,2.698436477760555730e-01,2.685081128599715039e-01,2.670906507843545108e-01,2.656016419410832663e-01,2.640483766344740024e-01,2.624316316948934746e-01,2.607336033330280856e-01,2.587899046056282293e-01,2.589819447859806889e-01,2.581536599141837640e-01,2.571245428220795270e-01,2.560161441401422322e-01,2.548735034435708480e-01,2.537189772435006208e-01,2.525654525153634422e-01,2.514211078260391030e-01,2.502915137593446637e-01,2.491806838991114659e-01,2.480916469905205257e-01,2.470267774209031764e-01,2.459879945887151476e-01,2.449768873468739783e-01,2.439947939953874267e-01,2.430428551843559770e-01,2.421220499816112148e-01,2.412332213183147334e-01,2.403770946410890563e-01,2.395542921525319058e-01,2.387653441274062982e-01,2.380106982321772424e-01,2.372907274239013931e-01,2.366057367836002234e-01,2.359559695013764280e-01,2.353416121444055487e-01,2.347627992962646459e-01,2.342196176261456542e-01,2.337121093961390395e-01,2.332402754530480404e-01,2.328040777275202922e-01,2.324034412543455330e-01,2.320382557315376904e-01,2.317083766347949603e-01,2.314136259027186338e-01,2.311537922067914697e-01,2.309286308185861392e-01,2.307378630849069023e-01,2.305811755197137436e-01,2.304582185197285860e-01,2.303686047088119859e-01,2.303119069144580200e-01,2.302876557783100631e-01,2.302953370015191903e-01,2.303343882250425689e-01,2.304041955448565548e-01
2.436924901818426636e-01,2.442895721848430401e-01,2.448957102409236586e-01,2.455114606364845464e-01,2.461372668801399544e-01,2.467734517841237152e-01,2.474202089510018632e-01,2.480775936241470248e-01,2.487455128611126276e-01,2.494237149890203287e-01,2.501117783006969741e-01,2.508090989492296474e-01,2.515148779974444859e-01,2.522281075770800851e-01,2.529475561111036441e-01,2.536717525505560733e-01,2.543989695765810355e-01,2.551272057171781182e-01,2.558541663285721079e-01,2.565772433924750073e-01,2.572934940834835649e-01,2.579996180655874105e-01,2.586919334833417405e-01,2.593663516209300246e-01,2.600183502226318666e-01,2.606429454806840074e-01,2.612346626311449205e-01,2.617875051932938013e-01,2.622949228089237472e-01,2.627497775267750857e-01,2.631443082135530021e-01,2.634700924154865787e-01,2.637180043322866485e-01,2.638781663602883798e-01,2.639398894786718630e-01,2.638915937750084817e-01,2.637206930403184768e-01,2.634134133410138690e-01,2.629544876787816010e-01,2.623266105713557006e-01,2.615094045342715723e-01,2.604773196198051366e-01,2.591949288047218358e-01,2.576046533631987101e-01,2.555845554998584790e-01,2.526502488828731852e-01,2.483456078767631581e-01,2.455224112830767247e-01,2.425229739529826123e-01,2.393127337807932076e-01,2.358996015034147686e-01,2.323109197356246214e-01,2.285900805594898444e-01,2.247959999123632091e-01,2.210026775168189850e-01,2.172978993585817920e-01,2.137806111733669412e-01,2.105567582482577582e-01,2.077336541855442087e-01,2.054132296441835703e-01,2.036847814054911221e-01,2.026180320884143904e-01,2.022573689289134391e-01,2.026180320884147235e-01,2.036847814054919270e-01,2.054132296441839867e-01,2.077336541855431540e-01,2.105567582482586186e-01,2.137806111733657477e-01,2.172978993585824581e-01,2.210026775168177360e-01,2.247959999123638752e-01,2.285900805594894281e-01,2.323109197356241495e-01,2.358996015034163507e-01,2.393127337807922916e-01,2.425229739529825013e-01,2.455224112830813876e-01,2.483456078767630471e-01,2.526502488828749060e-01,2.555845554998578684e-01,2.576046533632010971e-01,2.591949288047223354e-01,2.604773196198021945e-01,2.615094045342706841e-01,2.623266105713547014e-01,2.629544876787815455e-01,2.634134133410163670e-01,2.637206930403206417e-01,2.638915937750112017e-01,2.639398894786725847e-01,2.638781663602892125e-01,2.637180043322878142e-01,2.634700924154865787e-01,2.631443082135525025e-01,2.627497775267751967e-01,2.622949228089225260e-01,2.617875051932944119e-01,2.612346626311430886e-01,2.606429454806850066e-01,2.600183502226356969e-01,2.593663516209291919e-01,2.586919334833376882e-01,2.579996180655890758e-01,2.572934940834860629e-01,2.565772433924734530e-01,2.558541663285721079e-01,2.551272057171793950e-01,2.543989695765811465e-01,2.536717525505555737e-01,2.529475561111022563e-01,2.522281075770818060e-01,2.515148779974392124e-01,2.508090989492310907e-01,2.501117783006953088e-01,2.494237149890198291e-01,2.487455128611119337e-01,2.480775936241486346e-01,2.474202089510013913e-01,2.467734517841235209e-01,2.461372668801400099e-01,2.455114606364845464e-01,2.448957102409243525e-01,2.442895721848433177e-01,2.436924901818417200e-01
2.725694008393388379e-01,2.751509374404143005e-01,2.777566960245947403e-01,2.803878940273608067e-01,2.830456495454284349e-01,2.857309648128364965e-01,2.884447081425469683e-01,2.911875941999119699e-01,2.939601624716112194e-01,2.967627537891150968e-01,2.995954847599757720e-01,3.024582199519341152e-01,3.053505416646936643e-01,3.082717171107693943e-01,3.112206628101600314e-01,3.141959059820695899e-01,3.171955426904938258e-01,3.202171924664342639e-01,3.232579490873940253e-01,3.263143271413413427e-01,3.293822039351219644e-01,3.324567562220922534e-01,3.355323911159243666e-01,3.386026704192231507e-01,3.416602274177980014e-01,3.446966749590413825e-01,3.477025033230907169e-01,3.506669660065021565e-01,3.535779510186637942e-01,3.564218343313459991e-01,3.591833112110644488e-01,3.618451994767918345e-01,3.643882061514534532e-01,3.667906450656747697e-01,3.690280865138642064e-01,3.710729090578742673e-01,3.728937039587690849e-01,3.744544458972587364e-01,3.757132701718055023e-01,3.766205385785454385e-01,3.771155025474137723e-01,3.771198691123754942e-01,3.765233543425834939e-01,3.751426292879648239e-01,3.725349891846123085e-01,3.649200127129354487e-01,3.588430998162811525e-01,3.524950513750984005e-01,3.455267081869322632e-01,3.379422782988345531e-01,3.298459692808630161e-01,3.214064470715002342e-01,3.128403050588547951e-01,3.043943009613787609e-01,2.963231610906434943e-01,2.888648682415442259e-01,2.822178843051689756e-01,2.765253808615616427e-01,2.718701775651481412e-01,2.682812366539907289e-01,2.657493790900908870e-01,2.642475730451808169e-01,2.637503509282417280e-01,2.642475730451832039e-01,2.657493790900866126e-01,2.682812366539933380e-01,2.718701775651485852e-01,2.765253808615564801e-01,2.822178843051653674e-01,2.888648682415440594e-01,2.963231610906417735e-01,3.043943009613781503e-01,3.128403050588483558e-01,3.214064470715021216e-01,3.298459692808611288e-01,3.379422782988351082e-01,3.455267081869301538e-01,3.524950513751013426e-01,3.588430998162810970e-01,3.649200127129334503e-01,3.725349891846113093e-01,3.751426292879638247e-01,3.765233543425822726e-01,3.771198691123736624e-01,3.771155025474148825e-01,3.766205385785435511e-01,3.757132701718067236e-01,3.744544458972568490e-01,3.728937039587673641e-01,3.710729090578746003e-01,3.690280865138659827e-01,3.667906450656711614e-01,3.643882061514532866e-01,3.618451994767907798e-01,3.591833112110591752e-01,3.564218343313479975e-01,3.535779510186649044e-01,3.506669660065018235e-01,3.477025033230889961e-01,3.446966749590399393e-01,3.416602274178009435e-01,3.386026704192232617e-01,3.355323911159245887e-01,3.324567562220920869e-01,3.293822039351230191e-01,3.263143271413482260e-01,3.232579490873956907e-01,3.202171924664359293e-01,3.171955426904963238e-01,3.141959059820693678e-01,3.112206628101586992e-01,3.082717171107720033e-01,3.053505416646925541e-01,3.024582199519342818e-01,2.995954847599752724e-01,2.967627537891155964e-01,2.939601624716109418e-01,2.911875941999148010e-01,2.884447081425440262e-01,2.857309648128362189e-01,2.830456495454274912e-01,2.803878940273618614e-01,2.777566960245950733e-01,2.751509374404139119e-01,2.725694008393387269e-01
2.577085355318139981e-01,2.613578553165573637e-01,2.650675139147185000e-01,2.688424733457153715e-01,2.726877588442445655e-01,2.766084184715601468e-01,2.806094758976158676e-01,2.846958757302411325e-01,2.888724208144789474e-01,2.931437009936008198e-01,2.975140129162462954e-01,3.019872705935534585e-01,3.065669065582893316e-01,3.112557636548831108e-01,3.160559776936465726e-01,3.209688514314146257e-01,3.259947205876249088e-01,3.311328128612897603e-01,3.363811011668034756e-01,3.417361525392664801e-01,3.471929743517456757e-01,3.527448596126542824e-01,3.583832331419792849e-01,3.640975003263335896e-01,3.698748998868893745e-01,3.757003616173537619e-01,3.815563693114165100e-01,3.874228280382664424e-01,3.932769334592055022e-01,3.990930388800217332e-01,4.048425130277719663e-01,4.104935779725980560e-01,4.160111110672331525e-01,4.213563869621523850e-01,4.264867234190908296e-01,4.313549735410916464e-01,4.359087694300115001e-01,4.400893499181636748e-01,4.438296549160390958e-01,4.470510286746870454e-01,4.496570112726214208e-01,4.515201458648861466e-01,4.524482426047254369e-01,4.520639844736709656e-01,4.484677857218885011e-01,4.402265803313958337e-01,4.348177821438830581e-01,4.293053088118978788e-01,4.237814042840253315e-01,4.184962482527333494e-01,4.137438722127019242e-01,4.098055325036709662e-01,4.069021602424565676e-01,4.051557879734317136e-01,4.045671984929208320e-01,4.050151757769068217e-01,4.062769778886258787e-01,4.080637572593237006e-01,4.100616022578166264e-01,4.119695952890430335e-01,4.135295940189206432e-01,4.145462805256715511e-01,4.148987845879110736e-01,4.145462805256718286e-01,4.135295940189228081e-01,4.119695952890452539e-01,4.100616022578147390e-01,4.080637572593282525e-01,4.062769778886272665e-01,4.050151757769039351e-01,4.045671984929222198e-01,4.051557879734337675e-01,4.069021602424593431e-01,4.098055325036689678e-01,4.137438722127045887e-01,4.184962482527332384e-01,4.237814042840202799e-01,4.293053088118954363e-01,4.348177821438792279e-01,4.402265803313956671e-01,4.484677857218898889e-01,4.520639844736694113e-01,4.524482426047243822e-01,4.515201458648825938e-01,4.496570112726221979e-01,4.470510286746855466e-01,4.438296549160400395e-01,4.400893499181618984e-01,4.359087694300159965e-01,4.313549735410948105e-01,4.264867234190897194e-01,4.213563869621503866e-01,4.160111110672294887e-01,4.104935779726003320e-01,4.048425130277724104e-01,3.990930388800212336e-01,3.932769334592030597e-01,3.874228280382642220e-01,3.815563693114171206e-01,3.757003616173501537e-01,3.698748998868886528e-01,3.640975003263356435e-01,3.583832331419776196e-01,3.527448596126527280e-01,3.471929743517456757e-01,3.417361525392675348e-01,3.363811011668041973e-01,3.311328128612892607e-01,3.259947205876249088e-01,3.209688514314139596e-01,3.160559776936470167e-01,3.112557636548798357e-01,3.065669065582876662e-01,3.019872705935508495e-01,2.975140129162457958e-01,2.931437009936030957e-01,2.888724208144772820e-01,2.846958757302421872e-01,2.806094758976144798e-01,2.766084184715610350e-01,2.726877588442454536e-01,2.688424733457143723e-01,2.650675139147197212e-01,2.613578553165533114e-01,2.577085355318126658e-01
2.655683319572754164e-01,2.719370803081942456e-01,2.785148032520247119e-01,2.853010626379272052e-01,2.922933238662228095e-01,2.994867641888146470e-01,3.068741148547702302e-01,3.144455454582311682e-01,3.221885980094829627e-01,3.300881768550316120e-01,3.381265986386091105e-01,3.462837040942361999e-01,3.545370307144651845e-01,3.628620424069787798e-01,3.712324093353979726e-01,3.796203284429328639e-01,3.879968728791480248e-01,3.963323568585085943e-01,4.045967014919134019e-01,4.127597869043249657e-01,4.207917764672365335e-01,4.286634001521394954e-01,4.363461857105910835e-01,4.438126284262841059e-01,4.510362923593049245e-01,4.579918381004869921e-01,4.646549738700964105e-01,4.710023281345018242e-01,4.770112425865090100e-01,4.826594841181502393e-01,4.879248729957633146e-01,4.927848212852910526e-01,4.972157696385895997e-01,5.011924997460116549e-01,5.046872799432685630e-01,5.076687633459732174e-01,5.101004811201329536e-01,5.119386102670098193e-01,5.131283219080667868e-01,5.135970807031541296e-01,5.132406042797594825e-01,5.118880401306848960e-01,5.091899723581287951e-01,5.039770242792380728e-01,4.909983724215038481e-01,4.858206146358004518e-01,4.821854263646365157e-01,4.798746364404263831e-01,4.789833839588584219e-01,4.795805385813043942e-01,4.816239221940205040e-01,4.849419377515481466e-01,4.892555777106409320e-01,4.942236133214396032e-01,4.994927519031358010e-01,5.047383307596196023e-01,5.096886951520854803e-01,5.141335716373295339e-01,5.179208480618031629e-01,5.209471008121966396e-01,5.231462397068522563e-01,5.244790959868985691e-01,5.249254453195170145e-01,5.244790959868977920e-01,5.231462397068497028e-01,5.209471008121946412e-01,5.179208480618068267e-01,5.141335716373344189e-01,5.096886951520822606e-01,5.047383307596210456e-01,4.994927519031338581e-01,4.942236133214365501e-01,4.892555777106372683e-01,4.849419377515480911e-01,4.816239221940187276e-01,4.795805385813045052e-01,4.789833839588601982e-01,4.798746364404282150e-01,4.821854263646375705e-01,4.858206146358015620e-01,4.909983724215020162e-01,5.039770242792344090e-01,5.091899723581306825e-01,5.118880401306863392e-01,5.132406042797585943e-01,5.135970807031569052e-01,5.131283219080665647e-01,5.119386102670129279e-01,5.101004811201315103e-01,5.076687633459742166e-01,5.046872799432678969e-01,5.011924997460078801e-01,4.972157696385909875e-01,4.927848212852909415e-01,4.879248729957632036e-01,4.826594841181500728e-01,4.770112425865062344e-01,4.710023281345011581e-01,4.646549738700961885e-01,4.579918381004837169e-01,4.510362923593070894e-01,4.438126284262869925e-01,4.363461857105854769e-01,4.286634001521371085e-01,4.207917764672377547e-01,4.127597869043261869e-01,4.045967014919126803e-01,3.963323568585077616e-01,3.879968728791465260e-01,3.796203284429316427e-01,3.712324093353969179e-01,3.628620424069738393e-01,3.545370307144612987e-01,3.462837040942359224e-01,3.381265986386056688e-01,3.300881768550262274e-01,3.221885980094819635e-01,3.144455454582297249e-01,3.068741148547734499e-01,2.994867641888143139e-01,2.922933238662236421e-01,2.853010626379262615e-01,2.785148032520213812e-01,2.719370803081933019e-01,2.655683319572745837e-01
3.773123875128341354e-01,3.846063674314141312e-01,3.919095669373100499e-01,3.992049150339613828e-01,4.064755204199595462e-01,4.137048255810533703e-01,4.208767481667597954e-01,4.279758056472867667e-01,4.349872199967642072e-01,4.418969999874899357e-01,4.486919995499247804e-01,4.553599514990305241e-01,4.618894767011461622e-01,4.682700694185341628e-01,4.744920600938075661e-01,4.805465572091809356e-01,4.864253700722372398e-01,4.921209144477639019e-01,4.976261028887553617e-01,5.029342214410177370e-01,5.080387941301384158e-01,5.129334363166887512e-01,5.176116976569273831e-01,5.220668950658251539e-01,5.262919357835216250e-01,5.302791304330054523e-01,5.340199958638612854e-01,5.375050476335890837e-01,5.407235821867231174e-01,5.436634490837080058e-01,5.463108137709993262e-01,5.486499107650631979e-01,5.506627843418285817e-01,5.523290057573586598e-01,5.536253358151060899e-01,5.545252539788430024e-01,5.549981650380649834e-01,5.550078352945599924e-01,5.545089697090341829e-01,5.534391023294571443e-01,5.516974615024862194e-01,5.490799834680690772e-01,5.449925727033158029e-01,5.337101346563991600e-01,5.313847865068106469e-01,5.313320048203100665e-01,5.327609114923049782e-01,5.354527908314831164e-01,5.391829303609146917e-01,5.436842154247387704e-01,5.486691697345957852e-01,5.538617126909709532e-01,5.590221175420070354e-01,5.639598971081603018e-01,5.685355970794893077e-01,5.726551814030031995e-01,5.762608963711400856e-01,5.793214930601388035e-01,5.818234576144388770e-01,5.837639311394658970e-01,5.851454083989297006e-01,5.859720220372316435e-01,5.862471384401088947e-01,5.859720220372314214e-01,5.851454083989299226e-01,5.837639311394654529e-01,5.818234576144414305e-01,5.793214930601416901e-01,5.762608963711375321e-01,5.726551814029996468e-01,5.685355970794925273e-01,5.639598971081607459e-01,5.590221175420089228e-01,5.538617126909731736e-01,5.486691697345960073e-01,5.436842154247383263e-01,5.391829303609158019e-01,5.354527908314837825e-01,5.327609114923038680e-01,5.313320048203095114e-01,5.313847865068106469e-01,5.337101346563984938e-01,5.449925727033142486e-01,5.490799834680695213e-01,5.516974615024875517e-01,5.534391023294576994e-01,5.545089697090351821e-01,5.550078352945593263e-01,5.549981650380647613e-01,5.545252539788424473e-01,5.536253358151044246e-01,5.523290057573577716e-01,5.506627843418309132e-01,5.486499107650647522e-01,5.463108137709987711e-01,5.436634490837084499e-01,5.407235821867235614e-01,5.375050476335917482e-01,5.340199958638612854e-01,5.302791304330071176e-01,5.262919357835209588e-01,5.220668950658248209e-01,5.176116976569272721e-01,5.129334363166903055e-01,5.080387941301387489e-01,5.029342214410187362e-01,4.976261028887551396e-01,4.921209144477656228e-01,4.864253700722384610e-01,4.805465572091808246e-01,4.744920600938115629e-01,4.682700694185359946e-01,4.618894767011457736e-01,4.553599514990294139e-01,4.486919995499250025e-01,4.418969999874904908e-01,4.349872199967662056e-01,4.279758056472869887e-01,4.208767481667585186e-01,4.137048255810561459e-01,4.064755204199596572e-01,3.992049150339644914e-01,3.919095669373106050e-01,3.846063674314122438e-01,3.773123875128347460e-01
4.419482423146345873e-01,4.474869597690940282e-01,4.529866621228178514e-01,4.584402227095435989e-01,4.638408605495714654e-01,4.691821381802527835e-01,4.744579514523148411e-01,4.796625118246344854e-01,4.847903217520120878e-01,4.898361437861757373e-01,4.947949640017172412e-01,4.996619503196814693e-01,5.044324062370251216e-01,5.091017203861519791e-01,5.136653122526700921e-01,5.181185742790371807e-01,5.224568104873004160e-01,5.266751716764160873e-01,5.307685872041247865e-01,5.347316933682304541e-01,5.385587584824766960e-01,5.422436049313358319e-01,5.457795288295860248e-01,5.491592184644650265e-01,5.523746735329537749e-01,5.554171283917064272e-01,5.582769842069504884e-01,5.609437571067407147e-01,5.634060522181473241e-01,5.656515766752521213e-01,5.676672078093635276e-01,5.694391345397172843e-01,5.709530877604883647e-01,5.721946636744501546e-01,5.731497112070799149e-01,5.738046774303605657e-01,5.741466322026204105e-01,5.741623013530980923e-01,5.738344798546098913e-01,5.731314922067467510e-01,5.719757469411482775e-01,5.701275869525882500e-01,5.662942633426043537e-01,5.624991714775706697e-01,5.648197670470676002e-01,5.681252399668174080e-01,5.721228276222322107e-01,5.765709157874222557e-01,5.812481368155321126e-01,5.859616990787793744e-01,5.905556815365774481e-01,5.949133525828044222e-01,5.989541570120368030e-01,6.026276156073715473e-01,6.059062265108121625e-01,6.087787493259211313e-01,6.112445529762586816e-01,6.133092155176703697e-01,6.149812890032385626e-01,6.162700268382825808e-01,6.171838503047077928e-01,6.177293570261692679e-01,6.179107180230768437e-01,6.177293570261682687e-01,6.171838503047057944e-01,6.162700268382833579e-01,6.149812890032381185e-01,6.133092155176687044e-01,6.112445529762593477e-01,6.087787493259215754e-01,6.059062265108117185e-01,6.026276156073724355e-01,5.989541570120354708e-01,5.949133525828037561e-01,5.905556815365772261e-01,5.859616990787795965e-01,5.812481368155302253e-01,5.765709157874232549e-01,5.721228276222322107e-01,5.681252399668182962e-01,5.648197670470687104e-01,5.624991714775695595e-01,5.662942633426018002e-01,5.701275869525846973e-01,5.719757469411460571e-01,5.731314922067476392e-01,5.738344798546093362e-01,5.741623013530992026e-01,5.741466322026198554e-01,5.738046774303583453e-01,5.731497112070803590e-01,5.721946636744514869e-01,5.709530877604892529e-01,5.694391345397180615e-01,5.676672078093638607e-01,5.656515766752535646e-01,5.634060522181487674e-01,5.609437571067414918e-01,5.582769842069513766e-01,5.554171283917076485e-01,5.523746735329558843e-01,5.491592184644662478e-01,5.457795288295850256e-01,5.422436049313368311e-01,5.385587584824782503e-01,5.347316933682304541e-01,5.307685872041265629e-01,5.266751716764167535e-01,5.224568104873020813e-01,5.181185742790364035e-01,5.136653122526682047e-01,5.091017203861529783e-01,5.044324062370246775e-01,4.996619503196821355e-01,4.947949640017141881e-01,4.898361437861748491e-01,4.847903217520118102e-01,4.796625118246343744e-01,4.744579514523160069e-01,4.691821381802535051e-01,4.638408605495706327e-01,4.584402227095440430e-01,4.529866621228184620e-01,4.474869597690940837e-01,4.419482423146341432e-01
4.622991206871384096e-01,4.670973591540059644e-01,4.718621707424756062e-01,4.765899086939393015e-01,4.812769603534695073e-01,4.859197383045471552e-01,4.905146682346279707e-01,4.950581738046931912e-01,4.995466587658306534e-01,5.039764865297915453e-01,5.083439573613454110e-01,5.126452833223130723e-01,5.168765610650433162e-01,5.210337425530249256e-01,5.251126037858271367e-01,5.291087116350197128e-01,5.330173889706262269e-01,5.368336783922801336e-01,5.405523051000332702e-01,5.441676397791521680e-01,5.476736628736195156e-01,5.510639323385809751e-01,5.543315579587885233e-01,5.574691866746124269e-01,5.604690051481945323e-01,5.633227680919031810e-01,5.660218636773222123e-01,5.685574305264653461e-01,5.709205439858050513e-01,5.731024917584512934e-01,5.750951588723329788e-01,5.768915364019068237e-01,5.784863521928199637e-01,5.798767864653288084e-01,5.810631661430923911e-01,5.820494030912979344e-01,5.828426987113547453e-01,5.834515386600035436e-01,5.838797840672766970e-01,5.841108432402425388e-01,5.840591516631821190e-01,5.833366688884256135e-01,5.806497493720995662e-01,5.840660286461329953e-01,5.879643649240363645e-01,5.921374728467211357e-01,5.964208048020194219e-01,6.006783848852977892e-01,6.048034448773411675e-01,6.087176850053023225e-01,6.123680722702548040e-01,6.157221919967988955e-01,6.187632705932810673e-01,6.214856175906730007e-01,6.238908436154947390e-01,6.259849330651906518e-01,6.277760954492020984e-01,6.292732552298196946e-01,6.304850299818288706e-01,6.314190632236988954e-01,6.320816043561766628e-01,6.324772548921314685e-01,6.326088238440000788e-01,6.324772548921335780e-01,6.320816043561773290e-01,6.314190632236996725e-01,6.304850299818292036e-01,6.292732552298195836e-01,6.277760954492002110e-01,6.259849330651918731e-01,6.238908436154959603e-01,6.214856175906726676e-01,6.187632705932835098e-01,6.157221919967971191e-01,6.123680722702549151e-01,6.087176850053033217e-01,6.048034448773399463e-01,6.006783848852985663e-01,5.964208048020188668e-01,5.921374728467208026e-01,5.879643649240364756e-01,5.840660286461322181e-01,5.806497493720997882e-01,5.833366688884276119e-01,5.840591516631816749e-01,5.841108432402430939e-01,5.838797840672770301e-01,5.834515386600028775e-01,5.828426987113541902e-01,5.820494030912973793e-01,5.810631661430921691e-01,5.798767864653289195e-01,5.784863521928201857e-01,5.768915364019077119e-01,5.750951588723337560e-01,5.731024917584510714e-01,5.709205439858059394e-01,5.685574305264661232e-01,5.660218636773235446e-01,5.633227680919047353e-01,5.604690051481932000e-01,5.574691866746112057e-01,5.543315579587879682e-01,5.510639323385809751e-01,5.476736628736190715e-01,5.441676397791516129e-01,5.405523051000334922e-01,5.368336783922794675e-01,5.330173889706261159e-01,5.291087116350208230e-01,5.251126037858264706e-01,5.210337425530243705e-01,5.168765610650435383e-01,5.126452833223134053e-01,5.083439573613459661e-01,5.039764865297899910e-01,4.995466587658313751e-01,4.950581738046938574e-01,4.905146682346290810e-01,4.859197383045468777e-01,4.812769603534706730e-01,4.765899086939388574e-01,4.718621707424762723e-01,4.670973591540047987e-01,4.622991206871384651e-01
4.661535383168275426e-01,4.707212962032236714e-01,4.752571018227633726e-01,4.797587909896767200e-01,4.842240799875617285e-01,4.886505620925374882e-01,4.930357021773617565e-01,4.973768295118924931e-01,5.016711288651104494e-01,5.059156300074783008e-01,5.101071957137345292e-01,5.142425083808797037e-01,5.183180554107386095e-01,5.223301135700759712e-01,5.262747326452852370e-01,5.301477188685161934e-01,5.339446188275998040e-01,5.376607049087933632e-01,5.412909637914107286e-01,5.448300901558553733e-01,5.482724886262750896e-01,5.516122880932013972e-01,5.548433739903245732e-01,5.579594458493951636e-01,5.609541094881375090e-01,5.638210153483516063e-01,5.665540564495553655e-01,5.691476404889094232e-01,5.715970496346379770e-01,5.738988966527551749e-01,5.760516743796337824e-01,5.780563733493467860e-01,5.799171046958913056e-01,5.816416063575756690e-01,5.832414223296440436e-01,5.847314120509344848e-01,5.861280236904592433e-01,5.874452809361478955e-01,5.886859981757099902e-01,5.898200062056393467e-01,5.907071172780965496e-01,5.902562226900840425e-01,5.928171832369169003e-01,5.967661644548060140e-01,6.007429866571476484e-01,6.046641629542894858e-01,6.084573728828317485e-01,6.120681161854103491e-01,6.154588888610834641e-01,6.186064362203447242e-01,6.214985229276330791e-01,6.241308790971924481e-01,6.265046171011821041e-01,6.286242010809942604e-01,6.304959360985775696e-01,6.321268933884145458e-01,6.335241759621493829e-01,6.346944360892574633e-01,6.356435712076566880e-01,6.363765412056625603e-01,6.368972647942993115e-01,6.372085648588240447e-01,6.373121422460360508e-01,6.372085648588247109e-01,6.368972647942994225e-01,6.363765412056641146e-01,6.356435712076550226e-01,6.346944360892561310e-01,6.335241759621500490e-01,6.321268933884152119e-01,6.304959360985774586e-01,6.286242010809941494e-01,6.265046171011814380e-01,6.241308790971917819e-01,6.214985229276327461e-01,6.186064362203461675e-01,6.154588888610841302e-01,6.120681161854102381e-01,6.084573728828328587e-01,6.046641629542903740e-01,6.007429866571473154e-01,5.967661644548064581e-01,5.928171832369203420e-01,5.902562226900839315e-01,5.907071172780987700e-01,5.898200062056392357e-01,5.886859981757102123e-01,5.874452809361482286e-01,5.861280236904595764e-01,5.847314120509353730e-01,5.832414223296451539e-01,5.816416063575753359e-01,5.799171046958904174e-01,5.780563733493464529e-01,5.760516743796346706e-01,5.738988966527558411e-01,5.715970496346395313e-01,5.691476404889110885e-01,5.665540564495552545e-01,5.638210153483527165e-01,5.609541094881395074e-01,5.579594458493944975e-01,5.548433739903242401e-01,5.516122880932011752e-01,5.482724886262746455e-01,5.448300901558537079e-01,5.412909637914112837e-01,5.376607049087939183e-01,5.339446188275998040e-01,5.301477188685156383e-01,5.262747326452852370e-01,5.223301135700773035e-01,5.183180554107400528e-01,5.142425083808792596e-01,5.101071957137334190e-01,5.059156300074761914e-01,5.016711288651104494e-01,4.973768295118933813e-01,4.930357021773620896e-01,4.886505620925364335e-01,4.842240799875613955e-01,4.797587909896772751e-01,4.752571018227643163e-01,4.707212962032231163e-01,4.661535383168273206e-01
4.633908897804739913e-01,4.678908461070295233e-01,4.723572684595218618e-01,4.767889355758431202e-01,4.811844226649295564e-01,4.855421025425887271e-01,4.898601456129684784e-01,4.941365187507431034e-01,4.983689831619580457e-01,5.025550913338956427e-01,5.066921832321975572e-01,5.107773819737334575e-01,5.148075893060148900e-01,5.187794813691031237e-01,5.226895054190704437e-01,5.265338784704548525e-01,5.303085891905199301e-01,5.340094048749358668e-01,5.376318859785058635e-01,5.411714114891744698e-01,5.446232194312387032e-01,5.479824679521931863e-01,5.512443237265282070e-01,5.544040856525460637e-01,5.574573527397608252e-01,5.604002451868455026e-01,5.632296861411555389e-01,5.659437473464191681e-01,5.685420532723062248e-01,5.710262235526682995e-01,5.734003108975808116e-01,5.756711600927714167e-01,5.778485738077880907e-01,5.799451249268450237e-01,5.819754039723110672e-01,5.839544212495982878e-01,5.858947287506287571e-01,5.878013138290292261e-01,5.896612795317220934e-01,5.914150887652271926e-01,5.928025386420973097e-01,5.942726719991516804e-01,5.981116805961133043e-01,6.018226908805416331e-01,6.054010962816502861e-01,6.088166857153446410e-01,6.120445943224497309e-01,6.150681516253013736e-01,6.178779593406072967e-01,6.204702289954134864e-01,6.228451466352475929e-01,6.250054988262493394e-01,6.269556084092577919e-01,6.287005550519189079e-01,6.302456300273068246e-01,6.315959710351085610e-01,6.327563287515600710e-01,6.337309257983506638e-01,6.345233779035454047e-01,6.351366549159868091e-01,6.355730656758500352e-01,6.358342556191927120e-01,6.359212096570876493e-01,6.358342556191932671e-01,6.355730656758488140e-01,6.351366549159863650e-01,6.345233779035455157e-01,6.337309257983494426e-01,6.327563287515588497e-01,6.315959710351084500e-01,6.302456300273066025e-01,6.287005550519200181e-01,6.269556084092573478e-01,6.250054988262511158e-01,6.228451466352495913e-01,6.204702289954131533e-01,6.178779593406068527e-01,6.150681516253015957e-01,6.120445943224496199e-01,6.088166857153446410e-01,6.054010962816507302e-01,6.018226908805438535e-01,5.981116805961125271e-01,5.942726719991511253e-01,5.928025386420964216e-01,5.914150887652279698e-01,5.896612795317226485e-01,5.878013138290285600e-01,5.858947287506292012e-01,5.839544212495980657e-01,5.819754039723133987e-01,5.799451249268452457e-01,5.778485738077854261e-01,5.756711600927717498e-01,5.734003108975798124e-01,5.710262235526670782e-01,5.685420532723066689e-01,5.659437473464198343e-01,5.632296861411568711e-01,5.604002451868452805e-01,5.574573527397608252e-01,5.544040856525467298e-01,5.512443237265264306e-01,5.479824679521950737e-01,5.446232194312375929e-01,5.411714114891743588e-01,5.376318859785045312e-01,5.340094048749367550e-01,5.303085891905203741e-01,5.265338784704538533e-01,5.226895054190704437e-01,5.187794813691035678e-01,5.148075893060146679e-01,5.107773819737337906e-01,5.066921832321972241e-01,5.025550913338946435e-01,4.983689831619564914e-01,4.941365187507428813e-01,4.898601456129675347e-01,4.855421025425880610e-01,4.811844226649296119e-01,4.767889355758420100e-01,4.723572684595209736e-01,4.678908461070287461e-01,4.633908897804736582e-01
4.573803465752953601e-01,4.618587690484583508e-01,4.663012152553291934e-01,4.707072241837448323e-01,4.750760738139682693e-01,4.794067861334737612e-01,4.836981317335941610e-01,4.879486339979919873e-01,4.921565729553373236e-01,4.963199889439113832e-01,5.004366863312857960e-01,5.045042376563669828e-01,5.085199887240161587e-01,5.124810653959943618e-01,5.163843830995120676e-01,5.202266604305727515e-01,5.240044386769511231e-01,5.277141096343981319e-01,5.313519547383823705e-01,5.349141992611273766e-01,5.383970860722208096e-01,5.417969741136199335e-01,5.451104670887452208e-01,5.483345775733869942e-01,5.514669303199909445e-01,5.545060052570150999e-01,5.574514147370700501e-01,5.603042000968689873e-01,5.630671189681376587e-01,5.657448772025638339e-01,5.683442393203007592e-01,5.708739324736014087e-01,5.733442458010394871e-01,5.757662230281033189e-01,5.781503452385802211e-01,5.805045680127255414e-01,5.828313913875322605e-01,5.851228648388693276e-01,5.873489997404951479e-01,5.894130298693054382e-01,5.905010742915246524e-01,5.943143710282812187e-01,5.977925990223675878e-01,6.011003423157894598e-01,6.042378283864155986e-01,6.071974829437860599e-01,6.099735038007673138e-01,6.125630354665532185e-01,6.149657659248370933e-01,6.171832282427118788e-01,6.192181442301650796e-01,6.210738979939759430e-01,6.227541468291285520e-01,6.242625499782376020e-01,6.256025895805819026e-01,6.267774595901060009e-01,6.277900024935398893e-01,6.286426781223214411e-01,6.293375528404878683e-01,6.298763006361441930e-01,6.302602101488459230e-01,6.304901935374945809e-01,6.305667944707270545e-01,6.304901935374945809e-01,6.302602101488440356e-01,6.298763006361441930e-01,6.293375528404868691e-01,6.286426781223218851e-01,6.277900024935398893e-01,6.267774595901064449e-01,6.256025895805816806e-01,6.242625499782383791e-01,6.227541468291291071e-01,6.210738979939762761e-01,6.192181442301650796e-01,6.171832282427108796e-01,6.149657659248350949e-01,6.125630354665522193e-01,6.099735038007662036e-01,6.071974829437846166e-01,6.042378283864160426e-01,6.011003423157892378e-01,5.977925990223662556e-01,5.943143710282787762e-01,5.905010742915237643e-01,5.894130298693035508e-01,5.873489997404951479e-01,5.851228648388688836e-01,5.828313913875327046e-01,5.805045680127257635e-01,5.781503452385795550e-01,5.757662230281026527e-01,5.733442458010397091e-01,5.708739324736001874e-01,5.683442393203000931e-01,5.657448772025631678e-01,5.630671189681382138e-01,5.603042000968686542e-01,5.574514147370704942e-01,5.545060052570157660e-01,5.514669303199922767e-01,5.483345775733866612e-01,5.451104670887463310e-01,5.417969741136204886e-01,5.383970860722199214e-01,5.349141992611271545e-01,5.313519547383821484e-01,5.277141096343986870e-01,5.240044386769512341e-01,5.202266604305724185e-01,5.163843830995124007e-01,5.124810653959936957e-01,5.085199887240154926e-01,5.045042376563652065e-01,5.004366863312842417e-01,4.963199889439096624e-01,4.921565729553360469e-01,4.879486339979918763e-01,4.836981317335943276e-01,4.794067861334731506e-01,4.750760738139687689e-01,4.707072241837447213e-01,4.663012152553288603e-01,4.618587690484577957e-01,4.573803465752955821e-01
4.494289514121113660e-01,4.538917231102165273e-01,4.583163799208364031e-01,4.627031446036770079e-01,4.670519294697574320e-01,4.713623450780118906e-01,4.756337093576339381e-01,4.798650570815772842e-01,4.840551497254687585e-01,4.882024858672822654e-01,4.923053124240693301e-01,4.963616371913940895e-01,5.003692433573697640e-01,5.043257069151101391e-01,5.082284182016670870e-01,5.120746091513935783e-01,5.158613882620224356e-01,5.195857857130473656e-01,5.232448115043777381e-01,5.268355298170284140e-01,5.303551528997476616e-01,5.338011574446986929e-01,5.371714253299466613e-01,5.404644083844235558e-01,5.436793130217402181e-01,5.468162947807088115e-01,5.498766448142754504e-01,5.528629405130518482e-01,5.557791219342608224e-01,5.586304468688453317e-01,5.614232735626591975e-01,5.641646246551390576e-01,5.668614997173251346e-01,5.695199207960633947e-01,5.721436941580184676e-01,5.747327941845387089e-01,5.772809494628351468e-01,5.797707473342362805e-01,5.821582175470102483e-01,5.842720036280072415e-01,5.868489734799869906e-01,5.901601330809647106e-01,5.932722551470086536e-01,5.962161920770358003e-01,5.989957166649856335e-01,6.016110430673692333e-01,6.040624767287859909e-01,6.063510467871998655e-01,6.084784406316164906e-01,6.104467855840989277e-01,6.122584327336394461e-01,6.139157850032881392e-01,6.154211745783948473e-01,6.167767824454056802e-01,6.179845905459093736e-01,6.190463574209514874e-01,6.199636096645430028e-01,6.207376433691577100e-01,6.213695312487452771e-01,6.218601323446947271e-01,6.222101021543358090e-01,6.224199017129435907e-01,6.224898046632848514e-01,6.224199017129434797e-01,6.222101021543372523e-01,6.218601323446955043e-01,6.213695312487452771e-01,6.207376433691573769e-01,6.199636096645428918e-01,6.190463574209508213e-01,6.179845905459083744e-01,6.167767824454054582e-01,6.154211745783937371e-01,6.139157850032885833e-01,6.122584327336401122e-01,6.104467855840988166e-01,6.084784406316166017e-01,6.063510467871993104e-01,6.040624767287886554e-01,6.016110430673687892e-01,5.989957166649846343e-01,5.962161920770359114e-01,5.932722551470069883e-01,5.901601330809645996e-01,5.868489734799842150e-01,5.842720036280054652e-01,5.821582175470099152e-01,5.797707473342336160e-01,5.772809494628349247e-01,5.747327941845390420e-01,5.721436941580192448e-01,5.695199207960638388e-01,5.668614997173253567e-01,5.641646246551398347e-01,5.614232735626588644e-01,5.586304468688451097e-01,5.557791219342602673e-01,5.528629405130529584e-01,5.498766448142741181e-01,5.468162947807087004e-01,5.436793130217386638e-01,5.404644083844251101e-01,5.371714253299488817e-01,5.338011574446986929e-01,5.303551528997482167e-01,5.268355298170266376e-01,5.232448115043772940e-01,5.195857857130476987e-01,5.158613882620223245e-01,5.120746091513941334e-01,5.082284182016660878e-01,5.043257069151084737e-01,5.003692433573679876e-01,4.963616371913926462e-01,4.923053124240693301e-01,4.882024858672813772e-01,4.840551497254673707e-01,4.798650570815767846e-01,4.756337093576341601e-01,4.713623450780111135e-01,4.670519294697569879e-01,4.627031446036758977e-01,4.583163799208366251e-01,4.538917231102164718e-01,4.494289514121115880e-01
4.401343540068708982e-01,4.445702757860912069e-01,4.489671373882413996e-01,4.533257914078489548e-01,4.576467275166000714e-01,4.619300853537847140e-01,4.661756687933044097e-01,4.703829613399220788e-01,4.745511425733326960e-01,4.786791057293404150e-01,4.827654766901857686e-01,4.868086348574974798e-01,4.908067366061978354e-01,4.947577422676380232e-01,4.986594478615331005e-01,5.025095230754750286e-01,5.063055572493700973e-01,5.100451153092260270e-01,5.137258056271359896e-01,5.173453615378947879e-01,5.209017375453544041e-01,5.243932198864889038e-01,5.278185488492316280e-01,5.311770468573893123e-01,5.344687417769877769e-01,5.376944693939730291e-01,5.408559332751795568e-01,5.439556955878759315e-01,5.469970708319119579e-01,5.499838979028066621e-01,5.529201757064889922e-01,5.558095625503433057e-01,5.586547541338350298e-01,5.614567561378286387e-01,5.642140276949276778e-01,5.669213219780554480e-01,5.695675460728993889e-01,5.721298748704273240e-01,5.745471905115732136e-01,5.766751742953457605e-01,5.799203352969785064e-01,5.829043790951276005e-01,5.857229745891422423e-01,5.883895992571208655e-01,5.909082849511397839e-01,5.932809648059875762e-01,5.955091151112898995e-01,5.975941650188389964e-01,5.995375647072274106e-01,6.013407579386348401e-01,6.030051368972119130e-01,6.045320038371267968e-01,6.059225454270362743e-01,6.071778191402344982e-01,6.082987492043677724e-01,6.092861292099440718e-01,6.101406286123540745e-01,6.108628016611767908e-01,6.114530970795774012e-01,6.119118674513829292e-01,6.122393776145290678e-01,6.124358115781993739e-01,6.125012776496037148e-01,6.124358115781991518e-01,6.122393776145305111e-01,6.119118674513834844e-01,6.114530970795769571e-01,6.108628016611744593e-01,6.101406286123541856e-01,6.092861292099441828e-01,6.082987492043673283e-01,6.071778191402352753e-01,6.059225454270364963e-01,6.045320038371263527e-01,6.030051368972120240e-01,6.013407579386347290e-01,5.995375647072275216e-01,5.975941650188385523e-01,5.955091151112906767e-01,5.932809648059886865e-01,5.909082849511406721e-01,5.883895992571216427e-01,5.857229745891429085e-01,5.829043790951247139e-01,5.799203352969760639e-01,5.766751742953459825e-01,5.745471905115742128e-01,5.721298748704276571e-01,5.695675460728994999e-01,5.669213219780556701e-01,5.642140276949273447e-01,5.614567561378293048e-01,5.586547541338353629e-01,5.558095625503425286e-01,5.529201757064886591e-01,5.499838979028075503e-01,5.469970708319121799e-01,5.439556955878759315e-01,5.408559332751792237e-01,5.376944693939723630e-01,5.344687417769855564e-01,5.311770468573885351e-01,5.278185488492327382e-01,5.243932198864890148e-01,5.209017375453549592e-01,5.173453615378945658e-01,5.137258056271365447e-01,5.100451153092251388e-01,5.063055572493682099e-01,5.025095230754761388e-01,4.986594478615332116e-01,4.947577422676380232e-01,4.908067366061978354e-01,4.868086348574971467e-01,4.827654766901844363e-01,4.786791057293399709e-01,4.745511425733315303e-01,4.703829613399211906e-01,4.661756687933045207e-01,4.619300853537852136e-01,4.576467275166003490e-01,4.533257914078493989e-01,4.489671373882415106e-01,4.445702757860906518e-01,4.401343540068703430e-01
4.296876543987239727e-01,4.340745767214702067e-01,4.384238184394038673e-01,4.427367828449771947e-01,4.470144435410343120e-01,4.512573637248668001e-01,4.554657177344995089e-01,4.596393143050983010e-01,4.637776212274163368e-01,4.678797913319994728e-01,4.719446899486040015e-01,4.759709242142852181e-01,4.799568748254284256e-01,4.839007310432748010e-01,4.878005299542128581e-01,4.916542011276004431e-01,4.954596178597572842e-01,4.992146560750714834e-01,5.029172615803528812e-01,5.065655256202490353e-01,5.101577674320149081e-01,5.136926206391397853e-01,5.171691178194830485e-01,5.205867645510974251e-01,5.239455910407923023e-01,5.272461667622612147e-01,5.304895623754517509e-01,5.336772447150274212e-01,5.368108957082194932e-01,5.398921546838340024e-01,5.429222939663664871e-01,5.459018458501736504e-01,5.488301978622086574e-01,5.517051501623043697e-01,5.545223560356477011e-01,5.572743538032507438e-01,5.599481482111920982e-01,5.625164250521274001e-01,5.648696205642882440e-01,5.676505851791605606e-01,5.705667602895667656e-01,5.733143719601766497e-01,5.759197118327431530e-01,5.783899730737009914e-01,5.807280912264957129e-01,5.829356499563644878e-01,5.850137204938621327e-01,5.869631417275302798e-01,5.887846176485437288e-01,5.904787510240182558e-01,5.920460555229657418e-01,5.934869618953577675e-01,5.948018237131129649e-01,5.959909242296820286e-01,5.970544844083657265e-01,5.979926716582658619e-01,5.988056087586182130e-01,5.994933827341174526e-01,6.000560527146853174e-01,6.004936569440524341e-01,6.008062188099835277e-01,6.009937515862253665e-01,6.010562618569652571e-01,6.009937515862264767e-01,6.008062188099838608e-01,6.004936569440522121e-01,6.000560527146840961e-01,5.994933827341173416e-01,5.988056087586169918e-01,5.979926716582684154e-01,5.970544844083678360e-01,5.959909242296814735e-01,5.948018237131126318e-01,5.934869618953573234e-01,5.920460555229658528e-01,5.904787510240174786e-01,5.887846176485442840e-01,5.869631417275312790e-01,5.850137204938622437e-01,5.829356499563657090e-01,5.807280912264937145e-01,5.783899730736988820e-01,5.759197118327393783e-01,5.733143719601766497e-01,5.705667602895667656e-01,5.676505851791607826e-01,5.648696205642885770e-01,5.625164250521277332e-01,5.599481482111914321e-01,5.572743538032502997e-01,5.545223560356487003e-01,5.517051501623042586e-01,5.488301978622079913e-01,5.459018458501733173e-01,5.429222939663673753e-01,5.398921546838334473e-01,5.368108957082202704e-01,5.336772447150271992e-01,5.304895623754507517e-01,5.272461667622609927e-01,5.239455910407911921e-01,5.205867645510986463e-01,5.171691178194842697e-01,5.136926206391397853e-01,5.101577674320147970e-01,5.065655256202479251e-01,5.029172615803518820e-01,4.992146560750711504e-01,4.954596178597578393e-01,4.916542011275996105e-01,4.878005299542129136e-01,4.839007310432756337e-01,4.799568748254279260e-01,4.759709242142851071e-01,4.719446899486031688e-01,4.678797913319997503e-01,4.637776212274158927e-01,4.596393143050974128e-01,4.554657177345002306e-01,4.512573637248658009e-01,4.470144435410335348e-01,4.427367828449767506e-01,4.384238184394034787e-01,4.340745767214695960e-01,4.296876543987229735e-01
4.179903601047299522e-01,4.222934446987505752e-01,4.265644937842136830e-01,4.308052839671756007e-01,4.350170652119370596e-01,4.392005930690853766e-01,4.433561633473175334e-01,4.474836482333631738e-01,4.515825332331936393e-01,4.556519546309982238e-01,4.596907374475028840e-01,4.636974341301013380e-01,4.676703644217267697e-01,4.716076570243948884e-01,4.755072937773195396e-01,4.793671570766475654e-01,4.831850811282334957e-01,4.869589072869051072e-01,4.906865431280799661e-01,4.943660239587376326e-01,4.979955741744284681e-01,5.015736642454868832e-01,5.050990573245210946e-01,5.085708378223111614e-01,5.119884132857914771e-01,5.153514811275701213e-01,5.186599537527728510e-01,5.219138396366023169e-01,5.251130835067748803e-01,5.282573746278584892e-01,5.313459358578639380e-01,5.343773040980039912e-01,5.373490995408927162e-01,5.402577454020652814e-01,5.430980071550698396e-01,5.458619330053361418e-01,5.485355586213199741e-01,5.510828182325137048e-01,5.535663598738773672e-01,5.564823894643625701e-01,5.592055385892752417e-01,5.617923388645347238e-01,5.642537131804670203e-01,5.665934513997126221e-01,5.688131501203769202e-01,5.709135385510465399e-01,5.728949442879874843e-01,5.747574833976405451e-01,5.765011469693417379e-01,5.781258450384745284e-01,5.796314319234184831e-01,5.810177230980776431e-01,5.822845079962771786e-01,5.834315606640751994e-01,5.844586490742269547e-01,5.853655434273073999e-01,5.861520235516073374e-01,5.868178854216000717e-01,5.873629467614809307e-01,5.877870519726033915e-01,5.880900761559222367e-01,5.882719278620314185e-01,5.883325513400821105e-01,5.882719278620309744e-01,5.880900761559219037e-01,5.877870519726040577e-01,5.873629467614805977e-01,5.868178854215995166e-01,5.861520235516076704e-01,5.853655434273089542e-01,5.844586490742266216e-01,5.834315606640754215e-01,5.822845079962768455e-01,5.810177230980798635e-01,5.796314319234199264e-01,5.781258450384753056e-01,5.765011469693424040e-01,5.747574833976405451e-01,5.728949442879865961e-01,5.709135385510462068e-01,5.688131501203764762e-01,5.665934513997124000e-01,5.642537131804674644e-01,5.617923388645353899e-01,5.592055385892754638e-01,5.564823894643619040e-01,5.535663598738754798e-01,5.510828182325134827e-01,5.485355586213208623e-01,5.458619330053375851e-01,5.430980071550697286e-01,5.402577454020658365e-01,5.373490995408923832e-01,5.343773040980037692e-01,5.313459358578643821e-01,5.282573746278577120e-01,5.251130835067749913e-01,5.219138396366020949e-01,5.186599537527732950e-01,5.153514811275711205e-01,5.119884132857907000e-01,5.085708378223121606e-01,5.050990573245196513e-01,5.015736642454866612e-01,4.979955741744268582e-01,4.943660239587371330e-01,4.906865431280813539e-01,4.869589072869071056e-01,4.831850811282337732e-01,4.793671570766468437e-01,4.755072937773195396e-01,4.716076570243950550e-01,4.676703644217264366e-01,4.636974341301022817e-01,4.596907374475028285e-01,4.556519546309976687e-01,4.515825332331927511e-01,4.474836482333623411e-01,4.433561633473173114e-01,4.392005930690847659e-01,4.350170652119370041e-01,4.308052839671751566e-01,4.265644937842124063e-01,4.222934446987504087e-01,4.179903601047303963e-01
4.046847340507204183e-01,4.088527890719692581e-01,4.130024374931761111e-01,4.171353626457067754e-01,4.212525740472939373e-01,4.253544701577602338e-01,4.294409008163670438e-01,4.335112280066520940e-01,4.375643841710513682e-01,4.415989277600678165e-01,4.456130960676880637e-01,4.496048556891112935e-01,4.535719511436240858e-01,4.575119523315565040e-01,4.614223015262726713e-01,4.653003605171315837e-01,4.691434582860609104e-01,4.729489391848152313e-01,4.767142109556570806e-01,4.804367911039393868e-01,4.841143491330827109e-01,4.877447411099894437e-01,4.913260321499717809e-01,4.948565019830913903e-01,4.983346291065308686e-01,5.017590503838454952e-01,5.051284953451644633e-01,5.084416975273857719e-01,5.116972881683355956e-01,5.148936791802117829e-01,5.180289408982833299e-01,5.211006732354214188e-01,5.241058518053699489e-01,5.270405895865978296e-01,5.298996396646156182e-01,5.326750449785376818e-01,5.353510611692692267e-01,5.378594165266336047e-01,5.406773131991905457e-01,5.434219812094193136e-01,5.460305151226629850e-01,5.485200824360172422e-01,5.508955272392239699e-01,5.531584958622829395e-01,5.553094416076460593e-01,5.573482869079554591e-01,5.592746925578806483e-01,5.610881831453844448e-01,5.627882120740452798e-01,5.643741986727603965e-01,5.658455514199229874e-01,5.672016837897330133e-01,5.684420259044888901e-01,5.695660336169870996e-01,5.705731958819512117e-01,5.714630408873749845e-01,5.722351412142274718e-01,5.728891181846947900e-01,5.734246454990242770e-01,5.738414522227035519e-01,5.741393251367364892e-01,5.743181105544321596e-01,5.743777159861255255e-01,5.743181105544309384e-01,5.741393251367368222e-01,5.738414522227023307e-01,5.734246454990249431e-01,5.728891181846950120e-01,5.722351412142275828e-01,5.714630408873749845e-01,5.705731958819495464e-01,5.695660336169866556e-01,5.684420259044903334e-01,5.672016837897324582e-01,5.658455514199233205e-01,5.643741986727602855e-01,5.627882120740452798e-01,5.610881831453844448e-01,5.592746925578816475e-01,5.573482869079546820e-01,5.553094416076457263e-01,5.531584958622828285e-01,5.508955272392226377e-01,5.485200824360161320e-01,5.460305151226642062e-01,5.434219812094192026e-01,5.406773131991924330e-01,5.378594165266333826e-01,5.353510611692698928e-01,5.326750449785396802e-01,5.298996396646156182e-01,5.270405895865990509e-01,5.241058518053708370e-01,5.211006732354221960e-01,5.180289408982827748e-01,5.148936791802123381e-01,5.116972881683354846e-01,5.084416975273851058e-01,5.051284953451645743e-01,5.017590503838457172e-01,4.983346291065305356e-01,4.948565019830918343e-01,4.913260321499720029e-01,4.877447411099892216e-01,4.841143491330816007e-01,4.804367911039390537e-01,4.767142109556569141e-01,4.729489391848158975e-01,4.691434582860607438e-01,4.653003605171315837e-01,4.614223015262742256e-01,4.575119523315574477e-01,4.535719511436236973e-01,4.496048556891111270e-01,4.456130960676880637e-01,4.415989277600683716e-01,4.375643841710537552e-01,4.335112280066537593e-01,4.294409008163673769e-01,4.253544701577599008e-01,4.212525740472949365e-01,4.171353626457059982e-01,4.130024374931771103e-01,4.088527890719695357e-01,4.046847340507202517e-01
3.888549943091804684e-01,3.928223672972357416e-01,3.968007062312173261e-01,4.007901857209136276e-01,4.047901262852046655e-01,4.087991295249873702e-01,4.128151994856254503e-01,4.168358500951562795e-01,4.208581993051182524e-01,4.248790510496386341e-01,4.288949664408275853e-01,4.329023257820936998e-01,4.368973830363638844e-01,4.408763143490725955e-01,4.448352620978262006e-01,4.487703757129442028e-01,4.526778501702153346e-01,4.565539625850408845e-01,4.603951067344134174e-01,4.641978246254820362e-01,4.679588334843570174e-01,4.716750458749420227e-01,4.753435802382376951e-01,4.789617591476766356e-01,4.825270931439824551e-01,4.860372491656624883e-01,4.894900041602376906e-01,4.928831860476028948e-01,4.962146051887173503e-01,4.994819790627850753e-01,5.026828498220372587e-01,5.058144866233076353e-01,5.088737464369277319e-01,5.118568194582145958e-01,5.147586314420745657e-01,5.175709973606655856e-01,5.202733590873729330e-01,5.229699604112258982e-01,5.257935345358411006e-01,5.284684053042482121e-01,5.310271444735236157e-01,5.334762545443199055e-01,5.358175588280258417e-01,5.380513305180478767e-01,5.401771980393548223e-01,5.421944916623520072e-01,5.441024001726924020e-01,5.459000503863621345e-01,5.475865513391277029e-01,5.491610208142018168e-01,5.506226023986096063e-01,5.519704771440492319e-01,5.532038719768843649e-01,5.543220660388393783e-01,5.553243956359563693e-01,5.562102581984483818e-01,5.569791154990745286e-01,5.576304962871627691e-01,5.581639984410158295e-01,5.585792907075012304e-01,5.588761140738971456e-01,5.590542827776072698e-01,5.591136848467279652e-01,5.590542827776080470e-01,5.588761140738977007e-01,5.585792907075023406e-01,5.581639984410151634e-01,5.576304962871626580e-01,5.569791154990751947e-01,5.562102581984481597e-01,5.553243956359564804e-01,5.543220660388402665e-01,5.532038719768842538e-01,5.519704771440501201e-01,5.506226023986093843e-01,5.491610208142023719e-01,5.475865513391280359e-01,5.459000503863623566e-01,5.441024001726915138e-01,5.421944916623520072e-01,5.401771980393540451e-01,5.380513305180465444e-01,5.358175588280257307e-01,5.334762545443205717e-01,5.310271444735229496e-01,5.284684053042484342e-01,5.257935345358415447e-01,5.229699604112263422e-01,5.202733590873735992e-01,5.175709973606656966e-01,5.147586314420746767e-01,5.118568194582140407e-01,5.088737464369261776e-01,5.058144866233083015e-01,5.026828498220380359e-01,4.994819790627863521e-01,4.962146051887166842e-01,4.928831860476028948e-01,4.894900041602375240e-01,4.860372491656625438e-01,4.825270931439821220e-01,4.789617591476765801e-01,4.753435802382372510e-01,4.716750458749420227e-01,4.679588334843566844e-01,4.641978246254818141e-01,4.603951067344140835e-01,4.565539625850401073e-01,4.526778501702162782e-01,4.487703757129461457e-01,4.448352620978245353e-01,4.408763143490729286e-01,4.368973830363631072e-01,4.329023257820939219e-01,4.288949664408268636e-01,4.248790510496374684e-01,4.208581993051182524e-01,4.168358500951557244e-01,4.128151994856257279e-01,4.087991295249882584e-01,4.047901262852041104e-01,4.007901857209142382e-01,3.968007062312167710e-01,3.928223672972344649e-01,3.888549943091806349e-01
3.680637819965160151e-01,3.718018542856723063e-01,3.756122554530506585e-01,3.794886915274998662e-01,3.834242148021876906e-01,3.874114821819598098e-01,3.914429530895573994e-01,3.955110380260311587e-01,3.996082075928662491e-01,4.037270704290852885e-01,4.078604272263539054e-01,4.120013068205131135e-01,4.161429893363789434e-01,4.202790204724297651e-01,4.244032202233590234e-01,4.285096886117196191e-01,4.325928102927249497e-01,4.366472591735903186e-01,4.406680034334068408e-01,4.446503105541327883e-01,4.485897512299327206e-01,4.524822004033313694e-01,4.563238333014305592e-01,4.601111143283176941e-01,4.638407770733121160e-01,4.675097944794716631e-01,4.711153392061103173e-01,4.746547350892932893e-01,4.781254008919906262e-01,4.815247865992746124e-01,4.848502992788008559e-01,4.880992075134860664e-01,4.912684932199317678e-01,4.943545604353180023e-01,4.973524886225801911e-01,5.002532779375439276e-01,5.030168330483619776e-01,5.059514911452319685e-01,5.087520395170884724e-01,5.114342476339462928e-01,5.140076302449094747e-01,5.164744032332254653e-01,5.188347948070159976e-01,5.210882799184991532e-01,5.232340071252900016e-01,5.252709805051910541e-01,5.271981483308531002e-01,5.290144506774877575e-01,5.307188469817025744e-01,5.323103330240138709e-01,5.337879519776630444e-01,5.351508019521097337e-01,5.363980413689407589e-01,5.375288929391173198e-01,5.385426466993679107e-01,5.394386623886627818e-01,5.402163713416426871e-01,5.408752780125838378e-01,5.414149611995874301e-01,5.418350749459758253e-01,5.421353491770859456e-01,5.423155909700289046e-01,5.423756844610109207e-01,5.423155909700286825e-01,5.421353491770851685e-01,5.418350749459753812e-01,5.414149611995869860e-01,5.408752780125849480e-01,5.402163713416416879e-01,5.394386623886643362e-01,5.385426466993692429e-01,5.375288929391184300e-01,5.363980413689403148e-01,5.351508019521108439e-01,5.337879519776642656e-01,5.323103330240143150e-01,5.307188469817032406e-01,5.290144506774875355e-01,5.271981483308523231e-01,5.252709805051899439e-01,5.232340071252902236e-01,5.210882799184998193e-01,5.188347948070159976e-01,5.164744032332257984e-01,5.140076302449098078e-01,5.114342476339474031e-01,5.087520395170881393e-01,5.059514911452306363e-01,5.030168330483607564e-01,5.002532779375447047e-01,4.973524886225803021e-01,4.943545604353177803e-01,4.912684932199322674e-01,4.880992075134870656e-01,4.848502992788015220e-01,4.815247865992756116e-01,4.781254008919908483e-01,4.746547350892943995e-01,4.711153392061105949e-01,4.675097944794709970e-01,4.638407770733110613e-01,4.601111143283187488e-01,4.563238333014308923e-01,4.524822004033307032e-01,4.485897512299315548e-01,4.446503105541319556e-01,4.406680034334070628e-01,4.366472591735887088e-01,4.325928102927243390e-01,4.285096886117185089e-01,4.244032202233573581e-01,4.202790204724313750e-01,4.161429893363798871e-01,4.120013068205117257e-01,4.078604272263543495e-01,4.037270704290850110e-01,3.996082075928675814e-01,3.955110380260327130e-01,3.914429530895577325e-01,3.874114821819591437e-01,3.834242148021875796e-01,3.794886915275001993e-01,3.756122554530504365e-01,3.718018542856715292e-01,3.680637819965142388e-01
3.342050699301718497e-01,3.381350409700523696e-01,3.422501425752670912e-01,3.465171363185538533e-01,3.509070079839874956e-01,3.553945057594433132e-01,3.599576652059932602e-01,3.645773596173152997e-01,3.692368929883921846e-01,3.739216411923916294e-01,3.786187409934465564e-01,3.833168237390927602e-01,3.880057895316419980e-01,3.926766175278560977e-01,3.973212082680297463e-01,4.019322542993302161e-01,4.065031356662290873e-01,4.110278370023485173e-01,4.155008829436556139e-01,4.199172884168658193e-01,4.242725201154983194e-01,4.285624652767519582e-01,4.327834038505036784e-01,4.369319804229446769e-01,4.410051728723280995e-01,4.450002556401630449e-01,4.489147565224747560e-01,4.527464067267683578e-01,4.564930841842970710e-01,4.601527491376012913e-01,4.637233676586342002e-01,4.672028099316432037e-01,4.705886859014198897e-01,4.738780011782843249e-01,4.770661616720043852e-01,4.801420235847584372e-01,4.831804595154972626e-01,4.861998331452872524e-01,4.890895238232219056e-01,4.918656091408995512e-01,4.945310079100734835e-01,4.970861296528845674e-01,4.995305415181947595e-01,5.018634650667741504e-01,5.040839715429820123e-01,5.061910724746125911e-01,5.081837667844325557e-01,5.100610674786680843e-01,5.118220178434769174e-01,5.134657018642804216e-01,5.149912512802327091e-01,5.163978505827666599e-01,5.176847407028918324e-01,5.188512218271801313e-01,5.198966556107645909e-01,5.208204669543027299e-01,5.216221454374457833e-01,5.223012463161544883e-01,5.228573916391286991e-01,5.232902717041295615e-01,5.235996448424795613e-01,5.237853380321134678e-01,5.238472473198644286e-01,5.237853380321153551e-01,5.235996448424803384e-01,5.232902717041276741e-01,5.228573916391286991e-01,5.223012463161533780e-01,5.216221454374464495e-01,5.208204669543018417e-01,5.198966556107658121e-01,5.188512218271800203e-01,5.176847407028919434e-01,5.163978505827665488e-01,5.149912512802303777e-01,5.134657018642815318e-01,5.118220178434770284e-01,5.100610674786676402e-01,5.081837667844313344e-01,5.061910724746134793e-01,5.040839715429824563e-01,5.018634650667728181e-01,4.995305415181945374e-01,4.970861296528867324e-01,4.945310079100737055e-01,4.918656091408996622e-01,4.890895238232221276e-01,4.861998331452881961e-01,4.831804595154990944e-01,4.801420235847596030e-01,4.770661616720043852e-01,4.738780011782841584e-01,4.705886859014208889e-01,4.672028099316418159e-01,4.637233676586363651e-01,4.601527491376011803e-01,4.564930841842966269e-01,4.527464067267688574e-01,4.489147565224739789e-01,4.450002556401637666e-01,4.410051728723305420e-01,4.369319804229443993e-01,4.327834038505042891e-01,4.285624652767530129e-01,4.242725201154994852e-01,4.199172884168654307e-01,4.155008829436561690e-01,4.110278370023485173e-01,4.065031356662275885e-01,4.019322542993288283e-01,3.973212082680300794e-01,3.926766175278568194e-01,3.880057895316397776e-01,3.833168237390922606e-01,3.786187409934456682e-01,3.739216411923899641e-01,3.692368929883909079e-01,3.645773596173135234e-01,3.599576652059931492e-01,3.553945057594435353e-01,3.509070079839843315e-01,3.465171363185565179e-01,3.422501425752688120e-01,3.381350409700562554e-01,3.342050699301658545e-01
2.619382188250114485e-01,2.662188300545833552e-01,2.722114021071276868e-01,2.791645733033352728e-01,2.865933831679316479e-01,2.942018669030844191e-01,3.018163373847301267e-01,3.093385187905283162e-01,3.167153765827639411e-01,3.239204963912448165e-01,3.309428315923728658e-01,3.377799798827691991e-01,3.444341963104624038e-01,3.509100485468945596e-01,3.572130562665764009e-01,3.633489207863548343e-01,3.693231091570208235e-01,3.751406508992053968e-01,3.808060613785995696e-01,3.863233389301252152e-01,3.916960025297615555e-01,3.969271486330160914e-01,4.020195130985606546e-01,4.069755288957426220e-01,4.117973736984025801e-01,4.164870040682498997e-01,4.210461749169897572e-01,4.254764442337357622e-01,4.297791633907888098e-01,4.339554521039080681e-01,4.380061528924441561e-01,4.419317484064317347e-01,4.457321909529903814e-01,4.494064667092498855e-01,4.529510097404272351e-01,4.563431368570340929e-01,4.597273528295662826e-01,4.629730259644803669e-01,4.660901740746520305e-01,4.690826645605927214e-01,4.719515541054254415e-01,4.746970730442530706e-01,4.773191019886869890e-01,4.798173437031466593e-01,4.821914012566342889e-01,4.844408197887773992e-01,4.865651117393293701e-01,4.885637736154713195e-01,4.904362979936933709e-01,4.921821826120637566e-01,4.938009375570474591e-01,4.952920911230938028e-01,4.966551946961895170e-01,4.978898268822892770e-01,4.989955969884622977e-01,4.999721477019490878e-01,5.008191583953576220e-01,5.015363474475534877e-01,5.021234732706326698e-01,5.025803361221622412e-01,5.029067793919645979e-01,5.031026905506561508e-01,5.031680018161976964e-01,5.031026905506558178e-01,5.029067793919649310e-01,5.025803361221629073e-01,5.021234732706314485e-01,5.015363474475533767e-01,5.008191583953569559e-01,4.999721477019472560e-01,4.989955969884636855e-01,4.978898268822906648e-01,4.966551946961901831e-01,4.952920911230949130e-01,4.938009375570470150e-01,4.921821826120647003e-01,4.904362979936930378e-01,4.885637736154719302e-01,4.865651117393302583e-01,4.844408197887776768e-01,4.821914012566335117e-01,4.798173437031481026e-01,4.773191019886873221e-01,4.746970730442527930e-01,4.719515541054267183e-01,4.690826645605901679e-01,4.660901740746524191e-01,4.629730259644793677e-01,4.597273528295651168e-01,4.563431368570347590e-01,4.529510097404262359e-01,4.494064667092478871e-01,4.457321909529896597e-01,4.419317484064322343e-01,4.380061528924448222e-01,4.339554521039073465e-01,4.297791633907886988e-01,4.254764442337344854e-01,4.210461749169893686e-01,4.164870040682518981e-01,4.117973736984037458e-01,4.069755288957443429e-01,4.020195130985624865e-01,3.969271486330164800e-01,3.916960025297621661e-01,3.863233389301260479e-01,3.808060613786005688e-01,3.751406508992057298e-01,3.693231091570196578e-01,3.633489207863524473e-01,3.572130562665769005e-01,3.509100485468982233e-01,3.444341963104646798e-01,3.377799798827709754e-01,3.309428315923734765e-01,3.239204963912435953e-01,3.167153765827622203e-01,3.093385187905330347e-01,3.018163373847261854e-01,2.942018669030828648e-01,2.865933831679339239e-01,2.791645733033325527e-01,2.722114021071321832e-01,2.662188300545889064e-01,2.619382188250110044e-01
3.485691595398605624e-01,3.286854470656031535e-01,3.002303498733120968e-01,2.673106610253421778e-01,2.372562377865521654e-01,2.166297011189409205e-01,2.076466771936276712e-01,2.084850897697728411e-01,2.158225305102887959e-01,2.267113281266748825e-01,2.391495189148444556e-01,2.519638663586709071e-01,2.645355362446438763e-01,2.765727287411532953e-01,2.879628378098914032e-01,2.986858990266877401e-01,3.087666447106499623e-01,3.182488932866998632e-01,3.271823278957806114e-01,3.356159846299755500e-01,3.435953077159982216e-01,3.511610595759549480e-01,3.583491615163100774e-01,3.651909704434472270e-01,3.717137305905052203e-01,3.779410660916828202e-01,3.838934488431666736e-01,3.895886125486846541e-01,3.950419020199771869e-01,4.002665535114501294e-01,4.052738987570670970e-01,4.100734662436504308e-01,4.146728852153360179e-01,4.190771953465411981e-01,4.232847366940190592e-01,4.272822448616070412e-01,4.311736939474778429e-01,4.349018824868994271e-01,4.384697364514834050e-01,4.418800564993602964e-01,4.451353137682962369e-01,4.482376453290308760e-01,4.511888821133396288e-01,4.539905831263452707e-01,4.566440690967221161e-01,4.591504535085923489e-01,4.615106704848825347e-01,4.637254995393680357e-01,4.657955874136007202e-01,4.677214672767726067e-01,4.695035755708654723e-01,4.711422667589437174e-01,4.726378261108086232e-01,4.739904805300326207e-01,4.752004098093060014e-01,4.762677542250101648e-01,4.771926213665493854e-01,4.779750926492276619e-01,4.786152285547910501e-01,4.791130729214671535e-01,4.794686563741563656e-01,4.796819989452383859e-01,4.797531119219736739e-01,4.796819989452378863e-01,4.794686563741568097e-01,4.791130729214690964e-01,4.786152285547914942e-01,4.779750926492277174e-01,4.771926213665483307e-01,4.762677542250093876e-01,4.752004098093042805e-01,4.739904805300321211e-01,4.726378261108081791e-01,4.711422667589449942e-01,4.695035755708639735e-01,4.677214672767718295e-01,4.657955874136002206e-01,4.637254995393689794e-01,4.615106704848819241e-01,4.591504535085908500e-01,4.566440690967233929e-01,4.539905831263446045e-01,4.511888821133392957e-01,4.482376453290309315e-01,4.451353137682960148e-01,4.418800564993605184e-01,4.384697364514826834e-01,4.349018824868981503e-01,4.311736939474751229e-01,4.272822448616074853e-01,4.232847366940187261e-01,4.190771953465415867e-01,4.146728852153368505e-01,4.100734662436526512e-01,4.052738987570690399e-01,4.002665535114491857e-01,3.950419020199790743e-01,3.895886125486871521e-01,3.838934488431672287e-01,3.779410660916807663e-01,3.717137305905048872e-01,3.651909704434473380e-01,3.583491615163089117e-01,3.511610595759545039e-01,3.435953077159993319e-01,3.356159846299751615e-01,3.271823278957797787e-01,3.182488932867051368e-01,3.087666447106531820e-01,2.986858990266859082e-01,2.879628378098843533e-01,2.765727287411466340e-01,2.645355362446458192e-01,2.519638663586815097e-01,2.391495189148451217e-01,2.267113281266818769e-01,2.158225305102829117e-01,2.084850897697760885e-01,2.076466771936280598e-01,2.166297011189448618e-01,2.372562377865601313e-01,2.673106610253372928e-01,3.002303498733243647e-01,3.286854470656087046e-01,3.485691595398551779e-01
3.802668626980199584e-01,3.868530826160863634e-01,3.921565258690857814e-01,3.952697432598510918e-01,3.948361796548937042e-01,3.889394841915054801e-01,3.751720724695306597e-01,3.512226632786695779e-01,3.163872984858079884e-01,2.737220312986710091e-01,2.308043975352171151e-01,1.967152900541459526e-01,1.769766366306929906e-01,1.714982881856659536e-01,1.766595116936212073e-01,1.882480294610695548e-01,2.029960692607296058e-01,2.188259117952448540e-01,2.345746909460952878e-01,2.496607730526083091e-01,2.638361080126304659e-01,2.770313277151239539e-01,2.892666019982753633e-01,3.006027918063863269e-01,3.111156719028228546e-01,3.208828823485478932e-01,3.299777328735830628e-01,3.384666116556498405e-01,3.464082277690143652e-01,3.538537256786145613e-01,3.608471356591430035e-01,3.674258045091350899e-01,3.736203486533453133e-01,3.794524210228992778e-01,3.849023676853448039e-01,3.899857981153208031e-01,3.949055242528514698e-01,3.995757760571881367e-01,4.040035768332497779e-01,4.081984546394525348e-01,4.121696080827041975e-01,4.159253759630610059e-01,4.194731618477507973e-01,4.228194822971877986e-01,4.259700497838324051e-01,4.289298613271998462e-01,4.317032826567921422e-01,4.342941244943099299e-01,4.367057101937063535e-01,4.389409350198972826e-01,4.410023175221486902e-01,4.428920441104199357e-01,4.446120097889110778e-01,4.461638495751956146e-01,4.475489673329947071e-01,4.487685605974524594e-01,4.498236414658963178e-01,4.507150541879914041e-01,4.514434898068155899e-01,4.520094981248126143e-01,4.524134972140693156e-01,4.526557806428753161e-01,4.527365225480367572e-01,4.526557806428750941e-01,4.524134972140697597e-01,4.520094981248145571e-01,4.514434898068135360e-01,4.507150541879921812e-01,4.498236414658983717e-01,4.487685605974515157e-01,4.475489673329950957e-01,4.461638495751960587e-01,4.446120097889110778e-01,4.428920441104196581e-01,4.410023175221485792e-01,4.389409350198980597e-01,4.367057101937059094e-01,4.342941244943129275e-01,4.317032826567919201e-01,4.289298613272010119e-01,4.259700497838316280e-01,4.228194822971825251e-01,4.194731618477497981e-01,4.159253759630611169e-01,4.121696080827043085e-01,4.081984546394534230e-01,4.040035768332521648e-01,3.995757760571871375e-01,3.949055242528519138e-01,3.899857981153233011e-01,3.849023676853466913e-01,3.794524210228975014e-01,3.736203486533415941e-01,3.674258045091349789e-01,3.608471356591421708e-01,3.538537256786103979e-01,3.464082277690190281e-01,3.384666116556541704e-01,3.299777328735814530e-01,3.208828823485508908e-01,3.111156719028290718e-01,3.006027918063871596e-01,2.892666019982761960e-01,2.770313277151238429e-01,2.638361080126184754e-01,2.496607730526004820e-01,2.345746909460934559e-01,2.188259117952534305e-01,2.029960692607232220e-01,1.882480294610772986e-01,1.766595116936153231e-01,1.714982881856664809e-01,1.769766366306964323e-01,1.967152900541530580e-01,2.308043975352181421e-01,2.737220312986695658e-01,3.163872984858096538e-01,3.512226632786852321e-01,3.751720724695278286e-01,3.889394841915031487e-01,3.948361796548921498e-01,3.952697432598505367e-01,3.921565258690861144e-01,3.868530826160853087e-01,3.802668626980199584e-01
3.665403995324993947e-01,3.743839397900723953e-01,3.823140259554691500e-01,3.902178242210833647e-01,3.979302134123132717e-01,4.052049514732435909e-01,4.116711770615619770e-01,4.167691226695673934e-01,4.196593306605946871e-01,4.191066375883105710e-01,4.133655647196295413e-01,4.001602521773328092e-01,3.769818776608420685e-01,3.420638830893993343e-01,2.962179612689743724e-01,2.446619047482554155e-01,1.965245781331541042e-01,1.607774323728654031e-01,1.416688665922268830e-01,1.378921584975159875e-01,1.451597105354329176e-01,1.589689236195880595e-01,1.759109492211992365e-01,1.938209214567870320e-01,2.114798822105943554e-01,2.282752453783999103e-01,2.439475816506895545e-01,2.584295049394873534e-01,2.717510284572093870e-01,2.839865168962040221e-01,2.952258323060900080e-01,3.055586392230816850e-01,3.150640867174221427e-01,3.237907589116037488e-01,3.315308214233256834e-01,3.390057830666881045e-01,3.460048839089656103e-01,3.525388749991885118e-01,3.586392465867177526e-01,3.643372838465915309e-01,3.696612984413466529e-01,3.746362643090663802e-01,3.792840088920300667e-01,3.836235419716634287e-01,3.876713995908616650e-01,3.914419637309146105e-01,3.949477462969944730e-01,3.981996361492364245e-01,4.012071112574873144e-01,4.039784213798340295e-01,4.065207452614974515e-01,4.088403202529409253e-01,4.109425556678269476e-01,4.128321286268115675e-01,4.145130651012312040e-01,4.159888083511522061e-01,4.172622764404949058e-01,4.183359102111055550e-01,4.192117128484087463e-01,4.198912819573339394e-01,4.203758348815407886e-01,4.206662278366393171e-01,4.207629692834785051e-01,4.206662278366403163e-01,4.203758348815391788e-01,4.198912819573315525e-01,4.192117128484086352e-01,4.183359102111055550e-01,4.172622764404976259e-01,4.159888083511518730e-01,4.145130651012300937e-01,4.128321286268125667e-01,4.109425556678213964e-01,4.088403202529423131e-01,4.065207452614969519e-01,4.039784213798320867e-01,4.012071112574888687e-01,3.981996361492358139e-01,3.949477462969921970e-01,3.914419637309131117e-01,3.876713995908656063e-01,3.836235419716649275e-01,3.792840088920331199e-01,3.746362643090678235e-01,3.696612984413493730e-01,3.643372838465958607e-01,3.586392465867177526e-01,3.525388749991912318e-01,3.460048839089727712e-01,3.390057830666917127e-01,3.315308214233213535e-01,3.237907589116023610e-01,3.150640867174130944e-01,3.055586392230849602e-01,2.952258323060882872e-01,2.839865168961989705e-01,2.717510284572050017e-01,2.584295049394859101e-01,2.439475816506922468e-01,2.282752453783899460e-01,2.114798822106027099e-01,1.938209214567793992e-01,1.759109492211979875e-01,1.589689236196012434e-01,1.451597105354362205e-01,1.378921584975161541e-01,1.416688665922245516e-01,1.607774323728609622e-01,1.965245781331507180e-01,2.446619047482407050e-01,2.962179612689808117e-01,3.420638830894003335e-01,3.769818776608429567e-01,4.001602521773293120e-01,4.133655647196253224e-01,4.191066375883110151e-01,4.196593306605960749e-01,4.167691226695673379e-01,4.116711770615618105e-01,4.052049514732443680e-01,3.979302134123130497e-01,3.902178242210865289e-01,3.823140259554710374e-01,3.743839397900713961e-01,3.665403995325000053e-01
3.522381662217168308e-01,3.594694429166030991e-01,3.669351817939285332e-01,3.746029808093165880e-01,3.824343815583924888e-01,3.903806552647511863e-01,3.983766277595582328e-01,4.063315736875704465e-01,4.141157139860870973e-01,4.215401325540227284e-01,4.283269503335738193e-01,4.340654408029713252e-01,4.381489248944659409e-01,4.396883451584711056e-01,4.374056996379637741e-01,4.295338932179533775e-01,4.138068378973749351e-01,3.877308827675385317e-01,3.494435313866615656e-01,2.993508397052189185e-01,2.419458459983018783e-01,1.859206959954798344e-01,1.409789574949202318e-01,1.131559136970956697e-01,1.027621545290697408e-01,1.060813047045055663e-01,1.182731528463917547e-01,1.352318089678209712e-01,1.541263757802924794e-01,1.732434129496517594e-01,1.916468088688214610e-01,2.088762376228175954e-01,2.247233915896121315e-01,2.388886520315469109e-01,2.516734324168025116e-01,2.639224180154276511e-01,2.751554474887329405e-01,2.854462963821559063e-01,2.948805898245766000e-01,3.035394974966268977e-01,3.114961419321382041e-01,3.188150184070869808e-01,3.255524213362941954e-01,3.317572204594902985e-01,3.374717235054258135e-01,3.427325123690307951e-01,3.475712055080849572e-01,3.520151350425941295e-01,3.560879331712372697e-01,3.598100323124757138e-01,3.631990952452038846e-01,3.662703791421731414e-01,3.690370432805504253e-01,3.715104085182579507e-01,3.737001754704277756e-01,3.756146073044169253e-01,3.772606821347913031e-01,3.786442191603363594e-01,3.797699819470350402e-01,3.806417616182469765e-01,3.812624421525884211e-01,3.816340494994788224e-01,3.817577857864790092e-01,3.816340494994777122e-01,3.812624421525901974e-01,3.806417616182461994e-01,3.797699819470361504e-01,3.786442191603340834e-01,3.772606821347914141e-01,3.756146073044072109e-01,3.737001754704284417e-01,3.715104085182593385e-01,3.690370432805494261e-01,3.662703791421720312e-01,3.631990952452040511e-01,3.598100323124816535e-01,3.560879331712362705e-01,3.520151350425939074e-01,3.475712055080857343e-01,3.427325123690353470e-01,3.374717235054236486e-01,3.317572204594911311e-01,3.255524213362951946e-01,3.188150184070869808e-01,3.114961419321386482e-01,3.035394974966239001e-01,2.948805898245733248e-01,2.854462963821573496e-01,2.751554474887313861e-01,2.639224180154330912e-01,2.516734324168151682e-01,2.388886520315416928e-01,2.247233915896195144e-01,2.088762376228224249e-01,1.916468088688161597e-01,1.732434129496506492e-01,1.541263757802940060e-01,1.352318089678087865e-01,1.182731528463866338e-01,1.060813047045010282e-01,1.027621545290698796e-01,1.131559136970900631e-01,1.409789574949124324e-01,1.859206959954902982e-01,2.419458459982962995e-01,2.993508397052085934e-01,3.494435313866466886e-01,3.877308827675441383e-01,4.138068378973728256e-01,4.295338932179508795e-01,4.374056996379600548e-01,4.396883451584708280e-01,4.381489248944661075e-01,4.340654408029717692e-01,4.283269503335748185e-01,4.215401325540230615e-01,4.141157139860871528e-01,4.063315736875706685e-01,3.983766277595581773e-01,3.903806552647517969e-01,3.824343815583937101e-01,3.746029808093151448e-01,3.669351817939285332e-01,3.594694429166025440e-01,3.522381662217164422e-01
3.396226982831764274e-01,3.461085974626135209e-01,3.528676727748325526e-01,3.598765733257786592e-01,3.671129281746647322e-01,3.745545266419300079e-01,3.821781497831568397e-01,3.899579170951401053e-01,3.978629398812067453e-01,4.058539656952348529e-01,4.138785396741790912e-01,4.218639733347129828e-01,4.297070649596249625e-01,4.372590149860892117e-01,4.443032847198719604e-01,4.505232612677073090e-01,4.554556831297787434e-01,4.584254868603085398e-01,4.584598775938542037e-01,4.541884601492339746e-01,4.437614746626597495e-01,4.248742021181967643e-01,3.950802190606948483e-01,3.526580177369534885e-01,2.981516568228164132e-01,2.359990974215077919e-01,1.746157033984185591e-01,1.235865828304830438e-01,8.939290933058613442e-02,7.316750492932103112e-02,7.182543568905318254e-02,8.065344790183290313e-02,9.513475982062168101e-02,1.112822857567196955e-01,1.305984835047556414e-01,1.496075695078531720e-01,1.676571295876386203e-01,1.844621623580416092e-01,1.999341880967853424e-01,2.140896048724588163e-01,2.269968466323788181e-01,2.387465166959337470e-01,2.494350341043924113e-01,2.591560883133601778e-01,2.679965247292737107e-01,2.760346983639030971e-01,2.833401470394021349e-01,2.899739438915330814e-01,2.959893678294883701e-01,3.014326853006489282e-01,3.063439375555261912e-01,3.107576794805519405e-01,3.147036458860363317e-01,3.182073375191999953e-01,3.212905276729533521e-01,3.239716944254231179e-01,3.262663852179966684e-01,3.281875207875125655e-01,3.297456450592004540e-01,3.309491268476715820e-01,3.318043183065530477e-01,3.323156741207902165e-01,3.324858344994273129e-01,3.323156741207916043e-01,3.318043183065523816e-01,3.309491268476677517e-01,3.297456450592025634e-01,3.281875207875112332e-01,3.262663852179996105e-01,3.239716944254273367e-01,3.212905276729483561e-01,3.182073375191979414e-01,3.147036458860357211e-01,3.107576794805530507e-01,3.063439375555303545e-01,3.014326853006469298e-01,2.959893678294867603e-01,2.899739438915361900e-01,2.833401470394015242e-01,2.760346983639107576e-01,2.679965247292690478e-01,2.591560883133637860e-01,2.494350341043926611e-01,2.387465166959335250e-01,2.269968466323785683e-01,2.140896048724496847e-01,1.999341880967873408e-01,1.844621623580547931e-01,1.676571295876319867e-01,1.496075695078488976e-01,1.305984835047587223e-01,1.112822857567081908e-01,9.513475982062326308e-02,8.065344790184086898e-02,7.182543568905165599e-02,7.316750492932241889e-02,8.939290933058142985e-02,1.235865828304762715e-01,1.746157033984044871e-01,2.359990974215158688e-01,2.981516568228180231e-01,3.526580177369295077e-01,3.950802190606941822e-01,4.248742021181992068e-01,4.437614746626647455e-01,4.541884601492373053e-01,4.584598775938530935e-01,4.584254868603097055e-01,4.554556831297778552e-01,4.505232612677079196e-01,4.443032847198727930e-01,4.372590149860890452e-01,4.297070649596273495e-01,4.218639733347130938e-01,4.138785396741802014e-01,4.058539656952352415e-01,3.978629398812073004e-01,3.899579170951395501e-01,3.821781497831553409e-01,3.745545266419312291e-01,3.671129281746636774e-01,3.598765733257774935e-01,3.528676727748332187e-01,3.461085974626116335e-01,3.396226982831759278e-01
3.287124425950466722e-01,3.344317195702703471e-01,3.404565761657696865e-01,3.467623836248697189e-01,3.533267943078540752e-01,3.601296336284236510e-01,3.671526829211158582e-01,3.743793393056820129e-01,3.817941236704356367e-01,3.893819877542842867e-01,3.971273435788021944e-01,4.050126995319081602e-01,4.130167317515215375e-01,4.211115389051581226e-01,4.292587109132140477e-01,4.374036701715242614e-01,4.454674932630306450e-01,4.533350613079372149e-01,4.608378859655273274e-01,4.677293022283779966e-01,4.736489710576667345e-01,4.780730791394336432e-01,4.802471049922841240e-01,4.791016518985368733e-01,4.731632261770075121e-01,4.604993032884192039e-01,4.387907339790222960e-01,4.057009584116025858e-01,3.597466874624992150e-01,3.016830043419466700e-01,2.357890276591379508e-01,1.696752957005349116e-01,1.109819120446285529e-01,7.052716947724106678e-02,4.803660320713538240e-02,4.079060847379253202e-02,4.484601770213499095e-02,5.617133628066992013e-02,7.154558954732175013e-02,8.872557566331230883e-02,1.062868349519287270e-01,1.233908029567539200e-01,1.395830224341789438e-01,1.546468791131184739e-01,1.685065227090923323e-01,1.811656321395143932e-01,1.926700452602546076e-01,2.030855343862023044e-01,2.124849277528209346e-01,2.209408900337647697e-01,2.285220779762170973e-01,2.352912772964151633e-01,2.413046783368930359e-01,2.466117850970729330e-01,2.512556568561192250e-01,2.552733052157876159e-01,2.586961437607438463e-01,2.615504320394867466e-01,2.638576819722351363e-01,2.656350102261222923e-01,2.668954288877384839e-01,2.676480715380609721e-01,2.678983541970452187e-01,2.676480715380532560e-01,2.668954288877462555e-01,2.656350102261252899e-01,2.638576819722439071e-01,2.615504320394866355e-01,2.586961437607399050e-01,2.552733052157830640e-01,2.512556568561218895e-01,2.466117850970704906e-01,2.413046783368827941e-01,2.352912772964176613e-01,2.285220779762195398e-01,2.209408900337651027e-01,2.124849277528204072e-01,2.030855343862077167e-01,1.926700452602506941e-01,1.811656321395199720e-01,1.685065227090933593e-01,1.546468791131212495e-01,1.395830224341880477e-01,1.233908029567542808e-01,1.062868349519267147e-01,8.872557566330013801e-02,7.154558954733057641e-02,5.617133628066501433e-02,4.484601770213805100e-02,4.079060847379292754e-02,4.803660320714020493e-02,7.052716947722757757e-02,1.109819120446394330e-01,1.696752957005430718e-01,2.357890276591243506e-01,3.016830043419312379e-01,3.597466874624878352e-01,4.057009584116032519e-01,4.387907339790124150e-01,4.604993032884118764e-01,4.731632261770124526e-01,4.791016518985359296e-01,4.802471049922833468e-01,4.780730791394326995e-01,4.736489710576662349e-01,4.677293022283789403e-01,4.608378859655275495e-01,4.533350613079384361e-01,4.454674932630314776e-01,4.374036701715244280e-01,4.292587109132137702e-01,4.211115389051596214e-01,4.130167317515228698e-01,4.050126995319082157e-01,3.971273435788023054e-01,3.893819877542837316e-01,3.817941236704340824e-01,3.743793393056832342e-01,3.671526829211167464e-01,3.601296336284236510e-01,3.533267943078537421e-01,3.467623836248700520e-01,3.404565761657692979e-01,3.344317195702697920e-01,3.287124425950461171e-01
3.194627376392583096e-01,3.243790956670421499e-01,3.296381484882649482e-01,3.352127915279606851e-01,3.410781546274579967e-01,3.472117537599896941e-01,3.535935599094777171e-01,3.602059941093105899e-01,3.670338526372294852e-01,3.740641603060015918e-01,3.812859424591951152e-01,3.886898972108634442e-01,3.962679378544826658e-01,4.040125599367725417e-01,4.119159663077848199e-01,4.199688536378133885e-01,4.281587212161479528e-01,4.364675012207545612e-01,4.448682203918402633e-01,4.533202740682208964e-01,4.617627086781534440e-01,4.701046480100778968e-01,4.782116413585918435e-01,4.858862480879093670e-01,4.928406345790791732e-01,4.986584915232958326e-01,5.027436022933315929e-01,5.042539171981748058e-01,5.020251301162380608e-01,4.945001953624409974e-01,4.797047765444266698e-01,4.553298841299841526e-01,4.188760853139037454e-01,3.708032370115585397e-01,3.117364395177932290e-01,2.457057338770075317e-01,1.794488324267417001e-01,1.204664790959518866e-01,7.444058636087538816e-02,4.365573870694924169e-02,2.720171280472864772e-02,2.230012187328947459e-02,2.567407481759745660e-02,3.439381382031549139e-02,4.619414547908932966e-02,5.947550584591958234e-02,7.317807774430805379e-02,8.663526248314015743e-02,9.944925345116219229e-02,1.113983220578510375e-01,1.223723329495879641e-01,1.323296711875271703e-01,1.412692020943661919e-01,1.492123439701625309e-01,1.561917733619999082e-01,1.622444099855334665e-01,1.674071304952972905e-01,1.717142038066786502e-01,1.751957993172390260e-01,1.778771526596124308e-01,1.797781243390244865e-01,1.809129839233005743e-01,1.812903157255918996e-01,1.809129839232969106e-01,1.797781243390322581e-01,1.778771526596172048e-01,1.751957993172323647e-01,1.717142038066798437e-01,1.674071304952883532e-01,1.622444099855365751e-01,1.561917733620037108e-01,1.492123439701585619e-01,1.412692020943695503e-01,1.323296711875258658e-01,1.223723329495901430e-01,1.113983220578562555e-01,9.944925345116924220e-02,8.663526248314341871e-02,7.317807774431431267e-02,5.947550584592162237e-02,4.619414547909710123e-02,3.439381382031546364e-02,2.567407481759413981e-02,2.230012187329049461e-02,2.720171280472938324e-02,4.365573870694736819e-02,7.444058636088199399e-02,1.204664790959403264e-01,1.794488324267121959e-01,2.457057338769928490e-01,3.117364395177911751e-01,3.708032370115527110e-01,4.188760853138959739e-01,4.553298841299865396e-01,4.797047765444280576e-01,4.945001953624471036e-01,5.020251301162368396e-01,5.042539171981758050e-01,5.027436022933297055e-01,4.986584915232954995e-01,4.928406345790792842e-01,4.858862480879072021e-01,4.782116413585938419e-01,4.701046480100791736e-01,4.617627086781531665e-01,4.533202740682217846e-01,4.448682203918414291e-01,4.364675012207548388e-01,4.281587212161492850e-01,4.199688536378141657e-01,4.119159663077847644e-01,4.040125599367726528e-01,3.962679378544832764e-01,3.886898972108646655e-01,3.812859424591958368e-01,3.740641603060015918e-01,3.670338526372290411e-01,3.602059941093103124e-01,3.535935599094773840e-01,3.472117537599897497e-01,3.410781546274581633e-01,3.352127915279606851e-01,3.296381484882650592e-01,3.243790956670418169e-01,3.194627376392572549e-01
3.119226035500377581e-01,3.159872186275339834e-01,3.204344411419651206e-01,3.252356242777383888e-01,3.303637801476639879e-01,3.357939073479727088e-01,3.415032243046010052e-01,3.474713217228143081e-01,3.536802455757977470e-01,3.601145195863426629e-01,3.667611132443523436e-01,3.736093581279699150e-01,3.806508115987047303e-01,3.878790626202979763e-01,3.952894691418067930e-01,4.028788096251698092e-01,4.106448220793026405e-01,4.185855912586907701e-01,4.266987269302173202e-01,4.349802511327799937e-01,4.434230771154443196e-01,4.520149129070457072e-01,4.607353523762210967e-01,4.695518181878472475e-01,4.784138836313943655e-01,4.872453102587064877e-01,4.959328783280309572e-01,5.043107316687240882e-01,5.121384409030884655e-01,5.190699648334833327e-01,5.246063448350627434e-01,5.279502798021888932e-01,5.277516069218901595e-01,5.241044892642503505e-01,5.150179270457663216e-01,4.987809487157944810e-01,4.736658559263696722e-01,4.383012033517928452e-01,3.922742024207515610e-01,3.368051943527013981e-01,2.751320317681031913e-01,2.121773759603293175e-01,1.533952947375668008e-01,1.032856052522728718e-01,6.436002927846104504e-02,3.699539340162576878e-02,1.999386908343371225e-02,1.136841966072825102e-02,8.982702501260328778e-03,1.092284564659469145e-02,1.564292148066313143e-02,2.197376902657943720e-02,2.906983424442006678e-02,3.633902867350125715e-02,4.337705796596800362e-02,4.991377355422459139e-02,5.577237220812855667e-02,6.083965224717660658e-02,6.504491483191204848e-02,6.834529717799860127e-02,7.071577426584065018e-02,7.214252872613555190e-02,7.261878559394828458e-02,7.214252872613702294e-02,7.071577426584388371e-02,6.834529717800350013e-02,6.504491483191125745e-02,6.083965224717984011e-02,5.577237220813842378e-02,4.991377355421790230e-02,4.337705796597480373e-02,3.633902867349890486e-02,2.906983424442309907e-02,2.197376902658816980e-02,1.564292148065811461e-02,1.092284564659647822e-02,8.982702501262113809e-03,1.136841966072901604e-02,1.999386908342600314e-02,3.699539340162372875e-02,6.436002927849100719e-02,1.032856052522748563e-01,1.533952947375755160e-01,2.121773759603271803e-01,2.751320317681084648e-01,3.368051943527514136e-01,3.922742024207297451e-01,4.383012033517920125e-01,4.736658559263787205e-01,4.987809487157917610e-01,5.150179270457679870e-01,5.241044892642491293e-01,5.277516069218958217e-01,5.279502798021918908e-01,5.246063448350625213e-01,5.190699648334835548e-01,5.121384409030882434e-01,5.043107316687229780e-01,4.959328783280307351e-01,4.872453102587067097e-01,4.784138836313945875e-01,4.695518181878469699e-01,4.607353523762202085e-01,4.520149129070459848e-01,4.434230771154447082e-01,4.349802511327797716e-01,4.266987269302173202e-01,4.185855912586905481e-01,4.106448220793023074e-01,4.028788096251703088e-01,3.952894691418062378e-01,3.878790626202970881e-01,3.806508115987057850e-01,3.736093581279707476e-01,3.667611132443513999e-01,3.601145195863433845e-01,3.536802455757975250e-01,3.474713217228143636e-01,3.415032243046024485e-01,3.357939073479717096e-01,3.303637801476645430e-01,3.252356242777380002e-01,3.204344411419647876e-01,3.159872186275324846e-01,3.119226035500369809e-01
3.061365046447192539e-01,3.092977456977318296e-01,3.128804855499991988e-01,3.168561972450513742e-01,3.211971264167565732e-01,3.258767755895162765e-01,3.308702823867343268e-01,3.361547032914676270e-01,3.417092149266936496e-01,3.475152443209501563e-01,3.535565385560411888e-01,3.598191827459909509e-01,3.662915735829381791e-01,3.729643537405585296e-01,3.798303102085893723e-01,3.868842370327142954e-01,3.941227597737465560e-01,4.015441150258323710e-01,4.091478732018956621e-01,4.169345860354428668e-01,4.249053312034033469e-01,4.330611141952625531e-01,4.414020706174970332e-01,4.499263882880205623e-01,4.586288339179178108e-01,4.674987165028550717e-01,4.765170316914903448e-01,4.856523591233711801e-01,4.948546428994855528e-01,5.040442935950008030e-01,5.130816445245237611e-01,5.213845549954119196e-01,5.296547841515547583e-01,5.372765216412100919e-01,5.438264773082781556e-01,5.488012131491134538e-01,5.515558647650354862e-01,5.512784083542644487e-01,5.469839372626903451e-01,5.375444506976898573e-01,5.217780114787629042e-01,4.986211659075170943e-01,4.673916132213422059e-01,4.281052978566749490e-01,3.817492233069507135e-01,3.303650393426116327e-01,2.768274263848392591e-01,2.243306206667795843e-01,1.757589205458254811e-01,1.331864643333758591e-01,9.766858646767781482e-02,6.932543255468412435e-02,4.760095168939098426e-02,3.156067154270068148e-02,2.013846250375053021e-02,1.230072065091267035e-02,7.134745932951910667e-03,3.883033680363501793e-03,1.945478107249103313e-03,8.660286066369403575e-04,3.143200893326525891e-04,6.818444415890106101e-05,0.000000000000000000e+00,6.818444415997817522e-05,3.143200893329360537e-04,8.660286066376206944e-04,1.945478107250605583e-03,3.883033680362821347e-03,7.134745932951485660e-03,1.230072065091349261e-02,2.013846250374826119e-02,3.156067154271011838e-02,4.760095168936643445e-02,6.932543255466139254e-02,9.766858646766750363e-02,1.331864643333604548e-01,1.757589205458237880e-01,2.243306206667716463e-01,2.768274263848570227e-01,3.303650393425702769e-01,3.817492233069701424e-01,4.281052978566757261e-01,4.673916132213415953e-01,4.986211659075253655e-01,5.217780114787682333e-01,5.375444506976873038e-01,5.469839372626879026e-01,5.512784083542651148e-01,5.515558647650344870e-01,5.488012131491128986e-01,5.438264773082763792e-01,5.372765216412098699e-01,5.296547841515548694e-01,5.213845549954126968e-01,5.130816445245240942e-01,5.040442935949989156e-01,4.948546428994886059e-01,4.856523591233707360e-01,4.765170316914910109e-01,4.674987165028550717e-01,4.586288339179152573e-01,4.499263882880198961e-01,4.414020706174964781e-01,4.330611141952637744e-01,4.249053312034035690e-01,4.169345860354431998e-01,4.091478732018961617e-01,4.015441150258324821e-01,3.941227597737470556e-01,3.868842370327154612e-01,3.798303102085899829e-01,3.729643537405595843e-01,3.662915735829389563e-01,3.598191827459910064e-01,3.535565385560404117e-01,3.475152443209497677e-01,3.417092149266928724e-01,3.361547032914679045e-01,3.308702823867336607e-01,3.258767755895171647e-01,3.211971264167553519e-01,3.168561972450514297e-01,3.128804855499989213e-01,3.092977456977325512e-01,3.061365046447178662e-01
3.021582911213255840e-01,3.043746008000599579e-01,3.070461146881252046e-01,3.101463648998935008e-01,3.136485740431818048e-01,3.175262748851562788e-01,3.217538225010719843e-01,3.263068053825057824e-01,3.311623643553246454e-01,3.362994294468893419e-01,3.416988852773172880e-01,3.473436753388075560e-01,3.532188548381444693e-01,3.593116007326421224e-01,3.656111862651212907e-01,3.721089257333779488e-01,3.787980934103826192e-01,3.856738184226615740e-01,3.927329549136160391e-01,3.999739238262089991e-01,4.073965189051330094e-01,4.150016646524829489e-01,4.227911072758422373e-01,4.307670097885911709e-01,4.389314064316902075e-01,4.472854422872991620e-01,4.558282607496608740e-01,4.645552334007338469e-01,4.734546392888842603e-01,4.824988128048163238e-01,4.915817091116840842e-01,5.006137578812914768e-01,5.100046477236781506e-01,5.194147664054604707e-01,5.287435518589261862e-01,5.378655572030417442e-01,5.466158115095535175e-01,5.547785011982243608e-01,5.620757053783873580e-01,5.681567692584794660e-01,5.725903146684883094e-01,5.748622970892407480e-01,5.743850391159706081e-01,5.705233708459052089e-01,5.626439480652076774e-01,5.501911115549105169e-01,5.327859790995712608e-01,5.103348067271887833e-01,4.831208907906455186e-01,4.518477149879471244e-01,4.176069189160331874e-01,3.817654612361442434e-01,3.457949678480941036e-01,3.110881097325140510e-01,2.788096702300241203e-01,2.498131286923603034e-01,2.246280203527583064e-01,2.035024514325960987e-01,1.864760940122882349e-01,1.734607740777550089e-01,1.643131320339634160e-01,1.588917162549425555e-01,1.570965118035501651e-01,1.588917162549429996e-01,1.643131320339382972e-01,1.734607740777956431e-01,1.864760940122964228e-01,2.035024514326183032e-01,2.246280203527746266e-01,2.498131286923517824e-01,2.788096702300300045e-01,3.110881097325142730e-01,3.457949678480834454e-01,3.817654612360879551e-01,4.176069189160447337e-01,4.518477149879567834e-01,4.831208907906110461e-01,5.103348067272023281e-01,5.327859790995673750e-01,5.501911115549119602e-01,5.626439480652036806e-01,5.705233708459025443e-01,5.743850391159699420e-01,5.748622970892433015e-01,5.725903146684890865e-01,5.681567692584770235e-01,5.620757053783872470e-01,5.547785011982248049e-01,5.466158115095536285e-01,5.378655572030415222e-01,5.287435518589278516e-01,5.194147664054598046e-01,5.100046477236790388e-01,5.006137578812920319e-01,4.915817091116835291e-01,4.824988128048162128e-01,4.734546392888842603e-01,4.645552334007347350e-01,4.558282607496624839e-01,4.472854422872980518e-01,4.389314064316890418e-01,4.307670097885903382e-01,4.227911072758416822e-01,4.150016646524822828e-01,4.073965189051333979e-01,3.999739238262092211e-01,3.927329549136150399e-01,3.856738184226625732e-01,3.787980934103831743e-01,3.721089257333776712e-01,3.656111862651208466e-01,3.593116007326420114e-01,3.532188548381440807e-01,3.473436753388081111e-01,3.416988852773177876e-01,3.362994294468887868e-01,3.311623643553249230e-01,3.263068053825056714e-01,3.217538225010726505e-01,3.175262748851561123e-01,3.136485740431820268e-01,3.101463648998934453e-01,3.070461146881253156e-01,3.043746008000602910e-01,3.021582911213252509e-01
3.000039082383627043e-01,3.012514385363081471e-01,3.029790866842139163e-01,3.051643729093172497e-01,3.077833413824155318e-01,3.108112762818732722e-01,3.142233227034966214e-01,3.179950115150734224e-01,3.221026913400054092e-01,3.265238737828493609e-01,3.312374999085417326e-01,3.362241370144819497e-01,3.414661150530980405e-01,3.469476118212195259e-01,3.526546953587786914e-01,3.585753309927504073e-01,3.646993591930310918e-01,3.710184489132787311e-01,3.775260293709476467e-01,3.842172012246511947e-01,3.910886256974477893e-01,3.981383870840881634e-01,4.053658196632421995e-01,4.127712829731193245e-01,4.203558564546364118e-01,4.281208967846544255e-01,4.360673309099925010e-01,4.441943373251641680e-01,4.524961396631744792e-01,4.609489645455195350e-01,4.693805210945681816e-01,4.782602196181966470e-01,4.873222212077876203e-01,4.965385795331370145e-01,5.058840853846829910e-01,5.153249010940221808e-01,5.248147853143602104e-01,5.342916577124673383e-01,5.436739507348757883e-01,5.528567718895327499e-01,5.617081209791489060e-01,5.700656178149160480e-01,5.777344464116745959e-01,5.844875035014420739e-01,5.900690044344804042e-01,5.942029522701403055e-01,5.966077689571220866e-01,5.970178431084315340e-01,5.952116215076977968e-01,5.910441596694243627e-01,5.844800228691122701e-01,5.756207033495504000e-01,5.647201242382693387e-01,5.521830381297129220e-01,5.385442969401935676e-01,5.244312747880780501e-01,5.105156763229884431e-01,4.974630616126806681e-01,4.858879430802034438e-01,4.763196589375687795e-01,4.691806199385796239e-01,4.647753192153272761e-01,4.632865968277771751e-01,4.647753192153227242e-01,4.691806199385578635e-01,4.763196589375940926e-01,4.858879430802094390e-01,4.974630616126786142e-01,5.105156763229792283e-01,5.244312747880740533e-01,5.385442969401832425e-01,5.521830381297105905e-01,5.647201242382617892e-01,5.756207033495538417e-01,5.844800228691084953e-01,5.910441596694211430e-01,5.952116215076944661e-01,5.970178431084323112e-01,5.966077689571221976e-01,5.942029522701370858e-01,5.900690044344821805e-01,5.844875035014425180e-01,5.777344464116759282e-01,5.700656178149153819e-01,5.617081209791479068e-01,5.528567718895324168e-01,5.436739507348743450e-01,5.342916577124668942e-01,5.248147853143622088e-01,5.153249010940230690e-01,5.058840853846847674e-01,4.965385795331379026e-01,4.873222212077892856e-01,4.782602196181964249e-01,4.693805210945701800e-01,4.609489645455198126e-01,4.524961396631737576e-01,4.441943373251646676e-01,4.360673309099914463e-01,4.281208967846556468e-01,4.203558564546359122e-01,4.127712829731201571e-01,4.053658196632422550e-01,3.981383870840880523e-01,3.910886256974481778e-01,3.842172012246500290e-01,3.775260293709488124e-01,3.710184489132791752e-01,3.646993591930332568e-01,3.585753309927504628e-01,3.526546953587784139e-01,3.469476118212186377e-01,3.414661150530984290e-01,3.362241370144835595e-01,3.312374999085422878e-01,3.265238737828496385e-01,3.221026913400047431e-01,3.179950115150746437e-01,3.142233227034962884e-01,3.108112762818731611e-01,3.077833413824153652e-01,3.051643729093170831e-01,3.029790866842134722e-01,3.012514385363085911e-01,3.000039082383628153e-01
2.996132226650241592e-01,2.998911172537350178e-01,3.006625882765678326e-01,3.019108151874764778e-01,3.036163700443320068e-01,3.057579748536183861e-01,3.083131889949296545e-01,3.112590177780971690e-01,3.145724382935098373e-01,3.182308428588763727e-01,3.222124035199977476e-01,3.264963632825927387e-01,3.310632611371552847e-01,3.358950986130785354e-01,3.409754556897224842e-01,3.462895635199877975e-01,3.518243406864023926e-01,3.575683986835970773e-01,3.635120210398594121e-01,3.696471189360265308e-01,3.759671642457031449e-01,3.824670983333601226e-01,3.891432110715567494e-01,3.959929778618833107e-01,4.030148290439833358e-01,4.102077944913531393e-01,4.175708769782739416e-01,4.251016896790866806e-01,4.327922580803670871e-01,4.405997692686059453e-01,4.485699722089475650e-01,4.568629205155533834e-01,4.653304439361094502e-01,4.739688933601736709e-01,4.827721838359161910e-01,4.917303612912204414e-01,5.008284284784354501e-01,5.100450573984037783e-01,5.193511660713342470e-01,5.287083948385186138e-01,5.380675575142567224e-01,5.473671906437472812e-01,5.565323832665580728e-01,5.654741375381439061e-01,5.740895794946291320e-01,5.822633943004034141e-01,5.898708784330907173e-01,5.967829521227177025e-01,6.028733264184358287e-01,6.080277463613431577e-01,6.121548351807369892e-01,6.151975863038410264e-01,6.171440842099134017e-01,6.180357187357564674e-01,6.179711350022897287e-01,6.171045279569414843e-01,6.156376360278843496e-01,6.138057729326539258e-01,6.118592252414172261e-01,6.100420896061806708e-01,6.085709655193229928e-01,6.076158350634260907e-01,6.072850561843609052e-01,6.076158350634235372e-01,6.085709655193223266e-01,6.100420896061825582e-01,6.118592252414146726e-01,6.138057729326513723e-01,6.156376360278864590e-01,6.171045279569428166e-01,6.179711350022879524e-01,6.180357187357572446e-01,6.171440842099132906e-01,6.151975863038412484e-01,6.121548351807361010e-01,6.080277463613423805e-01,6.028733264184343854e-01,5.967829521227191458e-01,5.898708784330901622e-01,5.822633943004048573e-01,5.740895794946313524e-01,5.654741375381457935e-01,5.565323832665591830e-01,5.473671906437478363e-01,5.380675575142568334e-01,5.287083948385176146e-01,5.193511660713352462e-01,5.100450573984062208e-01,5.008284284784363383e-01,4.917303612912192201e-01,4.827721838359170792e-01,4.739688933601750587e-01,4.653304439361105049e-01,4.568629205155546047e-01,4.485699722089481201e-01,4.405997692686068334e-01,4.327922580803688080e-01,4.251016896790874022e-01,4.175708769782728313e-01,4.102077944913528063e-01,4.030148290439837799e-01,3.959929778618843654e-01,3.891432110715576931e-01,3.824670983333602337e-01,3.759671642457027563e-01,3.696471189360265863e-01,3.635120210398602447e-01,3.575683986835977990e-01,3.518243406864035583e-01,3.462895635199881306e-01,3.409754556897219846e-01,3.358950986130779248e-01,3.310632611371549516e-01,3.264963632825945150e-01,3.222124035199979142e-01,3.182308428588765392e-01,3.145724382935096708e-01,3.112590177780971690e-01,3.083131889949298765e-01,3.057579748536177755e-01,3.036163700443321178e-01,3.019108151874762003e-01,3.006625882765675550e-01,2.998911172537345737e-01,2.996132226650246588e-01
3.009255971435489951e-01,3.002560574411091698e-01,3.000805958436864596e-01,3.003892949485283403e-01,3.011686455600468548e-01,3.024022825832045069e-01,3.040716852148957483e-01,3.061568254429507530e-01,3.086367540674954113e-01,3.114901181225667171e-01,3.146956075187893331e-01,3.182323318725148731e-01,3.220801308319497513e-01,3.262198228093812213e-01,3.306333979654388910e-01,3.353041616642233880e-01,3.402168345228331336e-01,3.453576146942781144e-01,3.507142071975847264e-01,3.562758239391710657e-01,3.620331564588148421e-01,3.679783210993815556e-01,3.741047725389949341e-01,3.804071746601218051e-01,3.868812026733353671e-01,3.935232119212556112e-01,4.003295887540476716e-01,4.072951050384391314e-01,4.144062649392442621e-01,4.215916475305063194e-01,4.291343638499887092e-01,4.368351396076722293e-01,4.446992060299449490e-01,4.527271269515423802e-01,4.609174216255103040e-01,4.692664771368508791e-01,4.777680632089891799e-01,4.864126810495638109e-01,4.951868073040671669e-01,5.040720674341027108e-01,5.130443756867660854e-01,5.220730925616841045e-01,5.311202705531041790e-01,5.401400824810914658e-01,5.490785509686414434e-01,5.578737180349612190e-01,5.664564037642588756e-01,5.747516940368506688e-01,5.826812598968686974e-01,5.901665370753580442e-01,5.971326800411591584e-01,6.035130562753173722e-01,6.092538815133565766e-01,6.143184474617622293e-01,6.186903018854658098e-01,6.223747491450122293e-01,6.253981755969820755e-01,6.278049694506986356e-01,6.296521642980242861e-01,6.310023240687657742e-01,6.319155236151614563e-01,6.324414891040085474e-01,6.326129980196411040e-01,6.324414891040079922e-01,6.319155236151628996e-01,6.310023240687653301e-01,6.296521642980228428e-01,6.278049694506976364e-01,6.253981755969856282e-01,6.223747491450115632e-01,6.186903018854665870e-01,6.143184474617602309e-01,6.092538815133573538e-01,6.035130562753152628e-01,5.971326800411584923e-01,5.901665370753594875e-01,5.826812598968714729e-01,5.747516940368507798e-01,5.664564037642579875e-01,5.578737180349596647e-01,5.490785509686423316e-01,5.401400824810883572e-01,5.311202705531044010e-01,5.220730925616826612e-01,5.130443756867649752e-01,5.040720674341033769e-01,4.951868073040661122e-01,4.864126810495634778e-01,4.777680632089892354e-01,4.692664771368517673e-01,4.609174216255099155e-01,4.527271269515424912e-01,4.446992060299447824e-01,4.368351396076730064e-01,4.291343638499893753e-01,4.215916475305062638e-01,4.144062649392448172e-01,4.072951050384380767e-01,4.003295887540478937e-01,3.935232119212550561e-01,3.868812026733350895e-01,3.804071746601218051e-01,3.741047725389941569e-01,3.679783210993811671e-01,3.620331564588145090e-01,3.562758239391708437e-01,3.507142071975850040e-01,3.453576146942782810e-01,3.402168345228330226e-01,3.353041616642230549e-01,3.306333979654380029e-01,3.262198228093826091e-01,3.220801308319491407e-01,3.182323318725149841e-01,3.146956075187897772e-01,3.114901181225671611e-01,3.086367540674956889e-01,3.061568254429499203e-01,3.040716852148962479e-01,3.024022825832045624e-01,3.011686455600463552e-01,3.003892949485287289e-01,3.000805958436860710e-01,3.002560574411090033e-01,3.009255971435489951e-01
3.038405932030315837e-01,3.022717525978370068e-01,3.011841665195690299e-01,3.005754954585326266e-01,3.004390632909918479e-01,3.007645123020099009e-01,3.015384599022689072e-01,3.027451364191992567e-01,3.043669877227698772e-01,3.063852308213904641e-01,3.087803546428560808e-01,3.115325618029591292e-01,3.146221501488798977e-01,3.180298352049180099e-01,3.217370163556952933e-01,3.257259907216931150e-01,3.299801192747118250e-01,3.344839498667402378e-01,3.392233015449901412e-01,3.441853137930103723e-01,3.493584630723786111e-01,3.547325469353466154e-01,3.602986322354184145e-01,3.660489564481999025e-01,3.719767535927958058e-01,3.780759275272927433e-01,3.843403256454006045e-01,3.907615308847136593e-01,3.973151970844379099e-01,4.040609151330420423e-01,4.110498587157332961e-01,4.181911451169483263e-01,4.254883016498815507e-01,4.329417262803632593e-01,4.405504422985761503e-01,4.483121567068555358e-01,4.562229694174257943e-01,4.642769398282979854e-01,4.724655674937892069e-01,4.807772129228539693e-01,4.891964803300777320e-01,4.977035888425438426e-01,5.062737675711516117e-01,5.148767211828939594e-01,5.234762246099174954e-01,5.320299163198791703e-01,5.404893664364818218e-01,5.488004954828005211e-01,5.569044077434655016e-01,5.647386766400873670e-01,5.722390760231896856e-01,5.793416918540714722e-01,5.859852788159531922e-01,5.921136566847859939e-01,5.976778872210843918e-01,6.026379514233682899e-01,6.069636742534557650e-01,6.106347264106591899e-01,6.136396646317940906e-01,6.159741330560983830e-01,6.176385064162747129e-01,6.186353746914071694e-01,6.189673171502946269e-01,6.186353746914092788e-01,6.176385064162720484e-01,6.159741330560988271e-01,6.136396646317959780e-01,6.106347264106607442e-01,6.069636742534548768e-01,6.026379514233666246e-01,5.976778872210839477e-01,5.921136566847844396e-01,5.859852788159533032e-01,5.793416918540736926e-01,5.722390760231913509e-01,5.647386766400853686e-01,5.569044077434653905e-01,5.488004954828011872e-01,5.404893664364833761e-01,5.320299163198782821e-01,5.234762246099183836e-01,5.148767211828974011e-01,5.062737675711510565e-01,4.977035888425425103e-01,4.891964803300768438e-01,4.807772129228522484e-01,4.724655674937889849e-01,4.642769398282986515e-01,4.562229694174252392e-01,4.483121567068549251e-01,4.405504422985762614e-01,4.329417262803623156e-01,4.254883016498813286e-01,4.181911451169479377e-01,4.110498587157329631e-01,4.040609151330424309e-01,3.973151970844380765e-01,3.907615308847137703e-01,3.843403256453999384e-01,3.780759275272931874e-01,3.719767535927955837e-01,3.660489564481996805e-01,3.602986322354172488e-01,3.547325469353454497e-01,3.493584630723788331e-01,3.441853137930099837e-01,3.392233015449903633e-01,3.344839498667409594e-01,3.299801192747117695e-01,3.257259907216934480e-01,3.217370163556963480e-01,3.180298352049183430e-01,3.146221501488807859e-01,3.115325618029593513e-01,3.087803546428561363e-01,3.063852308213904641e-01,3.043669877227706544e-01,3.027451364191982019e-01,3.015384599022690737e-01,3.007645123020097344e-01,3.004390632909914038e-01,3.005754954585325156e-01,3.011841665195695295e-01,3.022717525978368402e-01,3.038405932030319168e-01
3.082153638621991654e-01,3.058141584707056437e-01,3.038689120462171323e-01,3.023849628539106438e-01,3.013628581342301382e-01,3.007988820392293872e-01,3.006856199449386424e-01,3.010125370101820463e-01,3.017665517302445810e-01,3.029325886126219003e-01,3.044940976513832442e-01,3.064335317293895300e-01,3.087327762364208139e-01,3.113735279274746359e-01,3.143376222884838866e-01,3.176073104026760352e-01,3.211654875259381536e-01,3.249958763044424326e-01,3.290831678154588213e-01,3.334131233588031873e-01,3.379726390528000612e-01,3.427497734477600311e-01,3.477337346298415843e-01,3.529148150331192779e-01,3.582842411760011614e-01,3.638338425950086163e-01,3.695551883424724737e-01,3.754362420752916374e-01,3.814352150462824165e-01,3.877501837616747493e-01,3.942037016315573239e-01,4.008105472097130417e-01,4.075716984234584173e-01,4.144863791309499890e-01,4.215529681112080707e-01,4.287690064272375867e-01,4.361309613616556891e-01,4.436338788064383976e-01,4.512709638370310805e-01,4.590331072862570139e-01,4.669083719880292027e-01,4.748814545423081235e-01,4.829331437075298772e-01,4.910398035706058373e-01,4.991729175737536495e-01,5.072987372399230255e-01,5.153780856228704632e-01,5.233663682995933764e-01,5.312138420199528088e-01,5.388661808592739577e-01,5.462653603759007881e-01,5.533508516259935117e-01,5.600610807303596506e-01,5.663350703803763375e-01,5.721141441013030127e-01,5.773435507784935306e-01,5.819738641617043795e-01,5.859620352195935578e-01,5.892720243268610991e-01,5.918750083676745932e-01,5.937492314237506896e-01,5.948796295198045536e-01,5.952573935402988292e-01,5.948796295198043316e-01,5.937492314237511337e-01,5.918750083676769247e-01,5.892720243268606550e-01,5.859620352195913373e-01,5.819738641617041575e-01,5.773435507784927534e-01,5.721141441013027906e-01,5.663350703803762265e-01,5.600610807303600946e-01,5.533508516259949550e-01,5.462653603758994558e-01,5.388661808592744018e-01,5.312138420199533639e-01,5.233663682995937094e-01,5.153780856228685758e-01,5.072987372399224704e-01,4.991729175737548707e-01,4.910398035706065034e-01,4.829331437075318201e-01,4.748814545423082345e-01,4.669083719880292027e-01,4.590331072862575135e-01,4.512709638370306919e-01,4.436338788064396743e-01,4.361309613616558556e-01,4.287690064272370316e-01,4.215529681112085703e-01,4.144863791309497669e-01,4.075716984234585838e-01,4.008105472097118760e-01,3.942037016315589337e-01,3.877501837616746383e-01,3.814352150462819724e-01,3.754362420752914153e-01,3.695551883424719186e-01,3.638338425950096711e-01,3.582842411760014945e-01,3.529148150331187228e-01,3.477337346298427501e-01,3.427497734477599201e-01,3.379726390528002833e-01,3.334131233588031318e-01,3.290831678154591544e-01,3.249958763044428212e-01,3.211654875259379871e-01,3.176073104026772009e-01,3.143376222884842197e-01,3.113735279274744694e-01,3.087327762364214245e-01,3.064335317293894745e-01,3.044940976513837438e-01,3.029325886126221778e-01,3.017665517302449141e-01,3.010125370101809361e-01,3.006856199449382538e-01,3.007988820392287210e-01,3.013628581342300272e-01,3.023849628539105328e-01,3.038689120462172988e-01,3.058141584707063099e-01,3.082153638621991654e-01
3.138594073258023087e-01,3.107106098678507622e-01,3.079817892720426720e-01,3.056855072822208808e-01,3.038293819054942446e-01,3.024164615970165726e-01,3.014456629913602748e-01,3.009122515891033967e-01,3.008083458955124745e-01,3.011234274539678069e-01,3.018448417239240622e-01,3.029582775464694233e-01,3.044482157840102121e-01,3.062983404274407517e-01,3.084919078983638374e-01,3.110120723454588565e-01,3.138421663902620229e-01,3.169659379881779593e-01,3.203677448088286250e-01,3.240327077489548180e-01,3.279468247179834206e-01,3.320970442642283138e-01,3.364712946859157450e-01,3.410584561464358733e-01,3.458482353915029450e-01,3.508308175248859850e-01,3.559957599084302982e-01,3.613257902954775114e-01,3.668679825888324086e-01,3.726346934892100782e-01,3.785577269962016600e-01,3.846401380724214780e-01,3.908807755821345764e-01,3.972776106462940215e-01,4.038281644345838028e-01,4.105294506602295002e-01,4.173777541653909129e-01,4.243683226070352199e-01,4.314949961951674018e-01,4.387497867393832518e-01,4.461224145480828240e-01,4.535998133228190121e-01,4.611656170887965533e-01,4.687996486112750993e-01,4.764774351355806070e-01,4.841697840385459917e-01,4.918424572353298774e-01,4.994559877944712012e-01,5.069656837619622713e-01,5.143218611585307354e-01,5.214703391477407690e-01,5.283532147246311483e-01,5.349099122694902508e-01,5.410784767652800920e-01,5.467970518564002624e-01,5.520054600486417051e-01,5.566467875034047941e-01,5.606688744354086928e-01,5.640256259686216023e-01,5.666780856449880055e-01,5.685952489178729419e-01,5.697546284168983899e-01,5.701426076272672061e-01,5.697546284168980568e-01,5.685952489178714986e-01,5.666780856449860071e-01,5.640256259686192708e-01,5.606688744354112464e-01,5.566467875034047941e-01,5.520054600486435925e-01,5.467970518564015947e-01,5.410784767652809801e-01,5.349099122694890296e-01,5.283532147246277066e-01,5.214703391477412131e-01,5.143218611585304023e-01,5.069656837619620493e-01,4.994559877944712012e-01,4.918424572353299884e-01,4.841697840385440488e-01,4.764774351355801074e-01,4.687996486112747108e-01,4.611656170887965533e-01,4.535998133228194007e-01,4.461224145480828240e-01,4.387497867393828077e-01,4.314949961951677904e-01,4.243683226070364967e-01,4.173777541653895251e-01,4.105294506602297222e-01,4.038281644345831922e-01,3.972776106462938550e-01,3.908807755821340768e-01,3.846401380724200902e-01,3.785577269962013824e-01,3.726346934892098006e-01,3.668679825888342405e-01,3.613257902954774003e-01,3.559957599084293545e-01,3.508308175248844862e-01,3.458482353915026675e-01,3.410584561464359843e-01,3.364712946859144682e-01,3.320970442642267595e-01,3.279468247179838092e-01,3.240327077489538743e-01,3.203677448088284585e-01,3.169659379881782368e-01,3.138421663902631331e-01,3.110120723454587455e-01,3.084919078983638374e-01,3.062983404274411403e-01,3.044482157840104342e-01,3.029582775464704780e-01,3.018448417239241177e-01,3.011234274539689171e-01,3.008083458955129741e-01,3.009122515891022864e-01,3.014456629913600527e-01,3.024164615970165726e-01,3.038293819054936340e-01,3.056855072822206587e-01,3.079817892720425054e-01,3.107106098678507622e-01,3.138594073258029193e-01
3.205872478357245092e-01,3.167852596310012370e-01,3.133589431076578835e-01,3.103272144158508161e-01,3.077041662570333402e-01,3.054992821331871111e-01,3.037177312446999178e-01,3.023607273111634242e-01,3.014259339874935661e-01,3.009078999581444869e-01,3.007985080047438919e-01,3.010874241290960596e-01,3.017625349500660525e-01,3.028103638772738360e-01,3.042164588255774627e-01,3.059657463368066210e-01,3.080428488163052259e-01,3.104323630935703626e-01,3.131190996065830734e-01,3.160882820825194339e-01,3.193257072743779235e-01,3.228178640933172527e-01,3.265520055967446877e-01,3.305161572901505473e-01,3.346990150968586764e-01,3.390895564584884836e-01,3.436754475368610784e-01,3.484193922464890458e-01,3.534791647786283408e-01,3.586927292812324697e-01,3.640768217123350192e-01,3.696302953552557669e-01,3.753503955971055350e-01,3.812340524866951186e-01,3.872780467580942965e-01,3.934789062355161793e-01,3.998326897355679033e-01,4.063347008679124572e-01,4.129791458926242442e-01,4.197587418559488026e-01,4.266642798525923097e-01,4.336841498097669390e-01,4.408038365294352223e-01,4.480054014339780455e-01,4.552669702535936391e-01,4.625622534076515024e-01,4.698601325033232579e-01,4.771243523743877724e-01,4.843133623079130534e-01,4.913803512455439115e-01,4.982735184511094539e-01,5.049366123004603857e-01,5.113097549759463289e-01,5.173305504297034396e-01,5.229354487703419263e-01,5.280613152399561416e-01,5.326471300660926556e-01,5.366357306345909128e-01,5.399755025499133332e-01,5.426219321047949240e-01,5.445389477815830714e-01,5.456999987040663802e-01,5.460888384265433215e-01,5.456999987040657141e-01,5.445389477815862911e-01,5.426219321047962563e-01,5.399755025499136663e-01,5.366357306345910239e-01,5.326471300660932107e-01,5.280613152399562527e-01,5.229354487703412602e-01,5.173305504297023294e-01,5.113097549759458849e-01,5.049366123004612739e-01,4.982735184511067339e-01,4.913803512455433564e-01,4.843133623079151073e-01,4.771243523743879389e-01,4.698601325033232579e-01,4.625622534076530568e-01,4.552669702535941942e-01,4.480054014339773794e-01,4.408038365294358329e-01,4.336841498097663838e-01,4.266642798525922542e-01,4.197587418559478589e-01,4.129791458926242442e-01,4.063347008679119021e-01,3.998326897355689580e-01,3.934789062355161793e-01,3.872780467580947961e-01,3.812340524866955627e-01,3.753503955971043138e-01,3.696302953552559889e-01,3.640768217123347417e-01,3.586927292812313595e-01,3.534791647786276192e-01,3.484193922464897675e-01,3.436754475368622996e-01,3.390895564584885946e-01,3.346990150968589539e-01,3.305161572901505473e-01,3.265520055967434110e-01,3.228178640933176968e-01,3.193257072743772018e-01,3.160882820825194339e-01,3.131190996065829624e-01,3.104323630935694189e-01,3.080428488163039491e-01,3.059657463368065655e-01,3.042164588255796276e-01,3.028103638772738360e-01,3.017625349500674403e-01,3.010874241290962816e-01,3.007985080047439475e-01,3.009078999581447644e-01,3.014259339874939547e-01,3.023607273111624250e-01,3.037177312447000843e-01,3.054992821331874997e-01,3.077041662570341729e-01,3.103272144158504275e-01,3.133589431076586052e-01,3.167852596310014590e-01,3.205872478357243427e-01
3.282040770360480919e-01,3.238483765506092737e-01,3.198183545223873270e-01,3.161381360934108486e-01,3.128273615494878146e-01,3.099012521784260121e-01,3.073707634473051842e-01,3.052428139323138945e-01,3.035205765214711859e-01,3.022038174751471851e-01,3.012892688674443931e-01,3.007710205941523385e-01,3.006409193472559527e-01,3.008889635426100218e-01,3.015036849760337478e-01,3.024725098205566787e-01,3.037820933318203243e-01,3.054186241787864020e-01,3.073680953924459724e-01,3.096165406039733115e-01,3.121502334299849357e-01,3.149558446766066444e-01,3.180205536679225342e-01,3.213320907060091547e-01,3.248786462524854701e-01,3.286483802037319379e-01,3.326266143577734646e-01,3.368369809896503142e-01,3.412932541899731942e-01,3.459340768405983479e-01,3.507604417893200321e-01,3.557689510098055452e-01,3.609557505395787347e-01,3.663170482157729890e-01,3.718491406730374260e-01,3.775482847686290055e-01,3.834104880199903365e-01,3.894312392934407563e-01,3.956051862627816829e-01,4.019257618612649963e-01,4.083847614998825648e-01,4.149718743912127472e-01,4.216741753659782321e-01,4.284755879416216606e-01,4.353563350067031767e-01,4.422924001454390797e-01,4.492550299812776426e-01,4.562103153426791402e-01,4.631188956150594227e-01,4.699358351064593098e-01,4.766107211782071862e-01,4.830880298239700887e-01,4.893077941702161371e-01,4.952065945555996773e-01,5.007188660210040165e-01,5.057784920869570211e-01,5.103206257080615815e-01,5.142836531398007338e-01,5.176111979599413715e-01,5.202540534924371407e-01,5.221719334568972748e-01,5.233349418584948287e-01,5.237246813965447112e-01,5.233349418584968271e-01,5.221719334568988291e-01,5.202540534924385840e-01,5.176111979599448132e-01,5.142836531398000677e-01,5.103206257080623587e-01,5.057784920869575762e-01,5.007188660210036835e-01,4.952065945555998994e-01,4.893077941702167477e-01,4.830880298239698112e-01,4.766107211782066311e-01,4.699358351064579775e-01,4.631188956150614766e-01,4.562103153426792512e-01,4.492550299812774206e-01,4.422924001454398013e-01,4.353563350067037319e-01,4.284755879416225488e-01,4.216741753659774550e-01,4.149718743912107488e-01,4.083847614998826203e-01,4.019257618612663840e-01,3.956051862627817384e-01,3.894312392934391465e-01,3.834104880199898369e-01,3.775482847686282284e-01,3.718491406730380922e-01,3.663170482157722674e-01,3.609557505395786237e-01,3.557689510098054342e-01,3.507604417893190885e-01,3.459340768405992916e-01,3.412932541899746375e-01,3.368369809896510914e-01,3.326266143577740753e-01,3.286483802037319935e-01,3.248786462524859142e-01,3.213320907060092657e-01,3.180205536679218126e-01,3.149558446766073661e-01,3.121502334299847692e-01,3.096165406039723678e-01,3.073680953924462500e-01,3.054186241787858469e-01,3.037820933318208239e-01,3.024725098205570673e-01,3.015036849760333038e-01,3.008889635426100218e-01,3.006409193472552310e-01,3.007710205941530046e-01,3.012892688674450592e-01,3.022038174751482398e-01,3.035205765214716300e-01,3.052428139323142831e-01,3.073707634473049621e-01,3.099012521784261787e-01,3.128273615494880922e-01,3.161381360934109597e-01,3.198183545223880486e-01,3.238483765506088852e-01,3.282040770360477588e-01
3.365233597606594462e-01,3.317133839241687143e-01,3.271759956507952483e-01,3.229392579394935736e-01,3.190272381627229925e-01,3.154599494342933963e-01,3.122533769294761341e-01,3.094195830229390931e-01,3.069668823872730434e-01,3.049000762837248968e-01,3.032207341684214352e-01,3.019275103689068596e-01,3.010164838528695541e-01,3.004815098837612108e-01,3.003145734933685418e-01,3.005061360515902669e-01,3.010454675190059048e-01,3.019209588086768647e-01,3.031204106142435517e-01,3.046312905475342392e-01,3.064409605081845900e-01,3.085368656549017374e-01,3.109066750785116628e-01,3.135383458169887505e-01,3.164200133349167610e-01,3.195392332703396177e-01,3.228751764820002035e-01,3.264968083621089812e-01,3.303335818505662158e-01,3.343749693557791502e-01,3.386173821399409145e-01,3.430561954753543752e-01,3.476869315300297747e-01,3.525054417243303484e-01,3.575078657283470296e-01,3.626904963912309654e-01,3.680495824324259146e-01,3.735810770899401501e-01,3.792803336811885750e-01,3.851417468508006037e-01,3.911583383027316119e-01,3.973212872769270598e-01,4.036194087936404440e-01,4.100385868077562890e-01,4.165611749744136394e-01,4.231653847309436722e-01,4.298246886810255796e-01,4.365072763894921604e-01,4.431756088708381225e-01,4.497861260834122299e-01,4.562891670351343354e-01,4.626291628073057050e-01,4.687451570519147181e-01,4.745716948587440087e-01,4.800400987649946494e-01,4.850801208964059530e-01,4.896219252146533085e-01,4.935983175506520881e-01,4.969471084343397571e-01,4.996134696081367954e-01,5.015521333912361657e-01,5.027292867029817813e-01,5.031240283171685146e-01,5.027292867029814483e-01,5.015521333912374979e-01,4.996134696081377946e-01,4.969471084343423661e-01,4.935983175506513110e-01,4.896219252146545853e-01,4.850801208964052869e-01,4.800400987649938167e-01,4.745716948587456185e-01,4.687451570519169941e-01,4.626291628073061490e-01,4.562891670351328366e-01,4.497861260834131181e-01,4.431756088708373453e-01,4.365072763894927155e-01,4.298246886810268008e-01,4.231653847309442273e-01,4.165611749744125847e-01,4.100385868077551232e-01,4.036194087936394448e-01,3.973212872769265047e-01,3.911583383027316119e-01,3.851417468508009367e-01,3.792803336811877979e-01,3.735810770899404831e-01,3.680495824324255261e-01,3.626904963912306323e-01,3.575078657283461414e-01,3.525054417243302374e-01,3.476869315300320507e-01,3.430561954753550968e-01,3.386173821399396933e-01,3.343749693557810376e-01,3.303335818505660493e-01,3.264968083621094252e-01,3.228751764819998149e-01,3.195392332703393956e-01,3.164200133349164834e-01,3.135383458169882509e-01,3.109066750785107192e-01,3.085368656549019040e-01,3.064409605081843679e-01,3.046312905475342392e-01,3.031204106142439958e-01,3.019209588086780860e-01,3.010454675190058493e-01,3.005061360515907665e-01,3.003145734933687083e-01,3.004815098837614329e-01,3.010164838528702203e-01,3.019275103689068596e-01,3.032207341684223789e-01,3.049000762837246747e-01,3.069668823872747643e-01,3.094195830229392041e-01,3.122533769294755790e-01,3.154599494342925081e-01,3.190272381627231035e-01,3.229392579394936291e-01,3.271759956507949152e-01,3.317133839241681592e-01,3.365233597606592242e-01
3.453752357616604041e-01,3.402061221886143461e-01,3.352557201710606449e-01,3.305547638042763414e-01,3.261305634247207430e-01,3.220068526940987885e-01,3.182037116111213759e-01,3.147375642412106322e-01,3.116212469073639246e-01,3.088641401221353111e-01,3.064723557210218274e-01,3.044489694901413857e-01,3.027942890292290579e-01,3.015061465780414784e-01,3.005802068863387966e-01,3.000102809879581223e-01,2.997886399743977526e-01,2.999063157482574349e-01,3.003533895391904407e-01,3.011192590271621894e-01,3.021928788128385723e-01,3.035629663528938704e-01,3.052181571761015677e-01,3.071470645620746898e-01,3.093380730829692893e-01,3.117777776065088213e-01,3.144587744049111566e-01,3.174247597241477981e-01,3.206146066215074808e-01,3.240257166251722110e-01,3.276527827911934754e-01,3.314906520611705099e-01,3.355346681897071193e-01,3.397807082160677616e-01,3.442251175945409414e-01,3.488645851144624443e-01,3.536959666931092094e-01,3.587160579509841019e-01,3.639213121959253283e-01,3.693074992917817490e-01,3.748693009335804516e-01,3.805998389484163691e-01,3.864901355217044143e-01,3.925285079561047774e-01,3.986999059778064680e-01,4.049852069376824182e-01,4.113604935980796906e-01,4.177963503767426756e-01,4.242572263675465916e-01,4.307009260726484268e-01,4.370782998375805084e-01,4.433332131442316859e-01,4.494028744201416514e-01,4.552185920774193817e-01,4.607070109227422439e-01,4.657918450931862742e-01,4.703960806066052047e-01,4.744445693469979131e-01,4.778668840920646255e-01,4.806002588006443865e-01,4.825924076309804356e-01,4.838040062530950536e-01,4.842106331456363932e-01,4.838040062530941654e-01,4.825924076309801025e-01,4.806002588006464959e-01,4.778668840920640148e-01,4.744445693469969139e-01,4.703960806066043721e-01,4.657918450931864962e-01,4.607070109227419108e-01,4.552185920774187156e-01,4.494028744201428727e-01,4.433332131442324631e-01,4.370782998375794537e-01,4.307009260726479827e-01,4.242572263675477018e-01,4.177963503767412878e-01,4.113604935980795796e-01,4.049852069376812524e-01,3.986999059778059129e-01,3.925285079561049995e-01,3.864901355217055801e-01,3.805998389484164801e-01,3.748693009335806736e-01,3.693074992917813049e-01,3.639213121959251618e-01,3.587160579509839908e-01,3.536959666931089874e-01,3.488645851144620558e-01,3.442251175945415520e-01,3.397807082160675951e-01,3.355346681897067862e-01,3.314906520611699547e-01,3.276527827911929203e-01,3.240257166251723775e-01,3.206146066215093127e-01,3.174247597241486862e-01,3.144587744049121558e-01,3.117777776065092099e-01,3.093380730829694558e-01,3.071470645620748563e-01,3.052181571761010126e-01,3.035629663528939814e-01,3.021928788128387944e-01,3.011192590271621894e-01,3.003533895391908848e-01,2.999063157482579900e-01,2.997886399743995844e-01,3.000102809879585664e-01,3.005802068863389076e-01,3.015061465780419225e-01,3.027942890292280032e-01,3.044489694901419963e-01,3.064723557210223825e-01,3.088641401221348670e-01,3.116212469073644242e-01,3.147375642412109098e-01,3.182037116111214869e-01,3.220068526940982334e-01,3.261305634247209650e-01,3.305547638042768965e-01,3.352557201710612556e-01,3.402061221886144571e-01,3.453752357616597934e-01
3.545669036273559893e-01,3.491275842337748792e-01,3.438543737127553457e-01,3.387795039449574275e-01,3.339323760643504446e-01,3.293393447549831654e-01,3.250235654460166268e-01,3.210049071462990344e-01,3.172999306688052412e-01,3.139219293594932014e-01,3.108810272605340708e-01,3.081843279584424722e-01,3.058361061673910974e-01,3.038380331797018719e-01,3.021894301792689697e-01,3.008875345405826462e-01,2.999277773200857977e-01,2.993040618983976442e-01,2.990090363449327548e-01,2.990343528800069040e-01,2.993709062715803615e-01,3.000090386349792415e-01,3.009386833348263734e-01,3.021493649035145723e-01,3.036296833122427707e-01,3.053625504449584693e-01,3.073585749926474597e-01,3.096318314830008855e-01,3.121461197946933663e-01,3.148952046595087650e-01,3.178732566058083409e-01,3.210751185601744551e-01,3.244963535861745685e-01,3.281332291123978395e-01,3.319826586274836067e-01,3.360421028160735513e-01,3.403094268971428860e-01,3.447827086049513601e-01,3.494599898269132865e-01,3.543389639785635148e-01,3.594165907770630053e-01,3.646886303729183210e-01,3.701490901352792462e-01,3.757895801770395061e-01,3.815985784452647911e-01,3.875606134138438463e-01,3.936553825682209129e-01,3.998568382457810544e-01,4.061322888811991771e-01,4.124415825584474837e-01,4.187364593427601034e-01,4.249601763974487079e-01,4.310475214757791829e-01,4.369253312412493262e-01,4.425136160841168786e-01,4.477273587809891819e-01,4.524789991556293911e-01,4.566815435283340108e-01,4.602521537386407013e-01,4.631159879716642003e-01,4.652099993092581043e-01,4.664863623075374832e-01,4.669152035100614384e-01,4.664863623075379273e-01,4.652099993092581598e-01,4.631159879716642003e-01,4.602521537386404793e-01,4.566815435283330671e-01,4.524789991556280033e-01,4.477273587809880162e-01,4.425136160841170452e-01,4.369253312412491042e-01,4.310475214757801266e-01,4.249601763974489299e-01,4.187364593427593817e-01,4.124415825584474837e-01,4.061322888811995102e-01,3.998568382457812209e-01,3.936553825682191921e-01,3.875606134138438463e-01,3.815985784452663454e-01,3.757895801770387845e-01,3.701490901352802454e-01,3.646886303729196532e-01,3.594165907770626722e-01,3.543389639785629597e-01,3.494599898269125093e-01,3.447827086049516931e-01,3.403094268971419978e-01,3.360421028160748280e-01,3.319826586274835512e-01,3.281332291123977840e-01,3.244963535861748460e-01,3.210751185601752322e-01,3.178732566058081188e-01,3.148952046595100973e-01,3.121461197946929778e-01,3.096318314830016627e-01,3.073585749926471822e-01,3.053625504449590244e-01,3.036296833122434924e-01,3.021493649035152385e-01,3.009386833348254853e-01,3.000090386349800742e-01,2.993709062715804725e-01,2.990343528800058492e-01,2.990090363449325883e-01,2.993040618983970891e-01,2.999277773200861308e-01,3.008875345405819801e-01,3.021894301792706905e-01,3.038380331797010947e-01,3.058361061673905423e-01,3.081843279584426942e-01,3.108810272605342928e-01,3.139219293594925908e-01,3.172999306688051302e-01,3.210049071462995340e-01,3.250235654460161272e-01,3.293393447549829434e-01,3.339323760643512218e-01,3.387795039449579271e-01,3.438543737127551791e-01,3.491275842337739910e-01,3.545669036273561003e-01
3.640001957431345803e-01,3.583689223491188791e-01,3.528537366530800634e-01,3.474873655308682863e-01,3.423002748632781311e-01,3.373204194038938453e-01,3.325730408074825117e-01,3.280805194048928564e-01,3.238622826162735335e-01,3.199347703618850014e-01,3.163114555412189777e-01,3.130029153675820131e-01,3.100169507658441237e-01,3.073587425305344678e-01,3.050310404827503707e-01,3.030343787942360034e-01,3.013673078063509592e-01,3.000266355545367358e-01,2.990076711636556195e-01,2.983044614269843575e-01,2.979100089053185463e-01,2.978164506189421301e-01,2.980151453549862994e-01,2.984964886707930920e-01,2.992484386806790186e-01,3.002275040155131802e-01,3.015220557911637012e-01,3.030792255747621899e-01,3.048876218883647682e-01,3.069403475595541830e-01,3.092316871156861602e-01,3.117568462608112934e-01,3.145119079008700802e-01,3.174938163472125763e-01,3.207003496044878443e-01,3.241300645827678295e-01,3.277822054555976639e-01,3.316565660329253706e-01,3.357532961723566634e-01,3.400726408876840745e-01,3.446145993756546400e-01,3.493784900273119720e-01,3.543624070366586665e-01,3.595625550168924933e-01,3.649724508053850403e-01,3.705819872865612208e-01,3.763763636356752262e-01,3.823349009656195618e-01,3.884297828281047527e-01,3.946247866967437234e-01,4.008741046648637285e-01,4.071213866161428330e-01,4.132991722277005175e-01,4.193289018620538489e-01,4.251217009511794598e-01,4.305801073066702345e-01,4.356008472303261603e-01,4.400786612778806450e-01,4.439110403348403011e-01,4.470035751703286819e-01,4.492754762868857998e-01,4.506647195105232262e-01,4.511322468833416921e-01,4.506647195105231707e-01,4.492754762868848561e-01,4.470035751703297366e-01,4.439110403348403566e-01,4.400786612778807005e-01,4.356008472303262158e-01,4.305801073066689577e-01,4.251217009511782385e-01,4.193289018620531272e-01,4.132991722277013502e-01,4.071213866161437767e-01,4.008741046648642281e-01,3.946247866967453888e-01,3.884297828281058074e-01,3.823349009656187292e-01,3.763763636356754483e-01,3.705819872865599995e-01,3.649724508053848182e-01,3.595625550168938811e-01,3.543624070366586110e-01,3.493784900273106397e-01,3.446145993756564163e-01,3.400726408876851847e-01,3.357532961723576626e-01,3.316565660329249265e-01,3.277822054555982745e-01,3.241300645827688287e-01,3.207003496044873447e-01,3.174938163472126873e-01,3.145119079008696361e-01,3.117568462608104052e-01,3.092316871156872149e-01,3.069403475595537389e-01,3.048876218883652678e-01,3.030792255747628561e-01,3.015220557911652555e-01,3.002275040155141239e-01,2.992484386806791297e-01,2.984964886707936471e-01,2.980151453549876317e-01,2.978164506189419636e-01,2.979100089053188793e-01,2.983044614269853012e-01,2.990076711636556750e-01,3.000266355545374575e-01,3.013673078063515143e-01,3.030343787942356704e-01,3.050310404827510924e-01,3.073587425305341903e-01,3.100169507658437906e-01,3.130029153675824571e-01,3.163114555412178674e-01,3.199347703618857786e-01,3.238622826162738666e-01,3.280805194048934670e-01,3.325730408074824007e-01,3.373204194038942894e-01,3.423002748632786862e-01,3.474873655308686193e-01,3.528537366530798414e-01,3.583689223491194897e-01,3.640001957431345803e-01
3.734779546860402810e-01,3.677225056036887429e-01,3.620368095895366012e-01,3.564532757878755009e-01,3.510025657651021369e-01,3.457133323459946062e-01,3.406119919395337869e-01,3.357225377412966227e-01,3.310663989001272345e-01,3.266623481907455218e-01,3.225264602489111843e-01,3.186721182054068069e-01,3.151100626531579962e-01,3.118484853577455640e-01,3.088931573162413402e-01,3.062475864820928262e-01,3.039131983106608814e-01,3.018895316326274392e-01,3.001744412502693748e-01,2.987642960657970193e-01,2.976541546942695349e-01,2.968378801735110928e-01,2.963080837458489381e-01,2.960554468391804472e-01,2.960638200421421562e-01,2.962840145145724802e-01,2.968364638710258574e-01,2.976544481080173332e-01,2.987275070410178035e-01,3.000489433622583468e-01,3.016134409625873536e-01,3.034167240111117492e-01,3.054555090338291756e-01,3.077275213372138163e-01,3.102315187768883153e-01,3.129673013611182775e-01,3.159356941832554555e-01,3.191384928886112915e-01,3.225783599350408593e-01,3.262586576897298918e-01,3.301832014403154880e-01,3.343559119991984518e-01,3.387803440896980933e-01,3.434590636354594717e-01,3.483928452327769154e-01,3.535796616768788203e-01,3.590134421549600052e-01,3.646825868878957877e-01,3.705682463586557063e-01,3.766424057293836780e-01,3.828658619903997362e-01,3.891862433773415342e-01,3.955362946050782202e-01,4.018327287017028349e-01,4.079760102958503443e-01,4.138514618945285384e-01,4.193320449258835514e-01,4.242830348125531392e-01,4.285685725835687854e-01,4.320597512063555912e-01,4.346435362403633373e-01,4.362315135099888441e-01,4.367672989897001812e-01,4.362315135099889551e-01,4.346435362403635594e-01,4.320597512063572010e-01,4.285685725835691184e-01,4.242830348125529172e-01,4.193320449258834404e-01,4.138514618945277612e-01,4.079760102958486234e-01,4.018327287017040006e-01,3.955362946050777762e-01,3.891862433773398133e-01,3.828658619904001248e-01,3.766424057293868422e-01,3.705682463586562614e-01,3.646825868878958432e-01,3.590134421549596722e-01,3.535796616768814848e-01,3.483928452327786363e-01,3.434590636354591386e-01,3.387803440896980378e-01,3.343559119991989514e-01,3.301832014403149884e-01,3.262586576897292812e-01,3.225783599350417474e-01,3.191384928886125683e-01,3.159356941832547894e-01,3.129673013611181664e-01,3.102315187768905358e-01,3.077275213372132612e-01,3.054555090338300083e-01,3.034167240111122488e-01,3.016134409625869650e-01,3.000489433622575697e-01,2.987275070410186917e-01,2.976544481080172777e-01,2.968364638710264680e-01,2.962840145145739790e-01,2.960638200421408239e-01,2.960554468391801142e-01,2.963080837458496597e-01,2.968378801735109818e-01,2.976541546942703675e-01,2.987642960657973523e-01,3.001744412502703740e-01,3.018895316326282718e-01,3.039131983106605484e-01,3.062475864820935478e-01,3.088931573162409516e-01,3.118484853577452309e-01,3.151100626531578297e-01,3.186721182054068624e-01,3.225264602489113508e-01,3.266623481907449666e-01,3.310663989001264573e-01,3.357225377412975664e-01,3.406119919395333429e-01,3.457133323459941066e-01,3.510025657651022479e-01,3.564532757878759450e-01,3.620368095895358795e-01,3.677225056036891315e-01,3.734779546860399480e-01
3.829645621116816723e-01,3.771424137935248111e-01,3.713479077245596116e-01,3.656125084208443066e-01,3.599663722284967560e-01,3.544380928602487990e-01,3.490544668727301181e-01,3.438402872839451674e-01,3.388181717986888386e-01,3.340084332359855579e-01,3.294289858147100292e-01,3.250952992752916271e-01,3.210203934893807731e-01,3.172148725379086431e-01,3.136869947102092770e-01,3.104427735250734344e-01,3.074861037018990495e-01,3.048189044931736147e-01,3.024412701692955618e-01,3.003516117042435152e-01,2.985467588052056476e-01,2.970219457732255486e-01,2.957704286588159759e-01,2.947814669305843793e-01,2.940134360828994819e-01,2.934738951904695692e-01,2.932676542179092349e-01,2.933222795322131815e-01,2.936283370916297208e-01,2.941794626854932204e-01,2.949706547136779489e-01,2.959979775014804915e-01,2.972585479832309252e-01,2.987506031294575592e-01,3.004735913738438846e-01,3.024282663895220824e-01,3.046167715056091185e-01,3.070427052753775810e-01,3.097111577452263398e-01,3.126287041469252292e-01,3.158033383875054612e-01,3.192443228571510416e-01,3.229619236498952883e-01,3.269669913040063602e-01,3.312703368748132204e-01,3.358818422967504436e-01,3.408092341570874706e-01,3.460564440886941817e-01,3.516214817815226379e-01,3.574937653431829454e-01,3.636508983013861385e-01,3.700549647951072996e-01,3.766485457369044831e-01,3.833508441841727565e-01,3.900545378737621527e-01,3.966242138481673729e-01,4.028974101945659303e-01,4.086892828494551599e-01,4.138016092661820355e-01,4.180361576947204116e-01,4.212114337396992703e-01,4.231806864024287296e-01,4.238481959795913356e-01,4.231806864024279524e-01,4.212114337397004915e-01,4.180361576947206337e-01,4.138016092661827017e-01,4.086892828494554930e-01,4.028974101945660968e-01,3.966242138481664847e-01,3.900545378737619306e-01,3.833508441841727565e-01,3.766485457369066481e-01,3.700549647951071330e-01,3.636508983013843621e-01,3.574937653431821682e-01,3.516214817815224158e-01,3.460564440886953474e-01,3.408092341570898021e-01,3.358818422967503881e-01,3.312703368748153854e-01,3.269669913040051945e-01,3.229619236498959545e-01,3.192443228571535396e-01,3.158033383875049616e-01,3.126287041469283379e-01,3.097111577452260622e-01,3.070427052753796904e-01,3.046167715056088965e-01,3.024282663895214163e-01,3.004735913738411091e-01,2.987506031294564490e-01,2.972585479832310362e-01,2.959979775014808800e-01,2.949706547136778378e-01,2.941794626854927208e-01,2.936283370916288882e-01,2.933222795322141252e-01,2.932676542179093460e-01,2.934738951904699022e-01,2.940134360828997595e-01,2.947814669305848789e-01,2.957704286588163090e-01,2.970219457732253265e-01,2.985467588052063692e-01,3.003516117042427935e-01,3.024412701692962280e-01,3.048189044931729486e-01,3.074861037018994381e-01,3.104427735250741560e-01,3.136869947102082778e-01,3.172148725379080325e-01,3.210203934893808841e-01,3.250952992752907944e-01,3.294289858147104733e-01,3.340084332359853359e-01,3.388181717986888386e-01,3.438402872839458890e-01,3.490544668727298960e-01,3.544380928602484104e-01,3.599663722284969225e-01,3.656125084208440845e-01,3.713479077245596671e-01,3.771424137935254217e-01,3.829645621116825049e-01
3.923654881932694405e-01,3.865234727819140681e-01,3.806714857632584881e-01,3.748395962809386028e-01,3.690569223912701924e-01,3.633513953965256116e-01,3.577495316400299830e-01,3.522762244560687095e-01,3.469545546262657876e-01,3.418056333044036665e-01,3.368484786780259199e-01,3.320999276692359614e-01,3.275745840844996870e-01,3.232848022910134178e-01,3.192407040230654802e-01,3.154502243615074364e-01,3.119191810622419236e-01,3.086513586393641595e-01,3.056485934228396761e-01,3.029108340058012105e-01,3.004361196138173873e-01,2.982203143037703841e-01,2.962559775257411210e-01,2.945262562263787354e-01,2.929096856249610026e-01,2.916585526952724106e-01,2.906754380285540007e-01,2.899395565349109916e-01,2.894419887555947368e-01,2.891762384076235204e-01,2.891369942614039901e-01,2.893199008618838053e-01,2.897215847292546886e-01,2.903397706631629660e-01,2.911734387621177644e-01,2.922230047136119002e-01,2.934905164305641745e-01,2.949798635969054228e-01,2.966969971497475100e-01,2.986501543032751282e-01,3.008500815318164157e-01,3.033102426005598318e-01,3.060469905200791652e-01,3.090796701073858510e-01,3.124306001902787400e-01,3.161248595781266379e-01,3.201897667589620466e-01,3.246538982288798003e-01,3.295454342552620042e-01,3.348895572946279930e-01,3.407045685191442685e-01,3.469963572136076646e-01,3.537509036572464849e-01,3.609246956350433133e-01,3.684333971969048771e-01,3.761399318532020475e-01,3.838443610923778504e-01,3.912793651363302705e-01,3.981161922577750589e-01,4.039856321760496582e-01,4.085157977700045739e-01,4.113829776120278559e-01,4.123651057716944401e-01,4.113829776120291326e-01,4.085157977700059617e-01,4.039856321760499913e-01,3.981161922577757251e-01,3.912793651363304370e-01,3.838443610923766292e-01,3.761399318532016034e-01,3.684333971969065979e-01,3.609246956350463109e-01,3.537509036572448196e-01,3.469963572136042229e-01,3.407045685191446016e-01,3.348895572946274934e-01,3.295454342552639471e-01,3.246538982288787456e-01,3.201897667589603258e-01,3.161248595781256387e-01,3.124306001902796837e-01,3.090796701073886821e-01,3.060469905200767227e-01,3.033102426005585550e-01,3.008500815318176924e-01,2.986501543032774597e-01,2.966969971497486203e-01,2.949798635969050342e-01,2.934905164305656178e-01,2.922230047136122333e-01,2.911734387621177644e-01,2.903397706631621333e-01,2.897215847292565205e-01,2.893199008618834722e-01,2.891369942614042676e-01,2.891762384076224657e-01,2.894419887555944038e-01,2.899395565349104920e-01,2.906754380285543338e-01,2.916585526952729657e-01,2.929096856249627234e-01,2.945262562263779582e-01,2.962559775257402328e-01,2.982203143037703841e-01,3.004361196138180534e-01,3.029108340058021542e-01,3.056485934228396206e-01,3.086513586393637154e-01,3.119191810622407024e-01,3.154502243615081025e-01,3.192407040230640924e-01,3.232848022910131958e-01,3.275745840845009083e-01,3.320999276692365165e-01,3.368484786780266971e-01,3.418056333044043327e-01,3.469545546262656766e-01,3.522762244560691536e-01,3.577495316400292058e-01,3.633513953965249454e-01,3.690569223912708030e-01,3.748395962809389359e-01,3.806714857632581550e-01,3.865234727819145677e-01,3.923654881932694960e-01
4.015998294978195271e-01,3.957745512582690472e-01,3.899061650150453806e-01,3.840230450630995884e-01,3.781528882949141690e-01,3.723225060651574880e-01,3.665576131135608873e-01,3.608826202230188129e-01,3.553204448677501626e-01,3.498923401162681301e-01,3.446177482246018386e-01,3.395141820110074704e-01,3.345971356312916201e-01,3.298800247918791118e-01,3.253741547087593000e-01,3.210887120564384634e-01,3.170307742771910631e-01,3.132053247740759772e-01,3.096152526466773303e-01,3.062612918287492270e-01,3.031417860816675303e-01,3.002519200916888287e-01,2.975807850350808970e-01,2.950885837473987139e-01,2.926725595446486583e-01,2.906496232414054193e-01,2.888652829969577951e-01,2.873032327198167812e-01,2.859538821959287103e-01,2.848093391217126347e-01,2.838624636434428083e-01,2.831066664105627573e-01,2.825359273797733994e-01,2.821449030205974706e-01,2.819290807796271947e-01,2.818849682786448985e-01,2.820103161392158997e-01,2.823043792396007778e-01,2.827682253227770670e-01,2.834051035835259413e-01,2.842208897858904404e-01,2.852246288961584053e-01,2.864292012391208564e-01,2.878521435890372127e-01,2.895166616537829252e-01,2.914528733237609637e-01,2.936993190288810784e-01,2.963047588965304624e-01,2.993302312262913212e-01,3.028512451415788509e-01,3.069597716701594203e-01,3.117652954679344113e-01,3.173934580971150554e-01,3.239795838388191407e-01,3.316524912021043825e-01,3.405016593784003787e-01,3.505193358427785566e-01,3.615122451447251306e-01,3.729921606065682016e-01,3.840872662294555484e-01,3.935583670236588172e-01,4.000117007273197856e-01,4.023103823170615101e-01,4.000117007273208403e-01,3.935583670236580955e-01,3.840872662294546602e-01,3.729921606065679796e-01,3.615122451447256302e-01,3.505193358427803885e-01,3.405016593784052636e-01,3.316524912020972771e-01,3.239795838388231375e-01,3.173934580971125574e-01,3.117652954679329125e-01,3.069597716701550350e-01,3.028512451415799611e-01,2.993302312262884346e-01,2.963047588965317947e-01,2.936993190288825772e-01,2.914528733237635172e-01,2.895166616537852011e-01,2.878521435890347147e-01,2.864292012391242981e-01,2.852246288961588494e-01,2.842208897858891636e-01,2.834051035835245536e-01,2.827682253227767339e-01,2.823043792396024987e-01,2.820103161392187308e-01,2.818849682786426780e-01,2.819290807796270837e-01,2.821449030205978592e-01,2.825359273797742321e-01,2.831066664105612585e-01,2.838624636434445847e-01,2.848093391217123016e-01,2.859538821959283772e-01,2.873032327198172253e-01,2.888652829969564628e-01,2.906496232414051972e-01,2.926725595446487138e-01,2.950885837473997686e-01,2.975807850350807859e-01,3.002519200916889952e-01,3.031417860816674748e-01,3.062612918287492270e-01,3.096152526466779409e-01,3.132053247740755331e-01,3.170307742771901749e-01,3.210887120564382968e-01,3.253741547087591335e-01,3.298800247918787787e-01,3.345971356312918976e-01,3.395141820110085251e-01,3.446177482246020607e-01,3.498923401162677971e-01,3.553204448677512173e-01,3.608826202230184799e-01,3.665576131135615534e-01,3.723225060651585427e-01,3.781528882949140580e-01,3.840230450630996439e-01,3.899061650150453806e-01,3.957745512582690472e-01,4.015998294978198047e-01
4.106319093576719093e-01,4.048505500662198942e-01,3.989971284255738881e-01,3.930981389709466423e-01,3.871795989161689322e-01,3.812668633050438904e-01,3.753844367136818794e-01,3.695557806728925754e-01,3.638031258913057564e-01,3.581472954803451847e-01,3.526075439813595169e-01,3.472014156629996129e-01,3.419446240590761077e-01,3.368509530003552799e-01,3.319321772919895941e-01,3.271979983096408029e-01,3.226559852106642423e-01,3.183115038993012957e-01,3.141675971483484653e-01,3.102247311686887610e-01,3.064801749233476147e-01,3.029261767559441876e-01,2.995421889686045724e-01,2.961183921147961251e-01,2.930448218391444315e-01,2.902213399507893588e-01,2.875965039045816907e-01,2.851539361448546250e-01,2.828811593092918075e-01,2.807663225106277194e-01,2.787973473858696427e-01,2.769616130070995941e-01,2.752457962141657832e-01,2.736357512501425004e-01,2.721163814361352573e-01,2.706714765876078732e-01,2.692834957457957978e-01,2.679332745335953336e-01,2.665996327997106063e-01,2.652588520749163403e-01,2.638839841858248714e-01,2.624439431495689257e-01,2.609023253210649429e-01,2.592159066438803894e-01,2.573328050027083869e-01,2.551904342318361829e-01,2.527137845262256710e-01,2.498157020525160754e-01,2.464039886836726923e-01,2.424089810849775484e-01,2.378706711706579657e-01,2.331984673342451797e-01,2.299236967972783929e-01,2.326983888145625068e-01,2.528144238398056243e-01,3.037628593519160480e-01,3.681225368391454755e-01,4.039508632558113099e-01,4.101621331730119224e-01,4.052836546237175153e-01,3.992089119790209750e-01,3.950780864280858395e-01,3.936594884073038036e-01,3.950780864280865612e-01,3.992089119790231400e-01,4.052836546237166826e-01,4.101621331730209707e-01,4.039508632558013179e-01,3.681225368391415897e-01,3.037628593519248743e-01,2.528144238398086219e-01,2.326983888145562063e-01,2.299236967972770884e-01,2.331984673342430980e-01,2.378706711706632948e-01,2.424089810849848203e-01,2.464039886836781879e-01,2.498157020525225425e-01,2.527137845262310556e-01,2.551904342318273011e-01,2.573328050027073322e-01,2.592159066438792236e-01,2.609023253210639992e-01,2.624439431495740327e-01,2.638839841858268698e-01,2.652588520749152856e-01,2.665996327997159909e-01,2.679332745335950006e-01,2.692834957457968525e-01,2.706714765876049866e-01,2.721163814361369782e-01,2.736357512501417788e-01,2.752457962141680037e-01,2.769616130071002602e-01,2.787973473858704754e-01,2.807663225106268312e-01,2.828811593092927512e-01,2.851539361448542920e-01,2.875965039045819127e-01,2.902213399507899139e-01,2.930448218391443760e-01,2.961183921147948483e-01,2.995421889686040173e-01,3.029261767559448537e-01,3.064801749233475592e-01,3.102247311686895936e-01,3.141675971483472440e-01,3.183115038993018509e-01,3.226559852106646309e-01,3.271979983096408584e-01,3.319321772919889280e-01,3.368509530003558350e-01,3.419446240590768293e-01,3.472014156629990023e-01,3.526075439813600165e-01,3.581472954803448516e-01,3.638031258913063115e-01,3.695557806728923533e-01,3.753844367136820459e-01,3.812668633050428357e-01,3.871795989161683216e-01,3.930981389709463092e-01,3.989971284255744433e-01,4.048505500662200607e-01,4.106319093576720203e-01
4.193613529386940320e-01,4.136415721138813062e-01,4.078245530201437541e-01,4.019348223911337614e-01,3.959965512053072456e-01,3.900334056847077902e-01,3.840683794668523499e-01,3.781236158115037216e-01,3.722202265309695890e-01,3.663781133557550973e-01,3.606157962950629625e-01,3.549502522080065781e-01,3.493967651906592642e-01,3.439687883453038109e-01,3.386778136890221114e-01,3.335332426206265577e-01,3.285422417226921965e-01,3.237095532268828846e-01,3.190371934607604820e-01,3.145238739886453971e-01,3.101636471757371893e-01,3.059417236685447183e-01,3.018109686051615448e-01,2.975287907189129721e-01,2.936800481707924626e-01,2.900078530764101381e-01,2.864772299385364152e-01,2.830675103310195673e-01,2.797593205849290277e-01,2.765319720159065131e-01,2.733623620869519710e-01,2.702241778134499839e-01,2.670870748029910424e-01,2.639156810310167578e-01,2.606683076095953067e-01,2.572952371874339672e-01,2.537364263974274947e-01,2.499184088037867124e-01,2.457501285731807372e-01,2.411174048660808256e-01,2.358758291500586968e-01,2.298424653211262880e-01,2.227887889197780469e-01,2.144441375323301036e-01,2.045412915233243700e-01,1.930104422340090664e-01,1.806834321314332581e-01,1.717210684377325214e-01,1.810051100075665276e-01,2.448826082910717239e-01,3.753723790093125845e-01,4.696156781885600373e-01,4.843681866239494815e-01,4.675332413709514801e-01,4.468585620395567060e-01,4.293720595693493736e-01,4.158179592408736136e-01,4.056189221458657013e-01,3.980983626178332124e-01,3.927234219383737845e-01,3.891203272058604279e-01,3.870477132229921402e-01,3.863711992363327297e-01,3.870477132229930284e-01,3.891203272058605389e-01,3.927234219383721192e-01,3.980983626178326573e-01,4.056189221458642025e-01,4.158179592408736136e-01,4.293720595693489850e-01,4.468585620395557623e-01,4.675332413709502033e-01,4.843681866239506473e-01,4.696156781885685860e-01,3.753723790093212997e-01,2.448826082910464941e-01,1.810051100075605879e-01,1.717210684377362129e-01,1.806834321314328695e-01,1.930104422340080672e-01,2.045412915233269235e-01,2.144441375323318522e-01,2.227887889197731341e-01,2.298424653211278701e-01,2.358758291500600568e-01,2.411174048660881253e-01,2.457501285731774621e-01,2.499184088037835760e-01,2.537364263974284384e-01,2.572952371874308031e-01,2.606683076095948071e-01,2.639156810310202550e-01,2.670870748029917086e-01,2.702241778134515937e-01,2.733623620869510273e-01,2.765319720159067907e-01,2.797593205849294717e-01,2.830675103310194007e-01,2.864772299385362486e-01,2.900078530764117479e-01,2.936800481707909083e-01,2.975287907189138603e-01,3.018109686051634322e-01,3.059417236685454400e-01,3.101636471757365787e-01,3.145238739886452306e-01,3.190371934607598714e-01,3.237095532268827736e-01,3.285422417226929181e-01,3.335332426206270018e-01,3.386778136890224999e-01,3.439687883453044215e-01,3.493967651906595973e-01,3.549502522080068001e-01,3.606157962950632401e-01,3.663781133557550973e-01,3.722202265309689784e-01,3.781236158115042212e-01,3.840683794668527939e-01,3.900334056847076791e-01,3.959965512053066905e-01,4.019348223911336504e-01,4.078245530201432545e-01,4.136415721138811397e-01,4.193613529386940875e-01
4.277767698401864771e-01,4.221292111336636399e-01,4.163625008299540187e-01,4.104991540662666361e-01,4.045613919352632482e-01,3.985710193910343424e-01,3.925492790040573943e-01,3.865166875869909258e-01,3.804928617781975775e-01,3.744963376221286944e-01,3.685443879580281301e-01,3.626528399196062291e-01,3.568358928886771753e-01,3.511059345152673927e-01,3.454733482588904780e-01,3.399462988782863682e-01,3.345304689755704830e-01,3.292286911202345623e-01,3.240403495764249131e-01,3.189602189034883017e-01,3.139756335095549300e-01,3.090565189891241182e-01,3.040371567748620385e-01,2.989614859101736299e-01,2.942600519398753667e-01,2.896540005073036661e-01,2.851064149101077416e-01,2.805861657098866480e-01,2.760597998385970753e-01,2.714887398049635747e-01,2.668272866447488623e-01,2.620205203397235061e-01,2.570017332606984728e-01,2.516891400076561314e-01,2.459816382883131536e-01,2.397534823483388755e-01,2.328480736722200739e-01,2.250722011001649592e-01,2.161954977232612707e-01,2.059702097119974207e-01,1.942179866507374453e-01,1.811302581664394895e-01,1.682507528625107329e-01,1.615887159296314490e-01,1.801146693251194641e-01,2.641646855072483646e-01,4.157628250081156773e-01,5.169680074031187678e-01,5.283433085892075276e-01,5.049271979996393656e-01,4.777922036158480656e-01,4.547793633488974030e-01,4.365911102147627121e-01,4.224297517183953077e-01,4.114019347503808932e-01,4.027927336253139812e-01,3.960748012466177026e-01,3.908685355113556970e-01,3.869031469585730298e-01,3.839873892229346830e-01,3.819892931123093915e-01,3.808227542924894626e-01,3.804391490281479049e-01,3.808227542924887410e-01,3.819892931123082813e-01,3.839873892229340724e-01,3.869031469585734184e-01,3.908685355113563631e-01,3.960748012466175916e-01,4.027927336253134261e-01,4.114019347503792834e-01,4.224297517183933648e-01,4.365911102147591039e-01,4.547793633488982912e-01,4.777922036158493424e-01,5.049271979996350357e-01,5.283433085892004222e-01,5.169680074031062222e-01,4.157628250080983578e-01,2.641646855073048195e-01,1.801146693251265141e-01,1.615887159296371667e-01,1.682507528625122040e-01,1.811302581664351041e-01,1.942179866507372232e-01,2.059702097120033049e-01,2.161954977232617425e-01,2.250722011001675682e-01,2.328480736722199351e-01,2.397534823483361277e-01,2.459816382883134867e-01,2.516891400076519125e-01,2.570017332606993055e-01,2.620205203397223959e-01,2.668272866447481406e-01,2.714887398049627421e-01,2.760597998385972973e-01,2.805861657098870365e-01,2.851064149101080192e-01,2.896540005073034996e-01,2.942600519398754777e-01,2.989614859101727418e-01,3.040371567748612613e-01,3.090565189891247289e-01,3.139756335095585937e-01,3.189602189034900226e-01,3.240403495764255237e-01,3.292286911202353950e-01,3.345304689755702054e-01,3.399462988782860351e-01,3.454733482588895344e-01,3.511059345152685585e-01,3.568358928886769532e-01,3.626528399196075614e-01,3.685443879580282411e-01,3.744963376221284723e-01,3.804928617781979105e-01,3.865166875869905927e-01,3.925492790040570057e-01,3.985710193910337873e-01,4.045613919352628041e-01,4.104991540662676353e-01,4.163625008299537966e-01,4.221292111336627517e-01,4.277767698401869212e-01
4.358309450429278531e-01,4.302589141359345337e-01,4.245484843407044684e-01,4.187201492230858690e-01,4.127941088488533139e-01,4.067901718529214339e-01,4.007276270992428113e-01,3.946250912180507830e-01,3.885003372021266776e-01,3.823701080088465210e-01,3.762499176179096017e-01,3.701538400466429790e-01,3.640942841060446633e-01,3.580817475901973412e-01,3.521245378950809135e-01,3.462284340166099650e-01,3.403962408062854994e-01,3.346271321126422782e-01,3.289155379446012106e-01,3.232488829500859695e-01,3.176015876635482349e-01,3.119087365342608220e-01,3.057175962738429842e-01,2.999767799748800923e-01,2.943043628817735846e-01,2.886167852042717530e-01,2.828638575567933300e-01,2.769938595640170642e-01,2.709467326069862070e-01,2.646501480868606038e-01,2.580157677095391011e-01,2.509351213103733769e-01,2.432752393625489673e-01,2.348752084564809939e-01,2.255474201069443407e-01,2.150944218054947343e-01,2.033724952921993623e-01,1.904922649451190608e-01,1.774245435791182712e-01,1.678045047531378786e-01,1.729626740442314070e-01,2.215553511672997966e-01,3.478946385095187943e-01,4.966622070779057596e-01,5.579750667894257665e-01,5.481834666273384116e-01,5.184172460735955168e-01,4.892648508747045599e-01,4.651548864502496050e-01,4.460010502141975031e-01,4.308588244302637982e-01,4.188212766779483287e-01,4.091784865881182842e-01,4.014039805194738464e-01,3.951122135807689228e-01,3.900204772339043724e-01,3.859204261670892699e-01,3.826579467012798941e-01,3.801191869424981884e-01,3.782209322412150576e-01,3.769040263389719092e-01,3.761289617213343650e-01,3.758730699918427232e-01,3.761289617213335323e-01,3.769040263389710210e-01,3.782209322412152241e-01,3.801191869424987435e-01,3.826579467012781732e-01,3.859204261670893255e-01,3.900204772339049830e-01,3.951122135807709213e-01,4.014039805194750121e-01,4.091784865881196165e-01,4.188212766779484952e-01,4.308588244302650194e-01,4.460010502141990574e-01,4.651548864502523806e-01,4.892648508746987868e-01,5.184172460735924082e-01,5.481834666273445178e-01,5.579750667894191052e-01,4.966622070779331266e-01,3.478946385095464389e-01,2.215553511673018228e-01,1.729626740442334609e-01,1.678045047531379064e-01,1.774245435791135250e-01,1.904922649451188943e-01,2.033724952921981133e-01,2.150944218054938462e-01,2.255474201069454510e-01,2.348752084564821041e-01,2.432752393625497722e-01,2.509351213103754863e-01,2.580157677095397117e-01,2.646501480868599376e-01,2.709467326069850968e-01,2.769938595640162871e-01,2.828638575567934410e-01,2.886167852042715865e-01,2.943043628817751389e-01,2.999767799748805919e-01,3.057175962738413189e-01,3.119087365342614326e-01,3.176015876635487345e-01,3.232488829500881344e-01,3.289155379446029870e-01,3.346271321126436660e-01,3.403962408062868317e-01,3.462284340166109087e-01,3.521245378950805249e-01,3.580817475901972857e-01,3.640942841060442192e-01,3.701538400466429235e-01,3.762499176179100457e-01,3.823701080088461324e-01,3.885003372021280654e-01,3.946250912180510606e-01,4.007276270992430889e-01,4.067901718529215449e-01,4.127941088488533139e-01,4.187201492230859801e-01,4.245484843407042463e-01,4.302589141359354219e-01,4.358309450429286858e-01
4.435360863674139287e-01,4.380362652969573278e-01,4.323807372858412545e-01,4.265879572787151797e-01,4.206760287457832481e-01,4.146626241853348382e-01,4.085648685491963250e-01,4.023991909077136442e-01,3.961811482415147911e-01,3.899252236062885624e-01,3.836445988431092524e-01,3.773508991642155475e-01,3.710539027479208829e-01,3.647612018075890306e-01,3.584777901272575007e-01,3.522055304880613580e-01,3.459424104676857015e-01,3.396813890583365025e-01,3.334083431467830261e-01,3.270976085788321330e-01,3.206985879371816450e-01,3.140482179336575030e-01,3.067979009061015949e-01,3.000408340978233390e-01,2.931942654890790090e-01,2.861714536766411521e-01,2.788949240402726626e-01,2.712769860006614686e-01,2.632132117926444526e-01,2.545786640399875234e-01,2.452271702997313452e-01,2.349985661089974143e-01,2.237480489916212623e-01,2.114361937479082854e-01,1.983864965088386612e-01,1.860122024395531592e-01,1.788430203402228968e-01,1.896802637390687385e-01,2.474551258896361683e-01,3.788917381898052605e-01,5.216654039793292563e-01,5.779089476214359644e-01,5.664712015496234931e-01,5.353724001644459829e-01,5.046663217605121821e-01,4.789632614033729197e-01,4.583023266033698362e-01,4.417768275077446072e-01,4.284766875456832436e-01,4.176746170798543156e-01,4.088235867048682914e-01,4.015181459622207405e-01,3.954572814658458002e-01,3.904158209362995624e-01,3.862238141411809544e-01,3.827519679958553134e-01,3.799013952701011387e-01,3.775963797331443605e-01,3.757792513746190388e-01,3.744067538410587592e-01,3.734474873678961804e-01,3.728801486782989394e-01,3.726923851135141019e-01,3.728801486782988839e-01,3.734474873678967355e-01,3.744067538410586482e-01,3.757792513746194274e-01,3.775963797331452487e-01,3.799013952701010832e-01,3.827519679958548138e-01,3.862238141411789005e-01,3.904158209362991183e-01,3.954572814658464108e-01,4.015181459622207405e-01,4.088235867048695682e-01,4.176746170798533164e-01,4.284766875456824664e-01,4.417768275077463835e-01,4.583023266033710019e-01,4.789632614033662583e-01,5.046663217605084073e-01,5.353724001644432073e-01,5.664712015496222719e-01,5.779089476214431809e-01,5.216654039793579001e-01,3.788917381898360692e-01,2.474551258896150185e-01,1.896802637390648250e-01,1.788430203402217311e-01,1.860122024395515494e-01,1.983864965088420751e-01,2.114361937479100340e-01,2.237480489916249260e-01,2.349985661089978861e-01,2.452271702997289582e-01,2.545786640399875234e-01,2.632132117926466175e-01,2.712769860006616907e-01,2.788949240402718299e-01,2.861714536766424288e-01,2.931942654890770106e-01,3.000408340978230060e-01,3.067979009061004847e-01,3.140482179336570590e-01,3.206985879371804238e-01,3.270976085788325216e-01,3.334083431467844694e-01,3.396813890583375017e-01,3.459424104676858125e-01,3.522055304880645221e-01,3.584777901272568901e-01,3.647612018075875873e-01,3.710539027479211605e-01,3.773508991642148258e-01,3.836445988431090304e-01,3.899252236062883403e-01,3.961811482415149022e-01,4.023991909077135332e-01,4.085648685491968801e-01,4.146626241853344497e-01,4.206760287457826930e-01,4.265879572787171226e-01,4.323807372858406994e-01,4.380362652969579940e-01,4.435360863674138177e-01
4.507636719348261378e-01,4.453256884329949705e-01,4.397157704968104319e-01,4.339502864416986405e-01,4.280451324004896363e-01,4.220156638077849909e-01,4.158765810375640859e-01,4.096417739091660071e-01,4.033241270012618562e-01,3.969352853124852865e-01,3.904853766468544540e-01,3.839826825740876859e-01,3.774332428424294061e-01,3.708403665967823226e-01,3.642040031905233732e-01,3.575198853116151598e-01,3.507782703626133314e-01,3.439618912966388442e-01,3.370420931393728337e-01,3.299696919800998995e-01,3.226421914622109033e-01,3.142809019232070677e-01,3.062950301103447570e-01,2.982324383842526183e-01,2.898697291529915288e-01,2.810919834965203146e-01,2.717810100967195108e-01,2.618062366291729615e-01,2.510315546537015829e-01,2.393459317363592354e-01,2.267524617134077380e-01,2.136110040020176015e-01,2.012930975028388580e-01,1.939315558279684493e-01,2.027179448823023811e-01,2.526780421648394115e-01,3.712590259046344987e-01,5.159219502113171485e-01,5.878943387993683656e-01,5.854727823487768656e-01,5.559876285481895053e-01,5.240200294813897042e-01,4.963680469027152431e-01,4.737792613414193998e-01,4.555239698077843680e-01,4.407061380190421263e-01,4.285696807071386893e-01,4.185325004302695717e-01,4.101577684026108672e-01,4.031185284829956195e-01,3.971685089298198079e-01,3.921204220602725887e-01,3.878303709472427641e-01,3.841867436088433618e-01,3.811022901256295170e-01,3.785084362978384798e-01,3.763511729020220242e-01,3.745880649785016114e-01,3.731860679733843833e-01,3.721199352253949377e-01,3.713710684730195388e-01,3.709267098665766649e-01,3.707794073387749578e-01,3.709267098665772200e-01,3.713710684730197609e-01,3.721199352253937720e-01,3.731860679733845498e-01,3.745880649785020555e-01,3.763511729020211916e-01,3.785084362978370365e-01,3.811022901256305717e-01,3.841867436088439169e-01,3.878303709472417649e-01,3.921204220602720336e-01,3.971685089298195859e-01,4.031185284829944537e-01,4.101577684026111448e-01,4.185325004302692387e-01,4.285696807071399106e-01,4.407061380190407940e-01,4.555239698077821475e-01,4.737792613414227860e-01,4.963680469027101361e-01,5.240200294813840420e-01,5.559876285481936131e-01,5.854727823487817506e-01,5.878943387993625924e-01,5.159219502113203681e-01,3.712590259045945862e-01,2.526780421648204267e-01,2.027179448823008268e-01,1.939315558279681440e-01,2.012930975028396630e-01,2.136110040020197665e-01,2.267524617134104858e-01,2.393459317363596239e-01,2.510315546537032483e-01,2.618062366291740162e-01,2.717810100967197329e-01,2.810919834965203146e-01,2.898697291529906406e-01,2.982324383842514526e-01,3.062950301103432027e-01,3.142809019232057355e-01,3.226421914622093490e-01,3.299696919800991224e-01,3.370420931393719455e-01,3.439618912966388442e-01,3.507782703626139420e-01,3.575198853116169362e-01,3.642040031905253161e-01,3.708403665967828777e-01,3.774332428424289065e-01,3.839826825740881300e-01,3.904853766468544540e-01,3.969352853124846203e-01,4.033241270012616342e-01,4.096417739091657850e-01,4.158765810375630312e-01,4.220156638077843803e-01,4.280451324004885261e-01,4.339502864416981964e-01,4.397157704968100433e-01,4.453256884329943599e-01,4.507636719348257492e-01
4.574340092952874914e-01,4.520406133176259056e-01,4.464590815686887426e-01,4.407035620629261574e-01,4.347875459128325848e-01,4.287237844961007682e-01,4.225241663245806190e-01,4.161995363996299768e-01,4.097594603493335819e-01,4.032119285248997320e-01,3.965629899957031634e-01,3.898162987473379748e-01,3.829725422327934226e-01,3.760287016899216406e-01,3.689770554372252542e-01,3.618037593001124930e-01,3.544866643781008353e-01,3.469915780749696643e-01,3.392647218507620077e-01,3.312127784883405757e-01,3.226088481442255240e-01,3.125393824558573286e-01,3.031162428439599377e-01,2.932880426576789934e-01,2.828705173676288043e-01,2.717268018798146834e-01,2.597507491440953498e-01,2.469314972701614486e-01,2.335406716412332939e-01,2.206271941891938260e-01,2.113072760887312884e-01,2.139377926728537049e-01,2.479632723161279140e-01,3.420269153620064118e-01,4.841564701424573292e-01,5.837070199150190541e-01,6.020382262543675367e-01,5.790048218445067452e-01,5.470093430359499465e-01,5.174489189161503022e-01,4.926726535660519990e-01,4.723999189986821667e-01,4.558190300476310797e-01,4.421553634058717486e-01,4.307863006869517841e-01,4.212357705443262046e-01,4.131442166267362825e-01,4.062394921398166936e-01,4.003139375977839975e-01,3.952074640259377603e-01,3.907953345072984197e-01,3.869793754907878136e-01,3.836816319827917598e-01,3.808397544479895092e-01,3.784036168386761823e-01,3.763328168931362461e-01,3.745948155601017682e-01,3.731635454215019299e-01,3.720183684823401005e-01,3.711432988838365699e-01,3.705264309245251408e-01,3.701595306126588270e-01,3.700377621249790194e-01,3.701595306126593266e-01,3.705264309245243637e-01,3.711432988838360703e-01,3.720183684823398229e-01,3.731635454215019299e-01,3.745948155601011020e-01,3.763328168931376894e-01,3.784036168386772925e-01,3.808397544479891761e-01,3.836816319827924260e-01,3.869793754907873695e-01,3.907953345072983087e-01,3.952074640259388150e-01,4.003139375977837200e-01,4.062394921398160830e-01,4.131442166267371152e-01,4.212357705443274258e-01,4.307863006869515621e-01,4.421553634058747462e-01,4.558190300476341883e-01,4.723999189986792246e-01,4.926726535660548301e-01,5.174489189161503022e-01,5.470093430359441733e-01,5.790048218444985295e-01,6.020382262543668705e-01,5.837070199150100613e-01,4.841564701424665995e-01,3.420269153620347224e-01,2.479632723161247498e-01,2.139377926728532608e-01,2.113072760887316215e-01,2.206271941891917998e-01,2.335406716412368744e-01,2.469314972701564248e-01,2.597507491440936289e-01,2.717268018798152940e-01,2.828705173676304141e-01,2.932880426576782162e-01,3.031162428439613254e-01,3.125393824558597156e-01,3.226088481442244693e-01,3.312127784883411863e-01,3.392647218507646167e-01,3.469915780749698309e-01,3.544866643781006688e-01,3.618037593001133256e-01,3.689770554372266975e-01,3.760287016899226953e-01,3.829725422327940887e-01,3.898162987473381413e-01,3.965629899957027749e-01,4.032119285248990104e-01,4.097594603493334708e-01,4.161995363996297548e-01,4.225241663245812296e-01,4.287237844961004352e-01,4.347875459128329179e-01,4.407035620629256023e-01,4.464590815686894643e-01,4.520406133176262942e-01,4.574340092952871029e-01
4.634573667408696807e-01,4.580836582231586629e-01,4.525042877991677925e-01,4.467309291024945117e-01,4.407742910405837433e-01,4.346440414219551740e-01,4.283486363120764806e-01,4.218950823838591990e-01,4.152886237975649264e-01,4.085323352459158119e-01,4.016266019052014413e-01,3.945684518620397596e-01,3.873506847967344013e-01,3.799607024529785826e-01,3.723788735812033623e-01,3.645761131453363335e-01,3.565099927697731319e-01,3.481176867716269108e-01,3.393004915938262478e-01,3.298761281007827617e-01,3.191882556394454729e-01,3.071729785137317648e-01,2.956677562518158497e-01,2.834384878444886624e-01,2.703920455956081437e-01,2.566575475282859009e-01,2.428956104143583095e-01,2.311492310806217421e-01,2.269728307555978208e-01,2.439471415385573438e-01,3.074305999777438014e-01,4.313202270082511225e-01,5.568260352331705354e-01,6.091435816011019355e-01,6.013959729029442203e-01,5.726254257622954702e-01,5.419971428045217143e-01,5.150795620497521377e-01,4.926185131377669446e-01,4.740706393278421027e-01,4.586954432098947487e-01,4.458406688959340447e-01,4.349895889039466224e-01,4.257458734348494311e-01,4.178074932380961282e-01,4.109433211465363112e-01,4.049749494067436673e-01,3.997632311351339007e-01,3.951984778537619425e-01,3.911933360548646710e-01,3.876775889461128721e-01,3.845943357919019978e-01,3.818971601757447099e-01,3.795480132267060602e-01,3.775156185664816366e-01,3.757742620464972205e-01,3.743028686476583267e-01,3.730842964943828499e-01,3.721047974557007421e-01,3.713536077833823335e-01,3.708226423934825600e-01,3.705062739210975287e-01,3.704011833989300229e-01,3.705062739210974176e-01,3.708226423934823934e-01,3.713536077833831106e-01,3.721047974557015192e-01,3.730842964943835716e-01,3.743028686476582712e-01,3.757742620464985528e-01,3.775156185664808595e-01,3.795480132267067264e-01,3.818971601757437662e-01,3.845943357919024419e-01,3.876775889461123170e-01,3.911933360548638383e-01,3.951984778537615539e-01,3.997632311351339562e-01,4.049749494067426681e-01,4.109433211465374214e-01,4.178074932380969608e-01,4.257458734348513740e-01,4.349895889039477326e-01,4.458406688959364317e-01,4.586954432098935830e-01,4.740706393278359965e-01,4.926185131377667226e-01,5.150795620497501393e-01,5.419971428045181616e-01,5.726254257622884758e-01,6.013959729029432211e-01,6.091435816011004922e-01,5.568260352331635410e-01,4.313202270082205358e-01,3.074305999777564580e-01,2.439471415385672803e-01,2.269728307555969604e-01,2.311492310806201322e-01,2.428956104143585315e-01,2.566575475282858454e-01,2.703920455956073665e-01,2.834384878444883293e-01,2.956677562518175706e-01,3.071729785137309321e-01,3.191882556394449733e-01,3.298761281007823176e-01,3.393004915938283017e-01,3.481176867716271328e-01,3.565099927697732984e-01,3.645761131453363890e-01,3.723788735812051942e-01,3.799607024529789157e-01,3.873506847967367883e-01,3.945684518620409253e-01,4.016266019052023295e-01,4.085323352459164781e-01,4.152886237975656480e-01,4.218950823838594211e-01,4.283486363120754814e-01,4.346440414219553960e-01,4.407742910405827996e-01,4.467309291024947893e-01,4.525042877991671264e-01,4.580836582231597731e-01,4.634573667408708464e-01
4.686777985233573918e-01,4.632893611457430949e-01,4.576745187947103832e-01,4.518419811972635980e-01,4.457990592751127634e-01,4.395515208491324044e-01,4.331033460884464170e-01,4.264564087958679917e-01,4.196099971352368341e-01,4.125602164000083394e-01,4.052992025151989641e-01,3.978140884196328941e-01,3.900856218935721542e-01,3.820862632442632023e-01,3.737774527507647937e-01,3.651054312930772650e-01,3.559942181365203240e-01,3.463319662136292720e-01,3.359373562543787051e-01,3.244294540082982570e-01,3.096939425102615551e-01,2.961293839535600325e-01,2.819888038012631215e-01,2.674148768632851891e-01,2.535533607161835068e-01,2.437404949500706908e-01,2.465557135035535419e-01,2.807613069529520389e-01,3.710465568591261309e-01,5.025723522514695674e-01,5.959061930040109312e-01,6.170027954827475014e-01,5.983745814349052949e-01,5.691409540667395905e-01,5.407737875960401119e-01,5.162130441184644702e-01,4.956026157160475787e-01,4.783778395060392374e-01,4.639021576482634801e-01,4.516306096571693907e-01,4.411316594352564513e-01,4.320717893023689471e-01,4.241942550153910974e-01,4.173004707893063214e-01,4.112355117430320783e-01,4.058772886440759620e-01,4.011285798073640496e-01,3.969111781600866973e-01,3.931615755943378421e-01,3.898277596159111513e-01,3.868668167485620479e-01,3.842431246395814903e-01,3.819269772135980845e-01,3.798935313065547326e-01,3.781219943267063455e-01,3.765949945329865600e-01,3.752980912420908477e-01,3.742193935843298735e-01,3.733492646475686239e-01,3.726800938961766230e-01,3.722061252693472100e-01,3.719233318030119029e-01,3.718293303070430156e-01,3.719233318030124580e-01,3.722061252693474320e-01,3.726800938961766785e-01,3.733492646475691235e-01,3.742193935843299846e-01,3.752980912420906812e-01,3.765949945329869486e-01,3.781219943267046246e-01,3.798935313065541775e-01,3.819269772135983065e-01,3.842431246395834887e-01,3.868668167485607712e-01,3.898277596159121505e-01,3.931615755943382307e-01,3.969111781600871414e-01,4.011285798073646602e-01,4.058772886440755734e-01,4.112355117430311346e-01,4.173004707893075427e-01,4.241942550153899871e-01,4.320717893023688916e-01,4.411316594352565623e-01,4.516306096571681694e-01,4.639021576482634246e-01,4.783778395060394595e-01,4.956026157160486889e-01,5.162130441184614726e-01,5.407737875960410001e-01,5.691409540667365929e-01,5.983745814349050729e-01,6.170027954827440597e-01,5.959061930040004951e-01,5.025723522514576880e-01,3.710465568591369001e-01,2.807613069529696914e-01,2.465557135035505443e-01,2.437404949500709961e-01,2.535533607161832848e-01,2.674148768632844675e-01,2.819888038012646758e-01,2.961293839535606987e-01,3.096939425102572807e-01,3.244294540082962031e-01,3.359373562543798153e-01,3.463319662136282173e-01,3.559942181365223779e-01,3.651054312930760992e-01,3.737774527507657374e-01,3.820862632442649787e-01,3.900856218935722097e-01,3.978140884196341154e-01,4.052992025152012956e-01,4.125602164000085614e-01,4.196099971352367231e-01,4.264564087958694905e-01,4.331033460884463615e-01,4.395515208491327930e-01,4.457990592751132630e-01,4.518419811972632094e-01,4.576745187947099391e-01,4.632893611457441496e-01,4.686777985233576138e-01
4.728942015315103498e-01,4.674438571012103361e-01,4.617403072473247327e-01,4.557884346977213452e-01,4.495910389049267986e-01,4.431485905496557187e-01,4.364588535536005343e-01,4.295163411404603337e-01,4.223116223572794259e-01,4.148303767458399460e-01,4.070521522860622299e-01,3.989487360264961091e-01,3.904819596054248665e-01,3.816006698927859042e-01,3.722363610017935809e-01,3.622964065179966608e-01,3.516522252916755575e-01,3.401139705071899444e-01,3.273551118932707116e-01,3.124722333055749979e-01,2.938440950779097616e-01,2.782146672480945715e-01,2.643385843145893421e-01,2.570714340601809589e-01,2.684269223948498873e-01,3.209974310012408960e-01,4.303370621381618077e-01,5.523573213279889815e-01,6.155450969316783594e-01,6.190532258947084587e-01,5.966612381969385037e-01,5.688372271610272479e-01,5.428125148680298384e-01,5.202845847598541740e-01,5.011861043147175510e-01,4.850128198387833045e-01,4.712331571855598589e-01,4.593944485312059234e-01,4.491356767811730544e-01,4.401749197584178819e-01,4.322927678246832328e-01,4.253176999769314182e-01,4.191145490307742749e-01,4.135757725481836733e-01,4.086149453921643082e-01,4.041619234551022677e-01,4.001592395236760469e-01,3.965594021305765549e-01,3.933228568382894919e-01,3.904164357842502264e-01,3.878121695429206928e-01,3.854863699621201567e-01,3.834189173799616435e-01,3.815927033651270173e-01,3.799931928970147199e-01,3.786080791641750487e-01,3.774270109293254016e-01,3.764413774030276327e-01,3.756441392902282739e-01,3.750296974822664997e-01,3.745937930171896468e-01,3.743334336090986536e-01,3.742468433890728252e-01,3.743334336090998749e-01,3.745937930171892027e-01,3.750296974822668328e-01,3.756441392902278853e-01,3.764413774030270776e-01,3.774270109293267894e-01,3.786080791641748267e-01,3.799931928970138317e-01,3.815927033651272393e-01,3.834189173799615324e-01,3.854863699621216000e-01,3.878121695429206928e-01,3.904164357842502264e-01,3.933228568382886037e-01,3.965594021305768324e-01,4.001592395236760469e-01,4.041619234551017681e-01,4.086149453921634755e-01,4.135757725481826741e-01,4.191145490307742749e-01,4.253176999769325284e-01,4.322927678246824557e-01,4.401749197584183260e-01,4.491356767811720552e-01,4.593944485312025927e-01,4.712331571855611356e-01,4.850128198387825829e-01,5.011861043147184391e-01,5.202845847598589479e-01,5.428125148680298384e-01,5.688372271610248054e-01,5.966612381969337298e-01,6.190532258947064603e-01,6.155450969316749177e-01,5.523573213279956429e-01,4.303370621381236716e-01,3.209974310012602139e-01,2.684269223948493877e-01,2.570714340601810144e-01,2.643385843145908409e-01,2.782146672480969585e-01,2.938440950779111493e-01,3.124722333055784396e-01,3.273551118932729875e-01,3.401139705071906660e-01,3.516522252916766678e-01,3.622964065179966608e-01,3.722363610017923596e-01,3.816006698927867924e-01,3.904819596054253106e-01,3.989487360264968863e-01,4.070521522860645058e-01,4.148303767458391689e-01,4.223116223572807026e-01,4.295163411404608889e-01,4.364588535536015335e-01,4.431485905496551636e-01,4.495910389049260214e-01,4.557884346977227885e-01,4.617403072473245107e-01,4.674438571012086152e-01,4.728942015315097391e-01
4.757787659693011872e-01,4.702008404084530024e-01,4.643323335603168900e-01,4.581727856000498700e-01,4.517185573974637491e-01,4.449623931381367359e-01,4.378927879166811254e-01,4.304931288055802163e-01,4.227405616422574286e-01,4.146045072261710929e-01,4.060448265313390537e-01,3.970093993197414961e-01,3.874311295815538458e-01,3.772242079757612276e-01,3.662794917651776005e-01,3.544585946236903373e-01,3.415845198297682850e-01,3.274154072811721328e-01,3.114995533419055995e-01,2.899967076352855666e-01,2.742750943419252074e-01,2.700641387315401709e-01,2.913803678516104778e-01,3.618984226732631648e-01,4.807627455919449844e-01,5.849464521704024200e-01,6.255310980908258545e-01,6.199841044044721583e-01,5.971299972795557354e-01,5.713769580094296696e-01,5.475769438566103764e-01,5.268235753589030068e-01,5.090047033229389006e-01,4.937041234881050511e-01,4.804886153591385045e-01,4.689858763503297889e-01,4.588951629684780431e-01,4.499785859268010113e-01,4.420487737164955910e-01,4.349576394389257916e-01,4.285873128724181913e-01,4.228431486768134961e-01,4.176484314425660815e-01,4.129403871097302448e-01,4.086671756088521290e-01,4.047856138453508890e-01,4.012594416121441632e-01,3.980579922850500108e-01,3.951551668760683866e-01,3.925286369012299104e-01,3.901592210679650230e-01,3.880303949944255426e-01,3.861279035293149753e-01,3.844394528274776013e-01,3.829544649297758063e-01,3.816638817492233327e-01,3.805600084745210943e-01,3.796363887501698064e-01,3.788877057833336393e-01,3.783097049098617104e-01,3.778991342337008619e-01,3.776537008164125298e-01,3.775720405972181615e-01,3.776537008164120857e-01,3.778991342337003623e-01,3.783097049098612663e-01,3.788877057833331397e-01,3.796363887501692513e-01,3.805600084745216494e-01,3.816638817492227775e-01,3.829544649297761394e-01,3.844394528274779343e-01,3.861279035293149198e-01,3.880303949944257091e-01,3.901592210679655226e-01,3.925286369012315202e-01,3.951551668760683866e-01,3.980579922850501218e-01,4.012594416121429419e-01,4.047856138453515551e-01,4.086671756088524066e-01,4.129403871097303558e-01,4.176484314425658595e-01,4.228431486768130521e-01,4.285873128724174141e-01,4.349576394389252920e-01,4.420487737164943698e-01,4.499785859267999566e-01,4.588951629684766553e-01,4.689858763503284012e-01,4.804886153591378939e-01,4.937041234881026641e-01,5.090047033229389006e-01,5.268235753589051162e-01,5.475769438566100433e-01,5.713769580094332223e-01,5.971299972795501843e-01,6.199841044044710481e-01,6.255310980908264096e-01,5.849464521704090814e-01,4.807627455919414872e-01,3.618984226732607778e-01,2.913803678516125872e-01,2.700641387315432240e-01,2.742750943419261511e-01,2.899967076352851780e-01,3.114995533419052109e-01,3.274154072811750749e-01,3.415845198297684515e-01,3.544585946236923912e-01,3.662794917651769899e-01,3.772242079757621158e-01,3.874311295815549006e-01,3.970093993197419402e-01,4.060448265313391647e-01,4.146045072261723141e-01,4.227405616422574286e-01,4.304931288055802163e-01,4.378927879166830683e-01,4.449623931381376796e-01,4.517185573974624724e-01,4.581727856000485932e-01,4.643323335603177782e-01,4.702008404084528359e-01,4.757787659693030746e-01
4.768181055107025834e-01,4.710182925296194090e-01,4.648723793313539465e-01,4.583719133529428058e-01,4.515034571134209918e-01,4.442478238169271232e-01,4.365790400788196468e-01,4.284630104311835108e-01,4.198558736838854943e-01,4.107020955930891226e-01,4.009324466520832742e-01,3.904624447645703156e-01,3.791924627081722510e-01,3.670125306734763337e-01,3.538189726135091973e-01,3.395590734900542640e-01,3.243389025974217632e-01,3.086507319748879041e-01,2.935320280199867904e-01,2.815203595751931687e-01,3.144424690615204021e-01,4.014668922314811872e-01,5.212945630845309264e-01,6.059803997934896103e-01,6.312416021679425615e-01,6.215451850478648232e-01,5.997785305677245660e-01,5.763006003182891135e-01,5.545795182795719702e-01,5.354152658275790344e-01,5.187241460988596398e-01,5.041848417212898559e-01,4.914543789080147440e-01,4.802315996621901451e-01,4.702687160973590408e-01,4.613666185787814733e-01,4.533663428132902462e-01,4.461407692763860733e-01,4.395876688758290074e-01,4.336241987549344090e-01,4.281826486241445684e-01,4.232071833793588644e-01,4.186513530980664477e-01,4.144761856804023981e-01,4.106487197739572825e-01,4.071408705226956526e-01,4.039285477092752763e-01,4.009909662096612371e-01,3.983101038066133026e-01,3.958702726037197084e-01,3.936577785675241525e-01,3.916606498753614773e-01,3.898684193321633185e-01,3.882719495576518187e-01,3.868632922396175178e-01,3.856355747199310402e-01,3.845829086884801074e-01,3.837003169245374323e-01,3.829836749318509814e-01,3.824296650280115117e-01,3.820357410187329439e-01,3.818001020506993082e-01,3.817216746210994605e-01,3.818001020506991972e-01,3.820357410187339431e-01,3.824296650280118448e-01,3.829836749318516476e-01,3.837003169245384315e-01,3.845829086884812731e-01,3.856355747199299855e-01,3.868632922396177953e-01,3.882719495576520963e-01,3.898684193321631519e-01,3.916606498753606447e-01,3.936577785675225427e-01,3.958702726037202635e-01,3.983101038066131361e-01,4.009909662096609595e-01,4.039285477092753873e-01,4.071408705226961522e-01,4.106487197739570605e-01,4.144761856804023981e-01,4.186513530980659481e-01,4.232071833793582538e-01,4.281826486241452345e-01,4.336241987549354637e-01,4.395876688758286743e-01,4.461407692763861843e-01,4.533663428132905238e-01,4.613666185787803631e-01,4.702687160973585967e-01,4.802315996621875360e-01,4.914543789080151326e-01,5.041848417212883016e-01,5.187241460988560871e-01,5.354152658275764809e-01,5.545795182795721923e-01,5.763006003182915560e-01,5.997785305677201251e-01,6.215451850478548312e-01,6.312416021679386757e-01,6.059803997934988251e-01,5.212945630845141620e-01,4.014668922314600374e-01,3.144424690615171269e-01,2.815203595751908927e-01,2.935320280199875675e-01,3.086507319748890144e-01,3.243389025974233175e-01,3.395590734900517105e-01,3.538189726135096413e-01,3.670125306734792758e-01,3.791924627081741384e-01,3.904624447645732577e-01,4.009324466520832186e-01,4.107020955930915651e-01,4.198558736838853833e-01,4.284630104311822341e-01,4.365790400788200354e-01,4.442478238169269567e-01,4.515034571134197150e-01,4.583719133529444156e-01,4.648723793313555563e-01,4.710182925296196310e-01,4.768181055107026944e-01
4.751789157071544256e-01,4.690163562143089271e-01,4.624209318457424556e-01,4.553716615607625307e-01,4.478396517318900538e-01,4.397869273454996786e-01,4.311650507738880589e-01,4.219137220093028273e-01,4.119598488864131269e-01,4.012182460516133808e-01,3.895966449138197896e-01,3.770111935562145966e-01,3.634267111958886520e-01,3.489555366367053657e-01,3.340938513086066375e-01,3.202776830202948566e-01,3.111274538962873204e-01,3.147662104693971230e-01,3.446789907468265635e-01,4.373573341873162046e-01,5.528123739824108984e-01,6.199578956362947757e-01,6.353754509936683226e-01,6.242638308288028792e-01,6.043022893346540192e-01,5.831264569097927009e-01,5.633599523932064645e-01,5.456626222890152977e-01,5.300093776817229596e-01,5.161716847068567038e-01,5.038888385544282311e-01,4.929235888366188534e-01,4.830757251329705904e-01,4.741811747591646031e-01,4.661068440717525685e-01,4.587448859415542701e-01,4.520075954960815490e-01,4.458232128848435005e-01,4.401325890423960496e-01,4.348865773026900361e-01,4.300440048621647082e-01,4.255700966525828854e-01,4.214352485411105298e-01,4.176140693274734139e-01,4.140846296490204304e-01,4.108278705612961046e-01,4.078271358110976408e-01,4.050678003556726359e-01,4.025369741312888605e-01,4.002232649453459357e-01,3.981165880527852696e-01,3.962080127778098149e-01,3.944896386788787068e-01,3.929544953942512575e-01,3.915964615701517104e-01,3.904101992555185086e-01,3.893911009147145164e-01,3.885352468136739623e-01,3.878393710147802764e-01,3.873008346005013536e-01,3.869176050584405280e-01,3.866882410185109586e-01,3.866118817504690663e-01,3.866882410185106256e-01,3.869176050584407500e-01,3.873008346005006319e-01,3.878393710147814977e-01,3.885352468136732407e-01,3.893911009147132951e-01,3.904101992555185086e-01,3.915964615701514884e-01,3.929544953942514240e-01,3.944896386788782627e-01,3.962080127778093153e-01,3.981165880527854362e-01,4.002232649453458802e-01,4.025369741312886940e-01,4.050678003556727469e-01,4.078271358110978073e-01,4.108278705612959936e-01,4.140846296490197087e-01,4.176140693274735249e-01,4.214352485411131388e-01,4.255700966525836071e-01,4.300440048621642641e-01,4.348865773026890924e-01,4.401325890423961051e-01,4.458232128848428344e-01,4.520075954960808828e-01,4.587448859415532154e-01,4.661068440717524575e-01,4.741811747591642145e-01,4.830757251329711455e-01,4.929235888366187424e-01,5.038888385544276760e-01,5.161716847068552605e-01,5.300093776817224045e-01,5.456626222890180733e-01,5.633599523932042441e-01,5.831264569097895922e-01,6.043022893346537971e-01,6.242638308288049886e-01,6.353754509936629935e-01,6.199578956362845616e-01,5.528123739824104543e-01,4.373573341873055464e-01,3.446789907468390535e-01,3.147662104693980667e-01,3.111274538962875980e-01,3.202776830202950786e-01,3.340938513086060824e-01,3.489555366367075306e-01,3.634267111958883190e-01,3.770111935562153183e-01,3.895966449138191789e-01,4.012182460516187099e-01,4.119598488864137376e-01,4.219137220093026053e-01,4.311650507738886140e-01,4.397869273454992900e-01,4.478396517318892212e-01,4.553716615607643070e-01,4.624209318457415119e-01,4.690163562143081499e-01,4.751789157071556469e-01
4.694667229701786071e-01,4.627237130439382784e-01,4.554075753765577383e-01,4.474780597432999052e-01,4.388832266033159679e-01,4.295589024886878882e-01,4.194294129094371382e-01,4.084116782552937308e-01,3.964273030300670131e-01,3.834330120019131538e-01,3.694928056501243785e-01,3.549448300291007663e-01,3.407811170101427423e-01,3.294829588556472122e-01,3.266742410361032078e-01,3.433672207059507153e-01,3.945283525353227572e-01,4.823060474184014401e-01,5.748777973682301923e-01,6.299422642390825056e-01,6.392730270418137684e-01,6.281987227307936905e-01,6.103277371398101447e-01,5.914029636936481982e-01,5.734927745527645948e-01,5.571876536645328226e-01,5.425282385556681186e-01,5.293717731085388900e-01,5.175319288149765606e-01,5.068292990433449496e-01,4.971070529000293226e-01,4.882333553656685310e-01,4.800991454709720996e-01,4.726146543153158519e-01,4.657059376356771918e-01,4.593118458484499178e-01,4.533815179963642805e-01,4.478723622393614434e-01,4.427484485809261017e-01,4.379792365891238548e-01,4.335385698465022419e-01,4.294038807160288074e-01,4.255555602907740709e-01,4.219764579996500009e-01,4.186514831150267013e-01,4.155672865410784400e-01,4.127120060382299394e-01,4.100750617373017937e-01,4.076469916549083083e-01,4.054193191321519563e-01,4.033844458322163318e-01,4.015355652654925001e-01,3.998665928520208634e-01,3.983721093478144737e-01,3.970473151058038774e-01,3.958879931525589035e-01,3.948904794688984921e-01,3.940516391890399595e-01,3.933688476967523440e-01,3.928399758123943264e-01,3.924633784422696392e-01,3.922378862106322694e-01,3.921627997217277950e-01,3.922378862106328246e-01,3.924633784422702498e-01,3.928399758123946039e-01,3.933688476967527881e-01,3.940516391890401815e-01,3.948904794688993802e-01,3.958879931525567941e-01,3.970473151058046546e-01,3.983721093478141961e-01,3.998665928520211410e-01,4.015355652654927776e-01,4.033844458322149995e-01,4.054193191321534551e-01,4.076469916549084194e-01,4.100750617373011275e-01,4.127120060382299394e-01,4.155672865410788286e-01,4.186514831150271454e-01,4.219764579996469478e-01,4.255555602907734603e-01,4.294038807160295845e-01,4.335385698465015203e-01,4.379792365891242434e-01,4.427484485809261017e-01,4.478723622393607773e-01,4.533815179963655573e-01,4.593118458484507505e-01,4.657059376356764147e-01,4.726146543153166291e-01,4.800991454709728767e-01,4.882333553656675318e-01,4.971070529000284344e-01,5.068292990433447276e-01,5.175319288149762276e-01,5.293717731085355593e-01,5.425282385556684517e-01,5.571876536645321565e-01,5.734927745527645948e-01,5.914029636936457557e-01,6.103277371398106999e-01,6.281987227307934685e-01,6.392730270418132132e-01,6.299422642390731797e-01,5.748777973682183129e-01,4.823060474183863966e-01,3.945283525353361354e-01,3.433672207059546566e-01,3.266742410361029303e-01,3.294829588556461020e-01,3.407811170101424647e-01,3.549448300291007108e-01,3.694928056501221025e-01,3.834330120019161514e-01,3.964273030300732303e-01,4.084116782552932867e-01,4.194294129094392476e-01,4.295589024886873331e-01,4.388832266033160789e-01,4.474780597433003493e-01,4.554075753765572943e-01,4.627237130439394996e-01,4.694667229701768307e-01
4.572828482161153674e-01,4.496266006742993815e-01,4.411740693521949974e-01,4.318641168676328190e-01,4.216275029230817650e-01,4.103974060653365896e-01,3.981341719780873145e-01,3.848811457396281721e-01,3.708879405023959297e-01,3.568780887217680164e-01,3.446123732294125164e-01,3.379781023363149783e-01,3.446115284314023586e-01,3.762783862489504916e-01,4.415757348317130293e-01,5.279015998868321624e-01,6.008261137970246635e-01,6.384684612306131823e-01,6.439058770392764863e-01,6.333109289499508909e-01,6.175101313895806632e-01,6.007245594020159674e-01,5.845849147617390162e-01,5.696277624890402347e-01,5.559500687675630326e-01,5.434834975754407882e-01,5.321075491430650173e-01,5.216949732125599759e-01,5.121286941045750662e-01,5.033068391096181537e-01,4.951429591317842993e-01,4.875644819418451514e-01,4.805106862512312782e-01,4.739307187936488974e-01,4.677818419935508842e-01,4.620279565640230124e-01,4.566383855130383695e-01,4.515868859855184381e-01,4.468508515827201988e-01,4.424106705145623430e-01,4.382492097901676265e-01,4.343514007604050708e-01,4.307039059579453322e-01,4.272948511115910453e-01,4.241136094381830479e-01,4.211506279157862243e-01,4.183972873178274932e-01,4.158457894375245378e-01,4.134890662408871043e-01,4.113207067258032867e-01,4.093348980911676871e-01,4.075263784790292831e-01,4.058903990799241912e-01,4.044226938147131301e-01,4.031194551472107590e-01,4.019773148578541511e-01,4.009933288329180501e-01,4.001649651070655622e-01,3.994900945477460885e-01,3.989669836948663839e-01,3.985942893737698389e-01,3.983710547883296815e-01,3.982967068777330533e-01,3.983710547883287378e-01,3.985942893737693948e-01,3.989669836948681603e-01,3.994900945477464216e-01,4.001649651070653957e-01,4.009933288329193823e-01,4.019773148578538735e-01,4.031194551472115917e-01,4.044226938147135741e-01,4.058903990799240247e-01,4.075263784790288391e-01,4.093348980911683532e-01,4.113207067258030647e-01,4.134890662408857720e-01,4.158457894375243713e-01,4.183972873178288254e-01,4.211506279157867794e-01,4.241136094381827149e-01,4.272948511115899906e-01,4.307039059579447771e-01,4.343514007604061256e-01,4.382492097901671824e-01,4.424106705145630092e-01,4.468508515827205874e-01,4.515868859855175499e-01,4.566383855130389247e-01,4.620279565640233455e-01,4.677818419935491634e-01,4.739307187936487864e-01,4.805106862512301680e-01,4.875644819418438747e-01,4.951429591317837442e-01,5.033068391096168215e-01,5.121286941045745111e-01,5.216949732125595318e-01,5.321075491430633519e-01,5.434834975754397890e-01,5.559500687675593689e-01,5.696277624890414559e-01,5.845849147617383501e-01,6.007245594020157453e-01,6.175101313895798860e-01,6.333109289499485595e-01,6.439058770392764863e-01,6.384684612306156248e-01,6.008261137970355437e-01,5.279015998868349380e-01,4.415757348317140285e-01,3.762783862489468834e-01,3.446115284314059668e-01,3.379781023363144232e-01,3.446123732294104069e-01,3.568780887217697928e-01,3.708879405023979281e-01,3.848811457396305036e-01,3.981341719780873700e-01,4.103974060653345357e-01,4.216275029230830973e-01,4.318641168676342623e-01,4.411740693521941648e-01,4.496266006742984933e-01,4.572828482161152008e-01
4.346695344069164135e-01,4.257166970508166060e-01,4.156992194606926039e-01,4.046117963502927073e-01,3.925249616244588791e-01,3.796875225875959714e-01,3.667340925417770792e-01,3.550925526407299748e-01,3.477210878366146507e-01,3.501675945519636679e-01,3.710530871478288084e-01,4.187162110837774898e-01,4.906157966380211288e-01,5.657422527268751722e-01,6.196994636126330613e-01,6.451332150145537847e-01,6.491092566758819293e-01,6.409348408263390029e-01,6.256941555489539120e-01,6.107671748377558885e-01,5.962852022038259703e-01,5.826390888290529091e-01,5.699475381073665359e-01,5.581978263818379027e-01,5.473244310378895250e-01,5.372459522848607172e-01,5.278813989605484203e-01,5.191567183784423500e-01,5.110068206898715770e-01,5.033756003836445947e-01,4.962151410909215188e-01,4.894846582456855444e-01,4.831494300172526901e-01,4.771798207182558205e-01,4.715504315015690562e-01,4.662393813295266920e-01,4.612277076940198839e-01,4.564988718804897649e-01,4.520383529859422489e-01,4.478333160884039321e-01,4.438723417866244358e-01,4.401452062492971495e-01,4.366427026985245097e-01,4.333564968167193387e-01,4.302790098941068897e-01,4.274033246409525977e-01,4.247231095022648839e-01,4.222325580622751651e-01,4.199263407395184555e-01,4.177995664751539828e-01,4.158477525276629283e-01,4.140668008235768860e-01,4.124529795898648765e-01,4.110029092208790091e-01,4.097135515199521461e-01,4.085822016106394616e-01,4.076064819410301077e-01,4.067843379115537172e-01,4.061140347460860944e-01,4.055941553016292889e-01,4.052235985757201564e-01,4.050015787258697264e-01,4.049276244632500910e-01,4.050015787258695599e-01,4.052235985757198788e-01,4.055941553016284007e-01,4.061140347460870381e-01,4.067843379115546054e-01,4.076064819410296081e-01,4.085822016106385735e-01,4.097135515199531453e-01,4.110029092208785095e-01,4.124529795898654871e-01,4.140668008235777742e-01,4.158477525276633724e-01,4.177995664751524840e-01,4.199263407395193992e-01,4.222325580622746100e-01,4.247231095022652725e-01,4.274033246409524867e-01,4.302790098941068897e-01,4.333564968167190612e-01,4.366427026985236770e-01,4.401452062492978712e-01,4.438723417866253795e-01,4.478333160884038211e-01,4.520383529859426375e-01,4.564988718804904311e-01,4.612277076940193288e-01,4.662393813295266365e-01,4.715504315015691672e-01,4.771798207182555984e-01,4.831494300172519130e-01,4.894846582456837125e-01,4.962151410909215188e-01,5.033756003836432624e-01,5.110068206898703558e-01,5.191567183784410178e-01,5.278813989605467549e-01,5.372459522848611613e-01,5.473244310378867494e-01,5.581978263818363484e-01,5.699475381073666469e-01,5.826390888290506886e-01,5.962852022038220845e-01,6.107671748377569987e-01,6.256941555489529128e-01,6.409348408263361163e-01,6.491092566758814852e-01,6.451332150145524524e-01,6.196994636126226252e-01,5.657422527268887169e-01,4.906157966380265134e-01,4.187162110837656104e-01,3.710530871478248116e-01,3.501675945519668320e-01,3.477210878366146507e-01,3.550925526407304189e-01,3.667340925417765241e-01,3.796875225875921966e-01,3.925249616244585460e-01,4.046117963502971482e-01,4.156992194606933810e-01,4.257166970508172166e-01,4.346695344069128053e-01
3.976637479009961229e-01,3.880946325697258170e-01,3.778974775549210907e-01,3.677926457538500116e-01,3.591662306410365324e-01,3.545577707538261070e-01,3.582402493664672560e-01,3.762922894727274703e-01,4.145313333312523607e-01,4.727932846653809529e-01,5.395941709903451233e-01,5.971145370729152857e-01,6.341222163428081871e-01,6.506829582800824907e-01,6.526897851168758091e-01,6.461880238059298787e-01,6.353525808598047275e-01,6.217119658308913888e-01,6.083905592384052374e-01,5.959690676380257068e-01,5.842626295587380891e-01,5.732632026074716558e-01,5.629412089764481708e-01,5.532521060405080071e-01,5.441463493789988615e-01,5.355752290599634646e-01,5.274936749306096129e-01,5.198613259872164605e-01,5.126426898436444723e-01,5.058068615719836236e-01,4.993270563812136076e-01,4.931800893006421660e-01,4.873458683062634189e-01,4.818069312436170093e-01,4.765480377722171035e-01,4.715558177379113314e-01,4.668184726318523881e-01,4.623255247742962259e-01,4.580676082739918442e-01,4.540362959482779348e-01,4.502239568573053741e-01,4.466236397004995085e-01,4.432289779368378535e-01,4.400341130698848802e-01,4.370336330616538811e-01,4.342225232987713679e-01,4.315961279322433342e-01,4.291501197525756650e-01,4.268804770521864023e-01,4.247834661730495731e-01,4.228556286460713465e-01,4.210937720049222621e-01,4.194949635062681370e-01,4.180565261144439937e-01,4.167760362153371534e-01,4.156513226147127149e-01,4.146804664527946604e-01,4.138618017320964126e-01,4.131939162109963815e-01,4.126756524630627032e-01,4.123061089431305781e-01,4.120846409368180141e-01,4.120108613017132160e-01,4.120846409368189578e-01,4.123061089431298565e-01,4.126756524630627032e-01,4.131939162109965480e-01,4.138618017320966347e-01,4.146804664527934392e-01,4.156513226147125484e-01,4.167760362153370979e-01,4.180565261144442157e-01,4.194949635062682480e-01,4.210937720049219846e-01,4.228556286460715130e-01,4.247834661730495731e-01,4.268804770521851810e-01,4.291501197525752209e-01,4.315961279322417798e-01,4.342225232987707018e-01,4.370336330616531040e-01,4.400341130698827152e-01,4.432289779368356886e-01,4.466236397004996195e-01,4.502239568573053186e-01,4.540362959482793781e-01,4.580676082739911781e-01,4.623255247742951157e-01,4.668184726318521105e-01,4.715558177379112204e-01,4.765480377722171590e-01,4.818069312436152329e-01,4.873458683062629193e-01,4.931800893006429987e-01,4.993270563812143847e-01,5.058068615719824024e-01,5.126426898436433621e-01,5.198613259872153503e-01,5.274936749306086137e-01,5.355752290599623544e-01,5.441463493789968631e-01,5.532521060405074520e-01,5.629412089764478377e-01,5.732632026074714338e-01,5.842626295587386442e-01,5.959690676380257068e-01,6.083905592384056815e-01,6.217119658308924990e-01,6.353525808598100566e-01,6.461880238059302117e-01,6.526897851168758091e-01,6.506829582800830458e-01,6.341222163428156255e-01,5.971145370729232793e-01,5.395941709903437911e-01,4.727932846653758459e-01,4.145313333312470316e-01,3.762922894727206979e-01,3.582402493664724741e-01,3.545577707538242196e-01,3.591662306410344230e-01,3.677926457538545080e-01,3.778974775549092668e-01,3.880946325697278154e-01,3.976637479009950127e-01
3.625136511429820074e-01,3.611344029818520096e-01,3.640708401454874621e-01,3.744275134099934177e-01,3.958297914542502904e-01,4.309680438325816931e-01,4.789429154391917631e-01,5.332754510729548203e-01,5.838185986827770790e-01,6.222093631935718960e-01,6.456000296629159640e-01,6.558394485600841373e-01,6.566210789098780864e-01,6.514369383704468053e-01,6.428566361663851092e-01,6.325394191781082975e-01,6.214367862753610305e-01,6.094427835157520956e-01,5.986077083448518854e-01,5.883689387798889392e-01,5.786430182896797891e-01,5.694007526044901901e-01,5.606156564237781970e-01,5.522604694067207998e-01,5.443082023380639844e-01,5.367332502582782272e-01,5.295120435117688373e-01,5.226233116528465894e-01,5.160480981802118006e-01,5.097696338077367662e-01,5.037731394406795848e-01,4.980456025522679853e-01,4.925755523848726058e-01,4.873528478739131975e-01,4.823684851469732249e-01,4.776144272578620176e-01,4.730834563989260722e-01,4.687690475078134522e-01,4.646652615160399846e-01,4.607666562092908591e-01,4.570682126185313110e-01,4.535652749365663983e-01,4.502535020955212297e-01,4.471288293107870127e-01,4.441874380749150641e-01,4.414257332587425142e-01,4.388403261405143252e-01,4.364280223336056141e-01,4.341858137188873701e-01,4.321108736087644897e-01,4.302005544771687617e-01,4.284523876843506218e-01,4.268640847083329248e-01,4.254335394675486937e-01,4.241588313824938838e-01,4.230382288794796164e-01,4.220701930874768415e-01,4.212533815208430177e-01,4.205866515769634550e-01,4.200690637095381708e-01,4.196998841659624890e-01,4.194785872018356732e-01,4.194048567075391865e-01,4.194785872018343409e-01,4.196998841659631552e-01,4.200690637095392255e-01,4.205866515769632330e-01,4.212533815208433507e-01,4.220701930874776187e-01,4.230382288794802825e-01,4.241588313824935508e-01,4.254335394675475834e-01,4.268640847083334244e-01,4.284523876843512880e-01,4.302005544771698720e-01,4.321108736087637126e-01,4.341858137188871480e-01,4.364280223336053921e-01,4.388403261405139921e-01,4.414257332587420701e-01,4.441874380749140094e-01,4.471288293107869571e-01,4.502535020955214518e-01,4.535652749365656766e-01,4.570682126185303673e-01,4.607666562092909146e-01,4.646652615160405952e-01,4.687690475078137853e-01,4.730834563989265162e-01,4.776144272578624617e-01,4.823684851469729473e-01,4.873528478739124203e-01,4.925755523848726058e-01,4.980456025522677632e-01,5.037731394406791408e-01,5.097696338077378764e-01,5.160480981802114675e-01,5.226233116528467004e-01,5.295120435117683932e-01,5.367332502582768949e-01,5.443082023380632073e-01,5.522604694067223541e-01,5.606156564237791962e-01,5.694007526044897460e-01,5.786430182896791230e-01,5.883689387798886061e-01,5.986077083448521075e-01,6.094427835157527618e-01,6.214367862753609195e-01,6.325394191781074094e-01,6.428566361663847761e-01,6.514369383704468053e-01,6.566210789098794187e-01,6.558394485600852475e-01,6.456000296629136326e-01,6.222093631935721181e-01,5.838185986827778562e-01,5.332754510729489361e-01,4.789429154391893761e-01,4.309680438325816931e-01,3.958297914542558416e-01,3.744275134099888658e-01,3.640708401454852416e-01,3.611344029818517876e-01,3.625136511429839503e-01
4.246826980080372627e-01,4.474751297022667162e-01,4.774374182451260884e-01,5.132798730573148172e-01,5.517990171608359029e-01,5.885328353470258289e-01,6.193017346641516152e-01,6.416359545120557950e-01,6.551698632167207714e-01,6.610550571768517569e-01,6.610773491441662708e-01,6.570046826091999748e-01,6.502827442171956740e-01,6.419723956974269230e-01,6.327983058756965207e-01,6.232225691369128739e-01,6.134484750242681361e-01,6.034313973200424730e-01,5.943015532747275564e-01,5.855515558665763676e-01,5.771459024866381071e-01,5.690694734579208047e-01,5.613096040702413303e-01,5.538537196873354329e-01,5.466893409597504139e-01,5.398044281461034100e-01,5.331876625521767554e-01,5.268286071903351964e-01,5.207177661968034332e-01,5.148465741960365216e-01,5.092073423424076095e-01,5.037931806645677968e-01,4.985979101142722358e-01,4.936159730229831566e-01,4.888423473410802300e-01,4.842724677580261261e-01,4.799021552835883719e-01,4.757275558802511184e-01,4.717450881088443015e-01,4.679513993654700887e-01,4.643433300671088171e-01,4.609178850304986308e-01,4.576722112463286196e-01,4.546035812532777109e-01,4.517093813466945829e-01,4.489871039034706857e-01,4.464343431602147416e-01,4.440487938411987190e-01,4.418282520923531576e-01,4.397706182358876448e-01,4.378739009154214989e-01,4.361362222532517152e-01,4.345558236890509352e-01,4.331310722128597357e-01,4.318604667446451773e-01,4.307426444482199135e-01,4.297763867990713194e-01,4.289606252540451026e-01,4.282944463960754455e-01,4.277770964496561135e-01,4.274079850828940152e-01,4.271866884300444256e-01,4.271129512848393373e-01,4.271866884300443701e-01,4.274079850828939042e-01,4.277770964496560024e-01,4.282944463960762782e-01,4.289606252540462683e-01,4.297763867990698206e-01,4.307426444482196914e-01,4.318604667446453993e-01,4.331310722128600688e-01,4.345558236890515458e-01,4.361362222532517152e-01,4.378739009154217210e-01,4.397706182358873672e-01,4.418282520923519918e-01,4.440487938411983859e-01,4.464343431602147416e-01,4.489871039034705191e-01,4.517093813466949714e-01,4.546035812532774889e-01,4.576722112463283421e-01,4.609178850304985753e-01,4.643433300671077069e-01,4.679513993654693671e-01,4.717450881088438575e-01,4.757275558802516180e-01,4.799021552835888715e-01,4.842724677580256265e-01,4.888423473410799525e-01,4.936159730229845444e-01,4.985979101142722358e-01,5.037931806645686850e-01,5.092073423424083867e-01,5.148465741960362996e-01,5.207177661968028781e-01,5.268286071903347523e-01,5.331876625521777546e-01,5.398044281461020777e-01,5.466893409597519682e-01,5.538537196873358770e-01,5.613096040702409972e-01,5.690694734579213598e-01,5.771459024866373300e-01,5.855515558665770337e-01,5.943015532747277785e-01,6.034313973200422510e-01,6.134484750242684692e-01,6.232225691369126519e-01,6.327983058756955215e-01,6.419723956974274781e-01,6.502827442171961181e-01,6.570046826091986425e-01,6.610773491441660488e-01,6.610550571768513128e-01,6.551698632167196612e-01,6.416359545120535746e-01,6.193017346641436216e-01,5.885328353470301588e-01,5.517990171608400107e-01,5.132798730573211454e-01,4.774374182451330273e-01,4.474751297022755980e-01,4.246826980080224412e-01
5.720194726042652222e-01,5.914631216307146833e-01,6.113081401655462432e-01,6.297132042886776082e-01,6.451108059329041522e-01,6.565098018450514772e-01,6.635933616377476252e-01,6.666108699568653595e-01,6.661615759297130346e-01,6.629791204464610122e-01,6.577782495809747498e-01,6.511735727042179400e-01,6.436527279320647388e-01,6.355807560553573543e-01,6.272168731607897785e-01,6.187265655712376189e-01,6.099045221937536843e-01,6.015782560292625147e-01,5.935880829597129926e-01,5.858447230802414918e-01,5.783367085477191250e-01,5.710601846215130895e-01,5.640119692671829998e-01,5.571884310748146385e-01,5.505854974567918614e-01,5.441988752119228945e-01,5.380242601959389637e-01,5.320574881910238307e-01,5.262946270902389978e-01,5.207320226228525639e-01,5.153663109104232865e-01,5.101944090667670517e-01,5.052134924368749669e-01,5.004209647256752103e-01,4.958144253912998844e-01,4.913916372531051402e-01,4.871504962156865681e-01,4.830890042534004558e-01,4.792052462635177923e-01,4.754973710226305661e-01,4.719635762263001966e-01,4.686020974235074465e-01,4.654112005509919436e-01,4.623891777103300016e-01,4.595343457995988978e-01,4.568450476024940587e-01,4.543196549436690490e-01,4.519565735351311342e-01,4.497542491609561877e-01,4.477111748738311636e-01,4.458258989051686050e-01,4.440970330192287041e-01,4.425232610700907121e-01,4.411033475477439403e-01,4.398361459254065409e-01,4.387206066445266672e-01,4.377557845963283012e-01,4.369408459794040800e-01,4.362750744317276386e-01,4.357578763526207544e-01,4.353887853459693091e-01,4.351674657302558868e-01,4.350937150743445225e-01,4.351674657302562754e-01,4.353887853459689761e-01,4.357578763526209764e-01,4.362750744317270279e-01,4.369408459794048571e-01,4.377557845963286343e-01,4.387206066445262787e-01,4.398361459254066519e-01,4.411033475477436627e-01,4.425232610700903790e-01,4.440970330192282600e-01,4.458258989051699372e-01,4.477111748738309416e-01,4.497542491609556325e-01,4.519565735351315783e-01,4.543196549436684939e-01,4.568450476024935036e-01,4.595343457995987868e-01,4.623891777103291689e-01,4.654112005509902783e-01,4.686020974235058367e-01,4.719635762263007517e-01,4.754973710226315653e-01,4.792052462635168486e-01,4.830890042534005113e-01,4.871504962156875673e-01,4.913916372531052512e-01,4.958144253913001065e-01,5.004209647256765425e-01,5.052134924368756330e-01,5.101944090667672738e-01,5.153663109104235085e-01,5.207320226228524529e-01,5.262946270902384427e-01,5.320574881910236087e-01,5.380242601959379645e-01,5.441988752119251149e-01,5.505854974567921944e-01,5.571884310748145275e-01,5.640119692671833329e-01,5.710601846215146438e-01,5.783367085477186809e-01,5.858447230802407146e-01,5.935880829597132147e-01,6.015782560292629588e-01,6.099045221937542394e-01,6.187265655712391732e-01,6.272168731607890013e-01,6.355807560553581315e-01,6.436527279320662931e-01,6.511735727042180510e-01,6.577782495809768593e-01,6.629791204464607901e-01,6.661615759297122574e-01,6.666108699568644713e-01,6.635933616377476252e-01,6.565098018450541417e-01,6.451108059329037081e-01,6.297132042886831593e-01,6.113081401655495739e-01,5.914631216306968087e-01,5.720194726042732158e-01
6.493216951512267299e-01,6.566723481282804586e-01,6.632032797680481595e-01,6.682918858132068651e-01,6.715323763059647399e-01,6.727594169359684129e-01,6.720190612617541470e-01,6.695080984103207733e-01,6.655062614334414928e-01,6.603188111267263016e-01,6.542369685286790748e-01,6.475158858251893745e-01,6.403659366281949650e-01,6.329521267680983110e-01,6.253962116090382439e-01,6.177675698422885331e-01,6.099262718488563939e-01,6.025280053999947372e-01,5.953177586532297783e-01,5.882742405280751985e-01,5.813976649026957322e-01,5.746906953861421474e-01,5.681556029217679216e-01,5.617938200047907227e-01,5.556060304282015583e-01,5.495923646277869334e-01,5.437525836085943531e-01,5.380862226339379051e-01,5.325926932210252041e-01,5.272713500837691303e-01,5.221215311719339391e-01,5.171425782418921369e-01,5.123338440619877865e-01,5.076946909958025556e-01,5.032244845198485805e-01,4.989225842644223197e-01,4.947883344057457111e-01,4.908210546535785035e-01,4.870200326376130096e-01,4.833845181680458403e-01,4.799137196053449017e-01,4.766068024010866044e-01,4.734628897497283884e-01,4.704810652078921795e-01,4.676603770836613716e-01,4.649998443658583391e-01,4.624984639470417491e-01,4.601552188893276996e-01,4.579690874859600469e-01,4.559390528813541121e-01,4.540641130259961411e-01,4.523432907587553453e-01,4.507756438268747390e-01,4.493602746719125296e-01,4.480963398281882504e-01,4.469830587979343184e-01,4.460197222843136911e-01,4.452056996795878407e-01,4.445404457208023685e-01,4.440235062394119470e-01,4.436545229444867067e-01,4.434332371913663473e-01,4.433594926991560325e-01,4.434332371913669579e-01,4.436545229444870397e-01,4.440235062394117249e-01,4.445404457208027016e-01,4.452056996795889510e-01,4.460197222843125253e-01,4.469830587979352066e-01,4.480963398281894161e-01,4.493602746719123076e-01,4.507756438268740173e-01,4.523432907587555674e-01,4.540641130259961966e-01,4.559390528813554999e-01,4.579690874859599914e-01,4.601552188893283102e-01,4.624984639470424708e-01,4.649998443658572844e-01,4.676603770836609275e-01,4.704810652078918465e-01,4.734628897497270006e-01,4.766068024010866044e-01,4.799137196053441246e-01,4.833845181680453962e-01,4.870200326376133981e-01,4.908210546535790586e-01,4.947883344057460997e-01,4.989225842644229303e-01,5.032244845198486916e-01,5.076946909958023335e-01,5.123338440619888967e-01,5.171425782418933581e-01,5.221215311719344943e-01,5.272713500837696854e-01,5.325926932210243159e-01,5.380862226339370169e-01,5.437525836085933539e-01,5.495923646277867114e-01,5.556060304282013362e-01,5.617938200047909447e-01,5.681556029217670334e-01,5.746906953861421474e-01,5.813976649026962873e-01,5.882742405280725340e-01,5.953177586532305554e-01,6.025280053999949592e-01,6.099262718488567270e-01,6.177675698422866457e-01,6.253962116090389101e-01,6.329521267680979779e-01,6.403659366281964083e-01,6.475158858251907068e-01,6.542369685286799630e-01,6.603188111267265237e-01,6.655062614334422699e-01,6.695080984103203292e-01,6.720190612617524817e-01,6.727594169359674137e-01,6.715323763059645179e-01,6.682918858132079754e-01,6.632032797680489367e-01,6.566723481282796815e-01,6.493216951512330581e-01
6.763472765300254652e-01,6.782428455775100229e-01,6.793898923464413153e-01,6.795688779345696595e-01,6.786554502414436918e-01,6.766216653899477240e-01,6.735209481328638947e-01,6.694643227792208551e-01,6.645952166287638629e-01,6.590678627539232615e-01,6.530315787607149369e-01,6.466210299605762435e-01,6.399513139951262808e-01,6.331160394498513977e-01,6.261851562237770175e-01,6.191748614603427292e-01,6.120952048757727360e-01,6.053165975784013941e-01,5.986572225668894687e-01,5.921158074173004104e-01,5.856981249291899339e-01,5.794102458488483709e-01,5.732573620779056744e-01,5.672436667596112425e-01,5.613724884066022547e-01,5.556464711885447105e-01,5.500677375948589409e-01,5.446380195811673097e-01,5.393587572519140672e-01,5.342311696421480072e-01,5.292563033615698131e-01,5.244350644812619811e-01,5.197682382511887855e-01,5.152565003571709656e-01,5.109004226137930926e-01,5.067004752947482649e-01,5.026570277315297597e-01,4.987703483547487604e-01,4.950406049932879471e-01,4.914678659683228701e-01,4.880521023065876318e-01,4.847931912369446983e-01,4.816909210155277954e-01,4.787449970385110332e-01,4.759550491408290340e-01,4.733206399382117735e-01,4.708412740441574873e-01,4.685164079793558423e-01,4.663454605857130786e-01,4.643278237582751933e-01,4.624628733142391868e-01,4.607499798274186653e-01,4.591885192679291405e-01,4.577778832997027036e-01,4.565174891019234127e-01,4.554067885943113847e-01,4.544452769598401609e-01,4.536325003718579274e-01,4.529680628454009761e-01,4.524516321448530110e-01,4.520829446917141170e-01,4.518618094274199914e-01,4.517881105967338495e-01,4.518618094274188257e-01,4.520829446917142835e-01,4.524516321448541212e-01,4.529680628454003100e-01,4.536325003718577609e-01,4.544452769598404940e-01,4.554067885943114957e-01,4.565174891019234127e-01,4.577778832997030922e-01,4.591885192679291405e-01,4.607499798274180547e-01,4.624628733142387982e-01,4.643278237582753043e-01,4.663454605857142998e-01,4.685164079793565084e-01,4.708412740441561550e-01,4.733206399382115515e-01,4.759550491408289230e-01,4.787449970385104225e-01,4.816909210155268517e-01,4.847931912369433660e-01,4.880521023065869657e-01,4.914678659683222040e-01,4.950406049932876140e-01,4.987703483547490935e-01,5.026570277315302038e-01,5.067004752947475987e-01,5.109004226137923155e-01,5.152565003571697444e-01,5.197682382511893406e-01,5.244350644812623141e-01,5.292563033615692580e-01,5.342311696421475631e-01,5.393587572519138451e-01,5.446380195811680869e-01,5.500677375948584968e-01,5.556464711885450436e-01,5.613724884066019216e-01,5.672436667596121307e-01,5.732573620779076728e-01,5.794102458488479268e-01,5.856981249291910441e-01,5.921158074173007435e-01,5.986572225668884695e-01,6.053165975784011721e-01,6.120952048757737352e-01,6.191748614603428402e-01,6.261851562237771285e-01,6.331160394498525079e-01,6.399513139951248375e-01,6.466210299605755774e-01,6.530315787607150479e-01,6.590678627539237056e-01,6.645952166287650842e-01,6.694643227792217433e-01,6.735209481328643388e-01,6.766216653899472799e-01,6.786554502414439138e-01,6.795688779345698816e-01,6.793898923464416484e-01,6.782428455775115772e-01,6.763472765300254652e-01
6.875390099763800666e-01,6.871512841583433673e-01,6.861428300088999732e-01,6.844279348789839013e-01,6.819673801754804199e-01,6.787678523679118170e-01,6.748746534844035638e-01,6.703607765968273569e-01,6.653152586845296756e-01,6.598328848387101653e-01,6.540062933151818969e-01,6.479206625491235050e-01,6.416505494897829509e-01,6.352578697799293739e-01,6.287875870350038143e-01,6.221558747176412218e-01,6.157131746921692406e-01,6.093726799447118925e-01,6.031139168360815095e-01,5.969430778731281695e-01,5.908684261682188854e-01,5.848976360224772408e-01,5.790373345011133877e-01,5.732931308537781989e-01,5.676697650508064630e-01,5.621712692686555712e-01,5.568011112507834648e-01,5.515623110551357566e-01,5.464575292618840674e-01,5.414891343832425319e-01,5.366592512925787428e-01,5.319697954265519835e-01,5.274224963295846003e-01,5.230189135095563158e-01,5.187604469851729849e-01,5.146483443841145533e-01,5.106837060097928482e-01,5.068674889307936970e-01,5.032005108526401704e-01,4.996834542972330429e-01,4.963168714307031326e-01,4.931011897374319441e-01,4.900367186284640963e-01,4.871236569904234259e-01,4.843621016206762775e-01,4.817520564515868076e-01,4.792934424376881775e-01,4.769861079613031962e-01,4.748298396023384327e-01,4.728243731147270257e-01,4.709694044534424306e-01,4.692646007012965526e-01,4.677096107524190693e-01,4.663040756189750224e-01,4.650476382383012530e-01,4.639399526690999864e-01,4.629806925769491266e-01,4.621695589210907951e-01,4.615062867660016943e-01,4.609906511524122230e-01,4.606224719734299256e-01,4.604016178118011671e-01,4.603280087046529023e-01,4.604016178118015001e-01,4.606224719734304807e-01,4.609906511524134998e-01,4.615062867660020274e-01,4.621695589210911836e-01,4.629806925769490156e-01,4.639399526691002085e-01,4.650476382383018636e-01,4.663040756189744118e-01,4.677096107524195689e-01,4.692646007012961640e-01,4.709694044534432633e-01,4.728243731147265816e-01,4.748298396023399870e-01,4.769861079613029187e-01,4.792934424376878444e-01,4.817520564515857528e-01,4.843621016206758889e-01,4.871236569904249247e-01,4.900367186284647070e-01,4.931011897374320552e-01,4.963168714307019114e-01,4.996834542972330429e-01,5.032005108526409476e-01,5.068674889307942522e-01,5.106837060097939585e-01,5.146483443841135541e-01,5.187604469851737621e-01,5.230189135095559827e-01,5.274224963295832680e-01,5.319697954265515394e-01,5.366592512925791869e-01,5.414891343832439752e-01,5.464575292618855107e-01,5.515623110551364228e-01,5.568011112507833538e-01,5.621712692686567925e-01,5.676697650508052417e-01,5.732931308537778659e-01,5.790373345011127215e-01,5.848976360224771298e-01,5.908684261682195515e-01,5.969430778731287246e-01,6.031139168360827307e-01,6.093726799447126696e-01,6.157131746921699067e-01,6.221558747176415549e-01,6.287875870350034813e-01,6.352578697799293739e-01,6.416505494897823958e-01,6.479206625491229499e-01,6.540062933151827851e-01,6.598328848387104983e-01,6.653152586845305638e-01,6.703607765968270238e-01,6.748746534844045630e-01,6.787678523679132603e-01,6.819673801754790876e-01,6.844279348789862327e-01,6.861428300089000842e-01,6.871512841583421460e-01,6.875390099763794005e-01
6.945636734242260912e-01,6.930548393772231197e-01,6.910235523245674694e-01,6.884359939196819100e-01,6.852843642663343227e-01,6.815862556886420620e-01,6.773806214545091686e-01,6.727218500597629269e-01,6.676733809819904719e-01,6.623019191480921108e-01,6.566728259800826972e-01,6.508468261199010785e-01,6.448777913496680503e-01,6.388107511795639848e-01,6.326748516736787620e-01,6.264311729808453855e-01,6.203503705513214728e-01,6.143284036272645965e-01,6.083669804667276582e-01,6.024751126128289336e-01,5.966619731733781018e-01,5.909358132823564480e-01,5.853038256326674738e-01,5.797722384054569966e-01,5.743464614983384564e-01,5.690312302722646542e-01,5.638307295772101435e-01,5.587486926266387322e-01,5.537884849898165873e-01,5.489531593585211811e-01,5.442455017972794851e-01,5.396680639547456471e-01,5.352231861395597701e-01,5.309130136349556883e-01,5.267395082310946108e-01,5.227044565531349107e-01,5.188094764119612901e-01,5.150560221082929324e-01,5.114453893761126135e-01,5.079787204523686928e-01,5.046570095999416417e-01,5.014811092844263518e-01,4.984517371062197610e-01,4.955694835134786258e-01,4.928348202642402476e-01,4.902481095640001119e-01,4.878096137754602268e-01,4.855195055773963153e-01,4.833778784378075510e-01,4.813847572608184189e-01,4.795401090659716092e-01,4.778438535614024651e-01,4.762958734778918179e-01,4.748960245384160617e-01,4.736441449466652354e-01,4.725400642879211133e-01,4.715836117459760168e-01,4.707746235504899346e-01,4.701129495797943258e-01,4.695984590548094029e-01,4.692310452701254353e-01,4.690106293185532516e-01,4.689371627753965432e-01,4.690106293185528630e-01,4.692310452701262680e-01,4.695984590548097359e-01,4.701129495797944369e-01,4.707746235504888244e-01,4.715836117459763499e-01,4.725400642879200030e-01,4.736441449466649578e-01,4.748960245384155066e-01,4.762958734778918179e-01,4.778438535614018545e-01,4.795401090659730525e-01,4.813847572608179748e-01,4.833778784378079951e-01,4.855195055773949830e-01,4.878096137754601158e-01,4.902481095639995012e-01,4.928348202642390263e-01,4.955694835134780707e-01,4.984517371062208713e-01,5.014811092844255747e-01,5.046570095999404204e-01,5.079787204523678046e-01,5.114453893761112813e-01,5.150560221082922663e-01,5.188094764119615121e-01,5.227044565531345777e-01,5.267395082310946108e-01,5.309130136349561324e-01,5.352231861395598811e-01,5.396680639547453140e-01,5.442455017972801512e-01,5.489531593585209590e-01,5.537884849898162543e-01,5.587486926266375109e-01,5.638307295772103656e-01,5.690312302722652094e-01,5.743464614983385674e-01,5.797722384054576628e-01,5.853038256326670297e-01,5.909358132823550047e-01,5.966619731733784349e-01,6.024751126128292666e-01,6.083669804667275471e-01,6.143284036272655957e-01,6.203503705513212507e-01,6.264311729808441642e-01,6.326748516736778738e-01,6.388107511795637627e-01,6.448777913496680503e-01,6.508468261199017446e-01,6.566728259800836964e-01,6.623019191480923329e-01,6.676733809819903609e-01,6.727218500597627049e-01,6.773806214545093907e-01,6.815862556886412849e-01,6.852843642663338786e-01,6.884359939196800227e-01,6.910235523245678024e-01,6.930548393772228977e-01,6.945636734242236487e-01
7.008902693524207139e-01,6.987176137383543928e-01,6.960965885280897547e-01,6.930166564007456120e-01,6.894833570247057564e-01,6.855178593424379185e-01,6.811544734069567841e-01,6.764370068055263197e-01,6.714148012682716882e-01,6.661390762522986231e-01,6.606599363592128293e-01,6.550241332940178740e-01,6.492733844079003891e-01,6.434422795650798221e-01,6.375438942622050353e-01,6.316080031088321389e-01,6.257807890330138179e-01,6.199945937031025034e-01,6.142572601445046576e-01,6.085786302849418572e-01,6.029679560990816034e-01,5.974334813048619575e-01,5.919824520369532106e-01,5.866212353396381696e-01,5.813554561662372944e-01,5.761901239943765241e-01,5.711297402447351734e-01,5.661783853819213341e-01,5.613397840862752730e-01,5.566173636772079325e-01,5.520142884439661612e-01,5.475334886944174251e-01,5.431776818809105345e-01,5.389493872748284398e-01,5.348509364596776283e-01,5.308844809803752174e-01,5.270519982146021354e-01,5.233552962871228509e-01,5.197960186410000016e-01,5.163756487083724922e-01,5.130955149837511664e-01,5.099567966904908767e-01,5.069605301418615984e-01,5.041076158284512054e-01,5.013988262102299087e-01,4.988348141515440148e-01,4.964161219083927379e-01,4.941431905573704930e-01,4.920163697429904004e-01,4.900359276132590924e-01,4.882020608111674598e-01,4.865149043911090043e-01,4.849745415334546506e-01,4.835810129366391874e-01,4.823343257739678425e-01,4.812344621110460352e-01,4.802813866893027583e-01,4.794750539909778952e-01,4.788154145111132576e-01,4.783024201722229640e-01,4.779360288276066626e-01,4.777162078092360153e-01,4.776429364861629057e-01,4.777162078092359043e-01,4.779360288276073843e-01,4.783024201722226865e-01,4.788154145111132576e-01,4.794750539909767295e-01,4.802813866893017036e-01,4.812344621110464793e-01,4.823343257739677314e-01,4.835810129366392984e-01,4.849745415334540954e-01,4.865149043911101701e-01,4.882020608111677928e-01,4.900359276132597586e-01,4.920163697429901783e-01,4.941431905573701044e-01,4.964161219083927379e-01,4.988348141515430156e-01,5.013988262102299087e-01,5.041076158284517605e-01,5.069605301418613763e-01,5.099567966904912097e-01,5.130955149837503892e-01,5.163756487083722702e-01,5.197960186410007788e-01,5.233552962871229619e-01,5.270519982146034677e-01,5.308844809803748843e-01,5.348509364596776283e-01,5.389493872748283287e-01,5.431776818809104235e-01,5.475334886944162038e-01,5.520142884439662723e-01,5.566173636772085986e-01,5.613397840862738297e-01,5.661783853819210011e-01,5.711297402447346183e-01,5.761901239943766351e-01,5.813554561662374054e-01,5.866212353396376145e-01,5.919824520369523224e-01,5.974334813048619575e-01,6.029679560990820475e-01,6.085786302849413021e-01,6.142572601445053238e-01,6.199945937031027254e-01,6.257807890330134848e-01,6.316080031088318059e-01,6.375438942622038141e-01,6.434422795650797111e-01,6.492733844079010552e-01,6.550241332940186512e-01,6.606599363592130514e-01,6.661390762522981790e-01,6.714148012682731315e-01,6.764370068055263197e-01,6.811544734069575613e-01,6.855178593424374744e-01,6.894833570247059784e-01,6.930166564007451679e-01,6.960965885280910870e-01,6.987176137383542818e-01,7.008902693524186045e-01
7.075273279736505883e-01,7.048884658371612488e-01,7.018585229342221288e-01,6.984389373062757089e-01,6.946416963664863164e-01,6.904890882584262535e-01,6.860120545366767963e-01,6.812477441326666439e-01,6.762368246517110881e-01,6.710209694048832052e-01,6.656407609977926798e-01,6.601340635849700655e-01,6.545346493184358572e-01,6.488697357570066826e-01,6.431153253835067973e-01,6.374365695131030130e-01,6.317916139705271883e-01,6.261803075501912730e-01,6.206122537331734135e-01,6.150971887365423996e-01,6.096439861856570719e-01,6.042605362975675964e-01,5.989538233802506051e-01,5.937300503411151453e-01,5.885947642479871789e-01,5.835529677115053326e-01,5.786092118665954187e-01,5.737676711117399853e-01,5.690322015908945152e-01,5.644063835947702445e-01,5.598935572221102053e-01,5.554968482865517698e-01,5.512191810335087538e-01,5.470632922714043778e-01,5.430317396974460031e-01,5.391269078175164875e-01,5.353510123470319737e-01,5.317061038151505992e-01,5.281940709210746210e-01,5.248166440423629453e-01,5.215753991720052385e-01,5.184717624603232267e-01,5.155070154571482766e-01,5.126823010857763929e-01,5.099986303305630297e-01,5.074568895822438863e-01,5.050578485573586907e-01,5.028021686884820429e-01,5.006904118691217764e-01,4.987230494297593686e-01,4.969004712184475481e-01,4.952229946599266408e-01,4.936908736703526923e-01,4.923043073101285305e-01,4.910634480642122046e-01,4.899684096472817219e-01,4.890192742401464066e-01,4.882160990730653460e-01,4.875589222815349677e-01,4.870477679699587448e-01,4.866826504287121713e-01,4.864635774600465923e-01,4.863905527783339289e-01,4.864635774600467033e-01,4.866826504287113386e-01,4.870477679699584117e-01,4.875589222815325807e-01,4.882160990730647909e-01,4.890192742401477943e-01,4.899684096472819439e-01,4.910634480642107058e-01,4.923043073101292522e-01,4.936908736703510825e-01,4.952229946599280286e-01,4.969004712184481032e-01,4.987230494297592576e-01,5.006904118691218875e-01,5.028021686884819319e-01,5.050578485573573584e-01,5.074568895822431092e-01,5.099986303305634738e-01,5.126823010857771701e-01,5.155070154571473884e-01,5.184717624603234487e-01,5.215753991720063487e-01,5.248166440423623902e-01,5.281940709210736218e-01,5.317061038151515984e-01,5.353510123470301973e-01,5.391269078175161544e-01,5.430317396974457811e-01,5.470632922714040447e-01,5.512191810335088649e-01,5.554968482865528800e-01,5.598935572221099832e-01,5.644063835947709107e-01,5.690322015908942932e-01,5.737676711117402073e-01,5.786092118665948636e-01,5.835529677115047775e-01,5.885947642479882891e-01,5.937300503411148123e-01,5.989538233802519374e-01,6.042605362975673744e-01,6.096439861856567388e-01,6.150971887365416224e-01,6.206122537331735245e-01,6.261803075501908289e-01,6.317916139705277434e-01,6.374365695131030130e-01,6.431153253835065753e-01,6.488697357570060165e-01,6.545346493184347469e-01,6.601340635849699545e-01,6.656407609977919027e-01,6.710209694048826501e-01,6.762368246517117543e-01,6.812477441326673100e-01,6.860120545366767963e-01,6.904890882584268086e-01,6.946416963664859834e-01,6.984389373062758199e-01,7.018585229342223508e-01,7.048884658371611378e-01,7.075273279736531418e-01
7.147914664425648601e-01,7.117757856558228902e-01,7.084151492348466084e-01,7.047179705129199556e-01,7.006997661499189123e-01,6.963830967698958485e-01,6.917964373649415633e-01,6.869724354560113877e-01,6.819459697334931958e-01,6.767523167791500427e-01,6.714256005436545216e-01,6.659975462391475309e-01,6.604962718048985604e-01,6.549429018752963572e-01,6.493367259126110458e-01,6.437977267218276678e-01,6.382831500390412360e-01,6.328005892048615966e-01,6.273597778664519176e-01,6.219698791916991043e-01,6.166391292432675808e-01,6.113748540437830004e-01,6.061835761456532135e-01,6.010711369344761135e-01,5.960428107744947246e-01,5.911034032181425868e-01,5.862573316904899912e-01,5.815086896227482649e-01,5.768612960433840975e-01,5.723187330056490607e-01,5.678843722509248071e-01,5.635613914415914527e-01,5.593527991711756409e-01,5.552614318312437680e-01,5.512899638722095208e-01,5.474409112701132951e-01,5.437166338834118484e-01,5.401193372152945926e-01,5.366510740612037145e-01,5.333137464009221063e-01,5.301091077861139755e-01,5.270387663839010139e-01,5.241041887634827479e-01,5.213067044541223050e-01,5.186475112565777090e-01,5.161276812546657933e-01,5.137481674471308102e-01,5.115098109010470795e-01,5.094133483152503139e-01,5.074594198746505969e-01,5.056485772728563921e-01,5.039812917803765391e-01,5.024579622383243960e-01,5.010789228621902458e-01,4.998444507465234499e-01,4.987547729689217890e-01,4.978100732001410345e-01,4.970104977361431420e-01,4.963561608774603728e-01,4.958471495909141380e-01,4.954835273987301947e-01,4.952653374500472494e-01,4.951926047398006459e-01,4.952653374500471384e-01,4.954835273987293620e-01,4.958471495909141380e-01,4.963561608774612055e-01,4.970104977361430310e-01,4.978100732001393691e-01,4.987547729689223441e-01,4.998444507465227282e-01,5.010789228621905789e-01,5.024579622383227306e-01,5.039812917803757619e-01,5.056485772728565031e-01,5.074594198746503748e-01,5.094133483152490927e-01,5.115098109010473015e-01,5.137481674471311432e-01,5.161276812546655712e-01,5.186475112565769319e-01,5.213067044541214168e-01,5.241041887634825258e-01,5.270387663839011250e-01,5.301091077861135314e-01,5.333137464009212181e-01,5.366510740612038255e-01,5.401193372152944816e-01,5.437166338834130697e-01,5.474409112701129621e-01,5.512899638722104090e-01,5.552614318312436570e-01,5.593527991711765290e-01,5.635613914415917858e-01,5.678843722509256953e-01,5.723187330056495048e-01,5.768612960433826542e-01,5.815086896227452673e-01,5.862573316904897691e-01,5.911034032181422537e-01,5.960428107744941695e-01,6.010711369344758914e-01,6.061835761456547678e-01,6.113748540437845547e-01,6.166391292432670257e-01,6.219698791916988823e-01,6.273597778664521396e-01,6.328005892048615966e-01,6.382831500390402368e-01,6.437977267218274458e-01,6.493367259126116009e-01,6.549429018752959131e-01,6.604962718048985604e-01,6.659975462391467538e-01,6.714256005436554098e-01,6.767523167791509309e-01,6.819459697334935289e-01,6.869724354560114987e-01,6.917964373649420073e-01,6.963830967698972918e-01,7.006997661499199115e-01,7.047179705129200666e-01,7.084151492348463863e-01,7.117757856558234453e-01,7.147914664425647491e-01
7.227000273161314770e-01,7.193478221286888630e-01,7.156890369604749225e-01,7.117366884432003715e-01,7.075085354061914078e-01,7.030271937410281780e-01,6.983193567031555915e-01,6.934145051850595376e-01,6.883434428247522385e-01,6.831369007208086819e-01,6.778243459712295360e-01,6.724329892037934631e-01,6.669866296516628879e-01,6.614995298946675373e-01,6.560021532956550327e-01,6.505529780768662951e-01,6.451287375859064976e-01,6.397385219607880646e-01,6.343914953813631907e-01,6.290960019665606806e-01,6.238594866808672146e-01,6.186885773848698200e-01,6.135892025632512237e-01,6.085667081288461677e-01,6.036259610707499501e-01,5.987714363824746533e-01,5.940072872498981527e-01,5.893373999848747768e-01,5.847654357736405961e-01,5.802948614473081301e-01,5.759289714285273920e-01,5.716709032650693079e-01,5.675236384168910186e-01,5.634900279849059945e-01,5.595727779779647859e-01,5.557744557786473694e-01,5.520974903587472227e-01,5.485441718593074834e-01,5.451166512386107499e-01,5.418169402835094628e-01,5.386469122065240533e-01,5.356083029728673228e-01,5.327027134348371051e-01,5.299316122970034737e-01,5.272963398927036360e-01,5.247981127190434192e-01,5.224380286525481809e-01,5.202170727494470626e-01,5.181361235220932615e-01,5.161959595754986863e-01,5.143972664842336728e-01,5.127406437894915792e-01,5.112266119983108759e-01,5.098556194711104661e-01,5.086280490895672690e-01,5.075442246039848504e-01,5.066044165673062594e-01,5.058088477717264109e-01,5.051576981130946331e-01,5.046511088178788906e-01,5.042891859773556140e-01,5.040720033435541758e-01,5.039996043516598023e-01,5.040720033435548419e-01,5.042891859773565022e-01,5.046511088178792237e-01,5.051576981130927457e-01,5.058088477717255227e-01,5.066044165673053712e-01,5.075442246039850724e-01,5.086280490895666029e-01,5.098556194711100220e-01,5.112266119983115420e-01,5.127406437894912461e-01,5.143972664842326736e-01,5.161959595754981311e-01,5.181361235220931505e-01,5.202170727494473956e-01,5.224380286525475148e-01,5.247981127190414208e-01,5.272963398927040801e-01,5.299316122970030296e-01,5.327027134348375492e-01,5.356083029728662126e-01,5.386469122065222770e-01,5.418169402835095738e-01,5.451166512386119711e-01,5.485441718593051519e-01,5.520974903587468896e-01,5.557744557786465922e-01,5.595727779779657851e-01,5.634900279849048843e-01,5.675236384168909076e-01,5.716709032650695299e-01,5.759289714285273920e-01,5.802948614473079081e-01,5.847654357736403741e-01,5.893373999848741107e-01,5.940072872498983747e-01,5.987714363824746533e-01,6.036259610707496170e-01,6.085667081288468339e-01,6.135892025632501134e-01,6.186885773848687098e-01,6.238594866808672146e-01,6.290960019665594594e-01,6.343914953813629687e-01,6.397385219607893969e-01,6.451287375859053874e-01,6.505529780768655179e-01,6.560021532956553658e-01,6.614995298946668711e-01,6.669866296516643311e-01,6.724329892037929080e-01,6.778243459712305352e-01,6.831369007208101252e-01,6.883434428247520165e-01,6.934145051850607588e-01,6.983193567031569238e-01,7.030271937410267347e-01,7.075085354061897425e-01,7.117366884432003715e-01,7.156890369604747004e-01,7.193478221286888630e-01,7.227000273161311439e-01
7.312612767714984363e-01,7.275858842539090210e-01,7.236370014394234440e-01,7.194310703760814496e-01,7.149875223397393897e-01,7.103290533081230151e-01,7.054810983070127772e-01,7.004708526873669738e-01,6.953261322678779832e-01,6.900742800585927261e-01,6.847412272820468937e-01,6.793506773077055971e-01,6.739228828568838425e-01,6.684582140664389049e-01,6.630387735281955131e-01,6.576428161282408258e-01,6.522765968115248336e-01,6.469489968750993247e-01,6.416682753909650483e-01,6.364418138437683004e-01,6.312761641053473705e-01,6.261771609913761027e-01,6.211500426673318698e-01,6.161995608894385024e-01,6.113300752522001780e-01,6.065456303661913573e-01,6.018500169332358096e-01,5.972468185517118000e-01,5.927394463791318957e-01,5.883311637834582886e-01,5.840251029762544288e-01,5.798242754376392583e-01,5.757315779923909416e-01,5.717497888191764854e-01,5.678815789362947619e-01,5.641295053618365918e-01,5.604960053416179200e-01,5.569833962982994047e-01,5.535938732216069136e-01,5.503295066239720645e-01,5.471922411975863598e-01,5.441838952922407602e-01,5.413061612794456412e-01,5.385606068198094398e-01,5.359486770110764020e-01,5.334716973631303816e-01,5.311308775227087109e-01,5.289273156532261488e-01,5.268620033632258615e-01,5.249358310695181329e-01,5.231495936773941091e-01,5.215039964596487332e-01,5.199996610180133150e-01,5.186371312145096057e-01,5.174168789657584977e-01,5.163393098000271797e-01,5.154047680846221002e-01,5.146135418396754480e-01,5.139658670635007809e-01,5.134619315041369925e-01,5.131018778214329057e-01,5.128858060939993635e-01,5.128137756353872145e-01,5.128858060940000296e-01,5.131018778214325726e-01,5.134619315041382137e-01,5.139658670635011140e-01,5.146135418396756700e-01,5.154047680846216561e-01,5.163393098000268466e-01,5.174168789657567213e-01,5.186371312145099388e-01,5.199996610180137591e-01,5.215039964596489552e-01,5.231495936773938871e-01,5.249358310695176888e-01,5.268620033632261945e-01,5.289273156532272591e-01,5.311308775227079337e-01,5.334716973631302706e-01,5.359486770110761800e-01,5.385606068198103280e-01,5.413061612794446420e-01,5.441838952922407602e-01,5.471922411975858047e-01,5.503295066239712874e-01,5.535938732216084679e-01,5.569833962982994047e-01,5.604960053416173649e-01,5.641295053618363697e-01,5.678815789362952060e-01,5.717497888191763744e-01,5.757315779923918297e-01,5.798242754376391472e-01,5.840251029762542068e-01,5.883311637834579555e-01,5.927394463791311185e-01,5.972468185517110228e-01,6.018500169332354766e-01,6.065456303661916904e-01,6.113300752522002890e-01,6.161995608894385024e-01,6.211500426673310926e-01,6.261771609913752146e-01,6.312761641053472594e-01,6.364418138437681893e-01,6.416682753909652703e-01,6.469489968750997688e-01,6.522765968115249446e-01,6.576428161282404927e-01,6.630387735281956241e-01,6.684582140664393490e-01,6.739228828568843976e-01,6.793506773077067074e-01,6.847412272820468937e-01,6.900742800585930592e-01,6.953261322678769840e-01,7.004708526873670849e-01,7.054810983070123331e-01,7.103290533081223490e-01,7.149875223397399449e-01,7.194310703760814496e-01,7.236370014394225558e-01,7.275858842539105753e-01,7.312612767714974371e-01
7.404630855441589610e-01,7.364617415492802355e-01,7.322164292151539522e-01,7.277464400201797412e-01,7.230726594835059640e-01,7.182179918425380949e-01,7.132070288183581797e-01,7.080652965644764762e-01,7.028183503091932627e-01,6.974909022217663512e-01,6.921060714113148604e-01,6.866846938070013673e-01,6.812438292643803184e-01,6.757965581379207221e-01,6.703951085428943024e-01,6.650226669048671102e-01,6.596874277979073442e-01,6.543974105623696635e-01,6.491597854202326712e-01,6.439808734822330960e-01,6.388662549865981033e-01,6.338208956784192605e-01,6.288492659220495939e-01,6.239554442213884888e-01,6.191432030053191093e-01,6.144160771599072035e-01,6.097774169464946770e-01,6.052304274017134000e-01,6.007781964108144246e-01,5.964237135519883104e-01,5.921698816220298811e-01,5.880195225297082384e-01,5.839753790281302370e-01,5.800401137015843700e-01,5.762163020694117677e-01,5.725064302105086211e-01,5.689128992665608564e-01,5.654380062331966217e-01,5.620839450314432106e-01,5.588528021241503385e-01,5.557465531138250370e-01,5.527670602836993741e-01,5.499160711192282447e-01,5.471952178161967328e-01,5.446060177476194086e-01,5.421498748334021567e-01,5.398280817346382543e-01,5.376418227783991144e-01,5.355921775074710123e-01,5.336801247424687311e-01,5.319065470402041251e-01,5.302722354314451936e-01,5.287778943230291295e-01,5.274241464529556556e-01,5.262115377923334281e-01,5.251405422946899826e-01,5.242115664006118392e-01,5.234249532140844430e-01,5.227809862757054615e-01,5.222798928674179386e-01,5.219218467929832572e-01,5.217069705883319308e-01,5.216353371260548100e-01,5.217069705883334851e-01,5.219218467929823690e-01,5.222798928674184937e-01,5.227809862757047954e-01,5.234249532140846650e-01,5.242115664006115061e-01,5.251405422946896495e-01,5.262115377923328730e-01,5.274241464529564327e-01,5.287778943230294626e-01,5.302722354314435282e-01,5.319065470402033480e-01,5.336801247424685091e-01,5.355921775074692359e-01,5.376418227783983372e-01,5.398280817346374771e-01,5.421498748334008244e-01,5.446060177476201858e-01,5.471952178161965108e-01,5.499160711192287998e-01,5.527670602836998182e-01,5.557465531138247039e-01,5.588528021241505606e-01,5.620839450314440988e-01,5.654380062331962886e-01,5.689128992665608564e-01,5.725064302105098424e-01,5.762163020694114346e-01,5.800401137015847031e-01,5.839753790281322354e-01,5.880195225297081274e-01,5.921698816220291040e-01,5.964237135519881994e-01,6.007781964108144246e-01,6.052304274017138441e-01,6.097774169464947880e-01,6.144160771599072035e-01,6.191432030053192204e-01,6.239554442213879337e-01,6.288492659220490388e-01,6.338208956784194825e-01,6.388662549865983253e-01,6.439808734822348724e-01,6.491597854202330042e-01,6.543974105623695525e-01,6.596874277979083434e-01,6.650226669048685535e-01,6.703951085428940804e-01,6.757965581379210551e-01,6.812438292643799853e-01,6.866846938070024775e-01,6.921060714113145274e-01,6.974909022217649079e-01,7.028183503091921525e-01,7.080652965644759211e-01,7.132070288183580686e-01,7.182179918425395382e-01,7.230726594835052978e-01,7.277464400201801853e-01,7.322164292151535081e-01,7.364617415492793473e-01,7.404630855441591830e-01
7.502508774481819742e-01,7.459113631474176831e-01,7.413549225973604662e-01,7.366034747432708141e-01,7.316793505611947079e-01,7.266058566758942794e-01,7.214070980996439841e-01,7.161073957195462913e-01,7.107305587291606885e-01,7.052991843108816772e-01,6.998340585644390321e-01,6.943535553613467970e-01,6.888713139738223967e-01,6.834143527400603491e-01,6.780014306225170539e-01,6.726274468575728083e-01,6.673000910905665384e-01,6.620262154809983812e-01,6.568117819384818867e-01,6.516619726025164594e-01,6.465813273988173515e-01,6.415738760251596950e-01,6.366432538899400306e-01,6.317927989922306198e-01,6.270256298659460104e-01,6.223447061301944361e-01,6.177528737916200274e-01,6.132528976208174720e-01,6.088474828706107456e-01,6.045392884294149560e-01,6.003309332727220227e-01,5.962249978286192631e-01,5.922240216334833107e-01,5.883304984441625196e-01,5.845468698822408049e-01,5.808755171962191044e-01,5.773187443156998500e-01,5.738787981420923057e-01,5.705578333576588612e-01,5.673579163533510883e-01,5.642810193218448234e-01,5.613290157674194480e-01,5.585036771362995589e-01,5.558066705329551827e-01,5.532395574826027840e-01,5.508037936785877831e-01,5.485007296342406802e-01,5.463316121439907302e-01,5.442975864482668680e-01,5.423996989901326282e-01,5.406389006483381943e-01,5.390160503309577855e-01,5.375319188155140981e-01,5.361871927251042891e-01,5.349824785352353951e-01,5.339183065124241123e-01,5.329951344930539125e-01,5.322133514191283998e-01,5.315732805563289087e-01,5.310751823290692508e-01,5.307192567167993147e-01,5.305056451656577909e-01,5.304344319796536755e-01,5.305056451656584571e-01,5.307192567168003139e-01,5.310751823290690288e-01,5.315732805563285757e-01,5.322133514191281778e-01,5.329951344930554669e-01,5.339183065124237793e-01,5.349824785352346179e-01,5.361871927251056213e-01,5.375319188155140981e-01,5.390160503309586737e-01,5.406389006483380832e-01,5.423996989901331833e-01,5.442975864482658688e-01,5.463316121439899531e-01,5.485007296342404581e-01,5.508037936785877831e-01,5.532395574826028950e-01,5.558066705329549606e-01,5.585036771362982266e-01,5.613290157674205583e-01,5.642810193218447123e-01,5.673579163533510883e-01,5.705578333576595274e-01,5.738787981420917506e-01,5.773187443157005161e-01,5.808755171962193264e-01,5.845468698822393616e-01,5.883304984441626306e-01,5.922240216334835328e-01,5.962249978286194851e-01,6.003309332727221337e-01,6.045392884294147340e-01,6.088474828706117448e-01,6.132528976208171390e-01,6.177528737916199164e-01,6.223447061301934369e-01,6.270256298659467875e-01,6.317927989922298426e-01,6.366432538899410298e-01,6.415738760251598061e-01,6.465813273988176846e-01,6.516619726025163484e-01,6.568117819384831080e-01,6.620262154809991584e-01,6.673000910905670935e-01,6.726274468575715870e-01,6.780014306225164988e-01,6.834143527400612372e-01,6.888713139738229518e-01,6.943535553613494615e-01,6.998340585644402534e-01,7.052991843108809000e-01,7.107305587291611326e-01,7.161073957195452921e-01,7.214070980996440952e-01,7.266058566758946125e-01,7.316793505611953741e-01,7.366034747432697039e-01,7.413549225973616874e-01,7.459113631474177941e-01,7.502508774481826404e-01
7.606097357847856344e-01,7.559117918842506167e-01,7.510224050237791493e-01,7.459661270140112155e-01,7.407668607888749923e-01,7.354485521441553875e-01,7.300351363319158571e-01,7.245500886555918951e-01,7.190158388575870196e-01,7.134532136599109897e-01,7.078809676429214104e-01,7.023152373999531628e-01,6.967647338300291260e-01,6.912728500303844115e-01,6.858243043366193392e-01,6.804269639052107355e-01,6.750873277709503739e-01,6.698108970724192535e-01,6.646023238859182225e-01,6.594655725005842406e-01,6.544040713980401325e-01,6.494208465530028063e-01,6.445186330832634036e-01,6.396999653789329221e-01,6.349672473637286707e-01,6.303228052328250230e-01,6.257689252386046119e-01,6.213078790595227829e-01,6.169419391085735338e-01,6.126733858898404383e-01,6.085045092392163957e-01,6.044376050150199742e-01,6.004749685514992885e-01,5.966188859618352103e-01,5.928716241886604621e-01,5.892354206048747711e-01,5.857124739682305625e-01,5.823049159632793792e-01,5.790148430641727240e-01,5.758442714278027008e-01,5.727951407760617508e-01,5.698693080995141935e-01,5.670685422921293295e-01,5.643945200452068489e-01,5.618488228940047291e-01,5.594329353402995864e-01,5.571482439643919982e-01,5.549960374285913822e-01,5.529775072653853041e-01,5.510937493378396113e-01,5.493457658570483071e-01,5.477344678412277013e-01,5.462606779029376414e-01,5.449251332546120041e-01,5.437284888276804340e-01,5.426713204069186780e-01,5.417541276889697999e-01,5.409773371820142396e-01,5.403413048722844891e-01,5.398463185922891538e-01,5.394926000350742656e-01,5.392803063687505727e-01,5.392095314154030650e-01,5.392803063687515719e-01,5.394926000350732664e-01,5.398463185922881546e-01,5.403413048722843781e-01,5.409773371820133514e-01,5.417541276889693558e-01,5.426713204069180119e-01,5.437284888276797679e-01,5.449251332546115600e-01,5.462606779029374193e-01,5.477344678412275902e-01,5.493457658570479740e-01,5.510937493378399443e-01,5.529775072653856371e-01,5.549960374285901610e-01,5.571482439643919982e-01,5.594329353403001415e-01,5.618488228940038409e-01,5.643945200452059607e-01,5.670685422921294405e-01,5.698693080995144156e-01,5.727951407760626390e-01,5.758442714278024788e-01,5.790148430641722799e-01,5.823049159632796012e-01,5.857124739682302295e-01,5.892354206048742160e-01,5.928716241886603511e-01,5.966188859618357654e-01,6.004749685514987334e-01,6.044376050150201962e-01,6.085045092392161736e-01,6.126733858898409935e-01,6.169419391085720905e-01,6.213078790595243373e-01,6.257689252386051670e-01,6.303228052328255782e-01,6.349672473637290038e-01,6.396999653789333662e-01,6.445186330832620714e-01,6.494208465530033614e-01,6.544040713980401325e-01,6.594655725005833524e-01,6.646023238859174453e-01,6.698108970724190314e-01,6.750873277709508180e-01,6.804269639052097363e-01,6.858243043366201164e-01,6.912728500303840784e-01,6.967647338300294590e-01,7.023152373999549392e-01,7.078809676429208553e-01,7.134532136599095464e-01,7.190158388575861315e-01,7.245500886555916731e-01,7.300351363319157461e-01,7.354485521441559426e-01,7.407668607888749923e-01,7.459661270140122147e-01,7.510224050237794824e-01,7.559117918842486183e-01,7.606097357847875218e-01
7.715284061753182598e-01,7.664450188663429753e-01,7.611947957921838537e-01,7.558051176016170603e-01,7.503017094963001510e-01,7.447094470260997578e-01,7.390524012896328987e-01,7.333534964232317765e-01,7.276340448545447481e-01,7.219133191442078656e-01,7.162082051847140640e-01,7.105326650483239082e-01,7.049028021872504324e-01,6.993385836849118631e-01,6.938332211204943922e-01,6.883931609529793105e-01,6.830233921723245505e-01,6.777279160170595063e-01,6.725099688673525922e-01,6.673722082582297377e-01,6.623168716292850977e-01,6.573459082606946113e-01,6.524610855402109832e-01,6.476640717735698827e-01,6.429564983576606663e-01,6.383400043394463763e-01,6.338162663216819759e-01,6.293870164606807371e-01,6.250540510086189938e-01,6.208192315334425393e-01,6.166844806334900175e-01,6.126517736687907556e-01,6.087231277652089823e-01,6.049005891144697555e-01,6.011862193940213928e-01,5.975820819702050146e-01,5.940902284628042374e-01,5.907126867782396262e-01,5.874514364229594943e-01,5.843084225115672270e-01,5.812855320621290733e-01,5.783845819956080492e-01,5.756073161834580620e-01,5.729553993696607783e-01,5.704304124792325403e-01,5.680338491187534311e-01,5.657671131604696813e-01,5.636315173045469695e-01,5.616282825092272502e-01,5.597585381747710587e-01,5.580233229652428184e-01,5.564235861524984283e-01,5.549601893690115917e-01,5.536339086600082782e-01,5.524454367306028679e-01,5.513953852900235209e-01,5.504842874022084498e-01,5.497125997601860492e-01,5.490807048101846721e-01,5.485889126605603128e-01,5.482374627201137551e-01,5.480265250200736515e-01,5.479562011840107827e-01,5.480265250200737626e-01,5.482374627201143102e-01,5.485889126605609789e-01,5.490807048101842280e-01,5.497125997601869374e-01,5.504842874022093380e-01,5.513953852900232988e-01,5.524454367306042002e-01,5.536339086600071679e-01,5.549601893690114807e-01,5.564235861524984283e-01,5.580233229652415972e-01,5.597585381747702815e-01,5.616282825092278053e-01,5.636315173045481908e-01,5.657671131604690151e-01,5.680338491187518768e-01,5.704304124792328734e-01,5.729553993696605563e-01,5.756073161834579510e-01,5.783845819956071610e-01,5.812855320621284072e-01,5.843084225115685593e-01,5.874514364229598273e-01,5.907126867782398483e-01,5.940902284628039043e-01,5.975820819702050146e-01,6.011862193940211707e-01,6.049005891144689784e-01,6.087231277652096484e-01,6.126517736687893123e-01,6.166844806334903506e-01,6.208192315334434275e-01,6.250540510086176615e-01,6.293870164606795159e-01,6.338162663216818649e-01,6.383400043394470424e-01,6.429564983576602222e-01,6.476640717735687724e-01,6.524610855402102061e-01,6.573459082606948334e-01,6.623168716292846536e-01,6.673722082582306259e-01,6.725099688673527032e-01,6.777279160170585071e-01,6.830233921723247725e-01,6.883931609529788664e-01,6.938332211204955025e-01,6.993385836849121961e-01,7.049028021872506544e-01,7.105326650483252404e-01,7.162082051847149522e-01,7.219133191442068664e-01,7.276340448545447481e-01,7.333534964232317765e-01,7.390524012896321215e-01,7.447094470261008681e-01,7.503017094963005951e-01,7.558051176016166162e-01,7.611947957921795238e-01,7.664450188663437524e-01,7.715284061753188150e-01
7.829976291181240944e-01,7.774951584755191991e-01,7.718501786827617339e-01,7.660932915379863317e-01,7.602524315415938316e-01,7.543537649275350310e-01,7.484218099100260480e-01,7.424791838343691719e-01,7.365462517556532474e-01,7.306408290218158186e-01,7.247779620817449420e-01,7.189692853982585508e-01,7.132361016937184273e-01,7.075786296835382405e-01,7.019976368462692573e-01,6.964977268059825422e-01,6.910821488384869538e-01,6.857532493836465681e-01,6.805127249357103558e-01,6.753618204281223170e-01,6.703014899763687362e-01,6.653325249839406874e-01,6.604556533831346110e-01,6.556716138268896543e-01,6.509812086555126776e-01,6.463853392850897883e-01,6.418850273502805237e-01,6.374814245498164889e-01,6.331758137386267471e-01,6.289696034190319640e-01,6.248643174230392727e-01,6.208615812570599246e-01,6.169631063016656203e-01,6.131706728209711521e-01,6.094861125359951615e-01,6.059112913509279164e-01,6.024480926915897205e-01,5.990984018468106242e-01,5.958640920029265597e-01,5.927470027542888209e-01,5.897489379286277034e-01,5.868716637108571943e-01,5.841168799925192667e-01,5.814862215754020847e-01,5.789812514871001126e-01,5.766034558377476360e-01,5.743542398896250845e-01,5.722349252015858090e-01,5.702467477284426378e-01,5.683908567570403747e-01,5.666683145610135197e-01,5.650800966575529882e-01,5.636270925523666486e-01,5.623101068632403443e-01,5.611298607180166265e-01,5.600869933293224356e-01,5.591820636556983359e-01,5.584155520667830608e-01,5.577878619388551007e-01,5.572993211160922611e-01,5.569501831822957216e-01,5.567406284975846553e-01,5.566707649644422329e-01,5.567406284975849884e-01,5.569501831822954996e-01,5.572993211160922611e-01,5.577878619388559889e-01,5.584155520667823946e-01,5.591820636556987800e-01,5.600869933293208813e-01,5.611298607180157383e-01,5.623101068632399002e-01,5.636270925523680919e-01,5.650800966575530992e-01,5.666683145610134087e-01,5.683908567570400416e-01,5.702467477284424158e-01,5.722349252015853649e-01,5.743542398896247514e-01,5.766034558377458596e-01,5.789812514870996685e-01,5.814862215754024177e-01,5.841168799925195998e-01,5.868716637108555290e-01,5.897489379286274813e-01,5.927470027542874886e-01,5.958640920029273369e-01,5.990984018468114014e-01,6.024480926915898316e-01,6.059112913509284715e-01,6.094861125359956056e-01,6.131706728209703749e-01,6.169631063016649541e-01,6.208615812570599246e-01,6.248643174230391617e-01,6.289696034190316309e-01,6.331758137386267471e-01,6.374814245498168219e-01,6.418850273502801906e-01,6.463853392850910096e-01,6.509812086555124555e-01,6.556716138268892102e-01,6.604556533831356102e-01,6.653325249839404654e-01,6.703014899763700685e-01,6.753618204281235382e-01,6.805127249357113550e-01,6.857532493836467902e-01,6.910821488384861766e-01,6.964977268059817650e-01,7.019976368462685912e-01,7.075786296835377964e-01,7.132361016937195375e-01,7.189692853982595500e-01,7.247779620817463853e-01,7.306408290218158186e-01,7.365462517556532474e-01,7.424791838343699490e-01,7.484218099100264920e-01,7.543537649275341428e-01,7.602524315415940537e-01,7.660932915379855546e-01,7.718501786827612898e-01,7.774951584755194212e-01,7.829976291181237613e-01
7.950150193743158455e-01,7.890527032740048963e-01,7.829724541115180569e-01,7.768087352244834598e-01,7.705922576889725484e-01,7.643509402279420328e-01,7.581100812163177327e-01,7.518921887173134477e-01,7.457167515558549287e-01,7.396000925366552625e-01,7.335552964170674040e-01,7.275905389749306451e-01,7.217320104140567683e-01,7.159626730574576436e-01,7.102893896549560271e-01,7.047146307373270968e-01,6.992396753200418313e-01,6.938650329448647902e-01,6.885907096864414267e-01,6.834164115444413268e-01,6.783417028228418966e-01,6.733661271708838436e-01,6.684892971185572019e-01,6.637109573466916101e-01,6.590310264559579023e-01,6.544496214732118400e-01,6.499670687742810093e-01,6.455839045492156592e-01,6.413008674195369574e-01,6.371188853536983165e-01,6.330390586234766470e-01,6.290626401997484463e-01,6.251910146969822391e-01,6.214256767358053990e-01,6.177682093955237930e-01,6.142202632675181073e-01,6.107835364912194143e-01,6.074597560560700549e-01,6.042506606037714167e-01,6.011579851595258983e-01,5.981834430179739925e-01,5.953287069071915294e-01,5.925954320233544070e-01,5.899852080415858291e-01,5.874995659170944018e-01,5.851399706112714316e-01,5.829078156162496027e-01,5.808044187030544370e-01,5.788310187235509163e-01,5.769887733351846126e-01,5.752787575256156360e-01,5.737019628181697639e-01,5.722592970431348292e-01,5.709515845647019638e-01,5.697795668592575691e-01,5.687439033473775662e-01,5.678451723893804814e-01,5.670838723623644606e-01,5.664604227453541307e-01,5.659751651481110812e-01,5.656283642287068814e-01,5.654202084545270068e-01,5.653508106712691328e-01,5.654202084545272289e-01,5.656283642287071034e-01,5.659751651481117474e-01,5.664604227453553520e-01,5.670838723623644606e-01,5.678451723893803704e-01,5.687439033473770111e-01,5.697795668592581242e-01,5.709515845647019638e-01,5.722592970431347181e-01,5.737019628181697639e-01,5.752787575256155250e-01,5.769887733351841685e-01,5.788310187235499171e-01,5.808044187030548811e-01,5.829078156162496027e-01,5.851399706112712096e-01,5.874995659170951789e-01,5.899852080415862732e-01,5.925954320233546291e-01,5.953287069071907522e-01,5.981834430179736595e-01,6.011579851595263424e-01,6.042506606037708616e-01,6.074597560560703879e-01,6.107835364912184151e-01,6.142202632675178853e-01,6.177682093955239040e-01,6.214256767358069533e-01,6.251910146969826831e-01,6.290626401997485573e-01,6.330390586234763139e-01,6.371188853536977614e-01,6.413008674195368464e-01,6.455839045492163253e-01,6.499670687742802322e-01,6.544496214732117290e-01,6.590310264559580133e-01,6.637109573466911661e-01,6.684892971185576460e-01,6.733661271708839546e-01,6.783417028228403423e-01,6.834164115444402166e-01,6.885907096864415378e-01,6.938650329448655674e-01,6.992396753200414983e-01,7.047146307373292062e-01,7.102893896549566932e-01,7.159626730574575326e-01,7.217320104140566572e-01,7.275905389749331986e-01,7.335552964170674040e-01,7.396000925366550405e-01,7.457167515558558168e-01,7.518921887173145580e-01,7.581100812163181768e-01,7.643509402279424769e-01,7.705922576889725484e-01,7.768087352244825716e-01,7.829724541115168357e-01,7.890527032740057845e-01,7.950150193743137361e-01
8.075264839270309691e-01,8.010551400492714746e-01,7.944913625048931616e-01,7.878744682949861966e-01,7.812387619094464108e-01,7.746145058642412984e-01,7.680281242073336845e-01,7.615021280337798126e-01,7.550550461697490556e-01,7.487014774103732950e-01,7.424522017505600369e-01,7.363192365962522024e-01,7.303070410730233553e-01,7.244102716985173496e-01,7.186311044566565664e-01,7.129695577818707664e-01,7.074246649868048964e-01,7.019948741582912044e-01,6.966783179964275430e-01,6.914730150618449978e-01,6.863770199038140563e-01,6.813885319808085095e-01,6.765059711335114079e-01,6.717280262173105365e-01,6.670536825483195376e-01,6.624822329344713934e-01,6.580132762523237533e-01,6.536467068077523868e-01,6.493826970930816067e-01,6.452216760240812032e-01,6.411643043004243703e-01,6.372114481727310098e-01,6.333641526065941774e-01,6.296236145982089250e-01,6.259911572073761921e-01,6.224682047229583848e-01,6.190562592566208888e-01,6.157568789675149645e-01,6.125716580526039401e-01,6.095022086085987167e-01,6.065501446191778889e-01,6.037170676815599712e-01,6.010045301431362619e-01,5.984140874108676567e-01,5.959472266743057745e-01,5.936053813583176408e-01,5.913899231410869595e-01,5.893021562563613980e-01,5.873433130262448731e-01,5.855145504172831750e-01,5.838169474802171743e-01,5.822515035485575918e-01,5.808191370784717700e-01,5.795206850185975478e-01,5.783569026049085737e-01,5.773284634828891315e-01,5.764359600669402006e-01,5.756799040551524582e-01,5.750607270263631277e-01,5.745787810553618646e-01,5.742343392916151590e-01,5.740275964564205413e-01,5.739586692233118459e-01,5.740275964564188760e-01,5.742343392916156031e-01,5.745787810553627528e-01,5.750607270263632387e-01,5.756799040551531244e-01,5.764359600669387573e-01,5.773284634828896866e-01,5.783569026049081296e-01,5.795206850185977698e-01,5.808191370784717700e-01,5.822515035485587021e-01,5.838169474802172854e-01,5.855145504172832860e-01,5.873433130262443180e-01,5.893021562563608429e-01,5.913899231410860713e-01,5.936053813583173078e-01,5.959472266743066626e-01,5.984140874108668795e-01,6.010045301431372611e-01,6.037170676815601933e-01,6.065501446191778889e-01,6.095022086085987167e-01,6.125716580526034960e-01,6.157568789675154086e-01,6.190562592566191125e-01,6.224682047229578297e-01,6.259911572073758590e-01,6.296236145982090360e-01,6.333641526065945104e-01,6.372114481727313429e-01,6.411643043004247033e-01,6.452216760240822024e-01,6.493826970930827169e-01,6.536467068077516096e-01,6.580132762523230872e-01,6.624822329344715044e-01,6.670536825483208698e-01,6.717280262173099814e-01,6.765059711335116299e-01,6.813885319808083985e-01,6.863770199038130571e-01,6.914730150618451088e-01,6.966783179964280981e-01,7.019948741582912044e-01,7.074246649868043413e-01,7.129695577818702112e-01,7.186311044566577877e-01,7.244102716985169055e-01,7.303070410730222450e-01,7.363192365962516472e-01,7.424522017505594818e-01,7.487014774103741832e-01,7.550550461697496107e-01,7.615021280337794796e-01,7.680281242073343506e-01,7.746145058642408543e-01,7.812387619094464108e-01,7.878744682949846423e-01,7.944913625048934946e-01,8.010551400492713636e-01,8.075264839270295258e-01
8.205079843005362861e-01,8.134671428660238401e-01,8.063612090798353282e-01,7.992359036786499393e-01,7.921303117694675766e-01,7.850777923321485829e-01,7.781062107596184996e-01,7.712380163249288323e-01,7.644904229597460077e-01,7.578757565608091884e-01,7.514017923215952077e-01,7.450789922951858157e-01,7.389004062569706210e-01,7.328643407760951911e-01,7.269694240927379036e-01,7.212128156221933040e-01,7.155909623252445506e-01,7.100999794865207049e-01,7.047359136976649729e-01,6.994949315249161526e-01,6.943734521211470945e-01,6.893682360545378973e-01,6.844764400233552815e-01,6.796956453394118469e-01,6.750238665909403801e-01,6.704595456402649978e-01,6.660015350507957343e-01,6.616490741577334411e-01,6.574017602791181192e-01,6.532595169868961049e-01,6.492225608991788466e-01,6.452913680936080976e-01,6.414666409589573348e-01,6.377492760818301853e-01,6.341403335941852015e-01,6.306410082749667190e-01,6.272526025967051222e-01,6.239765018293765841e-01,6.208141512547326046e-01,6.177670355039985850e-01,6.148366600229073775e-01,6.120245347957454785e-01,6.093321631042463160e-01,6.067609919470646762e-01,6.043124842891323123e-01,6.019880343080609153e-01,5.997889846340652698e-01,5.977166189259411899e-01,5.957721560540096828e-01,5.939567455225077675e-01,5.922714638772468287e-01,5.907173119519489868e-01,5.892952128291162328e-01,5.880060104015348843e-01,5.868504684284259199e-01,5.858292699882030607e-01,5.849430172376882675e-01,5.841922313962203406e-01,5.835773528817939093e-01,5.830987415355384229e-01,5.827566768801720754e-01,5.825513583677280893e-01,5.824829055815865519e-01,5.825513583677277563e-01,5.827566768801724084e-01,5.830987415355390890e-01,5.835773528817940203e-01,5.841922313962203406e-01,5.849430172376899328e-01,5.858292699882045040e-01,5.868504684284255868e-01,5.880060104015343292e-01,5.892952128291157887e-01,5.907173119519477655e-01,5.922714638772476059e-01,5.939567455225071013e-01,5.957721560540092387e-01,5.977166189259400797e-01,5.997889846340636044e-01,6.019880343080619145e-01,6.043124842891330895e-01,6.067609919470650093e-01,6.093321631042457609e-01,6.120245347957452564e-01,6.148366600229088208e-01,6.177670355039990291e-01,6.208141512547323826e-01,6.239765018293770282e-01,6.272526025967044561e-01,6.306410082749671631e-01,6.341403335941856456e-01,6.377492760818295192e-01,6.414666409589590002e-01,6.452913680936076535e-01,6.492225608991795127e-01,6.532595169868953278e-01,6.574017602791185633e-01,6.616490741577332191e-01,6.660015350507955123e-01,6.704595456402652198e-01,6.750238665909392699e-01,6.796956453394107367e-01,6.844764400233531720e-01,6.893682360545339005e-01,6.943734521211456512e-01,6.994949315249165966e-01,7.047359136976649729e-01,7.100999794865215931e-01,7.155909623252439955e-01,7.212128156221938591e-01,7.269694240927370155e-01,7.328643407760956352e-01,7.389004062569713982e-01,7.450789922951843725e-01,7.514017923215950967e-01,7.578757565608087443e-01,7.644904229597460077e-01,7.712380163249293874e-01,7.781062107596193878e-01,7.850777923321488050e-01,7.921303117694673546e-01,7.992359036786486071e-01,8.063612090798355503e-01,8.134671428660228409e-01,8.205079843005357310e-01
8.339875298832549744e-01,8.262994453485069668e-01,8.185771607836385133e-01,8.108753085720817877e-01,8.032394915231086951e-01,7.957070540881868714e-01,7.883074135926452231e-01,7.810624573765725387e-01,7.739871768575308231e-01,7.670904902646393797e-01,7.603757292257020683e-01,7.538473926485432797e-01,7.474936633830157051e-01,7.413118181509761317e-01,7.352965417541210691e-01,7.294416095938933697e-01,7.237404699655639595e-01,7.181865947157067831e-01,7.127737163288969668e-01,7.074959864503188589e-01,7.023480760391098698e-01,6.973252318506711900e-01,6.924233005941214936e-01,6.876387295851303927e-01,6.829685507029694680e-01,6.784103528539521255e-01,6.739622468740811279e-01,6.696228258132339572e-01,6.653911227792749239e-01,6.612665679369827965e-01,6.572489458141549390e-01,6.533383537340580194e-01,6.495351619432524481e-01,6.458399758171486926e-01,6.422536003862403531e-01,6.387770073225123024e-01,6.354113044484969164e-01,6.321577077746629580e-01,6.290175160292388323e-01,6.259920876154591030e-01,6.230828199148880087e-01,6.202911308631965381e-01,6.176184428415393279e-01,6.150661706055806643e-01,6.126356802190563444e-01,6.103283390969578281e-01,6.081454611681840206e-01,6.060883048304190890e-01,6.041580709036257213e-01,6.023558967836276645e-01,6.006828518588326338e-01,5.991399338688077059e-01,5.977280660517984012e-01,5.964480949596500103e-01,5.953007888317375373e-01,5.942868364290422312e-01,5.934068462382267040e-01,5.926613459643754744e-01,5.920507822399880826e-01,5.915755204869966866e-01,5.912358448779391207e-01,5.910319583519650921e-01,5.909639826511069449e-01,5.910319583519647590e-01,5.912358448779392317e-01,5.915755204869986850e-01,5.920507822399871944e-01,5.926613459643758075e-01,5.934068462382277032e-01,5.942868364290427863e-01,5.953007888317375373e-01,5.964480949596495662e-01,5.977280660517985122e-01,5.991399338688067067e-01,6.006828518588335220e-01,6.023558967836272204e-01,6.041580709036267205e-01,6.060883048304195331e-01,6.081454611681840206e-01,6.103283390969576061e-01,6.126356802190568995e-01,6.150661706055815525e-01,6.176184428415394390e-01,6.202911308631973153e-01,6.230828199148868984e-01,6.259920876154602132e-01,6.290175160292377221e-01,6.321577077746634021e-01,6.354113044484968054e-01,6.387770073225128575e-01,6.422536003862399090e-01,6.458399758171482485e-01,6.495351619432527812e-01,6.533383537340574643e-01,6.572489458141551610e-01,6.612665679369815752e-01,6.653911227792763672e-01,6.696228258132328470e-01,6.739622468740812389e-01,6.784103528539517924e-01,6.829685507029700231e-01,6.876387295851302817e-01,6.924233005941184960e-01,6.973252318506709679e-01,7.023480760391088706e-01,7.074959864503195250e-01,7.127737163288977440e-01,7.181865947157071162e-01,7.237404699655637375e-01,7.294416095938935918e-01,7.352965417541214022e-01,7.413118181509752436e-01,7.474936633830158161e-01,7.538473926485427246e-01,7.603757292257024014e-01,7.670904902646390466e-01,7.739871768575308231e-01,7.810624573765737599e-01,7.883074135926462223e-01,7.957070540881872045e-01,8.032394915231086951e-01,8.108753085720818987e-01,8.185771607836385133e-01,8.262994453485071888e-01,8.339875298832563066e-01
8.479865176716950836e-01,8.395452436780987959e-01,8.311083304875011013e-01,8.227434574007047585e-01,8.145051298271551721e-01,8.064353465811247013e-01,7.985643588082302902e-01,7.909118473933830495e-01,7.834884561355922594e-01,7.762974071580871493e-01,7.693350125869150569e-01,7.625948176686122570e-01,7.560667827317024692e-01,7.497420059577818430e-01,7.436104630250314207e-01,7.376619166501929836e-01,7.318863689722228116e-01,7.262743461458414096e-01,7.208170741810804305e-01,7.155065780542091414e-01,7.103357263414155076e-01,7.052982377068431896e-01,7.003886612980432247e-01,6.956023398796123969e-01,6.909353621066173234e-01,6.863845085244179023e-01,6.819471945400050750e-01,6.776214126281091543e-01,6.734056753234340942e-01,6.692989600380399029e-01,6.653006563771094450e-01,6.614105163668896337e-01,6.576286078258785084e-01,6.539552709825537935e-01,6.503910783542661278e-01,6.469367978409210629e-01,6.435933589455999915e-01,6.403618220065370181e-01,6.372433503068041238e-01,6.342391849172015483e-01,6.313506221228362136e-01,6.285789932861907126e-01,6.259256470195286859e-01,6.233919336444160297e-01,6.209791929845823732e-01,6.186887210733452713e-01,6.165217983680617575e-01,6.144796670876470079e-01,6.125635075442557032e-01,6.107744426146454186e-01,6.091135319167797491e-01,6.075817673227453808e-01,6.061800693687838804e-01,6.049092844007050163e-01,6.037701823370564824e-01,6.027634549488062321e-01,6.018897145650595748e-01,6.011494931238292594e-01,6.005432414960919507e-01,6.000713290205944572e-01,5.997340431962657759e-01,5.995315894885039354e-01,5.994640912152691126e-01,5.995315894885051566e-01,5.997340431962653318e-01,6.000713290205947903e-01,6.005432414960922838e-01,6.011494931238292594e-01,6.018897145650595748e-01,6.027634549488073423e-01,6.037701823370564824e-01,6.049092844007054603e-01,6.061800693687842134e-01,6.075817673227468241e-01,6.091135319167808593e-01,6.107744426146456407e-01,6.125635075442560362e-01,6.144796670876485623e-01,6.165217983680617575e-01,6.186887210733457154e-01,6.209791929845831504e-01,6.233919336444163628e-01,6.259256470195283528e-01,6.285789932861902685e-01,6.313506221228355475e-01,6.342391849172011042e-01,6.372433503068039018e-01,6.403618220065373512e-01,6.435933589456006576e-01,6.469367978409208408e-01,6.503910783542663498e-01,6.539552709825541266e-01,6.576286078258788415e-01,6.614105163668902998e-01,6.653006563771090009e-01,6.692989600380382376e-01,6.734056753234332060e-01,6.776214126281088213e-01,6.819471945400048529e-01,6.863845085244173472e-01,6.909353621066167683e-01,6.956023398796125079e-01,7.003886612980424475e-01,7.052982377068434117e-01,7.103357263414148415e-01,7.155065780542086973e-01,7.208170741810787652e-01,7.262743461458407435e-01,7.318863689722228116e-01,7.376619166501919844e-01,7.436104630250319758e-01,7.497420059577835083e-01,7.560667827317038014e-01,7.625948176686118130e-01,7.693350125869143907e-01,7.762974071580847069e-01,7.834884561355910382e-01,7.909118473933826055e-01,7.985643588082296240e-01,8.064353465811254784e-01,8.145051298271549500e-01,8.227434574007057577e-01,8.311083304875013233e-01,8.395452436781029038e-01,8.479865176716939734e-01
8.622684699981716383e-01,8.529179429281038560e-01,8.436303562470522932e-01,8.344929681857204962e-01,8.255713569681113473e-01,8.169107641470179093e-01,8.085385415501542550e-01,8.004673550142841210e-01,7.926985534895417684e-01,7.852250165789818048e-01,7.780264425964880104e-01,7.710951376739607621e-01,7.644147742696311143e-01,7.579691784218034467e-01,7.517427110015074687e-01,7.457205403524359566e-01,7.398889011204518029e-01,7.342352360478693329e-01,7.287482501895191644e-01,7.234179061247628661e-01,7.182353813798884046e-01,7.131930029635004109e-01,7.082841692066647044e-01,7.035032657313973203e-01,6.988455800161216258e-01,6.943072174059060631e-01,6.898850203148779725e-01,6.855764916308900725e-01,6.813797228458237099e-01,6.772933271191591276e-01,6.733163772822798876e-01,6.694483486680865569e-01,6.656890665784681582e-01,6.620386581633416201e-01,6.584975084670623424e-01,6.550662203931714167e-01,6.517455783412658965e-01,6.485365152769066999e-01,6.454400830047878346e-01,6.424574254256416594e-01,6.395897545680798713e-01,6.368383291981428718e-01,6.342044358239316004e-01,6.316893719402660867e-01,6.292944314532039618e-01,6.270208929690244126e-01,6.248699934294652536e-01,6.228429354714017929e-01,6.209408984111021157e-01,6.191649909318404088e-01,6.175162632629722648e-01,6.159957013879143739e-01,6.146042227522039436e-01,6.133426728248778659e-01,6.122118223381310953e-01,6.112123650925773699e-01,6.103449162353287161e-01,6.096100109301003656e-01,6.090081033484905371e-01,6.085395659209623664e-01,6.082046887954449810e-01,6.080036794607620587e-01,6.079366625015485415e-01,6.080036794607619477e-01,6.082046887954435377e-01,6.085395659209621444e-01,6.090081033484906481e-01,6.096100109301006986e-01,6.103449162353277169e-01,6.112123650925772589e-01,6.122118223381309843e-01,6.133426728248763116e-01,6.146042227522029444e-01,6.159957013879144849e-01,6.175162632629715986e-01,6.191649909318382994e-01,6.209408984111013385e-01,6.228429354714023480e-01,6.248699934294664748e-01,6.270208929690246347e-01,6.292944314532034067e-01,6.316893719402654206e-01,6.342044358239319335e-01,6.368383291981428718e-01,6.395897545680808705e-01,6.424574254256412154e-01,6.454400830047890558e-01,6.485365152769058117e-01,6.517455783412650083e-01,6.550662203931723049e-01,6.584975084670618983e-01,6.620386581633416201e-01,6.656890665784688244e-01,6.694483486680871120e-01,6.733163772822806648e-01,6.772933271191596827e-01,6.813797228458230437e-01,6.855764916308888512e-01,6.898850203148778615e-01,6.943072174059075063e-01,6.988455800161218479e-01,7.035032657313972093e-01,7.082841692066611516e-01,7.131930029635006330e-01,7.182353813798884046e-01,7.234179061247633102e-01,7.287482501895191644e-01,7.342352360478697770e-01,7.398889011204526911e-01,7.457205403524389542e-01,7.517427110015063585e-01,7.579691784218034467e-01,7.644147742696308923e-01,7.710951376739606511e-01,7.780264425964897868e-01,7.852250165789845804e-01,7.926985534895401031e-01,8.004673550142834548e-01,8.085385415501525896e-01,8.169107641470174652e-01,8.255713569681104591e-01,8.344929681857201631e-01,8.436303562470518491e-01,8.529179429281052993e-01,8.622684699981675305e-01
8.762513951157723247e-01,8.657332938928012922e-01,8.554014041425944681e-01,8.453685372690278310e-01,8.357056036846470803e-01,8.264486582716286112e-01,8.176076230404816236e-01,8.091745681288220471e-01,8.011303476940390134e-01,7.934483740219230308e-01,7.860790991904145208e-01,7.790272342659213534e-01,7.722598192302874143e-01,7.657526924212153530e-01,7.594842786335832541e-01,7.534352566985216271e-01,7.475884534686777494e-01,7.419287198800115224e-01,7.364427837842080216e-01,7.311190921609411753e-01,7.259476528869294176e-01,7.209198823506716147e-01,7.160284622871224691e-01,7.112672073196666389e-01,7.066309435590847343e-01,7.021153979650034405e-01,6.977170978410778268e-01,6.934332796884781214e-01,6.892618066052651482e-01,6.852010934427821276e-01,6.812500389846142257e-01,6.774079644808813638e-01,6.736745579405196693e-01,6.700498236508407590e-01,6.665340364545357943e-01,6.631277003679529880e-01,6.598315111710042480e-01,6.566463226388460361e-01,6.535731161190383443e-01,6.506129731862452248e-01,6.477670511305464451e-01,6.450365610559288809e-01,6.424227483842105402e-01,6.399268755790394891e-01,6.375502069341835165e-01,6.352939953556047126e-01,6.331594716297900272e-01,6.311478247249004969e-01,6.292601882078868725e-01,6.274976874899406143e-01,6.258613660277003721e-01,6.243522067608400228e-01,6.229711262900782254e-01,6.217189708763679601e-01,6.205965132522464067e-01,6.196044500508760544e-01,6.187433997454626633e-01,6.180139010160869972e-01,6.174164114738895925e-01,6.169513066826446401e-01,6.166188794272793317e-01,6.164193391878949324e-01,6.163528117871488465e-01,6.164193391878941553e-01,6.166188794272787765e-01,6.169513066826450842e-01,6.174164114738894815e-01,6.180139010160882185e-01,6.187433997454614421e-01,6.196044500508766095e-01,6.205965132522464067e-01,6.217189708763677380e-01,6.229711262900800017e-01,6.243522067608404669e-01,6.258613660276995949e-01,6.274976874899406143e-01,6.292601882078869835e-01,6.311478247248990536e-01,6.331594716297899161e-01,6.352939953556038244e-01,6.375502069341828504e-01,6.399268755790392671e-01,6.424227483842112063e-01,6.450365610559288809e-01,6.477670511305451129e-01,6.506129731862436705e-01,6.535731161190380112e-01,6.566463226388470353e-01,6.598315111710040259e-01,6.631277003679527660e-01,6.665340364545350171e-01,6.700498236508399819e-01,6.736745579405190032e-01,6.774079644808814749e-01,6.812500389846145588e-01,6.852010934427837929e-01,6.892618066052657033e-01,6.934332796884787875e-01,6.977170978410780489e-01,7.021153979650033294e-01,7.066309435590834021e-01,7.112672073196673050e-01,7.160284622871231353e-01,7.209198823506728360e-01,7.259476528869284184e-01,7.311190921609390658e-01,7.364427837842070224e-01,7.419287198800118555e-01,7.475884534686783045e-01,7.534352566985225153e-01,7.594842786335832541e-01,7.657526924212145758e-01,7.722598192302867481e-01,7.790272342659193550e-01,7.860790991904147429e-01,7.934483740219208103e-01,8.011303476940397905e-01,8.091745681288231573e-01,8.176076230404814016e-01,8.264486582716291663e-01,8.357056036846478575e-01,8.453685372690274979e-01,8.554014041425971326e-01,8.657332938928006261e-01,8.762513951157733239e-01
8.874282219532654281e-01,8.753251055982286255e-01,8.638135869198756422e-01,8.529699150990409651e-01,8.427924906360401147e-01,8.332397171328307373e-01,8.242541845310910054e-01,8.157756715515914747e-01,8.077467514593080766e-01,8.000962102229719486e-01,7.927805238354523887e-01,7.857991358840044072e-01,7.791074156148461993e-01,7.726764874836173913e-01,7.664822085917204486e-01,7.605039537054039123e-01,7.547240029801774996e-01,7.491271074509037176e-01,7.437001471111802653e-01,7.384318511360304926e-01,7.333125642899007701e-01,7.283340491879778389e-01,7.234893170271369245e-01,7.187724812681349773e-01,7.141786300520780451e-01,7.097037140860179560e-01,7.053444474450579760e-01,7.010982192788921541e-01,6.969630148242316192e-01,6.929373444429794970e-01,6.890201796527106737e-01,6.852108953078165365e-01,6.815092172396844949e-01,6.779151747817302454e-01,6.744290576976896823e-01,6.710513771043606912e-01,6.677828300376396076e-01,6.646242673563295122e-01,6.615766647143505041e-01,6.586410963608971825e-01,6.558187115512605914e-01,6.531107133698482725e-01,6.505183397828036007e-01,6.480428467518511981e-01,6.456854932565483374e-01,6.434475280974057965e-01,6.413301784281699724e-01,6.393346404338962063e-01,6.374620656799714347e-01,6.357135282904976536e-01,6.340901082247817344e-01,6.325927900890313538e-01,6.312224949063158785e-01,6.299800741784009617e-01,6.288663062739031639e-01,6.278818935865722040e-01,6.270274602455133683e-01,6.263035502766145513e-01,6.257106261430767091e-01,6.252490676066992936e-01,6.249191708615912111e-01,6.247211479010461588e-01,6.246551260871124889e-01,6.247211479010457147e-01,6.249191708615914331e-01,6.252490676066999598e-01,6.257106261430770422e-01,6.263035502766142182e-01,6.270274602455139235e-01,6.278818935865726480e-01,6.288663062739043852e-01,6.299800741784005176e-01,6.312224949063159896e-01,6.325927900890303546e-01,6.340901082247821785e-01,6.357135282904990969e-01,6.374620656799708796e-01,6.393346404338953182e-01,6.413301784281685292e-01,6.434475280974060185e-01,6.456854932565483374e-01,6.480428467518506430e-01,6.505183397828039338e-01,6.531107133698483835e-01,6.558187115512601473e-01,6.586410963608964053e-01,6.615766647143495049e-01,6.646242673563292902e-01,6.677828300376390525e-01,6.710513771043602471e-01,6.744290576976909035e-01,6.779151747817313556e-01,6.815092172396850501e-01,6.852108953078172027e-01,6.890201796527098965e-01,6.929373444429808293e-01,6.969630148242326184e-01,7.010982192788919320e-01,7.053444474450575319e-01,7.097037140860188442e-01,7.141786300520793773e-01,7.187724812681344222e-01,7.234893170271363694e-01,7.283340491879775058e-01,7.333125642899009922e-01,7.384318511360306037e-01,7.437001471111800432e-01,7.491271074509024963e-01,7.547240029801763894e-01,7.605039537054025800e-01,7.664822085917202266e-01,7.726764874836185015e-01,7.791074156148450891e-01,7.857991358840046292e-01,7.927805238354523887e-01,8.000962102229709494e-01,8.077467514593078546e-01,8.157756715515910306e-01,8.242541845310907833e-01,8.332397171328298491e-01,8.427924906360427793e-01,8.529699150990407430e-01,8.638135869198740879e-01,8.753251055982296247e-01,8.874282219532617644e-01
8.575895565062757742e-01,8.550185879636184039e-01,8.503060716348880277e-01,8.443541814147244029e-01,8.377644541225325314e-01,8.308898277224586737e-01,8.239332424424840040e-01,8.170106956047512581e-01,8.101855556927950452e-01,8.034174669626477083e-01,7.968376810794960408e-01,7.904476715449895163e-01,7.842362620067566681e-01,7.781983322247381096e-01,7.723281883911116141e-01,7.666194777470604071e-01,7.610655568494798517e-01,7.556598170460512298e-01,7.503959156555595200e-01,7.452679263948561728e-01,7.402704296447949472e-01,7.353985598737745599e-01,7.306480231842309436e-01,7.260150943345020647e-01,7.214965998958520199e-01,7.170898922686740340e-01,7.127928179071756354e-01,7.086036821283784315e-01,7.045212121909130154e-01,7.005445198376740734e-01,6.966730641453569017e-01,6.929066152715132043e-01,6.892452195076747001e-01,6.856891659148066642e-01,6.822389547206214599e-01,6.788952675872961251e-01,6.756589398054011486e-01,6.725309344306642512e-01,6.695123183506155318e-01,6.666042402459740890e-01,6.638079103947092108e-01,6.611245822539821848e-01,6.585555357457822945e-01,6.561020621654892748e-01,6.537654506291685763e-01,6.515469759767406055e-01,6.494478880614650285e-01,6.474694024181119056e-01,6.456126926992783455e-01,6.438788839456249802e-01,6.422689970464510179e-01,6.407840757275417021e-01,6.394250510233053797e-01,6.381927866315760811e-01,6.370880725184511206e-01,6.361116217810275364e-01,6.352640682432888486e-01,6.345459645331684717e-01,6.339577805463429971e-01,6.334999022363799748e-01,6.331726306851462871e-01,6.329761814170513645e-01,6.329106839291268605e-01,6.329761814170519196e-01,6.331726306851467312e-01,6.334999022363784205e-01,6.339577805463419979e-01,6.345459645331671394e-01,6.352640682432895147e-01,6.361116217810273143e-01,6.370880725184500104e-01,6.381927866315749709e-01,6.394250510233058238e-01,6.407840757275430343e-01,6.422689970464509068e-01,6.438788839456266455e-01,6.456126926992772352e-01,6.474694024181110175e-01,6.494478880614652505e-01,6.515469759767412716e-01,6.537654506291687984e-01,6.561020621654890528e-01,6.585555357457831827e-01,6.611245822539835171e-01,6.638079103947096549e-01,6.666042402459747551e-01,6.695123183506160869e-01,6.725309344306642512e-01,6.756589398054009266e-01,6.788952675872944598e-01,6.822389547206209048e-01,6.856891659148056650e-01,6.892452195076751442e-01,6.929066152715132043e-01,6.966730641453571238e-01,7.005445198376729632e-01,7.045212121909131264e-01,7.086036821283783205e-01,7.127928179071750803e-01,7.170898922686753663e-01,7.214965998958523530e-01,7.260150943345025087e-01,7.306480231842318318e-01,7.353985598737736717e-01,7.402704296447939480e-01,7.452679263948569499e-01,7.503959156555592980e-01,7.556598170460513408e-01,7.610655568494798517e-01,7.666194777470600741e-01,7.723281883911139456e-01,7.781983322247391088e-01,7.842362620067568901e-01,7.904476715449881841e-01,7.968376810794967069e-01,8.034174669626478194e-01,8.101855556927964885e-01,8.170106956047508140e-01,8.239332424424845591e-01,8.308898277224600060e-01,8.377644541225359731e-01,8.443541814147201841e-01,8.503060716348921355e-01,8.550185879636174047e-01,8.575895565063150761e-01
9.504462306623693291e-01,9.459334308164124572e-01,9.070356339143311741e-01,2.814958752468780800e-01,6.668699367889844298e-01,7.648715627198566791e-01,7.908683503930776793e-01,7.988235116473730857e-01,8.000740949601139462e-01,7.980595816856155267e-01,7.946951640323984822e-01,7.905330408405923936e-01,7.859230614028781536e-01,7.810706241773716085e-01,7.760994386393749167e-01,7.710862955380684003e-01,7.660799747212296840e-01,7.611119609004072251e-01,7.562027743694289539e-01,7.513658481934485378e-01,7.466099752728014849e-01,7.419408913302639741e-01,7.373623193309432056e-01,7.328766690927962513e-01,7.284855109873169532e-01,7.241898986809354177e-01,7.199905893005643653e-01,7.158881929224688578e-01,7.118832728132029608e-01,7.079764110597958071e-01,7.041682497364389892e-01,7.004595147352518092e-01,6.968510273256230958e-01,6.933437070769840060e-01,6.899385687757232377e-01,6.866367152532507623e-01,6.834393275290159275e-01,6.803476532993784076e-01,6.773629945295088772e-01,6.744866947029490856e-01,6.717201261319153405e-01,6.690646776177248123e-01,6.665217426643973431e-01,6.640927083831863476e-01,6.617789451762118302e-01,6.595817972508185578e-01,6.575025739916993128e-01,6.555425422107197253e-01,6.537029193366372670e-01,6.519848679461706098e-01,6.503894973004460400e-01,6.489177794267899646e-01,6.475707316912061584e-01,6.463492359118508945e-01,6.452541024996820695e-01,6.442860628956703639e-01,6.434457669814901415e-01,6.427337811936685297e-01,6.421505870414077055e-01,6.416965799393347103e-01,6.413720683067063444e-01,6.411772728994321602e-01,6.411123263502032099e-01,6.411772728994311610e-01,6.413720683067062334e-01,6.416965799393352654e-01,6.421505870414087047e-01,6.427337811936683076e-01,6.434457669814939162e-01,6.442860628956701419e-01,6.452541024996819585e-01,6.463492359118520048e-01,6.475707316912057143e-01,6.489177794267891874e-01,6.503894973004448188e-01,6.519848679461696106e-01,6.537029193366363788e-01,6.555425422107200584e-01,6.575025739916982026e-01,6.595817972508173366e-01,6.617789451762119413e-01,6.640927083831856814e-01,6.665217426643975651e-01,6.690646776177259225e-01,6.717201261319177830e-01,6.744866947029488635e-01,6.773629945295107646e-01,6.803476532993790737e-01,6.834393275290171488e-01,6.866367152532480977e-01,6.899385687757220165e-01,6.933437070769841171e-01,6.968510273256230958e-01,7.004595147352504769e-01,7.041682497364388782e-01,7.079764110597948079e-01,7.118832728132032939e-01,7.158881929224705232e-01,7.199905893005644764e-01,7.241898986809347516e-01,7.284855109873170642e-01,7.328766690927960292e-01,7.373623193309446489e-01,7.419408913302649733e-01,7.466099752728005967e-01,7.513658481934490929e-01,7.562027743694293980e-01,7.611119609004077802e-01,7.660799747212307942e-01,7.710862955380682893e-01,7.760994386393753608e-01,7.810706241773708314e-01,7.859230614028781536e-01,7.905330408405915055e-01,7.946951640323998145e-01,7.980595816856170810e-01,8.000740949601182761e-01,7.988235116473725306e-01,7.908683503930744596e-01,7.648715627198380274e-01,6.668699367890904561e-01,2.814958752467345282e-01,9.070356339142906510e-01,9.459334308164032423e-01,9.504462306623745471e-01
9.625030024213405699e-01,9.550552342308938902e-01,9.498068624466409204e-01,9.474115714993999182e-01,9.464883850305531032e-01,9.064661694018061322e-01,2.456717142187709868e-01,5.992539102058863643e-01,7.240819477772859614e-01,7.601650959631373050e-01,7.739979627606300427e-01,7.789762247384287575e-01,7.798136567202416103e-01,7.784690207247488836e-01,7.758859491096656846e-01,7.725683361543632666e-01,7.688060582478717375e-01,7.647754113671628717e-01,7.605882892797689587e-01,7.563181333425694763e-01,7.520144694673022157e-01,7.477114576542764901e-01,7.434331256222741491e-01,7.391966808013108459e-01,7.350146650091174960e-01,7.308963887995710840e-01,7.268489045764495726e-01,7.228776770416412978e-01,7.189870507670618194e-01,7.151805792555758767e-01,7.114612579259060876e-01,7.078316895499958683e-01,7.042942016597781851e-01,7.008509294856943850e-01,6.975038739838884672e-01,6.942549417709265036e-01,6.911059718849612565e-01,6.880587529559158977e-01,6.851150334152644739e-01,6.822765266900372438e-01,6.795449128258206350e-01,6.769218376159543693e-01,6.744089100411443383e-01,6.720076986195094859e-01,6.697197271133658036e-01,6.675464699228813581e-01,6.654893474095305850e-01,6.635497213289001106e-01,6.617288905151286205e-01,6.600280869756750546e-01,6.584484728436643675e-01,6.569911447077820821e-01,6.556570498190739116e-01,6.544471676679005645e-01,6.533623412632947325e-01,6.524033308990443425e-01,6.515708116000452632e-01,6.508653711352040405e-01,6.502875087131114729e-01,6.498376339947953273e-01,6.495160663386978506e-01,6.493230342411533407e-01,6.492586749505399046e-01,6.493230342411531186e-01,6.495160663386981836e-01,6.498376339947955493e-01,6.502875087131118059e-01,6.508653711352033744e-01,6.515708116000448191e-01,6.524033308990446756e-01,6.533623412632942884e-01,6.544471676678998984e-01,6.556570498190738006e-01,6.569911447077846356e-01,6.584484728436645895e-01,6.600280869756750546e-01,6.617288905151300638e-01,6.635497213289007767e-01,6.654893474095300299e-01,6.675464699228802479e-01,6.697197271133630281e-01,6.720076986195097080e-01,6.744089100411436721e-01,6.769218376159552575e-01,6.795449128258213012e-01,6.822765266900375769e-01,6.851150334152652510e-01,6.880587529559155646e-01,6.911059718849615896e-01,6.942549417709248383e-01,6.975038739838875790e-01,7.008509294856932748e-01,7.042942016597799615e-01,7.078316895499952022e-01,7.114612579259060876e-01,7.151805792555764318e-01,7.189870507670612643e-01,7.228776770416412978e-01,7.268489045764517931e-01,7.308963887995706399e-01,7.350146650091202716e-01,7.391966808013109569e-01,7.434331256222753703e-01,7.477114576542760460e-01,7.520144694673026597e-01,7.563181333425663677e-01,7.605882892797665162e-01,7.647754113671629828e-01,7.688060582478727367e-01,7.725683361543631555e-01,7.758859491096663508e-01,7.784690207247457749e-01,7.798136567202413882e-01,7.789762247384305338e-01,7.739979627606268231e-01,7.601650959631437443e-01,7.240819477772834079e-01,5.992539102058792588e-01,2.456717142187730962e-01,9.064661694017637217e-01,9.464883850305587654e-01,9.474115714993959214e-01,9.498068624466385890e-01,9.550552342308962217e-01,9.625030024213405699e-01
9.800741261583264530e-01,9.700528557086922632e-01,9.614499796510211915e-01,9.546364107121995124e-01,9.501370830336915985e-01,9.486268887748631196e-01,9.498529922659630920e-01,9.372119219089575237e-01,5.595810135990822998e-01,3.968370375462910715e-01,6.542663834661011091e-01,7.247365467280260098e-01,7.511817526740830475e-01,7.624541739652204164e-01,7.670177384914201868e-01,7.681384910702159230e-01,7.673179237098054495e-01,7.653336527994876182e-01,7.626243453779819603e-01,7.594537856941764309e-01,7.559886145980505567e-01,7.523383099916839400e-01,7.485771325705274926e-01,7.447568261974075732e-01,7.409142951920661968e-01,7.370764168722684362e-01,7.332631518037496798e-01,7.294896063584360713e-01,7.257674306286187038e-01,7.221057834645187024e-01,7.185120090460034303e-01,7.149921173332604019e-01,7.115511288247413635e-01,7.081933239877323816e-01,7.049224248272097926e-01,7.017417275934658694e-01,6.986541999699669159e-01,6.956625522353452329e-01,6.927692892366479338e-01,6.899767481501625221e-01,6.872871256858043010e-01,6.847024974426721977e-01,6.822248314346729403e-01,6.798559972999559387e-01,6.775977723337661685e-01,6.754518452051965216e-01,6.734198180088426522e-01,6.715032071448773232e-01,6.697034434046895690e-01,6.680218715611592195e-01,6.664597497461244302e-01,6.650182491389234896e-01,6.636984589309202764e-01,6.625013145880042087e-01,6.614277548954392572e-01,6.604785899477537692e-01,6.596545317685219567e-01,6.589561996734388805e-01,6.583841189103113445e-01,6.579387199715130974e-01,6.576203381236677137e-01,6.574292130708271342e-01,6.573654887247754042e-01,6.574292130708282444e-01,6.576203381236676027e-01,6.579387199715153178e-01,6.583841189103117886e-01,6.589561996734401017e-01,6.596545317685210685e-01,6.604785899477529920e-01,6.614277548954398123e-01,6.625013145880047638e-01,6.636984589309202764e-01,6.650182491389242667e-01,6.664597497461236530e-01,6.680218715611568880e-01,6.697034434046905682e-01,6.715032071448767681e-01,6.734198180088420971e-01,6.754518452051966326e-01,6.775977723337652803e-01,6.798559972999564938e-01,6.822248314346721632e-01,6.847024974426727528e-01,6.872871256858046340e-01,6.899767481501626332e-01,6.927692892366478228e-01,6.956625522353453439e-01,6.986541999699653616e-01,7.017417275934648702e-01,7.049224248272114579e-01,7.081933239877322706e-01,7.115511288247422517e-01,7.149921173332598467e-01,7.185120090460039854e-01,7.221057834645184803e-01,7.257674306286171495e-01,7.294896063584365153e-01,7.332631518037499019e-01,7.370764168722675480e-01,7.409142951920664188e-01,7.447568261974074622e-01,7.485771325705287138e-01,7.523383099916808314e-01,7.559886145980491134e-01,7.594537856941766529e-01,7.626243453779830705e-01,7.653336527994887284e-01,7.673179237098054495e-01,7.681384910702153679e-01,7.670177384914182994e-01,7.624541739652231920e-01,7.511817526740810491e-01,7.247365467280287854e-01,6.542663834660877864e-01,3.968370375463341482e-01,5.595810135990497702e-01,9.372119219089647402e-01,9.498529922659598723e-01,9.486268887748622314e-01,9.501370830336922646e-01,9.546364107122007336e-01,9.614499796510209695e-01,9.700528557086934844e-01,9.800741261583271191e-01
1.000000000000000000e+00,9.881943549391566384e-01,9.775570844110893498e-01,9.682811353337404947e-01,9.606109163608356205e-01,9.549005750192974817e-01,9.516775736242707451e-01,9.515933114049687225e-01,9.538690651232875073e-01,9.412209358314743701e-01,6.127797535540748797e-01,3.164245453999113278e-01,6.127795661588449905e-01,7.006019906944688236e-01,7.345636873236834896e-01,7.499145548904321279e-01,7.570433782781664789e-01,7.599442042673280051e-01,7.604468343648280726e-01,7.594970297803471659e-01,7.576281538090849921e-01,7.551613861326178512e-01,7.523002486911580800e-01,7.491790722260264213e-01,7.458895358565781342e-01,7.424959985020120889e-01,7.390447561104707130e-01,7.355698420733133291e-01,7.320967771548420044e-01,7.286450591844911839e-01,7.252298540684051220e-01,7.218631669336801338e-01,7.185546668856126473e-01,7.153122761813676123e-01,7.121425962585471447e-01,7.090512189721908110e-01,7.060429559256017340e-01,7.031220086396412494e-01,7.002920955317309959e-01,6.975565470736112550e-01,6.949183773209931525e-01,6.923803377848083418e-01,6.899449580366221468e-01,6.876145763084032803e-01,6.853913625246672581e-01,6.832773356021115685e-01,6.812743764055333440e-01,6.793842374161401798e-01,6.776085499193581496e-01,6.759488293339238618e-01,6.744064791740718157e-01,6.729827940791445196e-01,6.716789625396809571e-01,6.704960735070064626e-01,6.694350527505451565e-01,6.684968035205568482e-01,6.676821041368989906e-01,6.669916184210438193e-01,6.664259087283515015e-01,6.659854351993832466e-01,6.656705556822051228e-01,6.654815257516566440e-01,6.654184987388190864e-01,6.654815257516566440e-01,6.656705556822067882e-01,6.659854351993826915e-01,6.664259087283511684e-01,6.669916184210443744e-01,6.676821041368995457e-01,6.684968035205568482e-01,6.694350527505459336e-01,6.704960735070062405e-01,6.716789625396811791e-01,6.729827940791446306e-01,6.744064791740714826e-01,6.759488293339249720e-01,6.776085499193574835e-01,6.793842374161407349e-01,6.812743764055326778e-01,6.832773356021125677e-01,6.853913625246667030e-01,6.876145763084036133e-01,6.899449580366230350e-01,6.923803377848083418e-01,6.949183773209929305e-01,6.975565470736125873e-01,7.002920955317306628e-01,7.031220086396410274e-01,7.060429559256001797e-01,7.090512189721902558e-01,7.121425962585459235e-01,7.153122761813679453e-01,7.185546668856126473e-01,7.218631669336793566e-01,7.252298540684046779e-01,7.286450591844897406e-01,7.320967771548398950e-01,7.355698420733142173e-01,7.390447561104713792e-01,7.424959985020117559e-01,7.458895358565791334e-01,7.491790722260247559e-01,7.523002486911605224e-01,7.551613861326178512e-01,7.576281538090874346e-01,7.594970297803480541e-01,7.604468343648288498e-01,7.599442042673260067e-01,7.570433782781653687e-01,7.499145548904283531e-01,7.345636873236819353e-01,7.006019906944733755e-01,6.127795661588354426e-01,3.164245453998702495e-01,6.127797535540958629e-01,9.412209358314683749e-01,9.538690651232889506e-01,9.515933114049673902e-01,9.516775736242704120e-01,9.549005750192962605e-01,9.606109163608363977e-01,9.682811353337417160e-01,9.775570844110879065e-01,9.881943549391560833e-01,9.999999999999993339e-01
