nan,-5.000000000000000000e+00,-4.864864864864864913e+00,-4.729729729729729826e+00,-4.594594594594594739e+00,-4.459459459459459651e+00,-4.324324324324324564e+00,-4.189189189189189477e+00,-4.054054054054054390e+00,-3.918918918918918859e+00,-3.783783783783783772e+00,-3.648648648648648685e+00,-3.513513513513513153e+00,-3.378378378378378066e+00,-3.243243243243242979e+00,-3.108108108108107892e+00,-2.972972972972972805e+00,-2.837837837837837718e+00,-2.702702702702702631e+00,-2.567567567567567544e+00,-2.432432432432432456e+00,-2.297297297297297369e+00,-2.162162162162161838e+00,-2.027027027027026751e+00,-1.891891891891891664e+00,-1.756756756756756577e+00,-1.621621621621621490e+00,-1.486486486486486402e+00,-1.351351351351351315e+00,-1.216216216216215784e+00,-1.081081081081080697e+00,-9.459459459459456099e-01,-8.108108108108105228e-01,-6.756756756756754356e-01,-5.405405405405403485e-01,-4.054054054054052614e-01,-2.702702702702701743e-01,-1.351351351351350871e-01,0.000000000000000000e+00,1.351351351351350871e-01,2.702702702702701743e-01,4.054054054054052614e-01,5.405405405405412367e-01,6.756756756756763238e-01,8.108108108108114109e-01,9.459459459459464981e-01,1.081081081081081585e+00,1.216216216216216672e+00,1.351351351351351759e+00,1.486486486486486847e+00,1.621621621621621934e+00,1.756756756756757021e+00,1.891891891891892108e+00,2.027027027027027195e+00,2.162162162162162282e+00,2.297297297297297369e+00,2.432432432432432456e+00,2.567567567567568432e+00,2.702702702702703519e+00,2.837837837837838606e+00,2.972972972972973693e+00,3.108108108108108780e+00,3.243243243243243867e+00,3.378378378378378954e+00,3.513513513513514042e+00,3.648648648648649129e+00,3.783783783783784216e+00,3.918918918918919303e+00,4.054054054054054390e+00,4.189189189189189477e+00,4.324324324324324564e+00,4.459459459459459651e+00,4.594594594594594739e+00,4.729729729729729826e+00,4.864864864864864913e+00,5.000000000000000000e+00
5.636363636363636020e-01,5.043007558910118648e-01,5.098387269713311465e-01,5.153735888170617452e-01,5.209142279564250577e-01,5.264752119699602773e-01,5.320808670643649707e-01,5.377747290969686622e-01,5.436469445343907747e-01,5.499558277663727512e-01,5.569789540323719645e-01,5.599625788034470197e-01,5.634849207003582716e-01,5.671206965473607475e-01,5.707770009981736337e-01,5.744075641110403252e-01,5.779759034693994213e-01,5.814442125940887385e-01,5.847702261819091030e-01,5.879090896794531007e-01,5.908190367853365377e-01,5.934687482227225530e-01,5.958432419037528183e-01,5.979456150445481288e-01,5.997940571535591570e-01,6.014158346850904113e-01,6.028408665794496857e-01,6.040968550599350451e-01,6.052066417223915806e-01,6.061874642908726685e-01,6.070514037364305171e-01,6.078063655669829757e-01,6.084571603719158839e-01,6.090064620953280494e-01,6.094555667087088180e-01,6.098049509618639341e-01,6.100546624353342384e-01,6.102045786839487285e-01,6.102545684114792923e-01,6.102045786839486174e-01,6.100546624353344605e-01,6.098049509618637121e-01,6.094555667087094841e-01,6.090064620953282715e-01,6.084571603719157729e-01,6.078063655669820875e-01,6.070514037364310722e-01,6.061874642908732236e-01,6.052066417223914696e-01,6.040968550599349340e-01,6.028408665794489085e-01,6.014158346850905223e-01,5.997940571535582688e-01,5.979456150445484619e-01,5.958432419037525962e-01,5.934687482227231081e-01,5.908190367853357605e-01,5.879090896794537668e-01,5.847702261819091030e-01,5.814442125940877393e-01,5.779759034693988662e-01,5.744075641110405472e-01,5.707770009981739667e-01,5.671206965473614137e-01,5.634849207003581606e-01,5.599625788034463536e-01,5.569789540323722976e-01,5.499558277663730843e-01,5.436469445343903306e-01,5.377747290969685512e-01,5.320808670643649707e-01,5.264752119699599442e-01,5.209142279564249467e-01,5.153735888170618562e-01,5.098387269713324788e-01,5.043007558910120869e-01
5.699836199836199047e-01,5.136264797222731548e-01,5.192297707070587798e-01,5.249042101211602862e-01,5.306629133342668503e-01,5.365276784980650415e-01,5.425381783300523564e-01,5.487780876905624661e-01,5.554851136636232978e-01,5.634007928812840849e-01,5.664861202633939552e-01,5.703409254915282611e-01,5.743425233729125834e-01,5.783616401270569307e-01,5.823284103787194077e-01,5.861885357585404632e-01,5.898932933876087636e-01,5.933988383780600673e-01,5.966693096633857163e-01,5.996809244547625095e-01,6.024247541205404177e-01,6.049066640656637350e-01,6.071442640369068000e-01,6.091620141831434188e-01,6.109861600922641411e-01,6.126408139392938157e-01,6.141457129047999119e-01,6.155155018654573373e-01,6.167600529188290714e-01,6.178853098621037709e-01,6.188942782243178620e-01,6.197879420405860706e-01,6.205660139532236386e-01,6.212275019433697310e-01,6.217711135416394974e-01,6.221955312121171255e-01,6.224995925109862993e-01,6.226824030540742960e-01,6.227434032646007589e-01,6.226824030540731858e-01,6.224995925109859662e-01,6.221955312121170145e-01,6.217711135416403856e-01,6.212275019433698420e-01,6.205660139532231945e-01,6.197879420405872919e-01,6.188942782243177509e-01,6.178853098621036599e-01,6.167600529188284053e-01,6.155155018654574484e-01,6.141457129047986907e-01,6.126408139392935936e-01,6.109861600922646963e-01,6.091620141831437518e-01,6.071442640369071331e-01,6.049066640656638461e-01,6.024247541205403067e-01,5.996809244547626205e-01,5.966693096633859383e-01,5.933988383780591791e-01,5.898932933876080975e-01,5.861885357585402412e-01,5.823284103787191857e-01,5.783616401270563756e-01,5.743425233729125834e-01,5.703409254915273729e-01,5.664861202633932891e-01,5.634007928812845289e-01,5.554851136636230757e-01,5.487780876905622440e-01,5.425381783300524674e-01,5.365276784980655966e-01,5.306629133342680715e-01,5.249042101211601752e-01,5.192297707070600010e-01,5.136264797222727108e-01
5.763308763308763183e-01,5.235375937185570150e-01,5.284630601994843024e-01,5.335053170997121619e-01,5.386861578670488759e-01,5.440424205400656854e-01,5.496484712615010704e-01,5.557058421003227000e-01,5.637181163614799484e-01,5.658335588463317967e-01,5.691789366006057005e-01,5.727312553722082589e-01,5.763310152371604600e-01,5.798921311911012788e-01,5.833493683478300218e-01,5.866480057576041185e-01,5.897435173723266644e-01,5.926041605408166602e-01,5.952133626912740061e-01,5.975701561139433737e-01,5.996870887602394617e-01,6.015861509965441112e-01,6.032939284670120195e-01,6.048372184523971296e-01,6.062398949145655358e-01,6.075212278792784248e-01,6.086954350904831834e-01,6.097720591126369882e-01,6.107567697641970161e-01,6.116522928844162488e-01,6.124592845712244493e-01,6.131770655673242088e-01,6.138041930376209043e-01,6.143388810693027891e-01,6.147792957314893725e-01,6.151237535734553896e-01,6.153708497605414607e-01,6.155195371071341404e-01,6.155691718725025963e-01,6.155195371071341404e-01,6.153708497605400174e-01,6.151237535734547235e-01,6.147792957314893725e-01,6.143388810693036772e-01,6.138041930376211264e-01,6.131770655673238757e-01,6.124592845712254485e-01,6.116522928844160267e-01,6.107567697641963500e-01,6.097720591126364331e-01,6.086954350904836275e-01,6.075212278792789800e-01,6.062398949145670901e-01,6.048372184523972406e-01,6.032939284670121305e-01,6.015861509965444442e-01,5.996870887602404609e-01,5.975701561139434848e-01,5.952133626912736730e-01,5.926041605408158830e-01,5.897435173723263313e-01,5.866480057576043405e-01,5.833493683478296887e-01,5.798921311911022780e-01,5.763310152371604600e-01,5.727312553722078148e-01,5.691789366006068107e-01,5.658335588463317967e-01,5.637181163614806145e-01,5.557058421003223669e-01,5.496484712615006263e-01,5.440424205400662405e-01,5.386861578670489870e-01,5.335053170997107186e-01,5.284630601994839694e-01,5.235375937185573481e-01
5.826781326781326209e-01,5.400884526342520919e-01,5.441267797938094120e-01,5.482925228733387391e-01,5.526209063087906825e-01,5.571785168059201210e-01,5.621337444765236446e-01,5.685119168470430528e-01,5.705356223763207169e-01,5.728905799407763011e-01,5.755104101636066005e-01,5.782078434725193006e-01,5.808866216771911839e-01,5.834759970684235686e-01,5.859184708917020146e-01,5.881687375822631791e-01,5.901954737523260608e-01,5.919828844513227439e-01,5.935305956418762685e-01,5.948515536426969286e-01,5.959683984035760718e-01,5.969092069945878265e-01,5.977035125765647328e-01,5.983792158278379292e-01,5.989606239841096524e-01,5.994675415333829971e-01,5.999151651456350320e-01,6.003144921870214867e-01,6.006729893906587181e-01,6.009953379615489144e-01,6.012841415970462400e-01,6.015405396166590979e-01,6.017647052465832092e-01,6.019562315254070040e-01,6.021144185261289028e-01,6.022384796284181441e-01,6.023276844594875890e-01,6.023814538675462682e-01,6.023994191001428300e-01,6.023814538675459351e-01,6.023276844594882551e-01,6.022384796284185882e-01,6.021144185261281256e-01,6.019562315254065599e-01,6.017647052465818769e-01,6.015405396166584318e-01,6.012841415970456849e-01,6.009953379615483593e-01,6.006729893906592732e-01,6.003144921870207096e-01,5.999151651456354761e-01,5.994675415333826640e-01,5.989606239841103186e-01,5.983792158278391504e-01,5.977035125765642887e-01,5.969092069945866053e-01,5.959683984035762938e-01,5.948515536426962624e-01,5.935305956418766016e-01,5.919828844513235211e-01,5.901954737523272820e-01,5.881687375822639563e-01,5.859184708917012374e-01,5.834759970684220143e-01,5.808866216771915170e-01,5.782078434725180793e-01,5.755104101636063785e-01,5.728905799407758570e-01,5.705356223763208279e-01,5.685119168470433859e-01,5.621337444765224234e-01,5.571785168059196769e-01,5.526209063087902384e-01,5.482925228733381839e-01,5.441267797938107442e-01,5.400884526342530911e-01
5.890253890253890345e-01,5.646416786684198552e-01,5.679700176684787660e-01,5.714219466480623399e-01,5.750576009087172702e-01,5.790190226889974090e-01,5.839608223753223193e-01,5.859245360555401794e-01,5.872875926129984547e-01,5.889579022747762904e-01,5.907124793846021404e-01,5.924458533096608193e-01,5.940838730034947446e-01,5.955679881112490026e-01,5.968528073808608836e-01,5.979070084792260653e-01,5.987144335916474436e-01,5.992740622091569103e-01,5.995984721617697577e-01,5.997110074397447033e-01,5.996422195323095616e-01,5.994262351227906960e-01,5.990975833604593737e-01,5.986887932127228362e-01,5.982288457010399574e-01,5.977423996107412707e-01,5.972496210372421066e-01,5.967664249771269525e-01,5.963049570212622941e-01,5.958741820240945897e-01,5.954804882831323809e-01,5.951282516037237347e-01,5.948203305553297904e-01,5.945584824071140639e-01,5.943437002635194588e-01,5.941764777342809500e-01,5.940570097830175644e-01,5.939853385178857081e-01,5.939614515283082596e-01,5.939853385178877065e-01,5.940570097830166763e-01,5.941764777342798398e-01,5.943437002635200139e-01,5.945584824071140639e-01,5.948203305553290132e-01,5.951282516037244008e-01,5.954804882831314927e-01,5.958741820240947007e-01,5.963049570212611838e-01,5.967664249771265084e-01,5.972496210372417735e-01,5.977423996107422699e-01,5.982288457010411786e-01,5.986887932127223921e-01,5.990975833604584855e-01,5.994262351227896968e-01,5.996422195323086735e-01,5.997110074397442592e-01,5.995984721617700908e-01,5.992740622091559111e-01,5.987144335916484428e-01,5.979070084792268425e-01,5.968528073808612167e-01,5.955679881112501128e-01,5.940838730034948556e-01,5.924458533096604862e-01,5.907124793846019184e-01,5.889579022747752912e-01,5.872875926129991209e-01,5.859245360555412896e-01,5.839608223753225413e-01,5.790190226889985192e-01,5.750576009087172702e-01,5.714219466480616738e-01,5.679700176684787660e-01,5.646416786684191891e-01
5.953726453726453371e-01,5.969678299956003853e-01,5.999180449938992243e-01,6.029909948985998636e-01,6.063087497982004859e-01,6.103332678779157527e-01,6.124628995209872029e-01,6.130779018363287092e-01,6.140289916957151206e-01,6.150421431908308367e-01,6.160030233368645192e-01,6.168363383552939450e-01,6.174849337726238119e-01,6.179054622901688498e-01,6.180683229400082412e-01,6.179584052667629335e-01,6.175752760246285833e-01,6.169322787542546038e-01,6.160545092894742503e-01,6.149759487899206789e-01,6.137361962899932077e-01,6.123772568868049992e-01,6.109407480876362095e-01,6.094657406828358770e-01,6.079873033844800378e-01,6.065357061188515475e-01,6.051361679556418460e-01,6.038090087931313743e-01,6.025700674846889981e-01,6.014312699564302589e-01,6.004012582674665977e-01,5.994860184246894041e-01,5.986894674000556860e-01,5.980139769734597044e-01,5.974608239505719842e-01,5.970305638685662331e-01,5.967233295677832894e-01,5.965390579526862469e-01,5.964776486777677578e-01,5.965390579526865800e-01,5.967233295677817351e-01,5.970305638685665661e-01,5.974608239505726504e-01,5.980139769734619248e-01,5.986894674000563521e-01,5.994860184246875168e-01,6.004012582674669307e-01,6.014312699564294817e-01,6.025700674846883320e-01,6.038090087931321515e-01,6.051361679556419571e-01,6.065357061188518806e-01,6.079873033844781505e-01,6.094657406828365431e-01,6.109407480876363206e-01,6.123772568868051103e-01,6.137361962899947621e-01,6.149759487899206789e-01,6.160545092894738062e-01,6.169322787542537156e-01,6.175752760246283612e-01,6.179584052667626004e-01,6.180683229400097956e-01,6.179054622901684057e-01,6.174849337726240339e-01,6.168363383552928347e-01,6.160030233368629649e-01,6.150421431908295045e-01,6.140289916957142324e-01,6.130779018363295974e-01,6.124628995209877580e-01,6.103332678779160858e-01,6.063087497982005969e-01,6.029909948986004187e-01,5.999180449939006676e-01,5.969678299956012735e-01
6.017199017199017508e-01,6.360309421273235841e-01,6.389353895848717269e-01,6.419885597221375306e-01,6.455386144171525453e-01,6.482055875235074316e-01,6.483283982542243917e-01,6.488152714482988692e-01,6.493146128843939602e-01,6.497064091864767077e-01,6.499198188560362244e-01,6.499050561575828722e-01,6.496267976356526752e-01,6.490630731689380761e-01,6.482055921143053956e-01,6.470599832919855521e-01,6.456452655728259771e-01,6.439923082625340633e-01,6.421413540470573000e-01,6.401388978077522385e-01,6.380343293970760499e-01,6.358767538716522116e-01,6.337123195687481836e-01,6.315822519163191151e-01,6.295216514061596769e-01,6.275590000207237340e-01,6.257162475209699926e-01,6.240093181431487501e-01,6.224488804823999910e-01,6.210412461482214264e-01,6.197892945650780305e-01,6.186933536035046366e-01,6.177519936347695140e-01,6.169627140667316434e-01,6.163225163139587348e-01,6.158283663724488655e-01,6.154775549683648705e-01,6.152679648750600805e-01,6.151982544851204437e-01,6.152679648750597474e-01,6.154775549683666469e-01,6.158283663724484214e-01,6.163225163139586238e-01,6.169627140667297560e-01,6.177519936347692919e-01,6.186933536035067460e-01,6.197892945650791408e-01,6.210412461482210933e-01,6.224488804823999910e-01,6.240093181431488611e-01,6.257162475209716579e-01,6.275590000207234009e-01,6.295216514061595658e-01,6.315822519163185600e-01,6.337123195687476285e-01,6.358767538716517675e-01,6.380343293970756058e-01,6.401388978077555691e-01,6.421413540470554127e-01,6.439923082625349515e-01,6.456452655728264212e-01,6.470599832919856631e-01,6.482055921143051735e-01,6.490630731689387423e-01,6.496267976356520091e-01,6.499050561575826501e-01,6.499198188560377787e-01,6.497064091864769297e-01,6.493146128843941822e-01,6.488152714483000905e-01,6.483283982542248358e-01,6.482055875235072095e-01,6.455386144171526563e-01,6.419885597221386409e-01,6.389353895848712828e-01,6.360309421273253605e-01
6.080671580671580534e-01,6.751900243854169759e-01,6.781632478498915706e-01,6.814362803587473705e-01,6.848530364642387847e-01,6.844875119835440724e-01,6.845668395450892341e-01,6.845938161983580184e-01,6.844494934271501130e-01,6.840793221589658302e-01,6.834550523155618063e-01,6.825655098268124110e-01,6.814140793443645983e-01,6.800178642617991098e-01,6.784067689396439116e-01,6.766217591500539585e-01,6.747120788261649071e-01,6.727315852370416849e-01,6.707346446145929786e-01,6.687721670934176910e-01,6.668883304590705885e-01,6.651183726446432409e-01,6.634875919787390774e-01,6.620114627081029601e-01,6.606966115225725300e-01,6.595423316449625650e-01,6.585423234408880333e-01,6.576864146681573597e-01,6.569620972654107716e-01,6.563557968303941337e-01,6.558538526936807944e-01,6.554432272323778008e-01,6.551119851068308853e-01,6.548495912279174158e-01,6.546470754689353022e-01,6.544971065064362215e-01,6.543940095539809709e-01,6.543337548599302833e-01,6.543139365367203197e-01,6.543337548599277298e-01,6.543940095539815260e-01,6.544971065064342230e-01,6.546470754689358573e-01,6.548495912279169717e-01,6.551119851068321065e-01,6.554432272323762465e-01,6.558538526936805724e-01,6.563557968303933565e-01,6.569620972654087732e-01,6.576864146681562495e-01,6.585423234408889215e-01,6.595423316449615658e-01,6.606966115225733072e-01,6.620114627081030712e-01,6.634875919787398546e-01,6.651183726446436850e-01,6.668883304590711436e-01,6.687721670934186902e-01,6.707346446145947549e-01,6.727315852370415739e-01,6.747120788261656843e-01,6.766217591500548467e-01,6.784067689396434675e-01,6.800178642617994429e-01,6.814140793443654864e-01,6.825655098268116339e-01,6.834550523155615842e-01,6.840793221589657191e-01,6.844494934271496689e-01,6.845938161983585735e-01,6.845668395450895671e-01,6.844875119835439614e-01,6.848530364642384516e-01,6.814362803587480366e-01,6.781632478498910155e-01,6.751900243854154215e-01
6.144144144144143560e-01,6.911347713211039023e-01,6.939594820118323293e-01,6.981627577351480207e-01,6.968432113658629135e-01,6.964336140738141001e-01,6.959547354672310782e-01,6.953008891195180396e-01,6.944555174072858383e-01,6.934389863170773438e-01,6.922953821254604900e-01,6.910862475173324970e-01,6.898848494092145733e-01,6.887692909605331870e-01,6.878145051121112852e-01,6.870841388405624084e-01,6.866237911994766963e-01,6.864569411971799262e-01,6.865842604359907453e-01,6.869861303615590886e-01,6.876274425562616255e-01,6.884634113764078744e-01,6.894452103509476348e-01,6.905246124729523816e-01,6.916572639150169177e-01,6.928045926967718593e-01,6.939345804474229551e-01,6.950217130010064581e-01,6.960464168784251671e-01,6.969942309220737986e-01,6.978548908217687696e-01,6.986214392139105112e-01,6.992894236615214698e-01,6.998562100674042830e-01,7.003204174785662151e-01,7.006814683880271399e-01,7.009392433695104119e-01,7.010938277327374291e-01,7.011453391456670126e-01,7.010938277327377621e-01,7.009392433695108560e-01,7.006814683880279171e-01,7.003204174785684355e-01,6.998562100674031727e-01,6.992894236615195824e-01,6.986214392139090679e-01,6.978548908217682145e-01,6.969942309220740206e-01,6.960464168784248340e-01,6.950217130010065691e-01,6.939345804474231771e-01,6.928045926967726365e-01,6.916572639150172508e-01,6.905246124729514934e-01,6.894452103509467467e-01,6.884634113764069863e-01,6.876274425562620696e-01,6.869861303615594217e-01,6.865842604359899681e-01,6.864569411971793711e-01,6.866237911994764742e-01,6.870841388405622974e-01,6.878145051121111742e-01,6.887692909605334091e-01,6.898848494092142403e-01,6.910862475173327191e-01,6.922953821254601570e-01,6.934389863170775659e-01,6.944555174072863934e-01,6.953008891195175956e-01,6.959547354672313002e-01,6.964336140738136560e-01,6.968432113658633575e-01,6.981627577351480207e-01,6.939594820118321072e-01,6.911347713211031252e-01
6.207616707616707696e-01,6.583822893278445942e-01,6.616065290153699818e-01,6.620061364000048298e-01,6.619952383704562626e-01,6.620140492506366714e-01,6.619779382817191360e-01,6.619121651920827354e-01,6.618821683724824823e-01,6.619729806505695313e-01,6.622749694319476355e-01,6.628699649824552065e-01,6.638182976258705237e-01,6.651491774923904421e-01,6.668567390351499702e-01,6.689025770104100044e-01,6.712236257292896191e-01,6.737428187958632853e-01,6.763796972882859526e-01,6.790588771924157552e-01,6.817154549180491907e-01,6.842974480358331446e-01,6.867659547916212803e-01,6.890938792660251666e-01,6.912639625962228029e-01,6.932666467656397602e-01,6.950980839120697308e-01,6.967584393199831583e-01,6.982505289689917571e-01,6.995787727674731560e-01,7.007484176136299370e-01,7.017649771171027284e-01,7.026338377950238634e-01,7.033599889310936382e-01,7.039478417515711017e-01,7.044011115056922900e-01,7.047227428029364527e-01,7.049148640441545988e-01,7.049787611267299692e-01,7.049148640441548208e-01,7.047227428029355645e-01,7.044011115056924011e-01,7.039478417515705466e-01,7.033599889310931941e-01,7.026338377950234193e-01,7.017649771171038386e-01,7.007484176136303811e-01,6.995787727674736001e-01,6.982505289689910910e-01,6.967584393199828252e-01,6.950980839120690646e-01,6.932666467656396492e-01,6.912639625962229140e-01,6.890938792660254997e-01,6.867659547916211693e-01,6.842974480358331446e-01,6.817154549180488576e-01,6.790588771924154221e-01,6.763796972882866188e-01,6.737428187958630632e-01,6.712236257292896191e-01,6.689025770104102264e-01,6.668567390351489710e-01,6.651491774923908862e-01,6.638182976258700796e-01,6.628699649824547624e-01,6.622749694319475244e-01,6.619729806505693093e-01,6.618821683724824823e-01,6.619121651920825133e-01,6.619779382817190250e-01,6.620140492506365604e-01,6.619952383704561516e-01,6.620061364000053850e-01,6.616065290153702039e-01,6.583822893278448163e-01
6.271089271089270722e-01,5.870712147995932328e-01,5.893736640658906456e-01,5.905861160587313474e-01,5.919215960227616202e-01,5.932591504244004721e-01,5.946012645291071097e-01,5.959807449062854978e-01,5.974378152886286042e-01,5.990077621272931196e-01,6.007127701111326656e-01,6.025577180754433382e-01,6.045301429475820054e-01,6.066036833723020827e-01,6.087434727511351618e-01,6.109117616800440187e-01,6.130724934951229388e-01,6.151942643831364022e-01,6.172517052966572937e-01,6.192256589255153987e-01,6.211026094501949091e-01,6.228737563139549183e-01,6.245340029344209620e-01,6.260810166878759686e-01,6.275144314504419452e-01,6.288352106113640483e-01,6.300451599095597821e-01,6.311465672258506077e-01,6.321419436595977492e-01,6.330338421108273605e-01,6.338247333431322739e-01,6.345169235980411271e-01,6.351125015582472777e-01,6.356133055587396274e-01,6.360209043943676477e-01,6.363365869436298228e-01,6.365613572280680588e-01,6.366959325618782861e-01,6.367407432117592192e-01,6.366959325618779530e-01,6.365613572280686139e-01,6.363365869436294897e-01,6.360209043943667595e-01,6.356133055587391834e-01,6.351125015582472777e-01,6.345169235980412381e-01,6.338247333431320518e-01,6.330338421108266944e-01,6.321419436595975272e-01,6.311465672258503856e-01,6.300451599095593380e-01,6.288352106113643814e-01,6.275144314504419452e-01,6.260810166878756355e-01,6.245340029344201849e-01,6.228737563139551403e-01,6.211026094501946870e-01,6.192256589255160648e-01,6.172517052966565165e-01,6.151942643831372903e-01,6.130724934951240490e-01,6.109117616800441297e-01,6.087434727511351618e-01,6.066036833723027488e-01,6.045301429475820054e-01,6.025577180754425610e-01,6.007127701111314444e-01,5.990077621272927866e-01,5.974378152886287152e-01,5.959807449062863860e-01,5.946012645291071097e-01,5.932591504243999170e-01,5.919215960227621753e-01,5.905861160587310144e-01,5.893736640658908676e-01,5.870712147995925667e-01
6.334561834561834859e-01,5.110865061612529514e-01,5.132360256448842417e-01,5.155865045336851527e-01,5.179080327433676079e-01,5.201564755779619631e-01,5.223229381682039651e-01,5.244110681560432141e-01,5.264290706738018466e-01,5.283856697519411227e-01,5.302879335554235851e-01,5.321403507052852033e-01,5.339447741351287524e-01,5.357008734101437186e-01,5.374067884940303408e-01,5.390597732878762427e-01,5.406567184010760974e-01,5.421945200550397637e-01,5.436703074027391391e-01,5.450815595528855084e-01,5.464261462175632467e-01,5.477023207565318019e-01,5.489086869582029404e-01,5.500441539419164139e-01,5.511078881010169628e-01,5.520992671356501624e-01,5.530178386832950155e-01,5.538632844949884504e-01,5.546353902133042135e-01,5.553340203456389457e-01,5.559590978249936422e-01,5.565105874995788238e-01,5.569884829222363498e-01,5.573927958787928683e-01,5.577235481768106906e-01,5.579807652998028944e-01,5.581644716104686710e-01,5.582746868576524690e-01,5.583114238051700706e-01,5.582746868576520249e-01,5.581644716104694481e-01,5.579807652998035605e-01,5.577235481768105796e-01,5.573927958787925352e-01,5.569884829222362388e-01,5.565105874995782687e-01,5.559590978249933091e-01,5.553340203456388346e-01,5.546353902133046576e-01,5.538632844949895606e-01,5.530178386832961257e-01,5.520992671356492743e-01,5.511078881010169628e-01,5.500441539419159698e-01,5.489086869582028294e-01,5.477023207565316909e-01,5.464261462175634687e-01,5.450815595528848423e-01,5.436703074027391391e-01,5.421945200550392086e-01,5.406567184010756533e-01,5.390597732878761317e-01,5.374067884940304518e-01,5.357008734101438296e-01,5.339447741351294185e-01,5.321403507052843151e-01,5.302879335554241402e-01,5.283856697519403456e-01,5.264290706738025127e-01,5.244110681560431031e-01,5.223229381682048533e-01,5.201564755779614080e-01,5.179080327433674968e-01,5.155865045336850416e-01,5.132360256448836866e-01,5.110865061612529514e-01
6.398034398034397885e-01,4.653419507070137850e-01,4.696629847923622370e-01,4.740087240781190592e-01,4.782982467936083282e-01,4.825006296121978067e-01,4.866019388519189914e-01,4.905959731332651397e-01,4.944802865653366020e-01,4.982540911035464593e-01,5.019170934053175381e-01,5.054688896362070638e-01,5.089087070340263530e-01,5.122353507329063804e-01,5.154472591696193096e-01,5.185426055795631095e-01,5.215194086043238864e-01,5.243756326411419533e-01,5.271092696916089837e-01,5.297184008679177714e-01,5.322012389955356193e-01,5.345561551432665981e-01,5.367816922563438675e-01,5.388765688906964613e-01,5.408396756507531933e-01,5.426700664817915021e-01,5.443669465391955953e-01,5.459296579833495811e-01,5.473576647378426419e-01,5.486505369972197732e-01,5.498079360708685304e-01,5.508295999934273990e-01,5.517153302111891255e-01,5.524649795617316839e-01,5.530784416946367132e-01,5.535556420300702385e-01,5.538965303154670394e-01,5.541010748154319154e-01,5.541692581536050710e-01,5.541010748154319154e-01,5.538965303154680386e-01,5.535556420300689062e-01,5.530784416946360471e-01,5.524649795617314618e-01,5.517153302111884594e-01,5.508295999934270659e-01,5.498079360708685304e-01,5.486505369972189960e-01,5.473576647378430859e-01,5.459296579833492480e-01,5.443669465391955953e-01,5.426700664817915021e-01,5.408396756507538594e-01,5.388765688906955731e-01,5.367816922563434234e-01,5.345561551432658209e-01,5.322012389955353973e-01,5.297184008679177714e-01,5.271092696916090947e-01,5.243756326411423974e-01,5.215194086043248856e-01,5.185426055795626654e-01,5.154472591696188655e-01,5.122353507329062694e-01,5.089087070340266861e-01,5.054688896362068418e-01,5.019170934053170940e-01,4.982540911035466258e-01,4.944802865653366020e-01,4.905959731332652507e-01,4.866019388519187139e-01,4.825006296121981397e-01,4.782982467936101045e-01,4.740087240781194478e-01,4.696629847923617929e-01,4.653419507070134520e-01
6.461506961506962021e-01,4.127259956036498645e-01,4.178217708094797422e-01,4.230507195444593305e-01,4.283716816367085234e-01,4.337635413736086742e-01,4.392134721287827004e-01,4.447123325702403429e-01,4.502522765875734967e-01,4.558253337274116301e-01,4.614225378001549638e-01,4.670334163923802739e-01,4.726457367213778293e-01,4.782454397377452482e-01,4.838167143327897768e-01,4.893421759804811866e-01,4.948031222555147046e-01,5.001798428398239738e-01,5.054519647906940971e-01,5.105988157455578769e-01,5.155997890078103385e-01,5.204346955895500226e-01,5.250840896342621189e-01,5.295295554138657046e-01,5.337539463624406677e-01,5.377415693284659515e-01,5.414783102621905098e-01,5.449517007119059064e-01,5.481509275662147518e-01,5.510667912432680726e-01,5.536916198228859498e-01,5.560191483282822533e-01,5.580443734358505603e-01,5.597633943284512359e-01,5.611732502614706908e-01,5.622717647673186603e-01,5.630574053846855165e-01,5.635291664674422218e-01,5.636864810970931838e-01,5.635291664674434431e-01,5.630574053846862936e-01,5.622717647673182162e-01,5.611732502614724671e-01,5.597633943284499036e-01,5.580443734358510044e-01,5.560191483282820313e-01,5.536916198228865049e-01,5.510667912432689608e-01,5.481509275662163061e-01,5.449517007119055734e-01,5.414783102621897326e-01,5.377415693284642861e-01,5.337539463624407787e-01,5.295295554138667038e-01,5.250840896342615638e-01,5.204346955895488014e-01,5.155997890078104495e-01,5.105988157455583210e-01,5.054519647906945412e-01,5.001798428398243068e-01,4.948031222555145381e-01,4.893421759804819082e-01,4.838167143327891107e-01,4.782454397377459698e-01,4.726457367213775518e-01,4.670334163923784421e-01,4.614225378001551303e-01,4.558253337274119632e-01,4.502522765875726085e-01,4.447123325702388441e-01,4.392134721287838106e-01,4.337635413736063983e-01,4.283716816367103553e-01,4.230507195444587198e-01,4.178217708094787430e-01,4.127259956036504196e-01
6.524979524979525047e-01,3.636569238370877533e-01,3.652172533454576819e-01,3.667491152226878270e-01,3.682282753277041909e-01,3.696391035268111747e-01,3.709711683222762790e-01,3.722175288165128770e-01,3.733736889409948745e-01,3.744368904225009453e-01,3.754056171439949519e-01,3.762792484785900671e-01,3.770578242452644613e-01,3.777418954080710711e-01,3.783324409602407679e-01,3.788308355127084082e-01,3.792388550031308703e-01,3.795587100738307962e-01,3.797930982279554279e-01,3.799452669789453174e-01,3.800190809502537181e-01,3.800190863461569424e-01,3.799505664879483380e-01,3.798195822865912952e-01,3.796329917051330383e-01,3.793984425613669553e-01,3.791243335474135945e-01,3.788197392070088432e-01,3.784942959043343658e-01,3.781580475945167663e-01,3.778212524643194126e-01,3.774941541765334807e-01,3.771867243641261469e-01,3.769083859384909641e-01,3.766677293944521443e-01,3.764722362769057917e-01,3.763280250034291563e-01,3.762396340694402763e-01,3.762098561775881200e-01,3.762396340694392771e-01,3.763280250034289343e-01,3.764722362769055697e-01,3.766677293944502014e-01,3.769083859384909641e-01,3.771867243641248146e-01,3.774941541765348130e-01,3.778212524643203007e-01,3.781580475945165443e-01,3.784942959043348099e-01,3.788197392070091207e-01,3.791243335474135390e-01,3.793984425613678435e-01,3.796329917051323166e-01,3.798195822865922944e-01,3.799505664879492262e-01,3.800190863461581636e-01,3.800190809502529965e-01,3.799452669789457060e-01,3.797930982279562051e-01,3.795587100738287978e-01,3.792388550031307037e-01,3.788308355127082971e-01,3.783324409602413785e-01,3.777418954080694613e-01,3.770578242452641837e-01,3.762792484785898450e-01,3.754056171439928979e-01,3.744368904225015005e-01,3.733736889409973170e-01,3.722175288165137097e-01,3.709711683222766121e-01,3.696391035268115077e-01,3.682282753277039689e-01,3.667491152226863838e-01,3.652172533454570713e-01,3.636569238370873092e-01
6.588452088452088073e-01,3.708552501561954706e-01,3.725971645116941677e-01,3.741753009480319192e-01,3.755717892673501312e-01,3.767699006764493319e-01,3.777527852598997482e-01,3.785028143511799947e-01,3.790012195937896289e-01,3.792279177939904544e-01,3.791614800879675728e-01,3.787792327966323924e-01,3.780574911289341644e-01,3.769719341920325095e-01,3.754981336374209056e-01,3.736122497257914343e-01,3.712919077705644222e-01,3.685172645524705803e-01,3.652722679204003509e-01,3.615461028805667110e-01,3.573348035678451384e-01,3.526429923481568807e-01,3.474856850777826023e-01,3.418900760127305816e-01,3.358971886113649719e-01,3.295632520941422783e-01,3.229606417688777320e-01,3.161782083978453284e-01,3.093208234383993949e-01,3.025079878548623813e-01,2.958713962384590945e-01,2.895514166541004464e-01,2.836925378104270812e-01,2.784379421812550048e-01,2.739234753004193834e-01,2.702713825623832000e-01,2.675842587533753814e-01,2.659396868196591268e-01,2.653860204288839286e-01,2.659396868196594044e-01,2.675842587533755479e-01,2.702713825623818122e-01,2.739234753004189948e-01,2.784379421812541722e-01,2.836925378104254714e-01,2.895514166541027778e-01,2.958713962384589835e-01,3.025079878548600498e-01,3.093208234383985067e-01,3.161782083978441626e-01,3.229606417688793973e-01,3.295632520941427224e-01,3.358971886113628069e-01,3.418900760127312477e-01,3.474856850777812700e-01,3.526429923481566586e-01,3.573348035678431955e-01,3.615461028805656563e-01,3.652722679203969647e-01,3.685172645524685819e-01,3.712919077705638671e-01,3.736122497257929886e-01,3.754981336374176859e-01,3.769719341920276245e-01,3.780574911289324991e-01,3.787792327966346129e-01,3.791614800879697933e-01,3.792279177939914536e-01,3.790012195937904060e-01,3.785028143511768306e-01,3.777527852598948632e-01,3.767699006764478886e-01,3.755717892673480218e-01,3.741753009480299208e-01,3.725971645116960551e-01,3.708552501561926951e-01
6.651924651924652210e-01,3.829938373147960262e-01,3.883306628986264442e-01,3.935901797257508883e-01,3.987863829623385370e-01,4.039302713111163623e-01,4.090286344510606353e-01,4.140830158858267440e-01,4.190886751216233996e-01,4.240334579311612617e-01,4.288965186367539317e-01,4.336468576643789929e-01,4.382416535084592835e-01,4.426243870119057622e-01,4.467227821917222896e-01,4.504466263172948182e-01,4.536855875560949491e-01,4.563072264762396690e-01,4.581555027367671395e-01,4.590502128409240656e-01,4.587879560092339437e-01,4.571454002064089805e-01,4.538857800425180611e-01,4.487696504652659013e-01,4.415708648289849436e-01,4.320984378587410246e-01,4.202242805975372475e-01,4.059156761741218311e-01,3.892698210480161070e-01,3.705459794493159431e-01,3.501892057522221768e-01,3.288387867832218703e-01,3.073151754903024058e-01,2.865816062050827728e-01,2.676806376032977997e-01,2.516507531514645124e-01,2.394326090600879253e-01,2.317773326807726075e-01,2.291697267707993313e-01,2.317773326807725798e-01,2.394326090600891743e-01,2.516507531514650120e-01,2.676806376033001311e-01,2.865816062050802193e-01,3.073151754903056254e-01,3.288387867832249234e-01,3.501892057522215107e-01,3.705459794493148884e-01,3.892698210480171062e-01,4.059156761741208319e-01,4.202242805975316409e-01,4.320984378587450214e-01,4.415708648289811133e-01,4.487696504652614049e-01,4.538857800425138977e-01,4.571454002064037625e-01,4.587879560092333886e-01,4.590502128409288396e-01,4.581555027367674171e-01,4.563072264762382257e-01,4.536855875560967810e-01,4.504466263172945406e-01,4.467227821917202357e-01,4.426243870119050405e-01,4.382416535084563969e-01,4.336468576643786044e-01,4.288965186367527105e-01,4.240334579311607066e-01,4.190886751216199024e-01,4.140830158858260779e-01,4.090286344510632999e-01,4.039302713111195819e-01,3.987863829623384815e-01,3.935901797257502222e-01,3.883306628986242792e-01,3.829938373147946384e-01
6.715397215397215236e-01,3.542892690174412884e-01,3.622760581597550544e-01,3.704601818817599979e-01,3.789079590318017443e-01,3.876883064861162964e-01,3.968713584369530922e-01,4.065264110356816563e-01,4.167187140460038020e-01,4.275044628573868577e-01,4.389230996833844989e-01,4.509857246599225378e-01,4.636580906131456681e-01,4.768364370083941206e-01,4.903146026775929145e-01,5.037420217890065111e-01,5.165753207341847730e-01,5.280325527710800770e-01,5.370694297896649871e-01,5.424095185725739121e-01,5.426676412668767213e-01,5.365922920820127562e-01,5.234030999702531384e-01,5.031202328008521629e-01,4.767260124715125835e-01,4.460373824207293225e-01,4.133111270339547838e-01,3.807521292128500656e-01,3.501273553346694323e-01,3.225936846891352960e-01,2.987225428853991782e-01,2.786362984230020823e-01,2.621722039405729454e-01,2.490234414092719617e-01,2.388400087398357685e-01,2.312918328185918637e-01,2.261038614165392369e-01,2.230732972060194552e-01,2.220768653609933863e-01,2.230732972060190666e-01,2.261038614165372385e-01,2.312918328185964434e-01,2.388400087398376559e-01,2.490234414092709625e-01,2.621722039405757210e-01,2.786362984230028594e-01,2.987225428854007880e-01,3.225936846891329646e-01,3.501273553346692102e-01,3.807521292128509538e-01,4.133111270339626664e-01,4.460373824207263804e-01,4.767260124715037017e-01,5.031202328008634872e-01,5.234030999702450337e-01,5.365922920820138664e-01,5.426676412668769434e-01,5.424095185725761326e-01,5.370694297896634328e-01,5.280325527710820754e-01,5.165753207341862163e-01,5.037420217890068441e-01,4.903146026775943578e-01,4.768364370083925663e-01,4.636580906131459456e-01,4.509857246599215386e-01,4.389230996833848319e-01,4.275044628573863026e-01,4.167187140460022476e-01,4.065264110356813232e-01,3.968713584369526481e-01,3.876883064861157413e-01,3.789079590318039648e-01,3.704601818817598868e-01,3.622760581597542773e-01,3.542892690174428427e-01
6.778869778869779372e-01,2.887419139661574485e-01,2.943867641755134601e-01,2.999759677162513460e-01,3.055170477707610521e-01,3.110024682688703468e-01,3.164015264372057601e-01,3.216491476057669052e-01,3.266312295092159701e-01,3.311671016925181732e-01,3.349918323703981460e-01,3.377451529308851952e-01,3.389796098358738297e-01,3.382057078371295544e-01,3.349892917493840216e-01,3.290961054570258892e-01,3.206383309690131744e-01,3.101420070486860525e-01,2.984685888029130485e-01,2.866044998707963920e-01,2.754194721771366927e-01,2.655056063024969215e-01,2.571411204239164583e-01,2.503479195840844218e-01,2.449848051548204064e-01,2.408328246927837757e-01,2.376551065690115649e-01,2.352312381565201393e-01,2.333731458469350262e-01,2.319298061498512586e-01,2.307861300707856889e-01,2.298592170572715809e-01,2.290936043202925210e-01,2.284562004525108048e-01,2.279311413868783665e-01,2.275146760989136818e-01,2.272102407552651360e-01,2.270240010017337551e-01,2.269612420265951780e-01,2.270240010017328114e-01,2.272102407552632486e-01,2.275146760989104622e-01,2.279311413868781444e-01,2.284562004525129142e-01,2.290936043202895234e-01,2.298592170572703597e-01,2.307861300707840790e-01,2.319298061498469288e-01,2.333731458469344155e-01,2.352312381565201949e-01,2.376551065690112874e-01,2.408328246927839977e-01,2.449848051548205730e-01,2.503479195840814242e-01,2.571411204239162362e-01,2.655056063024994750e-01,2.754194721771322518e-01,2.866044998707923952e-01,2.984685888029107725e-01,3.101420070486876623e-01,3.206383309690085115e-01,3.290961054570284983e-01,3.349892917493886291e-01,3.382057078371336067e-01,3.389796098358802134e-01,3.377451529308846401e-01,3.349918323703976464e-01,3.311671016925191724e-01,3.266312295092131945e-01,3.216491476057655730e-01,3.164015264372066483e-01,3.110024682688701247e-01,3.055170477707608301e-01,2.999759677162507909e-01,2.943867641755134601e-01,2.887419139661563383e-01
6.842342342342342398e-01,2.313192753370869603e-01,2.330303000750844067e-01,2.340473224057583179e-01,2.342461632320278486e-01,2.334798960616502050e-01,2.315914222127963829e-01,2.284430388119639832e-01,2.239710231080530023e-01,2.182666811144596819e-01,2.116653631693816706e-01,2.047932574324869970e-01,1.985041591804348471e-01,1.936796392313789583e-01,1.909688639935628873e-01,1.906161296602687238e-01,1.924687898459646052e-01,1.961257035803166959e-01,2.011142588829287758e-01,2.070139108028136166e-01,2.135083818505605358e-01,2.203866107390042295e-01,2.275179070264994330e-01,2.348176109674809386e-01,2.422096130243769352e-01,2.495860462355763421e-01,2.567628451376968712e-01,2.634331048491274085e-01,2.691298684819277698e-01,2.732267210278100933e-01,2.750208007595270066e-01,2.739335546616021855e-01,2.697968820516168376e-01,2.630816125104849523e-01,2.548865731139717816e-01,2.466475179777314342e-01,2.397394142435018694e-01,2.351951821553704969e-01,2.336162053737476096e-01,2.351951821553700528e-01,2.397394142435022024e-01,2.466475179777345428e-01,2.548865731139750013e-01,2.630816125104818992e-01,2.697968820516131738e-01,2.739335546615997430e-01,2.750208007595247861e-01,2.732267210278092051e-01,2.691298684819304343e-01,2.634331048491187488e-01,2.567628451376973708e-01,2.495860462355730669e-01,2.422096130243775458e-01,2.348176109674853240e-01,2.275179070264954917e-01,2.203866107390011764e-01,2.135083818505614794e-01,2.070139108028160035e-01,2.011142588829275546e-01,1.961257035803165849e-01,1.924687898459638835e-01,1.906161296602682798e-01,1.909688639935633592e-01,1.936796392313774040e-01,1.985041591804375671e-01,2.047932574324884403e-01,2.116653631693826698e-01,2.182666811144609031e-01,2.239710231080526137e-01,2.284430388119619293e-01,2.315914222127964939e-01,2.334798960616504271e-01,2.342461632320275156e-01,2.340473224057592061e-01,2.330303000750855169e-01,2.313192753370870713e-01
6.905814905814906535e-01,2.161321038642161074e-01,2.157113816070393986e-01,2.130260079803871776e-01,2.074241931578223452e-01,1.984242499373289892e-01,1.861479886050795285e-01,1.718076633112723961e-01,1.577751614406545100e-01,1.468148649888612045e-01,1.408812714308564917e-01,1.405125078951787732e-01,1.452001246152899161e-01,1.541558610166516852e-01,1.668547183112056298e-01,1.831805798141386277e-01,2.032078213278177004e-01,2.265989298886541270e-01,2.516554261949492943e-01,2.746594621761831445e-01,2.909106134018843992e-01,2.976229789597416020e-01,2.957442263060726662e-01,2.885950488259931279e-01,2.794369245518497635e-01,2.703290377097993247e-01,2.622162374264835893e-01,2.553739171942372987e-01,2.497631508407941459e-01,2.452300953745053524e-01,2.415991450541328245e-01,2.387100612397491384e-01,2.364292886798313731e-01,2.346506371634163868e-01,2.332922606247932462e-01,2.322928722899264553e-01,2.316083308023254572e-01,2.312089643075982970e-01,2.310776992138091623e-01,2.312089643075970757e-01,2.316083308023255682e-01,2.322928722899281206e-01,2.332922606247928021e-01,2.346506371634167198e-01,2.364292886798327054e-01,2.387100612397495825e-01,2.415991450541334906e-01,2.452300953745072398e-01,2.497631508407934797e-01,2.553739171942362995e-01,2.622162374264838114e-01,2.703290377098001018e-01,2.794369245518494305e-01,2.885950488259961255e-01,2.957442263060745535e-01,2.976229789597464870e-01,2.909106134018831780e-01,2.746594621761784816e-01,2.516554261949554006e-01,2.265989298886534054e-01,2.032078213278158685e-01,1.831805798141409314e-01,1.668547183112050192e-01,1.541558610166519627e-01,1.452001246152890279e-01,1.405125078951788287e-01,1.408812714308567138e-01,1.468148649888613710e-01,1.577751614406511238e-01,1.718076633112714524e-01,1.861479886050795285e-01,1.984242499373313207e-01,2.074241931578231224e-01,2.130260079803899531e-01,2.157113816070407308e-01,2.161321038642149972e-01
6.969287469287469561e-01,2.530860190638645202e-01,2.234078529730637586e-01,1.909033592948820024e-01,1.629726726697431904e-01,1.431418271697404432e-01,1.314567235101680720e-01,1.265581840450148987e-01,1.271035896527231701e-01,1.322567888215819831e-01,1.416437702779394514e-01,1.550242751838180610e-01,1.717740404480468386e-01,1.903748499382827419e-01,2.083783090581547426e-01,2.232042362998824525e-01,2.332989177147115623e-01,2.386262965483082477e-01,2.402076947288475095e-01,2.393537444336500952e-01,2.371706332829675024e-01,2.344165052331980137e-01,2.315455321398774968e-01,2.288010123029068366e-01,2.262967612258091066e-01,2.240732750028265885e-01,2.221323966198894828e-01,2.204573728841684455e-01,2.190239344403734911e-01,2.178061526598729092e-01,2.167793619042042153e-01,2.159214797404859221e-01,2.152134808285195433e-01,2.146394455473005225e-01,2.141864144693440553e-01,2.138441734407070527e-01,2.136050351644283030e-01,2.134636510503297169e-01,2.134168698981836476e-01,2.134636510503291618e-01,2.136050351644296352e-01,2.138441734407087180e-01,2.141864144693431671e-01,2.146394455473018548e-01,2.152134808285185441e-01,2.159214797404855890e-01,2.167793619042043263e-01,2.178061526598713549e-01,2.190239344403728250e-01,2.204573728841681124e-01,2.221323966198874844e-01,2.240732750028269216e-01,2.262967612258099948e-01,2.288010123029085019e-01,2.315455321398736110e-01,2.344165052331964594e-01,2.371706332829667252e-01,2.393537444336487630e-01,2.402076947288483977e-01,2.386262965483099130e-01,2.332989177147124504e-01,2.232042362998880591e-01,2.083783090581529662e-01,1.903748499382830195e-01,1.717740404480445071e-01,1.550242751838176170e-01,1.416437702779371199e-01,1.322567888215829823e-01,1.271035896527236697e-01,1.265581840450147322e-01,1.314567235101692932e-01,1.431418271697426081e-01,1.629726726697426353e-01,1.909033592948794489e-01,2.234078529730643137e-01,2.530860190638642981e-01
7.032760032760032587e-01,1.216877691044950249e-01,1.163937341318388996e-01,1.143890793438913089e-01,1.152912717301589063e-01,1.190527173245662373e-01,1.258621989738913372e-01,1.359472763299218734e-01,1.492158087514741105e-01,1.647915212847939070e-01,1.807857817145190893e-01,1.947805395444991428e-01,2.049195419091055514e-01,2.106903096588940150e-01,2.127676841518745254e-01,2.123166905959892325e-01,2.104230693365830573e-01,2.078695353807947788e-01,2.051395089166236918e-01,2.024980154705335877e-01,2.000724024946924917e-01,1.979107350205717708e-01,1.960186409348070313e-01,1.943808809872596965e-01,1.929733575448104865e-01,1.917695084805947081e-01,1.907435278916808086e-01,1.898718443722695604e-01,1.891336701934990261e-01,1.885110748414463577e-01,1.879888316666102899e-01,1.875541716344805154e-01,1.871965144885093801e-01,1.869072126817384882e-01,1.866793245381863642e-01,1.865074231552327211e-01,1.863874425691217640e-01,1.863165604511378692e-01,1.862931158395763065e-01,1.863165604511365370e-01,1.863874425691240955e-01,1.865074231552329431e-01,1.866793245381852540e-01,1.869072126817392654e-01,1.871965144885089360e-01,1.875541716344791832e-01,1.879888316666092907e-01,1.885110748414444704e-01,1.891336701934982489e-01,1.898718443722706706e-01,1.907435278916809196e-01,1.917695084805955963e-01,1.929733575448121519e-01,1.943808809872599186e-01,1.960186409348074754e-01,1.979107350205704385e-01,2.000724024946906043e-01,2.024980154705365853e-01,2.051395089166228036e-01,2.078695353807915591e-01,2.104230693365831684e-01,2.123166905959883444e-01,2.127676841518734152e-01,2.106903096588963464e-01,2.049195419091055514e-01,1.947805395444982546e-01,1.807857817145179791e-01,1.647915212847950173e-01,1.492158087514803833e-01,1.359472763299221509e-01,1.258621989738901714e-01,1.190527173245645720e-01,1.152912717301605161e-01,1.143890793438932518e-01,1.163937341318395657e-01,1.216877691044962462e-01
7.096232596232596723e-01,1.042249946633689306e-01,1.102549342520238174e-01,1.185727477144222775e-01,1.294956727842787592e-01,1.428624815610138876e-01,1.575748743209266500e-01,1.715031744079674736e-01,1.822699070847159097e-01,1.885274149128116639e-01,1.905044823903347950e-01,1.894309068535546814e-01,1.866672066042466271e-01,1.832320879902151756e-01,1.797366747361632822e-01,1.764887251784424960e-01,1.736120413928556871e-01,1.711321933813566565e-01,1.690279051309547809e-01,1.672589546979629249e-01,1.657802613538023051e-01,1.645484584326837307e-01,1.635245819545245727e-01,1.626748428025154292e-01,1.619705102834938515e-01,1.613874282420040274e-01,1.609054191567692582e-01,1.605076949780801510e-01,1.601803245782650320e-01,1.599117739455599985e-01,1.596925195200343817e-01,1.595147284283502387e-01,1.593719972068692314e-01,1.592591405432072227e-01,1.591720224184526300e-01,1.591074232063435234e-01,1.590629375064134265e-01,1.590368986392849404e-01,1.590283267786302135e-01,1.590368986392851625e-01,1.590629375064114281e-01,1.591074232063426352e-01,1.591720224184528520e-01,1.592591405432076668e-01,1.593719972068676771e-01,1.595147284283497946e-01,1.596925195200341596e-01,1.599117739455598874e-01,1.601803245782632557e-01,1.605076949780804840e-01,1.609054191567713676e-01,1.613874282420025841e-01,1.619705102834934074e-01,1.626748428025162063e-01,1.635245819545233514e-01,1.645484584326823985e-01,1.657802613538024161e-01,1.672589546979633690e-01,1.690279051309536706e-01,1.711321933813558793e-01,1.736120413928557982e-01,1.764887251784437172e-01,1.797366747361611727e-01,1.832320879902157307e-01,1.866672066042442957e-01,1.894309068535561247e-01,1.905044823903342399e-01,1.885274149128108867e-01,1.822699070847156877e-01,1.715031744079645870e-01,1.575748743209278713e-01,1.428624815610138876e-01,1.294956727842812017e-01,1.185727477144216113e-01,1.102549342520228182e-01,1.042249946633698188e-01
7.159705159705159749e-01,1.175331663048613251e-01,1.304344120788806238e-01,1.442307386108703238e-01,1.567732391668181791e-01,1.656819719152730075e-01,1.697712865336330479e-01,1.696077739537026341e-01,1.667361030309242320e-01,1.626560997042398871e-01,1.583660245009180789e-01,1.543821809275938151e-01,1.509075162514094126e-01,1.479787814846392768e-01,1.455577498690086014e-01,1.435793298939600504e-01,1.419742876829447331e-01,1.406787579902165630e-01,1.396374014662068452e-01,1.388037258567275112e-01,1.381392759928233849e-01,1.376124792494994864e-01,1.371974866071654642e-01,1.368731394395348300e-01,1.366220972925933363e-01,1.364301218876603494e-01,1.362854979858560966e-01,1.361785684840360888e-01,1.361013625128918436e-01,1.360472983113273360e-01,1.360109459106858543e-01,1.359878376394185739e-01,1.359743169844614963e-01,1.359674184114206819e-01,1.359647724050040418e-01,1.359645313146403689e-01,1.359653126476292329e-01,1.359661573044974592e-01,1.359665009502782906e-01,1.359661573044973482e-01,1.359653126476292329e-01,1.359645313146393697e-01,1.359647724050041528e-01,1.359674184114202378e-01,1.359743169844606081e-01,1.359878376394210164e-01,1.360109459106845220e-01,1.360472983113267809e-01,1.361013625128916216e-01,1.361785684840360888e-01,1.362854979858570958e-01,1.364301218876613486e-01,1.366220972925915600e-01,1.368731394395350520e-01,1.371974866071671295e-01,1.376124792495027060e-01,1.381392759928251612e-01,1.388037258567275112e-01,1.396374014662071783e-01,1.406787579902134544e-01,1.419742876829466205e-01,1.435793298939616047e-01,1.455577498690100446e-01,1.479787814846411642e-01,1.509075162514097457e-01,1.543821809275941481e-01,1.583660245009197443e-01,1.626560997042394430e-01,1.667361030309251202e-01,1.696077739537024121e-01,1.697712865336333810e-01,1.656819719152725634e-01,1.567732391668188452e-01,1.442307386108722111e-01,1.304344120788757388e-01,1.175331663048616582e-01
7.223177723177722775e-01,1.346856980348807298e-01,1.434177199550287218e-01,1.476708351140477715e-01,1.476578001456209099e-01,1.448137457843006182e-01,1.407011477880960593e-01,1.363961695739500657e-01,1.324502570429373360e-01,1.290674846389314734e-01,1.262714759945856580e-01,1.240087466137294037e-01,1.222015955231999795e-01,1.207717920546560464e-01,1.196496124357883106e-01,1.187761897857755322e-01,1.181031003208832253e-01,1.175909920958966293e-01,1.172080351310436086e-01,1.169284963805696798e-01,1.167315326619436933e-01,1.166002078107392093e-01,1.165207077092794696e-01,1.164817194192435679e-01,1.164739419260314435e-01,1.164897007136742602e-01,1.165226436349272587e-01,1.165675002731081378e-01,1.166198909333548972e-01,1.166761745509459214e-01,1.167333272677137934e-01,1.167888453327069476e-01,1.168406674502413534e-01,1.168871128274164839e-01,1.169268320453541454e-01,1.169587685563989732e-01,1.169821291425232612e-01,1.169963620953056171e-01,1.170011422247329014e-01,1.169963620953041739e-01,1.169821291425217069e-01,1.169587685564006385e-01,1.169268320453549226e-01,1.168871128274162619e-01,1.168406674502407983e-01,1.167888453327069476e-01,1.167333272677150147e-01,1.166761745509462544e-01,1.166198909333546752e-01,1.165675002731102472e-01,1.165226436349270367e-01,1.164897007136738161e-01,1.164739419260309994e-01,1.164817194192422356e-01,1.165207077092815791e-01,1.166002078107403195e-01,1.167315326619419169e-01,1.169284963805707900e-01,1.172080351310420543e-01,1.175909920958961852e-01,1.181031003208838914e-01,1.187761897857768645e-01,1.196496124357899760e-01,1.207717920546568235e-01,1.222015955231990914e-01,1.240087466137316241e-01,1.262714759945862131e-01,1.290674846389302521e-01,1.324502570429374471e-01,1.363961695739508428e-01,1.407011477880999450e-01,1.448137457843007292e-01,1.476578001456215761e-01,1.476708351140495479e-01,1.434177199550292769e-01,1.346856980348833943e-01
7.286650286650286912e-01,1.245237011630428992e-01,1.233707663899501483e-01,1.204519203711043041e-01,1.169307487291455505e-01,1.135058415675477272e-01,1.104913948261778689e-01,1.079759046764736663e-01,1.059405794033740911e-01,1.043258441411535342e-01,1.030632368583468406e-01,1.020887178916743965e-01,1.013470964185538836e-01,1.007925926351360690e-01,1.003879196943949781e-01,1.001029459875770744e-01,9.991337321442594899e-02,9.979958375417063987e-02,9.974569031493918381e-02,9.973877377269113609e-02,9.976828029196560532e-02,9.982554737100091113e-02,9.990343165612225462e-02,9.999601667036106534e-02,1.000983826462650272e-01,1.002064243182655412e-01,1.003167063787389068e-01,1.004263482504315075e-01,1.005329318684978768e-01,1.006344276240650482e-01,1.007291347365755207e-01,1.008156331763750968e-01,1.008927449144553234e-01,1.009595027811942547e-01,1.010151256077315152e-01,1.010589986300602927e-01,1.010906583787393176e-01,1.011097814726056310e-01,1.011161768956498896e-01,1.011097814726057420e-01,1.010906583787385404e-01,1.010589986300589604e-01,1.010151256077329585e-01,1.009595027811940327e-01,1.008927449144554345e-01,1.008156331763757629e-01,1.007291347365765199e-01,1.006344276240657143e-01,1.005329318684988760e-01,1.004263482504321736e-01,1.003167063787396840e-01,1.002064243182629877e-01,1.000983826462661375e-01,9.999601667036039920e-02,9.990343165612369791e-02,9.982554737100113318e-02,9.976828029196571634e-02,9.973877377269180222e-02,9.974569031493740745e-02,9.979958375417119498e-02,9.991337321442494979e-02,1.001029459875769634e-01,1.003879196943933128e-01,1.007925926351358470e-01,1.013470964185525514e-01,1.020887178916739524e-01,1.030632368583452863e-01,1.043258441411553106e-01,1.059405794033759785e-01,1.079759046764746655e-01,1.104913948261780909e-01,1.135058415675477272e-01,1.169307487291459946e-01,1.204519203711023057e-01,1.233707663899532569e-01,1.245237011630405677e-01
7.350122850122851048e-01,1.013702106769889255e-01,9.890057734361079600e-02,9.648730160120122523e-02,9.435746866270511291e-02,9.257960299764778078e-02,9.114512373797711842e-02,9.001471987451070689e-02,8.914118681683713685e-02,8.847935752572921864e-02,8.798968671662232843e-02,8.763896637206347595e-02,8.739987450528630131e-02,8.725014209127690545e-02,8.717167683102833298e-02,8.714977417136837712e-02,8.717245302534937235e-02,8.722991485573872161e-02,8.731411073273709356e-02,8.741839773274628911e-02,8.753726715767129463e-02,8.766612962061415271e-02,8.780114482199119497e-02,8.793908636512215438e-02,8.807723397393130149e-02,8.821328692375696168e-02,8.834529526084522466e-02,8.847160370726347978e-02,8.859080642180416909e-02,8.870171031982809762e-02,8.880330524148116744e-02,8.889473967792560494e-02,8.897530104351758506e-02,8.904439970274358185e-02,8.910155613483328185e-02,8.914639075739205776e-02,8.917861604139976084e-02,8.919803064050346730e-02,8.920451533312256931e-02,8.919803064050457753e-02,8.917861604139931675e-02,8.914639075739305696e-02,8.910155613483239367e-02,8.904439970274269367e-02,8.897530104351714098e-02,8.889473967792438369e-02,8.880330524148094540e-02,8.870171031982676535e-02,8.859080642180472420e-02,8.847160370726447898e-02,8.834529526084489159e-02,8.821328692375685065e-02,8.807723397392974718e-02,8.793908636512326460e-02,8.780114482199119497e-02,8.766612962061193226e-02,8.753726715767318201e-02,8.741839773274562297e-02,8.731411073273787071e-02,8.722991485573938775e-02,8.717245302534926132e-02,8.714977417136759996e-02,8.717167683102833298e-02,8.725014209127623932e-02,8.739987450528707846e-02,8.763896637206292084e-02,8.798968671662166230e-02,8.847935752572844148e-02,8.914118681683769196e-02,9.001471987451259427e-02,9.114512373797900580e-02,9.257960299764855794e-02,9.435746866270555699e-02,9.648730160120244648e-02,9.890057734360990782e-02,1.013702106769887035e-01
7.413595413595414074e-01,8.412582423017389566e-02,8.270563890439364130e-02,8.148804705016277072e-02,8.048923240792671407e-02,7.969510002089896794e-02,7.908017694200186742e-02,7.861678922971637729e-02,7.827905512506916352e-02,7.804431149326263029e-02,7.789335326375546042e-02,7.781017477901253088e-02,7.778154171721429755e-02,7.779654177872885601e-02,7.784617468780963279e-02,7.792300097782167700e-02,7.802085079607645746e-02,7.813458669833750481e-02,7.825991222977224382e-02,7.839321814703159585e-02,7.853145905917280345e-02,7.867205442289393336e-02,7.881280894747566546e-02,7.895184844483948972e-02,7.908756797704696861e-02,7.921858982507890001e-02,7.934372938156020183e-02,7.946196678800820923e-02,7.957242450024426539e-02,7.967434868869649467e-02,7.976709365636436289e-02,7.985010927496749567e-02,7.992293067688960306e-02,7.998516984845049915e-02,8.003650883373059077e-02,8.007669431868735810e-02,8.010553341683468442e-02,8.012289052083865215e-02,8.012868512069148963e-02,8.012289052083798602e-02,8.010553341683523954e-02,8.007669431868624788e-02,8.003650883373092384e-02,7.998516984845116529e-02,7.992293067688904795e-02,7.985010927496705158e-02,7.976709365636336369e-02,7.967434868869605058e-02,7.957242450024359925e-02,7.946196678800865332e-02,7.934372938155997979e-02,7.921858982507856695e-02,7.908756797704541430e-02,7.895184844483849051e-02,7.881280894747577648e-02,7.867205442289371131e-02,7.853145905917446878e-02,7.839321814703148483e-02,7.825991222977235484e-02,7.813458669833650561e-02,7.802085079607601337e-02,7.792300097782145496e-02,7.784617468780996585e-02,7.779654177872885601e-02,7.778154171721385346e-02,7.781017477901197577e-02,7.789335326375745883e-02,7.804431149326296335e-02,7.827905512506949659e-02,7.861678922971637729e-02,7.908017694200120129e-02,7.969510002089807976e-02,8.048923240792749123e-02,8.148804705016365890e-02,8.270563890439353028e-02,8.412582423017311850e-02
7.477067977067977100e-01,7.375284089423195244e-02,7.305730469624616141e-02,7.248524642416853681e-02,7.203054223437416193e-02,7.168056554317120410e-02,7.142088710835658993e-02,7.123749869473844365e-02,7.111773995338860344e-02,7.105057795901353890e-02,7.102658299217790017e-02,7.103777669274885520e-02,7.107743974557939604e-02,7.113992000181951214e-02,7.122045839447072035e-02,7.131503836432279142e-02,7.142025902663778902e-02,7.153322995606153922e-02,7.165148466828186180e-02,7.177290981437967066e-02,7.189568736073492783e-02,7.201824739555484634e-02,7.213922958365814875e-02,7.225745164047414626e-02,7.237188349890277816e-02,7.248162609660302458e-02,7.258589392111347571e-02,7.268400062626712010e-02,7.277534723536904782e-02,7.285941211976820764e-02,7.293574249032586110e-02,7.300394863226200570e-02,7.306369778677579419e-02,7.311470965094213348e-02,7.315675270818755571e-02,7.318964127995342128e-02,7.321323322098494124e-02,7.322742819204164366e-02,7.323216646013641640e-02,7.322742819204153264e-02,7.321323322098671760e-02,7.318964127995253310e-02,7.315675270818811082e-02,7.311470965094135632e-02,7.306369778677679339e-02,7.300394863226167264e-02,7.293574249032619417e-02,7.285941211976887377e-02,7.277534723536982497e-02,7.268400062626656499e-02,7.258589392111181038e-02,7.248162609660335765e-02,7.237188349890266714e-02,7.225745164047436830e-02,7.213922958365714955e-02,7.201824739555506838e-02,7.189568736073348454e-02,7.177290981438089190e-02,7.165148466828097362e-02,7.153322995606131718e-02,7.142025902663678982e-02,7.131503836432229182e-02,7.122045839447094240e-02,7.113992000181945663e-02,7.107743974557889644e-02,7.103777669274885520e-02,7.102658299217740057e-02,7.105057795901426054e-02,7.111773995338999121e-02,7.123749869473910978e-02,7.142088710835442500e-02,7.168056554317109308e-02,7.203054223437255210e-02,7.248524642416798169e-02,7.305730469624627244e-02,7.375284089423239653e-02
7.540540540540541237e-01,6.721459644344152107e-02,6.684924245343498717e-02,6.655122184982015243e-02,6.631580820729299219e-02,6.613625883110696435e-02,6.600535089024062163e-02,6.591613810334451262e-02,6.586228297696139489e-02,6.583816564901706636e-02,6.583888070246923796e-02,6.586018240852120620e-02,6.589841042664146276e-02,6.595041230439274704e-02,6.601347058208778540e-02,6.608523774443386678e-02,6.616367989437715869e-02,6.624702885969041555e-02,6.633374192665558722e-02,6.642246822077690904e-02,6.651202075257994784e-02,6.660135322483806686e-02,6.668954080700428833e-02,6.677576419757569326e-02,6.685929640355992021e-02,6.693949176265606704e-02,6.701577681702319822e-02,6.708764271801515022e-02,6.715463890060252572e-02,6.721636781915601988e-02,6.727248061897939113e-02,6.732267359322252620e-02,6.736668408979762379e-02,6.740428955263400024e-02,6.743530484282944659e-02,6.745958052264489080e-02,6.747700162081737840e-02,6.748748667923354372e-02,6.749098708559098103e-02,6.748748667923198941e-02,6.747700162081693431e-02,6.745958052264433569e-02,6.743530484282822535e-02,6.740428955263300104e-02,6.736668408979828992e-02,6.732267359322319233e-02,6.727248061897816989e-02,6.721636781915552028e-02,6.715463890060213714e-02,6.708764271801470613e-02,6.701577681702286515e-02,6.693949176265689971e-02,6.685929640356025327e-02,6.677576419757547121e-02,6.668954080700578713e-02,6.660135322483945464e-02,6.651202075257994784e-02,6.642246822077690904e-02,6.633374192665580926e-02,6.624702885968958288e-02,6.616367989437726971e-02,6.608523774443464394e-02,6.601347058208750784e-02,6.595041230439241398e-02,6.589841042664129622e-02,6.586018240852070660e-02,6.583888070246729507e-02,6.583816564901773249e-02,6.586228297696089529e-02,6.591613810334440160e-02,6.600535089024012203e-02,6.613625883110729742e-02,6.631580820729360282e-02,6.655122184982026345e-02,6.684924245343554228e-02,6.721459644344141005e-02
7.604013104013104263e-01,6.302107507935922337e-02,6.276331889891995086e-02,6.254615577908123614e-02,6.236691380891590253e-02,6.222202654893299600e-02,6.210767914513004584e-02,6.202014739039063418e-02,6.195596103397238430e-02,6.191196891527200874e-02,6.188535112044768471e-02,6.187360414401704700e-02,6.187451374283386984e-02,6.188612358273953840e-02,6.190670396880565418e-02,6.193472277266626191e-02,6.196881944798454667e-02,6.200778235846882147e-02,6.205052929749399482e-02,6.209609091586937302e-02,6.214359671395475182e-02,6.219226324885840373e-02,6.224138422963026995e-02,6.229032220776747897e-02,6.233850160836396093e-02,6.238540288438498838e-02,6.243055761059707054e-02,6.247354436385499366e-02,6.251398526251539245e-02,6.255154306005850096e-02,6.258591870732510554e-02,6.261684931679889488e-02,6.264410650417601145e-02,6.266749525237236274e-02,6.268685142699470525e-02,6.270204226754244603e-02,6.271296552532495960e-02,6.271954847218702556e-02,6.272174761258630937e-02,6.271954847218641493e-02,6.271296552532434898e-02,6.270204226754189092e-02,6.268685142699359503e-02,6.266749525237097496e-02,6.264410650417606696e-02,6.261684931679872834e-02,6.258591870732443940e-02,6.255154306005927811e-02,6.251398526251616961e-02,6.247354436385360588e-02,6.243055761059673747e-02,6.238540288438493286e-02,6.233850160836329479e-02,6.229032220776781203e-02,6.224138422963021444e-02,6.219226324885857027e-02,6.214359671395514040e-02,6.209609091587003915e-02,6.205052929749471646e-02,6.200778235846865494e-02,6.196881944798338093e-02,6.193472277266559578e-02,6.190670396880604276e-02,6.188612358274114822e-02,6.187451374283375882e-02,6.187360414401582576e-02,6.188535112044746267e-02,6.191196891527278590e-02,6.195596103397210674e-02,6.202014739039030111e-02,6.210767914513015686e-02,6.222202654893271845e-02,6.236691380891662417e-02,6.254615577908123614e-02,6.276331889891972882e-02,6.302107507935889030e-02
7.667485667485667289e-01,6.117460148019249200e-02,6.090711127964221205e-02,6.067011482379769394e-02,6.046186131908370953e-02,6.028013437806462038e-02,6.012257001114490462e-02,5.998683175424635028e-02,5.987070094900620587e-02,5.977211759814088365e-02,5.968919320046661703e-02,5.962020836193843154e-02,5.956360273063271427e-02,5.951796162382538835e-02,5.948200180198792708e-02,5.945455770430574383e-02,5.943456878990865944e-02,5.942106824315968039e-02,5.941317308649074480e-02,5.941007563139438785e-02,5.941103614497306173e-02,5.941537659044549002e-02,5.942247529983402110e-02,5.943176244659176266e-02,5.944271619973229281e-02,5.945485945624645607e-02,5.946775706330748035e-02,5.948101345547712748e-02,5.949427064419038347e-02,5.950720650738328121e-02,5.951953333615467301e-02,5.953099660317034969e-02,5.954137392455177702e-02,5.955047419516246165e-02,5.955813690307915076e-02,5.956423186623238664e-02,5.956865763647234413e-02,5.957134164421462597e-02,5.957224108122127770e-02,5.957134164421384881e-02,5.956865763647201106e-02,5.956423186623271970e-02,5.955813690308031649e-02,5.955047419516246165e-02,5.954137392455199906e-02,5.953099660317012765e-02,5.951953333615256359e-02,5.950720650738317019e-02,5.949427064419010591e-02,5.948101345547585073e-02,5.946775706330714728e-02,5.945485945624590096e-02,5.944271619973245935e-02,5.943176244659192919e-02,5.942247529983407661e-02,5.941537659044449082e-02,5.941103614497272867e-02,5.941007563139366621e-02,5.941317308648996764e-02,5.942106824316006897e-02,5.943456878990821535e-02,5.945455770430563280e-02,5.948200180198776055e-02,5.951796162382605448e-02,5.956360273063232569e-02,5.962020836193770990e-02,5.968919320046689458e-02,5.977211759813905179e-02,5.987070094900570627e-02,5.998683175424623926e-02,6.012257001114607036e-02,6.028013437806500896e-02,6.046186131908332095e-02,6.067011482379824905e-02,6.090711127964199001e-02,6.117460148019326915e-02
7.730958230958231425e-01,6.068036592074455005e-02,6.034122723649681941e-02,6.003026193206717487e-02,5.974609395387908695e-02,5.948709130100970910e-02,5.925153353727174999e-02,5.903770731273627614e-02,5.884395824891808235e-02,5.866871677695373322e-02,5.851050874969443427e-02,5.836795742495271000e-02,5.823978079735003810e-02,5.812478664049802735e-02,5.802186663138653167e-02,5.792999032754075905e-02,5.784819940634700064e-02,5.777560236277079486e-02,5.771136973883794763e-02,5.765472989020281602e-02,5.760496525988711980e-02,5.756140911322049636e-02,5.752344268292886031e-02,5.749049267429839905e-02,5.746202908414177468e-02,5.743756329259397386e-02,5.741664639213228671e-02,5.739886772352809086e-02,5.738385359319364554e-02,5.737126615055276879e-02,5.736080240776242345e-02,5.735219338719410587e-02,5.734520338468696021e-02,5.733962933901559644e-02,5.733530030024835966e-02,5.733207699363962462e-02,5.732985149412683779e-02,5.732854725581804090e-02,5.732811815009208889e-02,5.732854725581726374e-02,5.732985149412672676e-02,5.733207699363906951e-02,5.733530030024780455e-02,5.733962933901581849e-02,5.734520338468707124e-02,5.735219338719421689e-02,5.736080240776242345e-02,5.737126615055154755e-02,5.738385359319331247e-02,5.739886772352886801e-02,5.741664639213051036e-02,5.743756329259341875e-02,5.746202908414166366e-02,5.749049267429973131e-02,5.752344268292941543e-02,5.756140911322071840e-02,5.760496525988678673e-02,5.765472989020237193e-02,5.771136973883894683e-02,5.777560236277134997e-02,5.784819940634711166e-02,5.792999032754087008e-02,5.802186663138608758e-02,5.812478664049880450e-02,5.823978079735014912e-02,5.836795742495204387e-02,5.851050874969332405e-02,5.866871677695395526e-02,5.884395824891786031e-02,5.903770731273760841e-02,5.925153353727241612e-02,5.948709130101026421e-02,5.974609395387808775e-02,6.003026193206817407e-02,6.034122723649670839e-02,6.068036592074421698e-02
7.794430794430794451e-01,6.133105349273060281e-02,6.088204456230128514e-02,6.046225585019071591e-02,6.007069726378178043e-02,5.970616986815158178e-02,5.936736851443746854e-02,5.905294574274444486e-02,5.876155141186711894e-02,5.849185710947490957e-02,5.824257100754992589e-02,5.801244670750749233e-02,5.780028829509398225e-02,5.760495299875267872e-02,5.742535232931289535e-02,5.726045225669185168e-02,5.710927277759703102e-02,5.697088710181896776e-02,5.684442060486383230e-02,5.672904964422920138e-02,5.662400030434355802e-02,5.652854711435084667e-02,5.644201176926399999e-02,5.636376187601821464e-02,5.629320973971385644e-02,5.622981120117931386e-02,5.617306453388315468e-02,5.612250940609897487e-02,5.607772591260962169e-02,5.603833367902799623e-02,5.600399104089848201e-02,5.597439429900263885e-02,5.594927705171126586e-02,5.592840960438238973e-02,5.591159845429938269e-02,5.589868584298685050e-02,5.588954932193623826e-02,5.588410116566033814e-02,5.588229091378349445e-02,5.588410116566044916e-02,5.588954932193679337e-02,5.589868584298607335e-02,5.591159845430049291e-02,5.592840960438227871e-02,5.594927705171126586e-02,5.597439429900308294e-02,5.600399104089814895e-02,5.603833367902821827e-02,5.607772591260906658e-02,5.612250940609919692e-02,5.617306453388326570e-02,5.622981120117886977e-02,5.629320973971196906e-02,5.636376187601765952e-02,5.644201176926433305e-02,5.652854711435095769e-02,5.662400030434400211e-02,5.672904964422897933e-02,5.684442060486505355e-02,5.697088710182018900e-02,5.710927277759703102e-02,5.726045225669140759e-02,5.742535232931345046e-02,5.760495299875167952e-02,5.780028829509420429e-02,5.801244670750704824e-02,5.824257100754992589e-02,5.849185710947435446e-02,5.876155141186734099e-02,5.905294574274599917e-02,5.936736851443724650e-02,5.970616986815113769e-02,6.007069726378255758e-02,6.046225585019049387e-02,6.088204456230106310e-02,6.133105349273071383e-02
7.857903357903358588e-01,6.152545966514688658e-02,6.095076854919656562e-02,6.040664161302222723e-02,5.989292861664341494e-02,5.940911967977879904e-02,5.895445054754488989e-02,5.852798019782923244e-02,5.812864876341716780e-02,5.775532115471848638e-02,5.740682010286157766e-02,5.708195125162274230e-02,5.677952219740478590e-02,5.649835687796711525e-02,5.623730636179902209e-02,5.599525684021167127e-02,5.577113544118250665e-02,5.556391434743490620e-02,5.537261359740741629e-02,5.519630286784138473e-02,5.503410247448059511e-02,5.488518377848472518e-02,5.474876914747639489e-02,5.462413158951140435e-02,5.451059415378212147e-02,5.440752917234104036e-02,5.431435740161505432e-02,5.423054710996211281e-02,5.415561314763284173e-02,5.408911602745236635e-02,5.403066103815623578e-02,5.397989740675335213e-02,5.393651752047223802e-02,5.390025620667027173e-02,5.387088999693567803e-02,5.384823621198120414e-02,5.383215613102154684e-02,5.382254847466438896e-02,5.381935262153025867e-02,5.382254847466461101e-02,5.383215613102154684e-02,5.384823621198242538e-02,5.387088999693523395e-02,5.390025620666982764e-02,5.393651752047212700e-02,5.397989740675424031e-02,5.403066103815623578e-02,5.408911602745125613e-02,5.415561314763195355e-02,5.423054710996155769e-02,5.431435740161427717e-02,5.440752917234037422e-02,5.451059415378167738e-02,5.462413158951251457e-02,5.474876914747672796e-02,5.488518377848539131e-02,5.503410247448181636e-02,5.519630286784171780e-02,5.537261359740885958e-02,5.556391434743557234e-02,5.577113544118306177e-02,5.599525684021233740e-02,5.623730636179979925e-02,5.649835687796611605e-02,5.677952219740567408e-02,5.708195125162274230e-02,5.740682010286191073e-02,5.775532115471948558e-02,5.812864876341694576e-02,5.852798019782867733e-02,5.895445054754500092e-02,5.940911967977924313e-02,5.989292861664374801e-02,6.040664161302111701e-02,6.095076854919745379e-02,6.152545966514677556e-02
7.921375921375921614e-01,6.241702407671856356e-02,6.169433334554663695e-02,6.100366852533789519e-02,6.034638384996993121e-02,5.972306393587722972e-02,5.913371125643918091e-02,5.857789423734616197e-02,5.805486380182522943e-02,5.756364470088470853e-02,5.710310674985152879e-02,5.667202010054916972e-02,5.626909786840261773e-02,5.589302877405610825e-02,5.554250192421927856e-02,5.521622542445614457e-02,5.491294016930270416e-02,5.463142987656521843e-02,5.437052821027144045e-02,5.412912365935362846e-02,5.390616269820902584e-02,5.370065164327852969e-02,5.351165753115016965e-02,5.333830827342667114e-02,5.317979228813740633e-02,5.303535776365719823e-02,5.290431167651998834e-02,5.278601865727616804e-02,5.267989977698173121e-02,5.258543130946846667e-02,5.250214350913662287e-02,5.242961942181079138e-02,5.236749364105530713e-02,5.231545082759359033e-02,5.227322955384294811e-02,5.224061331987184253e-02,5.221743481485130456e-02,5.220357515120088721e-02,5.219896316217564891e-02,5.220357515120055414e-02,5.221743481485108251e-02,5.224061331987217560e-02,5.227322955384239300e-02,5.231545082759403442e-02,5.236749364105641735e-02,5.242961942181056934e-02,5.250214350913584571e-02,5.258543130946935484e-02,5.267989977698162019e-02,5.278601865727716724e-02,5.290431167651976629e-02,5.303535776365775334e-02,5.317979228813818349e-02,5.333830827342667114e-02,5.351165753115150192e-02,5.370065164327897378e-02,5.390616269820824868e-02,5.412912365935440562e-02,5.437052821027221761e-02,5.463142987656510741e-02,5.491294016930259314e-02,5.521622542445614457e-02,5.554250192421816834e-02,5.589302877405744052e-02,5.626909786840239569e-02,5.667202010054939176e-02,5.710310674985141777e-02,5.756364470088393137e-02,5.805486380182467432e-02,5.857789423734582890e-02,5.913371125643873683e-02,5.972306393587756279e-02,6.034638384997059735e-02,6.100366852533845030e-02,6.169433334554708104e-02,6.241702407671911867e-02
7.984848484848485750e-01,6.448928629575401139e-02,6.357602283531649245e-02,6.269867892150848832e-02,6.186048525446807833e-02,6.106326869741496299e-02,6.030779949934172990e-02,5.959406370017006349e-02,5.892147532492020279e-02,5.828904061790718405e-02,5.769548437837557220e-02,5.713934653703889310e-02,5.661905548576584568e-02,5.613298332817617808e-02,5.567948712615888862e-02,5.525693934069086932e-02,5.486374996757048539e-02,5.449838231756287676e-02,5.415936395690879035e-02,5.384529398456661120e-02,5.355484755730255397e-02,5.328677836680228985e-02,5.303991961215959172e-02,5.281318388596312197e-02,5.260556229505097825e-02,5.241612306174514568e-02,5.224400979289500757e-02,5.208843955816766513e-02,5.194870088145531195e-02,5.182415170780929614e-02,5.171421726187552803e-02,5.161838751747171994e-02,5.153622170961957849e-02,5.146733605890430052e-02,5.141140888217421434e-02,5.136817896281342666e-02,5.133744417296759455e-02,5.131906068029123968e-02,5.131294240211670132e-02,5.131906068029090662e-02,5.133744417296792761e-02,5.136817896281398177e-02,5.141140888217421434e-02,5.146733605890563279e-02,5.153622170961946747e-02,5.161838751747216403e-02,5.171421726187519496e-02,5.182415170780885205e-02,5.194870088145731035e-02,5.208843955816644389e-02,5.224400979289545166e-02,5.241612306174481262e-02,5.260556229504986803e-02,5.281318388596389912e-02,5.303991961215970274e-02,5.328677836680106861e-02,5.355484755730255397e-02,5.384529398456638916e-02,5.415936395690656990e-02,5.449838231756276574e-02,5.486374996757015232e-02,5.525693934068898194e-02,5.567948712615766738e-02,5.613298332817695524e-02,5.661905548576706693e-02,5.713934653703656164e-02,5.769548437837745958e-02,5.828904061790673996e-02,5.892147532492009177e-02,5.959406370017106269e-02,6.030779949934184092e-02,6.106326869741607322e-02,6.186048525446752322e-02,6.269867892150893240e-02,6.357602283531615939e-02,6.448928629575256810e-02
8.048321048321048776e-01,6.732043172654889052e-02,6.614780948178211606e-02,6.502368397533897504e-02,6.395202239989961068e-02,6.293492081070806154e-02,6.197307954190578450e-02,6.106617694765981152e-02,6.021315986654229846e-02,5.941246709491421196e-02,5.866219970515329507e-02,5.796024963893031678e-02,5.730439583228141842e-02,5.669237526063863886e-02,5.612193473653737108e-02,5.559086802640322844e-02,5.509704183804686739e-02,5.463841342680231250e-02,5.421304193701337315e-02,5.381909510318128032e-02,5.345485255283854986e-02,5.311870665759377275e-02,5.280916165105919990e-02,5.252483155711784590e-02,5.226443733755092858e-02,5.202680356445232857e-02,5.181085484135927732e-02,5.161561212092202755e-02,5.144018888256318700e-02,5.128378652010767702e-02,5.114569935815649337e-02,5.102529803653854668e-02,5.092203449971255402e-02,5.083543931253531323e-02,5.076511893031354639e-02,5.071075383630274658e-02,5.067209705290609545e-02,5.064897298925641334e-02,5.064127661935069469e-02,5.064897298925685742e-02,5.067209705290542932e-02,5.071075383630152533e-02,5.076511893031321332e-02,5.083543931253453607e-02,5.092203449971299811e-02,5.102529803653887974e-02,5.114569935815682644e-02,5.128378652010789907e-02,5.144018888256374211e-02,5.161561212092291573e-02,5.181085484135938835e-02,5.202680356445232857e-02,5.226443733755026244e-02,5.252483155711817897e-02,5.280916165105953297e-02,5.311870665759332866e-02,5.345485255283866088e-02,5.381909510318139134e-02,5.421304193701337315e-02,5.463841342680197943e-02,5.509704183804653432e-02,5.559086802640333946e-02,5.612193473653692699e-02,5.669237526063897192e-02,5.730439583228297273e-02,5.796024963893064985e-02,5.866219970515340609e-02,5.941246709491510014e-02,6.021315986654229846e-02,6.106617694766081073e-02,6.197307954190534041e-02,6.293492081070761746e-02,6.395202239990094295e-02,6.502368397533930811e-02,6.614780948178133890e-02,6.732043172654811336e-02
8.111793611793611802e-01,7.075277967449700167e-02,6.932641063037392470e-02,6.793416209642755277e-02,6.659595473217572170e-02,6.532194483940412244e-02,6.411672862845174681e-02,6.298162527855000192e-02,6.191598453067548302e-02,6.091797027197820569e-02,5.998504757385614283e-02,5.911429384925415143e-02,5.830260135007303557e-02,5.754681020265595137e-02,5.684379580931897546e-02,5.619052564251780790e-02,5.558409521016449695e-02,5.502174972283702115e-02,5.450089591620910223e-02,5.401910711455160108e-02,5.357412369909075878e-02,5.316385051070782186e-02,5.278635227312800104e-02,5.243984780834953785e-02,5.212270358887016730e-02,5.183342699339921200e-02,5.157065937675342493e-02,5.133316776231333645e-02,5.111984929979696002e-02,5.092970936781993085e-02,5.076186411231586870e-02,5.061553650464800658e-02,5.049005103648707138e-02,5.038482984842884704e-02,5.029938945087075730e-02,5.023333797427553815e-02,5.018637293350058926e-02,5.015827949770068628e-02,5.014892925936043078e-02,5.015827949770079730e-02,5.018637293350081130e-02,5.023333797427487202e-02,5.029938945087064628e-02,5.038482984842873602e-02,5.049005103648707138e-02,5.061553650464845067e-02,5.076186411231597972e-02,5.092970936782048597e-02,5.111984929979707104e-02,5.133316776231300338e-02,5.157065937675386902e-02,5.183342699339998916e-02,5.212270358886950117e-02,5.243984780834920478e-02,5.278635227312844513e-02,5.316385051070704471e-02,5.357412369909020367e-02,5.401910711455160108e-02,5.450089591620865814e-02,5.502174972283746524e-02,5.558409521016460797e-02,5.619052564251714177e-02,5.684379580931764320e-02,5.754681020265561830e-02,5.830260135007281352e-02,5.911429384925392938e-02,5.998504757385458852e-02,6.091797027197765058e-02,6.191598453067614916e-02,6.298162527854966886e-02,6.411672862845274601e-02,6.532194483940545471e-02,6.659595473217572170e-02,6.793416209642821890e-02,6.932641063037436879e-02,7.075277967449733474e-02
8.175266175266175939e-01,6.926448452173106229e-02,7.013359916849348785e-02,6.977971419413053766e-02,6.886192109472910605e-02,6.769877075164965063e-02,6.644806663422619941e-02,6.518975049039321679e-02,6.396465404177908987e-02,6.279325378923883427e-02,6.168511014433075701e-02,6.064380165709126747e-02,5.966959463402488062e-02,5.876093128649795272e-02,5.791527998605172645e-02,5.712963025949613360e-02,5.640078440567164453e-02,5.572552986909706796e-02,5.510074028824385461e-02,5.452343320395636184e-02,5.399080114441356937e-02,5.350022627139516818e-02,5.304928489673677028e-02,5.263574581667906926e-02,5.225756483277088638e-02,5.191287504929098517e-02,5.159999089946643025e-02,5.131738358632154107e-02,5.106367698743696781e-02,5.083764389838174580e-02,5.063819670324243294e-02,5.046438043039247479e-02,5.031536663381397378e-02,5.019044802656857929e-02,5.008903385828822330e-02,5.001064602959126582e-02,4.995491593370560146e-02,4.992158201434804266e-02,4.991048802971465026e-02,4.992158201434848674e-02,4.995491593370549044e-02,5.001064602959237604e-02,5.008903385828755717e-02,5.019044802656880133e-02,5.031536663381419583e-02,5.046438043039180865e-02,5.063819670324187783e-02,5.083764389838274500e-02,5.106367698743730088e-02,5.131738358632209618e-02,5.159999089946731843e-02,5.191287504929131824e-02,5.225756483277055331e-02,5.263574581667918029e-02,5.304928489673765846e-02,5.350022627139428000e-02,5.399080114441423550e-02,5.452343320395536264e-02,5.510074028824474279e-02,5.572552986909651285e-02,5.640078440567142248e-02,5.712963025949657769e-02,5.791527998605205951e-02,5.876093128649728659e-02,5.966959463402521369e-02,6.064380165709004622e-02,6.168511014433109008e-02,6.279325378923905632e-02,6.396465404177964498e-02,6.518975049039243963e-02,6.644806663422553328e-02,6.769877075164776326e-02,6.886192109472843992e-02,6.977971419413053766e-02,7.013359916849359887e-02,6.926448452172917492e-02
8.238738738738740075e-01,2.065837208869719666e-02,3.890865590499925641e-02,5.279766698597965213e-02,6.062655485355472607e-02,6.426498161655580521e-02,6.555117921888109489e-02,6.560756898604092058e-02,6.504161176581479964e-02,6.417385486902849046e-02,6.317428632523258702e-02,6.213405451324793827e-02,6.110230848211251065e-02,6.010532275701530036e-02,5.915665123577984463e-02,5.826265835485577860e-02,5.742560860120593524e-02,5.664543178585046412e-02,5.592075132994456244e-02,5.524949241729049110e-02,5.462924539398228418e-02,5.405748383534303425e-02,5.353169478533736925e-02,5.304945303035013549e-02,5.260847581352956492e-02,5.220663815903814342e-02,5.184197521951294796e-02,5.151269830796534333e-02,5.121718967905952713e-02,5.095399819863022373e-02,5.072183388046391794e-02,5.051956192693729530e-02,5.034619677142504468e-02,5.020089644952263619e-02,5.008295750662605794e-02,4.999181057078061485e-02,4.992701666870158483e-02,4.988826433069770694e-02,4.987536751009091773e-02,4.988826433069726285e-02,4.992701666870158483e-02,4.999181057078094792e-02,5.008295750662661305e-02,5.020089644952152597e-02,5.034619677142482264e-02,5.051956192693762837e-02,5.072183388046458408e-02,5.095399819863044577e-02,5.121718967905874997e-02,5.151269830796556537e-02,5.184197521951294796e-02,5.220663815903725524e-02,5.260847581353023106e-02,5.304945303034980242e-02,5.353169478533692516e-02,5.405748383534270118e-02,5.462924539398172907e-02,5.524949241728993599e-02,5.592075132994311915e-02,5.664543178585090821e-02,5.742560860120538013e-02,5.826265835485677780e-02,5.915665123577851237e-02,6.010532275701474525e-02,6.110230848210840282e-02,6.213405451324760520e-02,6.317428632523169885e-02,6.417385486902915659e-02,6.504161176581213510e-02,6.560756898604314102e-02,6.555117921888187205e-02,6.426498161655602726e-02,6.062655485355117335e-02,5.279766698598242769e-02,3.890865590498970850e-02,2.065837208870058284e-02
8.302211302211301991e-01,8.572106592000014458e-03,3.647168656895904970e-03,4.461748438664314698e-03,1.392197631371566713e-02,2.898694070463814221e-02,4.300332653025085161e-02,5.255993651612844708e-02,5.796966948496429239e-02,6.061169943387068049e-02,6.162443248910853821e-02,6.172628875237518020e-02,6.133401510018898772e-02,6.068393911389735607e-02,5.991004222205209562e-02,5.908872318950275648e-02,5.826369602125502922e-02,5.745985036721801276e-02,5.669107091990477354e-02,5.596472839640598274e-02,5.528430768461867206e-02,5.465097155323461742e-02,5.406451380029753118e-02,5.352395149263644569e-02,5.302785068766247001e-02,5.257458027345029983e-02,5.216244565586414250e-02,5.178977586564526003e-02,5.145497752748195985e-02,5.115656748860664127e-02,5.089319181359486244e-02,5.066363612480961898e-02,5.046683052659395319e-02,5.030185123405672698e-02,5.016792030326611140e-02,5.006440438611003962e-02,4.999081312010345002e-02,4.994679755417996692e-02,4.993214886941244046e-02,4.994679755417807954e-02,4.999081312010322797e-02,5.006440438611137189e-02,5.016792030326588936e-02,5.030185123405694902e-02,5.046683052659428625e-02,5.066363612480950795e-02,5.089319181359552857e-02,5.115656748860564207e-02,5.145497752748340314e-02,5.178977586564514901e-02,5.216244565586558579e-02,5.257458027344941165e-02,5.302785068766158183e-02,5.352395149263677876e-02,5.406451380029764220e-02,5.465097155323439537e-02,5.528430768461700673e-02,5.596472839640576069e-02,5.669107091990555070e-02,5.745985036721590333e-02,5.826369602125591740e-02,5.908872318950431080e-02,5.991004222205065233e-02,6.068393911389813322e-02,6.133401510018865466e-02,6.172628875237384793e-02,6.162443248910876026e-02,6.061169943387467729e-02,5.796966948496518057e-02,5.255993651612622664e-02,4.300332653025185081e-02,2.898694070463764261e-02,1.392197631371691613e-02,4.461748438665209815e-03,3.647168656896834782e-03,8.572106592000125480e-03
8.365683865683866127e-01,2.234468482353285657e-02,1.715552650632862219e-02,1.138714293708750769e-02,5.870676433214871981e-03,2.472496433080943745e-03,3.992538230369276075e-03,1.212916162828481248e-02,2.472396447408214959e-02,3.716385876740857519e-02,4.650833134695775417e-02,5.243602847569839298e-02,5.578252547205675427e-02,5.745275150742823467e-02,5.810428609648010667e-02,5.815683632312140805e-02,5.786614075965823556e-02,5.738600092254819707e-02,5.680893657782193351e-02,5.619083316135220496e-02,5.556553903078043088e-02,5.495354549719222437e-02,5.436707255236516989e-02,5.381324436596912619e-02,5.329599669958917652e-02,5.281727049184326006e-02,5.237776621478185124e-02,5.197742599924048967e-02,5.161574487539855038e-02,5.129197332697288392e-02,5.100524989354360272e-02,5.075468828831597445e-02,5.053943469274624345e-02,5.035870537375608524e-02,5.021181126496887526e-02,5.009817389479831462e-02,5.001733556685461490e-02,4.996896571473208315e-02,4.995286468318216322e-02,4.996896571473152804e-02,5.001733556685528104e-02,5.009817389479909178e-02,5.021181126496909730e-02,5.035870537375541911e-02,5.053943469274602140e-02,5.075468828831708468e-02,5.100524989354293659e-02,5.129197332697377210e-02,5.161574487539810629e-02,5.197742599924093376e-02,5.237776621478118511e-02,5.281727049184214984e-02,5.329599669958939856e-02,5.381324436596968130e-02,5.436707255236483682e-02,5.495354549719111414e-02,5.556553903077943168e-02,5.619083316135298212e-02,5.680893657782226658e-02,5.738600092254886320e-02,5.786614075965779147e-02,5.815683632312051987e-02,5.810428609647966258e-02,5.745275150742712444e-02,5.578252547205719836e-02,5.243602847569872605e-02,4.650833134695830928e-02,3.716385876740324612e-02,2.472396447407981812e-02,1.212916162828586719e-02,3.992538230369581387e-03,2.472496433080631495e-03,5.870676433214483403e-03,1.138714293708900649e-02,1.715552650632828913e-02,2.234468482353335617e-02
8.429156429156430264e-01,2.843112611659098787e-02,2.545259376289871200e-02,2.180072271917443683e-02,1.748332740836350263e-02,1.262481980766425038e-02,7.630165877543393371e-03,3.447129303884112483e-03,1.758027014436950447e-03,4.511442992951975040e-03,1.230913418890713928e-02,2.313557306374941502e-02,3.374579637408792188e-02,4.207236174689432673e-02,4.774611780701087937e-02,5.126471718047564963e-02,5.327707377336665662e-02,5.430835104133291402e-02,5.472273838628116671e-02,5.475782938099449382e-02,5.456502901408022410e-02,5.424031795244721454e-02,5.384465480735967091e-02,5.341691726910158255e-02,5.298199002016068526e-02,5.255581743562520725e-02,5.214858234082520028e-02,5.176672671720705665e-02,5.141425136684940611e-02,5.109356180451685159e-02,5.080602510299714325e-02,5.055234030143740398e-02,5.033278705559651733e-02,5.014739379238875028e-02,4.999605199243084552e-02,4.987859394546823033e-02,4.979484535096923015e-02,4.974466021989332187e-02,4.972794290122595218e-02,4.974466021989354392e-02,4.979484535097000730e-02,4.987859394546667602e-02,4.999605199243040143e-02,5.014739379238919437e-02,5.033278705559718347e-02,5.055234030143784807e-02,5.080602510299647712e-02,5.109356180451585239e-02,5.141425136684774078e-02,5.176672671720661256e-02,5.214858234082486721e-02,5.255581743562487418e-02,5.298199002016179548e-02,5.341691726910258176e-02,5.384465480735955989e-02,5.424031795244810272e-02,5.456502901408233352e-02,5.475782938099404973e-02,5.472273838628261000e-02,5.430835104133446833e-02,5.327707377336898809e-02,5.126471718047620474e-02,4.774611780701154551e-02,4.207236174689377162e-02,3.374579637408892108e-02,2.313557306374763867e-02,1.230913418890824951e-02,4.511442992957803710e-03,1.758027014434841023e-03,3.447129303884771678e-03,7.630165877544725639e-03,1.262481980766486100e-02,1.748332740836394672e-02,2.180072271917404825e-02,2.545259376289976672e-02,2.843112611659143196e-02
8.492628992628993290e-01,3.019159341651322936e-02,2.859607451346202200e-02,2.650208615765542453e-02,2.388731992398496207e-02,2.073308197057932567e-02,1.704479647529549835e-02,1.289840482221324414e-02,8.531572375733292857e-03,4.491694736341339533e-03,1.788834492412839233e-03,1.824313914540996034e-03,5.726934037608544248e-03,1.326072088379001701e-02,2.257170031662514287e-02,3.143219653271955849e-02,3.853040944151964187e-02,4.361685350355626323e-02,4.700356062077992725e-02,4.913567411777741700e-02,5.040191322201859059e-02,5.109110078555201273e-02,5.140361464031895089e-02,5.147446821024292962e-02,5.139369769536428212e-02,5.122128414393745111e-02,5.099731948049335273e-02,5.074873459307727153e-02,5.049371061088181456e-02,5.024457255426062474e-02,5.000969797820875584e-02,4.979478591593511361e-02,4.960370787965295847e-02,4.943908327667279057e-02,4.930267100039853467e-02,4.919563667083814984e-02,4.911873424036938829e-02,4.907242715015025514e-02,4.905696520969560215e-02,4.907242715015003309e-02,4.911873424037005442e-02,4.919563667083914904e-02,4.930267100039753547e-02,4.943908327667234648e-02,4.960370787965540096e-02,4.979478591593455850e-02,5.000969797820886686e-02,5.024457255426006963e-02,5.049371061088159252e-02,5.074873459307727153e-02,5.099731948049290864e-02,5.122128414393800622e-02,5.139369769536517030e-02,5.147446821024270758e-02,5.140361464031750760e-02,5.109110078555112455e-02,5.040191322201748036e-02,4.913567411777830518e-02,4.700356062078159258e-02,4.361685350355659629e-02,3.853040944151953084e-02,3.143219653272100178e-02,2.257170031662386611e-02,1.326072088379054437e-02,5.726934037607003813e-03,1.824313914541093179e-03,1.788834492413852312e-03,4.491694736341478311e-03,8.531572375732932034e-03,1.289840482221235596e-02,1.704479647529566488e-02,2.073308197057993629e-02,2.388731992398479553e-02,2.650208615765531350e-02,2.859607451346146689e-02,3.019159341651223016e-02
8.556101556101556316e-01,2.967493413808919289e-02,2.897752053449764720e-02,2.789032001528723992e-02,2.640301143101264625e-02,2.450212203043222736e-02,2.217224761239888764e-02,1.940184077442408395e-02,1.619771490292876148e-02,1.261536938439153377e-02,8.815040679386293432e-03,5.149751264771434967e-03,2.263596690616043183e-03,1.100852789313298136e-03,2.635417864456299220e-03,7.254271479116281007e-03,1.424961150046871738e-02,2.210148413942880641e-02,2.936765200653856933e-02,3.527507405992780232e-02,3.968762179529961021e-02,4.280672611764579916e-02,4.492857175892162047e-02,4.632666525761930387e-02,4.721654051709733846e-02,4.775640510961809415e-02,4.805860725661981192e-02,4.820181040963011920e-02,4.824086638356828161e-02,4.821406585893528440e-02,4.814823507163590310e-02,4.806225022670107538e-02,4.796944371059330692e-02,4.787924966497469903e-02,4.779833042206860227e-02,4.773134731694106403e-02,4.768148503507896319e-02,4.765080150360601063e-02,4.764044989716553768e-02,4.765080150360534450e-02,4.768148503507818603e-02,4.773134731694350652e-02,4.779833042206960148e-02,4.787924966497514312e-02,4.796944371059219669e-02,4.806225022670151947e-02,4.814823507163834559e-02,4.821406585893595054e-02,4.824086638356850365e-02,4.820181040962912000e-02,4.805860725661992294e-02,4.775640510961853824e-02,4.721654051709711641e-02,4.632666525761841569e-02,4.492857175891862287e-02,4.280672611764713142e-02,3.968762179529983225e-02,3.527507405992802436e-02,2.936765200653712604e-02,2.210148413942825130e-02,1.424961150046832881e-02,7.254271479114587917e-03,2.635417864457298420e-03,1.100852789312857516e-03,2.263596690616265228e-03,5.149751264773155812e-03,8.815040679384489319e-03,1.261536938439158928e-02,1.619771490292970517e-02,1.940184077442391741e-02,2.217224761239772191e-02,2.450212203043333759e-02,2.640301143101408954e-02,2.789032001528690685e-02,2.897752053449764720e-02,2.967493413808997005e-02
8.619574119574120452e-01,2.795045986165833884e-02,2.786430447788135201e-02,2.746145410596734227e-02,2.673591368976402372e-02,2.568127924875496237e-02,2.428939927385809217e-02,2.255003462361304667e-02,2.045240044302915061e-02,1.799013569891683151e-02,1.517235930442173419e-02,1.204498453054261842e-02,8.727488149186862776e-03,5.467516534752414614e-03,2.701061070217246340e-03,1.068865876352447647e-03,1.294484369207132141e-03,3.860342764994598164e-03,8.631242346173295665e-03,1.479198425110744841e-02,2.124493462982141034e-02,2.711480281479261567e-02,3.196759445069230487e-02,3.573501246113308660e-02,3.854402966281722520e-02,4.058469139071452236e-02,4.204125321561491546e-02,4.306694765801244440e-02,4.378035632625443263e-02,4.426997533522003536e-02,4.460066188859879155e-02,4.481954477440242002e-02,4.496073721954263469e-02,4.504886352108028458e-02,4.510161143759583435e-02,4.513154144260789202e-02,4.514734540438924970e-02,4.515469847513831070e-02,4.515680433912949709e-02,4.515469847513986501e-02,4.514734540438802846e-02,4.513154144260644873e-02,4.510161143759616742e-02,4.504886352108083969e-02,4.496073721954307878e-02,4.481954477440019957e-02,4.460066188860001279e-02,4.426997533521992434e-02,4.378035632625509876e-02,4.306694765801111213e-02,4.204125321561413831e-02,4.058469139071341214e-02,3.854402966281744725e-02,3.573501246113564012e-02,3.196759445069219385e-02,2.711480281479594634e-02,2.124493462982057768e-02,1.479198425110861415e-02,8.631242346175765912e-03,3.860342764992044651e-03,1.294484369207631741e-03,1.068865876351826616e-03,2.701061070216691229e-03,5.467516534751942769e-03,8.727488149186279909e-03,1.204498453054286822e-02,1.517235930442140113e-02,1.799013569891799724e-02,2.045240044302937266e-02,2.255003462361399036e-02,2.428939927385842523e-02,2.568127924875529544e-02,2.673591368976357963e-02,2.746145410596667613e-02,2.786430447788190712e-02,2.795045986165811680e-02
8.683046683046683478e-01,2.566934490016281600e-02,2.599879671348304111e-02,2.607018661790272418e-02,2.587636904871448706e-02,2.541206388112271508e-02,2.467250074360238798e-02,2.365225306842799746e-02,2.234455055035811100e-02,2.074148526860558617e-02,1.883577641373551659e-02,1.662518831991421919e-02,1.412134624573735397e-02,1.136538079924315214e-02,8.452934166486042455e-03,5.568688779969049873e-03,3.021852500408470088e-03,1.255681699311186894e-03,7.833953813337051625e-04,2.014953642372668829e-03,5.028104277813777445e-03,9.452824833680401051e-03,1.460282392044770505e-02,1.976712012980391675e-02,2.444081403041742373e-02,2.838395249002512166e-02,3.155913628451412212e-02,3.404015495755841059e-02,3.594235441687976262e-02,3.738350109949639677e-02,3.846677924595953701e-02,3.927604571837917113e-02,3.987664920415001646e-02,4.031819788450141662e-02,4.063760139085770273e-02,4.086173087973377083e-02,4.100951132947883160e-02,4.109344955314142567e-02,4.112065966999511879e-02,4.109344955314186976e-02,4.100951132947849853e-02,4.086173087973343776e-02,4.063760139085559331e-02,4.031819788450274888e-02,3.987664920414824010e-02,3.927604571837717273e-02,3.846677924595787168e-02,3.738350109949772904e-02,3.594235441688065080e-02,3.404015495755807752e-02,3.155913628451412212e-02,2.838395249002179099e-02,2.444081403042031031e-02,1.976712012980569311e-02,1.460282392044942590e-02,9.452824833677792027e-03,5.028104277815720335e-03,2.014953642372953324e-03,7.833953813332402566e-04,1.255681699310975258e-03,3.021852500409455411e-03,5.568688779969688252e-03,8.452934166486181233e-03,1.136538079924304112e-02,1.412134624573679886e-02,1.662518831991333101e-02,1.883577641373651579e-02,2.074148526860625230e-02,2.234455055035883264e-02,2.365225306842733133e-02,2.467250074360249901e-02,2.541206388112116077e-02,2.587636904871315480e-02,2.607018661790116987e-02,2.599879671348359622e-02,2.566934490016237191e-02
8.746519246519246504e-01,2.301355460128151620e-02,2.360986136963394433e-02,2.400136661467899835e-02,2.417824378915900407e-02,2.413348556162020486e-02,2.386200555121742450e-02,2.335965710573895127e-02,2.262232013961285038e-02,2.164523008257224213e-02,2.042277272744724703e-02,1.894907657351257990e-02,1.721988805642848952e-02,1.523651786058516366e-02,1.301294089018262268e-02,1.058737512315288676e-02,8.039292435073286391e-03,5.510792331471392469e-03,3.226001732032399150e-03,1.493046346737074426e-03,6.650384657208730649e-04,1.044441720003404239e-03,2.754487943343125744e-03,5.652976275505205983e-03,9.362470438991493671e-03,1.340759863636514782e-02,1.736772566779198890e-02,2.096240422069739484e-02,2.405728363590975416e-02,2.662584946790658158e-02,2.870363501592876343e-02,3.035301402510326430e-02,3.164171747651334243e-02,3.263191370651608025e-02,3.337577318162743278e-02,3.391443276983352462e-02,3.427846010443758029e-02,3.448878197544424928e-02,3.455756062063364276e-02,3.448878197544469337e-02,3.427846010443647007e-02,3.391443276983308053e-02,3.337577318162732176e-02,3.263191370651574719e-02,3.164171747650879052e-02,3.035301402510381941e-02,2.870363501592843036e-02,2.662584946790647056e-02,2.405728363591352892e-02,2.096240422069661768e-02,1.736772566779076765e-02,1.340759863636598048e-02,9.362470438987247068e-03,5.652976275506843562e-03,2.754487943343847389e-03,1.044441720004542218e-03,6.650384657207169398e-04,1.493046346735561747e-03,3.226001732032177105e-03,5.510792331472530448e-03,8.039292435072703524e-03,1.058737512315222062e-02,1.301294089018195654e-02,1.523651786058599633e-02,1.721988805642865605e-02,1.894907657351191377e-02,2.042277272744780214e-02,2.164523008257301928e-02,2.262232013961351651e-02,2.335965710573906229e-02,2.386200555121731348e-02,2.413348556162009384e-02,2.417824378916000327e-02,2.400136661468010857e-02,2.360986136963383331e-02,2.301355460128151620e-02
8.809991809991810641e-01,2.028896716918038301e-02,2.103692689900482637e-02,2.162776616914585670e-02,2.204957434793308746e-02,2.229323886249878761e-02,2.235201861544966473e-02,2.222093914179601448e-02,2.189609984258333863e-02,2.137399573347331661e-02,2.065096412539724202e-02,1.972289310587194144e-02,1.858536951313916052e-02,1.723451932430553057e-02,1.566890786240238143e-02,1.389300879750893225e-02,1.192286804962161550e-02,9.794530742767870723e-03,7.575243806912296263e-03,5.375867697338526652e-03,3.359839709564535482e-03,1.739900677753224156e-03,7.517096736000816737e-04,5.995483763880544992e-04,1.387372472625915398e-03,3.068995131399548937e-03,5.451138310516634444e-03,8.252199747038196920e-03,1.118322163864543528e-02,1.401021926791112815e-02,1.657934684970668870e-02,1.881138025102246925e-02,2.068168470896547539e-02,2.219859508346511134e-02,2.338631507656330211e-02,2.427350725220489558e-02,2.488653470299539983e-02,2.524583609232755599e-02,2.536416395539897728e-02,2.524583609232589065e-02,2.488653470299861947e-02,2.427350725220511762e-02,2.338631507656274700e-02,2.219859508346688770e-02,2.068168470896525335e-02,1.881138025102269129e-02,1.657934684970557848e-02,1.401021926791407024e-02,1.118322163864571284e-02,8.252199747038280186e-03,5.451138310518577335e-03,3.068995131400381604e-03,1.387372472623001063e-03,5.995483763879955186e-04,7.517096735991657397e-04,1.739900677752447000e-03,3.359839709564646504e-03,5.375867697338498896e-03,7.575243806912490552e-03,9.794530742766649478e-03,1.192286804962100488e-02,1.389300879750876572e-02,1.566890786240127120e-02,1.723451932430553057e-02,1.858536951313838337e-02,1.972289310587205247e-02,2.065096412539701998e-02,2.137399573347242843e-02,2.189609984258356068e-02,2.222093914179545937e-02,2.235201861545044189e-02,2.229323886249878761e-02,2.204957434793319848e-02,2.162776616914485750e-02,2.103692689900582558e-02,2.028896716918004994e-02
8.873464373464374777e-01,1.781044029643846782e-02,1.863148789009150263e-02,1.933537553577124868e-02,1.990928264553704086e-02,2.034268024489882531e-02,2.062725200692461236e-02,2.075662789089594007e-02,2.072597885481231028e-02,2.053153252700379294e-02,2.017008099795192244e-02,1.963855625165900065e-02,1.893376121675394153e-02,1.805236392695119818e-02,1.699129612751432150e-02,1.574874723578528757e-02,1.432600432261732504e-02,1.273043593179357114e-02,1.097989514301289660e-02,9.108612227579748755e-03,7.174081641507512597e-03,5.263338273419293500e-03,3.495397854242146551e-03,2.015195358431767780e-03,9.747953965167852064e-04,5.020251596839254982e-04,6.648597026463719251e-04,1.446867676919816326e-03,2.747217230655421560e-03,4.406468342485050926e-03,6.245507975206454621e-03,8.100538579818711282e-03,9.843482377017487295e-03,1.138693330231638212e-02,1.267879409339456309e-02,1.369264644758771965e-02,1.441805327451345375e-02,1.485278912951804031e-02,1.499751971386065197e-02,1.485278912951665253e-02,1.441805327451489704e-02,1.369264644758477756e-02,1.267879409339550678e-02,1.138693330231649314e-02,9.843482377018875074e-03,8.100538579817712082e-03,6.245507975204539486e-03,4.406468342486855039e-03,2.747217230654852571e-03,1.446867676920121637e-03,6.648597026478325622e-04,5.020251596835056951e-04,9.747953965162474421e-04,2.015195358431073891e-03,3.495397854240800406e-03,5.263338273420042901e-03,7.174081641508539553e-03,9.108612227579193643e-03,1.097989514301306313e-02,1.273043593179340460e-02,1.432600432261810219e-02,1.574874723578534308e-02,1.699129612751459906e-02,1.805236392695075409e-02,1.893376121675294232e-02,1.963855625165922270e-02,2.017008099795203346e-02,2.053153252700468112e-02,2.072597885481153313e-02,2.075662789089549598e-02,2.062725200692550054e-02,2.034268024489904736e-02,1.990928264553704086e-02,1.933537553577191481e-02,1.863148789009183570e-02,1.781044029643807924e-02
8.936936936936937803e-01,1.545146391449214729e-02,1.628349686215452286e-02,1.703158819835193238e-02,1.768324200216642161e-02,1.822758663312074034e-02,1.865550136035309947e-02,1.895958812768516744e-02,1.913400758063166229e-02,1.917421008333630716e-02,1.907660349965245583e-02,1.883820592911400471e-02,1.845633659142631444e-02,1.792840416819629912e-02,1.725186171381221101e-02,1.642441278376005620e-02,1.544457485374722827e-02,1.431272948380535315e-02,1.303280213663310372e-02,1.161469249443164431e-02,1.007747324278601697e-02,8.453127219438805184e-03,6.790139293134045406e-03,5.155613890790500253e-03,3.633963418776323118e-03,2.320124912393750627e-03,1.306415558927756515e-03,6.648317703957483393e-04,4.298727128871967368e-04,5.885301102543545604e-04,1.081963239264009669e-03,1.818248450583447029e-03,2.690818944053999240e-03,3.595868352432377013e-03,4.444200300018574801e-03,5.166485341209031690e-03,5.713422808880291859e-03,6.053192309975724550e-03,6.168297055216570568e-03,6.053192309974947394e-03,5.713422808878071413e-03,5.166485341208948423e-03,4.444200300018186223e-03,3.595868352433195803e-03,2.690818944053305350e-03,1.818248450583127840e-03,1.081963239265713167e-03,5.885301102547240565e-04,4.298727128863276403e-04,6.648317703962201841e-04,1.306415558927701004e-03,2.320124912393972672e-03,3.633963418777336196e-03,5.155613890790555764e-03,6.790139293133740095e-03,8.453127219439415807e-03,1.007747324278579493e-02,1.161469249443131124e-02,1.303280213663321474e-02,1.431272948380496457e-02,1.544457485374622907e-02,1.642441278376077785e-02,1.725186171381165590e-02,1.792840416819729832e-02,1.845633659142698058e-02,1.883820592911389369e-02,1.907660349965267788e-02,1.917421008333530796e-02,1.913400758063366069e-02,1.895958812768505641e-02,1.865550136035298845e-02,1.822758663312018523e-02,1.768324200216686570e-02,1.703158819835237647e-02,1.628349686215541103e-02,1.545146391449270240e-02
9.000409500409500829e-01,1.327336443203475103e-02,1.407409111745155927e-02,1.481713712965143648e-02,1.549118120814324540e-02,1.608591003557457988e-02,1.659223299934009521e-02,1.700238932167974504e-02,1.730994533755669806e-02,1.750969431315807512e-02,1.759747996299199091e-02,1.756997223329737068e-02,1.742442899951446300e-02,1.715848110990370046e-02,1.676998200807455763e-02,1.625696827342837381e-02,1.561778458433127348e-02,1.485143531522403748e-02,1.395823231102982787e-02,1.294080739511721534e-02,1.180553594581063015e-02,1.056435442666325830e-02,9.236825689057537314e-03,7.852094236746265388e-03,6.450096699388285781e-03,5.081141396605287630e-03,3.802935560581421903e-03,2.674562433432017827e-03,1.747911680599380235e-03,1.058388687241618165e-03,6.176656115397978486e-04,4.110130968045990624e-04,4.002079275158536981e-04,5.309332721187016296e-04,7.421701864447696750e-04,9.749891724472117827e-04,1.179123899894392313e-03,1.316963082779849803e-03,1.365484489920312794e-03,1.316963082778156713e-03,1.179123899894829464e-03,9.749891724466983045e-04,7.421701864460568399e-04,5.309332721173485453e-04,4.002079275163359512e-04,4.110130968038097632e-04,6.176656115392184510e-04,1.058388687242686754e-03,1.747911680599532891e-03,2.674562433430366371e-03,3.802935560582795804e-03,5.081141396604788030e-03,6.450096699388230270e-03,7.852094236745654765e-03,9.236825689057315270e-03,1.056435442666253666e-02,1.180553594581040810e-02,1.294080739511677125e-02,1.395823231102955031e-02,1.485143531522464810e-02,1.561778458433171757e-02,1.625696827342704154e-02,1.676998200807500172e-02,1.715848110990314535e-02,1.742442899951335278e-02,1.756997223329770375e-02,1.759747996299243500e-02,1.750969431315796410e-02,1.730994533755481068e-02,1.700238932168052219e-02,1.659223299933942908e-02,1.608591003557457988e-02,1.549118120814241273e-02,1.481713712965132546e-02,1.407409111745128172e-02,1.327336443203586125e-02
9.063882063882064966e-01,1.149008044944760387e-02,1.224520363967834813e-02,1.296186233395213439e-02,1.363018219465872427e-02,1.424082758039019181e-02,1.478523564990019690e-02,1.525578053358467301e-02,1.564585956830555347e-02,1.594990164767062790e-02,1.616330577878288821e-02,1.628232480228686274e-02,1.630391456559143748e-02,1.622557272194680156e-02,1.604519422722661126e-02,1.576097317749547422e-02,1.537138344909760868e-02,1.487527381779463198e-02,1.427211611342893427e-02,1.356244530822720007e-02,1.274852387376168572e-02,1.183524222027110273e-02,1.083122317638868237e-02,9.750022213761588841e-03,8.611204453303600292e-03,7.440951140856966184e-03,6.271750924596253274e-03,5.140748216864277076e-03,4.086542811010396292e-03,3.144691384603798268e-03,2.342740206192003849e-03,1.696051470963563790e-03,1.205677817822999043e-03,8.589911249758455658e-04,6.329079539320915659e-04,4.988016559095125729e-04,4.278826823047691963e-04,3.959972567223364603e-04,3.872175685334395406e-04,3.959972567221439060e-04,4.278826823030414117e-04,4.988016559106210612e-04,6.329079539324627968e-04,8.589911249766435386e-04,1.205677817823172515e-03,1.696051470964389518e-03,2.342740206191309960e-03,3.144691384604658690e-03,4.086542811010424048e-03,5.140748216863971765e-03,6.271750924595337340e-03,7.440951140856688628e-03,8.611204453304377449e-03,9.750022213761311285e-03,1.083122317638879339e-02,1.183524222027182438e-02,1.274852387376268492e-02,1.356244530822642291e-02,1.427211611342937836e-02,1.487527381779429891e-02,1.537138344909771970e-02,1.576097317749447502e-02,1.604519422722672228e-02,1.622557272194657951e-02,1.630391456559199259e-02,1.628232480228630763e-02,1.616330577878410946e-02,1.594990164767151608e-02,1.564585956830555347e-02,1.525578053358478403e-02,1.478523564990041894e-02,1.424082758039030283e-02,1.363018219465877978e-02,1.296186233395058007e-02,1.224520363967818160e-02,1.149008044944765938e-02
9.127354627354627992e-01,9.897735520795758468e-03,1.059256699025046267e-02,1.126308151623989229e-02,1.190098692249008661e-02,1.249820152977976218e-02,1.304706831137003586e-02,1.354052861950783004e-02,1.397224523685425268e-02,1.433666962794921673e-02,1.462905393925906239e-02,1.484541380783988007e-02,1.498245285515609204e-02,1.503746360226276835e-02,1.500822246097044399e-02,1.489289865610043950e-02,1.468999871664355972e-02,1.439836973206620740e-02,1.401728576486094280e-02,1.354664189261622909e-02,1.298727766397023142e-02,1.234144347915394624e-02,1.161340561649482073e-02,1.081015402609281084e-02,9.942129031987545495e-03,9.023821801084241923e-03,8.074042821342830578e-03,7.115621325235244043e-03,6.174336404079189267e-03,5.277021262695386072e-03,4.449023106271904338e-03,3.711476805553837188e-03,3.079038559548857856e-03,2.558706053823064930e-03,2.150089551855235981e-03,1.847086967462330254e-03,1.640528415273977136e-03,1.521138862785813284e-03,1.482162438267167759e-03,1.521138862785757773e-03,1.640528415273234675e-03,1.847086967461816776e-03,2.150089551855360881e-03,2.558706053822856763e-03,3.079038559549746035e-03,3.711476805554003722e-03,4.449023106272292916e-03,5.277021262695358317e-03,6.174336404078495377e-03,7.115621325234855465e-03,8.074042821342608534e-03,9.023821801083187211e-03,9.942129031986879362e-03,1.081015402609342146e-02,1.161340561649426562e-02,1.234144347915361317e-02,1.298727766397062000e-02,1.354664189261711726e-02,1.401728576486127587e-02,1.439836973206720661e-02,1.468999871664489199e-02,1.489289865610010644e-02,1.500822246096944479e-02,1.503746360226376755e-02,1.498245285515409364e-02,1.484541380784065723e-02,1.462905393925884034e-02,1.433666962794877264e-02,1.397224523685447473e-02,1.354052861950794107e-02,1.304706831136975831e-02,1.249820152978020626e-02,1.190098692249103030e-02,1.126308151623928167e-02,1.059256699025024062e-02,9.897735520796424602e-03
9.190827190827191018e-01,8.490252809420395508e-03,9.117882036211610863e-03,9.731244317287446322e-03,1.032356715126131474e-02,1.088808085715053942e-02,1.141819780286601471e-02,1.190767061105696412e-02,1.235072000614501064e-02,1.274212574876076864e-02,1.307727770668565270e-02,1.335218804675275539e-02,1.356346935402896747e-02,1.370828686741965008e-02,1.378429579870155131e-02,1.378957686376480751e-02,1.372258479199883752e-02,1.358212579547379839e-02,1.336738076527888008e-02,1.307799104980433835e-02,1.271422237241903730e-02,1.227721852498270261e-02,1.176934811648344681e-02,1.119463273010434801e-02,1.055922166666106721e-02,9.871847322272753189e-03,9.144160658338507108e-03,8.390819015532402503e-03,7.629196032732210586e-03,6.878624889094464567e-03,6.159181778922967476e-03,5.490153820271903573e-03,4.888471549342909839e-03,4.367458456618539264e-03,3.936208198896895549e-03,3.599740153667874143e-03,3.359859255824465540e-03,3.216441775586109664e-03,3.168756873535710783e-03,3.216441775585998641e-03,3.359859255825603519e-03,3.599740153667929654e-03,3.936208198897422905e-03,4.367458456618567020e-03,4.888471549341577571e-03,5.490153820272403173e-03,6.159181778923300543e-03,6.878624889093187811e-03,7.629196032733043253e-03,8.390819015531958414e-03,9.144160658338451597e-03,9.871847322272309100e-03,1.055922166666101170e-02,1.119463273010429250e-02,1.176934811648394641e-02,1.227721852498286914e-02,1.271422237241759401e-02,1.307799104980356120e-02,1.336738076527910213e-02,1.358212579547513066e-02,1.372258479199717218e-02,1.378957686376403036e-02,1.378429579870199539e-02,1.370828686742053826e-02,1.356346935402885645e-02,1.335218804675186721e-02,1.307727770668565270e-02,1.274212574876076864e-02,1.235072000614600984e-02,1.190767061105629798e-02,1.141819780286612573e-02,1.088808085715059493e-02,1.032356715126114821e-02,9.731244317286724677e-03,9.117882036211444330e-03,8.490252809419784885e-03
9.254299754299755154e-01,7.237324478519269189e-03,7.794882153780435807e-03,8.345099276632406138e-03,8.882568997133244437e-03,9.401768904509943958e-03,9.897203145142252634e-03,1.036353517956262182e-02,1.079570381535027712e-02,1.118901643207076413e-02,1.153921538148328096e-02,1.184251610927167242e-02,1.209561829534999688e-02,1.229569397490914984e-02,1.244035898378814675e-02,1.252763606408413555e-02,1.255591954461598991e-02,1.252395269257144950e-02,1.243082961042629719e-02,1.227603381213626665e-02,1.205952504154739202e-02,1.178188389908341183e-02,1.144451951034164416e-02,1.104993766774237107e-02,1.060205456417312453e-02,1.010652413904417068e-02,9.571026694744799723e-03,9.005447298366997533e-03,8.421862561391102453e-03,7.834263979266731237e-03,7.257983596544004268e-03,6.708853424903904461e-03,6.202209516142476176e-03,5.751916413293867159e-03,5.369605445445402303e-03,5.064272230775934691e-03,4.842274118726563881e-03,4.707644282670703229e-03,4.662543956832382319e-03,4.707644282671535896e-03,4.842274118726647147e-03,5.064272230777072670e-03,5.369605445444958214e-03,5.751916413294366759e-03,6.202209516142531687e-03,6.708853424903904461e-03,7.257983596544559379e-03,7.834263979266897771e-03,8.421862561390769386e-03,9.005447298365942821e-03,9.571026694743689500e-03,1.010652413904372660e-02,1.060205456417334657e-02,1.104993766774126085e-02,1.144451951034208825e-02,1.178188389908296774e-02,1.205952504154694793e-02,1.227603381213548950e-02,1.243082961042629719e-02,1.252395269257133847e-02,1.255591954461621196e-02,1.252763606408491270e-02,1.244035898378903493e-02,1.229569397490792859e-02,1.209561829534977484e-02,1.184251610927078424e-02,1.153921538148339199e-02,1.118901643207170782e-02,1.079570381535099877e-02,1.036353517956278836e-02,9.897203145140587299e-03,9.401768904509999469e-03,8.882568997133022393e-03,8.345099276632017560e-03,7.794882153781101941e-03,7.237324478519657767e-03
9.317772317772319290e-01,6.159300329067085578e-03,6.649880108463401829e-03,7.137662432975533378e-03,7.618387529657044688e-03,8.087622436131647330e-03,8.540870563271851790e-03,8.973678192445544433e-03,9.381732579440138498e-03,9.760946749091281571e-03,1.010752712737117420e-02,1.041802170860978149e-02,1.068934830130885416e-02,1.091880434175884762e-02,1.110406164226418468e-02,1.124315112884066714e-02,1.133444405144379274e-02,1.137663728481075331e-02,1.136875115196889219e-02,1.131014862651280595e-02,1.120058463821871353e-02,1.104029320360244704e-02,1.083011773103736974e-02,1.057168545832920525e-02,1.026761990738644936e-02,9.921775133601706820e-03,9.539462891495542607e-03,9.127630608274650559e-03,8.694938196127544039e-03,8.251680897240709633e-03,7.809519285112975773e-03,7.381008908095787469e-03,6.978966768180994151e-03,6.615757302138258744e-03,6.302608647195950820e-03,6.049065178267698517e-03,5.862641270663715432e-03,5.748677598615192785e-03,5.710340962577220569e-03,5.748677598614693185e-03,5.862641270663826454e-03,6.049065178267420961e-03,6.302608647195062641e-03,6.615757302138480789e-03,6.978966768181438241e-03,7.381008908095509913e-03,7.809519285112920262e-03,8.251680897241153723e-03,8.694938196127544039e-03,9.127630608273207269e-03,9.539462891492767049e-03,9.921775133601429264e-03,1.026761990738644936e-02,1.057168545832898321e-02,1.083011773103670361e-02,1.104029320360266908e-02,1.120058463821860251e-02,1.131014862651391617e-02,1.136875115196889219e-02,1.137663728481008718e-02,1.133444405144479195e-02,1.124315112884044510e-02,1.110406164226485082e-02,1.091880434175851455e-02,1.068934830130841007e-02,1.041802170861111376e-02,1.010752712737050807e-02,9.760946749090670949e-03,9.381732579439361341e-03,8.973678192445322388e-03,8.540870563272073834e-03,8.087622436130592618e-03,7.618387529656989177e-03,7.137662432975533378e-03,6.649880108464067963e-03,6.159300329067141089e-03
9.381244881244882317e-01,5.269823998952538613e-03,5.701149408301464661e-03,6.132522119030481278e-03,6.560594642982087166e-03,6.981824975091588392e-03,7.392560487801347335e-03,7.789121765921058760e-03,8.167882743351451147e-03,8.525343455325851139e-03,8.858192180484725231e-03,9.163354625046304935e-03,9.438028980966628456e-03,9.679707042744678525e-03,9.886182969047752067e-03,1.005555262069968148e-02,1.018620761869026836e-02,1.027682929233131315e-02,1.032638848725930814e-02,1.033415771924539595e-02,1.029974228817498449e-02,1.022313651815132118e-02,1.010480996596541114e-02,9.945825836338517689e-03,9.747989514564792124e-03,9.514018755732545074e-03,9.247718750798272769e-03,8.954135925185291445e-03,8.639655978529336977e-03,8.312007610525418144e-03,7.980137413558685555e-03,7.653936338347155921e-03,7.343823523547565735e-03,7.060223784653041346e-03,6.813000891411513660e-03,6.610919273803750329e-03,6.461196125908730270e-03,6.369177413783622121e-03,6.338137396256326994e-03,6.369177413784288255e-03,6.461196125908341692e-03,6.610919273803805840e-03,6.813000891410403437e-03,7.060223784652097656e-03,7.343823523547621246e-03,7.653936338345934676e-03,7.980137413557741866e-03,8.312007610524807522e-03,8.639655978529114932e-03,8.954135925185180422e-03,9.247718750798494813e-03,9.514018755734210409e-03,9.747989514565458258e-03,9.945825836337851555e-03,1.010480996596552217e-02,1.022313651815076607e-02,1.029974228817376325e-02,1.033415771924650617e-02,1.032638848725975222e-02,1.027682929233186826e-02,1.018620761869148961e-02,1.005555262070001454e-02,9.886182969048307179e-03,9.679707042744567502e-03,9.438028980966406412e-03,9.163354625045472268e-03,8.858192180484947276e-03,8.525343455325573583e-03,8.167882743350896035e-03,7.789121765920892226e-03,7.392560487800847735e-03,6.981824975092199015e-03,6.560594642981865121e-03,6.132522119030203722e-03,5.701149408301076082e-03,5.269823998952816169e-03
9.444717444717445343e-01,4.470371956316498974e-03,4.844723794222183244e-03,5.220815212427454277e-03,5.596051070683560891e-03,5.967642929239791449e-03,6.332672646282677675e-03,6.688157084887846882e-03,7.031111610806939360e-03,7.358609789761272335e-03,7.667836807520977960e-03,7.956134583511798031e-03,8.221037260510266620e-03,8.460296648560072796e-03,8.671898195736826853e-03,8.854069072643522276e-03,9.005280924912706375e-03,9.124250716100013037e-03,9.209943807965692564e-03,9.261583956762908798e-03,9.278675167635697107e-03,9.261040220387317667e-03,9.208879965345251328e-03,9.122855920796757445e-03,9.004195972537876180e-03,8.854818815058784764e-03,8.677467128137994479e-03,8.475832753523426799e-03,8.254650438795418932e-03,8.019732002881030386e-03,7.777912604647219119e-03,7.536887522166746400e-03,7.304932332122038297e-03,7.090519660031158189e-03,6.901866622997798739e-03,6.746461838538664324e-03,6.630623939320789972e-03,6.559134060762639162e-03,6.534967618438525250e-03,6.559134060761639962e-03,6.630623939320012816e-03,6.746461838539163924e-03,6.901866622997909761e-03,7.090519660030381033e-03,7.304932332120983585e-03,7.536887522166635378e-03,7.777912604646552985e-03,8.019732002881641009e-03,8.254650438794808309e-03,8.475832753521927998e-03,8.677467128136995278e-03,8.854818815057896586e-03,9.004195972538764359e-03,9.122855920796535401e-03,9.208879965345362351e-03,9.261040220386540511e-03,9.278675167635030974e-03,9.261583956762686753e-03,9.209943807966025631e-03,9.124250716099679970e-03,9.005280924912706375e-03,8.854069072644410454e-03,8.671898195737548498e-03,8.460296648559850752e-03,8.221037260510100086e-03,7.956134583511909053e-03,7.667836807521422049e-03,7.358609789762493580e-03,7.031111610807661005e-03,6.688157084888679549e-03,6.332672646283399320e-03,5.967642929240624117e-03,5.596051070684060491e-03,5.220815212426455076e-03,4.844723794221683644e-03,4.470371956316776529e-03
9.508190008190009479e-01,3.770655359252583771e-03,4.092626598077853117e-03,4.417220776847974317e-03,4.742443729747969350e-03,5.066121161532100015e-03,5.385946907405791961e-03,5.699532483851244002e-03,6.004456575982197730e-03,6.298312739166256335e-03,6.578753522437974510e-03,6.843529409577220335e-03,7.090521378110337114e-03,7.317766446683637849e-03,7.523476261851735902e-03,7.706049510638746103e-03,7.864079683964297907e-03,7.996360414019076934e-03,8.101891225891777459e-03,8.179887037845001707e-03,8.229795058342870284e-03,8.251322773483393824e-03,8.244480362570305587e-03,8.209639936682111561e-03,8.147612238903478854e-03,8.059738658165005454e-03,7.947992482490229271e-03,7.815078410431275380e-03,7.664514064318117548e-03,7.500672810869357665e-03,7.328765336055365065e-03,7.154740021769134817e-03,6.985090460976561832e-03,6.826572044946799256e-03,6.685845885495034224e-03,6.569083048713730832e-03,6.481570692808469314e-03,6.427361798879538402e-03,6.409002747802039490e-03,6.427361798878428178e-03,6.481570692807914202e-03,6.569083048714174922e-03,6.685845885494534624e-03,6.826572044945578011e-03,6.985090460976672855e-03,7.154740021768191127e-03,7.328765336054143820e-03,7.500672810868969087e-03,7.664514064317895503e-03,7.815078410431386402e-03,7.947992482489452115e-03,8.059738658164228298e-03,8.147612238903811921e-03,8.209639936680890315e-03,8.244480362570305587e-03,8.251322773483726891e-03,8.229795058344202552e-03,8.179887037843447395e-03,8.101891225892554615e-03,7.996360414018632845e-03,7.864079683964075862e-03,7.706049510640300415e-03,7.523476261852346525e-03,7.317766446683082737e-03,7.090521378110226092e-03,6.843529409576554201e-03,6.578753522437141843e-03,6.298312739165812246e-03,6.004456575981642619e-03,5.699532483850744402e-03,5.385946907405236850e-03,5.066121161531378370e-03,4.742443729748191394e-03,4.417220776848473918e-03,4.092626598078408229e-03,3.770655359252556016e-03
9.571662571662572505e-01,3.211836729746453400e-03,3.490781813248633458e-03,3.772740819462605533e-03,4.056169465589509748e-03,4.339359406742904213e-03,4.620475704761040081e-03,4.897595318292147226e-03,5.168745929097773306e-03,5.431944015932665959e-03,5.685230923196282760e-03,5.926705711555679823e-03,6.154553791489436598e-03,6.367070695637966349e-03,6.562680805399623285e-03,6.739951373116837008e-03,6.897602736160024506e-03,7.034516168244631107e-03,7.149741323665970150e-03,7.242505666444021273e-03,7.312228593950753641e-03,7.358543097719549841e-03,7.381327655800462573e-03,7.380750484675568934e-03,7.357327122597179248e-03,7.311990390774458781e-03,7.246168959570198354e-03,7.161867071424077302e-03,7.061733780990564480e-03,6.949106137445093534e-03,6.828008282849074018e-03,6.703088966527270820e-03,6.579484747273600664e-03,6.462605515473618389e-03,6.357851726110086421e-03,6.270286116426881939e-03,6.204293138758643078e-03,6.163263991295075961e-03,6.149343054393574537e-03,6.163263991294964939e-03,6.204293138758920634e-03,6.270286116426493361e-03,6.357851726109586821e-03,6.462605515473396345e-03,6.579484747273600664e-03,6.703088966527881443e-03,6.828008282849185040e-03,6.949106137445149045e-03,7.061733780990786524e-03,7.161867071423522191e-03,7.246168959569865287e-03,7.311990390773792647e-03,7.357327122596402091e-03,7.380750484675679957e-03,7.381327655799352350e-03,7.358543097719438819e-03,7.312228593951086708e-03,7.242505666443799228e-03,7.149741323666303217e-03,7.034516168244575596e-03,6.897602736159524905e-03,6.739951373117503142e-03,6.562680805400233908e-03,6.367070695637577771e-03,6.154553791488881487e-03,5.926705711556179423e-03,5.685230923197059916e-03,5.431944015932499426e-03,5.168745929098605973e-03,4.897595318291980693e-03,4.620475704760984570e-03,4.339359406742626657e-03,4.056169465589676282e-03,3.772740819461772865e-03,3.490781813249632659e-03,3.211836729746037067e-03
9.635135135135135531e-01,2.723251367401841039e-03,2.963360208241144766e-03,3.206536249561714458e-03,3.451590889023303799e-03,3.697189499993980277e-03,3.941880920087958984e-03,4.184127502813217436e-03,4.422335519335629517e-03,4.654885287643073521e-03,4.880160198159400053e-03,5.096573760936196074e-03,5.302593894839391364e-03,5.496763890444400502e-03,5.677719781226497897e-03,5.844204226162330595e-03,5.995077414547356209e-03,6.129325925003759057e-03,6.246070879573017987e-03,6.344577102870618823e-03,6.424265290343567081e-03,6.484729359488294875e-03,6.525761130199758675e-03,6.547384152770452381e-03,6.549897740532051316e-03,6.533930920541664022e-03,6.500503966136217393e-03,6.451092395184598871e-03,6.387684988547914777e-03,6.312824004421846436e-03,6.229613216068963233e-03,6.141678863257227228e-03,6.053071260928133412e-03,5.968101316079277296e-03,5.891116156489517586e-03,5.826229720607867257e-03,5.777034725491458911e-03,5.746329066194488799e-03,5.735890580416236340e-03,5.746329066194433288e-03,5.777034725491903000e-03,5.826229720607423168e-03,5.891116156489795141e-03,5.968101316079610363e-03,6.053071260928410968e-03,6.141678863257282739e-03,6.229613216069795900e-03,6.312824004421402346e-03,6.387684988548247844e-03,6.451092395184598871e-03,6.500503966135884326e-03,6.533930920541553000e-03,6.549897740531052115e-03,6.547384152770785448e-03,6.525761130199314586e-03,6.484729359489183054e-03,6.424265290344122192e-03,6.344577102869841667e-03,6.246070879573017987e-03,6.129325925003092923e-03,5.995077414547522743e-03,5.844204226162497129e-03,5.677719781226442386e-03,5.496763890443401301e-03,5.302593894839668920e-03,5.096573760935696473e-03,4.880160198159677609e-03,4.654885287643295566e-03,4.422335519335629517e-03,4.184127502813050903e-03,3.941880920087736939e-03,3.697189499993480677e-03,3.451590889023081754e-03,3.206536249561825480e-03,2.963360208241061500e-03,2.723251367402063083e-03
9.698607698607699668e-01,2.294356748492876186e-03,2.499455825104329731e-03,2.707463467590570660e-03,2.917472150563038547e-03,3.128446438997622980e-03,3.339246555300712238e-03,3.548652012072439632e-03,3.755385427183843827e-03,3.958136234575082568e-03,4.155583778430393949e-03,4.346419189228067914e-03,4.529365463249002133e-03,4.703195284591177305e-03,4.866746322972681504e-03,5.018933994181462577e-03,5.158761964404623424e-03,5.285330996608383902e-03,5.397847057474425281e-03,5.495629906242249785e-03,5.578123645460453250e-03,5.644910890556575911e-03,5.695732255350083317e-03,5.730512675037768844e-03,5.749395592054229454e-03,5.752785089964129739e-03,5.741394560479506914e-03,5.716298372383299409e-03,5.678980363115593288e-03,5.631370116674860871e-03,5.575855561228137969e-03,5.515259349711698622e-03,5.452767826281013086e-03,5.391805917885961197e-03,5.335859061895042998e-03,5.288253210516680181e-03,5.251913890921389161e-03,5.229132606678510431e-03,5.221371341395331100e-03,5.229132606677844297e-03,5.251913890922388362e-03,5.288253210517235292e-03,5.335859061894543398e-03,5.391805917885961197e-03,5.452767826280069396e-03,5.515259349711254533e-03,5.575855561227249790e-03,5.631370116675138426e-03,5.678980363115426755e-03,5.716298372382633275e-03,5.741394560478729758e-03,5.752785089963574627e-03,5.749395592053230253e-03,5.730512675038546000e-03,5.695732255349639228e-03,5.644910890557408578e-03,5.578123645459953650e-03,5.495629906243137963e-03,5.397847057475257948e-03,5.285330996608439413e-03,5.158761964405067513e-03,5.018933994182295244e-03,4.866746322973680705e-03,4.703195284591010772e-03,4.529365463248669066e-03,4.346419189227623825e-03,4.155583778430782527e-03,3.958136234574582968e-03,3.755385427184232405e-03,3.548652012071940032e-03,3.339246555300379171e-03,3.128446438997289913e-03,2.917472150563649169e-03,2.707463467591070261e-03,2.499455825104635043e-03,2.294356748492210052e-03
9.762080262080263804e-01,1.956604020692254142e-03,2.133777566171723983e-03,2.313630158443630291e-03,2.495462006933291121e-03,2.678460364007873018e-03,2.861719054847056132e-03,3.044257604115863103e-03,3.225040310074367422e-03,3.402995216601589767e-03,3.577032699774496116e-03,3.746063271414745710e-03,3.909014182149339600e-03,4.064844464769845622e-03,4.212558181499070908e-03,4.351215813552522516e-03,4.479943945176367848e-03,4.597943634133627722e-03,4.704498112408972421e-03,4.798980709160405311e-03,4.880864112348171080e-03,4.949732257556016535e-03,5.005296209499854321e-03,5.047415321842108060e-03,5.076124639031620589e-03,5.091668835648710534e-03,5.094541866227153548e-03,5.085529848638081774e-03,5.065752551502156198e-03,5.036696407564267286e-03,5.000229699867686506e-03,4.958589218816533695e-03,4.914328199556894372e-03,4.870218551408123098e-03,4.829106588489839869e-03,4.793730033067433727e-03,4.766513294864771488e-03,4.749365515610781685e-03,4.743509250881072781e-03,4.749365515610448618e-03,4.766513294864660466e-03,4.793730033067489238e-03,4.829106588488896179e-03,4.870218551407623497e-03,4.914328199557116417e-03,4.958589218817421873e-03,5.000229699867964062e-03,5.036696407564600353e-03,5.065752551501878642e-03,5.085529848639247508e-03,5.094541866226265370e-03,5.091668835648377467e-03,5.076124639031120989e-03,5.047415321842163571e-03,5.005296209500853521e-03,4.949732257555905512e-03,4.880864112348337613e-03,4.798980709160349800e-03,4.704498112409527533e-03,4.597943634132795054e-03,4.479943945175757225e-03,4.351215813552744560e-03,4.212558181499681531e-03,4.064844464769901133e-03,3.909014182149728178e-03,3.746063271414579177e-03,3.577032699774218560e-03,3.402995216601256701e-03,3.225040310075311112e-03,3.044257604116362703e-03,2.861719054846389998e-03,2.678460364007761996e-03,2.495462006932736010e-03,2.313630158444046625e-03,2.133777566172057050e-03,1.956604020691893320e-03
9.825552825552826830e-01,1.655526591655354096e-03,1.807295426868138488e-03,1.961442307705507648e-03,2.117433693247905424e-03,2.274637091165959690e-03,2.432337524138739049e-03,2.589753178688092294e-03,2.746050754045659126e-03,2.900360632459186849e-03,3.051791757214206147e-03,3.199445977861981039e-03,3.342431576748516875e-03,3.479875710739821493e-03,3.610935575926177421e-03,3.734808221356411551e-03,3.850739091334542952e-03,3.958029555438558056e-03,4.056043881247528571e-03,4.144216305561387870e-03,4.222059050841331374e-03,4.289172293130139035e-03,4.345257183192674511e-03,4.390133005371055219e-03,4.423759359601764363e-03,4.446263782545312182e-03,4.457974385105534232e-03,4.459455794035560583e-03,4.451544929820028251e-03,4.435381055834852759e-03,4.412422437984786505e-03,4.384440467689654231e-03,4.353482047362022822e-03,4.321793247432648144e-03,4.291702189558266323e-03,4.265466485185831491e-03,4.245099033384935883e-03,4.232193373101267309e-03,4.227773698389003521e-03,4.232193373101489353e-03,4.245099033385435483e-03,4.265466485186608647e-03,4.291702189558710412e-03,4.321793247433647345e-03,4.353482047361911800e-03,4.384440467689432186e-03,4.412422437983676282e-03,4.435381055835740938e-03,4.451544929820139274e-03,4.459455794035338538e-03,4.457974385104312987e-03,4.446263782544646048e-03,4.423759359602652541e-03,4.390133005371443797e-03,4.345257183192785533e-03,4.289172293129972502e-03,4.222059050842164041e-03,4.144216305562165026e-03,4.056043881248194705e-03,3.958029555437614366e-03,3.850739091334487441e-03,3.734808221356300528e-03,3.610935575925178220e-03,3.479875710738544736e-03,3.342431576748516875e-03,3.199445977861259394e-03,3.051791757214150635e-03,2.900360632459741961e-03,2.746050754045881170e-03,2.589753178688702917e-03,2.432337524138294960e-03,2.274637091165793157e-03,2.117433693248099713e-03,1.961442307705146826e-03,1.807295426867888688e-03,1.655526591655076540e-03
9.889025389025389856e-01,1.384645486308316853e-03,1.513120344502211223e-03,1.643636596870556854e-03,1.775794369551414453e-03,1.909107895004868993e-03,2.043019578219562593e-03,2.176912904725547548e-03,2.310124823581505282e-03,2.441957847253595215e-03,2.571691877868764742e-03,2.698595637838085981e-03,2.821937522886452943e-03,2.940995690961401010e-03,3.055067240947340057e-03,3.163476413087784600e-03,3.265581851646714995e-03,3.360783103465547761e-03,3.448526676842089689e-03,3.528312145814949119e-03,3.599698945070173295e-03,3.662314644365227689e-03,3.715865594259570859e-03,3.760150858781563521e-03,3.795080239872850036e-03,3.820696877713747330e-03,3.837204291015472446e-03,3.844996716897419731e-03,3.844690178734289088e-03,3.837149914951432095e-03,3.823507886469346140e-03,3.805162532591277458e-03,3.783752486416158689e-03,3.761097401327462286e-03,3.739102963944473945e-03,3.719633519239318176e-03,3.704363486853490262e-03,3.694625941147167136e-03,3.691280982222433504e-03,3.694625941146667536e-03,3.704363486853323728e-03,3.719633519239706754e-03,3.739102963944251901e-03,3.761097401327739842e-03,3.783752486416547267e-03,3.805162532591832569e-03,3.823507886470567385e-03,3.837149914950821472e-03,3.844690178733511932e-03,3.844996716898252398e-03,3.837204291015139379e-03,3.820696877714413464e-03,3.795080239872627992e-03,3.760150858781174943e-03,3.715865594259182281e-03,3.662314644364617067e-03,3.599698945069507161e-03,3.528312145814727074e-03,3.448526676841312533e-03,3.360783103465769805e-03,3.265581851645715794e-03,3.163476413087784600e-03,3.055067240947617613e-03,2.940995690960568343e-03,2.821937522886286409e-03,2.698595637837808425e-03,2.571691877868320653e-03,2.441957847252929081e-03,2.310124823581616305e-03,2.176912904725769593e-03,2.043019578218840948e-03,1.909107895004730215e-03,1.775794369551608742e-03,1.643636596869835209e-03,1.513120344502794090e-03,1.384645486308927476e-03
9.952497952497953992e-01,1.156392686100099487e-03,1.264992262491299035e-03,1.375312307354409347e-03,1.487056112124296448e-03,1.599852187395639502e-03,1.713266542540975435e-03,1.826813532099402781e-03,1.939965985376268520e-03,2.052164945992973610e-03,2.162829118458831079e-03,2.271363985780594508e-03,2.377170494181457538e-03,2.479653181000851525e-03,2.578227640282204636e-03,2.672327270486718476e-03,2.761409325431896100e-03,2.844960388290351805e-03,2.922501505018992862e-03,2.993593342622336007e-03,3.057841872229405400e-03,3.114905205779450181e-03,3.164502320085527121e-03,3.206424453486733661e-03,3.240549913169410434e-03,3.266862821417970686e-03,3.285475875178855976e-03,3.296656409058129622e-03,3.300853874736164872e-03,3.298725295117821421e-03,3.291153484731412782e-03,3.279251238428204651e-03,3.264343914868295116e-03,3.247923669149554993e-03,3.231571695827106794e-03,3.216850380420022137e-03,3.205174458036419427e-03,3.197677360296802274e-03,3.195093514876512497e-03,3.197677360297135341e-03,3.205174458035642271e-03,3.216850380420077649e-03,3.231571695827273327e-03,3.247923669148777837e-03,3.264343914869016761e-03,3.279251238428537718e-03,3.291153484732245449e-03,3.298725295117099776e-03,3.300853874735942828e-03,3.296656409057685533e-03,3.285475875178633931e-03,3.266862821417249041e-03,3.240549913169243901e-03,3.206424453487011217e-03,3.164502320086082232e-03,3.114905205779949782e-03,3.057841872228794777e-03,2.993593342622502540e-03,2.922501505018826329e-03,2.844960388290740383e-03,2.761409325431285477e-03,2.672327270486885009e-03,2.578227640282482191e-03,2.479653181001406637e-03,2.377170494181457538e-03,2.271363985780927575e-03,2.162829118458442501e-03,2.052164945993528722e-03,1.939965985375546875e-03,1.826813532098847670e-03,1.713266542540753390e-03,1.599852187395944814e-03,1.487056112124018892e-03,1.375312307354215058e-03,1.264992262490965969e-03,1.156392686100682354e-03
1.001597051597051813e+00,9.587570929223132588e-04,1.049903137823160471e-03,1.142467029453447802e-03,1.236233014209386916e-03,1.330920358865839148e-03,1.426194221229165615e-03,1.521674878146833665e-03,1.616946084140924444e-03,1.711562945114430967e-03,1.805059465240232974e-03,1.896955792916932282e-03,1.986765119777911259e-03,2.074000157448685489e-03,2.158179120353431735e-03,2.238831173254962614e-03,2.315501355591442767e-03,2.387755067567554068e-03,2.455182292994073645e-03,2.517401837493660199e-03,2.574065973890760084e-03,2.624866001584735820e-03,2.669539330706016678e-03,2.707878772348348839e-03,2.739744716868663943e-03,2.765080758989124643e-03,2.783933007326933051e-03,2.796472710796027439e-03,2.803020867284455875e-03,2.804072127122692049e-03,2.800313663447795420e-03,2.792633056994731078e-03,2.782108194174626181e-03,2.769972475415327651e-03,2.757551035930505545e-03,2.746168539488169635e-03,2.737035890686301265e-03,2.731130298547823632e-03,2.729088098804011153e-03,2.731130298547823632e-03,2.737035890687411488e-03,2.746168539487947591e-03,2.757551035931005146e-03,2.769972475415605206e-03,2.782108194175125782e-03,2.792633056994564544e-03,2.800313663447739909e-03,2.804072127122914093e-03,2.803020867284566897e-03,2.796472710795805394e-03,2.783933007327765718e-03,2.765080758988291976e-03,2.739744716869607633e-03,2.707878772348071283e-03,2.669539330706460767e-03,2.624866001585346442e-03,2.574065973891981329e-03,2.517401837492716510e-03,2.455182292992241777e-03,2.387755067567554068e-03,2.315501355590776633e-03,2.238831173255906304e-03,2.158179120352488045e-03,2.074000157448352422e-03,1.986765119776967570e-03,1.896955792916377170e-03,1.805059465239566840e-03,1.711562945114708523e-03,1.616946084140979956e-03,1.521674878146528354e-03,1.426194221229304393e-03,1.330920358865866904e-03,1.236233014209192627e-03,1.142467029453003713e-03,1.049903137822799648e-03,9.587570929226185701e-04
1.007944307944308004e+00,7.935650959619566791e-04,8.699545228291472032e-04,9.474937756839829639e-04,1.026029229099278961e-03,1.105350551497380485e-03,1.185200496702343287e-03,1.265282892460806163e-03,1.345269640352447782e-03,1.424807151173101971e-03,1.503522415965852232e-03,1.581028782050297732e-03,1.656931429856456361e-03,1.730832511394886364e-03,1.802335905020657769e-03,1.871051558049174890e-03,1.936599425267082619e-03,1.998613065385901333e-03,2.056743027180674144e-03,2.110660240997541681e-03,2.160059727157659371e-03,2.204665036054320737e-03,2.244233936821382613e-03,2.278565955877442928e-03,2.307512404982281495e-03,2.330989484718326565e-03,2.348994837196471952e-03,2.361627465002513748e-03,2.369110142004804409e-03,2.371812256099115057e-03,2.370269482040721076e-03,2.365195007558329454e-03,2.357475718088919425e-03,2.348146543445117640e-03,2.338337939946366628e-03,2.329195779204706884e-03,2.321779461626483076e-03,2.316951381834297941e-03,2.315276429027068872e-03,2.316951381834853052e-03,2.321779461626094498e-03,2.329195779204928929e-03,2.338337939945867028e-03,2.348146543444562528e-03,2.357475718089918626e-03,2.365195007559162121e-03,2.370269482039610853e-03,2.371812256100169769e-03,2.369110142004970943e-03,2.361627465001014947e-03,2.348994837196805019e-03,2.330989484717660432e-03,2.307512404981226783e-03,2.278565955878886218e-03,2.244233936820771991e-03,2.204665036054709315e-03,2.160059727157048748e-03,2.110660240996986570e-03,2.056743027180507610e-03,1.998613065386289911e-03,1.936599425266916086e-03,1.871051558049063868e-03,1.802335905020546747e-03,1.730832511393443074e-03,1.656931429856012272e-03,1.581028782050630799e-03,1.503522415966018766e-03,1.424807151174434239e-03,1.345269640352669827e-03,1.265282892461111475e-03,1.185200496702454309e-03,1.105350551497852329e-03,1.026029229099750806e-03,9.474937756834000968e-04,8.699545228285088250e-04,7.935650959615681010e-04
1.014291564291564418e+00,6.530211873691238456e-04,7.167041202532642430e-04,7.813027227986379941e-04,8.467115224776999849e-04,9.127755157621875171e-04,9.792990782828969731e-04,1.046052960092913597e-03,1.112780207491531614e-03,1.179201460669188073e-03,1.245019854888562705e-03,1.309925624236762953e-03,1.373600433193233883e-03,1.435721423078739623e-03,1.495964947781980303e-03,1.554009980408388447e-03,1.609541196742003688e-03,1.662251780833845505e-03,1.711846051971555038e-03,1.758042080304278443e-03,1.800574539692234577e-03,1.839198139396702736e-03,1.873692075607447105e-03,1.903866038944601602e-03,1.929568383265911624e-03,1.950697066931628143e-03,1.967213860725958163e-03,1.979161992808897708e-03,1.986686768846168683e-03,1.990057672784317777e-03,1.989688997231731094e-03,1.986154312666243982e-03,1.980188476713273804e-03,1.972670155376110568e-03,1.964578946794970360e-03,1.956924973109452903e-03,1.950655258802391767e-03,1.946549008736642161e-03,1.945120341271866504e-03,1.946549008736753184e-03,1.950655258802946879e-03,1.956924973109175347e-03,1.964578946795025871e-03,1.972670155375944034e-03,1.980188476713884427e-03,1.986154312666132959e-03,1.989688997231064960e-03,1.990057672783374088e-03,1.986686768845447038e-03,1.979161992809119752e-03,1.967213860726069186e-03,1.950697066931017520e-03,1.929568383265634068e-03,1.903866038943935468e-03,1.873692075607724661e-03,1.839198139396980292e-03,1.800574539692012532e-03,1.758042080303778842e-03,1.711846051972776284e-03,1.662251780833623460e-03,1.609541196741393065e-03,1.554009980408721514e-03,1.495964947782035814e-03,1.435721423079461267e-03,1.373600433192845305e-03,1.309925624236707442e-03,1.245019854888895772e-03,1.179201460669354606e-03,1.112780207491059770e-03,1.046052960092941353e-03,9.792990782841182185e-04,9.127755157619377169e-04,8.467115224776444737e-04,7.813027227981661493e-04,7.167041202531532207e-04,6.530211873691516011e-04
1.020638820638820832e+00,5.307334063943125457e-04,5.832001485714943811e-04,6.363779049948781186e-04,6.901986554943839725e-04,7.445513585991325733e-04,7.992900701861427315e-04,8.542400897099400314e-04,9.092029858492056693e-04,9.639609619134514862e-04,1.018280803846416394e-03,1.071917528293386823e-03,1.124617775667524633e-03,1.176122953535752025e-03,1.226172118828028346e-03,1.274504587716718262e-03,1.320862276918910450e-03,1.364991808180893162e-03,1.406646448680715089e-03,1.445588014479137762e-03,1.481588932569444239e-03,1.514434739898928850e-03,1.543927393282296112e-03,1.569889866459450722e-03,1.592172605375363759e-03,1.610662471207946478e-03,1.625294772088781148e-03,1.636068789065581175e-03,1.643066729993092334e-03,1.646475173235018019e-03,1.646606703248121306e-03,1.643917637213110350e-03,1.639015813668709409e-03,1.632651078577795900e-03,1.625681457864458501e-03,1.619011181464125038e-03,1.613503160488527488e-03,1.609877110296475955e-03,1.608612307826884358e-03,1.609877110296253910e-03,1.613503160488527488e-03,1.619011181464014015e-03,1.625681457864680546e-03,1.632651078577629367e-03,1.639015813668598387e-03,1.643917637213276883e-03,1.646606703249064996e-03,1.646475173234962508e-03,1.643066729993425401e-03,1.636068789065914242e-03,1.625294772088115014e-03,1.610662471208224034e-03,1.592172605375696826e-03,1.569889866459339700e-03,1.543927393281741001e-03,1.514434739899539473e-03,1.481588932569721795e-03,1.445588014479137762e-03,1.406646448681103667e-03,1.364991808181004185e-03,1.320862276918965961e-03,1.274504587716440707e-03,1.226172118827695279e-03,1.176122953535752025e-03,1.124617775666525432e-03,1.071917528293608868e-03,1.018280803846138838e-03,9.639609619136735308e-04,9.092029858494832251e-04,8.542400897098012535e-04,7.992900701862537538e-04,7.445513585996876849e-04,6.901986554953276620e-04,6.363779049944895405e-04,5.832001485711890698e-04,5.307334063938684565e-04
1.026986076986077023e+00,4.290706525483800604e-04,4.720992017904490634e-04,5.156693054507444085e-04,5.597411276458130747e-04,6.042374111135950798e-04,6.490509217693396504e-04,6.940498974433439994e-04,7.390823545843916431e-04,7.839797161855732721e-04,8.285600107368895628e-04,8.726307702580093917e-04,9.159916846642190968e-04,9.584370297937572225e-04,9.997578668490825216e-04,1.039744006475329385e-03,1.078185738382364534e-03,1.114875346442223414e-03,1.149608459396544990e-03,1.182185330001361834e-03,1.212412192140022160e-03,1.240102918163454859e-03,1.265081289096137152e-03,1.287184296891785706e-03,1.306267013808093402e-03,1.322209669852747460e-03,1.334927635396332413e-03,1.344384940568266185e-03,1.350611662681300285e-03,1.353724824819546591e-03,1.353951213376503038e-03,1.351648665547766637e-03,1.347320078285141332e-03,1.341612294674443540e-03,1.335291365070212510e-03,1.329188038926343296e-03,1.324113810190152840e-03,1.320757740266631508e-03,1.319584324418476839e-03,1.320757740266798042e-03,1.324113810189930796e-03,1.329188038926121251e-03,1.335291365070045977e-03,1.341612294674943140e-03,1.347320078284586220e-03,1.351648665546434369e-03,1.353951213376503038e-03,1.353724824819602102e-03,1.350611662682577041e-03,1.344384940568044140e-03,1.334927635397165080e-03,1.322209669852525415e-03,1.306267013807704824e-03,1.287184296891452639e-03,1.265081289096581241e-03,1.240102918163787926e-03,1.212412192140244205e-03,1.182185330001750412e-03,1.149608459396045390e-03,1.114875346442834037e-03,1.078185738382697600e-03,1.039744006475162852e-03,9.997578668501927446e-04,9.584370297932021110e-04,9.159916846639970522e-04,8.726307702571767244e-04,8.285600107368618072e-04,7.839797161856010277e-04,7.390823545842528652e-04,6.940498974433717549e-04,6.490509217697837396e-04,6.042374111137616133e-04,5.597411276466734975e-04,5.156693054504946083e-04,4.720992017903380411e-04,4.290706525486298606e-04
1.033333333333333437e+00,3.443477927228405511e-04,3.794069232191665808e-04,4.148691266862292171e-04,4.507155360725656479e-04,4.868947579999283182e-04,5.233297161467975744e-04,5.599225073834590560e-04,5.965581180630008529e-04,6.331074595227192958e-04,6.694299732249164858e-04,7.053759380912238974e-04,7.407885441880757149e-04,7.755057573395340853e-04,8.093619780147887077e-04,8.421894896799009267e-04,8.738196938836706451e-04,9.040841407349509140e-04,9.328153844326836364e-04,9.598477252312220820e-04,9.850179443602335994e-04,1.008166199958915321e-03,1.029137334409735427e-03,1.047782949630760019e-03,1.063964737572642427e-03,1.077559700295604994e-03,1.088468032454104062e-03,1.096624511746857600e-03,1.102014142479013081e-03,1.104692349554958763e-03,1.104808989669858743e-03,1.102633604098346431e-03,1.098576640910453595e-03,1.093198287105023869e-03,1.087194389931489535e-03,1.081349901390082913e-03,1.076456560872351975e-03,1.073203441786407808e-03,1.072062934428519299e-03,1.073203441787129453e-03,1.076456560871907886e-03,1.081349901390693535e-03,1.087194389930989935e-03,1.093198287104857336e-03,1.098576640909121327e-03,1.102633604098290920e-03,1.104808989669581187e-03,1.104692349554570185e-03,1.102014142480234327e-03,1.096624511746635555e-03,1.088468032453937528e-03,1.077559700295493972e-03,1.063964737571865271e-03,1.047782949631037575e-03,1.029137334409901960e-03,1.008166199959692477e-03,9.850179443596784878e-04,9.598477252314441266e-04,9.328153844324060806e-04,9.040841407355060255e-04,8.738196938844478012e-04,8.421894896806780828e-04,8.093619780142891074e-04,7.755057573394230630e-04,7.407885441881867372e-04,7.053759380907798082e-04,6.694299732249442414e-04,6.331074595227192958e-04,5.965581180625567637e-04,5.599225073840974343e-04,5.233297161472971748e-04,4.868947579998172959e-04,4.507155360729264704e-04,4.148691266868398397e-04,3.794069232194441366e-04,3.443477927224658508e-04
