nan,-5.000000000000000000e+00,-4.919354838709677047e+00,-4.838709677419354982e+00,-4.758064516129032029e+00,-4.677419354838709964e+00,-4.596774193548387011e+00,-4.516129032258064058e+00,-4.435483870967741993e+00,-4.354838709677419040e+00,-4.274193548387096975e+00,-4.193548387096774022e+00,-4.112903225806451957e+00,-4.032258064516129004e+00,-3.951612903225806495e+00,-3.870967741935483986e+00,-3.790322580645161032e+00,-3.709677419354838968e+00,-3.629032258064516014e+00,-3.548387096774193505e+00,-3.467741935483870996e+00,-3.387096774193548487e+00,-3.306451612903225978e+00,-3.225806451612903025e+00,-3.145161290322580960e+00,-3.064516129032258007e+00,-2.983870967741935498e+00,-2.903225806451612989e+00,-2.822580645161290480e+00,-2.741935483870967971e+00,-2.661290322580645018e+00,-2.580645161290322509e+00,-2.500000000000000000e+00,-2.419354838709677491e+00,-2.338709677419354982e+00,-2.258064516129032473e+00,-2.177419354838709964e+00,-2.096774193548387011e+00,-2.016129032258064502e+00,-1.935483870967741993e+00,-1.854838709677419484e+00,-1.774193548387096975e+00,-1.693548387096774466e+00,-1.612903225806451513e+00,-1.532258064516129004e+00,-1.451612903225806495e+00,-1.370967741935483986e+00,-1.290322580645161477e+00,-1.209677419354838968e+00,-1.129032258064516014e+00,-1.048387096774193505e+00,-9.677419354838709964e-01,-8.870967741935489315e-01,-8.064516129032259784e-01,-7.258064516129030253e-01,-6.451612903225809603e-01,-5.645161290322580072e-01,-4.838709677419359423e-01,-4.032258064516129892e-01,-3.225806451612900361e-01,-2.419354838709679711e-01,-1.612903225806450180e-01,-8.064516129032295311e-02,0.000000000000000000e+00,8.064516129032206493e-02,1.612903225806450180e-01,2.419354838709679711e-01,3.225806451612900361e-01,4.032258064516129892e-01,4.838709677419350541e-01,5.645161290322580072e-01,6.451612903225800721e-01,7.258064516129030253e-01,8.064516129032259784e-01,8.870967741935480433e-01,9.677419354838709964e-01,1.048387096774193061e+00,1.129032258064516014e+00,1.209677419354838968e+00,1.290322580645161032e+00,1.370967741935483986e+00,1.451612903225806051e+00,1.532258064516129004e+00,1.612903225806451069e+00,1.693548387096774022e+00,1.774193548387096975e+00,1.854838709677419040e+00,1.935483870967741993e+00,2.016129032258064058e+00,2.096774193548387011e+00,2.177419354838709076e+00,2.258064516129032029e+00,2.338709677419354982e+00,2.419354838709677047e+00,2.500000000000000000e+00,2.580645161290322065e+00,2.661290322580645018e+00,2.741935483870967971e+00,2.822580645161290036e+00,2.903225806451612989e+00,2.983870967741935054e+00,3.064516129032258007e+00,3.145161290322580072e+00,3.225806451612902137e+00,3.306451612903225978e+00,3.387096774193548043e+00,3.467741935483870108e+00,3.548387096774193949e+00,3.629032258064516014e+00,3.709677419354838079e+00,3.790322580645161921e+00,3.870967741935483986e+00,3.951612903225806051e+00,4.032258064516128115e+00,4.112903225806451957e+00,4.193548387096774022e+00,4.274193548387096087e+00,4.354838709677419928e+00,4.435483870967741993e+00,4.516129032258064058e+00,4.596774193548386123e+00,4.677419354838709964e+00,4.758064516129032029e+00,4.838709677419354094e+00,4.919354838709677935e+00,5.000000000000000000e+00
5.636363636363636020e-01,4.521986868337742327e-01,4.483440744804500500e-01,4.445152002098391453e-01,4.406422149188897186e-01,4.365719698473367050e-01,4.317615098753457836e-01,4.294560043038566644e-01,4.296444543457521581e-01,4.293099890510508332e-01,4.288139273548379760e-01,4.282460483709970567e-01,4.276278776157269035e-01,4.269495155645255946e-01,4.261802151863016141e-01,4.252716422927018125e-01,4.241586168270939927e-01,4.227592003292095502e-01,4.209753099621519890e-01,4.186949847329538565e-01,4.157975424020357025e-01,4.121628749054019880e-01,4.076857010954487159e-01,4.023002870545261955e-01,3.959834580718200603e-01,3.887978230723374562e-01,3.808917459688421769e-01,3.724972301663780350e-01,3.639084669038868958e-01,3.554451221002274397e-01,3.474094579255083692e-01,3.400488279436238437e-01,3.335325497356212421e-01,3.279462421090303947e-01,3.233008245726540775e-01,3.195501244291102938e-01,3.166108838487265986e-01,3.143807521313462527e-01,3.127521077530048266e-01,3.116213317918894443e-01,3.108941648126060109e-01,3.104881486349761466e-01,3.103331345424527599e-01,3.103706479894449699e-01,3.105526725763440021e-01,3.108402177957050871e-01,3.112018860245605034e-01,3.116125525659388384e-01,3.120522083051610052e-01,3.125049768468867173e-01,3.129582977507576191e-01,3.134022580266645486e-01,3.138290508785147592e-01,3.142325409191131236e-01,3.146079169711870627e-01,3.149514161084020492e-01,3.152601052271709059e-01,3.155317089003874531e-01,3.157644744343790499e-01,3.159570669030599133e-01,3.161084884862719324e-01,3.162180177303035578e-01,3.162851654231420007e-01,3.163096446799179007e-01,3.162913536087226807e-01,3.162303696127629626e-01,3.161269550188831046e-01,3.159815743390192444e-01,3.157949241053302769e-01,3.155679769053719164e-01,3.153020420184231010e-01,3.149988459571547716e-01,3.146606372933528073e-01,3.142903214378311438e-01,3.138916325983455158e-01,3.134693519931309735e-01,3.130295835696738083e-01,3.125801009421534382e-01,3.121307819025060937e-01,3.116941494071300833e-01,3.112860398449169841e-01,3.109264196438135675e-01,3.106403681255400784e-01,3.104592350966400849e-01,3.104219614630552293e-01,3.105765135164897939e-01,3.109813173744735981e-01,3.117064784556982104e-01,3.128344218910647512e-01,3.144593914806967927e-01,3.166850173392248280e-01,3.196189704351363736e-01,3.233637015381258251e-01,3.280026301960716206e-01,3.335821583724057904e-01,3.400916592431125762e-01,3.474458512736457449e-01,3.554757631973008425e-01,3.639343478056434877e-01,3.725195563026001966e-01,3.809117988937077981e-01,3.888167967322028740e-01,3.960022793799194418e-01,4.023193598557132100e-01,4.077033323258255071e-01,4.121822642838419704e-01,4.158188672437118649e-01,4.187180987054993642e-01,4.209998654006001928e-01,4.227847059285199660e-01,4.241844828959460134e-01,4.252972176884945443e-01,4.262048181776545985e-01,4.269724612044260015e-01,4.276485045137809471e-01,4.282637478064711400e-01,4.288281774653414646e-01,4.293203964358310865e-01,4.296508056753072236e-01,4.294583413753236822e-01,4.317682819995634635e-01,4.365821315009961179e-01,4.406549354493906057e-01,4.445310658581165808e-01,4.483641590161515644e-01,4.522242658005382610e-01
5.674242424242423866e-01,4.324726983989676254e-01,4.277959190510148835e-01,4.230887607778758275e-01,4.182034334168065470e-01,4.126493733893184523e-01,4.089171504308445337e-01,4.084135093990167720e-01,4.073533426186985995e-01,4.061424479137333843e-01,4.048723865885734963e-01,4.035604779297049527e-01,4.021901196785110377e-01,4.007221735325597334e-01,3.990987333757239353e-01,3.972446115502663022e-01,3.950686788649014347e-01,3.924664363076831863e-01,3.893250346886562574e-01,3.855318328276846618e-01,3.809871701772509223e-01,3.756210719031707335e-01,3.694120139584350371e-01,3.624039416877996578e-01,3.547233330975514409e-01,3.465515188588765283e-01,3.381410662955935398e-01,3.297691201922109405e-01,3.217051072958101443e-01,3.141790496595459614e-01,3.073600820951151724e-01,3.013484139282111007e-01,2.961794330989964141e-01,2.918358221963685550e-01,2.882629524133832333e-01,2.853838161163328446e-01,2.831113419710666879e-01,2.813573492085379990e-01,2.800383203040661684e-01,2.790786103615296998e-01,2.784118131940443441e-01,2.779809255075387786e-01,2.777378052939749598e-01,2.776422726684361630e-01,2.776610787227601906e-01,2.777668772064313951e-01,2.779372718185987856e-01,2.781539721896809092e-01,2.784020677887210637e-01,2.786694157300075858e-01,2.789461318804506429e-01,2.792241721175317548e-01,2.794969903110892107e-01,2.797592605087944606e-01,2.800066522408925507e-01,2.802356494495528150e-01,2.804434050929724975e-01,2.806276248781115479e-01,2.807864748038137459e-01,2.809185082459339511e-01,2.810226092027887645e-01,2.810979490647922963e-01,2.811439549012811345e-01,2.811602877945920120e-01,2.811468302188531165e-01,2.811036818807007287e-01,2.810311638301882797e-01,2.809298310323474213e-01,2.808004939810129219e-01,2.806442503561886181e-01,2.804625281939193138e-01,2.802571425747636402e-01,2.800303684663157933e-01,2.797850331014086755e-01,2.795246321607645634e-01,2.792534750798907894e-01,2.789768660291923608e-01,2.787013285222964543e-01,2.784348831553065673e-01,2.781873895740586966e-01,2.779709652080986637e-01,2.778004942255669074e-01,2.776942398982921723e-01,2.776745710303009651e-01,2.777688065516085714e-01,2.780101691414051390e-01,2.784388149318981487e-01,2.791028666680752113e-01,2.800593156943139705e-01,2.813745673760008614e-01,2.831242818532433425e-01,2.853920140117010562e-01,2.882660109749892174e-01,2.918334463644008392e-01,2.961714715942191378e-01,3.013349026946492981e-01,3.073412832139819084e-01,3.141554764097085339e-01,3.216775244476640649e-01,3.297385097895472184e-01,3.381085538442883398e-01,3.465182609618027154e-01,3.546903626435853885e-01,3.623719133048208252e-01,3.693825807125122873e-01,3.755943596481120528e-01,3.809632291148291050e-01,3.855104662339230992e-01,3.893058172568406028e-01,3.924487569623710814e-01,3.950517888954366286e-01,3.972276710833220204e-01,3.990808541929345976e-01,4.007024591066764008e-01,4.021677047648750669e-01,4.035345703214160973e-01,4.048423127571031399e-01,4.061077020771567403e-01,4.073136348907516191e-01,4.083688009642871819e-01,4.088676270288100212e-01,4.126045134008708426e-01,4.181626196544352414e-01,4.230516236967650223e-01,4.277631598054225659e-01,4.324452587137319060e-01
5.712121212121211711e-01,4.198259400202670744e-01,4.141186618614482451e-01,4.082422576646157486e-01,4.017688853097963197e-01,3.963447994797374974e-01,3.948737838394232313e-01,3.927635659064263041e-01,3.904848637348065088e-01,3.881313302284744027e-01,3.857151193979572179e-01,3.832120780040834673e-01,3.805745285853987525e-01,3.777361338446143524e-01,3.746148296676458656e-01,3.711162053039914199e-01,3.671387586907279288e-01,3.625820387757646146e-01,3.573581797449411623e-01,3.514064546080395979e-01,3.447091675945459510e-01,3.373057216874760234e-01,3.293006751940839028e-01,3.208618785138373508e-01,3.122079343334772661e-01,3.035882081573411106e-01,2.952305979897447141e-01,2.873495662423633523e-01,2.801068324290458267e-01,2.736058910764628260e-01,2.678935261372477061e-01,2.629683922266926044e-01,2.587931273982414515e-01,2.553068816377472294e-01,2.524362420360424797e-01,2.501036496872008907e-01,2.482332159669123905e-01,2.467542975497498958e-01,2.456033568090440211e-01,2.447246279877171860e-01,2.440700221881813847e-01,2.435985951373453584e-01,2.432758014232880850e-01,2.430726790705012852e-01,2.429650502187053474e-01,2.429327841152783274e-01,2.429591432147112651e-01,2.430302177790303331e-01,2.431344456930537856e-01,2.432622098274205280e-01,2.434055035277117307e-01,2.435576545715130714e-01,2.437130985126346183e-01,2.438671932901737560e-01,2.440160680672497640e-01,2.441565003380597454e-01,2.442858163332864152e-01,2.444018106319282013e-01,2.445026816470277919e-01,2.445869802998618392e-01,2.446535697447377589e-01,2.447015944692655931e-01,2.447304574886240980e-01,2.447398046909506908e-01,2.447295156889363610e-01,2.446997008015491804e-01,2.446507040425620616e-01,2.445831122393183898e-01,2.444977706577288190e-01,2.443958057786845550e-01,2.442786561690640235e-01,2.441481127293109177e-01,2.440063699935704489e-01,2.438560906215755386e-01,2.437004857695369842e-01,2.435434146753539253e-01,2.433895075538310970e-01,2.432443167774699377e-01,2.431145023112886994e-01,2.430080584473146288e-01,2.429345899746328252e-01,2.429056468843259764e-01,2.429351272918682525e-01,2.430397580307644967e-01,2.432396606256149452e-01,2.435590059825732123e-01,2.440267524663342902e-01,2.446774466433827844e-01,2.455520405602621969e-01,2.466986398652671608e-01,2.481730389535379833e-01,2.500388194232426864e-01,2.523666877515322038e-01,2.552326188096374904e-01,2.587142842070224158e-01,2.628852378363994435e-01,2.678064979236929877e-01,2.735156164581314386e-01,2.800141399764562444e-01,2.872554816953270529e-01,2.951363276630856181e-01,3.034951461102846082e-01,3.121185512473195200e-01,3.207771370978875214e-01,3.292196717311476895e-01,3.372286833588175048e-01,3.446361184000804601e-01,3.513371371373141261e-01,3.572920559835170984e-01,3.625183253305843678e-01,3.670764789713724108e-01,3.710542483605935304e-01,3.745520102314057742e-01,3.776712519195449813e-01,3.805064292487618238e-01,3.831397125099592627e-01,3.856376071592959587e-01,3.880480179969399979e-01,3.903953737626777443e-01,3.926678189731507285e-01,3.947719692689289350e-01,3.962371481830304076e-01,4.016653988103358053e-01,4.081425440738747357e-01,4.140226002336639954e-01,4.197341361153264505e-01
5.749999999999999556e-01,4.154771720051452233e-01,4.085488524699955604e-01,4.010816321473483215e-01,3.938121876707031954e-01,3.911447020403191477e-01,3.876847941052004587e-01,3.839980400465362043e-01,3.801806188527782626e-01,3.762395924898795929e-01,3.721442420777079096e-01,3.678409220245538180e-01,3.632597487629877775e-01,3.583197263785023456e-01,3.529347543476550331e-01,3.470217073351131165e-01,3.405110208857155540e-01,3.333593524489577575e-01,3.255627964144776065e-01,3.171680144061726492e-01,3.082779769387534730e-01,2.990493811466847229e-01,2.896805191067958196e-01,2.803910660599474025e-01,2.713978901155227885e-01,2.628966610031555073e-01,2.550342012152357896e-01,2.479010869154190388e-01,2.415475175424071086e-01,2.359774467392264374e-01,2.311606677807565013e-01,2.270438372857456200e-01,2.235603242840879246e-01,2.206380610653446428e-01,2.182051904944524445e-01,2.161937220043826657e-01,2.145415984704596712e-01,2.131936087695174009e-01,2.121015293107383903e-01,2.112237949225865274e-01,2.105249156196291049e-01,2.099747848182045573e-01,2.095479704029663548e-01,2.092230415636568974e-01,2.089819585253736012e-01,2.088095359182116362e-01,2.086929807387173375e-01,2.086215004479256008e-01,2.085859741387111888e-01,2.085786787947542797e-01,2.085930627304352358e-01,2.086235588844826405e-01,2.086654314558562540e-01,2.087146502519767466e-01,2.087677879738873976e-01,2.088219364447663762e-01,2.088746384786059340e-01,2.089238326815508751e-01,2.089678089857522347e-01,2.090051731440494276e-01,2.090348187744189845e-01,2.090559058476576526e-01,2.090678447707782495e-01,2.090702854418323431e-01,2.090631108486781797e-01,2.090464349625513196e-01,2.090206048447203202e-01,2.089862070485512813e-01,2.089440785668964518e-01,2.088953227530628842e-01,2.088413308405617508e-01,2.087838099103714040e-01,2.087248184137376616e-01,2.086668106633768061e-01,2.086126920672976559e-01,2.085658873084144660e-01,2.085304241814377735e-01,2.085110363953428525e-01,2.085132893416084821e-01,2.085437336118768081e-01,2.086100919056152192e-01,2.087214858526561245e-01,2.088887100944671615e-01,2.091245615555613335e-01,2.094442319077468306e-01,2.098657703243857198e-01,2.104106210139780608e-01,2.111042346179833329e-01,2.119767427643507729e-01,2.130636686848738082e-01,2.144066209926438205e-01,2.160538792016913623e-01,2.180607253509345422e-01,2.204893050613936922e-01,2.234077173985294373e-01,2.268879499330920257e-01,2.310022239451390569e-01,2.358173478978044524e-01,2.413868696338199449e-01,2.477412446581288563e-01,2.548769084971099219e-01,2.627453520914955210e-01,2.712548532977663851e-01,2.802528454881785813e-01,2.895474258810890600e-01,2.989216846187658372e-01,3.081556996213216659e-01,3.170508535493222202e-01,3.254501037415881148e-01,3.332501558546455689e-01,3.404040771016238476e-01,3.469155752151517613e-01,3.528278800886016642e-01,3.582105345334236080e-01,3.631467349146605961e-01,3.677227433120127675e-01,3.720198001775479879e-01,3.761081009453850488e-01,3.800416442679417917e-01,3.838515056324446895e-01,3.875309322760331354e-01,3.909839224725605300e-01,3.936445545734891804e-01,4.009170236673480492e-01,4.083871502817506549e-01,4.153185042112813585e-01
5.787878787878787401e-01,4.186313176917111911e-01,4.102535185958499087e-01,4.011582124765571411e-01,3.972341899445055446e-01,3.922611717594585712e-01,3.869555705520785205e-01,3.814165844680559858e-01,3.756479582152374430e-01,3.696163899606393355e-01,3.632688628928746333e-01,3.565415787872697195e-01,3.493675495118143681e-01,3.416850826120406137e-01,3.334477888132805767e-01,3.246357077303531069e-01,3.152661799517284535e-01,3.054022515934031179e-01,2.951560130441175933e-01,2.846847361246294672e-01,2.741791397182882228e-01,2.638452495499998829e-01,2.538833088851620845e-01,2.444681361778902884e-01,2.357347674472776711e-01,2.277714968154813391e-01,2.206274210371879652e-01,2.142949971850417745e-01,2.087396810967331595e-01,2.039109186407193630e-01,1.997433845747211834e-01,1.961659759218341847e-01,1.931074329782045962e-01,1.904999859132156248e-01,1.882814670767689047e-01,1.863962959450013723e-01,1.847956960216424194e-01,1.834374310212685266e-01,1.822852721571748547e-01,1.813083422559923774e-01,1.804804304742812504e-01,1.797793335299167627e-01,1.791862533681337355e-01,1.786852642806080194e-01,1.782628521189958126e-01,1.779075223170685782e-01,1.776094704109956457e-01,1.773603075318983813e-01,1.771528331995131378e-01,1.769808481883910489e-01,1.768390009651491235e-01,1.767226620245923585e-01,1.766278212785976354e-01,1.765510044198377315e-01,1.764892048677277891e-01,1.764398284988290544e-01,1.764006488714304210e-01,1.763697710820083531e-01,1.763456027490328260e-01,1.763268309183836091e-01,1.763124039333837101e-01,1.763015175214252828e-01,1.762936045253489792e-01,1.762883278592015657e-01,1.762855764010846094e-01,1.762854636556221155e-01,1.762883291314649714e-01,1.762947424893536452e-01,1.763055106289868335e-01,1.763216880030893663e-01,1.763445905801823976e-01,1.763758140291940280e-01,1.764172568756162129e-01,1.764711495880728342e-01,1.765400908035157368e-01,1.766270921983616460e-01,1.767356338716404296e-01,1.768697325347746985e-01,1.770340253111692130e-01,1.772338725450932351e-01,1.774754837058295232e-01,1.777660712431655965e-01,1.781140380785147803e-01,1.785292052473507751e-01,1.790230869384744072e-01,1.796092206207772213e-01,1.803035598052515898e-01,1.811249357767995283e-01,1.820955916065077340e-01,1.832417858274772438e-01,1.845944527781632483e-01,1.861898897133753561e-01,1.880704147935872705e-01,1.902849022286944580e-01,1.928890490099919863e-01,1.959451618953658991e-01,1.995211788258740848e-01,2.036885702679001320e-01,2.085187310178831799e-01,2.140775076714448166e-01,2.204174581185315840e-01,2.275736176872689420e-01,2.355422250960270414e-01,2.442811449690056591e-01,2.537022822820548806e-01,2.636704885312163849e-01,2.740106910865041656e-01,2.845223058547793893e-01,2.949989226741837611e-01,3.052494384326417953e-01,3.151162402562130982e-01,3.244869774032881904e-01,3.332984522163871532e-01,3.415332977596187702e-01,3.492115769285992211e-01,3.563799009903669268e-01,3.631002816957966672e-01,3.694400901968871165e-01,3.754635297141437622e-01,3.812239988695304005e-01,3.867551134598931628e-01,3.920533269718795566e-01,3.970194298395945398e-01,4.009360569746617253e-01,4.100332996701592791e-01,4.184132666884727847e-01
5.825757575757575246e-01,4.270059052868354632e-01,4.161630987722054753e-01,4.112498929398311076e-01,4.047991584074335791e-01,3.978712289535865643e-01,3.905685880558586454e-01,3.828941837043354224e-01,3.748177332869189748e-01,3.662956990250669231e-01,3.572824258287218835e-01,3.477397103829953928e-01,3.376465947591799077e-01,3.270093155735349644e-01,3.158702597930520550e-01,3.043140668578351860e-01,2.924688109068406816e-01,2.805007273351380337e-01,2.686022592688513400e-01,2.569749662956618552e-01,2.458103993616973515e-01,2.352727099101743491e-01,2.254862083247390625e-01,2.165295737660018482e-01,2.084366165272594218e-01,2.012020968850663782e-01,1.947905358996268044e-01,1.891556165566363468e-01,1.842136994235459013e-01,1.798912701414422388e-01,1.761169755407623605e-01,1.728217450269845801e-01,1.699421347830969431e-01,1.674214723484040990e-01,1.652101002965816190e-01,1.632651018315390279e-01,1.615497424308777186e-01,1.600327820994277006e-01,1.586877569148133493e-01,1.574922888005741151e-01,1.564274552206074975e-01,1.554772326847568831e-01,1.546280169442530716e-01,1.538682164139968944e-01,1.531879120894730772e-01,1.525785758909340706e-01,1.520328391856932415e-01,1.515443036986479364e-01,1.511073877946061406e-01,1.507172020055471684e-01,1.503694485663132907e-01,1.500603405523344702e-01,1.497865369540858638e-01,1.495450906666407065e-01,1.493334069206482262e-01,1.491492101417968008e-01,1.489905176090082772e-01,1.488556185987582603e-01,1.487430579640345030e-01,1.486516233115727781e-01,1.485803351180508269e-01,1.485284392729571967e-01,1.484954016586857162e-01,1.484809044828387936e-01,1.484848441686015819e-01,1.485073306904391710e-01,1.485486883185284379e-01,1.486094578094515062e-01,1.486904001567903033e-01,1.487925020968536571e-01,1.489169836556223370e-01,1.490653081276802905e-01,1.492391950009397394e-01,1.494406364881313287e-01,1.496719185036266553e-01,1.499356471394393264e-01,1.502347819560723163e-01,1.505726777214467516e-01,1.509531366152302156e-01,1.513804733772834421e-01,1.518595964281097555e-01,1.523961086339389037e-01,1.529964321316406861e-01,1.536679624605382655e-01,1.544192581403821263e-01,1.552602727268548310e-01,1.562026371524487256e-01,1.572600006237761805e-01,1.584484381710231926e-01,1.597869316202477907e-01,1.612979275099185872e-01,1.630079691717820356e-01,1.649483892732557244e-01,1.671560315183261425e-01,1.696739434609021158e-01,1.725519439642509700e-01,1.758469169379371921e-01,1.796226178468832146e-01,1.839487033930384818e-01,1.888985658004677382e-01,1.945487808843207045e-01,2.009653967242483463e-01,2.082048428285931674e-01,2.163030306851466966e-01,2.252652371775414053e-01,2.350575389197669396e-01,2.456010435143130277e-01,2.567711525337037504e-01,2.684033788129868703e-01,2.803058226338148717e-01,2.922766032430977878e-01,3.041230252940000378e-01,3.156787050547824602e-01,3.268155458012174663e-01,3.374490156393886719e-01,3.475369511916335252e-01,3.570734256520357586e-01,3.660797531951981432e-01,3.745944973156378754e-01,3.826636385971023402e-01,3.903309745827280852e-01,3.976269566564522018e-01,4.045486808949526059e-01,4.109934689277247588e-01,4.158989728562956789e-01,4.267434697883129568e-01
5.863636363636363091e-01,4.372945586028216813e-01,4.303735250603848983e-01,4.226692576057038964e-01,4.143265315889528844e-01,4.054529384754693155e-01,3.960543401254784657e-01,3.861098807509014130e-01,3.755943830113017134e-01,3.644911246254932680e-01,3.528022562554205543e-01,3.405580995027605029e-01,3.278246770075056160e-01,3.147080140205295029e-01,3.013535967820374362e-01,2.879399057996152589e-01,2.746661155230090134e-01,2.617355513840519121e-01,2.493377662877920287e-01,2.376325869688464543e-01,2.267389419483044066e-01,2.167299376171037961e-01,2.076340551377368893e-01,1.994410787214449809e-01,1.921107621457195103e-01,1.855822915209457968e-01,1.797830892269875469e-01,1.746362524279194695e-01,1.700779887884351083e-01,1.660154984647216891e-01,1.623868667274107891e-01,1.591356015543159419e-01,1.562114560337526659e-01,1.535710988654230558e-01,1.511776593713680117e-01,1.490000197582526109e-01,1.470120467153583632e-01,1.451918456382632339e-01,1.435210779025560546e-01,1.419843585353095239e-01,1.405687383179776984e-01,1.392632668659564976e-01,1.380586293772740336e-01,1.369468481349473410e-01,1.359210395736567822e-01,1.349752181920855498e-01,1.341041394331040915e-01,1.333031746375698545e-01,1.325682121704537253e-01,1.318955797483908621e-01,1.312819838316439391e-01,1.307244626691806411e-01,1.302203502045586048e-01,1.297672485706490575e-01,1.293630073340132358e-01,1.290057080068625905e-01,1.286936526375470902e-01,1.284253555297957816e-01,1.281995373363373214e-01,1.280151209312619665e-01,1.278712285954380357e-01,1.277671801556408970e-01,1.277024918060254977e-01,1.276768754146704876e-01,1.276902381813237730e-01,1.277426825690320955e-01,1.278345064846480028e-01,1.279662037340781877e-01,1.281384648305075313e-01,1.283521782903715991e-01,1.286084326154156299e-01,1.289085192332923013e-01,1.292539367572775599e-01,1.296463970323565584e-01,1.300878335647534245e-01,1.305804130914201555e-01,1.311265512413686551e-01,1.317289334805661072e-01,1.323905428256412220e-01,1.331146961692103448e-01,1.339050914933023473e-01,1.347658687684846202e-01,1.357016879564937883e-01,1.367178282615154894e-01,1.378203136112575722e-01,1.390160702827158146e-01,1.403131235857394687e-01,1.417208415096612439e-01,1.432502340948764996e-01,1.449143177904118618e-01,1.467285538409119627e-01,1.487113682527080316e-01,1.508847572826055028e-01,1.532749754748304882e-01,1.559132914019607796e-01,1.588367773447465214e-01,1.620890707155305532e-01,1.657210044296355267e-01,1.697909435358161412e-01,1.743667030507545790e-01,1.795177653632076542e-01,1.853205399608376380e-01,1.918525499743921059e-01,1.991864937163995708e-01,2.073831719942931806e-01,2.164827499855039583e-01,2.264953174076866083e-01,2.373922362938777064e-01,2.491002268960101629e-01,2.615001871704499825e-01,2.744321349636772989e-01,2.877063982657633301e-01,3.011195841721892585e-01,3.144725119476388664e-01,3.275867577723624025e-01,3.403169486179308811e-01,3.525572155354298465e-01,3.642417174325723317e-01,3.753403203136886357e-01,3.858510492492328581e-01,3.957907749763689420e-01,4.051847822398911836e-01,4.140539759683754539e-01,4.223924460737312203e-01,4.300922944557802330e-01,4.370063114528746628e-01
5.901515151515150936e-01,4.517813172262922228e-01,4.431812704955042093e-01,4.337904751940048764e-01,4.237264432528825564e-01,4.130031284281939219e-01,4.016158068456870400e-01,3.895651546589123382e-01,3.768704935550453161e-01,3.635794350823562393e-01,3.497747469321857983e-01,3.355775943197934486e-01,3.211459739175037131e-01,3.066676055772191156e-01,2.923475755454083003e-01,2.783923106730689101e-01,2.649925277881027275e-01,2.523081881164093709e-01,2.404579940628022161e-01,2.295147748865731807e-01,2.195066824474686817e-01,2.104229563807752112e-01,2.022224211147809203e-01,1.948428684514287301e-01,1.882098785010856701e-01,1.822441941037145352e-01,1.768672942289793160e-01,1.720052186218815615e-01,1.675911356518774431e-01,1.635799419828299905e-01,1.598949438664082623e-01,1.564989595109455844e-01,1.533566353447295416e-01,1.504377434418985582e-01,1.477171169992269606e-01,1.451739847490254309e-01,1.427912689652507672e-01,1.405549413968680827e-01,1.384534609932682181e-01,1.364772964759805307e-01,1.346185286464078312e-01,1.328705239989073361e-01,1.312276701791656175e-01,1.296851639632651820e-01,1.282388431458156564e-01,1.268850546885240405e-01,1.256205525086902530e-01,1.244424192799848394e-01,1.233480075248376689e-01,1.223348960782050382e-01,1.214008586925618971e-01,1.205438421394602055e-01,1.197619516535906314e-01,1.190534419729217391e-01,1.184167125648922930e-01,1.178503059046813461e-01,1.173529078974684531e-01,1.169233497206344091e-01,1.165606105117630575e-01,1.162638204502369210e-01,1.160322638795515393e-01,1.158653821987735699e-01,1.157627763186524494e-01,1.157242085339342669e-01,1.157496037115160609e-01,1.158390497365309191e-01,1.159927971975963229e-01,1.162112583307351316e-01,1.164950052805928532e-01,1.168447677801308648e-01,1.172614303980225176e-01,1.177460295591412492e-01,1.182997506106688856e-01,1.189239252877109382e-01,1.196200300318329551e-01,1.203896857379569835e-01,1.212346596551167610e-01,1.221568703509560289e-01,1.231583968758502706e-01,1.242414935391269876e-01,1.254086120466723353e-01,1.266624331576202134e-01,1.280059105095896488e-01,1.294423298491951535e-01,1.309753875975893933e-01,1.326092934864384343e-01,1.343489029156451076e-01,1.361998856934265034e-01,1.381689388781493499e-01,1.402640524634764796e-01,1.424948374803063356e-01,1.448729264755412860e-01,1.474124558653711337e-01,1.501306377393318292e-01,1.530484244350366896e-01,1.561912614613191475e-01,1.595899120216509037e-01,1.632813221741152843e-01,1.673110606912438791e-01,1.717283565869306972e-01,1.765923939932847186e-01,1.819708056253148687e-01,1.879376934408286126e-01,1.945715954275711035e-01,2.019517513707401735e-01,2.101525638614498148e-01,2.192362430055994349e-01,2.292439963418287374e-01,2.401866489245038649e-01,2.520361397742342247e-01,2.647197414000940774e-01,2.781188431275648520e-01,2.920735446114213762e-01,3.063931449625119097e-01,3.208711857643896104e-01,3.353025115037785442e-01,3.494993140014285848e-01,3.633035104372422941e-01,3.765938691869499810e-01,3.892875856283821712e-01,4.013370413991022567e-01,4.127229304135552890e-01,4.234445993120882212e-01,4.335067762767642607e-01,4.428954375328642556e-01,4.514927061708208789e-01
5.939393939393938782e-01,4.640335846855203616e-01,4.540609540114131648e-01,4.433108661900111991e-01,4.318112034651034326e-01,4.195789969954378806e-01,4.066451362494086785e-01,3.930666067887241821e-01,3.789337159526245946e-01,3.643730790817703014e-01,3.495458265324254410e-01,3.346406269053970872e-01,3.198619323725529484e-01,3.054149231404418297e-01,2.914895247112543331e-01,2.782462043780615235e-01,2.658058471793835476e-01,2.542449993782288642e-01,2.435965221416786508e-01,2.338546393104960208e-01,2.249827670284802739e-01,2.169224303796481179e-01,2.096018728805246756e-01,2.029434456978838619e-01,1.968693462609089895e-01,1.913056539779208198e-01,1.861848502512118142e-01,1.814471273979156862e-01,1.770408383204399305e-01,1.729227527571991496e-01,1.690715635796909977e-01,1.654292323619975802e-01,1.619800924399380782e-01,1.587057041660188406e-01,1.555908002886523811e-01,1.526231628069339985e-01,1.497931329078900919e-01,1.470931254194238202e-01,1.445172031953578795e-01,1.420607191282907134e-01,1.397200217462621352e-01,1.374922170278624067e-01,1.353749784319236427e-01,1.333663975056530171e-01,1.314648681872053471e-01,1.296689987867406801e-01,1.279775464899775284e-01,1.263893700229552775e-01,1.249033968234298519e-01,1.235186016776226026e-01,1.222339943049872008e-01,1.210486138161091102e-01,1.199615283397498372e-01,1.189718384239751986e-01,1.180786830728320080e-01,1.172812474921026277e-01,1.165787717930560768e-01,1.159705600475191972e-01,1.154559892070189386e-01,1.150345174971079687e-01,1.147056919796555219e-01,1.144691550438038108e-01,1.143246496433817372e-01,1.142720231473611098e-01,1.143112297123778376e-01,1.144423311245262448e-01,1.146654960932633610e-01,1.149809980151202810e-01,1.153892112604739256e-01,1.158906060749028688e-01,1.164857422291028233e-01,1.171752616000594910e-01,1.179598799233966128e-01,1.188403780246874430e-01,1.198175929192137751e-01,1.208924092681396417e-01,1.220657517983465556e-01,1.233385794379237010e-01,1.247118820944976142e-01,1.261866812161212548e-01,1.277640355311303322e-01,1.294450536730901991e-01,1.312309157690476347e-01,1.331229065140928092e-01,1.351224627834571312e-01,1.372312394547162417e-01,1.394511978342985736e-01,1.417847219056938002e-01,1.442347685318202399e-01,1.468050587226904513e-01,1.495003180627289541e-01,1.523265752744633605e-01,1.552915285023901693e-01,1.584049889711845183e-01,1.616794108775206351e-01,1.651305146390432688e-01,1.687780115120135482e-01,1.726476500084885013e-01,1.767680493620022164e-01,1.811747714058362102e-01,1.859121107449363819e-01,1.910318552591241392e-01,1.965938269043241426e-01,2.026655435199291033e-01,2.093209540171040439e-01,2.166379446279998178e-01,2.246943185219039407e-01,2.335620601630385151e-01,2.432999338934288547e-01,2.539448460679657460e-01,2.655028867024391004e-01,2.779414521154047191e-01,2.911841540134490480e-01,3.051101381217019015e-01,3.195588359214285856e-01,3.343401080948781301e-01,3.492484862330310080e-01,3.640792025795975828e-01,3.786432902935970568e-01,3.927793718264905309e-01,4.063606539029198661e-01,4.192967230156472436e-01,4.315305484872462016e-01,4.430312353707125395e-01,4.537817525462528589e-01,4.637541539292001080e-01
5.977272727272726627e-01,4.731828955403480363e-01,4.623189700394812474e-01,4.506737233618487992e-01,4.382886612150990180e-01,4.252242716347158225e-01,4.115699904919269958e-01,3.974479888563454133e-01,3.830119584180368686e-01,3.684410481901250201e-01,3.539294773949257511e-01,3.396731374378455515e-01,3.258552117659631597e-01,3.126331361850474555e-01,3.001289297873429573e-01,2.884241270712180616e-01,2.775595115368466592e-01,2.675389246838301704e-01,2.583358453378049036e-01,2.499012768568456277e-01,2.421716660652766528e-01,2.350759531629710852e-01,2.285412642800872807e-01,2.224971051485113704e-01,2.168781518255061269e-01,2.116258634546300810e-01,2.066891870438737067e-01,2.020246158750068355e-01,1.975958301998814726e-01,1.933731297215210143e-01,1.893335034881211409e-01,1.854726698293270304e-01,1.817474852246577788e-01,1.781566039193062112e-01,1.746926390992915579e-01,1.713499290119115670e-01,1.681244812531895449e-01,1.650136731824440872e-01,1.620159528490844325e-01,1.591305786181867188e-01,1.563574023775250732e-01,1.536966933199069296e-01,1.511489973113454843e-01,1.487150266262750320e-01,1.463955751845858466e-01,1.441914549626130693e-01,1.421034498181025230e-01,1.401322835061177829e-01,1.382785991453175656e-01,1.365429478165403332e-01,1.349257843391861167e-01,1.334274685813576500e-01,1.320482709229455764e-01,1.307883807135689358e-01,1.296479167553657719e-01,1.286269389995992329e-01,1.277254607805905773e-01,1.269434610244927486e-01,1.262808959676638698e-01,1.257377100024296979e-01,1.253138453396897278e-01,1.250092502399871575e-01,1.248238856194315155e-01,1.247577298856931416e-01,1.248107819037034827e-01,1.249830620321203262e-01,1.252746112111784160e-01,1.256854881215283826e-01,1.262157644732358197e-01,1.268655185255055939e-01,1.276348269820869186e-01,1.285237554561897699e-01,1.295323477533588119e-01,1.306606142829792594e-01,1.319085199805783426e-01,1.332759722061643837e-01,1.347628091808200923e-01,1.363687896378236730e-01,1.380935844989810979e-01,1.399367715457941197e-01,1.418978342434886464e-01,1.439761660992100178e-01,1.461710822005704569e-01,1.484818398941850914e-01,1.509076709340557432e-01,1.534478278643418014e-01,1.561016479079722075e-01,1.588686382169317013e-01,1.617485870034101048e-01,1.647417058067480178e-01,1.678488089416000917e-01,1.710715369819058584e-01,1.744126319125429425e-01,1.778762722950148756e-01,1.814684777058701848e-01,1.851975957884058055e-01,1.890755046296191955e-01,1.931170923530967920e-01,1.973389608125095673e-01,2.017658554604238597e-01,2.064276242197488620e-01,2.113606018183750712e-01,2.166083037506267572e-01,2.222218320999372054e-01,2.282598437902282618e-01,2.347878609631987579e-01,2.418766612961889828e-01,2.495994762910044573e-01,2.580277718641510454e-01,2.672255173058644129e-01,2.772420891858988212e-01,2.881043059428963216e-01,2.998085021469863443e-01,3.123139257742271746e-01,3.255389254004604771e-01,3.393612330886798256e-01,3.536230658339721278e-01,3.681408389108981050e-01,3.827182524983901990e-01,3.971607135720426340e-01,4.112887645178403551e-01,4.249484865994793137e-01,4.380175652279549303e-01,4.504064939138409107e-01,4.620547653529334386e-01,4.729208704691437171e-01
6.015151515151514472e-01,4.786293047312369375e-01,4.674774506770729143e-01,4.556351012594273553e-01,4.431858014200749096e-01,4.302397012858356629e-01,4.169340462890769872e-01,4.034288208327330705e-01,3.898984572818895433e-01,3.765207956051647153e-01,3.634649409510229967e-01,3.508798955419781262e-01,3.388856606630092916e-01,3.275679363721775705e-01,3.169767685388945044e-01,3.071287441110466254e-01,2.980118107337152988e-01,2.895915803676372691e-01,2.818180396246777741e-01,2.746318335907679820e-01,2.679696016772314948e-01,2.617681350689788355e-01,2.559673469226004805e-01,2.505121855644629192e-01,2.453536874667495149e-01,2.404493806877778528e-01,2.357632315888803232e-01,2.312652949832824378e-01,2.269311924417068971e-01,2.227415146501741383e-01,2.186812481744641323e-01,2.147465896701490629e-01,2.109237432412589819e-01,2.071986597027209165e-01,2.035716938357664818e-01,2.000416845428524271e-01,1.966083989364746931e-01,1.932725203540888170e-01,1.900354723182618999e-01,1.868992357938057680e-01,1.838661873118973278e-01,1.809389625640558108e-01,1.781203443852916457e-01,1.754131725172317358e-01,1.728202722558489501e-01,1.703443992146366215e-01,1.679881976942525501e-01,1.657541704395074922e-01,1.636446578437628363e-01,1.616618249142053876e-01,1.598076545356001132e-01,1.580839457649143298e-01,1.564923160583917283e-01,1.550342064786585372e-01,1.537108890562531860e-01,1.525234755903213113e-01,1.514729272700868490e-01,1.505600645843043484e-01,1.497855770621714377e-01,1.491500324580203873e-01,1.486538850546297308e-01,1.482974828176423232e-01,1.480810731872181374e-01,1.480048073436010803e-01,1.480687428315200505e-01,1.482728444749735752e-01,1.486169835597508371e-01,1.491009353062733023e-01,1.497243747011619830e-01,1.504868708024970636e-01,1.513878796819292938e-01,1.524267362173079010e-01,1.536026450029876478e-01,1.549146707025478853e-01,1.563617282308819023e-01,1.579425732213725619e-01,1.596557933097606241e-01,1.614998008516959072e-01,1.634728277875053815e-01,1.655729234778779979e-01,1.677979564611717656e-01,1.701456212297390858e-01,1.726134512939525023e-01,1.751988400022060355e-01,1.778990708188348535e-01,1.807113590350796217e-01,1.836329072061664291e-01,1.866609769757163750e-01,1.897929803708844898e-01,1.930265941297691079e-01,1.963599011583106457e-01,1.997915638154335594e-01,2.033210344536689473e-01,2.069488098619109429e-01,2.106767406355865013e-01,2.145084665694605708e-01,2.184511316716491180e-01,2.225096468327531496e-01,2.266964192043382509e-01,2.310266338160380795e-01,2.355197310363406626e-01,2.402001167842021390e-01,2.450978032040903032e-01,2.502489517740581482e-01,2.556962332246794922e-01,2.614888807064772447e-01,2.676822759180896849e-01,2.743368760660682137e-01,2.815162730830415572e-01,2.892841917096606874e-01,2.977003002172289303e-01,3.068148465205732256e-01,3.166623532818874653e-01,3.272548956062898418e-01,3.385757956505744404e-01,3.505748115531370779e-01,3.631659602259723618e-01,3.762288960857281261e-01,3.896142420084082181e-01,4.031525192558707560e-01,4.166655447547876201e-01,4.299785963338358385e-01,4.429314669878845478e-01,4.553867597618867502e-01,4.672342379614185526e-01,4.783903187695434100e-01
6.053030303030302317e-01,4.792489495050731296e-01,4.685452360193186339e-01,4.573317260695163866e-01,4.457238414772070612e-01,4.338557797998387477e-01,4.218750382398475662e-01,4.099343128401963243e-01,3.981821327394726717e-01,3.867536652994041368e-01,3.757630159201664211e-01,3.652979890267489260e-01,3.554177552522012618e-01,3.461533278367890931e-01,3.375103237170654080e-01,3.294732488756332844e-01,3.220105091228495642e-01,3.150794588242246119e-01,3.086309912328052407e-01,3.026133807080403360e-01,2.969752656448333417e-01,2.916677911376710508e-01,2.866460100629193430e-01,2.818696785809221006e-01,2.773035890655624058e-01,2.729175718166017561e-01,2.686862759326580918e-01,2.645888159945429807e-01,2.606083489219958027e-01,2.567316272241141895e-01,2.529485648134083275e-01,2.492518803418047046e-01,2.456458956561337614e-01,2.421154835094173896e-01,2.386578374698123950e-01,2.352749427253559844e-01,2.319682796266946678e-01,2.287399166407240725e-01,2.255925094061180247e-01,2.225291918685199100e-01,2.195534577311653024e-01,2.166690517264958371e-01,2.138798748986743548e-01,2.111899040317352927e-01,2.086031241458762564e-01,2.061234726537834461e-01,2.037547937445046420e-01,2.015008016475798303e-01,1.993650515501642628e-01,1.973509170641570276e-01,1.954615732578308951e-01,1.936999843725227266e-01,1.920688954392378855e-01,1.905708270936003756e-01,1.892080729618798585e-01,1.879826990574562651e-01,1.868965446876799663e-01,1.859512244271642745e-01,1.851481307656498432e-01,1.844884370887435454e-01,1.839731006974619221e-01,1.836028656192852104e-01,1.833782650092258826e-01,1.832996229845048342e-01,1.833670557813568969e-01,1.835804721670934725e-01,1.839395730850309219e-01,1.844438505544426232e-01,1.850925858920871026e-01,1.858848473665530299e-01,1.868194874412304474e-01,1.878951398069889644e-01,1.891102164510022055e-01,1.904629050547016478e-01,1.919511670613522902e-01,1.935727368031958662e-01,1.953251221299913964e-01,1.972056070362928903e-01,1.992112568448067833e-01,2.013389265696915731e-01,2.035852731580288788e-01,2.059467723924584825e-01,2.084197413356762008e-01,2.110003673108826472e-01,2.136847445451342253e-01,2.164689197578846536e-01,2.193489481591756607e-01,2.223209615346959933e-01,2.253812503432442160e-01,2.285263620444765720e-01,2.317532182338586100e-01,2.350592536708172586e-01,2.384425813261900062e-01,2.419021915428304081e-01,2.454382335371927959e-01,2.490531907344721851e-01,2.527475720788109337e-01,2.565272143793860260e-01,2.603996076277380611e-01,2.643748937786025155e-01,2.684663701360818777e-01,2.726909603839504093e-01,2.770696759339496551e-01,2.816280435109534963e-01,2.863964553742321395e-01,2.914103789868869310e-01,2.967103408926863306e-01,3.023415763269377554e-01,3.083532153603423809e-01,3.147968645647488128e-01,3.217244496916770724e-01,3.291852215208646570e-01,3.372219061168219567e-01,3.458661105853586548e-01,3.551332738833555269e-01,3.650176589643405189e-01,3.754880738304972043e-01,3.864851204186228184e-01,3.979207316214398715e-01,4.096805203640938586e-01,4.216290364899850096e-01,4.336174846423479501e-01,4.454929345823319675e-01,4.571076981588891863e-01,4.683274355841577918e-01,4.790366301349491263e-01
6.090909090909091272e-01,4.724962212206945678e-01,4.628871601819243842e-01,4.529671145240163344e-01,4.428537863834319799e-01,4.326711399841889905e-01,4.225431654792019542e-01,4.125871995798757741e-01,4.029078079000734669e-01,3.935920122719586689e-01,3.847063382081895577e-01,3.762958136083527916e-01,3.683847423594795445e-01,3.609788619091559569e-01,3.540683945730822013e-01,3.476315075877991490e-01,3.416377752119623135e-01,3.360513501815212689e-01,3.308336698100098894e-01,3.259456232954511257e-01,3.213491819069707600e-01,3.170085417657136362e-01,3.128908539723931903e-01,3.089666248744676325e-01,3.052098662453004985e-01,3.015980659228021388e-01,2.981120375243278553e-01,2.947356954984066135e-01,2.914557903712385323e-01,2.882616294537598822e-01,2.851448014540490794e-01,2.820989233623775183e-01,2.791194810763096834e-01,2.762129724200545478e-01,2.733630379806271105e-01,2.705711948305694059e-01,2.678389006201181144e-01,2.651675532502271171e-01,2.625590237661254434e-01,2.600156537343051300e-01,2.575401835560213737e-01,2.551356712620986289e-01,2.528054150559330138e-01,2.505528830235091986e-01,2.483816506381196776e-01,2.462953457757245390e-01,2.442976006537382616e-01,2.423920100270570421e-01,2.405820949828520183e-01,2.388712717170493327e-01,2.372628247275907765e-01,2.357598839123361822e-01,2.343654051094699320e-01,2.330821536634936353e-01,2.319126906409030020e-01,2.308593613564766667e-01,2.299242859049701604e-01,2.291093514243683071e-01,2.284162058466773226e-01,2.278462529210155962e-01,2.274006483221030217e-01,2.270802966853211202e-01,2.268858494379878410e-01,2.268177033248315599e-01,2.268759995545901742e-01,2.270606235236951598e-01,2.273712051022484526e-01,2.278071194967583313e-01,2.283674887332627079e-01,2.290511838334992056e-01,2.298568277853423880e-01,2.307827994370833247e-01,2.318272384730776514e-01,2.329880516560214609e-01,2.342629205489886735e-01,2.356493109584713308e-01,2.371444843689191617e-01,2.387455116698664892e-01,2.404492895101895678e-01,2.422525596505529788e-01,2.441519317269170430e-01,2.461439098855960628e-01,2.482249238060857677e-01,2.503913646931015258e-01,2.526396268959063551e-01,2.549661559033473135e-01,2.573675035691464497e-01,2.598403915476740211e-01,2.623817840733008722e-01,2.649889714181506983e-01,2.676596656904055016e-01,2.703921114146379812e-01,2.731852164460881194e-01,2.760387347829790783e-01,2.789540070983892450e-01,2.819309227848312838e-01,2.849732755881124735e-01,2.880858323916388186e-01,2.912750528780379544e-01,2.945494122394207159e-01,2.979196855632550989e-01,3.013992327496450296e-01,3.050042790855899133e-01,3.087541763453534038e-01,3.126716206952278587e-01,3.167827938383157016e-01,3.211173824178589764e-01,3.257084182272717565e-01,3.305918695692490750e-01,3.358059045005113430e-01,3.413897432899185014e-01,3.473820251548816462e-01,3.538186392161707383e-01,3.607300176418820614e-01,3.681379641781071799e-01,3.760521927237408524e-01,3.844668687952916830e-01,3.933575608808332347e-01,4.026790870195890437e-01,4.123647470948809124e-01,4.223273317673056360e-01,4.324620840518533238e-01,4.426514817134294399e-01,4.527713642662670734e-01,4.626976201119827881e-01,4.723124276550412781e-01
6.128787878787878007e-01,4.539557090230700309e-01,4.457041083791023484e-01,4.372900634331294834e-01,4.288124660683927947e-01,4.203689608998118499e-01,4.120517096457833595e-01,4.039435205950447916e-01,3.961148076290231246e-01,3.886216444868292319e-01,3.815049867938996031e-01,3.747909703693853567e-01,3.684920796156875844e-01,3.626089219816719389e-01,3.571323383478410274e-01,3.520456109944965495e-01,3.473265840003091909e-01,3.429495705578821108e-01,3.388869770141803572e-01,3.351106183753160273e-01,3.315927324641699259e-01,3.283067205105413833e-01,3.252276527729662248e-01,3.223325814082620422e-01,3.196007016527686595e-01,3.170133984448292308e-01,3.145542103561969616e-01,3.122087370793131811e-01,3.099645113343680869e-01,3.078108512791219997e-01,3.057387056518410806e-01,3.037405017865527079e-01,3.018100113109601912e-01,2.999423390847233972e-01,2.981423838504564938e-01,2.963923045521423272e-01,2.946936308590170639e-01,2.930454337281568344e-01,2.914469270527877409e-01,2.898977333766655784e-01,2.883978798528560872e-01,2.869477517801907740e-01,2.855480387727832858e-01,2.841996821800103490e-01,2.829038262585238939e-01,2.816617737500784480e-01,2.804749458691781494e-01,2.793448464617885318e-01,2.782730300116890154e-01,2.772610731533035611e-01,2.763105493612698083e-01,2.754230065110018222e-01,2.745999470329178460e-01,2.738428104118842965e-01,2.731529578111309697e-01,2.725316586256272822e-01,2.719800787933074337e-01,2.714992707140321260e-01,2.710901646456936320e-01,2.707535614650489197e-01,2.704901266976214025e-01,2.703003857370330776e-01,2.701847201893033401e-01,2.701433652924251638e-01,2.701764083758256274e-01,2.702837883385890705e-01,2.704652961391822430e-01,2.707205763034133961e-01,2.710491294712953914e-01,2.714503160173665219e-01,2.719233607932574071e-01,2.724673590555441449e-01,2.730812836568346502e-01,2.737639935932801860e-01,2.745142440180889376e-01,2.753306978478401446e-01,2.762119391074449593e-01,2.771564881803483815e-01,2.781628191539582406e-01,2.792293794764379444e-01,2.803546121709423189e-01,2.815369808871763246e-01,2.827749981088451547e-01,2.840672568794490593e-01,2.854124664584877236e-01,2.868094923765555637e-01,2.882574014223008296e-01,2.897555121720143956e-01,2.913034517788261057e-01,2.929012199283933526e-01,2.945492613669118409e-01,2.962485504196428199e-01,2.980007053936063466e-01,2.998085398071002605e-01,3.016736852346738607e-01,3.036007706090156910e-01,3.055950034130321957e-01,3.076626978885804164e-01,3.098114912565495538e-01,3.120505065662268485e-01,3.143905119675508009e-01,3.168440763015998307e-01,3.194257142676319994e-01,3.221520103022934012e-01,3.250417059732595426e-01,3.281157307374897858e-01,3.313971503868824997e-01,3.349110017076615819e-01,3.386839764220128668e-01,3.427439133624571310e-01,3.471190565354539403e-01,3.518370402653291373e-01,3.569235734093894608e-01,3.624008152611455924e-01,3.682854682820034808e-01,3.745866578296996874e-01,3.813037244727524033e-01,3.884241142041245376e-01,3.959216051055940433e-01,4.037551408307138434e-01,4.118685350753260588e-01,4.201912532769582764e-01,4.286403629082540800e-01,4.371235795359658116e-01,4.455431424717306577e-01,4.538000549195607136e-01
6.166666666666666963e-01,4.204507638207567455e-01,4.132987721830364558e-01,4.060762755715316419e-01,3.988614706590625225e-01,3.917296439816868592e-01,3.847506287283196658e-01,3.779865926391342557e-01,3.714903710944530424e-01,3.653044521654799093e-01,3.594606261103835410e-01,3.539802367945670825e-01,3.488749219332548113e-01,3.441477039280512740e-01,3.397942903302333395e-01,3.358044568766248017e-01,3.321634099759711578e-01,3.288530534032690356e-01,3.258531111367335975e-01,3.231420817935677370e-01,3.206980185776573400e-01,3.184991418100641680e-01,3.165242994851149572e-01,3.147532957700719947e-01,3.131671089338162184e-01,3.117480197667074071e-01,3.104796698987279391e-01,3.093470671124308735e-01,3.083365521895306549e-01,3.074357393029776286e-01,3.066334396728657707e-01,3.059195763915727451e-01,3.052850977693954970e-01,3.047219025675337312e-01,3.042229613907563301e-01,3.037892506392806391e-01,3.034018474276380384e-01,3.030596503052085389e-01,3.027583199242781520e-01,3.024937433911156215e-01,3.022621619243276991e-01,3.020601653094451278e-01,3.018846628769785156e-01,3.017328506982003278e-01,3.016021802245655858e-01,3.014903299723565300e-01,3.013951806857554927e-01,3.013147939687340071e-01,3.012473941915028708e-01,3.011913533986487757e-01,3.011451789157607584e-01,3.011075033453421979e-01,3.010770766490150629e-01,3.010527600262615233e-01,3.010335213167910084e-01,3.010184316724440756e-01,3.010066632646221096e-01,3.009974878138127474e-01,3.009902757490153236e-01,3.009844958262980485e-01,3.009797150575139191e-01,3.009755988224420697e-01,3.009719110599555769e-01,3.009685144566867643e-01,3.009653705745504726e-01,3.009625398817135089e-01,3.009601816749105652e-01,3.009585539041462199e-01,3.009580129341732913e-01,3.009590132999724332e-01,3.009621075363015930e-01,3.009679461836705650e-01,3.009772780952146842e-01,3.009909511904863555e-01,3.010099138235793892e-01,3.010352169539486367e-01,3.010680173292166750e-01,3.011095819099190440e-01,3.011612937870897233e-01,3.012246598645653695e-01,3.013013205992370880e-01,3.013930621141560073e-01,3.015018310214581665e-01,3.016297523142864589e-01,3.017791507094949033e-01,3.019525758459925546e-01,3.021528317695579280e-01,3.023830111715662960e-01,3.026465349258123938e-01,3.029471977021686024e-01,3.032892214174256473e-01,3.036773246095306744e-01,3.041171515343643605e-01,3.046137147671749701e-01,3.051736370291036060e-01,3.058044235314961723e-01,3.065142597681896897e-01,3.073122528095384443e-01,3.082085348705421168e-01,3.092143568929942021e-01,3.103421750848128213e-01,3.116057263506534780e-01,3.130200858094515093e-01,3.146016972491647579e-01,3.163683649026923228e-01,3.183391923091992148e-01,3.205344513845668764e-01,3.229753624281936908e-01,3.256837640548070900e-01,3.286816515454107357e-01,3.319905636281024197e-01,3.356308021479617043e-01,3.396204774545176219e-01,3.439743855106068837e-01,3.487027412157402417e-01,3.538098159989786495e-01,3.592925549552931641e-01,3.651392767150827834e-01,3.713285831927171099e-01,3.778286202791111825e-01,3.845968277883142772e-01,3.915802918015313661e-01,3.987167619097273796e-01,4.059363207744620117e-01,4.131635990561415284e-01,4.203203213681507844e-01
6.204545454545454808e-01,3.800063764326875315e-01,3.732757399906156959e-01,3.665483766458664805e-01,3.598913970311304333e-01,3.533696970782558289e-01,3.470439902472506888e-01,3.409690215045133033e-01,3.351921209553911929e-01,3.297521952353913433e-01,3.246791968606802525e-01,3.199940598485567222e-01,3.157090486234139792e-01,3.118284394576529284e-01,3.083494400600095831e-01,3.052632518971758468e-01,3.025561884886922015e-01,3.002107777491141438e-01,2.982067941168838332e-01,2.965221839834440987e-01,2.951338639301415157e-01,2.940183844324863460e-01,2.931524616258534000e-01,2.925133865575181846e-01,2.920793254851410947e-01,2.918295267610891974e-01,2.917444502231833492e-01,2.918058342998481880e-01,2.919967146501740163e-01,2.923014064220045838e-01,2.927054603650022790e-01,2.931956012620000052e-01,2.937596556240452683e-01,2.943864748038638735e-01,2.950658631264432286e-01,2.957912628388759124e-01,2.965522982486316628e-01,2.973383429537810319e-01,2.981433135879311136e-01,2.989607788585746939e-01,2.997847017969441086e-01,3.006094789815957347e-01,3.014299193179754144e-01,3.022412125932412708e-01,3.030388979403873528e-01,3.038188349777722896e-01,3.045771784041163555e-01,3.053103561561969492e-01,3.060150509728674639e-01,3.066881850984120028e-01,3.073269078130719811e-01,3.079285854651270804e-01,3.084907936818347407e-01,3.090113114486698342e-01,3.094881167635926134e-01,3.099193835933755081e-01,3.103034798810336836e-01,3.106389663764106968e-01,3.109245960854831181e-01,3.111593141577000399e-01,3.113422580546320040e-01,3.114727578670968833e-01,3.115503366720762668e-01,3.115747108445688918e-01,3.115457902636468157e-01,3.114636783760261762e-01,3.113286721043311833e-01,3.111412616112977925e-01,3.109021299550808748e-01,3.106121526947064337e-01,3.102723975285385238e-01,3.098841240725025981e-01,3.094487839085316438e-01,3.089680210574865526e-01,3.084436730545864203e-01,3.078777728292917959e-01,3.072725516152737257e-01,3.066304431402877562e-01,3.059540893694791541e-01,3.052463480995188383e-01,3.045103027244273064e-01,3.037492745165508712e-01,3.029668377876438834e-01,3.021668383143296110e-01,3.013534154286184874e-01,3.005310281868212030e-01,2.997044860397056198e-01,2.988789844393041628e-01,2.980601458639341450e-01,2.972540669765816324e-01,2.964673741260830386e-01,2.957073127401321222e-01,2.949822119584074587e-01,2.942996114159796561e-01,2.936692554224116791e-01,2.931014157389904562e-01,2.926072834600637607e-01,2.921990713576099186e-01,2.918900977398896091e-01,2.916948607410604910e-01,2.916291000250165188e-01,2.917098398453901731e-01,2.919554053729410126e-01,2.923854022860319923e-01,2.930206477260799414e-01,2.938830389551361222e-01,2.949953446364018683e-01,2.963809029110050508e-01,2.980632107873122383e-01,3.000653913019540320e-01,3.024095290171840422e-01,3.051158712305412357e-01,3.082019021996770247e-01,3.116813108405591115e-01,3.155628883634646886e-01,3.198494101024877412e-01,3.245365734779044331e-01,3.296120788795080525e-01,3.350549489205529863e-01,3.408351804827866038e-01,3.469138103218417091e-01,3.532434472113585300e-01,3.597692822759097075e-01,3.664305372361873481e-01,3.731622523508499323e-01,3.798972560085947525e-01
6.242424242424242653e-01,3.587404870460714768e-01,3.516007481056168116e-01,3.445654898289686185e-01,3.377075386398969981e-01,3.310973219427310044e-01,3.248003178341200559e-01,3.188746899669623880e-01,3.133693208037348632e-01,3.083223997966001995e-01,3.037606532410471183e-01,2.996992290654679758e-01,2.961421832166091783e-01,2.930834632128673789e-01,2.905082537008420451e-01,2.883945390430299738e-01,2.867147461084972870e-01,2.854373513809392304e-01,2.845283644219914199e-01,2.839526293728230621e-01,2.836749135759503160e-01,2.836607751154026080e-01,2.838772180720224303e-01,2.842931556047480490e-01,2.848797073072974473e-01,2.856103596881340301e-01,2.864610181797441757e-01,2.874099768007939426e-01,2.884378282901443047e-01,2.895273338188852352e-01,2.906632676891819922e-01,2.918322490094381050e-01,2.930225693291079181e-01,2.942240226468244568e-01,2.954277418988764392e-01,2.966260422337207436e-01,2.978150106055933999e-01,2.989857580818039984e-01,3.001330640959232743e-01,3.012531600186410530e-01,3.023425469053632741e-01,3.033981822798046402e-01,3.044174516122610252e-01,3.053981182150887208e-01,3.063382732333830294e-01,3.072362900896684068e-01,3.080907842250503736e-01,3.089005780196069084e-01,3.096646704800410377e-01,3.103822112014875678e-01,3.110524781074431866e-01,3.116748585001200555e-01,3.122488329936011220e-01,3.127739619460649378e-01,3.132498740509731538e-01,3.136762567886150488e-01,3.140528484781536234e-01,3.143794317058276611e-01,3.146558279373908307e-01,3.148818931524982045e-01,3.150575143655029442e-01,3.151826069219161863e-01,3.152571124823091986e-01,3.152809976266578995e-01,3.152542530318811487e-01,3.151768931944580743e-01,3.150489566883327153e-01,3.148705069667450118e-01,3.146416337349738357e-01,3.143624549399875456e-01,3.140331194428106487e-01,3.136538104604513211e-01,3.132247498869193958e-01,3.127462036274645807e-01,3.122184881072971874e-01,3.116419781458755200e-01,3.110171164210063233e-01,3.103444247837953140e-01,3.096245177262559878e-01,3.088581183485525905e-01,3.080460772224767885e-01,3.071893946018102173e-01,3.062892464884013344e-01,3.053470151239947028e-01,3.043643245402086195e-01,3.033430818584939570e-01,3.022855250794307946e-01,3.011942781115177770e-01,3.000724136706109380e-01,2.989235239025875845e-01,2.977517904910192414e-01,2.965627357982109635e-01,2.953613498778587809e-01,2.941542595399070370e-01,2.929492194570540997e-01,2.917551283712289667e-01,2.905822200150868229e-01,2.894422335489441056e-01,2.883485858028208004e-01,2.873165443023203425e-01,2.863633954094112477e-01,2.855085988529654784e-01,2.847739168021186096e-01,2.841835021975577247e-01,2.837639273632962533e-01,2.835441302114857787e-01,2.835552520393029852e-01,2.838303386123535166e-01,2.844038757549150476e-01,2.853111330298496728e-01,2.865872953965126202e-01,2.882663740250015483e-01,2.903799044320797273e-01,2.929554628216733403e-01,2.960150589241334340e-01,2.995734932926340521e-01,3.036367949586733506e-01,3.082008763069620794e-01,3.132505501800530445e-01,3.187590444093961750e-01,3.246881182137172916e-01,3.309888337879210995e-01,3.376029697678778474e-01,3.444649897378090353e-01,3.515044091296232742e-01,3.586483471492845632e-01
6.280303030303030498e-01,3.711037959061090352e-01,3.631186220182349711e-01,3.554352432394055072e-01,3.481483414323570114e-01,3.413436943379581923e-01,3.350939659982861696e-01,3.294553617771570075e-01,3.244654937786259352e-01,3.201426273095551722e-01,3.164862882868042515e-01,3.134790427548563296e-01,3.110891421048988525e-01,3.092736747134133268e-01,3.079818735655212580e-01,3.071582847769256386e-01,3.067455830676732997e-01,3.066869073086547770e-01,3.069276673645345843e-01,3.074168341403957783e-01,3.081077653875772260e-01,3.089586419692883501e-01,3.099325967060606035e-01,3.109976150734943268e-01,3.121262780273807991e-01,3.132954053541369133e-01,3.144856454853879324e-01,3.156810460960625675e-01,3.168686297661059137e-01,3.180379907935187989e-01,3.191809228708807344e-01,3.202910825849305532e-01,3.213636902928517780e-01,3.223952675424237579e-01,3.233834083508332347e-01,3.243265787241781384e-01,3.252239152465235539e-01,3.260777704806951394e-01,3.268850058028465178e-01,3.276466554305305645e-01,3.283637871877951864e-01,3.290375209269122414e-01,3.296690850344349277e-01,3.302597926356615754e-01,3.308110106220065183e-01,3.313241312673247396e-01,3.318005480932411100e-01,3.322416359316643364e-01,3.326487347142541018e-01,3.330231364424603435e-01,3.333660748186001443e-01,3.336787170757712362e-01,3.339621576073248388e-01,3.342174130565467305e-01,3.344454185809182523e-01,3.346470250522474155e-01,3.348229969943443685e-01,3.349740110945899629e-01,3.351006551548250112e-01,3.352034273722622193e-01,3.352827358621597309e-01,3.353388983523595268e-01,3.353721419955334460e-01,3.353826032588743122e-01,3.353703278633052287e-01,3.353352707558192036e-01,3.352772961092415072e-01,3.351961773544624434e-01,3.350915972609194715e-01,3.349631480925808202e-01,3.348103318791424421e-01,3.346325608560171139e-01,3.344291581426594440e-01,3.341993587471603355e-01,3.339423110066730427e-01,3.336570785987183485e-01,3.333426432886953394e-01,3.329979086147454859e-01,3.326217047538063687e-01,3.322127948631399819e-01,3.317698832511514762e-01,3.312916258011551207e-01,3.307766431523752604e-01,3.302235372337889996e-01,3.296309118445563402e-01,3.289973980660113040e-01,3.283216853257853729e-01,3.276025587159078212e-01,3.268389416186591734e-01,3.260299294267082759e-01,3.251753446449372476e-01,3.242751391560960705e-01,3.233288270358906646e-01,3.223373518250150505e-01,3.213022782366986019e-01,3.202260387593267033e-01,3.191121410192019336e-01,3.179653984137200129e-01,3.167921930160882416e-01,3.156007741739213501e-01,3.144015938966290280e-01,3.132076776550111741e-01,3.120350258178876124e-01,3.109030362162479855e-01,3.098349319495697918e-01,3.088581703256749744e-01,3.080047987270911891e-01,3.073117115004586064e-01,3.068207494270638880e-01,3.065785713890985531e-01,3.066362188058815996e-01,3.070482905521090822e-01,3.078716535021326917e-01,3.091636360237152714e-01,3.109796924430390797e-01,3.133705872446452823e-01,3.163792259333028656e-01,3.200373466081175566e-01,3.243623674823676306e-01,3.293547409552486926e-01,3.349961736870599172e-01,3.412490192247783494e-01,3.480570320911246518e-01,3.553475034372802766e-01,3.630346075311022824e-01,3.710236131273924598e-01
6.318181818181818343e-01,3.891762653022063367e-01,3.810143251560332844e-01,3.735086982941487888e-01,3.667511477537949705e-01,3.608064689374546052e-01,3.557095229763387878e-01,3.514649684786785855e-01,3.480495300701955119e-01,3.454162700010498521e-01,3.435001104316349751e-01,3.422238109333645695e-01,3.415037097758260032e-01,3.412547304349858868e-01,3.413943735425853943e-01,3.418456103336421359e-01,3.425387394451783196e-01,3.434123577985372933e-01,3.444136351082437431e-01,3.454980836128181410e-01,3.466289941000300634e-01,3.477766780617866926e-01,3.489176222411993211e-01,3.500336309554895053e-01,3.511110058005669776e-01,3.521397923101737271e-01,3.531131084772060058e-01,3.540265598935831148e-01,3.548777396478214885e-01,3.556658071242035923e-01,3.563911377147396253e-01,3.570550345921441049e-01,3.576594936487871856e-01,3.582070131234310617e-01,3.587004399421833689e-01,3.591428445773979794e-01,3.595374106145601267e-01,3.598871976050414534e-01,3.601985626937684315e-01,3.604708451097575761e-01,3.607080981591598290e-01,3.609135054365449902e-01,3.610900495166059487e-01,3.612405558983650677e-01,3.613676982229528378e-01,3.614739979770213441e-01,3.615618240289860674e-01,3.616333930632362192e-01,3.616907710017548405e-01,3.617358752520732357e-01,3.617704775699799868e-01,3.617962073350921570e-01,3.618145550648940723e-01,3.618268760228975367e-01,3.618343938044291663e-01,3.618382038075443341e-01,3.618392765165143188e-01,3.618384605415679300e-01,3.618364853716927731e-01,3.618339638076205067e-01,3.618313940503175008e-01,3.618291614267200584e-01,3.618275397394531412e-01,3.618266922312324829e-01,3.618266721578057288e-01,3.618274229659160790e-01,3.618287780751089922e-01,3.618304602644432100e-01,3.618320806675308643e-01,3.618331373820816710e-01,3.618330137034436178e-01,3.618309759957957228e-01,3.618261712200534497e-01,3.618176241444180929e-01,3.618042342723942206e-01,3.617847725344122689e-01,3.617578778036166232e-01,3.617220533145260042e-01,3.616756630858896093e-01,3.616169284769485404e-01,3.615439250400558913e-01,3.614545798722174075e-01,3.613466697122902360e-01,3.612178200734118549e-01,3.610655057233315146e-01,3.608870527674140072e-01,3.606796422154643356e-01,3.604403130681198553e-01,3.601659505273582251e-01,3.598531949209376468e-01,3.595006928128650081e-01,3.591032069703510854e-01,3.586577808471466122e-01,3.581612736392543739e-01,3.576106560282710789e-01,3.570031246373088218e-01,3.563362268432095359e-01,3.556080126744445291e-01,3.548172227062795780e-01,3.539635203567370048e-01,3.530477774700506166e-01,3.520724224782914025e-01,3.510418603198668941e-01,3.499629723004216153e-01,3.488457017816487538e-01,3.477037274243861553e-01,3.465552189727559296e-01,3.454236603564580510e-01,3.443387102297618685e-01,3.433370500876851139e-01,3.424631443994863300e-01,3.417698063961500110e-01,3.413184296325338929e-01,3.411787142385451777e-01,3.414276962586959008e-01,3.421478905252860470e-01,3.434243963129122168e-01,3.453409039044427753e-01,3.479746860211483939e-01,3.513908539612556337e-01,3.556363771575181687e-01,3.607345578201039404e-01,3.666807564458921531e-01,3.734401209364572871e-01,3.809478533756983643e-01,3.891121762817401630e-01
6.356060606060606188e-01,3.918740294640760680e-01,3.853784343309092919e-01,3.798806979044163645e-01,3.753801572810661624e-01,3.718372993345841482e-01,3.691804263680432130e-01,3.673144694358149720e-01,3.661304504540817129e-01,3.655143062333239823e-01,3.653542026018928857e-01,3.655459275827052656e-01,3.659963415534031594e-01,3.666251231060976834e-01,3.673651786368500316e-01,3.681621095737952487e-01,3.689730917003960498e-01,3.697654505018937998e-01,3.705151393040556074e-01,3.712052573902383523e-01,3.718246894799721591e-01,3.723669069884573690e-01,3.728289437006965801e-01,3.732105411717206445e-01,3.735134495052715997e-01,3.737408647388937299e-01,3.738969829659101740e-01,3.739866521545280875e-01,3.740151044156958537e-01,3.739877536060109975e-01,3.739100452787874063e-01,3.737873479560522294e-01,3.736248764418199642e-01,3.734276394263579268e-01,3.732004048803905238e-01,3.729476773939253142e-01,3.726736800836225050e-01,3.723823168348845414e-01,3.720779681306137787e-01,3.717652328752139024e-01,3.714450846492290403e-01,3.711209308578109489e-01,3.707955860993449315e-01,3.704715927702373901e-01,3.701512688648968541e-01,3.698367301298758902e-01,3.695299059460171454e-01,3.692325528109050570e-01,3.689462664925099999e-01,3.686724932037132030e-01,3.684125399239813747e-01,3.681675839195861499e-01,3.679386814883746637e-01,3.677267759481231413e-01,3.675327048862592205e-01,3.673572066896356736e-01,3.672009263738555407e-01,3.670644207318822794e-01,3.669481628213381308e-01,3.668525458088841562e-01,3.667778861884407604e-01,3.667244263881572763e-01,3.666923367786123489e-01,3.666817170923105662e-01,3.666925972618779173e-01,3.667249376815545081e-01,3.667786288939333117e-01,3.668534907011620216e-01,3.669492706972466989e-01,3.670656422156766130e-01,3.672022016845023495e-01,3.673584653792159038e-01,3.675338655625073891e-01,3.677277459994340858e-01,3.679393568366943201e-01,3.681678488360838886e-01,3.684122669547167384e-01,3.686715432685434002e-01,3.689444892411697929e-01,3.692297873463405988e-01,3.695259820588587263e-01,3.698314702317649916e-01,3.701444908696883695e-01,3.704631142693103896e-01,3.707852303688464746e-01,3.711085357266717399e-01,3.714305169331145740e-01,3.717484194642882156e-01,3.720590638108744463e-01,3.723608104102880678e-01,3.726491966759698515e-01,3.729203678864170257e-01,3.731704867616370547e-01,3.733954060084279658e-01,3.735906965647318723e-01,3.737516586127358487e-01,3.738733374764496298e-01,3.739505521799543208e-01,3.739779433412104837e-01,3.739500476718442545e-01,3.738614072592217896e-01,3.737067228395534180e-01,3.734810615269645306e-01,3.731801310853554154e-01,3.728006348579548379e-01,3.723407237388899338e-01,3.718005636527211277e-01,3.711830381762132869e-01,3.704946051348629310e-01,3.697463217835386118e-01,3.689550436182406634e-01,3.681447845539645436e-01,3.673481983697117204e-01,3.666081002775755660e-01,3.659788915751760463e-01,3.655276806568459880e-01,3.653348163956071648e-01,3.654934792724304216e-01,3.661079360721136156e-01,3.672900897550067101e-01,3.691540853798994659e-01,3.718089937659253552e-01,3.753499836830581082e-01,3.798488544076334406e-01,3.853452158628133395e-01,3.918398159449318907e-01
6.393939393939394034e-01,3.772022943238078629e-01,3.727890152891101261e-01,3.691874180518759374e-01,3.662878433825949021e-01,3.639720495352091745e-01,3.621228464169333749e-01,3.606313129222977754e-01,3.594013762469604467e-01,3.583520190352989521e-01,3.574176375948283080e-01,3.565471386113530095e-01,3.557023021705200128e-01,3.548558220319992795e-01,3.539893074225505809e-01,3.530914203040509403e-01,3.521562380565246841e-01,3.511818738940566398e-01,3.501693516152147301e-01,3.491217117390461033e-01,3.480433174200881496e-01,3.469393266194502057e-01,3.458152988726469479e-01,3.446769086855959174e-01,3.435297419103444105e-01,3.423791557258848983e-01,3.412301867335601480e-01,3.400874950279912379e-01,3.389553348853296399e-01,3.378375449362518435e-01,3.367375524029570522e-01,3.356583872389438672e-01,3.346027028981526930e-01,3.335728010673889021e-01,3.325706580811959578e-01,3.315979508265022857e-01,3.306560791371860875e-01,3.297461764819999974e-01,3.288690543379289566e-01,3.280271594671369528e-01,3.272205680666609440e-01,3.264486023383439961e-01,3.257118502545643945e-01,3.250105996016459109e-01,3.243450001962008833e-01,3.237151032024300212e-01,3.231208821892125327e-01,3.225622485607164136e-01,3.220390643336924485e-01,3.215511532346170265e-01,3.210983105213878752e-01,3.206803117365693567e-01,3.202969205198993863e-01,3.199478955708913719e-01,3.196329968333739835e-01,3.193519909616119312e-01,3.191046561195392539e-01,3.188907861576777414e-01,3.187101942066978832e-01,3.185627157210897953e-01,3.184482110016654821e-01,3.183665672207806607e-01,3.183176999698078546e-01,3.183015543441394257e-01,3.183181055767981271e-01,3.183673592279847586e-01,3.184493509340304840e-01,3.185641457157896705e-01,3.187118368431437476e-01,3.188925442492701601e-01,3.191064124857277418e-01,3.193536082070446702e-01,3.196343171719018272e-01,3.199487407468842859e-01,3.202970918985076354e-01,3.206795906598126078e-01,3.210964590589644452e-01,3.215479154990353861e-01,3.220341685789064878e-01,3.225554103434956077e-01,3.231118089422662654e-01,3.237035006499532352e-01,3.243305811425464258e-01,3.249930957779860186e-01,3.256910282605893214e-01,3.264242859089215854e-01,3.271926745851831408e-01,3.279958094021098169e-01,3.288338997844647005e-01,3.297066913569366986e-01,3.306128183645138940e-01,3.315515517875197160e-01,3.325218769544451280e-01,3.335225020004158325e-01,3.345518273509973106e-01,3.356079100438462137e-01,3.366884302652800587e-01,3.377906639399986255e-01,3.389114636507379874e-01,3.400472489700013257e-01,3.411940066235460423e-01,3.423473011140363287e-01,3.435022976410579965e-01,3.446538012272622464e-01,3.457963186319856774e-01,3.469241526641906881e-01,3.480315417847830717e-01,3.491128614225180726e-01,3.501629072636363582e-01,3.511772848764030397e-01,3.521529341449167183e-01,3.530888204914952588e-01,3.539868265904481670e-01,3.548528762678767046e-01,3.556983135718093103e-01,3.565415404174827052e-01,3.574098804752472991e-01,3.583415793158404861e-01,3.593877667549489341e-01,3.606140969323588519e-01,3.621016548366067789e-01,3.639466009412630210e-01,3.662579657960650659e-01,3.691530704773544058e-01,3.727503061925277472e-01,3.771594936372298923e-01
6.431818181818181879e-01,3.379572790295523599e-01,3.320623816510577253e-01,3.265993922560269658e-01,3.214853948922976601e-01,3.166497884137991492e-01,3.120353736431611957e-01,3.075979323127999154e-01,3.033048792423148066e-01,2.991334649477156993e-01,2.950688692091629761e-01,2.911023985105256062e-01,2.872299000448233497e-01,2.834504354373862944e-01,2.797652142115969465e-01,2.761767635807213517e-01,2.726883009121953694e-01,2.693032730216523563e-01,2.660250286624333271e-01,2.628565948132580155e-01,2.598005322166441755e-01,2.568588503147027358e-01,2.540329659036583698e-01,2.513236933606879941e-01,2.487312571911138581e-01,2.462553199639735402e-01,2.438950205322034936e-01,2.416490188448428555e-01,2.395155447118749448e-01,2.374924486157350967e-01,2.355772531086931521e-01,2.337672035338493326e-01,2.320593168371462844e-01,2.304504272173485968e-01,2.289372274205468960e-01,2.275163046855524784e-01,2.261841705315514039e-01,2.249372829841304045e-01,2.237720543922062100e-01,2.226847696498961415e-01,2.216735345619268716e-01,2.207332334544189478e-01,2.198605902770494891e-01,2.190523977705042258e-01,2.183054578391316891e-01,2.176166511003790882e-01,2.169829613641202359e-01,2.164014905856898041e-01,2.158694700696637825e-01,2.153842695099466575e-01,2.149434044775166974e-01,2.145445426721416249e-01,2.141855091452042614e-01,2.138642906508945452e-01,2.135790392548344574e-01,2.133280753093685922e-01,2.131098898890550486e-01,2.129231467666514166e-01,2.127666839980751068e-01,2.126395151743076806e-01,2.125408303886950345e-01,2.124699969593165094e-01,2.124265599380256164e-01,2.124102424302261316e-01,2.124209457423252567e-01,2.124587493670223037e-01,2.125239108103716412e-01,2.126168652583605989e-01,2.127382250751240211e-01,2.128887791197151547e-01,2.130694918636834856e-01,2.132815022876601296e-01,2.135261225324694423e-01,2.138048362783369072e-01,2.141192968259628682e-01,2.144713248549276197e-01,2.148629058384915191e-01,2.152961870988324422e-01,2.157734744904706570e-01,2.162972286978493419e-01,2.168700611144390722e-01,2.174947292117876130e-01,2.181741311517250981e-01,2.189112989866847103e-01,2.197093885671142777e-01,2.205716593550919313e-01,2.215014027337583735e-01,2.225020070342694500e-01,2.235792672848692098e-01,2.247347223031582741e-01,2.259722877620922166e-01,2.272957537169844611e-01,2.287088454920244429e-01,2.302151956757041151e-01,2.318183063177036429e-01,2.335215110605896593e-01,2.353279399101645963e-01,2.372404866520551880e-01,2.392617773838599526e-01,2.413941380683757021e-01,2.436395593414719951e-01,2.459996577428622266e-01,2.484756337179020724e-01,2.510682278974476489e-01,2.537776782026640032e-01,2.566036812921450583e-01,2.595453629034160659e-01,2.626012628989062292e-01,2.657693424598888687e-01,2.690470230124682449e-01,2.724312692234198696e-01,2.759187318388818810e-01,2.795059702534692936e-01,2.831897793582994205e-01,2.869676500510172645e-01,2.908383970209302283e-01,2.948029896247629789e-01,2.988656194675858857e-01,3.030350280409984109e-01,3.073260942839286525e-01,3.117616387321744953e-01,3.163743312785299300e-01,3.212084892183669216e-01,3.263214245083549958e-01,3.317838623991320457e-01,3.376788493483382503e-01
6.469696969696969724e-01,3.512813183830666430e-01,3.416376625903222997e-01,3.321684232330610609e-01,3.228369652544856305e-01,3.136198333446305608e-01,3.045048546871425565e-01,2.954890069052510393e-01,2.865763241619733726e-01,2.777759972196802707e-01,2.691007388636979525e-01,2.605654315717251812e-01,2.521860428949462829e-01,2.439787785913561657e-01,2.359594382053888106e-01,2.281429382061040401e-01,2.205429711051266617e-01,2.131717734088033056e-01,2.060399798181307696e-01,1.991565452703517314e-01,1.925287200104101037e-01,1.861620658457835142e-01,1.800605041125401262e-01,1.742263877344249201e-01,1.686605911652512835e-01,1.633626130360971984e-01,1.583306870417339474e-01,1.535618970535608807e-01,1.490522927108765272e-01,1.447970019270246322e-01,1.407903370154305611e-01,1.370258917141723709e-01,1.334966275004804970e-01,1.301949493744408715e-01,1.271127736239229256e-01,1.242415924298795743e-01,1.215725416668700237e-01,1.190964781600482164e-01,1.168040716037983123e-01,1.146859229573367889e-01,1.127335757270567923e-01,1.109362117132013797e-01,1.092838906210110150e-01,1.077687133828440086e-01,1.063823336923350321e-01,1.051166684996425460e-01,1.039639740083005137e-01,1.029168735345280528e-01,1.019683715991413497e-01,1.011118627836339462e-01,1.003411385024175623e-01,9.965039296422874282e-02,9.903422876994760760e-02,9.848766222262264614e-02,9.800612828166897772e-02,9.758548506403333378e-02,9.722201781683169342e-02,9.691244232401237391e-02,9.665390774638502047e-02,9.644399892252762674e-02,9.628073817544133273e-02,9.616258667689431272e-02,9.608844542023414759e-02,9.605765584424741377e-02,9.607000013791069937e-02,9.612570123943806055e-02,9.622542252470185631e-02,9.637026716063086529e-02,9.656177708002811055e-02,9.680193151673777141e-02,9.709314502561482152e-02,9.743826490329661472e-02,9.784056792575361594e-02,9.830375633152735326e-02,9.883195301041627912e-02,9.942969591146343100e-02,1.001019317663489061e-01,1.008540093359031609e-01,1.016916725206287175e-01,1.026210538059458832e-01,1.036486685822985976e-01,1.047814107785600551e-01,1.060265497616054570e-01,1.073917270928570616e-01,1.088849476462864785e-01,1.105145392609526850e-01,1.122885234853724240e-01,1.142211719520941499e-01,1.163160610531877026e-01,1.185835366177224737e-01,1.210335347346774559e-01,1.236758875509360589e-01,1.265202413653149782e-01,1.295759407327577994e-01,1.328519201842424391e-01,1.363566127121365879e-01,1.400978736272286973e-01,1.440829133352755642e-01,1.483182312776077094e-01,1.528095446254374712e-01,1.575617079570988122e-01,1.625786229190145371e-01,1.678631391035346754e-01,1.734169488816049154e-01,1.792404798229791374e-01,1.853327888601066509e-01,1.916914627422807715e-01,1.983125297744495474e-01,2.051903884774504139e-01,2.123177597441721354e-01,2.196856703828132806e-01,2.272834777123128314e-01,2.350989471844992795e-01,2.431183979206182066e-01,2.513269346018348616e-01,2.597087882960787408e-01,2.682477933252089275e-01,2.769280316684286647e-01,2.857346796568099312e-01,2.946550920700324872e-01,3.036801533253912222e-01,3.128059099382552999e-01,3.220354669319394070e-01,3.313810762884268346e-01,3.408662611289302591e-01,3.505277022831261857e-01
6.507575757575757569e-01,4.790383978786846852e-01,4.690567784829303699e-01,4.588643150775856827e-01,4.484439774650938459e-01,4.377907907529938192e-01,4.269097602388756130e-01,4.158139481177627883e-01,4.045227717966020653e-01,3.930605422636302415e-01,3.814552313515208737e-01,3.697374421963898761e-01,3.579395522293250531e-01,3.460949986074995377e-01,3.342376793790737266e-01,3.224014481738021742e-01,3.106196848276135958e-01,2.989249285614789531e-01,2.873485639089169430e-01,2.759205524593784098e-01,2.646692056855817210e-01,2.536209957250811220e-01,2.428004020805309693e-01,2.322297928779138987e-01,2.219293396599956447e-01,2.119169647560548986e-01,2.022083201041057765e-01,1.928167960327023256e-01,1.837535579378719308e-01,1.750276080113174759e-01,1.666458681901589189e-01,1.586132793588698742e-01,1.509329106977179424e-01,1.436060722614248275e-01,1.366324238999438168e-01,1.300100751247935393e-01,1.237356739853706367e-01,1.178044885254260488e-01,1.122104916967677363e-01,1.069464724718147686e-01,1.020042580767030055e-01,9.737820651782974624e-02,9.305034583343110843e-02,8.901237168792501542e-02,8.525432776966307413e-02,8.176550070121910152e-02,7.853509344502056233e-02,7.555243848830564546e-02,7.280712750478297857e-02,7.028910323168038876e-02,6.798872864490718149e-02,6.589684154168116981e-02,6.400479961698904430e-02,6.230451919991111809e-02,6.078850948870314491e-02,5.944990324857507558e-02,5.828248440817185988e-02,5.728071270796130515e-02,5.643974542697818148e-02,5.575545617488498334e-02,5.522445073830935247e-02,5.484407998532044720e-02,5.461244984434480976e-02,5.452842837703974349e-02,5.459164995685403254e-02,5.480251654710868031e-02,5.516219604742794019e-02,5.567261764796446744e-02,5.633646410128105575e-02,5.715716079583518794e-02,5.813886149670108305e-02,5.928643061293199790e-02,6.060542186020590610e-02,6.210205321409755647e-02,6.378317809204714361e-02,6.565625275256320448e-02,6.772929993866098897e-02,7.001086878343300290e-02,7.250999088167127404e-02,7.523613213736901617e-02,7.819913944149263496e-02,8.140918036158553694e-02,8.487667283308054922e-02,8.861220024095846359e-02,9.262640327862314837e-02,9.692979134785055517e-02,1.015353867194278004e-01,1.064496526759334954e-01,1.116820545740755538e-01,1.172416869456143068e-01,1.231365093672710659e-01,1.293732914367011211e-01,1.359574875085661771e-01,1.428931153179432145e-01,1.501826444354575629e-01,1.578268911429920596e-01,1.658249160672164157e-01,1.741739231734292237e-01,1.828691613062375654e-01,1.919038314184939864e-01,2.012690036924771053e-01,2.109535490423836146e-01,2.209440892423276126e-01,2.312249693956315022e-01,2.417782558304873153e-01,2.525837618913622795e-01,2.636191035656686998e-01,2.748597864875674812e-01,2.862793256368368344e-01,2.978493990458704888e-01,3.095400370986911565e-01,3.213198496232601009e-01,3.331562940216177271e-01,3.450159892428055208e-01,3.568650825675316329e-01,3.686696790125916223e-01,3.803963467045085589e-01,3.920127157480908231e-01,4.034881926930159457e-01,4.147948171528490491e-01,4.259082904639470701e-01,4.368092067813044710e-01,4.474845119777876579e-01,4.579292011180855493e-01,4.681482356356296837e-01,4.781586100262604222e-01
6.545454545454545414e-01,6.306261010193860983e-01,6.237996422180330791e-01,6.165898374218365952e-01,6.089842509127647574e-01,6.009778486549093302e-01,5.925717291642530471e-01,5.837720695250899761e-01,5.745892712718183581e-01,5.650372792593334470e-01,5.551330427034015802e-01,5.448960881101452269e-01,5.343481766986166726e-01,5.235130228163993316e-01,5.124160539764099909e-01,5.010841970889029495e-01,4.895456790321676688e-01,4.778298328345788604e-01,4.659669034299784296e-01,4.539878492290131407e-01,4.419241376639768126e-01,4.298075344503565209e-01,4.176698876028599461e-01,4.055429082721835887e-01,3.934579512533714074e-01,3.814457985745616786e-01,3.695364499170830652e-01,3.577589237517206922e-01,3.461410730045114126e-01,3.347094187819748545e-01,3.234890051788718024e-01,3.125032774408155745e-01,3.017739847421516131e-01,2.913211075737742184e-01,2.811628082806705287e-01,2.713154018309748006e-01,2.617933427941437907e-01,2.526092243378715851e-01,2.437737866952592869e-01,2.352959378223017095e-01,2.271828069254963889e-01,2.194400100428677558e-01,2.120764336591714760e-01,2.050826719203070192e-01,1.984628613017216381e-01,1.922167688758622539e-01,1.863426294648460602e-01,1.808376650255820728e-01,1.756983395936824732e-01,1.709205557779666651e-01,1.664998214641814356e-01,1.624313946683875465e-01,1.587104107976925194e-01,1.553319955471970382e-01,1.522913659337674086e-01,1.495839212312539135e-01,1.472053249000136732e-01,1.451515780716726989e-01,1.434190847843708483e-01,1.420047089435263754e-01,1.409058228739684948e-01,1.401203472905273861e-01,1.396467825167484467e-01,1.394842308017388566e-01,1.396324096113180924e-01,1.400916557935677487e-01,1.408629205402351092e-01,1.419477550831118318e-01,1.433482870822138100e-01,1.450671876826034878e-01,1.471076292408518005e-01,1.494732337528455746e-01,1.521680120491037957e-01,1.551962938591997521e-01,1.585626488741420925e-01,1.622717989431687602e-01,1.663285215160154318e-01,1.707375443740329068e-01,1.755034315880419360e-01,1.806304605296542853e-01,1.861224897086418972e-01,1.919828172746075590e-01,1.982140300711732195e-01,2.048178416524233103e-01,2.117948975418132429e-01,2.191458941893603407e-01,2.268686003060647050e-01,2.349583092162686460e-01,2.434105222294193627e-01,2.522187968058310914e-01,2.613748378439675335e-01,2.708684636525984235e-01,2.806875723252198473e-01,2.908181220273124423e-01,3.012441286933402185e-01,3.119476831706343711e-01,3.229089895830353218e-01,3.341064263696972847e-01,3.455166308893961036e-01,3.571146077319991008e-01,3.688738600535898526e-01,3.807665424463484438e-01,3.927636331319222518e-01,4.048351226691893068e-01,4.169502159193574364e-01,4.290775437309616858e-01,4.411853807083334633e-01,4.532418655222512083e-01,4.652152205225061898e-01,4.770739679320969429e-01,4.887871406550370335e-01,5.003244867314080579e-01,5.116566677452732970e-01,5.227554530592032345e-01,5.335939136481943068e-01,5.441466215722923216e-01,5.543898638033405435e-01,5.643018822351084651e-01,5.738631552594093410e-01,5.830567402163309154e-01,5.918687001306013329e-01,6.002886420129111000e-01,6.083103968549454788e-01,6.159328719463862400e-01,6.231611021621519253e-01,6.300075152419016833e-01
6.583333333333333259e-01,7.454116610406242849e-01,7.416119086919279457e-01,7.374585387752222720e-01,7.329435670344404130e-01,7.280623001821959761e-01,7.228127417572239866e-01,7.171951433432515177e-01,7.112116771842482699e-01,7.048662068895178434e-01,6.981641350568205118e-01,6.911123093506837956e-01,6.837189713427943571e-01,6.759937349887416014e-01,6.679475838729092008e-01,6.595928782821490755e-01,6.509433647953428714e-01,6.420141824482324955e-01,6.328218607022253472e-01,6.233843054621726054e-01,6.137207702920394192e-01,6.038518108031800669e-01,5.937992209587422687e-01,5.835859507664258317e-01,5.732360055256277009e-01,5.627743274542508223e-01,5.522266611392895319e-01,5.416194048233009539e-01,5.309794500405062845e-01,5.203340125348230316e-01,5.097104577033924055e-01,4.991361239903413516e-01,4.886381476756627151e-01,4.782432923335580566e-01,4.679777858493223142e-01,4.578671672791257419e-01,4.479361450547479917e-01,4.382084672183667040e-01,4.287068038499755041e-01,4.194526424137427489e-01,4.104662010474058320e-01,4.017663896600370821e-01,3.933713973218172510e-01,3.853007133725981359e-01,3.775590176718812696e-01,3.701627570811937273e-01,3.631234831648375572e-01,3.564511329842171561e-01,3.501542753573658739e-01,3.442402575009489429e-01,3.387153324363803564e-01,3.335847776522343766e-01,3.288530060972412739e-01,3.245236695525423598e-01,3.205997547005197679e-01,3.170836723656202949e-01,3.139773402717039863e-01,3.112822593566852425e-01,3.089995833575148731e-01,3.071301811194597775e-01,3.056746909312139659e-01,3.046335661400080830e-01,3.040071113378666201e-01,3.037955085072454597e-01,3.039988326489069248e-01,3.046170565717126744e-01,3.056500446910456192e-01,3.070975358552756052e-01,3.089591153909587162e-01,3.112341767279260263e-01,3.139218731273745178e-01,3.170210601862376576e-01,3.205302299193923954e-01,3.244474373179643822e-01,3.287702203367263154e-01,3.334955142733447842e-01,3.386195614779037300e-01,3.441378173101912741e-01,3.500448533111990002e-01,3.563342587553786078e-01,3.629985421423984615e-01,3.700290345986089746e-01,3.774157965083688726e-01,3.851475188519773440e-01,3.932111935194587682e-01,4.015950148470403547e-01,4.102810085054148792e-01,4.192524300057951514e-01,4.284908558150065661e-01,4.379764446248279874e-01,4.476880243546930704e-01,4.576031849686089115e-01,4.676983851658166880e-01,4.779490738078142065e-01,4.883298256216508926e-01,4.988144900913131785e-01,5.093763518843031912e-01,5.199883006185781475e-01,5.306230072998807668e-01,5.412531043989436963e-01,5.518513663123276736e-01,5.623908868694934560e-01,5.728452506063629324e-01,5.831886947112668862e-01,5.933962588491061840e-01,6.034439204674757473e-01,6.133087136684042262e-01,6.229688302768467967e-01,6.324037023380391087e-01,6.415940659205922048e-01,6.505220067843054954e-01,6.591709891909565133e-01,6.675258698986313854e-01,6.755729001997191618e-01,6.832997197624789409e-01,6.906953470479814117e-01,6.977501722399104267e-01,7.044559599923617688e-01,7.108058709222938587e-01,7.167945126957608881e-01,7.224180338063771467e-01,7.276742757014400542e-01,7.325630016675811484e-01,7.370862235808567364e-01,7.412486497415579079e-01,7.450582776517893357e-01
6.621212121212121104e-01,8.210881055000686102e-01,8.193065688736248520e-01,8.172501936599962935e-01,8.149139094978471443e-01,8.122938159168777705e-01,8.093869574383596444e-01,8.061911716759448954e-01,8.027049963337236083e-01,7.989276229671966600e-01,7.948588872761717106e-01,7.904992874058143215e-01,7.858500231837158845e-01,7.809130504079886403e-01,7.756911452478757463e-01,7.701879745581426961e-01,7.644081684823625933e-01,7.583573921665097695e-01,7.520424137577784718e-01,7.454711661565736058e-01,7.386528002469124887e-01,7.315977275746505804e-01,7.243176506909596579e-01,7.168255796425957449e-01,7.091358333804826941e-01,7.012640251776757205e-01,6.932270314986160864e-01,6.850429441403783626e-01,6.767310058673930984e-01,6.683115301728049795e-01,6.598058062091044507e-01,6.512359903200262146e-01,6.426249859520465346e-01,6.339963140029988287e-01,6.253739758461557274e-01,6.167823113235921806e-01,6.082458539133663855e-01,5.997891850511737344e-01,5.914367893226706308e-01,5.832129122466550575e-01,5.751414237087716375e-01,5.672456977041301363e-01,5.595485750884127141e-01,5.520753455697398060e-01,5.448407589949237906e-01,5.378654781026567244e-01,5.311688038855099103e-01,5.247682864619770404e-01,5.186801569265087064e-01,5.129193896367464367e-01,5.074997400510330436e-01,5.024337847206922225e-01,4.977329642872760918e-01,4.934076267891207013e-01,4.894670690783797795e-01,4.859195753205308721e-01,4.827724524315966104e-01,4.800320626957507719e-01,4.777038537918637529e-01,4.757923862274085480e-01,4.743013579009802694e-01,4.732336252948748934e-01,4.725912206859387843e-01,4.723753647615613893e-01,4.725864741202735475e-01,4.732241632992876257e-01,4.742872411763757179e-01,4.757737018174511001e-01,4.776807100604100742e-01,4.800045823191194105e-01,4.827407632373864610e-01,4.858837989000304725e-01,4.894273073058009738e-01,4.933639467224973929e-01,4.976853824121442726e-01,5.023822521014748022e-01,5.074441305978610872e-01,5.128594942499753451e-01,5.186156866231445006e-01,5.246988877559235487e-01,5.310940903446662587e-01,5.377850861693221907e-01,5.447544606347054508e-01,5.519835169130694608e-01,5.594524235039795013e-01,5.671420296877914824e-01,5.750296592612961222e-01,5.830927837434920491e-01,5.913082304078074447e-01,5.996522830650562463e-01,6.081008149741036206e-01,6.166294308969271221e-01,6.252136137100102742e-01,6.338288734814010450e-01,6.424508972510398763e-01,6.510556976068602175e-01,6.596197579391783750e-01,6.681201721177865149e-01,6.765347763125573177e-01,6.848422707742471971e-01,6.930223295906117187e-01,7.010556967149533802e-01,7.089242669049906631e-01,7.166111505900163436e-01,7.241007220826231050e-01,7.313786509532215208e-01,7.384319167770537762e-01,7.452488078348900036e-01,7.518189046934509179e-01,7.581330499066289974e-01,7.641833053646476248e-01,7.699628990801624662e-01,7.754661634459020236e-01,7.806884672412101045e-01,7.856261439209920594e-01,7.902764190122258947e-01,7.946373397958597096e-01,7.987077108970401795e-01,8.024870399788049946e-01,8.059754984727437455e-01,8.091739032236844320e-01,8.120837261100061211e-01,8.147071401482001152e-01,8.170471122924291008e-01,8.191075550363755564e-01,8.208935508851376017e-01
6.659090909090908950e-01,8.683955894836589140e-01,8.679610699245500216e-01,8.673195637501450728e-01,8.664672582833713443e-01,8.654006262278709505e-01,8.641163618524528856e-01,8.626113493406594168e-01,8.608826571150233198e-01,8.589275531180338152e-01,8.567435369651634769e-01,8.543283855653798220e-01,8.516802094186595173e-01,8.487975172404068624e-01,8.456792868781582984e-01,8.423250407054698741e-01,8.387349238213429592e-01,8.349097834692641440e-01,8.308512481349876744e-01,8.265618048014535812e-01,8.220448728462336208e-01,8.173048730730404499e-01,8.123472903848721893e-01,8.071787286412052120e-01,8.018069563025242985e-01,7.962409415591849005e-01,7.904908757713694500e-01,7.845681842162355313e-01,7.784855233472777192e-01,7.722567640171943415e-01,7.658969603948355687e-01,7.594223046123654841e-01,7.528500674988245489e-01,7.461985260783343676e-01,7.394868788165653850e-01,7.327351498677907582e-01,7.259640837848087003e-01,7.191950322920138694e-01,7.124498348009596915e-01,7.057506944805053140e-01,6.991200523182412585e-01,6.925804645786886038e-01,6.861545050309609817e-01,6.798648751373259635e-01,6.737360741634850214e-01,6.677829765167112575e-01,6.620288332271944132e-01,6.564937960347837498e-01,6.511969293063957220e-01,6.461562600040050564e-01,6.413887375560004545e-01,6.369101974917517062e-01,6.327353382118752201e-01,6.288777087728067983e-01,6.253497033000717797e-01,6.221625580509559938e-01,6.193263485035219729e-01,6.168499852976047082e-01,6.147412089428763160e-01,6.130065838038830650e-01,6.116514920415759837e-01,6.106801280954969879e-01,6.100954940866447629e-01,6.098993963228606097e-01,6.100924429518005399e-01,6.106740427454497855e-01,6.116424049974077404e-01,6.129945405377930090e-01,6.147262638848574046e-01,6.168321965246557070e-01,6.193057712232236112e-01,6.221392371390386256e-01,6.253236653637653797e-01,6.288489544726018066e-01,6.327038358441252619e-01,6.368758790485712362e-01,6.413514985625861087e-01,6.461159643423255439e-01,6.511534200323830790e-01,6.564469132198625934e-01,6.619784412703431098e-01,6.677290113447633679e-01,6.736786793753986036e-01,6.798053092443349099e-01,6.860909997432139695e-01,6.925127238711715760e-01,6.990479904519819598e-01,7.056743277630490585e-01,7.123692496706267585e-01,7.191103660108588702e-01,7.258755099262381716e-01,7.326428668085326334e-01,7.393911006125152285e-01,7.460994753581697836e-01,7.527479700627477399e-01,7.593173854421350066e-01,7.657894408046836965e-01,7.721468597069032214e-01,7.783734431550219934e-01,7.844541294052856939e-01,7.903750397184996501e-01,7.961235097415363393e-01,8.016881065041175924e-01,8.070586313196939088e-01,8.122261091543113709e-01,8.171827652702756684e-01,8.219219901572065723e-01,8.264382939303505093e-01,8.307272515039353378e-01,8.347854399396913427e-01,8.386103694305651057e-01,8.422004094137904850e-01,8.455547113228251144e-01,8.486731294935410119e-01,8.515561417466384064e-01,8.542047711872161608e-01,8.566205108071889285e-01,8.588052525617720923e-01,8.607612227341236988e-01,8.624909256214849940e-01,8.639970978907227650e-01,8.652826763909341468e-01,8.663507828235160746e-01,8.672047293486482289e-01,8.678480501383584178e-01,8.682845650563817408e-01
6.696969696969696795e-01,8.962672947699997783e-01,8.968571575257715534e-01,8.972852623790413817e-01,8.975484571387419841e-01,8.976435294840976464e-01,8.975672018364092564e-01,8.973161402022615807e-01,8.968869747759486977e-01,8.962763305362719812e-01,8.954808664335514035e-01,8.944973219601252135e-01,8.933225701182074818e-01,8.919536759936282921e-01,8.903879601104004449e-01,8.886230657984449666e-01,8.866570298068909839e-01,8.844883553559077516e-01,8.821160867632230618e-01,8.795398847125669439e-01,8.767601011555857804e-01,8.737778527633659476e-01,8.705950917738890515e-01,8.672146730242266122e-01,8.636404159167285766e-01,8.598771600523523739e-01,8.559308132763958632e-01,8.518083909268761023e-01,8.475180451561851180e-01,8.430690833153551278e-01,8.384719745468729446e-01,8.337383439260038775e-01,8.288809537183055021e-01,8.239136715774770803e-01,8.188514257846484234e-01,8.137101479178967534e-01,8.085067036275308539e-01,8.032588124677019215e-01,7.979849579997939646e-01,7.927042896768320412e-01,7.874365185226634978e-01,7.822018100564316345e-01,7.770206836780403359e-01,7.719139616254913072e-01,7.669035384303416469e-01,7.620093737942742473e-01,7.572484178682945544e-01,7.526425760644523955e-01,7.482112736811955545e-01,7.439731597344415581e-01,7.399460354080454882e-01,7.361467581147302930e-01,7.325911566997639346e-01,7.292939635571821233e-01,7.262687628329920209e-01,7.235279513423481523e-01,7.210827081043984510e-01,7.189429688754510606e-01,7.171174032027517464e-01,7.156133928178811665e-01,7.144370112706823761e-01,7.135930053997997513e-01,7.130847795411383583e-01,7.129143833825145604e-01,7.130825041951639465e-01,7.135884639062345380e-01,7.144302211776073497e-01,7.156043783542287429e-01,7.171061928575903632e-01,7.189295923520427900e-01,7.210671928580392187e-01,7.235103190120434347e-01,7.262490259833063178e-01,7.292721232324484992e-01,7.325672013276202099e-01,7.361206642533466571e-01,7.399177707116664227e-01,7.439426883651661937e-01,7.481785643698773969e-01,7.526076135166640535e-01,7.572112206801625556e-01,7.619700358401598761e-01,7.668627748820305845e-01,7.718712289053820674e-01,7.769757591307295819e-01,7.821546716356694295e-01,7.873871959132190401e-01,7.926528435647756110e-01,7.979314700440879315e-01,8.032033785984290519e-01,8.084494290608459366e-01,8.136511433399122861e-01,8.187908044320594270e-01,8.238515470331501112e-01,8.288174382797143247e-01,8.336735474298501147e-01,8.384060035532786559e-01,8.430020405730226374e-01,8.474500292853617278e-01,8.517394962702145023e-01,8.558611298788518784e-01,8.598067737401194899e-01,8.635694084523358738e-01,8.671431223203188710e-01,8.705230721525534232e-01,8.737054352509012745e-01,8.766873538050293790e-01,8.794668729480866753e-01,8.820428737416570186e-01,8.844150023416700312e-01,8.865835965571454702e-01,8.885496109558613798e-01,8.903145416011754021e-01,8.918803514285282841e-01,8.932493971946270372e-01,8.944243588630871322e-01,8.954081722335986981e-01,8.962039655820107642e-01,8.968150010788173976e-01,8.972446218107641425e-01,8.974962051964721077e-01,8.975731237814176255e-01,8.974787146179861175e-01,8.972162586332074197e-01,8.967889717469900157e-01,8.962000099502328565e-01
6.734848484848484640e-01,9.104106490935353069e-01,9.119018403679008955e-01,9.132561011432861475e-01,9.144709872412680740e-01,9.155438424881858772e-01,9.164718107416084392e-01,9.172518548536900962e-01,9.178807819106580279e-01,9.183552742426910331e-01,9.186719258108748676e-01,9.188272836529224330e-01,9.188178941150013657e-01,9.186403536320995045e-01,9.182913637543697050e-01,9.177677900720379034e-01,9.170667247747388284e-01,9.161855523849474769e-01,9.151220181457209168e-01,9.138742984708853045e-01,9.124410727631689921e-01,9.108215958038213822e-01,9.090157698171745793e-01,9.070242152193672691e-01,9.048483389761651230e-01,9.024903994255203399e-01,8.999535663709283817e-01,8.972419752262226211e-01,8.943607739956921376e-01,8.913161619088180165e-01,8.881154185994856176e-01,8.847669228267915909e-01,8.812801598794104407e-01,8.776657169865483832e-01,8.739352662736870059e-01,8.701015350462957265e-01,8.661782634547872117e-01,8.621801498842388556e-01,8.581227847233555694e-01,8.540225735171922405e-01,8.498966509761670673e-01,8.457627881963084571e-01,8.416392979459517143e-01,8.375449532862512259e-01,8.334990096048120467e-01,8.295229753111775794e-01,8.256303440412053885e-01,8.218423026192590575e-01,8.181778054150261603e-01,8.146551417210537993e-01,8.112919781483983739e-01,8.081052425383155047e-01,8.051110004727486391e-01,8.023243419730403669e-01,7.997592837862296244e-01,7.974286887634577381e-01,7.953442014474660926e-01,7.935161974610364100e-01,7.919537436542372077e-01,7.906645661475207865e-01,7.896550241383484270e-01,7.889300882740607479e-01,7.884933232322988150e-01,7.883468747124687814e-01,7.884914612758624486e-01,7.889263714246874670e-01,7.896494660804431742e-01,7.906571863313894832e-01,7.919445660927318942e-01,7.935052492808009061e-01,7.953315113400547531e-01,7.974142855206225455e-01,7.997431951299615038e-01,8.023065938935955987e-01,8.050916172601433329e-01,8.080842476396807861e-01,8.112693959259190679e-01,8.146310001721400740e-01,8.181521400570328506e-01,8.218151623739071709e-01,8.256018027862956910e-01,8.294931784008769959e-01,8.334682903784179642e-01,8.375130868256063232e-01,8.416062830862518496e-01,8.457286508484301857e-01,8.498614303276980086e-01,8.539863170174174511e-01,8.580855451555917668e-01,8.621419833232479846e-01,8.661392277436429366e-01,8.700616886361695057e-01,8.738946673387982811e-01,8.776244227550162869e-01,8.812382261357377677e-01,8.847244035515198224e-01,8.880723657186891939e-01,8.912726251318179305e-01,8.943168007238669892e-01,8.971976105194567896e-01,8.999088529610476117e-01,9.024453777683809630e-01,9.048030473357675518e-01,9.069786897786940028e-01,9.089700448114582665e-01,9.107757036727479605e-01,9.123950443190018689e-01,9.138281630799941491e-01,9.150758039212757433e-01,9.161392863887164451e-01,9.170204332261860936e-01,9.177214985629537081e-01,9.182450974673539434e-01,9.185941375613023707e-01,9.187717532875422366e-01,9.187812433494557673e-01,9.186260117837192762e-01,9.183095129299264636e-01,9.178352006445272826e-01,9.172064820615872804e-01,9.164266761377829473e-01,9.154989772541254345e-01,9.144264241924769943e-01,9.132118748797737329e-01,9.118579874052399337e-01,9.103672079707093578e-01
6.772727272727272485e-01,9.142070404784208293e-01,9.165770213188706439e-01,9.188194039655657175e-01,9.209326775321946545e-01,9.229150288225330678e-01,9.247643561074844198e-01,9.264782876103839770e-01,9.280542044978538074e-01,9.294892682497988279e-01,9.307804523349199055e-01,9.319245781499683190e-01,9.329183551930103624e-01,9.337584254348412216e-01,9.344414118289281479e-01,9.349639708625427925e-01,9.353228490221774383e-01,9.355149429373107450e-01,9.355373628254164409e-01,9.353874989612005475e-01,9.350630906502590545e-01,9.345622970851706901e-01,9.338837693838131226e-01,9.330267229938228324e-01,9.319910095390659954e-01,9.307771870852247220e-01,9.293865877154418031e-01,9.278213812381839176e-01,9.260846338023646096e-01,9.241803601740843366e-01,9.221135684391517096e-01,9.198902959389643197e-01,9.175176353273057916e-01,9.150037497533626274e-01,9.123578763321165130e-01,9.095903172563890582e-01,9.067124181333398036e-01,9.037365333902647180e-01,9.006759788903691000e-01,8.975449722380759443e-01,8.943585616716699382e-01,8.911325450670236625e-01,8.878833818728529836e-01,8.846281047629483973e-01,8.813842564351875852e-01,8.781700695231751119e-01,8.750047518302186411e-01,8.719015729980297280e-01,8.688807332274066653e-01,8.659599423188272249e-01,8.631564279335119938e-01,8.604868549918130993e-01,8.579671934308616965e-01,8.556125835655468137e-01,8.534372091655586523e-01,8.514541830977142567e-01,8.496754483556495652e-01,8.481116956464964662e-01,8.467722971920390584e-01,8.456652552257267752e-01,8.447971630062121040e-01,8.441731760503372595e-01,8.437969915883145600e-01,8.436708347578125711e-01,8.437954505920327586e-01,8.441701013081149840e-01,8.447925687512638504e-01,8.456591621567902672e-01,8.467647317426761910e-01,8.481026890981268052e-01,8.496650358717577900e-01,8.514424027733202838e-01,8.534241011942435007e-01,8.555981896225335337e-01,8.579515563543933521e-01,8.604700188207252687e-01,8.631384383369690161e-01,8.659408474519748600e-01,8.688605850957765719e-01,8.718804295802736748e-01,8.749826804836619010e-01,8.781472311421512078e-01,8.813607793125413092e-01,8.846039953243023390e-01,8.878586615296214513e-01,8.911072404560195226e-01,8.943327022962298534e-01,8.975185892946725419e-01,9.006491045003063300e-01,9.037092000338425857e-01,9.066846582120351439e-01,9.095621627477502580e-01,9.123293585170317854e-01,9.149748990020506456e-01,9.174884809342044312e-01,9.198608659988992686e-01,9.220838897588501393e-01,9.241504582142211488e-01,9.260545326462500393e-01,9.277911035838612985e-01,9.293561548885109769e-01,9.307466190700581787e-01,9.319603250264152372e-01,9.329959394430000774e-01,9.338529030978615086e-01,9.345313632974804330e-01,9.350321036212551062e-01,9.353564720837619362e-01,9.355063087377362141e-01,9.354838736419940348e-01,9.352917760103420797e-01,9.349329052417836294e-01,9.344103644539868414e-01,9.337274070398676740e-01,9.328873765243026472e-01,9.318936500980325999e-01,9.307495860647493346e-01,9.294584753282938427e-01,9.280234970172502873e-01,9.264476783065287435e-01,9.247338584718314269e-01,9.228846572066317089e-01,9.209024472434577113e-01,9.187893313529954531e-01,9.165471238473867910e-01,9.141773367902765735e-01
6.810606060606060330e-01,9.096492607100764571e-01,9.129251045200202919e-01,9.160719070663598806e-01,9.190892454131615041e-01,9.219763323169578584e-01,9.247320243411145668e-01,9.273548347247003720e-01,9.298429507663211746e-01,9.321942555780219353e-01,9.344063541352182201e-01,9.364766035985364612e-01,9.384021479135232768e-01,9.401799567058263252e-01,9.418068684837405113e-01,9.432796381374805028e-01,9.445949886857368805e-01,9.457496671652586562e-01,9.467405044911220147e-01,9.475644790605547430e-01,9.482187837492574989e-01,9.487008957400376863e-01,9.490086487535682735e-01,9.491403069779319468e-01,9.490946398608279821e-01,9.488709968548380003e-01,9.484693810881946741e-01,9.478905208310072217e-01,9.471359375421403159e-01,9.462080092185991553e-01,9.451100277318064125e-01,9.438462488282343132e-01,9.424219334993748642e-01,9.408433794911851278e-01,9.391179418280976021e-01,9.372540413722253438e-01,9.352611606249808807e-01,9.331498262046070691e-01,9.309315776996971437e-01,9.286189229090247022e-01,9.262252798485894889e-01,9.237649063941307803e-01,9.212528192209427091e-01,9.187047055157100406e-01,9.161368371357784257e-01,9.135660320816825219e-01,9.110111258581029547e-01,9.084855415539974111e-01,9.060071057746948986e-01,9.035935370602182770e-01,9.012616807263226226e-01,8.990279341902944754e-01,8.969081285513152979e-01,8.949173896391994232e-01,8.930699993193128572e-01,8.913792632761131651e-01,8.898573891218447551e-01,8.885153777262123631e-01,8.873629297386158576e-01,8.864083682029082478e-01,8.856585770698954807e-01,8.851189544954447541e-01,8.847933792361608596e-01,8.846841882936302692e-01,8.847921641879818999e-01,8.851165307715884722e-01,8.856549572050207431e-01,8.864035704885141476e-01,8.873569776534121489e-01,8.885082992469951479e-01,8.898492159713180527e-01,8.913700301704421403e-01,8.930597432773801359e-01,8.949061494059087352e-01,8.968959441690427248e-01,8.990148467249161612e-01,9.012477321102043692e-01,9.035787699160321429e-01,9.059915627274763850e-01,9.084692613712522791e-01,9.109940608300267639e-01,9.135485382415362565e-01,9.161189446573965167e-01,9.186864334163521439e-01,9.212341880402007410e-01,9.237459372826808401e-01,9.262059941811308095e-01,9.285993420373689355e-01,9.309117227650884896e-01,9.331297179841275824e-01,9.352408194022877597e-01,9.372334868281103626e-01,9.390971929484915881e-01,9.408224544911587550e-01,9.424008497621012559e-01,9.438250228581611667e-01,9.450886751212836945e-01,9.461865446273927116e-01,9.471143746891417248e-01,9.478688724975227187e-01,9.484476591321507888e-01,9.488492122351939173e-01,9.490728026715196108e-01,9.491184264905708767e-01,9.489867334681896249e-01,9.486789534430791759e-01,9.481968215780207654e-01,9.475425035733646695e-01,9.467185217423679244e-01,9.457276827845785272e-01,9.445730079605565432e-01,9.432576660981200067e-01,9.417849099903067289e-01,9.401580165361613783e-01,9.383802308514450630e-01,9.364547145216187696e-01,9.343844981013548212e-01,9.321724379100744251e-01,9.298211771340518794e-01,9.273331112232521267e-01,9.247103575653281560e-01,9.219547294307560703e-01,9.190677142132969157e-01,9.160504560397473295e-01,9.129037428939837939e-01,9.096279984947781561e-01
6.848484848484848175e-01,8.978844531931363671e-01,9.021147195506962202e-01,9.062078972208291727e-01,9.101646123678688305e-01,9.139851032473225168e-01,9.176692150643365187e-01,9.212164012770253096e-01,9.246257307694963901e-01,9.278959004841431657e-01,9.310252532342003784e-01,9.340118005202260321e-01,9.368532502505543258e-01,9.395470393181857283e-01,9.420903710165960954e-01,9.444802572862608381e-01,9.467135657727825393e-01,9.487870716476684008e-01,9.506975140943936253e-01,9.524416572965268557e-01,9.540163556816990686e-01,9.554186230782805156e-01,9.566457053638197650e-01,9.576951560353273996e-01,9.585649138673681957e-01,9.592533819875734835e-01,9.597595073827638323e-01,9.600828597048931545e-01,9.602237081831400678e-01,9.601830953396073287e-01,9.599629061246270911e-01,9.595659310354611726e-01,9.589959217627327392e-01,9.582576379266417588e-01,9.573568835236486718e-01,9.563005318065075366e-01,9.550965374679387665e-01,9.537539351911631380e-01,9.522828238689151625e-01,9.506943360774523510e-01,9.490005927297981980e-01,9.472146432469480404e-01,9.453503921565564738e-01,9.434225140306704560e-01,9.414463612157452088e-01,9.394378788357107268e-01,9.374136167445625833e-01,9.353918566954407821e-01,9.333848920062676191e-01,9.314114866751215249e-01,9.294883744463188213e-01,9.276318564835591696e-01,9.258577532669434174e-01,9.241812675604311744e-01,9.226168396376192016e-01,9.211780051597832086e-01,9.198772597937416862e-01,9.187259334482150708e-01,9.177340765358282804e-01,9.169103602068172654e-01,9.162619919115035927e-01,9.157946469743110107e-01,9.155124162246096597e-01,9.154177692662048837e-01,9.155115327750774634e-01,9.157928833120552170e-01,9.162593544539112678e-01,9.169068584440915881e-01,9.177297228802799856e-01,9.187207430520114571e-01,9.198712503472897817e-01,9.211711966813990182e-01,9.226092542604413804e-01,9.241729293134555157e-01,9.258486878295523193e-01,9.276220908542579524e-01,9.294779363631064939e-01,9.314004032735936356e-01,9.333731855290570145e-01,9.353795183733112362e-01,9.374007210032487825e-01,9.394246823231243715e-01,9.414328812118615275e-01,9.434087677836422436e-01,9.453363967706120974e-01,9.472004155964655059e-01,9.489861493830117345e-01,9.506796932270752398e-01,9.522679972688535832e-01,9.537389400991456156e-01,9.550813885941041859e-01,9.562852432681281378e-01,9.573414688062857891e-01,9.582421098519240399e-01,9.589802924630196346e-01,9.595502119355242554e-01,9.599471079304344734e-01,9.601672280342385957e-01,9.602077810297203753e-01,9.600668812564218113e-01,9.597434854985787966e-01,9.592373238561989757e-01,9.585488260353429713e-01,9.576790444416567460e-01,9.566295753795955870e-01,9.554024795510170920e-01,9.540002029838730024e-01,9.524254993778784595e-01,9.506813545374372953e-01,9.487709137258791836e-01,9.466974125109971494e-01,9.444641115227544459e-01,9.420742354663390605e-01,9.395309166367680209e-01,9.368371430982980197e-01,9.339957116259669512e-01,9.310091854582666082e-01,9.278798568800138424e-01,9.246097146436959013e-01,9.212004162467158919e-01,9.176532651121920292e-01,9.139691927731574683e-01,9.101487462365696057e-01,9.061920808061227905e-01,9.020989587743847293e-01,8.978687545593172503e-01
6.886363636363636020e-01,8.795855765466006337e-01,8.848231434261530914e-01,8.899129369147107393e-01,8.948563189780017746e-01,8.996543087333153110e-01,9.043075529192956541e-01,9.088163062711723805e-01,9.131804206297462478e-01,9.173993418815795664e-01,9.214721140510098163e-01,9.253973900475009895e-01,9.291734487184623026e-01,9.327982179719130906e-01,9.362693038174608740e-01,9.395840252308236273e-01,9.427394547775636013e-01,9.457324649376877002e-01,9.485597800549131486e-01,9.512180337939651897e-01,9.537038319271918807e-01,9.560138201893539911e-01,9.581447568378618218e-01,9.600935894368251011e-01,9.618575352508824672e-01,9.634341645320515513e-01,9.648214857974724001e-01,9.660180318834338253e-01,9.670229457739337731e-01,9.678360648292710922e-01,9.684580019127392303e-01,9.688902218760639951e-01,9.691351117870228293e-01,9.691960432492148225e-01,9.690774251751983481e-01,9.687847454320523966e-01,9.683245998866076842e-01,9.677047075373204077e-01,9.669339106324496003e-01,9.660221589391805308e-01,9.649804776477373114e-01,9.638209187766254571e-01,9.625564964222745878e-01,9.612011068785946133e-01,9.597694359424763233e-01,9.582768594033113096e-01,9.567393601281906079e-01,9.551736964724042434e-01,9.535969518687175128e-01,9.520226567637266601e-01,9.504691847519389780e-01,9.489529948075735577e-01,9.474901095483421187e-01,9.460959930175675270e-01,9.447853983060082728e-01,9.435722141969495880e-01,9.424693170011603227e-01,9.414884306609601072e-01,9.406399974935549801e-01,9.399330616813796890e-01,9.393751674166646026e-01,9.389722733669412236e-01,9.387286848305035347e-01,9.386470046173351900e-01,9.387281033567536070e-01,9.389711096249458988e-01,9.393734200099360665e-01,9.399307289708555002e-01,9.406370780771308171e-01,9.414849239127169866e-01,9.424652236050619081e-01,9.435675366126178298e-01,9.447801411108057712e-01,9.460901630723231870e-01,9.474837159197205816e-01,9.489460483121350265e-01,9.504616967413037631e-01,9.520146357418590721e-01,9.535883896527415082e-01,9.551644929977259890e-01,9.567299012018994908e-01,9.582671588752726954e-01,9.597595075333114067e-01,9.611909643132416914e-01,9.625461533508598011e-01,9.638103886887683380e-01,9.649697737957445565e-01,9.660112942714677020e-01,9.669228977363827360e-01,9.676935585903971848e-01,9.683133266151133789e-01,9.687733590765132963e-01,9.690659364621826422e-01,9.691844623691764360e-01,9.691234483779280762e-01,9.688784850126919146e-01,9.684462001014647603e-01,9.678242060082117293e-01,9.670110373182769781e-01,9.660060806157909630e-01,9.648094980030034185e-01,9.634221459781446839e-01,9.618454912110778743e-01,9.600815247187085566e-01,9.581326758146291311e-01,9.560017268346553410e-01,9.536917298529061782e-01,9.512059262905854240e-01,9.485476701341611916e-01,9.457203553769808480e-01,9.427273481660153331e-01,9.395719240163831198e-01,9.362572103548445490e-01,9.327861345710000140e-01,9.291613776927818424e-01,9.253853337624832198e-01,9.214600749716607142e-01,9.173873226192235109e-01,9.131684239875342834e-01,9.088043352879724424e-01,9.042956109116824237e-01,8.996423993352968829e-01,8.948444461781688286e-01,8.899011050905299980e-01,8.848113573750520100e-01,8.795738415135486710e-01
6.924242424242423866e-01,8.551457873141979915e-01,8.614324357715494873e-01,8.675621249730430806e-01,8.735362988777314319e-01,8.793562126263948509e-01,8.850228630837231325e-01,8.905369347557584581e-01,8.958987590810968404e-01,9.011082854836079958e-01,9.061650629077916408e-01,9.110682308409370211e-01,9.158165190632406860e-01,9.204082555620684003e-01,9.248413822033393350e-01,9.291134778739951194e-01,9.332217888972917930e-01,9.371632665786384653e-01,9.409346117654607822e-01,9.445323263011824455e-01,9.479527712217847846e-01,9.511922314848001436e-01,9.542469869363102708e-01,9.571133891131737848e-01,9.597879433478109235e-01,9.622673954940684782e-01,9.645488224279182843e-01,9.666297253039258797e-01,9.685081244270240530e-01,9.701826543438373252e-01,9.716526574549749773e-01,9.729182747185981528e-01,9.739805315656653306e-01,9.748414171081488666e-01,9.755039547296298075e-01,9.759722621420638955e-01,9.762515990522733222e-01,9.763484007032391387e-01,9.762702957389389757e-01,9.760261070878543110e-01,9.756258348691829729e-01,9.750806206989248714e-01,9.744026932213251113e-01,9.736052952573305275e-01,9.727025938001032657e-01,9.717095758068822198e-01,9.706419383713759119e-01,9.695160157756914643e-01,9.683499575136964577e-01,9.671570085054497223e-01,9.659553836234768820e-01,9.647620885583063632e-01,9.635935838973656020e-01,9.624658126563137017e-01,9.613940413533830220e-01,9.603926911161416724e-01,9.594751726812856818e-01,9.586537298373523086e-01,9.579392941850288778e-01,9.573413536053003714e-01,9.568678366064041763e-01,9.565250145488792821e-01,9.563174235437773563e-01,9.562478075448158643e-01,9.563170837955469183e-01,9.565243313542328707e-01,9.568668029268982966e-01,9.573399597304517172e-01,9.579375286243998477e-01,9.586515803263571112e-01,9.594726271840091636e-01,9.603897387157018795e-01,9.613906729338947965e-01,9.624620212859044122e-01,9.635893647913819082e-01,9.647574383566169809e-01,9.659502981327259263e-01,9.671514749755334428e-01,9.683438906841181915e-01,9.695095942624284424e-01,9.706353087214688591e-01,9.717027460839061659e-01,9.726955729071333767e-01,9.735980925873227720e-01,9.743953184623539432e-01,9.750730836940030288e-01,9.756181455061705421e-01,9.760182752098235381e-01,9.762623310699607426e-01,9.763403127864710429e-01,9.762433971982945602e-01,9.759639553859535965e-01,9.754955517957256683e-01,9.748329263816779555e-01,9.739719610706545350e-01,9.729096321015849869e-01,9.716439499741218455e-01,9.701738888631452618e-01,9.684993074153115389e-01,9.666208628383049506e-01,9.645399202014689477e-01,9.622584588275046036e-01,9.597789772047458090e-01,9.571043981187354888e-01,9.542379753987932922e-01,9.511832034200721209e-01,9.479437303801274695e-01,9.445232761962530921e-01,9.409255557050867358e-01,9.371542076971222102e-01,9.332127301889457938e-01,9.291044222275850473e-01,9.248323324371835463e-01,9.203992144594651537e-01,9.158074894079699657e-01,9.110592154525571917e-01,9.061560646764161842e-01,9.010993074039489459e-01,8.958898042854367416e-01,8.905280065456330219e-01,8.850139649599964020e-01,8.793473483174738536e-01,8.735274723656730744e-01,8.675533405172379808e-01,8.614236979297639207e-01,8.551371009606926199e-01
6.962121212121211711e-01,8.248487173059094735e-01,8.321980710359930811e-01,8.393875646948730784e-01,8.464176631517222882e-01,8.532889485877459546e-01,8.600019922567263553e-01,8.665572489671105050e-01,8.729549713453166326e-01,8.791951414229042250e-01,8.852774175220518016e-01,8.912010947946636952e-01,8.969650781022572295e-01,9.025678662089126059e-01,9.080075465004853186e-01,9.132817996418938211e-01,9.183879137434803885e-01,9.233228077277502166e-01,9.280830636713106596e-01,9.326649679441001428e-01,9.370645609798374798e-01,9.412776954889354730e-01,9.453001028685447116e-01,9.491274674754751617e-01,9.527555083079199960e-01,9.561800674940067468e-01,9.593972048124587149e-01,9.624032972777637474e-01,9.651951426142338919e-01,9.677700652264151771e-01,9.701260230624569880e-01,9.722617136431302987e-01,9.741766771666748870e-01,9.758713944333727852e-01,9.773473776141554659e-01,9.786072514151410440e-01,9.796548223169135872e-01,9.804951336653008331e-01,9.811345045219863614e-01,9.815805504023414896e-01,9.818421843256898152e-01,9.819295969780329481e-01,9.818542152401720235e-01,9.816286388789207118e-01,9.812665558932754939e-01,9.807826380735847893e-01,9.801924207321518479e-01,9.795121798838721805e-01,9.787589004252016389e-01,9.779507613580005199e-01,9.771018503778591269e-01,9.762310628607813179e-01,9.753555533121961441e-01,9.744919698988838697e-01,9.736563137257278067e-01,9.728637516117562001e-01,9.721284292018512740e-01,9.714632928825673863e-01,9.708799246008726902e-01,9.703883926050187458e-01,9.699971206461313056e-01,9.697127778293334055e-01,9.695401909672727303e-01,9.694822809284115994e-01,9.695400240754833421e-01,9.697124394578219286e-01,9.699966019663088801e-01,9.703876811990711504e-01,9.708790053384139807e-01,9.714621489202585058e-01,9.721270429941859526e-01,9.728621058223305695e-01,9.736543919309824657e-01,9.744897569617503308e-01,9.753530352228242384e-01,9.762282255255855246e-01,9.770986754044215239e-01,9.779472053426443434e-01,9.787549252937693955e-01,9.795080463912547719e-01,9.801881285184221859e-01,9.807781891816154118e-01,9.812619535918061242e-01,9.816238873028478862e-01,9.818493191894809291e-01,9.819245617743548316e-01,9.818370156979939756e-01,9.815752543909009864e-01,9.811290873955968994e-01,9.804896018489965837e-01,9.796491823285314871e-01,9.786015098096449982e-01,9.773415409349599514e-01,9.758654691701030837e-01,9.741706697189340680e-01,9.722556302899211245e-01,9.701198699369537604e-01,9.677638482957846566e-01,9.651888676643252118e-01,9.623969699023476876e-01,9.593908304066970372e-01,9.561736512519518616e-01,9.527490552237319887e-01,9.491209823480603047e-01,9.452935903093349079e-01,9.412711599324808942e-01,9.370580066969098620e-01,9.326583990569808913e-01,9.280764841709845392e-01,9.233162214926462497e-01,9.183813245594885100e-01,9.132752112233347708e-01,9.080009625117271277e-01,9.025612902863529019e-01,8.969585138763396248e-01,8.911945459116948909e-01,8.852708876654370451e-01,8.791886343336329235e-01,8.729484908413150945e-01,8.665507989612112327e-01,8.599955767729816625e-01,8.532825717758154571e-01,8.464113292990295134e-01,8.393812782363010427e-01,8.321918365608382828e-01,8.248425395618493861e-01
6.999999999999999556e-01,7.890007332771529214e-01,7.973793514074318800e-01,8.056070418488696649e-01,8.136817964935343372e-01,8.216022172472225993e-01,8.293673103922999390e-01,8.369763119175455124e-01,8.444285401259394863e-01,8.517232723073535627e-01,8.588596427220850371e-01,8.658365595727010033e-01,8.726526390377445930e-01,8.793061547989545756e-01,8.857950018106431900e-01,8.921166733359096046e-01,8.982682505088500635e-01,9.042464038747525246e-01,9.100474065119730227e-01,9.156671584492298566e-01,9.211012221602704608e-01,9.263448689445967776e-01,9.313931359872726912e-01,9.362408938335843311e-01,9.408829239159329783e-01,9.453140056323258156e-01,9.495290123007386063e-01,9.535230151052416225e-01,9.572913939135223593e-01,9.608299535880537867e-01,9.641350441435003749e-01,9.672036828307641887e-01,9.700336759633262362e-01,9.726237380761776352e-01,9.749736059085424289e-01,9.770841442277209410e-01,9.789574406714975918e-01,9.805968869919292619e-01,9.820072437594363768e-01,9.831946859479482326e-01,9.841668270973944477e-01,9.849327201138025067e-01,9.855028332383516387e-01,9.858890002873458291e-01,9.861043449517206128e-01,9.861631798270487081e-01,9.860808822579655297e-01,9.858737526406747831e-01,9.855588780175285057e-01,9.851543405592319003e-01,9.846776328266688694e-01,9.841452013462974602e-01,9.835760599944163296e-01,9.829877938462886489e-01,9.823973705783854982e-01,9.818209387844687441e-01,9.812736139502447053e-01,9.807692723628269604e-01,9.803203594110101449e-01,9.799377163171727467e-01,9.796304284553257746e-01,9.794056978337044583e-01,9.792687418199097493e-01,9.792227197078311463e-01,9.792686882565803108e-01,9.794055868706088575e-01,9.796302526352465012e-01,9.799374649705070439e-01,9.803200192137523361e-01,9.807688279852544433e-01,9.812730487261334122e-01,9.818202353205375266e-01,9.823965112052300830e-01,9.829867607592984724e-01,9.835748347586564799e-01,9.841437627550031486e-01,9.846759481019095039e-01,9.851522607199584280e-01,9.855567169696597407e-01,9.858714976563441867e-01,9.860785274134551415e-01,9.861607210330026740e-01,9.861017793475527204e-01,9.858863260288294184e-01,9.855000493833118158e-01,9.849298265397338215e-01,9.841638244305127570e-01,9.831915754965124821e-01,9.820040274488028853e-01,9.805935673007468711e-01,9.789540205691769081e-01,9.770806271136677212e-01,9.749699955537050045e-01,9.726200385674564908e-01,9.700298916513059311e-01,9.671998182812446831e-01,9.641311040931146437e-01,9.608259429040720834e-01,9.572873175580719485e-01,9.535188781039272143e-01,9.495248197156478387e-01,9.453097625392857806e-01,9.408786353858682450e-01,9.362365649177610827e-01,9.313887717061545279e-01,9.263404742800195324e-01,9.210968020506453691e-01,9.156627177874056001e-01,9.100429501454184722e-01,9.042419366076863696e-01,8.982637771059777121e-01,8.921121985273139376e-01,8.857905302975497275e-01,8.793016912599351809e-01,8.726481881349806846e-01,8.658321259579612184e-01,8.588552310420505265e-01,8.517188872078871320e-01,8.444241862550034838e-01,8.369719939263681185e-01,8.293630329345055285e-01,8.215979849755644659e-01,8.136776140539666580e-01,8.056029138716521709e-01,7.973752824950557372e-01,7.889967279888407958e-01
7.037878787878788511e-01,7.480594221122395249e-01,7.573651625365594997e-01,7.665468370207387805e-01,7.755981007045151809e-01,7.845139060116185226e-01,7.932902078059572704e-01,8.019237064377520152e-01,8.104116249311006381e-01,8.187515168344697836e-01,8.269411015881998894e-01,8.349781246284803116e-01,8.428602398211688662e-01,8.505849121865997065e-01,8.581493392262286024e-01,8.655503894859550851e-01,8.727845572836909760e-01,8.798479327859330956e-01,8.867361868367630295e-01,8.934445701197888390e-01,8.999679263669078111e-01,9.063007194148346990e-01,9.124370739491833859e-01,9.183708297644875840e-01,9.240956093058234622e-01,9.296048981429223534e-01,9.348921378616957822e-01,9.399508306425100601e-01,9.447746545341453306e-01,9.493575881320663878e-01,9.536940430389985179e-01,9.577790021351043626e-01,9.616081613281691753e-01,9.651780721068544677e-01,9.684862818991381017e-01,9.715314689602397857e-01,9.743135683381014545e-01,9.768338854393089354e-01,9.790951932416945835e-01,9.811018098521798736e-01,9.828596532442561706e-01,9.843762700741418570e-01,9.856608361584047184e-01,9.867241267938470228e-01,9.875784558381809353e-01,9.882375833658610942e-01,9.887165928766955547e-01,9.890317409942152027e-01,9.892002882904860073e-01,9.892403572687149538e-01,9.891715914097940487e-01,9.890099824043808718e-01,9.887757154076570743e-01,9.884875833827173608e-01,9.881637587119581623e-01,9.878216232286174403e-01,9.874775222875169511e-01,9.871465220138163632e-01,9.868421816957119175e-01,9.865763471336398416e-01,9.863589691578552587e-01,9.861979506836905385e-01,9.860990250030976512e-01,9.860656673887997492e-01,9.860990414833833428e-01,9.861979813520213023e-01,9.863590094898398997e-01,9.865763904891236002e-01,9.868422194831428795e-01,9.871465438877053966e-01,9.874775163539564193e-01,9.878215762152379176e-01,9.881636560191967567e-01,9.884874088304584916e-01,9.887754501538579266e-01,9.890096009496597285e-01,9.891710366382594488e-01,9.892396652185513339e-01,9.891995880993672552e-01,9.890310196184847191e-01,9.887158395186315119e-01,9.882367882849236729e-01,9.875776101638573667e-01,9.867232225227740017e-01,9.856598661921925908e-01,9.843752282576018198e-01,9.828585343907371152e-01,9.811006097521658420e-01,9.790939086545565884e-01,9.768325140699175568e-01,9.743121088005980424e-01,9.715299207315880592e-01,9.684846452650368587e-01,9.651763481024240310e-01,9.616063516754751461e-01,9.577771091793311209e-01,9.536920696849080503e-01,9.493555377819846708e-01,9.447725310284541544e-01,9.399486382034102361e-01,9.348898810407627602e-01,9.296025817728119645e-01,9.240932384562698942e-01,9.183684097026566517e-01,9.124346101042347668e-01,9.062982173465757851e-01,8.999653917381930102e-01,8.934420086723513510e-01,8.867336043700874137e-01,8.798453351387238719e-01,8.727819503174822913e-01,8.655477790703474117e-01,8.581467312252827329e-01,8.505823124458452567e-01,8.428576541547524448e-01,8.349755588059071254e-01,8.269385613201754026e-01,8.187490077573683633e-01,8.104091525895783521e-01,8.019212762650521631e-01,7.932878251015658133e-01,7.845115759157650359e-01,7.755958281693953182e-01,7.665446267780305911e-01,7.573630190611908564e-01,7.480573495823118479e-01
7.075757575757575246e-01,7.027542486274898081e-01,7.127981971493719815e-01,7.227685177971009400e-01,7.326525185989464228e-01,7.424396460023749977e-01,7.521211047006335360e-01,7.616895175135375284e-01,7.711386227923635595e-01,7.804630066072834049e-01,7.896578669525085026e-01,7.987188073148033807e-01,8.076416571518700849e-01,8.164223170850390954e-01,8.250566269006514020e-01,8.335402547569888965e-01,8.418686062936733272e-01,8.500367526272399887e-01,8.580393764800209322e-01,8.658707359223812849e-01,8.735246454042130404e-01,8.809944739035107109e-01,8.882731601230732243e-01,8.953532447150993612e-01,9.022269195028926880e-01,9.088860935954419240e-01,9.153224761509760610e-01,9.215276753388582653e-01,9.274933127756361806e-01,9.332111523747451676e-01,9.386732421563405149e-01,9.438720671243915339e-01,9.488007108466727235e-01,9.534530228871475055e-01,9.578237887618075153e-01,9.619088986422406062e-01,9.657055106437407721e-01,9.692122042324562425e-01,9.724291190946843244e-01,9.753580748337558060e-01,9.780026669962341712e-01,9.803683347165370598e-01,9.824623966041533540e-01,9.842940516600366951e-01,9.858743427778196011e-01,9.872160815434932735e-01,9.883337342248605939e-01,9.892432704198446114e-01,9.899619786915165864e-01,9.905082636374439309e-01,9.909015502120439578e-01,9.911619953744648104e-01,9.913074719316384842e-01,9.913591378055266468e-01,9.913366128197677041e-01,9.912587704766715468e-01,9.911434630488707986e-01,9.910072311389472866e-01,9.908650274881046771e-01,9.907299643491783714e-01,9.906130904245272761e-01,9.905232020669476611e-01,9.904666925172807002e-01,9.904474421081053137e-01,9.904667515311463832e-01,9.905233194316986900e-01,9.906132647544920733e-01,9.907301934241692365e-01,9.908653081023177656e-01,9.910075589238843685e-01,9.911438322757274433e-01,9.912591738207573444e-01,9.913370410113322428e-01,9.913595789234792566e-01,9.913079094514298806e-01,9.911623998600243013e-01,9.909018600205203864e-01,9.905086616490543783e-01,9.899624466685812418e-01,9.892437937223779176e-01,9.883342985143989123e-01,9.872166725273664456e-01,9.858749463413740699e-01,9.842946540840074032e-01,9.824629847881741762e-01,9.803688963802645873e-01,9.780031908466285673e-01,9.753585506945644523e-01,9.724295379981228171e-01,9.692125584754665013e-01,9.657057938124590235e-01,9.619091056088396874e-01,9.578239156582507574e-01,9.534530670603597047e-01,9.488006707993172917e-01,9.438719424451340601e-01,9.386730334429492784e-01,9.332108611530061104e-01,9.274929414164919672e-01,9.215272269758214563e-01,9.153219545993270811e-01,9.088855032744582729e-01,9.022262653619208539e-01,8.953525321640128931e-01,8.882723949674076191e-01,8.809936622843230758e-01,8.735237937425783805e-01,8.658698508681750283e-01,8.580384648646900425e-01,8.500358214199775775e-01,8.418676625604688546e-01,8.335393056219462249e-01,8.250556795088265227e-01,8.164213785662141065e-01,8.076407345844950347e-01,7.987179076893923257e-01,7.896569971338672778e-01,7.804621732948845425e-01,7.711378324782356408e-01,7.616887764371360614e-01,7.521204188002306168e-01,7.424390208625386567e-01,7.326519593939339048e-01,7.227680292299099030e-01,7.127977833866496749e-01,7.027539132304844172e-01
7.113636363636364202e-01,6.541402024096725221e-01,6.646360044335926087e-01,6.751361220253707662e-01,6.856197289822655305e-01,6.960690304601065970e-01,7.064688250836254069e-01,7.168061006939712154e-01,7.270696641033104202e-01,7.372498042734957346e-01,7.473379877135134519e-01,7.573265845280274799e-01,7.672086233851669324e-01,7.769775736570798674e-01,7.866271530812534163e-01,7.961511594603505326e-01,8.055433251386356908e-01,8.147971932408070161e-01,8.239060149186164805e-01,8.328626671052956620e-01,8.416595905161111668e-01,8.502887478427703094e-01,8.587416022593634679e-01,8.670091164774323955e-01,8.750817726479181990e-01,8.829496133985214046e-01,8.906023042081900876e-01,8.980292171487421760e-01,9.052195357626324768e-01,9.121623804925831358e-01,9.188469536362932066e-01,9.252627022727043515e-01,9.313994970080330393e-01,9.372478237373937926e-01,9.427989849354402319e-01,9.480453063069157471e-01,9.529803439811673771e-01,9.575990868627384245e-01,9.618981482946818984e-01,9.658759408931630874e-01,9.695328283065328678e-01,9.728712477740192321e-01,9.758957978713729275e-01,9.786132862494957285e-01,9.810327328327200780e-01,9.831653259775684495e-01,9.850243296608154342e-01,9.866249416527373972e-01,9.879841049219754145e-01,9.891202789564901288e-01,9.900531986327059109e-01,9.908044186771075568e-01,9.913927133080128185e-01,9.918403348027962085e-01,9.921686631264591272e-01,9.923983152052407997e-01,9.925489331670956927e-01,9.926388344964321986e-01,9.926846706309704338e-01,9.927011116265835877e-01,9.927005659575400820e-01,9.926929422256219882e-01,9.926854581837024627e-01,9.926825012785883695e-01,9.926855437339555666e-01,9.926931139973194096e-01,9.927008251650787374e-01,9.927014597839071142e-01,9.926851092143076372e-01,9.926393645397229015e-01,9.925495548108880239e-01,9.923990271945154484e-01,9.921694621763693656e-01,9.918412144870378810e-01,9.913936607899525022e-01,9.908053876465913179e-01,9.900542892461203781e-01,9.891215292427844030e-01,9.879855004552843267e-01,9.866264674226126186e-01,9.850259693825980101e-01,9.831670622522962200e-01,9.810345475031365670e-01,9.786151608088228260e-01,9.758977138708561094e-01,9.728731872020643934e-01,9.695347739242026197e-01,9.658778765179246717e-01,9.619000590289287222e-01,9.576009592671679282e-01,9.529821661957292855e-01,9.480470681237547215e-01,9.428006778293138712e-01,9.372494408596113713e-01,9.314010331501219042e-01,9.252641538058058446e-01,9.188483184318866348e-01,9.121636578296483666e-01,9.052207262256698472e-01,8.980303225204298023e-01,8.906033273598605859e-01,8.829505581809364845e-01,8.750826437842362804e-01,8.670099194598599457e-01,8.587423432503600296e-01,8.502894335813944160e-01,8.416602282296730131e-01,8.328632644262613516e-01,8.239065798063908153e-01,8.147977339079516268e-01,8.055438499808003083e-01,7.961516769891697765e-01,7.866276718593322448e-01,7.769781022342149290e-01,7.672091702347804132e-01,7.573271579829905509e-01,7.473385959003749912e-01,7.372504550443291782e-01,7.270703649643406319e-01,7.168068587303974004e-01,7.064696468801179297e-01,6.960699220165519341e-01,6.856206956247861140e-01,6.751371683126999867e-01,6.646371340592762689e-01,6.541414181010312134e-01
7.151515151515150936e-01,6.036227117204786552e-01,6.141917801207116279e-01,6.248712974654370145e-01,6.356312199407306851e-01,6.464453208345649626e-01,6.572907490529632524e-01,6.681476037131061085e-01,6.789985296148681737e-01,6.898283366082019752e-01,7.006236445172862037e-01,7.113725542894235865e-01,7.220643453454893557e-01,7.326891986647083854e-01,7.432379448893314811e-01,7.537018366434731220e-01,7.640723442883249339e-01,7.743409744527078864e-01,7.844991108578168726e-01,7.945378771755192693e-01,8.044480219002008159e-01,8.142198254578327798e-01,8.238430300043552146e-01,8.333067925625892158e-01,8.425996622960321147e-01,8.517095828022778203e-01,8.606239203128140947e-01,8.693295185932590208e-01,8.778127811355850296e-01,8.860597809091463883e-01,8.940563974833025673e-01,9.017884807481705289e-01,9.092420397459060055e-01,9.164034542953430895e-01,9.232597061698261109e-01,9.297986256034858066e-01,9.360091478974111867e-01,9.418815739260584241e-01,9.474078274647372844e-01,9.525817015353191808e-01,9.573990854635177072e-01,9.618581641176248143e-01,9.659595809048653337e-01,9.697065565699493073e-01,9.731049567214002938e-01,9.761633024465690145e-01,9.788927193434766583e-01,9.813068228532081383e-01,9.834215403234491948e-01,9.852548729034282804e-01,9.868266084110650649e-01,9.881580525177859897e-01,9.892720227589569815e-01,9.901891041145521877e-01,9.909333678382764576e-01,9.915274382259477992e-01,9.919930494353674799e-01,9.923506353278789271e-01,9.926189009347651249e-01,9.928144211537971442e-01,9.929512815263460412e-01,9.930407711679122285e-01,9.930911357403405804e-01,9.931073965810386373e-01,9.930912403809800670e-01,9.930409820629634288e-01,9.929516017512297621e-01,9.928148549550377400e-01,9.926194533262094888e-01,9.923513116053425120e-01,9.919938546381229516e-01,9.915283765479573352e-01,9.909344418965192469e-01,9.901903135568072001e-01,9.892733582628089328e-01,9.881595279650076113e-01,9.868283226531917585e-01,9.852568149673537334e-01,9.834236987329245672e-01,9.813091835254569295e-01,9.788952655357282540e-01,9.761660150963914484e-01,9.731078149329195348e-01,9.697095381611069431e-01,9.659626629698083722e-01,9.618613235731591216e-01,9.574022995570554695e-01,9.525849482985417893e-01,9.474110861029599873e-01,9.418848251380735892e-01,9.360123741247583506e-01,9.298018112113752842e-01,9.232628375644238439e-01,9.164065199838058451e-01,9.092450303465142714e-01,9.017913889584515674e-01,8.940592180138811074e-01,8.860625103907608935e-01,8.778154180060350198e-01,8.693320629703649161e-01,8.606263738585366863e-01,8.517119485823023695e-01,8.426019446383432587e-01,8.333089969176575851e-01,8.238451628089070722e-01,8.142218940035638175e-01,8.044500342080581623e-01,7.945398418759880288e-01,7.845010370769418540e-01,7.743428717034888109e-01,7.640742223667484900e-01,7.537037055282505005e-01,7.432398146443885967e-01,7.326910793431496982e-01,7.220662468939794687e-01,7.113744864517599353e-01,7.006256167359972142e-01,6.898303579231815919e-01,6.790006085580986284e-01,6.681497481987216380e-01,6.572929662622546410e-01,6.464476170956964252e-01,6.356336006033850294e-01,6.248737667710253518e-01,6.141943410693759819e-01,6.036253659365642399e-01
7.189393939393939892e-01,5.527241003731578894e-01,5.629038047007677292e-01,5.733247722616628961e-01,5.839478443671340946e-01,5.947381701533490661e-01,6.056648360872453063e-01,6.167004834096440069e-01,6.278209233391057742e-01,6.390047574646886552e-01,6.502330087686898352e-01,6.614887671176671313e-01,6.727568518048844259e-01,6.840234927810816545e-01,6.952760315293907700e-01,7.065026420864933820e-01,7.176920724470855495e-01,7.288334064796208045e-01,7.399158464975893468e-01,7.509285167456388743e-01,7.618602882481247951e-01,7.726996257066506280e-01,7.834344574003295758e-01,7.940520693149893949e-01,8.045390249830401963e-01,8.148811127297833634e-01,8.250633221693456365e-01,8.350698518485799582e-01,8.448841498730262911e-01,8.544889891401109550e-01,8.638665784274972559e-01,8.729987100200615746e-01,8.818669437946878853e-01,8.904528267158162702e-01,8.987381455358685045e-01,9.067052091680199988e-01,9.143371557461315025e-01,9.216182778669977926e-01,9.285343580002983765e-01,9.350730046425853592e-01,9.412239785853221408e-01,9.469794977683893000e-01,9.523345087009924548e-01,9.572869124390633866e-01,9.618377336765449037e-01,9.659912226709251870e-01,9.697548814762625424e-01,9.731394083951592222e-01,9.761585574559880074e-01,9.788289125336069318e-01,9.811695822603752060e-01,9.832018363723552534e-01,9.849490599105270583e-01,9.864344498813364392e-01,9.876820949186149168e-01,9.887173680052884217e-01,9.895643869914930724e-01,9.902460619951397591e-01,9.907835528901012268e-01,9.911957486672793305e-01,9.914987969373899590e-01,9.917056992803331417e-01,9.918259842991848929e-01,9.918654675075676552e-01,9.918261045978968848e-01,9.917059420416804993e-01,9.914991663478092132e-01,9.911962506674408813e-01,9.907841948072532157e-01,9.902468521131688739e-01,9.895653340979690960e-01,9.887184809371225569e-01,9.876833820262905794e-01,9.864359176329368095e-01,9.849506859457169972e-01,9.832037685124772608e-01,9.811718084115133021e-01,9.788314276806417968e-01,9.761613532330976062e-01,9.731424724785373570e-01,9.697581977032532219e-01,9.659947714277359321e-01,9.618414924354451445e-01,9.572908563852378094e-01,9.523386114056664464e-01,9.469837318722003072e-01,9.412283164616307429e-01,9.350774190160565658e-01,9.285388225021660169e-01,9.216227675142661946e-01,9.143416473375747255e-01,9.067096815947746080e-01,8.987425800084708483e-01,8.904572069128399159e-01,8.818712559403011353e-01,8.730029428993150153e-01,8.638707233488607251e-01,8.544930398548523653e-01,8.448881024606144097e-01,8.350737045766293276e-01,8.250670753356537102e-01,8.148847684929558799e-01,8.045425871870566237e-01,7.940555433121081474e-01,7.834378498755522058e-01,7.727029445061082136e-01,7.618635422129951262e-01,7.509317155523400622e-01,7.399190005044352647e-01,7.288365265797657200e-01,7.176951699269218388e-01,7.065057284885939426e-01,6.952791185187923162e-01,6.840265920134270816e-01,6.727599747950879783e-01,6.614919251076426532e-01,6.502362125927066971e-01,6.390080174111586464e-01,6.278242490078467242e-01,6.167038835637165262e-01,6.056683184991700220e-01,5.947417414457317753e-01,5.839515098484389100e-01,5.733285357584564368e-01,5.629076683885220200e-01,5.527280646087350258e-01
7.227272727272727737e-01,5.031919883300925989e-01,5.124718375292380834e-01,5.221396263824582551e-01,5.321486590254019822e-01,5.424565861436770886e-01,5.530251829149591680e-01,5.638200810715328082e-01,5.748104689386270838e-01,5.859687708405078022e-01,5.972703150406012407e-01,6.086929974327989212e-01,6.202169465462952225e-01,6.318241940610898055e-01,6.434983539444970591e-01,6.552243124865926305e-01,6.669879309129608247e-01,6.787757618590206654e-01,6.905747807768704005e-01,7.023721332893582137e-01,7.141548995813814527e-01,7.259098771051758492e-01,7.376233831481108227e-01,7.492810791471737897e-01,7.608678190061133328e-01,7.723675240510229356e-01,7.837630876162153815e-01,7.950363125480718329e-01,8.061678851104486787e-01,8.171373888282443820e-01,8.279233616705486964e-01,8.385033996069308770e-01,8.488543089287035048e-01,8.589523087778129229e-01,8.687732840489754693e-01,8.782930872230162445e-01,8.874878857718748737e-01,8.963345495984629263e-01,9.048110706179839369e-01,9.128970041656301326e-01,9.205739195722842938e-01,9.278258451528348383e-01,9.346396911819576658e-01,9.410056333699905462e-01,9.469174390594330415e-01,9.523727189674734417e-01,9.573730888774825143e-01,9.619242282466603511e-01,9.660358262038679644e-01,9.697214098330806387e-01,9.729980554353769850e-01,9.758859918160456282e-01,9.784081434347228212e-01,9.805901016257304592e-01,9.824557879568943664e-01,9.840332015458835846e-01,9.853491172265004261e-01,9.864292944188320922e-01,9.872978067318894935e-01,9.879763534918554191e-01,9.884836288196865439e-01,9.888347747301293733e-01,9.890409368518017219e-01,9.891089369189070002e-01,9.890410721670861438e-01,9.888350477480909451e-01,9.884840442135802707e-01,9.879769180344817325e-01,9.872985290579825435e-01,9.864301847864895834e-01,9.853501873464411975e-01,9.840344645661029954e-01,9.824572586665157869e-01,9.805917958339732676e-01,9.784101320905584931e-01,9.758883232770491079e-01,9.730007318994645660e-01,9.697244305868235603e-01,9.660391858734813653e-01,9.619279165136224163e-01,9.573770906066632058e-01,9.523770145729346659e-01,9.469220050410633860e-01,9.410104429746868338e-01,9.346447151476567905e-01,9.278310524955243332e-01,9.205792783789384925e-01,9.129024823601953331e-01,9.048166366730192589e-01,8.963401731714100151e-01,8.874935382514894666e-01,8.782987421778316595e-01,8.687789175754095927e-01,8.589578997502450575e-01,8.488598391577522051e-01,8.385088539147191877e-01,8.279287278935578698e-01,8.171426577590704676e-01,8.061730503898357769e-01,7.950413705182894919e-01,7.837680371456302586e-01,7.723723663388555316e-01,7.608725573748149618e-01,7.492857188286649039e-01,7.376279310687738899e-01,7.259143416731491660e-01,7.141592904786817630e-01,7.023764612703780053e-01,6.905790574738756016e-01,6.787799995945529297e-01,6.669921425187156361e-01,6.552285111273855600e-01,6.435025529463225258e-01,6.318284067413496574e-01,6.202211860447014447e-01,6.086972765412028696e-01,5.972746460300383253e-01,5.859731652842578020e-01,5.748149375298994279e-01,5.638246334354222178e-01,5.530298274142163573e-01,5.424613296790385952e-01,5.321535068316082251e-01,5.221445818223560131e-01,5.124769018890948935e-01,5.031971606207347181e-01
7.265151515151515582e-01,4.566805013514554923e-01,4.645454615184995140e-01,4.729478140688038179e-01,4.818362997454613272e-01,4.911635267690178108e-01,5.008859547088763131e-01,5.109638011576836947e-01,5.213608865527736835e-01,5.320444306425188286e-01,5.429848121998304133e-01,5.541553017463113351e-01,5.655317753426395422e-01,5.770924159713870516e-01,5.888174077148846663e-01,6.006886268256399486e-01,6.126893329010785205e-01,6.248038627046713644e-01,6.370173287105828086e-01,6.493153241787137375e-01,6.616836364773521773e-01,6.741079704471836243e-01,6.865736838281756294e-01,6.990655371319129952e-01,7.115674608149328284e-01,7.240623431700369261e-01,7.365318429694173163e-01,7.489562315284437055e-01,7.613142694640764319e-01,7.735831239396784298e-01,7.857383325523751294e-01,7.977538201530675055e-01,8.096019747127988220e-01,8.212537877775786255e-01,8.326790640102761376e-01,8.438467027380820440e-01,8.547250522670635231e-01,8.652823349888122406e-01,8.754871380306598061e-01,8.853089604923829459e-01,8.947188043332808816e-01,9.036897919523096956e-01,9.121977897255696410e-01,9.202220135547075630e-01,9.277455901749305234e-01,9.347560468935353084e-01,9.412457028430001316e-01,9.472119369115602483e-01,9.526573113173990581e-01,9.575895352691461415e-01,9.620212602441032823e-01,9.659697076253070946e-01,9.694561467357651896e-01,9.725054029948314582e-01,9.751444624440945841e-01,9.774005657919190293e-01,9.793040608975132066e-01,9.808838883172006362e-01,9.821675325137543267e-01,9.831800972845944342e-01,9.839434370773216809e-01,9.844753958034320185e-01,9.847891840775433447e-01,9.848929179052112737e-01,9.847893352662243638e-01,9.844757005226294488e-01,9.839438999807510466e-01,9.831807253004004599e-01,9.821683348477324715e-01,9.808848765804749625e-01,9.793052495068698127e-01,9.774019729472027684e-01,9.751461125104999850e-01,9.725073499249202724e-01,9.694584729572672810e-01,9.659724193985630425e-01,9.620243646511428270e-01,9.575930347565742018e-01,9.526612028413247169e-01,9.472162117118202440e-01,9.412503465320762874e-01,9.347610397821194406e-01,9.277509077925636394e-01,9.202276273276174257e-01,9.122036677712993535e-01,9.036958999487622046e-01,8.947251064198357140e-01,8.853154201632592590e-01,8.754937189855113155e-01,8.652890019116664666e-01,8.547317715121578452e-01,8.438534429083923705e-01,8.326857964216707320e-01,8.212604868078142717e-01,8.096086180398019971e-01,7.977603888907858209e-01,7.857448112954392716e-01,7.735895007295100489e-01,7.613205356897773113e-01,7.489623817757649071e-01,7.365378748299857836e-01,7.240682570221119718e-01,7.115732595853004883e-01,6.990712260469812422e-01,6.865792701607613679e-01,6.741134632639044222e-01,6.616890463900766406e-01,6.493206631023583641e-01,6.370226096283716499e-01,6.248090994410552268e-01,6.126945399017815763e-01,6.006938189437999176e-01,5.888226000016423267e-01,5.770976234691810314e-01,5.655370128792642781e-01,5.541605837276550872e-01,5.429901523996203405e-01,5.320498419873965767e-01,5.213663809015429695e-01,5.109693890741059397e-01,5.008916452281521048e-01,4.911693271587828646e-01,4.818422152633869415e-01,4.729538477198783064e-01,4.645516138164744735e-01,4.566867700904932437e-01
7.303030303030303427e-01,4.147371442860720570e-01,4.207201113928522029e-01,4.273772745450679644e-01,4.346566756599945514e-01,4.425092871823362306e-01,4.508892207514426653e-01,4.597538382322264860e-01,4.690637786995592307e-01,4.787829142607981092e-01,4.888782465496505636e-01,4.993197544666548859e-01,5.100802023924791984e-01,5.211349167474685906e-01,5.324615374815366842e-01,5.440397499007646465e-01,5.558510012035714487e-01,5.678782052331166064e-01,5.801054382678572097e-01,5.925176281771574738e-01,6.051002389700971262e-01,6.178389526653041974e-01,6.307193505095124442e-01,6.437265958716814618e-01,6.568451216344391996e-01,6.700583255872185617e-01,6.833482781811066609e-01,6.966954480089369017e-01,7.100784514901348210e-01,7.234738344120585918e-01,7.368558941379048655e-01,7.501965523372766675e-01,7.634652889130530973e-01,7.766291482443614669e-01,7.896528287836281912e-01,8.024988662677690066e-01,8.151279191688817205e-01,8.274991623812084640e-01,8.395707914298116137e-01,8.513006346797985513e-01,8.626468652109757773e-01,8.735687974148027557e-01,8.840277463190957530e-01,8.939879206348069207e-01,9.034173141455523748e-01,9.122885549893869905e-01,9.205796692781230695e-01,9.282747149528328690e-01,9.353642442105207788e-01,9.418455584602969388e-01,9.477227285467926254e-01,9.530063648598179338e-01,9.577131383062352787e-01,9.618650932871655179e-01,9.654894536693741092e-01,9.686131589635665895e-01,9.712690467654112592e-01,9.734894037206864859e-01,9.753055693893997180e-01,9.767467153637531263e-01,9.778386149718417686e-01,9.786025476417751223e-01,9.790543937873815716e-01,9.792039599694200014e-01,9.790545626112711064e-01,9.786028873557244268e-01,9.778391297952618855e-01,9.767474118784610360e-01,9.753064569521763261e-01,9.734904952428863334e-01,9.712703602218343280e-01,9.686147206737868443e-01,9.654913089644528990e-01,9.618673548807092910e-01,9.577158153155069797e-01,9.530094707153721201e-01,9.477262729084205972e-01,9.418495454361266450e-01,9.353686717370311987e-01,9.282795745770346940e-01,9.205849462238111514e-01,9.122942284692833192e-01,9.034233578903317907e-01,8.939943036051227754e-01,8.840344335601381109e-01,8.735757510081302302e-01,8.626540452766657818e-01,8.513080003833136677e-01,8.395783019523834767e-01,8.275067778188403000e-01,8.151356013329095207e-01,8.025065793683280324e-01,7.896605399855782803e-01,7.766368280925489698e-01,7.634729116303964336e-01,7.502040960038471873e-01,7.368633407629616716e-01,7.234811699132043250e-01,7.100856655945109175e-01,6.967025340918935328e-01,6.833552330564889310e-01,6.700651492626121808e-01,6.568518170425879932e-01,6.437331685879850163e-01,6.307258084631579553e-01,6.178453058501841566e-01,6.051064991596242226e-01,5.925238086458880504e-01,5.801115535213451357e-01,5.678842707463838124e-01,5.558570331677049614e-01,5.440457649763357217e-01,5.324675525571761492e-01,5.211409487015253861e-01,5.100862678555061480e-01,4.993258695824637217e-01,4.888844267328680826e-01,4.787891739491552667e-01,4.690701310995695761e-01,4.597602950576987202e-01,4.508957919549907989e-01,4.425159806811775898e-01,4.346634970585241398e-01,4.273842268580964610e-01,4.207271947749559593e-01,4.147443557743692444e-01
7.340909090909091272e-01,3.786157350643067909e-01,3.823511158601538562e-01,3.868703667598801799e-01,3.921247538067300642e-01,3.980672492860929945e-01,4.046529403585282236e-01,4.118393354093828895e-01,4.195865772813460182e-01,4.278575731282404093e-01,4.366180506562233332e-01,4.458365501304458745e-01,4.554843608404847699e-01,4.655354098385582340e-01,4.759661097776762273e-01,4.867551716533346506e-01,4.978833872501592928e-01,5.093333851578210059e-01,5.210893633874721376e-01,5.331368009185596391e-01,5.454621499629994652e-01,5.580525103735256565e-01,5.708952874660788712e-01,5.839778345984315555e-01,5.972870821686924181e-01,6.108091552928666124e-01,6.245289833080740483e-01,6.384299054431581411e-01,6.524932785035350014e-01,6.666980942199688398e-01,6.810206159755187727e-01,6.954340468804668385e-01,7.099082435022214810e-01,7.244094918140048245e-01,7.389003638863735901e-01,7.533396752343042291e-01,7.676825632263031274e-01,7.818807061979988760e-01,7.958827005299730084e-01,8.096346086190349123e-01,8.230806841677246188e-01,8.361642724715852015e-01,8.488288725661361500e-01,8.610193356634096018e-01,8.726831610399415906e-01,8.837718375264522752e-01,8.942421673273844851e-01,9.040575005212594384e-01,9.131888046549438975e-01,9.216154954766295759e-01,9.293259627368494202e-01,9.363177392961682388e-01,9.425972826334594323e-01,9.481793695961758806e-01,9.530862448011911958e-01,9.573461053696769030e-01,9.609890761044439511e-01,9.640513647297855870e-01,9.665683327628974419e-01,9.685738512644023190e-01,9.700985115237044099e-01,9.711679861871460595e-01,9.718016564062550433e-01,9.720115790013753587e-01,9.718018457756592010e-01,9.711683665160052437e-01,9.700990862735660025e-01,9.685746263927342836e-01,9.665693178456054024e-01,9.640525749403744404e-01,9.609905360273672814e-01,9.573478586653859645e-01,9.530884210365261344e-01,9.481819895663399222e-01,9.426003624985052065e-01,9.363212943684120493e-01,9.293300030233516695e-01,9.216200245950854075e-01,9.131938193306587959e-01,9.040629904156115559e-01,8.942481151482553070e-01,8.837782193983991785e-01,8.726899471082377735e-01,8.610264908965570285e-01,8.488363577125936921e-01,8.361720451206480220e-01,8.230886998623604400e-01,8.096428219700849693e-01,7.958910662862518359e-01,7.818891802339034136e-01,7.676911034176275850e-01,7.533482422022160785e-01,7.389089215986597292e-01,7.244180080410984601e-01,7.099166901322413459e-01,6.954424001032881719e-01,6.810288563492764569e-01,6.667062066360961436e-01,6.525012520673136862e-01,6.384377332866272292e-01,6.245366623511823256e-01,6.108166859675346894e-01,5.972944681181461268e-01,5.839850823625051257e-01,5.709024061608912737e-01,5.580595113718623823e-01,5.454690465801369514e-01,5.331436081063641863e-01,5.210960974383074262e-01,5.093400634183699038e-01,4.978900278447608296e-01,4.867617932150786753e-01,4.759727311854061171e-01,4.655420499573371118e-01,4.554910382628911680e-01,4.458432829162864985e-01,4.366248560680977553e-01,4.278644673609950377e-01,4.195935751838482108e-01,4.118464501978629233e-01,4.046601833215788258e-01,3.980746294826992271e-01,3.921322777598302278e-01,3.868780381498572174e-01,3.823589352240036043e-01,3.786236995085242030e-01
7.378787878787879118e-01,3.491946417360825006e-01,3.504496452972825082e-01,3.525609093683764739e-01,3.554861018599999589e-01,3.591832958115212526e-01,3.636115203318686095e-01,3.687312200787735694e-01,3.745046268267929190e-01,3.808960482696629457e-01,3.878720802083316377e-01,3.954017487743690107e-01,4.034565894174131362e-01,4.120106691306217872e-01,4.210405578816648897e-01,4.305252545297391653e-01,4.404460717058161778e-01,4.507864832683973200e-01,4.615319370663363840e-01,4.726696348869411368e-01,4.841882806756890867e-01,4.960777974237167154e-01,5.083290125636401591e-01,5.209333113374027269e-01,5.338822574446945302e-01,5.471671804024580421e-01,5.607787295022954588e-01,5.747063951125490622e-01,5.889379994040234712e-01,6.034591604541761356e-01,6.182527361636602770e-01,6.332982575418126814e-01,6.485713646845034930e-01,6.640432631224701954e-01,6.796802230192326988e-01,6.954431486918417615e-01,7.112872507301469804e-01,7.271618570570763662e-01,7.430104019123242587e-01,7.587706321266061149e-01,7.743750672895800546e-01,7.897517436362860854e-01,8.048252600013526825e-01,8.195181276989315089e-01,8.337524049251113789e-01,8.474515712362558073e-01,8.605425706592877422e-01,8.729579256848609692e-01,8.846378020408671716e-01,8.955318892418453469e-01,9.056009576642906067e-01,9.148179616752323273e-01,9.231685813487389147e-01,9.306511337369733905e-01,9.372758555786396828e-01,9.430645889558815220e-01,9.480429210637494331e-01,9.522476508230389713e-01,9.557175111078947127e-01,9.584913362699032380e-01,9.606054705151358952e-01,9.620912043416681714e-01,9.629725809340232701e-01,9.632647246078085423e-01,9.629727955608181622e-01,9.620916345310430717e-01,9.606061187610352992e-01,9.584922079882661761e-01,9.557186170684927040e-01,9.522490115204051975e-01,9.480445760313442882e-01,9.430666337872743998e-01,9.372784352016384490e-01,9.306542092358770502e-01,9.231721714736500495e-01,9.148220803807929347e-01,9.056056122285250920e-01,8.955370795086291524e-01,8.846435200861965109e-01,8.729641558043723659e-01,8.605492896502291433e-01,8.474587489510875260e-01,8.337600050639152327e-01,8.195261087960004076e-01,8.048335765527933061e-01,7.897603473106434846e-01,7.743839081639393163e-01,7.587796598943832294e-01,7.430195670166949151e-01,7.271711117131327562e-01,7.112965498095559225e-01,6.954524504541043095e-01,6.796894896831950916e-01,6.640524612804136195e-01,6.485804655671579821e-01,6.333072371481929252e-01,6.182615752721328795e-01,6.034678445333702124e-01,5.889465184420360488e-01,5.747147433825505747e-01,5.607869052811437216e-01,5.471751856569849748e-01,5.338900974982500047e-01,5.209409945269092290e-01,5.083365498953141826e-01,4.960852022333679945e-01,4.841955682978050235e-01,4.726768223348582487e-01,4.615390427246378602e-01,4.507935265972870531e-01,4.404530729564064551e-01,4.305322344681949964e-01,4.210475375200995463e-01,4.120176694617005975e-01,4.034636311498929206e-01,3.954088520665863249e-01,3.878792643969251608e-01,3.809033315910903550e-01,3.745120261297091857e-01,3.687387505261821019e-01,3.636191950927419869e-01,3.591911257428166415e-01,3.554940951812246008e-01,3.525690713326578574e-01,3.504579778644726917e-01,3.492031432555207093e-01
7.416666666666666963e-01,3.268792479116506278e-01,3.255748170689839460e-01,3.251575059893010988e-01,3.255932539900313061e-01,3.268472135894482933e-01,3.288843718595538812e-01,3.316701018678445134e-01,3.351706425601427841e-01,3.393535075885020236e-01,3.441878252418472117e-01,3.496446128158227085e-01,3.556969895019105321e-01,3.623203322353974465e-01,3.694923789713649431e-01,3.771932836115592380e-01,3.854056263353173861e-01,3.941143824399170326e-01,4.033068520122825573e-01,4.129725518709533305e-01,4.231030702673044819e-01,4.336918838494336903e-01,4.447341354033892968e-01,4.562263699284493934e-01,4.681662257224302182e-01,4.805520764017927049e-01,4.933826192330238447e-01,5.066564048991264446e-01,5.203713039839908960e-01,5.345239061770440392e-01,5.491088496525555751e-01,5.641180804667847992e-01,5.795400453564333310e-01,5.953588262289944977e-01,6.115532310913982528e-01,6.280958642639904443e-01,6.449522084312390158e-01,6.620797621135022792e-01,6.794272879157907674e-01,6.969342384239423094e-01,7.145304363966126227e-01,7.321360919875654627e-01,7.496622397650299918e-01,7.670116697438363884e-01,7.840804072000036040e-01,8.007597641653674270e-01,8.169389411116624311e-01,8.325081024330361901e-01,8.473617884495052710e-01,8.614024668425320774e-01,8.745439766769590451e-01,8.867145880884735876e-01,8.978593988775958046e-01,9.079418217649466438e-01,9.169439898932659760e-01,9.248661196166441112e-01,9.317247394756406065e-01,9.375450185637310696e-01,9.423670983390984857e-01,9.462335737106342126e-01,9.491870033759647329e-01,9.512656964101091628e-01,9.524999720853704055e-01,9.529092520584973025e-01,9.525002199482318632e-01,9.512661922833559602e-01,9.491877488219346848e-01,9.462345744934883562e-01,9.423683694917924791e-01,9.375465941319842678e-01,9.317266984473883129e-01,9.248687116589509039e-01,9.169471348695817925e-01,9.079455379203107412e-01,8.978637015426371715e-01,8.867194851572494096e-01,8.745494675712324195e-01,8.614085421560843114e-01,8.473684299891749427e-01,8.325152835945278662e-01,8.169466275555613555e-01,8.007679147522472896e-01,7.840889751316607592e-01,7.670206038485597455e-01,7.496714858607973486e-01,7.321455942584796928e-01,7.145401387240587487e-01,6.969440856232358428e-01,6.794372268407677939e-01,6.620897426033071076e-01,6.449621840854821153e-01,6.281057930423107338e-01,6.115630757425761788e-01,5.953685545605656992e-01,5.795496303613895117e-01,5.641275003256652765e-01,5.491180876310616243e-01,5.345329504395450737e-01,5.203801473415596845e-01,5.066650445098662692e-01,4.933910562698713420e-01,4.805603157010354121e-01,4.681742754236856152e-01,4.562342411145458021e-01,4.447418417467237095e-01,4.336994412690112211e-01,4.231104965994802458e-01,4.129798665549840320e-01,4.033140757908100782e-01,3.941215370735388079e-01,3.854127343293528574e-01,3.772003679527191067e-01,3.694994628715563834e-01,3.623274388795388323e-01,3.557041417965065566e-01,3.496518331352187481e-01,3.441951351688879446e-01,3.393609276470408997e-01,3.351781919369530849e-01,3.316777981221904481e-01,3.288922306196607193e-01,3.268552482357414690e-01,3.256014753265195072e-01,3.251659219057546069e-01,3.255834321981758150e-01,3.268880632877970704e-01
7.454545454545454808e-01,3.115964161971033208e-01,3.077976822724466377e-01,3.048777183165596316e-01,3.028111893240672536e-01,3.015709990189628376e-01,3.011289140073332704e-01,3.014561437225339868e-01,3.025238707552369566e-01,3.043037284115823748e-01,3.067682242619620414e-01,3.098911100046566336e-01,3.136476991700252182e-01,3.180151350429635260e-01,3.229726117068910662e-01,3.285015513395255216e-01,3.345857408487993845e-01,3.412114306565631194e-01,3.483673979428744683e-01,3.560449759771638911e-01,3.642380503001627634e-01,3.729430214941927835e-01,3.821587330976309316e-01,3.918863618869045107e-01,4.021292662758815251e-01,4.128927869779761561e-01,4.241839923665836620e-01,4.360113591952213263e-01,4.483843775718222013e-01,4.613130674332685532e-01,4.748073924066717466e-01,4.888765561128838311e-01,5.035281660043742225e-01,5.187672511759647831e-01,5.345951238086643631e-01,5.510080796853549234e-01,5.679959423155453990e-01,5.855404684073379773e-01,6.036136503886672111e-01,6.221759747484765235e-01,6.411747228630699791e-01,6.605424324228156285e-01,6.801956699122340133e-01,7.000342933931518186e-01,7.199414037729829907e-01,7.397841838678986814e-01,7.594157992675709679e-01,7.786784757162379389e-01,7.974077704528687027e-01,8.154379221624525886e-01,8.326080072286581313e-01,8.487684699520744447e-01,8.637874604026646308e-01,8.775563379796469388e-01,8.899937115959832834e-01,9.010475292266019176e-01,9.106966969588776717e-01,9.189384544250440712e-01,9.257997860941845625e-01,9.313207521341956285e-01,9.355479997808044956e-01,9.385276491908123297e-01,9.402983498807016005e-01,9.408856998297960850e-01,9.402986453860054938e-01,9.385282395727786442e-01,9.355488864004016802e-01,9.313219441719621239e-01,9.258013116000951559e-01,9.189403844850924097e-01,9.106992589714850705e-01,9.010508911705663593e-01,8.899977436648826012e-01,8.775610526848617310e-01,8.637928610597653822e-01,8.487745490625706601e-01,8.326147464090206674e-01,8.154452926545809888e-01,7.974157340248465564e-01,7.786869858649435594e-01,7.594248026461137835e-01,7.397936218579365120e-01,7.199512141212492944e-01,7.000444118359652190e-01,6.802060317217287766e-01,6.605529738221961322e-01,6.411853822731434782e-01,6.221866938426239280e-01,6.036243749467014030e-01,5.855511489698523864e-01,5.680065346488316624e-01,5.510185450731809320e-01,5.346054291906460199e-01,5.187773691545005672e-01,5.035380747423282566e-01,4.888862391433482779e-01,4.748168383751203980e-01,4.613222697898050062e-01,4.483933342296883562e-01,4.360200721688465286e-01,4.241924674003312301e-01,4.129010331748425022e-01,4.021372957327025155e-01,3.918941893414731870e-01,3.821663755910458260e-01,3.729504980504765865e-01,3.642453816239472064e-01,3.560521841692831924e-01,3.483745062326456532e-01,3.412184631492054532e-01,3.345927222855056282e-01,3.285085068675727138e-01,3.229795666567901735e-01,3.180221147094525747e-01,3.136547285936677754e-01,3.098982137507134138e-01,3.067754261935298765e-01,3.043110514539320577e-01,3.025313366487641376e-01,3.014637727621770624e-01,3.011367247667104952e-01,3.015790080583580779e-01,3.028194108820959629e-01,3.048861639865144690e-01,3.078063606653895778e-01,3.116053325952316544e-01
7.492424242424242653e-01,3.028915403841242471e-01,2.967822178242541797e-01,2.915113788670312678e-01,2.870617404228635317e-01,2.834135308165914857e-01,2.805450644514770886e-01,2.784332963244778858e-01,2.770543488930796161e-01,2.763840058186936566e-01,2.763981689818116871e-01,2.770732768273893032e-01,2.783866835240202398e-01,2.803169995897829003e-01,2.828443955483832539e-01,2.859508708382036413e-01,2.896204906136367052e-01,2.938395932683548484e-01,2.985969714856913093e-01,3.038840293926603486e-01,3.096949179655619777e-01,3.160266502046387149e-01,3.228791967505845184e-01,3.302555615380851073e-01,3.381618357362267679e-01,3.466072265741524938e-01,3.556040556366049099e-01,3.651677187796077417e-01,3.753165968953682263e-01,3.860719032862473532e-01,3.974574493450723223e-01,4.094993055743071930e-01,4.222253297674222750e-01,4.356645285931121658e-01,4.498462132112303613e-01,4.647989045112732032e-01,4.805489400651077880e-01,4.971187343705868456e-01,5.145246484684852240e-01,5.327744372504643611e-01,5.518642660746347905e-01,5.717753263935106967e-01,5.924701364932827286e-01,6.138886903572792209e-01,6.359447142983091217e-01,6.585224012296824192e-01,6.814741022851201757e-01,7.046195411853762858e-01,7.277471448641766871e-01,7.506180153622716844e-01,7.729728677174703133e-01,7.945419101745947454e-01,8.150571662384820115e-01,8.342662014449286900e-01,8.519457383783077820e-01,8.679133732275667867e-01,8.820358297400634484e-01,8.942329725038991040e-01,9.044636244383100765e-01,9.127406249869594035e-01,9.191003208277663816e-01,9.235921460685835305e-01,9.262641955968259344e-01,9.271508601535958238e-01,9.262645680611865107e-01,9.235928902287945386e-01,9.191014410394431344e-01,9.127421441196358343e-01,9.044656111175110036e-01,8.942356173774789196e-01,8.820397100423641445e-01,8.679181238407861487e-01,8.519513572154352454e-01,8.342726747337817494e-01,8.150644639558857207e-01,7.945499871930623570e-01,7.729816660368501458e-01,7.506274667396660716e-01,7.277571735623626914e-01,7.046300666599197848e-01,6.814850416809697942e-01,6.585336715998578727e-01,6.359562344950162593e-01,6.139003825773253764e-01,5.924819274852246576e-01,5.717871483513521369e-01,5.518760572532406261e-01,5.327861423424339327e-01,5.145362187828379508e-01,4.971301278510193433e-01,4.805601211819229279e-01,4.648098440562906664e-01,4.498568880206955112e-01,4.356749212193257170e-01,4.222354281159866884e-01,4.095091025206417101e-01,3.974669423413247915e-01,3.860810939673227637e-01,3.753254906908141675e-01,3.651763245366945743e-01,3.556123852584243683e-01,3.466152946755550190e-01,3.381696593191997335e-01,3.302631596876989262e-01,3.228865903513998270e-01,3.160338616773586962e-01,3.097019710227977285e-01,3.038909488123025526e-01,2.986037829002427535e-01,2.938463229678056066e-01,2.896271653597052298e-01,2.859575176871623770e-01,2.828510416798981075e-01,2.803236721387858399e-01,2.783934094128940329e-01,2.770800825954624624e-01,2.764050806095886270e-01,2.763910485438633713e-01,2.770615470160253113e-01,2.784406730008540665e-01,2.805526414698120141e-01,2.834213283593424726e-01,2.870697768095781810e-01,2.915196702788809269e-01,2.967907780097890913e-01,3.029003803467981149e-01
7.530303030303030498e-01,2.999900787424389925e-01,2.918346965831199458e-01,2.844555162852225871e-01,2.778419925330963824e-01,2.719805897486726742e-01,2.668552738707994920e-01,2.624480028477538807e-01,2.587392075840099781e-01,2.557082567008698848e-01,2.533339000794493923e-01,2.515946876945865940e-01,2.504693616745033435e-01,2.499372208029711218e-01,2.499784578007704372e-01,2.505744706734351346e-01,2.517081501946341060e-01,2.533641462146859480e-01,2.555291159521762001e-01,2.581919577534981802e-01,2.613440340005291906e-01,2.649793869140409375e-01,2.690949509413931295e-01,2.736907652190734841e-01,2.787701892448977148e-01,2.843401243411480261e-01,2.904112426839935424e-01,2.969982245298095069e-01,3.041200026712256310e-01,3.118000109437924494e-01,3.200664305663237230e-01,3.289524239587535148e-01,3.384963400860137028e-01,3.487418678902463598e-01,3.597381044748516055e-01,3.715394918069435670e-01,3.842055592109409057e-01,3.978003883383720019e-01,4.123916924278845930e-01,4.280493730025488053e-01,4.448433864168045426e-01,4.628407237127846185e-01,4.821012871922924492e-01,5.026724477877515529e-01,5.245821065840473585e-01,5.478301861187768740e-01,5.723786716124061869e-01,5.981406369089198316e-01,6.249691378382310480e-01,6.526474134161915908e-01,6.808824140575268080e-01,7.093040977015567794e-01,7.374729345349617660e-01,7.648973464198614014e-01,7.910611938959937195e-01,8.154590260194517493e-01,8.376342295034595598e-01,8.572182642143055809e-01,8.739263352977042487e-01,8.876049175194125063e-01,8.981962400280256720e-01,9.057098352920900375e-01,9.101890292916141600e-01,9.116765220493797672e-01,9.101895518576236244e-01,9.057108834683468279e-01,8.981978358560416265e-01,8.876071392995107390e-01,8.739294031914518479e-01,8.572230120003820897e-01,8.376407627647464160e-01,8.154668507614887263e-01,7.910702315013085073e-01,7.649074895282906850e-01,7.374840534785290780e-01,7.093160494467670718e-01,6.808950505657171970e-01,6.526605885204591617e-01,6.249827123633526771e-01,5.981544820913734517e-01,5.723926710605298229e-01,5.478442366306165434e-01,5.245961181441504140e-01,5.026863430257345611e-01,4.821150005278899142e-01,4.628542003518428261e-01,4.448565813099016331e-01,4.280622498357899985e-01,4.124042226838052216e-01,3.978125504440909177e-01,3.842173377775391918e-01,3.715508769548446777e-01,3.597490912377780958e-01,3.487524556874104231e-01,3.385065322532402887e-01,3.289622273295043087e-01,3.200758550952945147e-01,3.118090693666807356e-01,3.041287101957177441e-01,2.970065985538289932e-01,2.904193025381124893e-01,2.843478910526027192e-01,2.787776853212372008e-01,2.736980144497546674e-01,2.691019782156116036e-01,2.649862180536430301e-01,2.613506956062360831e-01,2.581984770632126391e-01,2.555355207096685621e-01,2.533704645471934191e-01,2.517144104974981533e-01,2.505807015002458615e-01,2.499846877569445458e-01,2.499434784411251054e-01,2.504756753895840959e-01,2.516010856169647592e-01,2.533404099640487739e-01,2.557149058106006345e-01,2.587460225656420532e-01,2.624550095986331599e-01,2.668624973947955614e-01,2.719880539998458802e-01,2.778497202457030912e-01,2.844635287887269381e-01,2.918430136009513287e-01,2.999987181731770258e-01
7.568181818181818343e-01,3.020191149508013040e-01,2.921272294844174389e-01,2.829372542236591737e-01,2.744439026962549599e-01,2.666385866417271822e-01,2.595098088882024645e-01,2.530435675318250532e-01,2.472237632249947581e-01,2.420326025203523579e-01,2.374509914427678781e-01,2.334589147148491417e-01,2.300357972962162878e-01,2.271608460769664606e-01,2.248133706656887110e-01,2.229730832174182664e-01,2.216203781505230175e-01,2.207365934054079382e-01,2.203042556109357231e-01,2.203073121589373962e-01,2.207313537613423693e-01,2.215638315985495599e-01,2.227942736828882886e-01,2.244145055826602397e-01,2.264188812026733666e-01,2.288045299216390494e-01,2.315716270669289090e-01,2.347236954833080702e-01,2.382679468391324662e-01,2.422156723146163260e-01,2.465826934222954958e-01,2.513898848794778873e-01,2.566637826016942014e-01,2.624372908588001319e-01,2.687505031570147640e-01,2.756516510227601802e-01,2.831981928295084772e-01,2.914580499440652117e-01,3.005109879338971335e-01,3.104501235481318955e-01,3.213835093987336688e-01,3.334357014646980866e-01,3.467491407783885315e-01,3.614850677245789456e-01,3.778235197933055289e-01,3.959617240909453773e-01,4.161098705050626512e-01,4.384828419487048490e-01,4.632860273027674114e-01,4.906929784562087948e-01,5.208126731939395349e-01,5.536450054251271791e-01,5.890255557817900556e-01,6.265654126519347722e-01,6.655988835342460108e-01,7.051596286723503804e-01,7.440094763213918050e-01,7.807377630969982718e-01,8.139335170398046548e-01,8.422979593930470799e-01,8.649332901832036402e-01,8.812928130757762268e-01,8.911413678652680970e-01,8.944247689277018409e-01,8.911423182810733756e-01,8.812947550791528917e-01,8.649363709995643301e-01,8.423025873913592143e-01,8.139408162989931750e-01,7.807506762189505567e-01,7.440249566325791708e-01,7.051771834042009912e-01,6.656180012829053805e-01,6.265855975669051281e-01,5.890463638800114143e-01,5.536660640502196751e-01,5.208336857354463056e-01,4.907137193891203397e-01,4.633063322689149888e-01,4.385025962808501987e-01,4.161289982292841194e-01,3.959801783974120637e-01,3.778412752906192829e-01,3.615021144189538571e-01,3.467654795491291186e-01,3.334513407547430863e-01,3.213984628505417995e-01,3.104644083510403330e-01,3.005246236937259563e-01,2.914710579279149449e-01,2.832105954736411912e-01,2.756634716216003755e-01,2.687617656734795357e-01,2.624480198127384645e-01,2.566740030072373613e-01,2.513996222104422085e-01,2.465919735919741562e-01,2.422245216616194241e-01,2.382763921135648832e-01,2.347317638304472764e-01,2.315793460073157506e-01,2.288119273269361986e-01,2.264259852678556229e-01,2.244213447951310114e-01,2.228008767892317721e-01,2.215702275697497281e-01,2.207375717572082063e-01,2.203133814921386380e-01,2.203102057111819556e-01,2.207424537838218181e-01,2.216261783644265237e-01,2.229788528352169563e-01,2.248191392318353021e-01,2.271666430766101641e-01,2.300416521191794850e-01,2.334648566185815732e-01,2.374570495139210757e-01,2.420388056346453320e-01,2.472301400051481468e-01,2.530501463033913434e-01,2.595166176333006391e-01,2.666456529507517659e-01,2.744512537177439260e-01,2.829449166125888038e-01,2.921352293492713859e-01,3.020274777995474724e-01
7.606060606060606188e-01,3.080331032239969069e-01,2.967265273973608841e-01,2.860442932959249007e-01,2.759850679726772449e-01,2.665440648908872223e-01,2.577133364058711851e-01,2.494820847861372315e-01,2.418369840603377674e-01,2.347625056548011957e-01,2.282412415931142080e-01,2.222542199141560038e-01,2.167812078843775747e-01,2.118009994954591357e-01,2.072916846185373363e-01,2.032308980086515449e-01,1.995960471002104775e-01,1.963645181977053122e-01,1.935138612413607739e-01,1.910219538158416386e-01,1.888671454770129987e-01,1.870283838052337611e-01,1.854853238642537316e-01,1.842184229655605132e-01,1.832090228224293738e-01,1.824394213425920008e-01,1.818929364694161499e-01,1.815539646592568834e-01,1.814080367985575759e-01,1.814418746453418108e-01,1.816434512592318140e-01,1.820020594023918081e-01,1.825083926098672038e-01,1.831546446121286031e-01,1.839346341539374041e-01,1.848439641352407070e-01,1.858802266109322310e-01,1.870432688307324676e-01,1.883355406189026193e-01,1.897625506459065525e-01,1.913334695189999879e-01,1.930619326265942681e-01,1.949671176471458600e-01,1.970752042423095096e-01,1.994213725428706785e-01,2.020525720686850435e-01,2.050314093026541773e-01,2.084416863848145840e-01,2.123964198108114487e-01,2.170496536051383374e-01,2.226141911669774764e-01,2.293887423485691246e-01,2.378003373058905634e-01,2.484719154719982059e-01,2.623318913672890162e-01,2.807935271473626648e-01,3.060463320478772897e-01,3.415068124925150217e-01,3.925886244022787075e-01,4.664638338621537872e-01,5.695249361326447657e-01,6.988236043632054528e-01,8.219065660375530769e-01,8.753529522726475331e-01,8.219157312187844733e-01,6.988448567280777235e-01,5.695618778467347321e-01,4.665216109674625855e-01,3.926933142296671342e-01,3.416175548570767884e-01,3.061432563432384679e-01,2.808772867492039804e-01,2.624041677112443072e-01,2.485345170364851308e-01,2.378548962871804284e-01,2.294366367591327560e-01,2.226565509068839377e-01,2.170873935558688128e-01,2.124302776386722824e-01,2.084722570438143074e-01,2.050591740110353223e-01,2.020779217488226920e-01,1.994446264524995238e-01,1.970966246716592818e-01,1.949869214883172552e-01,1.930803004896302077e-01,1.913505529333014155e-01,1.897784777695983860e-01,1.883504207825034693e-01,1.870571961670859651e-01,1.858932829661239516e-01,1.848562214102395240e-01,1.839461561937646705e-01,1.831654887335367465e-01,1.825186108385484229e-01,1.820116994762527030e-01,1.816525574424144585e-01,1.814504883886683406e-01,1.814161972752123264e-01,1.815617091990385512e-01,1.819003009102705959e-01,1.824464403150811154e-01,1.832157299796122185e-01,1.842248511687357426e-01,1.854915053330504493e-01,1.870343502390404977e-01,1.888729281535170834e-01,1.910275836713894448e-01,1.935193689370419690e-01,1.963699341743562754e-01,1.996014016249640088e-01,2.032362212152662162e-01,2.072970065434331655e-01,2.118063501111055180e-01,2.167866171315798729e-01,2.222597177347473696e-01,2.282468579646342588e-01,2.347682706287539112e-01,2.418429278060139631e-01,2.494882376421511394e-01,2.577197289419950743e-01,2.665507279833593812e-01,2.759920328966460890e-01,2.860515918395467039e-01,2.967341920029066271e-01,3.080411671623641268e-01
7.643939393939394034e-01,3.170939235492766795e-01,3.046825785551534604e-01,2.928213818627742326e-01,2.815119949509846120e-01,2.707526150884822513e-01,2.605381774392968031e-01,2.508605796900285623e-01,2.417089222051482245e-01,2.330697570377054384e-01,2.249273395817447674e-01,2.172638772104082128e-01,2.100597698620310094e-01,2.032938381810679984e-01,1.969435354589070264e-01,1.909851402265683729e-01,1.853939269044447002e-01,1.801443123980495387e-01,1.752099769319329370e-01,1.705639577299848386e-01,1.661787143778832021e-01,1.620261648454716097e-01,1.580776912125239075e-01,1.543041141471223898e-01,1.506756351588702803e-01,1.471617456339149865e-01,1.437311017255908929e-01,1.403513644389121906e-01,1.369890048946202643e-01,1.336090760957445167e-01,1.301749550476404560e-01,1.266480636362724843e-01,1.229875846401694561e-01,1.191502029816212394e-01,1.150899257955049076e-01,1.107580749451639590e-01,1.061036141212710476e-01,1.010740905054301059e-01,9.561767537645025905e-02,8.968714616484983748e-02,8.324728718871636512e-02,7.628832487510681104e-02,6.885007917619102857e-02,6.106529538973769905e-02,5.323756815760090355e-02,4.598191133309048606e-02,4.047819360274213657e-02,3.892258488999542770e-02,4.530035623401894307e-02,6.657220075200756537e-02,1.139732167862922835e-01,2.026034273215791826e-01,3.443678986221097027e-01,5.301944044751734086e-01,7.173437631462430408e-01,8.544591064436229955e-01,9.232438708000224592e-01,9.397669343500127948e-01,9.285362346458565508e-01,9.073554000520795970e-01,8.859268742277069952e-01,8.688913690487874986e-01,8.581968290835453317e-01,8.545718397082401330e-01,8.581958932101485527e-01,8.688897936822979062e-01,8.859256287884169634e-01,9.073576406549749285e-01,9.285517082002843203e-01,9.397934460681202085e-01,9.232854154218923526e-01,8.545187328402585880e-01,7.174206083886911500e-01,5.302817929733978364e-01,3.444561230039547839e-01,2.026849642507189964e-01,1.140448119764298635e-01,6.663366913091259280e-02,4.535286071460500196e-02,3.896760481658103487e-02,4.051709858731164515e-02,4.601584109009745904e-02,5.326743208032601318e-02,6.109180832914128806e-02,6.887380185228937635e-02,7.630969898845513244e-02,8.326666332610632715e-02,8.970480519302705125e-02,9.563384461949440973e-02,1.010889559410528271e-01,1.061173295983367654e-01,1.107707691864800309e-01,1.151017077531507754e-01,1.191611659614355556e-01,1.229978095005626187e-01,1.266576212861271200e-01,1.301839084092206167e-01,1.336174816562641365e-01,1.369969139392066548e-01,1.403588240353061678e-01,1.437381555140989087e-01,1.471684344639354047e-01,1.506819976040950082e-01,1.543101869243230506e-01,1.580835095237795029e-01,1.620317626594789118e-01,1.661841246628874558e-01,1.705692126484172622e-01,1.752151080049672849e-01,1.801493506468504480e-01,1.853989029736964333e-01,1.909900844951312460e-01,1.969484781417094321e-01,2.032988094260371192e-01,2.100647998455900667e-01,2.172689962349939330e-01,2.249325781789501544e-01,2.330751460808226927e-01,2.417144930355181187e-01,2.508663642620154177e-01,2.605442084898151878e-01,2.707589263380546507e-01,2.815186213448325203e-01,2.928283598624353834e-01,3.046899464935898250e-01,3.171017220656810465e-01
7.681818181818181879e-01,3.283914711213650750e-01,3.151550058076758032e-01,3.024020767714563074e-01,2.901367823718489225e-01,2.783598776549996434e-01,2.670689048104062935e-01,2.562583492960431863e-01,2.459198156892228593e-01,2.360422174762807357e-01,2.266119752967193091e-01,2.176132185869081859e-01,2.090279861052941890e-01,2.008364214495939881e-01,1.930169603863636230e-01,1.855465076040134775e-01,1.784006013836635651e-01,1.715535656870848802e-01,1.649786503403144200e-01,1.586481614300478682e-01,1.525335858588351134e-01,1.466057164206375774e-01,1.408347870540342106e-01,1.351906325409206189e-01,1.296428934951000811e-01,1.241612970014615430e-01,1.187160571968325501e-01,1.132784606679407002e-01,1.078217322161645481e-01,1.023223226066771047e-01,9.676182962101700924e-02,9.112986994070179647e-02,8.542838227718317634e-02,7.967809334841971514e-02,7.392826707906985373e-02,6.827145951306566596e-02,6.286593014361493981e-02,5.796977165919143388e-02,5.399290051857656009e-02,5.157592036131806307e-02,5.170824897677330639e-02,5.590013090376737270e-02,6.641868656570286411e-02,8.657189636691196843e-02,1.209424136150963613e-01,1.752794519136204043e-01,2.554300817924832767e-01,3.644887183257445873e-01,4.982071009910663539e-01,6.416258736558703157e-01,7.723273049121069933e-01,8.709672629439608738e-01,9.303323921609165659e-01,9.551822957398792280e-01,9.558494231733486446e-01,9.425080503842586666e-01,9.227397160319841252e-01,9.013973681369423785e-01,8.812958377308200975e-01,8.639499507592431904e-01,8.500995328368545767e-01,8.400893875189071602e-01,8.340557337003747795e-01,8.320415065303717883e-01,8.340553161833142992e-01,8.400886518149590643e-01,8.500987893644896820e-01,8.639505600234786975e-01,8.812979672566976230e-01,9.014010942378815061e-01,9.227456496325330271e-01,9.425169599474650939e-01,9.558622365842429636e-01,9.552000373610021189e-01,9.303559901257000275e-01,8.709971835472173352e-01,7.723631058863406063e-01,6.416659891998613974e-01,4.982491760058155306e-01,3.645303649917969735e-01,2.554695251565301528e-01,1.753157258235628346e-01,1.209752076626220696e-01,8.660130191965699498e-02,6.644498904752005330e-02,5.592368090855079354e-02,5.172939523843576859e-02,5.159498043479054941e-02,5.401015144686042990e-02,5.798545011709227426e-02,6.288023648364615692e-02,6.828456298082198617e-02,7.394031096435539629e-02,7.968919958457024166e-02,8.543865535310038450e-02,9.113940014429929015e-02,9.677069569183816000e-02,1.023305938902744905e-01,1.078294704084691302e-01,1.132857212270322878e-01,1.187228904867896895e-01,1.241677492212005518e-01,1.296490074350757082e-01,1.351964482020046598e-01,1.408403421562621771e-01,1.466110468239340547e-01,1.525387259135659868e-01,1.586531442720085783e-01,1.649835081418761784e-01,1.715583298743885987e-01,1.784053028279796727e-01,1.855511767944053869e-01,1.930216275897528866e-01,2.008411168638959965e-01,2.090327400109101286e-01,2.176180615018106779e-01,2.266169381405389593e-01,2.360473317492182144e-01,2.459251136722821196e-01,2.562638642800498801e-01,2.670746713626630520e-01,2.783659319341742489e-01,2.901431625039965212e-01,3.024088233031055339e-01,3.151621622557161384e-01,3.283990846444226896e-01
7.719696969696969724e-01,3.411810873548593581e-01,3.273613710361191198e-01,3.139684539361890514e-01,3.010086619396737384e-01,2.884852233651469811e-01,2.763983534758809868e-01,2.647453689701992907e-01,2.535208282254820533e-01,2.427166933076018718e-01,2.323225102031311884e-01,2.223256043971911233e-01,2.127112898273132435e-01,2.034630904279005614e-01,1.945629749991255319e-01,1.859916080768238833e-01,1.777286219805115364e-01,1.697529184727947782e-01,1.620430127641564466e-01,1.545774383603733815e-01,1.473352390797780520e-01,1.402965853370332361e-01,1.334435667600807618e-01,1.267612342079270094e-01,1.202389939440150768e-01,1.138724989571389956e-01,1.076662428186295345e-01,1.016371481382237485e-01,9.581956626074500383e-02,9.027228369312624567e-02,8.508838610882754616e-02,8.040919093673362661e-02,7.644395558730437967e-02,7.349772138095300722e-02,7.201043779412065471e-02,7.261126416299359954e-02,7.619215329900860811e-02,8.400317037537707865e-02,9.776551975148697893e-02,1.197809951177510046e-01,1.529786583702586467e-01,2.007705877011205786e-01,2.664966765684836369e-01,3.522020858820812950e-01,4.567225184964915363e-01,5.737957524360253192e-01,6.918751475180542343e-01,7.970912012841030458e-01,8.783481415706554385e-01,9.310925371473813827e-01,9.573506232092847679e-01,9.630053242212396336e-01,9.548066947909142899e-01,9.385664206494381823e-01,9.185684142392446239e-01,8.976703127021486983e-01,8.776434962575696552e-01,8.595179053964344673e-01,8.438522327013879831e-01,8.309224201729463744e-01,8.208454304779221333e-01,8.136515152408257956e-01,8.093420095826873162e-01,8.079070105098669075e-01,8.093417621571766807e-01,8.136510844974771395e-01,8.208450281589600994e-01,8.309226381953033203e-01,8.438528039980330853e-01,8.595189886956181580e-01,8.776452846123202756e-01,8.976730419238866387e-01,9.185723736304745035e-01,9.385719620499960447e-01,9.548142341209300277e-01,9.630153251361014410e-01,9.573635475559556518e-01,9.311087474717185675e-01,8.783677584677017647e-01,7.971139606471808747e-01,6.919003468641999888e-01,5.738223594464216815e-01,4.567494120569914884e-01,3.522283012334507801e-01,2.665215410465623380e-01,2.007937301221847937e-01,1.529999442705113621e-01,1.198004446531611839e-01,9.778323917338258009e-02,8.401930512039479382e-02,7.620685975989843763e-02,7.262469446769105608e-02,7.202273263261808889e-02,7.350900741849154818e-02,7.645434530342315460e-02,8.041878363094612236e-02,8.509726937649893241e-02,9.028053500614535709e-02,9.582725447443579680e-02,1.016443348478926340e-01,1.076729835425610099e-01,1.138788441496019904e-01,1.202449898536486622e-01,1.267669236013755085e-01,1.334489895311013474e-01,1.403017790199412029e-01,1.473402392841584585e-01,1.545822791417447439e-01,1.620477269432846479e-01,1.697575379145432883e-01,1.777331778417964581e-01,1.859961310318989647e-01,1.945674954497322307e-01,2.034676387051786717e-01,2.127158963920454948e-01,2.223303000449289857e-01,2.323273262809397444e-01,2.427216619496578853e-01,2.535259826154737661e-01,2.647507436396301372e-01,2.764039846486727736e-01,2.884911493608420807e-01,3.010149236496466596e-01,3.139750953898415298e-01,3.273684400769941161e-01,3.411886364494545187e-01
7.757575757575757569e-01,3.548547265344738633e-01,3.406533121661293184e-01,3.268325402419025583e-01,3.134010250030782041e-01,3.003646466166836615e-01,2.877266211221860548e-01,2.754876070803320420e-01,2.636458476104450721e-01,2.521973470638679826e-01,2.411360825362408311e-01,2.304542518239773574e-01,2.201425613698409500e-01,2.101905603519265142e-01,2.005870305418043786e-01,1.913204461638027265e-01,1.823795241146518031e-01,1.737538930933625603e-01,1.654349212080518383e-01,1.574167565370194199e-01,1.496976554188766961e-01,1.422817010094030166e-01,1.351810527477335100e-01,1.284189197602550181e-01,1.220335231932947184e-01,1.160834109104857265e-01,1.106546214284375024e-01,1.058703717617753698e-01,1.019041736163281281e-01,9.899756310636137480e-02,9.748393527136120507e-02,9.782022113926099049e-02,1.006281162388737299e-01,1.067457818340017545e-01,1.172884025589942258e-01,1.337098453102928131e-01,1.578449019047858670e-01,1.918884486198357553e-01,2.382329931756697328e-01,2.990504310088352158e-01,3.755095785216811533e-01,4.666550107158966010e-01,5.683133965100300999e-01,6.728169436216758781e-01,7.703314658174945651e-01,8.516541046550192284e-01,9.110363258986976520e-01,9.473696337058250538e-01,9.633616305959626924e-01,9.636900655840723307e-01,9.533162339333309809e-01,9.365012594380085487e-01,9.164732493228119337e-01,8.954772666591737096e-01,8.749756181008422340e-01,8.558665868249376585e-01,8.386678955668666058e-01,8.236532104567546586e-01,8.109471394047318427e-01,8.005886682657836761e-01,7.925728614102416358e-01,7.868741968476331561e-01,7.834673972128255448e-01,7.823340003300108814e-01,7.834672376445508402e-01,7.868739319781050678e-01,7.925727434753945255e-01,8.005887134172596786e-01,8.109473286463654285e-01,8.236536194210709594e-01,8.386686124233900808e-01,8.558677159571155268e-01,8.749772848841453898e-01,8.954796228710198980e-01,9.164764784468203418e-01,9.365055803526507461e-01,9.533219001472781340e-01,9.636973553435002060e-01,9.633708215160814436e-01,9.473809561040049676e-01,9.110498953207537554e-01,8.516698487698912690e-01,7.703490785592935763e-01,6.728359025125397741e-01,5.683330517891299616e-01,4.666747112256016683e-01,3.755287788573297147e-01,2.990687447911334895e-01,2.382501934622264228e-01,1.919044374860761626e-01,1.578596714468754325e-01,1.337234431214822383e-01,1.173009061568780903e-01,1.067572817480224728e-01,1.006387057672950558e-01,9.782999066435425772e-02,9.749296945919946888e-02,9.900593982685637617e-02,1.019119638312145221e-01,1.058776399186936168e-01,1.106614260885458861e-01,1.160898054552392811e-01,1.220395565272889699e-01,1.284246369690463241e-01,1.351864956934656636e-01,1.422869088604863941e-01,1.497026651169044154e-01,1.574216032075806682e-01,1.654396385235601397e-01,1.737585135962877447e-01,1.823840795095009737e-01,1.913249675857429943e-01,2.005915488094852650e-01,2.101951062117891900e-01,2.201471657389729719e-01,2.304589460386406996e-01,2.411408986133339039e-01,2.522023179829765982e-01,2.636510076246003087e-01,2.754929920642431029e-01,2.877322689673018630e-01,3.003705976829271207e-01,3.134073226370176490e-01,3.268392313700664853e-01,3.406604479689797627e-01,3.548623631996126737e-01
7.795454545454545414e-01,3.689245540130263179e-01,3.545039090526158621e-01,3.404279823246114667e-01,3.267079267975052104e-01,3.133526338220835594e-01,3.003688248240415359e-01,2.877611894083466071e-01,2.755325732813495576e-01,2.636842204889353614e-01,2.522160763294086228e-01,2.411271600314825736e-01,2.304160200750971776e-01,2.200812901547508083e-01,2.101223706387181922e-01,2.005402695149584025e-01,1.913386489932741574e-01,1.825251401838446363e-01,1.741130099829134026e-01,1.661232933156097658e-01,1.585875426259349963e-01,1.515513980199777178e-01,1.450792494270887190e-01,1.392603505154981769e-01,1.342168562066105575e-01,1.301143918336404026e-01,1.271759145619072162e-01,1.256997702321702437e-01,1.260829153169997496e-01,1.288501193097993380e-01,1.346892944011802151e-01,1.444913641087391121e-01,1.593893221365317581e-01,1.807838820683416170e-01,2.103306456667956015e-01,2.498453667011122925e-01,3.010639377284132778e-01,3.651889360417399644e-01,4.422017534880677836e-01,5.300648511826752118e-01,6.241766044533961777e-01,7.176083795413942257e-01,8.024437401034575368e-01,8.718542684131386222e-01,9.218917637756325334e-01,9.520817827588737847e-01,9.647384518665887976e-01,9.636548618241795872e-01,9.528964175960584759e-01,9.360517322167133392e-01,9.159346630766644903e-01,8.945774093274868610e-01,8.733573157709808576e-01,8.531568868334915567e-01,8.345089301710969520e-01,8.177110890783366726e-01,8.029095791644064173e-01,7.901576002147544520e-01,7.794548279622994791e-01,7.707735193740312685e-01,7.640754707151848901e-01,7.593229685772303617e-01,7.564842996692295873e-01,7.555402998836890927e-01,7.564841977654588323e-01,7.593228216717033963e-01,7.640754532624679518e-01,7.707735298690850945e-01,7.794549037534993507e-01,7.901577840779528961e-01,8.029099200088773980e-01,8.177116436471447702e-01,8.345097653691089246e-01,8.531580825835156645e-01,8.733589682709155255e-01,8.945796344314245196e-01,9.159375992130300848e-01,9.360555417221725349e-01,9.529012845456883429e-01,9.636609834837558397e-01,9.647460202674464913e-01,9.520909537340819240e-01,9.219026147543207816e-01,8.718667541170663782e-01,8.024576639962265334e-01,7.176234003351700252e-01,6.241922841469901284e-01,5.300807292138981497e-01,4.422174179270743632e-01,3.652040684593503839e-01,3.010783259578764803e-01,2.498588940178181617e-01,2.103432690723089360e-01,1.807956093738972148e-01,1.594001927695214427e-01,1.445014350064536546e-01,1.346986305315810706e-01,1.288587877491472189e-01,1.260909818123729931e-01,1.257072973924780457e-01,1.271829610641341257e-01,1.301210122330661301e-01,1.342231010872238228e-01,1.392662668172419960e-01,1.450848808523121647e-01,1.515567854629227273e-01,1.585927245949290965e-01,1.661283063332551768e-01,1.741178889589374001e-01,1.825299187606481965e-01,1.913433598673638381e-01,2.005449447390897644e-01,2.101270419105085718e-01,2.200859890979613431e-01,2.304207785200606540e-01,2.411320103012131455e-01,2.522210515379978424e-01,2.636893548587801450e-01,2.755379024853440995e-01,2.877667509424604586e-01,3.003746584139920794e-01,3.133587818646825229e-01,3.267144348314826585e-01,3.404348995156881164e-01,3.545112886603736801e-01,3.689324537786144997e-01
7.833333333333333259e-01,3.830272358191917914e-01,3.685133533865964650e-01,3.543175259004586186e-01,3.404538304481264377e-01,3.269346546518686614e-01,3.137708509485207520e-01,3.009719503464022283e-01,2.885464461007855586e-01,2.765021596244225943e-01,2.648467041500416896e-01,2.535880663761944653e-01,2.427353328685104283e-01,2.322995968181338078e-01,2.222950925241311826e-01,2.127406205373912618e-01,2.036613469217328776e-01,1.950910870084358040e-01,1.870752191291206734e-01,1.796744191622951237e-01,1.729694644037014506e-01,1.670674267590714634e-01,1.621096600663657628e-01,1.582820791227704527e-01,1.558283128056304478e-01,1.550663532986628623e-01,1.564092397622943442e-01,1.603899552270270368e-01,1.676897996236517974e-01,1.791675485889885067e-01,1.958829680905214421e-01,2.191017493064171262e-01,2.502588541472092198e-01,2.908443275125056071e-01,3.421650765258946736e-01,4.049423569520584354e-01,4.787535112962652550e-01,5.614420083990557808e-01,6.487805921689735467e-01,7.347555697023457899e-01,8.126579336649106811e-01,8.766902500689108813e-01,9.233651987881419387e-01,9.520351279319734239e-01,9.644462500049881815e-01,9.637456402221687979e-01,9.534839707667793762e-01,9.369311154626003280e-01,9.167512253837528657e-01,8.949386619023347311e-01,8.728927066325815609e-01,8.515417518624147641e-01,8.314678527674249642e-01,8.130112620443887828e-01,7.963504109762002958e-01,7.815597834369515384e-01,7.686502857435842939e-01,7.575966876153183982e-01,7.483559106005772676e-01,7.408790165640656289e-01,7.351189463155004544e-01,7.310356196238874116e-01,7.285980237704703377e-01,7.277875516067399131e-01,7.285979676861111809e-01,7.310355968044185415e-01,7.351189582867366790e-01,7.408790354140103451e-01,7.483559595234542394e-01,7.575967932666215487e-01,7.686504784988700267e-01,7.815600982157191456e-01,7.963508884871265403e-01,8.130119504040033140e-01,8.314688094628635007e-01,8.515430460041253369e-01,8.728944213651483874e-01,8.949408966848191316e-01,9.167540975776969914e-01,9.369347602428576005e-01,9.534885378087681884e-01,9.637512850666204445e-01,9.644531178866119214e-01,9.520433289802087140e-01,9.233747767674919116e-01,8.767011521645069472e-01,8.126699936700750859e-01,7.347685163437835953e-01,6.487940850847750962e-01,5.614556907378703832e-01,4.787670601126625680e-01,4.049555162871226188e-01,3.421776688131211719e-01,2.908562481169886249e-01,2.502700571265464857e-01,2.191122311448721605e-01,1.958927532685005857e-01,1.791766784151448966e-01,1.676983243380427979e-01,1.603979287915177077e-01,1.564167166351594640e-01,1.550733865784495180e-01,1.558349532742984989e-01,1.582883748560609816e-01,1.621156563878317913e-01,1.670731663928480271e-01,1.729749877349446574e-01,1.796797645500312346e-01,1.870804232393303845e-01,1.950961851500332689e-01,2.036663733772431373e-01,2.127456088858855898e-01,2.223000759574112473e-01,2.323046084531202315e-01,2.427404060598665203e-01,2.535932350335345919e-01,2.648520030637160905e-01,2.765076248028738304e-01,2.885521151203206403e-01,3.009778627105233473e-01,3.137770484477142019e-01,3.269411817044904911e-01,3.404607343865517777e-01,3.543248571404855052e-01,3.685211653775360419e-01,3.830355846105191198e-01
7.871212121212121104e-01,3.968019247870498423e-01,3.822890569420233087e-01,3.680757296949895285e-01,3.541794170952744514e-01,3.406165671274110074e-01,3.274028638074850672e-01,3.145535661473946587e-01,3.020839438518252429e-01,2.900098328582366713e-01,2.783483389593180424e-01,2.671187251792719874e-01,2.563435288146765911e-01,2.460499677626682147e-01,2.362717138111930515e-01,2.270511340392596111e-01,2.184421316331724983e-01,2.105137555883319633e-01,2.033547959985791131e-01,1.970796380494862221e-01,1.918357111803069004e-01,1.878129328098515627e-01,1.852555909476293894e-01,1.844770998553809938e-01,1.858779251054012427e-01,1.899665746984464387e-01,1.973826567638417573e-01,2.089192292362317682e-01,2.255384514400601281e-01,2.483692188442329640e-01,2.786675999654734115e-01,3.177113665315136615e-01,3.665930257306643236e-01,4.258823305828025596e-01,4.951675508363969636e-01,5.725712954016988210e-01,6.544566469131875008e-01,7.356092449249221898e-01,8.100665952382275492e-01,8.724245062032964793e-01,9.190899147707072281e-01,9.489114675190839510e-01,9.629874797251307683e-01,9.639064518454795172e-01,9.548621393189896667e-01,9.389676824910416775e-01,9.188728013039997311e-01,8.966349152962304059e-01,8.737452501866276311e-01,8.512242723971401581e-01,8.297326851656334767e-01,8.096716797074883232e-01,7.912633622880130835e-01,7.746110015793660208e-01,7.597422131532494127e-01,7.466389817050069766e-01,7.352580617276316399e-01,7.255445850122546059e-01,7.174409870292669522e-01,7.108927669721148979e-01,7.058521401081481184e-01,7.022803162974698976e-01,7.001489885368659127e-01,6.994403771953963123e-01,7.001489771380550176e-01,7.022803734554443622e-01,7.058521844981426874e-01,7.108928096904445493e-01,7.174410427950724811e-01,7.255446712845142754e-01,7.352581986490756005e-01,7.466391924807717073e-01,7.597425247504016044e-01,7.746114457047142965e-01,7.912639766299411903e-01,8.096725094337615669e-01,8.297337846533654471e-01,8.512257071243515272e-01,8.737470986213302648e-01,8.966372704539015137e-01,9.188757713821500417e-01,9.389713896204335830e-01,9.548667150446152885e-01,9.639120276562094247e-01,9.629941712081105942e-01,9.489193521505515649e-01,9.190990064200882381e-01,8.724347334968742818e-01,8.100777934879084263e-01,7.356211689309141155e-01,6.544690037769772539e-01,5.725837870581498290e-01,4.951799121807345938e-01,4.258943532146640121e-01,3.666045652942406252e-01,3.177223377228462486e-01,2.786779652022219889e-01,2.483789754884325185e-01,2.255476203928678258e-01,2.089278459879161109e-01,1.973907649484307469e-01,1.899742217479307715e-01,1.858851594895877535e-01,1.844839694422029108e-01,1.852621421190925044e-01,1.878192100691439270e-01,1.918417570677308226e-01,1.970854932461968967e-01,2.033604995403215099e-01,2.105193451406279781e-01,2.184476437989119613e-01,2.270566046822115325e-01,2.362771783868916897e-01,2.460554616528529137e-01,2.563490876639747396e-01,2.671243852334463931e-01,2.783541374034473881e-01,2.900158081503106389e-01,3.020901360418439818e-01,3.145600171631324216e-01,3.274096176737818498e-01,3.406236700638219372e-01,3.541869174034080747e-01,3.680836772975938920e-01,3.822975023658874427e-01,3.968109172882157143e-01
7.909090909090908950e-01,4.100587985643850408e-01,3.956136734169284908e-01,3.814563474165268975e-01,3.676082530514815927e-01,3.540905503928892251e-01,3.409245454997528735e-01,3.281322104274943530e-01,3.157368355899228818e-01,3.037638513837442877e-01,2.922418640958282521e-01,2.812039621972124426e-01,2.706893640351901720e-01,2.607454975290354193e-01,2.514306276754478819e-01,2.428171793615460927e-01,2.349959417325935274e-01,2.280813857994050120e-01,2.222183765775715691e-01,2.175906078618074224e-01,2.144311161615422567e-01,2.130352087695499275e-01,2.137760093566683506e-01,2.171224744841771526e-01,2.236589803769635509e-01,2.341041237866178792e-01,2.493237931423318565e-01,2.703293321669831273e-01,2.982453988241733911e-01,3.342244834184114333e-01,3.792789852474962586e-01,4.340049376140004411e-01,4.981975097639303462e-01,5.704216379646098734e-01,6.476973836056632017e-01,7.255362629743913327e-01,7.985184641858461552e-01,8.613623096541832558e-01,9.101113044503813532e-01,9.429217065577634171e-01,9.601431328246490260e-01,9.637837644421161087e-01,9.567150464248099784e-01,9.419585156558457628e-01,9.222233763241319826e-01,8.996985800132835109e-01,8.760235261219729841e-01,8.523532826363953152e-01,8.294575075358009419e-01,8.078190186904021797e-01,7.877173361059017775e-01,7.692935709612570561e-01,7.525981696151349265e-01,7.376247786335333734e-01,7.243336313256240055e-01,7.126673582828922937e-01,7.025614783390806695e-01,6.939512338203174258e-01,6.867759574096617969e-01,6.809817996822694619e-01,6.765233875042071521e-01,6.733648028048979661e-01,6.714803145388907879e-01,6.708538835477869666e-01,6.714803654818022327e-01,6.733648889140327887e-01,6.765234638705991399e-01,6.809818718925552128e-01,6.867760345094779950e-01,6.939513273524297032e-01,7.025616020716529686e-01,7.126675283253689486e-01,7.243338665159820833e-01,7.376251011494034948e-01,7.525986057931329798e-01,7.692941523240156565e-01,7.877181005995359531e-01,8.078200121243758192e-01,8.294587851867235573e-01,8.523549109141063118e-01,8.760255840848131248e-01,8.997011603369704513e-01,9.222265850605364523e-01,9.419624697774416910e-01,9.567198678307676785e-01,9.637895690434331586e-01,9.601500139602778816e-01,9.429297138097695319e-01,9.101204219730980594e-01,8.613724412525922691e-01,7.985294330336881741e-01,7.255478298063331444e-01,6.477092794790788588e-01,5.704336011146959873e-01,4.982093153169245836e-01,4.340164138846221986e-01,3.792900167639660092e-01,3.342350048276538366e-01,2.982553845712980767e-01,2.703387856120226251e-01,2.493327371011868632e-01,2.341125931891677170e-01,2.236670169967481803e-01,2.171301233830917887e-01,2.137833166233999160e-01,2.130422201772343982e-01,2.144378764517285707e-01,2.175971604413189375e-01,2.222247634802583527e-01,2.280876478135666352e-01,2.350021186293906050e-01,2.428233101831560048e-01,2.514367510570932329e-01,2.607516520383534320e-01,2.706955885173331633e-01,2.812102961153842839e-01,2.922483478546810676e-01,3.037705266171221719e-01,3.157437453834051055e-01,3.281393994285812798e-01,3.409320598416943904e-01,3.540984373186261136e-01,3.676165600686638335e-01,3.814651207407636080e-01,3.956229553719473047e-01,4.100686235214653919e-01
7.946969696969696795e-01,4.226041326120343888e-01,4.082708056951877551e-01,3.942190616002402281e-01,3.804749372908288185e-01,3.670650531859800947e-01,3.540172358584264822e-01,3.413612819254309150e-01,3.291299034077871388e-01,3.173599073562155537e-01,3.060936757822844689e-01,2.953810281016297501e-01,2.852815689024982282e-01,2.758676499177252217e-01,2.672281071505213657e-01,2.594729718923617368e-01,2.527393958565277154e-01,2.471990703377293930e-01,2.430674450235059403e-01,2.406150393543438626e-01,2.401810419027080590e-01,2.421891278998302977e-01,2.471648492501389294e-01,2.557528352335107780e-01,2.687300459982137069e-01,2.870080161681284880e-01,3.116120504714351980e-01,3.436188676665274944e-01,3.840280185446439121e-01,4.335416840385077908e-01,4.922423381931672060e-01,5.592015253773510164e-01,6.321304712140392024e-01,7.072667760343587240e-01,7.797039844000586140e-01,8.442256511385344275e-01,8.964212195853907827e-01,9.336321873396440374e-01,9.553278939847076323e-01,9.628302318235044677e-01,9.586323412861003090e-01,9.456598951673853559e-01,9.267138787329034511e-01,9.041640732151174920e-01,8.798491100506130591e-01,8.551030099293999154e-01,8.308390530876311741e-01,8.076469300979834953e-01,7.858810703094160077e-01,7.657321562912688950e-01,7.472812085876486821e-01,7.305387037155613994e-01,7.154719855337244860e-01,7.020240100019295992e-01,6.901258991785674812e-01,6.797051829042748405e-01,6.706910944642445749e-01,6.630178875041211617e-01,6.566268466074666188e-01,6.514674529118453794e-01,6.474980182237685122e-01,6.446859994727118792e-01,6.430081474004858411e-01,6.424507132177423863e-01,6.430082563015222519e-01,6.446861098923093447e-01,6.474981244272330905e-01,6.514675559914488989e-01,6.566269513683402614e-01,6.630180012685606972e-01,6.706912266125840683e-01,6.797053448059511283e-01,6.901261043763535774e-01,7.020242745913580773e-01,7.154723287156404821e-01,7.305391485193371004e-01,7.472817827718882810e-01,7.657328934316860458e-01,7.858820110759447974e-01,8.076481237021094772e-01,8.308405588356412297e-01,8.551048987348878194e-01,8.798514656220893793e-01,9.041669924237204503e-01,9.267174703788082502e-01,9.456642760471505316e-01,9.586376282647440794e-01,9.628365288433178293e-01,9.553352740406891863e-01,9.336406717234511099e-01,8.964307597137906036e-01,8.442361203235979605e-01,7.797151855656409003e-01,7.072784657605563075e-01,6.321423933422684049e-01,5.592134435558822059e-01,4.922540586487427761e-01,4.335530654393351946e-01,3.840389709588379330e-01,3.436293449609658657e-01,3.116220402799163014e-01,2.870175301686382907e-01,2.687391118184595529e-01,2.557614903283366714e-01,2.471731365837354921e-01,2.421970930771640551e-01,2.401887313779872135e-01,2.406224994000348005e-01,2.430747212170190352e-01,2.472062073904115753e-01,2.527464376630422227e-01,2.594799617176311024e-01,2.672350878981233913e-01,2.758746644404812542e-01,2.852886603249101816e-01,2.953882401260822799e-01,3.061010529466546837e-01,3.173674951992594973e-01,3.291377484786844887e-01,3.413694315430213511e-01,3.540257374809592239e-01,3.670739531918165155e-01,3.804842788957143451e-01,3.942288815586391659e-01,4.082811293827589560e-01,4.226149671314545220e-01
7.984848484848485750e-01,4.343063769613899616e-01,4.201104292605301604e-01,4.061941865474966717e-01,3.925890266430406839e-01,3.793279113038676709e-01,3.664462504387320241e-01,3.539829775033063730e-01,3.419818792066982027e-01,3.304932475071694076e-01,3.195759444143536632e-01,3.092999939156672040e-01,2.997498428706795726e-01,2.910284650139548512e-01,2.832625185375891586e-01,2.766088045569444209e-01,2.712623025848562297e-01,2.674660623945989690e-01,2.655231756984746117e-01,2.658108746481163687e-01,2.687964007907617248e-01,2.750534822045570538e-01,2.852767786876912459e-01,3.002891376740925433e-01,3.210325559060084322e-01,3.485282291797931475e-01,3.837848202437308398e-01,4.276302159720547502e-01,4.804477826216744796e-01,5.418251203479677036e-01,6.101820202907621837e-01,6.825267629535635150e-01,7.545463267271624863e-01,8.211794714146729568e-01,8.776043497254285564e-01,9.202960396907113871e-01,9.477038047662051934e-01,9.602923704699316554e-01,9.600384394160412782e-01,9.496991359286790502e-01,9.321568469889431885e-01,9.099921621860904697e-01,8.852900359038130551e-01,8.596115525963384796e-01,8.340546643198556431e-01,8.093474897618460062e-01,7.859420080830009647e-01,7.640939468331171547e-01,7.439251227782245346e-01,7.254694673913689718e-01,7.087057408450953000e-01,6.935801358831629182e-01,6.800215372905678013e-01,6.679516042509565654e-01,6.572912830301854692e-01,6.479649021751405780e-01,6.399026577326843990e-01,6.330420456899074066e-01,6.273286217720163149e-01,6.227163456148774312e-01,6.191676817159793567e-01,6.166535720186965275e-01,6.151533579860912759e-01,6.146549258859695941e-01,6.151534719518416683e-01,6.166537013056283545e-01,6.191678144509221715e-01,6.227164787045817995e-01,6.273287564814402639e-01,6.330421860282964275e-01,6.399028097813130866e-01,6.479650738585774894e-01,6.572914841485537618e-01,6.679518466968826784e-01,6.800218354197153925e-01,6.935805070298440844e-01,7.087062059879871700e-01,7.254700519812562476e-01,7.439258577423822905e-01,7.640948697665741474e-01,7.859431646213844713e-01,8.093489350971563301e-01,8.340564647563785128e-01,8.596137869338733584e-01,8.852927962600792844e-01,9.099955536178347959e-01,9.321609849605353437e-01,9.497041404003025988e-01,9.600444243098954500e-01,9.602994279107418540e-01,9.477119851975254194e-01,9.203053317302615222e-01,8.776146663622705901e-01,8.211906496351965012e-01,7.545581439990926009e-01,6.825389671320416518e-01,6.101943636558136985e-01,5.418373876521599408e-01,4.804598072150416677e-01,4.276418837574796350e-01,3.837960649496994781e-01,3.485390233234686441e-01,3.210429008670052098e-01,3.002990548385380265e-01,2.852863024304198025e-01,2.750626547607035732e-01,2.688052687408202801e-01,2.658194866507127552e-01,2.655315811294463590e-01,2.674743106160724637e-01,2.712704426367484878e-01,2.766168851210508151e-01,2.832705880669818543e-01,2.910365719486464609e-01,2.997580358757629404e-01,3.093083220818981238e-01,3.195844573535291944e-01,3.305019952550023454e-01,3.419909118124564440e-01,3.539923441364808410e-01,3.664559977784009881e-01,3.793380809022232625e-01,3.925996508905640336e-01,4.062052828606090293e-01,4.201219922540425089e-01,4.343183688002507092e-01
8.022727272727272485e-01,4.450688288888074440e-01,4.310209270329293241e-01,4.172542088550160178e-01,4.038061963200904048e-01,3.907172434202062505e-01,3.780316492419510954e-01,3.657991077910651145e-01,3.540765288859469284e-01,3.429303072547073561e-01,3.324391553623758377e-01,3.226976514065298951e-01,3.138206900236423791e-01,3.059490598855227894e-01,2.992564055782249710e-01,2.939578500085334167e-01,2.903205353347347306e-01,2.886762421101064513e-01,2.894359911629497129e-01,2.931059900061421808e-01,3.003032455026370950e-01,3.117673182779623908e-01,3.283616521957622436e-01,3.510533414909915995e-01,3.808542455856351872e-01,4.187006013683894912e-01,4.652473148914401668e-01,5.205661202320519543e-01,5.837761646536682170e-01,6.527069212488311178e-01,7.237736499291869130e-01,7.922654728242833899e-01,8.531208263541046888e-01,9.019990893720739589e-01,9.362234454369844361e-01,9.551919278224452192e-01,9.601478363892398393e-01,9.535278970348408656e-01,9.382297871980065374e-01,9.170466490700995843e-01,8.923490949633685609e-01,8.659769125720220284e-01,8.392616326455102360e-01,8.131095987256420354e-01,7.880999031373030483e-01,7.645739654239901428e-01,7.427081870002677499e-01,7.225688638483267479e-01,7.041518091395262413e-01,6.874100084434704439e-01,6.722724233821769646e-01,6.586564843517319634e-01,6.464761983012682345e-01,6.356472695794911365e-01,6.260902207084526605e-01,6.177321966641940998e-01,6.105079198135471286e-01,6.043601114769245886e-01,5.992395920035838985e-01,5.951052002972775368e-01,5.919236256411917196e-01,5.896692117620289109e-01,5.883237658956209648e-01,5.878761779377733587e-01,5.883238724608435000e-01,5.896693531099456154e-01,5.919237805071166925e-01,5.951053610503946878e-01,5.992397566011431476e-01,6.043602810776129708e-01,6.105080978093362365e-01,6.177323882814963474e-01,6.260904329071373953e-01,6.356475111426349578e-01,6.464764800705835590e-01,6.586568195927304803e-01,6.722728282787376886e-01,6.874105027318360150e-01,7.041524168976680542e-01,7.225696144599605963e-01,7.427091163105596916e-01,7.645751170936528895e-01,7.881013301760735335e-01,8.131113651353547578e-01,8.392638150118624241e-01,8.659796012920062402e-01,8.923523945658978773e-01,9.170506767787879321e-01,9.382346685537097386e-01,9.535337572110151871e-01,9.601547861367973891e-01,9.552000442391559432e-01,9.362327502415469516e-01,9.020095305010529252e-01,8.531322705757042879e-01,7.922777152076818652e-01,7.237864398586477677e-01,6.527199974130574178e-01,5.837892880276426277e-01,5.205790965505360246e-01,4.652600039245884944e-01,4.187129153617542565e-01,3.808661413448972688e-01,3.510648102189848352e-01,3.283727097519051896e-01,3.117779971187301102e-01,3.003135886118784015e-01,2.931160466338605386e-01,2.894458140121470291e-01,2.886858855975799054e-01,2.903300546055146980e-01,2.939673004525378830e-01,2.992658426583063580e-01,3.059585391293034862e-01,3.138302670563287156e-01,3.227073819077365124e-01,3.324490948172412197e-01,3.429405103378041497e-01,3.540870482653240559e-01,3.658099920722960863e-01,3.780429396999188119e-01,3.907289691208155613e-01,4.038183672811984648e-01,4.172668071531229206e-01,4.310338963927017319e-01,4.450820644338684406e-01
8.060606060606061440e-01,4.548400681325150408e-01,4.409391955550463482e-01,4.273235880950873589e-01,4.140376702426983857e-01,4.011303959284549525e-01,3.886565713331201488e-01,3.766787180987781758e-01,3.652695004356291131e-01,3.545147924280501739e-01,3.445175207683100482e-01,3.354024723105850647e-01,3.273223025920509177e-01,3.204650171747084886e-01,3.150632106787563114e-01,3.114053120073961844e-01,3.098489465644306273e-01,3.108361941330171629e-01,3.149098373144555429e-01,3.227284118729013551e-01,3.350756328927069760e-01,3.528561630289477891e-01,3.770644456478884909e-01,4.087069201423962905e-01,4.486528103365537423e-01,4.973910867550522252e-01,5.546923874878207927e-01,6.192271786221126284e-01,6.882740815205240503e-01,7.577247497407949561e-01,8.225668685330326246e-01,8.778332375412101207e-01,9.197094644723948775e-01,9.463270000324893738e-01,9.579155509162042836e-01,9.563490798974173535e-01,9.443975761650160727e-01,9.250223049816399534e-01,9.009007472307591913e-01,8.742026479725429899e-01,8.465497473720047239e-01,8.190761080773527603e-01,7.925262105890538145e-01,7.673545672743766755e-01,7.438107487079366198e-01,7.220055192606041894e-01,7.019593852688259528e-01,6.836368432722432775e-01,6.669698274879626299e-01,6.518733634529515486e-01,6.382557681859913901e-01,6.260251195699361171e-01,6.150932197869380946e-01,6.053779038751221364e-01,5.968042753241588061e-01,5.893052618356985350e-01,5.828217542429358078e-01,5.773025029728263702e-01,5.727038866271838558e-01,5.689896271221509538e-01,5.661304987405610945e-01,5.641040582136941373e-01,5.628943765246244846e-01,5.624918124436534272e-01,5.628944523902740249e-01,5.641042027080741539e-01,5.661306701417408993e-01,5.689898120024703410e-01,5.727040794780923205e-01,5.773027022712993173e-01,5.828219610170369824e-01,5.893054790513143626e-01,5.968045076471916177e-01,6.053781576487136107e-01,6.150935031577945411e-01,6.260254427370210983e-01,6.382561437651139702e-01,6.518738069624661069e-01,6.669703579694221673e-01,6.836374840658485663e-01,7.019601649673715693e-01,7.220064728659680853e-01,7.438119190077202569e-01,7.673560064374345124e-01,7.925279819381890745e-01,8.190782879204053790e-01,8.465524266384325536e-01,8.742059331888741847e-01,9.009047600592293703e-01,9.250271791691435652e-01,9.444034504253555617e-01,9.563560852752661656e-01,9.579237920471475043e-01,9.463365319020999866e-01,9.197202696599017235e-01,8.778452119883012328e-01,8.225798238123072093e-01,7.577384346924559422e-01,6.882882178623234148e-01,6.192414990855962253e-01,5.547066653627695798e-01,4.974051513421824944e-01,4.486665491601091182e-01,4.087202723856168118e-01,3.770773916836033246e-01,3.528687135702179845e-01,3.350878196323391900e-01,3.227402802419409023e-01,3.149214412936410246e-01,3.108475927570947261e-01,3.098602016956556460e-01,3.114164869917177003e-01,3.150743695640237374e-01,3.204762242283804574e-01,3.273336218919667417e-01,3.354139671910822962e-01,3.445292528842405777e-01,3.545268201529023777e-01,3.652818762436484401e-01,3.766914845147277258e-01,3.886697550131758550e-01,4.011439995529663682e-01,4.140516623067189150e-01,4.273378915615401730e-01,4.409536777847117284e-01,4.548545362474095133e-01
8.098484848484848175e-01,4.635154105781626455e-01,4.497506741205708480e-01,4.362778548901398157e-01,4.231487903344224866e-01,4.104222905533289056e-01,3.981656242155484082e-01,3.864567966774756225e-01,3.753876881565822998e-01,3.650681340846441691e-01,3.556310936707519077e-01,3.472391256484073097e-01,3.400924472230671403e-01,3.344388739411093825e-01,3.305858938143598769e-01,3.289149588765454824e-01,3.298976718201944158e-01,3.341127176878311844e-01,3.422608470019041782e-01,3.551725458202826258e-01,3.737987733916724453e-01,3.991691092017158882e-01,4.322946774094659772e-01,4.739887780852768406e-01,5.245844778036475864e-01,5.835590617223441745e-01,6.491424042669960981e-01,7.180797413566156751e-01,7.857781956214093810e-01,8.469876707143578765e-01,8.969035264486006076e-01,9.322720400137276542e-01,9.520044595162231449e-01,9.570760734829504290e-01,9.498830501434256668e-01,9.334361796791933452e-01,9.107041503221046108e-01,8.842289848699257382e-01,8.559852934195038010e-01,8.273956710748359145e-01,7.994196045135582018e-01,7.726613733748217694e-01,7.474691215978513936e-01,7.240148769921065375e-01,7.023545507386722564e-01,6.824707900178696995e-01,6.643025327980954797e-01,6.477648306968462055e-01,6.327618115698000478e-01,6.191949316104667922e-01,6.069680578551137629e-01,5.959904550715610094e-01,5.861784113854549005e-01,5.774559978048693365e-01,5.697552918302309921e-01,5.630162831665130874e-01,5.571866040695966360e-01,5.522211764689023417e-01,5.480818345721075735e-01,5.447369594564941409e-01,5.421611466048594785e-01,5.403349091282637628e-01,5.392440787074715969e-01,5.388814667900642119e-01,5.392440787074668229e-01,5.403350441270043936e-01,5.421613274596375209e-01,5.447371637998319471e-01,5.480820528166765460e-01,5.522214043406447059e-01,5.571868403679863802e-01,5.630165288462930517e-01,5.697555496023024579e-01,5.774562720011697792e-01,5.861787079886667806e-01,5.959907818678152891e-01,6.069684246950954876e-01,6.191953507785361577e-01,6.327622982708467347e-01,6.477654036779896263e-01,6.643032151290432230e-01,6.824716100584587997e-01,7.023555433249160096e-01,7.240160848695731399e-01,7.474705971185156006e-01,7.726631804420462935e-01,7.994218206950289840e-01,8.273983896846972552e-01,8.559886251690610459e-01,8.842330583768538421e-01,9.107091103480874361e-01,9.334421815160982572e-01,9.498902483355614601e-01,9.570846035528867146e-01,9.520144132067825948e-01,9.322834380626143780e-01,8.969162970415518465e-01,8.470016436147767003e-01,7.857931183491998484e-01,7.180953148816785481e-01,6.491583268149136998e-01,5.835750667557269011e-01,5.246003571807569266e-01,4.740043891467692894e-01,4.323099382211421648e-01,3.991839877241490919e-01,3.738132751976824819e-01,3.551867030334193154e-01,3.422747095132427364e-01,3.341263467309730228e-01,3.299111355333823603e-01,3.289283293441195855e-01,3.305992450886300338e-01,3.344522805976487545e-01,3.401059830443252108e-01,3.472528620415849532e-01,3.556450973999760179e-01,3.650824638446211745e-01,3.754023894649702875e-01,3.864718945831236430e-01,3.981811135358986342e-01,4.104381239619126487e-01,4.231648658299164700e-01,4.362940060202871728e-01,4.497666682612718736e-01,4.635309611053360368e-01
8.136363636363637131e-01,4.710669042564236686e-01,4.574181320520416261e-01,4.440713321273401792e-01,4.310858842391900314e-01,4.185315618139623939e-01,4.064903243096673613e-01,3.950590428743990246e-01,3.843534409697094145e-01,3.745134242769998512e-01,3.657099731893345695e-01,3.581538298346093607e-01,3.521062605305860793e-01,3.478921478894765884e-01,3.459154844804857021e-01,3.466768723296976829e-01,3.507916594388051368e-01,3.590055168811694397e-01,3.722010908974378030e-01,3.913843328241947694e-01,4.176320707901659546e-01,4.519746254846221944e-01,4.951835232388479557e-01,5.474453140490934677e-01,6.079445565987027233e-01,6.744634296826216291e-01,7.432096402577871297e-01,8.091224703126679296e-01,8.667613065628820834e-01,9.115463853985154019e-01,9.408243273518710481e-01,9.542725148044105543e-01,9.535467716442215247e-01,9.414789172454163246e-01,9.212452059652275205e-01,8.957748689417353027e-01,8.674565116271115706e-01,8.380722156609416995e-01,8.088589906357537274e-01,7.806190554176719587e-01,7.538333576771714117e-01,7.287582166485160329e-01,7.054998318732310647e-01,6.840683253656635321e-01,6.644153370573167017e-01,6.464593664142961327e-01,6.301023992084908709e-01,6.152405271514308494e-01,6.017705206689947239e-01,5.895937260751892284e-01,5.786182247273174983e-01,5.687598849258187483e-01,5.599427256405369313e-01,5.520988675198841289e-01,5.451682503273616032e-01,5.390982319406728562e-01,5.338431418257155725e-01,5.293638342312660949e-01,5.256272682744831393e-01,5.226061299518330872e-01,5.202785004431036420e-01,5.186275336130772295e-01,5.176410912202358272e-01,5.173132363789485488e-01,5.176410912202292769e-01,5.186276374252133392e-01,5.202786816368761835e-01,5.226063479190206085e-01,5.256275079920477156e-01,5.293640883441751432e-01,5.338434068816169109e-01,5.390985069980178679e-01,5.451685363440951226e-01,5.520991670927192230e-01,5.599430429402605380e-01,5.687602257651135362e-01,5.786185967353143500e-01,5.895941389717387349e-01,6.017709866434663990e-01,6.152410613590404420e-01,6.301030204049345995e-01,6.464600977563256246e-01,6.644162071034533934e-01,6.840693693162938072e-01,7.055010930910600164e-01,7.287597484937189396e-01,7.538352256689662134e-01,7.806213396815798733e-01,8.088617884911808442e-01,8.380756440154800702e-01,8.674607085335982459e-01,8.957799932167646029e-01,9.212514331974360760e-01,9.414864300320326951e-01,9.535557419607298968e-01,9.542830778222147758e-01,9.408365494897282799e-01,9.115602345099754755e-01,8.667766361750557369e-01,8.091390283388427695e-01,7.432271036200468473e-01,6.744814543163312193e-01,6.079628259045407601e-01,5.474635722122818127e-01,4.952015890485822469e-01,4.519923902533456439e-01,4.176494871897354910e-01,3.914014007250835037e-01,3.722178439981829179e-01,3.590220117785152265e-01,3.508079674106511781e-01,3.466930734174197837e-01,3.459316632052039653e-01,3.479083898889879234e-01,3.521226494174607979e-01,3.581704435815665222e-01,3.657268793300560983e-01,3.745306732011364770e-01,3.843710566824749542e-01,3.950770109595775903e-01,4.065085777376630793e-01,4.185499669153621705e-01,4.311042315287600957e-01,4.440893387565980066e-01,4.574354623316976842e-01,4.710832097292549370e-01
8.174242424242423866e-01,4.774084981948472639e-01,4.638454700651004625e-01,4.505998672512243064e-01,4.377387179090803104e-01,4.253436352262082165e-01,4.135135900352722715e-01,4.023684366803454981e-01,3.920538568423873604e-01,3.827482142478014215e-01,3.746716465918332739e-01,3.680976501333118600e-01,3.633673659591287741e-01,3.609066024929357130e-01,3.612451292448318196e-01,3.650366719481224487e-01,3.730759059452775084e-01,3.863049949930997817e-01,4.057962367885715183e-01,4.326890457307867588e-01,4.680506254259934051e-01,5.126265945473547081e-01,5.664644162631481406e-01,6.284487363966269058e-01,6.958931044964929979e-01,7.644476846682478621e-01,8.285894262009269040e-01,8.827327511434179819e-01,9.225908456213189890e-01,9.461579082411810671e-01,9.538701768813984128e-01,9.480050790480112344e-01,9.317503367430362005e-01,9.083787758806909363e-01,8.807376847658978658e-01,8.510459685003387564e-01,8.208952547197264638e-01,7.913487752645336215e-01,7.630666828821296432e-01,7.364215246950203131e-01,7.115907892761217379e-01,6.886254295251571511e-01,6.674980663535201586e-01,6.481356792638248709e-01,6.304411336991178061e-01,6.143069747296124872e-01,5.996240035301569904e-01,5.862864059130612482e-01,5.741946431681467233e-01,5.632569176059634142e-01,5.533897505341912604e-01,5.445180244742149345e-01,5.365747172507535634e-01,5.295004734643157240e-01,5.232431049784067589e-01,5.177570769672508177e-01,5.130030133947451887e-01,5.089472412318660766e-01,5.055613832582207534e-01,5.028220021458017497e-01,5.007102851885697481e-01,4.992113187687575171e-01,4.983162227981452475e-01,4.980185691204384035e-01,4.983162227981400849e-01,4.992113187687464149e-01,5.007104542687638160e-01,5.028222265180261052e-01,5.055616395195055013e-01,5.089475182557610111e-01,5.130033052961714413e-01,5.177573809172696384e-01,5.232434202900494435e-01,5.295008011770256928e-01,5.365750599647609587e-01,5.445183863373468380e-01,5.533901373402200230e-01,5.632573369891586967e-01,5.741951048930084012e-01,5.862869222678301906e-01,5.996245898405622166e-01,6.143076500171643639e-01,6.304419215160210754e-01,6.481366087449920155e-01,6.674991735340852772e-01,6.886267589778066744e-01,7.115923961228610706e-01,7.364234770342865666e-01,7.630690646334402638e-01,7.913516893433586441e-01,8.208988262824766791e-01,8.510503476937771872e-01,8.807430479249279687e-01,9.083853234346686012e-01,9.317582853353828520e-01,9.480146449770444628e-01,9.538815488081285876e-01,9.461712103210588864e-01,9.226060981643512404e-01,8.827498423640909309e-01,8.286081101906227486e-01,7.644676126382436987e-01,6.959138811489914422e-01,6.284699815009704427e-01,5.664858118349852534e-01,5.126479084149104803e-01,4.680717133740255886e-01,4.327098402064341598e-01,4.058167302383580699e-01,3.863252232074913528e-01,3.730959339088661397e-01,3.650565827117421280e-01,3.612650152815099491e-01,3.609265585519667030e-01,3.633874822840622576e-01,3.681180048820967832e-01,3.746922963473260371e-01,3.827691817258628837e-01,3.920751155225311591e-01,4.023898934430502061e-01,4.135350692590910593e-01,4.253648708781954668e-01,4.377593623013755209e-01,4.506195233871764794e-01,4.638637462604905393e-01,4.774250713403872526e-01
8.212121212121212821e-01,4.824978704455753498e-01,4.689783079670016841e-01,4.557990290148214441e-01,4.430360492922973403e-01,4.307841667480629133e-01,4.191619003625152162e-01,4.083169253211856864e-01,3.984327696554971765e-01,3.897377320873561257e-01,3.825167801003392931e-01,3.771268428385309845e-01,3.740155309261005145e-01,3.737427096987039898e-01,3.770031178424247398e-01,3.846457770059157899e-01,3.976815224174171659e-01,4.172628215309887589e-01,4.446100322210728151e-01,4.808477982729076894e-01,5.267128021937175220e-01,5.821177365737623122e-01,6.456307565322393360e-01,7.140613293451576471e-01,7.824684239086231452e-01,8.448678157165633307e-01,8.955818949116425287e-01,9.306967695394133822e-01,9.489084191511454325e-01,9.514047663148609280e-01,9.410240982294948431e-01,9.212308843554031235e-01,8.953287984891283857e-01,8.660443975477302159e-01,8.354131955016240729e-01,8.048395063248022785e-01,7.752244838257118520e-01,7.471006770272125008e-01,7.207462206074898292e-01,6.962718651719428387e-01,6.736831434818048026e-01,6.529228752619423704e-01,6.338992868661509350e-01,6.165040920060740337e-01,6.006237840524255578e-01,5.861464427774626396e-01,5.729656333216190944e-01,5.609824546426213088e-01,5.501064347418254119e-01,5.402557268020118375e-01,5.313568986392993576e-01,5.233445014714415144e-01,5.161605345950052159e-01,5.097538776283585538e-01,5.040797331124885483e-01,4.990991038895487009e-01,4.947783180973102102e-01,4.910886073204952518e-01,4.880057384306274448e-01,4.855096934594959612e-01,4.835843556354904593e-01,4.822170101971448020e-01,4.814004996044493612e-01,4.811289119529240099e-01,4.814004996044482509e-01,4.822170101971418599e-01,4.835844928687950128e-01,4.855099152047472333e-01,4.880060052739985110e-01,4.910889030467132099e-01,4.947786340061461341e-01,4.990994351683127328e-01,5.040800774592077982e-01,5.097542346301543459e-01,5.161609054447475753e-01,5.233448888711775826e-01,5.313573068274096700e-01,5.402561616779952836e-01,5.501069040810265820e-01,5.609829684043372566e-01,5.729662040628045183e-01,5.861470861917490449e-01,6.006245196626610605e-01,6.165049440476465525e-01,6.339002854087021355e-01,6.529240576285042508e-01,6.736845560350013251e-01,6.962735655446964378e-01,7.207482804530318532e-01,7.471031853383969246e-01,7.752275508038409813e-01,8.048432676253877149e-01,8.354178163898015042e-01,8.660500759855572772e-01,8.953357653866177435e-01,9.212393981905834250e-01,9.410344303188689086e-01,9.514171730986376030e-01,9.489231004760940724e-01,9.307138183882445182e-01,8.956012531475424643e-01,8.448892562779602988e-01,7.824915743939881985e-01,7.140857338593775694e-01,6.456559535718860987e-01,5.821433254207445396e-01,5.267384810757484992e-01,4.808733734067779375e-01,4.446354068815971949e-01,4.172879758919919579e-01,3.977064918355524004e-01,3.846706324651110176e-01,3.770279493524532066e-01,3.737676117996441283e-01,3.740405887256721407e-01,3.771521168547400937e-01,3.825422885042911725e-01,3.897634299418141768e-01,3.984585268277872072e-01,4.083425081784792798e-01,4.191869663791445988e-01,4.308082831956034919e-01,4.430587427560504499e-01,4.558198594619343180e-01,4.689969451862681105e-01,4.825141446855362726e-01
8.249999999999999556e-01,4.862738476243286256e-01,4.727423099915825655e-01,4.595820105113738174e-01,4.468820232642806700e-01,4.347540649055731121e-01,4.233403390905234875e-01,4.128225497280259004e-01,4.034321939949999103e-01,3.954630105987915756e-01,3.892867893556740677e-01,3.853733321523492017e-01,3.843143181031449807e-01,3.868491244513639904e-01,3.938877074247855159e-01,4.065204231154572190e-01,4.259960627807854450e-01,4.536371833167383016e-01,4.906491787373040148e-01,5.377776209009689223e-01,5.948010720703000853e-01,6.599447591061612384e-01,7.294650034947939288e-01,7.977868952686621995e-01,8.584701564336310042e-01,9.058132027448634327e-01,9.363682216167735772e-01,9.495877509556472917e-01,9.473948088918519028e-01,9.331184985373587315e-01,9.104179470578546152e-01,8.825647693574768526e-01,8.521310315141228386e-01,8.209596411757659196e-01,7.902736166414326968e-01,7.608251013894874459e-01,7.330338441213721801e-01,7.070973360369294802e-01,6.830712254401289929e-01,6.609249398797408803e-01,6.405787193205902952e-01,6.219275310879025520e-01,6.048560759006658127e-01,5.892479027369678102e-01,5.749907077353246798e-01,5.619792067569876481e-01,5.501164953354596987e-01,5.393144886224332524e-01,5.294938211606452505e-01,5.205834470509325129e-01,5.125200907585323318e-01,5.052476406713365398e-01,4.987165403917507844e-01,4.928832092364341944e-01,4.877095087032703447e-01,4.831622625830386819e-01,4.792128328501066847e-01,4.758367499364357101e-01,4.730133926478402029e-01,4.707257022278992786e-01,4.689596857741291647e-01,4.677054238004093034e-01,4.669561260604859210e-01,4.667068513203231905e-01,4.669561260604834230e-01,4.677054238004087483e-01,4.689597343053484302e-01,4.707259094687145096e-01,4.730136629338137499e-01,4.758370593345316868e-01,4.792131691594915810e-01,4.831626187885189050e-01,4.877098808448766531e-01,4.928835954953689202e-01,4.987169406596896337e-01,5.052480563611920772e-01,5.125205247608234371e-01,5.205839037947601611e-01,5.294943067632892353e-01,5.393150111257767332e-01,5.501170650364557435e-01,5.619798366476422835e-01,5.749914140756879899e-01,5.892487057935801298e-01,6.048570008938033427e-01,6.219286094036972079e-01,6.405799900594519869e-01,6.609264518288456847e-01,6.830730395741982930e-01,7.070995286613283026e-01,7.330365107647325296e-01,7.608283615064069805e-01,7.902776190609138718e-01,8.209645699593631774e-01,8.521371113719896639e-01,8.825722688919055425e-01,9.104271768059714054e-01,9.331297992687570542e-01,9.474085247235407570e-01,9.496041834088972955e-01,9.363875671545472956e-01,9.058354880878703996e-01,8.584951975713497330e-01,7.978143058858112591e-01,7.294942590510710145e-01,6.599752942141570156e-01,5.948323736258802619e-01,5.378092883778399225e-01,4.906809446571732680e-01,4.536689034759902039e-01,4.260276906099946803e-01,4.065519791218052403e-01,3.939192492014453317e-01,3.868807184032783120e-01,3.843460116948311800e-01,3.854051249451362904e-01,3.893186022633763343e-01,3.954946558784087629e-01,4.034633534623242035e-01,4.128527740822557357e-01,4.233690824524837804e-01,4.347807596020193399e-01,4.469061797208880860e-01,4.596033075776426169e-01,4.727606404718598387e-01,4.862893065178818253e-01
8.287878787878788511e-01,4.886704353040784432e-01,4.750591826199213608e-01,4.618571686906529083e-01,4.491734468427039384e-01,4.371447361729527414e-01,4.259457142018491238e-01,4.158024606446623084e-01,4.070087221608862382e-01,3.999448758914219137e-01,3.951001563261368754e-01,3.930987475609761805e-01,3.947286938241864607e-01,4.009687437527857945e-01,4.130015630418749639e-01,4.321910689594004040e-01,4.599865399725674986e-01,4.977005469498381185e-01,5.461063599147738534e-01,6.048450531904829841e-01,6.717621245692085852e-01,7.424991234446013388e-01,8.108002594241432437e-01,8.697857221189999599e-01,9.138176874887946610e-01,9.400174855788230310e-01,9.486406044645411262e-01,9.423111478104956307e-01,9.247665098841867382e-01,8.997762838347033165e-01,8.705223214123495312e-01,8.393957445036492881e-01,8.080437376163708274e-01,7.775179180704073767e-01,7.484364091436509492e-01,7.211215743410112067e-01,6.957039102832186517e-01,6.721951415679916497e-01,6.505373406648752299e-01,6.306348329720056212e-01,6.123743228117269899e-01,5.956372109316139252e-01,5.803068533689451636e-01,5.662726051883960610e-01,5.534318588764879365e-01,5.416908592808939993e-01,5.309647942518772590e-01,5.211774759552737502e-01,5.122608090210328813e-01,5.041541656589229037e-01,4.968037395691590752e-01,4.901619200381252539e-01,4.841867086288606514e-01,4.788411892094069922e-01,4.740930550313646186e-01,4.699141924318389063e-01,4.662803182776010802e-01,4.631706663623668674e-01,4.605677137762865803e-01,4.584569076056952408e-01,4.568260128256674268e-01,4.556680603788729744e-01,4.549758201128896173e-01,4.547454896414108716e-01,4.549758201128826784e-01,4.556680603788721973e-01,4.568260128256669828e-01,4.584570827350085698e-01,4.605679788258791318e-01,4.631709835582576984e-01,4.662806707048220978e-01,4.699145704866740103e-01,4.740934529721560486e-01,4.788416038039546296e-01,4.841871385272313866e-01,4.901623654734505453e-01,4.968042022388047263e-01,5.041546487238659502e-01,5.122613171971912571e-01,5.211780156882982462e-01,5.309653739780670900e-01,5.416914897851394795e-01,5.534325537661368699e-01,5.662733815104821211e-01,5.803077324085244015e-01,5.956382192416320720e-01,6.123754935409094768e-01,6.306362075768784381e-01,6.505389711157586463e-01,6.721970931852234710e-01,6.957062653652537065e-01,7.211244367607593242e-01,7.484399100733861721e-01,7.775222229084693959e-01,8.080490539571162367e-01,8.394023304945499309e-01,8.705304929045075690e-01,8.997864171784845100e-01,9.247790350601153841e-01,9.423265244658294293e-01,9.486592733215323259e-01,9.400397931035634480e-01,9.138437955797884538e-01,8.698155333870516426e-01,8.108333977696705608e-01,7.425349923269941588e-01,6.718000255634826168e-01,6.048843157034399232e-01,5.461464350106352006e-01,4.977410462627769316e-01,4.600272277465681237e-01,4.322318259653448180e-01,4.130423383239041346e-01,4.010095027603994833e-01,3.947693660044642172e-01,3.931391750623386416e-01,3.951400485238751870e-01,3.999837811477905403e-01,4.070460350034685870e-01,4.158374814003453213e-01,4.259777608132895854e-01,4.371732772918918708e-01,4.491982036782417587e-01,4.618781445882464420e-01,4.750766186680019931e-01,4.886847246045720183e-01
8.325757575757576356e-01,4.896075690183435136e-01,4.758388615049638504e-01,4.625235051731544367e-01,4.497989632732075638e-01,4.378393499692739277e-01,4.268679432851901212e-01,4.171747256816004668e-01,4.091396698385825204e-01,4.032613868278712710e-01,4.001898415139331644e-01,4.007610172842857588e-01,4.060287591033469590e-01,4.172818657878082371e-01,4.360210507761498877e-01,4.638508175688479951e-01,5.022211794857349698e-01,5.519530947093360673e-01,6.125420754968559089e-01,6.814055062731503298e-01,7.534966603613678648e-01,8.218324194165227414e-01,8.791283348505183337e-01,9.199199100354646941e-01,9.420045507727343725e-01,9.464698177895076725e-01,9.365848891253760744e-01,9.164015186972662708e-01,8.897170661067462794e-01,8.595742875548706419e-01,8.281659695843902602e-01,7.969471508733462217e-01,7.668117843124391264e-01,7.382606069679492622e-01,7.115343007975953871e-01,6.867096073019969271e-01,6.637648136510521102e-01,6.426226392329389414e-01,6.231774637429804420e-01,6.053121205503960711e-01,5.889079184385251908e-01,5.738503573885829212e-01,5.600321560134295940e-01,5.473546335982973909e-01,5.357281104651332448e-01,5.250717442212066155e-01,5.153130614419597633e-01,5.063873437348794804e-01,4.982369635303762201e-01,4.908107250334149407e-01,4.840632409529527780e-01,4.779543603887828618e-01,4.724486540703636828e-01,4.675149577543180612e-01,4.631259715449244085e-01,4.592579112375240746e-01,4.558902067091185617e-01,4.530052405808065452e-01,4.505881112941468314e-01,4.486262707484505730e-01,4.471099195049224595e-01,4.460327799720443243e-01,4.453886356360475252e-01,4.451742746852213051e-01,4.453886356360475252e-01,4.460327799720418818e-01,4.471099195049225705e-01,4.486263770462062817e-01,4.505883600690298585e-01,4.530055587381141557e-01,4.558905703441448187e-01,4.592583075136619786e-01,4.631263927129304347e-01,4.675153991038660251e-01,4.724491130270875305e-01,4.779548360763415937e-01,4.840637339890728752e-01,4.908112374664433397e-01,4.982374988759868950e-01,5.063879070966810225e-01,5.153136597133948227e-01,5.250723863754661602e-01,5.357288079474035181e-01,5.473554008431547047e-01,5.600330111194548044e-01,5.738513229943977834e-01,5.889090228595177390e-01,6.053133992552568454e-01,6.231789612747612450e-01,6.426244117115297305e-01,6.637669320333317025e-01,6.867121616203581969e-01,7.115374056404667469e-01,7.382644084893743575e-01,7.668164690238683523e-01,7.969529563023183272e-01,8.281731964404023261e-01,8.595833120906751779e-01,8.897283495913116402e-01,9.164156080772001278e-01,9.366023993420653504e-01,9.464913836770915134e-01,9.420307394528815159e-01,9.199510992952674160e-01,8.791645899141878884e-01,8.218734244727886606e-01,7.535417533129120660e-01,6.814538146512021388e-01,6.125926936020411606e-01,5.520052267423012360e-01,5.022742064556423580e-01,4.639042893914635535e-01,4.360746279295314998e-01,4.173352361930225962e-01,4.060815496651773993e-01,4.008127172086857759e-01,4.002397593482042160e-01,4.033086683402777872e-01,4.091833958724589437e-01,4.172140764948275016e-01,4.269023707468206363e-01,4.378686807870690867e-01,4.498233918612020710e-01,4.625434969329096924e-01,4.758550237126255023e-01,4.896205391741946800e-01
8.363636363636364202e-01,4.889650860736672322e-01,4.749548026597201211e-01,4.614500572429990899e-01,4.486261534438087395e-01,4.367100769433998608e-01,4.259971876210911224e-01,4.168739291416810877e-01,4.098484148369050395e-01,4.055896278443960057e-01,4.049728191207414563e-01,4.091233575311487014e-01,4.194430582408536501e-01,4.375888507884074796e-01,4.653507080784078931e-01,5.043498690062390155e-01,5.554769471020334359e-01,6.180704675684198790e-01,6.890627131953642737e-01,7.626397619069563705e-01,8.310551279698725757e-01,8.866796785852674168e-01,9.243487664030575202e-01,9.426318496078318621e-01,9.434471514848395968e-01,9.306270940481383702e-01,9.084362202975329037e-01,8.806241743386395981e-01,8.500579030411457016e-01,8.187257171614850115e-01,7.879015650096174994e-01,7.583394093309517858e-01,7.304407237624230831e-01,7.043802946949151433e-01,6.801937517109676312e-01,6.578355866336550450e-01,6.372162998618262630e-01,6.182255035489599981e-01,6.007458731674123475e-01,5.846612683678704681e-01,5.698612069071357089e-01,5.562430985702053743e-01,5.437131326146890098e-01,5.321863797185127920e-01,5.215864567433152743e-01,5.118449678102344746e-01,5.029008503101324301e-01,4.946997013910566787e-01,4.871931275290948271e-01,4.803381395649918839e-01,4.740966033605572005e-01,4.684347490045601137e-01,4.633227373822994544e-01,4.587342807103759745e-01,4.546463125410020734e-01,4.510387021761427251e-01,4.478940076829456274e-01,4.451972584055119975e-01,4.429357327564480973e-01,4.410981338373398675e-01,4.396783804681602126e-01,4.386689034175969559e-01,4.380650373638005912e-01,4.378640503546936680e-01,4.380650373638041994e-01,4.386689034175962343e-01,4.396783804681607122e-01,4.410981338373447525e-01,4.429359497554831715e-01,4.451975694148875839e-01,4.478943769593303759e-01,4.510391125635343501e-01,4.546467539134442792e-01,4.587347467478950502e-01,4.633232242614009899e-01,4.684352547761881924e-01,4.740971276439557291e-01,4.803386834163317354e-01,4.871936934244058826e-01,4.947002932975134715e-01,5.029014738371765381e-01,5.118456304425912373e-01,5.215871681663736270e-01,5.321871522544676658e-01,5.437139817964830035e-01,5.562440438914278973e-01,5.698622728000161120e-01,5.846624854799298276e-01,6.007472800323647721e-01,6.182271487801305199e-01,6.372182450398234943e-01,6.578379101161082598e-01,6.801965536612790686e-01,7.043837037069107243e-01,7.304449055345137998e-01,7.583445778849566832e-01,7.879079968768691877e-01,8.187337686180875540e-01,8.500680295754627913e-01,8.806369496147697928e-01,9.084523483622343187e-01,9.306474031606948305e-01,9.434725520171846069e-01,9.426632369196134009e-01,9.243868620439661399e-01,8.867248376646784669e-01,8.311071858912313370e-01,7.626980081210112949e-01,6.891260246687385127e-01,6.181375385743586026e-01,5.555464993824450470e-01,5.044207579342357972e-01,4.654219116655670119e-01,4.376593805316800201e-01,4.195118507041087907e-01,4.091892084535239116e-01,4.050344146308957338e-01,4.056456964509929652e-01,4.098979597327510604e-01,4.169164354450400900e-01,4.260326980507886940e-01,4.367391085192441902e-01,4.486495175311032146e-01,4.614686726213446666e-01,4.749695586827306082e-01,4.889767681025439794e-01
8.401515151515152047e-01,4.866370518840605897e-01,4.722937553324016435e-01,4.585221236245693444e-01,4.455477098682921189e-01,4.336701954016224381e-01,4.232881667141412674e-01,4.149314075148004544e-01,4.093020663121682556e-01,4.073246231329882838e-01,4.101996166860786275e-01,4.194442912064917928e-01,4.368819733207846001e-01,4.645114099147891751e-01,5.041562833051066450e-01,5.567968796666332709e-01,6.215961325444891994e-01,6.949311145941942103e-01,7.701338304309146565e-01,8.386702798865247610e-01,8.926531031914372027e-01,9.273572041305150337e-01,9.422039904262086152e-01,9.399119812433170962e-01,9.247777499189034911e-01,9.011785614266435429e-01,8.727530821833192620e-01,8.421689548647507406e-01,8.112132407740991757e-01,7.809947586233427774e-01,7.521467923647404685e-01,7.249894407302617250e-01,6.996462974889999797e-01,6.761231935490312761e-01,6.543591899680346602e-01,6.342585975555234956e-01,6.157105349172065090e-01,5.986005150454308810e-01,5.828170312878571124e-01,5.682550596116082708e-01,5.548176939073418135e-01,5.424166774461697260e-01,5.309723041542893096e-01,5.204129804844705998e-01,5.106746239119024366e-01,5.017000025111647554e-01,4.934380757198180700e-01,4.858433691402241350e-01,4.788753996846570882e-01,4.724981575047010329e-01,4.666796454322273968e-01,4.613914735012882851e-01,4.566085045129965048e-01,4.523085459023798993e-01,4.484720829189915436e-01,4.450820478949329972e-01,4.421236191238638868e-01,4.395840351508440991e-01,4.374523215590739866e-01,4.357192604674600123e-01,4.343795711871586973e-01,4.334265785865460963e-01,4.328563383011985732e-01,4.326665162632615802e-01,4.328563383012016264e-01,4.334265785865483167e-01,4.343795711871563103e-01,4.357192604674607894e-01,4.374524794125788096e-01,4.395843289515167229e-01,4.421239876864885288e-01,4.450824678074791207e-01,4.484725410874979001e-01,4.523090341758987387e-01,4.566090177447096887e-01,4.613920086706557733e-01,4.666802012097427399e-01,4.724987340425566562e-01,4.788759985438344469e-01,4.858439933149336643e-01,4.934387297434527087e-01,5.017006926412550527e-01,5.106753584004882773e-01,5.204137699483981638e-01,5.309731620682611730e-01,5.424176207912660974e-01,5.548187440207813514e-01,5.682562433003051083e-01,5.828183822915626866e-01,5.986020759664599789e-01,6.157123597768041634e-01,6.342607551950864009e-01,6.543617685917477722e-01,6.761263068078018357e-01,6.996500926353780292e-01,7.249941095264503810e-01,7.521525855742188238e-01,7.810020049915259444e-01,8.112223712401036568e-01,8.421805320027372366e-01,8.727678329152501746e-01,9.011974068886380307e-01,9.248018189230398090e-01,9.399425831836589751e-01,9.422425142451390512e-01,9.274049150976414468e-01,8.927108476565814854e-01,8.387381817495844771e-01,7.702111218829845729e-01,6.950162044808172457e-01,6.216868720802052328e-01,5.568908631379195784e-01,5.042510389641633450e-01,4.646044596418100747e-01,4.369708534214028495e-01,4.195266573188359271e-01,4.102734888399252045e-01,4.073886966467638593e-01,4.093559181078603726e-01,4.149754690165587956e-01,4.233234848541933548e-01,4.336981161148833475e-01,4.455696119362027030e-01,4.585392561134666867e-01,4.723071690275406631e-01,4.866475914129696489e-01
8.439393939393939892e-01,4.824799919419653915e-01,4.677104214801585114e-01,4.536042578094270361e-01,4.404566962830719357e-01,4.286695951986345676e-01,4.187891880218373442e-01,4.115543404836959351e-01,4.079546612224076441e-01,4.092925998613404226e-01,4.172320233837699122e-01,4.337924040623140076e-01,4.612084276561592144e-01,5.015296390250166825e-01,5.558331106128808763e-01,6.230725922608699729e-01,6.989866762913086173e-01,7.759667062442897612e-01,8.446887242864435930e-01,8.971185512883355084e-01,9.291067052149265537e-01,9.409718353606173480e-01,9.361671195475673724e-01,9.193420946168997521e-01,8.948962781941294242e-01,8.663118614504827786e-01,8.360492758583468742e-01,8.057074287801823109e-01,7.762506909613623440e-01,7.482123320009331779e-01,7.218485303530866037e-01,6.972452032764139274e-01,6.743883242434079994e-01,6.532085980183210960e-01,6.336090672170926474e-01,6.154817228974791554e-01,5.987171855315729374e-01,5.832100929115209276e-01,5.688618709452849531e-01,5.555819386978212426e-01,5.432880005695412962e-01,5.319058272185267500e-01,5.213687695406046263e-01,5.116171521090081553e-01,5.025976318460320114e-01,4.942625703953268390e-01,4.865694459153568352e-01,4.794803163297411408e-01,4.729613380085225804e-01,4.669823392647443616e-01,4.615164455845452429e-01,4.565397523220129372e-01,4.520310401447541482e-01,4.479715284558335453e-01,4.443446620353247445e-01,4.411359257311992521e-01,4.383326792163738106e-01,4.359239838305601911e-01,4.338996202285986814e-01,4.322545674585195896e-01,4.309815294528193119e-01,4.300755784430583262e-01,4.295333424551988077e-01,4.293528187272496743e-01,4.295333424552000845e-01,4.300755784430587703e-01,4.309815294528225316e-01,4.322545674585169806e-01,4.338996202286029558e-01,4.359242468438089824e-01,4.383330396215568414e-01,4.411363500353064904e-01,4.443451332160224809e-01,4.479720361848467669e-01,4.520315778188493949e-01,4.565403158142324891e-01,4.615170326384736565e-01,4.669829491908987218e-01,4.729619715501815480e-01,4.794809756405108425e-01,4.865701346236935843e-01,4.942632937479659594e-01,5.025983969328737810e-01,5.116179681804050583e-01,5.213696484361111105e-01,5.319067839355388072e-01,5.432890540121131373e-01,5.555831126614361182e-01,5.688631954146847747e-01,5.832116057778909957e-01,5.987189348760760810e-01,6.154837700449304894e-01,6.336114908425272141e-01,6.532114996995095346e-01,6.743918360026637249e-01,6.972494978577059577e-01,7.218538352399549440e-01,7.482189484876087260e-01,7.762590198859820045e-01,8.057180046506571269e-01,8.360628106508802837e-01,8.663292975007558239e-01,8.949188447855649375e-01,9.193713527877906966e-01,9.362049622889579981e-01,9.410203881924551483e-01,9.291680604677070576e-01,8.971943024623837415e-01,8.447793756494781370e-01,7.760711772898681859e-01,6.991021567145241367e-01,6.231948314187014670e-01,5.559569920067448656e-01,5.016498401297619925e-01,4.613200859873020643e-01,4.338917637043570030e-01,4.173169284635396270e-01,4.093626239823852098e-01,4.080108025052330278e-01,4.115984550768496120e-01,4.188234281552947191e-01,4.286960192486296006e-01,4.404770747246345985e-01,4.536200203731677316e-01,4.677226801211880614e-01,4.824895931339159838e-01
8.477272727272727737e-01,4.762735878742486162e-01,4.609844691366547509e-01,4.464955028961479222e-01,4.332038150697449796e-01,4.216617973022064869e-01,4.126339100434237017e-01,4.071674829492681891e-01,4.066714813936627149e-01,4.129824741847555880e-01,4.283675654579290892e-01,4.553657959665404209e-01,4.963147635013613890e-01,5.524108834462837514e-01,6.223513125669899448e-01,7.011239085473204291e-01,7.800760524003631513e-01,8.491013263909192865e-01,9.001442289248686723e-01,9.297538670811350547e-01,9.391575812240653409e-01,9.324542773887706248e-01,9.145366505887494446e-01,8.897527285406273689e-01,8.614008843893564693e-01,8.317389414014439986e-01,8.021969300894449262e-01,7.736172154981293403e-01,7.464531113233179305e-01,7.209127663228158678e-01,6.970561857190409327e-01,6.748578345703706294e-01,6.542458181868335831e-01,6.351257951643562993e-01,6.173952012651234833e-01,6.009514365333133989e-01,5.856963472814996630e-01,5.715384683643431885e-01,5.583939370355670562e-01,5.461866402729216308e-01,5.348479390064524441e-01,5.243161768629365227e-01,5.145360969580612398e-01,5.054582384552065433e-01,4.970383528792446937e-01,4.892368609220625331e-01,4.820183589638759591e-01,4.753511778083149841e-01,4.692069923455155500e-01,4.635604788680621757e-01,4.583890158496485845e-01,4.536724237037674246e-01,4.493927390757604390e-01,4.455340193590493492e-01,4.420821730773524805e-01,4.390248107074075090e-01,4.363511040246332295e-01,4.340515815788633658e-01,4.321177037366633056e-01,4.305454213304030220e-01,4.293280042738257252e-01,4.284613130733944675e-01,4.279424482776820193e-01,4.277696843783651559e-01,4.279424482776775229e-01,4.284613130733917474e-01,4.293280042738230051e-01,4.305454213303993583e-01,4.321177037366606410e-01,4.340517922824296271e-01,4.363514472345697559e-01,4.390252336595347749e-01,4.420826531834700091e-01,4.455345435766075446e-01,4.493932991336833105e-01,4.536730142916901021e-01,4.583896337775258956e-01,4.635611226435255028e-01,4.692076619686174066e-01,4.753518746998494082e-01,4.820190859900831959e-01,4.892376225013361224e-01,4.970391551690778731e-01,5.054590896269594014e-01,5.145370075755281158e-01,5.243171603894668520e-01,5.348490124767528719e-01,5.461878251798527595e-01,5.583952605022433069e-01,5.715399646989165472e-01,5.856980600503977064e-01,6.009534213430771654e-01,6.173975295195593960e-01,6.351285591738865532e-01,6.542491381628534608e-01,6.748618682585939554e-01,6.970611417341039395e-01,7.209189226656992355e-01,7.464608411031610213e-01,7.736270225046782967e-01,8.022094974021365399e-01,8.317551961930736981e-01,8.614220803193076703e-01,8.897805411828527689e-01,9.145732667926165238e-01,9.325024303987164975e-01,9.392204374108322762e-01,9.298346240327727275e-01,9.002452988414380020e-01,8.492231521727412469e-01,7.802159574229357020e-01,7.012756768086985115e-01,6.225060343718005207e-01,5.525589351573617636e-01,4.964481050281213115e-01,4.554795741138762399e-01,4.284604359784315308e-01,4.130558083692417726e-01,4.067281283262447200e-01,4.072107032216232270e-01,4.126667301815622468e-01,4.216867395372495553e-01,4.332228571848852905e-01,4.465101432198295139e-01,4.609958221829050240e-01,4.762824759593526358e-01
8.515151515151515582e-01,4.677863518289959166e-01,4.518995475319245725e-01,4.370281196419599778e-01,4.237253822084082744e-01,4.127751687884976817e-01,4.052758736454217803e-01,4.027381266933975357e-01,4.071737739555690294e-01,4.211173208420190273e-01,4.474583707031383195e-01,4.888903080405384016e-01,5.467839795043675233e-01,6.195693635161950708e-01,7.013932095400314815e-01,7.824686922153620827e-01,8.519273146915432582e-01,9.018123528406546408e-01,9.294571950670748040e-01,9.369652950991196327e-01,9.289733884875254200e-01,9.105163483332080476e-01,8.858370817939402730e-01,8.580403278392150224e-01,8.291962184462883245e-01,8.005892914234129520e-01,7.729627101250443610e-01,7.467085175693619625e-01,7.220008159474938791e-01,6.988836052836578938e-01,6.773266073426367218e-01,6.572598203937528583e-01,6.385944293222133306e-01,6.212351514212091086e-01,6.050872886306580822e-01,5.900605505127611838e-01,5.760709350157187103e-01,5.630414627954849482e-01,5.509022536290981709e-01,5.395902424876160008e-01,5.290487145973443717e-01,5.192267658447955458e-01,5.100787500184016388e-01,5.015637469594517173e-01,4.936450690881524772e-01,4.862898138620320165e-01,4.794684639508576263e-01,4.731545336808000157e-01,4.673242586167695167e-01,4.619563243939362462e-01,4.570316306904152470e-01,4.525330863012972382e-01,4.484454314538289799e-01,4.447550836090494175e-01,4.414500026287793699e-01,4.385195687317533508e-01,4.359544510609685841e-01,4.337461596765371796e-01,4.318886618128575106e-01,4.303773135002418870e-01,4.292065292083872552e-01,4.283727543045029451e-01,4.278734840664739636e-01,4.277072259675230859e-01,4.278734840664717431e-01,4.283727543045028896e-01,4.292065292083853678e-01,4.303773135002400552e-01,4.318886618128573995e-01,4.337462633116636601e-01,4.359547652408153895e-01,4.385199836852425870e-01,4.414504871669692188e-01,4.447556211284046657e-01,4.484460116931638374e-01,4.525337026368841387e-01,4.570322789601212743e-01,4.619570023178299345e-01,4.673249655056784801e-01,4.731552703098153567e-01,4.794692325439808278e-01,4.862906181652089654e-01,4.936459145240654212e-01,5.015646408685145996e-01,5.100797019988845271e-01,5.192277882142793954e-01,5.290498230082154585e-01,5.395914567431676634e-01,5.509035987654854472e-01,5.630429705206170254e-01,5.760726456326189515e-01,5.900625155070650107e-01,6.050895741763356872e-01,6.212378431664449252e-01,6.385976389735350534e-01,6.572636948426189285e-01,6.773313414058964588e-01,6.988894595956759437e-01,7.220081421936160870e-01,7.467177941180820344e-01,7.729745921676756115e-01,8.006046807261900655e-01,8.292163579960925013e-01,8.580669240346292526e-01,8.858724469191238127e-01,9.105635301867650577e-01,9.290361991435028832e-01,9.370480592090817407e-01,9.295639426057962229e-01,9.019452259658269355e-01,8.520844095144650687e-01,7.826424752891621983e-01,7.015712207414881441e-01,6.197377583425108805e-01,5.469319774909375820e-01,4.890126971216697815e-01,4.475551197380201462e-01,4.211915680122372274e-01,4.072298138431996173e-01,4.027801406634631265e-01,4.053073798303894471e-01,4.127989107614792319e-01,4.237434137643573684e-01,4.370419463627002177e-01,4.519102633186051210e-01,4.677947502631129573e-01
8.553030303030303427e-01,4.567674790705321675e-01,4.402490118312630263e-01,4.250984897831835418e-01,4.121168625475947755e-01,4.024538643553366435e-01,3.977270842758724445e-01,4.001372862718968748e-01,4.125114940324093316e-01,4.381255549049767883e-01,4.800628379156013370e-01,5.398722249314675814e-01,6.156583074910594311e-01,7.006254228689623442e-01,7.838086485905408907e-01,8.536741519125314870e-01,9.025268060097493272e-01,9.285547369813356156e-01,9.346696416651973927e-01,9.259213725600280442e-01,9.073906477827180517e-01,8.831734731444891295e-01,8.561800567626418612e-01,8.283114126645475528e-01,8.007298036050691792e-01,7.740999669997308263e-01,7.487688121807160035e-01,7.248879859510612977e-01,7.024934031212968222e-01,6.815552585525940232e-01,6.620087708426992679e-01,6.437727024432747802e-01,6.267602623105478221e-01,6.108853215097176381e-01,5.960657772737800730e-01,5.822252044711201391e-01,5.692934966903304694e-01,5.572069274141265849e-01,5.459078933736941641e-01,5.353444980913776297e-01,5.254700694187486310e-01,5.162426653967844281e-01,5.076245986107481567e-01,4.995819945604580981e-01,4.920843908047379256e-01,4.851043785184286916e-01,4.786172852226702190e-01,4.726008959394497055e-01,4.670352093350559897e-01,4.619022252115195237e-01,4.571857597627451142e-01,4.528712851857602528e-01,4.489457903955809126e-01,4.453976595210650813e-01,4.422165638744221527e-01,4.393933577145106018e-01,4.369199263461008287e-01,4.347883772003555136e-01,4.329959553278575624e-01,4.315360918847909732e-01,4.304047200556695985e-01,4.295987658946768262e-01,4.291160569941784297e-01,4.289552976008371155e-01,4.291160569941770975e-01,4.295987658946780474e-01,4.304047200556703201e-01,4.315360918847899185e-01,4.329959553278577289e-01,4.347883772003579006e-01,4.369201939762916709e-01,4.393937566341976630e-01,4.422170478016999029e-01,4.453982069010942180e-01,4.489463884891218837e-01,4.528719258552512672e-01,4.571864377976747607e-01,4.619029375350797717e-01,4.670359546035808829e-01,4.726016743519409480e-01,4.786180984629351820e-01,4.851052297957990089e-01,4.920852849812231145e-01,4.995829383649973421e-01,5.076256009510958789e-01,5.162437377889996792e-01,5.254712265647296654e-01,5.353457586485860231e-01,5.459092809791906697e-01,5.572084720503551747e-01,5.692952365153858274e-01,5.822271882872723792e-01,5.960680678811612898e-01,6.108880002986715185e-01,6.267634356016849040e-01,6.437765103119400534e-01,6.620133994975154756e-01,6.815609578203871699e-01,7.025005112788309525e-01,7.248969650897985062e-01,7.487802984979495813e-01,7.741148417031941120e-01,8.007492908262496822e-01,8.283372090134026866e-01,8.562144883281612717e-01,8.832196505126159725e-01,9.074525324248443603e-01,9.260035650960634079e-01,9.347765804657364175e-01,9.286890072951039521e-01,9.026867294545593001e-01,8.538518999674723498e-01,7.839908997272903024e-01,7.007973099915414394e-01,6.158084217734172139e-01,5.399953308820625297e-01,4.801592802544638605e-01,4.381989331264322107e-01,4.125664631592119713e-01,4.001782455992404230e-01,3.977576569094469772e-01,4.024768289396041809e-01,4.121342714923194039e-01,4.251118314499977013e-01,4.402593581410773060e-01,4.567756021066963212e-01
8.590909090909091272e-01,4.429558147457441364e-01,4.258712549465230035e-01,4.107498329843332074e-01,3.987942475486190297e-01,3.917382061583974950e-01,3.919936600574884800e-01,4.027206859711947029e-01,4.276383272959621840e-01,4.702716336029346689e-01,5.323442284755999232e-01,6.115281819583944234e-01,6.999086498668213308e-01,7.852462951870075036e-01,8.554364099292328660e-01,9.032344421229244746e-01,9.277871431253412737e-01,9.327852376623489983e-01,9.236029617520280510e-01,9.052919646688488697e-01,8.817646720220577716e-01,8.557310186329946111e-01,8.289332572052257042e-01,8.024266441205335498e-01,7.768118566311805751e-01,7.524020512007051353e-01,7.293346273714743644e-01,7.076429814686867603e-01,6.873013801943492762e-01,6.682524845402866287e-01,6.504239326497620599e-01,6.337381225541555141e-01,6.181178126301365428e-01,6.034891744979455908e-01,5.897833118277443498e-01,5.769368703089208239e-01,5.648921228040283404e-01,5.535967641964985031e-01,5.430035578954731657e-01,5.330699187454575050e-01,5.237574817921669679e-01,5.150316846726408215e-01,5.068613781772124405e-01,4.992184715712106868e-01,4.920776145720592853e-01,4.854159152056800597e-01,4.792126913356222762e-01,4.734492529802601379e-01,4.681087123001730355e-01,4.631758181552554920e-01,4.586368122694508553e-01,4.544793041991873062e-01,4.506921623493506668e-01,4.472654178931669278e-01,4.441901763192733221e-01,4.414585193069485713e-01,4.390632367829914173e-01,4.369982706942692197e-01,4.352607323157303143e-01,4.338448683757266111e-01,4.327471853097822896e-01,4.319650133583372575e-01,4.314964622402717165e-01,4.313404036009444997e-01,4.314964622402771011e-01,4.319650133583344265e-01,4.327471853097825671e-01,4.338448683757268887e-01,4.352607323157287045e-01,4.369982706942702744e-01,4.390634243189924235e-01,4.414588918380819016e-01,4.441906537866396332e-01,4.472659713505576784e-01,4.506927758294975717e-01,4.544799677514647640e-01,4.586375195108985947e-01,4.631765651749578661e-01,4.681094971154132200e-01,4.734500752680992908e-01,4.792135523273282627e-01,4.854168176950709457e-01,4.920785630180883885e-01,4.992194722914798932e-01,5.068624396405743138e-01,5.150328179090166714e-01,5.237587009488664513e-01,5.330712418328893420e-01,5.430050077832564437e-01,5.535983699463767893e-01,5.648939214612307413e-01,5.769389093248596945e-01,5.897856523604672052e-01,6.034918959440001007e-01,6.181210188983469189e-01,6.337419508211019625e-01,6.504285656706603191e-01,6.682581680697903259e-01,6.873084477451969487e-01,7.076518895306153079e-01,7.293460052699638485e-01,7.524167706763917884e-01,7.768311259635392041e-01,8.024521276708035389e-01,8.289672082260369779e-01,8.557763813770046246e-01,8.818250481548859376e-01,9.053712558793226561e-01,9.237044655787798320e-01,9.329101519505307305e-01,9.279329433389951198e-01,9.033941318796042674e-01,8.555995026166974826e-01,7.854013936240091809e-01,7.000464624938442793e-01,6.116435380558179480e-01,5.324362960251544097e-01,4.703426782988161525e-01,4.276920453710800207e-01,4.027609309076795596e-01,3.920237849135270736e-01,3.917608661403201853e-01,3.988114397699045743e-01,4.107630196181485394e-01,4.258814935903842969e-01,4.429638680424226593e-01
8.628787878787879118e-01,4.261903122580479875e-01,4.088249998178916100e-01,3.944487436925369628e-01,3.849187801139096199e-01,3.828792745210321535e-01,3.918641599701990219e-01,4.160949142133316681e-01,4.595926617186996133e-01,5.242525167481205672e-01,6.072088581769281568e-01,6.992744445567709022e-01,7.868877498649134994e-01,8.574859521744326862e-01,9.043989022714929993e-01,9.277308353046167522e-01,9.318672445259307269e-01,9.224423336262841389e-01,9.044683728586996319e-01,8.816932307102433031e-01,8.566471326102413908e-01,8.309265426098023655e-01,8.054870308557915415e-01,7.808700456441771687e-01,7.573587495327739338e-01,7.350792669319663464e-01,7.140646706071226424e-01,6.942947751219301633e-01,6.757205707091219482e-01,6.582790209132616255e-01,6.419018630405191050e-01,6.265207021212486627e-01,6.120698316059424160e-01,5.984876736728587110e-01,5.857173935616230009e-01,5.737070309326114392e-01,5.624093594020828091e-01,5.517816032375373325e-01,5.417850890361169958e-01,5.323848784079081575e-01,5.235494079877650586e-01,5.152501509756837184e-01,5.074613070250991731e-01,5.001595228844797347e-01,4.933236436348520382e-01,4.869344929506612685e-01,4.809746801008232819e-01,4.754284311196560475e-01,4.702814415355959787e-01,4.655207481324149521e-01,4.611346173473674925e-01,4.571124479953395658e-01,4.534446858748982234e-01,4.501227468988530656e-01,4.471389409999295128e-01,4.444863598716295994e-01,4.421577220318058110e-01,4.401514553349570313e-01,4.384613825659778308e-01,4.370836032589743847e-01,4.360150873968358654e-01,4.352535088182251655e-01,4.347972182806146835e-01,4.346452306583535319e-01,4.347972182806165709e-01,4.352535088182263867e-01,4.360150873968377527e-01,4.370836032589795472e-01,4.384613825659800512e-01,4.401514553349565317e-01,4.421577220318060331e-01,4.444866913245730800e-01,4.471394048832659229e-01,4.501233021079052987e-01,4.534453120233942758e-01,4.571131328756689594e-01,4.611353532169914504e-01,4.655215301759401680e-01,4.702822671266634336e-01,4.754292994536214456e-01,4.809755920332824397e-01,4.869354509714241552e-01,4.933246519480060654e-01,5.001605875863244233e-01,5.074624363855827491e-01,5.152513558402492810e-01,5.235507023283648698e-01,5.323862800662869654e-01,5.417866207211931018e-01,5.517832938648317143e-01,5.624112458997613251e-01,5.737091606913321540e-01,5.857198277813516762e-01,5.984904919699507442e-01,6.120731384039960199e-01,6.265246355804345857e-01,6.419066076100183871e-01,6.582848250477605356e-01,6.757277718854757254e-01,6.943038349710003443e-01,7.140762234949189491e-01,7.350941849174955633e-01,7.573782235877000169e-01,7.808956735123379067e-01,8.055208800067786834e-01,8.309711174313768600e-01,8.567051293653494826e-01,8.817669678576526282e-01,9.045589375702705048e-01,9.225487892206525320e-01,9.319863959080803006e-01,9.278577081891581368e-01,9.045275648174015970e-01,8.576102747249140235e-01,7.870021056807990911e-01,6.993745154398488539e-01,6.072923719698033462e-01,5.243194489217725129e-01,4.596447209987774007e-01,4.161346663716542493e-01,3.918942701588971067e-01,3.829020805492818758e-01,3.849361512426416887e-01,3.944620990766377622e-01,4.088353876494987826e-01,4.261984970740085310e-01
8.666666666666666963e-01,4.064309523995085494e-01,3.895094537071735474e-01,3.773625797089183442e-01,3.728866185667376043e-01,3.800286268925607835e-01,4.035676721756148444e-01,4.480633655247914793e-01,5.155546841471684294e-01,6.025095305062079243e-01,6.983317586233086516e-01,7.881652867100856774e-01,8.591824310527103048e-01,9.054361013756696552e-01,9.279586568538721325e-01,9.316889850170914089e-01,9.223875977987671115e-01,9.049638921256816237e-01,8.830102179711097898e-01,8.589273409079296595e-01,8.342195585287007775e-01,8.097776491755419581e-01,7.860983662407633465e-01,7.634373630634787578e-01,7.419076170771500278e-01,7.215394792183497108e-01,7.023165040782720636e-01,6.841968174035054640e-01,6.671259130170588136e-01,6.510442920924081056e-01,6.358919472467513545e-01,6.216109010712644878e-01,6.081465468066971081e-01,5.954482591368457367e-01,5.834695689692158682e-01,5.721680863271947359e-01,5.615052859455363921e-01,5.514462260695637275e-01,5.419592430556789964e-01,5.330156467832360967e-01,5.245894308726060107e-01,5.166570048747946009e-01,5.091969514280781928e-01,5.021898088928683501e-01,4.956178785529781194e-01,4.894650547124068662e-01,4.837166756639450504e-01,4.783593933976161283e-01,4.733810599434971067e-01,4.687706283313784472e-01,4.645180662301909846e-01,4.606142803030695010e-01,4.570510489090575668e-01,4.538209589477482098e-01,4.509173334223647300e-01,4.483340530092810861e-01,4.460652116899891939e-01,4.441095026761059383e-01,4.424611641364294967e-01,4.411168913258138868e-01,4.400740455605433032e-01,4.393305956927919254e-01,4.388851000806887059e-01,4.387366970997883531e-01,4.388851000806873737e-01,4.393305956927908151e-01,4.400740455605415269e-01,4.411168913258136093e-01,4.424611641364272208e-01,4.441095026761060494e-01,4.460652116899900821e-01,4.483343189494463088e-01,4.509177746376554219e-01,4.538215108855360169e-01,4.570516847663811388e-01,4.606149849474442948e-01,4.645188302847489403e-01,4.687714459645583309e-01,4.733819278589839752e-01,4.783603103374539645e-01,4.837176421786019143e-01,4.894660730964848216e-01,4.956189529037866581e-01,5.021909452774705462e-01,5.091981581616743524e-01,5.166582929263665580e-01,5.245908144271352880e-01,5.330171440049011888e-01,5.419608771169821537e-01,5.514480265387314839e-01,5.615072906637058603e-01,5.721703439625747123e-01,5.834721425155062757e-01,5.954512307380327440e-01,6.081500244545536837e-01,6.216150279513565913e-01,6.358969148180495523e-01,6.510503583697537788e-01,6.671334279200951123e-01,6.842062571920347613e-01,7.023285161961843048e-01,7.215549358426263105e-01,7.419276674409988059e-01,7.634634571626958133e-01,7.861321945154802204e-01,8.098209191826372111e-01,8.342735614463707705e-01,8.589924122484257074e-01,8.830854067120093021e-01,9.050471361865524145e-01,9.224763146867063224e-01,9.317806334438119009e-01,9.280509301484911600e-01,9.055267722008745190e-01,8.592691048519158770e-01,7.882453682297211328e-01,6.984028144279101902e-01,6.025699168714332421e-01,5.156040040895973897e-01,4.481024160100788856e-01,4.035979819610015507e-01,3.800519356935044835e-01,3.729045311171614863e-01,3.773764203298625719e-01,3.895202497569287825e-01,4.064394747947431275e-01
8.704545454545454808e-01,3.841280207911551003e-01,3.692324806192081033e-01,3.621861814905233956e-01,3.673851341761698031e-01,3.902145248620518259e-01,4.358010593969588453e-01,5.062788248666376667e-01,5.973108003110892961e-01,6.967886040673824111e-01,7.886502910536411504e-01,8.600160458120604812e-01,9.057752203231714816e-01,9.278355799520450198e-01,9.315751167442177794e-01,9.227937910658604581e-01,9.062492979678621330e-01,8.853492061275171077e-01,8.623506143582225780e-01,8.386750306896157969e-01,8.151811905966329652e-01,7.923611431933765825e-01,7.704726065120588441e-01,7.496288833071250712e-01,7.298596498494842599e-01,7.111494607046807692e-01,6.934600824333264635e-01,6.767427311017467639e-01,6.609447165705573113e-01,6.460131073387322953e-01,6.318967600899508819e-01,6.185474014245512242e-01,6.059201382409432624e-01,5.939736202651800800e-01,5.826699945669879810e-01,5.719747415212702579e-01,5.618564493069722054e-01,5.522865628601276722e-01,5.432391292730847088e-01,5.346905525448194529e-01,5.266193647315744464e-01,5.190060168364540871e-01,5.118326904802125155e-01,5.050831300204768892e-01,4.987424940071419899e-01,4.927972244591058981e-01,4.872349322795722082e-01,4.820442970970225671e-01,4.772149798607421278e-01,4.727375465788511422e-01,4.686034015966816790e-01,4.648047286325763805e-01,4.613344369531961475e-01,4.581861065022924673e-01,4.553539051261092374e-01,4.528320897826612068e-01,4.506172281479673969e-01,4.487066354125021084e-01,4.470956308161197490e-01,4.457813529490879390e-01,4.447614986836921913e-01,4.440342918821344464e-01,4.435984707434052488e-01,4.434532807313834035e-01,4.435984707434047492e-01,4.440342918821377216e-01,4.447614986836931905e-01,4.457813529490895488e-01,4.470956308161193049e-01,4.487066354125017198e-01,4.506172281479662867e-01,4.528322270669369320e-01,4.553543111593369441e-01,4.581866490514731050e-01,4.613350791584556188e-01,4.648054514018121752e-01,4.686041935158227201e-01,4.727384006328978483e-01,4.772158920307830732e-01,4.820452656882069364e-01,4.872359576043243101e-01,4.927983087280875529e-01,4.987436413663862145e-01,5.050843467121095554e-01,5.118339851262835305e-01,5.190074008612958201e-01,5.266208529530941318e-01,5.346921639824672168e-01,5.432408882423838126e-01,5.522885004540042386e-01,5.618586054065588531e-01,5.719771675391178700e-01,5.826727572107828212e-01,5.939768067297522824e-01,6.059238633996840706e-01,6.185518178033008185e-01,6.319020716502607993e-01,6.460195882974342219e-01,6.609527363909377673e-01,6.767527858740672864e-01,6.934728297806839192e-01,7.111657478803249388e-01,7.298805100800448420e-01,7.496554549631510023e-01,7.705059209443243518e-01,7.924017757393254646e-01,8.152289103308865137e-01,8.387287160078563675e-01,8.624085854834407927e-01,8.854097770206704743e-01,9.063111844315482335e-01,9.228562043607140275e-01,9.316376130529501198e-01,9.278977987760890223e-01,9.058366031249062145e-01,8.600756079566557188e-01,7.887065579146098626e-01,6.968398379509691543e-01,5.973555036797085771e-01,5.063162409264124753e-01,4.358313311233033005e-01,3.902384670228751795e-01,3.674038573968537169e-01,3.622007953961993709e-01,3.692439428033095772e-01,3.841370952946772666e-01
8.742424242424242653e-01,3.606471392256805908e-01,3.509159388975146010e-01,3.540931999134362962e-01,3.762135884371417549e-01,4.229853745080021654e-01,4.965675047053764168e-01,5.916744524102109937e-01,6.946213784226324961e-01,7.882805069341527471e-01,8.599274167744497266e-01,9.053471592892688991e-01,9.272305207398237048e-01,9.312797695186996183e-01,9.232742760006455995e-01,9.078139309702126791e-01,8.881391804090018605e-01,8.663766742456061598e-01,8.438596502718517245e-01,8.213960369638357850e-01,7.994604406019539811e-01,7.783199496020286601e-01,7.581109770902829670e-01,7.388855274006619345e-01,7.206423902508463097e-01,7.033505437502362012e-01,6.869654155695775755e-01,6.714382648624018790e-01,6.567206934571674370e-01,6.427665444331877032e-01,6.295326259024964788e-01,6.169789368955195252e-01,6.050686694755814665e-01,5.937680975702912534e-01,5.830464041327140245e-01,5.728754762362499031e-01,5.632296874072013626e-01,5.540856801285685140e-01,5.454221568531048003e-01,5.372196845193484283e-01,5.294605151760691797e-01,5.221284236869317974e-01,5.152085624204459924e-01,5.086873321730479569e-01,5.025522681991221319e-01,4.967919400384571138e-01,4.913958637683523700e-01,4.863544253147651930e-01,4.816588134917158537e-01,4.773009614560456693e-01,4.732734951837407333e-01,4.695696871712771170e-01,4.661834119991903336e-01,4.631090933044031410e-01,4.603415796484890410e-01,4.578751378554712370e-01,4.557099748433091069e-01,4.538404297355516093e-01,4.522634379302708507e-01,4.509765096796974349e-01,4.499776327752592620e-01,4.492652532072199389e-01,4.488382660875486208e-01,4.486960103922182919e-01,4.488382660875466224e-01,4.492652532072191063e-01,4.499776327752577076e-01,4.509765096796942152e-01,4.522634379302731822e-01,4.538404297355524419e-01,4.557099748433101616e-01,4.578751378554712370e-01,4.603419312165902832e-01,4.631096186396201353e-01,4.661840566052518064e-01,4.695704263205765505e-01,4.732743148266095878e-01,4.773018531492394523e-01,4.816597724075599718e-01,4.863554493254649835e-01,4.913969530153196597e-01,4.967930967687085864e-01,5.025534967799700770e-01,5.086886392512907085e-01,5.152099572213838519e-01,5.221299184682298700e-01,5.294621258693136268e-01,5.372214316117325250e-01,5.454240665869620752e-01,5.540877861301494178e-01,5.632320329031049733e-01,5.728781170811074741e-01,5.830494129611523135e-01,5.937715695049031739e-01,6.050727299682522320e-01,6.169837524304725429e-01,6.295384183465515537e-01,6.427736095865547172e-01,6.567294232561466938e-01,6.714491696216827732e-01,6.869791357699019940e-01,7.033678285214651771e-01,7.206640051754888976e-01,7.389120567912144111e-01,7.581425447177400079e-01,7.783560052743083713e-01,7.994998218585236405e-01,8.214373410676848453e-01,8.439016756236276118e-01,8.664186673239102632e-01,8.881808426193361639e-01,9.078552946726236028e-01,9.233155528744030338e-01,9.313212098548842022e-01,9.272722779396340709e-01,9.053891442453337879e-01,8.599691508333777712e-01,7.883210390264669964e-01,6.946593852308650119e-01,5.917085856462324100e-01,4.965968390848425895e-01,4.230096620793779016e-01,3.762331836936177454e-01,3.541087940099866271e-01,3.509283061898402223e-01,3.606569871855064835e-01
8.780303030303030498e-01,3.393347346734317815e-01,3.404140933107699940e-01,3.618086465142447139e-01,4.098088739275659309e-01,4.865205631896787897e-01,5.855906934441655887e-01,6.917565373488283598e-01,7.870039010331201235e-01,8.589346454131842057e-01,9.042233215764879928e-01,9.262210124778612608e-01,9.308443561386364751e-01,9.238042968239025265e-01,9.095427883078366360e-01,8.911553616286630453e-01,8.706667075936789235e-01,8.493476061576086256e-01,8.279701897343161310e-01,8.069885653441279949e-01,7.866594505554760364e-01,7.671203336218164193e-01,7.484379485170754576e-01,7.306354165629532771e-01,7.137059767632243368e-01,6.976219287722150719e-01,6.823435085348711349e-01,6.678267920866742813e-01,6.540286754168691541e-01,6.409090108064239288e-01,6.284311112562410706e-01,6.165616143618037892e-01,6.052701828371803705e-01,5.945292024893030769e-01,5.843135123391343111e-01,5.746001659837233211e-01,5.653682181004135998e-01,5.565985316715523767e-01,5.482736035374669026e-01,5.403774069358673326e-01,5.328952500717335505e-01,5.258136498007841553e-01,5.191202194281070437e-01,5.128035695341875977e-01,5.068532206851218413e-01,5.012595268686282912e-01,4.960136085139814632e-01,4.911072939859883468e-01,4.865330684659078808e-01,4.822840291006385005e-01,4.783538451003244707e-01,4.747367207154527535e-01,4.714273561251958733e-01,4.684208863798214884e-01,4.657126151860556118e-01,4.632984603741928664e-01,4.611780560683667041e-01,4.593463789813719833e-01,4.578008045890853417e-01,4.565391628470013008e-01,4.555596953153545070e-01,4.548610423487418064e-01,4.544422365441752598e-01,4.543026988703420255e-01,4.544422365441783129e-01,4.548610423487396970e-01,4.555596953153504547e-01,4.565391628470049645e-01,4.578008045890826216e-01,4.593463789813745368e-01,4.611780560683655938e-01,4.632984603741920893e-01,4.657128752957488405e-01,4.684213836705838352e-01,4.714279980615224130e-01,4.747374740447540820e-01,4.783546922283403169e-01,4.822849597982710734e-01,4.865340769643565211e-01,4.911083777120083260e-01,4.960147675054384364e-01,5.012607635417265506e-01,5.068545398242672029e-01,5.128049784548308621e-01,5.191217283023886742e-01,5.258152721607445290e-01,5.328970035263574934e-01,5.403793141613273399e-01,5.482756936286145022e-01,5.566008419807858543e-01,5.653707967414656199e-01,5.746030752462728541e-01,5.843168333472829046e-01,5.945330415367164889e-01,6.052746799113547516e-01,6.165669543385658979e-01,6.284375378956732483e-01,6.409168424676429110e-01,6.540383183788170962e-01,6.678387410096119359e-01,6.823583132033480547e-01,6.976400968197351560e-01,7.137277936276908985e-01,7.306607280816783678e-01,7.484660526170601180e-01,7.671501300520437994e-01,7.866897989047795248e-01,8.070186097185491070e-01,8.279994798786833865e-01,8.493760442916135078e-01,8.706944326982286597e-01,8.911826456391800377e-01,9.095699640562910915e-01,9.238317089509213709e-01,9.308723174874494743e-01,9.262497474119806284e-01,9.042528810955082763e-01,8.589647943568168298e-01,7.870340179089567734e-01,6.917856236602553111e-01,5.856175876323179708e-01,4.865443077898459201e-01,4.098290049407341540e-01,3.618252232262014201e-01,3.404275220639372268e-01,3.393455566162684178e-01
8.818181818181818343e-01,3.265606107663581170e-01,3.472144912107125725e-01,3.964624320078059538e-01,4.762711512152169591e-01,5.791241824695521068e-01,6.882293435989272901e-01,7.848819195140053218e-01,8.571395553897250830e-01,9.025175797912536879e-01,9.249002929110665683e-01,9.303264521530958397e-01,9.244059976509666487e-01,9.114273945929909360e-01,8.943589542719169172e-01,8.751422999088048771e-01,8.550026794246068373e-01,8.346921459335542304e-01,8.146592966374147649e-01,7.951615364588071611e-01,7.763376288632786171e-01,7.582544874336020202e-01,7.409375939530170596e-01,7.243901181835867842e-01,7.086027389500759721e-01,6.935564605533180993e-01,6.792233528305837709e-01,6.655693206750628033e-01,6.525584175755564376e-01,6.401562068051251941e-01,6.283312506478563320e-01,6.170553179648216036e-01,6.063030782604927893e-01,5.960517017180211319e-01,5.862805076670228877e-01,5.769706830405958442e-01,5.681050579703170733e-01,5.596679225497704913e-01,5.516448730727843142e-01,5.440226802803803663e-01,5.367891750316803323e-01,5.299331484463696285e-01,5.234442644786381216e-01,5.173129833713859815e-01,5.115304947111403155e-01,5.060886589660590351e-01,5.009799564928568705e-01,4.961974430618946164e-01,4.917347109624669033e-01,4.875858546595929210e-01,4.837454395985101852e-01,4.802084714249424402e-01,4.769703573899600202e-01,4.740268175375801363e-01,4.713723622002718994e-01,4.690083788033985734e-01,4.669296957262723535e-01,4.651333961113138238e-01,4.636172090496471498e-01,4.623792432375433692e-01,4.614179631371456147e-01,4.607321802145479817e-01,4.603210482412364857e-01,4.601840604976971116e-01,4.603210482412365967e-01,4.607321802145485368e-01,4.614179631371488899e-01,4.623792432375423700e-01,4.636172090496455400e-01,4.651333961113153226e-01,4.669296957262734638e-01,4.690083788033985179e-01,4.713723622002737312e-01,4.740272706626208477e-01,4.769709899210722859e-01,4.802092360999076770e-01,4.837463138483055203e-01,4.875868259429001483e-01,4.917357723734966934e-01,4.961985915497889588e-01,5.009811920639447580e-01,5.060899843603987591e-01,5.115319153633608451e-01,5.173145075833003315e-01,5.234459037856877828e-01,5.299349181923782570e-01,5.367910951929264485e-01,5.440247766071798496e-01,5.516471786496416341e-01,5.596704799171443590e-01,5.681079220043839806e-01,5.769739248512745222e-01,5.862842198413332762e-01,5.960560052556427291e-01,6.063081314644250819e-01,6.170613270870999312e-01,6.283384808096785790e-01,6.401649887104705616e-01,6.525691396742685502e-01,6.655823878278238626e-01,6.792390876427052415e-01,6.935749425069330787e-01,7.086236422321060546e-01,7.244126849985720318e-01,7.409608343751218351e-01,7.582774987716809356e-01,7.763598180726352105e-01,7.951826546541395091e-01,8.146793550300934772e-01,8.347113107731788384e-01,8.550211940423729784e-01,8.751604398917968153e-01,8.943770060220062046e-01,9.114456459575774883e-01,9.244247310848446864e-01,9.303459314852837725e-01,9.249207334979915318e-01,9.025390907121629835e-01,8.571620483210565800e-01,7.849050049667537499e-01,6.882522857427837426e-01,5.791460124404846921e-01,4.762909510774902544e-01,3.964796253212933275e-01,3.472289441299925561e-01,3.265725296174685766e-01
8.856060606060607299e-01,3.326448304444130089e-01,3.831362237665756343e-01,4.659525212306903641e-01,5.723462234978000662e-01,6.840891654573246772e-01,7.819844501711507023e-01,8.546325496643933928e-01,9.003118410455754894e-01,9.233182706782663285e-01,9.297386499461908205e-01,9.250619735522314091e-01,9.134318504591530941e-01,8.977059066753622085e-01,8.797576507778082089e-01,8.607777264721212518e-01,8.415056723126774774e-01,8.223906088686346871e-01,8.036972745946365793e-01,7.855743217093411612e-01,7.680978651218632880e-01,7.512993326000840799e-01,7.351836999798775363e-01,7.197419699263614135e-01,7.049596080002965559e-01,6.908206571069392954e-01,6.773073454390159398e-01,6.643979232532417623e-01,6.520665726854175670e-01,6.402858291836458493e-01,6.290292073543383156e-01,6.182725703226958913e-01,6.079943824271669683e-01,5.981754532206958741e-01,5.887985720477012519e-01,5.798481851526944286e-01,5.713101437685718098e-01,5.631715120830029786e-01,5.554204183187981814e-01,5.480459357971930734e-01,5.410379852153140989e-01,5.343872526181314697e-01,5.280851195517358709e-01,5.221236030746949641e-01,5.164953039922397515e-01,5.111933620743989160e-01,5.062114172457710115e-01,5.015435758508447472e-01,4.971843811094524557e-01,4.931287867083998244e-01,4.893721318303019818e-01,4.859101135601610610e-01,4.827387416664726261e-01,4.798541702075977966e-01,4.772519933299358419e-01,4.749338591902828033e-01,4.728945433922481789e-01,4.711316813721684871e-01,4.696433046855691962e-01,4.684277671369174167e-01,4.674837300975620002e-01,4.668101564612552878e-01,4.664063073406055082e-01,4.662717401099142345e-01,4.664063073406082283e-01,4.668101564612551213e-01,4.674837300975598908e-01,4.684277671369148632e-01,4.696433046855681415e-01,4.711316813721725394e-01,4.728945433922500663e-01,4.749338591902814155e-01,4.772519933299401718e-01,4.798545520412812460e-01,4.827393554665614928e-01,4.859108858268975095e-01,4.893730326507091388e-01,4.931298004376314381e-01,4.971854994163976138e-01,5.015447951487248535e-01,5.062127375900636883e-01,5.111947867168165072e-01,5.164968393058310125e-01,5.221252587437273940e-01,5.280869089969839614e-01,5.343891936715707836e-01,5.410401010908862940e-01,5.480482564363055031e-01,5.554229822258009985e-01,5.631743688083716837e-01,5.713133572452133713e-01,5.798518381253818799e-01,5.888027718236362729e-01,5.981803388168387414e-01,6.080001326533808204e-01,6.182794109866359689e-01,6.290374128043777491e-01,6.402957080005569068e-01,6.520784204265707151e-01,6.644119244904400645e-01,6.773234324572121601e-01,6.908383969665135016e-01,7.049782390772830754e-01,7.197606262836214741e-01,7.352016821399212088e-01,7.513162466026243047e-01,7.681136008665758741e-01,7.855889572674099597e-01,8.037109848913307486e-01,8.224036064587175732e-01,8.415181774207197707e-01,8.607899557873852636e-01,8.797698162632252572e-01,8.977182188093574267e-01,9.134445223310166950e-01,9.250752226824949798e-01,9.297526936064891556e-01,9.233333079171623936e-01,9.003280115977526643e-01,8.546498608825607857e-01,7.820026790021361585e-01,6.841077840810092514e-01,5.723644405248270450e-01,4.659694898688003795e-01,3.831513145856238478e-01,3.326577796156102718e-01
8.893939393939394034e-01,3.699982326904900920e-01,4.556212784332304699e-01,5.652190428719042758e-01,6.792728033821935352e-01,7.782797028873241763e-01,8.514163402872390041e-01,8.976161392088390922e-01,9.214696130884311165e-01,9.290526306792900035e-01,9.257235667983705341e-01,9.154936500151032996e-01,9.011266031091232920e-01,8.844417294677319186e-01,8.666046249010692648e-01,8.483481380084595402e-01,8.301251181286914971e-01,8.122093694804183306e-01,7.947609308687938467e-01,7.778678570718946528e-01,7.615728496975334716e-01,7.458902449595629092e-01,7.308169925791657695e-01,7.163401077416916563e-01,7.024422669471912517e-01,6.891061782350446085e-01,6.763168874798877184e-01,6.640608110907867401e-01,6.523227529203197150e-01,6.410843675646019646e-01,6.303253739032508296e-01,6.200257160387705468e-01,6.101669451710459713e-01,6.007326054719108743e-01,5.917080877493712254e-01,5.830803348689054255e-01,5.748375662005722475e-01,5.669690620383842639e-01,5.594650030176447908e-01,5.523163500847717566e-01,5.455147525019196086e-01,5.390524751939197445e-01,5.329223397968468889e-01,5.271176758449398481e-01,5.216322797624660668e-01,5.164603800692155744e-01,5.115966076265694440e-01,5.070359699589035429e-01,5.027738287059004829e-01,4.988058789829776796e-01,4.951281283328038962e-01,4.917368686429945956e-01,4.886286110160554252e-01,4.857996303424220175e-01,4.832477449112252410e-01,4.809730978141459334e-01,4.789713174184861977e-01,4.772403877192146204e-01,4.757786036462897661e-01,4.745845352215513624e-01,4.736570180623503323e-01,4.729951492561680348e-01,4.725982851226962489e-01,4.724660399145858558e-01,4.725982851226946946e-01,4.729951492561682014e-01,4.736570180623478898e-01,4.745845352215533053e-01,4.757786036462913759e-01,4.772403877192156751e-01,4.789713174184846434e-01,4.809730978141446012e-01,4.832477449112280721e-01,4.857998799128113165e-01,4.886291924139063436e-01,4.917376433252194645e-01,4.951290548189084539e-01,4.988069372948091273e-01,5.027750086564707344e-01,5.070372673271449360e-01,5.115980226080913962e-01,5.164619166595635358e-01,5.216339456357389492e-01,5.271194825698738429e-01,5.329243033440702604e-01,5.390546167463707850e-01,5.455170996209643963e-01,5.523189383209408110e-01,5.594678780911963578e-01,5.669722827507022167e-01,5.748412082430851555e-01,5.830844956644001265e-01,5.917128922373390276e-01,6.007382121539316389e-01,6.101735503042289288e-01,6.200335509222740793e-01,6.303346852407625267e-01,6.410953656355925512e-01,6.523355156169521329e-01,6.640751620450172643e-01,6.763323268100468466e-01,6.891219673639409349e-01,7.024576601013661215e-01,7.163545724106237245e-01,7.308302835315504398e-01,7.459023479144724078e-01,7.615838847553247914e-01,7.778780014607176163e-01,7.947703742192734344e-01,8.122182938072672886e-01,8.301336921087711929e-01,8.483565183429908618e-01,8.666129607918476863e-01,8.844501682638760132e-01,9.011352961491621016e-01,9.155027578845232883e-01,9.257332627222545351e-01,9.290630993986335184e-01,9.214810400341673091e-01,8.976286813117316798e-01,8.514300680585347170e-01,7.782945121648674469e-01,6.792883275153981382e-01,5.652346440544067097e-01,4.556361910788387926e-01,3.700118085158647374e-01
8.931818181818182989e-01,4.453642779089793113e-01,5.577824518460058334e-01,6.738182386662006085e-01,7.738244777092470050e-01,8.475491110117289173e-01,8.944646295728219121e-01,9.193533211258954063e-01,9.282352449667925498e-01,9.263346152879490258e-01,9.175431020302109442e-01,9.045453971722988706e-01,8.891183752283298158e-01,8.724105212044893642e-01,8.551527985881093308e-01,8.378043695904410226e-01,8.206492084618552951e-01,8.038589132688951366e-01,7.875331964600553736e-01,7.717259082654297497e-01,7.564617471490677758e-01,7.417469825340087253e-01,7.275763431300815709e-01,7.139375243337157118e-01,7.008144003728951077e-01,6.881897949448074758e-01,6.760481507992286421e-01,6.643772892175454636e-01,6.531676974704671013e-01,6.424095670681859716e-01,6.320905139089852964e-01,6.221959214544362515e-01,6.127107180452771029e-01,6.036207802558002378e-01,5.949134574078891458e-01,5.865775414673256583e-01,5.786030468805346549e-01,5.709809819321349789e-01,5.637031658741754603e-01,5.567620941075803742e-01,5.501508402293375788e-01,5.438629837345277940e-01,5.378925551778849234e-01,5.322339933421882385e-01,5.268821109287648019e-01,5.218320664961383359e-01,5.170793410862906114e-01,5.126197183414508141e-01,5.084492669636856421e-01,5.045643239217515452e-01,5.009614749274741152e-01,4.976375204912171779e-01,4.945893603998056109e-01,4.918123297296987384e-01,4.893099660438763876e-01,4.870770036899002564e-01,4.851112834015844921e-01,4.834110764022476747e-01,4.819749093221708525e-01,4.808015437994536123e-01,4.798899702339267104e-01,4.792394050640513270e-01,4.788492893516256843e-01,4.787192879999329076e-01,4.788492893516245741e-01,4.792394050640524927e-01,4.798899702339251561e-01,4.808015437994530572e-01,4.819749093221706304e-01,4.834110764022480078e-01,4.851112834015852693e-01,4.870770036899019773e-01,4.893099660438776088e-01,4.918123297297013474e-01,4.945898875995601851e-01,4.976382900865539693e-01,5.009624254793725306e-01,5.045654291294854321e-01,5.084505141312570808e-01,5.126211024547827622e-01,5.170808625856325724e-01,5.218337304142801614e-01,5.268839267058470499e-01,5.322359750785065069e-01,5.378947222520393812e-01,5.438653617934027240e-01,5.501534626057362765e-01,5.567650037594320533e-01,5.637064179617863324e-01,5.709846471473870588e-01,5.786072155691248664e-01,5.865823283181578196e-01,5.949190058175082285e-01,6.036272639748700986e-01,6.127183347915654554e-01,6.222048686549161989e-01,6.321009331353749650e-01,6.424214508615904151e-01,6.531807864406848907e-01,6.643910414438506384e-01,6.760618630295053277e-01,6.882028300188791636e-01,7.008263601155215738e-01,7.139482741086571327e-01,7.275859350818405513e-01,7.417555633516850211e-01,7.564694935203397641e-01,7.717329933068878267e-01,7.875397767526621795e-01,8.038651267182708171e-01,8.206551769732162160e-01,8.378102035360757149e-01,8.551586017733238121e-01,8.724163958952119158e-01,8.891244271651685960e-01,9.045517405641033681e-01,9.175498643377091312e-01,9.263419410682988131e-01,9.282432968786075156e-01,9.193622739779312436e-01,8.944746498573661331e-01,8.475603112441489895e-01,7.738368387696427098e-01,6.738315175494159481e-01,5.577961392923367345e-01,4.453776883993112445e-01
8.969696969696969724e-01,5.500505305082727947e-01,6.677415317275290363e-01,7.686524778497654253e-01,8.430646273165711690e-01,8.908704731325590709e-01,9.169545330753542389e-01,9.272470642073968872e-01,9.268385561592035193e-01,9.195136232136014165e-01,9.078910311847733228e-01,8.937152378931868535e-01,8.781242627688381486e-01,8.618512065822594437e-01,8.453637620591942792e-01,8.289571126257608835e-01,8.128146916022886970e-01,7.970476372109626118e-01,7.817203727166447402e-01,7.668672056526478764e-01,7.525031111176111454e-01,7.386307315668103612e-01,7.252449007768816402e-01,7.123355520861338608e-01,6.998896266551399847e-01,6.878925165715485956e-01,6.763295712969460416e-01,6.651879559373723438e-01,6.544582449708685745e-01,6.441341564797745667e-01,6.342099401909464529e-01,6.246777469837305752e-01,6.155273115381191262e-01,6.067473746824936232e-01,5.983270831472263795e-01,5.902566334695998895e-01,5.825273483948743003e-01,5.751315249668236262e-01,5.680622472101265474e-01,5.613132302085211967e-01,5.548787051288359695e-01,5.487533374382230766e-01,5.429321685869236136e-01,5.374105735519690841e-01,5.321842290644485107e-01,5.272490891040586547e-01,5.226013654105130524e-01,5.182375113467965200e-01,5.141542075572954618e-01,5.103483471339231858e-01,5.068170146670054610e-01,5.035574369354610669e-01,5.005667271520236605e-01,4.978416502861638393e-01,4.953852461198589019e-01,4.931924826207470525e-01,4.912615987110361959e-01,4.895911131188369070e-01,4.881797574486496094e-01,4.870264636484444853e-01,4.861303599431153200e-01,4.854907691594576580e-01,4.851072079500660106e-01,4.849793864188128856e-01,4.851072079500667877e-01,4.854907691594571029e-01,4.861303599431147648e-01,4.870264636484427090e-01,4.881797574486484992e-01,4.895911131188360743e-01,4.912615987110363625e-01,4.931924826207503831e-01,4.953852461198600676e-01,4.978416502861647275e-01,5.005671601189375375e-01,5.035581900995174109e-01,5.068179864854073235e-01,5.103495015793255707e-01,5.141555284062490072e-01,5.182389925361421401e-01,5.226030077428678311e-01,5.272508990233685244e-01,5.321862183780902145e-01,5.374127597312148286e-01,5.429345755300228893e-01,5.487559966888985175e-01,5.548816576018118507e-01,5.613165284905968777e-01,5.680659585045315652e-01,5.751357346314519559e-01,5.825321637224353255e-01,5.902621866178195953e-01,5.983335305506930490e-01,6.067548873724023517e-01,6.155360467220890586e-01,6.246877893055728936e-01,6.342212118619130479e-01,6.441463327112920689e-01,6.544707574256577454e-01,6.652001408225423074e-01,6.763408858842827609e-01,6.879026694585989032e-01,6.998985654172078519e-01,7.123433752345604830e-01,7.252517719269752083e-01,7.386368256289954637e-01,7.525085891869021104e-01,7.668722071006853769e-01,7.817250155269960255e-01,7.970520215270445741e-01,8.128189041383538926e-01,8.289612310276550655e-01,8.453678589801497667e-01,8.618553535305227831e-01,8.781285338939673890e-01,8.937197138966446186e-01,9.078958034862641968e-01,9.195187983308686919e-01,9.268442598335455695e-01,9.272534438612920482e-01,9.169617552872826316e-01,8.908787095630791297e-01,8.430740186843476147e-01,7.686630661494560091e-01,6.677531683965628462e-01,5.500628117617768487e-01
9.007575757575758679e-01,6.610594835975258654e-01,7.627939785560620134e-01,8.379884698829929146e-01,8.868386527723727264e-01,9.142541188279810216e-01,9.260494726533051724e-01,9.271840893921382554e-01,9.213470777291628000e-01,9.111026108567946702e-01,8.981711754126188163e-01,8.836858691856737114e-01,8.683852816471052671e-01,8.527475091172924682e-01,8.370798738518884230e-01,8.215779848166906429e-01,8.063643730541499854e-01,7.915137481759835225e-01,7.770695430670382375e-01,7.630547839138704935e-01,7.494792484567962543e-01,7.363441792867163604e-01,7.236453709392711708e-01,7.113751637265683936e-01,6.995237042403096295e-01,6.880797540328159601e-01,6.770313465365173089e-01,6.663666730961846918e-01,6.560754925926012282e-01,6.461506556577362170e-01,6.365882615141724710e-01,6.273854988573102087e-01,6.185378983858532687e-01,6.100385092548100685e-01,6.018789857518073161e-01,5.940509538532567912e-01,5.865467501448597964e-01,5.793595912697366845e-01,5.724834821934529083e-01,5.659130641052744215e-01,5.596434800997132086e-01,5.536702751135920142e-01,5.479893257186720934e-01,5.425967915043612422e-01,5.374890810363297522e-01,5.326628274292418697e-01,5.281148701284883451e-01,5.238422404561435819e-01,5.198421486416477943e-01,5.161119688266023742e-01,5.126492123648607180e-01,5.094514432668934001e-01,5.065154245759204699e-01,5.038413666884188347e-01,5.014293130351029637e-01,4.992754758897134937e-01,4.973783781191290498e-01,4.957367552836803859e-01,4.943495209744813157e-01,4.932157588434450957e-01,4.923347200676928548e-01,4.917058224701219005e-01,4.913286502419194068e-01,4.912029538886045765e-01,4.913286502419177970e-01,4.917058224701211788e-01,4.923347200676919666e-01,4.932157588434443185e-01,4.943495209744827035e-01,4.957367552836823288e-01,4.973783781191278841e-01,4.992754758897136602e-01,5.014293130351017425e-01,5.038413666884182796e-01,5.065156524662529636e-01,5.094521619575302918e-01,5.126502006425577296e-01,5.161131746377679574e-01,5.198435505907080811e-01,5.238438310131029452e-01,5.281166505844935299e-01,5.326648061172641890e-01,5.374912729110613574e-01,5.425992184975754196e-01,5.479920176825513467e-01,5.536732713108525328e-01,5.596468312539137901e-01,5.659168350145147297e-01,5.724877547769965380e-01,5.793644675696524304e-01,5.865523539940151743e-01,5.940574282663876327e-01,6.018864802075925002e-01,6.100471474264029803e-01,6.185477166305591856e-01,6.273963600061365220e-01,6.365997878521973963e-01,6.461622621850214854e-01,6.560865545151399747e-01,6.663767277393533028e-01,6.770401867392840112e-01,6.880873886637128845e-01,6.995302645492129656e-01,7.113808242997909925e-01,7.236503046123560212e-01,7.363485383787379268e-01,7.494831604906336819e-01,7.630583536827995061e-01,7.770728567975191403e-01,7.915168779337458105e-01,8.063673807443821895e-01,8.215809256633004320e-01,8.370827994531760963e-01,8.527504702495173339e-01,8.683883310079920648e-01,8.836890642725815370e-01,8.981745817202725357e-01,9.111063055407099265e-01,9.213511537599455847e-01,9.271886599034326881e-01,9.260546744180321310e-01,9.142601121570158584e-01,8.868456121086534250e-01,8.379965552073523893e-01,7.628032761473794165e-01,6.610699169637200834e-01
9.045454545454545414e-01,7.562876598450084531e-01,8.323475428274985655e-01,8.823733604591738056e-01,9.112337147580903407e-01,9.246074477206359665e-01,9.273261509448889051e-01,9.229935189612277213e-01,9.141286684088484327e-01,9.024351204633930257e-01,8.890456263595987174e-01,8.747070331128171672e-01,8.599094028273098766e-01,8.449729957761781263e-01,8.301059275706007545e-01,8.154421687492490189e-01,8.010665854246469264e-01,7.870314858899025712e-01,7.733675980360699143e-01,7.600913814245481293e-01,7.472099125551491250e-01,7.347241506990553894e-01,7.226311117530854755e-01,7.109252950315302355e-01,6.995995898343176922e-01,6.886458192964574065e-01,6.780550605784901874e-01,6.678179307133662590e-01,6.579251398964045539e-01,6.483686179826976259e-01,6.391429811250721738e-01,6.302460263027402920e-01,6.216770266827272851e-01,6.134340083238659647e-01,6.055125433182381167e-01,5.979065227644181357e-01,5.906094650810089774e-01,5.836153267657167021e-01,5.769187517464225978e-01,5.705150322674482632e-01,5.643999867310239837e-01,5.585698426618844747e-01,5.530211477533264475e-01,5.477507077860921392e-01,5.427555445304098614e-01,5.380328671334262403e-01,5.335800520897929777e-01,5.293946281219155114e-01,5.254742624806981732e-01,5.218167430168806353e-01,5.184199383172737319e-01,5.152816283574437328e-01,5.123977075724481800e-01,5.097740273009037093e-01,5.074049540693288396e-01,5.052889165146995376e-01,5.034246728990076081e-01,5.018111502878978003e-01,5.004474242633439873e-01,4.993327138391868703e-01,4.984663800372766129e-01,4.978479256186517099e-01,4.974769951961137138e-01,4.973533754324348521e-01,4.974769951961136027e-01,4.978479256186502111e-01,4.984663800372713394e-01,4.993327138391883135e-01,5.004474242633438763e-01,5.018111502878982444e-01,5.034246728990062758e-01,5.052889165147015360e-01,5.074049540693280624e-01,5.097740273009015999e-01,5.123977075724479580e-01,5.152822815848938642e-01,5.184209348844953658e-01,5.218180017079896427e-01,5.254757539501766495e-01,5.293963426777648085e-01,5.335819916306822064e-01,5.380350424892248462e-01,5.427579748117760117e-01,5.477534207906264996e-01,5.530241811045787381e-01,5.585732455731838852e-01,5.644038223004885779e-01,5.705193800844450269e-01,5.769237102004964868e-01,5.836210135706695334e-01,5.906160127928351544e-01,5.979140632038210112e-01,6.055211716815502854e-01,6.134437192201848132e-01,6.216876318121911105e-01,6.302571040668080160e-01,6.391539357964431955e-01,6.483788607660460057e-01,6.579342747125408453e-01,6.678258165239625566e-01,6.780617521650001978e-01,6.886514713874763993e-01,6.996043843891294189e-01,7.109294030565844746e-01,7.226346792573736799e-01,7.347272970170369844e-01,7.472127336288139077e-01,7.600939544014438942e-01,7.733699856969721287e-01,7.870337404466307696e-01,8.010687516572908562e-01,8.154442866058977391e-01,8.301080343936491079e-01,8.449751283212113551e-01,8.599115992345792714e-01,8.747093349891451597e-01,8.890480811321964660e-01,9.024377841708978165e-01,9.141316090801976380e-01,9.229968206541256937e-01,9.273299182681927766e-01,9.246118100281153218e-01,9.112388277655925073e-01,8.823794002366770473e-01,8.323546828547651044e-01,7.562960188370339010e-01
9.083333333333334370e-01,8.261722019374996284e-01,8.774803811113000007e-01,9.078777322660546156e-01,9.228908938502220494e-01,9.272266126526782504e-01,9.244114517634669514e-01,9.169272115770009668e-01,9.064661189405130992e-01,8.941642902846080876e-01,8.807790916598918773e-01,8.668138436253881585e-01,8.526024236838660730e-01,8.383657571018925392e-01,8.242493308648488615e-01,8.103481097746456641e-01,7.967231376076906457e-01,7.834126487006273232e-01,7.704395419393665900e-01,7.578164307783062936e-01,7.455490669777374846e-01,7.336386645618575564e-01,7.220834726777580759e-01,7.108798282432947646e-01,7.000228403569667135e-01,6.895068061967082329e-01,6.793254291326596972e-01,6.694719126966048872e-01,6.599390616247183816e-01,6.507196422814712777e-01,6.418073125970198411e-01,6.331980241589285630e-01,6.248907648150825445e-01,6.168862664828976827e-01,6.091843888300964016e-01,6.017826291262370342e-01,5.946766078916130294e-01,5.878613005127849567e-01,5.813318996144285489e-01,5.750841325685810412e-01,5.691142685476151541e-01,5.634190220709415220e-01,5.579954499272917756e-01,5.528408704516514227e-01,5.479528069490848807e-01,5.433289496102023941e-01,5.389671297242341064e-01,5.348653008781831808e-01,5.310215218065353904e-01,5.274339313605533874e-01,5.241006809594871418e-01,5.210195209361241364e-01,5.181883177748696223e-01,5.156116906334328176e-01,5.132843697589721810e-01,5.112051102959607185e-01,5.093728735983835687e-01,5.077867566955588385e-01,5.064459796639884104e-01,5.053498824842428405e-01,5.044979244449543376e-01,5.038896843470478393e-01,5.035248609220782656e-01,5.034032732288016287e-01,5.035248609220773774e-01,5.038896843470458409e-01,5.044979244449531164e-01,5.053498824842432846e-01,5.064459796639875222e-01,5.077867566955585055e-01,5.093728735983815703e-01,5.112051102959609405e-01,5.132843697589712928e-01,5.156116906334363703e-01,5.181883177748692892e-01,5.210200465446899187e-01,5.241016718566714472e-01,5.274352431485542780e-01,5.310231122141600979e-01,5.348671568638279084e-01,5.389692538673740430e-01,5.433313559995529562e-01,5.479555201416005383e-01,5.528439258784134669e-01,5.579988951986920576e-01,5.634229188897701412e-01,5.691186948735446061e-01,5.750891842752097194e-01,5.813376899426082600e-01,5.878679538149863548e-01,5.946842413228426993e-01,6.017913133170367246e-01,6.091940817348696635e-01,6.168967350776684011e-01,6.249015503062114174e-01,6.332085234976551069e-01,6.418169686685113451e-01,6.507281134995601679e-01,6.599462585862581054e-01,6.694779247305229219e-01,6.793304281096121944e-01,6.895109793156070088e-01,7.000263573173982623e-01,7.108828306850940582e-01,7.220860743665488135e-01,7.336409555250682502e-01,7.455511184105172440e-01,7.578182995006630396e-01,7.704412740808561644e-01,7.834142826426069295e-01,7.967247063262169471e-01,8.103496427457594908e-01,8.242508556814763798e-01,8.383673009348362459e-01,8.526040147078486342e-01,8.668155125282230866e-01,8.807808733591783179e-01,8.941662259902146692e-01,9.064682587169332617e-01,9.169296175621736156e-01,9.244142021504456741e-01,9.272298063455302053e-01,9.228946551638338436e-01,9.078822137610701448e-01,8.774857600475346464e-01,8.261786615724493466e-01
9.121212121212121104e-01,8.721669050057607731e-01,9.041739813365954337e-01,9.208753138156383633e-01,9.268546647763303836e-01,9.255678313482406105e-01,9.194653509432234584e-01,9.102326371998039622e-01,8.990121379959137293e-01,8.865735727633734520e-01,8.734345917531715076e-01,8.599432727317279923e-01,8.463336308349919124e-01,8.327627658159724167e-01,8.193357275974635368e-01,8.061222167581815201e-01,7.931678561236765734e-01,7.805018397805748576e-01,7.681421515037584191e-01,7.560991417013380733e-01,7.443779879026333202e-01,7.329803900407888539e-01,7.219057365652939984e-01,7.111519001175667931e-01,7.007157687168289462e-01,6.905935816403131478e-01,6.807811140100851199e-01,6.712737413762168703e-01,6.620664255909252116e-01,6.531537196462068318e-01,6.445300091785914898e-01,6.361902977735394149e-01,6.281315379513102704e-01,6.203535454118017656e-01,6.128580614710825714e-01,6.056462884478812647e-01,5.987171974180760525e-01,5.920677561277575274e-01,5.856940717475200842e-01,5.795922877692980535e-01,5.737589594092887824e-01,5.681911014172787988e-01,5.628861139884836495e-01,5.578416910855593658e-01,5.530557456872811084e-01,5.485263565009006470e-01,5.442517313902029974e-01,5.402301808615246337e-01,5.364600935287618944e-01,5.329398969927725549e-01,5.296679302042939241e-01,5.266406279942398294e-01,5.238622757911317596e-01,5.213312874089425231e-01,5.190445788524865600e-01,5.170011422281260982e-01,5.152001170200122271e-01,5.136407515884989783e-01,5.123223951083817340e-01,5.112444957959366709e-01,5.104066009427590256e-01,5.098083574897120940e-01,5.094495126860022483e-01,5.093299146417700207e-01,5.094495126860006939e-01,5.098083574897115389e-01,5.104066009427578043e-01,5.112444957959375591e-01,5.123223951083826222e-01,5.136407515885009767e-01,5.152001170200130042e-01,5.170011422281245439e-01,5.190445788524857829e-01,5.213312874089430782e-01,5.238622757911307604e-01,5.266407915690872743e-01,5.296688909002812418e-01,5.329412595833811217e-01,5.364617931468133039e-01,5.402321990181492284e-01,5.442540712870662656e-01,5.485290364068687863e-01,5.530587971997722452e-01,5.578451594001934133e-01,5.628900591772985074e-01,5.681956000468798562e-01,5.737641055211186725e-01,5.795981912857441909e-01,5.857008505002018195e-01,5.920755149099616865e-01,5.987259853745352522e-01,6.056560309636984663e-01,6.128684859319871725e-01,6.203641608821285347e-01,6.281417357907783661e-01,6.361995476349099343e-01,6.445380132853302246e-01,6.531604285975856072e-01,6.620719547458421284e-01,6.712782753318511375e-01,6.807848439513214389e-01,6.905966765840753085e-01,7.007183674902461856e-01,7.111541128646045040e-01,7.219076494795899634e-01,7.329820704887459737e-01,7.443794889105030954e-01,7.561005055780853912e-01,7.681434126723355460e-01,7.805030269760391270e-01,7.931689941203455829e-01,8.061233277668544694e-01,8.193368324500163169e-01,8.327638850362925060e-01,8.463347856847360795e-01,8.599444863169002362e-01,8.734358902831365068e-01,8.865749870678218958e-01,8.990137054256345239e-01,9.102344040608023601e-01,9.194673756266733555e-01,9.255701882878234477e-01,9.268574492052824576e-01,9.208786468222489585e-01,9.041780135557482279e-01,8.721718148355623867e-01
9.159090909090910060e-01,9.001039484645145805e-01,9.185356702606762846e-01,9.261826444740709485e-01,9.264348115647146331e-01,9.217163145582299988e-01,9.137094470414874881e-01,9.035654925680729477e-01,8.920681180220990658e-01,8.797502709724200898e-01,8.669747874995537007e-01,8.539890702665774436e-01,8.409619667386966091e-01,8.280086465078229097e-01,8.152074402060214275e-01,8.026112951956050345e-01,7.902556139243106514e-01,7.781636484194183190e-01,7.663502330618205960e-01,7.548243796367707370e-01,7.435910878869681495e-01,7.326526111755139459e-01,7.220093406441089323e-01,7.116604195067616212e-01,7.016041633465056604e-01,6.918383368438575376e-01,6.823603186716971081e-01,6.731671728602907079e-01,6.642556390223194329e-01,6.556220656542554037e-01,6.472623633380243380e-01,6.391721697803478541e-01,6.313475256768206201e-01,6.237861327538163358e-01,6.164883794026229102e-01,6.094566965673360315e-01,6.026932642291180642e-01,5.961981829305460501e-01,5.899694758421936136e-01,5.840041359746116489e-01,5.782990431376024976e-01,5.728513880213648157e-01,5.676587560522458054e-01,5.627190729290013627e-01,5.580305222298960199e-01,5.535914745291887762e-01,5.494004347386101106e-01,5.454560025613734986e-01,5.417568347046062271e-01,5.383015787889550152e-01,5.350886005720825178e-01,5.321139586124608023e-01,5.293867202283474294e-01,5.269000474301451797e-01,5.246528427577981102e-01,5.226442935461782513e-01,5.208736966874676355e-01,5.193404354523474264e-01,5.180439743850591139e-01,5.169838585379384899e-01,5.161597139945419688e-01,5.155712487358420359e-01,5.152182534898113175e-01,5.151006024072642964e-01,5.152182534898137600e-01,5.155712487358427021e-01,5.161597139945415247e-01,5.169838585379405993e-01,5.180439743850600021e-01,5.193404354523469824e-01,5.208736966874695229e-01,5.226442935461788064e-01,5.246528427577970000e-01,5.269000474301445136e-01,5.293867202283460971e-01,5.321139586124602472e-01,5.350894849845814205e-01,5.383029851018960033e-01,5.417586541541971057e-01,5.454582073501444972e-01,5.494030282992353742e-01,5.535944803378043400e-01,5.580339807733339930e-01,5.627230414690813642e-01,5.676633093173191202e-01,5.728566183449862459e-01,5.783050577612042220e-01,5.840110473701222160e-01,5.899773781962603936e-01,5.962071064020689759e-01,6.027031050936659806e-01,6.094671469886604465e-01,6.164989203129576101e-01,6.237961505579742161e-01,6.313565116087648255e-01,6.391798603552165670e-01,6.472687395878774508e-01,6.556272623733354621e-01,6.642598503358977391e-01,6.731705931896231343e-01,6.823631169800259411e-01,6.918406504136993540e-01,7.016061001992136559e-01,7.116620635431025743e-01,7.220107569186422491e-01,7.326538504118158546e-01,7.435921900700658282e-01,7.548253767840014117e-01,7.663511513410928844e-01,7.781645097785276910e-01,7.902564373684165533e-01,8.026120978224432490e-01,8.152082380864597022e-01,8.280094554841118670e-01,8.409628032046485568e-01,8.539899519919416093e-01,8.669757345653175129e-01,8.797513068948352721e-01,8.920692711610628267e-01,9.035667979398498417e-01,9.137109486834227301e-01,9.217180686129574640e-01,9.264368902322833721e-01,9.261851408451503564e-01,9.185387036175107767e-01,9.001076685599398441e-01
9.196969696969696795e-01,9.158731768096790571e-01,9.251992162758070348e-01,9.269955522440930240e-01,9.236620360808290853e-01,9.168796518081245850e-01,9.078098285364126774e-01,8.972510534332112098e-01,8.857521229247841132e-01,8.736909629725502224e-01,8.613285497165800164e-01,8.488455694857049982e-01,8.363673415067752748e-01,8.239808171300313511e-01,8.117462337321184052e-01,7.997051513949006152e-01,7.878860289829081598e-01,7.763081157627900186e-01,7.649841819680991417e-01,7.539224434770707139e-01,7.431279232479964802e-01,7.326034163928915044e-01,7.223501743218588844e-01,7.123683880597456719e-01,7.026575261651338833e-01,6.932165649707600075e-01,6.840441355721379457e-01,6.751386014919573686e-01,6.664980729020697492e-01,6.581203603097829369e-01,6.500028823696865077e-01,6.421425908592276466e-01,6.345360847031796814e-01,6.271802009279930923e-01,6.200732014403940173e-01,6.132158667131608620e-01,6.066110915882128030e-01,6.002617674402747072e-01,5.941688667845188565e-01,5.883312482907954166e-01,5.827466054518625205e-01,5.774123924754941406e-01,5.723262896732150828e-01,5.674863195767408941e-01,5.628908097290930002e-01,5.585383173021057912e-01,5.544275588585235726e-01,5.505573519513703440e-01,5.469265551730897457e-01,5.435339491090612762e-01,5.403775250501429150e-01,5.374563586033648255e-01,5.347771583493199365e-01,5.323336054081347912e-01,5.301248908002825777e-01,5.281503699711200817e-01,5.264094799861223084e-01,5.249017249292210474e-01,5.236266728428513595e-01,5.225839557306768413e-01,5.217732704688329282e-01,5.211943799060514415e-01,5.208471138653196775e-01,5.207313699176296939e-01,5.208471138653192334e-01,5.211943799060517746e-01,5.217732704688349266e-01,5.225839557306761751e-01,5.236266728428505823e-01,5.249017249292201592e-01,5.264094799861225304e-01,5.281503699711198596e-01,5.301248908002820226e-01,5.323336054081341251e-01,5.347771583493183822e-01,5.374563586033669349e-01,5.403782317396603752e-01,5.435353834353913172e-01,5.469285049840209023e-01,5.505597726403378411e-01,5.544304529735970544e-01,5.585417145035274089e-01,5.628947612685394342e-01,5.674908966883859263e-01,5.723315822895914673e-01,5.774185051643075939e-01,5.827536459208859654e-01,5.883393012850743897e-01,5.941779452857580690e-01,6.002717412091970184e-01,6.066216208479907612e-01,6.132264070725104155e-01,6.200831341797738983e-01,6.271890340048110746e-01,6.345435809657415938e-01,6.421487541827329837e-01,6.500078619374802802e-01,6.581243574076145464e-01,6.665012846821208869e-01,6.751411973802678990e-01,6.840462522820185409e-01,6.932183095284839558e-01,7.026589813162019693e-01,7.123696176435441174e-01,7.223512278104994300e-01,7.326043324718516381e-01,7.431287325572853986e-01,7.539231706883811057e-01,7.649848473624923928e-01,7.763087364442167182e-01,7.878866198332029613e-01,7.997057258519078005e-01,8.117468044552227369e-01,8.239813966058631145e-01,8.363679426418494378e-01,8.488462062312964740e-01,8.613292377745727091e-01,8.736917206390638624e-01,8.857529721423120783e-01,8.972520211419219294e-01,9.078109484416770902e-01,9.168809667111852413e-01,9.236636009432216410e-01,9.269974381444958667e-01,9.252015152979448098e-01,9.158760075044189986e-01
9.234848484848485750e-01,9.238985255071557878e-01,9.272422019396077131e-01,9.252944910822976654e-01,9.197359890657810233e-01,9.117390258795231572e-01,9.021174573521189011e-01,8.914363034072558811e-01,8.800888250292276949e-01,8.683497249047921196e-01,8.564116170411297801e-01,8.444100145183893735e-01,8.324405026526542350e-01,8.205706005057722408e-01,8.088480023620949755e-01,7.973063398353880116e-01,7.859692353218503680e-01,7.748531699365539538e-01,7.639695231672780640e-01,7.533260298485623396e-01,7.429278245026688099e-01,7.327781915881392827e-01,7.228791047897097366e-01,7.132316138877400347e-01,7.038361204069812915e-01,6.946925707224644864e-01,6.858005858674334210e-01,6.771595396887415408e-01,6.687685904282032467e-01,6.606266653815505707e-01,6.527323966263752775e-01,6.450840169169779204e-01,6.376792693266551959e-01,6.305154866465012553e-01,6.235901160095354001e-01,6.169018389067942865e-01,6.104517018066129008e-01,6.042429048047825990e-01,5.982788541757165790e-01,5.925611977327385205e-01,5.870894599893661248e-01,5.818618923263636500e-01,5.768763988239115070e-01,5.721310364100726797e-01,5.676241595802592466e-01,5.633543975120107739e-01,5.593205813429975581e-01,5.555216647268592656e-01,5.519566287434342078e-01,5.486242513208343663e-01,5.455186113115990665e-01,5.426535054688220727e-01,5.400208469147725898e-01,5.376191735196712562e-01,5.354478830608346840e-01,5.335064787239222062e-01,5.317945230142147039e-01,5.303116285255606854e-01,5.290574563806018649e-01,5.280317168394520477e-01,5.272341705247803878e-01,5.266646297112544950e-01,5.263229594494650554e-01,5.262090784177450020e-01,5.263229594494666097e-01,5.266646297112521635e-01,5.272341705247807209e-01,5.280317168394529359e-01,5.290574563806019759e-01,5.303116285255602413e-01,5.317945230142159252e-01,5.335064787239186535e-01,5.354478830608347950e-01,5.376191735196679256e-01,5.400208469147717016e-01,5.426535054688204074e-01,5.455186113115964019e-01,5.486256802774097663e-01,5.519587169074776645e-01,5.555243349829244170e-01,5.593238326133904703e-01,5.633582660677285414e-01,5.676287085873450433e-01,5.721363510162212895e-01,5.768825798327964494e-01,5.818690424881758361e-01,5.870976551546840394e-01,5.925704349969587170e-01,5.982889789031983208e-01,6.042535480323644181e-01,6.104622959947925143e-01,6.169117595443314173e-01,6.235988830613721223e-01,6.305228822364323804e-01,6.376853137436716557e-01,6.450888695722293287e-01,6.527362640378967518e-01,6.606297470107989067e-01,6.687710565551526765e-01,6.771615272080281356e-01,6.858022016750834338e-01,6.946938972736566020e-01,7.038372211482825103e-01,7.132325378130786042e-01,7.228798900201799382e-01,7.327788681029799855e-01,7.429284161994987867e-01,7.533265560976520892e-01,7.639699999937900055e-01,7.748536109344444922e-01,7.859696523780069777e-01,7.973067437240730637e-01,8.088484032567574422e-01,8.205710084469787224e-01,8.324409280064483108e-01,8.444104684584425868e-01,8.564121120904539808e-01,8.683502755787064764e-01,8.800894486315133936e-01,8.914370210465745181e-01,9.021182952668457267e-01,9.117400171864051828e-01,9.197371760787926842e-01,9.252959283733205309e-01,9.272439603042689216e-01,9.239006968873040293e-01
9.272727272727273595e-01,9.271606858703320686e-01,9.265988415042336612e-01,9.222641246571723350e-01,9.153397817027733030e-01,9.066551667982427620e-01,8.967916763910156464e-01,8.861580468453680304e-01,8.750428227473706633e-01,8.636506339119851550e-01,8.521272500672107952e-01,8.405769312740443144e-01,8.290745006164155217e-01,8.176737938096174663e-01,8.064136102473959955e-01,7.953219307284151718e-01,7.844189247336604831e-01,7.737191065570550030e-01,7.632328888217314589e-01,7.529677065022842841e-01,7.429288328997423196e-01,7.331199733487928638e-01,7.235436976163162059e-01,7.142017545105333598e-01,7.050952998076122080e-01,6.962250595880262738e-01,6.875914442890014300e-01,6.791946233396805033e-01,6.710345654604057408e-01,6.631110451400392680e-01,6.554236117416464280e-01,6.479715166547760363e-01,6.407536042929113940e-01,6.337682138680574839e-01,6.270132351668608051e-01,6.204865809312252178e-01,6.141872454059305042e-01,6.081164497997268992e-01,6.022775849922047398e-01,5.966744252877818067e-01,5.913091427800406530e-01,5.861817960387488702e-01,5.812910827329723640e-01,5.766352578595747014e-01,5.722126626531713889e-01,5.680218934584700952e-01,5.640617866874026998e-01,5.603313323881897734e-01,5.568295266553257017e-01,5.535548735034238055e-01,5.505029789092297232e-01,5.476882928423824071e-01,5.451008323995727434e-01,5.427398922897974654e-01,5.406050385681079318e-01,5.386959052053569286e-01,5.370121669220243588e-01,5.355535336310264238e-01,5.343197500288333623e-01,5.333105966894043926e-01,5.325258915420093553e-01,5.319654913116563799e-01,5.316292927394299372e-01,5.315172334952751321e-01,5.316292927394312695e-01,5.319654913116556028e-01,5.325258915420072459e-01,5.333105966894075012e-01,5.343197500288333623e-01,5.355535336310268679e-01,5.370121669220250249e-01,5.386959052053588159e-01,5.406050385681102632e-01,5.427398922898015732e-01,5.451008323995684135e-01,5.476882928423840724e-01,5.505029789092292791e-01,5.535562261837386755e-01,5.568317557634601123e-01,5.603342912034510181e-01,5.640654641648251699e-01,5.680263311935883630e-01,5.722179343731260692e-01,5.766414571656865995e-01,5.812983057568369416e-01,5.861901092456532902e-01,5.913185278364222475e-01,5.966847045281822304e-01,6.022883622890421451e-01,6.081271359756587058e-01,6.141972091544445345e-01,6.204953498001538614e-01,6.270206043067867441e-01,6.337742144039779646e-01,6.407584022453411965e-01,6.479753220369902644e-01,6.554266258560524916e-01,6.631134393469830801e-01,6.710364773800041593e-01,6.791961603916613077e-01,6.875926893014154828e-01,6.962260762459610008e-01,7.050961372158484064e-01,7.142024507770396990e-01,7.235442825847587800e-01,7.331204706572637120e-01,7.429292615292857338e-01,7.529680819479904752e-01,7.632332239887659187e-01,7.737194124586070920e-01,7.844192110487382408e-01,7.953222062636503553e-01,8.064138833375329440e-01,8.176740726854014873e-01,8.290747937653910604e-01,8.405772478191256836e-01,8.521276001895755625e-01,8.636510293491470591e-01,8.750432774047252060e-01,8.861585775705514978e-01,8.967923039763494586e-01,9.066559172980289683e-01,9.153406881797065964e-01,9.222652295031134040e-01,9.266001995058764651e-01,9.271623681825723606e-01
9.310606060606061440e-01,9.275661896336845347e-01,9.244553449861697692e-01,9.186040209377238641e-01,9.108568278541283592e-01,9.018114950747866398e-01,8.918922820455782441e-01,8.814016577960807064e-01,8.705563563882827705e-01,8.595124845508219646e-01,8.483830434315040581e-01,8.372502107864789878e-01,8.261739991792359517e-01,8.151983974138879985e-01,8.043557543447823477e-01,7.936699273381034869e-01,7.831585565839938035e-01,7.728347166278698444e-01,7.627081212509388974e-01,7.527860059801637638e-01,7.430737765360558855e-01,7.335754863880069587e-01,7.242941888802342243e-01,7.152321968085080250e-01,7.063912732843851128e-01,6.977727711142586164e-01,6.893777329478519844e-01,6.812069605071451317e-01,6.732610577899560411e-01,6.655404498231545229e-01,6.580453750541966906e-01,6.507758461764490132e-01,6.437315734955758595e-01,6.369118547013966625e-01,6.303154732516503822e-01,6.239407381831697519e-01,6.177859151717616237e-01,6.118502291759244649e-01,6.061350093058910371e-01,6.006437540482821857e-01,5.953804952399973649e-01,5.903478123179598525e-01,5.855461940729480563e-01,5.809746946091326469e-01,5.766318366356097957e-01,5.725161615769769341e-01,5.686264118554397173e-01,5.649614946492610423e-01,5.615202605789546553e-01,5.583001753569086789e-01,5.553021546964226340e-01,5.525359114732822929e-01,5.499923276516046622e-01,5.476709789050229205e-01,5.455715741898682358e-01,5.436938631846517378e-01,5.420376205866075381e-01,5.406026432385443448e-01,5.393887505990839770e-01,5.383957862092976221e-01,5.376236193580725686e-01,5.370721466312771142e-01,5.367412932001858206e-01,5.366310137770105015e-01,5.367412932001838222e-01,5.370721466312761150e-01,5.376236193580714584e-01,5.383957862092952906e-01,5.393887505990831999e-01,5.406026432385460101e-01,5.420376205866063168e-01,5.436938631846519598e-01,5.455715741898691240e-01,5.476709789050221433e-01,5.499923276516041071e-01,5.525359114732798504e-01,5.553021546964235222e-01,5.583012763212131802e-01,5.615226198999838658e-01,5.649647847882712792e-01,5.686305973027965255e-01,5.725212836051543075e-01,5.766379717707106334e-01,5.809819273186701549e-01,5.855545789336428220e-01,5.903573146909946168e-01,5.953909148119941319e-01,6.006546687394598294e-01,6.061458091365363732e-01,6.118602746558970962e-01,6.177947371028773560e-01,6.239481389535522782e-01,6.303214897116993232e-01,6.369166561052791442e-01,6.437353716257759872e-01,6.507788435786366898e-01,6.580477442100165497e-01,6.655423294294888770e-01,6.732625562647628348e-01,6.812081615535954260e-01,6.893787009764209550e-01,6.977735557968007818e-01,7.063919131402508489e-01,7.152327219444966078e-01,7.242946230571476463e-01,7.335758485746738389e-01,7.430740820820401771e-01,7.527862675083164534e-01,7.627083493458874930e-01,7.728349203772267861e-01,7.831587440150424850e-01,7.936701057825527039e-01,8.043559307574374984e-01,8.151985786668128897e-01,8.261741923505578900e-01,8.372504234626612085e-01,8.483832840430255429e-01,8.595127627643778245e-01,8.705566835839471107e-01,8.814020476658953607e-01,8.918927513617480596e-01,9.018120646917363592e-01,9.108575240302464460e-01,9.186048770898381788e-01,9.244564040199855226e-01,9.275675070173092784e-01
9.348484848484849286e-01,9.263091334080619799e-01,9.215310502426884431e-01,9.147226862643450529e-01,9.064974819078742696e-01,8.972949202703907057e-01,8.874312757792026662e-01,8.771353641451553607e-01,8.665736540500030838e-01,8.558679323101144876e-01,8.451077801046867899e-01,8.343594316423948998e-01,8.236721021245090313e-01,8.130825362142292123e-01,8.026182976016645876e-01,7.923001621135701278e-01,7.821438681920599434e-01,7.721614036549587778e-01,7.623619557103024080e-01,7.527526149589953697e-01,7.433388986652568198e-01,7.341251405667530427e-01,7.251147816611774877e-01,7.163105871817750936e-01,7.077148082790185590e-01,6.993293019973872982e-01,6.911556194238995809e-01,6.831950689687921185e-01,6.754487592700197940e-01,6.679176238721743486e-01,6.606024273179237349e-01,6.535037494307517347e-01,6.466219417557267368e-01,6.399570496628679273e-01,6.335087028683366039e-01,6.272760130850690841e-01,6.212576027854656013e-01,6.154520022601533968e-01,6.098586004450993192e-01,6.044787792594813469e-01,5.993160799364920521e-01,5.943747093864629738e-01,5.896575680519939855e-01,5.851654959334775530e-01,5.808978285571242406e-01,5.768532747503589686e-01,5.730304697658969992e-01,5.694281164700909503e-01,5.660446542950768878e-01,5.628707279713723866e-01,5.599321195825012198e-01,5.572128468196103634e-01,5.547119196376996131e-01,5.524291060686444821e-01,5.503642373017531009e-01,5.485171644728572549e-01,5.468877506388224452e-01,5.454758698114673399e-01,5.442814080503958207e-01,5.433042651254547106e-01,5.425443562695813071e-01,5.420016137709630089e-01,5.416759882867177023e-01,5.415674498144545934e-01,5.416759882867183684e-01,5.420016137709634529e-01,5.425443562695835276e-01,5.433042651254543776e-01,5.442814080503947105e-01,5.454758698114701154e-01,5.468877506388247767e-01,5.485171644728568108e-01,5.503642373017537670e-01,5.524291060686449262e-01,5.547119196377000572e-01,5.572128468196110296e-01,5.599321195825009978e-01,5.628707279713709433e-01,5.660471037789785997e-01,5.694317819911368650e-01,5.730352574881425465e-01,5.768592100223101093e-01,5.809049690373474517e-01,5.851738766226315391e-01,5.896671339202023132e-01,5.943852354750788214e-01,5.993271175007071072e-01,6.044896969871540460e-01,6.098687487628307036e-01,6.154609112401441262e-01,6.212650769839063170e-01,6.272820905170567451e-01,6.335135528231830015e-01,6.399608838548562773e-01,6.466249631284594068e-01,6.535061313518883974e-01,6.606043096590628050e-01,6.679191163094024830e-01,6.754499467070987917e-01,6.831960168825437218e-01,6.911563783863211574e-01,6.993299112557732622e-01,7.077152985026440302e-01,7.163109825398531472e-01,7.251151013883562202e-01,7.341254001448406230e-01,7.433391107210235438e-01,7.527527899533353883e-01,7.623621024748757913e-01,7.721615298182912257e-01,7.821439805267127454e-01,7.923002668287995043e-01,8.026184006010000926e-01,8.130826433343417703e-01,8.236722193700369843e-01,8.343595654310468346e-01,8.451079375378915959e-01,8.558681214866808995e-01,8.665738844441543964e-01,8.771356470761165758e-01,8.874316250079695712e-01,8.972953527711901023e-01,9.064980188779033776e-01,9.147233544566554242e-01,9.215318837335009228e-01,9.263101759384473333e-01
9.386363636363637131e-01,9.241253789321615120e-01,9.182569534305227155e-01,9.108538277579241171e-01,9.023702044687902379e-01,8.931359292347551548e-01,8.833918168755042766e-01,8.733146964290150471e-01,8.630351781836915759e-01,8.526503000302076973e-01,8.422325732697113487e-01,8.318364900852013299e-01,8.215032333552120258e-01,8.112641061427454670e-01,8.011430436148562206e-01,7.911584631077407392e-01,7.813246336972836659e-01,7.716526947407365000e-01,7.621514164291676163e-01,7.528277696605492064e-01,7.436873542475492815e-01,7.347347213746540096e-01,7.259736167732855350e-01,7.174071642195839482e-01,7.090380039276470425e-01,7.008683966784581276e-01,6.929003017041438506e-01,6.851354341451544316e-01,6.775753060731554145e-01,6.702212534024970525e-01,6.630744492711663218e-01,6.561359024283032193e-01,6.494064366985191628e-01,6.428866451145072158e-01,6.365768120282834230e-01,6.304768053634425273e-01,6.245859750558653278e-01,6.189031739746835292e-01,6.134271261443872136e-01,6.081573290883434124e-01,6.030951711029096662e-01,5.982441832186483621e-01,5.936086817106889235e-01,5.891918183678971355e-01,5.849947145552886196e-01,5.810169040610149160e-01,5.772571513165969392e-01,5.737138962057242164e-01,5.703846502715825828e-01,5.672635481375689626e-01,5.643751738752329494e-01,5.617013009389379974e-01,5.592416857934803254e-01,5.569962402430813642e-01,5.549648961000602787e-01,5.531475901736691014e-01,5.515442613707476349e-01,5.501548507821601985e-01,5.489793028414772236e-01,5.480175669179851994e-01,5.472695989519724691e-01,5.467353629599932541e-01,5.464148322939288427e-01,5.463079905795620306e-01,5.464148322939281766e-01,5.467353629599938092e-01,5.472695989519734683e-01,5.480175669179845332e-01,5.489793028414778897e-01,5.501548507821608647e-01,5.515442613707473019e-01,5.531475901736689904e-01,5.549648961000596126e-01,5.569962402430801429e-01,5.592416857934766616e-01,5.617013009389387745e-01,5.643751738752339486e-01,5.672635481375685185e-01,5.703870771004821982e-01,5.737179712653933672e-01,5.772626378430696370e-01,5.810237747855044876e-01,5.850029608276763327e-01,5.892013528192306948e-01,5.936192482970239492e-01,5.982553029745254491e-01,6.031061889391172715e-01,6.081675822686131161e-01,6.134361394692421365e-01,6.189107488970071458e-01,6.245921460484882282e-01,6.304817383231368089e-01,6.365807164656444028e-01,6.428897232175938559e-01,6.494088622088776130e-01,6.561378162600768338e-01,6.630759624342331682e-01,6.702224521807537139e-01,6.775762572341589296e-01,6.851361893987493179e-01,6.929009012611673235e-01,7.008688719980475934e-01,7.090383798056668629e-01,7.174074603676723338e-01,7.259738490134678424e-01,7.347349025475166107e-01,7.436874949082541431e-01,7.528278786182521776e-01,7.621515011713748677e-01,7.716527617737283240e-01,7.813246888262462830e-01,7.911585116750381452e-01,8.011430907112896405e-01,8.112641568043246210e-01,8.215032927568308718e-01,8.318365637422827641e-01,8.422326672596197605e-01,8.526504212468004607e-01,8.630353346412407145e-01,8.733148976359572657e-01,8.833920743045688972e-01,8.931362569247411898e-01,9.023706198049085137e-01,9.108543524936991709e-01,9.182576150347901978e-01,9.241262123698252839e-01
9.424242424242424976e-01,9.214732421505000826e-01,9.148946162617928035e-01,9.071334409254980802e-01,8.985325297124265864e-01,8.893443827421657621e-01,8.797560459965546587e-01,8.699069069819931332e-01,8.599014666216192593e-01,8.498185454170767983e-01,8.397179546435219466e-01,8.296453584932774739e-01,8.196358386110151883e-01,8.097165224463621636e-01,7.999085320146044342e-01,7.902284362451601485e-01,7.806893384893917043e-01,7.713016942947616972e-01,7.620739286375997068e-01,7.530129032758805518e-01,7.441242715460749668e-01,7.354127482661646509e-01,7.268823153595646014e-01,7.185363786381169238e-01,7.103778873493894475e-01,7.024094252268204830e-01,6.946332796050336267e-01,6.870514934679292640e-01,6.796659039154530069e-01,6.724781693133874416e-01,6.654897861724368147e-01,6.587020954108704363e-01,6.521162759021698063e-01,6.457333210092517373e-01,6.395539915818900800e-01,6.335787387625710920e-01,6.278075984338913340e-01,6.222400910611999292e-01,6.168752359738514102e-01,6.117118924999489504e-01,6.067496142319911412e-01,6.019897450104818581e-01,5.974357499047224795e-01,5.930919938254678447e-01,5.889618157589283642e-01,5.850465317244137875e-01,5.813456987884597638e-01,5.778576283901046828e-01,5.745774680007804669e-01,5.715108416924561396e-01,5.686703901632943481e-01,5.660403240713464124e-01,5.636206683327145139e-01,5.614114305052805287e-01,5.594126141600022084e-01,5.576242211571929008e-01,5.560462509319445967e-01,5.546787000091929487e-01,5.535215622714856343e-01,5.525748297921874164e-01,5.518384939423836011e-01,5.513125465745188913e-01,5.509969810479776742e-01,5.508917930388033124e-01,5.509969810479770080e-01,5.513125465745204457e-01,5.518384939423819358e-01,5.525748297921854180e-01,5.535215622714845241e-01,5.546787000091916164e-01,5.560462509319473723e-01,5.576242211571953433e-01,5.594126141600009872e-01,5.614114305052835263e-01,5.636206683327166234e-01,5.660403240713446360e-01,5.686703901632962355e-01,5.715108416924562507e-01,5.745795473490443728e-01,5.778621178803980962e-01,5.813519647297645809e-01,5.850544164844857509e-01,5.889711593263950995e-01,5.931024891619653960e-01,5.974468765203048148e-01,6.020008169380353102e-01,6.067599501057067135e-01,6.117210064958683580e-01,6.168829210467478008e-01,6.222463733257311835e-01,6.278126366538272496e-01,6.335827376579232784e-01,6.395571509596594817e-01,6.457358140538637103e-01,6.521182440976144301e-01,6.587036509120079986e-01,6.654910166213956479e-01,6.724791428397222104e-01,6.796666734867941040e-01,6.870521004015723854e-01,6.946337563017690453e-01,7.024097972629383957e-01,7.103781750666182671e-01,7.185365983512275179e-01,7.268824802767061000e-01,7.354128691947793284e-01,7.441243574392170101e-01,7.530129616600165221e-01,7.620739659526933885e-01,7.713017161699285973e-01,7.806893499720016782e-01,7.902284419973956142e-01,7.999085364890016203e-01,8.097165300499779006e-01,8.196358538672224858e-01,8.296453862097934451e-01,8.397180000959020285e-01,8.498186145580594042e-01,8.599015663287539191e-01,8.699070453590814767e-01,8.797562327489807377e-01,8.893446296522546923e-01,8.985328512497632314e-01,9.071338550386286448e-01,9.148951454132276950e-01,9.214739146765617006e-01
9.462121212121212821e-01,9.186212742951034294e-01,9.115850338257804886e-01,9.036206407061825319e-01,8.949918377951279203e-01,8.858956733244739423e-01,8.764802297392171315e-01,8.668574625847977888e-01,8.571125314914429527e-01,8.473106138613387683e-01,8.375019069603196753e-01,8.277253205647920886e-01,8.180112181375798208e-01,8.083834626772379295e-01,7.988609514182413163e-01,7.894587725508234177e-01,7.801890808211563444e-01,7.710617628951949021e-01,7.620849446777228087e-01,7.532653792479867549e-01,7.446087442190624239e-01,7.361198701061992811e-01,7.278029159630645673e-01,7.196615045902429175e-01,7.116988266635937421e-01,7.039177208995267554e-01,6.963207356710516827e-01,6.889101761620721742e-01,6.816881400770521404e-01,6.746565440034562045e-01,6.678171416490537027e-01,6.611715342236250681e-01,6.547211720577212901e-01,6.484673449913780363e-01,6.424111570627880630e-01,6.365534790094434792e-01,6.308948720864726578e-01,6.254354848201605366e-01,6.201749542555125005e-01,6.151124134850951553e-01,6.102468050096799823e-01,6.055776842128490767e-01,6.011062880603729175e-01,5.968359395677698132e-01,5.927709613536016331e-01,5.889147538890702194e-01,5.852685514849342852e-01,5.818309279354975105e-01,5.785848096541914565e-01,5.755842071933524595e-01,5.727893015283218592e-01,5.702011607735114618e-01,5.678199056417084778e-01,5.656455671991982292e-01,5.636781730682262070e-01,5.619177571463561671e-01,5.603643561412749996e-01,5.590180053537918692e-01,5.578787359837115156e-01,5.569465739035913687e-01,5.562215394189453654e-01,5.557036475331343928e-01,5.553929084702665664e-01,5.552893281393460612e-01,5.553929084702670105e-01,5.557036475331336156e-01,5.562215394189448103e-01,5.569465739035898144e-01,5.578787359837095172e-01,5.590180053537910920e-01,5.603643561412767760e-01,5.619177571463577214e-01,5.636781730682279834e-01,5.656455671991973411e-01,5.678199056417103652e-01,5.702011607735134602e-01,5.727893015283226363e-01,5.755842071933540138e-01,5.785848096541919006e-01,5.818357589702032318e-01,5.852756155919063286e-01,5.889236135034593422e-01,5.927811889025106362e-01,5.968469404788533383e-01,6.011173275732002441e-01,6.055880509534874445e-01,6.102559938292257957e-01,6.151202014111851746e-01,6.201813528352978500e-01,6.254406408934563011e-01,6.308989821826914701e-01,6.365567383106498500e-01,6.424137368078400856e-01,6.484693864304285071e-01,6.547227880651205201e-01,6.611728136089857211e-01,6.678181538537881767e-01,6.746573432841170836e-01,6.816887689335346945e-01,6.889106680364872615e-01,6.963211170310089626e-01,7.039180128325480679e-01,7.116990460948287023e-01,7.196616652143877912e-01,7.278030289611577830e-01,7.361199447008691665e-01,7.446087881087841698e-01,7.532653989507300807e-01,7.620849458070280136e-01,7.710617503862737809e-01,7.801890591206199765e-01,7.894587457808792674e-01,7.988609235242735140e-01,8.083834375664634697e-01,8.180111998157738595e-01,8.277253132779902600e-01,8.375019153487548440e-01,8.473106431337411593e-01,8.571125876293580470e-01,8.668575525888716493e-01,8.764803619326347883e-01,8.858958577332666229e-01,8.949920866313489931e-01,9.036209689882555018e-01,9.115854601817565683e-01,9.186218220090565101e-01
9.500000000000000666e-01,9.157345625762830510e-01,9.084099533953433614e-01,9.003444176481334438e-01,8.917445707461799653e-01,8.827669705939926725e-01,8.735309357354499316e-01,8.641279465581581665e-01,8.546285677671726644e-01,8.450875698774510392e-01,8.355477376918879484e-01,8.260427171947314351e-01,8.165991546031449166e-01,8.072383115153459743e-01,7.979772901400656870e-01,7.888299667292436590e-01,7.798077054791234808e-01,7.709199064286142988e-01,7.621744272336450354e-01,7.535779086952509864e-01,7.451360265491154822e-01,7.368536865612579367e-01,7.287351759012294927e-01,7.207842807081864533e-01,7.130043774577452531e-01,7.053985039817446401e-01,6.979694146433661484e-01,6.907196231164492994e-01,6.836514353725966497e-01,6.767669747682859560e-01,6.700682004741485009e-01,6.635569198194756213e-01,6.572347943358879396e-01,6.511033382478945697e-01,6.451639067372302305e-01,6.394176694627675683e-01,6.338655629738652042e-01,6.285082157237630307e-01,6.233458470194370715e-01,6.183781689415578375e-01,6.136043848993532057e-01,6.090234698802279301e-01,6.046349128413580631e-01,6.004397434513810694e-01,5.964409948605643441e-01,5.926427179255704392e-01,5.890478623975612393e-01,5.856553355175173614e-01,5.824613985879379952e-01,5.795064559963909456e-01,5.767542227424553580e-01,5.742057828428178690e-01,5.718611619956286418e-01,5.697202972396825382e-01,5.677831597147728893e-01,5.660497601579326243e-01,5.645201347298451910e-01,5.631943314311178561e-01,5.620724006263310146e-01,5.611543892469470496e-01,5.604403375692222911e-01,5.599302776070478327e-01,5.596242323966927890e-01,5.595222157873642743e-01,5.596242323966944543e-01,5.599302776070480547e-01,5.604403375692236233e-01,5.611543892469466055e-01,5.620724006263310146e-01,5.631943314311204096e-01,5.645201347298417494e-01,5.660497601579322913e-01,5.677831597147717790e-01,5.697202972396838705e-01,5.718611619956286418e-01,5.742057828428215327e-01,5.767542227424554691e-01,5.795064559963929440e-01,5.824613985879358857e-01,5.856602550533775986e-01,5.890556090438042736e-01,5.926523073655155516e-01,5.964516350693465085e-01,6.004505979229138868e-01,6.046452128859651776e-01,6.090326746387417778e-01,6.136122440592471916e-01,6.183846708828147909e-01,6.233511201955022063e-01,6.285124438157829729e-01,6.338689333443219276e-01,6.394203493122858628e-01,6.451660357678605795e-01,6.511050292631673786e-01,6.572361368631525202e-01,6.635579843779506604e-01,6.700690425089298463e-01,6.767676379426598166e-01,6.836519541989855009e-01,6.907200250107518036e-01,6.979697215116881237e-01,7.053987334412498145e-01,7.130045437765935024e-01,7.207843955317180251e-01,7.287352488162303077e-01,7.368537255377554107e-01,7.451360382895965140e-01,7.535778989140187178e-01,7.621744008835963369e-01,7.709198678888690148e-01,7.798076587139440852e-01,7.888299154267303104e-01,7.979772378376095432e-01,8.072382617179388875e-01,8.165991109001886628e-01,8.260426833808175440e-01,8.355477178973227392e-01,8.450875687150454230e-01,8.546285905027611873e-01,8.641279993141453009e-01,8.735310257390677124e-01,8.827671064851210225e-01,8.917447629642721862e-01,9.003446789237079528e-01,9.084102993797585901e-01,9.157350126539917090e-01
9.537878787878788511e-01,9.129069434126809712e-01,9.054074728289279728e-01,8.973071612261228625e-01,8.887707100451291975e-01,8.799246429545852788e-01,8.708667057209240614e-01,8.616728528795254416e-01,8.524024610891258735e-01,8.431022366736373730e-01,8.338091582559233883e-01,8.245527032976148751e-01,8.153565406389506887e-01,8.062398228190522653e-01,7.972181769128651174e-01,7.883044671222076971e-01,7.795093837295851147e-01,7.708418993501697791e-01,7.623096233307242731e-01,7.539190776647464176e-01,7.456759122164879905e-01,7.375850728667877609e-01,7.296509330429380435e-01,7.218773967073112141e-01,7.142679790586997646e-01,7.068258698030471798e-01,6.995539827683948664e-01,6.924549947908108516e-01,6.855313761192871613e-01,6.787854140242486345e-01,6.722192307956886825e-01,6.658347968298354846e-01,6.596339389611612924e-01,6.536183435132422170e-01,6.477895526037608098e-01,6.421489509259432626e-01,6.366977385161234348e-01,6.314368833145125315e-01,6.263670473993999677e-01,6.214884877250110851e-01,6.168009571492706344e-01,6.123036894815403475e-01,6.079956353370590261e-01,6.038761189213801561e-01,5.999457750657064548e-01,5.962069662472827547e-01,5.926624830905408148e-01,5.893091188781407475e-01,5.861723759703256764e-01,5.832580323971272573e-01,5.805446215616235639e-01,5.780328846322559944e-01,5.757225516191620818e-01,5.736133088361562438e-01,5.717049507907940864e-01,5.699973778674350955e-01,5.684905644658159174e-01,5.671845289397546841e-01,5.660793116428376459e-01,5.651749604710307739e-01,5.644715218888771702e-01,5.639690355980127023e-01,5.636675315022069421e-01,5.635670280653535258e-01,5.636675315022079413e-01,5.639690355980102598e-01,5.644715218888790575e-01,5.651749604710302188e-01,5.660793116428392002e-01,5.671845289397546841e-01,5.684905644658153623e-01,5.699973778674363167e-01,5.717049507907927541e-01,5.736133088361580201e-01,5.757225516191625259e-01,5.780328846322566605e-01,5.805446215616223427e-01,5.832580323971261471e-01,5.861723759703264536e-01,5.893134147470673323e-01,5.926705627681518873e-01,5.962167792923077636e-01,5.999561661496781717e-01,6.038861798957468885e-01,6.080047499285716750e-01,6.123115572356888636e-01,6.168075285409320152e-01,6.214938627849517783e-01,6.263713900961919157e-01,6.314403685791323273e-01,6.367005264864106229e-01,6.421511778205368781e-01,6.477913299474948872e-01,6.536197608185165819e-01,6.596350673974750167e-01,6.658356927966976313e-01,6.722199390067434832e-01,6.787859700241398730e-01,6.855318082799053414e-01,6.924553258721115601e-01,6.995542311312997752e-01,7.068260503507483028e-01,7.142681039686238353e-01,7.218774760026991366e-01,7.296509750418403994e-01,7.375850845374983811e-01,7.456758994615696468e-01,7.539190455506421529e-01,7.623095762761774585e-01,7.708418412835723599e-01,7.795093182235648399e-01,7.883043975119504720e-01,7.972181064038470488e-01,8.062397545889851136e-01,8.153564779385334971e-01,8.245526495544933665e-01,8.338091171865287254e-01,8.431022124080209679e-01,8.524024583148437362e-01,8.616728770117045855e-01,8.708667631076052462e-01,8.799247411286982290e-01,8.887708580377636780e-01,8.973073699601807895e-01,9.054077556179755959e-01,9.129073165974457282e-01
9.575757575757576356e-01,9.101962595316360760e-01,9.025989034470670580e-01,8.945074491855812271e-01,8.860553022021881997e-01,8.773463126605691720e-01,8.684617614054438439e-01,8.594656241935051399e-01,8.504085525958346992e-01,8.413308964403759527e-01,8.322650081509247455e-01,8.232370069670598145e-01,8.142681351645290055e-01,8.053758046888190858e-01,7.965744078084895374e-01,7.878759470890946970e-01,7.792905264317266933e-01,7.708267348385484663e-01,7.624919470364220908e-01,7.542925594373166565e-01,7.462341756508034107e-01,7.383217525329732744e-01,7.305597152945899619e-01,7.229520483069867831e-01,7.155023667937102649e-01,7.082139734726665692e-01,7.010899033375670442e-01,6.941329590770822788e-01,6.873457390774296849e-01,6.807306594989661619e-01,6.742899715242814951e-01,6.680257745071264130e-01,6.619400253661255062e-01,6.560345441072943373e-01,6.503110147490078763e-01,6.447709800593296459e-01,6.394158272936192322e-01,6.342467605212708248e-01,6.292647535297338779e-01,6.244704772486843192e-01,6.198642015473653233e-01,6.154456924982497634e-01,6.112141750262151119e-01,6.071684997026214337e-01,6.033076482236778837e-01,5.996313897703842155e-01,5.961398157139464749e-01,5.928160097015134911e-01,5.897494884476605082e-01,5.868709721624343345e-01,5.841921374064318329e-01,5.817135182302127783e-01,5.794345765752658695e-01,5.773546671987898060e-01,5.754732919184655238e-01,5.737901327335045432e-01,5.723050164464111855e-01,5.710178684127469317e-01,5.699286739111251165e-01,5.690374503828590225e-01,5.683442289155661298e-01,5.678490424479636367e-01,5.675519185380627496e-01,5.674528751532806892e-01,5.675519185380599740e-01,5.678490424479638587e-01,5.683442289155641314e-01,5.690374503828578012e-01,5.699286739111233402e-01,5.710178684127462656e-01,5.723050164464100753e-01,5.737901327335036550e-01,5.754732919184686324e-01,5.773546671987919154e-01,5.794345765752656474e-01,5.817135182302107799e-01,5.841921374064327210e-01,5.868709721624374431e-01,5.897494884476607302e-01,5.928160097015120478e-01,5.961475977835336559e-01,5.996407455656384000e-01,6.033171508087299406e-01,6.071773347032654033e-01,6.112219375857513848e-01,6.154522663486867717e-01,6.198696411232046399e-01,6.244749159589924048e-01,6.292683468702953142e-01,6.342496570330853345e-01,6.394181567936654265e-01,6.447728509330094004e-01,6.503125153213538123e-01,6.560357454710850078e-01,6.619409844349308791e-01,6.680265367883163607e-01,6.742905734553069630e-01,6.807311303427224791e-01,6.873461024297976563e-01,6.941332340544084101e-01,7.010901055083547107e-01,7.082141155885717243e-01,7.155024593644239150e-01,7.229521000543436271e-01,7.305597335133801051e-01,7.383217433797713003e-01,7.462341443773090610e-01,7.542925105810383002e-01,7.624918845787210797e-01,7.708266623379504967e-01,7.792904471389295873e-01,7.878758640488634502e-01,7.965743239529746722e-01,8.053757229261755413e-01,8.142680584665640264e-01,8.232369384594988571e-01,8.322649512100674940e-01,8.413308548002970122e-01,8.504085304708940418e-01,8.594656264218599739e-01,8.684617936205903943e-01,8.773463814996540489e-01,8.860554155622158978e-01,8.945076165417952252e-01,9.025991362519034666e-01,9.101965717178652771e-01
9.613636363636364202e-01,9.076270311147057734e-01,8.999831495593290098e-01,8.919278145334265107e-01,8.835707195410500425e-01,8.749983466037077884e-01,8.662792268265649964e-01,8.574679601163895937e-01,8.486082957158724849e-01,8.397355008612387151e-01,8.308781884857932010e-01,8.220597325242643416e-01,8.132993676770204905e-01,8.046130468138610325e-01,7.960141114959335962e-01,7.875138178364069486e-01,7.791217499624069065e-01,7.708461458353439433e-01,7.626941545081268314e-01,7.546720395836560291e-01,7.467853403476714114e-01,7.390389995264210476e-01,7.314374646782992873e-01,7.239847687271694365e-01,7.166845939782851005e-01,7.095403230468723121e-01,7.025550794128484489e-01,6.957317597476788684e-01,6.890730597035722438e-01,6.825814944816672725e-01,6.762594151781685659e-01,6.701090216199508953e-01,6.641323721157440518e-01,6.583313902290315323e-01,6.527078682753570948e-01,6.472634666896986966e-01,6.419997076077610387e-01,6.369179598626868444e-01,6.320194110955220657e-01,6.273050211229453943e-01,6.227754503595527291e-01,6.184309613877549960e-01,6.142713075430056291e-01,6.102956565504743525e-01,6.065026319783930475e-01,6.028904502928879028e-01,5.994560099963270883e-01,5.962067639680768139e-01,5.931708129903902060e-01,5.903264870194405711e-01,5.876792114402507039e-01,5.852302381775347229e-01,5.829793951809685293e-01,5.809259880164276968e-01,5.790692796462904024e-01,5.774086847970674174e-01,5.759438050748139082e-01,5.746743990592240170e-01,5.736003372983056181e-01,5.727215620928626238e-01,5.720380571921080959e-01,5.715498268413075067e-01,5.712568821344716774e-01,5.711592326821650634e-01,5.712568821344703451e-01,5.715498268413091720e-01,5.720380571921087620e-01,5.727215620928644002e-01,5.736003372983079496e-01,5.746743990592229068e-01,5.759438050748153515e-01,5.774086847970687497e-01,5.790692796462895142e-01,5.809259880164303613e-01,5.829793951809678632e-01,5.852302381775338347e-01,5.876792114402477063e-01,5.903264870194410152e-01,5.931708129903889848e-01,5.962067639680768139e-01,5.994626662222163338e-01,6.028987154613648647e-01,6.065108362431920197e-01,6.103031157866628531e-01,6.142777686232361312e-01,6.184363987210464986e-01,6.227799477532270922e-01,6.273087033570386994e-01,6.320224081801033567e-01,6.369203908718813478e-01,6.420016750480362910e-01,6.472650559671061510e-01,6.527091493147785251e-01,6.583324197762172592e-01,6.641331960523458866e-01,6.701096770254171275e-01,6.762599320639818279e-01,6.825818972068958823e-01,6.890733681119337595e-01,6.957319900736309570e-01,7.025552450013307082e-01,7.095404349251143161e-01,7.166846613111156339e-01,7.239847991810219874e-01,7.314374647138667251e-01,7.390389746355796596e-01,7.467852952470499517e-01,7.546719783744364474e-01,7.626940808098617852e-01,7.708460628999262987e-01,7.791216607731812349e-01,7.875137251966957130e-01,7.960140181104967683e-01,8.046129553665529732e-01,8.132992809076478036e-01,8.220596533075770207e-01,8.308781199157155850e-01,8.397354463436992322e-01,8.486082590740445797e-01,8.574679457128884241e-01,8.662792397080798512e-01,8.749983926748291507e-01,8.835708057757737377e-01,8.919279492350788985e-01,8.999833426824744853e-01,9.076272946663241914e-01
9.651515151515152047e-01,9.052134196779452191e-01,8.975575289731397843e-01,8.895552693577972736e-01,8.812980811119276447e-01,8.728589312915415732e-01,8.642963235717169290e-01,8.556574057520912602e-01,8.469803829708366649e-01,8.382963964840552951e-01,8.296309904081171638e-01,8.210052600450757909e-01,8.124367534456711226e-01,8.039401811492156158e-01,7.955279763294329509e-01,7.872107379039000596e-01,7.789975817917755840e-01,7.708964198703986970e-01,7.629141818621628657e-01,7.550569920617030695e-01,7.473303102492855343e-01,7.397390441499954727e-01,7.322876392531870726e-01,7.249801505999309281e-01,7.178203002000302924e-01,7.108115229944006463e-01,7.039570036881410697e-01,6.972597063082938140e-01,6.907223979609088405e-01,6.843476679509056249e-01,6.781379431666423319e-01,6.720955004001472055e-01,6.662224760542805324e-01,6.605208734565428674e-01,6.549925677240296951e-01,6.496393077612402367e-01,6.444627144590577839e-01,6.394642734163655806e-01,6.346453194351865390e-01,6.300070086112776746e-01,6.255502722497250367e-01,6.212757458961870594e-01,6.171836684520491945e-01,6.132737529857951175e-01,6.095450346382350615e-01,6.059956099501691007e-01,6.026208634318175328e-01,5.994377229391251172e-01,5.964433232854335909e-01,5.936365204453226685e-01,5.910215151715755288e-01,5.886008887955891389e-01,5.863757736700974110e-01,5.843462081747373693e-01,5.825116693005105706e-01,5.808714917627053609e-01,5.794250883244204120e-01,5.781720213043747281e-01,5.771119977215138919e-01,5.762448373377775379e-01,5.755704378339318028e-01,5.750887461132651035e-01,5.747997374713792462e-01,5.747034020813082122e-01,5.747997374713789132e-01,5.750887461132637712e-01,5.755704378339314697e-01,5.762448373377763167e-01,5.771119977215138919e-01,5.781720213043770595e-01,5.794250883244204120e-01,5.808714917627063601e-01,5.825116693005106816e-01,5.843462081747404779e-01,5.863757736700949685e-01,5.886008887955891389e-01,5.910215151715743076e-01,5.936365204453201150e-01,5.964433232854324807e-01,5.994377229391265605e-01,6.026255400154825193e-01,6.060024045516632096e-01,6.095518166640592206e-01,6.132798983987246544e-01,6.171889877596468121e-01,6.212802350985224820e-01,6.255540054510468906e-01,6.300100859591786229e-01,6.346478424965009690e-01,6.394663346574569474e-01,6.444643937617059448e-01,6.496406722355796415e-01,6.549936729033660754e-01,6.605217649356162068e-01,6.662231911397894502e-01,6.720960695968681842e-01,6.781383914451339923e-01,6.843480157981018941e-01,6.907226622371488434e-01,6.972599009406202919e-01,7.039571402291422419e-01,7.108116110723944336e-01,7.178203478823175221e-01,7.249801646869568073e-01,7.322876255178507598e-01,7.397390075336998105e-01,7.473302550238103414e-01,7.550569219643172847e-01,7.629141002098461799e-01,7.708963296580422231e-01,7.789974857783115159e-01,7.872106386897272934e-01,7.955278764280930837e-01,8.039400830558977029e-01,8.124366597050929339e-01,8.210051733210927960e-01,8.296309135576797056e-01,8.382963326381769331e-01,8.469803356257429305e-01,8.556573788740807762e-01,8.642963217201298232e-01,8.728589597650214804e-01,8.812981461245111836e-01,8.895553782528443643e-01,8.975576904851862992e-01,9.052136442550067219e-01
9.689393939393939892e-01,9.029590057716040397e-01,8.953140013937000985e-01,8.873747360518335903e-01,8.792183855172147622e-01,8.709072424456828498e-01,8.624918072891616383e-01,8.540132179888757502e-01,8.455051618360182042e-01,8.369953822359492701e-01,8.285068684733760680e-01,8.200587971128581177e-01,8.116672784527010354e-01,8.033459496237757014e-01,7.951064467603091712e-01,7.869587815752305815e-01,7.789116421787070088e-01,7.709726337187048362e-01,7.631484711127275444e-01,7.554451335624432495e-01,7.478679885296973806e-01,7.404218912755375914e-01,7.331112648243683916e-01,7.259401642378408015e-01,7.189123283095015804e-01,7.120312211762164223e-01,7.053000658516429544e-01,6.987218712927457664e-01,6.922994542912254134e-01,6.860354572202012058e-01,6.799323624473018191e-01,6.739925040354501906e-01,6.682180771778877260e-01,6.626111456392745902e-01,6.571736472793434647e-01,6.519073974929501247e-01,6.468140900693747364e-01,6.418952944987550424e-01,6.371524480574149996e-01,6.325868399968679334e-01,6.281995837705869334e-01,6.239915714666679492e-01,6.199634025705181850e-01,6.161152761836774516e-01,6.124468233179266585e-01,6.089567581988863942e-01,6.056400426930158565e-01,6.025148741376428196e-01,5.995678465953749869e-01,5.968035758681808911e-01,5.942248895606672132e-01,5.918347607472878025e-01,5.896355765536089866e-01,5.876286940361804545e-01,5.858145012651980732e-01,5.841927682635639218e-01,5.827630071419303004e-01,5.815247071521461031e-01,5.804774425163240492e-01,5.796208992647414737e-01,5.789548641303507992e-01,5.784792014819982731e-01,5.781938312351195819e-01,5.780987120436074100e-01,5.781938312351151410e-01,5.784792014819982731e-01,5.789548641303498000e-01,5.796208992647416958e-01,5.804774425163216067e-01,5.815247071521459921e-01,5.827630071419300783e-01,5.841927682635654762e-01,5.858145012651996275e-01,5.876286940361771238e-01,5.896355765536107629e-01,5.918347607472892458e-01,5.942248895606661030e-01,5.968035758681828895e-01,5.995678465953754310e-01,6.025148741376420425e-01,6.056411237610574982e-01,6.089619901321681184e-01,6.124522652024517733e-01,6.161202740413715961e-01,6.199677691896998688e-01,6.239952896512723779e-01,6.282027035232421452e-01,6.325894342194238185e-01,6.371545926516711811e-01,6.418970598557438567e-01,6.468155380125827358e-01,6.519085807789002374e-01,6.571746102175867188e-01,6.626119251252375886e-01,6.682187038029240300e-01,6.739930031257482801e-01,6.799327549760820766e-01,6.860357605819423776e-01,6.922996829464993507e-01,6.987220372996103546e-01,7.053001793012289022e-01,7.120312905490804312e-01,7.189123607673049143e-01,7.259401658626676301e-01,7.331112408159006222e-01,7.404218461144574936e-01,7.478679261141135681e-01,7.554450573229676280e-01,7.631483841107096211e-01,7.709725387314478873e-01,7.789115417748319059e-01,7.869586781828673550e-01,7.951063427305483655e-01,8.033458472915047111e-01,8.116671801969030930e-01,8.200587054183786639e-01,8.285067859962526038e-01,8.369953118745440124e-01,8.455051068104757483e-01,8.540131819317955397e-01,8.624917943508905172e-01,8.709072574183381876e-01,8.792184339823362338e-01,8.873748245577842697e-01,8.953141376701471144e-01,9.029591989901341043e-01
9.727272727272727737e-01,9.008578946618243100e-01,8.932381150919507240e-01,8.853664392516245041e-01,8.773087456586760036e-01,8.691187843264396307e-01,8.608405844605511170e-01,8.525103744855628829e-01,8.441581127821612407e-01,8.358087086561558632e-01,8.274829971549141350e-01,8.191985183136912818e-01,8.109701409181785392e-01,8.028105625058866712e-01,7.947307107065715304e-01,7.867400657971276301e-01,7.788469202310784878e-01,7.710585876620512646e-01,7.633815714276473985e-01,7.558217004453868793e-01,7.483842388805097556e-01,7.410739746836870756e-01,7.338952910953131514e-01,7.268522244150297240e-01,7.199485106980164639e-01,7.131876235287365473e-01,7.065728046118424643e-01,7.001070885877433980e-01,6.937933232097138747e-01,6.876341857973320426e-01,6.816321966951172096e-01,6.757897303061064509e-01,6.701090241271320247e-01,6.645921860755082955e-01,6.592412002522765047e-01,6.540579311181180522e-01,6.490441258393618851e-01,6.442014142577678903e-01,6.395313054967872723e-01,6.350351795652954268e-01,6.307142713555068392e-01,6.265696430009741746e-01,6.226021383210891269e-01,6.188123086603134482e-01,6.152002849467851364e-01,6.117654793608903185e-01,6.085066636060953993e-01,6.054287805189610960e-01,6.025297937672788873e-01,5.998102388285058151e-01,5.972714795968452339e-01,5.949156459559205024e-01,5.927451957290981177e-01,5.907623062425971794e-01,5.889684405428492475e-01,5.873642695874254915e-01,5.859498646967223889e-01,5.847249679486552498e-01,5.836892085028003718e-01,5.828422286321539580e-01,5.821837375600060760e-01,5.817135234207311267e-01,5.814314467368071337e-01,5.813374295018552962e-01,5.814314467368071337e-01,5.817135234207300165e-01,5.821837375600041886e-01,5.828422286321559564e-01,5.836892085027999277e-01,5.847249679486538065e-01,5.859498646967229440e-01,5.873642695874254915e-01,5.889684405428500247e-01,5.907623062425979565e-01,5.927451957290987838e-01,5.949156459559212795e-01,5.972714795968457890e-01,5.998102388285044828e-01,6.025297937672807747e-01,6.054287805189622063e-01,6.085066636060955103e-01,6.117692388179425400e-01,6.152045646225430264e-01,6.188163515826908823e-01,6.226057300000568118e-01,6.265727410325915292e-01,6.307168996970190511e-01,6.350373866840439696e-01,6.395331460423562264e-01,6.442029410037247716e-01,6.490453864300942399e-01,6.540589670999060745e-01,6.592420471625207723e-01,6.645928739823929732e-01,6.701095783201377332e-01,6.757901719943888441e-01,6.816325436506223134e-01,6.876344529196678490e-01,6.937935230094852690e-01,7.001072315938959845e-01,7.065728997120848121e-01,7.131876782528138170e-01,7.199485314531822722e-01,7.268522166819423314e-01,7.338952595915507748e-01,7.410739235008545478e-01,7.483841716000251276e-01,7.558216202371519365e-01,7.633814811351051777e-01,7.710584898766482675e-01,7.788468173585758603e-01,7.867399601180811164e-01,7.947306044327949737e-01,8.028104578348134179e-01,8.109700400867190240e-01,8.191984236533577102e-01,8.274829111498815948e-01,8.358086340061203767e-01,8.441580524720749823e-01,8.525103318645407269e-01,8.608405633326513540e-01,8.691187890565027496e-01,8.773087812970159494e-01,8.853665116820615966e-01,8.932382312085995757e-01,9.008580625809927689e-01
9.765151515151515582e-01,8.989036603813882476e-01,8.913178054416319718e-01,8.835150499730131113e-01,8.755521993320420915e-01,8.674760722014913661e-01,8.593253938263177849e-01,8.511323279283473653e-01,8.429237140795637906e-01,8.347220664096911547e-01,8.265463796049274947e-01,8.184127795949875939e-01,8.103350491604053296e-01,8.023250528044466590e-01,7.943930804527563616e-01,7.865481256892364881e-01,7.787981111432287218e-01,7.711500711661241070e-01,7.636102999550642423e-01,7.561844716972700997e-01,7.488777380410048812e-01,7.416948071836566569e-01,7.346400080522625942e-01,7.277173423962360888e-01,7.209305270836866564e-01,7.142830284655259376e-01,7.077780903251474909e-01,7.014187566494831660e-01,6.952078902264132720e-01,6.891481878829026630e-01,6.832421930194019222e-01,6.774923059601278830e-01,6.719007925195187303e-01,6.664697910738476283e-01,6.612013183154069607e-01,6.560972737436391311e-01,6.511594427971437726e-01,6.463894983310500830e-01,6.417889998618525604e-01,6.373593895864385628e-01,6.331019835516100702e-01,6.290179553515889976e-01,6.251083079765249462e-01,6.213738254900367242e-01,6.178149821369320893e-01,6.144316725659539902e-01,6.112221493938084782e-01,6.081915317242760910e-01,6.053382610454760560e-01,6.026623043611234465e-01,6.001641674456298370e-01,5.978449586041256758e-01,5.957063596517369053e-01,5.937503560960779581e-01,5.919788213385952513e-01,5.903931689931434246e-01,5.889942225865468783e-01,5.877822922126785254e-01,5.867573493295263898e-01,5.859191986930352147e-01,5.852675998987920680e-01,5.848023357856982907e-01,5.845232432338408612e-01,5.844302233582888695e-01,5.845232432338421935e-01,5.848023357857008442e-01,5.852675998987929562e-01,5.859191986930362139e-01,5.867573493295260567e-01,5.877822922126786365e-01,5.889942225865476555e-01,5.903931689931452009e-01,5.919788213385964726e-01,5.937503560960772919e-01,5.957063596517393478e-01,5.978449586041229002e-01,6.001641674456326125e-01,6.026623043611220032e-01,6.053382610454746127e-01,6.081915317242752028e-01,6.112221493938089223e-01,6.144340849965269635e-01,6.178182933229716678e-01,6.213770910182946361e-01,6.251112749362489618e-01,6.290205549445624378e-01,6.331042165687881251e-01,6.373612843263399830e-01,6.417905940268219256e-01,6.463908308526938873e-01,6.511605502286170744e-01,6.560981888506995929e-01,6.612020697333473862e-01,6.664704034651304232e-01,6.719012869454530357e-01,6.774927003218114141e-01,6.832425024970946170e-01,6.891484253415268713e-01,6.952080665750655086e-01,7.014188811528824230e-01,7.077781708698307472e-01,7.142830717856750722e-01,7.209305389519513607e-01,7.277173277849231514e-01,7.346399712696510820e-01,7.416947519897388874e-01,7.488776677463376830e-01,7.561843892480937246e-01,7.636102080073989828e-01,7.711499721511863026e-01,7.787980073261838720e-01,7.865480192230386303e-01,7.943929734287280553e-01,8.023249473010675148e-01,8.103349472916816509e-01,8.184126835598933836e-01,8.265462917392806252e-01,8.347219892420191245e-01,8.429236503926426094e-01,8.511322808282710817e-01,8.593253668212325058e-01,8.674760692924795569e-01,8.755522251190043237e-01,8.835151097789069041e-01,8.913179054589226435e-01,8.989038078451051517e-01
9.803030303030304538e-01,8.970875646669871362e-01,8.895403091828802955e-01,8.818055133822096936e-01,8.739325977760444841e-01,8.659626828142248378e-01,8.579300899809385594e-01,8.498635745745618530e-01,8.417873345755427783e-01,8.337218344865281461e-01,8.256844772362476048e-01,8.176901518141130865e-01,8.097516795068979700e-01,8.018801775077931682e-01,7.940853552327294951e-01,7.863757558379725898e-01,7.787589531042689028e-01,7.712417119539861643e-01,7.638301193243739462e-01,7.565296908684896460e-01,7.493454579404428273e-01,7.422820384993054077e-01,7.353436948984982680e-01,7.285343809857208752e-01,7.218577804974797285e-01,7.153173383729085621e-01,7.089162863178126717e-01,7.026576637090706789e-01,6.965443347312481048e-01,6.905790024728469811e-01,6.847642205722651587e-01,6.791024028865362272e-01,6.735958315541187291e-01,6.682466637302643120e-01,6.630569371840866477e-01,6.580285748525150913e-01,6.531633883378467065e-01,6.484630801984958559e-01,6.439292446945309445e-01,6.395633663758170107e-01,6.353668154760556686e-01,6.313408383588056116e-01,6.274865398307488684e-01,6.238048502391334571e-01,6.202964522292248040e-01,6.169613313081341310e-01,6.137977093497810621e-01,6.108115381825722778e-01,6.080009425056420724e-01,6.053659355278601106e-01,6.029067477539707953e-01,6.006239093034542176e-01,5.985183573189022388e-01,5.965914313403901659e-01,5.948447081329381048e-01,5.932797315638423941e-01,5.918977631896213953e-01,5.906996554963593882e-01,5.896858643839821834e-01,5.888565478687594057e-01,5.882116863322358613e-01,5.877511830370830692e-01,5.874749320719591106e-01,5.873828574660988622e-01,5.874749320719574452e-01,5.877511830370847346e-01,5.882116863322345290e-01,5.888565478687596277e-01,5.896858643839828495e-01,5.906996554963607204e-01,5.918977631896196190e-01,5.932797315638415059e-01,5.948447081329356623e-01,5.965914313403896108e-01,5.985183573189022388e-01,6.006239093034508869e-01,6.029067477539724607e-01,6.053659355278598886e-01,6.080009425056434047e-01,6.108115381825737211e-01,6.137977093497810621e-01,6.169623095788452360e-01,6.202989652022604661e-01,6.238074867705443172e-01,6.274890030671570473e-01,6.313430355362749102e-01,6.353687282151977422e-01,6.395650068976436176e-01,6.439306373869891909e-01,6.484642531584811076e-01,6.531643694198461247e-01,6.580293899011658842e-01,6.630576093578838259e-01,6.682472133701888861e-01,6.735962763151123189e-01,6.791027579839467032e-01,6.847644990663361853e-01,6.905792155521051079e-01,6.965444919762693310e-01,7.026577733291127226e-01,7.089163553585923205e-01,7.153173728967551215e-01,7.218577857384183005e-01,7.285343614825692260e-01,7.353436546090440507e-01,7.422819808984920664e-01,7.493453861052077336e-01,7.565296075515791641e-01,7.638300270192528441e-01,7.712416129525954123e-01,7.787588495493280583e-01,7.863756497711844595e-01,7.940852486402792954e-01,8.018800723643277895e-01,8.097515778191995972e-01,8.176900556656219177e-01,8.256843888336294901e-01,8.337217562095887713e-01,8.417872690318045636e-01,8.498635246600337867e-01,8.579300589487748319e-01,8.659626743531551041e-01,8.739326161007542337e-01,8.818055633380866842e-01,8.895403963678240045e-01,8.970876955731640345e-01
9.840909090909091272e-01,8.954002033252536075e-01,8.878933942943368907e-01,8.802240566991319515e-01,8.724355211914700536e-01,8.645641631766012303e-01,8.566406013646664652e-01,8.486906972304597563e-01,8.407363838067584139e-01,8.327963503701822923e-01,8.248866066447479994e-01,8.170209469357359033e-01,8.092113315104553228e-01,8.014681997415550319e-01,7.938007270857595499e-01,7.862170358872008213e-01,7.787243682437234860e-01,7.713292277165967326e-01,7.640374954588200485e-01,7.568545253438152542e-01,7.497852218606259056e-01,7.428341038719841194e-01,7.360053567826527754e-01,7.293028752148207339e-01,7.227302979175435071e-01,7.162910363331627117e-01,7.099882979930850491e-01,7.038251057087233642e-01,6.978043133518820884e-01,6.919286188763693612e-01,6.862005751128599229e-01,6.806225987673197864e-01,6.751969779652494674e-01,6.699258786050643621e-01,6.648113497097586366e-01,6.598553278912573372e-01,6.550596409593166802e-01,6.504260106068585623e-01,6.459560539700608395e-01,6.416512836663896824e-01,6.375131055972266259e-01,6.335428132069547136e-01,6.297415754685019573e-01,6.261104109209891799e-01,6.226501085662830004e-01,6.193588407237812232e-01,6.162406513600339197e-01,6.132963243009190712e-01,6.105256483769379017e-01,6.079288150262061041e-01,6.055060661657353238e-01,6.032577457750570860e-01,6.011843986221696579e-01,5.992868443527927802e-01,5.975661722149465671e-01,5.960236354748132959e-01,5.946604796411492089e-01,5.934777761708068811e-01,5.924763238646780783e-01,5.916566362279515046e-01,5.910189917533201776e-01,5.905635097542281109e-01,5.902902223230840351e-01,5.901991278276811359e-01,5.902902223230860335e-01,5.905635097542252243e-01,5.910189917533206216e-01,5.916566362279505054e-01,5.924763238646780783e-01,5.934777761708064370e-01,5.946604796411489868e-01,5.960236354748134069e-01,5.975661722149482324e-01,5.992868443527888944e-01,6.011843986221667713e-01,6.032577457750579741e-01,6.055060661657352128e-01,6.079288150262067703e-01,6.105256483769379017e-01,6.132963243009199594e-01,6.162406513600359181e-01,6.193588407237820004e-01,6.226519547614433048e-01,6.261125362857656862e-01,6.297436301034730066e-01,6.335446829824948889e-01,6.375147565787837589e-01,6.416527153842147557e-01,6.459572803707380739e-01,6.504270512771979096e-01,6.550605168858679717e-01,6.598560594162461435e-01,6.648119556039013833e-01,6.699263757195391689e-01,6.751973811823784866e-01,6.806229210995508039e-01,6.862008278687484752e-01,6.919288118496238482e-01,6.978044550104623989e-01,7.038252033725432844e-01,7.099883579953369939e-01,7.162910641638404741e-01,7.227302983496041167e-01,7.293028524143557734e-01,7.360053144048697149e-01,7.428340451448307569e-01,7.497851496579259756e-01,7.568544422496057411e-01,7.640374038244345245e-01,7.713291297119577727e-01,7.787242659040628512e-01,7.862169311564396468e-01,7.938006218575861528e-01,8.014680958992664861e-01,8.092112309665081549e-01,8.170208516720405267e-01,8.248865187546561284e-01,8.327962721032542426e-01,8.407363176173830999e-01,8.486906458316049173e-01,8.566405677879906921e-01,8.645641508404575681e-01,8.724355339783846919e-01,8.802240990444341051e-01,8.878934712877544211e-01,8.954003208272269809e-01
9.878787878787880228e-01,8.938322192281128453e-01,8.863656959837686866e-01,8.787582718248097002e-01,8.710481909061910111e-01,8.632678276603366063e-01,8.554446490908653722e-01,8.476020300841152766e-01,8.397599386522432985e-01,8.319355086396185150e-01,8.241435164817816350e-01,8.163967769653618367e-01,8.087064710698580461e-01,8.010824171260496618e-01,7.935332948216520244e-01,7.860668300722090107e-01,7.786899474647392960e-01,7.714088958641449612e-01,7.642293518297483823e-01,7.571565046994300774e-01,7.501951265406356928e-01,7.433496296202525278e-01,7.366241135914226579e-01,7.300224042192817731e-01,7.235480851556851389e-01,7.172045240146187606e-01,7.109948937853317608e-01,7.049221904419344931e-01,6.989892474593456528e-01,6.931987478211187881e-01,6.875532339997073583e-01,6.820551163006299822e-01,6.767066798849221687e-01,6.715100907159082810e-01,6.664674006131802164e-01,6.615805515347895627e-01,6.568513791424919201e-01,6.522816156269850563e-01,6.478728916666753879e-01,6.436267372379494978e-01,6.395445807206739941e-01,6.356277451475470519e-01,6.318774387223341504e-01,6.282947292643502601e-01,6.248804255995811241e-01,6.216324137456463728e-01,6.185563707594999849e-01,6.156517048414168469e-01,6.129186619870459207e-01,6.103576020931271717e-01,6.079688643920057034e-01,6.057527942760890793e-01,6.037098074699464023e-01,6.018404593542118208e-01,6.001454878645646751e-01,5.986258029719411233e-01,5.972824152249563978e-01,5.961163263841914306e-01,5.951284229384403712e-01,5.943194079636158200e-01,5.936897836474844814e-01,5.932398739945636823e-01,5.929698667462610651e-01,5.928798551092950841e-01,5.929698667462627304e-01,5.932398739945634603e-01,5.936897836474835932e-01,5.943194079636151539e-01,5.951284229384395941e-01,5.961163263841919857e-01,5.972824152249569529e-01,5.986258029719419005e-01,6.001454878645641200e-01,6.018404593542101555e-01,6.037098074699467354e-01,6.057527942760884132e-01,6.079688643920065916e-01,6.103576020931283930e-01,6.129186619870463648e-01,6.156517048414158477e-01,6.185563707595000960e-01,6.216324137456462617e-01,6.248816886347003940e-01,6.282964341515140383e-01,6.318791587132287502e-01,6.356293460098202397e-01,6.395460157229028164e-01,6.436279958284707448e-01,6.478739795484663722e-01,6.522825456481647910e-01,6.568521668168905148e-01,6.615812127866923520e-01,6.664679506620591054e-01,6.715105435658352828e-01,6.767070481385581981e-01,6.820554111456625934e-01,6.875534652834072169e-01,6.931989241658579326e-01,6.989893763929000414e-01,7.049222785283234538e-01,7.109949467488740904e-01,7.172045468537723290e-01,7.235480822455966354e-01,7.300223794030924473e-01,7.366240702611298596e-01,7.433495707881808690e-01,7.501950549027252002e-01,7.571564226915111773e-01,7.642292616779950976e-01,7.714087996307634754e-01,7.786898470899042968e-01,7.860667274132471238e-01,7.935331916902654825e-01,8.010823153245429928e-01,8.087063724271021936e-01,8.163966833733763417e-01,8.241434299337472291e-01,8.319354312701767729e-01,8.397598727810186015e-01,8.476019782634003352e-01,8.554446141584972629e-01,8.632678127988814287e-01,8.710481997095649298e-01,8.787583083734945566e-01,8.863657649296983188e-01,8.938323258900792156e-01
9.916666666666666963e-01,8.923784534805834223e-01,8.849508879934421257e-01,8.774014017879295801e-01,8.697639341741205676e-01,8.620674422445222529e-01,8.543366763048706458e-01,8.465928480337737705e-01,8.388541999067554711e-01,8.311364867333514983e-01,8.234533806092027008e-01,8.158168100696288061e-01,8.082372432603130985e-01,8.007239238018620808e-01,7.932850668765385471e-01,7.859280219873154838e-01,7.786594078683329867e-01,7.714852241732657046e-01,7.644109438319443006e-01,7.574415893372467012e-01,7.505817956920945999e-01,7.438358622978713530e-01,7.372077956892808537e-01,7.307013447051100563e-01,7.243200294207977619e-01,7.180671649478009844e-01,7.119458810203983523e-01,7.059591381358625295e-01,7.001097408843414138e-01,6.944003489956254160e-01,6.888334865376984917e-01,6.834115496232210374e-01,6.781368129122101740e-01,6.730114351390581451e-01,6.680374638372291729e-01,6.632168393819661834e-01,6.585513984156986522e-01,6.540428766559299723e-01,6.496929109975200234e-01,6.455030406809709742e-01,6.414747070229489534e-01,6.376092505144875799e-01,6.339079017429959384e-01,6.303717503064477645e-01,6.270014971246233859e-01,6.237954681749262598e-01,6.207595585175307296e-01,6.178927224776117333e-01,6.151954342438552548e-01,6.126681818988753969e-01,6.103114050645835897e-01,6.081255087085331024e-01,6.061109016300639807e-01,6.042680451857801449e-01,6.025974971456137252e-01,6.010999324516212994e-01,5.997761281533656730e-01,5.986269124549258303e-01,5.976530935304287251e-01,5.968553916484719002e-01,5.962343936731755445e-01,5.957905363175790558e-01,5.955241121918000147e-01,5.954352864658171152e-01,5.955241121918000147e-01,5.957905363175797220e-01,5.962343936731760996e-01,5.968553916484710120e-01,5.976530935304293912e-01,5.986269124549272735e-01,5.997761281533680044e-01,6.010999324516206332e-01,6.025974971456123930e-01,6.042680451857798118e-01,6.061109016300619823e-01,6.081255087085347677e-01,6.103114050645837008e-01,6.126681818988746198e-01,6.151954342438529233e-01,6.178927224776115112e-01,6.207595585175315067e-01,6.237954681749237063e-01,6.270021762634927498e-01,6.303731023139989009e-01,6.339093441023565534e-01,6.376106279736525329e-01,6.414759618832884813e-01,6.455041542258163068e-01,6.496938823341034119e-01,6.540437132331237136e-01,6.585521113365880863e-01,6.632174409837733320e-01,6.680379664334543666e-01,6.730118503858381063e-01,6.781371515180716347e-01,6.834118212487833022e-01,6.888336997990378574e-01,6.944005115219170632e-01,7.001098594013945853e-01,7.059592185593390745e-01,7.119459285496280154e-01,7.180671841553902812e-01,7.243200243356821000e-01,7.307013188881975596e-01,7.372077523016574707e-01,7.438358041620175554e-01,7.505817253468028971e-01,7.574415090870338929e-01,7.644108557917617119e-01,7.714851303093730461e-01,7.786593100360686970e-01,7.859279219665797900e-01,7.932849664056828010e-01,8.007238246106884727e-01,8.082371471029071719e-01,8.158167187576799151e-01,8.234532960465199558e-01,8.311364109522894061e-01,8.388541351072691388e-01,8.465927966259072512e-01,8.543366409553942997e-01,8.620674259286134067e-01,8.697639402327892455e-01,8.774014339919521399e-01,8.849509506142918536e-01,8.923785513685245085e-01
9.954545454545455918e-01,8.910316210624097399e-01,8.836407638341219339e-01,8.761448804648059863e-01,8.685742202222271890e-01,8.609547850324099638e-01,8.533089551619511548e-01,8.456560383004555481e-01,8.380127444042156926e-01,8.303935921402719744e-01,8.228112542101690963e-01,8.152768491320443456e-01,8.078001867494996047e-01,8.003899741271912616e-01,7.930539877667486248e-01,7.857992173328445240e-01,7.786319853725399698e-01,7.715580468666539682e-01,7.645826718800085020e-01,7.577107140782660677e-01,7.509466674489655436e-01,7.442947131962560636e-01,7.377587584660550979e-01,7.313424682932618826e-01,7.250492919387323543e-01,7.188824845948639242e-01,7.128451252791834225e-01,7.069401316011565406e-01,7.011702719738174272e-01,6.955381757458746206e-01,6.900463416484172718e-01,6.846971448803494953e-01,6.794928430965572197e-01,6.744355815093299178e-01,6.695273972651348826e-01,6.647702232123293697e-01,6.601658911265153584e-01,6.557161344026617433e-01,6.514225901417887155e-01,6.472868004192322555e-01,6.433102122133501632e-01,6.394941745993322213e-01,6.358399284202218560e-01,6.323485621254036904e-01,6.290193749955881319e-01,6.258552333938577350e-01,6.228577740165666121e-01,6.200271798861101136e-01,6.173640567701894621e-01,6.148689833548257599e-01,6.125424796222695978e-01,6.103850146223026574e-01,6.083970298635922314e-01,6.065789715196706622e-01,6.049313238868176956e-01,6.034546343473075058e-01,6.021495197188120319e-01,6.010166487088366427e-01,6.000567035257737825e-01,5.992703314627768618e-01,5.986580998972513834e-01,5.982204644411602823e-01,5.979577528097769212e-01,5.978701606523607603e-01,5.979577528097760331e-01,5.982204644411609484e-01,5.986580998972500511e-01,5.992703314627807476e-01,6.000567035257735604e-01,6.010166487088366427e-01,6.021495197188122539e-01,6.034546343473077279e-01,6.049313238868195830e-01,6.065789715196723275e-01,6.083970298635927865e-01,6.103850146223016582e-01,6.125424796222689316e-01,6.148689833548264261e-01,6.173640567701899062e-01,6.200271798861117789e-01,6.228577740165688326e-01,6.258552333938588452e-01,6.290193749955873548e-01,6.323496090855533769e-01,6.358411370134827711e-01,6.394953642836894714e-01,6.433113152494562836e-01,6.472877912669490197e-01,6.514234625294973435e-01,6.557168913899382723e-01,6.601665402166335683e-01,6.647707737962614827e-01,6.695278592525092387e-01,6.744359645999697950e-01,6.794931564096491350e-01,6.846973967865215283e-01,6.900465397170580939e-01,6.955383267567263328e-01,7.011703819629249157e-01,7.069402059235905256e-01,7.128451686781189789e-01,7.188825012711761442e-01,7.250492856178450962e-01,7.313424422876539932e-01,7.377587157327986089e-01,7.442946563895003198e-01,7.509465989677176490e-01,7.577106361098595588e-01,7.645825864398740901e-01,7.715579558349728861e-01,7.786318905283751146e-01,7.857991203863831098e-01,7.930538903901984682e-01,8.003898779849835110e-01,8.078000935283186079e-01,8.152767605712676335e-01,8.228111721332996842e-01,8.303935184879590592e-01,8.380126812694153049e-01,8.456559879663779755e-01,8.533089201433372573e-01,8.609547681207433412e-01,8.685742245353184066e-01,8.761449095011637489e-01,8.836408215321295279e-01,8.910317118639626832e-01
9.992424242424242653e-01,8.897773790306745534e-01,8.824199316356792222e-01,8.749727066669235054e-01,8.674627517451410919e-01,8.599134833357922059e-01,8.523451907637102920e-01,8.447754876828361681e-01,8.372197087347151845e-01,8.296912534209935908e-01,8.222018813641196466e-01,8.147619640280757691e-01,8.073806981550742945e-01,8.000662859683440598e-01,7.928260867895796649e-01,7.856667442368442389e-01,7.785942926696780564e-01,7.716142460698162120e-01,7.647316721056984790e-01,7.579512537345396428e-01,7.512773403488077761e-01,7.447139901720836175e-01,7.382650053491013331e-01,7.319339609515825851e-01,7.257242289311943706e-01,7.196389978886494898e-01,7.136812893901964827e-01,7.078539714456096865e-01,7.021597696622426943e-01,6.966012765049788280e-01,6.911809590195107100e-01,6.859011653142897957e-01,6.807641300424298603e-01,6.757719790772979129e-01,6.709267335320269199e-01,6.662303132312774601e-01,6.616845396994344153e-01,6.572911386752552376e-01,6.530517420822237185e-01,6.489678892314151293e-01,6.450410266647349511e-01,6.412725048876837253e-01,6.376635651506047386e-01,6.342152683518942347e-01,6.309266013016097130e-01,6.278019070840614724e-01,6.248413723827044297e-01,6.220455772271334949e-01,6.194152077091156228e-01,6.169509045866762298e-01,6.146532464449777633e-01,6.125227547923030036e-01,6.105599090075909396e-01,6.087651676376790721e-01,6.071389923488330620e-01,6.056818689708941550e-01,6.043943191883368593e-01,6.032768977548501610e-01,6.023301740188286013e-01,6.015547015490564364e-01,6.009509832148735020e-01,6.005194393822076426e-01,6.002603841497364812e-01,6.001740107103834543e-01,6.002603841497385906e-01,6.005194393822067545e-01,6.009509832148742792e-01,6.015547015490533278e-01,6.023301740188262698e-01,6.032768977548478295e-01,6.043943191883344168e-01,6.056818689708951542e-01,6.071389923488323959e-01,6.087651676376786281e-01,6.105599090075930491e-01,6.125227547923034477e-01,6.146532464449783184e-01,6.169509045866762298e-01,6.194152077091177322e-01,6.220455772271348271e-01,6.248413723827069832e-01,6.278019070840611393e-01,6.309266013016104901e-01,6.342160386856861010e-01,6.376645735790106295e-01,6.412735349233436022e-01,6.450420005327188733e-01,6.489687754309810819e-01,6.530525298428779823e-01,6.572918274254394566e-01,6.616851339635509976e-01,6.662308199515766249e-01,6.709271606085125406e-01,6.757723345640256341e-01,6.807644217131215703e-01,6.859014004408776621e-01,6.911811442747183287e-01,6.966014179368529291e-01,7.021598727096223236e-01,7.078540409758257157e-01,7.136813297477507811e-01,7.196390129481388120e-01,7.257242221505880719e-01,7.319339354236331641e-01,7.382649638497903455e-01,7.447139352056714179e-01,7.512772741894276907e-01,7.579511784645591721e-01,7.647315896511637234e-01,7.716141582334101745e-01,7.785942011616536762e-01,7.856666507043875702e-01,7.928259928450933636e-01,8.000661932171186930e-01,8.073806082228516257e-01,8.147618785889132464e-01,8.222018021691166467e-01,8.296911823282800968e-01,8.372196477412114923e-01,8.447754389582299295e-01,8.523451566870543505e-01,8.599134665351332307e-01,8.674627551403895076e-01,8.749727335160356612e-01,8.824199855838826823e-01,8.897774641619133895e-01
1.003030303030303161e+00,8.885995299032168893e-01,8.812712087602913025e-01,8.738670608581996513e-01,8.664113226795686629e-01,8.589251229176648739e-01,8.514268861469972416e-01,8.439327031627847919e-01,8.364566621722570039e-01,8.290111398991710789e-01,8.216070543350048050e-01,8.142540822174462178e-01,8.069608448778147203e-01,7.997350662047263414e-01,7.925837063239818958e-01,7.855130743178270203e-01,7.785289229740505190e-01,7.716365282104626910e-01,7.648407554871117231e-01,7.581461152100535950e-01,7.515568088520966361e-01,7.450767672690711274e-01,7.387096824740363443e-01,7.324590339439349673e-01,7.263281103712644349e-01,7.203200276338068697e-01,7.144377436360780376e-01,7.086840705738595148e-01,7.030616850855594402e-01,6.975731366793473942e-01,6.922208547604861151e-01,6.870071545278833014e-01,6.819342419603110494e-01,6.770042180700326373e-01,6.722190825619654975e-01,6.675807369983990380e-01,6.630909875277680721e-01,6.587515471830873715e-01,6.545640376708142805e-01,6.505299903967781683e-01,6.466508460162919691e-01,6.429279502102237531e-01,6.393625354348546619e-01,6.359555859791771182e-01,6.327062896607786868e-01,6.296192517825581758e-01,6.266941896714977034e-01,6.239318254802187491e-01,6.213328954388410708e-01,6.188980818800956518e-01,6.166280042008445150e-01,6.145232225488278521e-01,6.125842479969525467e-01,6.108115571492933604e-01,6.092056091132536100e-01,6.077668616796567669e-01,6.064957826454028256e-01,6.053928524187282001e-01,6.044585557984926139e-01,6.036933637015112764e-01,6.030977084183473114e-01,6.026719574131513824e-01,6.024163902411970861e-01,6.023311814214288296e-01,6.024163902411956428e-01,6.026719574131511603e-01,6.030977084183486436e-01,6.036933637015126086e-01,6.044585557984908375e-01,6.053928524187279780e-01,6.064957826454010492e-01,6.077668616796563228e-01,6.092056091132524998e-01,6.108115571492964690e-01,6.125842479969514365e-01,6.145232225488296285e-01,6.166280042008459583e-01,6.188980818800963180e-01,6.213328954388416259e-01,6.239318254802193042e-01,6.266941896714983695e-01,6.296192517825589530e-01,6.327062896607785758e-01,6.359560794800301897e-01,6.393633688879279964e-01,6.429288428579115200e-01,6.466517089785708272e-01,6.505307866619748358e-01,6.545647525824830337e-01,6.587521771021114247e-01,6.630915344748281592e-01,6.675812058546940486e-01,6.722194795292326663e-01,6.770045498045945687e-01,6.819345150871453098e-01,6.870073753759162738e-01,6.922210292288952793e-01,6.975732701818734283e-01,7.030617825409254396e-01,7.086841364227725037e-01,7.144377818728926410e-01,7.203200418454651643e-01,7.263281037790987327e-01,7.324590094456255862e-01,7.387096426842986174e-01,7.450767145582875006e-01,7.515567453825677813e-01,7.581460429698937409e-01,7.648406763219136595e-01,7.716364438530229908e-01,7.785288350724435258e-01,7.855129844622462665e-01,7.925836160726672519e-01,7.997349771094113269e-01,8.069607585090574631e-01,8.142540001902347502e-01,8.216069783350447020e-01,8.290110717102036064e-01,8.364566037048197789e-01,8.439326564846932888e-01,8.514268535158699969e-01,8.589251068156932289e-01,8.664113258505761195e-01,8.738670863467834504e-01,8.812712599525711621e-01,8.885996105679211388e-01
1.006818181818181834e+00,8.874967632998049805e-01,8.801933036709730374e-01,8.728269483911060833e-01,8.654194315824000894e-01,8.579898308729153600e-01,8.505548868272755358e-01,8.431293047456210887e-01,8.357260301989772877e-01,8.283564949956877532e-01,8.210308333485738519e-01,8.137580697086744808e-01,8.065462805884009434e-01,7.994027330488451266e-01,7.923340025821010713e-01,7.853460730084207420e-01,7.784444208105353313e-01,7.716340860917191291e-01,7.649197320992862092e-01,7.583056950179506428e-01,7.517960255163845806e-01,7.453945233296054296e-01,7.391047659810430215e-01,7.329301325902102260e-01,7.268738235741972753e-01,7.209388769313316292e-01,7.151281816918005907e-01,7.094444890306648155e-01,7.038904214615153698e-01,6.984684804628111809e-01,6.931810528314368280e-01,6.880304160084141918e-01,6.830187425779562505e-01,6.781481041023450507e-01,6.734204744190087633e-01,6.688377324905573351e-01,6.644016648588895180e-01,6.601139677005162243e-01,6.559762483877266126e-01,6.519900262537473568e-01,6.481567316711438487e-01,6.444777003189919862e-01,6.409541463905309433e-01,6.375864546261217347e-01,6.343757426492723228e-01,6.313248745537959339e-01,6.284339515328187797e-01,6.257037647596888075e-01,6.231350819497967208e-01,6.207286129889686421e-01,6.184850049248379333e-01,6.164048450483029518e-01,6.144886682078966045e-01,6.127369672025979597e-01,6.111502050219531634e-01,6.097288270080853945e-01,6.084732703348475491e-01,6.073839680734066659e-01,6.064613458977778926e-01,6.057058111224613572e-01,6.051177357090796738e-01,6.046974363498420768e-01,6.044451551896109498e-01,6.043610442030048491e-01,6.044451551896102837e-01,6.046974363498446303e-01,6.051177357090776754e-01,6.057058111224614683e-01,6.064613458977776705e-01,6.073839680734063329e-01,6.084732703348485483e-01,6.097288270080856165e-01,6.111502050219557169e-01,6.127369672025977376e-01,6.144886682078942730e-01,6.164048450483055053e-01,6.184850049248370452e-01,6.207286129889691972e-01,6.231350819497967208e-01,6.257037647596881413e-01,6.284339515328194459e-01,6.313248745537933804e-01,6.343757426492714346e-01,6.375864546261205135e-01,6.409548223563638070e-01,6.444784728570035481e-01,6.481574982328027756e-01,6.519907443941856950e-01,6.559768999657871191e-01,6.601145464224996706e-01,6.644021706037188668e-01,6.688381683797284261e-01,6.734208452012863111e-01,6.781484152337029503e-01,6.830189996924627138e-01,6.880306246177662066e-01,6.931812181613438151e-01,6.984686073722914390e-01,7.038905144124597557e-01,7.094445520875257705e-01,7.151282185389231660e-01,7.209388909000391532e-01,7.268738176747939761e-01,7.329301095458429227e-01,7.391047282616890479e-01,7.453944731851198657e-01,7.517959650081041945e-01,7.583056260486670253e-01,7.649196564415747801e-01,7.716340054147956540e-01,7.784443367058054841e-01,7.853459870140410137e-01,7.923339162068240293e-01,7.994026477954486731e-01,8.065461979770259804e-01,8.137579913004007182e-01,8.210307607695246368e-01,8.283564299619938787e-01,8.357259745428191611e-01,8.431292604426626758e-01,8.505548560255871138e-01,8.579898159234916610e-01,8.654194350711453820e-01,8.728269731719280333e-01,8.801933528991597866e-01,8.874968404642737951e-01
1.010606060606060730e+00,8.864667731704046760e-01,8.791839085336722315e-01,8.718502797816800598e-01,8.644853635087456079e-01,8.571063750783128876e-01,8.497285159425834733e-01,8.423652165098438616e-01,8.350283635969877327e-01,8.277285072052951165e-01,8.204750447623021525e-01,8.132763829533654620e-01,8.061400783644588897e-01,7.990729587108806875e-01,7.920812266494240417e-01,7.851705481974454726e-01,7.783461276966127107e-01,7.716127711146087975e-01,7.649749393071191284e-01,7.584367926851868225e-01,7.520022285606526857e-01,7.456749122809763763e-01,7.394583031178909582e-01,7.333556757423532746e-01,7.273701380013940510e-01,7.215046456098176408e-01,7.157620142798477580e-01,7.101449297338537914e-01,7.046559559773861725e-01,6.992975421509726175e-01,6.940720282279250197e-01,6.889816497809837514e-01,6.840285420010081552e-01,6.792147431158300774e-01,6.745421973240216529e-01,6.700127573248382262e-01,6.656281864864461717e-01,6.613901606382652787e-01,6.573002693683794861e-01,6.533600164560344759e-01,6.495708182941577480e-01,6.459339959033534306e-01,6.424507327061030892e-01,6.391207740812868687e-01,6.359474128262692094e-01,6.329313634395953292e-01,6.300733371840676611e-01,6.273741621166997184e-01,6.248346254835510649e-01,6.224554548109224594e-01,6.202373154180468307e-01,6.181808130178595428e-01,6.162864992456930091e-01,6.145548793446178326e-01,6.129864212190130335e-01,6.115815646169409092e-01,6.103407287173505669e-01,6.092643162077419072e-01,6.083527122978212853e-01,6.076062780720133949e-01,6.070253388954184315e-01,6.066101697996216791e-01,6.063609804638098177e-01,6.062779024073839951e-01,6.063609804638071532e-01,6.066101697996213460e-01,6.070253388954185425e-01,6.076062780720111745e-01,6.083527122978212853e-01,6.092643162077456820e-01,6.103407287173506779e-01,6.115815646169406872e-01,6.129864212190109241e-01,6.145548793446183877e-01,6.162864992456907887e-01,6.181808130178602090e-01,6.202373154180448322e-01,6.224554548109217933e-01,6.248346254835515090e-01,6.273741621167010507e-01,6.300733371840672170e-01,6.329313634395924426e-01,6.359474128262668779e-01,6.391207740812870908e-01,6.424512609345505165e-01,6.459346616237027217e-01,6.495715000402018102e-01,6.533606660369165597e-01,6.573008653811713842e-01,6.613906944290538492e-01,6.656286560669472108e-01,6.700131642918533137e-01,6.745425451678694895e-01,6.792150362505035011e-01,6.840287851974863331e-01,6.889818478363823884e-01,6.940721857766830594e-01,6.992976635631196203e-01,7.046560453105243926e-01,7.101449907181823784e-01,7.157620503233050879e-01,7.215046598150115509e-01,7.273701331891657684e-01,7.333556544786561382e-01,7.394582677419373473e-01,7.456748649333967416e-01,7.520021712110258605e-01,7.584367271585377157e-01,7.649748673093058615e-01,7.716126942566038371e-01,7.783460475177910176e-01,7.851704661881246938e-01,7.920811442728028506e-01,7.990728774246527166e-01,8.061399996423787018e-01,8.132763083069604049e-01,8.204749757630412921e-01,8.277284455074070957e-01,8.350283109611076338e-01,8.423651748277150020e-01,8.497284872627971497e-01,8.571063616330716339e-01,8.644853677414141568e-01,8.718503043745607917e-01,8.791839564350170111e-01,8.864668476190399327e-01
1.014393939393939403e+00,8.855116707629945294e-01,8.782454101240633193e-01,8.709398929066207717e-01,8.636125309078418466e-01,8.562788267143840448e-01,8.489525579388926824e-01,8.416459684240967798e-01,8.343699534167033915e-01,8.271342317608080252e-01,8.199475018581037222e-01,8.128175803692200274e-01,8.057515239340761193e-01,7.987557349136705787e-01,7.918360525194905186e-01,7.849978308389734538e-01,7.782460052747115498e-01,7.715851488483227438e-01,7.650195197122064972e-01,7.585531010867002655e-01,7.521896347095787805e-01,7.459326487577051523e-01,7.397854810813073723e-01,7.337512984820704354e-01,7.278331126676850227e-01,7.220337934278944214e-01,7.163560794994772163e-01,7.108025875195748133e-01,7.053758194072133891e-01,7.000781684607669808e-01,6.949119244134834839e-01,6.898792776493605228e-01,6.849823227458333719e-01,6.802230614776969553e-01,6.756034053856811994e-01,6.711251779811259199e-01,6.667901166187966133e-01,6.625998740091453287e-01,6.585560192199206853e-01,6.546600377034275109e-01,6.509133288396796724e-01,6.473171945471377642e-01,6.438727650221198751e-01,6.405797958345750276e-01,6.374419782102912491e-01,6.344595201085920788e-01,6.316332509016377994e-01,6.289640188174255853e-01,6.264526225412406779e-01,6.240998004673512511e-01,6.219062295547175268e-01,6.198725276160053088e-01,6.179992576624147027e-01,6.162869337850764850e-01,6.147360280363882712e-01,6.133469774727340340e-01,6.121201901775467080e-01,6.110560489096037440e-01,6.101549111930524294e-01,6.094171052511914155e-01,6.088429220775570805e-01,6.084326048690422706e-01,6.081863377115308555e-01,6.081042356131450832e-01,6.081863377115299674e-01,6.084326048690417155e-01,6.088429220775570805e-01,6.094171052511857534e-01,6.101549111930518743e-01,6.110560489096038550e-01,6.121201901775474852e-01,6.133469774727356993e-01,6.147360280363872720e-01,6.162869337850752638e-01,6.179992576624163680e-01,6.198725276160037545e-01,6.219062295547167496e-01,6.240998004673516952e-01,6.264526225412423432e-01,6.289640188174249191e-01,6.316332509016346908e-01,6.344595201085948544e-01,6.374419782102942467e-01,6.405797958345722520e-01,6.438731444378591462e-01,6.473177633125820618e-01,6.509139349588616286e-01,6.546606264516521279e-01,6.585565659958912965e-01,6.626003679974770133e-01,6.667905541699232774e-01,6.711255593503248074e-01,6.756037329594459795e-01,6.802233387555666200e-01,6.849825537395735076e-01,6.898794665255147951e-01,6.949120752829173187e-01,7.000782852589126914e-01,7.053759058310442587e-01,7.108026470000680108e-01,7.163561151962489770e-01,7.220338082373704003e-01,7.278331092393554025e-01,7.337512792392542060e-01,7.397854482441750257e-01,7.459326043671536954e-01,7.521895806511443849e-01,7.585530391139719830e-01,7.650194514695639603e-01,7.715850758929242437e-01,7.782459290977616906e-01,7.849977528863985032e-01,7.918359742121732214e-01,7.987556576674239572e-01,8.057514491795763067e-01,8.128175095720477916e-01,8.199474365391490327e-01,8.271341735171520160e-01,8.343699039431299314e-01,8.416459295353208026e-01,8.489525315924684179e-01,8.562788150341463789e-01,8.636125362075175449e-01,8.709399177129445446e-01,8.782454571982298841e-01,8.855117431185930421e-01
1.018181818181818299e+00,8.846168221419895561e-01,8.773625499034947151e-01,8.700800595377020663e-01,8.627848512421796290e-01,8.554908346043409439e-01,8.482104563732643099e-01,8.409548454539522711e-01,8.337339602372063618e-01,8.265567297839834238e-01,8.194311843645043503e-01,8.123645733079277731e-01,8.053634696085076872e-01,7.984338616108060949e-01,7.915812325847566555e-01,7.848106292453733701e-01,7.781267203643357222e-01,7.715338466214806123e-01,7.650360627921158896e-01,7.586371732851323602e-01,7.523407619532649360e-01,7.461502169995660738e-01,7.400687517092920942e-01,7.340994216470844158e-01,7.282451388770165845e-01,7.225086836889339503e-01,7.168927142477362624e-01,7.113997745233078263e-01,7.060323008064864903e-01,7.007926270705904237e-01,6.956829893973411894e-01,6.907055296502360164e-01,6.858622985461902966e-01,6.811552582467146344e-01,6.765862845610529641e-01,6.721571688225272956e-01,6.678696194589415214e-01,6.637252632107083494e-01,6.597256458058130546e-01,6.558722315002464276e-01,6.521663994376154516e-01,6.486094268849494915e-01,6.452023220439040418e-01,6.419451921283914064e-01,6.388415508337188520e-01,6.358914702464392166e-01,6.330958274741469438e-01,6.304554805849096333e-01,6.279712337911732556e-01,6.256438310998372332e-01,6.234739559771512729e-01,6.214622333899574302e-01,6.196092333281446596e-01,6.179154754428509699e-01,6.163814344174274318e-01,6.150075454793424434e-01,6.137942092178279019e-01,6.127417947318231084e-01,6.118506402195827976e-01,6.111210504977312441e-01,6.105532915563099960e-01,6.101475829554727781e-01,6.099040894332022900e-01,6.098229133454039497e-01,6.099040894332031781e-01,6.101475829554732222e-01,6.105532915563088858e-01,6.111210504977331315e-01,6.118506402195826865e-01,6.127417947318239966e-01,6.137942092178276798e-01,6.150075454793427765e-01,6.163814344174278759e-01,6.179154754428501928e-01,6.196092333281461029e-01,6.214622333899570972e-01,6.234739559771513839e-01,6.256438310998407859e-01,6.279712337911745879e-01,6.304554805849122978e-01,6.330958274741479430e-01,6.358914702464402158e-01,6.388415508337199622e-01,6.419451921283921836e-01,6.452025219368749953e-01,6.486099055888561171e-01,6.521669373437567474e-01,6.558727658504915903e-01,6.597261486956190746e-01,6.637257217767715822e-01,6.678700285395742231e-01,6.721575274732246585e-01,6.765865941880112588e-01,6.811555215389070161e-01,6.858625188420118812e-01,6.907057105559136767e-01,6.956831345573003533e-01,7.007927400320055344e-01,7.060323849431769938e-01,7.113998329973255652e-01,7.168927499948445359e-01,7.225086994191496359e-01,7.282451370844704730e-01,7.340994046253953575e-01,7.400687215700960664e-01,7.461501756925764672e-01,7.523407112869769930e-01,7.586371149474738784e-01,7.650359983708230338e-01,7.715337776240184242e-01,7.781266482373256910e-01,7.848105553935972312e-01,7.915811583898341164e-01,7.984337884496808257e-01,8.053633988718924552e-01,8.123645064188379505e-01,8.194311227970507705e-01,8.265566750825057429e-01,8.337339140358488443e-01,8.409548094966909915e-01,8.482104325342578743e-01,8.554908249084232086e-01,8.627848578849695027e-01,8.700800849045893237e-01,8.773625965861878706e-01,8.846168929506014189e-01
1.021969696969696972e+00,8.837763689555934166e-01,8.765293284547741592e-01,8.692647662589720881e-01,8.619963897756713900e-01,8.547366092522455938e-01,8.474966137289827728e-01,8.402864737829445207e-01,8.331152543134150434e-01,8.259911274264180037e-01,8.189214797536995549e-01,8.119130112253971632e-01,8.049718239844245726e-01,7.981035011497301657e-01,7.913131757385827303e-01,7.846055903941967502e-01,7.779851487326845394e-01,7.714559591848558773e-01,7.650218722056697507e-01,7.586865116838004131e-01,7.524533013226416545e-01,7.463254866938556775e-01,7.403061535914629010e-01,7.343982432430736784e-01,7.286045648673522557e-01,7.229278060044207477e-01,7.173705409892965346e-01,7.119352378874550524e-01,7.066242641661129031e-01,7.014398913343926623e-01,6.963842987494608394e-01,6.914595767537559112e-01,6.866677292791205645e-01,6.820106760266344548e-01,6.774902543036062097e-01,6.731082205685636755e-01,6.688662516924770429e-01,6.647659458683595757e-01,6.608088229252145895e-01,6.569963232777279449e-01,6.533298026510716561e-01,6.498105061933585613e-01,6.464386742331214020e-01,6.432167943732685078e-01,6.401460492878920938e-01,6.372271711980448394e-01,6.344610577375601190e-01,6.318485701067774185e-01,6.293905136108982612e-01,6.270876338623255775e-01,6.249406169171988212e-01,6.229500911080916303e-01,6.211166299697976623e-01,6.194407559919867801e-01,6.179229449149895581e-01,6.165636301362588112e-01,6.153632066198858608e-01,6.143220335936648846e-01,6.134404353654904218e-01,6.127186998448593824e-01,6.121570747948572588e-01,6.117557623633789188e-01,6.115149128948887958e-01,6.114346192613973052e-01,6.115149128948895729e-01,6.117557623633798070e-01,6.121570747948557045e-01,6.127186998448583832e-01,6.134404353654901998e-01,6.143220335936639964e-01,6.153632066198869710e-01,6.165636301362575900e-01,6.179229449149897802e-01,6.194407559919857809e-01,6.211166299697961080e-01,6.229500911080920744e-01,6.249406169171994874e-01,6.270876338623249113e-01,6.293905136108992604e-01,6.318485701067781957e-01,6.344610577375621174e-01,6.372271711980447284e-01,6.401460492878909836e-01,6.432167943732688409e-01,6.464386742331210689e-01,6.498108984076970129e-01,6.533302781137273474e-01,6.569968084808217590e-01,6.608092863689919438e-01,6.647663726787956806e-01,6.688666352976059271e-01,6.731085589319221185e-01,6.774905479490216376e-01,6.820109269167197175e-01,6.866679401494875101e-01,6.914597507086831518e-01,6.963844390148175023e-01,7.014400011081775022e-01,7.066243465308215121e-01,7.119352957620453948e-01,7.173705771066637427e-01,7.229278229051980809e-01,7.286045649041080763e-01,7.343982285909441687e-01,7.403061262626676742e-01,7.463254485543883154e-01,7.524532541100527050e-01,7.586864570254124862e-01,7.650218116368058263e-01,7.714558941668906433e-01,7.779850806708055178e-01,7.846055206548786520e-01,7.913131056668681884e-01,7.981034320863413800e-01,8.049717572828417600e-01,8.119129482690360389e-01,8.189214219732102729e-01,8.259910763172662040e-01,8.331152114536758413e-01,8.402864408513366357e-01,8.474965925229512864e-01,8.547366017057617116e-01,8.619963979762479411e-01,8.692647924629656186e-01,8.765293750995684086e-01,8.837764386665237781e-01
1.025757575757575868e+00,8.829862539890293016e-01,8.757416519358192097e-01,8.684899899303399895e-01,8.612432722579654865e-01,8.540124812696973100e-01,8.468076045226922144e-01,8.396376979917410388e-01,8.325109666657560803e-01,8.254348511206921479e-01,8.184161132678836603e-01,8.114609174011908621e-01,8.045749045167468472e-01,7.977632590387624401e-01,7.910307677976217144e-01,7.843818715304141653e-01,7.778207094114349962e-01,7.713511572382228954e-01,7.649768599414392689e-01,7.587012590833929204e-01,7.525276159790551533e-01,7.464590310274419327e-01,7.404984597883067510e-01,7.346487262838381493e-01,7.289125339510656998e-01,7.232924746192679333e-01,7.177910358390217072e-01,7.124106068461756314e-01,7.071534834044309603e-01,7.020218717351207616e-01,6.970178917107379135e-01,6.921435794602674996e-01,6.874008895079977144e-01,6.827916965422776707e-01,6.783177968850406803e-01,6.739809097018600870e-01,6.697826779465836378e-01,6.657246689461746580e-01,6.618083743114926421e-01,6.580352081544093013e-01,6.544064994632537990e-01,6.509234489328364903e-01,6.475861610610459396e-01,6.443977118222824485e-01,6.413586517671253651e-01,6.384698515546916031e-01,6.357322158689090452e-01,6.331466043283183742e-01,6.307138199245503341e-01,6.284346067479723574e-01,6.263096503926293135e-01,6.243395796061852465e-01,6.225249687654617059e-01,6.208663409778518716e-01,6.193641715920655821e-01,6.180188917930079517e-01,6.168308918276358410e-01,6.158005233266115042e-01,6.149281002151711917e-01,6.142138978847719866e-01,6.136581506172872347e-01,6.132610476470730099e-01,6.130227286021543431e-01,6.129432792689453180e-01,6.130227286021548982e-01,6.132610476470724548e-01,6.136581506172850142e-01,6.142138978847748731e-01,6.149281002151709696e-01,6.158005233266115042e-01,6.168308918276353969e-01,6.180188917930083958e-01,6.193641715920652491e-01,6.208663409778537590e-01,6.225249687654594855e-01,6.243395796061848024e-01,6.263096503926299796e-01,6.284346067479705811e-01,6.307138199245510002e-01,6.331466043283170420e-01,6.357322158689094893e-01,6.384698515546926023e-01,6.413586517671238107e-01,6.443977118222802281e-01,6.475861610610457175e-01,6.509237537109786587e-01,6.544069167717437852e-01,6.580356484635950798e-01,6.618088019930158383e-01,6.657250670768281031e-01,6.697830386045510176e-01,6.739812298381557820e-01,6.783180762179493728e-01,6.827919363760865945e-01,6.874010920335789088e-01,6.921437473285295683e-01,6.970180277692159532e-01,7.020219788657303672e-01,7.071535644254208774e-01,7.124106644555502355e-01,7.177910725848458684e-01,7.232924928874789883e-01,7.289125359646525526e-01,7.346487141092093998e-01,7.404984353462331637e-01,7.464589961067011892e-01,7.525275722516182597e-01,7.587012081204190794e-01,7.649768032295610753e-01,7.713510961959032519e-01,7.778206454052017937e-01,7.843818058909619584e-01,7.910307018357749520e-01,7.977631940613513217e-01,8.045748418424492066e-01,8.114608583764256755e-01,8.184160592827967040e-01,8.254348036252620036e-01,8.325109271860126059e-01,8.396376681459737368e-01,8.468075860374594255e-01,8.540124759952438804e-01,8.612432821824183016e-01,8.684900171917148137e-01,8.757416988303068361e-01,8.829863229732967111e-01
1.029545454545454763e+00,8.822451054129468728e-01,8.749983086753509998e-01,8.677547727180497938e-01,8.605248626205859175e-01,8.533181845394022247e-01,8.461435656319862275e-01,8.390090793878125508e-01,8.319220955796583494e-01,8.248893418923346488e-01,8.179169692728536223e-01,8.110106162361063742e-01,8.041754694035094797e-01,7.974163188562505278e-01,7.907376077077963306e-01,7.841434758102807656e-01,7.776377978143148573e-01,7.712242159735692715e-01,7.649061681713932304e-01,7.586869116777569255e-01,7.525695431420508230e-01,7.465570153040482770e-01,7.406521508709665857e-01,7.348576539685220954e-01,7.291761195322408184e-01,7.236100409642282072e-01,7.181618163412100131e-01,7.128337534232731532e-01,7.076280736789428705e-01,7.025469155117166631e-01,6.975923368452143780e-01,6.927663171986656598e-01,6.880707593606582018e-01,6.835074907458251747e-01,6.790782644943473834e-01,6.747847603423683394e-01,6.706285852411507653e-01,6.666112735972272718e-01,6.627342867251053704e-01,6.589990101279453727e-01,6.554067423205327536e-01,6.519586118495830362e-01,6.486548183168447945e-01,6.454985295747640572e-01,6.424900534597969282e-01,6.396303037811263970e-01,6.369201845273677609e-01,6.343605502974228871e-01,6.319521991161302088e-01,6.296958710906818135e-01,6.275922489579355279e-01,6.256419595697039204e-01,6.238455760158018171e-01,6.222036202311767017e-01,6.207165659177862338e-01,6.193848415308674804e-01,6.182088329839456886e-01,6.171888856650382671e-01,6.163253053751495125e-01,6.156183579297608288e-01,6.150682674020705454e-01,6.146752132855823891e-01,6.144393271317055705e-01,6.143606893849793416e-01,6.144393271317069027e-01,6.146752132855810569e-01,6.150682674020702123e-01,6.156183579297601627e-01,6.163253053751502897e-01,6.171888856650409316e-01,6.182088329839453555e-01,6.193848415308684796e-01,6.207165659177840134e-01,6.222036202311771458e-01,6.238455760158025942e-01,6.256419595697029212e-01,6.275922489579365271e-01,6.296958710906794821e-01,6.319521991161264340e-01,6.343605502974232202e-01,6.369201845273686491e-01,6.396303037811259529e-01,6.424900534597940416e-01,6.454985295747650564e-01,6.486548183168443504e-01,6.519588189679149659e-01,6.554071043186039391e-01,6.589994089287244394e-01,6.627346816862803580e-01,6.666116456260967604e-01,6.706289250882783159e-01,6.747850640011680001e-01,6.790785309365613420e-01,6.835077206718698228e-01,6.880709544641413489e-01,6.927664797174404310e-01,6.975924692821972029e-01,7.025470204606691915e-01,7.076281537169214486e-01,7.128338110462431043e-01,7.181618539279120972e-01,7.236100607586004596e-01,7.291761236380551736e-01,7.348576443519534429e-01,7.406521293682880591e-01,7.465569836325158803e-01,7.525695029127756897e-01,7.586868644096377290e-01,7.649061153056599949e-01,7.712241588885804244e-01,7.776377378404072394e-01,7.841434142446005451e-01,7.907375458290605286e-01,7.974162579394717953e-01,8.041754107347112157e-01,8.110105611270399528e-01,8.179169190757600294e-01,8.248892980147124465e-01,8.319220594990338613e-01,8.390090526662900006e-01,8.461435499303646690e-01,8.533181816304294953e-01,8.605248744005996597e-01,8.677548012160147817e-01,8.749983560576145569e-01,8.822451739814016758e-01
1.033333333333333437e+00,8.815479372391340496e-01,8.742941541728487254e-01,8.670538933240433677e-01,8.598359233847576721e-01,8.526485099050870042e-01,8.454993484001949167e-01,8.383955525597033276e-01,8.313436744243131171e-01,8.243497419262113546e-01,8.174193046226668757e-01,8.105574819442366019e-01,8.037690105347513603e-01,7.970582887183835785e-01,7.904294170670156383e-01,7.838862346383072000e-01,7.774323508273628391e-01,7.710711729995374242e-01,7.648059301997776060e-01,7.586396932983195951e-01,7.525753919566561256e-01,7.466158287960854567e-01,7.407636911345656383e-01,7.350215606316472527e-01,7.293919211516758372e-01,7.238771651236670657e-01,7.184795986450658312e-01,7.132014455465823799e-01,7.080448506069749737e-01,7.030118820805456581e-01,6.981045336758218145e-01,6.933247261014583440e-01,6.886743082739402722e-01,6.841550582600925967e-01,6.797686840030768840e-01,6.755168238475577347e-01,6.714010468225354300e-01,6.674228525118781619e-01,6.635836699748220990e-01,6.598848537856638607e-01,6.563276671046003319e-01,6.529129992399115290e-01,6.496417243078776993e-01,6.465164082879416574e-01,6.435374274054340704e-01,6.407057091081919120e-01,6.380221517000436160e-01,6.354876020839733686e-01,6.331028511375667023e-01,6.308686329447662500e-01,6.287856254058423744e-01,6.268544515718934562e-01,6.250756814831220920e-01,6.234498343899429473e-01,6.219773812218404307e-01,6.206587471071552953e-01,6.194943136748128909e-01,6.184844208220702244e-01,6.176293676454569503e-01,6.169294123291251264e-01,6.163847709651911755e-01,6.159956155103127884e-01,6.157620713002226465e-01,6.156842146790064696e-01,6.157620713002206481e-01,6.159956155103109010e-01,6.163847709651929518e-01,6.169294123291256815e-01,6.176293676454570614e-01,6.184844208220728889e-01,6.194943136748118917e-01,6.206587471071548512e-01,6.219773812218400977e-01,6.234498343899425032e-01,6.250756814831220920e-01,6.268544515718930121e-01,6.287856254058407091e-01,6.308686329447665830e-01,6.331028511375680345e-01,6.354876020839763662e-01,6.380221517000429499e-01,6.407057091081874711e-01,6.435374274054345145e-01,6.465164082879402141e-01,6.496417243078780324e-01,6.529130342598032932e-01,6.563279750691717318e-01,6.598852137027901854e-01,6.635840347193870947e-01,6.674232006032982945e-01,6.714013676687577981e-01,6.755171125178706104e-01,6.797689387668797156e-01,6.841552792573502018e-01,6.886744967400245665e-01,6.933248838948716797e-01,6.981046629834014583e-01,7.030119852317742168e-01,7.080449299575232169e-01,7.132015034067580306e-01,7.184796372377687534e-01,7.238771865619099133e-01,7.293919274291109645e-01,7.350215536216702095e-01,7.407636725950753620e-01,7.466158003778733399e-01,7.525753552141135616e-01,7.586396497015641671e-01,7.648058811475533236e-01,7.710711198326025695e-01,7.774322948420592239e-01,7.838861771002059164e-01,7.904293592245983380e-01,7.970582318167094282e-01,8.037689558290954661e-01,8.105574307137456413e-01,8.174192581839854199e-01,8.243497016470405780e-01,8.313436417368216258e-01,8.383955289735651739e-01,8.454993355149912349e-01,8.526485094215624505e-01,8.598359371141557350e-01,8.670539231944238701e-01,8.742942022306671168e-01,8.815480056435976985e-01
